# Blender 4.5.2 LTS
# www.blender.org
mtllib Sin_nombre.mtl
o torso
v -0.001400 1.999700 -0.076200
v -0.001400 1.968500 0.251900
v 0.222400 1.968500 0.233800
v 0.419200 1.968500 0.181800
v 0.565300 1.968500 0.102200
v 0.643000 1.968500 0.004400
v 0.643000 1.968500 -0.128200
v 0.565300 1.968500 -0.225900
v 0.419200 1.968500 -0.357400
v 0.222400 1.968500 -0.375300
v -0.001400 1.968500 -0.393300
v -0.225200 1.968500 -0.375300
v -0.422000 1.968500 -0.357400
v -0.568000 1.968500 -0.225900
v -0.645700 1.968500 -0.128200
v -0.645700 1.968500 0.004500
v -0.568000 1.968500 0.102200
v -0.422000 1.968500 0.181800
v -0.225200 1.968500 0.233800
v -0.001400 1.827500 0.515200
v 0.302400 1.827500 0.481300
v 0.569600 1.827500 0.383600
v 0.767800 1.827500 0.233800
v 0.873300 1.827500 0.050200
v 0.873300 1.827500 -0.173900
v 0.767800 1.827500 -0.375300
v 0.569600 1.827500 -0.525000
v 0.302400 1.827500 -0.603900
v -0.001400 1.827500 -0.637900
v -0.305200 1.827500 -0.603900
v -0.572300 1.827500 -0.525000
v -0.770600 1.827500 -0.375300
v -0.876100 1.827500 -0.173900
v -0.876100 1.827500 0.050200
v -0.770600 1.827500 0.233800
v -0.572300 1.827500 0.383600
v -0.305200 1.827500 0.481300
v -0.001400 1.601500 0.710700
v 0.343200 1.601500 0.664900
v 0.646200 1.601500 0.533300
v 0.871100 1.601500 0.331600
v 0.990700 1.601500 0.084100
v 0.990700 1.601500 -0.207800
v 0.871100 1.601500 -0.473000
v 0.646200 1.601500 -0.655900
v 0.343200 1.601500 -0.787600
v -0.001400 1.601500 -0.833300
v -0.345900 1.601500 -0.787600
v -0.648900 1.601500 -0.655900
v -0.873800 1.601500 -0.473000
v -0.993500 1.601500 -0.207800
v -0.993500 1.601500 0.084100
v -0.873800 1.601500 0.331600
v -0.648900 1.601500 0.533300
v -0.345900 1.601500 0.664900
v -0.001400 1.139000 0.814300
v 0.359900 1.139000 0.762300
v 0.677500 1.139000 0.612600
v 0.913300 1.139000 0.383200
v 1.038800 1.139000 0.101800
v 1.038800 1.139000 -0.225900
v 0.913300 1.139000 -0.527800
v 0.677500 1.139000 -0.757200
v 0.359900 1.139000 -0.906900
v -0.001400 1.139000 -0.958900
v -0.362600 1.139000 -0.906900
v -0.680300 1.139000 -0.757200
v -0.916100 1.139000 -0.527800
v -1.041600 1.139000 -0.225900
v -1.041600 1.139000 0.101800
v -0.916100 1.139000 0.383200
v -0.680300 1.139000 0.612600
v -0.362600 1.139000 0.762300
v -0.001400 0.481600 0.937800
v 0.364500 0.522400 0.853600
v 0.686200 0.523300 0.716300
v 0.925000 0.523300 0.446200
v 1.026000 0.523300 0.153800
v 1.026000 0.523300 -0.231700
v 0.925000 0.523300 -0.524100
v 0.686200 0.523300 -0.762400
v 0.364500 0.523300 -0.918000
v -0.001400 0.523300 -0.972000
v -0.367200 0.523300 -0.918000
v -0.689000 0.523300 -0.762400
v -0.927800 0.523300 -0.524100
v -1.028800 0.523300 -0.231700
v -1.028800 0.523300 0.153800
v -0.927800 0.523300 0.446200
v -0.689000 0.523300 0.716300
v -0.367200 0.522400 0.853600
v 0.613500 0.409400 0.687400
v 0.827100 0.409400 0.437900
v 0.989200 0.409400 0.164500
v 0.989200 0.409400 -0.242400
v 0.915400 0.409400 -0.554800
v 0.679100 0.409400 -0.792400
v 0.360700 0.409400 -0.931500
v -0.001400 0.409400 -0.989300
v -0.363500 0.409400 -0.931500
v -0.681900 0.409400 -0.809400
v -0.918200 0.409400 -0.554800
v -0.992000 0.409400 -0.242400
v -0.992000 0.409400 0.164500
v -0.829900 0.409400 0.437900
v -0.616300 0.409400 0.687400
v 0.801800 0.146300 0.468400
v 0.866400 0.146300 0.161500
v 0.866400 0.146300 -0.239400
v 0.801800 0.146300 -0.546300
v 0.594700 0.146300 -0.728100
v 0.315800 0.146300 -0.836400
v -0.001400 0.146300 -0.893100
v -0.318600 0.146300 -0.836400
v -0.597500 0.146300 -0.728100
v -0.804500 0.146300 -0.546300
v -0.869200 0.146300 -0.239400
v -0.869200 0.146300 0.161500
v -0.804500 0.146300 0.468400
v -0.788800 0.300000 0.622600
v -0.445000 0.279500 0.831100
v -0.487300 0.525700 0.889100
v 0.008100 0.222900 0.894400
v 0.492000 0.218100 0.798100
v 0.537400 0.460700 0.855900
v 0.778200 0.182000 0.564500
v 0.968300 0.180400 0.252400
v 0.828100 0.430800 0.614800
v 1.002800 0.409800 -0.502800
v 0.953300 0.618400 -0.517400
v 1.031000 0.642800 -0.320800
v 0.714200 0.222300 -0.783000
v 0.402200 0.267000 -0.980600
v 0.438400 0.427700 -0.969500
v -0.844500 0.338400 -0.726900
v -1.028000 0.366200 -0.414200
v -0.950000 0.613900 -0.555600
v -1.104300 0.346000 -0.040000
v -1.004000 0.346000 0.327600
v -1.094400 0.529700 0.151500
v -0.635300 -0.360600 0.193900
v -0.622800 -0.360600 0.190300
v -0.399800 -0.143000 0.467700
v -0.769800 0.073800 0.542000
v -0.029000 -0.175400 0.615800
v 0.342200 -0.190000 0.442500
v 0.420400 0.008100 0.704100
v 0.414900 -0.422600 -0.007400
v 0.402900 -0.422600 -0.014000
v 0.273500 -0.152500 -0.898100
v 0.664800 -0.003300 -0.779800
v -0.099600 -0.141100 -0.876600
v -0.468500 -0.105500 -0.882900
v -0.034100 0.061300 -1.021300
v -0.677700 -0.360600 0.088300
v -0.678300 -0.348400 0.091500
v -0.663100 -0.360600 0.081400
v -0.326300 -0.258400 0.420500
v -0.609100 -0.360600 0.184900
v -0.600100 -0.360600 0.177300
v -0.234000 -0.337800 0.345400
v -0.065800 -0.319600 0.249700
v 0.133600 -0.353100 0.331700
v -0.133300 -0.247600 0.438500
v 0.387900 -0.422600 -0.013800
v 0.379000 -0.422600 -0.003400
v 0.101900 -0.431600 -0.467100
v 0.178000 -0.314000 -0.687100
v -0.095500 -0.392400 -0.431900
v -0.240800 -0.406200 -0.453400
v -0.013500 -0.283500 -0.661300
v -0.190800 -0.432800 -0.296000
v 0.367300 -0.422600 0.004000
v 0.360000 -0.422600 0.015500
v -0.003000 -0.431500 -0.301700
v 0.012800 -0.402100 0.079300
v -0.571700 -0.360600 0.137500
v -0.174600 -0.398800 0.086000
v -0.576600 -0.360600 0.159300
v 0.851800 0.608600 -0.638300
v 0.757500 0.597100 -0.727100
v -0.774100 0.552100 0.674700
v -0.615000 0.668800 0.798100
v -0.793400 0.668800 0.679900
v 0.048900 0.476900 0.953700
v 0.452800 0.668800 0.891500
v 0.040800 0.668800 0.951800
v 1.066700 0.475700 0.286600
v 1.030600 0.668800 0.299500
v 0.882000 0.668800 0.580500
v 1.054200 0.434500 -0.307500
v 1.080300 0.668800 -0.121500
v 1.081600 0.668800 -0.110600
v 1.096200 0.425500 0.071000
v 0.736900 0.389600 -0.828000
v 0.448500 0.619000 -0.948200
v -0.308300 0.426800 -1.005700
v -0.050000 0.630600 -1.018600
v 0.176300 0.396200 -0.992300
v 0.206300 0.620500 -1.011400
v -1.029600 0.597000 0.369500
v -1.024600 0.668800 0.370200
v -1.051700 0.668800 0.290900
v -1.044800 0.650000 -0.381300
v -1.050800 0.527100 -0.399500
v -1.089900 0.668800 -0.210800
v -1.087400 0.668800 -0.225000
v -0.442600 0.061400 0.736500
v 0.048700 0.010700 0.757300
v 0.721400 -0.037600 0.487100
v 0.451600 -0.422600 0.071400
v 1.037900 0.173000 -0.123100
v 0.451200 -0.422600 0.073600
v 0.342700 0.051300 -0.978200
v -0.523200 0.107400 -0.909400
v -0.566100 0.329100 -0.950300
v -0.085800 0.286500 -1.046300
v -0.785700 0.108700 -0.691500
v -0.691200 -0.349400 0.116400
v -0.679200 -0.360600 0.091000
v 0.229700 -0.284900 0.402400
v 0.400000 -0.422600 0.094600
v 0.406300 -0.422600 0.097700
v -0.379600 -0.279700 -0.669500
v -0.625100 -0.360600 0.048700
v -0.631400 -0.360600 0.046200
v -0.469600 0.668800 0.902200
v 0.536300 0.668800 0.873000
v 0.578100 0.668800 0.837800
v 1.073300 0.668800 -0.159800
v 0.931100 0.200700 -0.489500
v -0.319800 0.631400 -0.985200
v -0.557300 0.614900 -0.952000
v -0.729000 0.597400 -0.838600
v -1.066400 0.668800 0.013700
v -1.069800 0.668800 -0.085000
v -1.086100 0.540200 -0.225600
v -0.674800 -0.351000 0.184200
v -0.674800 -0.360600 0.180700
v -0.662200 -0.360600 0.187700
v 0.445700 -0.422600 0.090400
v 0.447600 -0.422600 0.088900
v 0.419400 -0.422600 0.100400
v 0.444100 -0.422600 0.021600
v 0.450300 -0.422600 0.034700
v 0.442800 -0.422600 0.019600
v -0.641800 -0.360600 0.055400
v -0.685800 -0.350800 0.168500
v -0.685500 -0.360600 0.165600
v -0.617400 -0.360600 0.186700
v 0.380700 -0.422600 0.082300
v 0.369400 -0.422600 0.076800
v 0.396000 -0.422600 -0.010900
v -0.592900 -0.360600 0.055400
v -0.578800 -0.360600 0.063200
v -0.574000 -0.360600 0.076100
v -0.572100 -0.360600 0.085600
v -0.093400 -0.421600 -0.129800
v -0.563500 -0.360600 0.101200
v 0.358100 -0.422600 0.022700
v 0.352200 -0.422600 0.034600
v 0.353200 -0.422600 0.038400
v 0.361900 -0.422600 0.060300
v 0.360500 -0.422600 0.052700
v -0.571200 -0.360600 0.125700
v -0.563900 -0.360600 0.106500
v 0.569200 0.596300 -0.853600
v 0.678200 0.605500 -0.790400
v -0.956900 0.668800 0.477500
v -0.130200 0.668800 0.925900
v 0.826500 0.668800 0.664400
v 1.066500 0.668800 0.085100
v 1.060000 0.668800 0.128300
v -1.071600 0.668800 0.166300
v -1.099100 0.668800 -0.208400
v -0.954100 0.628700 -0.559200
v -0.691000 -0.360600 0.116200
v -0.685800 -0.360600 0.164900
v -0.690800 -0.360600 0.113600
v -0.589100 -0.360600 0.172400
v 0.385700 -0.422600 0.084100
v 0.392900 -0.422600 0.089400
v 0.375500 -0.422600 -0.003600
v -0.594900 -0.360600 0.058800
v -0.610100 -0.360600 0.048900
v -0.547500 0.517000 0.930400
v -0.547500 0.754500 0.896400
v -1.174600 0.754500 0.441100
v -1.189000 0.517000 0.441100
v -0.547500 0.994700 0.859100
v -1.145300 0.991900 0.441100
v -0.547500 1.284000 0.792200
v -1.131100 1.228500 0.421700
v -0.640100 1.481200 0.706400
v -1.131100 1.469900 0.351300
v -0.706700 1.716600 0.506500
v -1.065400 1.843400 0.288100
v -0.777400 1.965500 -0.009700
v -1.244800 0.754500 -0.233000
v -1.260000 0.517000 -0.233000
v -1.147300 1.311000 0.243900
v -1.149700 1.228700 0.241600
v -1.146200 1.469200 0.220800
v -1.145500 1.448000 0.240000
v -1.107200 1.848500 -0.062600
v -1.209500 1.657800 0.121900
v -1.179800 1.568400 0.188800
v -0.823100 1.965300 -0.207200
v -1.111000 1.855500 -0.243700
v -1.090000 1.877200 -0.205900
v -0.959900 0.754500 -0.763800
v -0.959900 0.517000 -0.804100
v -1.231300 0.857400 -0.233000
v -1.185400 0.916500 -0.312000
v -1.127300 0.991900 -0.410300
v -0.959900 0.991900 -0.754000
v -1.097900 1.034500 -0.465800
v -1.087000 1.174000 -0.473000
v -1.071800 1.229300 -0.498800
v -0.959900 1.229300 -0.733200
v -1.048100 1.311000 -0.536800
v -1.053600 1.448000 -0.512000
v -1.060100 1.466700 -0.495100
v -0.959900 1.466700 -0.684600
v -1.111800 1.568400 -0.461500
v -1.153300 1.657800 -0.408800
v -0.959900 1.704200 -0.557200
v -0.603000 2.036400 -0.462800
v -0.413600 0.754500 -1.032700
v -0.413600 0.517000 -1.073000
v -0.413600 0.991900 -1.022900
v -0.413600 1.229300 -1.002200
v -0.413600 1.466700 -0.953600
v -0.413600 1.704200 -0.826100
v -0.272100 1.895700 -0.605200
v 0.290000 0.754500 -1.032700
v 0.290000 0.517000 -1.073000
v 0.290000 0.991900 -1.022900
v 0.290000 1.229300 -1.002200
v 0.290000 1.466700 -0.953600
v 0.290000 1.704200 -0.826100
v 0.154100 1.895700 -0.605200
v 0.836200 0.754500 -0.763800
v 0.836200 0.517000 -0.804100
v 0.836200 0.991900 -0.754000
v 0.836200 1.229300 -0.733200
v 0.836200 1.466700 -0.684600
v 0.836200 1.704200 -0.557200
v 0.485000 2.036400 -0.462800
v 1.132100 0.754500 -0.233000
v 1.147100 0.517000 -0.233000
v 1.011200 0.991900 -0.410300
v 1.071300 0.916500 -0.312000
v 1.118800 0.857400 -0.233000
v 0.980500 1.034500 -0.465800
v 0.969500 1.174000 -0.473000
v 0.953600 1.229300 -0.498800
v 0.928800 1.311000 -0.536800
v 0.934500 1.448000 -0.512000
v 0.941300 1.466700 -0.495100
v 0.994600 1.568400 -0.461500
v 1.037100 1.657800 -0.408800
v 1.024300 1.855500 -0.243700
v 1.128186 0.754500 0.441100
v 1.142786 0.517000 0.441100
v 1.097000 0.916500 0.039300
v 1.081700 0.991900 0.150100
v 1.066700 0.991900 0.441100
v 1.113900 0.830700 -0.075300
v 1.120300 0.830700 -0.197300
v 1.075700 1.034500 0.212600
v 1.052400 1.228500 0.421700
v 1.065400 1.174000 0.240000
v 1.061800 1.228700 0.241600
v 1.060600 1.311000 0.243900
v 1.052400 1.469900 0.351300
v 1.059700 1.448000 0.240000
v 1.060000 1.469200 0.220800
v 1.089700 1.568400 0.188800
v 1.010600 1.843400 0.288100
v 1.015100 1.802500 0.063900
v 1.032000 1.848500 -0.062600
v 0.710500 1.965300 -0.207200
v 1.008600 1.877200 -0.205900
v 0.688100 1.951300 -0.009700
v 0.501286 0.754500 0.896400
v 0.501286 0.517000 0.930400
v 0.469600 0.994700 0.859100
v 0.469600 1.284000 0.792200
v 0.562200 1.481200 0.706400
v 0.667700 1.720500 0.506500
v 0.730400 1.893600 0.322500
v -1.230900 0.830700 -0.197300
v -1.218400 0.830700 -0.075300
v -1.174800 0.991900 0.150100
v -1.195700 0.916500 0.039300
v -1.165500 1.034500 0.212600
v -1.153600 1.174000 0.240000
vn -0.0000 1.0000 -0.0011
vn 0.0021 0.9539 0.3001
vn 0.0566 0.9519 0.3010
vn 0.1230 0.9478 0.2944
vn 0.2044 0.9441 0.2585
vn 0.3110 0.9447 0.1041
vn 0.3094 0.9458 -0.0990
vn 0.2136 0.9539 -0.2108
vn 0.1433 0.9378 -0.3161
vn 0.0290 0.9500 -0.3108
vn -0.0024 0.9483 -0.3172
vn -0.0268 0.9491 -0.3137
vn -0.1434 0.9378 -0.3161
vn -0.2136 0.9539 -0.2107
vn -0.3093 0.9458 -0.0989
vn -0.3109 0.9447 0.1041
vn -0.2056 0.9492 0.2383
vn -0.1165 0.9525 0.2815
vn -0.0519 0.9541 0.2950
vn 0.0013 0.7710 0.6369
vn 0.1553 0.7627 0.6278
vn 0.3330 0.7364 0.5889
vn 0.5426 0.6954 0.4711
vn 0.7183 0.6696 0.1889
vn 0.7205 0.6711 -0.1744
vn 0.5518 0.6969 -0.4580
vn 0.3309 0.7034 -0.6291
vn 0.1388 0.7406 -0.6574
vn -0.0015 0.7614 -0.6483
vn -0.1208 0.7500 -0.6503
vn -0.3359 0.7164 -0.6115
vn -0.5528 0.6997 -0.4525
vn -0.7205 0.6712 -0.1744
vn -0.7182 0.6697 0.1888
vn -0.5510 0.6982 0.4571
vn -0.3222 0.7350 0.5967
vn -0.1538 0.7586 0.6332
vn -0.0000 0.4398 0.8981
vn 0.2434 0.4269 0.8709
vn 0.4961 0.3901 0.7757
vn 0.7488 0.3391 0.5695
vn 0.9293 0.2970 0.2194
vn 0.9325 0.2963 -0.2065
vn 0.7468 0.3351 -0.5745
vn 0.4787 0.3897 -0.7867
vn 0.2414 0.4467 -0.8615
vn -0.0000 0.4601 -0.8879
vn -0.2324 0.4370 -0.8689
vn -0.4887 0.3754 -0.7876
vn -0.7496 0.3315 -0.5728
vn -0.9325 0.2963 -0.2067
vn -0.9293 0.2969 0.2195
vn -0.7570 0.3347 0.5612
vn -0.4870 0.3878 0.7826
vn -0.2434 0.4268 0.8709
vn -0.0000 0.1890 0.9820
vn 0.2794 0.1794 0.9433
vn 0.5679 0.1553 0.8083
vn 0.8189 0.1007 0.5650
vn 0.9770 0.0554 0.2057
vn 0.9790 0.0480 -0.1983
vn 0.8213 0.0814 -0.5647
vn 0.5603 0.1173 -0.8199
vn 0.2831 0.1341 -0.9497
vn -0.0000 0.1405 -0.9901
vn -0.2822 0.1351 -0.9498
vn -0.5609 0.1183 -0.8194
vn -0.8183 0.0868 -0.5682
vn -0.9796 0.0534 -0.1938
vn -0.9770 0.0554 0.2057
vn -0.8243 0.1030 0.5567
vn -0.5591 0.1599 0.8135
vn -0.2794 0.1794 0.9433
vn -0.0000 0.1846 0.9828
vn 0.2812 0.1558 0.9469
vn 0.6378 -0.1258 0.7599
vn 0.8207 -0.2420 0.5175
vn 0.9758 -0.1395 0.1686
vn 0.9754 -0.1490 -0.1626
vn 0.8699 0.0130 -0.4930
vn 0.5846 0.0934 -0.8059
vn 0.2885 0.0683 -0.9550
vn -0.0000 0.0828 -0.9966
vn -0.2783 0.0752 -0.9575
vn -0.5921 0.1407 -0.7935
vn -0.8676 0.0071 -0.4973
vn -0.9753 -0.1547 -0.1576
vn -0.9758 -0.1395 0.1686
vn -0.8226 -0.2495 0.5111
vn -0.6314 -0.1333 0.7639
vn -0.2812 0.1558 0.9469
vn 0.6370 -0.5449 0.5453
vn 0.7597 -0.4700 0.4493
vn 0.9026 -0.3766 0.2088
vn 0.9307 -0.3403 -0.1339
vn 0.8592 -0.1510 -0.4888
vn 0.5588 -0.0869 -0.8247
vn 0.2712 -0.1259 -0.9543
vn -0.0000 -0.1018 -0.9948
vn -0.2550 -0.1307 -0.9581
vn -0.5547 -0.0549 -0.8302
vn -0.8642 -0.1473 -0.4811
vn -0.9307 -0.3403 -0.1339
vn -0.9026 -0.3766 0.2088
vn -0.7597 -0.4701 0.4493
vn -0.6370 -0.5449 0.5453
vn 0.9762 -0.0700 0.2055
vn 0.9213 -0.3396 0.1896
vn 0.9034 -0.4163 -0.1026
vn 0.7917 -0.3781 -0.4799
vn 0.4816 -0.3617 -0.7982
vn 0.2431 -0.3616 -0.9001
vn -0.0000 -0.3434 -0.9392
vn -0.2431 -0.3616 -0.9001
vn -0.4663 -0.3932 -0.7924
vn -0.7936 -0.3893 -0.4676
vn -0.9034 -0.4164 -0.1026
vn -0.9212 -0.3396 0.1897
vn -0.9761 -0.0704 0.2058
vn -0.6828 -0.2184 0.6972
vn -0.3270 -0.3161 0.8906
vn -0.3670 -0.1343 0.9205
vn 0.0027 -0.3766 0.9264
vn 0.3711 -0.3799 0.8473
vn 0.4230 -0.1728 0.8895
vn 0.6875 -0.3460 0.6385
vn 0.8300 -0.4707 0.2992
vn 0.7204 -0.2039 0.6629
vn 0.8876 -0.0881 -0.4520
vn 0.8232 0.1396 -0.5504
vn 0.9515 0.1106 -0.2869
vn 0.6478 -0.2053 -0.7336
vn 0.3234 -0.0457 -0.9452
vn 0.3160 -0.0019 -0.9488
vn -0.7612 -0.1378 -0.6337
vn -0.9010 -0.2772 -0.3339
vn -0.7836 -0.1485 -0.6032
vn -0.9603 -0.2788 -0.0058
vn -0.8720 -0.2838 0.3989
vn -0.9882 -0.0091 0.1528
vn -0.1459 -0.7023 0.6968
vn 0.1023 -0.8817 0.4605
vn -0.2577 -0.6716 0.6946
vn -0.6274 -0.4937 0.6022
vn -0.1139 -0.7274 0.6767
vn 0.2818 -0.7636 0.5809
vn 0.2790 -0.6136 0.7386
vn 0.2966 -0.8763 -0.3797
vn 0.1541 -0.9440 -0.2916
vn 0.1961 -0.6684 -0.7175
vn 0.6296 -0.5208 -0.5764
vn -0.0254 -0.7054 -0.7084
vn -0.4096 -0.5649 -0.7163
vn -0.0138 -0.3292 -0.9442
vn -0.6457 0.1639 -0.7458
vn -0.7811 -0.3604 -0.5099
vn -0.6818 -0.2953 -0.6693
vn -0.1425 -0.6316 0.7621
vn 0.1114 -0.9535 0.2799
vn 0.0866 -0.9723 0.2170
vn 0.2215 -0.7253 0.6518
vn -0.0477 -0.9333 0.3559
vn -0.0224 -0.8865 0.4621
vn -0.1219 -0.8749 0.4686
vn 0.0722 -0.9917 -0.1061
vn 0.0070 -0.9999 0.0152
vn 0.0654 -0.9495 -0.3070
vn 0.1769 -0.8496 -0.4968
vn -0.0205 -0.9468 -0.3212
vn -0.1291 -0.9474 -0.2929
vn -0.0848 -0.8471 -0.5247
vn -0.0802 -0.9946 -0.0656
vn 0.0141 -0.9998 0.0110
vn 0.0182 -0.9998 0.0072
vn -0.0398 -0.9980 -0.0487
vn -0.0668 -0.9740 0.2165
vn -0.0324 -0.9983 0.0482
vn -0.0141 -0.9811 0.1928
vn 0.0515 -0.9983 0.0275
vn 0.2279 -0.9663 -0.1198
vn 0.5267 0.6016 -0.6006
vn -0.6815 -0.1224 0.7215
vn -0.5877 -0.0383 0.8082
vn -0.6724 -0.1436 0.7261
vn 0.0236 -0.1197 0.9925
vn 0.1947 -0.0705 0.9783
vn -0.0065 0.0096 0.9999
vn 0.9333 -0.0936 0.3466
vn 0.9316 0.1521 0.3303
vn 0.8334 -0.0664 0.5486
vn 0.9723 -0.0847 -0.2179
vn 0.9881 -0.0089 -0.1537
vn 0.9981 0.0203 -0.0575
vn 0.9899 -0.1212 0.0738
vn 0.6211 -0.0363 -0.7829
vn 0.3726 0.1511 -0.9156
vn -0.1364 0.0344 -0.9901
vn -0.0088 -0.0506 -0.9987
vn 0.0880 0.0422 -0.9952
vn 0.0975 -0.0522 -0.9939
vn -0.8845 -0.0694 0.4613
vn -0.8994 0.0584 0.4333
vn -0.9637 0.0563 0.2610
vn -0.9318 0.0948 -0.3503
vn -0.9262 -0.0261 -0.3762
vn -0.6944 0.0475 -0.7181
vn -0.7728 -0.6199 -0.1361
vn -0.2934 -0.5934 0.7495
vn 0.0027 -0.5858 0.8105
vn 0.5920 -0.6272 0.5061
vn 0.7244 -0.6859 0.0697
vn 0.8719 -0.4832 -0.0795
vn 0.7279 -0.6689 0.1506
vn 0.2677 -0.2670 -0.9258
vn -0.4360 -0.2313 -0.8697
vn -0.4266 -0.1278 -0.8954
vn -0.0314 0.0609 -0.9976
vn -0.7378 -0.4672 -0.4872
vn -0.9448 -0.2940 -0.1446
vn -0.8789 0.0841 -0.4696
vn 0.2375 -0.7634 0.6006
vn -0.1897 -0.9311 0.3116
vn -0.0187 -0.8421 0.5390
vn -0.3309 -0.8342 -0.4411
vn 0.0221 -0.9943 -0.1044
vn -0.2828 -0.9095 -0.3047
vn -0.3147 -0.0479 0.9480
vn 0.4331 -0.0680 0.8988
vn 0.6291 -0.0650 0.7746
vn 0.8844 -0.4379 -0.1616
vn 0.8079 -0.4596 -0.3689
vn -0.1333 0.0914 -0.9869
vn -0.3618 0.0269 -0.9319
vn -0.6609 0.0107 -0.7504
vn -0.9866 0.1628 -0.0129
vn -0.9960 0.0376 0.0811
vn -0.9929 -0.0265 -0.1158
vn -0.6058 -0.4258 0.6721
vn -0.6726 -0.2513 0.6960
vn -0.2794 -0.0167 0.9600
vn 0.3041 -0.7805 0.5462
vn 0.6006 -0.7375 0.3088
vn -0.0124 -0.7037 0.7104
vn 0.5934 -0.7547 -0.2798
vn 0.6758 -0.7209 -0.1538
vn 0.4283 -0.8437 -0.3236
vn -0.5352 -0.7437 -0.4006
vn -0.8771 -0.3221 0.3562
vn -0.8007 -0.1924 0.5674
vn 0.1260 -0.9570 0.2614
vn -0.0789 -0.9778 0.1943
vn -0.0726 -0.9870 0.1437
vn -0.0135 -0.9879 -0.1543
vn 0.7968 0.3003 0.5244
vn -0.1017 -0.9936 0.0483
vn -0.1492 -0.9881 0.0381
vn -0.1172 -0.9916 0.0544
vn -0.0396 -0.9958 0.0823
vn -0.1196 -0.9926 0.0187
vn 0.0040 -1.0000 0.0081
vn -0.0022 -1.0000 -0.0000
vn -0.0397 -0.9987 0.0334
vn -0.0576 -0.9982 0.0195
vn -0.0575 -0.9982 0.0182
vn -0.0976 -0.9951 -0.0174
vn -0.1092 -0.9939 -0.0166
vn -0.5041 0.4256 0.7515
vn 0.2049 -0.9550 -0.2145
vn -0.7837 -0.1224 0.6089
vn -0.1195 0.0127 0.9928
vn 0.6964 -0.1419 0.7035
vn 0.9870 0.1139 0.1138
vn 0.9812 0.1314 0.1413
vn -0.9857 0.1543 0.0684
vn -0.8917 -0.0297 -0.4517
vn -0.7848 -0.1835 -0.5920
vn -0.9997 -0.0181 0.0138
vn -0.9941 -0.0354 0.1025
vn -0.9526 0.0416 -0.3014
vn 0.0353 -0.9976 0.0590
vn -0.1042 -0.9522 0.2870
vn -0.2173 -0.9302 0.2959
vn 0.0046 -0.9999 0.0167
vn -0.0004 -0.9961 0.0884
vn -0.0584 -0.9968 -0.0547
vn -0.6026 0.1131 0.7900
vn -0.5921 0.1114 0.7981
vn -0.8634 0.0822 0.4979
vn -0.8692 0.0607 0.4907
vn -0.5733 0.1481 0.8059
vn -0.8471 0.1057 0.5208
vn -0.5519 0.1452 0.8212
vn -0.8397 0.1153 0.5306
vn -0.5483 0.2414 0.8007
vn -0.8337 0.1587 0.5289
vn -0.3853 0.5575 0.7354
vn -0.5152 0.6855 0.5144
vn -0.2348 0.9558 0.1767
vn -0.9788 0.0892 -0.1842
vn -0.9797 0.0651 -0.1894
vn -0.9938 0.0262 0.1080
vn -0.9936 0.0474 0.1027
vn -0.9772 -0.1790 0.1140
vn -0.9918 0.0463 0.1192
vn -0.4699 0.8771 0.0991
vn -0.8647 0.3416 0.3682
vn -0.9074 0.1000 0.4083
vn -0.4171 0.8876 -0.1957
vn -0.3448 0.8021 -0.4877
vn -0.3114 0.9416 -0.1277
vn -0.7006 0.0732 -0.7098
vn -0.6764 0.1232 -0.7262
vn -0.9519 0.1249 -0.2799
vn -0.8912 0.1124 -0.4395
vn -0.8939 0.1040 -0.4360
vn -0.7005 0.0529 -0.7116
vn -0.8980 0.0490 -0.4372
vn -0.9000 0.0448 -0.4336
vn -0.9012 0.0519 -0.4302
vn -0.6998 0.0991 -0.7074
vn -0.9032 0.0497 -0.4263
vn -0.8836 0.0973 -0.4580
vn -0.8707 -0.1730 -0.4604
vn -0.6420 0.2296 -0.7316
vn -0.8451 -0.1190 -0.5212
vn -0.6463 0.4528 -0.6143
vn -0.4956 0.5602 -0.6638
vn -0.3796 0.7110 -0.5920
vn -0.2276 0.1026 -0.9683
vn -0.2186 0.1632 -0.9621
vn -0.2256 0.0622 -0.9722
vn -0.2230 0.1393 -0.9648
vn -0.2119 0.3270 -0.9210
vn -0.1676 0.5847 -0.7938
vn 0.0138 0.7511 -0.6600
vn 0.2277 0.1026 -0.9683
vn 0.2186 0.1632 -0.9621
vn 0.2256 0.0622 -0.9722
vn 0.2231 0.1393 -0.9648
vn 0.2119 0.3270 -0.9210
vn 0.1672 0.5844 -0.7940
vn -0.0140 0.7512 -0.6599
vn 0.6989 0.0790 -0.7108
vn 0.6715 0.1240 -0.7306
vn 0.7000 0.0466 -0.7126
vn 0.6931 0.0998 -0.7138
vn 0.6343 0.2314 -0.7377
vn 0.4853 0.5568 -0.6741
vn 0.3807 0.7056 -0.5977
vn 0.9662 0.0929 -0.2405
vn 0.9675 0.0641 -0.2446
vn 0.8804 0.0581 -0.4707
vn 0.8738 0.0881 -0.4783
vn 0.9438 0.1220 -0.3071
vn 0.8902 0.0493 -0.4530
vn 0.8919 0.0453 -0.4500
vn 0.8929 0.0532 -0.4472
vn 0.8948 0.0516 -0.4434
vn 0.8740 0.1014 -0.4752
vn 0.8611 -0.1743 -0.4776
vn 0.8338 -0.1132 -0.5404
vn 0.6357 0.4276 -0.6426
vn 0.3238 0.7934 -0.5154
vn 0.8851 0.1374 0.4447
vn 0.8923 0.0630 0.4470
vn 0.9897 0.1362 0.0440
vn 0.9921 0.1149 0.0511
vn 0.8543 0.1618 0.4939
vn 0.9061 0.4209 0.0424
vn 0.9879 0.1519 0.0299
vn 0.9966 0.0646 0.0515
vn 0.8526 0.1126 0.5102
vn 0.9966 0.0636 0.0522
vn 0.9979 0.0391 0.0521
vn 0.9984 0.0133 0.0549
vn 0.8560 0.1346 0.4992
vn 0.9979 0.0248 0.0606
vn 0.9827 -0.1761 0.0582
vn 0.9794 0.1005 0.1751
vn 0.6571 0.6239 0.4230
vn 0.9987 -0.0428 0.0279
vn 0.3972 0.9135 0.0877
vn 0.3953 0.8934 -0.2134
vn 0.2808 0.9480 -0.1500
vn 0.2716 0.9581 0.0907
vn 0.5843 0.1435 0.7987
vn 0.6026 0.1131 0.7900
vn 0.5634 0.1927 0.8034
vn 0.5524 0.1451 0.8209
vn 0.5521 0.2094 0.8071
vn 0.4642 0.4086 0.7859
vn 0.2111 0.8604 0.4638
vn -0.9859 0.1302 0.1050
vn -0.9877 0.1194 0.1011
vn -0.9882 0.1162 0.1001
vn -0.9862 0.1367 0.0930
vn -0.9926 0.0680 0.1010
vn -0.9925 0.0656 0.1032
vt 1.000000 0.975300
vt 0.500000 0.937900
vt 0.628000 0.918200
vt 0.691000 0.883900
vt 0.726600 0.856400
vt 0.753400 0.841100
vt 0.785600 0.837800
vt 0.814800 0.846900
vt 0.866000 0.858300
vt 0.917700 0.883600
vt 1.000000 0.893300
vt -0.000000 0.975300
vt -0.000000 0.893300
vt 0.082300 0.883600
vt 0.134000 0.858300
vt 0.185200 0.846900
vt 0.214400 0.837800
vt 0.246600 0.841100
vt 0.273400 0.856400
vt 0.309000 0.883900
vt 0.372000 0.918200
vt 0.500000 0.980900
vt 0.500000 0.917400
vt 0.582800 0.918500
vt 0.560500 0.986700
vt 0.657400 0.937500
vt 0.615400 0.990400
vt 0.714800 0.955700
vt 0.655900 0.995600
vt 0.706500 0.791700
vt 0.744200 0.777500
vt 0.784400 0.773900
vt 0.825300 0.779500
vt 0.871000 0.793800
vt 0.927700 0.813200
vt 1.000000 0.821000
vt -0.000000 0.821000
vt 0.072300 0.813200
vt 0.129000 0.793800
vt 0.174700 0.779500
vt 0.215600 0.773900
vt 0.255800 0.777500
vt 0.293500 0.791700
vt 0.339600 0.995700
vt 0.285300 0.955800
vt 0.338600 0.937500
vt 0.380600 0.990400
vt 0.413200 0.918500
vt 0.435500 0.986700
vt 0.500000 0.798100
vt 0.596200 0.807800
vt 0.680800 0.847800
vt 0.743600 0.919500
vt 0.695100 0.737200
vt 0.739500 0.726100
vt 0.785700 0.722500
vt 0.831600 0.725000
vt 0.878200 0.735900
vt 0.935700 0.746100
vt 1.000000 0.750700
vt -0.000000 0.750700
vt 0.064300 0.746100
vt 0.121800 0.735900
vt 0.168400 0.725000
vt 0.214300 0.722500
vt 0.260500 0.726100
vt 0.304900 0.737200
vt 0.256500 0.919600
vt 0.319200 0.847900
vt 0.403800 0.807800
vt 0.500000 0.368100
vt 0.600800 0.382000
vt 0.689500 0.428400
vt 0.755400 0.510000
vt 0.689600 0.657800
vt 0.737200 0.650200
vt 0.786700 0.647200
vt 0.835700 0.647600
vt 0.885500 0.651800
vt 0.940800 0.656700
vt 1.000000 0.658900
vt -0.000000 0.658900
vt 0.059200 0.656700
vt 0.114500 0.651800
vt 0.164300 0.647600
vt 0.213300 0.647200
vt 0.262800 0.650200
vt 0.310400 0.657800
vt 0.244600 0.510100
vt 0.310500 0.428500
vt 0.399100 0.382100
vt 0.500000 0.029300
vt 0.609100 0.072900
vt 0.705000 0.115400
vt 0.776200 0.211400
vt 0.685000 0.551900
vt 0.730900 0.549400
vt 0.784800 0.548600
vt 0.829800 0.549600
vt 0.879900 0.552200
vt 0.937100 0.555100
vt 1.000000 0.556400
vt -0.000000 0.556400
vt 0.062900 0.555100
vt 0.120100 0.552200
vt 0.170200 0.549600
vt 0.215200 0.548600
vt 0.269100 0.549400
vt 0.315000 0.551900
vt 0.223800 0.211500
vt 0.294900 0.115500
vt 0.390900 0.073000
vt 0.629000 0.555200
vt 0.619900 0.447200
vt 0.677900 0.448500
vt 0.728400 0.450000
vt 0.788000 0.451000
vt 0.837000 0.451000
vt 0.888400 0.450100
vt 0.939100 0.445800
vt 1.000000 0.445100
vt -0.000000 0.445100
vt 0.060900 0.445800
vt 0.111600 0.450100
vt 0.163000 0.451000
vt 0.212000 0.451000
vt 0.271600 0.450000
vt 0.322100 0.448500
vt 0.380100 0.447200
vt 0.371000 0.555200
vt 0.668700 0.359700
vt 0.725200 0.360200
vt 0.793800 0.363400
vt 0.847500 0.367500
vt 0.899500 0.370700
vt 0.947300 0.366800
vt 1.000000 0.367200
vt -0.000000 0.367200
vt 0.052700 0.366800
vt 0.100500 0.370700
vt 0.152500 0.367500
vt 0.206200 0.363400
vt 0.274800 0.360200
vt 0.331300 0.359700
vt 0.024600 0.667400
vt 0.226300 0.721100
vt 0.196500 0.887600
vt 0.495100 0.712800
vt 0.783500 0.690700
vt 0.805800 0.856500
vt 0.785500 0.033900
vt 0.766200 0.047700
vt 0.783900 0.035800
vt 0.744400 0.096900
vt 0.744500 0.103000
vt 0.744900 0.090100
vt 0.754200 0.115500
vt 0.767400 0.135500
vt 0.765600 0.137900
vt 0.847600 0.151500
vt 0.866500 0.138100
vt 0.860300 0.151400
vt 0.880800 0.117400
vt 0.884500 0.093400
vt 0.885200 0.110400
vt 0.131700 0.142700
vt 0.139200 0.141800
vt 0.264400 0.358900
vt 0.040500 0.506200
vt 0.483100 0.388400
vt 0.705600 0.336000
vt 0.745600 0.534000
vt 0.792600 0.062000
vt 0.777200 0.123500
vt 0.757200 0.111000
vt 0.792000 0.061300
vt 0.799700 0.131200
vt 0.821300 0.141100
vt 0.792100 0.143100
vt 0.859000 0.082700
vt 0.859100 0.082800
vt 0.857900 0.082800
vt 0.846900 0.057500
vt 0.857400 0.075400
vt 0.856700 0.075700
vt 0.839500 0.057800
vt 0.827100 0.059900
vt 0.817500 0.049600
vt 0.836000 0.052200
vt 0.793500 0.062300
vt 0.794300 0.061900
vt 0.798500 0.095400
vt 0.788300 0.109400
vt 0.811100 0.098900
vt 0.819100 0.103200
vt 0.800300 0.113100
vt 0.820200 0.092100
vt 0.795100 0.061700
vt 0.795900 0.061200
vt 0.809000 0.088100
vt 0.818000 0.066100
vt 0.854000 0.077300
vt 0.829200 0.070200
vt 0.854900 0.076200
vt 0.747600 0.112300
vt 0.751100 0.119500
vt 0.012200 0.836300
vt 0.106900 0.946200
vt -0.001700 0.908800
vt 0.514600 0.885900
vt 0.764600 0.992800
vt 0.509600 1.002600
vt 0.761200 0.050600
vt 0.761100 0.054400
vt 0.777500 0.041500
vt 0.746500 0.084800
vt 0.747100 0.077900
vt 0.747300 0.077200
vt 0.753900 0.061400
vt 0.751700 0.121700
vt 0.764300 0.140600
vt 0.808700 0.157500
vt 0.793000 0.157100
vt 0.780400 0.144600
vt 0.777500 0.150200
vt 0.889300 0.098600
vt 0.889000 0.100200
vt 0.888600 0.105500
vt 0.870700 0.144300
vt 0.868300 0.141600
vt 0.877900 0.135900
vt 0.877400 0.136600
vt 0.232400 0.560500
vt 0.524400 0.544300
vt 0.786800 0.034400
vt 0.791900 0.055800
vt 0.752300 0.068000
vt 0.792000 0.055700
vt 0.771000 0.131500
vt 0.823900 0.149100
vt 0.825300 0.157900
vt 0.794500 0.151200
vt 0.845000 0.142400
vt 0.860500 0.081600
vt 0.859100 0.082600
vt 0.640900 0.264400
vt 0.748000 0.094500
vt 0.751800 0.095500
vt 0.821600 0.122200
vt 0.854800 0.083800
vt 0.855200 0.084100
vt 0.195300 0.978900
vt 0.881600 0.073300
vt 0.879500 0.070000
vt 0.816300 0.989000
vt 0.981800 0.773800
vt 0.842500 0.979600
vt 0.956800 0.606300
vt 0.746500 0.080300
vt 0.749000 0.092700
vt 0.810500 0.161700
vt 0.825900 0.165100
vt 0.839400 0.162200
vt 0.882300 0.122100
vt 0.879900 0.128000
vt 0.874900 0.132600
vt 0.876200 0.068800
vt 0.861300 0.077200
vt 0.861200 0.077200
vt 0.860700 0.076500
vt 0.859200 0.075500
vt 0.792800 0.054800
vt 0.792600 0.054900
vt 0.927600 0.448800
vt 0.759500 0.096500
vt 0.791100 0.058900
vt 0.791000 0.058000
vt 0.791100 0.059000
vt 0.856000 0.083800
vt 0.861500 0.078400
vt 0.861500 0.078300
vt 0.310500 0.276000
vt 0.142400 0.140900
vt 0.424600 0.291200
vt 0.796400 0.056800
vt 0.796900 0.057400
vt 0.793100 0.061900
vt 0.853100 0.082700
vt 0.852500 0.081900
vt 0.852500 0.081000
vt 0.852700 0.080400
vt 0.818800 0.080400
vt 0.852600 0.079300
vt 0.796200 0.060800
vt 0.796800 0.060300
vt 0.796900 0.060000
vt 0.796900 0.058600
vt 0.796800 0.059000
vt 0.853700 0.078000
vt 0.852700 0.079000
vt 0.759300 0.131500
vt 0.754300 0.125400
vt 0.882900 0.076300
vt 0.887700 0.092200
vt 0.404400 0.992000
vt 0.783100 0.037900
vt 0.753300 0.066100
vt 0.754800 0.063700
vt 0.886600 0.113300
vt 0.878500 0.135900
vt 0.860500 0.152000
vt 0.860500 0.081400
vt 0.860400 0.081500
vt 0.855900 0.075700
vt 0.813600 0.044900
vt 0.796100 0.056600
vt 0.795900 0.056100
vt 0.794500 0.062000
vt 0.853300 0.082500
vt 0.854000 0.083400
vt 0.858000 0.075500
vt 0.795600 0.055600
vt 0.794600 0.054900
vt 0.998000 0.934200
vt 0.731700 0.175900
vt 0.585800 0.202900
vt 0.584200 0.053700
vt 0.724600 0.048700
vt 0.724000 0.326200
vt 0.593100 0.335600
vt 0.727700 0.481800
vt 0.592600 0.468800
vt 0.711100 0.598100
vt 0.596300 0.607300
vt 0.680100 0.765900
vt 0.585000 0.759300
vt 0.575000 0.946300
vt 0.392300 0.191500
vt 0.395300 0.054100
vt 0.524000 0.524300
vt 0.514100 0.478500
vt 0.525100 0.593900
vt 0.531800 0.616200
vt 0.532200 0.764200
vt 0.530900 0.715300
vt 0.536100 0.673800
vt 0.517000 0.883100
vt 0.540900 0.932900
vt 0.481200 0.896700
vt 0.472800 0.058700
vt 0.459100 0.217400
vt 0.386700 0.167200
vt 0.384800 0.059200
vt 0.455000 0.275000
vt 0.453700 0.314600
vt 0.450300 0.353100
vt 0.383700 0.300000
vt 0.447900 0.379600
vt 0.443000 0.457200
vt 0.443400 0.487100
vt 0.381600 0.468900
vt 0.445000 0.531300
vt 0.445900 0.608700
vt 0.448200 0.619800
vt 0.367600 0.612800
vt 0.444900 0.682200
vt 0.448200 0.727300
vt 0.447600 0.764700
vt 0.379600 0.745800
vt 0.368800 0.947800
vt 0.346700 0.867400
vt 0.267300 0.161300
vt 0.255800 0.060500
vt 0.264200 0.294100
vt 0.247800 0.436900
vt 0.252300 0.578500
vt 0.260100 0.740000
vt 0.261800 0.857500
vt 0.143600 0.168300
vt 0.136900 0.065000
vt 0.140500 0.301100
vt 0.150300 0.460500
vt 0.150600 0.594900
vt 0.162600 0.763500
vt 0.176500 0.861700
vt 0.061600 0.225300
vt 0.059600 0.065000
vt 0.058500 0.358100
vt 0.082500 0.508000
vt 0.082800 0.642400
vt 0.090000 0.780200
vt 0.128400 0.949400
vt 0.055900 0.250400
vt 0.057200 0.118100
vt 0.057800 0.374200
vt 0.057000 0.336800
vt 0.056500 0.307700
vt 0.082700 0.489300
vt 0.057600 0.395300
vt 0.082400 0.519000
vt 0.081000 0.640200
vt 0.082000 0.562700
vt 0.080900 0.651400
vt 0.074800 0.765500
vt 0.077900 0.712500
vt 0.078800 0.778500
vt 1.073700 0.079500
vt 1.063900 0.213600
vt 0.901900 0.197000
vt 0.918800 0.053500
vt 0.984200 0.334700
vt 0.886400 0.331200
vt 1.025100 0.266500
vt 1.003900 0.299900
vt 1.051400 0.255700
vt 1.059300 0.271800
vt 0.976000 0.359300
vt 0.876900 0.470100
vt 0.963300 0.437300
vt 0.960700 0.468200
vt 0.947400 0.516900
vt 0.885600 0.603500
vt 0.946200 0.580900
vt 0.947200 0.602000
vt 0.956300 0.662600
vt 0.899100 0.736100
vt 0.976900 0.709100
vt 1.000900 0.738500
vt 1.107600 0.761600
vt 0.994400 0.952400
vt 0.950000 0.952800
vt 1.047400 0.753200
vt 1.032300 0.749900
vt 0.894900 0.951400
vt 0.752100 0.190800
vt 0.754700 0.046500
vt 0.754900 0.324900
vt 0.756200 0.492400
vt 0.774000 0.602700
vt 0.784100 0.758800
vt 0.849200 0.856200
vt 0.419600 0.293900
vt 0.401700 0.298900
vt 0.439100 0.292100
vt 0.481200 0.358300
vt 0.462300 0.319700
vt 0.495100 0.383500
vt 0.509000 0.448100
s 1
usemtl lambert4SG
f 1/1/1 2/2/2 3/3/3
f 1/1/1 3/3/3 4/4/4
f 1/1/1 4/4/4 5/5/5
f 1/1/1 5/5/5 6/6/6
f 1/1/1 6/6/6 7/7/7
f 1/1/1 7/7/7 8/8/8
f 1/1/1 8/8/8 9/9/9
f 1/1/1 9/9/9 10/10/10
f 1/1/1 10/10/10 11/11/11
f 1/12/1 11/13/11 12/14/12
f 1/12/1 12/14/12 13/15/13
f 1/12/1 13/15/13 14/16/14
f 1/12/1 14/16/14 15/17/15
f 1/12/1 15/17/15 16/18/16
f 1/12/1 16/18/16 17/19/17
f 1/12/1 17/19/17 18/20/18
f 1/12/1 18/20/18 19/21/19
f 1/12/1 19/21/19 2/2/2
f 2/22/2 20/23/20 21/24/21
f 2/22/2 21/24/21 3/25/3
f 3/25/3 21/24/21 22/26/22
f 3/25/3 22/26/22 4/27/4
f 4/27/4 22/26/22 23/28/23
f 4/27/4 23/28/23 5/29/5
f 23/30/23 24/31/24 6/6/6
f 6/6/6 5/5/5 23/30/23
f 24/31/24 25/32/25 7/7/7
f 7/7/7 6/6/6 24/31/24
f 7/7/7 25/32/25 26/33/26
f 26/33/26 8/8/8 7/7/7
f 8/8/8 26/33/26 27/34/27
f 27/34/27 9/9/9 8/8/8
f 9/9/9 27/34/27 28/35/28
f 28/35/28 10/10/10 9/9/9
f 10/10/10 28/35/28 29/36/29
f 29/36/29 11/11/11 10/10/10
f 11/13/11 29/37/29 30/38/30
f 11/13/11 30/38/30 12/14/12
f 30/38/30 31/39/31 13/15/13
f 13/15/13 12/14/12 30/38/30
f 31/39/31 32/40/32 14/16/14
f 14/16/14 13/15/13 31/39/31
f 32/40/32 33/41/33 15/17/15
f 15/17/15 14/16/14 32/40/32
f 33/41/33 34/42/34 16/18/16
f 16/18/16 15/17/15 33/41/33
f 16/18/16 34/42/34 35/43/35
f 35/43/35 17/19/17 16/18/16
f 17/44/17 35/45/35 36/46/36
f 17/44/17 36/46/36 18/47/18
f 18/47/18 36/46/36 37/48/37
f 18/47/18 37/48/37 19/49/19
f 19/49/19 37/48/37 20/23/20
f 19/49/19 20/23/20 2/22/2
f 20/23/20 38/50/38 39/51/39
f 39/51/39 21/24/21 20/23/20
f 21/24/21 39/51/39 40/52/40
f 40/52/40 22/26/22 21/24/21
f 22/26/22 40/52/40 41/53/41
f 41/53/41 23/28/23 22/26/22
f 23/30/23 41/54/41 42/55/42
f 23/30/23 42/55/42 24/31/24
f 42/55/42 43/56/43 25/32/25
f 25/32/25 24/31/24 42/55/42
f 43/56/43 44/57/44 26/33/26
f 26/33/26 25/32/25 43/56/43
f 44/57/44 45/58/45 27/34/27
f 27/34/27 26/33/26 44/57/44
f 45/58/45 46/59/46 28/35/28
f 28/35/28 27/34/27 45/58/45
f 46/59/46 47/60/47 29/36/29
f 29/36/29 28/35/28 46/59/46
f 29/37/29 47/61/47 48/62/48
f 29/37/29 48/62/48 30/38/30
f 48/62/48 49/63/49 31/39/31
f 31/39/31 30/38/30 48/62/48
f 49/63/49 50/64/50 32/40/32
f 32/40/32 31/39/31 49/63/49
f 32/40/32 50/64/50 51/65/51
f 51/65/51 33/41/33 32/40/32
f 51/65/51 52/66/52 34/42/34
f 34/42/34 33/41/33 51/65/51
f 52/66/52 53/67/53 35/43/35
f 35/43/35 34/42/34 52/66/52
f 35/45/35 53/68/53 54/69/54
f 35/45/35 54/69/54 36/46/36
f 54/69/54 55/70/55 37/48/37
f 37/48/37 36/46/36 54/69/54
f 55/70/55 38/50/38 20/23/20
f 20/23/20 37/48/37 55/70/55
f 38/50/38 56/71/56 57/72/57
f 57/72/57 39/51/39 38/50/38
f 39/51/39 57/72/57 58/73/58
f 58/73/58 40/52/40 39/51/39
f 40/52/40 58/73/58 59/74/59
f 59/74/59 41/53/41 40/52/40
f 41/54/41 59/75/59 60/76/60
f 41/54/41 60/76/60 42/55/42
f 60/76/60 61/77/61 43/56/43
f 43/56/43 42/55/42 60/76/60
f 61/77/61 62/78/62 44/57/44
f 44/57/44 43/56/43 61/77/61
f 62/78/62 63/79/63 45/58/45
f 45/58/45 44/57/44 62/78/62
f 63/79/63 64/80/64 46/59/46
f 46/59/46 45/58/45 63/79/63
f 64/80/64 65/81/65 47/60/47
f 47/60/47 46/59/46 64/80/64
f 47/61/47 65/82/65 66/83/66
f 47/61/47 66/83/66 48/62/48
f 48/62/48 66/83/66 67/84/67
f 67/84/67 49/63/49 48/62/48
f 49/63/49 67/84/67 68/85/68
f 68/85/68 50/64/50 49/63/49
f 50/64/50 68/85/68 69/86/69
f 69/86/69 51/65/51 50/64/50
f 69/86/69 70/87/70 52/66/52
f 52/66/52 51/65/51 69/86/69
f 70/87/70 71/88/71 53/67/53
f 53/67/53 52/66/52 70/87/70
f 53/68/53 71/89/71 72/90/72
f 53/68/53 72/90/72 54/69/54
f 72/90/72 73/91/73 55/70/55
f 55/70/55 54/69/54 72/90/72
f 73/91/73 56/71/56 38/50/38
f 38/50/38 55/70/55 73/91/73
f 56/71/56 74/92/74 75/93/75
f 75/93/75 57/72/57 56/71/56
f 57/72/57 75/93/75 76/94/76
f 76/94/76 58/73/58 57/72/57
f 58/73/58 76/94/76 77/95/77
f 77/95/77 59/74/59 58/73/58
f 59/75/59 77/96/77 78/97/78
f 59/75/59 78/97/78 60/76/60
f 60/76/60 78/97/78 79/98/79
f 79/98/79 61/77/61 60/76/60
f 79/98/79 80/99/80 62/78/62
f 62/78/62 61/77/61 79/98/79
f 62/78/62 80/99/80 81/100/81
f 81/100/81 63/79/63 62/78/62
f 81/100/81 82/101/82 64/80/64
f 64/80/64 63/79/63 81/100/81
f 82/101/82 83/102/83 65/81/65
f 65/81/65 64/80/64 82/101/82
f 65/82/65 83/103/83 84/104/84
f 65/82/65 84/104/84 66/83/66
f 84/104/84 85/105/85 67/84/67
f 67/84/67 66/83/66 84/104/84
f 85/105/85 86/106/86 68/85/68
f 68/85/68 67/84/67 85/105/85
f 86/106/86 87/107/87 69/86/69
f 69/86/69 68/85/68 86/106/86
f 87/107/87 88/108/88 70/87/70
f 70/87/70 69/86/69 87/107/87
f 88/108/88 89/109/89 71/88/71
f 71/88/71 70/87/70 88/108/88
f 71/89/71 89/110/89 90/111/90
f 71/89/71 90/111/90 72/90/72
f 90/111/90 91/112/91 73/91/73
f 73/91/73 72/90/72 90/111/90
f 91/112/91 74/92/74 56/71/56
f 56/71/56 73/91/73 91/112/91
f 76/113/76 92/114/92 93/115/93
f 76/113/76 93/115/93 77/96/77
f 77/96/77 93/115/93 94/116/94
f 77/96/77 94/116/94 78/97/78
f 94/116/94 95/117/95 79/98/79
f 79/98/79 78/97/78 94/116/94
f 95/117/95 96/118/96 80/99/80
f 80/99/80 79/98/79 95/117/95
f 96/118/96 97/119/97 81/100/81
f 81/100/81 80/99/80 96/118/96
f 97/119/97 98/120/98 82/101/82
f 82/101/82 81/100/81 97/119/97
f 98/120/98 99/121/99 83/102/83
f 83/102/83 82/101/82 98/120/98
f 83/103/83 99/122/99 100/123/100
f 83/103/83 100/123/100 84/104/84
f 84/104/84 100/123/100 101/124/101
f 101/124/101 85/105/85 84/104/84
f 85/105/85 101/124/101 102/125/102
f 102/125/102 86/106/86 85/105/85
f 86/106/86 102/125/102 103/126/103
f 103/126/103 87/107/87 86/106/86
f 103/126/103 104/127/104 88/108/88
f 88/108/88 87/107/87 103/126/103
f 104/127/104 105/128/105 89/109/89
f 89/109/89 88/108/88 104/127/104
f 105/128/105 106/129/106 90/130/90
f 90/130/90 89/109/89 105/128/105
f 93/115/93 107/131/107 108/132/108
f 108/132/108 94/116/94 93/115/93
f 108/132/108 109/133/109 95/117/95
f 95/117/95 94/116/94 108/132/108
f 109/133/109 110/134/110 96/118/96
f 96/118/96 95/117/95 109/133/109
f 110/134/110 111/135/111 97/119/97
f 97/119/97 96/118/96 110/134/110
f 111/135/111 112/136/112 98/120/98
f 98/120/98 97/119/97 111/135/111
f 112/136/112 113/137/113 99/121/99
f 99/121/99 98/120/98 112/136/112
f 99/122/99 113/138/113 114/139/114
f 99/122/99 114/139/114 100/123/100
f 100/123/100 114/139/114 115/140/115
f 115/140/115 101/124/101 100/123/100
f 101/124/101 115/140/115 116/141/116
f 116/141/116 102/125/102 101/124/101
f 102/125/102 116/141/116 117/142/117
f 117/142/117 103/126/103 102/125/102
f 117/142/117 118/143/118 104/127/104
f 104/127/104 103/126/103 117/142/117
f 118/143/118 119/144/119 105/128/105
f 105/128/105 104/127/104 118/143/118
f 120/145/120 121/146/121 122/147/122
f 123/148/123 124/149/124 125/150/125
f 126/151/126 127/152/127 128/153/128
f 129/154/129 130/155/130 131/156/131
f 132/157/132 133/158/133 134/159/134
f 135/160/135 136/161/136 137/162/137
f 138/163/138 139/164/139 140/165/140
f 141/166/141 142/167/142 143/168/143
f 143/168/143 144/169/144 141/166/141
f 145/170/145 146/171/146 147/172/147
f 149/173/149 150/174/150 151/175/151
f 151/175/151 148/176/148 149/173/149
f 152/177/152 153/178/153 154/179/154
f 155/180/155 156/181/156 157/182/157
f 158/183/158 159/184/159 160/185/160
f 160/185/160 161/186/161 158/183/158
f 162/187/162 163/188/163 164/189/164
f 165/190/165 166/191/166 167/192/167
f 167/192/167 168/193/168 165/190/165
f 169/194/169 170/195/170 171/196/171
f 172/197/172 170/195/170 169/194/169
f 173/198/173 174/199/174 175/200/175
f 175/200/175 167/192/167 173/198/173
f 176/201/176 163/188/163 162/187/162
f 177/202/177 178/203/178 161/186/161
f 161/186/161 179/204/179 177/202/177
f 180/205/180 130/155/130 181/206/181
f 182/207/182 183/208/183 184/209/184
f 185/210/185 186/211/186 187/212/187
f 188/213/188 189/214/189 190/215/190
f 191/216/191 192/217/192 193/218/193
f 193/218/193 194/219/194 191/216/191
f 195/220/195 196/221/196 181/206/181
f 197/222/197 198/223/198 199/224/199
f 200/225/200 196/221/196 134/159/134
f 201/226/201 202/227/202 203/228/203
f 204/229/204 205/230/205 206/231/206
f 206/231/206 207/232/207 204/229/204
f 208/233/208 121/146/121 120/145/120
f 209/234/209 124/149/124 123/148/123
f 210/235/210 127/152/127 126/151/126
f 211/236/211 212/237/212 127/152/127
f 127/152/127 213/238/213 211/236/211
f 214/239/214 133/158/133 132/157/132
f 215/240/215 216/241/216 217/242/217
f 218/243/218 136/161/136 135/160/135
f 138/163/138 136/161/136 219/244/219
f 156/181/156 155/180/155 220/245/220
f 221/246/221 146/171/146 145/170/145
f 221/246/221 222/247/222 223/248/223
f 223/248/223 146/171/146 221/246/221
f 224/249/224 153/178/153 152/177/152
f 224/249/224 225/250/225 226/251/226
f 226/251/226 153/178/153 224/249/224
f 183/208/183 182/207/182 122/147/122
f 122/147/122 227/252/227 183/208/183
f 182/253/182 139/164/139 120/254/120
f 120/145/120 122/147/122 182/207/182
f 186/211/186 185/210/185 125/150/125
f 125/150/125 228/255/228 186/211/186
f 185/210/185 121/146/121 123/148/123
f 123/148/123 125/150/125 185/210/185
f 228/255/228 125/150/125 128/256/128
f 128/256/128 229/257/229 228/255/228
f 125/150/125 124/149/124 126/258/126
f 126/258/126 128/256/128 125/150/125
f 192/217/192 191/216/191 131/156/131
f 131/156/131 230/259/230 192/217/192
f 191/216/191 231/260/231 129/154/129
f 129/154/129 131/156/131 191/216/191
f 134/159/134 196/221/196 195/220/195
f 195/220/195 231/260/231 132/157/132
f 132/157/132 134/159/134 195/220/195
f 232/261/232 198/223/198 197/222/197
f 197/222/197 216/241/216 233/262/233
f 233/262/233 232/261/232 197/222/197
f 234/263/234 216/241/216 135/160/135
f 135/160/135 137/162/137 234/263/234
f 235/264/235 236/265/236 237/266/237
f 237/266/237 140/165/140 235/264/235
f 237/266/237 136/161/136 138/163/138
f 138/163/138 140/165/140 237/266/237
f 144/267/144 139/164/139 238/268/238
f 238/268/238 239/269/239 240/270/240
f 238/268/238 240/270/240 141/271/141
f 141/271/141 144/267/144 238/268/238
f 147/172/147 124/149/124 209/234/209
f 209/234/209 143/168/143 145/170/145
f 145/170/145 147/172/147 209/234/209
f 210/235/210 241/272/241 242/273/242
f 242/273/242 127/152/127 210/235/210
f 210/274/210 146/171/146 223/248/223
f 223/248/223 243/275/243 210/274/210
f 244/276/244 231/260/231 245/277/245
f 151/175/151 231/260/231 244/276/244
f 244/276/244 246/278/246 151/175/151
f 154/179/154 133/158/133 214/239/214
f 214/239/214 150/174/150 152/177/152
f 152/177/152 154/179/154 214/239/214
f 156/181/156 136/161/136 218/243/218
f 218/243/218 153/178/153 226/251/226
f 226/251/226 247/279/247 218/243/218
f 247/279/247 157/182/157 156/181/156
f 156/181/156 218/243/218 247/279/247
f 238/268/238 139/164/139 248/280/248
f 248/280/248 249/281/249 239/269/239
f 239/269/239 238/268/238 248/280/248
f 158/282/158 143/168/143 142/167/142
f 142/167/142 250/283/250 158/282/158
f 164/284/164 143/168/143 158/282/158
f 158/183/158 161/186/161 162/187/162
f 162/187/162 164/189/164 158/183/158
f 251/285/251 163/188/163 252/286/252
f 168/193/168 150/174/150 149/173/149
f 149/173/149 253/287/253 168/193/168
f 171/196/171 150/174/150 168/193/168
f 168/193/168 167/192/167 169/194/169
f 169/194/169 171/196/171 168/193/168
f 254/288/254 170/195/170 255/289/255
f 172/197/172 256/290/256 255/289/255
f 255/289/255 170/195/170 172/197/172
f 257/291/257 172/197/172 258/292/258
f 258/292/258 259/293/259 257/291/257
f 169/194/169 167/192/167 175/200/175
f 175/200/175 258/292/258 172/197/172
f 172/197/172 169/194/169 175/200/175
f 260/294/260 261/295/261 258/292/258
f 258/292/258 175/200/175 260/294/260
f 262/296/262 258/292/258 261/295/261
f 176/201/176 263/297/263 252/286/252
f 252/286/252 163/188/163 176/201/176
f 176/201/176 258/292/258 262/296/262
f 262/296/262 264/298/264 176/201/176
f 162/187/162 161/186/161 178/203/178
f 178/203/178 258/292/258 176/201/176
f 176/201/176 162/187/162 178/203/178
f 178/203/178 265/299/265 266/300/266
f 266/300/266 258/292/258 178/203/178
f 259/293/259 258/292/258 266/300/266
f 181/206/181 196/221/196 267/301/267
f 267/301/267 268/302/268 180/205/180
f 180/205/180 181/206/181 267/301/267
f 201/226/201 139/164/139 182/253/182
f 184/303/184 269/304/269 201/226/201
f 201/226/201 182/253/182 184/303/184
f 122/147/122 121/146/121 185/210/185
f 270/305/270 122/147/122 185/210/185
f 185/210/185 187/212/187 270/305/270
f 128/153/128 127/152/127 188/213/188
f 190/215/190 271/306/271 128/153/128
f 128/153/128 188/213/188 190/215/190
f 194/219/194 127/152/127 212/237/212
f 212/237/212 231/260/231 191/216/191
f 191/216/191 194/219/194 212/237/212
f 188/213/188 127/152/127 194/219/194
f 194/219/194 193/218/193 272/307/272
f 273/308/273 188/213/188 194/219/194
f 194/219/194 272/307/272 273/308/273
f 181/206/181 130/155/130 129/154/129
f 129/154/129 231/260/231 195/220/195
f 195/220/195 181/206/181 129/154/129
f 199/224/199 133/158/133 217/242/217
f 217/242/217 216/241/216 197/222/197
f 197/222/197 199/224/199 217/242/217
f 134/159/134 133/158/133 199/224/199
f 199/224/199 198/223/198 200/225/200
f 200/225/200 134/159/134 199/224/199
f 233/262/233 216/241/216 234/263/234
f 140/165/140 139/164/139 201/226/201
f 203/228/203 274/309/274 140/165/140
f 140/165/140 201/226/201 203/228/203
f 205/230/205 136/161/136 237/266/237
f 237/266/237 236/265/236 275/310/275
f 206/231/206 205/230/205 237/266/237
f 237/266/237 275/310/275 206/231/206
f 137/162/137 136/161/136 205/230/205
f 205/230/205 204/229/204 276/311/276
f 276/311/276 137/162/137 205/230/205
f 120/254/120 139/164/139 144/267/144
f 144/169/144 143/168/143 208/233/208
f 208/233/208 120/145/120 144/169/144
f 123/148/123 121/146/121 208/233/208
f 208/233/208 143/168/143 209/234/209
f 209/234/209 123/148/123 208/233/208
f 126/258/126 124/149/124 147/172/147
f 147/172/147 146/171/146 210/274/210
f 210/274/210 126/258/126 147/172/147
f 231/260/231 212/237/212 245/277/245
f 132/157/132 231/260/231 151/175/151
f 151/175/151 150/174/150 214/239/214
f 214/239/214 132/157/132 151/175/151
f 217/242/217 133/158/133 154/179/154
f 154/179/154 153/178/153 215/240/215
f 215/240/215 217/242/217 154/179/154
f 135/160/135 216/241/216 215/240/215
f 215/240/215 153/178/153 218/243/218
f 218/243/218 135/160/135 215/240/215
f 219/244/219 277/312/277 278/280/278
f 278/280/278 248/280/248 219/244/219
f 248/280/248 139/164/139 138/163/138
f 138/163/138 219/244/219 248/280/248
f 219/244/219 136/161/136 156/181/156
f 156/181/156 220/245/220 279/313/279
f 279/313/279 219/244/219 156/181/156
f 280/314/280 161/186/161 160/185/160
f 145/170/145 143/168/143 164/284/164
f 164/189/164 163/188/163 221/315/221
f 221/246/221 145/170/145 164/284/164
f 281/316/281 163/188/163 251/285/251
f 221/315/221 163/188/163 281/316/281
f 281/316/281 282/317/282 221/315/221
f 283/318/283 167/192/167 166/191/166
f 152/177/152 150/174/150 171/196/171
f 171/196/171 170/195/170 224/249/224
f 224/249/224 152/177/152 171/196/171
f 284/319/284 170/195/170 254/288/254
f 170/195/170 284/319/284 285/320/285
f 285/320/285 224/249/224 170/195/170
f 148/176/148 151/175/151 246/278/246
f 159/184/159 158/183/158 250/321/250
f 165/190/165 168/193/168 253/287/253
f 173/198/173 167/192/167 283/318/283
f 179/204/179 161/186/161 280/314/280
f 213/238/213 127/152/127 242/273/242
f 222/322/222 221/315/221 282/317/282
f 225/250/225 224/249/224 285/320/285
f 241/272/241 210/235/210 243/323/243
f 256/290/256 172/197/172 257/291/257
f 260/294/260 175/200/175 174/199/174
f 263/297/263 176/201/176 264/298/264
f 265/299/265 178/203/178 177/202/177
f 245/277/245 212/237/212 211/236/211
f 277/312/277 219/244/219 279/313/279
f 189/214/189 188/213/188 273/308/273
f 202/227/202 201/226/201 269/304/269
f 227/252/227 122/147/122 270/305/270
f 229/257/229 128/256/128 271/324/271
f 235/264/235 140/165/140 274/309/274
f 287/325/287 288/326/288 289/327/289
f 289/327/289 286/328/286 287/325/287
f 290/329/290 291/330/291 288/326/288
f 288/326/288 287/325/287 290/329/290
f 292/331/292 293/332/293 291/330/291
f 291/330/291 290/329/290 292/331/292
f 294/333/294 295/334/295 293/332/293
f 293/332/293 292/331/292 294/333/294
f 296/335/296 297/336/297 295/334/295
f 295/334/295 294/333/294 296/335/296
f 297/336/297 296/335/296 298/337/298
f 288/326/288 299/338/299 300/339/300
f 300/339/300 289/327/289 288/326/288
f 301/340/301 302/341/302 293/332/293
f 293/332/293 295/334/295 301/340/301
f 304/342/304 301/340/301 295/334/295
f 295/334/295 303/343/303 304/342/304
f 297/336/297 305/344/305 306/345/306
f 306/345/306 307/346/307 297/336/297
f 295/334/295 297/336/297 307/346/307
f 307/346/307 303/343/303 295/334/295
f 310/347/310 305/344/305 308/348/308
f 308/348/308 309/349/309 310/347/310
f 298/337/298 308/348/308 305/344/305
f 305/344/305 297/336/297 298/337/298
f 300/350/300 299/351/299 311/352/311
f 311/352/311 312/353/312 300/350/300
f 299/351/299 313/354/313 314/355/314
f 315/356/315 316/357/316 299/351/299
f 299/351/299 314/355/314 315/356/315
f 311/352/311 299/351/299 316/357/316
f 317/358/317 318/359/318 316/357/316
f 316/357/316 315/356/315 317/358/317
f 318/359/318 319/360/319 320/361/320
f 320/361/320 316/357/316 318/359/318
f 321/362/321 322/363/322 320/361/320
f 320/361/320 319/360/319 321/362/321
f 322/363/322 323/364/323 324/365/324
f 324/365/324 320/361/320 322/363/322
f 325/366/325 326/367/326 324/365/324
f 324/365/324 323/364/323 325/366/325
f 326/367/326 309/368/309 327/369/327
f 327/369/327 324/365/324 326/367/326
f 327/369/327 309/368/309 308/370/308
f 308/370/308 328/371/328 327/369/327
f 312/353/312 311/352/311 329/372/329
f 329/372/329 330/373/330 312/353/312
f 311/352/311 316/357/316 331/374/331
f 331/374/331 329/372/329 311/352/311
f 316/357/316 320/361/320 332/375/332
f 332/375/332 331/374/331 316/357/316
f 320/361/320 324/365/324 333/376/333
f 333/376/333 332/375/332 320/361/320
f 324/365/324 327/369/327 334/377/334
f 334/377/334 333/376/333 324/365/324
f 328/371/328 335/378/335 334/377/334
f 334/377/334 327/369/327 328/371/328
f 329/372/329 336/379/336 337/380/337
f 337/380/337 330/373/330 329/372/329
f 331/374/331 338/381/338 336/379/336
f 336/379/336 329/372/329 331/374/331
f 332/375/332 339/382/339 338/381/338
f 338/381/338 331/374/331 332/375/332
f 333/376/333 340/383/340 339/382/339
f 339/382/339 332/375/332 333/376/333
f 334/377/334 341/384/341 340/383/340
f 340/383/340 333/376/333 334/377/334
f 335/378/335 342/385/342 341/384/341
f 341/384/341 334/377/334 335/378/335
f 336/379/336 343/386/343 344/387/344
f 344/387/344 337/380/337 336/379/336
f 338/381/338 345/388/345 343/386/343
f 343/386/343 336/379/336 338/381/338
f 339/382/339 346/389/346 345/388/345
f 345/388/345 338/381/338 339/382/339
f 340/383/340 347/390/347 346/389/346
f 346/389/346 339/382/339 340/383/340
f 341/384/341 348/391/348 347/390/347
f 347/390/347 340/383/340 341/384/341
f 341/384/341 342/385/342 349/392/349
f 349/392/349 348/391/348 341/384/341
f 343/386/343 350/393/350 351/394/351
f 351/394/351 344/387/344 343/386/343
f 352/395/352 353/396/353 343/386/343
f 343/386/343 345/388/345 352/395/352
f 350/393/350 343/386/343 353/396/353
f 353/396/353 354/397/354 350/393/350
f 345/388/345 356/398/356 355/399/355
f 355/399/355 352/395/352 345/388/345
f 356/398/356 345/388/345 346/389/346
f 346/389/346 357/400/357 356/398/356
f 346/389/346 359/401/359 358/402/358
f 358/402/358 357/400/357 346/389/346
f 359/401/359 346/389/346 347/390/347
f 347/390/347 360/403/360 359/401/359
f 347/390/347 362/404/362 361/405/361
f 361/405/361 360/403/360 347/390/347
f 362/404/362 347/390/347 348/391/348
f 348/391/348 363/406/363 362/404/362
f 351/407/351 350/408/350 364/409/364
f 364/409/364 365/410/365 351/407/351
f 367/411/367 368/412/368 369/413/369
f 369/413/369 366/414/366 367/411/367
f 364/409/364 370/415/370 369/413/369
f 369/413/369 368/412/368 364/409/364
f 370/415/370 364/409/364 350/408/350
f 370/415/370 350/408/350 354/416/354
f 371/417/371 372/418/372 368/412/368
f 368/412/368 367/411/367 371/417/371
f 372/418/372 371/417/371 373/419/373
f 373/419/373 374/420/374 372/418/372
f 372/418/372 374/420/374 375/421/375
f 375/421/375 376/422/376 372/418/372
f 376/422/376 375/421/375 377/423/377
f 377/423/377 378/424/378 376/422/376
f 376/422/376 378/424/378 379/425/379
f 379/425/379 380/426/380 376/422/376
f 380/426/380 379/425/379 381/427/381
f 381/427/381 382/428/382 380/426/380
f 348/429/348 349/430/349 383/431/383
f 363/432/363 348/429/348 383/431/383
f 383/431/383 382/428/382 384/433/384
f 384/433/384 363/432/363 383/431/383
f 382/428/382 383/431/383 385/434/385
f 385/434/385 380/426/380 382/428/382
f 365/410/365 364/409/364 386/435/386
f 386/435/386 387/436/387 365/410/365
f 368/412/368 388/437/388 386/435/386
f 386/435/386 364/409/364 368/412/368
f 368/412/368 372/418/372 389/438/389
f 389/438/389 388/437/388 368/412/368
f 372/418/372 376/422/376 390/439/390
f 390/439/390 389/438/389 372/418/372
f 376/422/376 380/426/380 391/440/391
f 391/440/391 390/439/390 376/422/376
f 392/441/392 391/440/391 380/426/380
f 380/426/380 385/434/385 392/441/392
f 299/338/299 288/326/288 393/442/393
f 393/442/393 313/443/313 299/338/299
f 288/326/288 291/330/291 394/444/394
f 394/444/394 393/442/393 288/326/288
f 395/445/395 396/446/396 394/444/394
f 394/444/394 291/330/291 395/445/395
f 291/330/291 293/332/293 397/447/397
f 397/447/397 395/445/395 291/330/291
f 398/448/398 397/447/397 293/332/293
f 293/332/293 302/341/302 398/448/398
o brazoder
v -0.484700 1.916000 0.007300
v -0.474500 1.420500 0.127000
v -0.431900 1.338700 0.018600
v -1.038700 1.868600 0.023300
v -0.984500 1.821400 0.124000
v -0.617500 2.009200 0.004700
v -0.519300 1.908700 -0.130400
v -0.484600 1.374000 -0.301900
v -0.594600 1.500600 -0.386200
v -0.606200 1.987500 0.033000
v -0.600200 1.479900 0.197200
v -0.515700 1.920900 0.032900
v -0.928800 1.693200 0.200300
v -1.415000 1.375000 0.084900
v -1.041400 1.926800 -0.069000
v -1.468600 1.461000 -0.091300
v -1.035000 1.891600 -0.171200
v -0.987500 1.870100 -0.277000
v -1.448900 1.442800 -0.188000
v -0.916500 1.770000 -0.376000
v -0.735800 1.805200 -0.410400
v -1.139400 1.222700 -0.395000
v -0.990600 1.106200 -0.348800
v -0.442300 1.322200 -0.203700
v -0.393700 1.304900 -0.093700
v -0.786800 0.956000 -0.096600
v -0.866400 1.053600 0.101100
v -0.744100 1.605700 0.224900
v -1.026500 1.123500 0.160300
v -1.441500 0.717500 0.091000
v -1.566300 0.743300 0.028400
v -1.566500 0.565800 0.033700
v -1.604800 0.771400 -0.045500
v -1.622600 0.795100 -0.118200
v -1.612700 0.616400 -0.106000
v -1.608700 0.786500 -0.192800
v -1.578500 0.774400 -0.266400
v -1.601800 0.608100 -0.178600
v -1.431100 0.756400 -0.319200
v -1.286000 0.731800 -0.341600
v -1.335400 0.554800 -0.319500
v -1.159100 0.698100 -0.309500
v -1.035300 0.655900 -0.237700
v -1.227500 0.518600 -0.276400
v -1.004100 0.654100 -0.158700
v -0.972800 0.652400 -0.079700
v -1.077600 0.479200 -0.069800
v -1.012400 0.680100 -0.002500
v -1.068200 0.711400 0.073800
v -1.157600 0.521700 0.074500
v -1.192300 0.702000 0.111500
v -1.314400 0.698100 0.124200
v -1.263700 0.512800 0.108800
v -1.588800 0.411400 -0.027200
v -1.599700 0.432300 -0.093500
v -1.497700 0.404800 -0.195700
v -0.476800 1.892000 -0.099900
v -0.635700 2.033500 -0.093300
v -0.616800 1.998900 -0.125600
v -0.547600 1.920800 -0.152300
v -0.598800 1.971800 -0.149600
v -1.293100 1.266000 0.160600
v -1.451600 1.424100 0.000100
v -1.433500 1.426000 -0.278200
v -1.314300 1.335500 -0.345100
v -0.868300 1.004700 -0.287000
v -0.830600 0.983300 -0.195100
v -0.809400 0.993400 -0.001300
v -1.160300 1.183200 0.182600
v -1.459300 0.541300 0.089100
v -1.565900 0.386900 0.039900
v -1.490200 0.366100 0.094000
v -1.602700 0.594100 -0.035500
v -1.576400 0.595400 -0.247500
v -1.573000 0.412700 -0.228800
v -1.595400 0.425300 -0.161800
v -1.459500 0.579900 -0.299500
v -1.395700 0.377300 -0.297900
v -1.492000 0.399800 -0.274800
v -1.129000 0.481500 -0.220600
v -1.244100 0.312100 -0.203700
v -1.319000 0.348200 -0.267100
v -1.104400 0.481000 -0.146700
v -1.206300 0.311100 -0.059600
v -1.225200 0.311600 -0.131600
v -1.111300 0.490800 0.000200
v -1.266300 0.335000 0.076300
v -1.231700 0.321600 0.008700
v -1.359100 0.523100 0.124900
v -1.413400 0.349800 0.126900
v -1.340300 0.340600 0.110000
v -1.480800 0.382100 -0.129000
v -1.404600 0.363500 -0.085500
v -1.328800 0.331000 -0.038400
v -0.473400 1.913500 -0.023100
v -0.607200 2.034600 -0.020100
v -0.544600 1.928100 0.052600
v -0.461400 1.903500 -0.060400
v -0.622600 2.045300 -0.056200
v -0.587000 1.963200 0.056000
v -1.255200 0.323600 -0.063700
v -1.275500 -0.251300 -0.100400
v -1.340800 -0.301300 -0.103800
v -1.359600 -0.287300 0.031000
v -1.340200 -0.286000 0.139200
v -1.313500 -0.296000 0.199000
v -1.272900 -0.302000 0.199300
v -1.240700 -0.308500 0.139700
v -1.254600 -0.316500 0.031200
v -1.208100 -0.316000 -0.102500
v -1.250200 -0.303500 -0.237000
v -1.228700 -0.295200 -0.344100
v -1.261400 -0.276700 -0.403500
v -1.302000 -0.270700 -0.403800
v -1.328100 -0.272700 -0.344500
v -1.399500 -0.283500 -0.238300
v -1.451600 -0.340000 -0.107100
v -1.540000 -0.292700 -0.105800
v -1.557100 -0.301300 0.029700
v -1.478300 -0.345200 0.026700
v -1.498400 -0.294000 0.139700
v -1.497100 -0.392400 0.131900
v -1.530700 -0.278200 0.199400
v -1.540800 -0.403000 0.190600
v -1.622800 -0.287800 0.198800
v -1.578100 -0.436500 0.188300
v -1.699100 -0.320200 0.135500
v -1.601500 -0.486500 0.125700
v -1.751700 -0.333600 0.024800
v -1.622700 -0.490200 0.017400
v -1.769400 -0.329700 -0.111500
v -1.624900 -0.513400 -0.118300
v -1.747200 -0.320400 -0.246900
v -1.618300 -0.477200 -0.250800
v -1.689600 -0.307300 -0.354600
v -1.589400 -0.473200 -0.358000
v -1.612200 -0.262300 -0.411800
v -1.566600 -0.411200 -0.414500
v -1.567000 -0.250800 -0.410200
v -1.529300 -0.377600 -0.412200
v -1.526900 -0.279500 -0.350300
v -1.485000 -0.379200 -0.351800
v -1.552600 -0.288100 -0.242000
v -1.473900 -0.332200 -0.241500
v -1.452100 -0.168800 -0.098200
v -1.419900 -0.175300 0.048200
v -1.419800 -0.177400 0.125500
v -1.436700 -0.204100 0.214700
v -1.520900 -0.155000 0.176600
v -1.581100 -0.135600 0.227600
v -1.717100 -0.112700 0.046400
v -1.739300 -0.100700 -0.100100
v -1.712300 -0.098400 -0.246400
v -1.641400 -0.106300 -0.363400
v -1.540600 -0.122900 -0.428000
v -1.511900 -0.141300 -0.427500
v -1.401900 -0.157500 -0.361900
v -1.414200 -0.161100 -0.244600
v -1.262300 0.030700 -0.151300
v -1.321600 0.027100 0.059400
v -1.408800 0.028200 0.025700
v -1.203200 -0.153100 0.154400
v -1.205200 -0.137200 0.145100
v -1.167600 -0.134000 0.175900
v -1.220100 -0.167000 0.209000
v -1.153600 -0.128100 0.218700
v -1.195600 -0.157300 0.246000
v -1.177900 -0.120300 0.265000
v -1.187400 -0.137800 0.263600
v -1.559100 0.056000 0.237600
v -1.674500 0.073100 0.056600
v -1.697400 0.083400 -0.090000
v -1.670500 0.087700 -0.236200
v -1.599100 0.084900 -0.353100
v -1.497400 0.075800 -0.417500
v -1.385400 0.062100 -0.416700
v -1.326000 0.046200 -0.350700
v -1.315400 0.041600 -0.233400
v -1.249100 0.215700 -0.077300
v -1.270800 0.211700 0.051200
v -1.331300 0.188600 0.128900
v -1.211300 -0.076400 0.154700
v -1.179900 -0.058300 0.175100
v -1.168700 -0.053600 0.209400
v -1.180700 -0.063200 0.249300
v -1.555300 0.215800 0.151000
v -1.606800 0.252900 0.048700
v -1.625000 0.261800 -0.080100
v -1.603300 0.265800 -0.208700
v -1.545900 0.264000 -0.311400
v -1.464200 0.257000 -0.368100
v -1.374400 0.245900 -0.367400
v -1.321900 0.236500 -0.309800
v -1.267300 0.224500 -0.206200
v -1.260800 0.346700 -0.071000
v -1.279300 0.344300 0.018800
v -1.328700 0.346700 0.090500
v -1.371600 0.350200 0.103300
v -1.382500 0.205200 0.193500
v -1.449200 0.359400 0.129600
v -1.472100 0.228100 0.210200
v -1.518600 0.370000 0.089100
v -1.566000 0.379500 0.016700
v -1.582100 0.386100 -0.073300
v -1.563600 0.388500 -0.163100
v -1.514200 0.386100 -0.234800
v -1.443700 0.379500 -0.274300
v -1.366100 0.370000 -0.273700
v -1.324300 0.362800 -0.233400
v -1.276900 0.353300 -0.161000
v -1.402100 0.410300 -0.069700
v -1.351800 -0.121600 0.184600
v -1.329900 -0.168400 0.231700
v -1.346400 -0.141700 0.299700
v -1.401900 -0.095100 0.338500
v -1.278000 -0.034500 0.137900
v -1.404400 0.004900 0.340900
v -1.305900 0.057600 0.162300
v -1.320300 0.089300 0.202700
v -1.334000 0.101500 0.244900
v -1.416500 0.100400 0.283300
v -1.440800 -0.350100 0.027000
v -1.420300 -0.342000 -0.106700
v -1.411200 -0.400800 0.132800
v -1.410000 -0.424800 0.191500
v -1.385700 -0.468600 0.189700
v -1.356900 -0.509900 0.128300
v -1.367700 -0.505600 0.020500
v -1.326500 -0.534100 -0.114700
v -1.363400 -0.492500 -0.247600
v -1.344900 -0.496600 -0.355400
v -1.374200 -0.443300 -0.413100
v -1.398500 -0.399400 -0.411300
v -1.399100 -0.387500 -0.350900
v -1.436400 -0.337100 -0.241200
vn 0.8245 0.1448 0.5470
vn 0.7021 -0.1621 0.6934
vn 0.8149 -0.3356 0.4726
vn -0.4942 0.6997 0.5159
vn -0.3242 0.5912 0.7385
vn -0.2018 0.7411 0.6404
vn 0.6575 0.2863 -0.6970
vn 0.7016 -0.2019 -0.6834
vn 0.4523 -0.0016 -0.8919
vn -0.1513 0.6745 0.7226
vn 0.3387 -0.0627 0.9388
vn 0.6086 0.1888 0.7707
vn -0.1626 0.2893 0.9433
vn -0.6421 0.2701 0.7174
vn -0.5026 0.8602 0.0864
vn -0.8727 0.4866 0.0395
vn -0.5114 0.7884 -0.3418
vn -0.3464 0.7180 -0.6037
vn -0.8477 0.4668 -0.2520
vn -0.2620 0.4474 -0.8551
vn 0.1461 0.5093 -0.8481
vn -0.0768 -0.0519 -0.9957
vn 0.2053 -0.2207 -0.9535
vn 0.8162 -0.3364 -0.4697
vn 0.9278 -0.3726 -0.0187
vn 0.7581 -0.6513 -0.0328
vn 0.4036 -0.4106 0.8176
vn 0.1204 0.1354 0.9834
vn 0.1485 -0.2108 0.9662
vn -0.3561 0.0043 0.9344
vn -0.7083 0.0531 0.7039
vn -0.7121 0.0078 0.7021
vn -0.9285 0.0831 0.3619
vn -0.9945 0.1010 0.0291
vn -0.9988 -0.0490 -0.0002
vn -0.9553 0.0771 -0.2853
vn -0.7032 0.0311 -0.7103
vn -0.9694 -0.0591 -0.2381
vn -0.2558 -0.0201 -0.9665
vn 0.0096 -0.1098 -0.9939
vn 0.0559 -0.1546 -0.9864
vn 0.2977 -0.2462 -0.9224
vn 0.6534 -0.4154 -0.6329
vn 0.3440 -0.2647 -0.9009
vn 0.8130 -0.4768 -0.3342
vn 0.8618 -0.4979 0.0973
vn 0.8330 -0.5479 0.0770
vn 0.7129 -0.3965 0.5784
vn 0.4956 -0.2942 0.8172
vn 0.5329 -0.2751 0.8002
vn 0.2048 -0.1430 0.9683
vn -0.0807 -0.0456 0.9957
vn 0.2414 -0.1071 0.9645
vn -0.8420 -0.5362 0.0597
vn -0.8571 -0.5136 -0.0411
vn -0.3162 -0.9460 -0.0710
vn 0.8136 0.1947 -0.5479
vn -0.1790 0.8950 -0.4086
vn 0.0584 0.6957 -0.7159
vn 0.6283 0.4019 -0.6661
vn 0.2284 0.6905 -0.6863
vn -0.3240 0.0630 0.9440
vn -0.8087 0.3999 0.4313
vn -0.6983 0.3775 -0.6082
vn -0.3301 0.1240 -0.9358
vn 0.5084 -0.4260 -0.7484
vn 0.6898 -0.5743 -0.4408
vn 0.6404 -0.5620 0.5235
vn -0.0628 -0.0785 0.9949
vn -0.3890 0.0593 0.9193
vn -0.7071 -0.5727 0.4148
vn -0.4825 -0.6209 0.6178
vn -0.9537 -0.0245 0.2997
vn -0.7413 -0.0744 -0.6670
vn -0.6239 -0.6781 -0.3885
vn -0.7688 -0.6352 -0.0745
vn -0.2919 -0.0706 -0.9539
vn -0.1442 -0.6485 -0.7474
vn -0.3834 -0.6806 -0.6244
vn 0.6579 -0.4493 -0.6044
vn 0.2769 -0.8783 -0.3898
vn 0.0460 -0.7566 -0.6523
vn 0.7966 -0.5362 -0.2791
vn 0.4115 -0.9078 0.0813
vn 0.3285 -0.9395 -0.0969
vn 0.7359 -0.4344 0.5194
vn 0.3443 -0.7385 0.5798
vn 0.3092 -0.9008 0.3050
vn -0.0784 0.0191 0.9967
vn -0.2082 -0.6258 0.7517
vn 0.1331 -0.7138 0.6875
vn -0.3139 -0.9398 -0.1348
vn -0.2708 -0.9595 -0.0779
vn -0.2212 -0.9752 -0.0090
vn 0.9447 0.0922 0.3147
vn -0.2453 0.8243 0.5103
vn 0.4451 0.2398 0.8627
vn 0.9936 0.1124 0.0104
vn -0.2837 0.9460 0.1570
vn 0.0518 0.4812 0.8751
vn -0.1649 -0.9842 0.0648
vn 0.1797 0.9820 0.0582
vn -0.5656 0.8222 0.0646
vn -0.5418 0.8373 0.0727
vn -0.4940 0.8324 0.2513
vn -0.2269 0.6436 0.7309
vn 0.5693 0.3512 0.7433
vn 0.9512 0.1934 0.2405
vn 0.9832 -0.1800 0.0318
vn 0.9921 0.1236 0.0220
vn 0.9790 -0.2029 0.0190
vn 0.9733 0.1382 -0.1831
vn 0.5741 0.4341 -0.6943
vn -0.2161 0.7186 -0.6610
vn -0.5031 0.8397 -0.2045
vn -0.6509 0.7588 -0.0235
vn 0.2533 0.9658 0.0559
vn 0.9728 0.2299 0.0273
vn 0.9679 0.1662 -0.1884
vn 0.4270 0.8945 0.1323
vn 0.9261 -0.3320 0.1795
vn 0.5837 0.6502 0.4864
vn 0.2812 -0.1458 0.9485
vn 0.2234 0.0948 0.9701
vn -0.3439 -0.0603 0.9371
vn -0.3059 -0.4198 0.8545
vn -0.7934 -0.1834 0.5804
vn -0.4668 -0.8058 0.3644
vn -0.9210 -0.2802 0.2705
vn -0.4935 -0.8540 0.1650
vn -0.9636 -0.2657 -0.0287
vn -0.4493 -0.8919 -0.0508
vn -0.9151 -0.2444 -0.3208
vn -0.4974 -0.8345 -0.2371
vn -0.7715 -0.1598 -0.6158
vn -0.4376 -0.7858 -0.4372
vn -0.3572 0.0051 -0.9340
vn -0.2741 -0.3170 -0.9079
vn 0.3753 -0.1310 -0.9176
vn 0.2889 0.2836 -0.9144
vn 0.9198 -0.0820 -0.3838
vn 0.4704 0.8116 -0.3464
vn 0.9833 0.1427 0.1132
vn 0.4024 0.9085 -0.1124
vn 0.7701 -0.6378 0.0125
vn 0.8841 -0.4613 -0.0751
vn 0.8292 -0.5383 -0.1509
vn 0.2011 -0.7396 0.6423
vn -0.0247 -0.4545 0.8904
vn -0.4284 -0.2492 0.8686
vn -0.9100 0.1692 0.3786
vn -0.9833 0.1821 -0.0074
vn -0.9175 0.1931 -0.3477
vn -0.6967 0.1793 -0.6946
vn -0.2399 0.0587 -0.9690
vn 0.2294 -0.2166 -0.9489
vn 0.7613 -0.4993 -0.4136
vn 0.7816 -0.6211 0.0577
vn 0.9441 -0.2834 -0.1686
vn 0.5075 -0.4367 0.7428
vn 0.7099 -0.3362 0.6188
vn 0.1873 -0.7616 -0.6204
vn 0.0905 -0.2733 -0.9577
vn 0.8052 -0.3798 -0.4554
vn 0.1291 -0.9861 -0.1045
vn 0.9420 -0.3273 0.0745
vn 0.4045 -0.8522 0.3320
vn 0.6721 -0.1215 0.7304
vn 0.5790 -0.5268 0.6223
vn -0.6404 0.2320 0.7321
vn -0.8937 0.2506 0.3722
vn -0.9549 0.2969 -0.0000
vn -0.8929 0.2973 -0.3382
vn -0.6762 0.2653 -0.6873
vn -0.2417 0.1977 -0.9500
vn 0.4324 0.0393 -0.9008
vn 0.9073 -0.1419 -0.3959
vn 0.9183 -0.2172 -0.3311
vn 0.9988 -0.0432 0.0222
vn 0.9165 -0.0370 0.3982
vn 0.8538 0.1348 0.5029
vn 0.4301 0.2085 -0.8784
vn 0.7097 0.3628 -0.6039
vn 0.8811 0.4729 -0.0076
vn 0.7034 0.3871 0.5962
vn -0.6632 0.3783 0.6458
vn -0.8600 0.3624 0.3593
vn -0.9340 0.3571 0.0037
vn -0.8602 0.3984 -0.3183
vn -0.6286 0.4546 -0.6310
vn -0.2064 0.4572 -0.8651
vn 0.4145 0.3652 -0.8336
vn 0.8311 0.1760 -0.5275
vn 0.9468 -0.0025 -0.3217
vn 0.8339 0.5501 0.0443
vn 0.7646 0.5673 0.3058
vn 0.4958 0.5980 0.6297
vn 0.3226 0.7117 0.6240
vn 0.5330 0.4731 0.7015
vn -0.0086 0.7450 0.6670
vn -0.2278 0.4501 0.8634
vn -0.3984 0.7515 0.5258
vn -0.5976 0.7474 0.2901
vn -0.6652 0.7461 0.0285
vn -0.5904 0.7735 -0.2305
vn -0.3828 0.8138 -0.4373
vn -0.0715 0.8331 -0.5484
vn 0.3611 0.7620 -0.5375
vn 0.6216 0.6839 -0.3820
vn 0.7661 0.5997 -0.2313
vn 0.1447 0.9879 0.0549
vn 0.3648 -0.7535 -0.5470
vn 0.1219 -0.9806 -0.1535
vn 0.0268 -0.7267 0.6864
vn -0.1527 -0.3673 0.9175
vn 0.4323 0.0182 -0.9015
vn -0.0434 0.2545 0.9661
vn 0.8004 0.4039 -0.4430
vn 0.8347 0.5445 0.0820
vn 0.6037 0.5623 0.5652
vn 0.0105 0.5103 0.8599
vn -0.2280 0.9365 0.2666
vn -0.2425 0.9700 0.0200
vn -0.4038 0.8288 0.3873
vn -0.1682 0.3512 0.9211
vn 0.2074 -0.5153 0.8315
vn 0.4539 -0.8515 0.2625
vn 0.4123 -0.9018 0.1293
vn 0.5022 -0.8641 -0.0340
vn 0.4199 -0.8947 -0.1520
vn 0.4627 -0.8319 -0.3065
vn 0.2224 -0.4034 -0.8876
vn -0.1633 0.4581 -0.8738
vn -0.4355 0.8431 -0.3155
vn -0.3217 0.9269 -0.1935
vt 0.997300 0.445500
vt 0.815600 0.681700
vt 0.787100 0.563500
vt 0.211200 0.540100
vt 0.201200 0.662400
vt 0.011700 0.440500
vt 0.968900 0.453800
vt 0.751200 0.854100
vt 0.755200 0.681600
vt 0.013600 0.477000
vt 0.197200 0.673800
vt 0.184400 0.817300
vt 0.008900 0.443300
vt 0.225500 0.264100
vt 0.201200 0.133800
vt 0.531300 0.097200
vt 0.198100 0.419500
vt 0.533000 0.533600
vt 0.220000 0.304000
vt 0.222600 0.176700
vt 0.543000 0.419800
vt 0.752300 0.238600
vt 0.825200 0.360100
vt 0.455800 0.436900
vt 0.465400 0.634600
vt 0.754900 0.303600
vt 0.775700 0.431900
vt 0.501000 0.542500
vt 0.531900 0.768300
vt 0.194100 0.471300
vt 0.489700 0.578600
vt 0.801300 0.527600
vt 0.840300 0.411900
vt 0.910400 0.533400
vt 0.849700 0.736700
vt 0.853700 0.647800
vt 0.920100 0.695500
vt 0.859600 0.559200
vt 0.861300 0.470300
vt 0.926800 0.609500
vt 0.177200 0.521600
vt 0.215300 0.655300
vt 0.130100 0.736700
vt 0.248900 0.779000
vt 0.281900 0.904900
vt 0.157100 0.846600
vt 0.299800 0.552700
vt 0.317700 0.643200
vt 0.213700 0.700600
vt 0.322700 0.734400
vt 0.323500 0.825800
vt 0.217200 0.873600
vt 0.719400 0.737000
vt 0.761800 0.641600
vt 0.819500 0.809900
vt 0.623600 0.825500
vt 0.602500 0.744100
vt 0.706100 0.615700
vt 0.751200 0.182100
vt 0.979900 0.321800
vt 0.018000 0.321600
vt 0.971600 0.313600
vt 0.777400 0.110100
vt 0.982000 0.273800
vt 0.961700 0.423400
vt 0.964600 0.347400
vt 0.013600 0.325100
vt 0.525000 0.267300
vt 0.532700 0.647300
vt 0.553300 0.314000
vt 0.445200 0.217900
vt 0.473400 0.800300
vt 0.487000 0.425500
vt 0.517500 0.651300
vt 0.509900 0.429900
vt 0.877700 0.634500
vt 0.980700 0.656700
vt 0.957500 0.729900
vt 0.918500 0.782300
vt 0.987500 0.744100
vt 0.985500 0.825500
vt 0.929900 0.526900
vt 0.999500 0.583800
vt 0.995600 0.663700
vt 0.099100 0.619500
vt 0.040700 0.809800
vt 0.018700 0.716500
vt 0.181900 0.527100
vt 0.076500 0.593600
vt 0.058700 0.520200
vt 0.197500 0.612100
vt 0.103400 0.760500
vt 0.090000 0.677100
vt 0.213600 0.785700
vt 0.105600 0.924600
vt 0.105600 0.842700
vt 0.846800 0.726000
vt 0.934200 0.801600
vt 0.914300 0.866900
vt 0.004400 0.663700
vt 0.000500 0.583800
vt 0.018700 0.521900
vt 0.030000 0.697300
vt 0.040700 0.487300
vt 0.053300 0.743400
vt 0.085700 0.972500
vt 0.065800 0.999500
vt 0.071100 0.796500
vt 0.805700 0.743400
vt 0.809800 0.487300
vt 0.890200 0.520200
vt 0.997200 0.408500
vt 0.000500 0.405000
vt 0.002700 0.472300
vt 0.014100 0.414600
vt 0.676500 0.831000
vt 0.468100 0.756500
vt 0.840300 0.825300
vt 0.138700 0.389700
vt 0.281900 0.462100
vt 0.894400 0.931000
vt 0.782800 0.889800
vt 0.733200 0.697300
vt 0.656700 0.907300
vt 0.993700 0.364700
vt 0.005100 0.361800
vt 0.979900 0.498300
vt 0.035400 0.262100
vt 0.174800 0.000500
vt 0.247700 0.069700
vt 0.014400 0.356400
vt 0.531300 0.753100
vt 0.446700 0.058300
vt 0.473400 0.316600
vt 0.980700 0.907300
vt 0.910400 0.865700
vt 0.000500 0.641400
vt 0.070100 0.513800
vt 0.058700 0.890200
vt 0.181900 0.949200
vt 0.026600 0.615700
vt 0.012500 0.744100
vt 0.042500 0.966500
vt 0.019300 0.907300
vt 0.091100 0.759100
vt 0.973000 0.593600
vt 0.887300 0.796500
vt 0.801600 0.999500
vt -0.042900 18.945299
vt -0.036900 13.541300
vt -9.302200 11.762300
vt -16.737600 13.593700
vt -20.866699 16.178499
vt -20.872499 19.953800
vt -16.752300 22.925900
vt -9.318000 21.677299
vt -0.055700 25.828800
vt 9.219400 21.750700
vt 16.649799 23.551201
vt 20.780199 20.311399
vt 20.785999 16.536200
vt 16.664499 14.219000
vt 9.240600 7.894300
vt -0.055100 -4.747400
vt -9.441200 -6.115200
vt -9.312700 1.573100
vt -0.047400 3.860000
vt -16.948000 -0.760800
vt -16.745701 0.455100
vt -21.035200 -3.847400
vt -20.865299 -3.380700
vt -21.115900 -12.151000
vt -20.862200 -6.408700
vt -16.929399 -18.802299
vt -16.737000 -8.029400
vt -9.394500 -23.525801
vt -9.301500 -9.999300
vt -0.003900 -25.278400
vt -0.033900 -10.032000
vt 9.381600 -23.451500
vt 9.235900 -9.925800
vt 16.903099 -18.406900
vt 16.665100 -7.404100
vt 21.073299 -11.881800
vt 20.790501 -6.051100
vt 21.045500 -7.878300
vt 20.787399 -3.023000
vt 16.860399 -3.858600
vt 16.656401 1.080400
vt 9.334800 -6.040800
vt 9.224700 1.646600
vt -0.072000 1.900100
vt -10.158800 5.010600
vt -15.491500 5.097000
vt -21.747700 3.907400
vt -19.034300 -4.353300
vt -22.539600 -10.030100
vt -10.095800 -22.826900
vt 0.026800 -25.090300
vt 10.142100 -22.746799
vt 18.246700 -16.260700
vt 22.735500 -6.916500
vt 22.667400 -4.092900
vt 18.192801 6.175100
vt 10.079600 5.172800
vt 4.448000 16.955900
vt -10.139600 11.722600
vt -7.899400 3.732600
vt -17.201599 24.617300
vt -16.504499 24.252300
vt -18.582500 27.666100
vt -21.025999 23.273701
vt -21.500601 28.911900
vt -23.521900 25.418800
vt -24.688400 26.636499
vt -24.659599 25.962799
vt -22.551500 -10.162900
vt -10.119000 -21.012199
vt -0.000000 -23.321800
vt 10.119000 -21.012199
vt 18.233700 -14.540900
vt 22.737101 -5.189600
vt 22.737101 5.189600
vt 18.192801 10.836500
vt 10.099800 11.934400
vt -0.000000 16.144300
vt -8.894700 14.292200
vt -14.390700 9.080700
vt -16.966900 23.019300
vt -18.280300 25.697201
vt -20.620501 26.696199
vt -23.409500 25.728500
vt -16.027599 -11.660900
vt -8.894700 -16.850500
vt -0.000000 -18.702600
vt 8.894700 -16.850500
vt 16.027599 -11.660900
vt 19.986099 -4.161700
vt 19.986099 4.161700
vt 16.027599 9.102600
vt 8.894600 14.292200
vt -0.000000 13.608800
vt -6.212900 12.007800
vt -11.195200 7.521700
vt -12.101600 3.572700
vt -18.828400 4.262100
vt -13.960200 -3.597500
vt -19.986099 -4.161700
vt -11.195200 -10.080000
vt -6.212900 -14.566100
vt -0.000000 -16.167101
vt 6.212900 -14.566100
vt 11.195200 -10.080000
vt 13.960200 -3.597500
vt 13.960200 3.597500
vt 11.195200 7.521700
vt 6.212900 12.007800
vt -0.000000 0.000000
vt -19.311899 10.718400
vt -22.699800 13.273200
vt -27.308201 11.519300
vt -29.875401 5.947700
vt -15.721500 16.447201
vt -29.697800 4.603500
vt -17.119200 12.889700
vt -19.806700 11.248700
vt -22.683300 9.889100
vt -25.410801 2.392700
vt -9.318000 5.048600
vt -0.051700 6.737400
vt -16.757799 8.390400
vt -20.884199 8.809800
vt -20.889999 11.517400
vt -16.771299 14.564400
vt -9.336800 13.455200
vt -0.075300 17.447399
vt 9.200600 13.528700
vt 16.630800 15.189600
vt 20.762699 11.875000
vt 20.768499 9.167500
vt 16.644300 9.015700
vt 9.219400 5.122000
s 1
usemtl lambert3SG
f 399/449/399 400/450/400 401/451/401
f 402/452/402 403/453/403 404/454/404
f 405/455/405 406/456/406 407/457/407
f 404/454/404 403/453/403 408/458/408
f 409/459/409 400/460/400 410/461/410
f 411/462/411 403/463/403 412/464/412
f 402/452/402 413/465/413 414/466/414
f 415/467/415 416/468/416 417/469/417
f 418/470/418 419/471/419 420/472/420
f 407/457/407 406/456/406 421/473/421
f 422/474/422 423/475/423 424/476/424
f 401/451/401 400/450/400 425/477/425
f 409/459/409 426/478/426 427/479/427
f 428/480/428 429/481/429 430/482/430
f 431/483/431 432/484/432 433/485/433
f 434/486/434 435/487/435 436/488/436
f 437/489/437 438/490/438 439/491/439
f 440/492/440 441/493/441 442/494/442
f 443/495/443 444/496/444 445/497/445
f 446/498/446 447/499/447 448/500/448
f 449/501/449 450/502/450 451/503/451
f 452/504/452 453/505/453 454/506/454
f 422/474/422 406/507/406 455/508/455
f 456/509/456 416/468/416 415/467/415
f 457/510/457 416/511/416 456/512/456
f 458/513/458 419/471/419 459/514/459
f 418/470/418 416/511/416 457/510/457
f 408/515/408 403/463/403 411/462/411
f 460/516/460 429/481/429 428/480/428
f 461/517/461 432/484/432 431/483/431
f 462/518/462 435/487/435 434/486/434
f 463/519/463 438/490/438 437/489/437
f 464/520/464 441/493/441 440/492/440
f 465/521/465 444/496/444 443/495/443
f 466/522/466 447/499/447 446/498/446
f 467/523/467 450/502/450 449/501/449
f 468/524/468 469/525/469 470/526/470
f 471/527/471 453/528/453 452/529/452
f 472/530/472 473/531/473 474/532/474
f 475/533/475 476/534/476 477/535/477
f 478/536/478 479/537/479 480/538/480
f 481/539/481 482/540/482 483/541/483
f 484/542/484 485/543/485 486/544/486
f 487/545/487 488/546/488 489/547/489
f 474/548/474 473/549/473 477/550/477
f 490/551/490 476/552/476 491/553/491
f 483/541/483 482/540/482 486/544/486
f 489/554/489 488/555/488 492/556/492
f 491/557/491 476/558/476 480/559/480
f 401/451/401 423/475/423 493/560/493
f 399/449/399 401/451/401 493/560/493
f 494/561/494 413/465/413 402/452/402
f 402/452/402 404/454/404 494/561/494
f 407/457/407 419/471/419 458/513/458
f 405/455/405 407/457/407 458/513/458
f 410/461/410 400/460/400 399/562/399
f 495/563/495 426/478/426 409/459/409
f 409/459/409 410/461/410 495/563/495
f 412/464/412 429/481/429 460/516/460
f 460/516/460 426/478/426 411/462/411
f 411/462/411 412/464/412 460/516/460
f 414/466/414 432/484/432 461/517/461
f 461/517/461 403/453/403 402/452/402
f 402/452/402 414/466/414 461/517/461
f 417/469/417 432/484/432 414/466/414
f 414/466/414 413/465/413 415/467/415
f 415/467/415 417/469/417 414/466/414
f 420/472/420 438/490/438 463/519/463
f 463/519/463 416/511/416 418/470/418
f 418/470/418 420/472/420 463/519/463
f 421/473/421 438/490/438 420/472/420
f 420/472/420 419/471/419 407/457/407
f 407/457/407 421/473/421 420/472/420
f 424/476/424 444/496/444 465/521/465
f 465/521/465 406/507/406 422/474/422
f 422/474/422 424/476/424 465/521/465
f 425/477/425 447/499/447 466/522/466
f 466/522/466 423/475/423 401/451/401
f 401/451/401 425/477/425 466/522/466
f 427/479/427 447/564/447 425/565/425
f 425/565/425 400/460/400 409/459/409
f 409/459/409 427/479/427 425/565/425
f 430/482/430 469/525/469 468/524/468
f 468/524/468 450/502/450 428/480/428
f 428/480/428 430/482/430 468/524/468
f 433/485/433 453/528/453 471/527/471
f 471/527/471 429/566/429 431/483/431
f 431/483/431 433/485/433 471/527/471
f 436/488/436 453/528/453 433/485/433
f 433/485/433 432/484/432 434/486/434
f 434/486/434 436/488/436 433/485/433
f 439/491/439 476/534/476 475/533/475
f 475/533/475 435/567/435 437/489/437
f 437/489/437 439/491/439 475/533/475
f 442/494/442 476/534/476 439/491/439
f 439/491/439 438/490/438 440/492/440
f 440/492/440 442/494/442 439/491/439
f 445/497/445 482/540/482 481/539/481
f 481/539/481 441/568/441 443/495/443
f 443/495/443 445/497/445 481/539/481
f 448/500/448 485/543/485 484/542/484
f 484/542/484 444/496/444 446/498/446
f 446/498/446 448/500/448 484/542/484
f 451/503/451 485/569/485 448/570/448
f 448/570/448 447/564/447 449/501/449
f 449/501/449 451/503/451 448/570/448
f 454/506/454 476/558/476 490/571/490
f 490/571/490 469/572/469 452/504/452
f 452/504/452 454/506/454 490/571/490
f 496/573/496 423/475/423 422/474/422
f 422/474/422 455/508/455 496/573/496
f 493/560/493 423/475/423 496/573/496
f 497/574/497 413/465/413 494/561/494
f 415/467/415 413/465/413 497/574/497
f 456/509/456 415/467/415 497/574/497
f 455/575/455 406/456/406 405/455/405
f 459/576/459 419/577/419 418/578/418
f 418/470/418 457/510/457 459/514/459
f 498/579/498 426/478/426 495/563/495
f 411/462/411 426/478/426 498/579/498
f 408/515/408 411/462/411 498/579/498
f 428/480/428 450/502/450 467/523/467
f 467/523/467 426/478/426 460/516/460
f 460/516/460 428/480/428 467/523/467
f 431/483/431 429/566/429 412/580/412
f 412/580/412 403/453/403 461/517/461
f 461/517/461 431/483/431 412/580/412
f 434/486/434 432/484/432 417/469/417
f 417/469/417 416/468/416 462/518/462
f 462/518/462 434/486/434 417/469/417
f 437/489/437 435/567/435 462/581/462
f 462/581/462 416/511/416 463/519/463
f 463/519/463 437/489/437 462/581/462
f 440/492/440 438/490/438 421/473/421
f 421/473/421 406/456/406 464/520/464
f 464/520/464 440/492/440 421/473/421
f 443/495/443 441/568/441 464/582/464
f 464/582/464 406/507/406 465/521/465
f 465/521/465 443/495/443 464/582/464
f 446/498/446 444/496/444 424/476/424
f 424/476/424 423/475/423 466/522/466
f 466/522/466 446/498/446 424/476/424
f 449/501/449 447/564/447 427/479/427
f 427/479/427 426/478/426 467/523/467
f 467/523/467 449/501/449 427/479/427
f 470/526/470 488/546/488 487/545/487
f 487/545/487 450/502/450 468/524/468
f 468/524/468 470/526/470 487/545/487
f 452/529/452 469/583/469 430/584/430
f 430/584/430 429/566/429 471/527/471
f 471/527/471 452/529/452 430/584/430
f 474/532/474 453/528/453 436/488/436
f 436/488/436 435/487/435 472/530/472
f 472/530/472 474/532/474 436/488/436
f 477/535/477 473/585/473 472/586/472
f 472/586/472 435/567/435 475/533/475
f 475/533/475 477/535/477 472/586/472
f 480/587/480 476/534/476 442/494/442
f 442/494/442 441/493/441 478/588/478
f 478/588/478 480/587/480 442/494/442
f 483/541/483 479/537/479 478/536/478
f 478/536/478 441/568/441 481/539/481
f 481/539/481 483/541/483 478/536/478
f 486/544/486 482/540/482 445/497/445
f 445/497/445 444/496/444 484/542/484
f 484/542/484 486/544/486 445/497/445
f 489/547/489 485/569/485 451/503/451
f 451/503/451 450/502/450 487/545/487
f 487/545/487 489/547/489 451/503/451
f 477/550/477 476/552/476 454/589/454
f 454/589/454 453/590/453 474/548/474
f 474/548/474 477/550/477 454/589/454
f 491/553/491 488/555/488 470/591/470
f 470/591/470 469/592/469 490/551/490
f 490/551/490 491/553/491 470/591/470
f 486/544/486 485/543/485 499/593/499
f 499/593/499 479/537/479 483/541/483
f 483/541/483 486/544/486 499/593/499
f 492/556/492 479/537/479 499/593/499
f 499/593/499 485/543/485 489/554/489
f 489/554/489 492/556/492 499/593/499
f 480/559/480 479/594/479 492/595/492
f 492/595/492 488/596/488 491/557/491
f 491/557/491 480/559/480 492/595/492
f 500/597/500 501/598/501 502/599/502
f 500/597/500 502/599/502 503/600/503
f 500/597/500 503/600/503 504/601/504
f 500/597/500 504/601/504 505/602/505
f 500/597/500 505/602/505 506/603/506
f 500/597/500 506/603/506 507/604/507
f 500/597/500 507/604/507 508/605/508
f 500/597/500 508/605/508 509/606/509
f 500/597/500 509/606/509 510/607/510
f 500/597/500 510/607/510 511/608/511
f 500/597/500 511/608/511 512/609/512
f 500/597/500 512/609/512 513/610/513
f 500/597/500 513/610/513 514/611/514
f 500/597/500 514/611/514 501/598/501
f 516/612/516 517/613/517 518/614/518
f 518/614/518 515/615/515 516/612/516
f 518/614/518 517/613/517 519/616/519
f 519/616/519 520/617/520 518/614/518
f 519/616/519 521/618/521 522/619/522
f 522/619/522 520/617/520 519/616/519
f 522/619/522 521/618/521 523/620/523
f 523/620/523 524/621/524 522/619/522
f 524/621/524 523/620/523 525/622/525
f 525/622/525 526/623/526 524/621/524
f 525/622/525 527/624/527 528/625/528
f 528/625/528 526/623/526 525/622/525
f 528/625/528 527/624/527 529/626/529
f 529/626/529 530/627/530 528/625/528
f 529/626/529 531/628/531 532/629/532
f 532/629/532 530/627/530 529/626/529
f 532/629/532 531/628/531 533/630/533
f 533/630/533 534/631/534 532/629/532
f 533/630/533 535/632/535 536/633/536
f 536/633/536 534/631/534 533/630/533
f 535/632/535 537/634/537 538/635/538
f 538/635/538 536/633/536 535/632/535
f 538/635/538 537/634/537 539/636/539
f 539/636/539 540/637/540 538/635/538
f 539/636/539 541/638/541 542/639/542
f 542/639/542 540/637/540 539/636/539
f 542/639/542 541/638/541 516/612/516
f 542/639/542 516/612/516 515/615/515
f 543/640/543 544/641/544 517/613/517
f 517/613/517 516/612/516 543/640/543
f 544/641/544 545/642/545 519/616/519
f 519/616/519 517/613/517 544/641/544
f 519/616/519 545/642/545 546/643/546
f 546/643/546 521/618/521 519/616/519
f 521/618/521 546/643/546 547/644/547
f 547/644/547 523/620/523 521/618/521
f 523/620/523 547/644/547 548/645/548
f 548/645/548 525/622/525 523/620/523
f 525/622/525 548/645/548 549/646/549
f 549/646/549 527/624/527 525/622/525
f 527/624/527 549/646/549 550/647/550
f 550/647/550 529/626/529 527/624/527
f 550/647/550 551/648/551 531/628/531
f 531/628/531 529/626/529 550/647/550
f 551/648/551 552/649/552 533/630/533
f 533/630/533 531/628/531 551/648/551
f 552/649/552 553/650/553 535/632/535
f 535/632/535 533/630/533 552/649/552
f 553/650/553 554/651/554 537/634/537
f 537/634/537 535/632/535 553/650/553
f 554/651/554 555/652/555 539/636/539
f 539/636/539 537/634/537 554/651/554
f 539/636/539 555/652/555 556/653/556
f 556/653/556 541/638/541 539/636/539
f 541/638/541 556/653/556 543/640/543
f 541/638/541 543/640/543 516/612/516
f 543/640/543 557/654/557 558/655/558
f 558/655/558 544/641/544 543/640/543
f 544/641/544 558/655/558 559/656/559
f 559/656/559 545/642/545 544/641/544
f 560/657/560 561/658/561 562/659/562
f 562/659/562 563/660/563 560/657/560
f 563/660/563 562/659/562 564/661/564
f 564/661/564 565/662/565 563/660/563
f 565/662/565 564/661/564 566/663/566
f 566/663/566 567/664/567 565/662/565
f 548/645/548 568/665/568 569/666/569
f 569/666/569 549/646/549 548/645/548
f 549/646/549 569/666/569 570/667/570
f 570/667/570 550/647/550 549/646/549
f 570/667/570 571/668/571 551/648/551
f 551/648/551 550/647/550 570/667/570
f 571/668/571 572/669/572 552/649/552
f 552/649/552 551/648/551 571/668/571
f 572/669/572 573/670/573 553/650/553
f 553/650/553 552/649/552 572/669/572
f 573/670/573 574/671/574 554/651/554
f 554/651/554 553/650/553 573/670/573
f 574/671/574 575/672/575 555/652/555
f 555/652/555 554/651/554 574/671/574
f 575/672/575 576/673/576 556/653/556
f 556/653/556 555/652/555 575/672/575
f 556/653/556 576/673/576 557/654/557
f 556/653/556 557/654/557 543/640/543
f 577/674/577 578/675/578 558/655/558
f 558/655/558 557/654/557 577/674/577
f 558/655/558 578/675/578 579/676/579
f 579/676/579 559/656/559 558/655/558
f 580/677/580 581/678/581 562/659/562
f 562/659/562 561/658/561 580/677/580
f 581/678/581 582/679/582 564/661/564
f 564/661/564 562/659/562 581/678/581
f 564/661/564 582/679/582 583/680/583
f 583/680/583 566/663/566 564/661/564
f 584/681/584 585/682/585 569/666/569
f 569/666/569 568/665/568 584/681/584
f 585/682/585 586/683/586 570/667/570
f 570/667/570 569/666/569 585/682/585
f 586/683/586 587/684/587 571/668/571
f 571/668/571 570/667/570 586/683/586
f 571/668/571 587/684/587 588/685/588
f 588/685/588 572/669/572 571/668/571
f 572/669/572 588/685/588 589/686/589
f 589/686/589 573/670/573 572/669/572
f 589/686/589 590/687/590 574/671/574
f 574/671/574 573/670/573 589/686/589
f 590/687/590 591/688/591 575/672/575
f 575/672/575 574/671/574 590/687/590
f 591/688/591 592/689/592 576/673/576
f 576/673/576 575/672/575 591/688/591
f 576/673/576 592/689/592 577/674/577
f 576/673/576 577/674/577 557/654/557
f 577/674/577 593/690/593 594/691/594
f 594/691/594 578/675/578 577/674/577
f 578/675/578 594/691/594 595/692/595
f 595/692/595 579/676/579 578/675/578
f 579/676/579 595/692/595 596/693/596
f 596/693/596 597/694/597 579/676/579
f 597/694/597 596/693/596 598/695/598
f 598/695/598 599/696/599 597/694/597
f 598/695/598 600/697/600 584/681/584
f 584/681/584 599/696/599 598/695/598
f 600/697/600 601/698/601 585/682/585
f 585/682/585 584/681/584 600/697/600
f 601/698/601 602/699/602 586/683/586
f 586/683/586 585/682/585 601/698/601
f 586/683/586 602/699/602 603/700/603
f 603/700/603 587/684/587 586/683/586
f 587/684/587 603/700/603 604/701/604
f 604/701/604 588/685/588 587/684/587
f 588/685/588 604/701/604 605/702/605
f 605/702/605 589/686/589 588/685/588
f 605/702/605 606/703/606 590/687/590
f 590/687/590 589/686/589 605/702/605
f 606/703/606 607/704/607 591/688/591
f 591/688/591 590/687/590 606/703/606
f 607/704/607 608/705/608 592/689/592
f 592/689/592 591/688/591 607/704/607
f 592/689/592 608/705/608 593/690/593
f 592/689/592 593/690/593 577/674/577
f 609/706/609 594/691/594 593/690/593
f 609/706/609 595/692/595 594/691/594
f 609/706/609 596/693/596 595/692/595
f 609/706/609 598/695/598 596/693/596
f 609/706/609 600/697/600 598/695/598
f 609/706/609 601/698/601 600/697/600
f 609/706/609 602/699/602 601/698/601
f 609/706/609 603/700/603 602/699/602
f 609/706/609 604/701/604 603/700/603
f 609/706/609 605/702/605 604/701/604
f 609/706/609 606/703/606 605/702/605
f 609/706/609 607/704/607 606/703/606
f 609/706/609 608/705/608 607/704/607
f 609/706/609 593/690/593 608/705/608
f 546/643/546 545/642/545 610/707/610
f 610/707/610 611/708/611 546/643/546
f 546/643/546 611/708/611 612/709/612
f 612/709/612 547/644/547 546/643/546
f 547/644/547 612/709/612 613/710/613
f 613/710/613 548/645/548 547/644/547
f 545/642/545 559/656/559 614/711/614
f 614/711/614 610/707/610 545/642/545
f 568/665/568 548/645/548 613/710/613
f 613/710/613 615/712/615 568/665/568
f 559/656/559 579/676/579 616/713/616
f 616/713/616 614/711/614 559/656/559
f 579/676/579 597/694/597 617/714/617
f 617/714/617 616/713/616 579/676/579
f 597/694/597 599/696/599 618/715/618
f 618/715/618 617/714/617 597/694/597
f 599/696/599 584/681/584 619/716/619
f 619/716/619 618/715/618 599/696/599
f 568/665/568 615/712/615 619/716/619
f 619/716/619 584/681/584 568/665/568
f 614/711/614 561/658/561 560/657/560
f 560/657/560 610/707/610 614/711/614
f 610/707/610 560/657/560 563/660/563
f 563/660/563 611/708/611 610/707/610
f 611/708/611 563/660/563 565/662/565
f 565/662/565 612/709/612 611/708/611
f 613/710/613 567/664/567 566/663/566
f 566/663/566 615/712/615 613/710/613
f 612/709/612 565/662/565 567/664/567
f 567/664/567 613/710/613 612/709/612
f 614/711/614 616/713/616 580/677/580
f 580/677/580 561/658/561 614/711/614
f 616/713/616 617/714/617 581/678/581
f 581/678/581 580/677/580 616/713/616
f 617/714/617 618/715/618 582/679/582
f 582/679/582 581/678/581 617/714/617
f 618/715/618 619/716/619 583/680/583
f 583/680/583 582/679/582 618/715/618
f 615/712/615 566/663/566 583/680/583
f 583/680/583 619/716/619 615/712/615
f 515/615/515 518/614/518 620/717/620
f 620/717/620 621/718/621 515/615/515
f 520/617/520 622/719/622 620/717/620
f 620/717/620 518/614/518 520/617/520
f 520/617/520 522/619/522 623/720/623
f 623/720/623 622/719/622 520/617/520
f 524/621/524 624/721/624 623/720/623
f 623/720/623 522/619/522 524/621/524
f 526/623/526 625/722/625 624/721/624
f 624/721/624 524/621/524 526/623/526
f 526/623/526 528/625/528 626/723/626
f 626/723/626 625/722/625 526/623/526
f 530/627/530 627/724/627 626/723/626
f 626/723/626 528/625/528 530/627/530
f 530/627/530 532/629/532 628/725/628
f 628/725/628 627/724/627 530/627/530
f 534/631/534 629/726/629 628/725/628
f 628/725/628 532/629/532 534/631/534
f 534/631/534 536/633/536 630/727/630
f 630/727/630 629/726/629 534/631/534
f 538/635/538 631/728/631 630/727/630
f 630/727/630 536/633/536 538/635/538
f 540/637/540 632/729/632 631/728/631
f 631/728/631 538/635/538 540/637/540
f 540/637/540 542/639/542 633/730/633
f 633/730/633 632/729/632 540/637/540
f 542/639/542 515/615/515 621/718/621
f 621/718/621 633/730/633 542/639/542
f 621/718/621 620/717/620 502/599/502
f 502/599/502 501/598/501 621/718/621
f 622/719/622 503/600/503 502/599/502
f 502/599/502 620/717/620 622/719/622
f 622/719/622 623/720/623 504/601/504
f 504/601/504 503/600/503 622/719/622
f 623/720/623 624/721/624 505/602/505
f 505/602/505 504/601/504 623/720/623
f 624/721/624 625/722/625 506/603/506
f 506/603/506 505/602/505 624/721/624
f 625/722/625 626/723/626 507/604/507
f 507/604/507 506/603/506 625/722/625
f 627/724/627 508/605/508 507/604/507
f 507/604/507 626/723/626 627/724/627
f 627/724/627 628/725/628 509/606/509
f 509/606/509 508/605/508 627/724/627
f 629/726/629 510/607/510 509/606/509
f 509/606/509 628/725/628 629/726/629
f 630/727/630 511/608/511 510/607/510
f 510/607/510 629/726/629 630/727/630
f 631/728/631 512/609/512 511/608/511
f 511/608/511 630/727/630 631/728/631
f 631/728/631 632/729/632 513/610/513
f 513/610/513 512/609/512 631/728/631
f 632/729/632 633/730/633 514/611/514
f 514/611/514 513/610/513 632/729/632
f 633/730/633 621/718/621 501/598/501
f 501/598/501 514/611/514 633/730/633
o brazoizq
v 0.485800 1.943100 0.019100
v 0.475600 1.465100 -0.307400
v 0.433000 1.367300 -0.213400
v 1.039900 1.916300 -0.023200
v 0.985600 1.943000 -0.113100
v 0.618700 2.013900 0.079700
v 0.520400 1.850800 0.121500
v 0.485800 1.351400 0.108700
v 0.595800 1.463000 0.211900
v 0.607300 2.014900 0.044100
v 0.601300 1.534900 -0.367400
v 0.516800 1.963100 0.002300
v 0.930000 1.830200 -0.253100
v 1.416200 1.413600 -0.274800
v 1.042600 1.903500 0.085200
v 1.469800 1.470600 -0.087200
v 1.036100 1.811900 0.142500
v 0.988600 1.728500 0.229200
v 1.450100 1.437300 0.005400
v 0.917600 1.701100 0.266500
v 0.736900 1.706900 0.315300
v 1.140500 1.222700 0.216400
v 0.991800 1.106200 0.170200
v 0.443500 1.315800 0.001900
v 0.394800 1.316100 -0.107800
v 0.788000 0.956000 -0.081900
v 0.867500 1.053600 -0.279700
v 0.745300 1.747100 -0.327300
v 1.027600 1.123500 -0.338900
v 1.442600 0.700600 -0.270800
v 1.567400 0.731900 -0.210700
v 1.567700 0.541500 -0.181900
v 1.605900 0.766400 -0.139600
v 1.623800 0.796400 -0.069200
v 1.613900 0.616400 -0.053600
v 1.609800 0.794400 0.005800
v 1.579600 0.788800 0.080200
v 1.603000 0.621300 0.019300
v 1.432200 0.775500 0.134400
v 1.287100 0.753000 0.158900
v 1.336500 0.594300 0.167500
v 1.160200 0.716700 0.129800
v 1.036400 0.668300 0.062100
v 1.228600 0.550900 0.131700
v 1.005200 0.659500 -0.016500
v 0.974000 0.650800 -0.095100
v 1.078800 0.474900 -0.064400
v 1.013500 0.671600 -0.174400
v 1.069300 0.696100 -0.253200
v 1.158700 0.490800 -0.214000
v 1.193400 0.683400 -0.289900
v 1.315500 0.678400 -0.302100
v 1.264800 0.475900 -0.246200
v 1.589900 0.400600 -0.094200
v 1.600900 0.433100 -0.032800
v 1.498800 0.424400 0.072700
v 0.477900 1.857000 0.087300
v 0.636800 1.971100 0.171100
v 0.617900 1.924000 0.174500
v 0.548800 1.846500 0.146100
v 0.599900 1.887800 0.176100
v 1.294200 1.318000 -0.366700
v 1.452700 1.448700 -0.183300
v 1.434700 1.406500 0.091800
v 1.315500 1.306600 0.143500
v 0.869400 1.004700 0.108400
v 0.831700 0.983300 0.016500
v 0.810500 0.993400 -0.177300
v 1.161400 1.183200 -0.361200
v 1.460400 0.507400 -0.232000
v 1.567000 0.364400 -0.155800
v 1.491400 0.334200 -0.205200
v 1.603800 0.581800 -0.118900
v 1.577500 0.621200 0.089400
v 1.574100 0.438200 0.103900
v 1.596500 0.438500 0.035700
v 1.460600 0.615300 0.143400
v 1.396800 0.415700 0.178200
v 1.493200 0.433700 0.151500
v 1.130100 0.504300 0.083500
v 1.245200 0.334700 0.097300
v 1.320100 0.381500 0.153200
v 1.105500 0.490500 0.010900
v 1.207500 0.307800 -0.044300
v 1.226400 0.321200 0.026500
v 1.112500 0.473800 -0.135400
v 1.267400 0.306800 -0.182200
v 1.232800 0.305800 -0.113300
v 1.360200 0.483100 -0.263900
v 1.414600 0.312300 -0.234600
v 1.341400 0.306300 -0.216400
v 1.481900 0.390000 0.011200
v 1.405700 0.364000 -0.028200
v 1.329900 0.323500 -0.068700
v 0.474500 1.922000 0.041100
v 0.608300 2.018100 0.115000
v 0.545800 1.981000 -0.008600
v 0.462500 1.890800 0.063800
v 0.623700 2.003700 0.149800
v 0.588200 2.010400 0.010900
v 1.256300 0.320700 -0.042500
v 1.297100 -0.288300 0.053500
v 1.224300 -0.341300 0.072200
v 1.293600 -0.323900 0.165200
v 1.287400 -0.320200 0.252600
v 1.325600 -0.312500 0.292500
v 1.358200 -0.308700 0.285900
v 1.379700 -0.313500 0.234200
v 1.412100 -0.313900 0.141500
v 1.372300 -0.330600 0.042700
v 1.372400 -0.331900 -0.065000
v 1.308000 -0.346000 -0.137900
v 1.268800 -0.349200 -0.178100
v 1.236200 -0.353000 -0.171400
v 1.215700 -0.352700 -0.119500
v 1.253800 -0.341900 -0.041300
v 1.716300 -0.276000 0.106000
v 1.636600 -0.468700 0.136500
v 1.619300 -0.513600 0.011100
v 1.718900 -0.290300 -0.027600
v 1.705700 -0.270300 0.215300
v 1.594400 -0.432400 0.247900
v 1.642400 -0.265600 0.286900
v 1.574000 -0.399700 0.308000
v 1.560000 -0.266000 0.302800
v 1.539200 -0.368900 0.312000
v 1.474700 -0.271300 0.259900
v 1.499100 -0.332300 0.257500
v 1.514900 -0.277000 0.144900
v 1.490300 -0.325300 0.152200
v 1.456200 -0.291500 0.023200
v 1.439700 -0.338700 0.030500
v 1.465300 -0.299400 -0.112300
v 1.441400 -0.347500 -0.101700
v 1.385300 -0.311800 -0.203500
v 1.410900 -0.372300 -0.200100
v 1.448600 -0.316500 -0.275100
v 1.429300 -0.418800 -0.258600
v 1.531100 -0.316100 -0.291000
v 1.464000 -0.449600 -0.262600
v 1.616400 -0.310800 -0.248100
v 1.506200 -0.472400 -0.209700
v 1.666700 -0.298500 -0.151200
v 1.587700 -0.490900 -0.117400
v 1.720900 -0.103900 0.100600
v 1.716500 -0.111300 -0.042800
v 1.670800 -0.107300 0.263800
v 1.623900 -0.114900 0.320400
v 1.524200 -0.136100 0.328400
v 1.463800 -0.152100 0.265000
v 1.468800 -0.156100 0.153700
v 1.419700 -0.172800 0.019800
v 1.415400 -0.180300 -0.123500
v 1.356100 -0.197800 -0.226700
v 1.412200 -0.189200 -0.302700
v 1.512600 -0.168400 -0.323900
v 1.615000 -0.144200 -0.281300
v 1.667500 -0.128100 -0.176700
v 1.680300 0.083300 0.092000
v 1.676000 0.075900 -0.051300
v 1.643900 0.082900 0.255200
v 1.207700 -0.144100 0.362500
v 1.244600 -0.193300 0.369800
v 1.246600 -0.149700 0.409900
v 1.222000 -0.138300 0.420700
v 1.220500 -0.143100 0.323400
v 1.257400 -0.192400 0.330800
v 1.262000 -0.135400 0.294100
v 1.263300 -0.151000 0.301300
v 1.399000 0.025100 0.151300
v 1.421400 0.034700 0.256400
v 1.356900 0.009800 0.016000
v 1.345500 0.000900 -0.125900
v 1.313700 -0.011000 -0.234800
v 1.371600 -0.001900 -0.311200
v 1.472000 0.018800 -0.332400
v 1.574400 0.043000 -0.289800
v 1.626900 0.059100 -0.185200
v 1.631800 0.248700 0.069400
v 1.626200 0.241800 -0.056200
v 1.628000 0.230600 0.217200
v 1.212600 -0.072100 0.359100
v 1.250300 -0.077800 0.385000
v 1.222900 -0.071400 0.327800
v 1.261700 -0.079000 0.305400
v 1.305700 0.181200 0.138100
v 1.400900 0.181400 0.218500
v 1.274000 0.161900 0.018700
v 1.258800 0.159900 -0.105500
v 1.290100 0.161800 -0.213800
v 1.352200 0.172100 -0.283300
v 1.432800 0.188700 -0.300300
v 1.515800 0.208500 -0.261400
v 1.584800 0.227400 -0.174300
v 1.563800 0.391700 0.044900
v 1.555100 0.382500 -0.044800
v 1.543900 0.394800 0.120900
v 1.499200 0.391200 0.168300
v 1.543000 0.238800 0.272700
v 1.438800 0.381600 0.177600
v 1.462000 0.221200 0.273100
v 1.374500 0.367900 0.147100
v 1.319000 0.352800 0.082700
v 1.283400 0.339300 -0.002700
v 1.274700 0.330100 -0.092400
v 1.294600 0.327000 -0.168400
v 1.339200 0.330600 -0.215800
v 1.399700 0.340200 -0.225100
v 1.464000 0.353900 -0.194600
v 1.519500 0.369000 -0.130200
v 1.407800 0.402300 -0.024200
v 1.441100 -0.075200 0.430400
v 1.395700 -0.144400 0.407000
v 1.373400 -0.151000 0.369800
v 1.407700 -0.101500 0.296500
v 1.421700 -0.007800 0.448700
v 1.378800 -0.024600 0.284400
v 1.420500 0.084000 0.423800
v 1.392500 0.104200 0.406900
v 1.340400 0.100900 0.358600
v 1.379700 0.094700 0.291000
v 1.408700 -0.496200 0.174300
v 1.356400 -0.546300 0.064700
v 1.404000 -0.489400 0.282800
v 1.415300 -0.461900 0.325200
v 1.419400 -0.427400 0.321400
v 1.420900 -0.374500 0.276300
v 1.430800 -0.337900 0.164800
v 1.383000 -0.349200 0.042300
v 1.381800 -0.360000 -0.089200
v 1.332700 -0.414500 -0.181300
v 1.316400 -0.474100 -0.213200
v 1.312300 -0.508600 -0.209400
v 1.318300 -0.528200 -0.161900
v 1.362900 -0.517000 -0.063300
vn -0.7966 0.3487 -0.4938
vn -0.7005 -0.0125 -0.7136
vn -0.8170 -0.2509 -0.5193
vn 0.5414 0.8407 -0.0080
vn 0.3218 0.8773 -0.3560
vn 0.2018 0.9789 -0.0320
vn -0.6429 0.0342 0.7652
vn -0.7059 -0.3159 0.6340
vn -0.4598 -0.1958 0.8662
vn 0.1843 0.9622 -0.2007
vn -0.2954 0.1386 -0.9453
vn -0.5876 0.4653 -0.6620
vn 0.1854 0.6242 -0.7589
vn 0.6489 0.3481 -0.6766
vn 0.4998 0.7320 0.4630
vn 0.8686 0.4946 0.0289
vn 0.4809 0.4764 0.7361
vn 0.3977 0.3987 0.8264
vn 0.8252 0.4511 0.3399
vn 0.2720 0.3109 0.9107
vn -0.1333 0.2344 0.9630
vn 0.1454 -0.0817 0.9860
vn -0.2002 -0.2340 0.9514
vn -0.8170 -0.4040 0.4115
vn -0.9278 -0.3663 -0.0706
vn -0.7629 -0.6454 0.0368
vn -0.4131 -0.3872 -0.8243
vn -0.1447 0.4648 -0.8735
vn -0.1584 -0.1529 -0.9755
vn 0.3507 -0.0983 -0.9313
vn 0.7047 -0.0250 -0.7090
vn 0.7138 -0.1200 -0.6900
vn 0.9266 0.0501 -0.3726
vn 0.9940 0.0984 -0.0473
vn 0.9988 -0.0483 0.0068
vn 0.9561 0.1020 0.2747
vn 0.7148 0.0939 0.6930
vn 0.9694 -0.0188 0.2449
vn 0.2530 0.0721 0.9648
vn -0.0058 -0.0204 0.9998
vn -0.0574 0.0239 0.9981
vn -0.2976 -0.1718 0.9391
vn -0.6590 -0.3644 0.6580
vn -0.3479 -0.0958 0.9326
vn -0.8136 -0.4439 0.3755
vn -0.8606 -0.5034 -0.0779
vn -0.8340 -0.5512 0.0251
vn -0.7137 -0.4417 -0.5436
vn -0.4914 -0.3407 -0.8015
vn -0.5350 -0.4124 -0.7374
vn -0.2025 -0.2269 -0.9526
vn 0.0802 -0.1464 -0.9860
vn -0.2430 -0.2818 -0.9282
vn 0.8420 -0.5382 0.0376
vn 0.8572 -0.4977 0.1325
vn 0.3167 -0.9176 0.2401
vn -0.7877 -0.0078 0.6160
vn 0.1672 0.4520 0.8762
vn -0.1193 0.1502 0.9814
vn -0.6332 0.0825 0.7695
vn -0.3467 0.2295 0.9095
vn 0.2725 0.1171 -0.9550
vn 0.8156 0.4485 -0.3657
vn 0.6901 0.3442 0.6366
vn 0.3498 0.0567 0.9351
vn -0.5017 -0.4267 0.7525
vn -0.6904 -0.5760 0.4377
vn -0.6467 -0.5547 -0.5236
vn -0.0310 -0.0803 -0.9963
vn 0.3917 -0.1136 -0.9131
vn 0.7072 -0.6379 -0.3049
vn 0.4822 -0.7222 -0.4959
vn 0.9537 -0.0769 -0.2908
vn 0.7427 0.0391 0.6685
vn 0.6247 -0.5963 0.5042
vn 0.7686 -0.6115 0.1881
vn 0.2915 0.0962 0.9517
vn 0.1442 -0.5036 0.8518
vn 0.3834 -0.5572 0.7366
vn -0.6567 -0.3269 0.6796
vn -0.2775 -0.7938 0.5412
vn -0.0458 -0.6270 0.7777
vn -0.7976 -0.4780 0.3680
vn -0.4119 -0.9074 0.0833
vn -0.3283 -0.9068 0.2643
vn -0.7353 -0.5203 -0.4342
vn -0.3443 -0.8307 -0.4374
vn -0.3103 -0.9406 -0.1380
vn 0.0776 -0.1702 -0.9824
vn 0.2084 -0.7510 -0.6265
vn -0.1329 -0.8256 -0.5484
vn 0.3139 -0.9002 0.3019
vn 0.2706 -0.9299 0.2492
vn 0.2217 -0.9576 0.1843
vn -0.9417 0.1963 -0.2734
vn 0.2453 0.9618 0.1217
vn -0.3891 0.6134 -0.6873
vn -0.9915 0.1292 -0.0176
vn 0.2834 0.8336 0.4742
vn 0.0528 0.8707 -0.4890
vn 0.1645 -0.9798 0.1135
vn -0.1558 0.9862 -0.0560
vn -0.9730 0.1437 0.1805
vn -0.9599 -0.2263 0.1656
vn -0.9176 0.2396 0.3171
vn -0.4285 0.5152 0.7422
vn 0.2980 0.8011 0.5191
vn 0.4981 0.8537 0.1517
vn 0.6351 0.7614 -0.1301
vn 0.6703 0.7170 -0.1911
vn 0.6148 0.7505 -0.2426
vn 0.3798 0.7995 -0.4653
vn 0.0592 0.6925 -0.7190
vn -0.6891 0.3972 -0.6061
vn -0.9771 0.2124 0.0089
vn -0.9485 -0.2127 0.2347
vn 0.9795 -0.1909 0.0648
vn 0.6365 -0.7201 0.2763
vn 0.5638 -0.8252 -0.0339
vn 0.9638 -0.2072 -0.1677
vn 0.9000 -0.1839 0.3952
vn 0.5450 -0.6971 0.4658
vn 0.5547 -0.1623 0.8161
vn 0.4611 -0.3722 0.8055
vn -0.1674 -0.0803 0.9826
vn -0.1025 0.2200 0.9701
vn -0.8740 -0.2015 0.4421
vn -0.6837 0.4055 0.6067
vn -0.9967 0.0408 0.0703
vn -0.6931 0.7192 0.0489
vn -0.9841 0.0436 0.1724
vn -0.6041 0.7955 0.0471
vn -0.9484 0.0740 0.3082
vn -0.6849 0.7230 0.0907
vn -0.9576 -0.2871 -0.0255
vn -0.8721 0.3193 -0.3709
vn -0.4898 -0.2109 -0.8460
vn -0.4601 0.0573 -0.8860
vn 0.2047 -0.2782 -0.9385
vn 0.1430 -0.5167 -0.8442
vn 0.6896 -0.2955 -0.6611
vn 0.3567 -0.7824 -0.5104
vn 0.8921 -0.2306 -0.3887
vn 0.5141 -0.7741 -0.3695
vn 0.9887 0.1086 0.1031
vn 0.9766 0.0884 -0.1959
vn 0.8338 0.1180 0.5393
vn 0.5435 0.2530 0.8004
vn -0.0824 -0.8135 0.5757
vn -0.8644 -0.4105 0.2903
vn -0.9407 -0.3102 0.1373
vn -0.9267 -0.3213 0.1950
vn -0.8944 -0.3139 0.3186
vn -0.9557 -0.2775 -0.0981
vn -0.4939 -0.2321 -0.8380
vn 0.1250 -0.1169 -0.9853
vn 0.6878 -0.0084 -0.7258
vn 0.9130 0.0555 -0.4041
vn 0.9701 0.2322 0.0703
vn 0.9500 0.2356 -0.2050
vn 0.8101 0.1927 0.5537
vn -0.9669 -0.2394 0.0883
vn -0.3606 -0.8943 0.2648
vn -0.1390 -0.6593 0.7389
vn -0.6548 -0.2406 0.7165
vn -0.7756 -0.2476 -0.5806
vn -0.1134 -0.8787 -0.4637
vn -0.2856 -0.1584 -0.9452
vn -0.0788 -0.5539 -0.8288
vn -0.8997 -0.3036 0.3136
vn -0.9204 -0.1415 -0.3645
vn -0.8936 -0.3983 0.2072
vn -0.9279 -0.3335 0.1669
vn -0.9668 -0.1558 -0.2025
vn -0.5303 -0.0408 -0.8468
vn 0.0730 0.0841 -0.9938
vn 0.6353 0.2181 -0.7409
vn 0.8720 0.2327 -0.4307
vn 0.9245 0.3809 0.0124
vn 0.9073 0.3637 -0.2111
vn 0.7934 0.4067 0.4529
vn -0.9082 0.3060 0.2855
vn -0.5696 0.3945 0.7211
vn -0.7430 0.3087 -0.5938
vn -0.4065 0.2334 -0.8833
vn -0.8442 -0.0964 0.5274
vn -0.8072 0.1540 0.5699
vn -0.9568 -0.2012 0.2099
vn -0.9787 -0.1911 -0.0745
vn -0.8986 -0.0302 -0.4377
vn -0.5179 0.1813 -0.8360
vn 0.0310 0.3205 -0.9467
vn 0.5205 0.3921 -0.7585
vn 0.7837 0.3631 -0.5040
vn 0.6010 0.7992 -0.0086
vn 0.5714 0.7902 -0.2215
vn 0.4800 0.8461 0.2317
vn 0.1617 0.8518 0.4982
vn 0.2983 0.5332 0.7917
vn -0.2746 0.7503 0.6014
vn -0.4565 0.6176 0.6405
vn -0.5384 0.6522 0.5335
vn -0.7374 0.5950 0.3197
vn -0.8338 0.5342 0.1393
vn -0.8387 0.5359 -0.0974
vn -0.7310 0.5642 -0.3838
vn -0.4420 0.6328 -0.6357
vn -0.0418 0.7239 -0.6887
vn 0.2700 0.7726 -0.5747
vn 0.4510 0.7864 -0.4221
vn -0.1787 0.9807 -0.0795
vn 0.3501 -0.2406 0.9053
vn 0.1794 -0.7559 0.6296
vn 0.2327 -0.9469 -0.2217
vn -0.2373 -0.5899 -0.7718
vn 0.1499 0.0922 0.9844
vn -0.2331 -0.0781 -0.9693
vn 0.1064 0.3722 0.9220
vn -0.3345 0.5760 0.7459
vn -0.7604 0.6391 0.1159
vn -0.8000 0.2279 -0.5551
vn -0.2926 -0.9013 0.3195
vn -0.4295 -0.8875 0.1669
vn -0.3303 -0.8829 0.3337
vn -0.1900 -0.5141 0.8364
vn -0.0272 0.2701 0.9624
vn 0.2339 0.7683 0.5958
vn 0.2461 0.9646 0.0950
vn 0.4631 0.8709 -0.1649
vn 0.1637 0.9261 -0.3398
vn -0.0262 0.6499 -0.7596
vn -0.3888 0.1064 -0.9152
vn -0.4683 -0.6405 -0.6086
vn -0.4018 -0.9150 -0.0358
vn -0.3605 -0.9318 -0.0419
vt 0.151400 0.406200
vt 0.167500 0.437600
vt 0.142500 0.439100
vt 0.397200 0.736700
vt 0.319200 0.741800
vt 0.438000 0.974100
vt 0.124500 0.416100
vt 0.079500 0.453600
vt 0.068300 0.465300
vt 0.415900 0.970400
vt 0.187300 0.452900
vt 0.157900 0.410500
vt 0.260600 0.713200
vt 0.322800 0.371800
vt 0.471600 0.758300
vt 0.461700 0.382000
vt 0.554000 0.744700
vt 0.641800 0.754100
vt 0.540500 0.381100
vt 0.725200 0.740700
vt 0.763800 0.831600
vt 0.724500 0.417200
vt 0.083900 0.560600
vt 0.097200 0.447700
vt 0.117600 0.437900
vt 0.125600 0.530400
vt 0.170400 0.531800
vt 0.200300 0.467600
vt 0.189500 0.552500
vt 0.720900 0.131800
vt 0.651900 0.136900
vt 0.663600 0.079100
vt 0.573900 0.145000
vt 0.497700 0.152300
vt 0.516700 0.094400
vt 0.421600 0.149800
vt 0.347100 0.146600
vt 0.442600 0.091900
vt 0.757500 0.153800
vt 0.605100 0.165300
vt 0.620700 0.101800
vt 0.415100 0.175500
vt 0.250400 0.178700
vt 0.388300 0.109800
vt 0.151700 0.178200
vt 0.053100 0.177700
vt 0.075300 0.109500
vt 0.660500 0.170300
vt 0.552800 0.174800
vt 0.544900 0.097500
vt 0.429900 0.154100
vt 0.323600 0.134800
vt 0.438700 0.079600
vt 0.159900 0.705100
vt 0.147200 0.707100
vt 0.122100 0.694300
vt 0.128900 0.409300
vt 0.515900 0.974900
vt 0.542800 0.967900
vt 0.121200 0.420600
vt 0.073500 0.467700
vt 0.124500 0.425600
vt 0.777700 0.314200
vt 0.602600 0.361500
vt 0.316600 0.362500
vt 0.767700 0.352700
vt 0.264700 0.310800
vt 0.144400 0.304800
vt 0.716900 0.306400
vt 0.242700 0.323200
vt 0.724500 0.073900
vt 0.676200 0.020900
vt 0.734700 0.016100
vt 0.590300 0.087400
vt 0.536400 0.034800
vt 0.605600 0.028300
vt 0.372900 0.088500
vt 0.398500 0.029100
vt 0.466400 0.032600
vt 0.752200 0.093100
vt 0.646200 0.036700
vt 0.752000 0.030400
vt 0.257700 0.111400
vt 0.281000 0.042200
vt 0.402600 0.044600
vt 0.168800 0.110600
vt 0.114700 0.038900
vt 0.197900 0.040500
vt 0.643400 0.091700
vt 0.519600 0.018300
vt 0.598000 0.016900
vt 0.346900 0.069200
vt 0.360900 0.002800
vt 0.434800 0.010100
vt 0.132900 0.708600
vt 0.118200 0.707400
vt 0.105700 0.695700
vt 0.134800 0.691400
vt 0.097100 0.681500
vt 0.140600 0.678600
vt 0.123800 0.653000
vt 0.137900 0.648000
vt 0.152900 0.649800
vt 0.177800 0.664400
vt 0.184100 0.675800
vt 0.146900 0.666900
vt 0.100200 0.669800
vt 0.144800 0.405200
vt 0.458700 0.988700
vt 0.163100 0.414400
vt 0.692600 0.346400
vt 0.268700 0.379400
vt 0.251400 0.755600
vt 0.506700 0.373000
vt 0.389000 0.375400
vt 0.408400 0.367500
vt 0.556200 0.342100
vt 0.674400 0.390800
vt 0.432400 0.324500
vt 0.541500 0.166800
vt 0.606700 0.337400
vt 0.751300 0.764800
vt 0.081700 0.578600
vt 0.012300 0.297600
vt 0.107500 0.538400
vt 0.580700 0.321300
vt 0.146500 0.529100
vt 0.386700 0.322600
vt 0.759300 0.128700
vt 0.922400 0.137500
vt 0.491900 0.042600
vt 0.512800 0.105700
vt 0.754300 0.164500
vt 0.172400 0.701300
vt 0.136600 0.404900
vt 0.486900 0.986000
vt 0.563100 0.963800
vt 0.165900 0.419000
vt 0.398400 0.968700
vt 0.236300 0.121200
vt 0.199800 0.570400
vt 0.201500 0.587500
vt 0.121400 0.330500
vt 0.613900 0.379100
vt 0.927700 0.361700
vt 0.263800 0.399200
vt 0.123800 0.839600
vt 0.128800 0.407000
vt 0.090400 0.545600
vt 0.812500 0.294200
vt 0.315300 -0.004300
vt 0.764800 0.070600
vt 0.849900 0.021200
vt 0.887200 0.079900
vt 0.668400 0.015100
vt 0.722100 0.090700
vt 0.180400 0.688500
vt 0.168200 0.653100
vt 0.139000 0.655600
vt 0.109800 0.658000
vt 0.509900 0.403700
vt 0.520600 0.385700
vt 0.534600 0.406700
vt 0.554500 0.412800
vt 0.559600 0.423300
vt 0.555100 0.428800
vt 0.541500 0.427800
vt 0.517900 0.426200
vt 0.499800 0.409800
vt 0.476000 0.401400
vt 0.466100 0.383200
vt 0.461000 0.373100
vt 0.465600 0.367600
vt 0.479000 0.368200
vt 0.492700 0.381900
vt 0.493600 0.442400
vt 0.467200 0.423900
vt 0.451100 0.468000
vt 0.480900 0.479700
vt 0.506100 0.487000
vt 0.522600 0.448700
vt 0.528100 0.482400
vt 0.538200 0.454300
vt 0.539600 0.469800
vt 0.542700 0.453000
vt 0.534900 0.447100
vt 0.538400 0.451500
vt 0.512600 0.438600
vt 0.509100 0.448700
vt 0.487700 0.427700
vt 0.490500 0.419000
vt 0.461100 0.408100
vt 0.456900 0.417800
vt 0.444400 0.395800
vt 0.442100 0.392100
vt 0.422400 0.400400
vt 0.427000 0.384400
vt 0.422500 0.385800
vt 0.410900 0.413000
vt 0.429800 0.393800
vt 0.412200 0.431300
vt 0.442100 0.411900
vt 0.428800 0.448800
vt 0.449600 0.490900
vt 0.480900 0.503500
vt 0.521700 0.507000
vt 0.538700 0.502400
vt 0.549900 0.483400
vt 0.541600 0.466200
vt 0.516600 0.458100
vt 0.491600 0.437400
vt 0.460400 0.424800
vt 0.443200 0.404700
vt 0.421100 0.409500
vt 0.406900 0.427600
vt 0.406600 0.451200
vt 0.424700 0.470200
vt 0.453400 0.508900
vt 0.484700 0.521500
vt 0.524200 0.527700
vt 0.588100 0.431800
vt 0.585700 0.431800
vt 0.594700 0.441100
vt 0.599600 0.439400
vt 0.578200 0.431100
vt 0.575800 0.431100
vt 0.569100 0.435500
vt 0.567800 0.436900
vt 0.524500 0.470900
vt 0.545600 0.483900
vt 0.498600 0.451500
vt 0.468300 0.437600
vt 0.447300 0.422300
vt 0.424900 0.427500
vt 0.410600 0.445600
vt 0.410300 0.469300
vt 0.428500 0.488200
vt 0.485900 0.534200
vt 0.458700 0.522700
vt 0.518800 0.542300
vt 0.589500 0.449600
vt 0.587500 0.442100
vt 0.579600 0.441600
vt 0.570900 0.445300
vt 0.540600 0.497600
vt 0.532100 0.475500
vt 0.508600 0.458400
vt 0.482700 0.446200
vt 0.455800 0.443500
vt 0.434500 0.450100
vt 0.423100 0.464600
vt 0.423800 0.484100
vt 0.436500 0.504900
vt 0.469400 0.530800
vt 0.488500 0.540300
vt 0.507200 0.543200
vt 0.521900 0.538800
vt 0.539300 0.533300
vt 0.529800 0.528100
vt 0.547100 0.517400
vt 0.529200 0.513100
vt 0.520200 0.496800
vt 0.504700 0.482500
vt 0.485600 0.473000
vt 0.466900 0.470200
vt 0.452200 0.474600
vt 0.444300 0.485300
vt 0.445000 0.500300
vt 0.453900 0.516500
vt 0.488400 0.510400
vt 0.581100 0.485400
vt 0.579700 0.466600
vt 0.573600 0.459200
vt 0.554500 0.466100
vt 0.587600 0.492800
vt 0.555400 0.470800
vt 0.583100 0.503200
vt 0.582300 0.499900
vt 0.576600 0.487100
vt 0.557900 0.487700
vt 0.523800 0.403300
vt 0.504200 0.379400
vt 0.548200 0.411700
vt 0.556800 0.420500
vt 0.555800 0.425600
vt 0.546200 0.429600
vt 0.521000 0.427800
vt 0.498500 0.409000
vt 0.469500 0.397300
vt 0.453500 0.374700
vt 0.447500 0.361400
vt 0.448400 0.356300
vt 0.458100 0.358300
vt 0.475600 0.374800
s 1
usemtl lambert3SG
f 634/731/634 635/732/635 636/733/636
f 637/734/637 638/735/638 639/736/639
f 640/737/640 641/738/641 642/739/642
f 639/736/639 638/735/638 643/740/643
f 644/741/644 635/732/635 645/742/645
f 646/743/646 638/735/638 647/744/647
f 637/734/637 648/745/648 649/746/649
f 650/747/650 651/748/651 652/749/652
f 653/750/653 654/751/654 655/752/655
f 642/739/642 641/738/641 656/753/656
f 657/754/657 658/755/658 659/756/659
f 636/733/636 635/732/635 660/757/660
f 644/741/644 661/758/661 662/759/662
f 663/760/663 664/761/664 665/762/665
f 666/763/666 667/764/667 668/765/668
f 669/766/669 670/767/670 671/768/671
f 672/769/672 673/770/673 674/771/674
f 675/772/675 676/773/676 677/774/677
f 678/775/678 679/776/679 680/777/680
f 681/778/681 682/779/682 683/780/683
f 684/781/684 685/782/685 686/783/686
f 687/784/687 688/785/688 689/786/689
f 657/754/657 641/738/641 690/787/690
f 691/788/691 651/748/651 650/747/650
f 692/789/692 651/748/651 691/788/691
f 693/790/693 654/791/654 694/792/694
f 653/750/653 651/748/651 692/789/692
f 643/740/643 638/735/638 646/743/646
f 695/793/695 664/761/664 663/760/663
f 696/794/696 667/764/667 666/763/666
f 697/795/697 670/767/670 669/766/669
f 698/796/698 673/770/673 672/769/672
f 699/797/699 676/773/676 675/772/675
f 700/798/700 679/776/679 678/775/678
f 701/799/701 682/779/682 681/778/681
f 702/800/702 685/782/685 684/781/684
f 703/801/703 704/802/704 705/803/705
f 706/804/706 688/805/688 687/806/687
f 707/807/707 708/808/708 709/809/709
f 710/810/710 711/811/711 712/812/712
f 713/813/713 714/814/714 715/815/715
f 716/816/716 717/817/717 718/818/718
f 719/819/719 720/820/720 721/821/721
f 722/822/722 723/823/723 724/824/724
f 709/825/709 708/826/708 712/827/712
f 725/828/725 711/829/711 726/830/726
f 718/831/718 717/832/717 721/833/721
f 724/834/724 723/835/723 727/836/727
f 726/830/726 711/829/711 715/837/715
f 636/733/636 658/755/658 728/838/728
f 634/731/634 636/733/636 728/838/728
f 729/839/729 648/745/648 637/734/637
f 637/734/637 639/736/639 729/839/729
f 642/739/642 654/791/654 693/790/693
f 640/737/640 642/739/642 693/790/693
f 645/742/645 635/732/635 634/731/634
f 730/840/730 661/758/661 644/741/644
f 644/741/644 645/742/645 730/840/730
f 647/841/647 664/761/664 695/793/695
f 695/842/695 661/843/661 646/743/646
f 646/743/646 647/744/647 695/842/695
f 649/844/649 667/764/667 696/794/696
f 696/845/696 638/735/638 637/734/637
f 637/734/637 649/746/649 696/845/696
f 652/846/652 667/764/667 649/844/649
f 649/746/649 648/745/648 650/747/650
f 650/747/650 652/749/652 649/746/649
f 655/847/655 673/770/673 698/796/698
f 698/848/698 651/748/651 653/750/653
f 653/750/653 655/752/655 698/848/698
f 656/849/656 673/850/673 655/851/655
f 655/752/655 654/751/654 642/852/642
f 642/739/642 656/753/656 655/853/655
f 659/854/659 679/776/679 700/798/700
f 700/855/700 641/738/641 657/754/657
f 657/754/657 659/756/659 700/855/700
f 660/856/660 682/779/682 701/799/701
f 701/857/701 658/755/658 636/733/636
f 636/733/636 660/757/660 701/857/701
f 662/858/662 682/779/682 660/856/660
f 660/757/660 635/732/635 644/741/644
f 644/741/644 662/759/662 660/757/660
f 665/762/665 704/802/704 703/801/703
f 703/801/703 685/859/685 663/760/663
f 663/760/663 665/762/665 703/801/703
f 668/765/668 688/805/688 706/804/706
f 706/804/706 664/761/664 666/763/666
f 666/763/666 668/765/668 706/804/706
f 671/768/671 688/805/688 668/765/668
f 668/765/668 667/764/667 669/766/669
f 669/766/669 671/768/671 668/765/668
f 674/771/674 711/811/711 710/810/710
f 710/810/710 670/860/670 672/769/672
f 672/769/672 674/771/674 710/810/710
f 677/774/677 711/861/711 674/862/674
f 674/862/674 673/850/673 675/772/675
f 675/772/675 677/774/677 674/862/674
f 680/777/680 717/817/717 716/816/716
f 716/816/716 676/773/676 678/775/678
f 678/775/678 680/777/680 716/816/716
f 683/780/683 720/820/720 719/819/719
f 719/819/719 679/863/679 681/778/681
f 681/778/681 683/780/683 719/819/719
f 686/783/686 720/820/720 683/780/683
f 683/780/683 682/779/682 684/781/684
f 684/781/684 686/783/686 683/780/683
f 689/786/689 711/829/711 725/828/725
f 725/828/725 704/864/704 687/784/687
f 687/784/687 689/786/689 725/828/725
f 731/865/731 658/755/658 657/754/657
f 657/754/657 690/787/690 731/865/731
f 728/838/728 658/755/658 731/865/731
f 732/866/732 648/745/648 729/839/729
f 650/747/650 648/745/648 732/866/732
f 691/788/691 650/747/650 732/866/732
f 690/787/690 641/738/641 640/737/640
f 694/867/694 654/751/654 653/750/653
f 653/750/653 692/789/692 694/867/694
f 733/868/733 661/758/661 730/840/730
f 646/743/646 661/843/661 733/869/733
f 643/740/643 646/743/646 733/869/733
f 663/870/663 685/782/685 702/800/702
f 702/871/702 661/758/661 695/872/695
f 695/873/695 663/870/663 702/800/702
f 666/763/666 664/761/664 647/841/647
f 647/744/647 638/735/638 696/845/696
f 696/794/696 666/763/666 647/841/647
f 669/766/669 667/764/667 652/846/652
f 652/749/652 651/748/651 697/874/697
f 697/795/697 669/766/669 652/846/652
f 672/769/672 670/860/670 697/875/697
f 697/874/697 651/748/651 698/848/698
f 698/796/698 672/769/672 697/875/697
f 675/772/675 673/850/673 656/849/656
f 656/876/656 641/877/641 699/878/699
f 699/797/699 675/772/675 656/849/656
f 678/775/678 676/773/676 699/797/699
f 699/879/699 641/738/641 700/855/700
f 700/798/700 678/775/678 699/797/699
f 681/778/681 679/863/679 659/880/659
f 659/756/659 658/755/658 701/857/701
f 701/799/701 681/778/681 659/880/659
f 684/781/684 682/779/682 662/858/662
f 662/759/662 661/758/661 702/871/702
f 702/800/702 684/781/684 662/858/662
f 705/881/705 723/823/723 722/822/722
f 722/882/722 685/859/685 703/801/703
f 703/801/703 705/803/705 722/882/722
f 687/806/687 704/802/704 665/762/665
f 665/762/665 664/761/664 706/804/706
f 706/804/706 687/806/687 665/762/665
f 709/809/709 688/805/688 671/768/671
f 671/768/671 670/767/670 707/807/707
f 707/807/707 709/809/709 671/768/671
f 712/812/712 708/883/708 707/884/707
f 707/884/707 670/860/670 710/810/710
f 710/810/710 712/812/712 707/884/707
f 715/815/715 711/861/711 677/774/677
f 677/774/677 676/773/676 713/813/713
f 713/813/713 715/815/715 677/774/677
f 718/818/718 714/814/714 713/813/713
f 713/813/713 676/773/676 716/816/716
f 716/816/716 718/818/718 713/813/713
f 721/821/721 717/885/717 680/886/680
f 680/886/680 679/863/679 719/819/719
f 719/819/719 721/821/721 680/886/680
f 724/824/724 720/820/720 686/783/686
f 686/783/686 685/782/685 722/822/722
f 722/822/722 724/824/724 686/783/686
f 712/827/712 711/829/711 689/786/689
f 689/786/689 688/785/688 709/825/709
f 709/825/709 712/827/712 689/786/689
f 726/830/726 723/835/723 705/887/705
f 705/887/705 704/864/704 725/828/725
f 725/828/725 726/830/726 705/887/705
f 721/833/721 720/888/720 734/889/734
f 734/889/734 714/890/714 718/831/718
f 718/831/718 721/833/721 734/889/734
f 727/836/727 714/890/714 734/889/734
f 734/889/734 720/888/720 724/834/724
f 724/834/724 727/836/727 734/889/734
f 715/837/715 714/890/714 727/836/727
f 727/836/727 723/835/723 726/830/726
f 726/830/726 715/837/715 727/836/727
f 735/891/735 736/892/736 737/893/737
f 735/891/735 737/893/737 738/894/738
f 735/891/735 738/894/738 739/895/739
f 735/891/735 739/895/739 740/896/740
f 735/891/735 740/896/740 741/897/741
f 735/891/735 741/897/741 742/898/742
f 735/891/735 742/898/742 743/899/743
f 735/891/735 743/899/743 744/900/744
f 735/891/735 744/900/744 745/901/745
f 735/891/735 745/901/745 746/902/746
f 735/891/735 746/902/746 747/903/747
f 735/891/735 747/903/747 748/904/748
f 735/891/735 748/904/748 749/905/749
f 735/891/735 749/905/749 736/892/736
f 751/906/751 752/907/752 753/908/753
f 753/908/753 750/909/750 751/906/751
f 754/910/754 755/911/755 751/906/751
f 751/906/751 750/909/750 754/910/754
f 756/912/756 757/913/757 755/911/755
f 755/911/755 754/910/754 756/912/756
f 758/914/758 759/915/759 757/913/757
f 757/913/757 756/912/756 758/914/758
f 761/916/761 759/915/759 758/914/758
f 758/914/758 760/917/760 761/916/761
f 763/918/763 761/916/761 760/917/760
f 760/917/760 762/919/762 763/918/763
f 764/920/764 765/921/765 763/918/763
f 763/918/763 762/919/762 764/920/764
f 767/922/767 765/921/765 764/920/764
f 764/920/764 766/923/766 767/922/767
f 768/924/768 769/925/769 767/922/767
f 767/922/767 766/923/766 768/924/768
f 770/926/770 771/927/771 769/925/769
f 769/925/769 768/924/768 770/926/770
f 773/928/773 771/927/771 770/926/770
f 770/926/770 772/929/772 773/928/773
f 775/930/775 773/928/773 772/929/772
f 772/929/772 774/931/774 775/930/775
f 777/932/777 775/930/775 774/931/774
f 774/931/774 776/933/776 777/932/777
f 777/932/777 776/933/776 753/908/753
f 777/932/777 753/908/753 752/907/752
f 750/909/750 753/908/753 779/934/779
f 779/934/779 778/935/778 750/909/750
f 754/910/754 750/909/750 778/935/778
f 778/935/778 780/936/780 754/910/754
f 756/912/756 754/910/754 780/936/780
f 780/936/780 781/937/781 756/912/756
f 758/914/758 756/912/756 781/937/781
f 781/937/781 782/938/782 758/914/758
f 783/939/783 760/917/760 758/914/758
f 758/914/758 782/938/782 783/939/783
f 784/940/784 762/919/762 760/917/760
f 760/917/760 783/939/783 784/940/784
f 764/920/764 762/919/762 784/940/784
f 784/940/784 785/941/785 764/920/764
f 766/923/766 764/920/764 785/941/785
f 785/941/785 786/942/786 766/923/766
f 768/924/768 766/923/766 786/942/786
f 786/942/786 787/943/787 768/924/768
f 770/926/770 768/924/768 787/943/787
f 787/943/787 788/944/788 770/926/770
f 789/945/789 772/929/772 770/926/770
f 770/926/770 788/944/788 789/945/789
f 774/931/774 772/929/772 789/945/789
f 789/945/789 790/946/790 774/931/774
f 791/947/791 776/933/776 774/931/774
f 774/931/774 790/946/790 791/947/791
f 776/933/776 791/947/791 779/934/779
f 776/933/776 779/934/779 753/908/753
f 778/935/778 779/934/779 793/948/793
f 793/948/793 792/949/792 778/935/778
f 794/950/794 780/936/780 778/935/778
f 778/935/778 792/949/792 794/950/794
f 795/951/795 796/952/796 797/953/797
f 797/953/797 798/954/798 795/951/795
f 799/955/799 800/956/800 796/952/796
f 796/952/796 795/951/795 799/955/799
f 802/957/802 800/956/800 799/955/799
f 799/955/799 801/958/801 802/957/802
f 803/959/803 784/940/784 783/939/783
f 783/939/783 804/960/804 803/959/803
f 785/941/785 784/940/784 803/959/803
f 803/959/803 805/961/805 785/941/785
f 806/962/806 786/942/786 785/941/785
f 785/941/785 805/961/805 806/962/806
f 787/943/787 786/942/786 806/962/806
f 806/962/806 807/963/807 787/943/787
f 788/944/788 787/943/787 807/963/807
f 807/963/807 808/964/808 788/944/788
f 789/945/789 788/944/788 808/964/808
f 808/964/808 809/965/809 789/945/789
f 790/946/790 789/945/789 809/965/809
f 809/965/809 810/966/810 790/946/790
f 791/947/791 790/946/790 810/966/810
f 810/966/810 811/967/811 791/947/791
f 791/947/791 811/967/811 793/948/793
f 791/947/791 793/948/793 779/934/779
f 812/968/812 792/949/792 793/948/793
f 793/948/793 813/969/813 812/968/812
f 814/970/814 794/950/794 792/949/792
f 792/949/792 812/968/812 814/970/814
f 795/951/795 798/954/798 816/971/816
f 816/971/816 815/972/815 795/951/795
f 799/955/799 795/951/795 815/972/815
f 815/972/815 817/973/817 799/955/799
f 818/974/818 801/958/801 799/955/799
f 799/955/799 817/973/817 818/974/818
f 803/959/803 804/960/804 820/975/820
f 820/975/820 819/976/819 803/959/803
f 805/961/805 803/959/803 819/976/819
f 819/976/819 821/977/821 805/961/805
f 822/978/822 806/962/806 805/961/805
f 805/961/805 821/977/821 822/978/822
f 823/979/823 807/963/807 806/962/806
f 806/962/806 822/978/822 823/979/823
f 824/980/824 808/964/808 807/963/807
f 807/963/807 823/979/823 824/980/824
f 809/965/809 808/964/808 824/980/824
f 824/980/824 825/981/825 809/965/809
f 810/966/810 809/965/809 825/981/825
f 825/981/825 826/982/826 810/966/810
f 811/967/811 810/966/810 826/982/826
f 826/982/826 827/983/827 811/967/811
f 811/967/811 827/983/827 813/969/813
f 811/967/811 813/969/813 793/948/793
f 812/968/812 813/969/813 829/984/829
f 829/984/829 828/985/828 812/968/812
f 830/986/830 814/970/814 812/968/812
f 812/968/812 828/985/828 830/986/830
f 831/987/831 832/988/832 814/970/814
f 814/970/814 830/986/830 831/987/831
f 833/989/833 834/990/834 832/988/832
f 832/988/832 831/987/831 833/989/833
f 820/975/820 834/990/834 833/989/833
f 833/989/833 835/991/835 820/975/820
f 819/976/819 820/975/820 835/991/835
f 835/991/835 836/992/836 819/976/819
f 821/977/821 819/976/819 836/992/836
f 836/992/836 837/993/837 821/977/821
f 838/994/838 822/978/822 821/977/821
f 821/977/821 837/993/837 838/994/838
f 839/995/839 823/979/823 822/978/822
f 822/978/822 838/994/838 839/995/839
f 840/996/840 824/980/824 823/979/823
f 823/979/823 839/995/839 840/996/840
f 841/997/841 825/981/825 824/980/824
f 824/980/824 840/996/840 841/997/841
f 826/982/826 825/981/825 841/997/841
f 841/997/841 842/998/842 826/982/826
f 827/983/827 826/982/826 842/998/842
f 842/998/842 843/999/843 827/983/827
f 827/983/827 843/999/843 829/984/829
f 827/983/827 829/984/829 813/969/813
f 844/1000/844 828/985/828 829/984/829
f 844/1000/844 830/986/830 828/985/828
f 844/1000/844 831/987/831 830/986/830
f 844/1000/844 833/989/833 831/987/831
f 844/1000/844 835/991/835 833/989/833
f 844/1000/844 836/992/836 835/991/835
f 844/1000/844 837/993/837 836/992/836
f 844/1000/844 838/994/838 837/993/837
f 844/1000/844 839/995/839 838/994/838
f 844/1000/844 840/996/840 839/995/839
f 844/1000/844 841/997/841 840/996/840
f 844/1000/844 842/998/842 841/997/841
f 844/1000/844 843/999/843 842/998/842
f 844/1000/844 829/984/829 843/999/843
f 781/937/781 780/936/780 845/1001/845
f 845/1001/845 846/1002/846 781/937/781
f 846/1002/846 847/1003/847 782/938/782
f 782/938/782 781/937/781 846/1002/846
f 848/1004/848 783/939/783 782/938/782
f 782/938/782 847/1003/847 848/1004/848
f 845/1001/845 780/936/780 794/950/794
f 794/950/794 849/1005/849 845/1001/845
f 848/1004/848 850/1006/850 804/960/804
f 804/960/804 783/939/783 848/1004/848
f 851/1007/851 849/1005/849 794/950/794
f 794/950/794 814/970/814 851/1007/851
f 851/1007/851 814/970/814 832/988/832
f 832/988/832 852/1008/852 851/1007/851
f 852/1008/852 832/988/832 834/990/834
f 834/990/834 853/1009/853 852/1008/852
f 854/1010/854 853/1009/853 834/990/834
f 834/990/834 820/975/820 854/1010/854
f 854/1010/854 820/975/820 804/960/804
f 804/960/804 850/1006/850 854/1010/854
f 797/953/797 845/1001/845 849/1005/849
f 849/1005/849 798/954/798 797/953/797
f 797/953/797 796/952/796 846/1002/846
f 846/1002/846 845/1001/845 797/953/797
f 796/952/796 800/956/800 847/1003/847
f 847/1003/847 846/1002/846 796/952/796
f 801/958/801 850/1006/850 848/1004/848
f 848/1004/848 802/957/802 801/958/801
f 802/957/802 848/1004/848 847/1003/847
f 847/1003/847 800/956/800 802/957/802
f 816/971/816 798/954/798 849/1005/849
f 849/1005/849 851/1007/851 816/971/816
f 816/971/816 851/1007/851 852/1008/852
f 852/1008/852 815/972/815 816/971/816
f 815/972/815 852/1008/852 853/1009/853
f 853/1009/853 817/973/817 815/972/815
f 818/974/818 817/973/817 853/1009/853
f 853/1009/853 854/1010/854 818/974/818
f 818/974/818 854/1010/854 850/1006/850
f 850/1006/850 801/958/801 818/974/818
f 855/1011/855 856/1012/856 752/907/752
f 752/907/752 751/906/751 855/1011/855
f 855/1011/855 751/906/751 755/911/755
f 755/911/755 857/1013/857 855/1011/855
f 857/1013/857 755/911/755 757/913/757
f 757/913/757 858/1014/858 857/1013/857
f 858/1014/858 757/913/757 759/915/759
f 759/915/759 859/1015/859 858/1014/858
f 860/1016/860 859/1015/859 759/915/759
f 759/915/759 761/916/761 860/1016/860
f 861/1017/861 860/1016/860 761/916/761
f 761/916/761 763/918/763 861/1017/861
f 861/1017/861 763/918/763 765/921/765
f 765/921/765 862/1018/862 861/1017/861
f 863/1019/863 862/1018/862 765/921/765
f 765/921/765 767/922/767 863/1019/863
f 863/1019/863 767/922/767 769/925/769
f 769/925/769 864/1020/864 863/1019/863
f 864/1020/864 769/925/769 771/927/771
f 771/927/771 865/1021/865 864/1020/864
f 866/1022/866 865/1021/865 771/927/771
f 771/927/771 773/928/773 866/1022/866
f 867/1023/867 866/1022/866 773/928/773
f 773/928/773 775/930/775 867/1023/867
f 868/1024/868 867/1023/867 775/930/775
f 775/930/775 777/932/777 868/1024/868
f 777/932/777 752/907/752 856/1012/856
f 856/1012/856 868/1024/868 777/932/777
f 737/893/737 736/892/736 856/1012/856
f 856/1012/856 855/1011/855 737/893/737
f 738/894/738 737/893/737 855/1011/855
f 855/1011/855 857/1013/857 738/894/738
f 739/895/739 738/894/738 857/1013/857
f 857/1013/857 858/1014/858 739/895/739
f 739/895/739 858/1014/858 859/1015/859
f 859/1015/859 740/896/740 739/895/739
f 740/896/740 859/1015/859 860/1016/860
f 860/1016/860 741/897/741 740/896/740
f 741/897/741 860/1016/860 861/1017/861
f 861/1017/861 742/898/742 741/897/741
f 742/898/742 861/1017/861 862/1018/862
f 862/1018/862 743/899/743 742/898/742
f 744/900/744 743/899/743 862/1018/862
f 862/1018/862 863/1019/863 744/900/744
f 745/901/745 744/900/744 863/1019/863
f 863/1019/863 864/1020/864 745/901/745
f 746/902/746 745/901/745 864/1020/864
f 864/1020/864 865/1021/865 746/902/746
f 747/903/747 746/902/746 865/1021/865
f 865/1021/865 866/1022/866 747/903/747
f 747/903/747 866/1022/866 867/1023/867
f 867/1023/867 748/904/748 747/903/747
f 748/904/748 867/1023/867 868/1024/868
f 868/1024/868 749/905/749 748/904/748
f 868/1024/868 856/1012/856 736/892/736
f 736/892/736 749/905/749 868/1024/868
o cabeza
v -2.672700 3.060300 -0.026300
v -2.672700 3.205100 -0.049700
v -2.757900 3.177500 -0.049700
v -2.810500 3.105100 -0.049700
v -2.810500 3.015600 -0.049700
v -2.757900 2.943100 -0.049700
v -2.672700 2.915500 -0.049700
v -2.587600 2.943100 -0.049700
v -2.535000 3.015600 -0.049700
v -2.535000 3.105100 -0.049700
v -2.587600 3.177500 -0.049700
v -2.788500 3.206800 0.032400
v -2.680700 3.245000 0.032400
v -2.855200 3.106700 0.032400
v -2.855200 2.983100 0.032400
v -2.788500 2.883000 0.032400
v -2.680700 2.844800 0.032400
v -2.572800 2.883000 0.032400
v -2.514400 2.932900 0.032400
v -2.514400 3.008900 -0.029800
v -2.514400 3.111800 -0.029800
v -2.514400 3.171600 0.032400
v -2.572800 3.206800 0.032400
v -2.810500 3.249900 -0.043100
v -2.672700 3.294700 -0.043100
v -2.895600 3.132700 -0.043100
v -2.895600 2.987900 -0.043100
v -2.810500 2.870700 -0.043100
v -2.672700 2.826000 -0.043100
v -2.535000 2.870700 -0.043100
v -2.514400 2.899100 -0.043100
v -2.514400 3.221500 -0.043100
v -2.535000 3.249900 -0.043100
v -2.757900 3.177500 -0.104200
v -2.672700 3.205100 -0.104200
v -2.810500 3.105100 -0.104200
v -2.810500 3.015600 -0.104200
v -2.757900 2.943100 -0.104200
v -2.672700 2.915500 -0.104200
v -2.587600 2.943100 -0.104200
v -2.535000 3.015600 -0.104200
v -2.514400 3.008900 -0.089400
v -2.535000 3.105100 -0.104200
v -2.514400 3.111800 -0.089400
v -2.587600 3.177500 -0.104200
v -2.672700 3.060300 -0.127600
v -2.514400 3.213300 -0.046600
v -2.514400 3.172200 0.032500
v -2.514400 3.116300 -0.033000
v -2.514400 3.007300 -0.030900
v -2.514400 2.932600 0.032700
v 2.521600 2.923400 0.032400
v 2.521600 3.008500 -0.041900
v 2.521600 3.011900 -0.038700
v 2.521600 3.108800 -0.038700
v 2.521600 3.115300 -0.043300
v 2.521600 3.178900 0.031200
v 2.521600 3.180300 0.033800
v 2.521600 3.222500 -0.048100
v 2.521600 3.234200 -0.043100
v 2.670800 3.060300 -0.026300
v 2.755900 3.177500 -0.049700
v 2.670800 3.205100 -0.049700
v 2.808500 3.105100 -0.049700
v 2.808500 3.015600 -0.049700
v 2.755900 2.943100 -0.049700
v 2.670800 2.915500 -0.049700
v 2.585600 2.943100 -0.049700
v 2.533000 3.015600 -0.049700
v 2.533000 3.105100 -0.049700
v 2.585600 3.177500 -0.049700
v 2.786600 3.206800 0.032400
v 2.678700 3.245000 0.032400
v 2.853200 3.106700 0.032400
v 2.853200 2.983100 0.032400
v 2.786600 2.883000 0.032400
v 2.678700 2.844800 0.032400
v 2.570900 2.883000 0.032400
v 2.521600 2.925000 0.032400
v 2.570900 3.206800 0.032400
v 2.521600 3.177100 0.032400
v 2.808500 3.249900 -0.043100
v 2.670800 3.294700 -0.043100
v 2.893600 3.132700 -0.043100
v 2.893600 2.987900 -0.043100
v 2.808500 2.870700 -0.043100
v 2.670800 2.826000 -0.043100
v 2.533000 2.870700 -0.043100
v 2.521600 2.886400 -0.043100
v 2.533000 3.249900 -0.043100
v 2.755900 3.177500 -0.104200
v 2.670800 3.205100 -0.104200
v 2.808500 3.105100 -0.104200
v 2.808500 3.015600 -0.104200
v 2.755900 2.943100 -0.104200
v 2.670800 2.915500 -0.104200
v 2.585600 2.943100 -0.104200
v 2.521600 3.011900 -0.096000
v 2.533000 3.015600 -0.104200
v 2.521600 3.108800 -0.096000
v 2.533000 3.105100 -0.104200
v 2.585600 3.177500 -0.104200
v 2.670800 3.060300 -0.127600
v -1.434400 3.051500 1.550800
v -1.416700 3.354400 1.502700
v -1.559400 3.313800 1.450100
v -1.663800 3.203000 1.411700
v -1.702000 3.051500 1.397600
v -1.663800 2.900100 1.411700
v -1.559400 2.789200 1.450100
v -1.416700 2.748700 1.502700
v -1.274000 2.789200 1.555300
v -1.169500 2.900100 1.593800
v -1.131300 3.051500 1.607800
v -1.169500 3.203000 1.593800
v -1.274000 3.313800 1.555300
v -1.368300 3.576100 1.371400
v -1.615400 3.505800 1.280300
v -1.796300 3.313800 1.213700
v -1.862500 3.051500 1.189300
v -1.796300 2.789200 1.213700
v -1.615400 2.597200 1.280300
v -1.368300 2.526900 1.371400
v -1.121200 2.597200 1.462400
v -0.940200 2.789200 1.529100
v -0.874000 3.051500 1.553500
v -0.940200 3.313800 1.529100
v -1.121200 3.505800 1.462400
v -1.302200 3.657300 1.191900
v -1.587500 3.576100 1.086800
v -1.796400 3.354400 1.009800
v -1.872900 3.051500 0.981700
v -1.796400 2.748700 1.009800
v -1.587500 2.526900 1.086800
v -1.302200 2.445800 1.191900
v -1.016800 2.526900 1.297100
v -0.807900 2.748700 1.374000
v -0.731500 3.051500 1.402200
v -0.807900 3.354400 1.374000
v -1.016800 3.576100 1.297100
v 0.006500 2.800900 1.682700
v 0.084900 2.665400 1.507100
v 0.229500 2.729800 1.582500
v 0.153900 2.788300 1.680500
v -0.072000 2.665000 1.507000
v 0.006500 2.643300 1.479700
v -0.141000 2.788300 1.680500
v -0.216500 2.729800 1.582500
v -0.025200 2.883200 1.832000
v -0.063200 2.848400 1.778700
v 0.038100 2.883200 1.832000
v 0.006500 2.895900 1.845600
v 0.076100 2.848400 1.778700
v 0.006500 3.237200 1.661000
v 1.409400 3.051500 1.550800
v 1.391700 3.354400 1.502700
v 1.249100 3.313800 1.555300
v 1.144600 3.203000 1.593800
v 1.106400 3.051500 1.607800
v 1.144600 2.900100 1.593800
v 1.249100 2.789200 1.555300
v 1.391700 2.748700 1.502700
v 1.534400 2.789200 1.450100
v 1.638900 2.900100 1.411700
v 1.677100 3.051500 1.397600
v 1.638900 3.203000 1.411700
v 1.534400 3.313800 1.450100
v 1.343300 3.576100 1.371400
v 1.096200 3.505800 1.462400
v 0.915300 3.313800 1.529100
v 0.849100 3.051500 1.553500
v 0.915300 2.789200 1.529100
v 1.096200 2.597200 1.462400
v 1.343300 2.526900 1.371400
v 1.590500 2.597200 1.280300
v 1.771400 2.789200 1.213700
v 1.837600 3.051500 1.189300
v 1.771400 3.313800 1.213700
v 1.590500 3.505800 1.280300
v 1.277200 3.657300 1.191900
v 0.991900 3.576100 1.297100
v 0.783000 3.354400 1.374000
v 0.706500 3.051500 1.402200
v 0.783000 2.748700 1.374000
v 0.991900 2.526900 1.297100
v 1.277200 2.445800 1.191900
v 1.562600 2.526900 1.086800
v 1.771500 2.748700 1.009800
v 1.847900 3.051500 0.981700
v 1.771500 3.354400 1.009800
v 1.562600 3.576100 1.086800
v 0.012000 4.324200 1.669700
v 0.012000 4.875600 1.546300
v -0.170500 4.856800 1.546300
v -0.340600 4.801700 1.546300
v -0.486600 4.714100 1.546300
v -0.598700 4.599900 1.546300
v -0.669200 4.466900 1.546300
v -0.693200 4.324200 1.546300
v -0.669200 4.181500 1.546300
v -0.598700 4.048500 1.546300
v -0.486600 3.934300 1.546300
v -0.340600 3.846700 1.546300
v -0.170500 3.791600 1.546300
v 0.012000 3.772800 1.546300
v 0.194500 3.791600 1.546300
v 0.364600 3.846700 1.546300
v 0.510600 3.934300 1.546300
v 0.622700 4.048500 1.546300
v 0.693200 4.181500 1.546300
v 0.717200 4.324200 1.546300
v 0.693200 4.466900 1.546300
v 0.622700 4.599900 1.546300
v 0.510600 4.714100 1.546300
v 0.364600 4.801700 1.546300
v 0.194500 4.856800 1.546300
v 0.012000 5.215400 1.008200
v -0.314000 5.183200 1.012700
v -0.617800 5.088800 1.026000
v -0.878600 4.938600 1.047300
v -1.078800 4.742900 1.074900
v -1.204600 4.515000 1.107100
v -1.247600 4.324200 1.150100
v -1.204600 4.077500 1.161300
v -1.078800 3.847600 1.171700
v -0.878600 3.650100 1.180700
v -0.617800 3.498700 1.187600
v -0.314000 3.403400 1.191900
v 0.012000 3.370900 1.193400
v 0.338000 3.403400 1.191900
v 0.641800 3.498700 1.187600
v 0.902600 3.650100 1.180700
v 1.102800 3.847600 1.171700
v 1.228600 4.077500 1.161300
v 1.271500 4.324200 1.150100
v 1.228600 4.515000 1.107100
v 1.102800 4.742900 1.074900
v 0.902600 4.938600 1.047300
v 0.641800 5.088800 1.026000
v 0.338000 5.183200 1.012700
v 0.012000 5.098100 0.488600
v -0.459600 5.069200 0.493200
v -0.899200 4.984300 0.506800
v -1.276600 4.849400 0.528400
v -1.566200 4.673500 0.556600
v -1.748200 4.468800 0.589400
v -1.810300 4.249000 0.624600
v -1.748200 4.029200 0.659700
v -1.566200 3.824500 0.692500
v -1.276600 3.648600 0.720700
v -0.899200 3.513700 0.742300
v -0.459700 3.428900 0.755900
v 0.012000 3.399900 0.760500
v 0.483600 3.428900 0.755900
v 0.923100 3.513700 0.742300
v 1.300500 3.648600 0.720700
v 1.590100 3.824500 0.692500
v 1.772200 4.029200 0.659700
v 1.834300 4.249000 0.624600
v 1.772200 4.468800 0.589400
v 1.590100 4.673500 0.556600
v 1.300500 4.849400 0.528400
v 0.923100 4.984300 0.506800
v 0.483600 5.069200 0.493200
v 0.012000 5.015100 -0.062000
v -0.612200 4.984100 -0.058600
v -1.193900 4.893000 -0.048600
v -1.693300 4.748300 -0.032800
v -2.076600 4.559600 -0.012100
v -2.317500 4.339800 0.012000
v -2.491800 3.560900 0.234300
v -2.406500 3.325100 0.260100
v -2.331900 3.105300 0.284200
v -1.901800 2.916700 0.304800
v -1.341300 2.771900 0.320700
v -0.688500 2.680900 0.330700
v 0.012000 2.649800 0.334100
v 0.712500 2.680900 0.330700
v 1.365200 2.771900 0.320700
v 1.925800 2.916700 0.304800
v 2.355900 3.105300 0.284200
v 2.430500 3.325100 0.260100
v 2.515800 3.560900 0.234300
v 2.341500 4.339800 0.012000
v 2.100600 4.559600 -0.012100
v 1.717300 4.748300 -0.032800
v 1.217900 4.893000 -0.048600
v 0.636200 4.984100 -0.058600
v 0.012000 4.950300 -0.860600
v -0.598300 4.918700 -0.851100
v -1.167000 4.826300 -0.823000
v -1.655400 4.679200 -0.778400
v -2.030100 4.487500 -0.720300
v -2.265700 4.264300 -0.652600
v -2.346000 4.024700 -0.579900
v -2.451800 3.785200 -0.507300
v -2.474400 3.432900 -0.350400
v -2.344100 3.120500 -0.081800
v -1.654000 2.973400 -0.037100
v -0.850400 2.880900 -0.009100
v 0.012000 2.849400 0.000500
v 0.874400 2.880900 -0.009100
v 1.678000 2.973400 -0.037100
v 2.368100 3.120500 -0.081800
v 2.498400 3.432900 -0.350400
v 2.475800 3.785200 -0.507300
v 2.370000 4.024700 -0.579900
v 2.289700 4.264300 -0.652600
v 2.054100 4.487500 -0.720300
v 1.679400 4.679200 -0.778400
v 1.191000 4.826300 -0.823000
v 0.622300 4.918700 -0.851100
v 0.012000 4.446300 -1.644700
v -0.602700 4.420200 -1.622800
v -1.175500 4.343700 -1.558300
v -1.667400 4.222000 -1.455900
v -2.044800 4.063300 -1.322300
v -2.282100 3.878600 -1.166700
v -2.363000 3.680300 -1.126400
v -2.346000 3.482100 -0.959500
v -2.400600 3.219100 -0.548900
v -2.267900 3.021100 -0.355700
v -1.600100 2.899400 -0.253200
v -0.822500 2.822900 -0.188800
v 0.012000 2.796800 -0.166800
v 0.846500 2.822900 -0.188800
v 1.624100 2.899400 -0.253200
v 2.291900 3.021100 -0.355700
v 2.424600 3.219100 -0.548900
v 2.370000 3.482100 -0.959500
v 2.387000 3.680300 -1.126400
v 2.306100 3.878600 -1.166700
v 2.068800 4.063300 -1.322300
v 1.691400 4.222000 -1.455900
v 1.199500 4.343700 -1.558300
v 0.626700 4.420200 -1.622800
v 0.012000 3.586800 -1.984100
v -0.557800 3.572600 -1.954300
v -1.088800 3.531100 -1.867000
v -1.544800 3.465100 -1.728200
v -1.894700 3.379100 -1.547300
v -2.114600 3.278900 -1.336700
v -2.189600 3.171400 -1.110600
v -2.114600 3.063900 -0.884500
v -2.135100 2.901300 -0.637400
v -1.979200 2.717100 -0.420200
v -1.396000 2.635800 -0.289800
v -0.716800 2.584700 -0.207800
v 0.012000 2.567300 -0.179800
v 0.740800 2.584700 -0.207800
v 1.420000 2.635800 -0.289800
v 2.003200 2.717100 -0.420200
v 2.159100 2.901300 -0.637400
v 2.138600 3.063900 -0.884500
v 2.213600 3.171400 -1.110600
v 2.138600 3.278900 -1.336700
v 1.918700 3.379100 -1.547300
v 1.568800 3.465100 -1.728200
v 1.112800 3.531100 -1.867000
v 0.581800 3.572600 -1.954300
v 0.012000 2.748200 -1.953700
v -0.448800 2.742000 -1.926800
v -0.878200 2.723700 -1.847900
v -1.246900 2.694500 -1.722500
v -1.529900 2.656500 -1.559000
v -1.707700 2.612200 -1.368700
v -1.768400 2.564700 -1.164400
v -1.707700 2.517200 -0.960100
v -1.724400 2.424600 -0.828600
v -1.282000 2.435000 -0.606300
v -0.903000 2.405800 -0.480900
v -0.461700 2.387500 -0.402000
v 0.012000 2.288800 -0.614400
v 0.485600 2.387500 -0.402000
v 0.927000 2.405800 -0.480900
v 1.306000 2.435000 -0.606300
v 1.748300 2.424600 -0.828600
v 1.731700 2.517200 -0.960100
v 1.792400 2.564700 -1.164400
v 1.731700 2.612200 -1.368700
v 1.553900 2.656500 -1.559000
v 1.270900 2.694500 -1.722500
v 0.902200 2.723700 -1.847900
v 0.472800 2.742000 -1.926800
v 0.012000 2.140000 -1.694600
v -0.323500 2.139100 -1.674500
v -0.636100 2.136500 -1.615300
v -0.904500 2.132200 -1.521300
v -1.110500 2.126600 -1.398700
v -1.240000 2.120200 -1.255900
v -1.284100 2.113200 -1.102700
v -1.240000 2.106300 -0.949600
v -1.110500 2.099800 -0.806800
v -0.930000 2.094300 -0.684200
v -0.654100 2.090000 -0.590200
v -0.332800 2.087300 -0.531000
v 0.012000 2.086400 -0.510900
v 0.356800 2.087300 -0.531000
v 0.678100 2.090000 -0.590200
v 0.954000 2.094300 -0.684200
v 1.134500 2.099800 -0.806800
v 1.263900 2.106300 -0.949600
v 1.308100 2.113200 -1.102700
v 1.263900 2.120200 -1.255900
v 1.134500 2.126600 -1.398700
v 0.928500 2.132200 -1.521300
v 0.660100 2.136500 -1.615300
v 0.347500 2.139100 -1.674500
v 0.012000 1.867700 -1.514200
v -0.225200 1.867000 -1.499900
v -0.446300 1.865100 -1.458100
v -0.636100 1.862100 -1.391600
v -0.781700 1.858200 -1.304900
v -0.873300 1.853600 -1.204000
v -0.904500 1.848700 -1.095700
v -0.873300 1.843800 -0.987300
v -0.781700 1.839200 -0.886400
v -0.636100 1.835300 -0.799700
v -0.459000 1.832300 -0.733200
v -0.231800 1.830400 -0.691400
v 0.012000 1.829700 -0.677100
v 0.255800 1.830400 -0.691400
v 0.483000 1.832300 -0.733200
v 0.660000 1.835300 -0.799700
v 0.805700 1.839200 -0.886400
v 0.897300 1.843800 -0.987300
v 0.928500 1.848700 -1.095700
v 0.897300 1.853600 -1.204000
v 0.805700 1.858200 -1.304900
v 0.660000 1.862100 -1.391600
v 0.470200 1.865100 -1.458100
v 0.249200 1.867000 -1.499900
v 0.012000 1.692200 -1.307800
v -0.110800 1.691900 -1.300500
v -0.225200 1.690900 -1.278800
v -0.323500 1.689300 -1.244400
v -0.398900 1.687300 -1.199500
v -0.446300 1.684900 -1.147300
v -0.462400 1.682400 -1.091200
v -0.446300 1.679800 -1.035100
v -0.398900 1.677500 -0.982900
v -0.323500 1.675400 -0.938000
v -0.225200 1.673900 -0.903600
v -0.110800 1.672900 -0.881900
v 0.012000 1.672600 -0.874500
v 0.134800 1.672900 -0.881900
v 0.249200 1.673900 -0.903600
v 0.347500 1.675400 -0.938000
v 0.422800 1.677500 -0.982900
v 0.470200 1.679800 -1.035100
v 0.486400 1.682400 -1.091200
v 0.470200 1.684900 -1.147300
v 0.422800 1.687300 -1.199500
v 0.347500 1.689300 -1.244400
v 0.249200 1.690900 -1.278800
v 0.134800 1.691900 -1.300500
v 0.012000 1.625700 -1.089700
v 0.002100 4.801300 -0.084000
v 0.002100 4.742900 0.338800
v 0.174000 4.742900 0.324400
v 0.334100 4.742900 0.282100
v 0.471600 4.742900 0.215000
v 0.577100 4.742900 0.127400
v 0.643400 4.742900 0.025400
v 0.666000 4.742900 -0.084000
v 0.643400 4.742900 -0.193400
v 0.577100 4.742900 -0.295400
v 0.471600 4.742900 -0.383000
v 0.334100 4.742900 -0.450200
v 0.174000 4.742900 -0.492400
v 0.002100 4.742900 -0.506800
v -0.169700 4.742900 -0.492400
v -0.329800 4.742900 -0.450200
v -0.467300 4.742900 -0.383000
v -0.572800 4.742900 -0.295400
v -0.639100 4.742900 -0.193400
v -0.661800 4.742900 -0.084000
v -0.639100 4.742900 0.025400
v -0.572800 4.742900 0.127400
v -0.467300 4.742900 0.215000
v -0.329800 4.742900 0.282100
v -0.169700 4.742900 0.324400
v 0.002100 4.571500 0.732800
v 0.334100 4.571500 0.704900
v 0.643400 4.571500 0.623300
v 0.909000 4.571500 0.493500
v 1.112900 4.571500 0.324400
v 1.241000 4.571500 0.127400
v 1.284700 4.571500 -0.084000
v 1.241000 4.571500 -0.295400
v 1.112900 4.571500 -0.492400
v 0.909000 4.571500 -0.661600
v 0.643400 4.571500 -0.791400
v 0.334100 4.571500 -0.873000
v 0.002100 4.571500 -0.900800
v -0.329800 4.571500 -0.873000
v -0.639100 4.571500 -0.791400
v -0.904800 4.571500 -0.661600
v -1.108600 4.571500 -0.492400
v -1.236700 4.571500 -0.295400
v -1.280400 4.571500 -0.084000
v -1.236700 4.571500 0.127400
v -1.108600 4.571500 0.324400
v -0.904800 4.571500 0.493500
v -0.639100 4.571500 0.623300
v -0.329800 4.571500 0.704900
v 0.002100 4.299000 1.071100
v 0.471600 4.299000 1.031700
v 0.909000 4.299000 0.916300
v 1.284700 4.299000 0.732800
v 1.572900 4.299000 0.493500
v 1.754100 4.299000 0.215000
v 1.815900 4.299000 -0.084000
v 1.754100 4.299000 -0.383000
v 1.572900 4.299000 -0.661600
v 1.284700 4.299000 -0.900800
v 0.909000 4.299000 -1.084400
v 0.471600 4.299000 -1.199800
v 0.002100 4.299000 -1.239100
v -0.467300 4.299000 -1.199800
v -0.904800 4.299000 -1.084400
v -1.280400 4.299000 -0.900800
v -1.568700 4.299000 -0.661600
v -1.749900 4.299000 -0.383000
v -1.811700 4.299000 -0.084000
v -1.749900 4.299000 0.214900
v -1.568700 4.299000 0.493500
v -1.280400 4.299000 0.732800
v -0.904800 4.299000 0.916300
v -0.467300 4.299000 1.031700
v 0.002100 3.943800 1.330700
v 0.577100 3.943800 1.282500
v 1.112900 3.943800 1.141200
v 1.572900 3.943800 0.916300
v 1.926000 3.943800 0.623300
v 2.147900 3.943800 0.282100
v 2.223600 3.943800 -0.084000
v 2.147900 3.943800 -0.450200
v 1.926000 3.943800 -0.791400
v 1.572900 3.943800 -1.084400
v 1.112900 3.943800 -1.309200
v 0.577100 3.943800 -1.450500
v 0.002100 3.943800 -1.498700
v -0.572800 3.943800 -1.450500
v -1.108600 3.943800 -1.309200
v -1.568700 3.943800 -1.084400
v -1.921700 3.943800 -0.791400
v -2.143600 3.943800 -0.450200
v -2.219300 3.943800 -0.084000
v -2.143600 3.943800 0.282100
v -1.921700 3.943800 0.623300
v -1.568700 3.943800 0.916300
v -1.108600 3.943800 1.141200
v -0.572800 3.943800 1.282500
v 0.002100 3.530100 1.493900
v 0.643400 3.530100 1.440100
v 1.241000 3.530100 1.282500
v 1.754100 3.530100 1.031700
v 2.147900 3.530100 0.704900
v 2.395400 3.530100 0.324400
v 2.479800 3.530100 -0.084000
v 2.395400 3.530100 -0.492400
v 2.147900 3.530100 -0.873000
v 1.754100 3.530100 -1.199800
v 1.241000 3.530100 -1.450500
v 0.643400 3.530100 -1.608200
v 0.002100 3.530100 -1.661900
v -0.639100 3.530100 -1.608200
v -1.236700 3.530100 -1.450500
v -1.749900 3.530100 -1.199800
v -2.143600 3.530100 -0.873000
v -2.391100 3.530100 -0.492400
v -2.475600 3.530100 -0.084000
v -2.391100 3.530100 0.324400
v -2.143600 3.530100 0.704900
v -1.749900 3.530100 1.031700
v -1.236700 3.530100 1.282500
v -0.639100 3.530100 1.440100
v 0.002100 3.086200 1.549600
v 0.666000 3.086200 1.493900
v 1.284700 3.086200 1.330700
v 1.815900 3.086200 1.071100
v 2.223600 3.086200 0.732800
v 2.479800 3.086200 0.338800
v 2.567200 3.086200 -0.084000
v 2.479800 3.086200 -0.506800
v 2.223600 3.086200 -0.900800
v 1.815900 3.086200 -1.239100
v 1.284700 3.086200 -1.498700
v 0.666000 3.086200 -1.661900
v 0.002100 3.086200 -1.717600
v -0.661800 3.086200 -1.661900
v -1.280400 3.086200 -1.498700
v -1.811700 3.086200 -1.239100
v -2.219300 3.086200 -0.900800
v -2.475600 3.086200 -0.506800
v -2.563000 3.086200 -0.084000
v -2.475600 3.086200 0.338800
v -2.219300 3.086200 0.732800
v -1.811700 3.086200 1.071100
v -1.280400 3.086200 1.330700
v -0.661800 3.086200 1.493900
v 0.002100 2.642300 1.493900
v 0.643400 2.642300 1.440100
v 1.241000 2.642300 1.282500
v 1.754100 2.642300 1.031700
v 2.147900 2.642300 0.704900
v 2.395400 2.642300 0.324400
v 2.479800 2.642300 -0.084000
v 2.395400 2.642300 -0.492400
v 2.147900 2.642300 -0.873000
v 1.754100 2.642300 -1.199800
v 1.241000 2.642300 -1.450500
v 0.643400 2.642300 -1.608200
v 0.002100 2.642300 -1.661900
v -0.639100 2.642300 -1.608200
v -1.236700 2.642300 -1.450500
v -1.749900 2.642300 -1.199800
v -2.143600 2.642300 -0.873000
v -2.391100 2.642300 -0.492400
v -2.475600 2.642300 -0.084000
v -2.391200 2.642300 0.324400
v -2.143600 2.642300 0.704900
v -1.749900 2.642300 1.031700
v -1.236700 2.642300 1.282500
v -0.639100 2.642300 1.440100
v 0.002100 2.228600 1.330700
v 0.577100 2.228600 1.282500
v 1.112900 2.228600 1.141200
v 1.572900 2.228600 0.916300
v 1.926000 2.228600 0.623300
v 2.147900 2.228600 0.282100
v 2.223600 2.228600 -0.084000
v 2.147900 2.228600 -0.450200
v 1.926000 2.228600 -0.791400
v 1.572900 2.228600 -1.084400
v 1.112900 2.228600 -1.309200
v 0.577100 2.228600 -1.450500
v 0.002100 2.228600 -1.498700
v -0.572800 2.228600 -1.450500
v -1.108600 2.228600 -1.309200
v -1.568700 2.228600 -1.084400
v -1.921700 2.228600 -0.791400
v -2.143600 2.228600 -0.450200
v -2.219300 2.228600 -0.084000
v -2.143600 2.228600 0.282100
v -1.921700 2.228600 0.623300
v -1.568700 2.228600 0.916300
v -1.108600 2.228600 1.141200
v -0.572800 2.228600 1.282500
v 0.002100 1.873400 1.071100
v 0.471600 1.873400 1.031700
v 0.909000 1.873400 0.916300
v 1.284700 1.873400 0.732800
v 1.572900 1.873400 0.493500
v 1.754100 1.873400 0.215000
v 1.815900 1.873400 -0.084000
v 1.754100 1.873400 -0.383000
v 1.572900 1.873400 -0.661600
v 1.284700 1.873400 -0.900800
v 0.909000 1.873400 -1.084400
v 0.471600 1.873400 -1.199800
v 0.002100 1.873400 -1.239100
v -0.467300 1.873400 -1.199800
v -0.904800 1.873400 -1.084400
v -1.280400 1.873400 -0.900800
v -1.568700 1.873400 -0.661600
v -1.749900 1.873400 -0.383000
v -1.811700 1.873400 -0.084000
v -1.749900 1.873400 0.215000
v -1.568700 1.873400 0.493500
v -1.280400 1.873400 0.732800
v -0.904800 1.873400 0.916300
v -0.467300 1.873400 1.031700
v 0.002100 1.600800 0.732800
v 0.334100 1.600800 0.704900
v 0.643400 1.600800 0.623300
v 0.909000 1.600800 0.493500
v 1.112900 1.600800 0.324400
v 1.241000 1.600800 0.127400
v 1.284700 1.600800 -0.084000
v 1.241000 1.600800 -0.295400
v 1.112900 1.600800 -0.492400
v 0.909000 1.600800 -0.661600
v 0.643400 1.600800 -0.791400
v 0.334100 1.600800 -0.873000
v 0.002100 1.600800 -0.900800
v -0.329800 1.600800 -0.873000
v -0.639100 1.600800 -0.791400
v -0.904800 1.600800 -0.661600
v -1.108600 1.600800 -0.492400
v -1.236700 1.600800 -0.295400
v -1.280400 1.600800 -0.084000
v -1.236700 1.600800 0.127400
v -1.108600 1.600800 0.324400
v -0.904800 1.600800 0.493500
v -0.639100 1.600800 0.623300
v -0.329800 1.600800 0.704900
v 0.002100 1.429500 0.338800
v 0.174000 1.429500 0.324400
v 0.334100 1.429500 0.282100
v 0.471600 1.429500 0.215000
v 0.577100 1.429500 0.127400
v 0.643400 1.429500 0.025400
v 0.666000 1.429500 -0.084000
v 0.643400 1.429500 -0.193400
v 0.577100 1.429500 -0.295400
v 0.471600 1.429500 -0.383000
v 0.334100 1.429500 -0.450200
v 0.174000 1.429500 -0.492400
v 0.002100 1.429500 -0.506800
v -0.169700 1.429500 -0.492400
v -0.329800 1.429500 -0.450200
v -0.467300 1.429500 -0.383000
v -0.572800 1.429500 -0.295400
v -0.639100 1.429500 -0.193400
v -0.661800 1.429500 -0.084000
v -0.639100 1.429500 0.025400
v -0.572800 1.429500 0.127400
v -0.467300 1.429500 0.215000
v -0.329800 1.429500 0.282100
v -0.169700 1.429500 0.324400
v 0.002100 1.371100 -0.084000
vn 0.0001 -0.0000 1.0000
vn -0.0185 -0.5482 0.8361
vn 0.3094 -0.4358 0.8452
vn 0.4989 -0.1717 0.8495
vn 0.4770 0.1303 0.8692
vn 0.2767 0.3467 0.8962
vn -0.0095 0.4283 0.9036
vn -0.3049 0.3683 0.8783
vn -0.3529 0.1618 0.9216
vn -0.3453 -0.1121 0.9318
vn -0.2645 -0.4707 0.8417
vn -0.0786 0.0931 0.9926
vn -0.0026 0.1160 0.9932
vn -0.1294 0.0250 0.9913
vn -0.2081 -0.0921 0.9737
vn -0.2006 -0.2946 0.9343
vn -0.0272 -0.3931 0.9191
vn 0.0796 -0.2440 0.9665
vn -0.0804 0.1546 0.9847
vn -0.5837 0.3628 0.7264
vn -0.9177 -0.1691 0.3595
vn -0.2744 -0.2654 0.9243
vn -0.0378 -0.0498 0.9980
vn -0.5744 0.7981 -0.1820
vn 0.0129 0.9856 -0.1686
vn -0.9316 0.3104 -0.1889
vn -0.9329 -0.2805 -0.2257
vn -0.5800 -0.7598 -0.2937
vn 0.0073 -0.9475 -0.3198
vn 0.5627 -0.7766 -0.2834
vn 0.7372 -0.5348 -0.4129
vn 0.4865 0.7389 -0.4663
vn 0.5473 0.8177 -0.1784
vn -0.2390 0.3293 -0.9135
vn -0.0001 0.4065 -0.9136
vn -0.3869 0.1258 -0.9135
vn -0.3869 -0.1256 -0.9135
vn -0.2391 -0.3291 -0.9135
vn 0.0001 -0.4068 -0.9135
vn 0.2392 -0.3292 -0.9135
vn 0.3871 -0.1256 -0.9134
vn 0.5238 -0.2118 -0.8251
vn 0.3871 0.1258 -0.9134
vn 0.5238 0.2121 -0.8251
vn 0.2391 0.3291 -0.9135
vn 0.0001 -0.0000 -1.0000
vn -1.0000 -0.0000 -0.0000
vn 1.0000 -0.0000 -0.0000
vn 0.9049 0.1901 0.3808
vn 0.9182 -0.1640 0.3605
vn 1.0000 -0.0000 -0.0003
vn 1.0000 -0.0000 -0.0001
vn -0.5058 0.7484 -0.4291
vn -0.3092 -0.4357 0.8453
vn 0.0183 -0.5482 0.8361
vn -0.4988 -0.1716 0.8495
vn -0.4770 0.1303 0.8692
vn -0.2767 0.3465 0.8963
vn 0.0094 0.4283 0.9036
vn 0.3051 0.3685 0.8781
vn 0.3527 0.1619 0.9216
vn 0.3450 -0.1121 0.9319
vn 0.2750 -0.4684 0.8396
vn 0.0790 0.0936 0.9925
vn 0.0025 0.1161 0.9932
vn 0.1292 0.0249 0.9913
vn 0.2081 -0.0921 0.9738
vn 0.2012 -0.2948 0.9341
vn 0.0271 -0.3930 0.9191
vn -0.0792 -0.2436 0.9667
vn 0.1044 0.1567 0.9821
vn 0.0380 -0.0501 0.9980
vn 0.3149 -0.2739 0.9087
vn 0.5743 0.7981 -0.1822
vn -0.0127 0.9856 -0.1685
vn 0.9317 0.3103 -0.1890
vn 0.9329 -0.2805 -0.2257
vn 0.5801 -0.7597 -0.2939
vn -0.0070 -0.9474 -0.3198
vn -0.5668 -0.7746 -0.2806
vn -0.7441 -0.5402 -0.3931
vn -0.5525 0.8149 -0.1749
vn 0.2391 0.3292 -0.9135
vn 0.0002 0.4065 -0.9136
vn 0.3870 0.1258 -0.9135
vn 0.3870 -0.1256 -0.9135
vn 0.2392 -0.3291 -0.9135
vn -0.0000 -0.4068 -0.9135
vn -0.2391 -0.3292 -0.9135
vn -0.5242 -0.2119 -0.8248
vn -0.3874 -0.1257 -0.9133
vn -0.5241 0.2121 -0.8248
vn -0.3874 0.1259 -0.9133
vn -0.2391 0.3291 -0.9135
vn -0.3457 -0.0000 0.9383
vn -0.3191 0.3850 0.8660
vn -0.4990 0.3337 0.7998
vn -0.6311 0.1928 0.7514
vn -0.6796 -0.0000 0.7336
vn -0.6311 -0.1927 0.7514
vn -0.4990 -0.3338 0.7998
vn -0.3193 -0.3849 0.8660
vn -0.1392 -0.3336 0.9324
vn -0.0071 -0.1926 0.9813
vn 0.0411 -0.0001 0.9992
vn -0.0072 0.1927 0.9812
vn -0.1392 0.3337 0.9323
vn -0.2159 0.7811 0.5859
vn -0.5814 0.6769 0.4514
vn -0.8498 0.3913 0.3531
vn -0.9484 -0.0000 0.3172
vn -0.8498 -0.3914 0.3531
vn -0.5814 -0.6769 0.4514
vn -0.2158 -0.7812 0.5858
vn 0.1493 -0.6770 0.7207
vn 0.4177 -0.3913 0.8200
vn 0.5160 -0.0000 0.8566
vn 0.4177 0.3914 0.8200
vn 0.1494 0.6769 0.7208
vn -0.1352 0.9205 0.3666
vn -0.5660 0.7977 0.2082
vn -0.8825 0.4611 0.0923
vn -0.9988 -0.0000 0.0500
vn -0.8825 -0.4612 0.0921
vn -0.5661 -0.7977 0.2081
vn -0.1350 -0.9206 0.3664
vn 0.2955 -0.7977 0.5257
vn 0.6121 -0.4610 0.6425
vn 0.7279 -0.0000 0.6856
vn 0.6118 0.4612 0.6427
vn 0.2956 0.7976 0.5259
vn 0.0001 -0.8407 0.5415
vn 0.0053 -0.8017 0.5977
vn 0.4279 -0.5917 0.6833
vn 0.5739 -0.3826 0.7241
vn -0.0038 -0.8015 0.5980
vn 0.0016 -0.7806 0.6250
vn -0.5744 -0.3820 0.7240
vn -0.4286 -0.5912 0.6832
vn -0.5241 -0.2985 0.7976
vn -0.5542 -0.4410 0.7060
vn 0.5243 -0.2989 0.7974
vn 0.0005 -0.0284 0.9996
vn 0.5541 -0.4411 0.7060
vn 0.0001 0.5233 0.8522
vn 0.3457 -0.0000 0.9384
vn 0.3192 0.3850 0.8659
vn 0.1393 0.3336 0.9323
vn 0.0071 0.1926 0.9812
vn -0.0411 0.0001 0.9992
vn 0.0073 -0.1926 0.9813
vn 0.1394 -0.3338 0.9323
vn 0.3191 -0.3850 0.8660
vn 0.4988 -0.3337 0.7999
vn 0.6310 -0.1928 0.7515
vn 0.6795 -0.0001 0.7337
vn 0.6309 0.1930 0.7514
vn 0.4989 0.3337 0.7998
vn 0.2158 0.7811 0.5859
vn -0.1495 0.6769 0.7207
vn -0.4176 0.3913 0.8200
vn -0.5159 0.0001 0.8566
vn -0.4177 -0.3915 0.8199
vn -0.1495 -0.6769 0.7207
vn 0.2158 -0.7811 0.5859
vn 0.5813 -0.6769 0.4515
vn 0.8498 -0.3913 0.3531
vn 0.9484 -0.0000 0.3170
vn 0.8498 0.3913 0.3531
vn 0.5813 0.6769 0.4515
vn 0.1351 0.9205 0.3667
vn -0.2956 0.7977 0.5257
vn -0.6118 0.4611 0.6427
vn -0.7278 -0.0000 0.6858
vn -0.6119 -0.4612 0.6425
vn -0.2957 -0.7976 0.5257
vn 0.1351 -0.9206 0.3663
vn 0.5659 -0.7978 0.2082
vn 0.8826 -0.4610 0.0920
vn 0.9988 -0.0000 0.0496
vn 0.8826 0.4611 0.0922
vn 0.5660 0.7977 0.2082
vn -0.0000 -0.0000 1.0000
vn -0.0000 0.5923 0.8057
vn -0.1171 0.5744 0.8102
vn -0.2268 0.5204 0.8232
vn -0.3222 0.4298 0.8435
vn -0.3924 0.3061 0.8674
vn -0.4267 0.1602 0.8901
vn -0.4158 0.0140 0.9093
vn -0.3824 -0.1312 0.9146
vn -0.3337 -0.2488 0.9093
vn -0.2651 -0.3431 0.9011
vn -0.1832 -0.4112 0.8929
vn -0.0934 -0.4522 0.8870
vn -0.0000 -0.4659 0.8849
vn 0.0934 -0.4522 0.8870
vn 0.1832 -0.4112 0.8929
vn 0.2651 -0.3431 0.9011
vn 0.3337 -0.2488 0.9093
vn 0.3824 -0.1312 0.9146
vn 0.4159 0.0140 0.9093
vn 0.4267 0.1602 0.8901
vn 0.3924 0.3061 0.8674
vn 0.3222 0.4298 0.8435
vn 0.2268 0.5204 0.8232
vn 0.1171 0.5744 0.8102
vn -0.0000 0.9865 0.1640
vn -0.1782 0.9647 0.1937
vn -0.3446 0.8961 0.2798
vn -0.4910 0.7646 0.4174
vn -0.5911 0.5687 0.5719
vn -0.6224 0.3771 0.6858
vn -0.6355 0.1211 0.7626
vn -0.6169 -0.1968 0.7620
vn -0.5660 -0.4342 0.7008
vn -0.4699 -0.6548 0.5920
vn -0.3299 -0.8144 0.4774
vn -0.1711 -0.9002 0.4005
vn -0.0000 -0.9278 0.3731
vn 0.1711 -0.9002 0.4005
vn 0.3299 -0.8144 0.4774
vn 0.4700 -0.6548 0.5919
vn 0.5660 -0.4342 0.7008
vn 0.6170 -0.1967 0.7620
vn 0.6355 0.1211 0.7626
vn 0.6225 0.3770 0.6858
vn 0.5912 0.5688 0.5719
vn 0.4910 0.7646 0.4174
vn 0.3446 0.8961 0.2798
vn 0.1782 0.9647 0.1937
vn -0.0000 0.9841 -0.1774
vn -0.1357 0.9817 -0.1336
vn -0.2726 0.9621 -0.0109
vn -0.4153 0.8927 0.1747
vn -0.5524 0.7369 0.3897
vn -0.6612 0.4786 0.5778
vn -0.6685 0.1732 0.7233
vn -0.5412 -0.1379 0.8295
vn -0.4455 -0.3688 0.8158
vn -0.3542 -0.5762 0.7366
vn -0.2534 -0.7385 0.6248
vn -0.1353 -0.8389 0.5273
vn -0.0000 -0.8731 0.4876
vn 0.1353 -0.8389 0.5272
vn 0.2535 -0.7386 0.6247
vn 0.3542 -0.5762 0.7365
vn 0.4455 -0.3689 0.8158
vn 0.5411 -0.1379 0.8296
vn 0.6684 0.1732 0.7233
vn 0.6611 0.4787 0.5778
vn 0.5523 0.7370 0.3896
vn 0.4153 0.8927 0.1747
vn 0.2727 0.9620 -0.0109
vn 0.1357 0.9817 -0.1336
vn -0.0003 0.9936 -0.1125
vn -0.1130 0.9888 -0.0970
vn -0.2357 0.9704 -0.0516
vn -0.3847 0.9228 0.0216
vn -0.5807 0.8053 0.1191
vn -0.8356 0.5064 0.2131
vn -0.9100 -0.0542 0.4111
vn -0.8237 -0.2047 0.5288
vn -0.6416 -0.5697 0.5136
vn -0.2770 -0.8574 0.4338
vn -0.1732 -0.9263 0.3347
vn -0.0859 -0.9576 0.2752
vn -0.0000 -0.9672 0.2539
vn 0.0859 -0.9576 0.2752
vn 0.1732 -0.9263 0.3347
vn 0.2770 -0.8574 0.4338
vn 0.6416 -0.5697 0.5136
vn 0.8237 -0.2047 0.5288
vn 0.9100 -0.0542 0.4111
vn 0.8356 0.5064 0.2131
vn 0.5807 0.8054 0.1191
vn 0.3847 0.9228 0.0216
vn 0.2357 0.9704 -0.0516
vn 0.1133 0.9888 -0.0967
vn -0.0003 0.9473 -0.3204
vn -0.1094 0.9411 -0.3199
vn -0.2309 0.9193 -0.3187
vn -0.3803 0.8702 -0.3133
vn -0.5794 0.7611 -0.2917
vn -0.8308 0.5112 -0.2202
vn -0.9465 0.3020 -0.1139
vn -0.9775 0.1993 -0.0689
vn -0.9917 -0.1239 -0.0341
vn -0.7063 -0.7078 0.0143
vn -0.1846 -0.9823 -0.0328
vn -0.0862 -0.9915 -0.0975
vn -0.0000 -0.9930 -0.1180
vn 0.0862 -0.9915 -0.0975
vn 0.1846 -0.9823 -0.0328
vn 0.7063 -0.7078 0.0143
vn 0.9917 -0.1239 -0.0341
vn 0.9775 0.1993 -0.0689
vn 0.9465 0.3020 -0.1139
vn 0.8308 0.5112 -0.2202
vn 0.5794 0.7611 -0.2917
vn 0.3803 0.8702 -0.3133
vn 0.2309 0.9193 -0.3187
vn 0.1098 0.9410 -0.3202
vn -0.0008 0.6352 -0.7724
vn -0.1132 0.6255 -0.7720
vn -0.2375 0.5971 -0.7662
vn -0.3828 0.5479 -0.7438
vn -0.5855 0.4473 -0.6761
vn -0.7929 0.3093 -0.5250
vn -0.8864 0.0267 -0.4621
vn -0.9341 -0.2854 -0.2146
vn -0.9027 -0.3991 -0.1609
vn -0.6721 -0.7232 0.1588
vn -0.2047 -0.7026 0.6815
vn -0.0980 -0.6401 0.7620
vn -0.0000 -0.6146 0.7888
vn 0.0980 -0.6401 0.7620
vn 0.2047 -0.7026 0.6815
vn 0.6721 -0.7232 0.1588
vn 0.9027 -0.3991 -0.1609
vn 0.9341 -0.2854 -0.2146
vn 0.8864 0.0267 -0.4621
vn 0.7929 0.3093 -0.5250
vn 0.5785 0.4429 -0.6850
vn 0.3882 0.5404 -0.7465
vn 0.2375 0.5971 -0.7662
vn 0.1140 0.6261 -0.7713
vn -0.0014 0.1696 -0.9855
vn -0.1152 0.1591 -0.9805
vn -0.2391 0.1249 -0.9629
vn -0.3773 0.0540 -0.9245
vn -0.5579 -0.0683 -0.8271
vn -0.7372 -0.2456 -0.6294
vn -0.8632 -0.4557 -0.2174
vn -0.8152 -0.5389 -0.2124
vn -0.7690 -0.5976 -0.2272
vn -0.5116 -0.6891 0.5132
vn -0.1902 -0.5846 0.7887
vn -0.0961 -0.4732 0.8757
vn -0.0000 -0.4780 0.8783
vn 0.0961 -0.4732 0.8757
vn 0.1902 -0.5846 0.7887
vn 0.5116 -0.6891 0.5132
vn 0.7689 -0.5976 -0.2272
vn 0.8152 -0.5389 -0.2124
vn 0.8632 -0.4557 -0.2174
vn 0.7372 -0.2456 -0.6294
vn 0.5539 -0.0564 -0.8307
vn 0.3850 0.0599 -0.9210
vn 0.2391 0.1249 -0.9629
vn 0.1166 0.1586 -0.9804
vn -0.0011 -0.2160 -0.9764
vn -0.1108 -0.2267 -0.9676
vn -0.2279 -0.2605 -0.9382
vn -0.3602 -0.3212 -0.8759
vn -0.5124 -0.4130 -0.7529
vn -0.6618 -0.5297 -0.5304
vn -0.7526 -0.6405 -0.1529
vn -0.7364 -0.6458 -0.2019
vn -0.6041 -0.7964 -0.0297
vn -0.2890 -0.7412 0.6058
vn -0.2120 -0.6629 0.7180
vn -0.0251 -0.6327 0.7740
vn -0.0000 -0.2888 0.9574
vn 0.0250 -0.6328 0.7739
vn 0.2120 -0.6629 0.7180
vn 0.2890 -0.7412 0.6058
vn 0.6040 -0.7964 -0.0295
vn 0.7363 -0.6458 -0.2017
vn 0.7526 -0.6405 -0.1529
vn 0.6618 -0.5298 -0.5304
vn 0.5124 -0.4130 -0.7529
vn 0.3602 -0.3212 -0.8759
vn 0.2279 -0.2605 -0.9382
vn 0.1119 -0.2271 -0.9674
vn -0.0006 -0.4731 -0.8810
vn -0.1055 -0.4828 -0.8694
vn -0.2155 -0.5143 -0.8301
vn -0.3352 -0.5689 -0.7510
vn -0.4644 -0.6442 -0.6077
vn -0.5750 -0.7281 -0.3733
vn -0.6259 -0.7791 -0.0355
vn -0.5487 -0.8024 0.2348
vn -0.4533 -0.7098 0.5391
vn -0.3564 -0.6115 0.7064
vn -0.2192 -0.5360 0.8153
vn -0.0056 -0.3930 0.9195
vn -0.0000 -0.0509 0.9987
vn 0.0056 -0.3930 0.9195
vn 0.2192 -0.5360 0.8153
vn 0.3564 -0.6115 0.7064
vn 0.4534 -0.7099 0.5390
vn 0.5487 -0.8024 0.2348
vn 0.6259 -0.7791 -0.0355
vn 0.5750 -0.7280 -0.3733
vn 0.4645 -0.6442 -0.6076
vn 0.3352 -0.5689 -0.7510
vn 0.2155 -0.5143 -0.8301
vn 0.1060 -0.4834 -0.8689
vn -0.0000 -0.6608 -0.7506
vn -0.0873 -0.6702 -0.7371
vn -0.1763 -0.6974 -0.6947
vn -0.2677 -0.7410 -0.6159
vn -0.3593 -0.7954 -0.4881
vn -0.4405 -0.8479 -0.2950
vn -0.4817 -0.8755 -0.0372
vn -0.4546 -0.8605 0.2302
vn -0.3774 -0.8183 0.4335
vn -0.2853 -0.7639 0.5788
vn -0.1924 -0.7140 0.6731
vn -0.0915 -0.6804 0.7271
vn -0.0000 -0.6690 0.7432
vn 0.0915 -0.6804 0.7271
vn 0.1924 -0.7141 0.6731
vn 0.2852 -0.7639 0.5788
vn 0.3773 -0.8183 0.4335
vn 0.4546 -0.8604 0.2302
vn 0.4818 -0.8755 -0.0372
vn 0.4405 -0.8479 -0.2950
vn 0.3592 -0.7954 -0.4881
vn 0.2676 -0.7410 -0.6159
vn 0.1763 -0.6974 -0.6947
vn 0.0873 -0.6702 -0.7370
vn -0.0000 -0.8741 -0.4857
vn -0.0516 -0.8783 -0.4753
vn -0.1025 -0.8907 -0.4430
vn -0.1522 -0.9096 -0.3865
vn -0.1987 -0.9320 -0.3032
vn -0.2376 -0.9530 -0.1878
vn -0.2567 -0.9656 -0.0427
vn -0.2431 -0.9641 0.1068
vn -0.2069 -0.9506 0.2312
vn -0.1602 -0.9337 0.3203
vn -0.1071 -0.9164 0.3857
vn -0.0542 -0.9043 0.4234
vn -0.0000 -0.9000 0.4359
vn 0.0542 -0.9043 0.4234
vn 0.1071 -0.9164 0.3857
vn 0.1602 -0.9337 0.3202
vn 0.2069 -0.9507 0.2311
vn 0.2430 -0.9641 0.1070
vn 0.2567 -0.9655 -0.0427
vn 0.2375 -0.9530 -0.1880
vn 0.1987 -0.9320 -0.3031
vn 0.1523 -0.9096 -0.3865
vn 0.1025 -0.8906 -0.4430
vn 0.0516 -0.8783 -0.4753
vn -0.0000 -0.9992 -0.0407
vn -0.0000 1.0000 -0.0000
vn -0.0000 0.9608 0.2771
vn 0.0445 0.9621 0.2690
vn 0.0872 0.9657 0.2447
vn 0.1262 0.9707 0.2044
vn 0.1587 0.9761 0.1483
vn 0.1812 0.9803 0.0786
vn 0.1894 0.9819 -0.0000
vn 0.1812 0.9803 -0.0786
vn 0.1587 0.9761 -0.1483
vn 0.1262 0.9707 -0.2043
vn 0.0872 0.9657 -0.2447
vn 0.0444 0.9621 -0.2690
vn -0.0000 0.9608 -0.2771
vn -0.0445 0.9621 -0.2690
vn -0.0872 0.9657 -0.2448
vn -0.1262 0.9707 -0.2043
vn -0.1587 0.9761 -0.1483
vn -0.1811 0.9803 -0.0787
vn -0.1895 0.9819 -0.0000
vn -0.1811 0.9803 0.0787
vn -0.1587 0.9761 0.1483
vn -0.1262 0.9707 0.2044
vn -0.0872 0.9657 0.2448
vn -0.0445 0.9621 0.2690
vn -0.0000 0.8524 0.5229
vn 0.0863 0.8568 0.5085
vn 0.1697 0.8690 0.4648
vn 0.2468 0.8868 0.3907
vn 0.3122 0.9060 0.2858
vn 0.3580 0.9212 0.1522
vn 0.3749 0.9271 -0.0000
vn 0.3580 0.9212 -0.1522
vn 0.3122 0.9060 -0.2857
vn 0.2468 0.8868 -0.3907
vn 0.1697 0.8690 -0.4647
vn 0.0862 0.8568 -0.5085
vn -0.0000 0.8524 -0.5229
vn -0.0862 0.8568 -0.5085
vn -0.1696 0.8690 -0.4647
vn -0.2468 0.8868 -0.3907
vn -0.3122 0.9061 -0.2856
vn -0.3580 0.9212 -0.1522
vn -0.3749 0.9271 -0.0000
vn -0.3580 0.9212 0.1522
vn -0.3122 0.9061 0.2857
vn -0.2468 0.8868 0.3907
vn -0.1696 0.8690 0.4648
vn -0.0863 0.8568 0.5085
vn -0.0000 0.6869 0.7268
vn 0.1219 0.6940 0.7096
vn 0.2426 0.7144 0.6563
vn 0.3595 0.7452 0.5617
vn 0.4643 0.7801 0.4193
vn 0.5419 0.8092 0.2273
vn 0.5714 0.8207 -0.0000
vn 0.5418 0.8092 -0.2272
vn 0.4643 0.7801 -0.4193
vn 0.3594 0.7451 -0.5618
vn 0.2426 0.7144 -0.6564
vn 0.1218 0.6939 -0.7097
vn -0.0000 0.6869 -0.7268
vn -0.1218 0.6939 -0.7097
vn -0.2427 0.7143 -0.6564
vn -0.3594 0.7452 -0.5618
vn -0.4643 0.7801 -0.4193
vn -0.5419 0.8092 -0.2272
vn -0.5714 0.8207 -0.0000
vn -0.5419 0.8092 0.2272
vn -0.4643 0.7801 0.4193
vn -0.3594 0.7451 0.5618
vn -0.2426 0.7144 0.6563
vn -0.1218 0.6940 0.7096
vn -0.0000 0.4796 0.8775
vn 0.1489 0.4870 0.8606
vn 0.3008 0.5090 0.8065
vn 0.4557 0.5437 0.7048
vn 0.6047 0.5859 0.5395
vn 0.7229 0.6229 0.2989
vn 0.7699 0.6381 -0.0000
vn 0.7229 0.6229 -0.2989
vn 0.6047 0.5859 -0.5395
vn 0.4556 0.5438 -0.7048
vn 0.3008 0.5090 -0.8065
vn 0.1489 0.4870 -0.8606
vn -0.0000 0.4796 -0.8775
vn -0.1489 0.4870 -0.8606
vn -0.3008 0.5090 -0.8065
vn -0.4556 0.5438 -0.7048
vn -0.6048 0.5858 -0.5395
vn -0.7230 0.6229 -0.2989
vn -0.7699 0.6381 -0.0000
vn -0.7229 0.6229 0.2990
vn -0.6048 0.5858 0.5395
vn -0.4557 0.5438 0.7048
vn -0.3008 0.5090 0.8065
vn -0.1489 0.4870 0.8606
vn -0.0000 0.2461 0.9692
vn 0.1658 0.2508 0.9537
vn 0.3387 0.2651 0.9028
vn 0.5226 0.2887 0.8022
vn 0.7105 0.3187 0.6274
vn 0.8685 0.3464 0.3545
vn 0.9337 0.3581 -0.0000
vn 0.8685 0.3464 -0.3544
vn 0.7105 0.3187 -0.6274
vn 0.5226 0.2886 -0.8023
vn 0.3387 0.2650 -0.9028
vn 0.1658 0.2508 -0.9537
vn -0.0000 0.2461 -0.9692
vn -0.1658 0.2508 -0.9537
vn -0.3386 0.2650 -0.9028
vn -0.5226 0.2886 -0.8023
vn -0.7106 0.3187 -0.6273
vn -0.8685 0.3465 -0.3545
vn -0.9336 0.3582 -0.0000
vn -0.8684 0.3465 0.3546
vn -0.7105 0.3187 0.6274
vn -0.5226 0.2887 0.8022
vn -0.3387 0.2651 0.9028
vn -0.1658 0.2508 0.9537
vn 0.1715 -0.0000 0.9852
vn 0.3519 -0.0000 0.9360
vn 0.5469 -0.0000 0.8372
vn 0.7510 -0.0000 0.6603
vn 0.9266 -0.0000 0.3760
vn 0.9266 -0.0000 -0.3760
vn 0.7510 -0.0000 -0.6603
vn 0.5469 -0.0000 -0.8372
vn 0.3518 -0.0000 -0.9361
vn 0.1716 -0.0000 -0.9852
vn -0.0000 -0.0000 -1.0000
vn -0.1716 -0.0000 -0.9852
vn -0.3518 -0.0000 -0.9361
vn -0.5469 -0.0000 -0.8372
vn -0.7510 -0.0000 -0.6603
vn -0.9266 -0.0000 -0.3761
vn -0.9266 0.0001 0.3761
vn -0.7510 -0.0000 0.6604
vn -0.5469 -0.0000 0.8372
vn -0.3519 -0.0000 0.9361
vn -0.1716 -0.0000 0.9852
vn -0.0000 -0.2461 0.9692
vn 0.1658 -0.2508 0.9537
vn 0.3387 -0.2651 0.9028
vn 0.5226 -0.2887 0.8022
vn 0.7105 -0.3187 0.6274
vn 0.8685 -0.3464 0.3545
vn 0.9337 -0.3581 -0.0000
vn 0.8685 -0.3464 -0.3544
vn 0.7105 -0.3187 -0.6274
vn 0.5226 -0.2886 -0.8023
vn 0.3387 -0.2650 -0.9028
vn 0.1658 -0.2508 -0.9537
vn -0.0000 -0.2461 -0.9692
vn -0.1658 -0.2508 -0.9537
vn -0.3386 -0.2650 -0.9028
vn -0.5226 -0.2886 -0.8023
vn -0.7106 -0.3187 -0.6273
vn -0.8685 -0.3465 -0.3545
vn -0.9336 -0.3582 -0.0001
vn -0.8685 -0.3465 0.3546
vn -0.7105 -0.3188 0.6274
vn -0.5226 -0.2887 0.8022
vn -0.3387 -0.2651 0.9028
vn -0.1658 -0.2508 0.9537
vn -0.0000 -0.4796 0.8775
vn 0.1489 -0.4870 0.8606
vn 0.3008 -0.5090 0.8065
vn 0.4557 -0.5437 0.7048
vn 0.6047 -0.5858 0.5395
vn 0.7229 -0.6229 0.2989
vn 0.7699 -0.6381 -0.0000
vn 0.7229 -0.6229 -0.2989
vn 0.6047 -0.5859 -0.5395
vn 0.4556 -0.5438 -0.7048
vn 0.3008 -0.5090 -0.8065
vn 0.1489 -0.4870 -0.8606
vn -0.0000 -0.4796 -0.8775
vn -0.1489 -0.4870 -0.8606
vn -0.3008 -0.5090 -0.8065
vn -0.4556 -0.5438 -0.7048
vn -0.6048 -0.5858 -0.5395
vn -0.7230 -0.6229 -0.2989
vn -0.7699 -0.6382 -0.0000
vn -0.7229 -0.6229 0.2990
vn -0.6048 -0.5858 0.5395
vn -0.4557 -0.5438 0.7048
vn -0.3008 -0.5090 0.8065
vn -0.1489 -0.4870 0.8606
vn -0.0000 -0.6868 0.7268
vn 0.1219 -0.6939 0.7097
vn 0.2426 -0.7144 0.6564
vn 0.3595 -0.7451 0.5618
vn 0.4644 -0.7801 0.4193
vn 0.5419 -0.8091 0.2273
vn 0.5714 -0.8207 -0.0000
vn 0.5419 -0.8091 -0.2272
vn 0.4643 -0.7801 -0.4193
vn 0.3595 -0.7451 -0.5618
vn 0.2427 -0.7143 -0.6564
vn 0.1218 -0.6939 -0.7097
vn -0.0000 -0.6868 -0.7268
vn -0.1218 -0.6939 -0.7097
vn -0.2427 -0.7143 -0.6564
vn -0.3594 -0.7451 -0.5618
vn -0.4643 -0.7801 -0.4193
vn -0.5419 -0.8091 -0.2272
vn -0.5714 -0.8206 -0.0000
vn -0.5419 -0.8091 0.2273
vn -0.4644 -0.7801 0.4194
vn -0.3594 -0.7451 0.5618
vn -0.2426 -0.7144 0.6564
vn -0.1218 -0.6939 0.7097
vn -0.0000 -0.8524 0.5229
vn 0.0863 -0.8568 0.5085
vn 0.1697 -0.8690 0.4648
vn 0.2467 -0.8868 0.3907
vn 0.3122 -0.9060 0.2857
vn 0.3581 -0.9212 0.1522
vn 0.3749 -0.9271 -0.0000
vn 0.3581 -0.9212 -0.1522
vn 0.3122 -0.9060 -0.2857
vn 0.2468 -0.8868 -0.3907
vn 0.1697 -0.8690 -0.4647
vn 0.0862 -0.8568 -0.5085
vn -0.0000 -0.8524 -0.5229
vn -0.0862 -0.8568 -0.5085
vn -0.1696 -0.8690 -0.4647
vn -0.2468 -0.8868 -0.3907
vn -0.3122 -0.9061 -0.2856
vn -0.3580 -0.9212 -0.1522
vn -0.3749 -0.9271 -0.0000
vn -0.3580 -0.9212 0.1522
vn -0.3122 -0.9060 0.2857
vn -0.2468 -0.8868 0.3907
vn -0.1696 -0.8690 0.4647
vn -0.0863 -0.8568 0.5085
vn -0.0000 -0.9609 0.2770
vn 0.0445 -0.9621 0.2689
vn 0.0872 -0.9657 0.2447
vn 0.1261 -0.9708 0.2043
vn 0.1586 -0.9761 0.1482
vn 0.1811 -0.9803 0.0786
vn 0.1894 -0.9819 -0.0000
vn 0.1811 -0.9803 -0.0786
vn 0.1586 -0.9762 -0.1482
vn 0.1262 -0.9708 -0.2042
vn 0.0872 -0.9657 -0.2446
vn 0.0444 -0.9621 -0.2689
vn -0.0000 -0.9609 -0.2770
vn -0.0444 -0.9621 -0.2689
vn -0.0872 -0.9657 -0.2447
vn -0.1262 -0.9708 -0.2042
vn -0.1586 -0.9762 -0.1482
vn -0.1810 -0.9803 -0.0787
vn -0.1894 -0.9819 -0.0000
vn -0.1810 -0.9803 0.0787
vn -0.1586 -0.9762 0.1482
vn -0.1261 -0.9707 0.2043
vn -0.0872 -0.9657 0.2446
vn -0.0445 -0.9621 0.2689
vn -0.0000 -1.0000 -0.0000
vt 0.445000 0.485900
vt 0.437900 0.481600
vt 0.437500 0.485200
vt 0.440000 0.489100
vt 0.444300 0.491700
vt 0.448900 0.492000
vt 0.452000 0.489900
vt 0.452400 0.486200
vt 0.449900 0.482400
vt 0.445600 0.479800
vt 0.441000 0.479500
vt 0.435800 0.481200
vt 0.435500 0.485900
vt 0.439000 0.491100
vt 0.445000 0.494600
vt 0.451200 0.495300
vt 0.455200 0.492700
vt 0.455600 0.488000
vt 0.454300 0.484500
vt 0.450700 0.482000
vt 0.445700 0.479000
vt 0.442800 0.477700
vt 0.439900 0.478600
vt 0.433000 0.485000
vt 0.433600 0.479000
vt 0.436900 0.491200
vt 0.443900 0.495400
vt 0.451400 0.495900
vt 0.456300 0.492500
vt 0.456900 0.486600
vt 0.456000 0.485100
vt 0.440400 0.475800
vt 0.438600 0.475700
vt 0.437900 0.481200
vt 0.437500 0.484900
vt 0.440000 0.488800
vt 0.444300 0.491300
vt 0.448900 0.491700
vt 0.452000 0.489600
vt 0.452400 0.485900
vt 0.449900 0.482000
vt 0.450700 0.481600
vt 0.445600 0.479500
vt 0.445700 0.478700
vt 0.441000 0.479200
vt 0.445000 0.485300
vt 0.440700 0.476000
vt 0.442700 0.477700
vt 0.445400 0.478900
vt 0.454400 0.484600
vt 0.552600 0.311500
vt 0.547900 0.308700
vt 0.556900 0.314500
vt 0.552800 0.311600
vt 0.544400 0.307100
vt 0.547600 0.308500
vt 0.544500 0.307100
vt 0.542400 0.305400
vt 0.541800 0.305100
vt 0.553300 0.305100
vt 0.549300 0.298800
vt 0.546300 0.300800
vt 0.553900 0.299100
vt 0.558300 0.301600
vt 0.560700 0.305500
vt 0.560300 0.309200
vt 0.557200 0.311300
vt 0.552700 0.311000
vt 0.548300 0.308400
vt 0.545900 0.304500
vt 0.544500 0.299900
vt 0.548500 0.297400
vt 0.554700 0.298000
vt 0.560700 0.301600
vt 0.564200 0.306700
vt 0.563900 0.311400
vt 0.559900 0.314000
vt 0.556800 0.314400
vt 0.544200 0.304700
vt 0.544600 0.307200
vt 0.546900 0.294900
vt 0.541900 0.298300
vt 0.554300 0.295400
vt 0.561300 0.299600
vt 0.565300 0.305800
vt 0.564700 0.311800
vt 0.559700 0.315200
vt 0.558700 0.315100
vt 0.541300 0.304200
vt 0.546300 0.300500
vt 0.549300 0.298400
vt 0.553900 0.298700
vt 0.558300 0.301300
vt 0.560700 0.305200
vt 0.560300 0.308800
vt 0.557200 0.310900
vt 0.552600 0.311200
vt 0.552700 0.310600
vt 0.547900 0.308400
vt 0.548300 0.308000
vt 0.545900 0.304200
vt 0.553300 0.304500
vt 0.489800 0.483700
vt 0.492300 0.650200
vt 0.408700 0.629100
vt 0.346900 0.569100
vt 0.323300 0.486200
vt 0.344400 0.402600
vt 0.404400 0.340700
vt 0.487300 0.317200
vt 0.570900 0.338200
vt 0.632800 0.398300
vt 0.656300 0.481200
vt 0.635300 0.564800
vt 0.575200 0.626600
vt 0.494100 0.772100
vt 0.349400 0.735600
vt 0.242200 0.631700
vt 0.201400 0.488000
vt 0.237900 0.343200
vt 0.341800 0.236100
vt 0.485500 0.195300
vt 0.630300 0.231800
vt 0.737400 0.335700
vt 0.778200 0.479400
vt 0.741700 0.624100
vt 0.637800 0.731300
vt 0.494800 0.816700
vt 0.327600 0.774600
vt 0.203900 0.654500
vt 0.156800 0.488700
vt 0.198900 0.321500
vt 0.319000 0.197800
vt 0.484800 0.150700
vt 0.652000 0.192800
vt 0.775700 0.312800
vt 0.822800 0.478700
vt 0.780700 0.645900
vt 0.660700 0.769600
vt 0.870200 0.528200
vt 0.869100 0.537400
vt 0.862900 0.539200
vt 0.860100 0.535400
vt 0.867300 0.523200
vt 0.870100 0.524100
vt 0.857500 0.529900
vt 0.860900 0.523200
vt 0.854100 0.536700
vt 0.852200 0.540400
vt 0.853400 0.542400
vt 0.852100 0.542300
vt 0.856700 0.541100
vt 0.951400 0.526200
vt 0.979400 0.513300
vt 0.907100 0.613600
vt 0.840600 0.514600
vt 0.867400 0.526000
vt 0.888700 0.535700
vt 0.902800 0.542000
vt 0.907400 0.543500
vt 0.918800 0.539500
vt 0.932200 0.533400
vt 0.491900 0.479800
vt 0.486400 0.648900
vt 0.571700 0.629000
vt 0.635600 0.569100
vt 0.661000 0.485300
vt 0.641100 0.400000
vt 0.581200 0.336100
vt 0.497400 0.310700
vt 0.412100 0.330600
vt 0.348200 0.390500
vt 0.322800 0.474300
vt 0.342700 0.559600
vt 0.402600 0.623500
vt 0.482400 0.772700
vt 0.630100 0.738200
vt 0.740800 0.634500
vt 0.784800 0.489300
vt 0.750300 0.341600
vt 0.646600 0.230900
vt 0.501400 0.186900
vt 0.353700 0.221400
vt 0.243100 0.325100
vt 0.199100 0.470300
vt 0.233500 0.618000
vt 0.337200 0.728700
vt 0.480900 0.818000
vt 0.651500 0.778200
vt 0.779300 0.658400
vt 0.830100 0.490800
vt 0.790300 0.320200
vt 0.670500 0.192400
vt 0.502900 0.141600
vt 0.332400 0.181400
vt 0.204500 0.301200
vt 0.153700 0.468800
vt 0.193600 0.639400
vt 0.313300 0.767200
vt 0.000000 1.000000
vt 0.000000 0.916700
vt 0.041700 0.916700
vt 0.041700 1.000000
vt 0.083300 0.916700
vt 0.083300 1.000000
vt 0.125000 0.916700
vt 0.125000 1.000000
vt 0.166700 0.916700
vt 0.166700 1.000000
vt 0.208300 0.916700
vt 0.208300 1.000000
vt 0.250000 0.916700
vt 0.250000 1.000000
vt 0.291700 0.916700
vt 0.291700 1.000000
vt 0.333300 0.916700
vt 0.333300 1.000000
vt 0.375000 0.916700
vt 0.375000 1.000000
vt 0.416700 0.916700
vt 0.416700 1.000000
vt 0.458300 0.916700
vt 0.458300 1.000000
vt 0.500000 0.916700
vt 0.500000 1.000000
vt 0.541700 0.916700
vt 0.541700 1.000000
vt 0.583300 0.916700
vt 0.583300 1.000000
vt 0.625000 0.916700
vt 0.625000 1.000000
vt 0.666700 0.916700
vt 0.666700 1.000000
vt 0.708300 0.916700
vt 0.708300 1.000000
vt 0.750000 0.916700
vt 0.750000 1.000000
vt 0.791700 0.916700
vt 0.791700 1.000000
vt 0.833300 0.916700
vt 0.833300 1.000000
vt 0.875000 0.916700
vt 0.875000 1.000000
vt 0.916700 0.916700
vt 0.916700 1.000000
vt 0.958300 0.916700
vt 0.958300 1.000000
vt 1.000000 0.916700
vt 0.000000 0.833300
vt 0.041700 0.833300
vt 0.083300 0.833300
vt 0.125000 0.833300
vt 0.166700 0.833300
vt 0.208300 0.833300
vt 0.250000 0.833300
vt 0.291700 0.833300
vt 0.333300 0.833300
vt 0.375000 0.833300
vt 0.416700 0.833300
vt 0.458300 0.833300
vt 0.500000 0.833300
vt 0.541700 0.833300
vt 0.583300 0.833300
vt 0.625000 0.833300
vt 0.666700 0.833300
vt 0.708300 0.833300
vt 0.750000 0.833300
vt 0.791700 0.833300
vt 0.833300 0.833300
vt 0.875000 0.833300
vt 0.916700 0.833300
vt 0.958300 0.833300
vt 1.000000 0.833300
vt 0.000000 0.750000
vt 0.041700 0.750000
vt 0.083300 0.750000
vt 0.125000 0.750000
vt 0.166700 0.750000
vt 0.208300 0.750000
vt 0.250000 0.750000
vt 0.291700 0.750000
vt 0.333300 0.750000
vt 0.375000 0.750000
vt 0.416700 0.750000
vt 0.458300 0.750000
vt 0.500000 0.750000
vt 0.541700 0.750000
vt 0.583300 0.750000
vt 0.625000 0.750000
vt 0.666700 0.750000
vt 0.708300 0.750000
vt 0.750000 0.750000
vt 0.791700 0.750000
vt 0.833300 0.750000
vt 0.875000 0.750000
vt 0.916700 0.750000
vt 0.958300 0.750000
vt 1.000000 0.750000
vt 0.000000 0.666700
vt 0.041700 0.666700
vt 0.083300 0.666700
vt 0.125000 0.666700
vt 0.166700 0.666700
vt 0.208300 0.666700
vt 0.250000 0.666700
vt 0.291700 0.666700
vt 0.333300 0.666700
vt 0.375000 0.666700
vt 0.416700 0.666700
vt 0.458300 0.666700
vt 0.500000 0.666700
vt 0.541700 0.666700
vt 0.583300 0.666700
vt 0.625000 0.666700
vt 0.666700 0.666700
vt 0.708300 0.666700
vt 0.750000 0.666700
vt 0.791700 0.666700
vt 0.833300 0.666700
vt 0.875000 0.666700
vt 0.916700 0.666700
vt 0.958300 0.666700
vt 1.000000 0.666700
vt 0.000000 0.583300
vt 0.041700 0.583300
vt 0.083300 0.583300
vt 0.125000 0.583300
vt 0.166700 0.583300
vt 0.208300 0.583300
vt 0.250000 0.583300
vt 0.291700 0.583300
vt 0.333300 0.583300
vt 0.375000 0.583300
vt 0.416700 0.583300
vt 0.458300 0.583300
vt 0.500000 0.583300
vt 0.541700 0.583300
vt 0.583300 0.583300
vt 0.625000 0.583300
vt 0.666700 0.583300
vt 0.708300 0.583300
vt 0.750000 0.583300
vt 0.791700 0.583300
vt 0.833300 0.583300
vt 0.875000 0.583300
vt 0.916700 0.583300
vt 0.958300 0.583300
vt 1.000000 0.583300
vt 0.000000 0.500000
vt 0.041700 0.500000
vt 0.083300 0.500000
vt 0.125000 0.500000
vt 0.166700 0.500000
vt 0.208300 0.500000
vt 0.250000 0.500000
vt 0.291700 0.500000
vt 0.333300 0.500000
vt 0.375000 0.500000
vt 0.416700 0.500000
vt 0.458300 0.500000
vt 0.500000 0.500000
vt 0.541700 0.500000
vt 0.583300 0.500000
vt 0.625000 0.500000
vt 0.666700 0.500000
vt 0.708300 0.500000
vt 0.750000 0.500000
vt 0.791700 0.500000
vt 0.833300 0.500000
vt 0.875000 0.500000
vt 0.916700 0.500000
vt 0.958300 0.500000
vt 1.000000 0.500000
vt 0.000000 0.416700
vt 0.041700 0.416700
vt 0.083300 0.416700
vt 0.125000 0.416700
vt 0.166700 0.416700
vt 0.208300 0.416700
vt 0.250000 0.416700
vt 0.291700 0.416700
vt 0.333300 0.416700
vt 0.375000 0.416700
vt 0.416700 0.416700
vt 0.458300 0.416700
vt 0.500000 0.416700
vt 0.541700 0.416700
vt 0.583300 0.416700
vt 0.625000 0.416700
vt 0.666700 0.416700
vt 0.708300 0.416700
vt 0.750000 0.416700
vt 0.791700 0.416700
vt 0.833300 0.416700
vt 0.875000 0.416700
vt 0.916700 0.416700
vt 0.958300 0.416700
vt 1.000000 0.416700
vt 0.000000 0.333300
vt 0.041700 0.333300
vt 0.083300 0.333300
vt 0.125000 0.333300
vt 0.166700 0.333300
vt 0.208300 0.333300
vt 0.250000 0.333300
vt 0.291700 0.333300
vt 0.333300 0.333300
vt 0.375000 0.333300
vt 0.416700 0.333300
vt 0.458300 0.333300
vt 0.500000 0.333300
vt 0.541700 0.333300
vt 0.583300 0.333300
vt 0.625000 0.333300
vt 0.666700 0.333300
vt 0.708300 0.333300
vt 0.750000 0.333300
vt 0.791700 0.333300
vt 0.833300 0.333300
vt 0.875000 0.333300
vt 0.916700 0.333300
vt 0.958300 0.333300
vt 1.000000 0.333300
vt 0.000000 0.250000
vt 0.041700 0.250000
vt 0.083300 0.250000
vt 0.125000 0.250000
vt 0.166700 0.250000
vt 0.208300 0.250000
vt 0.250000 0.250000
vt 0.291700 0.250000
vt 0.333300 0.250000
vt 0.375000 0.250000
vt 0.416700 0.250000
vt 0.458300 0.250000
vt 0.500000 0.250000
vt 0.541700 0.250000
vt 0.583300 0.250000
vt 0.625000 0.250000
vt 0.666700 0.250000
vt 0.708300 0.250000
vt 0.750000 0.250000
vt 0.791700 0.250000
vt 0.833300 0.250000
vt 0.875000 0.250000
vt 0.916700 0.250000
vt 0.958300 0.250000
vt 1.000000 0.250000
vt 0.000000 0.166700
vt 0.041700 0.166700
vt 0.083300 0.166700
vt 0.125000 0.166700
vt 0.166700 0.166700
vt 0.208300 0.166700
vt 0.250000 0.166700
vt 0.291700 0.166700
vt 0.333300 0.166700
vt 0.375000 0.166700
vt 0.416700 0.166700
vt 0.458300 0.166700
vt 0.500000 0.166700
vt 0.541700 0.166700
vt 0.583300 0.166700
vt 0.625000 0.166700
vt 0.666700 0.166700
vt 0.708300 0.166700
vt 0.750000 0.166700
vt 0.791700 0.166700
vt 0.833300 0.166700
vt 0.875000 0.166700
vt 0.916700 0.166700
vt 0.958300 0.166700
vt 1.000000 0.166700
vt 0.000000 0.083300
vt 0.041700 0.083300
vt 0.083300 0.083300
vt 0.125000 0.083300
vt 0.166700 0.083300
vt 0.208300 0.083300
vt 0.250000 0.083300
vt 0.291700 0.083300
vt 0.333300 0.083300
vt 0.375000 0.083300
vt 0.416700 0.083300
vt 0.458300 0.083300
vt 0.500000 0.083300
vt 0.541700 0.083300
vt 0.583300 0.083300
vt 0.625000 0.083300
vt 0.666700 0.083300
vt 0.708300 0.083300
vt 0.750000 0.083300
vt 0.791700 0.083300
vt 0.833300 0.083300
vt 0.875000 0.083300
vt 0.916700 0.083300
vt 0.958300 0.083300
vt 1.000000 0.083300
vt 0.000000 0.000000
vt 0.041700 0.000000
vt 0.083300 0.000000
vt 0.125000 0.000000
vt 0.166700 0.000000
vt 0.208300 0.000000
vt 0.250000 0.000000
vt 0.291700 0.000000
vt 0.333300 0.000000
vt 0.375000 0.000000
vt 0.416700 0.000000
vt 0.458300 0.000000
vt 0.500000 0.000000
vt 0.541700 0.000000
vt 0.583300 0.000000
vt 0.625000 0.000000
vt 0.666700 0.000000
vt 0.708300 0.000000
vt 0.750000 0.000000
vt 0.791700 0.000000
vt 0.833300 0.000000
vt 0.875000 0.000000
vt 0.916700 0.000000
vt 0.958300 0.000000
vt 0.507000 0.513000
vt 0.507000 0.508600
vt 0.498300 0.508600
vt 0.490200 0.508600
vt 0.483300 0.508600
vt 0.477900 0.508600
vt 0.474600 0.508600
vt 0.473400 0.508600
vt 0.515700 0.508600
vt 0.523800 0.508600
vt 0.530700 0.508600
vt 0.536100 0.508600
vt 0.539400 0.508600
vt 0.540600 0.508600
vt 0.507000 0.495600
vt 0.490200 0.495600
vt 0.474600 0.495600
vt 0.461100 0.495600
vt 0.450800 0.495600
vt 0.444300 0.495600
vt 0.442100 0.495600
vt 0.523800 0.495600
vt 0.539400 0.495600
vt 0.552900 0.495600
vt 0.563200 0.495600
vt 0.569700 0.495600
vt 0.571900 0.495600
vt 0.504700 0.447600
vt 0.504700 0.416100
vt 0.588900 0.416100
vt 0.564200 0.447600
vt 0.675500 0.416100
vt 0.625500 0.447600
vt 0.746300 0.416100
vt 0.675500 0.447600
vt 0.800600 0.416100
vt 0.713900 0.447600
vt 0.427600 0.475000
vt 0.418400 0.475000
vt 0.415300 0.475000
vt 0.442100 0.475000
vt 0.461100 0.475000
vt 0.483300 0.475000
vt 0.507000 0.475000
vt 0.530700 0.475000
vt 0.552900 0.475000
vt 0.571900 0.475000
vt 0.586400 0.475000
vt 0.595600 0.475000
vt 0.598700 0.475000
vt 0.295400 0.447600
vt 0.208700 0.416100
vt 0.263000 0.416100
vt 0.333800 0.447600
vt 0.333800 0.416100
vt 0.383900 0.447600
vt 0.420400 0.416100
vt 0.445100 0.447600
vt 0.504700 0.375100
vt 0.607800 0.375100
vt 0.704000 0.375100
vt 0.800600 0.375100
vt 0.867100 0.375100
vt 0.409700 0.448200
vt 0.398500 0.448200
vt 0.394600 0.448200
vt 0.427600 0.448200
vt 0.450800 0.448200
vt 0.477900 0.448200
vt 0.507000 0.448200
vt 0.536100 0.448200
vt 0.563200 0.448200
vt 0.586400 0.448200
vt 0.604300 0.448200
vt 0.615500 0.448200
vt 0.619400 0.448200
vt 0.142200 0.375100
vt 0.208700 0.375100
vt 0.305400 0.375100
vt 0.401500 0.375100
vt 0.504700 0.315600
vt 0.619700 0.315600
vt 0.726900 0.315600
vt 0.819000 0.315600
vt 0.889700 0.315600
vt 0.398500 0.416900
vt 0.386000 0.416900
vt 0.381700 0.416900
vt 0.418400 0.416900
vt 0.444300 0.416900
vt 0.474600 0.416900
vt 0.507000 0.416900
vt 0.539400 0.416900
vt 0.569700 0.416900
vt 0.595600 0.416900
vt 0.615500 0.416900
vt 0.628000 0.416900
vt 0.632300 0.416900
vt 0.119700 0.315600
vt 0.190300 0.315600
vt 0.282400 0.315600
vt 0.389600 0.315600
vt 0.504700 0.250200
vt 0.623800 0.250200
vt 0.734800 0.250200
vt 0.830100 0.250200
vt 0.903200 0.250200
vt 0.394600 0.383300
vt 0.381700 0.383300
vt 0.377300 0.383300
vt 0.415300 0.383300
vt 0.442100 0.383300
vt 0.473400 0.383300
vt 0.507000 0.383300
vt 0.540600 0.383300
vt 0.571900 0.383300
vt 0.598700 0.383300
vt 0.619400 0.383300
vt 0.632300 0.383300
vt 0.636700 0.383300
vt 0.103800 0.247900
vt 0.179200 0.250200
vt 0.274500 0.250200
vt 0.385500 0.250200
vt 0.504700 0.184900
vt 0.619700 0.184900
vt 0.726900 0.184900
vt 0.819000 0.184900
vt 0.889700 0.184900
vt 0.398500 0.349700
vt 0.386000 0.349700
vt 0.381700 0.349700
vt 0.418400 0.349700
vt 0.444300 0.349700
vt 0.474600 0.349700
vt 0.507000 0.349700
vt 0.539400 0.349700
vt 0.569700 0.349700
vt 0.595600 0.349700
vt 0.615500 0.349700
vt 0.628000 0.349700
vt 0.632300 0.349700
vt 0.119700 0.184900
vt 0.190300 0.184900
vt 0.282400 0.184900
vt 0.389600 0.184900
vt 0.506600 0.116100
vt 0.592500 0.116100
vt 0.665900 0.118400
vt 0.734700 0.118400
vt 0.787400 0.118400
vt 0.409700 0.318400
vt 0.398500 0.318400
vt 0.394600 0.318400
vt 0.427600 0.318400
vt 0.450800 0.318400
vt 0.477900 0.318400
vt 0.507000 0.318400
vt 0.536100 0.318400
vt 0.563200 0.318400
vt 0.586400 0.318400
vt 0.604300 0.318400
vt 0.615500 0.318400
vt 0.619400 0.318400
vt 0.212700 0.118400
vt 0.265400 0.118400
vt 0.334200 0.118400
vt 0.420700 0.116100
vt 0.502200 0.070300
vt 0.569800 0.070300
vt 0.632800 0.070300
vt 0.678100 0.070300
vt 0.707400 0.070300
vt 0.427600 0.291600
vt 0.418400 0.291600
vt 0.415300 0.291600
vt 0.442100 0.291600
vt 0.461100 0.291600
vt 0.483300 0.291600
vt 0.507000 0.291600
vt 0.530700 0.291600
vt 0.552900 0.291600
vt 0.571900 0.291600
vt 0.586400 0.291600
vt 0.595600 0.291600
vt 0.598700 0.291600
vt 0.297100 0.070300
vt 0.326300 0.070300
vt 0.371600 0.070300
vt 0.434600 0.070300
vt 0.497900 0.048200
vt 0.540200 0.048200
vt 0.579600 0.048200
vt 0.613500 0.048200
vt 0.639500 0.048200
vt 0.450800 0.270900
vt 0.444300 0.270900
vt 0.442100 0.270900
vt 0.461100 0.270900
vt 0.474600 0.270900
vt 0.490200 0.270900
vt 0.507000 0.270900
vt 0.523800 0.270900
vt 0.539400 0.270900
vt 0.552900 0.270900
vt 0.563200 0.270900
vt 0.569700 0.270900
vt 0.571900 0.270900
vt 0.356300 0.048200
vt 0.382300 0.048200
vt 0.416100 0.048200
vt 0.455600 0.048200
vt 0.507000 0.258000
vt 0.498300 0.258000
vt 0.490200 0.258000
vt 0.483300 0.258000
vt 0.477900 0.258000
vt 0.474600 0.258000
vt 0.473400 0.258000
vt 0.515700 0.258000
vt 0.523800 0.258000
vt 0.530700 0.258000
vt 0.536100 0.258000
vt 0.539400 0.258000
vt 0.540600 0.258000
vt 0.507000 0.253600
s 1
usemtl lambert6SG
f 869/1025/869 870/1026/870 871/1027/871
f 869/1025/869 871/1027/871 872/1028/872
f 869/1025/869 872/1028/872 873/1029/873
f 869/1025/869 873/1029/873 874/1030/874
f 869/1025/869 874/1030/874 875/1031/875
f 869/1025/869 875/1031/875 876/1032/876
f 869/1025/869 876/1032/876 877/1033/877
f 869/1025/869 877/1033/877 878/1034/878
f 869/1025/869 878/1034/878 879/1035/879
f 869/1025/869 879/1035/879 870/1026/870
f 871/1027/871 870/1026/870 881/1036/881
f 881/1036/881 880/1037/880 871/1027/871
f 872/1028/872 871/1027/871 880/1037/880
f 880/1037/880 882/1038/882 872/1028/872
f 873/1029/873 872/1028/872 882/1038/882
f 882/1038/882 883/1039/883 873/1029/873
f 874/1030/874 873/1029/873 883/1039/883
f 883/1039/883 884/1040/884 874/1030/874
f 875/1031/875 874/1030/874 884/1040/884
f 884/1040/884 885/1041/885 875/1031/875
f 886/1042/886 876/1032/876 875/1031/875
f 875/1031/875 885/1041/885 886/1042/886
f 887/1043/887 888/1044/888 877/1033/877
f 877/1033/877 886/1042/886 887/1043/887
f 876/1032/876 886/1042/886 877/1033/877
f 889/1045/889 878/1034/878 877/1033/877
f 877/1033/877 888/1044/888 889/1045/889
f 890/1046/890 891/1047/891 879/1035/879
f 879/1035/879 889/1045/889 890/1046/890
f 878/1034/878 889/1045/889 879/1035/879
f 870/1026/870 879/1035/879 891/1047/891
f 891/1047/891 881/1036/881 870/1026/870
f 892/1048/892 880/1037/880 881/1036/881
f 881/1036/881 893/1049/893 892/1048/892
f 894/1050/894 882/1038/882 880/1037/880
f 880/1037/880 892/1048/892 894/1050/894
f 895/1051/895 883/1039/883 882/1038/882
f 882/1038/882 894/1050/894 895/1051/895
f 896/1052/896 884/1040/884 883/1039/883
f 883/1039/883 895/1051/895 896/1052/896
f 897/1053/897 885/1041/885 884/1040/884
f 884/1040/884 896/1052/896 897/1053/897
f 898/1054/898 886/1042/886 885/1041/885
f 885/1041/885 897/1053/897 898/1054/898
f 887/1043/887 886/1042/886 898/1054/898
f 898/1054/898 899/1055/899 887/1043/887
f 890/1046/890 900/1056/900 901/1057/901
f 901/1057/901 891/1047/891 890/1046/890
f 893/1049/893 881/1036/881 891/1047/891
f 891/1047/891 901/1057/901 893/1049/893
f 892/1048/892 893/1049/893 903/1058/903
f 903/1058/903 902/1059/902 892/1048/892
f 894/1050/894 892/1048/892 902/1059/902
f 902/1059/902 904/1060/904 894/1050/894
f 895/1051/895 894/1050/894 904/1060/904
f 904/1060/904 905/1061/905 895/1051/895
f 896/1052/896 895/1051/895 905/1061/905
f 905/1061/905 906/1062/906 896/1052/896
f 897/1053/897 896/1052/896 906/1062/906
f 906/1062/906 907/1063/907 897/1053/897
f 898/1054/898 897/1053/897 907/1063/907
f 907/1063/907 908/1064/908 898/1054/898
f 908/1064/908 909/1065/909 910/1066/910
f 910/1066/910 899/1055/899 908/1064/908
f 908/1064/908 899/1055/899 898/1054/898
f 909/1065/909 911/1067/911 912/1068/912
f 912/1068/912 910/1066/910 909/1065/909
f 912/1068/912 911/1067/911 913/1069/913
f 913/1069/913 900/1056/900 912/1068/912
f 913/1069/913 901/1057/901 900/1056/900
f 893/1049/893 901/1057/901 913/1069/913
f 913/1069/913 903/1058/903 893/1049/893
f 914/1070/914 902/1059/902 903/1058/903
f 914/1070/914 904/1060/904 902/1059/902
f 914/1070/914 905/1061/905 904/1060/904
f 914/1070/914 906/1062/906 905/1061/905
f 914/1070/914 907/1063/907 906/1062/906
f 914/1070/914 908/1064/908 907/1063/907
f 914/1070/914 909/1065/909 908/1064/908
f 914/1070/914 911/1067/911 909/1065/909
f 914/1070/914 913/1069/913 911/1067/911
f 914/1070/914 903/1058/903 913/1069/913
f 900/1056/900 915/1071/915 916/1072/915
f 916/1072/915 917/1073/915 889/1045/889
f 918/1044/915 919/1074/915 916/1072/915
f 916/1072/915 889/1045/889 918/1044/915
f 922/1075/917 923/1076/918 920/1077/916
f 920/1077/916 921/1078/916 922/1075/917
f 926/1079/920 923/1076/918 924/1080/916
f 924/1080/916 925/1081/919 926/1079/920
f 920/1077/916 923/1076/918 926/1079/920
f 926/1079/920 927/1082/916 928/1083/921
f 929/1084/869 930/1085/922 931/1086/923
f 929/1084/869 932/1087/924 930/1085/922
f 929/1084/869 933/1088/925 932/1087/924
f 929/1084/869 934/1089/926 933/1088/925
f 929/1084/869 935/1090/927 934/1089/926
f 929/1084/869 936/1091/928 935/1090/927
f 929/1084/869 937/1092/929 936/1091/928
f 929/1084/869 938/1093/930 937/1092/929
f 929/1084/869 939/1094/931 938/1093/930
f 929/1084/869 931/1086/923 939/1094/931
f 941/1095/933 931/1086/923 930/1085/922
f 930/1085/922 940/1096/932 941/1095/933
f 940/1096/932 930/1085/922 932/1087/924
f 932/1087/924 942/1097/934 940/1096/932
f 942/1097/934 932/1087/924 933/1088/925
f 933/1088/925 943/1098/935 942/1097/934
f 943/1098/935 933/1088/925 934/1089/926
f 934/1089/926 944/1099/936 943/1098/935
f 944/1099/936 934/1089/926 935/1090/927
f 935/1090/927 945/1100/937 944/1099/936
f 946/1101/938 945/1100/937 935/1090/927
f 935/1090/927 936/1091/928 946/1101/938
f 937/1092/929 922/1075/917 947/1102/939
f 947/1102/939 946/1101/938 937/1092/929
f 936/1091/928 937/1092/929 946/1101/938
f 937/1092/929 938/1093/930 923/1076/918
f 923/1076/918 922/1075/917 937/1092/929
f 939/1094/931 948/1103/940 949/1104/941
f 949/1104/941 923/1076/918 939/1094/931
f 939/1094/931 923/1076/918 938/1093/930
f 948/1103/940 939/1094/931 931/1086/923
f 931/1086/923 941/1095/933 948/1103/940
f 950/1105/942 951/1106/943 941/1095/933
f 941/1095/933 940/1096/932 950/1105/942
f 952/1107/944 950/1105/942 940/1096/932
f 940/1096/932 942/1097/934 952/1107/944
f 953/1108/945 952/1107/944 942/1097/934
f 942/1097/934 943/1098/935 953/1108/945
f 954/1109/946 953/1108/945 943/1098/935
f 943/1098/935 944/1099/936 954/1109/946
f 955/1110/947 954/1109/946 944/1099/936
f 944/1099/936 945/1100/937 955/1110/947
f 956/1111/948 955/1110/947 945/1100/937
f 945/1100/937 946/1101/938 956/1111/948
f 947/1102/939 957/1112/949 956/1111/948
f 956/1111/948 946/1101/938 947/1102/939
f 949/1104/941 948/1103/940 958/1113/950
f 958/1113/950 928/1083/921 949/1104/941
f 951/1106/943 958/1113/950 948/1103/940
f 948/1103/940 941/1095/933 951/1106/943
f 960/1114/952 951/1106/943 950/1105/942
f 950/1105/942 959/1115/951 960/1114/952
f 959/1115/951 950/1105/942 952/1107/944
f 952/1107/944 961/1116/953 959/1115/951
f 961/1116/953 952/1107/944 953/1108/945
f 953/1108/945 962/1117/954 961/1116/953
f 962/1117/954 953/1108/945 954/1109/946
f 954/1109/946 963/1118/955 962/1117/954
f 963/1118/955 954/1109/946 955/1110/947
f 955/1110/947 964/1119/956 963/1118/955
f 964/1119/956 955/1110/947 956/1111/948
f 956/1111/948 965/1120/957 964/1119/956
f 966/1121/958 967/1122/959 965/1120/957
f 965/1120/957 957/1112/949 966/1121/958
f 956/1111/948 957/1112/949 965/1120/957
f 968/1123/960 969/1124/961 967/1122/959
f 967/1122/959 966/1121/958 968/1123/960
f 928/1083/921 958/1113/950 970/1125/962
f 970/1125/962 968/1123/960 928/1083/921
f 970/1125/962 969/1124/961 968/1123/960
f 970/1125/962 958/1113/950 951/1106/943
f 951/1106/943 960/1114/952 970/1125/962
f 971/1126/914 960/1114/952 959/1115/951
f 971/1126/914 959/1115/951 961/1116/953
f 971/1126/914 961/1116/953 962/1117/954
f 971/1126/914 962/1117/954 963/1118/955
f 971/1126/914 963/1118/955 964/1119/956
f 971/1126/914 964/1119/956 965/1120/957
f 971/1126/914 965/1120/957 967/1122/959
f 971/1126/914 967/1122/959 969/1124/961
f 971/1126/914 969/1124/961 970/1125/962
f 971/1126/914 970/1125/962 960/1114/952
f 972/1127/963 973/1128/964 974/1129/965
f 972/1127/963 974/1129/965 975/1130/966
f 972/1127/963 975/1130/966 976/1131/967
f 972/1127/963 976/1131/967 977/1132/968
f 972/1127/963 977/1132/968 978/1133/969
f 972/1127/963 978/1133/969 979/1134/970
f 972/1127/963 979/1134/970 980/1135/971
f 972/1127/963 980/1135/971 981/1136/972
f 972/1127/963 981/1136/972 982/1137/973
f 972/1127/963 982/1137/973 983/1138/974
f 972/1127/963 983/1138/974 984/1139/975
f 972/1127/963 984/1139/975 973/1128/964
f 985/1140/976 986/1141/977 974/1129/965
f 974/1129/965 973/1128/964 985/1140/976
f 986/1141/977 987/1142/978 975/1130/966
f 975/1130/966 974/1129/965 986/1141/977
f 987/1142/978 988/1143/979 976/1131/967
f 976/1131/967 975/1130/966 987/1142/978
f 988/1143/979 989/1144/980 977/1132/968
f 977/1132/968 976/1131/967 988/1143/979
f 989/1144/980 990/1145/981 978/1133/969
f 978/1133/969 977/1132/968 989/1144/980
f 990/1145/981 991/1146/982 979/1134/970
f 979/1134/970 978/1133/969 990/1145/981
f 991/1146/982 992/1147/983 980/1135/971
f 980/1135/971 979/1134/970 991/1146/982
f 992/1147/983 993/1148/984 981/1136/972
f 981/1136/972 980/1135/971 992/1147/983
f 993/1148/984 994/1149/985 982/1137/973
f 982/1137/973 981/1136/972 993/1148/984
f 994/1149/985 995/1150/986 983/1138/974
f 983/1138/974 982/1137/973 994/1149/985
f 995/1150/986 996/1151/987 984/1139/975
f 984/1139/975 983/1138/974 995/1150/986
f 996/1151/987 985/1140/976 973/1128/964
f 973/1128/964 984/1139/975 996/1151/987
f 997/1152/988 998/1153/989 986/1141/977
f 986/1141/977 985/1140/976 997/1152/988
f 998/1153/989 999/1154/990 987/1142/978
f 987/1142/978 986/1141/977 998/1153/989
f 999/1154/990 1000/1155/991 988/1143/979
f 988/1143/979 987/1142/978 999/1154/990
f 1000/1155/991 1001/1156/992 989/1144/980
f 989/1144/980 988/1143/979 1000/1155/991
f 1001/1156/992 1002/1157/993 990/1145/981
f 990/1145/981 989/1144/980 1001/1156/992
f 1002/1157/993 1003/1158/994 991/1146/982
f 991/1146/982 990/1145/981 1002/1157/993
f 1003/1158/994 1004/1159/995 992/1147/983
f 992/1147/983 991/1146/982 1003/1158/994
f 1004/1159/995 1005/1160/996 993/1148/984
f 993/1148/984 992/1147/983 1004/1159/995
f 1005/1160/996 1006/1161/997 994/1149/985
f 994/1149/985 993/1148/984 1005/1160/996
f 1006/1161/997 1007/1162/998 995/1150/986
f 995/1150/986 994/1149/985 1006/1161/997
f 1007/1162/998 1008/1163/999 996/1151/987
f 996/1151/987 995/1150/986 1007/1162/998
f 1008/1163/999 997/1152/988 985/1140/976
f 985/1140/976 996/1151/987 1008/1163/999
f 1010/1164/1001 1011/1165/1002 1012/1166/1003
f 1012/1166/1003 1009/1167/1000 1010/1164/1001
f 1013/1168/1004 1014/1169/1005 1010/1164/1001
f 1010/1164/1001 1009/1167/1000 1013/1168/1004
f 1015/1170/1006 1016/1171/1007 1013/1168/1004
f 1013/1168/1004 1009/1167/1000 1015/1170/1006
f 1018/1172/1009 1015/1170/1006 1009/1167/1000
f 1009/1167/1000 1017/1173/1008 1018/1172/1009
f 1019/1174/1010 1020/1175/1011 1017/1173/1008
f 1017/1173/1008 1009/1167/1000 1019/1174/1010
f 1021/1176/1012 1019/1174/1010 1009/1167/1000
f 1009/1167/1000 1012/1166/1003 1021/1176/1012
f 1012/1177/1003 1011/1178/1002 1022/1179/1013
f 1016/1180/1007 1015/1181/1006 1022/1179/1013
f 1015/1181/1006 1018/1182/1009 1022/1179/1013
f 1018/1182/1009 1017/1183/1008 1022/1179/1013
f 1017/1183/1008 1020/1184/1011 1022/1179/1013
f 1020/1184/1011 1019/1185/1010 1022/1179/1013
f 1019/1185/1010 1021/1186/1012 1022/1179/1013
f 1021/1186/1012 1012/1177/1003 1022/1179/1013
f 1023/1187/1014 1024/1188/1015 1025/1189/1016
f 1023/1187/1014 1025/1189/1016 1026/1190/1017
f 1023/1187/1014 1026/1190/1017 1027/1191/1018
f 1023/1187/1014 1027/1191/1018 1028/1192/1019
f 1023/1187/1014 1028/1192/1019 1029/1193/1020
f 1023/1187/1014 1029/1193/1020 1030/1194/1021
f 1023/1187/1014 1030/1194/1021 1031/1195/1022
f 1023/1187/1014 1031/1195/1022 1032/1196/1023
f 1023/1187/1014 1032/1196/1023 1033/1197/1024
f 1023/1187/1014 1033/1197/1024 1034/1198/1025
f 1023/1187/1014 1034/1198/1025 1035/1199/1026
f 1023/1187/1014 1035/1199/1026 1024/1188/1015
f 1036/1200/1027 1037/1201/1028 1025/1189/1016
f 1025/1189/1016 1024/1188/1015 1036/1200/1027
f 1037/1201/1028 1038/1202/1029 1026/1190/1017
f 1026/1190/1017 1025/1189/1016 1037/1201/1028
f 1038/1202/1029 1039/1203/1030 1027/1191/1018
f 1027/1191/1018 1026/1190/1017 1038/1202/1029
f 1039/1203/1030 1040/1204/1031 1028/1192/1019
f 1028/1192/1019 1027/1191/1018 1039/1203/1030
f 1040/1204/1031 1041/1205/1032 1029/1193/1020
f 1029/1193/1020 1028/1192/1019 1040/1204/1031
f 1041/1205/1032 1042/1206/1033 1030/1194/1021
f 1030/1194/1021 1029/1193/1020 1041/1205/1032
f 1042/1206/1033 1043/1207/1034 1031/1195/1022
f 1031/1195/1022 1030/1194/1021 1042/1206/1033
f 1043/1207/1034 1044/1208/1035 1032/1196/1023
f 1032/1196/1023 1031/1195/1022 1043/1207/1034
f 1044/1208/1035 1045/1209/1036 1033/1197/1024
f 1033/1197/1024 1032/1196/1023 1044/1208/1035
f 1045/1209/1036 1046/1210/1037 1034/1198/1025
f 1034/1198/1025 1033/1197/1024 1045/1209/1036
f 1046/1210/1037 1047/1211/1038 1035/1199/1026
f 1035/1199/1026 1034/1198/1025 1046/1210/1037
f 1047/1211/1038 1036/1200/1027 1024/1188/1015
f 1024/1188/1015 1035/1199/1026 1047/1211/1038
f 1048/1212/1039 1049/1213/1040 1037/1201/1028
f 1037/1201/1028 1036/1200/1027 1048/1212/1039
f 1049/1213/1040 1050/1214/1041 1038/1202/1029
f 1038/1202/1029 1037/1201/1028 1049/1213/1040
f 1050/1214/1041 1051/1215/1042 1039/1203/1030
f 1039/1203/1030 1038/1202/1029 1050/1214/1041
f 1051/1215/1042 1052/1216/1043 1040/1204/1031
f 1040/1204/1031 1039/1203/1030 1051/1215/1042
f 1052/1216/1043 1053/1217/1044 1041/1205/1032
f 1041/1205/1032 1040/1204/1031 1052/1216/1043
f 1053/1217/1044 1054/1218/1045 1042/1206/1033
f 1042/1206/1033 1041/1205/1032 1053/1217/1044
f 1054/1218/1045 1055/1219/1046 1043/1207/1034
f 1043/1207/1034 1042/1206/1033 1054/1218/1045
f 1055/1219/1046 1056/1220/1047 1044/1208/1035
f 1044/1208/1035 1043/1207/1034 1055/1219/1046
f 1056/1220/1047 1057/1221/1048 1045/1209/1036
f 1045/1209/1036 1044/1208/1035 1056/1220/1047
f 1057/1221/1048 1058/1222/1049 1046/1210/1037
f 1046/1210/1037 1045/1209/1036 1057/1221/1048
f 1058/1222/1049 1059/1223/1050 1047/1211/1038
f 1047/1211/1038 1046/1210/1037 1058/1222/1049
f 1059/1223/1050 1048/1212/1039 1036/1200/1027
f 1036/1200/1027 1047/1211/1038 1059/1223/1050
f 1060/1224/1051 1061/1225/1052 1062/1226/1053
f 1060/1227/1051 1062/1226/1053 1063/1228/1054
f 1060/1229/1051 1063/1228/1054 1064/1230/1055
f 1060/1231/1051 1064/1230/1055 1065/1232/1056
f 1060/1233/1051 1065/1232/1056 1066/1234/1057
f 1060/1235/1051 1066/1234/1057 1067/1236/1058
f 1060/1237/1051 1067/1236/1058 1068/1238/1059
f 1060/1239/1051 1068/1238/1059 1069/1240/1060
f 1060/1241/1051 1069/1240/1060 1070/1242/1061
f 1060/1243/1051 1070/1242/1061 1071/1244/1062
f 1060/1245/1051 1071/1244/1062 1072/1246/1063
f 1060/1247/1051 1072/1246/1063 1073/1248/1064
f 1060/1249/1051 1073/1248/1064 1074/1250/1065
f 1060/1251/1051 1074/1250/1065 1075/1252/1066
f 1060/1253/1051 1075/1252/1066 1076/1254/1067
f 1060/1255/1051 1076/1254/1067 1077/1256/1068
f 1060/1257/1051 1077/1256/1068 1078/1258/1069
f 1060/1259/1051 1078/1258/1069 1079/1260/1070
f 1060/1261/1051 1079/1260/1070 1080/1262/1071
f 1060/1263/1051 1080/1262/1071 1081/1264/1072
f 1060/1265/1051 1081/1264/1072 1082/1266/1073
f 1060/1267/1051 1082/1266/1073 1083/1268/1074
f 1060/1269/1051 1083/1268/1074 1084/1270/1075
f 1060/1271/1051 1084/1270/1075 1061/1272/1052
f 1085/1273/1076 1086/1274/1077 1062/1226/1053
f 1062/1226/1053 1061/1225/1052 1085/1273/1076
f 1086/1274/1077 1087/1275/1078 1063/1228/1054
f 1063/1228/1054 1062/1226/1053 1086/1274/1077
f 1087/1275/1078 1088/1276/1079 1064/1230/1055
f 1064/1230/1055 1063/1228/1054 1087/1275/1078
f 1088/1276/1079 1089/1277/1080 1065/1232/1056
f 1065/1232/1056 1064/1230/1055 1088/1276/1079
f 1089/1277/1080 1090/1278/1081 1066/1234/1057
f 1066/1234/1057 1065/1232/1056 1089/1277/1080
f 1090/1278/1081 1091/1279/1082 1067/1236/1058
f 1067/1236/1058 1066/1234/1057 1090/1278/1081
f 1067/1236/1058 1091/1279/1082 1092/1280/1083
f 1092/1280/1083 1068/1238/1059 1067/1236/1058
f 1068/1238/1059 1092/1280/1083 1093/1281/1084
f 1093/1281/1084 1069/1240/1060 1068/1238/1059
f 1069/1240/1060 1093/1281/1084 1094/1282/1085
f 1094/1282/1085 1070/1242/1061 1069/1240/1060
f 1070/1242/1061 1094/1282/1085 1095/1283/1086
f 1095/1283/1086 1071/1244/1062 1070/1242/1061
f 1071/1244/1062 1095/1283/1086 1096/1284/1087
f 1096/1284/1087 1072/1246/1063 1071/1244/1062
f 1072/1246/1063 1096/1284/1087 1097/1285/1088
f 1097/1285/1088 1073/1248/1064 1072/1246/1063
f 1097/1285/1088 1098/1286/1089 1074/1250/1065
f 1074/1250/1065 1073/1248/1064 1097/1285/1088
f 1098/1286/1089 1099/1287/1090 1075/1252/1066
f 1075/1252/1066 1074/1250/1065 1098/1286/1089
f 1099/1287/1090 1100/1288/1091 1076/1254/1067
f 1076/1254/1067 1075/1252/1066 1099/1287/1090
f 1100/1288/1091 1101/1289/1092 1077/1256/1068
f 1077/1256/1068 1076/1254/1067 1100/1288/1091
f 1101/1289/1092 1102/1290/1093 1078/1258/1069
f 1078/1258/1069 1077/1256/1068 1101/1289/1092
f 1102/1290/1093 1103/1291/1094 1079/1260/1070
f 1079/1260/1070 1078/1258/1069 1102/1290/1093
f 1079/1260/1070 1103/1291/1094 1104/1292/1095
f 1104/1292/1095 1080/1262/1071 1079/1260/1070
f 1080/1262/1071 1104/1292/1095 1105/1293/1096
f 1105/1293/1096 1081/1264/1072 1080/1262/1071
f 1081/1264/1072 1105/1293/1096 1106/1294/1097
f 1106/1294/1097 1082/1266/1073 1081/1264/1072
f 1082/1266/1073 1106/1294/1097 1107/1295/1098
f 1107/1295/1098 1083/1268/1074 1082/1266/1073
f 1083/1268/1074 1107/1295/1098 1108/1296/1099
f 1108/1296/1099 1084/1270/1075 1083/1268/1074
f 1084/1270/1075 1108/1296/1099 1085/1297/1076
f 1084/1270/1075 1085/1297/1076 1061/1272/1052
f 1109/1298/1100 1110/1299/1101 1086/1274/1077
f 1086/1274/1077 1085/1273/1076 1109/1298/1100
f 1110/1299/1101 1111/1300/1102 1087/1275/1078
f 1087/1275/1078 1086/1274/1077 1110/1299/1101
f 1111/1300/1102 1112/1301/1103 1088/1276/1079
f 1088/1276/1079 1087/1275/1078 1111/1300/1102
f 1112/1301/1103 1113/1302/1104 1089/1277/1080
f 1089/1277/1080 1088/1276/1079 1112/1301/1103
f 1113/1302/1104 1114/1303/1105 1090/1278/1081
f 1090/1278/1081 1089/1277/1080 1113/1302/1104
f 1114/1303/1105 1115/1304/1106 1091/1279/1082
f 1091/1279/1082 1090/1278/1081 1114/1303/1105
f 1091/1279/1082 1115/1304/1106 1116/1305/1107
f 1116/1305/1107 1092/1280/1083 1091/1279/1082
f 1092/1280/1083 1116/1305/1107 1117/1306/1108
f 1117/1306/1108 1093/1281/1084 1092/1280/1083
f 1093/1281/1084 1117/1306/1108 1118/1307/1109
f 1118/1307/1109 1094/1282/1085 1093/1281/1084
f 1094/1282/1085 1118/1307/1109 1119/1308/1110
f 1119/1308/1110 1095/1283/1086 1094/1282/1085
f 1095/1283/1086 1119/1308/1110 1120/1309/1111
f 1120/1309/1111 1096/1284/1087 1095/1283/1086
f 1096/1284/1087 1120/1309/1111 1121/1310/1112
f 1121/1310/1112 1097/1285/1088 1096/1284/1087
f 1121/1310/1112 1122/1311/1113 1098/1286/1089
f 1098/1286/1089 1097/1285/1088 1121/1310/1112
f 1122/1311/1113 1123/1312/1114 1099/1287/1090
f 1099/1287/1090 1098/1286/1089 1122/1311/1113
f 1123/1312/1114 1124/1313/1115 1100/1288/1091
f 1100/1288/1091 1099/1287/1090 1123/1312/1114
f 1124/1313/1115 1125/1314/1116 1101/1289/1092
f 1101/1289/1092 1100/1288/1091 1124/1313/1115
f 1125/1314/1116 1126/1315/1117 1102/1290/1093
f 1102/1290/1093 1101/1289/1092 1125/1314/1116
f 1126/1315/1117 1127/1316/1118 1103/1291/1094
f 1103/1291/1094 1102/1290/1093 1126/1315/1117
f 1103/1291/1094 1127/1316/1118 1128/1317/1119
f 1128/1317/1119 1104/1292/1095 1103/1291/1094
f 1104/1292/1095 1128/1317/1119 1129/1318/1120
f 1129/1318/1120 1105/1293/1096 1104/1292/1095
f 1105/1293/1096 1129/1318/1120 1130/1319/1121
f 1130/1319/1121 1106/1294/1097 1105/1293/1096
f 1106/1294/1097 1130/1319/1121 1131/1320/1122
f 1131/1320/1122 1107/1295/1098 1106/1294/1097
f 1107/1295/1098 1131/1320/1122 1132/1321/1123
f 1132/1321/1123 1108/1296/1099 1107/1295/1098
f 1108/1296/1099 1132/1321/1123 1109/1322/1100
f 1108/1296/1099 1109/1322/1100 1085/1297/1076
f 1133/1323/1124 1134/1324/1125 1110/1299/1101
f 1110/1299/1101 1109/1298/1100 1133/1323/1124
f 1134/1324/1125 1135/1325/1126 1111/1300/1102
f 1111/1300/1102 1110/1299/1101 1134/1324/1125
f 1135/1325/1126 1136/1326/1127 1112/1301/1103
f 1112/1301/1103 1111/1300/1102 1135/1325/1126
f 1136/1326/1127 1137/1327/1128 1113/1302/1104
f 1113/1302/1104 1112/1301/1103 1136/1326/1127
f 1137/1327/1128 1138/1328/1129 1114/1303/1105
f 1114/1303/1105 1113/1302/1104 1137/1327/1128
f 1138/1328/1129 1139/1329/1130 1115/1304/1106
f 1115/1304/1106 1114/1303/1105 1138/1328/1129
f 1139/1329/1130 1140/1330/1131 1116/1305/1107
f 1116/1305/1107 1115/1304/1106 1139/1329/1130
f 1140/1330/1131 1141/1331/1132 1117/1306/1108
f 1117/1306/1108 1116/1305/1107 1140/1330/1131
f 1117/1306/1108 1141/1331/1132 1142/1332/1133
f 1142/1332/1133 1118/1307/1109 1117/1306/1108
f 1118/1307/1109 1142/1332/1133 1143/1333/1134
f 1143/1333/1134 1119/1308/1110 1118/1307/1109
f 1119/1308/1110 1143/1333/1134 1144/1334/1135
f 1144/1334/1135 1120/1309/1111 1119/1308/1110
f 1120/1309/1111 1144/1334/1135 1145/1335/1136
f 1145/1335/1136 1121/1310/1112 1120/1309/1111
f 1145/1335/1136 1146/1336/1137 1122/1311/1113
f 1122/1311/1113 1121/1310/1112 1145/1335/1136
f 1146/1336/1137 1147/1337/1138 1123/1312/1114
f 1123/1312/1114 1122/1311/1113 1146/1336/1137
f 1147/1337/1138 1148/1338/1139 1124/1313/1115
f 1124/1313/1115 1123/1312/1114 1147/1337/1138
f 1148/1338/1139 1149/1339/1140 1125/1314/1116
f 1125/1314/1116 1124/1313/1115 1148/1338/1139
f 1125/1314/1116 1149/1339/1140 1150/1340/1141
f 1150/1340/1141 1126/1315/1117 1125/1314/1116
f 1126/1315/1117 1150/1340/1141 1151/1341/1142
f 1151/1341/1142 1127/1316/1118 1126/1315/1117
f 1127/1316/1118 1151/1341/1142 1152/1342/1143
f 1152/1342/1143 1128/1317/1119 1127/1316/1118
f 1128/1317/1119 1152/1342/1143 1153/1343/1144
f 1153/1343/1144 1129/1318/1120 1128/1317/1119
f 1129/1318/1120 1153/1343/1144 1154/1344/1145
f 1154/1344/1145 1130/1319/1121 1129/1318/1120
f 1130/1319/1121 1154/1344/1145 1155/1345/1146
f 1155/1345/1146 1131/1320/1122 1130/1319/1121
f 1131/1320/1122 1155/1345/1146 1156/1346/1147
f 1156/1346/1147 1132/1321/1123 1131/1320/1122
f 1132/1321/1123 1156/1346/1147 1133/1347/1124
f 1132/1321/1123 1133/1347/1124 1109/1322/1100
f 1133/1323/1124 1157/1348/1148 1158/1349/1149
f 1158/1349/1149 1134/1324/1125 1133/1323/1124
f 1134/1324/1125 1158/1349/1149 1159/1350/1150
f 1159/1350/1150 1135/1325/1126 1134/1324/1125
f 1135/1325/1126 1159/1350/1150 1160/1351/1151
f 1160/1351/1151 1136/1326/1127 1135/1325/1126
f 1136/1326/1127 1160/1351/1151 1161/1352/1152
f 1161/1352/1152 1137/1327/1128 1136/1326/1127
f 1137/1327/1128 1161/1352/1152 1162/1353/1153
f 1162/1353/1153 1138/1328/1129 1137/1327/1128
f 1138/1328/1129 1162/1353/1153 1163/1354/1154
f 1163/1354/1154 1139/1329/1130 1138/1328/1129
f 1139/1329/1130 1163/1354/1154 1164/1355/1155
f 1164/1355/1155 1140/1330/1131 1139/1329/1130
f 1140/1330/1131 1164/1355/1155 1165/1356/1156
f 1165/1356/1156 1141/1331/1132 1140/1330/1131
f 1166/1357/1157 1142/1332/1133 1141/1331/1132
f 1141/1331/1132 1165/1356/1156 1166/1357/1157
f 1142/1332/1133 1166/1357/1157 1167/1358/1158
f 1167/1358/1158 1143/1333/1134 1142/1332/1133
f 1143/1333/1134 1167/1358/1158 1168/1359/1159
f 1168/1359/1159 1144/1334/1135 1143/1333/1134
f 1144/1334/1135 1168/1359/1159 1169/1360/1160
f 1169/1360/1160 1145/1335/1136 1144/1334/1135
f 1169/1360/1160 1170/1361/1161 1146/1336/1137
f 1146/1336/1137 1145/1335/1136 1169/1360/1160
f 1170/1361/1161 1171/1362/1162 1147/1337/1138
f 1147/1337/1138 1146/1336/1137 1170/1361/1161
f 1171/1362/1162 1172/1363/1163 1148/1338/1139
f 1148/1338/1139 1147/1337/1138 1171/1362/1162
f 1149/1339/1140 1148/1338/1139 1172/1363/1163
f 1172/1363/1163 1173/1364/1164 1149/1339/1140
f 1173/1364/1164 1174/1365/1165 1150/1340/1141
f 1150/1340/1141 1149/1339/1140 1173/1364/1164
f 1174/1365/1165 1175/1366/1166 1151/1341/1142
f 1151/1341/1142 1150/1340/1141 1174/1365/1165
f 1175/1366/1166 1176/1367/1167 1152/1342/1143
f 1152/1342/1143 1151/1341/1142 1175/1366/1166
f 1176/1367/1167 1177/1368/1168 1153/1343/1144
f 1153/1343/1144 1152/1342/1143 1176/1367/1167
f 1177/1368/1168 1178/1369/1169 1154/1344/1145
f 1154/1344/1145 1153/1343/1144 1177/1368/1168
f 1178/1369/1169 1179/1370/1170 1155/1345/1146
f 1155/1345/1146 1154/1344/1145 1178/1369/1169
f 1179/1370/1170 1180/1371/1171 1156/1346/1147
f 1156/1346/1147 1155/1345/1146 1179/1370/1170
f 1156/1346/1147 1180/1371/1171 1157/1372/1148
f 1156/1346/1147 1157/1372/1148 1133/1347/1124
f 1181/1373/1172 1182/1374/1173 1158/1349/1149
f 1158/1349/1149 1157/1348/1148 1181/1373/1172
f 1182/1374/1173 1183/1375/1174 1159/1350/1150
f 1159/1350/1150 1158/1349/1149 1182/1374/1173
f 1183/1375/1174 1184/1376/1175 1160/1351/1151
f 1160/1351/1151 1159/1350/1150 1183/1375/1174
f 1184/1376/1175 1185/1377/1176 1161/1352/1152
f 1161/1352/1152 1160/1351/1151 1184/1376/1175
f 1185/1377/1176 1186/1378/1177 1162/1353/1153
f 1162/1353/1153 1161/1352/1152 1185/1377/1176
f 1186/1378/1177 1187/1379/1178 1163/1354/1154
f 1163/1354/1154 1162/1353/1153 1186/1378/1177
f 1187/1379/1178 1188/1380/1179 1164/1355/1155
f 1164/1355/1155 1163/1354/1154 1187/1379/1178
f 1164/1355/1155 1188/1380/1179 1189/1381/1180
f 1189/1381/1180 1165/1356/1156 1164/1355/1155
f 1165/1356/1156 1189/1381/1180 1190/1382/1181
f 1190/1382/1181 1166/1357/1157 1165/1356/1156
f 1190/1382/1181 1191/1383/1182 1167/1358/1158
f 1167/1358/1158 1166/1357/1157 1190/1382/1181
f 1191/1383/1182 1192/1384/1183 1168/1359/1159
f 1168/1359/1159 1167/1358/1158 1191/1383/1182
f 1192/1384/1183 1193/1385/1184 1169/1360/1160
f 1169/1360/1160 1168/1359/1159 1192/1384/1183
f 1169/1360/1160 1193/1385/1184 1194/1386/1185
f 1194/1386/1185 1170/1361/1161 1169/1360/1160
f 1170/1361/1161 1194/1386/1185 1195/1387/1186
f 1195/1387/1186 1171/1362/1162 1170/1361/1161
f 1171/1362/1162 1195/1387/1186 1196/1388/1187
f 1196/1388/1187 1172/1363/1163 1171/1362/1162
f 1196/1388/1187 1197/1389/1188 1173/1364/1164
f 1173/1364/1164 1172/1363/1163 1196/1388/1187
f 1197/1389/1188 1198/1390/1189 1174/1365/1165
f 1174/1365/1165 1173/1364/1164 1197/1389/1188
f 1174/1365/1165 1198/1390/1189 1199/1391/1190
f 1199/1391/1190 1175/1366/1166 1174/1365/1165
f 1175/1366/1166 1199/1391/1190 1200/1392/1191
f 1200/1392/1191 1176/1367/1167 1175/1366/1166
f 1176/1367/1167 1200/1392/1191 1201/1393/1192
f 1201/1393/1192 1177/1368/1168 1176/1367/1167
f 1177/1368/1168 1201/1393/1192 1202/1394/1193
f 1202/1394/1193 1178/1369/1169 1177/1368/1168
f 1178/1369/1169 1202/1394/1193 1203/1395/1194
f 1203/1395/1194 1179/1370/1170 1178/1369/1169
f 1179/1370/1170 1203/1395/1194 1204/1396/1195
f 1204/1396/1195 1180/1371/1171 1179/1370/1170
f 1180/1371/1171 1204/1396/1195 1181/1397/1172
f 1180/1371/1171 1181/1397/1172 1157/1372/1148
f 1181/1373/1172 1205/1398/1196 1206/1399/1197
f 1206/1399/1197 1182/1374/1173 1181/1373/1172
f 1182/1374/1173 1206/1399/1197 1207/1400/1198
f 1207/1400/1198 1183/1375/1174 1182/1374/1173
f 1183/1375/1174 1207/1400/1198 1208/1401/1199
f 1208/1401/1199 1184/1376/1175 1183/1375/1174
f 1208/1401/1199 1209/1402/1200 1185/1377/1176
f 1185/1377/1176 1184/1376/1175 1208/1401/1199
f 1209/1402/1200 1210/1403/1201 1186/1378/1177
f 1186/1378/1177 1185/1377/1176 1209/1402/1200
f 1210/1403/1201 1211/1404/1202 1187/1379/1178
f 1187/1379/1178 1186/1378/1177 1210/1403/1201
f 1211/1404/1202 1212/1405/1203 1188/1380/1179
f 1188/1380/1179 1187/1379/1178 1211/1404/1202
f 1212/1405/1203 1213/1406/1204 1189/1381/1180
f 1189/1381/1180 1188/1380/1179 1212/1405/1203
f 1213/1406/1204 1214/1407/1205 1190/1382/1181
f 1190/1382/1181 1189/1381/1180 1213/1406/1204
f 1214/1407/1205 1215/1408/1206 1191/1383/1182
f 1191/1383/1182 1190/1382/1181 1214/1407/1205
f 1215/1408/1206 1216/1409/1207 1192/1384/1183
f 1192/1384/1183 1191/1383/1182 1215/1408/1206
f 1216/1409/1207 1217/1410/1208 1193/1385/1184
f 1193/1385/1184 1192/1384/1183 1216/1409/1207
f 1193/1385/1184 1217/1410/1208 1218/1411/1209
f 1218/1411/1209 1194/1386/1185 1193/1385/1184
f 1194/1386/1185 1218/1411/1209 1219/1412/1210
f 1219/1412/1210 1195/1387/1186 1194/1386/1185
f 1195/1387/1186 1219/1412/1210 1220/1413/1211
f 1220/1413/1211 1196/1388/1187 1195/1387/1186
f 1196/1388/1187 1220/1413/1211 1221/1414/1212
f 1221/1414/1212 1197/1389/1188 1196/1388/1187
f 1197/1389/1188 1221/1414/1212 1222/1415/1213
f 1222/1415/1213 1198/1390/1189 1197/1389/1188
f 1198/1390/1189 1222/1415/1213 1223/1416/1214
f 1223/1416/1214 1199/1391/1190 1198/1390/1189
f 1199/1391/1190 1223/1416/1214 1224/1417/1215
f 1224/1417/1215 1200/1392/1191 1199/1391/1190
f 1200/1392/1191 1224/1417/1215 1225/1418/1216
f 1225/1418/1216 1201/1393/1192 1200/1392/1191
f 1225/1418/1216 1226/1419/1217 1202/1394/1193
f 1202/1394/1193 1201/1393/1192 1225/1418/1216
f 1226/1419/1217 1227/1420/1218 1203/1395/1194
f 1203/1395/1194 1202/1394/1193 1226/1419/1217
f 1227/1420/1218 1228/1421/1219 1204/1396/1195
f 1204/1396/1195 1203/1395/1194 1227/1420/1218
f 1204/1396/1195 1228/1421/1219 1205/1422/1196
f 1204/1396/1195 1205/1422/1196 1181/1397/1172
f 1205/1398/1196 1229/1423/1220 1230/1424/1221
f 1230/1424/1221 1206/1399/1197 1205/1398/1196
f 1206/1399/1197 1230/1424/1221 1231/1425/1222
f 1231/1425/1222 1207/1400/1198 1206/1399/1197
f 1207/1400/1198 1231/1425/1222 1232/1426/1223
f 1232/1426/1223 1208/1401/1199 1207/1400/1198
f 1208/1401/1199 1232/1426/1223 1233/1427/1224
f 1233/1427/1224 1209/1402/1200 1208/1401/1199
f 1209/1402/1200 1233/1427/1224 1234/1428/1225
f 1234/1428/1225 1210/1403/1201 1209/1402/1200
f 1234/1428/1225 1235/1429/1226 1211/1404/1202
f 1211/1404/1202 1210/1403/1201 1234/1428/1225
f 1235/1429/1226 1236/1430/1227 1212/1405/1203
f 1212/1405/1203 1211/1404/1202 1235/1429/1226
f 1236/1430/1227 1237/1431/1228 1213/1406/1204
f 1213/1406/1204 1212/1405/1203 1236/1430/1227
f 1237/1431/1228 1238/1432/1229 1214/1407/1205
f 1214/1407/1205 1213/1406/1204 1237/1431/1228
f 1238/1432/1229 1239/1433/1230 1215/1408/1206
f 1215/1408/1206 1214/1407/1205 1238/1432/1229
f 1239/1433/1230 1240/1434/1231 1216/1409/1207
f 1216/1409/1207 1215/1408/1206 1239/1433/1230
f 1240/1434/1231 1241/1435/1232 1217/1410/1208
f 1217/1410/1208 1216/1409/1207 1240/1434/1231
f 1217/1410/1208 1241/1435/1232 1242/1436/1233
f 1242/1436/1233 1218/1411/1209 1217/1410/1208
f 1218/1411/1209 1242/1436/1233 1243/1437/1234
f 1243/1437/1234 1219/1412/1210 1218/1411/1209
f 1219/1412/1210 1243/1437/1234 1244/1438/1235
f 1244/1438/1235 1220/1413/1211 1219/1412/1210
f 1220/1413/1211 1244/1438/1235 1245/1439/1236
f 1245/1439/1236 1221/1414/1212 1220/1413/1211
f 1221/1414/1212 1245/1439/1236 1246/1440/1237
f 1246/1440/1237 1222/1415/1213 1221/1414/1212
f 1222/1415/1213 1246/1440/1237 1247/1441/1238
f 1247/1441/1238 1223/1416/1214 1222/1415/1213
f 1223/1416/1214 1247/1441/1238 1248/1442/1239
f 1248/1442/1239 1224/1417/1215 1223/1416/1214
f 1248/1442/1239 1249/1443/1240 1225/1418/1216
f 1225/1418/1216 1224/1417/1215 1248/1442/1239
f 1249/1443/1240 1250/1444/1241 1226/1419/1217
f 1226/1419/1217 1225/1418/1216 1249/1443/1240
f 1250/1444/1241 1251/1445/1242 1227/1420/1218
f 1227/1420/1218 1226/1419/1217 1250/1444/1241
f 1251/1445/1242 1252/1446/1243 1228/1421/1219
f 1228/1421/1219 1227/1420/1218 1251/1445/1242
f 1228/1421/1219 1252/1446/1243 1229/1447/1220
f 1228/1421/1219 1229/1447/1220 1205/1422/1196
f 1229/1423/1220 1253/1448/1244 1254/1449/1245
f 1254/1449/1245 1230/1424/1221 1229/1423/1220
f 1230/1424/1221 1254/1449/1245 1255/1450/1246
f 1255/1450/1246 1231/1425/1222 1230/1424/1221
f 1231/1425/1222 1255/1450/1246 1256/1451/1247
f 1256/1451/1247 1232/1426/1223 1231/1425/1222
f 1232/1426/1223 1256/1451/1247 1257/1452/1248
f 1257/1452/1248 1233/1427/1224 1232/1426/1223
f 1233/1427/1224 1257/1452/1248 1258/1453/1249
f 1258/1453/1249 1234/1428/1225 1233/1427/1224
f 1258/1453/1249 1259/1454/1250 1235/1429/1226
f 1235/1429/1226 1234/1428/1225 1258/1453/1249
f 1259/1454/1250 1260/1455/1251 1236/1430/1227
f 1236/1430/1227 1235/1429/1226 1259/1454/1250
f 1260/1455/1251 1261/1456/1252 1237/1431/1228
f 1237/1431/1228 1236/1430/1227 1260/1455/1251
f 1261/1456/1252 1262/1457/1253 1238/1432/1229
f 1238/1432/1229 1237/1431/1228 1261/1456/1252
f 1262/1457/1253 1263/1458/1254 1239/1433/1230
f 1239/1433/1230 1238/1432/1229 1262/1457/1253
f 1263/1458/1254 1264/1459/1255 1240/1434/1231
f 1240/1434/1231 1239/1433/1230 1263/1458/1254
f 1264/1459/1255 1265/1460/1256 1241/1435/1232
f 1241/1435/1232 1240/1434/1231 1264/1459/1255
f 1241/1435/1232 1265/1460/1256 1266/1461/1257
f 1266/1461/1257 1242/1436/1233 1241/1435/1232
f 1242/1436/1233 1266/1461/1257 1267/1462/1258
f 1267/1462/1258 1243/1437/1234 1242/1436/1233
f 1243/1437/1234 1267/1462/1258 1268/1463/1259
f 1268/1463/1259 1244/1438/1235 1243/1437/1234
f 1244/1438/1235 1268/1463/1259 1269/1464/1260
f 1269/1464/1260 1245/1439/1236 1244/1438/1235
f 1245/1439/1236 1269/1464/1260 1270/1465/1261
f 1270/1465/1261 1246/1440/1237 1245/1439/1236
f 1246/1440/1237 1270/1465/1261 1271/1466/1262
f 1271/1466/1262 1247/1441/1238 1246/1440/1237
f 1247/1441/1238 1271/1466/1262 1272/1467/1263
f 1272/1467/1263 1248/1442/1239 1247/1441/1238
f 1272/1467/1263 1273/1468/1264 1249/1443/1240
f 1249/1443/1240 1248/1442/1239 1272/1467/1263
f 1273/1468/1264 1274/1469/1265 1250/1444/1241
f 1250/1444/1241 1249/1443/1240 1273/1468/1264
f 1274/1469/1265 1275/1470/1266 1251/1445/1242
f 1251/1445/1242 1250/1444/1241 1274/1469/1265
f 1275/1470/1266 1276/1471/1267 1252/1446/1243
f 1252/1446/1243 1251/1445/1242 1275/1470/1266
f 1252/1446/1243 1276/1471/1267 1253/1472/1244
f 1252/1446/1243 1253/1472/1244 1229/1447/1220
f 1253/1448/1244 1277/1473/1268 1278/1474/1269
f 1278/1474/1269 1254/1449/1245 1253/1448/1244
f 1254/1449/1245 1278/1474/1269 1279/1475/1270
f 1279/1475/1270 1255/1450/1246 1254/1449/1245
f 1255/1450/1246 1279/1475/1270 1280/1476/1271
f 1280/1476/1271 1256/1451/1247 1255/1450/1246
f 1256/1451/1247 1280/1476/1271 1281/1477/1272
f 1281/1477/1272 1257/1452/1248 1256/1451/1247
f 1257/1452/1248 1281/1477/1272 1282/1478/1273
f 1282/1478/1273 1258/1453/1249 1257/1452/1248
f 1258/1453/1249 1282/1478/1273 1283/1479/1274
f 1283/1479/1274 1259/1454/1250 1258/1453/1249
f 1283/1479/1274 1284/1480/1275 1260/1455/1251
f 1260/1455/1251 1259/1454/1250 1283/1479/1274
f 1284/1480/1275 1285/1481/1276 1261/1456/1252
f 1261/1456/1252 1260/1455/1251 1284/1480/1275
f 1285/1481/1276 1286/1482/1277 1262/1457/1253
f 1262/1457/1253 1261/1456/1252 1285/1481/1276
f 1286/1482/1277 1287/1483/1278 1263/1458/1254
f 1263/1458/1254 1262/1457/1253 1286/1482/1277
f 1287/1483/1278 1288/1484/1279 1264/1459/1255
f 1264/1459/1255 1263/1458/1254 1287/1483/1278
f 1288/1484/1279 1289/1485/1280 1265/1460/1256
f 1265/1460/1256 1264/1459/1255 1288/1484/1279
f 1265/1460/1256 1289/1485/1280 1290/1486/1281
f 1290/1486/1281 1266/1461/1257 1265/1460/1256
f 1266/1461/1257 1290/1486/1281 1291/1487/1282
f 1291/1487/1282 1267/1462/1258 1266/1461/1257
f 1267/1462/1258 1291/1487/1282 1292/1488/1283
f 1292/1488/1283 1268/1463/1259 1267/1462/1258
f 1268/1463/1259 1292/1488/1283 1293/1489/1284
f 1293/1489/1284 1269/1464/1260 1268/1463/1259
f 1269/1464/1260 1293/1489/1284 1294/1490/1285
f 1294/1490/1285 1270/1465/1261 1269/1464/1260
f 1270/1465/1261 1294/1490/1285 1295/1491/1286
f 1295/1491/1286 1271/1466/1262 1270/1465/1261
f 1295/1491/1286 1296/1492/1287 1272/1467/1263
f 1272/1467/1263 1271/1466/1262 1295/1491/1286
f 1296/1492/1287 1297/1493/1288 1273/1468/1264
f 1273/1468/1264 1272/1467/1263 1296/1492/1287
f 1297/1493/1288 1298/1494/1289 1274/1469/1265
f 1274/1469/1265 1273/1468/1264 1297/1493/1288
f 1298/1494/1289 1299/1495/1290 1275/1470/1266
f 1275/1470/1266 1274/1469/1265 1298/1494/1289
f 1299/1495/1290 1300/1496/1291 1276/1471/1267
f 1276/1471/1267 1275/1470/1266 1299/1495/1290
f 1276/1471/1267 1300/1496/1291 1277/1497/1268
f 1276/1471/1267 1277/1497/1268 1253/1472/1244
f 1277/1473/1268 1301/1498/1292 1302/1499/1293
f 1302/1499/1293 1278/1474/1269 1277/1473/1268
f 1278/1474/1269 1302/1499/1293 1303/1500/1294
f 1303/1500/1294 1279/1475/1270 1278/1474/1269
f 1279/1475/1270 1303/1500/1294 1304/1501/1295
f 1304/1501/1295 1280/1476/1271 1279/1475/1270
f 1280/1476/1271 1304/1501/1295 1305/1502/1296
f 1305/1502/1296 1281/1477/1272 1280/1476/1271
f 1281/1477/1272 1305/1502/1296 1306/1503/1297
f 1306/1503/1297 1282/1478/1273 1281/1477/1272
f 1282/1478/1273 1306/1503/1297 1307/1504/1298
f 1307/1504/1298 1283/1479/1274 1282/1478/1273
f 1307/1504/1298 1308/1505/1299 1284/1480/1275
f 1284/1480/1275 1283/1479/1274 1307/1504/1298
f 1308/1505/1299 1309/1506/1300 1285/1481/1276
f 1285/1481/1276 1284/1480/1275 1308/1505/1299
f 1309/1506/1300 1310/1507/1301 1286/1482/1277
f 1286/1482/1277 1285/1481/1276 1309/1506/1300
f 1310/1507/1301 1311/1508/1302 1287/1483/1278
f 1287/1483/1278 1286/1482/1277 1310/1507/1301
f 1311/1508/1302 1312/1509/1303 1288/1484/1279
f 1288/1484/1279 1287/1483/1278 1311/1508/1302
f 1312/1509/1303 1313/1510/1304 1289/1485/1280
f 1289/1485/1280 1288/1484/1279 1312/1509/1303
f 1289/1485/1280 1313/1510/1304 1314/1511/1305
f 1314/1511/1305 1290/1486/1281 1289/1485/1280
f 1290/1486/1281 1314/1511/1305 1315/1512/1306
f 1315/1512/1306 1291/1487/1282 1290/1486/1281
f 1291/1487/1282 1315/1512/1306 1316/1513/1307
f 1316/1513/1307 1292/1488/1283 1291/1487/1282
f 1292/1488/1283 1316/1513/1307 1317/1514/1308
f 1317/1514/1308 1293/1489/1284 1292/1488/1283
f 1293/1489/1284 1317/1514/1308 1318/1515/1309
f 1318/1515/1309 1294/1490/1285 1293/1489/1284
f 1294/1490/1285 1318/1515/1309 1319/1516/1310
f 1319/1516/1310 1295/1491/1286 1294/1490/1285
f 1319/1516/1310 1320/1517/1311 1296/1492/1287
f 1296/1492/1287 1295/1491/1286 1319/1516/1310
f 1320/1517/1311 1321/1518/1312 1297/1493/1288
f 1297/1493/1288 1296/1492/1287 1320/1517/1311
f 1321/1518/1312 1322/1519/1313 1298/1494/1289
f 1298/1494/1289 1297/1493/1288 1321/1518/1312
f 1322/1519/1313 1323/1520/1314 1299/1495/1290
f 1299/1495/1290 1298/1494/1289 1322/1519/1313
f 1323/1520/1314 1324/1521/1315 1300/1496/1291
f 1300/1496/1291 1299/1495/1290 1323/1520/1314
f 1300/1496/1291 1324/1521/1315 1301/1522/1292
f 1300/1496/1291 1301/1522/1292 1277/1497/1268
f 1325/1523/1316 1302/1499/1293 1301/1498/1292
f 1325/1524/1316 1303/1500/1294 1302/1499/1293
f 1325/1525/1316 1304/1501/1295 1303/1500/1294
f 1325/1526/1316 1305/1502/1296 1304/1501/1295
f 1325/1527/1316 1306/1503/1297 1305/1502/1296
f 1325/1528/1316 1307/1504/1298 1306/1503/1297
f 1325/1529/1316 1308/1505/1299 1307/1504/1298
f 1325/1530/1316 1309/1506/1300 1308/1505/1299
f 1325/1531/1316 1310/1507/1301 1309/1506/1300
f 1325/1532/1316 1311/1508/1302 1310/1507/1301
f 1325/1533/1316 1312/1509/1303 1311/1508/1302
f 1325/1534/1316 1313/1510/1304 1312/1509/1303
f 1325/1535/1316 1314/1511/1305 1313/1510/1304
f 1325/1536/1316 1315/1512/1306 1314/1511/1305
f 1325/1537/1316 1316/1513/1307 1315/1512/1306
f 1325/1538/1316 1317/1514/1308 1316/1513/1307
f 1325/1539/1316 1318/1515/1309 1317/1514/1308
f 1325/1540/1316 1319/1516/1310 1318/1515/1309
f 1325/1541/1316 1320/1517/1311 1319/1516/1310
f 1325/1542/1316 1321/1518/1312 1320/1517/1311
f 1325/1543/1316 1322/1519/1313 1321/1518/1312
f 1325/1544/1316 1323/1520/1314 1322/1519/1313
f 1325/1545/1316 1324/1521/1315 1323/1520/1314
f 1325/1546/1316 1301/1522/1292 1324/1521/1315
f 1326/1547/1317 1327/1548/1318 1328/1549/1319
f 1326/1547/1317 1328/1549/1319 1329/1550/1320
f 1326/1547/1317 1329/1550/1320 1330/1551/1321
f 1326/1547/1317 1330/1551/1321 1331/1552/1322
f 1326/1547/1317 1331/1552/1322 1332/1553/1323
f 1326/1547/1317 1332/1553/1323 1333/1554/1324
f 1326/1547/1317 1333/1554/1324 1334/1553/1325
f 1326/1547/1317 1334/1553/1325 1335/1552/1326
f 1326/1547/1317 1335/1552/1326 1336/1551/1327
f 1326/1547/1317 1336/1551/1327 1337/1550/1328
f 1326/1547/1317 1337/1550/1328 1338/1549/1329
f 1326/1547/1317 1338/1549/1329 1339/1548/1330
f 1326/1547/1317 1339/1548/1330 1340/1555/1331
f 1326/1547/1317 1340/1555/1331 1341/1556/1332
f 1326/1547/1317 1341/1556/1332 1342/1557/1333
f 1326/1547/1317 1342/1557/1333 1343/1558/1334
f 1326/1547/1317 1343/1558/1334 1344/1559/1335
f 1326/1547/1317 1344/1559/1335 1345/1560/1336
f 1326/1547/1317 1345/1560/1336 1346/1559/1337
f 1326/1547/1317 1346/1559/1337 1347/1558/1338
f 1326/1547/1317 1347/1558/1338 1348/1557/1339
f 1326/1547/1317 1348/1557/1339 1349/1556/1340
f 1326/1547/1317 1349/1556/1340 1350/1555/1341
f 1326/1547/1317 1350/1555/1341 1327/1548/1318
f 1351/1561/1342 1352/1562/1343 1328/1549/1319
f 1328/1549/1319 1327/1548/1318 1351/1561/1342
f 1352/1562/1343 1353/1563/1344 1329/1550/1320
f 1329/1550/1320 1328/1549/1319 1352/1562/1343
f 1353/1563/1344 1354/1564/1345 1330/1551/1321
f 1330/1551/1321 1329/1550/1320 1353/1563/1344
f 1354/1564/1345 1355/1565/1346 1331/1552/1322
f 1331/1552/1322 1330/1551/1321 1354/1564/1345
f 1355/1565/1346 1356/1566/1347 1332/1553/1323
f 1332/1553/1323 1331/1552/1322 1355/1565/1346
f 1356/1566/1347 1357/1567/1348 1333/1554/1324
f 1333/1554/1324 1332/1553/1323 1356/1566/1347
f 1333/1554/1324 1357/1567/1348 1358/1566/1349
f 1358/1566/1349 1334/1553/1325 1333/1554/1324
f 1334/1553/1325 1358/1566/1349 1359/1565/1350
f 1359/1565/1350 1335/1552/1326 1334/1553/1325
f 1335/1552/1326 1359/1565/1350 1360/1564/1351
f 1360/1564/1351 1336/1551/1327 1335/1552/1326
f 1336/1551/1327 1360/1564/1351 1361/1563/1352
f 1361/1563/1352 1337/1550/1328 1336/1551/1327
f 1337/1550/1328 1361/1563/1352 1362/1562/1353
f 1362/1562/1353 1338/1549/1329 1337/1550/1328
f 1338/1549/1329 1362/1562/1353 1363/1561/1354
f 1363/1561/1354 1339/1548/1330 1338/1549/1329
f 1363/1561/1354 1364/1568/1355 1340/1555/1331
f 1340/1555/1331 1339/1548/1330 1363/1561/1354
f 1364/1568/1355 1365/1569/1356 1341/1556/1332
f 1341/1556/1332 1340/1555/1331 1364/1568/1355
f 1365/1569/1356 1366/1570/1357 1342/1557/1333
f 1342/1557/1333 1341/1556/1332 1365/1569/1356
f 1366/1570/1357 1367/1571/1358 1343/1558/1334
f 1343/1558/1334 1342/1557/1333 1366/1570/1357
f 1367/1571/1358 1368/1572/1359 1344/1559/1335
f 1344/1559/1335 1343/1558/1334 1367/1571/1358
f 1368/1572/1359 1369/1573/1360 1345/1560/1336
f 1345/1560/1336 1344/1559/1335 1368/1572/1359
f 1345/1560/1336 1369/1573/1360 1370/1572/1361
f 1370/1572/1361 1346/1559/1337 1345/1560/1336
f 1346/1559/1337 1370/1572/1361 1371/1571/1362
f 1371/1571/1362 1347/1558/1338 1346/1559/1337
f 1347/1558/1338 1371/1571/1362 1372/1570/1363
f 1372/1570/1363 1348/1557/1339 1347/1558/1338
f 1348/1557/1339 1372/1570/1363 1373/1569/1364
f 1373/1569/1364 1349/1556/1340 1348/1557/1339
f 1349/1556/1340 1373/1569/1364 1374/1568/1365
f 1374/1568/1365 1350/1555/1341 1349/1556/1340
f 1350/1555/1341 1374/1568/1365 1351/1561/1342
f 1351/1561/1342 1327/1548/1318 1350/1555/1341
f 1351/1574/1342 1375/1575/1366 1376/1576/1367
f 1351/1574/1342 1376/1576/1367 1352/1577/1343
f 1352/1577/1343 1376/1576/1367 1377/1578/1368
f 1352/1577/1343 1377/1578/1368 1353/1579/1344
f 1353/1579/1344 1377/1578/1368 1378/1580/1369
f 1353/1579/1344 1378/1580/1369 1354/1581/1345
f 1354/1581/1345 1378/1580/1369 1379/1582/1370
f 1354/1581/1345 1379/1582/1370 1355/1583/1346
f 1379/1584/1370 1380/1585/1371 1356/1566/1347
f 1356/1566/1347 1355/1565/1346 1379/1584/1370
f 1380/1585/1371 1381/1586/1372 1357/1567/1348
f 1357/1567/1348 1356/1566/1347 1380/1585/1371
f 1357/1567/1348 1381/1586/1372 1382/1585/1373
f 1382/1585/1373 1358/1566/1349 1357/1567/1348
f 1358/1566/1349 1382/1585/1373 1383/1584/1374
f 1383/1584/1374 1359/1565/1350 1358/1566/1349
f 1359/1565/1350 1383/1584/1374 1384/1587/1375
f 1384/1587/1375 1360/1564/1351 1359/1565/1350
f 1360/1564/1351 1384/1587/1375 1385/1588/1376
f 1385/1588/1376 1361/1563/1352 1360/1564/1351
f 1361/1563/1352 1385/1588/1376 1386/1589/1377
f 1386/1589/1377 1362/1562/1353 1361/1563/1352
f 1362/1562/1353 1386/1589/1377 1387/1590/1378
f 1387/1590/1378 1363/1561/1354 1362/1562/1353
f 1387/1590/1378 1388/1591/1379 1364/1568/1355
f 1364/1568/1355 1363/1561/1354 1387/1590/1378
f 1388/1591/1379 1389/1592/1380 1365/1569/1356
f 1365/1569/1356 1364/1568/1355 1388/1591/1379
f 1389/1592/1380 1390/1593/1381 1366/1570/1357
f 1366/1570/1357 1365/1569/1356 1389/1592/1380
f 1390/1593/1381 1391/1594/1382 1367/1571/1358
f 1367/1571/1358 1366/1570/1357 1390/1593/1381
f 1391/1594/1382 1392/1595/1383 1368/1572/1359
f 1368/1572/1359 1367/1571/1358 1391/1594/1382
f 1392/1595/1383 1393/1596/1384 1369/1573/1360
f 1369/1573/1360 1368/1572/1359 1392/1595/1383
f 1369/1573/1360 1393/1596/1384 1394/1595/1385
f 1394/1595/1385 1370/1572/1361 1369/1573/1360
f 1370/1572/1361 1394/1595/1385 1395/1594/1386
f 1395/1594/1386 1371/1571/1362 1370/1572/1361
f 1371/1597/1362 1395/1598/1386 1396/1599/1387
f 1371/1597/1362 1396/1599/1387 1372/1600/1363
f 1372/1600/1363 1396/1599/1387 1397/1601/1388
f 1372/1600/1363 1397/1601/1388 1373/1602/1364
f 1373/1602/1364 1397/1601/1388 1398/1603/1389
f 1373/1602/1364 1398/1603/1389 1374/1604/1365
f 1374/1604/1365 1398/1603/1389 1375/1575/1366
f 1374/1604/1365 1375/1575/1366 1351/1574/1342
f 1399/1605/1390 1400/1606/1391 1376/1576/1367
f 1376/1576/1367 1375/1575/1366 1399/1605/1390
f 1400/1606/1391 1401/1607/1392 1377/1578/1368
f 1377/1578/1368 1376/1576/1367 1400/1606/1391
f 1401/1607/1392 1402/1608/1393 1378/1580/1369
f 1378/1580/1369 1377/1578/1368 1401/1607/1392
f 1402/1608/1393 1403/1609/1394 1379/1582/1370
f 1379/1582/1370 1378/1580/1369 1402/1608/1393
f 1379/1584/1370 1403/1610/1394 1404/1611/1395
f 1379/1584/1370 1404/1611/1395 1380/1585/1371
f 1404/1611/1395 1405/1612/1396 1381/1586/1372
f 1381/1586/1372 1380/1585/1371 1404/1611/1395
f 1381/1586/1372 1405/1612/1396 1406/1611/1397
f 1406/1611/1397 1382/1585/1373 1381/1586/1372
f 1382/1585/1373 1406/1611/1397 1407/1610/1398
f 1407/1610/1398 1383/1584/1374 1382/1585/1373
f 1383/1584/1374 1407/1610/1398 1408/1613/1399
f 1408/1613/1399 1384/1587/1375 1383/1584/1374
f 1384/1587/1375 1408/1613/1399 1409/1614/1400
f 1409/1614/1400 1385/1588/1376 1384/1587/1375
f 1385/1588/1376 1409/1614/1400 1410/1615/1401
f 1410/1615/1401 1386/1589/1377 1385/1588/1376
f 1386/1589/1377 1410/1615/1401 1411/1616/1402
f 1411/1616/1402 1387/1590/1378 1386/1589/1377
f 1411/1616/1402 1412/1617/1403 1388/1591/1379
f 1388/1591/1379 1387/1590/1378 1411/1616/1402
f 1412/1617/1403 1413/1618/1404 1389/1592/1380
f 1389/1592/1380 1388/1591/1379 1412/1617/1403
f 1413/1618/1404 1414/1619/1405 1390/1593/1381
f 1390/1593/1381 1389/1592/1380 1413/1618/1404
f 1414/1619/1405 1415/1620/1406 1391/1594/1382
f 1391/1594/1382 1390/1593/1381 1414/1619/1405
f 1415/1620/1406 1416/1621/1407 1392/1595/1383
f 1392/1595/1383 1391/1594/1382 1415/1620/1406
f 1416/1621/1407 1417/1622/1408 1393/1596/1384
f 1393/1596/1384 1392/1595/1383 1416/1621/1407
f 1393/1596/1384 1417/1622/1408 1418/1621/1409
f 1418/1621/1409 1394/1595/1385 1393/1596/1384
f 1394/1595/1385 1418/1621/1409 1419/1620/1410
f 1419/1620/1410 1395/1594/1386 1394/1595/1385
f 1395/1598/1386 1419/1623/1410 1420/1624/1411
f 1395/1598/1386 1420/1624/1411 1396/1599/1387
f 1396/1599/1387 1420/1624/1411 1421/1625/1412
f 1421/1625/1412 1397/1601/1388 1396/1599/1387
f 1397/1601/1388 1421/1625/1412 1422/1626/1413
f 1422/1626/1413 1398/1603/1389 1397/1601/1388
f 1398/1603/1389 1422/1626/1413 1399/1605/1390
f 1399/1605/1390 1375/1575/1366 1398/1603/1389
f 1423/1627/1414 1424/1628/1415 1400/1606/1391
f 1400/1606/1391 1399/1605/1390 1423/1627/1414
f 1424/1628/1415 1425/1629/1416 1401/1607/1392
f 1401/1607/1392 1400/1606/1391 1424/1628/1415
f 1425/1629/1416 1426/1630/1417 1402/1608/1393
f 1402/1608/1393 1401/1607/1392 1425/1629/1416
f 1426/1630/1417 1427/1631/1418 1403/1609/1394
f 1403/1609/1394 1402/1608/1393 1426/1630/1417
f 1403/1610/1394 1427/1632/1418 1428/1633/1419
f 1403/1610/1394 1428/1633/1419 1404/1611/1395
f 1428/1633/1419 1429/1634/1420 1405/1612/1396
f 1405/1612/1396 1404/1611/1395 1428/1633/1419
f 1405/1612/1396 1429/1634/1420 1430/1633/1421
f 1430/1633/1421 1406/1611/1397 1405/1612/1396
f 1406/1611/1397 1430/1633/1421 1431/1632/1422
f 1431/1632/1422 1407/1610/1398 1406/1611/1397
f 1407/1610/1398 1431/1632/1422 1432/1635/1423
f 1432/1635/1423 1408/1613/1399 1407/1610/1398
f 1408/1613/1399 1432/1635/1423 1433/1636/1424
f 1433/1636/1424 1409/1614/1400 1408/1613/1399
f 1409/1614/1400 1433/1636/1424 1434/1637/1425
f 1434/1637/1425 1410/1615/1401 1409/1614/1400
f 1410/1615/1401 1434/1637/1425 1435/1638/1426
f 1435/1638/1426 1411/1616/1402 1410/1615/1401
f 1435/1638/1426 1436/1639/1427 1412/1617/1403
f 1412/1617/1403 1411/1616/1402 1435/1638/1426
f 1436/1639/1427 1437/1640/1428 1413/1618/1404
f 1413/1618/1404 1412/1617/1403 1436/1639/1427
f 1437/1640/1428 1438/1641/1429 1414/1619/1405
f 1414/1619/1405 1413/1618/1404 1437/1640/1428
f 1438/1641/1429 1439/1642/1430 1415/1620/1406
f 1415/1620/1406 1414/1619/1405 1438/1641/1429
f 1439/1642/1430 1440/1643/1431 1416/1621/1407
f 1416/1621/1407 1415/1620/1406 1439/1642/1430
f 1440/1643/1431 1441/1644/1432 1417/1622/1408
f 1417/1622/1408 1416/1621/1407 1440/1643/1431
f 1417/1622/1408 1441/1644/1432 1442/1643/1433
f 1442/1643/1433 1418/1621/1409 1417/1622/1408
f 1418/1621/1409 1442/1643/1433 1443/1642/1434
f 1443/1642/1434 1419/1620/1410 1418/1621/1409
f 1419/1623/1410 1443/1645/1434 1444/1646/1435
f 1419/1623/1410 1444/1646/1435 1420/1624/1411
f 1420/1624/1411 1444/1646/1435 1445/1647/1436
f 1445/1647/1436 1421/1625/1412 1420/1624/1411
f 1421/1625/1412 1445/1647/1436 1446/1648/1437
f 1446/1648/1437 1422/1626/1413 1421/1625/1412
f 1422/1626/1413 1446/1648/1437 1423/1627/1414
f 1423/1627/1414 1399/1605/1390 1422/1626/1413
f 1447/1649/1051 1448/1650/1438 1424/1628/1415
f 1424/1628/1415 1423/1627/1414 1447/1649/1051
f 1448/1650/1438 1449/1651/1439 1425/1629/1416
f 1425/1629/1416 1424/1628/1415 1448/1650/1438
f 1449/1651/1439 1450/1652/1440 1426/1630/1417
f 1426/1630/1417 1425/1629/1416 1449/1651/1439
f 1450/1652/1440 1451/1653/1441 1427/1631/1418
f 1427/1631/1418 1426/1630/1417 1450/1652/1440
f 1427/1632/1418 1451/1654/1441 1452/1655/1442
f 1427/1632/1418 1452/1655/1442 1428/1633/1419
f 1452/1655/1442 1453/1656/916 1429/1634/1420
f 1429/1634/1420 1428/1633/1419 1452/1655/1442
f 1429/1634/1420 1453/1656/916 1454/1655/1443
f 1454/1655/1443 1430/1633/1421 1429/1634/1420
f 1430/1633/1421 1454/1655/1443 1455/1654/1444
f 1455/1654/1444 1431/1632/1422 1430/1633/1421
f 1431/1632/1422 1455/1654/1444 1456/1657/1445
f 1456/1657/1445 1432/1635/1423 1431/1632/1422
f 1432/1635/1423 1456/1657/1445 1457/1658/1446
f 1457/1658/1446 1433/1636/1424 1432/1635/1423
f 1433/1636/1424 1457/1658/1446 1458/1659/1447
f 1458/1659/1447 1434/1637/1425 1433/1636/1424
f 1434/1637/1425 1458/1659/1447 1459/1660/1448
f 1459/1660/1448 1435/1638/1426 1434/1637/1425
f 1459/1660/1448 1460/1661/1449 1436/1639/1427
f 1436/1639/1427 1435/1638/1426 1459/1660/1448
f 1460/1661/1449 1461/1662/1450 1437/1640/1428
f 1437/1640/1428 1436/1639/1427 1460/1661/1449
f 1461/1662/1450 1462/1663/1451 1438/1641/1429
f 1438/1641/1429 1437/1640/1428 1461/1662/1450
f 1462/1663/1451 1463/1664/1452 1439/1642/1430
f 1439/1642/1430 1438/1641/1429 1462/1663/1451
f 1463/1664/1452 1464/1665/1453 1440/1643/1431
f 1440/1643/1431 1439/1642/1430 1463/1664/1452
f 1464/1665/1453 1465/1666/915 1441/1644/1432
f 1441/1644/1432 1440/1643/1431 1464/1665/1453
f 1441/1644/1432 1465/1666/915 1466/1665/1454
f 1466/1665/1454 1442/1643/1433 1441/1644/1432
f 1442/1643/1433 1466/1665/1454 1467/1664/1455
f 1467/1664/1455 1443/1642/1434 1442/1643/1433
f 1443/1645/1434 1467/1667/1455 1468/1668/1456
f 1443/1645/1434 1468/1668/1456 1444/1646/1435
f 1444/1646/1435 1468/1668/1456 1469/1669/1457
f 1469/1669/1457 1445/1647/1436 1444/1646/1435
f 1445/1647/1436 1469/1669/1457 1470/1670/1458
f 1470/1670/1458 1446/1648/1437 1445/1647/1436
f 1446/1648/1437 1470/1670/1458 1447/1649/1051
f 1447/1649/1051 1423/1627/1414 1446/1648/1437
f 1447/1649/1051 1471/1671/1459 1472/1672/1460
f 1472/1672/1460 1448/1650/1438 1447/1649/1051
f 1448/1650/1438 1472/1672/1460 1473/1673/1461
f 1473/1673/1461 1449/1651/1439 1448/1650/1438
f 1449/1651/1439 1473/1673/1461 1474/1674/1462
f 1474/1674/1462 1450/1652/1440 1449/1651/1439
f 1450/1652/1440 1474/1674/1462 1475/1675/1463
f 1475/1675/1463 1451/1653/1441 1450/1652/1440
f 1451/1654/1441 1475/1676/1463 1476/1677/1464
f 1451/1654/1441 1476/1677/1464 1452/1655/1442
f 1452/1655/1442 1476/1677/1464 1477/1678/1465
f 1477/1678/1465 1453/1656/916 1452/1655/1442
f 1477/1678/1465 1478/1677/1466 1454/1655/1443
f 1454/1655/1443 1453/1656/916 1477/1678/1465
f 1478/1677/1466 1479/1676/1467 1455/1654/1444
f 1455/1654/1444 1454/1655/1443 1478/1677/1466
f 1479/1676/1467 1480/1679/1468 1456/1657/1445
f 1456/1657/1445 1455/1654/1444 1479/1676/1467
f 1480/1679/1468 1481/1680/1469 1457/1658/1446
f 1457/1658/1446 1456/1657/1445 1480/1679/1468
f 1481/1680/1469 1482/1681/1470 1458/1659/1447
f 1458/1659/1447 1457/1658/1446 1481/1680/1469
f 1482/1681/1470 1483/1682/1471 1459/1660/1448
f 1459/1660/1448 1458/1659/1447 1482/1681/1470
f 1459/1660/1448 1483/1682/1471 1484/1683/1472
f 1484/1683/1472 1460/1661/1449 1459/1660/1448
f 1460/1661/1449 1484/1683/1472 1485/1684/1473
f 1485/1684/1473 1461/1662/1450 1460/1661/1449
f 1461/1662/1450 1485/1684/1473 1486/1685/1474
f 1486/1685/1474 1462/1663/1451 1461/1662/1450
f 1462/1663/1451 1486/1685/1474 1487/1686/1475
f 1487/1686/1475 1463/1664/1452 1462/1663/1451
f 1463/1664/1452 1487/1686/1475 1488/1687/1476
f 1488/1687/1476 1464/1665/1453 1463/1664/1452
f 1464/1665/1453 1488/1687/1476 1489/1688/1477
f 1489/1688/1477 1465/1666/915 1464/1665/1453
f 1489/1688/1477 1490/1687/1478 1466/1665/1454
f 1466/1665/1454 1465/1666/915 1489/1688/1477
f 1490/1687/1478 1491/1686/1479 1467/1664/1455
f 1467/1664/1455 1466/1665/1454 1490/1687/1478
f 1467/1667/1455 1491/1689/1479 1492/1690/1480
f 1467/1667/1455 1492/1690/1480 1468/1668/1456
f 1492/1690/1480 1493/1691/1481 1469/1669/1457
f 1469/1669/1457 1468/1668/1456 1492/1690/1480
f 1493/1691/1481 1494/1692/1482 1470/1670/1458
f 1470/1670/1458 1469/1669/1457 1493/1691/1481
f 1494/1692/1482 1471/1671/1459 1447/1649/1051
f 1447/1649/1051 1470/1670/1458 1494/1692/1482
f 1471/1671/1459 1495/1693/1483 1496/1694/1484
f 1496/1694/1484 1472/1672/1460 1471/1671/1459
f 1472/1672/1460 1496/1694/1484 1497/1695/1485
f 1497/1695/1485 1473/1673/1461 1472/1672/1460
f 1473/1673/1461 1497/1695/1485 1498/1696/1486
f 1498/1696/1486 1474/1674/1462 1473/1673/1461
f 1474/1674/1462 1498/1696/1486 1499/1697/1487
f 1499/1697/1487 1475/1675/1463 1474/1674/1462
f 1475/1676/1463 1499/1698/1487 1500/1699/1488
f 1475/1676/1463 1500/1699/1488 1476/1677/1464
f 1476/1677/1464 1500/1699/1488 1501/1700/1489
f 1501/1700/1489 1477/1678/1465 1476/1677/1464
f 1501/1700/1489 1502/1699/1490 1478/1677/1466
f 1478/1677/1466 1477/1678/1465 1501/1700/1489
f 1502/1699/1490 1503/1698/1491 1479/1676/1467
f 1479/1676/1467 1478/1677/1466 1502/1699/1490
f 1503/1698/1491 1504/1701/1492 1480/1679/1468
f 1480/1679/1468 1479/1676/1467 1503/1698/1491
f 1504/1701/1492 1505/1702/1493 1481/1680/1469
f 1481/1680/1469 1480/1679/1468 1504/1701/1492
f 1505/1702/1493 1506/1703/1494 1482/1681/1470
f 1482/1681/1470 1481/1680/1469 1505/1702/1493
f 1506/1703/1494 1507/1704/1495 1483/1682/1471
f 1483/1682/1471 1482/1681/1470 1506/1703/1494
f 1483/1682/1471 1507/1704/1495 1508/1705/1496
f 1508/1705/1496 1484/1683/1472 1483/1682/1471
f 1484/1683/1472 1508/1705/1496 1509/1706/1497
f 1509/1706/1497 1485/1684/1473 1484/1683/1472
f 1485/1684/1473 1509/1706/1497 1510/1707/1498
f 1510/1707/1498 1486/1685/1474 1485/1684/1473
f 1486/1685/1474 1510/1707/1498 1511/1708/1499
f 1511/1708/1499 1487/1686/1475 1486/1685/1474
f 1487/1686/1475 1511/1708/1499 1512/1709/1500
f 1512/1709/1500 1488/1687/1476 1487/1686/1475
f 1488/1687/1476 1512/1709/1500 1513/1710/1501
f 1513/1710/1501 1489/1688/1477 1488/1687/1476
f 1513/1710/1501 1514/1709/1502 1490/1687/1478
f 1490/1687/1478 1489/1688/1477 1513/1710/1501
f 1514/1709/1502 1515/1708/1503 1491/1686/1479
f 1491/1686/1479 1490/1687/1478 1514/1709/1502
f 1491/1689/1479 1515/1711/1503 1516/1712/1504
f 1491/1689/1479 1516/1712/1504 1492/1690/1480
f 1516/1712/1504 1517/1713/1505 1493/1691/1481
f 1493/1691/1481 1492/1690/1480 1516/1712/1504
f 1517/1713/1505 1518/1714/1506 1494/1692/1482
f 1494/1692/1482 1493/1691/1481 1517/1713/1505
f 1518/1714/1506 1495/1693/1483 1471/1671/1459
f 1471/1671/1459 1494/1692/1482 1518/1714/1506
f 1495/1693/1483 1519/1715/1507 1520/1716/1508
f 1520/1716/1508 1496/1694/1484 1495/1693/1483
f 1496/1694/1484 1520/1716/1508 1521/1717/1509
f 1521/1717/1509 1497/1695/1485 1496/1694/1484
f 1497/1695/1485 1521/1717/1509 1522/1718/1510
f 1522/1718/1510 1498/1696/1486 1497/1695/1485
f 1498/1696/1486 1522/1718/1510 1523/1719/1511
f 1523/1719/1511 1499/1697/1487 1498/1696/1486
f 1499/1698/1487 1523/1720/1511 1524/1721/1512
f 1499/1698/1487 1524/1721/1512 1500/1699/1488
f 1500/1699/1488 1524/1721/1512 1525/1722/1513
f 1525/1722/1513 1501/1700/1489 1500/1699/1488
f 1525/1722/1513 1526/1721/1514 1502/1699/1490
f 1502/1699/1490 1501/1700/1489 1525/1722/1513
f 1526/1721/1514 1527/1720/1515 1503/1698/1491
f 1503/1698/1491 1502/1699/1490 1526/1721/1514
f 1527/1720/1515 1528/1723/1516 1504/1701/1492
f 1504/1701/1492 1503/1698/1491 1527/1720/1515
f 1528/1723/1516 1529/1724/1517 1505/1702/1493
f 1505/1702/1493 1504/1701/1492 1528/1723/1516
f 1529/1724/1517 1530/1725/1518 1506/1703/1494
f 1506/1703/1494 1505/1702/1493 1529/1724/1517
f 1530/1725/1518 1531/1726/1519 1507/1704/1495
f 1507/1704/1495 1506/1703/1494 1530/1725/1518
f 1507/1704/1495 1531/1726/1519 1532/1727/1520
f 1532/1727/1520 1508/1705/1496 1507/1704/1495
f 1508/1705/1496 1532/1727/1520 1533/1728/1521
f 1533/1728/1521 1509/1706/1497 1508/1705/1496
f 1509/1706/1497 1533/1728/1521 1534/1729/1522
f 1534/1729/1522 1510/1707/1498 1509/1706/1497
f 1510/1707/1498 1534/1729/1522 1535/1730/1523
f 1535/1730/1523 1511/1708/1499 1510/1707/1498
f 1511/1708/1499 1535/1730/1523 1536/1731/1524
f 1536/1731/1524 1512/1709/1500 1511/1708/1499
f 1512/1709/1500 1536/1731/1524 1537/1732/1525
f 1537/1732/1525 1513/1710/1501 1512/1709/1500
f 1537/1732/1525 1538/1731/1526 1514/1709/1502
f 1514/1709/1502 1513/1710/1501 1537/1732/1525
f 1538/1731/1526 1539/1730/1527 1515/1708/1503
f 1515/1708/1503 1514/1709/1502 1538/1731/1526
f 1515/1711/1503 1539/1733/1527 1540/1734/1528
f 1515/1711/1503 1540/1734/1528 1516/1712/1504
f 1540/1734/1528 1541/1735/1529 1517/1713/1505
f 1517/1713/1505 1516/1712/1504 1540/1734/1528
f 1541/1735/1529 1542/1736/1530 1518/1714/1506
f 1518/1714/1506 1517/1713/1505 1541/1735/1529
f 1542/1736/1530 1519/1715/1507 1495/1693/1483
f 1495/1693/1483 1518/1714/1506 1542/1736/1530
f 1519/1715/1507 1543/1737/1531 1544/1738/1532
f 1544/1738/1532 1520/1716/1508 1519/1715/1507
f 1520/1716/1508 1544/1738/1532 1545/1739/1533
f 1545/1739/1533 1521/1717/1509 1520/1716/1508
f 1521/1717/1509 1545/1739/1533 1546/1740/1534
f 1546/1740/1534 1522/1718/1510 1521/1717/1509
f 1522/1718/1510 1546/1740/1534 1547/1741/1535
f 1547/1741/1535 1523/1719/1511 1522/1718/1510
f 1523/1720/1511 1547/1742/1535 1548/1743/1536
f 1523/1720/1511 1548/1743/1536 1524/1721/1512
f 1524/1721/1512 1548/1743/1536 1549/1744/1537
f 1549/1744/1537 1525/1722/1513 1524/1721/1512
f 1549/1744/1537 1550/1743/1538 1526/1721/1514
f 1526/1721/1514 1525/1722/1513 1549/1744/1537
f 1550/1743/1538 1551/1742/1539 1527/1720/1515
f 1527/1720/1515 1526/1721/1514 1550/1743/1538
f 1551/1742/1539 1552/1745/1540 1528/1723/1516
f 1528/1723/1516 1527/1720/1515 1551/1742/1539
f 1552/1745/1540 1553/1746/1541 1529/1724/1517
f 1529/1724/1517 1528/1723/1516 1552/1745/1540
f 1553/1746/1541 1554/1747/1542 1530/1725/1518
f 1530/1725/1518 1529/1724/1517 1553/1746/1541
f 1554/1747/1542 1555/1748/1543 1531/1726/1519
f 1531/1726/1519 1530/1725/1518 1554/1747/1542
f 1531/1726/1519 1555/1748/1543 1556/1749/1544
f 1556/1749/1544 1532/1727/1520 1531/1726/1519
f 1532/1727/1520 1556/1749/1544 1557/1750/1545
f 1557/1750/1545 1533/1728/1521 1532/1727/1520
f 1533/1728/1521 1557/1750/1545 1558/1751/1546
f 1558/1751/1546 1534/1729/1522 1533/1728/1521
f 1534/1729/1522 1558/1751/1546 1559/1752/1547
f 1559/1752/1547 1535/1730/1523 1534/1729/1522
f 1535/1730/1523 1559/1752/1547 1560/1753/1548
f 1560/1753/1548 1536/1731/1524 1535/1730/1523
f 1536/1731/1524 1560/1753/1548 1561/1754/1549
f 1561/1754/1549 1537/1732/1525 1536/1731/1524
f 1561/1754/1549 1562/1753/1550 1538/1731/1526
f 1538/1731/1526 1537/1732/1525 1561/1754/1549
f 1562/1753/1550 1563/1752/1551 1539/1730/1527
f 1539/1730/1527 1538/1731/1526 1562/1753/1550
f 1539/1733/1527 1563/1755/1551 1564/1756/1552
f 1539/1733/1527 1564/1756/1552 1540/1734/1528
f 1564/1756/1552 1565/1757/1553 1541/1735/1529
f 1541/1735/1529 1540/1734/1528 1564/1756/1552
f 1565/1757/1553 1566/1758/1554 1542/1736/1530
f 1542/1736/1530 1541/1735/1529 1565/1757/1553
f 1566/1758/1554 1543/1737/1531 1519/1715/1507
f 1519/1715/1507 1542/1736/1530 1566/1758/1554
f 1543/1748/1531 1567/1759/1555 1568/1760/1556
f 1543/1748/1531 1568/1760/1556 1544/1747/1532
f 1544/1747/1532 1568/1760/1556 1569/1761/1557
f 1544/1747/1532 1569/1761/1557 1545/1746/1533
f 1545/1746/1533 1569/1761/1557 1570/1762/1558
f 1545/1746/1533 1570/1762/1558 1546/1745/1534
f 1546/1745/1534 1570/1762/1558 1571/1763/1559
f 1546/1745/1534 1571/1763/1559 1547/1742/1535
f 1547/1742/1535 1571/1763/1559 1572/1764/1560
f 1547/1742/1535 1572/1764/1560 1548/1743/1536
f 1548/1743/1536 1572/1764/1560 1573/1765/1561
f 1573/1765/1561 1549/1744/1537 1548/1743/1536
f 1573/1765/1561 1574/1764/1562 1550/1743/1538
f 1550/1743/1538 1549/1744/1537 1573/1765/1561
f 1574/1764/1562 1575/1763/1563 1551/1742/1539
f 1551/1742/1539 1550/1743/1538 1574/1764/1562
f 1575/1763/1563 1576/1762/1564 1552/1745/1540
f 1552/1745/1540 1551/1742/1539 1575/1763/1563
f 1576/1762/1564 1577/1761/1565 1553/1746/1541
f 1553/1746/1541 1552/1745/1540 1576/1762/1564
f 1577/1761/1565 1578/1760/1566 1554/1747/1542
f 1554/1747/1542 1553/1746/1541 1577/1761/1565
f 1578/1760/1566 1579/1759/1567 1555/1748/1543
f 1555/1748/1543 1554/1747/1542 1578/1760/1566
f 1555/1748/1543 1579/1759/1567 1580/1766/1568
f 1580/1766/1568 1556/1749/1544 1555/1748/1543
f 1556/1749/1544 1580/1766/1568 1581/1767/1569
f 1581/1767/1569 1557/1750/1545 1556/1749/1544
f 1557/1750/1545 1581/1767/1569 1582/1768/1570
f 1582/1768/1570 1558/1751/1546 1557/1750/1545
f 1558/1751/1546 1582/1768/1570 1583/1769/1571
f 1583/1769/1571 1559/1752/1547 1558/1751/1546
f 1559/1752/1547 1583/1769/1571 1584/1770/1572
f 1584/1770/1572 1560/1753/1548 1559/1752/1547
f 1560/1753/1548 1584/1770/1572 1585/1771/1573
f 1585/1771/1573 1561/1754/1549 1560/1753/1548
f 1585/1771/1573 1586/1770/1574 1562/1753/1550
f 1562/1753/1550 1561/1754/1549 1585/1771/1573
f 1586/1770/1574 1587/1769/1575 1563/1752/1551
f 1563/1752/1551 1562/1753/1550 1586/1770/1574
f 1587/1769/1575 1588/1768/1576 1564/1751/1552
f 1564/1751/1552 1563/1752/1551 1587/1769/1575
f 1564/1751/1552 1588/1768/1576 1589/1767/1577
f 1564/1751/1552 1589/1767/1577 1565/1750/1553
f 1565/1750/1553 1589/1767/1577 1590/1766/1578
f 1565/1750/1553 1590/1766/1578 1566/1749/1554
f 1566/1749/1554 1590/1766/1578 1567/1759/1555
f 1566/1749/1554 1567/1759/1555 1543/1748/1531
f 1591/1772/1579 1568/1760/1556 1567/1759/1555
f 1591/1772/1579 1569/1761/1557 1568/1760/1556
f 1591/1772/1579 1570/1762/1558 1569/1761/1557
f 1591/1772/1579 1571/1763/1559 1570/1762/1558
f 1591/1772/1579 1572/1764/1560 1571/1763/1559
f 1591/1772/1579 1573/1765/1561 1572/1764/1560
f 1591/1772/1579 1574/1764/1562 1573/1765/1561
f 1591/1772/1579 1575/1763/1563 1574/1764/1562
f 1591/1772/1579 1576/1762/1564 1575/1763/1563
f 1591/1772/1579 1577/1761/1565 1576/1762/1564
f 1591/1772/1579 1578/1760/1566 1577/1761/1565
f 1591/1772/1579 1579/1759/1567 1578/1760/1566
f 1591/1772/1579 1580/1766/1568 1579/1759/1567
f 1591/1772/1579 1581/1767/1569 1580/1766/1568
f 1591/1772/1579 1582/1768/1570 1581/1767/1569
f 1591/1772/1579 1583/1769/1571 1582/1768/1570
f 1591/1772/1579 1584/1770/1572 1583/1769/1571
f 1591/1772/1579 1585/1771/1573 1584/1770/1572
f 1591/1772/1579 1586/1770/1574 1585/1771/1573
f 1591/1772/1579 1587/1769/1575 1586/1770/1574
f 1591/1772/1579 1588/1768/1576 1587/1769/1575
f 1591/1772/1579 1589/1767/1577 1588/1768/1576
f 1591/1772/1579 1590/1766/1578 1589/1767/1577
f 1591/1772/1579 1567/1759/1555 1590/1766/1578
o piernader
v -0.674600 0.299400 0.157800
v -0.375700 0.296400 0.207800
v -0.335300 0.495100 -0.132900
v -0.199000 0.274100 0.102800
v -0.081600 0.273200 -0.037400
v -0.268400 0.488300 -0.173300
v -0.238500 0.299000 -0.502700
v -0.366500 0.450600 -0.440400
v -0.358100 0.487600 -0.438600
v -0.918400 -0.083400 0.300400
v -0.627300 -0.161800 0.524100
v -0.549000 0.036300 0.411900
v -0.421800 -0.899900 0.375800
v -0.393000 -1.339400 -0.106800
v -0.114500 -0.719600 0.319700
v -0.383000 -1.337200 -0.158500
v -0.393500 -1.336800 -0.179200
v -0.136200 -0.699900 -0.214100
v -0.452300 -0.874000 -0.359500
v -0.696000 -0.124300 -0.626500
v -0.269000 0.159700 -0.501300
v -0.961700 -0.291400 0.263900
v -0.926400 -0.324900 0.237800
v -0.931000 -0.167300 0.324600
v -0.873900 -0.977500 0.198100
v -0.499800 -1.337000 -0.114100
v -0.467200 -1.337600 -0.103200
v -0.527000 -1.021300 -0.289500
v -0.867500 -0.403400 -0.434300
v -0.791400 -0.285800 -0.590300
v -0.921200 -0.364200 -0.397200
v -0.878800 -0.378000 -0.373200
v -0.934500 -0.255300 -0.421700
v -0.998000 -0.216200 -0.254000
v -0.972500 -0.403300 -0.260000
v -0.882500 -1.007000 -0.139800
v -0.938400 -0.975600 -0.009800
v -0.506700 -1.335600 -0.168100
v -0.514300 -1.336100 -0.138100
v -0.908500 -0.984800 0.065400
v -0.986700 -0.373900 0.141400
v -1.015500 -0.309800 0.102700
v -0.926500 -0.145200 0.338400
v -0.552000 0.519600 0.056700
v -0.289400 0.478800 -0.403000
v -0.350900 0.524500 -0.435000
v -0.270000 0.526500 -0.405000
v -0.408900 0.507100 -0.445600
v -0.863900 0.038900 0.276200
v -0.248000 -0.009400 0.520900
v -0.038600 0.268600 -0.206200
v -0.067900 -0.714500 0.190600
v -0.379200 -1.338700 -0.119800
v -0.467900 0.193400 -0.590500
v -0.761800 -0.256700 0.481800
v -0.414700 -1.338900 -0.097500
v -0.507600 -0.991500 0.315300
v -0.415700 -1.336500 -0.188400
v -0.442700 -1.336200 -0.193200
v -0.639500 -1.008800 -0.297600
v -0.483400 -1.335700 -0.185600
v -0.447800 0.498900 -0.115200
v -0.216400 0.489100 -0.327700
v -0.104600 0.285700 -0.370800
v -0.228200 0.483400 -0.360400
v -0.077100 -0.705100 -0.110900
v -0.376200 -1.337700 -0.140600
v -0.700600 0.199600 -0.449700
v -0.862100 -0.112900 -0.462500
v -0.436800 -1.338200 -0.099500
v -0.625300 -0.978900 0.284000
v -0.582900 0.474300 -0.444600
v -1.037400 -0.393400 -0.078900
v -0.663500 0.494500 -0.250800
v -0.665000 0.513100 -0.155500
v -0.322000 0.526400 -0.419200
v -0.254400 0.520600 -0.383100
v -0.213500 0.498600 -0.228200
v -0.206700 0.487000 -0.264300
v -0.418500 0.480300 -0.442400
v -0.478800 0.455000 -0.451500
v -0.470200 0.509400 -0.446800
vn -0.1080 0.6364 0.7638
vn 0.2186 0.6461 0.7313
vn 0.2492 0.8023 0.5424
vn 0.4712 0.6972 0.5403
vn 0.8217 0.4485 0.3517
vn 0.4231 0.7437 0.5176
vn 0.4996 0.2295 -0.8353
vn -0.1128 0.1937 -0.9745
vn 0.2044 0.1224 -0.9712
vn -0.4578 0.3852 0.8013
vn -0.2232 0.1871 0.9566
vn -0.2174 0.6451 0.7325
vn 0.1352 -0.4656 0.8746
vn 0.4424 -0.6639 0.6029
vn 0.7202 -0.2844 0.6327
vn 0.8414 -0.3722 -0.3917
vn 0.6001 -0.3000 -0.7416
vn 0.7149 -0.2281 -0.6610
vn 0.2377 -0.3184 -0.9177
vn -0.1994 0.1130 -0.9734
vn 0.5279 -0.1468 -0.8365
vn -0.5428 -0.3841 0.7469
vn -0.5416 -0.4635 0.7013
vn -0.6344 -0.0106 0.7729
vn -0.6387 -0.4564 0.6194
vn -0.3795 -0.7925 0.4774
vn -0.1515 -0.7555 0.6374
vn -0.0531 -0.3316 -0.9419
vn -0.6744 -0.4031 -0.6186
vn -0.4331 -0.1589 -0.8872
vn -0.9271 -0.0896 -0.3639
vn -0.2900 0.7912 -0.5385
vn -0.8254 -0.0214 -0.5642
vn -0.9141 0.2503 -0.3189
vn -0.9002 -0.1879 -0.3929
vn -0.7320 -0.5072 -0.4550
vn -0.8975 -0.4397 0.0340
vn -0.5924 -0.6250 -0.5084
vn -0.6311 -0.7745 0.0428
vn -0.8202 -0.5154 0.2485
vn -0.8983 -0.2142 0.3835
vn -0.9829 0.0981 0.1558
vn -0.9094 0.4122 0.0555
vn -0.8149 0.4739 0.3338
vn 0.5163 0.1765 -0.8380
vn 0.3278 0.0347 -0.9441
vn 0.3672 0.7586 -0.5382
vn 0.0714 -0.0986 -0.9926
vn -0.3173 0.4549 0.8321
vn 0.4316 0.3667 0.8241
vn 0.9576 0.2807 -0.0644
vn 0.9557 -0.2298 0.1839
vn 0.7628 -0.5680 0.3091
vn -0.0351 0.2473 -0.9683
vn -0.5158 -0.0821 0.8527
vn 0.1127 -0.7387 0.6646
vn -0.1011 -0.5952 0.7972
vn 0.2908 -0.1854 -0.9387
vn 0.0537 -0.2739 -0.9602
vn -0.2418 -0.3513 -0.9045
vn -0.3172 -0.4502 -0.8347
vn 0.1279 0.7472 0.6522
vn 0.8005 0.5390 -0.2621
vn 0.8192 0.1995 -0.5377
vn 0.6642 0.3332 -0.6692
vn 0.9387 -0.2360 -0.2514
vn 0.8872 -0.4383 -0.1442
vn -0.4395 0.3526 -0.8262
vn -0.6453 0.2573 -0.7193
vn -0.0879 -0.7481 0.6577
vn -0.2770 -0.4359 0.8563
vn -0.8094 0.3580 -0.4655
vn -0.9989 0.0025 -0.0477
vn -0.8934 0.3919 -0.2196
vn -0.8895 0.4301 0.1543
vn 0.0494 0.9810 -0.1878
vn -0.0885 0.9442 0.3174
vn 0.7267 0.6389 0.2524
vn 0.8201 0.5715 -0.0276
vn 0.0701 -0.0121 -0.9975
vn 0.0960 -0.0565 -0.9938
vn 0.0148 -0.1238 -0.9922
vt -0.106200 0.892100
vt 0.112300 0.890900
vt 0.347400 0.972900
vt 0.207500 0.881700
vt 0.267400 0.881300
vt 0.345800 0.970000
vt 0.416600 0.892000
vt 0.440900 0.954500
vt 0.438200 0.969700
vt -0.139200 0.734200
vt -0.021800 0.701900
vt 0.001400 0.783600
vt 0.052100 0.397400
vt 0.355700 0.216100
vt 0.148200 0.471700
vt 0.379600 0.217000
vt 0.393600 0.217100
vt 0.332800 0.479900
vt 0.460100 0.408100
vt 0.533300 0.717300
vt 0.423300 0.834500
vt 0.842100 0.648400
vt 0.840700 0.634600
vt 0.864500 0.699600
vt 0.837700 0.365400
vt 0.439600 0.217100
vt 0.402200 0.216800
vt 0.487200 0.347300
vt 0.593700 0.602200
vt 0.557100 0.650700
vt 0.612400 0.618300
vt 0.607600 0.612700
vt 0.610600 0.663300
vt 0.660500 0.679400
vt 0.654500 0.602200
vt 0.678200 0.353200
vt 0.740800 0.366100
vt 0.462200 0.217600
vt 0.462100 0.217400
vt 0.775300 0.362300
vt 0.798800 0.614300
vt -0.217300 0.640800
vt -0.131200 0.708700
vt 0.002300 0.982900
vt 0.413900 0.966100
vt 0.435700 0.985000
vt 0.409200 0.985800
vt 0.454000 0.977800
vt -0.133400 0.784600
vt 0.081900 0.764700
vt 0.317000 0.879400
vt 0.190700 0.473900
vt 0.357300 0.216300
vt 0.478900 0.848400
vt 0.936700 0.662700
vt 0.978200 0.701900
vt 0.860800 0.734200
vt 0.360700 0.216300
vt 0.022200 0.359600
vt -0.063300 0.662700
vt 0.408400 0.217300
vt 0.425200 0.217400
vt 0.541300 0.352400
vt 0.448900 0.217600
vt 0.394200 0.974400
vt 0.380100 0.970400
vt 0.366800 0.886500
vt 0.390200 0.968000
vt 0.292200 0.477700
vt 0.367600 0.216800
vt 0.546900 0.851000
vt 0.588000 0.722000
vt 0.376000 0.216600
vt -0.039300 0.364800
vt 0.960700 0.364800
vt 0.510000 0.964300
vt 0.719100 0.606300
vt 0.560500 0.972600
vt 0.868800 0.708700
vt 0.782700 0.640800
vt 0.590200 0.980300
vt -0.409800 0.980300
vt 0.425400 0.985700
vt 0.401200 0.983400
vt 0.352100 0.974300
vt 0.361500 0.969500
vt 0.456600 0.966700
vt 0.476100 0.956300
vt 0.473200 0.978800
vt -0.159300 0.634600
s 1
usemtl lambert3SG
f 1592/1773/1580 1593/1774/1581 1594/1775/1582
f 1595/1776/1583 1596/1777/1584 1597/1778/1585
f 1598/1779/1586 1599/1780/1587 1600/1781/1588
f 1601/1782/1589 1602/1783/1590 1603/1784/1591
f 1604/1785/1592 1605/1786/1593 1606/1787/1594
f 1607/1788/1595 1608/1789/1596 1609/1790/1597
f 1610/1791/1598 1611/1792/1599 1612/1793/1600
f 1613/1794/1601 1614/1795/1602 1615/1796/1603
f 1616/1797/1604 1617/1798/1605 1618/1799/1606
f 1619/1800/1607 1620/1801/1608 1621/1802/1609
f 1622/1803/1610 1623/1804/1611 1624/1805/1612
f 1625/1806/1613 1623/1804/1611 1622/1803/1610
f 1626/1807/1614 1620/1801/1608 1627/1808/1615
f 1628/1809/1616 1629/1810/1617 1630/1811/1618
f 1631/1812/1619 1617/1798/1605 1616/1797/1604
f 1632/1813/1620 1614/1795/1602 1613/1794/1601
f 1633/1814/1621 1634/1815/1622 1635/1816/1623
f 1636/1817/1624 1637/1818/1625 1638/1819/1626
f 1639/1820/1627 1637/1818/1625 1600/1781/1588
f 1640/1821/1628 1593/1774/1581 1592/1773/1580
f 1641/1822/1629 1596/1777/1584 1595/1776/1583
f 1642/1823/1630 1596/1777/1584 1643/1824/1631
f 1606/1787/1594 1605/1786/1593 1644/1825/1632
f 1645/1826/1633 1599/1780/1587 1598/1779/1586
f 1646/1827/1634 1602/1828/1590 1601/1829/1589
f 1647/1830/1635 1605/1786/1593 1648/1831/1636
f 1604/1785/1592 1602/1783/1590 1646/1832/1634
f 1649/1833/1637 1650/1834/1638 1651/1835/1639
f 1651/1835/1639 1650/1834/1638 1652/1836/1640
f 1592/1773/1580 1594/1775/1582 1653/1837/1641
f 1594/1775/1582 1593/1774/1581 1595/1776/1583
f 1595/1776/1583 1597/1778/1585 1594/1775/1582
f 1654/1838/1642 1655/1839/1643 1656/1840/1644
f 1600/1781/1588 1637/1818/1625 1636/1817/1624
f 1636/1817/1624 1655/1839/1643 1598/1779/1586
f 1598/1779/1586 1600/1781/1588 1636/1817/1624
f 1603/1784/1591 1593/1774/1581 1640/1821/1628
f 1601/1782/1589 1603/1784/1591 1640/1821/1628
f 1606/1787/1594 1596/1777/1584 1641/1822/1629
f 1641/1822/1629 1602/1783/1590 1604/1785/1592
f 1604/1785/1592 1606/1787/1594 1641/1822/1629
f 1609/1790/1597 1655/1839/1643 1657/1841/1645
f 1657/1841/1645 1658/1842/1646 1607/1788/1595
f 1607/1788/1595 1609/1790/1597 1657/1841/1645
f 1612/1793/1600 1655/1839/1643 1609/1790/1597
f 1609/1790/1597 1608/1789/1596 1610/1791/1598
f 1610/1791/1598 1612/1793/1600 1609/1790/1597
f 1659/1843/1647 1599/1780/1587 1645/1826/1633
f 1645/1826/1633 1611/1792/1599 1660/1844/1648
f 1660/1844/1648 1659/1843/1647 1645/1826/1633
f 1618/1799/1606 1661/1845/1649 1662/1846/1650
f 1662/1847/1650 1614/1795/1602 1616/1797/1604
f 1616/1797/1604 1618/1799/1606 1662/1846/1650
f 1621/1802/1609 1611/1792/1599 1610/1791/1598
f 1610/1791/1598 1608/1789/1596 1619/1800/1607
f 1619/1800/1607 1621/1802/1609 1610/1791/1598
f 1624/1805/1612 1611/1792/1599 1621/1802/1609
f 1621/1802/1609 1620/1801/1608 1622/1803/1610
f 1622/1803/1610 1624/1805/1612 1621/1802/1609
f 1663/1848/1651 1623/1804/1611 1625/1806/1613
f 1625/1806/1613 1664/1849/1652 1665/1850/1653
f 1665/1850/1653 1663/1848/1651 1625/1806/1613
f 1622/1803/1610 1620/1801/1608 1626/1807/1614
f 1626/1807/1614 1664/1849/1652 1625/1806/1613
f 1625/1806/1613 1622/1803/1610 1626/1807/1614
f 1627/1808/1615 1629/1810/1617 1628/1809/1616
f 1628/1809/1616 1664/1849/1652 1626/1807/1614
f 1626/1807/1614 1627/1808/1615 1628/1809/1616
f 1630/1811/1618 1617/1798/1605 1631/1812/1619
f 1631/1812/1619 1664/1849/1652 1628/1809/1616
f 1628/1809/1616 1630/1811/1618 1631/1812/1619
f 1616/1797/1604 1614/1795/1602 1632/1813/1620
f 1632/1813/1620 1664/1849/1652 1631/1812/1619
f 1631/1812/1619 1616/1797/1604 1632/1813/1620
f 1613/1794/1601 1634/1851/1622 1633/1852/1621
f 1633/1852/1621 1664/1849/1652 1632/1813/1620
f 1632/1813/1620 1613/1794/1601 1633/1852/1621
f 1666/1853/1654 1664/1849/1652 1633/1852/1621
f 1633/1814/1621 1635/1816/1623 1666/1854/1654
f 1665/1850/1653 1664/1849/1652 1666/1853/1654
f 1638/1819/1626 1637/1818/1625 1667/1855/1655
f 1668/1856/1656 1638/1819/1626 1667/1855/1655
f 1597/1778/1585 1596/1777/1584 1669/1857/1657
f 1670/1858/1658 1596/1777/1584 1642/1823/1630
f 1642/1823/1630 1655/1839/1643 1654/1838/1642
f 1654/1838/1642 1670/1858/1658 1642/1823/1630
f 1669/1857/1657 1596/1777/1584 1670/1858/1658
f 1656/1840/1644 1655/1839/1643 1636/1817/1624
f 1636/1817/1624 1638/1819/1626 1656/1840/1644
f 1671/1859/1659 1599/1780/1587 1672/1860/1660
f 1600/1781/1588 1599/1780/1587 1671/1859/1659
f 1671/1859/1659 1673/1861/1661 1639/1820/1627
f 1639/1820/1627 1600/1781/1588 1671/1859/1659
f 1595/1776/1583 1593/1774/1581 1603/1784/1591
f 1603/1784/1591 1602/1783/1590 1641/1822/1629
f 1641/1822/1629 1595/1776/1583 1603/1784/1591
f 1643/1824/1631 1658/1842/1646 1657/1841/1645
f 1657/1841/1645 1655/1839/1643 1642/1823/1630
f 1642/1823/1630 1643/1824/1631 1657/1841/1645
f 1644/1825/1632 1658/1842/1646 1643/1824/1631
f 1643/1824/1631 1596/1777/1584 1606/1787/1594
f 1606/1787/1594 1644/1825/1632 1643/1824/1631
f 1598/1779/1586 1655/1839/1643 1612/1793/1600
f 1612/1793/1600 1611/1792/1599 1645/1826/1633
f 1645/1826/1633 1598/1779/1586 1612/1793/1600
f 1672/1860/1660 1599/1780/1587 1659/1843/1647
f 1615/1796/1603 1614/1795/1602 1646/1827/1634
f 1646/1827/1634 1601/1829/1589 1615/1796/1603
f 1648/1831/1636 1614/1862/1602 1662/1846/1650
f 1662/1846/1650 1661/1845/1649 1647/1830/1635
f 1647/1830/1635 1648/1831/1636 1662/1846/1650
f 1646/1832/1634 1614/1862/1602 1648/1831/1636
f 1648/1831/1636 1605/1786/1593 1604/1785/1592
f 1604/1785/1592 1646/1832/1634 1648/1831/1636
f 1651/1835/1639 1620/1801/1608 1619/1800/1607
f 1619/1800/1607 1608/1789/1596 1649/1833/1637
f 1649/1833/1637 1651/1835/1639 1619/1800/1607
f 1652/1836/1640 1629/1810/1617 1627/1808/1615
f 1627/1808/1615 1620/1801/1608 1651/1835/1639
f 1651/1835/1639 1652/1836/1640 1627/1808/1615
f 1660/1844/1648 1611/1792/1599 1624/1805/1612
o piernaizq
v 0.325400 0.299400 0.157800
v 0.624300 0.296400 0.207800
v 0.664700 0.495100 -0.132900
v 0.801000 0.274100 0.102800
v 0.918400 0.273200 -0.037400
v 0.731600 0.488300 -0.173300
v 0.761500 0.299000 -0.502700
v 0.633500 0.450600 -0.440400
v 0.641900 0.487600 -0.438600
v 0.081600 -0.083400 0.300400
v 0.372700 -0.161800 0.524100
v 0.451000 0.036300 0.411900
v 0.578200 -0.899900 0.375800
v 0.607000 -1.339400 -0.106800
v 0.885500 -0.719600 0.319700
v 0.617000 -1.337200 -0.158500
v 0.606500 -1.336800 -0.179200
v 0.863800 -0.699900 -0.214100
v 0.547700 -0.874000 -0.359500
v 0.304000 -0.124300 -0.626500
v 0.731000 0.159700 -0.501300
v 0.038300 -0.291400 0.263900
v 0.073600 -0.324900 0.237800
v 0.069000 -0.167300 0.324600
v 0.126100 -0.977500 0.198100
v 0.500200 -1.337000 -0.114100
v 0.532800 -1.337600 -0.103200
v 0.473000 -1.021300 -0.289500
v 0.132500 -0.403400 -0.434300
v 0.208600 -0.285800 -0.590300
v 0.078800 -0.364200 -0.397200
v 0.121200 -0.378000 -0.373200
v 0.065500 -0.255300 -0.421700
v 0.002000 -0.216200 -0.254000
v 0.027500 -0.403300 -0.260000
v 0.117500 -1.007000 -0.139800
v 0.061600 -0.975600 -0.009800
v 0.493300 -1.335600 -0.168100
v 0.485700 -1.336100 -0.138100
v 0.091500 -0.984800 0.065400
v 0.013300 -0.373900 0.141400
v -0.015500 -0.309800 0.102700
v 0.073500 -0.145200 0.338400
v 0.448000 0.519600 0.056700
v 0.710600 0.478800 -0.403000
v 0.649100 0.524500 -0.435000
v 0.730000 0.526500 -0.405000
v 0.591100 0.507100 -0.445600
v 0.136100 0.038900 0.276200
v 0.752000 -0.009400 0.520900
v 0.961400 0.268600 -0.206200
v 0.932100 -0.714500 0.190600
v 0.620800 -1.338700 -0.119800
v 0.532100 0.193400 -0.590500
v 0.238200 -0.256700 0.481800
v 0.585300 -1.338900 -0.097500
v 0.492400 -0.991500 0.315300
v 0.584300 -1.336500 -0.188400
v 0.557300 -1.336200 -0.193200
v 0.360500 -1.008800 -0.297600
v 0.516600 -1.335700 -0.185600
v 0.552200 0.498900 -0.115200
v 0.783600 0.489100 -0.327700
v 0.895400 0.285700 -0.370800
v 0.771800 0.483400 -0.360400
v 0.922900 -0.705100 -0.110900
v 0.623800 -1.337700 -0.140600
v 0.299400 0.199600 -0.449700
v 0.137900 -0.112900 -0.462500
v 0.563200 -1.338200 -0.099500
v 0.374700 -0.978900 0.284000
v 0.417100 0.474300 -0.444600
v -0.037400 -0.393400 -0.078900
v 0.336500 0.494500 -0.250800
v 0.335000 0.513100 -0.155500
v 0.678000 0.526400 -0.419200
v 0.745600 0.520600 -0.383100
v 0.786500 0.498600 -0.228200
v 0.793300 0.487000 -0.264300
v 0.581500 0.480300 -0.442400
v 0.521200 0.455000 -0.451500
v 0.529800 0.509400 -0.446800
vn -0.1080 0.6364 0.7638
vn 0.2186 0.6461 0.7313
vn 0.2492 0.8023 0.5424
vn 0.4712 0.6972 0.5403
vn 0.8217 0.4485 0.3517
vn 0.4231 0.7437 0.5176
vn 0.4996 0.2295 -0.8353
vn -0.1128 0.1937 -0.9745
vn 0.2044 0.1224 -0.9712
vn -0.4578 0.3852 0.8013
vn -0.2232 0.1871 0.9566
vn -0.2174 0.6451 0.7325
vn 0.1352 -0.4656 0.8746
vn 0.4424 -0.6639 0.6029
vn 0.7202 -0.2844 0.6327
vn 0.8414 -0.3722 -0.3917
vn 0.6001 -0.3000 -0.7416
vn 0.7149 -0.2281 -0.6610
vn 0.2377 -0.3184 -0.9177
vn -0.1994 0.1130 -0.9734
vn 0.5279 -0.1468 -0.8365
vn -0.5428 -0.3841 0.7469
vn -0.5416 -0.4635 0.7013
vn -0.6344 -0.0106 0.7729
vn -0.6387 -0.4564 0.6194
vn -0.3795 -0.7925 0.4774
vn -0.1515 -0.7555 0.6374
vn -0.0531 -0.3316 -0.9419
vn -0.6744 -0.4031 -0.6186
vn -0.4331 -0.1589 -0.8872
vn -0.9271 -0.0896 -0.3639
vn -0.2900 0.7912 -0.5385
vn -0.8254 -0.0214 -0.5642
vn -0.9141 0.2503 -0.3189
vn -0.9002 -0.1879 -0.3929
vn -0.7320 -0.5072 -0.4550
vn -0.8975 -0.4397 0.0340
vn -0.5924 -0.6250 -0.5084
vn -0.6311 -0.7745 0.0428
vn -0.8202 -0.5154 0.2485
vn -0.8983 -0.2142 0.3835
vn -0.9829 0.0981 0.1558
vn -0.9094 0.4122 0.0555
vn -0.8149 0.4739 0.3338
vn 0.5163 0.1765 -0.8380
vn 0.3278 0.0347 -0.9441
vn 0.3672 0.7586 -0.5382
vn 0.0714 -0.0986 -0.9926
vn -0.3173 0.4549 0.8321
vn 0.4316 0.3667 0.8241
vn 0.9576 0.2807 -0.0644
vn 0.9557 -0.2298 0.1839
vn 0.7628 -0.5680 0.3091
vn -0.0351 0.2473 -0.9683
vn -0.5158 -0.0821 0.8527
vn 0.1127 -0.7387 0.6646
vn -0.1011 -0.5952 0.7972
vn 0.2908 -0.1854 -0.9387
vn 0.0537 -0.2739 -0.9602
vn -0.2418 -0.3513 -0.9045
vn -0.3172 -0.4502 -0.8347
vn 0.1279 0.7472 0.6522
vn 0.8005 0.5390 -0.2621
vn 0.8192 0.1995 -0.5377
vn 0.6642 0.3332 -0.6692
vn 0.9387 -0.2360 -0.2514
vn 0.8872 -0.4383 -0.1442
vn -0.4395 0.3526 -0.8262
vn -0.6453 0.2573 -0.7193
vn -0.0879 -0.7481 0.6577
vn -0.2770 -0.4359 0.8563
vn -0.8094 0.3580 -0.4655
vn -0.9989 0.0025 -0.0477
vn -0.8934 0.3919 -0.2196
vn -0.8895 0.4301 0.1543
vn 0.0494 0.9810 -0.1878
vn -0.0885 0.9442 0.3174
vn 0.7267 0.6389 0.2524
vn 0.8201 0.5715 -0.0276
vn 0.0701 -0.0121 -0.9975
vn 0.0960 -0.0565 -0.9938
vn 0.0148 -0.1238 -0.9922
vt -0.106200 0.892100
vt 0.112300 0.890900
vt 0.347400 0.972900
vt 0.207500 0.881700
vt 0.267400 0.881300
vt 0.345800 0.970000
vt 0.416600 0.892000
vt 0.440900 0.954500
vt 0.438200 0.969700
vt -0.139200 0.734200
vt -0.021800 0.701900
vt 0.001400 0.783600
vt 0.052100 0.397400
vt 0.355700 0.216100
vt 0.148200 0.471700
vt 0.379600 0.217000
vt 0.393600 0.217100
vt 0.332800 0.479900
vt 0.460100 0.408100
vt 0.533300 0.717300
vt 0.423300 0.834500
vt 0.842100 0.648400
vt 0.840700 0.634600
vt 0.864500 0.699600
vt 0.837700 0.365400
vt 0.439600 0.217100
vt 0.402200 0.216800
vt 0.487200 0.347300
vt 0.593700 0.602200
vt 0.557100 0.650700
vt 0.612400 0.618300
vt 0.607600 0.612700
vt 0.610600 0.663300
vt 0.660500 0.679400
vt 0.654500 0.602200
vt 0.678200 0.353200
vt 0.740800 0.366100
vt 0.462200 0.217600
vt 0.462100 0.217400
vt 0.775300 0.362300
vt 0.798800 0.614300
vt -0.217300 0.640800
vt -0.131200 0.708700
vt 0.002300 0.982900
vt 0.413900 0.966100
vt 0.435700 0.985000
vt 0.409200 0.985800
vt 0.454000 0.977800
vt -0.133400 0.784600
vt 0.081900 0.764700
vt 0.317000 0.879400
vt 0.190700 0.473900
vt 0.357300 0.216300
vt 0.478900 0.848400
vt 0.936700 0.662700
vt 0.978200 0.701900
vt 0.860800 0.734200
vt 0.360700 0.216300
vt 0.022200 0.359600
vt -0.063300 0.662700
vt 0.408400 0.217300
vt 0.425200 0.217400
vt 0.541300 0.352400
vt 0.448900 0.217600
vt 0.394200 0.974400
vt 0.380100 0.970400
vt 0.366800 0.886500
vt 0.390200 0.968000
vt 0.292200 0.477700
vt 0.367600 0.216800
vt 0.546900 0.851000
vt 0.588000 0.722000
vt 0.376000 0.216600
vt -0.039300 0.364800
vt 0.960700 0.364800
vt 0.510000 0.964300
vt 0.719100 0.606300
vt 0.560500 0.972600
vt 0.868800 0.708700
vt 0.782700 0.640800
vt 0.590200 0.980300
vt -0.409800 0.980300
vt 0.425400 0.985700
vt 0.401200 0.983400
vt 0.352100 0.974300
vt 0.361500 0.969500
vt 0.456600 0.966700
vt 0.476100 0.956300
vt 0.473200 0.978800
vt -0.159300 0.634600
s 1
usemtl lambert2SG
f 1674/1863/1662 1675/1864/1663 1676/1865/1664
f 1677/1866/1665 1678/1867/1666 1679/1868/1667
f 1680/1869/1668 1681/1870/1669 1682/1871/1670
f 1683/1872/1671 1684/1873/1672 1685/1874/1673
f 1686/1875/1674 1687/1876/1675 1688/1877/1676
f 1689/1878/1677 1690/1879/1678 1691/1880/1679
f 1692/1881/1680 1693/1882/1681 1694/1883/1682
f 1695/1884/1683 1696/1885/1684 1697/1886/1685
f 1698/1887/1686 1699/1888/1687 1700/1889/1688
f 1701/1890/1689 1702/1891/1690 1703/1892/1691
f 1704/1893/1692 1705/1894/1693 1706/1895/1694
f 1707/1896/1695 1705/1894/1693 1704/1893/1692
f 1708/1897/1696 1702/1891/1690 1709/1898/1697
f 1710/1899/1698 1711/1900/1699 1712/1901/1700
f 1713/1902/1701 1699/1888/1687 1698/1887/1686
f 1714/1903/1702 1696/1885/1684 1695/1884/1683
f 1715/1904/1703 1716/1905/1704 1717/1906/1705
f 1718/1907/1706 1719/1908/1707 1720/1909/1708
f 1721/1910/1709 1719/1908/1707 1682/1871/1670
f 1722/1911/1710 1675/1864/1663 1674/1863/1662
f 1723/1912/1711 1678/1867/1666 1677/1866/1665
f 1724/1913/1712 1678/1867/1666 1725/1914/1713
f 1688/1877/1676 1687/1876/1675 1726/1915/1714
f 1727/1916/1715 1681/1870/1669 1680/1869/1668
f 1728/1917/1716 1684/1918/1672 1683/1919/1671
f 1729/1920/1717 1687/1876/1675 1730/1921/1718
f 1686/1875/1674 1684/1873/1672 1728/1922/1716
f 1731/1923/1719 1732/1924/1720 1733/1925/1721
f 1733/1925/1721 1732/1924/1720 1734/1926/1722
f 1674/1863/1662 1676/1865/1664 1735/1927/1723
f 1676/1865/1664 1675/1864/1663 1677/1866/1665
f 1677/1866/1665 1679/1868/1667 1676/1865/1664
f 1736/1928/1724 1737/1929/1725 1738/1930/1726
f 1682/1871/1670 1719/1908/1707 1718/1907/1706
f 1718/1907/1706 1737/1929/1725 1680/1869/1668
f 1680/1869/1668 1682/1871/1670 1718/1907/1706
f 1685/1874/1673 1675/1864/1663 1722/1911/1710
f 1683/1872/1671 1685/1874/1673 1722/1911/1710
f 1688/1877/1676 1678/1867/1666 1723/1912/1711
f 1723/1912/1711 1684/1873/1672 1686/1875/1674
f 1686/1875/1674 1688/1877/1676 1723/1912/1711
f 1691/1880/1679 1737/1929/1725 1739/1931/1727
f 1739/1931/1727 1740/1932/1728 1689/1878/1677
f 1689/1878/1677 1691/1880/1679 1739/1931/1727
f 1694/1883/1682 1737/1929/1725 1691/1880/1679
f 1691/1880/1679 1690/1879/1678 1692/1881/1680
f 1692/1881/1680 1694/1883/1682 1691/1880/1679
f 1741/1933/1729 1681/1870/1669 1727/1916/1715
f 1727/1916/1715 1693/1882/1681 1742/1934/1730
f 1742/1934/1730 1741/1933/1729 1727/1916/1715
f 1700/1889/1688 1743/1935/1731 1744/1936/1732
f 1744/1937/1732 1696/1885/1684 1698/1887/1686
f 1698/1887/1686 1700/1889/1688 1744/1936/1732
f 1703/1892/1691 1693/1882/1681 1692/1881/1680
f 1692/1881/1680 1690/1879/1678 1701/1890/1689
f 1701/1890/1689 1703/1892/1691 1692/1881/1680
f 1706/1895/1694 1693/1882/1681 1703/1892/1691
f 1703/1892/1691 1702/1891/1690 1704/1893/1692
f 1704/1893/1692 1706/1895/1694 1703/1892/1691
f 1745/1938/1733 1705/1894/1693 1707/1896/1695
f 1707/1896/1695 1746/1939/1734 1747/1940/1735
f 1747/1940/1735 1745/1938/1733 1707/1896/1695
f 1704/1893/1692 1702/1891/1690 1708/1897/1696
f 1708/1897/1696 1746/1939/1734 1707/1896/1695
f 1707/1896/1695 1704/1893/1692 1708/1897/1696
f 1709/1898/1697 1711/1900/1699 1710/1899/1698
f 1710/1899/1698 1746/1939/1734 1708/1897/1696
f 1708/1897/1696 1709/1898/1697 1710/1899/1698
f 1712/1901/1700 1699/1888/1687 1713/1902/1701
f 1713/1902/1701 1746/1939/1734 1710/1899/1698
f 1710/1899/1698 1712/1901/1700 1713/1902/1701
f 1698/1887/1686 1696/1885/1684 1714/1903/1702
f 1714/1903/1702 1746/1939/1734 1713/1902/1701
f 1713/1902/1701 1698/1887/1686 1714/1903/1702
f 1695/1884/1683 1716/1941/1704 1715/1942/1703
f 1715/1942/1703 1746/1939/1734 1714/1903/1702
f 1714/1903/1702 1695/1884/1683 1715/1942/1703
f 1748/1943/1736 1746/1939/1734 1715/1942/1703
f 1715/1904/1703 1717/1906/1705 1748/1944/1736
f 1747/1940/1735 1746/1939/1734 1748/1943/1736
f 1720/1909/1708 1719/1908/1707 1749/1945/1737
f 1750/1946/1738 1720/1909/1708 1749/1945/1737
f 1679/1868/1667 1678/1867/1666 1751/1947/1739
f 1752/1948/1740 1678/1867/1666 1724/1913/1712
f 1724/1913/1712 1737/1929/1725 1736/1928/1724
f 1736/1928/1724 1752/1948/1740 1724/1913/1712
f 1751/1947/1739 1678/1867/1666 1752/1948/1740
f 1738/1930/1726 1737/1929/1725 1718/1907/1706
f 1718/1907/1706 1720/1909/1708 1738/1930/1726
f 1753/1949/1741 1681/1870/1669 1754/1950/1742
f 1682/1871/1670 1681/1870/1669 1753/1949/1741
f 1753/1949/1741 1755/1951/1743 1721/1910/1709
f 1721/1910/1709 1682/1871/1670 1753/1949/1741
f 1677/1866/1665 1675/1864/1663 1685/1874/1673
f 1685/1874/1673 1684/1873/1672 1723/1912/1711
f 1723/1912/1711 1677/1866/1665 1685/1874/1673
f 1725/1914/1713 1740/1932/1728 1739/1931/1727
f 1739/1931/1727 1737/1929/1725 1724/1913/1712
f 1724/1913/1712 1725/1914/1713 1739/1931/1727
f 1726/1915/1714 1740/1932/1728 1725/1914/1713
f 1725/1914/1713 1678/1867/1666 1688/1877/1676
f 1688/1877/1676 1726/1915/1714 1725/1914/1713
f 1680/1869/1668 1737/1929/1725 1694/1883/1682
f 1694/1883/1682 1693/1882/1681 1727/1916/1715
f 1727/1916/1715 1680/1869/1668 1694/1883/1682
f 1754/1950/1742 1681/1870/1669 1741/1933/1729
f 1697/1886/1685 1696/1885/1684 1728/1917/1716
f 1728/1917/1716 1683/1919/1671 1697/1886/1685
f 1730/1921/1718 1696/1952/1684 1744/1936/1732
f 1744/1936/1732 1743/1935/1731 1729/1920/1717
f 1729/1920/1717 1730/1921/1718 1744/1936/1732
f 1728/1922/1716 1696/1952/1684 1730/1921/1718
f 1730/1921/1718 1687/1876/1675 1686/1875/1674
f 1686/1875/1674 1728/1922/1716 1730/1921/1718
f 1733/1925/1721 1702/1891/1690 1701/1890/1689
f 1701/1890/1689 1690/1879/1678 1731/1923/1719
f 1731/1923/1719 1733/1925/1721 1701/1890/1689
f 1734/1926/1722 1711/1900/1699 1709/1898/1697
f 1709/1898/1697 1702/1891/1690 1733/1925/1721
f 1733/1925/1721 1734/1926/1722 1709/1898/1697
f 1742/1934/1730 1693/1882/1681 1706/1895/1694
o bota
v -0.905200 -1.839200 0.722900
v -0.734500 -1.839800 0.932500
v -0.734100 -1.763800 0.916000
v -0.560500 -1.839800 0.977700
v -0.386600 -1.839800 0.932500
v -0.387000 -1.763800 0.916000
v -0.215900 -1.840300 0.722900
v -0.140800 -1.915400 0.453900
v -0.222400 -1.754200 0.694400
v -0.096100 -1.839600 0.161300
v -0.140600 -1.839800 -0.138400
v -0.148200 -1.765600 -0.129800
v -0.233700 -1.839500 -0.319200
v -0.386600 -1.839800 -0.450600
v -0.390000 -1.766400 -0.446100
v -0.887300 -1.839400 -0.319200
v -0.980500 -1.839800 -0.138400
v -0.884600 -1.760900 -0.310800
v -1.024900 -1.839600 0.161300
v -0.980500 -1.839800 0.460900
v -0.973500 -1.765500 0.452000
v -0.852600 -2.006700 0.667400
v -0.721200 -1.984500 0.877500
v -0.898900 -1.931100 0.691900
v -0.560500 -2.006100 0.896000
v -0.399800 -1.984500 0.877500
v -0.384000 -1.917400 0.921100
v -0.270100 -2.003600 0.666500
v -0.172500 -1.984500 0.438100
v -0.152000 -2.004400 0.161300
v -0.172500 -1.984500 -0.115600
v -0.140900 -1.915700 -0.133400
v -0.274600 -2.000300 -0.285700
v -0.399800 -1.984500 -0.438900
v -0.384600 -1.913900 -0.462500
v -0.560500 -2.001100 -0.454300
v -0.721200 -1.984500 -0.438900
v -0.735400 -1.913600 -0.459700
v -0.849400 -2.001500 -0.287900
v -0.948500 -1.984500 -0.115600
v -0.875200 -1.931000 -0.316500
v -0.965800 -2.002400 0.161300
v -0.948500 -1.984500 0.438100
v -0.982500 -1.915900 0.454800
v -0.863300 -1.676500 0.673200
v -0.721200 -1.695000 0.877500
v -0.708100 -1.622000 0.783300
v -0.560500 -1.674500 0.906700
v -0.399800 -1.695000 0.877500
v -0.413000 -1.621500 0.783600
v -0.256100 -1.676000 0.674100
v -0.172500 -1.695000 0.438100
v -0.284000 -1.612000 0.565500
v -0.172500 -1.695000 -0.115600
v -0.193700 -1.653400 -0.098000
v -0.174900 -1.653400 0.036300
v -0.141600 -1.681200 0.161300
v -0.260200 -1.682000 -0.291900
v -0.399800 -1.695000 -0.428700
v -0.413200 -1.627400 -0.399600
v -0.560500 -1.683300 -0.462200
v -0.721200 -1.695000 -0.428700
v -0.707000 -1.627900 -0.399000
v -0.979500 -1.681200 0.161300
v -0.948500 -1.695000 0.438100
v -0.913100 -1.626500 0.408600
v -0.770600 -1.994200 0.523000
v -0.683500 -1.993100 0.672800
v -0.819600 -2.003300 0.559100
v -0.560500 -1.994200 0.672900
v -0.437500 -1.993100 0.672800
v -0.416300 -2.002100 0.775400
v -0.466000 -1.958800 -0.232500
v -0.437500 -1.957000 -0.350300
v -0.303600 -1.979700 -0.236000
v -0.857600 -1.995200 0.161300
v -0.857500 -1.993100 0.373200
v -0.904100 -1.995800 0.405200
v -0.400000 -2.007300 0.161300
v -0.216700 -2.000300 -0.083600
v -0.331600 -2.014500 0.209700
v -0.560500 -2.006300 0.161300
v -0.897800 -1.753400 0.693500
v -0.567900 -1.751100 0.956500
v -0.147500 -1.765500 0.452100
v -0.110100 -1.758000 0.173100
v -0.236400 -1.760600 -0.310700
v -0.552700 -1.760000 -0.484600
v -0.972800 -1.765600 -0.129900
v -0.948500 -1.695000 -0.115600
v -0.861100 -1.681900 -0.292100
v -1.012700 -1.756100 0.149000
v -0.736100 -1.917100 0.920200
v -0.549900 -1.934200 0.955900
v -0.225300 -1.932100 0.689300
v -0.106700 -1.931600 0.146300
v -0.247800 -1.931200 -0.315300
v -0.576300 -1.931700 -0.490600
v -0.730800 -1.766400 -0.445900
v -0.979900 -1.915500 -0.132700
v -1.014400 -1.930600 0.175900
v -0.836400 -1.612300 0.564900
v -0.683500 -1.572200 0.672800
v -0.774900 -1.562600 0.525700
v -0.581200 -1.603500 0.796400
v -0.437500 -1.572200 0.672800
v -0.560500 -1.559300 0.678200
v -0.207600 -1.626100 0.409000
v -0.263600 -1.572200 0.373200
v -0.346000 -1.562000 0.525800
v -0.705200 -2.005000 0.775500
v -0.543200 -2.014000 0.778900
v -0.300000 -2.006100 0.560600
v -0.419700 -1.979900 -0.391300
v -0.702800 -1.997200 -0.395500
v -0.820800 -2.005200 -0.237800
v -0.908800 -2.003500 0.193000
v -0.493900 -1.987300 0.438100
v -0.742500 -2.000600 -0.083200
v -0.904400 -1.997700 -0.082600
v -0.770600 -1.995400 -0.200500
v -0.172700 -1.653400 0.107200
v -0.252500 -1.653800 -0.234400
v -0.229300 -1.653400 -0.182200
v -0.276100 -1.634800 -0.259500
v -0.360300 -1.622100 -0.337000
v -0.358100 -1.622000 -0.334600
v -0.429300 -1.590900 -0.367000
v -0.693200 -1.595300 -0.370500
v -0.639500 -1.604500 -0.390400
v -0.537900 -1.612500 -0.418800
v -0.596300 -1.596300 -0.391300
v -0.754900 -1.622900 -0.343700
v -0.848300 -1.642500 -0.265700
v -0.773700 -1.632400 -0.333700
v -0.889900 -1.598900 0.348000
v -0.920200 -1.619500 0.284000
v -0.862900 -1.577500 0.376600
v -0.939000 -1.653400 0.003800
v -0.959700 -1.653400 0.147500
v -0.215200 -2.006500 0.406000
v -0.446800 -1.995000 0.357000
v -0.208300 -2.013000 0.192700
v -0.542400 -2.001900 -0.398700
v -0.683500 -1.993100 -0.350300
v -0.721200 -2.002600 0.276000
v -0.674200 -2.000500 0.357100
v -0.527200 -1.997700 0.299800
v -0.593800 -2.002700 0.299800
v -0.847600 -1.571100 0.391400
v -0.497600 -1.596300 -0.391300
v -0.493500 -1.597200 -0.391000
v -0.927700 -1.653400 -0.098400
v -0.661300 -1.530200 0.501900
v -0.757300 -1.542800 0.463600
v -0.460200 -1.529200 0.497600
v -0.490600 -1.528400 0.509400
v -0.560500 -1.520600 0.510000
v -0.540000 -1.588300 -0.392000
v -0.364800 -1.541000 0.459600
v -0.261600 -1.574000 0.369800
v -0.264100 -1.571800 0.372400
v -0.892200 -1.653400 -0.183000
v -0.953200 -1.653000 0.209900
v -0.954300 -1.653200 0.200400
v -0.861800 -1.653700 -0.251200
v -0.782200 -1.553900 0.452700
v -0.642500 -1.529700 0.509200
v -0.350000 -1.546700 0.453200
v -0.170000 -1.653600 0.145000
v -0.177100 -1.639100 0.210300
v -0.213400 -1.617100 0.286000
v -0.241900 -1.592000 0.348300
v -0.155200 -1.653400 0.056000
v -0.180000 -1.653400 -0.097600
v -0.219800 -1.395600 -0.090900
v -0.198000 -1.395600 0.052500
v -0.251500 -1.653400 -0.232600
v -0.282400 -1.395600 -0.217000
v -0.357800 -1.623000 -0.335300
v -0.378400 -1.395600 -0.310700
v -0.252400 -1.653400 -0.233500
v -0.493100 -1.597500 -0.391200
v -0.496100 -1.395600 -0.360500
v -0.360500 -1.621900 -0.337100
v -0.774100 -1.633600 -0.334400
v -0.739000 -1.395600 -0.310700
v -0.621300 -1.395600 -0.360500
v -0.639600 -1.604800 -0.390500
v -0.835000 -1.395600 -0.217000
v -0.881500 -1.653400 -0.232600
v -0.861800 -1.653400 -0.250700
v -0.952900 -1.653400 -0.097600
v -0.897600 -1.395600 -0.090900
v -0.977700 -1.653400 0.056000
v -0.919400 -1.395600 0.052500
v -0.954400 -1.653400 0.200400
v -0.953000 -1.652800 0.209600
v -0.897600 -1.395600 0.196000
v -0.835000 -1.395600 0.322100
v -0.890000 -1.599000 0.347800
v -0.621300 -1.395600 0.465500
v -0.642300 -1.529700 0.509200
v -0.560500 -1.520700 0.510000
v -0.496100 -1.395600 0.465500
v -0.490600 -1.528400 0.509300
v -0.177300 -1.638900 0.210000
v -0.180000 -1.653400 0.209600
v -0.219800 -1.395600 0.196000
v -0.227700 -1.217900 -0.084300
v -0.206400 -1.217900 0.052500
v -0.288900 -1.217900 -0.204600
v -0.382700 -1.217900 -0.294000
v -0.497700 -1.217900 -0.341500
v -0.620200 -1.217900 -0.341500
v -0.735200 -1.217900 -0.294000
v -0.829000 -1.217900 -0.204600
v -0.890200 -1.217900 -0.084300
v -0.911500 -1.217900 0.052500
v -0.890200 -1.217900 0.189400
v -0.829000 -1.217900 0.309700
v -0.739000 -1.395600 0.415700
v -0.735200 -1.217900 0.399000
v -0.620200 -1.217900 0.446500
v -0.497700 -1.217900 0.446500
v -0.378400 -1.395600 0.415700
v -0.382700 -1.217900 0.399000
v -0.282400 -1.395600 0.322100
v -0.288900 -1.217900 0.309700
v -0.227700 -1.217900 0.189400
v -0.135400 -1.015900 -0.105000
v -0.108700 -1.015900 0.050100
v -0.212200 -1.015900 -0.241500
v -0.329900 -1.015900 -0.342700
v -0.474300 -1.015900 -0.396600
v -0.628000 -1.015900 -0.396600
v -0.772400 -1.015900 -0.342700
v -0.890100 -1.015900 -0.241500
v -0.966900 -1.015900 -0.105000
v -0.993600 -1.015900 0.050100
v -0.966900 -1.015900 0.205200
v -0.890100 -1.015900 0.341700
v -0.772400 -1.015900 0.442900
v -0.628000 -1.015900 0.496800
v -0.474300 -1.015900 0.496800
v -0.329900 -1.015900 0.442900
v -0.212200 -1.015900 0.341700
v -0.135400 -1.015900 0.205200
v -0.046400 -0.937600 -0.117200
v -0.013800 -0.937600 0.072600
v -0.140400 -0.937600 -0.284000
v -0.284400 -0.937600 -0.407900
v -0.461000 -0.937600 -0.473800
v -0.649000 -0.937600 -0.473800
v -0.825600 -0.937600 -0.407900
v -0.969600 -0.937600 -0.284000
v -1.063600 -0.937600 -0.117200
v -1.096200 -0.937600 0.072600
v -1.063600 -0.937600 0.262400
v -0.969600 -0.937600 0.429300
v -0.849400 -0.838800 0.531100
v -0.646500 -0.838800 0.606800
v -0.430600 -0.838800 0.606800
v -0.227700 -0.838800 0.531100
v -0.140400 -0.937600 0.429300
v -0.046400 -0.937600 0.262400
v -0.068100 -0.791400 -0.100000
v -0.037900 -0.791400 0.075500
v -0.155000 -0.791400 -0.254300
v -0.288200 -0.791400 -0.368900
v -0.451600 -0.791400 -0.429900
v -0.625500 -0.791400 -0.429900
v -0.788800 -0.791400 -0.368900
v -0.922000 -0.791400 -0.254300
v -1.008900 -0.791400 -0.100000
v -1.039100 -0.791400 0.075500
v -1.008900 -0.791400 0.251100
v -0.922000 -0.773800 0.405400
v -0.800100 -0.749400 0.459500
v -0.640100 -0.749400 0.512600
v -0.469900 -0.749400 0.512600
v -0.309900 -0.749400 0.459500
v -0.155000 -0.773800 0.405400
v -0.068100 -0.791400 0.251100
v -0.930100 -1.653400 -0.077200
v -0.772100 -1.653400 -0.332900
v -0.360900 -1.653400 -0.332900
v -0.495100 -1.653400 -0.386200
v -0.637900 -1.653400 -0.386200
v -0.952900 -1.653400 0.209600
v -0.881500 -1.653400 0.344600
v -0.637900 -1.653400 0.498200
v -0.495100 -1.653400 0.498200
v -0.349900 -1.546700 0.453200
v -0.360900 -1.653400 0.444900
v -0.251500 -1.653400 0.344600
v -0.772100 -1.653400 0.444900
v -0.782300 -1.553900 0.452700
v -0.241800 -1.592000 0.348200
vn -0.8815 0.0111 0.4721
vn -0.5230 0.0297 0.8518
vn -0.5195 0.3368 0.7853
vn 0.0028 0.0077 1.0000
vn 0.5175 0.0323 0.8551
vn 0.5173 0.3357 0.7872
vn 0.8847 -0.0022 0.4662
vn 0.9506 -0.2150 0.2237
vn 0.8582 0.3153 0.4051
vn 0.9994 0.0344 0.0086
vn 0.9517 0.0460 -0.3037
vn 0.9286 0.2448 -0.2789
vn 0.7805 -0.0202 -0.6249
vn 0.4903 0.1002 -0.8658
vn 0.4486 0.1727 -0.8769
vn -0.7692 -0.0191 -0.6387
vn -0.9501 0.0466 -0.3084
vn -0.7780 0.2225 -0.5875
vn -0.9998 0.0179 0.0030
vn -0.9731 0.0509 0.2246
vn -0.9455 0.2446 0.2148
vn -0.4338 -0.8766 0.2083
vn -0.3746 -0.7664 0.5218
vn -0.8344 -0.3807 0.3986
vn 0.0094 -0.8772 0.4800
vn 0.3605 -0.7805 0.5108
vn 0.5120 -0.3341 0.7914
vn 0.4463 -0.8669 0.2219
vn 0.6697 -0.7209 0.1784
vn 0.5617 -0.8273 -0.0042
vn 0.6144 -0.7578 -0.2196
vn 0.9244 -0.2450 -0.2922
vn 0.3042 -0.9292 -0.2101
vn 0.3272 -0.7690 -0.5492
vn 0.4859 -0.1216 -0.8655
vn 0.0024 -0.8338 -0.5520
vn -0.3435 -0.6660 -0.6621
vn -0.4700 -0.1256 -0.8737
vn -0.4585 -0.8247 -0.3311
vn -0.6317 -0.7509 -0.1927
vn -0.7469 -0.2874 -0.5996
vn -0.4951 -0.8688 0.0047
vn -0.6145 -0.7776 0.1333
vn -0.9467 -0.2390 0.2160
vn -0.7044 0.6068 0.3682
vn -0.4402 0.6161 0.6532
vn -0.3501 0.8225 0.4483
vn 0.0004 0.6954 0.7186
vn 0.4437 0.6111 0.6555
vn 0.3432 0.8262 0.4468
vn 0.7061 0.6038 0.3698
vn 0.8683 0.4491 0.2107
vn 0.5883 0.7649 0.2625
vn 0.8652 0.4339 -0.2515
vn 0.8316 0.5134 -0.2118
vn 0.8494 0.5158 -0.1116
vn 0.8549 0.5187 -0.0108
vn 0.7229 0.4505 -0.5239
vn 0.4285 0.3512 -0.8325
vn 0.3987 0.5622 -0.7246
vn -0.0077 0.3925 -0.9197
vn -0.4308 0.3514 -0.8312
vn -0.3881 0.5727 -0.7221
vn -0.8734 0.4869 0.0059
vn -0.8652 0.4529 0.2154
vn -0.7390 0.6442 0.1972
vn 0.0404 -0.9987 -0.0307
vn 0.0471 -0.9962 -0.0731
vn 0.0253 -0.9977 -0.0631
vn 0.0087 -0.9950 -0.0991
vn -0.0590 -0.9971 -0.0482
vn 0.0552 -0.9969 0.0559
vn 0.0320 -0.9977 -0.0602
vn -0.0766 -0.9624 0.2606
vn -0.1937 -0.9774 0.0851
vn 0.0588 -0.9983 0.0045
vn 0.0123 -0.9999 0.0034
vn -0.0951 -0.9953 0.0189
vn -0.0414 -0.9991 -0.0098
vn 0.1040 -0.9870 -0.1222
vn -0.0511 -0.9987 0.0062
vn 0.0021 -1.0000 -0.0081
vn -0.8483 0.3371 0.4083
vn -0.0220 0.3915 0.9199
vn 0.9546 0.2080 0.2132
vn 0.9637 0.2656 0.0264
vn 0.7782 0.2250 -0.5863
vn 0.0135 0.1721 -0.9850
vn -0.9283 0.2452 -0.2794
vn -0.8678 0.4315 -0.2464
vn -0.7236 0.4449 -0.5277
vn -0.9610 0.2757 -0.0213
vn -0.5152 -0.3339 0.7894
vn 0.0345 -0.4364 0.8991
vn 0.8199 -0.4127 0.3969
vn 0.9453 -0.3251 -0.0278
vn 0.7442 -0.3145 -0.5892
vn -0.0549 -0.2245 -0.9729
vn -0.4502 0.1630 -0.8780
vn -0.9232 -0.2448 -0.2964
vn -0.9400 -0.3401 0.0268
vn -0.5898 0.7630 0.2646
vn -0.2481 0.9210 0.3004
vn -0.3952 0.8867 0.2399
vn -0.0441 0.8894 0.4550
vn 0.2481 0.9224 0.2959
vn -0.0007 0.9556 0.2948
vn 0.7391 0.6483 0.1827
vn 0.5742 0.8095 0.1222
vn 0.3919 0.8876 0.2422
vn -0.0639 -0.9965 0.0542
vn 0.0394 -0.9983 -0.0436
vn 0.0278 -0.9996 0.0009
vn -0.0573 -0.9696 0.2378
vn -0.0583 -0.9931 -0.1013
vn 0.0021 -0.9996 0.0283
vn 0.0587 -0.9979 0.0261
vn -0.0371 -0.9990 0.0255
vn -0.0144 -0.9997 -0.0186
vn -0.1213 -0.9918 -0.0390
vn 0.0412 -0.9990 0.0188
vn 0.6912 0.7222 -0.0263
vn 0.7863 0.5065 -0.3537
vn 0.7848 0.5119 -0.3494
vn 0.7375 0.1832 -0.6500
vn 0.5873 0.5958 -0.5478
vn 0.6217 0.5136 -0.5913
vn 0.3963 0.2618 -0.8800
vn -0.3892 0.2659 -0.8819
vn -0.1461 0.6844 -0.7143
vn 0.0442 0.6213 -0.7823
vn -0.1392 0.6953 -0.7051
vn -0.5806 0.5937 -0.5572
vn -0.7233 0.1826 -0.6660
vn -0.5918 0.5484 -0.5907
vn -0.6699 0.7382 0.0797
vn -0.9143 0.2540 0.3154
vn -0.6164 0.7617 0.1994
vn -0.4921 -0.8678 -0.0687
vn -0.5184 -0.8547 -0.0282
vn 0.2149 -0.9743 0.0678
vn -0.0548 -0.9973 0.0487
vn 0.1008 -0.9948 0.0132
vn 0.0852 -0.9696 0.2294
vn 0.0802 -0.9948 0.0622
vn -0.0381 -0.9991 0.0171
vn 0.0012 -0.9993 0.0386
vn 0.0298 -0.9978 0.0600
vn 0.0335 -0.9982 0.0497
vn -0.5603 0.7884 0.2540
vn 0.1894 0.6992 -0.6894
vn 0.1904 0.6993 -0.6890
vn -0.5051 -0.8549 -0.1188
vn -0.1773 0.9594 0.2195
vn -0.3439 0.9185 0.1954
vn 0.1736 0.9599 0.2202
vn 0.1112 0.9684 0.2231
vn 0.0001 0.9745 0.2242
vn 0.0127 0.7426 -0.6696
vn 0.3191 0.9257 0.2030
vn 0.6814 0.7318 0.0135
vn 0.5466 0.8340 0.0754
vn -0.4581 -0.8653 -0.2033
vn -0.7972 0.5977 0.0846
vn -0.7933 0.6036 0.0791
vn -0.7924 0.4958 -0.3554
vn -0.4041 0.9027 0.1480
vn -0.1114 0.9684 0.2232
vn 0.4166 0.8939 0.1655
vn 0.7129 0.6988 -0.0589
vn 0.8626 0.4428 0.2445
vn 0.6994 0.7138 0.0358
vn 0.6862 0.7271 0.0206
vn 0.7889 -0.6144 -0.0111
vn 0.7496 -0.6137 -0.2481
vn 0.9469 0.1024 -0.3047
vn 0.9941 0.1085 -0.0037
vn 0.6315 -0.6239 -0.4605
vn 0.8032 0.1070 -0.5860
vn 0.6186 -0.0008 -0.7857
vn 0.5497 0.1231 -0.8263
vn 0.5397 -0.6726 -0.5063
vn 0.1778 0.0251 -0.9837
vn 0.1945 0.1322 -0.9720
vn 0.4778 0.0043 -0.8785
vn -0.5552 0.0124 -0.8316
vn -0.5478 0.1351 -0.8256
vn -0.1906 0.1363 -0.9722
vn -0.1828 0.0221 -0.9829
vn -0.7988 0.1271 -0.5879
vn -0.6480 -0.6093 -0.4570
vn -0.4350 -0.7657 -0.4737
vn -0.7655 -0.5922 -0.2516
vn -0.9437 0.1291 -0.3046
vn -0.8087 -0.5882 0.0010
vn -0.9911 0.1332 -0.0008
vn -0.7693 -0.6285 0.1143
vn -0.9605 0.0118 0.2780
vn -0.9449 0.1456 0.2933
vn -0.8000 0.1840 0.5710
vn -0.8250 0.0647 0.5614
vn -0.1916 0.2275 0.9547
vn -0.2116 0.1178 0.9702
vn -0.0001 0.1326 0.9912
vn 0.1984 0.2184 0.9555
vn 0.2020 0.1087 0.9733
vn 0.9558 -0.0075 0.2941
vn 0.6398 -0.7372 0.2170
vn 0.9466 0.1182 0.2998
vn 0.9326 -0.1906 -0.3064
vn 0.9794 -0.2019 0.0005
vn 0.7880 -0.1588 -0.5949
vn 0.5365 -0.1195 -0.8354
vn 0.1917 -0.0909 -0.9772
vn -0.1966 -0.0842 -0.9769
vn -0.5408 -0.1014 -0.8350
vn -0.7925 -0.1326 -0.5953
vn -0.9381 -0.1602 -0.3070
vn -0.9854 -0.1702 0.0005
vn -0.9383 -0.1567 0.3083
vn -0.7924 -0.1258 0.5969
vn -0.5373 0.2186 0.8146
vn -0.5404 -0.0918 0.8364
vn -0.1965 -0.0730 0.9778
vn 0.1916 -0.0797 0.9782
vn 0.5498 0.1910 0.8131
vn 0.5361 -0.1100 0.8369
vn 0.8020 0.1470 0.5789
vn 0.7846 -0.1546 0.6004
vn 0.9339 -0.1909 0.3022
vn 0.7471 -0.6077 -0.2693
vn 0.7782 -0.6280 -0.0082
vn 0.6320 -0.5791 -0.5151
vn 0.4307 -0.5478 -0.7172
vn 0.1573 -0.5244 -0.8368
vn -0.1505 -0.5226 -0.8392
vn -0.4275 -0.5434 -0.7225
vn -0.6328 -0.5734 -0.5203
vn -0.7514 -0.6012 -0.2720
vn -0.7843 -0.6203 -0.0077
vn -0.7356 -0.6293 0.2509
vn -0.5937 -0.5828 0.5549
vn -0.4616 -0.4230 0.7797
vn -0.1652 -0.4030 0.9002
vn 0.1614 -0.4173 0.8943
vn 0.4073 -0.4870 0.7726
vn 0.6059 -0.6333 0.4814
vn 0.7324 -0.6355 0.2444
vn 0.8958 -0.3120 -0.3166
vn 0.9420 -0.3355 0.0050
vn 0.7403 -0.2852 -0.6087
vn 0.4874 -0.2592 -0.8338
vn 0.1655 -0.2381 -0.9570
vn -0.1816 -0.2250 -0.9573
vn -0.5040 -0.2212 -0.8349
vn -0.7587 -0.2260 -0.6110
vn -0.9175 -0.2382 -0.3187
vn -0.9669 -0.2552 0.0049
vn -0.9058 -0.2786 0.3191
vn -0.6147 -0.3907 0.6852
vn -0.4847 0.1061 0.8682
vn -0.1725 0.1157 0.9782
vn 0.1853 0.1175 0.9756
vn 0.4924 0.1358 0.8597
vn 0.6885 -0.4085 0.5992
vn 0.8793 -0.3522 0.3205
vn 0.6418 0.7337 -0.2233
vn 0.7113 0.7028 -0.0107
vn 0.5237 0.7352 -0.4303
vn 0.3421 0.7530 -0.5621
vn 0.1227 0.7654 -0.6318
vn -0.1045 0.7774 -0.6203
vn -0.3088 0.7875 -0.5333
vn -0.4676 0.7945 -0.3875
vn -0.5675 0.7980 -0.2028
vn -0.6029 0.7978 0.0012
vn -0.5968 0.7840 0.1706
vn -0.5633 0.7449 0.3574
vn -0.1708 0.9489 0.2655
vn -0.0738 0.9135 0.4001
vn 0.0525 0.9365 0.3467
vn -0.0520 0.9371 -0.3452
vn 0.5705 0.7361 0.3641
vn 0.7446 0.6243 0.2363
vn -0.0000 -1.0000 -0.0000
vn -0.3679 -0.7109 -0.5995
vn 0.3668 -0.7140 -0.5964
vn 0.1311 -0.7019 -0.7001
vn -0.1316 -0.7014 -0.7005
vn -0.6482 -0.7294 0.2187
vn -0.5394 -0.7261 0.4265
vn -0.1324 -0.7012 0.7006
vn 0.1301 -0.7021 0.7001
vn 0.5641 0.1019 0.8194
vn 0.3674 -0.7126 0.5976
vn 0.5402 -0.7277 0.4226
vn -0.3684 -0.7107 0.5993
vn -0.5621 0.1029 0.8207
vn 0.8219 0.0494 0.5675
vt 0.826100 0.138900
vt 0.968700 0.138500
vt 0.957500 0.198500
vt 0.494900 0.138500
vt 0.655500 0.138500
vt 0.655000 0.198500
vt 0.173900 0.138100
vt 0.356900 0.078700
vt 0.193300 0.206100
vt 0.556000 0.138600
vt 0.759900 0.138500
vt 0.754100 0.197100
vt 0.882900 0.138700
vt 0.972300 0.138500
vt 0.969200 0.196400
vt 0.117100 0.138700
vt 0.240100 0.138500
vt 0.122800 0.200800
vt 0.444000 0.138600
vt 0.647900 0.138500
vt 0.641800 0.197100
vt 0.788400 0.006600
vt 0.931300 0.024200
vt 0.805000 0.066300
vt 0.494900 0.007100
vt 0.643200 0.024200
vt 0.657800 0.077200
vt 0.212300 0.009100
vt 0.367600 0.024200
vt 0.556000 0.008500
vt 0.744400 0.024200
vt 0.756500 0.078600
vt 0.860100 0.011700
vt 0.964300 0.024200
vt 0.980400 0.080000
vt 0.505100 0.011100
vt 0.653400 0.024200
vt 0.666500 0.080200
vt 0.138400 0.010700
vt 0.255600 0.024200
vt 0.118900 0.066400
vt 0.444000 0.010000
vt 0.632400 0.024200
vt 0.643700 0.078300
vt 0.792300 0.267400
vt 0.931300 0.252800
vt 0.867200 0.310400
vt 0.505100 0.951200
vt 0.356800 0.931300
vt 0.368900 0.867400
vt 0.207100 0.267800
vt 0.367600 0.252800
vt 0.281000 0.318300
vt 0.744400 0.252800
vt 0.732400 0.285700
vt 0.641100 0.285700
vt 0.556000 0.263700
vt 0.864300 0.263000
vt 0.957400 0.252800
vt 0.937600 0.306200
vt 0.505100 0.262100
vt 0.653400 0.252800
vt 0.640300 0.305800
vt 0.444000 0.263700
vt 0.632400 0.252800
vt 0.612200 0.306900
vt 0.301100 0.690100
vt 0.381400 0.792100
vt 0.255800 0.714600
vt 0.494900 0.792100
vt 0.608400 0.792100
vt 0.628000 0.861800
vt 0.582100 0.176100
vt 0.608400 0.095900
vt 0.732000 0.173700
vt 0.220700 0.444000
vt 0.220900 0.588200
vt 0.177800 0.609900
vt 0.643100 0.444000
vt 0.812300 0.277400
vt 0.706200 0.476900
vt 0.494900 0.444000
vt 0.806100 0.206700
vt 0.488100 0.208500
vt 0.643200 0.252800
vt 0.494900 0.269000
vt 0.358200 0.197100
vt 0.548000 0.203000
vt 0.877100 0.201000
vt 0.497900 0.201500
vt 0.245900 0.197100
vt 0.255600 0.252800
vt 0.135500 0.263100
vt 0.435600 0.204500
vt 0.960300 0.077400
vt 0.504700 0.063900
vt 0.196700 0.065600
vt 0.566200 0.065900
vt 0.880300 0.066300
vt 0.519600 0.065800
vt 0.662300 0.196400
vt 0.244000 0.078700
vt 0.454000 0.066800
vt 0.759700 0.718600
vt 0.618600 0.792100
vt 0.703000 0.691900
vt 0.524100 0.876100
vt 0.391600 0.792100
vt 0.505100 0.795700
vt 0.387500 0.307200
vt 0.411800 0.349700
vt 0.308000 0.357800
vt 0.361400 0.861900
vt 0.346600 0.931300
vt 0.225400 0.788400
vt 0.510900 0.864200
vt 0.643200 0.931300
vt 0.494900 0.943900
vt 0.735300 0.715700
vt 0.853000 0.632400
vt 0.762900 0.787700
vt 0.853000 0.255600
vt 0.872000 0.444000
vt 0.624900 0.068000
vt 0.643200 0.035700
vt 0.758800 0.139900
vt 0.363600 0.065200
vt 0.346600 0.035700
vt 0.494900 0.025200
vt 0.254700 0.172500
vt 0.136800 0.255600
vt 0.228300 0.138400
vt 0.173400 0.465500
vt 0.136800 0.632400
vt 0.120900 0.444000
vt 0.556400 0.632400
vt 0.327000 0.277600
vt 0.177500 0.278100
vt 0.301100 0.197900
vt 0.334400 0.138500
vt 0.068700 0.252800
vt 0.042500 0.198500
vt 0.031300 0.138500
vt 0.042600 0.252800
vt 0.030900 0.196400
vt 0.346600 0.024200
vt 0.068700 0.024200
vt 0.356800 0.024200
vt 0.021500 0.080200
vt 0.035700 0.024200
vt 0.641300 0.867200
vt 0.718600 0.318100
vt 0.653400 0.931300
vt 0.249900 0.719000
vt 0.132600 0.310800
vt 0.592800 0.285700
vt 0.789700 0.285700
vt 0.825200 0.285300
vt 0.842300 0.300300
vt 0.895000 0.310400
vt 0.893400 0.310400
vt 0.915400 0.335000
vt 0.578000 0.324200
vt 0.484200 0.317900
vt 0.627600 0.331500
vt 0.538100 0.330700
vt 0.356800 0.252800
vt 0.082200 0.331500
vt 0.062800 0.305800
vt 0.100400 0.309700
vt 0.107200 0.302200
vt 0.153500 0.294200
vt 0.590500 0.345500
vt 0.571000 0.328700
vt 0.527500 0.312400
vt 0.336800 0.285700
vt 0.434600 0.285700
vt 0.813700 0.610500
vt 0.599800 0.577100
vt 0.820000 0.465400
vt 0.511700 0.063000
vt 0.381400 0.095900
vt 0.346600 0.522000
vt 0.390000 0.577200
vt 0.525700 0.538200
vt 0.464200 0.538200
vt 0.346600 0.252800
vt 0.334700 0.198500
vt 0.347700 0.196400
vt 0.344500 0.138500
vt 0.332900 0.077400
vt 0.039100 0.077200
vt 0.342700 0.080000
vt 0.806700 0.138700
vt 0.795500 0.066400
vt 0.600500 0.350600
vt 0.691900 0.357400
vt 0.307100 0.692000
vt 0.447000 0.330700
vt 0.443300 0.330000
vt 0.384000 0.335000
vt 0.369100 0.306200
vt 0.267300 0.285700
vt 0.598100 0.675800
vt 0.686700 0.649700
vt 0.412500 0.672800
vt 0.440600 0.680800
vt 0.505100 0.681300
vt 0.486200 0.337000
vt 0.324400 0.647000
vt 0.414100 0.348400
vt 0.412400 0.350000
vt 0.209800 0.285700
vt 0.477100 0.285900
vt 0.470600 0.285800
vt 0.163400 0.285400
vt 0.709700 0.642300
vt 0.770100 0.600500
vt 0.580700 0.680700
vt 0.231000 0.588200
vt 0.310700 0.642600
vt 0.231500 0.587600
vt 0.567100 0.285500
vt 0.522700 0.296900
vt 0.471100 0.314300
vt 0.428800 0.334100
vt 0.732100 0.285700
vt 0.727600 0.489200
vt 0.630000 0.489200
vt 0.627600 0.285700
vt 0.824000 0.285700
vt 0.813400 0.489200
vt 0.893800 0.309600
vt 0.877100 0.489200
vt 0.824600 0.285700
vt 0.442800 0.329800
vt 0.445600 0.489200
vt 0.337000 0.489200
vt 0.320500 0.310500
vt 0.317900 0.309600
vt 0.702200 0.301300
vt 0.669800 0.489200
vt 0.561200 0.489200
vt 0.578100 0.324100
vt 0.106700 0.301300
vt 0.186600 0.489200
vt 0.122900 0.489200
vt 0.176000 0.285700
vt 0.163700 0.285700
vt 0.267900 0.285700
vt 0.272400 0.489200
vt 0.372400 0.285700
vt 0.370000 0.489200
vt 0.470600 0.285700
vt 0.476900 0.286100
vt 0.467600 0.489200
vt 0.553400 0.489200
vt 0.570900 0.328600
vt 0.438800 0.489200
vt 0.419400 0.383300
vt 0.494900 0.390400
vt 0.554400 0.489200
vt 0.559400 0.384300
vt 0.522800 0.297100
vt 0.523100 0.285700
vt 0.532400 0.489200
vt 0.723100 0.629500
vt 0.630000 0.629500
vt 0.805000 0.629500
vt 0.865700 0.629500
vt 0.447100 0.629500
vt 0.341000 0.629500
vt 0.560100 0.629500
vt 0.666300 0.629500
vt 0.195000 0.629500
vt 0.134300 0.629500
vt 0.276900 0.629500
vt 0.370000 0.629500
vt 0.463100 0.629500
vt 0.545000 0.629500
vt 0.617100 0.489200
vt 0.605700 0.629500
vt 0.330200 0.489200
vt 0.439900 0.629500
vt 0.333700 0.629500
vt 0.552900 0.629500
vt 0.663000 0.489200
vt 0.659000 0.629500
vt 0.446600 0.489200
vt 0.455000 0.629500
vt 0.394300 0.629500
vt 0.382900 0.489200
vt 0.536900 0.629500
vt 0.737200 0.789000
vt 0.631600 0.789000
vt 0.830000 0.789000
vt 0.898900 0.789000
vt 0.425500 0.789000
vt 0.292300 0.789000
vt 0.567300 0.789000
vt 0.700600 0.789000
vt 0.170000 0.789000
vt 0.101100 0.789000
vt 0.262800 0.789000
vt 0.368400 0.789000
vt 0.473900 0.789000
vt 0.566700 0.789000
vt 0.635600 0.789000
vt 0.432700 0.789000
vt 0.299400 0.789000
vt 0.574500 0.789000
vt 0.707700 0.789000
vt 0.433300 0.789000
vt 0.364400 0.789000
vt 0.526100 0.789000
vt 0.745400 0.850900
vt 0.616300 0.850900
vt 0.859000 0.850900
vt 0.943300 0.850900
vt 0.413300 0.850900
vt 0.250200 0.850900
vt 0.586700 0.850900
vt 0.749700 0.850900
vt 0.299400 0.101100
vt 0.190800 0.170000
vt 0.117400 0.141000
vt 0.250300 0.056700
vt 0.254600 0.850900
vt 0.141000 0.850900
vt 0.383700 0.850900
vt 0.512800 0.850900
vt 0.119900 0.473900
vt 0.190800 0.566700
vt 0.117400 0.626300
vt 0.030600 0.512800
vt 0.695600 0.928900
vt 0.228300 0.928900
vt 0.117400 0.850900
vt 0.190800 0.789000
vt 0.415600 0.928900
vt 0.614800 0.928900
vt 0.802100 0.928900
vt 0.829000 0.773500
vt 0.882600 0.850900
vt 0.487200 0.850900
vt 0.373700 0.850900
vt 0.733800 0.966300
vt 0.614300 0.966300
vt 0.838800 0.966300
vt 0.916700 0.966300
vt 0.404600 0.966300
vt 0.253800 0.966300
vt 0.565000 0.966300
vt 0.715800 0.966300
vt 0.056700 0.850900
vt 0.161200 0.966300
vt 0.083300 0.966300
vt 0.266200 0.966300
vt 0.385700 0.966300
vt 0.505100 0.966300
vt 0.626300 0.850900
vt 0.610100 0.980200
vt 0.252200 0.920100
vt 0.273800 0.999500
vt 0.161300 0.980200
vt 0.421400 0.999500
vt 0.578600 0.999500
vt 0.726200 0.999500
vt 0.304400 0.928900
vt 0.389900 0.980200
vt 0.316600 1.007800
vt 0.494900 0.966300
vt 0.022800 0.385700
vt 0.050600 0.266200
vt 0.130900 0.161200
vt 0.253800 0.083300
vt 0.404600 0.041800
vt 0.565000 0.041800
vt 0.715800 0.083300
vt 0.838700 0.161200
vt 0.919000 0.266200
vt 0.946800 0.385700
vt 0.919000 0.505100
vt 0.838700 0.610100
vt 0.726200 0.646900
vt 0.578600 0.683000
vt 0.421400 0.683000
vt 0.130900 0.980200
vt 0.130900 0.610100
vt 0.050600 0.505100
vt 0.132800 0.267900
vt 0.198700 0.176000
vt 0.216900 0.163700
vt 0.188800 0.209800
vt 0.156000 0.267300
vt 0.126500 0.434600
vt 0.131400 0.470600
vt 0.109900 0.372400
vt 0.145600 0.336800
vt 0.153900 0.281800
vt 0.107800 0.285700
vt 0.320800 0.285700
vt 0.444700 0.285700
vt 0.892200 0.285700
vt 0.576500 0.285700
vt 0.700400 0.285700
vt 0.476900 0.285700
vt 0.568700 0.285700
vt 0.423500 0.285700
vt 0.555300 0.285700
vt 0.689300 0.369900
vt 0.679200 0.285700
vt 0.779300 0.175400
vt 0.780200 0.176000
vt 0.846100 0.267900
vt 0.869000 0.372400
vt 0.846100 0.476900
vt 0.780200 0.568700
vt 0.679200 0.636900
vt 0.555300 0.673200
vt 0.423500 0.673200
vt 0.299600 0.636900
vt 0.198700 0.568700
vt 0.132800 0.476900
vt 0.299600 0.107800
vt 0.423500 0.071500
vt 0.555300 0.071500
vt 0.679200 0.107800
vt 0.642200 0.364200
vt 0.636900 0.285700
vt 0.290200 0.364200
vt 0.299600 0.285700
vt 0.431300 0.285700
vt 0.357400 0.369900
vt 0.363100 0.285700
s 1
usemtl lambert2SG
f 1756/1953/1744 1757/1954/1745 1758/1955/1746
f 1759/1956/1747 1760/1957/1748 1761/1958/1749
f 1762/1959/1750 1763/1960/1751 1764/1961/1752
f 1765/1962/1753 1766/1963/1754 1767/1964/1755
f 1768/1965/1756 1769/1966/1757 1770/1967/1758
f 1771/1968/1759 1772/1969/1760 1773/1970/1761
f 1774/1971/1762 1775/1972/1763 1776/1973/1764
f 1777/1974/1765 1778/1975/1766 1779/1976/1767
f 1780/1977/1768 1781/1978/1769 1782/1979/1770
f 1783/1980/1771 1784/1981/1772 1763/1960/1751
f 1785/1982/1773 1786/1983/1774 1787/1984/1775
f 1788/1985/1776 1789/1986/1777 1790/1987/1778
f 1791/1988/1779 1792/1989/1780 1793/1990/1781
f 1794/1991/1782 1795/1992/1783 1796/1993/1784
f 1797/1994/1785 1798/1995/1786 1799/1996/1787
f 1800/1997/1788 1801/1998/1789 1802/1999/1790
f 1803/2000/1791 1804/2001/1792 1805/2002/1793
f 1806/2003/1794 1807/2004/1795 1808/2005/1796
f 1809/2006/1797 1810/2007/1798 1811/2008/1799
f 1811/2008/1799 1812/2009/1800 1809/2006/1797
f 1813/2010/1801 1814/2011/1802 1815/2012/1803
f 1816/2013/1804 1817/2014/1805 1818/2015/1806
f 1819/2016/1807 1820/2017/1808 1821/2018/1809
f 1822/2019/1810 1823/2020/1811 1824/2021/1812
f 1825/2022/1813 1826/2023/1814 1827/2024/1815
f 1828/2025/1816 1829/2026/1817 1830/2027/1818
f 1831/2028/1819 1832/2029/1820 1833/2030/1821
f 1834/2031/1822 1835/2032/1823 1836/2033/1824
f 1837/2034/1825 1835/2032/1823 1834/2031/1822
f 1838/2035/1826 1801/1998/1789 1800/1997/1788
f 1839/2036/1827 1804/2037/1792 1803/2038/1791
f 1840/2039/1828 1807/2004/1795 1806/2003/1794
f 1841/2040/1829 1809/2006/1797 1812/2009/1800
f 1842/2041/1830 1814/2011/1802 1813/2010/1801
f 1843/2042/1831 1817/2014/1805 1816/2013/1804
f 1844/2043/1832 1845/2044/1833 1846/2045/1834
f 1847/2046/1835 1820/2017/1808 1819/2016/1807
f 1848/2047/1836 1757/1954/1745 1756/1953/1744
f 1849/2048/1837 1760/1957/1748 1759/1956/1747
f 1850/2049/1838 1763/1960/1751 1762/1959/1750
f 1851/2050/1839 1766/1963/1754 1765/1962/1753
f 1852/2051/1840 1769/1966/1757 1768/1965/1756
f 1853/2052/1841 1854/2053/1842 1843/2042/1831
f 1855/2054/1843 1772/1969/1760 1771/1968/1759
f 1856/2055/1844 1775/1972/1763 1774/1971/1762
f 1857/2056/1845 1858/2057/1846 1859/2058/1847
f 1860/2059/1848 1861/2060/1849 1862/2061/1850
f 1863/2062/1851 1864/2063/1852 1865/2064/1853
f 1866/2065/1854 1778/2066/1766 1777/2067/1765
f 1867/2068/1855 1781/2069/1769 1780/2070/1768
f 1868/2071/1856 1784/2072/1772 1783/2073/1771
f 1835/2032/1823 1786/2074/1774 1785/2075/1773
f 1869/2076/1857 1789/2077/1777 1788/2078/1776
f 1870/2079/1858 1792/2080/1780 1791/2081/1779
f 1871/2082/1859 1795/2083/1783 1794/2084/1782
f 1872/2085/1860 1798/2086/1786 1797/2087/1785
f 1873/2088/1861 1826/2023/1814 1825/2022/1813
f 1874/2089/1862 1875/2090/1863 1876/2091/1864
f 1758/1955/1746 1801/1998/1789 1838/2035/1826
f 1838/2035/1826 1775/1972/1763 1756/1953/1744
f 1756/1953/1744 1758/1955/1746 1838/2035/1826
f 1761/1958/1749 1804/2037/1792 1839/2036/1827
f 1839/2036/1827 1757/2092/1745 1759/1956/1747
f 1759/1956/1747 1761/1958/1749 1839/2036/1827
f 1764/1961/1752 1804/2093/1792 1761/2094/1749
f 1761/2094/1749 1760/2095/1748 1762/1959/1750
f 1762/1959/1750 1764/1961/1752 1761/2094/1749
f 1767/1964/1755 1809/2006/1797 1841/2040/1829
f 1841/2040/1829 1763/1960/1751 1765/1962/1753
f 1765/1962/1753 1767/1964/1755 1841/2040/1829
f 1770/1967/1758 1814/2011/1802 1842/2041/1830
f 1842/2041/1830 1766/1963/1754 1768/1965/1756
f 1768/1965/1756 1770/1967/1758 1842/2041/1830
f 1854/2053/1842 1817/2014/1805 1843/2042/1831
f 1773/1970/1761 1817/2096/1805 1854/2097/1842
f 1771/1968/1759 1773/1970/1761 1854/2097/1842
f 1776/1973/1764 1820/2017/1808 1847/2046/1835
f 1847/2046/1835 1772/1969/1760 1774/1971/1762
f 1774/1971/1762 1776/1973/1764 1847/2046/1835
f 1779/1976/1767 1775/1972/1763 1799/1996/1787
f 1799/1996/1787 1798/1995/1786 1777/1974/1765
f 1777/1974/1765 1779/1976/1767 1799/1996/1787
f 1782/1979/1770 1760/1957/1748 1849/2048/1837
f 1849/2048/1837 1778/2098/1766 1780/1977/1768
f 1780/1977/1768 1782/1979/1770 1849/2048/1837
f 1850/2049/1838 1781/2099/1769 1783/1980/1771
f 1783/1980/1771 1763/1960/1751 1850/2049/1838
f 1787/1984/1775 1766/1963/1754 1851/2050/1839
f 1851/2050/1839 1784/1981/1772 1785/1982/1773
f 1785/1982/1773 1787/1984/1775 1851/2050/1839
f 1790/1987/1778 1769/1966/1757 1852/2051/1840
f 1852/2051/1840 1786/1983/1774 1788/1985/1776
f 1788/1985/1776 1790/1987/1778 1852/2051/1840
f 1793/1990/1781 1854/2053/1842 1853/2052/1841
f 1853/2052/1841 1789/2100/1777 1791/1988/1779
f 1791/1988/1779 1793/1990/1781 1853/2052/1841
f 1796/1993/1784 1854/2097/1842 1793/2101/1781
f 1793/2101/1781 1792/2102/1780 1794/1991/1782
f 1794/1991/1782 1796/1993/1784 1793/2101/1781
f 1799/1996/1787 1775/1972/1763 1856/2055/1844
f 1856/2055/1844 1795/1992/1783 1797/1994/1785
f 1797/1994/1785 1799/1996/1787 1856/2055/1844
f 1802/2103/1790 1858/2057/1846 1857/2056/1845
f 1857/2104/1845 1820/2017/1808 1800/1997/1788
f 1800/1997/1788 1802/1999/1790 1857/2104/1845
f 1805/2002/1793 1861/2060/1849 1860/2059/1848
f 1860/2059/1848 1801/2105/1789 1803/2000/1791
f 1803/2000/1791 1805/2002/1793 1860/2059/1848
f 1808/2106/1796 1861/2060/1849 1805/2002/1793
f 1805/2107/1793 1804/2093/1792 1806/2003/1794
f 1806/2003/1794 1808/2005/1796 1805/2107/1793
f 1877/2108/1865 1812/2009/1800 1811/2008/1799
f 1879/2109/1867 1809/2006/1797 1813/2010/1801
f 1813/2010/1801 1878/2110/1866 1879/2109/1867
f 1878/2110/1866 1813/2010/1801 1880/2111/1868
f 1880/2111/1868 1815/2012/1803 1881/2112/1869
f 1881/2112/1869 1882/2113/1870 1880/2111/1868
f 1880/2111/1868 1813/2010/1801 1815/2012/1803
f 1881/2112/1869 1815/2012/1803 1883/2114/1871
f 1885/2115/1873 1886/2116/1874 1818/2015/1806
f 1818/2015/1806 1884/2117/1872 1885/2115/1873
f 1885/2115/1873 1887/2118/1875 1886/2116/1874
f 1886/2116/1874 1814/2119/1802 1816/2013/1804
f 1816/2013/1804 1818/2015/1806 1886/2116/1874
f 1884/2120/1872 1818/2121/1806 1888/2122/1876
f 1818/2121/1806 1817/2096/1805 1846/2045/1834
f 1890/2123/1878 1888/2122/1876 1846/2045/1834
f 1846/2045/1834 1889/2124/1877 1890/2123/1878
f 1846/2045/1834 1888/2122/1876 1818/2121/1806
f 1821/2018/1809 1893/2125/1881 1891/2126/1879
f 1891/2126/1879 1892/2127/1880 1821/2018/1809
f 1894/2128/1882 1845/2044/1833 1819/2016/1807
f 1819/2016/1807 1895/2129/1883 1894/2128/1882
f 1824/2021/1812 1798/2086/1786 1833/2030/1821
f 1833/2030/1821 1832/2029/1820 1822/2019/1810
f 1822/2019/1810 1824/2021/1812 1833/2030/1821
f 1827/2024/1815 1781/2069/1769 1867/2068/1855
f 1867/2068/1855 1823/2020/1811 1825/2022/1813
f 1825/2022/1813 1827/2024/1815 1867/2068/1855
f 1896/2130/1884 1784/2072/1772 1868/2071/1856
f 1868/2071/1856 1826/2023/1814 1897/2131/1885
f 1897/2131/1885 1896/2130/1884 1868/2071/1856
f 1898/2132/1886 1784/2072/1772 1896/2130/1884
f 1830/2027/1818 1786/2074/1774 1835/2032/1823
f 1828/2025/1816 1830/2027/1818 1835/2032/1823
f 1899/2133/1887 1789/2077/1777 1869/2076/1857
f 1869/2076/1857 1829/2026/1817 1900/2134/1888
f 1900/2134/1888 1899/2133/1887 1869/2076/1857
f 1875/2090/1863 1795/2083/1783 1871/2082/1859
f 1871/2082/1859 1900/2134/1888 1876/2091/1864
f 1876/2091/1864 1875/2090/1863 1871/2082/1859
f 1833/2030/1821 1798/2086/1786 1872/2085/1860
f 1872/2085/1860 1875/2090/1863 1831/2028/1819
f 1831/2028/1819 1833/2030/1821 1872/2085/1860
f 1832/2029/1820 1901/2135/1889 1902/2136/1890
f 1836/2033/1824 1896/2130/1884 1897/2131/1885
f 1834/2031/1822 1836/2033/1824 1897/2131/1885
f 1832/2029/1820 1874/2089/1862 1901/2135/1889
f 1900/2134/1888 1837/2034/1825 1874/2089/1862
f 1828/2025/1816 1837/2034/1825 1900/2134/1888
f 1828/2025/1816 1835/2032/1823 1837/2034/1825
f 1837/2034/1825 1834/2031/1822 1897/2131/1885
f 1897/2131/1885 1873/2088/1861 1903/2137/1891
f 1903/2137/1891 1837/2034/1825 1897/2131/1885
f 1873/2088/1861 1902/2136/1890 1904/2138/1892
f 1904/2138/1892 1837/2034/1825 1903/2137/1891
f 1903/2137/1891 1873/2088/1861 1904/2138/1892
f 1901/2135/1889 1837/2034/1825 1904/2138/1892
f 1904/2138/1892 1902/2136/1890 1901/2135/1889
f 1874/2089/1862 1837/2034/1825 1901/2135/1889
f 1800/1997/1788 1820/2017/1808 1776/1973/1764
f 1776/1973/1764 1775/1972/1763 1838/2035/1826
f 1838/2035/1826 1800/1997/1788 1776/1973/1764
f 1803/2038/1791 1801/2139/1789 1758/2140/1746
f 1758/2140/1746 1757/2092/1745 1839/2036/1827
f 1839/2036/1827 1803/2038/1791 1758/2140/1746
f 1806/2003/1794 1804/2093/1792 1764/1961/1752
f 1764/1961/1752 1763/1960/1751 1840/2039/1828
f 1840/2039/1828 1806/2003/1794 1764/1961/1752
f 1812/2009/1800 1807/2004/1795 1840/2039/1828
f 1840/2039/1828 1763/1960/1751 1841/2040/1829
f 1841/2040/1829 1812/2009/1800 1840/2039/1828
f 1813/2010/1801 1809/2006/1797 1767/1964/1755
f 1767/1964/1755 1766/1963/1754 1842/2041/1830
f 1842/2041/1830 1813/2010/1801 1767/1964/1755
f 1816/2013/1804 1814/2119/1802 1770/2141/1758
f 1770/2141/1758 1769/2142/1757 1843/2042/1831
f 1843/2042/1831 1816/2013/1804 1770/2141/1758
f 1846/2045/1834 1817/2096/1805 1773/1970/1761
f 1773/1970/1761 1772/1969/1760 1844/2043/1832
f 1844/2043/1832 1846/2045/1834 1773/1970/1761
f 1819/2016/1807 1845/2044/1833 1844/2043/1832
f 1844/2043/1832 1772/1969/1760 1847/2046/1835
f 1847/2046/1835 1819/2016/1807 1844/2043/1832
f 1756/1953/1744 1775/1972/1763 1779/1976/1767
f 1779/1976/1767 1778/1975/1766 1848/2047/1836
f 1848/2047/1836 1756/1953/1744 1779/1976/1767
f 1759/1956/1747 1757/2092/1745 1848/2143/1836
f 1848/2143/1836 1778/2098/1766 1849/2048/1837
f 1849/2048/1837 1759/1956/1747 1848/2143/1836
f 1762/1959/1750 1760/2095/1748 1782/2144/1770
f 1782/2144/1770 1781/2099/1769 1850/2049/1838
f 1850/2049/1838 1762/1959/1750 1782/2144/1770
f 1763/1960/1751 1784/1981/1772 1851/2050/1839
f 1851/2050/1839 1765/1962/1753 1763/1960/1751
f 1768/1965/1756 1766/1963/1754 1787/1984/1775
f 1787/1984/1775 1786/1983/1774 1852/2051/1840
f 1852/2051/1840 1768/1965/1756 1787/1984/1775
f 1843/2042/1831 1769/2142/1757 1790/2145/1778
f 1790/2145/1778 1789/2100/1777 1853/2052/1841
f 1853/2052/1841 1843/2042/1831 1790/2145/1778
f 1771/2146/1759 1854/2053/1842 1796/2147/1784
f 1796/1993/1784 1795/1992/1783 1855/2054/1843
f 1855/2054/1843 1771/1968/1759 1796/1993/1784
f 1774/1971/1762 1772/1969/1760 1855/2054/1843
f 1855/2054/1843 1795/1992/1783 1856/2055/1844
f 1856/2055/1844 1774/1971/1762 1855/2054/1843
f 1905/2148/1893 1893/2125/1881 1821/2018/1809
f 1821/2018/1809 1859/2149/1847 1905/2148/1893
f 1821/2018/1809 1820/2017/1808 1857/2104/1845
f 1857/2104/1845 1859/2149/1847 1821/2018/1809
f 1862/2061/1850 1858/2057/1846 1802/2103/1790
f 1802/2103/1790 1801/2105/1789 1860/2059/1848
f 1860/2059/1848 1862/2061/1850 1802/2103/1790
f 1865/2150/1853 1861/2060/1849 1808/2106/1796
f 1808/2005/1796 1807/2004/1795 1863/2062/1851
f 1863/2062/1851 1865/2064/1853 1808/2005/1796
f 1863/2062/1851 1807/2004/1795 1812/2009/1800
f 1886/2116/1874 1906/2151/1894 1907/2152/1895
f 1886/2116/1874 1907/2152/1895 1883/2153/1871
f 1886/2116/1874 1883/2153/1871 1815/2154/1803
f 1815/2154/1803 1814/2119/1802 1886/2116/1874
f 1908/2155/1896 1845/2044/1833 1894/2128/1882
f 1777/2067/1765 1798/2086/1786 1824/2021/1812
f 1824/2021/1812 1823/2020/1811 1866/2065/1854
f 1866/2065/1854 1777/2067/1765 1824/2021/1812
f 1780/2070/1768 1778/2066/1766 1866/2065/1854
f 1866/2065/1854 1823/2020/1811 1867/2068/1855
f 1867/2068/1855 1780/2070/1768 1866/2065/1854
f 1783/2073/1771 1781/2069/1769 1827/2024/1815
f 1827/2024/1815 1826/2023/1814 1868/2071/1856
f 1868/2071/1856 1783/2073/1771 1827/2024/1815
f 1785/2075/1773 1784/2072/1772 1898/2132/1886
f 1835/2032/1823 1785/2075/1773 1898/2132/1886
f 1788/2078/1776 1786/2074/1774 1830/2027/1818
f 1830/2027/1818 1829/2026/1817 1869/2076/1857
f 1869/2076/1857 1788/2078/1776 1830/2027/1818
f 1791/2081/1779 1789/2077/1777 1899/2133/1887
f 1899/2133/1887 1900/2134/1888 1870/2079/1858
f 1870/2079/1858 1791/2081/1779 1899/2133/1887
f 1794/2084/1782 1792/2080/1780 1870/2079/1858
f 1870/2079/1858 1900/2134/1888 1871/2082/1859
f 1871/2082/1859 1794/2084/1782 1870/2079/1858
f 1797/2087/1785 1795/2083/1783 1875/2090/1863
f 1872/2085/1860 1797/2087/1785 1875/2090/1863
f 1822/2019/1810 1832/2029/1820 1902/2136/1890
f 1823/2020/1811 1822/2019/1810 1902/2136/1890
f 1823/2020/1811 1902/2136/1890 1873/2088/1861
f 1873/2088/1861 1825/2022/1813 1823/2020/1811
f 1897/2131/1885 1826/2023/1814 1873/2088/1861
f 1898/2132/1886 1896/2130/1884 1836/2033/1824
f 1835/2032/1823 1898/2132/1886 1836/2033/1824
f 1900/2134/1888 1829/2026/1817 1828/2025/1816
f 1874/2089/1862 1876/2091/1864 1900/2134/1888
f 1831/2028/1819 1875/2090/1863 1874/2089/1862
f 1832/2029/1820 1831/2028/1819 1874/2089/1862
f 1859/2058/1847 1858/2057/1846 1909/2156/1897
f 1909/2156/1897 1910/2157/1898 1859/2058/1847
f 1861/2060/1849 1911/2158/1899 1912/2159/1900
f 1912/2159/1900 1862/2061/1850 1861/2060/1849
f 1862/2061/1850 1912/2159/1900 1913/2160/1901
f 1886/2116/1874 1887/2118/1875 1914/2161/1902
f 1911/2158/1899 1861/2060/1849 1865/2150/1853
f 1865/2150/1853 1915/2162/1903 1911/2158/1899
f 1864/2063/1852 1916/2163/1904 1917/2164/1905
f 1906/2151/1894 1886/2116/1874 1914/2161/1902
f 1810/2007/1798 1809/2006/1797 1879/2109/1867
f 1918/2165/1906 1845/2044/1833 1908/2155/1896
f 1819/2016/1807 1821/2018/1809 1892/2127/1880
f 1892/2127/1880 1919/2166/1907 1819/2016/1807
f 1920/2167/1908 1895/2129/1883 1819/2016/1807
f 1819/2016/1807 1919/2166/1907 1920/2167/1908
f 1846/2045/1834 1845/2044/1833 1921/2168/1909
f 1921/2168/1909 1889/2124/1877 1846/2045/1834
f 1921/2168/1909 1845/2044/1833 1918/2165/1906
f 1922/2169/1910 1905/2170/1893 1859/2058/1847
f 1859/2058/1847 1910/2157/1898 1922/2169/1910
f 1923/2171/1911 1909/2156/1897 1858/2057/1846
f 1858/2057/1846 1862/2061/1850 1923/2171/1911
f 1923/2171/1911 1862/2061/1850 1913/2160/1901
f 1865/2150/1853 1864/2172/1852 1924/2173/1912
f 1924/2173/1912 1915/2162/1903 1865/2150/1853
f 1924/2173/1912 1864/2172/1852 1917/2174/1905
f 1812/2009/1800 1925/2175/1913 1926/2176/1914
f 1926/2176/1914 1927/2177/1915 1812/2009/1800
f 1864/2063/1852 1863/2062/1851 1928/2178/1916
f 1928/2178/1916 1916/2163/1904 1864/2063/1852
f 1928/2178/1916 1863/2062/1851 1812/2009/1800
f 1928/2178/1916 1812/2009/1800 1927/2177/1915
f 1925/2175/1913 1812/2009/1800 1877/2108/1865
f 1930/2179/1918 1931/2180/1919 1932/2181/1920
f 1932/2181/1920 1929/2182/1917 1930/2179/1918
f 1933/2183/1921 1934/2184/1922 1931/2180/1919
f 1931/2180/1919 1930/2179/1918 1933/2183/1921
f 1880/2111/1868 1935/2185/1923 1936/2186/1924
f 1936/2186/1924 1934/2184/1922 1880/2111/1868
f 1934/2184/1922 1933/2183/1921 1937/2187/1925
f 1937/2187/1925 1880/2111/1868 1934/2184/1922
f 1883/2153/1871 1938/2188/1926 1939/2189/1927
f 1939/2189/1927 1936/2190/1924 1883/2153/1871
f 1940/2191/1928 1883/2153/1871 1936/2190/1924
f 1936/2190/1924 1935/2192/1923 1940/2191/1928
f 1941/2193/1929 1942/2194/1930 1884/2117/1872
f 1884/2117/1872 1942/2194/1930 1943/2195/1931
f 1943/2195/1931 1944/2196/1932 1884/2117/1872
f 1941/2197/1929 1889/2124/1877 1945/2198/1933
f 1945/2198/1933 1942/2199/1930 1941/2197/1929
f 1946/2200/1934 1945/2198/1933 1889/2124/1877
f 1889/2124/1877 1947/2201/1935 1946/2200/1934
f 1946/2200/1934 1948/2202/1936 1949/2203/1937
f 1949/2203/1937 1945/2198/1933 1946/2200/1934
f 1948/2202/1936 1950/2204/1938 1951/2205/1939
f 1951/2205/1939 1949/2203/1937 1948/2202/1936
f 1952/2206/1940 1953/2207/1941 1954/2208/1942
f 1954/2208/1942 1951/2205/1939 1952/2206/1940
f 1950/2204/1938 1952/2206/1940 1951/2205/1939
f 1954/2208/1942 1953/2207/1941 1892/2127/1880
f 1892/2127/1880 1955/2209/1943 1954/2208/1942
f 1956/2210/1944 1955/2209/1943 1892/2127/1880
f 1957/2211/1945 1958/2212/1946 1959/2213/1947
f 1959/2213/1947 1960/2214/1948 1957/2211/1945
f 1961/2215/1949 1960/2214/1948 1959/2213/1947
f 1962/2216/1950 1963/2217/1951 1929/2182/1917
f 1929/2182/1917 1932/2181/1920 1962/2216/1950
f 1962/2216/1950 1932/2181/1920 1964/2218/1952
f 1932/2181/1920 1931/2180/1919 1965/2219/1953
f 1965/2219/1953 1966/2220/1954 1932/2181/1920
f 1931/2180/1919 1934/2184/1922 1967/2221/1955
f 1967/2221/1955 1965/2219/1953 1931/2180/1919
f 1934/2184/1922 1936/2186/1924 1968/2222/1956
f 1968/2222/1956 1967/2221/1955 1934/2184/1922
f 1936/2190/1924 1939/2189/1927 1969/2223/1957
f 1969/2223/1957 1968/2224/1956 1936/2190/1924
f 1939/2189/1927 1943/2195/1931 1970/2225/1958
f 1970/2225/1958 1969/2223/1957 1939/2189/1927
f 1942/2194/1930 1971/2226/1959 1970/2225/1958
f 1970/2225/1958 1943/2195/1931 1942/2194/1930
f 1945/2198/1933 1972/2227/1960 1971/2228/1959
f 1971/2228/1959 1942/2199/1930 1945/2198/1933
f 1949/2203/1937 1973/2229/1961 1972/2227/1960
f 1972/2227/1960 1945/2198/1933 1949/2203/1937
f 1951/2205/1939 1974/2230/1962 1973/2229/1961
f 1973/2229/1961 1949/2203/1937 1951/2205/1939
f 1951/2205/1939 1954/2208/1942 1975/2231/1963
f 1975/2231/1963 1974/2230/1962 1951/2205/1939
f 1954/2208/1942 1955/2209/1943 1976/2232/1964
f 1976/2232/1964 1975/2231/1963 1954/2208/1942
f 1955/2209/1943 1977/2233/1965 1978/2234/1966
f 1978/2234/1966 1976/2232/1964 1955/2209/1943
f 1977/2235/1965 1957/2211/1945 1979/2236/1967
f 1979/2236/1967 1978/2237/1966 1977/2235/1965
f 1960/2214/1948 1980/2238/1968 1979/2236/1967
f 1979/2236/1967 1957/2211/1945 1960/2214/1948
f 1981/2239/1969 1982/2240/1970 1980/2238/1968
f 1980/2238/1968 1960/2214/1948 1981/2239/1969
f 1983/2241/1971 1984/2242/1972 1982/2243/1970
f 1982/2243/1970 1981/2244/1969 1983/2241/1971
f 1983/2241/1971 1964/2218/1952 1985/2245/1973
f 1985/2245/1973 1984/2242/1972 1983/2241/1971
f 1932/2181/1920 1966/2220/1954 1985/2245/1973
f 1985/2245/1973 1964/2218/1952 1932/2181/1920
f 1966/2220/1954 1965/2219/1953 1986/2246/1974
f 1986/2246/1974 1987/2247/1975 1966/2220/1954
f 1965/2219/1953 1967/2221/1955 1988/2248/1976
f 1988/2248/1976 1986/2246/1974 1965/2219/1953
f 1967/2221/1955 1968/2222/1956 1989/2249/1977
f 1989/2249/1977 1988/2248/1976 1967/2221/1955
f 1968/2224/1956 1969/2223/1957 1990/2250/1978
f 1990/2250/1978 1989/2251/1977 1968/2224/1956
f 1969/2223/1957 1970/2225/1958 1991/2252/1979
f 1991/2252/1979 1990/2250/1978 1969/2223/1957
f 1971/2226/1959 1992/2253/1980 1991/2252/1979
f 1991/2252/1979 1970/2225/1958 1971/2226/1959
f 1972/2227/1960 1993/2254/1981 1992/2255/1980
f 1992/2255/1980 1971/2228/1959 1972/2227/1960
f 1973/2229/1961 1994/2256/1982 1993/2254/1981
f 1993/2254/1981 1972/2227/1960 1973/2229/1961
f 1974/2230/1962 1995/2257/1983 1994/2256/1982
f 1994/2256/1982 1973/2229/1961 1974/2230/1962
f 1974/2230/1962 1975/2231/1963 1996/2258/1984
f 1996/2258/1984 1995/2257/1983 1974/2230/1962
f 1975/2231/1963 1976/2232/1964 1997/2259/1985
f 1997/2259/1985 1996/2258/1984 1975/2231/1963
f 1976/2232/1964 1978/2234/1966 1998/2260/1986
f 1998/2260/1986 1997/2259/1985 1976/2232/1964
f 1978/2237/1966 1979/2236/1967 1999/2261/1987
f 1999/2261/1987 1998/2262/1986 1978/2237/1966
f 1980/2238/1968 2000/2263/1988 1999/2261/1987
f 1999/2261/1987 1979/2236/1967 1980/2238/1968
f 1982/2240/1970 2001/2264/1989 2000/2263/1988
f 2000/2263/1988 1980/2238/1968 1982/2240/1970
f 1984/2242/1972 2002/2265/1990 2001/2266/1989
f 2001/2266/1989 1982/2243/1970 1984/2242/1972
f 1984/2242/1972 1985/2245/1973 2003/2267/1991
f 2003/2267/1991 2002/2265/1990 1984/2242/1972
f 1966/2220/1954 1987/2247/1975 2003/2267/1991
f 2003/2267/1991 1985/2245/1973 1966/2220/1954
f 1987/2247/1975 1986/2246/1974 2004/2268/1992
f 2004/2268/1992 2005/2269/1993 1987/2247/1975
f 1986/2246/1974 1988/2248/1976 2006/2270/1994
f 2006/2270/1994 2004/2268/1992 1986/2246/1974
f 1988/2248/1976 1989/2249/1977 2007/2271/1995
f 2007/2271/1995 2006/2270/1994 1988/2248/1976
f 1989/2251/1977 1990/2250/1978 2008/2272/1996
f 2008/2272/1996 2007/2273/1995 1989/2251/1977
f 1990/2250/1978 1991/2252/1979 2009/2274/1997
f 2009/2274/1997 2008/2272/1996 1990/2250/1978
f 1991/2252/1979 1992/2253/1980 2010/2275/1998
f 2010/2275/1998 2009/2274/1997 1991/2252/1979
f 1992/2276/1980 1993/2277/1981 2011/2278/1999
f 2011/2278/1999 2010/2279/1998 1992/2276/1980
f 1993/2254/1981 1994/2256/1982 2012/2280/2000
f 2012/2280/2000 2011/2281/1999 1993/2254/1981
f 1994/2256/1982 1995/2257/1983 2013/2282/2001
f 2013/2282/2001 2012/2280/2000 1994/2256/1982
f 1995/2257/1983 1996/2258/1984 2014/2283/2002
f 2014/2283/2002 2013/2282/2001 1995/2257/1983
f 1996/2284/1984 1997/2285/1985 2015/2286/2003
f 2015/2286/2003 2014/2287/2002 1996/2284/1984
f 1997/2259/1985 1998/2260/1986 2016/2288/2004
f 2016/2289/2004 2015/2290/2003 1997/2291/1985
f 1998/2262/1986 1999/2261/1987 2017/2292/2005
f 2017/2292/2005 2016/2289/2004 1998/2262/1986
f 2000/2263/1988 2018/2293/2006 2017/2292/2005
f 2017/2292/2005 1999/2261/1987 2000/2263/1988
f 2001/2264/1989 2019/2294/2007 2018/2293/2006
f 2018/2293/2006 2000/2263/1988 2001/2264/1989
f 2001/2264/1989 2002/2295/1990 2020/2296/2008
f 2020/2296/2008 2019/2294/2007 2001/2264/1989
f 2002/2265/1990 2003/2267/1991 2021/2297/2009
f 2021/2297/2009 2020/2298/2008 2002/2265/1990
f 2003/2267/1991 1987/2247/1975 2005/2269/1993
f 2005/2269/1993 2021/2297/2009 2003/2267/1991
f 2005/2269/1993 2004/2268/1992 2022/2299/2010
f 2022/2299/2010 2023/2300/2011 2005/2269/1993
f 2004/2268/1992 2006/2270/1994 2024/2301/2012
f 2024/2301/2012 2022/2299/2010 2004/2268/1992
f 2006/2270/1994 2007/2271/1995 2025/2302/2013
f 2025/2302/2013 2024/2301/2012 2006/2270/1994
f 2007/2273/1995 2008/2272/1996 2026/2303/2014
f 2026/2303/2014 2025/2304/2013 2007/2273/1995
f 2008/2272/1996 2009/2274/1997 2027/2305/2015
f 2027/2305/2015 2026/2303/2014 2008/2272/1996
f 2009/2274/1997 2010/2275/1998 2028/2306/2016
f 2028/2306/2016 2027/2305/2015 2009/2274/1997
f 2010/2307/1998 2011/2281/1999 2029/2308/2017
f 2029/2308/2017 2028/2309/2016 2010/2307/1998
f 2011/2281/1999 2012/2280/2000 2030/2310/2018
f 2030/2310/2018 2029/2308/2017 2011/2281/1999
f 2013/2282/2001 2031/2311/2019 2030/2310/2018
f 2030/2310/2018 2012/2280/2000 2013/2282/2001
f 2014/2283/2002 2032/2312/2020 2031/2311/2019
f 2031/2311/2019 2013/2282/2001 2014/2283/2002
f 2014/2283/2002 2015/2313/2003 2033/2314/2021
f 2033/2314/2021 2032/2312/2020 2014/2283/2002
f 2016/2315/2004 2034/2316/2022 2033/2317/2021
f 2033/2317/2021 2015/2290/2003 2016/2315/2004
f 2016/2289/2004 2017/2292/2005 2035/2318/2023
f 2035/2318/2023 2034/2316/2022 2016/2289/2004
f 2017/2292/2005 2018/2293/2006 2036/2319/2024
f 2036/2319/2024 2035/2318/2023 2017/2292/2005
f 2018/2293/2006 2019/2294/2007 2037/2320/2025
f 2037/2320/2025 2036/2319/2024 2018/2293/2006
f 2019/2321/2007 2020/2298/2008 2038/2322/2026
f 2038/2322/2026 2037/2323/2025 2019/2321/2007
f 2020/2298/2008 2021/2297/2009 2039/2324/2027
f 2039/2324/2027 2038/2322/2026 2020/2298/2008
f 2021/2297/2009 2005/2269/1993 2023/2300/2011
f 2023/2300/2011 2039/2324/2027 2021/2297/2009
f 2023/2325/2011 2022/2326/2010 2024/2327/2012
f 2024/2327/2012 2025/2328/2013 2026/2329/2014
f 2026/2329/2014 2027/2330/2015 2028/2331/2016
f 2024/2327/2012 2026/2329/2014 2028/2331/2016
f 2028/2331/2016 2029/2332/2017 2030/2333/2018
f 2030/2333/2018 2031/2334/2019 2032/2335/2020
f 2028/2331/2016 2030/2333/2018 2032/2335/2020
f 2024/2327/2012 2028/2331/2016 2032/2335/2020
f 2032/2335/2020 2033/2336/2021 2034/2337/2022
f 2034/2337/2022 2035/2338/2023 2036/2339/2024
f 2032/2335/2020 2034/2337/2022 2036/2339/2024
f 2024/2327/2012 2032/2335/2020 2036/2339/2024
f 2036/2318/2024 2037/2316/2025 2038/2340/2026
f 2024/2327/2012 2036/2339/2024 2038/2341/2026
f 2023/2325/2011 2024/2327/2012 2038/2341/2026
f 2039/2342/2027 2023/2325/2011 2038/2341/2026
f 1948/2343/1936 1946/2344/1934 1947/2345/1935
f 1948/2343/1936 1947/2345/1935 1918/2346/1906
f 1948/2343/1936 1918/2346/1906 1908/2347/1896
f 1895/2348/1883 1952/2349/1940 1950/2350/1938
f 1894/2351/1882 1895/2348/1883 1950/2350/1938
f 2040/2352/2028 1894/2351/1882 1950/2350/1938
f 1908/2347/1896 2040/2352/2028 1950/2350/1938
f 1948/2343/1936 1908/2347/1896 1950/2350/1938
f 1889/2124/1877 1941/2197/1929 2041/2353/2029
f 2041/2353/2029 1947/2201/1935 1889/2124/1877
f 2042/2354/2030 1883/2153/1871 1940/2191/1928
f 1940/2191/1928 1935/2192/1923 2042/2354/2030
f 2043/2355/2031 1938/2188/1926 1883/2153/1871
f 1883/2153/1871 2042/2354/2030 2043/2355/2031
f 2042/2356/2030 1935/2185/1923 1880/2111/1868
f 1880/2111/1868 1937/2187/1925 2042/2356/2030
f 2044/2357/2032 2041/2358/2029 1884/2117/1872
f 1884/2117/1872 1944/2196/1932 2044/2357/2032
f 2041/2358/2029 1941/2193/1929 1884/2117/1872
f 2045/2359/2033 2046/2360/2034 1892/2127/1880
f 1892/2127/1880 1953/2207/1941 2045/2359/2033
f 1892/2127/1880 2046/2360/2034 1956/2210/1944
f 1952/2206/1940 2045/2359/2033 1953/2207/1941
f 1959/2213/1947 1958/2212/1946 2047/2361/2035
f 2047/2361/2035 2048/2362/2036 1959/2213/1947
f 1959/2213/1947 2048/2362/2036 1961/2215/1949
f 1981/2239/1969 1960/2214/1948 1961/2215/1949
f 1961/2215/1949 2049/2363/2037 1981/2239/1969
f 2049/2363/2037 1961/2215/1949 2048/2362/2036
f 2048/2362/2036 2050/2364/2038 2049/2363/2037
f 1937/2365/1925 1933/2366/1921 1930/2367/1918
f 1930/2367/1918 1929/2368/1917 1963/2369/1951
f 1963/2369/1951 2051/2370/2039 2050/2371/2038
f 1930/2367/1918 1963/2369/1951 2050/2371/2038
f 2050/2371/2038 2048/2372/2036 2047/2373/2035
f 2047/2373/2035 2052/2374/2040 2046/2375/2034
f 2050/2371/2038 2047/2373/2035 2046/2375/2034
f 2046/2375/2034 2045/2376/2033 1952/2349/1940
f 1952/2349/1940 1895/2348/1883 1894/2351/1882
f 2046/2375/2034 1952/2349/1940 1894/2351/1882
f 2050/2371/2038 2046/2375/2034 1894/2351/1882
f 2040/2352/2028 1908/2347/1896 1918/2346/1906
f 1894/2351/1882 2040/2352/2028 1918/2346/1906
f 1918/2346/1906 1947/2345/1935 2041/2377/2029
f 2041/2377/2029 2044/2378/2032 2043/2379/2031
f 1918/2346/1906 2041/2377/2029 2043/2379/2031
f 1894/2351/1882 1918/2346/1906 2043/2379/2031
f 2050/2371/2038 1894/2351/1882 2043/2379/2031
f 1930/2367/1918 2050/2371/2038 2043/2379/2031
f 1937/2365/1925 1930/2367/1918 2043/2379/2031
f 1937/2365/1925 2043/2379/2031 2042/2380/2030
f 1938/2188/1926 2043/2355/2031 2044/2357/2032
f 1938/2188/1926 2044/2357/2032 1944/2196/1932
f 1938/2188/1926 1944/2196/1932 1943/2195/1931
f 1938/2188/1926 1943/2195/1931 1939/2189/1927
f 2053/2381/2041 1977/2233/1965 1955/2209/1943
f 2053/2381/2041 1955/2209/1943 1956/2210/1944
f 2053/2381/2041 1956/2210/1944 2046/2360/2034
f 2053/2381/2041 2046/2360/2034 2052/2382/2040
f 1958/2212/1946 1957/2211/1945 1977/2235/1965
f 1977/2235/1965 2053/2383/2041 1958/2212/1946
f 1958/2212/1946 2053/2383/2041 2052/2384/2040
f 1958/2212/1946 2052/2384/2040 2047/2361/2035
f 1962/2216/1950 1964/2218/1952 1983/2241/1971
f 1962/2216/1950 1983/2241/1971 2054/2178/2042
f 2054/2178/2042 2051/2385/2039 1962/2216/1950
f 1962/2216/1950 2051/2385/2039 1963/2217/1951
f 2054/2178/2042 1983/2241/1971 1981/2244/1969
f 2054/2178/2042 1981/2244/1969 2049/2386/2037
f 2054/2178/2042 2049/2386/2037 2050/2387/2038
f 2054/2178/2042 2050/2387/2038 2051/2385/2039
o botaIzq
v 0.094800 -1.839200 0.722900
v 0.265500 -1.839800 0.932500
v 0.265900 -1.763800 0.916000
v 0.439500 -1.839800 0.977700
v 0.613400 -1.839800 0.932500
v 0.613000 -1.763800 0.916000
v 0.784100 -1.840300 0.722900
v 0.859200 -1.915400 0.453900
v 0.777600 -1.754200 0.694400
v 0.903900 -1.839600 0.161300
v 0.859400 -1.839800 -0.138400
v 0.851800 -1.765600 -0.129800
v 0.766300 -1.839500 -0.319200
v 0.613400 -1.839800 -0.450600
v 0.610000 -1.766400 -0.446100
v 0.112700 -1.839400 -0.319200
v 0.019500 -1.839800 -0.138400
v 0.115400 -1.760900 -0.310800
v -0.024900 -1.839600 0.161300
v 0.019500 -1.839800 0.460900
v 0.026500 -1.765500 0.452000
v 0.147400 -2.006700 0.667400
v 0.278800 -1.984500 0.877500
v 0.101100 -1.931100 0.691900
v 0.439500 -2.006100 0.896000
v 0.600200 -1.984500 0.877500
v 0.616000 -1.917400 0.921100
v 0.729900 -2.003600 0.666500
v 0.827500 -1.984500 0.438100
v 0.848000 -2.004400 0.161300
v 0.827500 -1.984500 -0.115600
v 0.859100 -1.915700 -0.133400
v 0.725400 -2.000300 -0.285700
v 0.600200 -1.984500 -0.438900
v 0.615400 -1.913900 -0.462500
v 0.439500 -2.001100 -0.454300
v 0.278800 -1.984500 -0.438900
v 0.264600 -1.913600 -0.459700
v 0.150600 -2.001500 -0.287900
v 0.051500 -1.984500 -0.115600
v 0.124800 -1.931000 -0.316500
v 0.034200 -2.002400 0.161300
v 0.051500 -1.984500 0.438100
v 0.017500 -1.915900 0.454800
v 0.136700 -1.676500 0.673200
v 0.278800 -1.695000 0.877500
v 0.291900 -1.622000 0.783300
v 0.439500 -1.674500 0.906700
v 0.600200 -1.695000 0.877500
v 0.587000 -1.621500 0.783600
v 0.743900 -1.676000 0.674100
v 0.827500 -1.695000 0.438100
v 0.716000 -1.612000 0.565500
v 0.827500 -1.695000 -0.115600
v 0.806300 -1.653400 -0.098000
v 0.825100 -1.653400 0.036300
v 0.858400 -1.681200 0.161300
v 0.739800 -1.682000 -0.291900
v 0.600200 -1.695000 -0.428700
v 0.586800 -1.627400 -0.399600
v 0.439500 -1.683300 -0.462200
v 0.278800 -1.695000 -0.428700
v 0.293000 -1.627900 -0.399000
v 0.020500 -1.681200 0.161300
v 0.051500 -1.695000 0.438100
v 0.086900 -1.626500 0.408600
v 0.229400 -1.994200 0.523000
v 0.316500 -1.993100 0.672800
v 0.180400 -2.003300 0.559100
v 0.439500 -1.994200 0.672900
v 0.562500 -1.993100 0.672800
v 0.583700 -2.002100 0.775400
v 0.534000 -1.958800 -0.232500
v 0.562500 -1.957000 -0.350300
v 0.696400 -1.979700 -0.236000
v 0.142400 -1.995200 0.161300
v 0.142500 -1.993100 0.373200
v 0.095900 -1.995800 0.405200
v 0.600000 -2.007300 0.161300
v 0.783300 -2.000300 -0.083600
v 0.668400 -2.014500 0.209700
v 0.439500 -2.006300 0.161300
v 0.102200 -1.753400 0.693500
v 0.432100 -1.751100 0.956500
v 0.852500 -1.765500 0.452100
v 0.889900 -1.758000 0.173100
v 0.763600 -1.760600 -0.310700
v 0.447300 -1.760000 -0.484600
v 0.027200 -1.765600 -0.129900
v 0.051500 -1.695000 -0.115600
v 0.138900 -1.681900 -0.292100
v -0.012700 -1.756100 0.149000
v 0.263900 -1.917100 0.920200
v 0.450100 -1.934200 0.955900
v 0.774700 -1.932100 0.689300
v 0.893300 -1.931600 0.146300
v 0.752200 -1.931200 -0.315300
v 0.423700 -1.931700 -0.490600
v 0.269200 -1.766400 -0.445900
v 0.020100 -1.915500 -0.132700
v -0.014400 -1.930600 0.175900
v 0.163600 -1.612300 0.564900
v 0.316500 -1.572200 0.672800
v 0.225100 -1.562600 0.525700
v 0.418800 -1.603500 0.796400
v 0.562500 -1.572200 0.672800
v 0.439500 -1.559300 0.678200
v 0.792400 -1.626100 0.409000
v 0.736400 -1.572200 0.373200
v 0.654000 -1.562000 0.525800
v 0.294800 -2.005000 0.775500
v 0.456800 -2.014000 0.778900
v 0.700000 -2.006100 0.560600
v 0.580300 -1.979900 -0.391300
v 0.297200 -1.997200 -0.395500
v 0.179200 -2.005200 -0.237800
v 0.091200 -2.003500 0.193000
v 0.506100 -1.987300 0.438100
v 0.257500 -2.000600 -0.083200
v 0.095600 -1.997700 -0.082600
v 0.229400 -1.995400 -0.200500
v 0.827300 -1.653400 0.107200
v 0.747500 -1.653800 -0.234400
v 0.770700 -1.653400 -0.182200
v 0.723900 -1.634800 -0.259500
v 0.639700 -1.622100 -0.337000
v 0.641900 -1.622000 -0.334600
v 0.570700 -1.590900 -0.367000
v 0.306800 -1.595300 -0.370500
v 0.360500 -1.604500 -0.390400
v 0.462100 -1.612500 -0.418800
v 0.403700 -1.596300 -0.391300
v 0.245100 -1.622900 -0.343700
v 0.151700 -1.642500 -0.265700
v 0.226300 -1.632400 -0.333700
v 0.110100 -1.598900 0.348000
v 0.079800 -1.619500 0.284000
v 0.137100 -1.577500 0.376600
v 0.061000 -1.653400 0.003800
v 0.040300 -1.653400 0.147500
v 0.784800 -2.006500 0.406000
v 0.553200 -1.995000 0.357000
v 0.791700 -2.013000 0.192700
v 0.457600 -2.001900 -0.398700
v 0.316500 -1.993100 -0.350300
v 0.278800 -2.002600 0.276000
v 0.325800 -2.000500 0.357100
v 0.472800 -1.997700 0.299800
v 0.406200 -2.002700 0.299800
v 0.152400 -1.571100 0.391400
v 0.502400 -1.596300 -0.391300
v 0.506500 -1.597200 -0.391000
v 0.072300 -1.653400 -0.098400
v 0.338700 -1.530200 0.501900
v 0.242700 -1.542800 0.463600
v 0.539800 -1.529200 0.497600
v 0.509400 -1.528400 0.509400
v 0.439500 -1.520600 0.510000
v 0.460000 -1.588300 -0.392000
v 0.635200 -1.541000 0.459600
v 0.738400 -1.574000 0.369800
v 0.735900 -1.571800 0.372400
v 0.107800 -1.653400 -0.183000
v 0.046800 -1.653000 0.209900
v 0.045700 -1.653200 0.200400
v 0.138200 -1.653700 -0.251200
v 0.217800 -1.553900 0.452700
v 0.357500 -1.529700 0.509200
v 0.650000 -1.546700 0.453200
v 0.830000 -1.653600 0.145000
v 0.822900 -1.639100 0.210300
v 0.786600 -1.617100 0.286000
v 0.758100 -1.592000 0.348300
v 0.844800 -1.653400 0.056000
v 0.820000 -1.653400 -0.097600
v 0.780200 -1.395600 -0.090900
v 0.802000 -1.395600 0.052500
v 0.748500 -1.653400 -0.232600
v 0.717600 -1.395600 -0.217000
v 0.642200 -1.623000 -0.335300
v 0.621600 -1.395600 -0.310700
v 0.747600 -1.653400 -0.233500
v 0.506900 -1.597500 -0.391200
v 0.503900 -1.395600 -0.360500
v 0.639500 -1.621900 -0.337100
v 0.225900 -1.633600 -0.334400
v 0.261000 -1.395600 -0.310700
v 0.378700 -1.395600 -0.360500
v 0.360400 -1.604800 -0.390500
v 0.165000 -1.395600 -0.217000
v 0.118500 -1.653400 -0.232600
v 0.138200 -1.653400 -0.250700
v 0.047100 -1.653400 -0.097600
v 0.102400 -1.395600 -0.090900
v 0.022300 -1.653400 0.056000
v 0.080600 -1.395600 0.052500
v 0.045600 -1.653400 0.200400
v 0.047000 -1.652800 0.209600
v 0.102400 -1.395600 0.196000
v 0.165000 -1.395600 0.322100
v 0.110000 -1.599000 0.347800
v 0.378700 -1.395600 0.465500
v 0.357700 -1.529700 0.509200
v 0.439500 -1.520700 0.510000
v 0.503900 -1.395600 0.465500
v 0.509400 -1.528400 0.509300
v 0.822700 -1.638900 0.210000
v 0.820000 -1.653400 0.209600
v 0.780200 -1.395600 0.196000
v 0.772300 -1.217900 -0.084300
v 0.793600 -1.217900 0.052500
v 0.711100 -1.217900 -0.204600
v 0.617300 -1.217900 -0.294000
v 0.502300 -1.217900 -0.341500
v 0.379800 -1.217900 -0.341500
v 0.264800 -1.217900 -0.294000
v 0.171000 -1.217900 -0.204600
v 0.109800 -1.217900 -0.084300
v 0.088500 -1.217900 0.052500
v 0.109800 -1.217900 0.189400
v 0.171000 -1.217900 0.309700
v 0.261000 -1.395600 0.415700
v 0.264800 -1.217900 0.399000
v 0.379800 -1.217900 0.446500
v 0.502300 -1.217900 0.446500
v 0.621600 -1.395600 0.415700
v 0.617300 -1.217900 0.399000
v 0.717600 -1.395600 0.322100
v 0.711100 -1.217900 0.309700
v 0.772300 -1.217900 0.189400
v 0.864600 -1.015900 -0.105000
v 0.891300 -1.015900 0.050100
v 0.787800 -1.015900 -0.241500
v 0.670100 -1.015900 -0.342700
v 0.525700 -1.015900 -0.396600
v 0.372000 -1.015900 -0.396600
v 0.227600 -1.015900 -0.342700
v 0.109900 -1.015900 -0.241500
v 0.033100 -1.015900 -0.105000
v 0.006400 -1.015900 0.050100
v 0.033100 -1.015900 0.205200
v 0.109900 -1.015900 0.341700
v 0.227600 -1.015900 0.442900
v 0.372000 -1.015900 0.496800
v 0.525700 -1.015900 0.496800
v 0.670100 -1.015900 0.442900
v 0.787800 -1.015900 0.341700
v 0.864600 -1.015900 0.205200
v 0.953600 -0.937600 -0.117200
v 0.986200 -0.937600 0.072600
v 0.859600 -0.937600 -0.284000
v 0.715600 -0.937600 -0.407900
v 0.539000 -0.937600 -0.473800
v 0.351000 -0.937600 -0.473800
v 0.174400 -0.937600 -0.407900
v 0.030400 -0.937600 -0.284000
v -0.063600 -0.937600 -0.117200
v -0.096200 -0.937600 0.072600
v -0.063600 -0.937600 0.262400
v 0.030400 -0.937600 0.429300
v 0.150600 -0.838800 0.531100
v 0.353500 -0.838800 0.606800
v 0.569400 -0.838800 0.606800
v 0.772300 -0.838800 0.531100
v 0.859600 -0.937600 0.429300
v 0.953600 -0.937600 0.262400
v 0.931900 -0.791400 -0.100000
v 0.962100 -0.791400 0.075500
v 0.845000 -0.791400 -0.254300
v 0.711800 -0.791400 -0.368900
v 0.548400 -0.791400 -0.429900
v 0.374500 -0.791400 -0.429900
v 0.211200 -0.791400 -0.368900
v 0.078000 -0.791400 -0.254300
v -0.008900 -0.791400 -0.100000
v -0.039100 -0.791400 0.075500
v -0.008900 -0.791400 0.251100
v 0.078000 -0.773800 0.405400
v 0.199900 -0.749400 0.459500
v 0.359900 -0.749400 0.512600
v 0.530100 -0.749400 0.512600
v 0.690100 -0.749400 0.459500
v 0.845000 -0.773800 0.405400
v 0.931900 -0.791400 0.251100
v 0.069900 -1.653400 -0.077200
v 0.227900 -1.653400 -0.332900
v 0.639100 -1.653400 -0.332900
v 0.504900 -1.653400 -0.386200
v 0.362100 -1.653400 -0.386200
v 0.047100 -1.653400 0.209600
v 0.118500 -1.653400 0.344600
v 0.362100 -1.653400 0.498200
v 0.504900 -1.653400 0.498200
v 0.650100 -1.546700 0.453200
v 0.639100 -1.653400 0.444900
v 0.748500 -1.653400 0.344600
v 0.227900 -1.653400 0.444900
v 0.217700 -1.553900 0.452700
v 0.758200 -1.592000 0.348200
vn -0.8815 0.0111 0.4721
vn -0.5230 0.0297 0.8518
vn -0.5195 0.3368 0.7853
vn 0.0028 0.0077 1.0000
vn 0.5175 0.0323 0.8551
vn 0.5173 0.3357 0.7872
vn 0.8847 -0.0022 0.4662
vn 0.9506 -0.2150 0.2237
vn 0.8582 0.3153 0.4051
vn 0.9994 0.0344 0.0086
vn 0.9517 0.0460 -0.3037
vn 0.9286 0.2448 -0.2789
vn 0.7805 -0.0202 -0.6249
vn 0.4903 0.1002 -0.8658
vn 0.4486 0.1727 -0.8769
vn -0.7692 -0.0191 -0.6387
vn -0.9501 0.0466 -0.3084
vn -0.7780 0.2225 -0.5875
vn -0.9998 0.0179 0.0030
vn -0.9731 0.0509 0.2246
vn -0.9455 0.2446 0.2148
vn -0.4338 -0.8766 0.2083
vn -0.3746 -0.7664 0.5218
vn -0.8344 -0.3807 0.3986
vn 0.0094 -0.8772 0.4800
vn 0.3605 -0.7805 0.5108
vn 0.5120 -0.3341 0.7914
vn 0.4463 -0.8669 0.2219
vn 0.6697 -0.7209 0.1784
vn 0.5617 -0.8273 -0.0042
vn 0.6144 -0.7578 -0.2196
vn 0.9244 -0.2450 -0.2922
vn 0.3042 -0.9292 -0.2101
vn 0.3272 -0.7690 -0.5492
vn 0.4859 -0.1216 -0.8655
vn 0.0024 -0.8338 -0.5520
vn -0.3435 -0.6660 -0.6621
vn -0.4700 -0.1256 -0.8737
vn -0.4585 -0.8247 -0.3311
vn -0.6317 -0.7509 -0.1927
vn -0.7469 -0.2874 -0.5996
vn -0.4951 -0.8688 0.0047
vn -0.6145 -0.7776 0.1333
vn -0.9467 -0.2390 0.2160
vn -0.7044 0.6068 0.3682
vn -0.4402 0.6161 0.6532
vn -0.3501 0.8225 0.4483
vn 0.0004 0.6954 0.7186
vn 0.4437 0.6111 0.6555
vn 0.3432 0.8262 0.4468
vn 0.7061 0.6038 0.3698
vn 0.8683 0.4491 0.2107
vn 0.5883 0.7649 0.2625
vn 0.8652 0.4339 -0.2515
vn 0.8316 0.5134 -0.2118
vn 0.8494 0.5158 -0.1116
vn 0.8549 0.5187 -0.0108
vn 0.7229 0.4505 -0.5239
vn 0.4285 0.3512 -0.8325
vn 0.3987 0.5622 -0.7246
vn -0.0077 0.3925 -0.9197
vn -0.4308 0.3514 -0.8312
vn -0.3881 0.5727 -0.7221
vn -0.8734 0.4869 0.0059
vn -0.8652 0.4529 0.2154
vn -0.7390 0.6442 0.1972
vn 0.0404 -0.9987 -0.0307
vn 0.0471 -0.9962 -0.0731
vn 0.0253 -0.9977 -0.0631
vn 0.0087 -0.9950 -0.0991
vn -0.0590 -0.9971 -0.0482
vn 0.0552 -0.9969 0.0559
vn 0.0320 -0.9977 -0.0602
vn -0.0766 -0.9624 0.2606
vn -0.1937 -0.9774 0.0851
vn 0.0588 -0.9983 0.0045
vn 0.0123 -0.9999 0.0034
vn -0.0951 -0.9953 0.0189
vn -0.0414 -0.9991 -0.0098
vn 0.1040 -0.9870 -0.1222
vn -0.0511 -0.9987 0.0062
vn 0.0021 -1.0000 -0.0081
vn -0.8483 0.3371 0.4083
vn -0.0220 0.3915 0.9199
vn 0.9546 0.2080 0.2132
vn 0.9637 0.2656 0.0264
vn 0.7782 0.2250 -0.5863
vn 0.0135 0.1721 -0.9850
vn -0.9283 0.2452 -0.2794
vn -0.8678 0.4315 -0.2464
vn -0.7236 0.4449 -0.5277
vn -0.9610 0.2757 -0.0213
vn -0.5152 -0.3339 0.7894
vn 0.0345 -0.4364 0.8991
vn 0.8199 -0.4127 0.3969
vn 0.9453 -0.3251 -0.0278
vn 0.7442 -0.3145 -0.5892
vn -0.0549 -0.2245 -0.9729
vn -0.4502 0.1630 -0.8780
vn -0.9232 -0.2448 -0.2964
vn -0.9400 -0.3401 0.0268
vn -0.5898 0.7630 0.2646
vn -0.2481 0.9210 0.3004
vn -0.3952 0.8867 0.2399
vn -0.0441 0.8894 0.4550
vn 0.2481 0.9224 0.2959
vn -0.0007 0.9556 0.2948
vn 0.7391 0.6483 0.1827
vn 0.5742 0.8095 0.1222
vn 0.3919 0.8876 0.2422
vn -0.0639 -0.9965 0.0542
vn 0.0394 -0.9983 -0.0436
vn 0.0278 -0.9996 0.0009
vn -0.0573 -0.9696 0.2378
vn -0.0583 -0.9931 -0.1013
vn 0.0021 -0.9996 0.0283
vn 0.0587 -0.9979 0.0261
vn -0.0371 -0.9990 0.0255
vn -0.0144 -0.9997 -0.0186
vn -0.1213 -0.9918 -0.0390
vn 0.0412 -0.9990 0.0188
vn 0.6912 0.7222 -0.0263
vn 0.7863 0.5065 -0.3537
vn 0.7848 0.5119 -0.3494
vn 0.7375 0.1832 -0.6500
vn 0.5873 0.5958 -0.5478
vn 0.6217 0.5136 -0.5913
vn 0.3963 0.2618 -0.8800
vn -0.3892 0.2659 -0.8819
vn -0.1461 0.6844 -0.7143
vn 0.0442 0.6213 -0.7823
vn -0.1392 0.6953 -0.7051
vn -0.5806 0.5937 -0.5572
vn -0.7233 0.1826 -0.6660
vn -0.5918 0.5484 -0.5907
vn -0.6699 0.7382 0.0797
vn -0.9143 0.2540 0.3154
vn -0.6164 0.7617 0.1994
vn -0.4921 -0.8678 -0.0687
vn -0.5184 -0.8547 -0.0282
vn 0.2149 -0.9743 0.0678
vn -0.0548 -0.9973 0.0487
vn 0.1008 -0.9948 0.0132
vn 0.0852 -0.9696 0.2294
vn 0.0802 -0.9948 0.0622
vn -0.0381 -0.9991 0.0171
vn 0.0012 -0.9993 0.0386
vn 0.0298 -0.9978 0.0600
vn 0.0335 -0.9982 0.0497
vn -0.5603 0.7884 0.2540
vn 0.1894 0.6992 -0.6894
vn 0.1904 0.6993 -0.6890
vn -0.5051 -0.8549 -0.1188
vn -0.1773 0.9594 0.2195
vn -0.3439 0.9185 0.1954
vn 0.1736 0.9599 0.2202
vn 0.1112 0.9684 0.2231
vn 0.0001 0.9745 0.2242
vn 0.0127 0.7426 -0.6696
vn 0.3191 0.9257 0.2030
vn 0.6814 0.7318 0.0135
vn 0.5466 0.8340 0.0754
vn -0.4581 -0.8653 -0.2033
vn -0.7972 0.5977 0.0846
vn -0.7933 0.6036 0.0791
vn -0.7924 0.4958 -0.3554
vn -0.4041 0.9027 0.1480
vn -0.1114 0.9684 0.2232
vn 0.4166 0.8939 0.1655
vn 0.7129 0.6988 -0.0589
vn 0.8626 0.4428 0.2445
vn 0.6994 0.7138 0.0358
vn 0.6862 0.7271 0.0206
vn 0.7889 -0.6144 -0.0111
vn 0.7496 -0.6137 -0.2481
vn 0.9469 0.1024 -0.3047
vn 0.9941 0.1085 -0.0037
vn 0.6315 -0.6239 -0.4605
vn 0.8032 0.1070 -0.5860
vn 0.6186 -0.0008 -0.7857
vn 0.5497 0.1231 -0.8263
vn 0.5397 -0.6726 -0.5063
vn 0.1778 0.0251 -0.9837
vn 0.1945 0.1322 -0.9720
vn 0.4778 0.0043 -0.8785
vn -0.5552 0.0124 -0.8316
vn -0.5478 0.1351 -0.8256
vn -0.1906 0.1363 -0.9722
vn -0.1828 0.0221 -0.9829
vn -0.7988 0.1271 -0.5879
vn -0.6480 -0.6093 -0.4570
vn -0.4350 -0.7657 -0.4737
vn -0.7655 -0.5922 -0.2516
vn -0.9437 0.1291 -0.3046
vn -0.8087 -0.5882 0.0010
vn -0.9911 0.1332 -0.0008
vn -0.7693 -0.6285 0.1143
vn -0.9605 0.0118 0.2780
vn -0.9449 0.1456 0.2933
vn -0.8000 0.1840 0.5710
vn -0.8250 0.0647 0.5614
vn -0.1916 0.2275 0.9547
vn -0.2116 0.1178 0.9702
vn -0.0001 0.1326 0.9912
vn 0.1984 0.2184 0.9555
vn 0.2020 0.1087 0.9733
vn 0.9558 -0.0075 0.2941
vn 0.6398 -0.7372 0.2170
vn 0.9466 0.1182 0.2998
vn 0.9326 -0.1906 -0.3064
vn 0.9794 -0.2019 0.0005
vn 0.7880 -0.1588 -0.5949
vn 0.5365 -0.1195 -0.8354
vn 0.1917 -0.0909 -0.9772
vn -0.1966 -0.0842 -0.9769
vn -0.5408 -0.1014 -0.8350
vn -0.7925 -0.1326 -0.5953
vn -0.9381 -0.1602 -0.3070
vn -0.9854 -0.1702 0.0005
vn -0.9383 -0.1567 0.3083
vn -0.7924 -0.1258 0.5969
vn -0.5373 0.2186 0.8146
vn -0.5404 -0.0918 0.8364
vn -0.1965 -0.0730 0.9778
vn 0.1916 -0.0797 0.9782
vn 0.5498 0.1910 0.8131
vn 0.5361 -0.1100 0.8369
vn 0.8020 0.1470 0.5789
vn 0.7846 -0.1546 0.6004
vn 0.9339 -0.1909 0.3022
vn 0.7471 -0.6077 -0.2693
vn 0.7782 -0.6280 -0.0082
vn 0.6320 -0.5791 -0.5151
vn 0.4307 -0.5478 -0.7172
vn 0.1573 -0.5244 -0.8368
vn -0.1505 -0.5226 -0.8392
vn -0.4275 -0.5434 -0.7225
vn -0.6328 -0.5734 -0.5203
vn -0.7514 -0.6012 -0.2720
vn -0.7843 -0.6203 -0.0077
vn -0.7356 -0.6293 0.2509
vn -0.5937 -0.5828 0.5549
vn -0.4616 -0.4230 0.7797
vn -0.1652 -0.4030 0.9002
vn 0.1614 -0.4173 0.8943
vn 0.4073 -0.4870 0.7726
vn 0.6059 -0.6333 0.4814
vn 0.7324 -0.6355 0.2444
vn 0.8958 -0.3120 -0.3166
vn 0.9420 -0.3355 0.0050
vn 0.7403 -0.2852 -0.6087
vn 0.4874 -0.2592 -0.8338
vn 0.1655 -0.2381 -0.9570
vn -0.1816 -0.2250 -0.9573
vn -0.5040 -0.2212 -0.8349
vn -0.7587 -0.2260 -0.6110
vn -0.9175 -0.2382 -0.3187
vn -0.9669 -0.2552 0.0049
vn -0.9058 -0.2786 0.3191
vn -0.6147 -0.3907 0.6852
vn -0.4847 0.1061 0.8682
vn -0.1725 0.1157 0.9782
vn 0.1853 0.1175 0.9756
vn 0.4924 0.1358 0.8597
vn 0.6885 -0.4085 0.5992
vn 0.8793 -0.3522 0.3205
vn 0.6418 0.7337 -0.2233
vn 0.7113 0.7028 -0.0107
vn 0.5237 0.7352 -0.4303
vn 0.3421 0.7530 -0.5621
vn 0.1227 0.7654 -0.6318
vn -0.1045 0.7774 -0.6203
vn -0.3088 0.7875 -0.5333
vn -0.4676 0.7945 -0.3875
vn -0.5675 0.7980 -0.2028
vn -0.6029 0.7978 0.0012
vn -0.5968 0.7840 0.1706
vn -0.5633 0.7449 0.3574
vn -0.1708 0.9489 0.2655
vn -0.0738 0.9135 0.4001
vn 0.0525 0.9365 0.3467
vn -0.0520 0.9371 -0.3452
vn 0.5705 0.7361 0.3641
vn 0.7446 0.6243 0.2363
vn -0.0000 -1.0000 -0.0000
vn -0.3679 -0.7109 -0.5995
vn 0.3668 -0.7140 -0.5964
vn 0.1311 -0.7019 -0.7001
vn -0.1316 -0.7014 -0.7005
vn -0.6482 -0.7294 0.2187
vn -0.5394 -0.7261 0.4265
vn -0.1324 -0.7012 0.7006
vn 0.1301 -0.7021 0.7001
vn 0.5641 0.1019 0.8194
vn 0.3674 -0.7126 0.5976
vn 0.5402 -0.7277 0.4226
vn -0.3684 -0.7107 0.5993
vn -0.5621 0.1029 0.8207
vn 0.8219 0.0494 0.5675
vt 0.826100 0.138900
vt 0.968700 0.138500
vt 0.957500 0.198500
vt 0.494900 0.138500
vt 0.655500 0.138500
vt 0.655000 0.198500
vt 0.173900 0.138100
vt 0.356900 0.078700
vt 0.193300 0.206100
vt 0.556000 0.138600
vt 0.759900 0.138500
vt 0.754100 0.197100
vt 0.882900 0.138700
vt 0.972300 0.138500
vt 0.969200 0.196400
vt 0.117100 0.138700
vt 0.240100 0.138500
vt 0.122800 0.200800
vt 0.444000 0.138600
vt 0.647900 0.138500
vt 0.641800 0.197100
vt 0.788400 0.006600
vt 0.931300 0.024200
vt 0.805000 0.066300
vt 0.494900 0.007100
vt 0.643200 0.024200
vt 0.657800 0.077200
vt 0.212300 0.009100
vt 0.367600 0.024200
vt 0.556000 0.008500
vt 0.744400 0.024200
vt 0.756500 0.078600
vt 0.860100 0.011700
vt 0.964300 0.024200
vt 0.980400 0.080000
vt 0.505100 0.011100
vt 0.653400 0.024200
vt 0.666500 0.080200
vt 0.138400 0.010700
vt 0.255600 0.024200
vt 0.118900 0.066400
vt 0.444000 0.010000
vt 0.632400 0.024200
vt 0.643700 0.078300
vt 0.792300 0.267400
vt 0.931300 0.252800
vt 0.867200 0.310400
vt 0.505100 0.951200
vt 0.356800 0.931300
vt 0.368900 0.867400
vt 0.207100 0.267800
vt 0.367600 0.252800
vt 0.281000 0.318300
vt 0.744400 0.252800
vt 0.732400 0.285700
vt 0.641100 0.285700
vt 0.556000 0.263700
vt 0.864300 0.263000
vt 0.957400 0.252800
vt 0.937600 0.306200
vt 0.505100 0.262100
vt 0.653400 0.252800
vt 0.640300 0.305800
vt 0.444000 0.263700
vt 0.632400 0.252800
vt 0.612200 0.306900
vt 0.301100 0.690100
vt 0.381400 0.792100
vt 0.255800 0.714600
vt 0.494900 0.792100
vt 0.608400 0.792100
vt 0.628000 0.861800
vt 0.582100 0.176100
vt 0.608400 0.095900
vt 0.732000 0.173700
vt 0.220700 0.444000
vt 0.220900 0.588200
vt 0.177800 0.609900
vt 0.643100 0.444000
vt 0.812300 0.277400
vt 0.706200 0.476900
vt 0.494900 0.444000
vt 0.806100 0.206700
vt 0.488100 0.208500
vt 0.643200 0.252800
vt 0.494900 0.269000
vt 0.358200 0.197100
vt 0.548000 0.203000
vt 0.877100 0.201000
vt 0.497900 0.201500
vt 0.245900 0.197100
vt 0.255600 0.252800
vt 0.135500 0.263100
vt 0.435600 0.204500
vt 0.960300 0.077400
vt 0.504700 0.063900
vt 0.196700 0.065600
vt 0.566200 0.065900
vt 0.880300 0.066300
vt 0.519600 0.065800
vt 0.662300 0.196400
vt 0.244000 0.078700
vt 0.454000 0.066800
vt 0.759700 0.718600
vt 0.618600 0.792100
vt 0.703000 0.691900
vt 0.524100 0.876100
vt 0.391600 0.792100
vt 0.505100 0.795700
vt 0.387500 0.307200
vt 0.411800 0.349700
vt 0.308000 0.357800
vt 0.361400 0.861900
vt 0.346600 0.931300
vt 0.225400 0.788400
vt 0.510900 0.864200
vt 0.643200 0.931300
vt 0.494900 0.943900
vt 0.735300 0.715700
vt 0.853000 0.632400
vt 0.762900 0.787700
vt 0.853000 0.255600
vt 0.872000 0.444000
vt 0.624900 0.068000
vt 0.643200 0.035700
vt 0.758800 0.139900
vt 0.363600 0.065200
vt 0.346600 0.035700
vt 0.494900 0.025200
vt 0.254700 0.172500
vt 0.136800 0.255600
vt 0.228300 0.138400
vt 0.173400 0.465500
vt 0.136800 0.632400
vt 0.120900 0.444000
vt 0.556400 0.632400
vt 0.327000 0.277600
vt 0.177500 0.278100
vt 0.301100 0.197900
vt 0.334400 0.138500
vt 0.068700 0.252800
vt 0.042500 0.198500
vt 0.031300 0.138500
vt 0.042600 0.252800
vt 0.030900 0.196400
vt 0.346600 0.024200
vt 0.068700 0.024200
vt 0.356800 0.024200
vt 0.021500 0.080200
vt 0.035700 0.024200
vt 0.641300 0.867200
vt 0.718600 0.318100
vt 0.653400 0.931300
vt 0.249900 0.719000
vt 0.132600 0.310800
vt 0.592800 0.285700
vt 0.789700 0.285700
vt 0.825200 0.285300
vt 0.842300 0.300300
vt 0.895000 0.310400
vt 0.893400 0.310400
vt 0.915400 0.335000
vt 0.578000 0.324200
vt 0.484200 0.317900
vt 0.627600 0.331500
vt 0.538100 0.330700
vt 0.356800 0.252800
vt 0.082200 0.331500
vt 0.062800 0.305800
vt 0.100400 0.309700
vt 0.107200 0.302200
vt 0.153500 0.294200
vt 0.590500 0.345500
vt 0.571000 0.328700
vt 0.527500 0.312400
vt 0.336800 0.285700
vt 0.434600 0.285700
vt 0.813700 0.610500
vt 0.599800 0.577100
vt 0.820000 0.465400
vt 0.511700 0.063000
vt 0.381400 0.095900
vt 0.346600 0.522000
vt 0.390000 0.577200
vt 0.525700 0.538200
vt 0.464200 0.538200
vt 0.346600 0.252800
vt 0.334700 0.198500
vt 0.347700 0.196400
vt 0.344500 0.138500
vt 0.332900 0.077400
vt 0.039100 0.077200
vt 0.342700 0.080000
vt 0.806700 0.138700
vt 0.795500 0.066400
vt 0.600500 0.350600
vt 0.691900 0.357400
vt 0.307100 0.692000
vt 0.447000 0.330700
vt 0.443300 0.330000
vt 0.384000 0.335000
vt 0.369100 0.306200
vt 0.267300 0.285700
vt 0.598100 0.675800
vt 0.686700 0.649700
vt 0.412500 0.672800
vt 0.440600 0.680800
vt 0.505100 0.681300
vt 0.486200 0.337000
vt 0.324400 0.647000
vt 0.414100 0.348400
vt 0.412400 0.350000
vt 0.209800 0.285700
vt 0.477100 0.285900
vt 0.470600 0.285800
vt 0.163400 0.285400
vt 0.709700 0.642300
vt 0.770100 0.600500
vt 0.580700 0.680700
vt 0.231000 0.588200
vt 0.310700 0.642600
vt 0.231500 0.587600
vt 0.567100 0.285500
vt 0.522700 0.296900
vt 0.471100 0.314300
vt 0.428800 0.334100
vt 0.732100 0.285700
vt 0.727600 0.489200
vt 0.630000 0.489200
vt 0.627600 0.285700
vt 0.824000 0.285700
vt 0.813400 0.489200
vt 0.893800 0.309600
vt 0.877100 0.489200
vt 0.824600 0.285700
vt 0.442800 0.329800
vt 0.445600 0.489200
vt 0.337000 0.489200
vt 0.320500 0.310500
vt 0.317900 0.309600
vt 0.702200 0.301300
vt 0.669800 0.489200
vt 0.561200 0.489200
vt 0.578100 0.324100
vt 0.106700 0.301300
vt 0.186600 0.489200
vt 0.122900 0.489200
vt 0.176000 0.285700
vt 0.163700 0.285700
vt 0.267900 0.285700
vt 0.272400 0.489200
vt 0.372400 0.285700
vt 0.370000 0.489200
vt 0.470600 0.285700
vt 0.476900 0.286100
vt 0.467600 0.489200
vt 0.553400 0.489200
vt 0.570900 0.328600
vt 0.438800 0.489200
vt 0.419400 0.383300
vt 0.494900 0.390400
vt 0.554400 0.489200
vt 0.559400 0.384300
vt 0.522800 0.297100
vt 0.523100 0.285700
vt 0.532400 0.489200
vt 0.723100 0.629500
vt 0.630000 0.629500
vt 0.805000 0.629500
vt 0.865700 0.629500
vt 0.447100 0.629500
vt 0.341000 0.629500
vt 0.560100 0.629500
vt 0.666300 0.629500
vt 0.195000 0.629500
vt 0.134300 0.629500
vt 0.276900 0.629500
vt 0.370000 0.629500
vt 0.463100 0.629500
vt 0.545000 0.629500
vt 0.617100 0.489200
vt 0.605700 0.629500
vt 0.330200 0.489200
vt 0.439900 0.629500
vt 0.333700 0.629500
vt 0.552900 0.629500
vt 0.663000 0.489200
vt 0.659000 0.629500
vt 0.446600 0.489200
vt 0.455000 0.629500
vt 0.394300 0.629500
vt 0.382900 0.489200
vt 0.536900 0.629500
vt 0.737200 0.789000
vt 0.631600 0.789000
vt 0.830000 0.789000
vt 0.898900 0.789000
vt 0.425500 0.789000
vt 0.292300 0.789000
vt 0.567300 0.789000
vt 0.700600 0.789000
vt 0.170000 0.789000
vt 0.101100 0.789000
vt 0.262800 0.789000
vt 0.368400 0.789000
vt 0.473900 0.789000
vt 0.566700 0.789000
vt 0.635600 0.789000
vt 0.432700 0.789000
vt 0.299400 0.789000
vt 0.574500 0.789000
vt 0.707700 0.789000
vt 0.433300 0.789000
vt 0.364400 0.789000
vt 0.526100 0.789000
vt 0.745400 0.850900
vt 0.616300 0.850900
vt 0.859000 0.850900
vt 0.943300 0.850900
vt 0.413300 0.850900
vt 0.250200 0.850900
vt 0.586700 0.850900
vt 0.749700 0.850900
vt 0.299400 0.101100
vt 0.190800 0.170000
vt 0.117400 0.141000
vt 0.250300 0.056700
vt 0.254600 0.850900
vt 0.141000 0.850900
vt 0.383700 0.850900
vt 0.512800 0.850900
vt 0.119900 0.473900
vt 0.190800 0.566700
vt 0.117400 0.626300
vt 0.030600 0.512800
vt 0.695600 0.928900
vt 0.228300 0.928900
vt 0.117400 0.850900
vt 0.190800 0.789000
vt 0.415600 0.928900
vt 0.614800 0.928900
vt 0.802100 0.928900
vt 0.829000 0.773500
vt 0.882600 0.850900
vt 0.487200 0.850900
vt 0.373700 0.850900
vt 0.733800 0.966300
vt 0.614300 0.966300
vt 0.838800 0.966300
vt 0.916700 0.966300
vt 0.404600 0.966300
vt 0.253800 0.966300
vt 0.565000 0.966300
vt 0.715800 0.966300
vt 0.056700 0.850900
vt 0.161200 0.966300
vt 0.083300 0.966300
vt 0.266200 0.966300
vt 0.385700 0.966300
vt 0.505100 0.966300
vt 0.626300 0.850900
vt 0.610100 0.980200
vt 0.252200 0.920100
vt 0.273800 0.999500
vt 0.161300 0.980200
vt 0.421400 0.999500
vt 0.578600 0.999500
vt 0.726200 0.999500
vt 0.304400 0.928900
vt 0.389900 0.980200
vt 0.316600 1.007800
vt 0.494900 0.966300
vt 0.022800 0.385700
vt 0.050600 0.266200
vt 0.130900 0.161200
vt 0.253800 0.083300
vt 0.404600 0.041800
vt 0.565000 0.041800
vt 0.715800 0.083300
vt 0.838700 0.161200
vt 0.919000 0.266200
vt 0.946800 0.385700
vt 0.919000 0.505100
vt 0.838700 0.610100
vt 0.726200 0.646900
vt 0.578600 0.683000
vt 0.421400 0.683000
vt 0.130900 0.980200
vt 0.130900 0.610100
vt 0.050600 0.505100
vt 0.132800 0.267900
vt 0.198700 0.176000
vt 0.216900 0.163700
vt 0.188800 0.209800
vt 0.156000 0.267300
vt 0.126500 0.434600
vt 0.131400 0.470600
vt 0.109900 0.372400
vt 0.145600 0.336800
vt 0.153900 0.281800
vt 0.107800 0.285700
vt 0.320800 0.285700
vt 0.444700 0.285700
vt 0.892200 0.285700
vt 0.576500 0.285700
vt 0.700400 0.285700
vt 0.476900 0.285700
vt 0.568700 0.285700
vt 0.423500 0.285700
vt 0.555300 0.285700
vt 0.689300 0.369900
vt 0.679200 0.285700
vt 0.779300 0.175400
vt 0.780200 0.176000
vt 0.846100 0.267900
vt 0.869000 0.372400
vt 0.846100 0.476900
vt 0.780200 0.568700
vt 0.679200 0.636900
vt 0.555300 0.673200
vt 0.423500 0.673200
vt 0.299600 0.636900
vt 0.198700 0.568700
vt 0.132800 0.476900
vt 0.299600 0.107800
vt 0.423500 0.071500
vt 0.555300 0.071500
vt 0.679200 0.107800
vt 0.642200 0.364200
vt 0.636900 0.285700
vt 0.290200 0.364200
vt 0.299600 0.285700
vt 0.431300 0.285700
vt 0.357400 0.369900
vt 0.363100 0.285700
s 1
usemtl lambert2SG
f 2055/2388/2043 2056/2389/2044 2057/2390/2045
f 2058/2391/2046 2059/2392/2047 2060/2393/2048
f 2061/2394/2049 2062/2395/2050 2063/2396/2051
f 2064/2397/2052 2065/2398/2053 2066/2399/2054
f 2067/2400/2055 2068/2401/2056 2069/2402/2057
f 2070/2403/2058 2071/2404/2059 2072/2405/2060
f 2073/2406/2061 2074/2407/2062 2075/2408/2063
f 2076/2409/2064 2077/2410/2065 2078/2411/2066
f 2079/2412/2067 2080/2413/2068 2081/2414/2069
f 2082/2415/2070 2083/2416/2071 2062/2395/2050
f 2084/2417/2072 2085/2418/2073 2086/2419/2074
f 2087/2420/2075 2088/2421/2076 2089/2422/2077
f 2090/2423/2078 2091/2424/2079 2092/2425/2080
f 2093/2426/2081 2094/2427/2082 2095/2428/2083
f 2096/2429/2084 2097/2430/2085 2098/2431/2086
f 2099/2432/2087 2100/2433/2088 2101/2434/2089
f 2102/2435/2090 2103/2436/2091 2104/2437/2092
f 2105/2438/2093 2106/2439/2094 2107/2440/2095
f 2108/2441/2096 2109/2442/2097 2110/2443/2098
f 2110/2443/2098 2111/2444/2099 2108/2441/2096
f 2112/2445/2100 2113/2446/2101 2114/2447/2102
f 2115/2448/2103 2116/2449/2104 2117/2450/2105
f 2118/2451/2106 2119/2452/2107 2120/2453/2108
f 2121/2454/2109 2122/2455/2110 2123/2456/2111
f 2124/2457/2112 2125/2458/2113 2126/2459/2114
f 2127/2460/2115 2128/2461/2116 2129/2462/2117
f 2130/2463/2118 2131/2464/2119 2132/2465/2120
f 2133/2466/2121 2134/2467/2122 2135/2468/2123
f 2136/2469/2124 2134/2467/2122 2133/2466/2121
f 2137/2470/2125 2100/2433/2088 2099/2432/2087
f 2138/2471/2126 2103/2472/2091 2102/2473/2090
f 2139/2474/2127 2106/2439/2094 2105/2438/2093
f 2140/2475/2128 2108/2441/2096 2111/2444/2099
f 2141/2476/2129 2113/2446/2101 2112/2445/2100
f 2142/2477/2130 2116/2449/2104 2115/2448/2103
f 2143/2478/2131 2144/2479/2132 2145/2480/2133
f 2146/2481/2134 2119/2452/2107 2118/2451/2106
f 2147/2482/2135 2056/2389/2044 2055/2388/2043
f 2148/2483/2136 2059/2392/2047 2058/2391/2046
f 2149/2484/2137 2062/2395/2050 2061/2394/2049
f 2150/2485/2138 2065/2398/2053 2064/2397/2052
f 2151/2486/2139 2068/2401/2056 2067/2400/2055
f 2152/2487/2140 2153/2488/2141 2142/2477/2130
f 2154/2489/2142 2071/2404/2059 2070/2403/2058
f 2155/2490/2143 2074/2407/2062 2073/2406/2061
f 2156/2491/2144 2157/2492/2145 2158/2493/2146
f 2159/2494/2147 2160/2495/2148 2161/2496/2149
f 2162/2497/2150 2163/2498/2151 2164/2499/2152
f 2165/2500/2153 2077/2501/2065 2076/2502/2064
f 2166/2503/2154 2080/2504/2068 2079/2505/2067
f 2167/2506/2155 2083/2507/2071 2082/2508/2070
f 2134/2467/2122 2085/2509/2073 2084/2510/2072
f 2168/2511/2156 2088/2512/2076 2087/2513/2075
f 2169/2514/2157 2091/2515/2079 2090/2516/2078
f 2170/2517/2158 2094/2518/2082 2093/2519/2081
f 2171/2520/2159 2097/2521/2085 2096/2522/2084
f 2172/2523/2160 2125/2458/2113 2124/2457/2112
f 2173/2524/2161 2174/2525/2162 2175/2526/2163
f 2057/2390/2045 2100/2433/2088 2137/2470/2125
f 2137/2470/2125 2074/2407/2062 2055/2388/2043
f 2055/2388/2043 2057/2390/2045 2137/2470/2125
f 2060/2393/2048 2103/2472/2091 2138/2471/2126
f 2138/2471/2126 2056/2527/2044 2058/2391/2046
f 2058/2391/2046 2060/2393/2048 2138/2471/2126
f 2063/2396/2051 2103/2528/2091 2060/2529/2048
f 2060/2529/2048 2059/2530/2047 2061/2394/2049
f 2061/2394/2049 2063/2396/2051 2060/2529/2048
f 2066/2399/2054 2108/2441/2096 2140/2475/2128
f 2140/2475/2128 2062/2395/2050 2064/2397/2052
f 2064/2397/2052 2066/2399/2054 2140/2475/2128
f 2069/2402/2057 2113/2446/2101 2141/2476/2129
f 2141/2476/2129 2065/2398/2053 2067/2400/2055
f 2067/2400/2055 2069/2402/2057 2141/2476/2129
f 2153/2488/2141 2116/2449/2104 2142/2477/2130
f 2072/2405/2060 2116/2531/2104 2153/2532/2141
f 2070/2403/2058 2072/2405/2060 2153/2532/2141
f 2075/2408/2063 2119/2452/2107 2146/2481/2134
f 2146/2481/2134 2071/2404/2059 2073/2406/2061
f 2073/2406/2061 2075/2408/2063 2146/2481/2134
f 2078/2411/2066 2074/2407/2062 2098/2431/2086
f 2098/2431/2086 2097/2430/2085 2076/2409/2064
f 2076/2409/2064 2078/2411/2066 2098/2431/2086
f 2081/2414/2069 2059/2392/2047 2148/2483/2136
f 2148/2483/2136 2077/2533/2065 2079/2412/2067
f 2079/2412/2067 2081/2414/2069 2148/2483/2136
f 2149/2484/2137 2080/2534/2068 2082/2415/2070
f 2082/2415/2070 2062/2395/2050 2149/2484/2137
f 2086/2419/2074 2065/2398/2053 2150/2485/2138
f 2150/2485/2138 2083/2416/2071 2084/2417/2072
f 2084/2417/2072 2086/2419/2074 2150/2485/2138
f 2089/2422/2077 2068/2401/2056 2151/2486/2139
f 2151/2486/2139 2085/2418/2073 2087/2420/2075
f 2087/2420/2075 2089/2422/2077 2151/2486/2139
f 2092/2425/2080 2153/2488/2141 2152/2487/2140
f 2152/2487/2140 2088/2535/2076 2090/2423/2078
f 2090/2423/2078 2092/2425/2080 2152/2487/2140
f 2095/2428/2083 2153/2532/2141 2092/2536/2080
f 2092/2536/2080 2091/2537/2079 2093/2426/2081
f 2093/2426/2081 2095/2428/2083 2092/2536/2080
f 2098/2431/2086 2074/2407/2062 2155/2490/2143
f 2155/2490/2143 2094/2427/2082 2096/2429/2084
f 2096/2429/2084 2098/2431/2086 2155/2490/2143
f 2101/2538/2089 2157/2492/2145 2156/2491/2144
f 2156/2539/2144 2119/2452/2107 2099/2432/2087
f 2099/2432/2087 2101/2434/2089 2156/2539/2144
f 2104/2437/2092 2160/2495/2148 2159/2494/2147
f 2159/2494/2147 2100/2540/2088 2102/2435/2090
f 2102/2435/2090 2104/2437/2092 2159/2494/2147
f 2107/2541/2095 2160/2495/2148 2104/2437/2092
f 2104/2542/2092 2103/2528/2091 2105/2438/2093
f 2105/2438/2093 2107/2440/2095 2104/2542/2092
f 2176/2543/2164 2111/2444/2099 2110/2443/2098
f 2178/2544/2166 2108/2441/2096 2112/2445/2100
f 2112/2445/2100 2177/2545/2165 2178/2544/2166
f 2177/2545/2165 2112/2445/2100 2179/2546/2167
f 2179/2546/2167 2114/2447/2102 2180/2547/2168
f 2180/2547/2168 2181/2548/2169 2179/2546/2167
f 2179/2546/2167 2112/2445/2100 2114/2447/2102
f 2180/2547/2168 2114/2447/2102 2182/2549/2170
f 2184/2550/2172 2185/2551/2173 2117/2450/2105
f 2117/2450/2105 2183/2552/2171 2184/2550/2172
f 2184/2550/2172 2186/2553/2174 2185/2551/2173
f 2185/2551/2173 2113/2554/2101 2115/2448/2103
f 2115/2448/2103 2117/2450/2105 2185/2551/2173
f 2183/2555/2171 2117/2556/2105 2187/2557/2175
f 2117/2556/2105 2116/2531/2104 2145/2480/2133
f 2189/2558/2177 2187/2557/2175 2145/2480/2133
f 2145/2480/2133 2188/2559/2176 2189/2558/2177
f 2145/2480/2133 2187/2557/2175 2117/2556/2105
f 2120/2453/2108 2192/2560/2180 2190/2561/2178
f 2190/2561/2178 2191/2562/2179 2120/2453/2108
f 2193/2563/2181 2144/2479/2132 2118/2451/2106
f 2118/2451/2106 2194/2564/2182 2193/2563/2181
f 2123/2456/2111 2097/2521/2085 2132/2465/2120
f 2132/2465/2120 2131/2464/2119 2121/2454/2109
f 2121/2454/2109 2123/2456/2111 2132/2465/2120
f 2126/2459/2114 2080/2504/2068 2166/2503/2154
f 2166/2503/2154 2122/2455/2110 2124/2457/2112
f 2124/2457/2112 2126/2459/2114 2166/2503/2154
f 2195/2565/2183 2083/2507/2071 2167/2506/2155
f 2167/2506/2155 2125/2458/2113 2196/2566/2184
f 2196/2566/2184 2195/2565/2183 2167/2506/2155
f 2197/2567/2185 2083/2507/2071 2195/2565/2183
f 2129/2462/2117 2085/2509/2073 2134/2467/2122
f 2127/2460/2115 2129/2462/2117 2134/2467/2122
f 2198/2568/2186 2088/2512/2076 2168/2511/2156
f 2168/2511/2156 2128/2461/2116 2199/2569/2187
f 2199/2569/2187 2198/2568/2186 2168/2511/2156
f 2174/2525/2162 2094/2518/2082 2170/2517/2158
f 2170/2517/2158 2199/2569/2187 2175/2526/2163
f 2175/2526/2163 2174/2525/2162 2170/2517/2158
f 2132/2465/2120 2097/2521/2085 2171/2520/2159
f 2171/2520/2159 2174/2525/2162 2130/2463/2118
f 2130/2463/2118 2132/2465/2120 2171/2520/2159
f 2131/2464/2119 2200/2570/2188 2201/2571/2189
f 2135/2468/2123 2195/2565/2183 2196/2566/2184
f 2133/2466/2121 2135/2468/2123 2196/2566/2184
f 2131/2464/2119 2173/2524/2161 2200/2570/2188
f 2199/2569/2187 2136/2469/2124 2173/2524/2161
f 2127/2460/2115 2136/2469/2124 2199/2569/2187
f 2127/2460/2115 2134/2467/2122 2136/2469/2124
f 2136/2469/2124 2133/2466/2121 2196/2566/2184
f 2196/2566/2184 2172/2523/2160 2202/2572/2190
f 2202/2572/2190 2136/2469/2124 2196/2566/2184
f 2172/2523/2160 2201/2571/2189 2203/2573/2191
f 2203/2573/2191 2136/2469/2124 2202/2572/2190
f 2202/2572/2190 2172/2523/2160 2203/2573/2191
f 2200/2570/2188 2136/2469/2124 2203/2573/2191
f 2203/2573/2191 2201/2571/2189 2200/2570/2188
f 2173/2524/2161 2136/2469/2124 2200/2570/2188
f 2099/2432/2087 2119/2452/2107 2075/2408/2063
f 2075/2408/2063 2074/2407/2062 2137/2470/2125
f 2137/2470/2125 2099/2432/2087 2075/2408/2063
f 2102/2473/2090 2100/2574/2088 2057/2575/2045
f 2057/2575/2045 2056/2527/2044 2138/2471/2126
f 2138/2471/2126 2102/2473/2090 2057/2575/2045
f 2105/2438/2093 2103/2528/2091 2063/2396/2051
f 2063/2396/2051 2062/2395/2050 2139/2474/2127
f 2139/2474/2127 2105/2438/2093 2063/2396/2051
f 2111/2444/2099 2106/2439/2094 2139/2474/2127
f 2139/2474/2127 2062/2395/2050 2140/2475/2128
f 2140/2475/2128 2111/2444/2099 2139/2474/2127
f 2112/2445/2100 2108/2441/2096 2066/2399/2054
f 2066/2399/2054 2065/2398/2053 2141/2476/2129
f 2141/2476/2129 2112/2445/2100 2066/2399/2054
f 2115/2448/2103 2113/2554/2101 2069/2576/2057
f 2069/2576/2057 2068/2577/2056 2142/2477/2130
f 2142/2477/2130 2115/2448/2103 2069/2576/2057
f 2145/2480/2133 2116/2531/2104 2072/2405/2060
f 2072/2405/2060 2071/2404/2059 2143/2478/2131
f 2143/2478/2131 2145/2480/2133 2072/2405/2060
f 2118/2451/2106 2144/2479/2132 2143/2478/2131
f 2143/2478/2131 2071/2404/2059 2146/2481/2134
f 2146/2481/2134 2118/2451/2106 2143/2478/2131
f 2055/2388/2043 2074/2407/2062 2078/2411/2066
f 2078/2411/2066 2077/2410/2065 2147/2482/2135
f 2147/2482/2135 2055/2388/2043 2078/2411/2066
f 2058/2391/2046 2056/2527/2044 2147/2578/2135
f 2147/2578/2135 2077/2533/2065 2148/2483/2136
f 2148/2483/2136 2058/2391/2046 2147/2578/2135
f 2061/2394/2049 2059/2530/2047 2081/2579/2069
f 2081/2579/2069 2080/2534/2068 2149/2484/2137
f 2149/2484/2137 2061/2394/2049 2081/2579/2069
f 2062/2395/2050 2083/2416/2071 2150/2485/2138
f 2150/2485/2138 2064/2397/2052 2062/2395/2050
f 2067/2400/2055 2065/2398/2053 2086/2419/2074
f 2086/2419/2074 2085/2418/2073 2151/2486/2139
f 2151/2486/2139 2067/2400/2055 2086/2419/2074
f 2142/2477/2130 2068/2577/2056 2089/2580/2077
f 2089/2580/2077 2088/2535/2076 2152/2487/2140
f 2152/2487/2140 2142/2477/2130 2089/2580/2077
f 2070/2581/2058 2153/2488/2141 2095/2582/2083
f 2095/2428/2083 2094/2427/2082 2154/2489/2142
f 2154/2489/2142 2070/2403/2058 2095/2428/2083
f 2073/2406/2061 2071/2404/2059 2154/2489/2142
f 2154/2489/2142 2094/2427/2082 2155/2490/2143
f 2155/2490/2143 2073/2406/2061 2154/2489/2142
f 2204/2583/2192 2192/2560/2180 2120/2453/2108
f 2120/2453/2108 2158/2584/2146 2204/2583/2192
f 2120/2453/2108 2119/2452/2107 2156/2539/2144
f 2156/2539/2144 2158/2584/2146 2120/2453/2108
f 2161/2496/2149 2157/2492/2145 2101/2538/2089
f 2101/2538/2089 2100/2540/2088 2159/2494/2147
f 2159/2494/2147 2161/2496/2149 2101/2538/2089
f 2164/2585/2152 2160/2495/2148 2107/2541/2095
f 2107/2440/2095 2106/2439/2094 2162/2497/2150
f 2162/2497/2150 2164/2499/2152 2107/2440/2095
f 2162/2497/2150 2106/2439/2094 2111/2444/2099
f 2185/2551/2173 2205/2586/2193 2206/2587/2194
f 2185/2551/2173 2206/2587/2194 2182/2588/2170
f 2185/2551/2173 2182/2588/2170 2114/2589/2102
f 2114/2589/2102 2113/2554/2101 2185/2551/2173
f 2207/2590/2195 2144/2479/2132 2193/2563/2181
f 2076/2502/2064 2097/2521/2085 2123/2456/2111
f 2123/2456/2111 2122/2455/2110 2165/2500/2153
f 2165/2500/2153 2076/2502/2064 2123/2456/2111
f 2079/2505/2067 2077/2501/2065 2165/2500/2153
f 2165/2500/2153 2122/2455/2110 2166/2503/2154
f 2166/2503/2154 2079/2505/2067 2165/2500/2153
f 2082/2508/2070 2080/2504/2068 2126/2459/2114
f 2126/2459/2114 2125/2458/2113 2167/2506/2155
f 2167/2506/2155 2082/2508/2070 2126/2459/2114
f 2084/2510/2072 2083/2507/2071 2197/2567/2185
f 2134/2467/2122 2084/2510/2072 2197/2567/2185
f 2087/2513/2075 2085/2509/2073 2129/2462/2117
f 2129/2462/2117 2128/2461/2116 2168/2511/2156
f 2168/2511/2156 2087/2513/2075 2129/2462/2117
f 2090/2516/2078 2088/2512/2076 2198/2568/2186
f 2198/2568/2186 2199/2569/2187 2169/2514/2157
f 2169/2514/2157 2090/2516/2078 2198/2568/2186
f 2093/2519/2081 2091/2515/2079 2169/2514/2157
f 2169/2514/2157 2199/2569/2187 2170/2517/2158
f 2170/2517/2158 2093/2519/2081 2169/2514/2157
f 2096/2522/2084 2094/2518/2082 2174/2525/2162
f 2171/2520/2159 2096/2522/2084 2174/2525/2162
f 2121/2454/2109 2131/2464/2119 2201/2571/2189
f 2122/2455/2110 2121/2454/2109 2201/2571/2189
f 2122/2455/2110 2201/2571/2189 2172/2523/2160
f 2172/2523/2160 2124/2457/2112 2122/2455/2110
f 2196/2566/2184 2125/2458/2113 2172/2523/2160
f 2197/2567/2185 2195/2565/2183 2135/2468/2123
f 2134/2467/2122 2197/2567/2185 2135/2468/2123
f 2199/2569/2187 2128/2461/2116 2127/2460/2115
f 2173/2524/2161 2175/2526/2163 2199/2569/2187
f 2130/2463/2118 2174/2525/2162 2173/2524/2161
f 2131/2464/2119 2130/2463/2118 2173/2524/2161
f 2158/2493/2146 2157/2492/2145 2208/2591/2196
f 2208/2591/2196 2209/2592/2197 2158/2493/2146
f 2160/2495/2148 2210/2593/2198 2211/2594/2199
f 2211/2594/2199 2161/2496/2149 2160/2495/2148
f 2161/2496/2149 2211/2594/2199 2212/2595/2200
f 2185/2551/2173 2186/2553/2174 2213/2596/2201
f 2210/2593/2198 2160/2495/2148 2164/2585/2152
f 2164/2585/2152 2214/2597/2202 2210/2593/2198
f 2163/2498/2151 2215/2598/2203 2216/2599/2204
f 2205/2586/2193 2185/2551/2173 2213/2596/2201
f 2109/2442/2097 2108/2441/2096 2178/2544/2166
f 2217/2600/2205 2144/2479/2132 2207/2590/2195
f 2118/2451/2106 2120/2453/2108 2191/2562/2179
f 2191/2562/2179 2218/2601/2206 2118/2451/2106
f 2219/2602/2207 2194/2564/2182 2118/2451/2106
f 2118/2451/2106 2218/2601/2206 2219/2602/2207
f 2145/2480/2133 2144/2479/2132 2220/2603/2208
f 2220/2603/2208 2188/2559/2176 2145/2480/2133
f 2220/2603/2208 2144/2479/2132 2217/2600/2205
f 2221/2604/2209 2204/2605/2192 2158/2493/2146
f 2158/2493/2146 2209/2592/2197 2221/2604/2209
f 2222/2606/2210 2208/2591/2196 2157/2492/2145
f 2157/2492/2145 2161/2496/2149 2222/2606/2210
f 2222/2606/2210 2161/2496/2149 2212/2595/2200
f 2164/2585/2152 2163/2607/2151 2223/2608/2211
f 2223/2608/2211 2214/2597/2202 2164/2585/2152
f 2223/2608/2211 2163/2607/2151 2216/2609/2204
f 2111/2444/2099 2224/2610/2212 2225/2611/2213
f 2225/2611/2213 2226/2612/2214 2111/2444/2099
f 2163/2498/2151 2162/2497/2150 2227/2613/2215
f 2227/2613/2215 2215/2598/2203 2163/2498/2151
f 2227/2613/2215 2162/2497/2150 2111/2444/2099
f 2227/2613/2215 2111/2444/2099 2226/2612/2214
f 2224/2610/2212 2111/2444/2099 2176/2543/2164
f 2229/2614/2217 2230/2615/2218 2231/2616/2219
f 2231/2616/2219 2228/2617/2216 2229/2614/2217
f 2232/2618/2220 2233/2619/2221 2230/2615/2218
f 2230/2615/2218 2229/2614/2217 2232/2618/2220
f 2179/2546/2167 2234/2620/2222 2235/2621/2223
f 2235/2621/2223 2233/2619/2221 2179/2546/2167
f 2233/2619/2221 2232/2618/2220 2236/2622/2224
f 2236/2622/2224 2179/2546/2167 2233/2619/2221
f 2182/2588/2170 2237/2623/2225 2238/2624/2226
f 2238/2624/2226 2235/2625/2223 2182/2588/2170
f 2239/2626/2227 2182/2588/2170 2235/2625/2223
f 2235/2625/2223 2234/2627/2222 2239/2626/2227
f 2240/2628/2228 2241/2629/2229 2183/2552/2171
f 2183/2552/2171 2241/2629/2229 2242/2630/2230
f 2242/2630/2230 2243/2631/2231 2183/2552/2171
f 2240/2632/2228 2188/2559/2176 2244/2633/2232
f 2244/2633/2232 2241/2634/2229 2240/2632/2228
f 2245/2635/2233 2244/2633/2232 2188/2559/2176
f 2188/2559/2176 2246/2636/2234 2245/2635/2233
f 2245/2635/2233 2247/2637/2235 2248/2638/2236
f 2248/2638/2236 2244/2633/2232 2245/2635/2233
f 2247/2637/2235 2249/2639/2237 2250/2640/2238
f 2250/2640/2238 2248/2638/2236 2247/2637/2235
f 2251/2641/2239 2252/2642/2240 2253/2643/2241
f 2253/2643/2241 2250/2640/2238 2251/2641/2239
f 2249/2639/2237 2251/2641/2239 2250/2640/2238
f 2253/2643/2241 2252/2642/2240 2191/2562/2179
f 2191/2562/2179 2254/2644/2242 2253/2643/2241
f 2255/2645/2243 2254/2644/2242 2191/2562/2179
f 2256/2646/2244 2257/2647/2245 2258/2648/2246
f 2258/2648/2246 2259/2649/2247 2256/2646/2244
f 2260/2650/2248 2259/2649/2247 2258/2648/2246
f 2261/2651/2249 2262/2652/2250 2228/2617/2216
f 2228/2617/2216 2231/2616/2219 2261/2651/2249
f 2261/2651/2249 2231/2616/2219 2263/2653/2251
f 2231/2616/2219 2230/2615/2218 2264/2654/2252
f 2264/2654/2252 2265/2655/2253 2231/2616/2219
f 2230/2615/2218 2233/2619/2221 2266/2656/2254
f 2266/2656/2254 2264/2654/2252 2230/2615/2218
f 2233/2619/2221 2235/2621/2223 2267/2657/2255
f 2267/2657/2255 2266/2656/2254 2233/2619/2221
f 2235/2625/2223 2238/2624/2226 2268/2658/2256
f 2268/2658/2256 2267/2659/2255 2235/2625/2223
f 2238/2624/2226 2242/2630/2230 2269/2660/2257
f 2269/2660/2257 2268/2658/2256 2238/2624/2226
f 2241/2629/2229 2270/2661/2258 2269/2660/2257
f 2269/2660/2257 2242/2630/2230 2241/2629/2229
f 2244/2633/2232 2271/2662/2259 2270/2663/2258
f 2270/2663/2258 2241/2634/2229 2244/2633/2232
f 2248/2638/2236 2272/2664/2260 2271/2662/2259
f 2271/2662/2259 2244/2633/2232 2248/2638/2236
f 2250/2640/2238 2273/2665/2261 2272/2664/2260
f 2272/2664/2260 2248/2638/2236 2250/2640/2238
f 2250/2640/2238 2253/2643/2241 2274/2666/2262
f 2274/2666/2262 2273/2665/2261 2250/2640/2238
f 2253/2643/2241 2254/2644/2242 2275/2667/2263
f 2275/2667/2263 2274/2666/2262 2253/2643/2241
f 2254/2644/2242 2276/2668/2264 2277/2669/2265
f 2277/2669/2265 2275/2667/2263 2254/2644/2242
f 2276/2670/2264 2256/2646/2244 2278/2671/2266
f 2278/2671/2266 2277/2672/2265 2276/2670/2264
f 2259/2649/2247 2279/2673/2267 2278/2671/2266
f 2278/2671/2266 2256/2646/2244 2259/2649/2247
f 2280/2674/2268 2281/2675/2269 2279/2673/2267
f 2279/2673/2267 2259/2649/2247 2280/2674/2268
f 2282/2676/2270 2283/2677/2271 2281/2678/2269
f 2281/2678/2269 2280/2679/2268 2282/2676/2270
f 2282/2676/2270 2263/2653/2251 2284/2680/2272
f 2284/2680/2272 2283/2677/2271 2282/2676/2270
f 2231/2616/2219 2265/2655/2253 2284/2680/2272
f 2284/2680/2272 2263/2653/2251 2231/2616/2219
f 2265/2655/2253 2264/2654/2252 2285/2681/2273
f 2285/2681/2273 2286/2682/2274 2265/2655/2253
f 2264/2654/2252 2266/2656/2254 2287/2683/2275
f 2287/2683/2275 2285/2681/2273 2264/2654/2252
f 2266/2656/2254 2267/2657/2255 2288/2684/2276
f 2288/2684/2276 2287/2683/2275 2266/2656/2254
f 2267/2659/2255 2268/2658/2256 2289/2685/2277
f 2289/2685/2277 2288/2686/2276 2267/2659/2255
f 2268/2658/2256 2269/2660/2257 2290/2687/2278
f 2290/2687/2278 2289/2685/2277 2268/2658/2256
f 2270/2661/2258 2291/2688/2279 2290/2687/2278
f 2290/2687/2278 2269/2660/2257 2270/2661/2258
f 2271/2662/2259 2292/2689/2280 2291/2690/2279
f 2291/2690/2279 2270/2663/2258 2271/2662/2259
f 2272/2664/2260 2293/2691/2281 2292/2689/2280
f 2292/2689/2280 2271/2662/2259 2272/2664/2260
f 2273/2665/2261 2294/2692/2282 2293/2691/2281
f 2293/2691/2281 2272/2664/2260 2273/2665/2261
f 2273/2665/2261 2274/2666/2262 2295/2693/2283
f 2295/2693/2283 2294/2692/2282 2273/2665/2261
f 2274/2666/2262 2275/2667/2263 2296/2694/2284
f 2296/2694/2284 2295/2693/2283 2274/2666/2262
f 2275/2667/2263 2277/2669/2265 2297/2695/2285
f 2297/2695/2285 2296/2694/2284 2275/2667/2263
f 2277/2672/2265 2278/2671/2266 2298/2696/2286
f 2298/2696/2286 2297/2697/2285 2277/2672/2265
f 2279/2673/2267 2299/2698/2287 2298/2696/2286
f 2298/2696/2286 2278/2671/2266 2279/2673/2267
f 2281/2675/2269 2300/2699/2288 2299/2698/2287
f 2299/2698/2287 2279/2673/2267 2281/2675/2269
f 2283/2677/2271 2301/2700/2289 2300/2701/2288
f 2300/2701/2288 2281/2678/2269 2283/2677/2271
f 2283/2677/2271 2284/2680/2272 2302/2702/2290
f 2302/2702/2290 2301/2700/2289 2283/2677/2271
f 2265/2655/2253 2286/2682/2274 2302/2702/2290
f 2302/2702/2290 2284/2680/2272 2265/2655/2253
f 2286/2682/2274 2285/2681/2273 2303/2703/2291
f 2303/2703/2291 2304/2704/2292 2286/2682/2274
f 2285/2681/2273 2287/2683/2275 2305/2705/2293
f 2305/2705/2293 2303/2703/2291 2285/2681/2273
f 2287/2683/2275 2288/2684/2276 2306/2706/2294
f 2306/2706/2294 2305/2705/2293 2287/2683/2275
f 2288/2686/2276 2289/2685/2277 2307/2707/2295
f 2307/2707/2295 2306/2708/2294 2288/2686/2276
f 2289/2685/2277 2290/2687/2278 2308/2709/2296
f 2308/2709/2296 2307/2707/2295 2289/2685/2277
f 2290/2687/2278 2291/2688/2279 2309/2710/2297
f 2309/2710/2297 2308/2709/2296 2290/2687/2278
f 2291/2711/2279 2292/2712/2280 2310/2713/2298
f 2310/2713/2298 2309/2714/2297 2291/2711/2279
f 2292/2689/2280 2293/2691/2281 2311/2715/2299
f 2311/2715/2299 2310/2716/2298 2292/2689/2280
f 2293/2691/2281 2294/2692/2282 2312/2717/2300
f 2312/2717/2300 2311/2715/2299 2293/2691/2281
f 2294/2692/2282 2295/2693/2283 2313/2718/2301
f 2313/2718/2301 2312/2717/2300 2294/2692/2282
f 2295/2719/2283 2296/2720/2284 2314/2721/2302
f 2314/2721/2302 2313/2722/2301 2295/2719/2283
f 2296/2694/2284 2297/2695/2285 2315/2723/2303
f 2315/2724/2303 2314/2725/2302 2296/2726/2284
f 2297/2697/2285 2298/2696/2286 2316/2727/2304
f 2316/2727/2304 2315/2724/2303 2297/2697/2285
f 2299/2698/2287 2317/2728/2305 2316/2727/2304
f 2316/2727/2304 2298/2696/2286 2299/2698/2287
f 2300/2699/2288 2318/2729/2306 2317/2728/2305
f 2317/2728/2305 2299/2698/2287 2300/2699/2288
f 2300/2699/2288 2301/2730/2289 2319/2731/2307
f 2319/2731/2307 2318/2729/2306 2300/2699/2288
f 2301/2700/2289 2302/2702/2290 2320/2732/2308
f 2320/2732/2308 2319/2733/2307 2301/2700/2289
f 2302/2702/2290 2286/2682/2274 2304/2704/2292
f 2304/2704/2292 2320/2732/2308 2302/2702/2290
f 2304/2704/2292 2303/2703/2291 2321/2734/2309
f 2321/2734/2309 2322/2735/2310 2304/2704/2292
f 2303/2703/2291 2305/2705/2293 2323/2736/2311
f 2323/2736/2311 2321/2734/2309 2303/2703/2291
f 2305/2705/2293 2306/2706/2294 2324/2737/2312
f 2324/2737/2312 2323/2736/2311 2305/2705/2293
f 2306/2708/2294 2307/2707/2295 2325/2738/2313
f 2325/2738/2313 2324/2739/2312 2306/2708/2294
f 2307/2707/2295 2308/2709/2296 2326/2740/2314
f 2326/2740/2314 2325/2738/2313 2307/2707/2295
f 2308/2709/2296 2309/2710/2297 2327/2741/2315
f 2327/2741/2315 2326/2740/2314 2308/2709/2296
f 2309/2742/2297 2310/2716/2298 2328/2743/2316
f 2328/2743/2316 2327/2744/2315 2309/2742/2297
f 2310/2716/2298 2311/2715/2299 2329/2745/2317
f 2329/2745/2317 2328/2743/2316 2310/2716/2298
f 2312/2717/2300 2330/2746/2318 2329/2745/2317
f 2329/2745/2317 2311/2715/2299 2312/2717/2300
f 2313/2718/2301 2331/2747/2319 2330/2746/2318
f 2330/2746/2318 2312/2717/2300 2313/2718/2301
f 2313/2718/2301 2314/2748/2302 2332/2749/2320
f 2332/2749/2320 2331/2747/2319 2313/2718/2301
f 2315/2750/2303 2333/2751/2321 2332/2752/2320
f 2332/2752/2320 2314/2725/2302 2315/2750/2303
f 2315/2724/2303 2316/2727/2304 2334/2753/2322
f 2334/2753/2322 2333/2751/2321 2315/2724/2303
f 2316/2727/2304 2317/2728/2305 2335/2754/2323
f 2335/2754/2323 2334/2753/2322 2316/2727/2304
f 2317/2728/2305 2318/2729/2306 2336/2755/2324
f 2336/2755/2324 2335/2754/2323 2317/2728/2305
f 2318/2756/2306 2319/2733/2307 2337/2757/2325
f 2337/2757/2325 2336/2758/2324 2318/2756/2306
f 2319/2733/2307 2320/2732/2308 2338/2759/2326
f 2338/2759/2326 2337/2757/2325 2319/2733/2307
f 2320/2732/2308 2304/2704/2292 2322/2735/2310
f 2322/2735/2310 2338/2759/2326 2320/2732/2308
f 2322/2760/2310 2321/2761/2309 2323/2762/2311
f 2323/2762/2311 2324/2763/2312 2325/2764/2313
f 2325/2764/2313 2326/2765/2314 2327/2766/2315
f 2323/2762/2311 2325/2764/2313 2327/2766/2315
f 2327/2766/2315 2328/2767/2316 2329/2768/2317
f 2329/2768/2317 2330/2769/2318 2331/2770/2319
f 2327/2766/2315 2329/2768/2317 2331/2770/2319
f 2323/2762/2311 2327/2766/2315 2331/2770/2319
f 2331/2770/2319 2332/2771/2320 2333/2772/2321
f 2333/2772/2321 2334/2773/2322 2335/2774/2323
f 2331/2770/2319 2333/2772/2321 2335/2774/2323
f 2323/2762/2311 2331/2770/2319 2335/2774/2323
f 2335/2753/2323 2336/2751/2324 2337/2775/2325
f 2323/2762/2311 2335/2774/2323 2337/2776/2325
f 2322/2760/2310 2323/2762/2311 2337/2776/2325
f 2338/2777/2326 2322/2760/2310 2337/2776/2325
f 2247/2778/2235 2245/2779/2233 2246/2780/2234
f 2247/2778/2235 2246/2780/2234 2217/2781/2205
f 2247/2778/2235 2217/2781/2205 2207/2782/2195
f 2194/2783/2182 2251/2784/2239 2249/2785/2237
f 2193/2786/2181 2194/2783/2182 2249/2785/2237
f 2339/2787/2327 2193/2786/2181 2249/2785/2237
f 2207/2782/2195 2339/2787/2327 2249/2785/2237
f 2247/2778/2235 2207/2782/2195 2249/2785/2237
f 2188/2559/2176 2240/2632/2228 2340/2788/2328
f 2340/2788/2328 2246/2636/2234 2188/2559/2176
f 2341/2789/2329 2182/2588/2170 2239/2626/2227
f 2239/2626/2227 2234/2627/2222 2341/2789/2329
f 2342/2790/2330 2237/2623/2225 2182/2588/2170
f 2182/2588/2170 2341/2789/2329 2342/2790/2330
f 2341/2791/2329 2234/2620/2222 2179/2546/2167
f 2179/2546/2167 2236/2622/2224 2341/2791/2329
f 2343/2792/2331 2340/2793/2328 2183/2552/2171
f 2183/2552/2171 2243/2631/2231 2343/2792/2331
f 2340/2793/2328 2240/2628/2228 2183/2552/2171
f 2344/2794/2332 2345/2795/2333 2191/2562/2179
f 2191/2562/2179 2252/2642/2240 2344/2794/2332
f 2191/2562/2179 2345/2795/2333 2255/2645/2243
f 2251/2641/2239 2344/2794/2332 2252/2642/2240
f 2258/2648/2246 2257/2647/2245 2346/2796/2334
f 2346/2796/2334 2347/2797/2335 2258/2648/2246
f 2258/2648/2246 2347/2797/2335 2260/2650/2248
f 2280/2674/2268 2259/2649/2247 2260/2650/2248
f 2260/2650/2248 2348/2798/2336 2280/2674/2268
f 2348/2798/2336 2260/2650/2248 2347/2797/2335
f 2347/2797/2335 2349/2799/2337 2348/2798/2336
f 2236/2800/2224 2232/2801/2220 2229/2802/2217
f 2229/2802/2217 2228/2803/2216 2262/2804/2250
f 2262/2804/2250 2350/2805/2338 2349/2806/2337
f 2229/2802/2217 2262/2804/2250 2349/2806/2337
f 2349/2806/2337 2347/2807/2335 2346/2808/2334
f 2346/2808/2334 2351/2809/2339 2345/2810/2333
f 2349/2806/2337 2346/2808/2334 2345/2810/2333
f 2345/2810/2333 2344/2811/2332 2251/2784/2239
f 2251/2784/2239 2194/2783/2182 2193/2786/2181
f 2345/2810/2333 2251/2784/2239 2193/2786/2181
f 2349/2806/2337 2345/2810/2333 2193/2786/2181
f 2339/2787/2327 2207/2782/2195 2217/2781/2205
f 2193/2786/2181 2339/2787/2327 2217/2781/2205
f 2217/2781/2205 2246/2780/2234 2340/2812/2328
f 2340/2812/2328 2343/2813/2331 2342/2814/2330
f 2217/2781/2205 2340/2812/2328 2342/2814/2330
f 2193/2786/2181 2217/2781/2205 2342/2814/2330
f 2349/2806/2337 2193/2786/2181 2342/2814/2330
f 2229/2802/2217 2349/2806/2337 2342/2814/2330
f 2236/2800/2224 2229/2802/2217 2342/2814/2330
f 2236/2800/2224 2342/2814/2330 2341/2815/2329
f 2237/2623/2225 2342/2790/2330 2343/2792/2331
f 2237/2623/2225 2343/2792/2331 2243/2631/2231
f 2237/2623/2225 2243/2631/2231 2242/2630/2230
f 2237/2623/2225 2242/2630/2230 2238/2624/2226
f 2352/2816/2340 2276/2668/2264 2254/2644/2242
f 2352/2816/2340 2254/2644/2242 2255/2645/2243
f 2352/2816/2340 2255/2645/2243 2345/2795/2333
f 2352/2816/2340 2345/2795/2333 2351/2817/2339
f 2257/2647/2245 2256/2646/2244 2276/2670/2264
f 2276/2670/2264 2352/2818/2340 2257/2647/2245
f 2257/2647/2245 2352/2818/2340 2351/2819/2339
f 2257/2647/2245 2351/2819/2339 2346/2796/2334
f 2261/2651/2249 2263/2653/2251 2282/2676/2270
f 2261/2651/2249 2282/2676/2270 2353/2613/2341
f 2353/2613/2341 2350/2820/2338 2261/2651/2249
f 2261/2651/2249 2350/2820/2338 2262/2652/2250
f 2353/2613/2341 2282/2676/2270 2280/2679/2268
f 2353/2613/2341 2280/2679/2268 2348/2821/2336
f 2353/2613/2341 2348/2821/2336 2349/2822/2337
f 2353/2613/2341 2349/2822/2337 2350/2820/2338
