# Blender 4.5.2 LTS
# www.blender.org
mtllib cara.mtl
o cabeza
v -2.672700 3.060300 -0.026300
v -2.672700 3.205100 -0.049700
v -2.757900 3.177500 -0.049700
v -2.810500 3.105100 -0.049700
v -2.810500 3.015600 -0.049700
v -2.757900 2.943100 -0.049700
v -2.672700 2.915500 -0.049700
v -2.587600 2.943100 -0.049700
v -2.535000 3.015600 -0.049700
v -2.535000 3.105100 -0.049700
v -2.587600 3.177500 -0.049700
v -2.788500 3.206800 0.032400
v -2.680700 3.245000 0.032400
v -2.855200 3.106700 0.032400
v -2.855200 2.983100 0.032400
v -2.788500 2.883000 0.032400
v -2.680700 2.844800 0.032400
v -2.572800 2.883000 0.032400
v -2.514400 2.932900 0.032400
v -2.514400 3.008900 -0.029800
v -2.514400 3.111800 -0.029800
v -2.514400 3.171600 0.032400
v -2.572800 3.206800 0.032400
v -2.810500 3.249900 -0.043100
v -2.672700 3.294700 -0.043100
v -2.895600 3.132700 -0.043100
v -2.895600 2.987900 -0.043100
v -2.810500 2.870700 -0.043100
v -2.672700 2.826000 -0.043100
v -2.535000 2.870700 -0.043100
v -2.514400 2.899100 -0.043100
v -2.514400 3.221500 -0.043100
v -2.535000 3.249900 -0.043100
v -2.757900 3.177500 -0.104200
v -2.672700 3.205100 -0.104200
v -2.810500 3.105100 -0.104200
v -2.810500 3.015600 -0.104200
v -2.757900 2.943100 -0.104200
v -2.672700 2.915500 -0.104200
v -2.587600 2.943100 -0.104200
v -2.535000 3.015600 -0.104200
v -2.514400 3.008900 -0.089400
v -2.535000 3.105100 -0.104200
v -2.514400 3.111800 -0.089400
v -2.587600 3.177500 -0.104200
v -2.672700 3.060300 -0.127600
v -2.514400 3.213300 -0.046600
v -2.514400 3.172200 0.032500
v -2.514400 3.116300 -0.033000
v -2.514400 3.007300 -0.030900
v -2.514400 2.932600 0.032700
v 2.521600 2.923400 0.032400
v 2.521600 3.008500 -0.041900
v 2.521600 3.011900 -0.038700
v 2.521600 3.108800 -0.038700
v 2.521600 3.115300 -0.043300
v 2.521600 3.178900 0.031200
v 2.521600 3.180300 0.033800
v 2.521600 3.222500 -0.048100
v 2.521600 3.234200 -0.043100
v 2.670800 3.060300 -0.026300
v 2.755900 3.177500 -0.049700
v 2.670800 3.205100 -0.049700
v 2.808500 3.105100 -0.049700
v 2.808500 3.015600 -0.049700
v 2.755900 2.943100 -0.049700
v 2.670800 2.915500 -0.049700
v 2.585600 2.943100 -0.049700
v 2.533000 3.015600 -0.049700
v 2.533000 3.105100 -0.049700
v 2.585600 3.177500 -0.049700
v 2.786600 3.206800 0.032400
v 2.678700 3.245000 0.032400
v 2.853200 3.106700 0.032400
v 2.853200 2.983100 0.032400
v 2.786600 2.883000 0.032400
v 2.678700 2.844800 0.032400
v 2.570900 2.883000 0.032400
v 2.521600 2.925000 0.032400
v 2.570900 3.206800 0.032400
v 2.521600 3.177100 0.032400
v 2.808500 3.249900 -0.043100
v 2.670800 3.294700 -0.043100
v 2.893600 3.132700 -0.043100
v 2.893600 2.987900 -0.043100
v 2.808500 2.870700 -0.043100
v 2.670800 2.826000 -0.043100
v 2.533000 2.870700 -0.043100
v 2.521600 2.886400 -0.043100
v 2.533000 3.249900 -0.043100
v 2.755900 3.177500 -0.104200
v 2.670800 3.205100 -0.104200
v 2.808500 3.105100 -0.104200
v 2.808500 3.015600 -0.104200
v 2.755900 2.943100 -0.104200
v 2.670800 2.915500 -0.104200
v 2.585600 2.943100 -0.104200
v 2.521600 3.011900 -0.096000
v 2.533000 3.015600 -0.104200
v 2.521600 3.108800 -0.096000
v 2.533000 3.105100 -0.104200
v 2.585600 3.177500 -0.104200
v 2.670800 3.060300 -0.127600
v -0.940200 2.789200 1.529100
v -1.016800 2.526900 1.297100
v -0.807900 2.748700 1.374000
v 0.006500 2.800900 1.682700
v 0.084900 2.665400 1.507100
v 0.229500 2.729800 1.582500
v 0.153900 2.788300 1.680500
v -0.072000 2.665000 1.507000
v 0.006500 2.643300 1.479700
v -0.141000 2.788300 1.680500
v -0.216500 2.729800 1.582500
v -0.025200 2.883200 1.832000
v -0.063200 2.848400 1.778700
v 0.038100 2.883200 1.832000
v 0.006500 2.895900 1.845600
v 0.076100 2.848400 1.778700
v 0.006500 3.237200 1.661000
v 1.096200 3.505800 1.462400
v 1.771400 3.313800 1.213700
v 1.590500 3.505800 1.280300
v 1.277200 3.657300 1.191900
v 0.991900 3.576100 1.297100
v 1.847900 3.051500 0.981700
v 1.771500 3.354400 1.009800
v 1.562600 3.576100 1.086800
v -1.204600 4.077500 1.161300
v -1.078800 3.847600 1.171700
v -0.878600 3.650100 1.180700
v -0.617800 3.498700 1.187600
v -0.314000 3.403400 1.191900
v 0.012000 3.370900 1.193400
v 0.338000 3.403400 1.191900
v 0.641800 3.498700 1.187600
v 0.902600 3.650100 1.180700
v 1.102800 3.847600 1.171700
v -1.748200 4.029200 0.659700
v -1.566200 3.824500 0.692500
v -1.276600 3.648600 0.720700
v -0.899200 3.513700 0.742300
v -0.459700 3.428900 0.755900
v 0.012000 3.399900 0.760500
v 0.483600 3.428900 0.755900
v 0.923100 3.513700 0.742300
v 1.300500 3.648600 0.720700
v 1.590100 3.824500 0.692500
v 1.772200 4.029200 0.659700
v -2.491800 3.560900 0.234300
v -2.406500 3.325100 0.260100
v -2.331900 3.105300 0.284200
v -1.901800 2.916700 0.304800
v -1.341300 2.771900 0.320700
v -0.688500 2.680900 0.330700
v 0.012000 2.649800 0.334100
v 0.712500 2.680900 0.330700
v 1.365200 2.771900 0.320700
v 1.925800 2.916700 0.304800
v 2.355900 3.105300 0.284200
v 2.430500 3.325100 0.260100
v 0.012000 4.950300 -0.860600
v -0.598300 4.918700 -0.851100
v -1.167000 4.826300 -0.823000
v -1.655400 4.679200 -0.778400
v -2.474400 3.432900 -0.350400
v -2.344100 3.120500 -0.081800
v -1.654000 2.973400 -0.037100
v -0.850400 2.880900 -0.009100
v 0.012000 2.849400 0.000500
v 0.874400 2.880900 -0.009100
v 1.678000 2.973400 -0.037100
v 2.368100 3.120500 -0.081800
v 2.498400 3.432900 -0.350400
v 0.012000 4.446300 -1.644700
v -1.175500 4.343700 -1.558300
v -2.400600 3.219100 -0.548900
v -2.267900 3.021100 -0.355700
v -1.600100 2.899400 -0.253200
v -0.822500 2.822900 -0.188800
v 0.012000 2.796800 -0.166800
v 0.846500 2.822900 -0.188800
v 1.624100 2.899400 -0.253200
v 2.291900 3.021100 -0.355700
v 2.424600 3.219100 -0.548900
v -2.114600 3.063900 -0.884500
v -2.135100 2.901300 -0.637400
v -1.979200 2.717100 -0.420200
v -1.396000 2.635800 -0.289800
v -0.716800 2.584700 -0.207800
v 0.012000 2.567300 -0.179800
v 0.740800 2.584700 -0.207800
v 1.420000 2.635800 -0.289800
v 2.003200 2.717100 -0.420200
v 2.159100 2.901300 -0.637400
v 2.138600 3.063900 -0.884500
v -1.768400 2.564700 -1.164400
v -1.707700 2.517200 -0.960100
v -1.724400 2.424600 -0.828600
v -1.282000 2.435000 -0.606300
v -0.903000 2.405800 -0.480900
v -0.461700 2.387500 -0.402000
v 0.012000 2.288800 -0.614400
v 0.485600 2.387500 -0.402000
v 0.927000 2.405800 -0.480900
v 1.306000 2.435000 -0.606300
v 1.748300 2.424600 -0.828600
v 1.731700 2.517200 -0.960100
v -1.284100 2.113200 -1.102700
v -1.240000 2.106300 -0.949600
v -1.110500 2.099800 -0.806800
v -0.930000 2.094300 -0.684200
v -0.654100 2.090000 -0.590200
v -0.332800 2.087300 -0.531000
v 0.012000 2.086400 -0.510900
v 0.356800 2.087300 -0.531000
v 0.678100 2.090000 -0.590200
v 0.954000 2.094300 -0.684200
v 1.134500 2.099800 -0.806800
v 1.263900 2.106300 -0.949600
v 1.308100 2.113200 -1.102700
v -0.904500 1.848700 -1.095700
v -0.873300 1.843800 -0.987300
v -0.781700 1.839200 -0.886400
v -0.636100 1.835300 -0.799700
v -0.459000 1.832300 -0.733200
v -0.231800 1.830400 -0.691400
v 0.012000 1.829700 -0.677100
v 0.255800 1.830400 -0.691400
v 0.483000 1.832300 -0.733200
v 0.660000 1.835300 -0.799700
v 0.805700 1.839200 -0.886400
v 0.897300 1.843800 -0.987300
v 0.928500 1.848700 -1.095700
v 0.897300 1.853600 -1.204000
v 0.805700 1.858200 -1.304900
v 0.660000 1.862100 -1.391600
v 0.470200 1.865100 -1.458100
v -0.462400 1.682400 -1.091200
v -0.446300 1.679800 -1.035100
v -0.398900 1.677500 -0.982900
v -0.323500 1.675400 -0.938000
v -0.225200 1.673900 -0.903600
v -0.110800 1.672900 -0.881900
v 0.012000 1.672600 -0.874500
v 0.134800 1.672900 -0.881900
v 0.249200 1.673900 -0.903600
v 0.347500 1.675400 -0.938000
v 0.422800 1.677500 -0.982900
v 0.470200 1.679800 -1.035100
v 0.486400 1.682400 -1.091200
v 0.470200 1.684900 -1.147300
v 0.422800 1.687300 -1.199500
v 0.347500 1.689300 -1.244400
v 0.249200 1.690900 -1.278800
v 0.012000 1.625700 -1.089700
v 0.002100 4.801300 -0.084000
v 0.002100 4.742900 0.338800
v 0.174000 4.742900 0.324400
v 0.334100 4.742900 0.282100
v 0.471600 4.742900 0.215000
v 0.577100 4.742900 0.127400
v 0.643400 4.742900 0.025400
v 0.666000 4.742900 -0.084000
v 0.643400 4.742900 -0.193400
v 0.577100 4.742900 -0.295400
v 0.471600 4.742900 -0.383000
v 0.334100 4.742900 -0.450200
v 0.174000 4.742900 -0.492400
v 0.002100 4.742900 -0.506800
v -0.169700 4.742900 -0.492400
v -0.329800 4.742900 -0.450200
v -0.467300 4.742900 -0.383000
v -0.572800 4.742900 -0.295400
v -0.639100 4.742900 -0.193400
v -0.661800 4.742900 -0.084000
v -0.639100 4.742900 0.025400
v -0.572800 4.742900 0.127400
v -0.467300 4.742900 0.215000
v -0.329800 4.742900 0.282100
v -0.169700 4.742900 0.324400
v 0.002100 4.571500 0.732800
v 0.334100 4.571500 0.704900
v 0.643400 4.571500 0.623300
v 0.909000 4.571500 0.493500
v 1.112900 4.571500 0.324400
v 1.241000 4.571500 0.127400
v 1.284700 4.571500 -0.084000
v 1.241000 4.571500 -0.295400
v 1.112900 4.571500 -0.492400
v 0.909000 4.571500 -0.661600
v 0.643400 4.571500 -0.791400
v 0.334100 4.571500 -0.873000
v 0.002100 4.571500 -0.900800
v -0.329800 4.571500 -0.873000
v -0.639100 4.571500 -0.791400
v -0.904800 4.571500 -0.661600
v -1.108600 4.571500 -0.492400
v -1.236700 4.571500 -0.295400
v -1.280400 4.571500 -0.084000
v -1.236700 4.571500 0.127400
v -1.108600 4.571500 0.324400
v -0.904800 4.571500 0.493500
v -0.639100 4.571500 0.623300
v -0.329800 4.571500 0.704900
v 0.002100 4.299000 1.071100
v 0.471600 4.299000 1.031700
v 0.909000 4.299000 0.916300
v 1.284700 4.299000 0.732800
v 1.572900 4.299000 0.493500
v 1.754100 4.299000 0.215000
v 1.815900 4.299000 -0.084000
v 1.754100 4.299000 -0.383000
v 1.572900 4.299000 -0.661600
v 1.284700 4.299000 -0.900800
v 0.909000 4.299000 -1.084400
v 0.471600 4.299000 -1.199800
v 0.002100 4.299000 -1.239100
v -0.467300 4.299000 -1.199800
v -0.904800 4.299000 -1.084400
v -1.280400 4.299000 -0.900800
v -1.568700 4.299000 -0.661600
v -1.749900 4.299000 -0.383000
v -1.811700 4.299000 -0.084000
v -1.749900 4.299000 0.214900
v -1.568700 4.299000 0.493500
v -1.280400 4.299000 0.732800
v -0.904800 4.299000 0.916300
v -0.467300 4.299000 1.031700
v 0.002100 3.943800 1.330700
v 0.577100 3.943800 1.282500
v 1.112900 3.943800 1.141200
v 1.572900 3.943800 0.916300
v 1.926000 3.943800 0.623300
v 2.147900 3.943800 0.282100
v 2.223600 3.943800 -0.084000
v 2.147900 3.943800 -0.450200
v 1.926000 3.943800 -0.791400
v 1.572900 3.943800 -1.084400
v 1.112900 3.943800 -1.309200
v 0.577100 3.943800 -1.450500
v 0.002100 3.943800 -1.498700
v -0.572800 3.943800 -1.450500
v -1.108600 3.943800 -1.309200
v -1.568700 3.943800 -1.084400
v -1.921700 3.943800 -0.791400
v -2.143600 3.943800 -0.450200
v -2.219300 3.943800 -0.084000
v -2.143600 3.943800 0.282100
v -1.921700 3.943800 0.623300
v -1.568700 3.943800 0.916300
v -1.108600 3.943800 1.141200
v -0.572800 3.943800 1.282500
v 0.002100 3.530100 1.493900
v 0.643400 3.530100 1.440100
v 1.241000 3.530100 1.282500
v 1.754100 3.530100 1.031700
v 2.147900 3.530100 0.704900
v 2.395400 3.530100 0.324400
v 2.479800 3.530100 -0.084000
v 2.395400 3.530100 -0.492400
v 2.147900 3.530100 -0.873000
v 1.754100 3.530100 -1.199800
v 1.241000 3.530100 -1.450500
v 0.643400 3.530100 -1.608200
v 0.002100 3.530100 -1.661900
v -0.639100 3.530100 -1.608200
v -1.236700 3.530100 -1.450500
v -1.749900 3.530100 -1.199800
v -2.143600 3.530100 -0.873000
v -2.391100 3.530100 -0.492400
v -2.475600 3.530100 -0.084000
v -2.391100 3.530100 0.324400
v -2.143600 3.530100 0.704900
v -1.749900 3.530100 1.031700
v -1.236700 3.530100 1.282500
v -0.639100 3.530100 1.440100
v 0.002100 3.086200 1.549600
v 0.666000 3.086200 1.493900
v 1.284700 3.086200 1.330700
v 1.815900 3.086200 1.071100
v 2.223600 3.086200 0.732800
v 2.479800 3.086200 0.338800
v 2.567200 3.086200 -0.084000
v 2.479800 3.086200 -0.506800
v 2.223600 3.086200 -0.900800
v 1.815900 3.086200 -1.239100
v 1.284700 3.086200 -1.498700
v 0.666000 3.086200 -1.661900
v 0.002100 3.086200 -1.717600
v -0.661800 3.086200 -1.661900
v -1.280400 3.086200 -1.498700
v -1.811700 3.086200 -1.239100
v -2.219300 3.086200 -0.900800
v -2.475600 3.086200 -0.506800
v -2.563000 3.086200 -0.084000
v -2.475600 3.086200 0.338800
v -2.219300 3.086200 0.732800
v -1.811700 3.086200 1.071100
v -1.280400 3.086200 1.330700
v -0.661800 3.086200 1.493900
v 0.002100 2.642300 1.493900
v 0.643400 2.642300 1.440100
v 1.241000 2.642300 1.282500
v 1.754100 2.642300 1.031700
v 2.147900 2.642300 0.704900
v 2.395400 2.642300 0.324400
v 2.479800 2.642300 -0.084000
v 2.395400 2.642300 -0.492400
v 2.147900 2.642300 -0.873000
v 1.754100 2.642300 -1.199800
v 1.241000 2.642300 -1.450500
v 0.643400 2.642300 -1.608200
v 0.002100 2.642300 -1.661900
v -0.639100 2.642300 -1.608200
v -1.236700 2.642300 -1.450500
v -1.749900 2.642300 -1.199800
v -2.143600 2.642300 -0.873000
v -2.391100 2.642300 -0.492400
v -2.475600 2.642300 -0.084000
v -2.391200 2.642300 0.324400
v -2.143600 2.642300 0.704900
v -1.749900 2.642300 1.031700
v -1.236700 2.642300 1.282500
v -0.639100 2.642300 1.440100
v 0.002100 2.228600 1.330700
v 0.577100 2.228600 1.282500
v 1.112900 2.228600 1.141200
v 1.572900 2.228600 0.916300
v 1.926000 2.228600 0.623300
v 2.147900 2.228600 0.282100
v 2.223600 2.228600 -0.084000
v 2.147900 2.228600 -0.450200
v 1.926000 2.228600 -0.791400
v 1.572900 2.228600 -1.084400
v 1.112900 2.228600 -1.309200
v 0.577100 2.228600 -1.450500
v 0.002100 2.228600 -1.498700
v -0.572800 2.228600 -1.450500
v -1.108600 2.228600 -1.309200
v -1.568700 2.228600 -1.084400
v -1.921700 2.228600 -0.791400
v -2.143600 2.228600 -0.450200
v -2.219300 2.228600 -0.084000
v -2.143600 2.228600 0.282100
v -1.921700 2.228600 0.623300
v -1.568700 2.228600 0.916300
v -1.108600 2.228600 1.141200
v -0.572800 2.228600 1.282500
v 0.002100 1.873400 1.071100
v 0.471600 1.873400 1.031700
v 0.909000 1.873400 0.916300
v 1.284700 1.873400 0.732800
v 1.572900 1.873400 0.493500
v 1.754100 1.873400 0.215000
v 1.815900 1.873400 -0.084000
v 1.754100 1.873400 -0.383000
v 1.572900 1.873400 -0.661600
v 1.284700 1.873400 -0.900800
v 0.909000 1.873400 -1.084400
v 0.471600 1.873400 -1.199800
v 0.002100 1.873400 -1.239100
v -0.467300 1.873400 -1.199800
v -0.904800 1.873400 -1.084400
v -1.280400 1.873400 -0.900800
v -1.568700 1.873400 -0.661600
v -1.749900 1.873400 -0.383000
v -1.811700 1.873400 -0.084000
v -1.749900 1.873400 0.215000
v -1.568700 1.873400 0.493500
v -1.280400 1.873400 0.732800
v -0.904800 1.873400 0.916300
v -0.467300 1.873400 1.031700
v 0.002100 1.600800 0.732800
v 0.334100 1.600800 0.704900
v 0.643400 1.600800 0.623300
v 0.909000 1.600800 0.493500
v 1.112900 1.600800 0.324400
v 1.241000 1.600800 0.127400
v 1.284700 1.600800 -0.084000
v 1.241000 1.600800 -0.295400
v 1.112900 1.600800 -0.492400
v 0.909000 1.600800 -0.661600
v 0.643400 1.600800 -0.791400
v 0.334100 1.600800 -0.873000
v 0.002100 1.600800 -0.900800
v -0.329800 1.600800 -0.873000
v -0.639100 1.600800 -0.791400
v -0.904800 1.600800 -0.661600
v -1.108600 1.600800 -0.492400
v -1.236700 1.600800 -0.295400
v -1.280400 1.600800 -0.084000
v -1.236700 1.600800 0.127400
v -1.108600 1.600800 0.324400
v -0.904800 1.600800 0.493500
v -0.639100 1.600800 0.623300
v -0.329800 1.600800 0.704900
v 0.002100 1.429500 0.338800
v 0.174000 1.429500 0.324400
v 0.334100 1.429500 0.282100
v 0.471600 1.429500 0.215000
v 0.577100 1.429500 0.127400
v 0.643400 1.429500 0.025400
v 0.666000 1.429500 -0.084000
v 0.643400 1.429500 -0.193400
v 0.577100 1.429500 -0.295400
v 0.471600 1.429500 -0.383000
v 0.334100 1.429500 -0.450200
v 0.174000 1.429500 -0.492400
v 0.002100 1.429500 -0.506800
v -0.169700 1.429500 -0.492400
v -0.329800 1.429500 -0.450200
v -0.467300 1.429500 -0.383000
v -0.572800 1.429500 -0.295400
v -0.639100 1.429500 -0.193400
v -0.661800 1.429500 -0.084000
v -0.639100 1.429500 0.025400
v -0.572800 1.429500 0.127400
v -0.467300 1.429500 0.215000
v -0.329800 1.429500 0.282100
v -0.169700 1.429500 0.324400
v 0.002100 1.371100 -0.084000
vn 0.0001 -0.0000 1.0000
vn -0.0185 -0.5482 0.8361
vn 0.3094 -0.4358 0.8452
vn 0.4989 -0.1717 0.8495
vn 0.4770 0.1303 0.8692
vn 0.2767 0.3467 0.8962
vn -0.0095 0.4283 0.9036
vn -0.3049 0.3683 0.8783
vn -0.3529 0.1618 0.9216
vn -0.3453 -0.1121 0.9318
vn -0.2645 -0.4707 0.8417
vn -0.0786 0.0931 0.9926
vn -0.0026 0.1160 0.9932
vn -0.1294 0.0250 0.9913
vn -0.2081 -0.0921 0.9737
vn -0.2006 -0.2946 0.9343
vn -0.0272 -0.3931 0.9191
vn 0.0796 -0.2440 0.9665
vn -0.0804 0.1546 0.9847
vn -0.5837 0.3628 0.7264
vn -0.9177 -0.1691 0.3595
vn -0.2744 -0.2654 0.9243
vn -0.0378 -0.0498 0.9980
vn -0.5744 0.7981 -0.1820
vn 0.0129 0.9856 -0.1686
vn -0.9316 0.3104 -0.1889
vn -0.9329 -0.2805 -0.2257
vn -0.5800 -0.7598 -0.2937
vn 0.0073 -0.9475 -0.3198
vn 0.5627 -0.7766 -0.2834
vn 0.7372 -0.5348 -0.4129
vn 0.4865 0.7389 -0.4663
vn 0.5473 0.8177 -0.1784
vn -0.2390 0.3293 -0.9135
vn -0.0001 0.4065 -0.9136
vn -0.3869 0.1258 -0.9135
vn -0.3869 -0.1256 -0.9135
vn -0.2391 -0.3291 -0.9135
vn 0.0001 -0.4068 -0.9135
vn 0.2392 -0.3292 -0.9135
vn 0.3871 -0.1256 -0.9134
vn 0.5238 -0.2118 -0.8251
vn 0.3871 0.1258 -0.9134
vn 0.5238 0.2121 -0.8251
vn 0.2391 0.3291 -0.9135
vn 0.0001 -0.0000 -1.0000
vn -1.0000 -0.0000 -0.0000
vn 1.0000 -0.0000 -0.0000
vn 0.9049 0.1901 0.3808
vn 0.9182 -0.1640 0.3605
vn 1.0000 -0.0000 -0.0003
vn 1.0000 -0.0000 -0.0001
vn -0.5058 0.7484 -0.4291
vn -0.3092 -0.4357 0.8453
vn 0.0183 -0.5482 0.8361
vn -0.4988 -0.1716 0.8495
vn -0.4770 0.1303 0.8692
vn -0.2767 0.3465 0.8963
vn 0.0094 0.4283 0.9036
vn 0.3051 0.3685 0.8781
vn 0.3527 0.1619 0.9216
vn 0.3450 -0.1121 0.9319
vn 0.2750 -0.4684 0.8396
vn 0.0790 0.0936 0.9925
vn 0.0025 0.1161 0.9932
vn 0.1292 0.0249 0.9913
vn 0.2081 -0.0921 0.9738
vn 0.2012 -0.2948 0.9341
vn 0.0271 -0.3930 0.9191
vn -0.0792 -0.2436 0.9667
vn 0.1044 0.1567 0.9821
vn 0.0380 -0.0501 0.9980
vn 0.3149 -0.2739 0.9087
vn 0.5743 0.7981 -0.1822
vn -0.0127 0.9856 -0.1685
vn 0.9317 0.3103 -0.1890
vn 0.9329 -0.2805 -0.2257
vn 0.5801 -0.7597 -0.2939
vn -0.0070 -0.9474 -0.3198
vn -0.5668 -0.7746 -0.2806
vn -0.7441 -0.5402 -0.3931
vn -0.5525 0.8149 -0.1749
vn 0.2391 0.3292 -0.9135
vn 0.0002 0.4065 -0.9136
vn 0.3870 0.1258 -0.9135
vn 0.3870 -0.1256 -0.9135
vn 0.2392 -0.3291 -0.9135
vn -0.0000 -0.4068 -0.9135
vn -0.2391 -0.3292 -0.9135
vn -0.5242 -0.2119 -0.8248
vn -0.3874 -0.1257 -0.9133
vn -0.5241 0.2121 -0.8248
vn -0.3874 0.1259 -0.9133
vn -0.2391 0.3291 -0.9135
vn 0.4816 -0.6553 0.5819
vn 0.0001 -0.8407 0.5415
vn 0.0053 -0.8017 0.5977
vn 0.4279 -0.5917 0.6833
vn 0.5739 -0.3826 0.7241
vn -0.0038 -0.8015 0.5980
vn 0.0016 -0.7806 0.6250
vn -0.5744 -0.3820 0.7240
vn -0.4286 -0.5912 0.6832
vn -0.5241 -0.2985 0.7976
vn -0.5542 -0.4410 0.7060
vn 0.5243 -0.2989 0.7974
vn 0.0005 -0.0284 0.9996
vn 0.5541 -0.4411 0.7060
vn 0.0001 0.5233 0.8522
vn -0.0927 0.8939 0.4386
vn 0.9696 0.2401 0.0483
vn 0.7438 0.6554 0.1309
vn 0.9255 0.3714 0.0744
vn -0.5952 -0.4194 0.6854
vn -0.5787 -0.6215 0.5280
vn -0.5030 -0.7806 0.3710
vn -0.3350 -0.9322 0.1370
vn -0.1672 -0.9858 -0.0142
vn -0.0000 -0.9978 -0.0668
vn 0.1672 -0.9858 -0.0142
vn 0.3350 -0.9322 0.1369
vn 0.5031 -0.7806 0.3709
vn 0.5787 -0.6216 0.5280
vn -0.4670 -0.2625 0.8444
vn -0.4303 -0.3708 0.8230
vn -0.3542 -0.5762 0.7366
vn -0.2534 -0.7385 0.6248
vn -0.1353 -0.8389 0.5273
vn -0.0000 -0.8731 0.4876
vn 0.1353 -0.8389 0.5272
vn 0.2535 -0.7386 0.6247
vn 0.3542 -0.5762 0.7365
vn 0.3544 -0.3449 0.8691
vn 0.3646 -0.1779 0.9140
vn -0.4616 -0.0702 0.8843
vn -0.7219 -0.1839 0.6672
vn -0.6416 -0.5697 0.5136
vn -0.2770 -0.8574 0.4338
vn -0.1732 -0.9263 0.3347
vn -0.0859 -0.9576 0.2752
vn -0.0000 -0.9672 0.2539
vn 0.0859 -0.9576 0.2752
vn 0.1732 -0.9263 0.3347
vn 0.2770 -0.8574 0.4338
vn 0.6416 -0.5697 0.5136
vn 0.7928 -0.2189 0.5688
vn -0.0519 0.8401 -0.5400
vn -0.2892 0.8018 -0.5229
vn -0.9090 -0.4155 0.0338
vn -0.7063 -0.7078 0.0143
vn -0.1846 -0.9823 -0.0328
vn -0.0862 -0.9915 -0.0975
vn -0.0000 -0.9930 -0.1180
vn 0.0862 -0.9915 -0.0975
vn 0.1846 -0.9823 -0.0328
vn 0.7063 -0.7078 0.0143
vn 0.9090 -0.4155 0.0338
vn -0.8520 -0.5225 -0.0324
vn -0.6721 -0.7232 0.1588
vn -0.2047 -0.7026 0.6815
vn -0.0980 -0.6401 0.7620
vn -0.0000 -0.6146 0.7888
vn 0.0980 -0.6401 0.7620
vn 0.2047 -0.7026 0.6815
vn 0.6721 -0.7232 0.1588
vn 0.8520 -0.5225 -0.0324
vn -0.7726 -0.5322 -0.3462
vn -0.7690 -0.5976 -0.2272
vn -0.5116 -0.6891 0.5132
vn -0.1902 -0.5846 0.7887
vn -0.0961 -0.4732 0.8757
vn -0.0000 -0.4780 0.8783
vn 0.0961 -0.4732 0.8757
vn 0.1902 -0.5846 0.7887
vn 0.5116 -0.6891 0.5132
vn 0.7689 -0.5976 -0.2272
vn 0.7579 -0.5143 -0.4013
vn -0.7485 -0.6595 0.0691
vn -0.7364 -0.6458 -0.2019
vn -0.6041 -0.7964 -0.0297
vn -0.2890 -0.7412 0.6058
vn -0.2120 -0.6629 0.7180
vn -0.0251 -0.6327 0.7740
vn -0.0000 -0.2888 0.9574
vn 0.0250 -0.6328 0.7739
vn 0.2120 -0.6629 0.7180
vn 0.2890 -0.7412 0.6058
vn 0.6040 -0.7964 -0.0295
vn 0.6934 -0.5793 -0.4285
vn -0.6238 -0.7704 0.1314
vn -0.5487 -0.8024 0.2348
vn -0.4533 -0.7098 0.5391
vn -0.3564 -0.6115 0.7064
vn -0.2192 -0.5360 0.8153
vn -0.0056 -0.3930 0.9195
vn -0.0000 -0.0509 0.9987
vn 0.0056 -0.3930 0.9195
vn 0.2192 -0.5360 0.8153
vn 0.3564 -0.6115 0.7064
vn 0.4534 -0.7099 0.5390
vn 0.5487 -0.8024 0.2348
vn 0.6162 -0.7745 0.1430
vn -0.5687 -0.8127 0.1270
vn -0.5279 -0.7956 0.2972
vn -0.3961 -0.7656 0.5069
vn -0.2853 -0.7639 0.5788
vn -0.1924 -0.7140 0.6731
vn -0.0915 -0.6804 0.7271
vn -0.0000 -0.6690 0.7432
vn 0.0915 -0.6804 0.7271
vn 0.1924 -0.7141 0.6731
vn 0.2852 -0.7639 0.5788
vn 0.3981 -0.7586 0.5158
vn 0.5279 -0.7956 0.2972
vn 0.5688 -0.8126 0.1271
vn 0.3473 -0.9270 -0.1416
vn 0.2522 -0.8502 -0.4621
vn 0.2523 -0.8502 -0.4621
vn 0.1828 -0.8082 -0.5599
vn -0.3523 -0.9341 0.0578
vn -0.3365 -0.9262 0.1700
vn -0.2855 -0.8890 0.3579
vn -0.2173 -0.8494 0.4809
vn -0.1231 -0.8606 0.4943
vn -0.0625 -0.8821 0.4669
vn 0.0050 -0.8640 0.5034
vn 0.0571 -0.8536 0.5178
vn 0.1413 -0.8134 0.5643
vn 0.1724 -0.9238 0.3418
vn 0.2255 -0.9146 0.3356
vn 0.3522 -0.9341 0.0584
vn 0.3516 -0.9353 -0.0402
vn 0.2526 -0.8503 -0.4618
vn 0.2099 -0.8259 -0.5234
vn 0.0069 -0.9815 0.1913
vn -0.0000 1.0000 -0.0000
vn -0.0000 0.9608 0.2771
vn 0.0445 0.9621 0.2690
vn 0.0872 0.9657 0.2447
vn 0.1262 0.9707 0.2044
vn 0.1587 0.9761 0.1483
vn 0.1812 0.9803 0.0786
vn 0.1894 0.9819 -0.0000
vn 0.1812 0.9803 -0.0786
vn 0.1587 0.9761 -0.1483
vn 0.1262 0.9707 -0.2043
vn 0.0872 0.9657 -0.2447
vn 0.0444 0.9621 -0.2690
vn -0.0000 0.9608 -0.2771
vn -0.0445 0.9621 -0.2690
vn -0.0872 0.9657 -0.2448
vn -0.1262 0.9707 -0.2043
vn -0.1587 0.9761 -0.1483
vn -0.1811 0.9803 -0.0787
vn -0.1895 0.9819 -0.0000
vn -0.1811 0.9803 0.0787
vn -0.1587 0.9761 0.1483
vn -0.1262 0.9707 0.2044
vn -0.0872 0.9657 0.2448
vn -0.0445 0.9621 0.2690
vn -0.0000 0.8524 0.5229
vn 0.0863 0.8568 0.5085
vn 0.1697 0.8690 0.4648
vn 0.2468 0.8868 0.3907
vn 0.3122 0.9060 0.2858
vn 0.3580 0.9212 0.1522
vn 0.3749 0.9271 -0.0000
vn 0.3580 0.9212 -0.1522
vn 0.3122 0.9060 -0.2857
vn 0.2468 0.8868 -0.3907
vn 0.1697 0.8690 -0.4647
vn 0.0862 0.8568 -0.5085
vn -0.0000 0.8524 -0.5229
vn -0.0862 0.8568 -0.5085
vn -0.1696 0.8690 -0.4647
vn -0.2468 0.8868 -0.3907
vn -0.3122 0.9061 -0.2856
vn -0.3580 0.9212 -0.1522
vn -0.3749 0.9271 -0.0000
vn -0.3580 0.9212 0.1522
vn -0.3122 0.9061 0.2857
vn -0.2468 0.8868 0.3907
vn -0.1696 0.8690 0.4648
vn -0.0863 0.8568 0.5085
vn -0.0000 0.6869 0.7268
vn 0.1219 0.6940 0.7096
vn 0.2426 0.7144 0.6563
vn 0.3595 0.7452 0.5617
vn 0.4643 0.7801 0.4193
vn 0.5419 0.8092 0.2273
vn 0.5714 0.8207 -0.0000
vn 0.5418 0.8092 -0.2272
vn 0.4643 0.7801 -0.4193
vn 0.3594 0.7451 -0.5618
vn 0.2426 0.7144 -0.6564
vn 0.1218 0.6939 -0.7097
vn -0.0000 0.6869 -0.7268
vn -0.1218 0.6939 -0.7097
vn -0.2427 0.7143 -0.6564
vn -0.3594 0.7452 -0.5618
vn -0.4643 0.7801 -0.4193
vn -0.5419 0.8092 -0.2272
vn -0.5714 0.8207 -0.0000
vn -0.5419 0.8092 0.2272
vn -0.4643 0.7801 0.4193
vn -0.3594 0.7451 0.5618
vn -0.2426 0.7144 0.6563
vn -0.1218 0.6940 0.7096
vn -0.0000 0.4796 0.8775
vn 0.1489 0.4870 0.8606
vn 0.3008 0.5090 0.8065
vn 0.4557 0.5437 0.7048
vn 0.6047 0.5859 0.5395
vn 0.7229 0.6229 0.2989
vn 0.7408 0.6717 -0.0000
vn 0.7229 0.6229 -0.2989
vn 0.6047 0.5859 -0.5395
vn 0.4556 0.5438 -0.7048
vn 0.3008 0.5090 -0.8065
vn 0.1489 0.4870 -0.8606
vn -0.0000 0.4796 -0.8775
vn -0.1489 0.4870 -0.8606
vn -0.3008 0.5090 -0.8065
vn -0.4556 0.5438 -0.7048
vn -0.6048 0.5858 -0.5395
vn -0.7230 0.6229 -0.2989
vn -0.7699 0.6381 -0.0000
vn -0.7229 0.6229 0.2990
vn -0.6048 0.5858 0.5395
vn -0.4557 0.5438 0.7048
vn -0.3008 0.5090 0.8065
vn -0.1489 0.4870 0.8606
vn -0.0000 0.2461 0.9692
vn 0.1658 0.2508 0.9537
vn 0.3387 0.2651 0.9028
vn 0.5226 0.2887 0.8022
vn 0.7105 0.3187 0.6274
vn 0.8683 0.3128 0.3851
vn 0.9787 0.1927 0.0702
vn 0.8118 0.3609 -0.4591
vn 0.7105 0.3187 -0.6274
vn 0.5226 0.2886 -0.8023
vn 0.3387 0.2650 -0.9028
vn 0.1658 0.2508 -0.9537
vn -0.0000 0.2461 -0.9692
vn -0.1658 0.2508 -0.9537
vn -0.3386 0.2650 -0.9028
vn -0.5226 0.2886 -0.8023
vn -0.7106 0.3187 -0.6273
vn -0.8685 0.3465 -0.3545
vn -0.9336 0.3582 -0.0000
vn -0.8684 0.3465 0.3546
vn -0.7105 0.3187 0.6274
vn -0.5226 0.2887 0.8022
vn -0.3387 0.2651 0.9028
vn -0.1658 0.2508 0.9537
vn -0.0000 -0.0000 1.0000
vn 0.1715 -0.0000 0.9852
vn 0.3519 -0.0000 0.9360
vn 0.5469 -0.0000 0.8372
vn 0.7510 -0.0000 0.6603
vn 0.9266 -0.0000 0.3760
vn 0.9164 -0.0271 -0.3993
vn 0.7510 -0.0000 -0.6603
vn 0.5469 -0.0000 -0.8372
vn 0.3518 -0.0000 -0.9361
vn 0.1716 -0.0000 -0.9852
vn -0.0000 -0.0000 -1.0000
vn -0.1716 -0.0000 -0.9852
vn -0.3518 -0.0000 -0.9361
vn -0.5469 -0.0000 -0.8372
vn -0.7510 -0.0000 -0.6603
vn -0.9266 -0.0000 -0.3761
vn -0.9266 0.0001 0.3761
vn -0.7510 -0.0000 0.6604
vn -0.5469 -0.0000 0.8372
vn -0.3519 -0.0000 0.9361
vn -0.1716 -0.0000 0.9852
vn -0.0000 -0.2461 0.9692
vn 0.1658 -0.2508 0.9537
vn 0.3387 -0.2651 0.9028
vn 0.5226 -0.2887 0.8022
vn 0.7105 -0.3187 0.6274
vn 0.8685 -0.3464 0.3545
vn 0.9337 -0.3581 -0.0000
vn 0.8685 -0.3464 -0.3544
vn 0.7105 -0.3187 -0.6274
vn 0.5226 -0.2886 -0.8023
vn 0.3387 -0.2650 -0.9028
vn 0.1658 -0.2508 -0.9537
vn -0.0000 -0.2461 -0.9692
vn -0.1658 -0.2508 -0.9537
vn -0.3386 -0.2650 -0.9028
vn -0.5226 -0.2886 -0.8023
vn -0.7106 -0.3187 -0.6273
vn -0.8685 -0.3465 -0.3545
vn -0.9336 -0.3582 -0.0001
vn -0.8685 -0.3465 0.3546
vn -0.7105 -0.3188 0.6274
vn -0.5226 -0.2887 0.8022
vn -0.3387 -0.2651 0.9028
vn -0.1658 -0.2508 0.9537
vn -0.0000 -0.4796 0.8775
vn 0.1489 -0.4870 0.8606
vn 0.3008 -0.5090 0.8065
vn 0.4557 -0.5437 0.7048
vn 0.6047 -0.5858 0.5395
vn 0.7229 -0.6229 0.2989
vn 0.7699 -0.6381 -0.0000
vn 0.7229 -0.6229 -0.2989
vn 0.6047 -0.5859 -0.5395
vn 0.4556 -0.5438 -0.7048
vn 0.3008 -0.5090 -0.8065
vn 0.1489 -0.4870 -0.8606
vn -0.0000 -0.4796 -0.8775
vn -0.1489 -0.4870 -0.8606
vn -0.3008 -0.5090 -0.8065
vn -0.4556 -0.5438 -0.7048
vn -0.6048 -0.5858 -0.5395
vn -0.7230 -0.6229 -0.2989
vn -0.7699 -0.6382 -0.0000
vn -0.7229 -0.6229 0.2990
vn -0.6048 -0.5858 0.5395
vn -0.4557 -0.5438 0.7048
vn -0.3008 -0.5090 0.8065
vn -0.1489 -0.4870 0.8606
vn -0.0000 -0.6868 0.7268
vn 0.1219 -0.6939 0.7097
vn 0.2426 -0.7144 0.6564
vn 0.3595 -0.7451 0.5618
vn 0.4644 -0.7801 0.4193
vn 0.5419 -0.8091 0.2273
vn 0.5714 -0.8207 -0.0000
vn 0.5419 -0.8091 -0.2272
vn 0.4643 -0.7801 -0.4193
vn 0.3595 -0.7451 -0.5618
vn 0.2427 -0.7143 -0.6564
vn 0.1218 -0.6939 -0.7097
vn -0.0000 -0.6868 -0.7268
vn -0.1218 -0.6939 -0.7097
vn -0.2427 -0.7143 -0.6564
vn -0.3594 -0.7451 -0.5618
vn -0.4643 -0.7801 -0.4193
vn -0.5419 -0.8091 -0.2272
vn -0.5714 -0.8206 -0.0000
vn -0.5419 -0.8091 0.2273
vn -0.4644 -0.7801 0.4194
vn -0.3594 -0.7451 0.5618
vn -0.2426 -0.7144 0.6564
vn -0.1218 -0.6939 0.7097
vn -0.0000 -0.8524 0.5229
vn 0.0863 -0.8568 0.5085
vn 0.1697 -0.8690 0.4648
vn 0.2467 -0.8868 0.3907
vn 0.3122 -0.9060 0.2857
vn 0.3581 -0.9212 0.1522
vn 0.3749 -0.9271 -0.0000
vn 0.3581 -0.9212 -0.1522
vn 0.3122 -0.9060 -0.2857
vn 0.2468 -0.8868 -0.3907
vn 0.1697 -0.8690 -0.4647
vn 0.0862 -0.8568 -0.5085
vn -0.0000 -0.8524 -0.5229
vn -0.0862 -0.8568 -0.5085
vn -0.1696 -0.8690 -0.4647
vn -0.2468 -0.8868 -0.3907
vn -0.3122 -0.9061 -0.2856
vn -0.3580 -0.9212 -0.1522
vn -0.3749 -0.9271 -0.0000
vn -0.3580 -0.9212 0.1522
vn -0.3122 -0.9060 0.2857
vn -0.2468 -0.8868 0.3907
vn -0.1696 -0.8690 0.4647
vn -0.0863 -0.8568 0.5085
vn -0.0000 -0.9609 0.2770
vn 0.0445 -0.9621 0.2689
vn 0.0872 -0.9657 0.2447
vn 0.1261 -0.9708 0.2043
vn 0.1586 -0.9761 0.1482
vn 0.1811 -0.9803 0.0786
vn 0.1894 -0.9819 -0.0000
vn 0.1811 -0.9803 -0.0786
vn 0.1586 -0.9762 -0.1482
vn 0.1262 -0.9708 -0.2042
vn 0.0872 -0.9657 -0.2446
vn 0.0444 -0.9621 -0.2689
vn -0.0000 -0.9609 -0.2770
vn -0.0444 -0.9621 -0.2689
vn -0.0872 -0.9657 -0.2447
vn -0.1262 -0.9708 -0.2042
vn -0.1586 -0.9762 -0.1482
vn -0.1810 -0.9803 -0.0787
vn -0.1894 -0.9819 -0.0000
vn -0.1810 -0.9803 0.0787
vn -0.1586 -0.9762 0.1482
vn -0.1261 -0.9707 0.2043
vn -0.0872 -0.9657 0.2446
vn -0.0445 -0.9621 0.2689
vn -0.0000 -1.0000 -0.0000
vt 0.445000 0.485900
vt 0.437900 0.481600
vt 0.437500 0.485200
vt 0.440000 0.489100
vt 0.444300 0.491700
vt 0.448900 0.492000
vt 0.452000 0.489900
vt 0.452400 0.486200
vt 0.449900 0.482400
vt 0.445600 0.479800
vt 0.441000 0.479500
vt 0.435800 0.481200
vt 0.435500 0.485900
vt 0.439000 0.491100
vt 0.445000 0.494600
vt 0.451200 0.495300
vt 0.455200 0.492700
vt 0.455600 0.488000
vt 0.454300 0.484500
vt 0.450700 0.482000
vt 0.445700 0.479000
vt 0.442800 0.477700
vt 0.439900 0.478600
vt 0.433000 0.485000
vt 0.433600 0.479000
vt 0.436900 0.491200
vt 0.443900 0.495400
vt 0.451400 0.495900
vt 0.456300 0.492500
vt 0.456900 0.486600
vt 0.456000 0.485100
vt 0.440400 0.475800
vt 0.438600 0.475700
vt 0.437900 0.481200
vt 0.437500 0.484900
vt 0.440000 0.488800
vt 0.444300 0.491300
vt 0.448900 0.491700
vt 0.452000 0.489600
vt 0.452400 0.485900
vt 0.449900 0.482000
vt 0.450700 0.481600
vt 0.445600 0.479500
vt 0.445700 0.478700
vt 0.441000 0.479200
vt 0.445000 0.485300
vt 0.440700 0.476000
vt 0.442700 0.477700
vt 0.445400 0.478900
vt 0.454400 0.484600
vt 0.552600 0.311500
vt 0.547900 0.308700
vt 0.556900 0.314500
vt 0.552800 0.311600
vt 0.544400 0.307100
vt 0.547600 0.308500
vt 0.544500 0.307100
vt 0.542400 0.305400
vt 0.541800 0.305100
vt 0.553300 0.305100
vt 0.549300 0.298800
vt 0.546300 0.300800
vt 0.553900 0.299100
vt 0.558300 0.301600
vt 0.560700 0.305500
vt 0.560300 0.309200
vt 0.557200 0.311300
vt 0.552700 0.311000
vt 0.548300 0.308400
vt 0.545900 0.304500
vt 0.544500 0.299900
vt 0.548500 0.297400
vt 0.554700 0.298000
vt 0.560700 0.301600
vt 0.564200 0.306700
vt 0.563900 0.311400
vt 0.559900 0.314000
vt 0.556800 0.314400
vt 0.544200 0.304700
vt 0.544600 0.307200
vt 0.546900 0.294900
vt 0.541900 0.298300
vt 0.554300 0.295400
vt 0.561300 0.299600
vt 0.565300 0.305800
vt 0.564700 0.311800
vt 0.559700 0.315200
vt 0.558700 0.315100
vt 0.541300 0.304200
vt 0.546300 0.300500
vt 0.549300 0.298400
vt 0.553900 0.298700
vt 0.558300 0.301300
vt 0.560700 0.305200
vt 0.560300 0.308800
vt 0.557200 0.310900
vt 0.552600 0.311200
vt 0.552700 0.310600
vt 0.547900 0.308400
vt 0.548300 0.308000
vt 0.545900 0.304200
vt 0.553300 0.304500
vt 0.652000 0.192800
vt 0.775700 0.312800
vt 0.737400 0.335700
vt 0.870200 0.528200
vt 0.869100 0.537400
vt 0.862900 0.539200
vt 0.860100 0.535400
vt 0.867300 0.523200
vt 0.870100 0.524100
vt 0.857500 0.529900
vt 0.860900 0.523200
vt 0.854100 0.536700
vt 0.852200 0.540400
vt 0.853400 0.542400
vt 0.852100 0.542300
vt 0.856700 0.541100
vt 0.951400 0.526200
vt 0.979400 0.513300
vt 0.907100 0.613600
vt 0.840600 0.514600
vt 0.867400 0.526000
vt 0.888700 0.535700
vt 0.902800 0.542000
vt 0.907400 0.543500
vt 0.918800 0.539500
vt 0.932200 0.533400
vt 0.480900 0.818000
vt 0.651500 0.778200
vt 0.630100 0.738200
vt 0.153700 0.468800
vt 0.193600 0.639400
vt 0.233500 0.618000
vt 0.313300 0.767200
vt 0.337200 0.728700
vt 0.291700 0.833300
vt 0.291700 0.750000
vt 0.333300 0.750000
vt 0.333300 0.833300
vt 0.375000 0.750000
vt 0.375000 0.833300
vt 0.416700 0.750000
vt 0.416700 0.833300
vt 0.458300 0.750000
vt 0.458300 0.833300
vt 0.500000 0.750000
vt 0.500000 0.833300
vt 0.541700 0.750000
vt 0.541700 0.833300
vt 0.583300 0.750000
vt 0.583300 0.833300
vt 0.625000 0.750000
vt 0.625000 0.833300
vt 0.666700 0.750000
vt 0.666700 0.833300
vt 0.250000 0.666700
vt 0.291700 0.666700
vt 0.333300 0.666700
vt 0.375000 0.666700
vt 0.416700 0.666700
vt 0.458300 0.666700
vt 0.500000 0.666700
vt 0.541700 0.666700
vt 0.583300 0.666700
vt 0.625000 0.666700
vt 0.666700 0.666700
vt 0.708300 0.666700
vt 0.708300 0.750000
vt 0.333300 0.583300
vt 0.375000 0.583300
vt 0.416700 0.583300
vt 0.458300 0.583300
vt 0.500000 0.583300
vt 0.541700 0.583300
vt 0.583300 0.583300
vt 0.625000 0.583300
vt 0.666700 0.583300
vt 0.041700 0.583300
vt 0.000000 0.583300
vt 0.000000 0.500000
vt 0.125000 0.583300
vt 0.083300 0.583300
vt 0.083300 0.500000
vt 0.333300 0.500000
vt 0.375000 0.500000
vt 0.416700 0.500000
vt 0.458300 0.500000
vt 0.500000 0.500000
vt 0.541700 0.500000
vt 0.583300 0.500000
vt 0.625000 0.500000
vt 0.666700 0.500000
vt 0.291700 0.416700
vt 0.333300 0.416700
vt 0.375000 0.416700
vt 0.416700 0.416700
vt 0.458300 0.416700
vt 0.500000 0.416700
vt 0.541700 0.416700
vt 0.583300 0.416700
vt 0.625000 0.416700
vt 0.666700 0.416700
vt 0.708300 0.416700
vt 0.250000 0.333300
vt 0.291700 0.333300
vt 0.333300 0.333300
vt 0.375000 0.333300
vt 0.416700 0.333300
vt 0.458300 0.333300
vt 0.500000 0.333300
vt 0.541700 0.333300
vt 0.583300 0.333300
vt 0.625000 0.333300
vt 0.666700 0.333300
vt 0.708300 0.333300
vt 0.250000 0.250000
vt 0.291700 0.250000
vt 0.333300 0.250000
vt 0.375000 0.250000
vt 0.416700 0.250000
vt 0.458300 0.250000
vt 0.500000 0.250000
vt 0.541700 0.250000
vt 0.583300 0.250000
vt 0.625000 0.250000
vt 0.666700 0.250000
vt 0.708300 0.250000
vt 0.750000 0.250000
vt 0.250000 0.166700
vt 0.291700 0.166700
vt 0.333300 0.166700
vt 0.375000 0.166700
vt 0.416700 0.166700
vt 0.458300 0.166700
vt 0.500000 0.166700
vt 0.541700 0.166700
vt 0.583300 0.166700
vt 0.625000 0.166700
vt 0.666700 0.166700
vt 0.708300 0.166700
vt 0.750000 0.166700
vt 0.250000 0.083300
vt 0.291700 0.083300
vt 0.333300 0.083300
vt 0.375000 0.083300
vt 0.416700 0.083300
vt 0.458300 0.083300
vt 0.500000 0.083300
vt 0.541700 0.083300
vt 0.583300 0.083300
vt 0.625000 0.083300
vt 0.666700 0.083300
vt 0.708300 0.083300
vt 0.750000 0.083300
vt 0.791700 0.083300
vt 0.791700 0.166700
vt 0.833300 0.083300
vt 0.875000 0.083300
vt 0.875000 0.166700
vt 0.833300 0.166700
vt 0.916700 0.083300
vt 0.916700 0.166700
vt 0.416700 0.000000
vt 0.500000 0.000000
vt 0.625000 0.000000
vt 0.507000 0.513000
vt 0.507000 0.508600
vt 0.498300 0.508600
vt 0.490200 0.508600
vt 0.483300 0.508600
vt 0.477900 0.508600
vt 0.474600 0.508600
vt 0.473400 0.508600
vt 0.515700 0.508600
vt 0.523800 0.508600
vt 0.530700 0.508600
vt 0.536100 0.508600
vt 0.539400 0.508600
vt 0.540600 0.508600
vt 0.507000 0.495600
vt 0.490200 0.495600
vt 0.474600 0.495600
vt 0.461100 0.495600
vt 0.450800 0.495600
vt 0.444300 0.495600
vt 0.442100 0.495600
vt 0.523800 0.495600
vt 0.539400 0.495600
vt 0.552900 0.495600
vt 0.563200 0.495600
vt 0.569700 0.495600
vt 0.571900 0.495600
vt 0.504700 0.447600
vt 0.504700 0.416100
vt 0.588900 0.416100
vt 0.564200 0.447600
vt 0.675500 0.416100
vt 0.625500 0.447600
vt 0.746300 0.416100
vt 0.675500 0.447600
vt 0.800600 0.416100
vt 0.713900 0.447600
vt 0.427600 0.475000
vt 0.418400 0.475000
vt 0.415300 0.475000
vt 0.442100 0.475000
vt 0.461100 0.475000
vt 0.483300 0.475000
vt 0.507000 0.475000
vt 0.530700 0.475000
vt 0.552900 0.475000
vt 0.571900 0.475000
vt 0.586400 0.475000
vt 0.595600 0.475000
vt 0.598700 0.475000
vt 0.295400 0.447600
vt 0.208700 0.416100
vt 0.263000 0.416100
vt 0.333800 0.447600
vt 0.333800 0.416100
vt 0.383900 0.447600
vt 0.420400 0.416100
vt 0.445100 0.447600
vt 0.504700 0.375100
vt 0.607800 0.375100
vt 0.704000 0.375100
vt 0.800600 0.375100
vt 0.867100 0.375100
vt 0.409700 0.448200
vt 0.398500 0.448200
vt 0.394600 0.448200
vt 0.427600 0.448200
vt 0.450800 0.448200
vt 0.477900 0.448200
vt 0.507000 0.448200
vt 0.536100 0.448200
vt 0.563200 0.448200
vt 0.586400 0.448200
vt 0.604300 0.448200
vt 0.615500 0.448200
vt 0.619400 0.448200
vt 0.142200 0.375100
vt 0.208700 0.375100
vt 0.305400 0.375100
vt 0.401500 0.375100
vt 0.504700 0.315600
vt 0.619700 0.315600
vt 0.726900 0.315600
vt 0.819000 0.315600
vt 0.889700 0.315600
vt 0.398500 0.416900
vt 0.386000 0.416900
vt 0.418400 0.416900
vt 0.444300 0.416900
vt 0.474600 0.416900
vt 0.507000 0.416900
vt 0.539400 0.416900
vt 0.569700 0.416900
vt 0.595600 0.416900
vt 0.615500 0.416900
vt 0.628000 0.416900
vt 0.632300 0.416900
vt 0.119700 0.315600
vt 0.190300 0.315600
vt 0.282400 0.315600
vt 0.389600 0.315600
vt 0.504700 0.250200
vt 0.623800 0.250200
vt 0.734800 0.250200
vt 0.830100 0.250200
vt 0.903200 0.250200
vt 0.394600 0.383300
vt 0.381700 0.383300
vt 0.377300 0.383300
vt 0.381700 0.416900
vt 0.415300 0.383300
vt 0.442100 0.383300
vt 0.473400 0.383300
vt 0.507000 0.383300
vt 0.540600 0.383300
vt 0.571900 0.383300
vt 0.598700 0.383300
vt 0.619400 0.383300
vt 0.632300 0.383300
vt 0.636700 0.383300
vt 0.103800 0.247900
vt 0.179200 0.250200
vt 0.274500 0.250200
vt 0.385500 0.250200
vt 0.504700 0.184900
vt 0.619700 0.184900
vt 0.726900 0.184900
vt 0.819000 0.184900
vt 0.889700 0.184900
vt 0.398500 0.349700
vt 0.386000 0.349700
vt 0.381700 0.349700
vt 0.418400 0.349700
vt 0.444300 0.349700
vt 0.474600 0.349700
vt 0.507000 0.349700
vt 0.539400 0.349700
vt 0.569700 0.349700
vt 0.595600 0.349700
vt 0.615500 0.349700
vt 0.628000 0.349700
vt 0.632300 0.349700
vt 0.119700 0.184900
vt 0.190300 0.184900
vt 0.282400 0.184900
vt 0.389600 0.184900
vt 0.506600 0.116100
vt 0.592500 0.116100
vt 0.665900 0.118400
vt 0.734700 0.118400
vt 0.787400 0.118400
vt 0.409700 0.318400
vt 0.398500 0.318400
vt 0.394600 0.318400
vt 0.427600 0.318400
vt 0.450800 0.318400
vt 0.477900 0.318400
vt 0.507000 0.318400
vt 0.536100 0.318400
vt 0.563200 0.318400
vt 0.586400 0.318400
vt 0.604300 0.318400
vt 0.615500 0.318400
vt 0.619400 0.318400
vt 0.212700 0.118400
vt 0.265400 0.118400
vt 0.334200 0.118400
vt 0.420700 0.116100
vt 0.502200 0.070300
vt 0.569800 0.070300
vt 0.632800 0.070300
vt 0.678100 0.070300
vt 0.707400 0.070300
vt 0.427600 0.291600
vt 0.418400 0.291600
vt 0.415300 0.291600
vt 0.442100 0.291600
vt 0.461100 0.291600
vt 0.483300 0.291600
vt 0.507000 0.291600
vt 0.530700 0.291600
vt 0.552900 0.291600
vt 0.571900 0.291600
vt 0.586400 0.291600
vt 0.595600 0.291600
vt 0.598700 0.291600
vt 0.297100 0.070300
vt 0.326300 0.070300
vt 0.371600 0.070300
vt 0.434600 0.070300
vt 0.497900 0.048200
vt 0.540200 0.048200
vt 0.579600 0.048200
vt 0.613500 0.048200
vt 0.639500 0.048200
vt 0.450800 0.270900
vt 0.444300 0.270900
vt 0.442100 0.270900
vt 0.461100 0.270900
vt 0.474600 0.270900
vt 0.490200 0.270900
vt 0.507000 0.270900
vt 0.523800 0.270900
vt 0.539400 0.270900
vt 0.552900 0.270900
vt 0.563200 0.270900
vt 0.569700 0.270900
vt 0.571900 0.270900
vt 0.356300 0.048200
vt 0.382300 0.048200
vt 0.416100 0.048200
vt 0.455600 0.048200
vt 0.507000 0.258000
vt 0.498300 0.258000
vt 0.490200 0.258000
vt 0.483300 0.258000
vt 0.477900 0.258000
vt 0.474600 0.258000
vt 0.473400 0.258000
vt 0.515700 0.258000
vt 0.523800 0.258000
vt 0.530700 0.258000
vt 0.536100 0.258000
vt 0.539400 0.258000
vt 0.540600 0.258000
vt 0.507000 0.253600
s 1
usemtl lambert6SG
f 1/1/1 2/2/2 3/3/3
f 1/1/1 3/3/3 4/4/4
f 1/1/1 4/4/4 5/5/5
f 1/1/1 5/5/5 6/6/6
f 1/1/1 6/6/6 7/7/7
f 1/1/1 7/7/7 8/8/8
f 1/1/1 8/8/8 9/9/9
f 1/1/1 9/9/9 10/10/10
f 1/1/1 10/10/10 11/11/11
f 1/1/1 11/11/11 2/2/2
f 3/3/3 2/2/2 13/12/13
f 13/12/13 12/13/12 3/3/3
f 4/4/4 3/3/3 12/13/12
f 12/13/12 14/14/14 4/4/4
f 5/5/5 4/4/4 14/14/14
f 14/14/14 15/15/15 5/5/5
f 6/6/6 5/5/5 15/15/15
f 15/15/15 16/16/16 6/6/6
f 7/7/7 6/6/6 16/16/16
f 16/16/16 17/17/17 7/7/7
f 18/18/18 8/8/8 7/7/7
f 7/7/7 17/17/17 18/18/18
f 19/19/19 20/20/20 9/9/9
f 9/9/9 18/18/18 19/19/19
f 8/8/8 18/18/18 9/9/9
f 21/21/21 10/10/10 9/9/9
f 9/9/9 20/20/20 21/21/21
f 22/22/22 23/23/23 11/11/11
f 11/11/11 21/21/21 22/22/22
f 10/10/10 21/21/21 11/11/11
f 2/2/2 11/11/11 23/23/23
f 23/23/23 13/12/13 2/2/2
f 24/24/24 12/13/12 13/12/13
f 13/12/13 25/25/25 24/24/24
f 26/26/26 14/14/14 12/13/12
f 12/13/12 24/24/24 26/26/26
f 27/27/27 15/15/15 14/14/14
f 14/14/14 26/26/26 27/27/27
f 28/28/28 16/16/16 15/15/15
f 15/15/15 27/27/27 28/28/28
f 29/29/29 17/17/17 16/16/16
f 16/16/16 28/28/28 29/29/29
f 30/30/30 18/18/18 17/17/17
f 17/17/17 29/29/29 30/30/30
f 19/19/19 18/18/18 30/30/30
f 30/30/30 31/31/31 19/19/19
f 22/22/22 32/32/32 33/33/33
f 33/33/33 23/23/23 22/22/22
f 25/25/25 13/12/13 23/23/23
f 23/23/23 33/33/33 25/25/25
f 24/24/24 25/25/25 35/34/35
f 35/34/35 34/35/34 24/24/24
f 26/26/26 24/24/24 34/35/34
f 34/35/34 36/36/36 26/26/26
f 27/27/27 26/26/26 36/36/36
f 36/36/36 37/37/37 27/27/27
f 28/28/28 27/27/27 37/37/37
f 37/37/37 38/38/38 28/28/28
f 29/29/29 28/28/28 38/38/38
f 38/38/38 39/39/39 29/29/29
f 30/30/30 29/29/29 39/39/39
f 39/39/39 40/40/40 30/30/30
f 40/40/40 41/41/41 42/42/42
f 42/42/42 31/31/31 40/40/40
f 40/40/40 31/31/31 30/30/30
f 41/41/41 43/43/43 44/44/44
f 44/44/44 42/42/42 41/41/41
f 44/44/44 43/43/43 45/45/45
f 45/45/45 32/32/32 44/44/44
f 45/45/45 33/33/33 32/32/32
f 25/25/25 33/33/33 45/45/45
f 45/45/45 35/34/35 25/25/25
f 46/46/46 34/35/34 35/34/35
f 46/46/46 36/36/36 34/35/34
f 46/46/46 37/37/37 36/36/36
f 46/46/46 38/38/38 37/37/37
f 46/46/46 39/39/39 38/38/38
f 46/46/46 40/40/40 39/39/39
f 46/46/46 41/41/41 40/40/40
f 46/46/46 43/43/43 41/41/41
f 46/46/46 45/45/45 43/43/43
f 46/46/46 35/34/35 45/45/45
f 32/32/32 47/47/47 48/48/47
f 48/48/47 49/49/47 21/21/21
f 50/20/47 51/50/47 48/48/47
f 48/48/47 21/21/21 50/20/47
f 54/51/49 55/52/50 52/53/48
f 52/53/48 53/54/48 54/51/49
f 58/55/52 55/52/50 56/56/48
f 56/56/48 57/57/51 58/55/52
f 52/53/48 55/52/50 58/55/52
f 58/55/52 59/58/48 60/59/53
f 61/60/1 62/61/54 63/62/55
f 61/60/1 64/63/56 62/61/54
f 61/60/1 65/64/57 64/63/56
f 61/60/1 66/65/58 65/64/57
f 61/60/1 67/66/59 66/65/58
f 61/60/1 68/67/60 67/66/59
f 61/60/1 69/68/61 68/67/60
f 61/60/1 70/69/62 69/68/61
f 61/60/1 71/70/63 70/69/62
f 61/60/1 63/62/55 71/70/63
f 73/71/65 63/62/55 62/61/54
f 62/61/54 72/72/64 73/71/65
f 72/72/64 62/61/54 64/63/56
f 64/63/56 74/73/66 72/72/64
f 74/73/66 64/63/56 65/64/57
f 65/64/57 75/74/67 74/73/66
f 75/74/67 65/64/57 66/65/58
f 66/65/58 76/75/68 75/74/67
f 76/75/68 66/65/58 67/66/59
f 67/66/59 77/76/69 76/75/68
f 78/77/70 77/76/69 67/66/59
f 67/66/59 68/67/60 78/77/70
f 69/68/61 54/51/49 79/78/71
f 79/78/71 78/77/70 69/68/61
f 68/67/60 69/68/61 78/77/70
f 69/68/61 70/69/62 55/52/50
f 55/52/50 54/51/49 69/68/61
f 71/70/63 80/79/72 81/80/73
f 81/80/73 55/52/50 71/70/63
f 71/70/63 55/52/50 70/69/62
f 80/79/72 71/70/63 63/62/55
f 63/62/55 73/71/65 80/79/72
f 82/81/74 83/82/75 73/71/65
f 73/71/65 72/72/64 82/81/74
f 84/83/76 82/81/74 72/72/64
f 72/72/64 74/73/66 84/83/76
f 85/84/77 84/83/76 74/73/66
f 74/73/66 75/74/67 85/84/77
f 86/85/78 85/84/77 75/74/67
f 75/74/67 76/75/68 86/85/78
f 87/86/79 86/85/78 76/75/68
f 76/75/68 77/76/69 87/86/79
f 88/87/80 87/86/79 77/76/69
f 77/76/69 78/77/70 88/87/80
f 79/78/71 89/88/81 88/87/80
f 88/87/80 78/77/70 79/78/71
f 81/80/73 80/79/72 90/89/82
f 90/89/82 60/59/53 81/80/73
f 83/82/75 90/89/82 80/79/72
f 80/79/72 73/71/65 83/82/75
f 92/90/84 83/82/75 82/81/74
f 82/81/74 91/91/83 92/90/84
f 91/91/83 82/81/74 84/83/76
f 84/83/76 93/92/85 91/91/83
f 93/92/85 84/83/76 85/84/77
f 85/84/77 94/93/86 93/92/85
f 94/93/86 85/84/77 86/85/78
f 86/85/78 95/94/87 94/93/86
f 95/94/87 86/85/78 87/86/79
f 87/86/79 96/95/88 95/94/87
f 96/95/88 87/86/79 88/87/80
f 88/87/80 97/96/89 96/95/88
f 98/97/90 99/98/91 97/96/89
f 97/96/89 89/88/81 98/97/90
f 88/87/80 89/88/81 97/96/89
f 100/99/92 101/100/93 99/98/91
f 99/98/91 98/97/90 100/99/92
f 60/59/53 90/89/82 102/101/94
f 102/101/94 100/99/92 60/59/53
f 102/101/94 101/100/93 100/99/92
f 102/101/94 90/89/82 83/82/75
f 83/82/75 92/90/84 102/101/94
f 103/102/46 92/90/84 91/91/83
f 103/102/46 91/91/83 93/92/85
f 103/102/46 93/92/85 94/93/86
f 103/102/46 94/93/86 95/94/87
f 103/102/46 95/94/87 96/95/88
f 103/102/46 96/95/88 97/96/89
f 103/102/46 97/96/89 99/98/91
f 103/102/46 99/98/91 101/100/93
f 103/102/46 101/100/93 102/101/94
f 103/102/46 102/101/94 92/90/84
f 105/103/95 106/104/95 104/105/95
f 108/106/97 109/107/98 110/108/99
f 110/108/99 107/109/96 108/106/97
f 111/110/100 112/111/101 108/106/97
f 108/106/97 107/109/96 111/110/100
f 113/112/102 114/113/103 111/110/100
f 111/110/100 107/109/96 113/112/102
f 116/114/105 113/112/102 107/109/96
f 107/109/96 115/115/104 116/114/105
f 117/116/106 118/117/107 115/115/104
f 115/115/104 107/109/96 117/116/106
f 119/118/108 117/116/106 107/109/96
f 107/109/96 110/108/99 119/118/108
f 110/119/99 109/120/98 120/121/109
f 114/122/103 113/123/102 120/121/109
f 113/123/102 116/124/105 120/121/109
f 116/124/105 115/125/104 120/121/109
f 115/125/104 118/126/107 120/121/109
f 118/126/107 117/127/106 120/121/109
f 117/127/106 119/128/108 120/121/109
f 119/128/108 110/119/99 120/121/109
f 124/129/110 125/130/110 121/131/110
f 126/132/111 127/133/113 122/134/111
f 127/133/113 128/135/112 123/136/112
f 129/137/114 139/138/124 140/139/125
f 130/140/115 140/139/125 141/141/126
f 141/141/126 131/142/116 130/140/115
f 131/142/116 141/141/126 142/143/127
f 142/143/127 132/144/117 131/142/116
f 132/144/117 142/143/127 143/145/128
f 143/145/128 133/146/118 132/144/117
f 133/146/118 143/145/128 144/147/129
f 144/147/129 134/148/119 133/146/118
f 144/147/129 145/149/130 135/150/120
f 135/150/120 134/148/119 144/147/129
f 145/149/130 146/151/131 136/152/121
f 136/152/121 135/150/120 145/149/130
f 146/151/131 147/153/132 137/154/122
f 137/154/122 136/152/121 146/151/131
f 147/153/132 148/155/133 138/156/123
f 138/156/123 137/154/122 147/153/132
f 150/157/135 151/158/136 139/138/124
f 151/158/136 152/159/137 140/139/125
f 140/139/125 139/138/124 151/158/136
f 140/139/125 152/159/137 153/160/138
f 153/160/138 141/141/126 140/139/125
f 141/141/126 153/160/138 154/161/139
f 154/161/139 142/143/127 141/141/126
f 142/143/127 154/161/139 155/162/140
f 155/162/140 143/145/128 142/143/127
f 143/145/128 155/162/140 156/163/141
f 156/163/141 144/147/129 143/145/128
f 156/163/141 157/164/142 145/149/130
f 145/149/130 144/147/129 156/163/141
f 157/164/142 158/165/143 146/151/131
f 146/151/131 145/149/130 157/164/142
f 158/165/143 159/166/144 147/153/132
f 147/153/132 146/151/131 158/165/143
f 159/166/144 160/167/145 148/155/133
f 148/155/133 147/153/132 159/166/144
f 148/155/133 160/167/145 161/168/146
f 161/168/146 149/169/134 148/155/133
f 166/170/149 152/159/137 151/158/136
f 167/171/150 153/160/138 152/159/137
f 152/159/137 166/170/149 167/171/150
f 153/160/138 167/171/150 168/172/151
f 168/172/151 154/161/139 153/160/138
f 154/161/139 168/172/151 169/173/152
f 169/173/152 155/162/140 154/161/139
f 155/162/140 169/173/152 170/174/153
f 170/174/153 156/163/141 155/162/140
f 170/174/153 171/175/154 157/164/142
f 157/164/142 156/163/141 170/174/153
f 171/175/154 172/176/155 158/165/143
f 158/165/143 157/164/142 171/175/154
f 172/176/155 173/177/156 159/166/144
f 159/166/144 158/165/143 172/176/155
f 160/167/145 159/166/144 173/177/156
f 173/177/156 174/178/157 160/167/145
f 161/168/146 160/167/145 174/178/157
f 163/179/147 162/180/147 175/181/147
f 165/182/148 164/183/148 176/184/148
f 166/170/149 177/185/158 178/186/159
f 178/186/159 167/171/150 166/170/149
f 178/186/159 179/187/160 168/172/151
f 168/172/151 167/171/150 178/186/159
f 179/187/160 180/188/161 169/173/152
f 169/173/152 168/172/151 179/187/160
f 180/188/161 181/189/162 170/174/153
f 170/174/153 169/173/152 180/188/161
f 170/174/153 181/189/162 182/190/163
f 182/190/163 171/175/154 170/174/153
f 171/175/154 182/190/163 183/191/164
f 183/191/164 172/176/155 171/175/154
f 172/176/155 183/191/164 184/192/165
f 184/192/165 173/177/156 172/176/155
f 184/192/165 185/193/166 174/178/157
f 174/178/157 173/177/156 184/192/165
f 186/194/167 187/195/168 177/185/158
f 187/195/168 188/196/169 178/186/159
f 178/186/159 177/185/158 187/195/168
f 188/196/169 189/197/170 179/187/160
f 179/187/160 178/186/159 188/196/169
f 189/197/170 190/198/171 180/188/161
f 180/188/161 179/187/160 189/197/170
f 190/198/171 191/199/172 181/189/162
f 181/189/162 180/188/161 190/198/171
f 181/189/162 191/199/172 192/200/173
f 192/200/173 182/190/163 181/189/162
f 182/190/163 192/200/173 193/201/174
f 193/201/174 183/191/164 182/190/163
f 183/191/164 193/201/174 194/202/175
f 194/202/175 184/192/165 183/191/164
f 184/192/165 194/202/175 195/203/176
f 195/203/176 185/193/166 184/192/165
f 185/193/166 195/203/176 196/204/177
f 197/205/178 198/206/179 186/194/167
f 198/206/179 199/207/180 187/195/168
f 187/195/168 186/194/167 198/206/179
f 199/207/180 200/208/181 188/196/169
f 188/196/169 187/195/168 199/207/180
f 200/208/181 201/209/182 189/197/170
f 189/197/170 188/196/169 200/208/181
f 201/209/182 202/210/183 190/198/171
f 190/198/171 189/197/170 201/209/182
f 202/210/183 203/211/184 191/199/172
f 191/199/172 190/198/171 202/210/183
f 191/199/172 203/211/184 204/212/185
f 204/212/185 192/200/173 191/199/172
f 192/200/173 204/212/185 205/213/186
f 205/213/186 193/201/174 192/200/173
f 193/201/174 205/213/186 206/214/187
f 206/214/187 194/202/175 193/201/174
f 194/202/175 206/214/187 207/215/188
f 207/215/188 195/203/176 194/202/175
f 195/203/176 207/215/188 208/216/189
f 208/216/189 196/204/177 195/203/176
f 209/217/190 210/218/191 198/206/179
f 198/206/179 197/205/178 209/217/190
f 210/218/191 211/219/192 199/207/180
f 199/207/180 198/206/179 210/218/191
f 211/219/192 212/220/193 200/208/181
f 200/208/181 199/207/180 211/219/192
f 212/220/193 213/221/194 201/209/182
f 201/209/182 200/208/181 212/220/193
f 213/221/194 214/222/195 202/210/183
f 202/210/183 201/209/182 213/221/194
f 214/222/195 215/223/196 203/211/184
f 203/211/184 202/210/183 214/222/195
f 203/211/184 215/223/196 216/224/197
f 216/224/197 204/212/185 203/211/184
f 204/212/185 216/224/197 217/225/198
f 217/225/198 205/213/186 204/212/185
f 205/213/186 217/225/198 218/226/199
f 218/226/199 206/214/187 205/213/186
f 206/214/187 218/226/199 219/227/200
f 219/227/200 207/215/188 206/214/187
f 207/215/188 219/227/200 220/228/201
f 220/228/201 208/216/189 207/215/188
f 208/216/189 220/228/201 221/229/202
f 222/230/203 223/231/204 210/218/191
f 210/218/191 209/217/190 222/230/203
f 223/231/204 224/232/205 211/219/192
f 211/219/192 210/218/191 223/231/204
f 224/232/205 225/233/206 212/220/193
f 212/220/193 211/219/192 224/232/205
f 225/233/206 226/234/207 213/221/194
f 213/221/194 212/220/193 225/233/206
f 226/234/207 227/235/208 214/222/195
f 214/222/195 213/221/194 226/234/207
f 227/235/208 228/236/209 215/223/196
f 215/223/196 214/222/195 227/235/208
f 215/223/196 228/236/209 229/237/210
f 229/237/210 216/224/197 215/223/196
f 216/224/197 229/237/210 230/238/211
f 230/238/211 217/225/198 216/224/197
f 217/225/198 230/238/211 231/239/212
f 231/239/212 218/226/199 217/225/198
f 218/226/199 231/239/212 232/240/213
f 232/240/213 219/227/200 218/226/199
f 219/227/200 232/240/213 233/241/214
f 233/241/214 220/228/201 219/227/200
f 220/228/201 233/241/214 234/242/215
f 234/242/215 221/229/202 220/228/201
f 239/243/220 240/244/221 223/231/204
f 240/244/221 241/245/222 224/232/205
f 241/245/222 242/246/223 225/233/206
f 225/233/206 224/232/205 241/245/222
f 242/246/223 243/247/224 226/234/207
f 226/234/207 225/233/206 242/246/223
f 243/247/224 244/248/225 227/235/208
f 227/235/208 226/234/207 243/247/224
f 244/248/225 245/249/226 228/236/209
f 228/236/209 227/235/208 244/248/225
f 228/236/209 245/249/226 246/250/227
f 246/250/227 229/237/210 228/236/209
f 229/237/210 246/250/227 247/251/228
f 247/251/228 230/238/211 229/237/210
f 230/238/211 247/251/228 248/252/229
f 248/252/229 231/239/212 230/238/211
f 231/239/212 248/252/229 249/253/230
f 249/253/230 232/240/213 231/239/212
f 233/241/214 250/254/231 251/255/232
f 251/255/232 252/256/216 235/257/216
f 253/258/233 254/259/234 237/260/218
f 237/260/218 236/261/217 253/258/233
f 254/259/234 255/262/219 238/263/219
f 256/264/235 244/248/225 243/247/224
f 256/265/235 246/250/227 245/249/226
f 256/266/235 249/253/230 248/252/229
f 257/267/236 258/268/237 259/269/238
f 257/267/236 259/269/238 260/270/239
f 257/267/236 260/270/239 261/271/240
f 257/267/236 261/271/240 262/272/241
f 257/267/236 262/272/241 263/273/242
f 257/267/236 263/273/242 264/274/243
f 257/267/236 264/274/243 265/273/244
f 257/267/236 265/273/244 266/272/245
f 257/267/236 266/272/245 267/271/246
f 257/267/236 267/271/246 268/270/247
f 257/267/236 268/270/247 269/269/248
f 257/267/236 269/269/248 270/268/249
f 257/267/236 270/268/249 271/275/250
f 257/267/236 271/275/250 272/276/251
f 257/267/236 272/276/251 273/277/252
f 257/267/236 273/277/252 274/278/253
f 257/267/236 274/278/253 275/279/254
f 257/267/236 275/279/254 276/280/255
f 257/267/236 276/280/255 277/279/256
f 257/267/236 277/279/256 278/278/257
f 257/267/236 278/278/257 279/277/258
f 257/267/236 279/277/258 280/276/259
f 257/267/236 280/276/259 281/275/260
f 257/267/236 281/275/260 258/268/237
f 282/281/261 283/282/262 259/269/238
f 259/269/238 258/268/237 282/281/261
f 283/282/262 284/283/263 260/270/239
f 260/270/239 259/269/238 283/282/262
f 284/283/263 285/284/264 261/271/240
f 261/271/240 260/270/239 284/283/263
f 285/284/264 286/285/265 262/272/241
f 262/272/241 261/271/240 285/284/264
f 286/285/265 287/286/266 263/273/242
f 263/273/242 262/272/241 286/285/265
f 287/286/266 288/287/267 264/274/243
f 264/274/243 263/273/242 287/286/266
f 264/274/243 288/287/267 289/286/268
f 289/286/268 265/273/244 264/274/243
f 265/273/244 289/286/268 290/285/269
f 290/285/269 266/272/245 265/273/244
f 266/272/245 290/285/269 291/284/270
f 291/284/270 267/271/246 266/272/245
f 267/271/246 291/284/270 292/283/271
f 292/283/271 268/270/247 267/271/246
f 268/270/247 292/283/271 293/282/272
f 293/282/272 269/269/248 268/270/247
f 269/269/248 293/282/272 294/281/273
f 294/281/273 270/268/249 269/269/248
f 294/281/273 295/288/274 271/275/250
f 271/275/250 270/268/249 294/281/273
f 295/288/274 296/289/275 272/276/251
f 272/276/251 271/275/250 295/288/274
f 296/289/275 297/290/276 273/277/252
f 273/277/252 272/276/251 296/289/275
f 297/290/276 298/291/277 274/278/253
f 274/278/253 273/277/252 297/290/276
f 298/291/277 299/292/278 275/279/254
f 275/279/254 274/278/253 298/291/277
f 299/292/278 300/293/279 276/280/255
f 276/280/255 275/279/254 299/292/278
f 276/280/255 300/293/279 301/292/280
f 301/292/280 277/279/256 276/280/255
f 277/279/256 301/292/280 302/291/281
f 302/291/281 278/278/257 277/279/256
f 278/278/257 302/291/281 303/290/282
f 303/290/282 279/277/258 278/278/257
f 279/277/258 303/290/282 304/289/283
f 304/289/283 280/276/259 279/277/258
f 280/276/259 304/289/283 305/288/284
f 305/288/284 281/275/260 280/276/259
f 281/275/260 305/288/284 282/281/261
f 282/281/261 258/268/237 281/275/260
f 282/294/261 306/295/285 307/296/286
f 282/294/261 307/296/286 283/297/262
f 283/297/262 307/296/286 308/298/287
f 283/297/262 308/298/287 284/299/263
f 284/299/263 308/298/287 309/300/288
f 284/299/263 309/300/288 285/301/264
f 285/301/264 309/300/288 310/302/289
f 285/301/264 310/302/289 286/303/265
f 310/304/289 311/305/290 287/286/266
f 287/286/266 286/285/265 310/304/289
f 311/305/290 312/306/291 288/287/267
f 288/287/267 287/286/266 311/305/290
f 288/287/267 312/306/291 313/305/292
f 313/305/292 289/286/268 288/287/267
f 289/286/268 313/305/292 314/304/293
f 314/304/293 290/285/269 289/286/268
f 290/285/269 314/304/293 315/307/294
f 315/307/294 291/284/270 290/285/269
f 291/284/270 315/307/294 316/308/295
f 316/308/295 292/283/271 291/284/270
f 292/283/271 316/308/295 317/309/296
f 317/309/296 293/282/272 292/283/271
f 293/282/272 317/309/296 318/310/297
f 318/310/297 294/281/273 293/282/272
f 318/310/297 319/311/298 295/288/274
f 295/288/274 294/281/273 318/310/297
f 319/311/298 320/312/299 296/289/275
f 296/289/275 295/288/274 319/311/298
f 320/312/299 321/313/300 297/290/276
f 297/290/276 296/289/275 320/312/299
f 321/313/300 322/314/301 298/291/277
f 298/291/277 297/290/276 321/313/300
f 322/314/301 323/315/302 299/292/278
f 299/292/278 298/291/277 322/314/301
f 323/315/302 324/316/303 300/293/279
f 300/293/279 299/292/278 323/315/302
f 300/293/279 324/316/303 325/315/304
f 325/315/304 301/292/280 300/293/279
f 301/292/280 325/315/304 326/314/305
f 326/314/305 302/291/281 301/292/280
f 302/317/281 326/318/305 327/319/306
f 302/317/281 327/319/306 303/320/282
f 303/320/282 327/319/306 328/321/307
f 303/320/282 328/321/307 304/322/283
f 304/322/283 328/321/307 329/323/308
f 304/322/283 329/323/308 305/324/284
f 305/324/284 329/323/308 306/295/285
f 305/324/284 306/295/285 282/294/261
f 330/325/309 331/326/310 307/296/286
f 307/296/286 306/295/285 330/325/309
f 331/326/310 332/327/311 308/298/287
f 308/298/287 307/296/286 331/326/310
f 332/327/311 333/328/312 309/300/288
f 309/300/288 308/298/287 332/327/311
f 333/328/312 334/329/313 310/302/289
f 310/302/289 309/300/288 333/328/312
f 310/304/289 334/330/313 335/331/314
f 310/304/289 335/331/314 311/305/290
f 335/331/314 336/332/315 312/306/291
f 312/306/291 311/305/290 335/331/314
f 312/306/291 336/332/315 337/331/316
f 337/331/316 313/305/292 312/306/291
f 313/305/292 337/331/316 338/330/317
f 338/330/317 314/304/293 313/305/292
f 314/304/293 338/330/317 339/333/318
f 339/333/318 315/307/294 314/304/293
f 315/307/294 339/333/318 340/334/319
f 340/334/319 316/308/295 315/307/294
f 316/308/295 340/334/319 341/335/320
f 341/335/320 317/309/296 316/308/295
f 317/309/296 341/335/320 342/336/321
f 342/336/321 318/310/297 317/309/296
f 342/336/321 343/337/322 319/311/298
f 319/311/298 318/310/297 342/336/321
f 343/337/322 344/338/323 320/312/299
f 320/312/299 319/311/298 343/337/322
f 344/338/323 345/339/324 321/313/300
f 321/313/300 320/312/299 344/338/323
f 345/339/324 346/340/325 322/314/301
f 322/314/301 321/313/300 345/339/324
f 346/340/325 347/341/326 323/315/302
f 323/315/302 322/314/301 346/340/325
f 347/341/326 348/342/327 324/316/303
f 324/316/303 323/315/302 347/341/326
f 324/316/303 348/342/327 349/341/328
f 349/341/328 325/315/304 324/316/303
f 325/315/304 349/341/328 350/340/329
f 350/340/329 326/314/305 325/315/304
f 326/318/305 350/343/329 351/344/330
f 326/318/305 351/344/330 327/319/306
f 327/319/306 351/344/330 352/345/331
f 352/345/331 328/321/307 327/319/306
f 328/321/307 352/345/331 353/346/332
f 353/346/332 329/323/308 328/321/307
f 329/323/308 353/346/332 330/325/309
f 330/325/309 306/295/285 329/323/308
f 354/347/333 355/348/334 331/326/310
f 331/326/310 330/325/309 354/347/333
f 355/348/334 356/349/335 332/327/311
f 332/327/311 331/326/310 355/348/334
f 356/349/335 357/350/336 333/328/312
f 333/328/312 332/327/311 356/349/335
f 357/350/336 358/351/337 334/329/313
f 334/329/313 333/328/312 357/350/336
f 334/330/313 358/352/337 359/353/338
f 334/330/313 359/353/338 335/331/314
f 336/332/315 335/331/314 359/353/338
f 361/353/340 337/331/316 336/332/315
f 337/331/316 361/353/340 362/352/341
f 362/352/341 338/330/317 337/331/316
f 338/330/317 362/352/341 363/354/342
f 363/354/342 339/333/318 338/330/317
f 339/333/318 363/354/342 364/355/343
f 364/355/343 340/334/319 339/333/318
f 340/334/319 364/355/343 365/356/344
f 365/356/344 341/335/320 340/334/319
f 341/335/320 365/356/344 366/357/345
f 366/357/345 342/336/321 341/335/320
f 366/357/345 367/358/346 343/337/322
f 343/337/322 342/336/321 366/357/345
f 367/358/346 368/359/347 344/338/323
f 344/338/323 343/337/322 367/358/346
f 368/359/347 369/360/348 345/339/324
f 345/339/324 344/338/323 368/359/347
f 369/360/348 370/361/349 346/340/325
f 346/340/325 345/339/324 369/360/348
f 370/361/349 371/362/350 347/341/326
f 347/341/326 346/340/325 370/361/349
f 371/362/350 372/363/351 348/342/327
f 348/342/327 347/341/326 371/362/350
f 348/342/327 372/363/351 373/362/352
f 373/362/352 349/341/328 348/342/327
f 349/341/328 373/362/352 374/361/353
f 374/361/353 350/340/329 349/341/328
f 350/343/329 374/364/353 375/365/354
f 350/343/329 375/365/354 351/344/330
f 351/344/330 375/365/354 376/366/355
f 376/366/355 352/345/331 351/344/330
f 352/345/331 376/366/355 377/367/356
f 377/367/356 353/346/332 352/345/331
f 353/346/332 377/367/356 354/347/333
f 354/347/333 330/325/309 353/346/332
f 378/368/357 379/369/358 355/348/334
f 355/348/334 354/347/333 378/368/357
f 379/369/358 380/370/359 356/349/335
f 356/349/335 355/348/334 379/369/358
f 380/370/359 381/371/360 357/350/336
f 357/350/336 356/349/335 380/370/359
f 381/371/360 382/372/361 358/351/337
f 358/351/337 357/350/336 381/371/360
f 358/352/337 382/373/361 383/374/362
f 358/352/337 383/374/362 359/353/338
f 383/374/362 384/375/48 360/376/339
f 360/376/339 359/353/338 383/374/362
f 360/376/339 384/375/48 385/374/363
f 361/353/340 385/374/363 386/373/364
f 386/373/364 362/352/341 361/353/340
f 362/352/341 386/373/364 387/377/365
f 387/377/365 363/354/342 362/352/341
f 363/354/342 387/377/365 388/378/366
f 388/378/366 364/355/343 363/354/342
f 364/355/343 388/378/366 389/379/367
f 389/379/367 365/356/344 364/355/343
f 365/356/344 389/379/367 390/380/368
f 390/380/368 366/357/345 365/356/344
f 390/380/368 391/381/369 367/358/346
f 367/358/346 366/357/345 390/380/368
f 391/381/369 392/382/370 368/359/347
f 368/359/347 367/358/346 391/381/369
f 392/382/370 393/383/371 369/360/348
f 369/360/348 368/359/347 392/382/370
f 393/383/371 394/384/372 370/361/349
f 370/361/349 369/360/348 393/383/371
f 394/384/372 395/385/373 371/362/350
f 371/362/350 370/361/349 394/384/372
f 395/385/373 396/386/47 372/363/351
f 372/363/351 371/362/350 395/385/373
f 372/363/351 396/386/47 397/385/374
f 397/385/374 373/362/352 372/363/351
f 373/362/352 397/385/374 398/384/375
f 398/384/375 374/361/353 373/362/352
f 374/364/353 398/387/375 399/388/376
f 374/364/353 399/388/376 375/365/354
f 375/365/354 399/388/376 400/389/377
f 400/389/377 376/366/355 375/365/354
f 376/366/355 400/389/377 401/390/378
f 401/390/378 377/367/356 376/366/355
f 377/367/356 401/390/378 378/368/357
f 378/368/357 354/347/333 377/367/356
f 378/368/357 402/391/379 403/392/380
f 403/392/380 379/369/358 378/368/357
f 379/369/358 403/392/380 404/393/381
f 404/393/381 380/370/359 379/369/358
f 380/370/359 404/393/381 405/394/382
f 405/394/382 381/371/360 380/370/359
f 381/371/360 405/394/382 406/395/383
f 406/395/383 382/372/361 381/371/360
f 382/373/361 406/396/383 407/397/384
f 382/373/361 407/397/384 383/374/362
f 383/374/362 407/397/384 408/398/385
f 408/398/385 384/375/48 383/374/362
f 408/398/385 409/397/386 385/374/363
f 385/374/363 384/375/48 408/398/385
f 409/397/386 410/396/387 386/373/364
f 386/373/364 385/374/363 409/397/386
f 410/396/387 411/399/388 387/377/365
f 387/377/365 386/373/364 410/396/387
f 411/399/388 412/400/389 388/378/366
f 388/378/366 387/377/365 411/399/388
f 412/400/389 413/401/390 389/379/367
f 389/379/367 388/378/366 412/400/389
f 413/401/390 414/402/391 390/380/368
f 390/380/368 389/379/367 413/401/390
f 390/380/368 414/402/391 415/403/392
f 415/403/392 391/381/369 390/380/368
f 391/381/369 415/403/392 416/404/393
f 416/404/393 392/382/370 391/381/369
f 392/382/370 416/404/393 417/405/394
f 417/405/394 393/383/371 392/382/370
f 393/383/371 417/405/394 418/406/395
f 418/406/395 394/384/372 393/383/371
f 394/384/372 418/406/395 419/407/396
f 419/407/396 395/385/373 394/384/372
f 395/385/373 419/407/396 420/408/397
f 420/408/397 396/386/47 395/385/373
f 420/408/397 421/407/398 397/385/374
f 397/385/374 396/386/47 420/408/397
f 421/407/398 422/406/399 398/384/375
f 398/384/375 397/385/374 421/407/398
f 398/387/375 422/409/399 423/410/400
f 398/387/375 423/410/400 399/388/376
f 423/410/400 424/411/401 400/389/377
f 400/389/377 399/388/376 423/410/400
f 424/411/401 425/412/402 401/390/378
f 401/390/378 400/389/377 424/411/401
f 425/412/402 402/391/379 378/368/357
f 378/368/357 401/390/378 425/412/402
f 402/391/379 426/413/403 427/414/404
f 427/414/404 403/392/380 402/391/379
f 403/392/380 427/414/404 428/415/405
f 428/415/405 404/393/381 403/392/380
f 404/393/381 428/415/405 429/416/406
f 429/416/406 405/394/382 404/393/381
f 405/394/382 429/416/406 430/417/407
f 430/417/407 406/395/383 405/394/382
f 406/396/383 430/418/407 431/419/408
f 406/396/383 431/419/408 407/397/384
f 407/397/384 431/419/408 432/420/409
f 432/420/409 408/398/385 407/397/384
f 432/420/409 433/419/410 409/397/386
f 409/397/386 408/398/385 432/420/409
f 433/419/410 434/418/411 410/396/387
f 410/396/387 409/397/386 433/419/410
f 434/418/411 435/421/412 411/399/388
f 411/399/388 410/396/387 434/418/411
f 435/421/412 436/422/413 412/400/389
f 412/400/389 411/399/388 435/421/412
f 436/422/413 437/423/414 413/401/390
f 413/401/390 412/400/389 436/422/413
f 437/423/414 438/424/415 414/402/391
f 414/402/391 413/401/390 437/423/414
f 414/402/391 438/424/415 439/425/416
f 439/425/416 415/403/392 414/402/391
f 415/403/392 439/425/416 440/426/417
f 440/426/417 416/404/393 415/403/392
f 416/404/393 440/426/417 441/427/418
f 441/427/418 417/405/394 416/404/393
f 417/405/394 441/427/418 442/428/419
f 442/428/419 418/406/395 417/405/394
f 418/406/395 442/428/419 443/429/420
f 443/429/420 419/407/396 418/406/395
f 419/407/396 443/429/420 444/430/421
f 444/430/421 420/408/397 419/407/396
f 444/430/421 445/429/422 421/407/398
f 421/407/398 420/408/397 444/430/421
f 445/429/422 446/428/423 422/406/399
f 422/406/399 421/407/398 445/429/422
f 422/409/399 446/431/423 447/432/424
f 422/409/399 447/432/424 423/410/400
f 447/432/424 448/433/425 424/411/401
f 424/411/401 423/410/400 447/432/424
f 448/433/425 449/434/426 425/412/402
f 425/412/402 424/411/401 448/433/425
f 449/434/426 426/413/403 402/391/379
f 402/391/379 425/412/402 449/434/426
f 426/413/403 450/435/427 451/436/428
f 451/436/428 427/414/404 426/413/403
f 427/414/404 451/436/428 452/437/429
f 452/437/429 428/415/405 427/414/404
f 428/415/405 452/437/429 453/438/430
f 453/438/430 429/416/406 428/415/405
f 429/416/406 453/438/430 454/439/431
f 454/439/431 430/417/407 429/416/406
f 430/418/407 454/440/431 455/441/432
f 430/418/407 455/441/432 431/419/408
f 431/419/408 455/441/432 456/442/433
f 456/442/433 432/420/409 431/419/408
f 456/442/433 457/441/434 433/419/410
f 433/419/410 432/420/409 456/442/433
f 457/441/434 458/440/435 434/418/411
f 434/418/411 433/419/410 457/441/434
f 458/440/435 459/443/436 435/421/412
f 435/421/412 434/418/411 458/440/435
f 459/443/436 460/444/437 436/422/413
f 436/422/413 435/421/412 459/443/436
f 460/444/437 461/445/438 437/423/414
f 437/423/414 436/422/413 460/444/437
f 461/445/438 462/446/439 438/424/415
f 438/424/415 437/423/414 461/445/438
f 438/424/415 462/446/439 463/447/440
f 463/447/440 439/425/416 438/424/415
f 439/425/416 463/447/440 464/448/441
f 464/448/441 440/426/417 439/425/416
f 440/426/417 464/448/441 465/449/442
f 465/449/442 441/427/418 440/426/417
f 441/427/418 465/449/442 466/450/443
f 466/450/443 442/428/419 441/427/418
f 442/428/419 466/450/443 467/451/444
f 467/451/444 443/429/420 442/428/419
f 443/429/420 467/451/444 468/452/445
f 468/452/445 444/430/421 443/429/420
f 468/452/445 469/451/446 445/429/422
f 445/429/422 444/430/421 468/452/445
f 469/451/446 470/450/447 446/428/423
f 446/428/423 445/429/422 469/451/446
f 446/431/423 470/453/447 471/454/448
f 446/431/423 471/454/448 447/432/424
f 471/454/448 472/455/449 448/433/425
f 448/433/425 447/432/424 471/454/448
f 472/455/449 473/456/450 449/434/426
f 449/434/426 448/433/425 472/455/449
f 473/456/450 450/435/427 426/413/403
f 426/413/403 449/434/426 473/456/450
f 450/435/427 474/457/451 475/458/452
f 475/458/452 451/436/428 450/435/427
f 451/436/428 475/458/452 476/459/453
f 476/459/453 452/437/429 451/436/428
f 452/437/429 476/459/453 477/460/454
f 477/460/454 453/438/430 452/437/429
f 453/438/430 477/460/454 478/461/455
f 478/461/455 454/439/431 453/438/430
f 454/440/431 478/462/455 479/463/456
f 454/440/431 479/463/456 455/441/432
f 455/441/432 479/463/456 480/464/457
f 480/464/457 456/442/433 455/441/432
f 480/464/457 481/463/458 457/441/434
f 457/441/434 456/442/433 480/464/457
f 481/463/458 482/462/459 458/440/435
f 458/440/435 457/441/434 481/463/458
f 482/462/459 483/465/460 459/443/436
f 459/443/436 458/440/435 482/462/459
f 483/465/460 484/466/461 460/444/437
f 460/444/437 459/443/436 483/465/460
f 484/466/461 485/467/462 461/445/438
f 461/445/438 460/444/437 484/466/461
f 485/467/462 486/468/463 462/446/439
f 462/446/439 461/445/438 485/467/462
f 462/446/439 486/468/463 487/469/464
f 487/469/464 463/447/440 462/446/439
f 463/447/440 487/469/464 488/470/465
f 488/470/465 464/448/441 463/447/440
f 464/448/441 488/470/465 489/471/466
f 489/471/466 465/449/442 464/448/441
f 465/449/442 489/471/466 490/472/467
f 490/472/467 466/450/443 465/449/442
f 466/450/443 490/472/467 491/473/468
f 491/473/468 467/451/444 466/450/443
f 467/451/444 491/473/468 492/474/469
f 492/474/469 468/452/445 467/451/444
f 492/474/469 493/473/470 469/451/446
f 469/451/446 468/452/445 492/474/469
f 493/473/470 494/472/471 470/450/447
f 470/450/447 469/451/446 493/473/470
f 470/453/447 494/475/471 495/476/472
f 470/453/447 495/476/472 471/454/448
f 495/476/472 496/477/473 472/455/449
f 472/455/449 471/454/448 495/476/472
f 496/477/473 497/478/474 473/456/450
f 473/456/450 472/455/449 496/477/473
f 497/478/474 474/457/451 450/435/427
f 450/435/427 473/456/450 497/478/474
f 474/468/451 498/479/475 499/480/476
f 474/468/451 499/480/476 475/467/452
f 475/467/452 499/480/476 500/481/477
f 475/467/452 500/481/477 476/466/453
f 476/466/453 500/481/477 501/482/478
f 476/466/453 501/482/478 477/465/454
f 477/465/454 501/482/478 502/483/479
f 477/465/454 502/483/479 478/462/455
f 478/462/455 502/483/479 503/484/480
f 478/462/455 503/484/480 479/463/456
f 479/463/456 503/484/480 504/485/481
f 504/485/481 480/464/457 479/463/456
f 504/485/481 505/484/482 481/463/458
f 481/463/458 480/464/457 504/485/481
f 505/484/482 506/483/483 482/462/459
f 482/462/459 481/463/458 505/484/482
f 506/483/483 507/482/484 483/465/460
f 483/465/460 482/462/459 506/483/483
f 507/482/484 508/481/485 484/466/461
f 484/466/461 483/465/460 507/482/484
f 508/481/485 509/480/486 485/467/462
f 485/467/462 484/466/461 508/481/485
f 509/480/486 510/479/487 486/468/463
f 486/468/463 485/467/462 509/480/486
f 486/468/463 510/479/487 511/486/488
f 511/486/488 487/469/464 486/468/463
f 487/469/464 511/486/488 512/487/489
f 512/487/489 488/470/465 487/469/464
f 488/470/465 512/487/489 513/488/490
f 513/488/490 489/471/466 488/470/465
f 489/471/466 513/488/490 514/489/491
f 514/489/491 490/472/467 489/471/466
f 490/472/467 514/489/491 515/490/492
f 515/490/492 491/473/468 490/472/467
f 491/473/468 515/490/492 516/491/493
f 516/491/493 492/474/469 491/473/468
f 516/491/493 517/490/494 493/473/470
f 493/473/470 492/474/469 516/491/493
f 517/490/494 518/489/495 494/472/471
f 494/472/471 493/473/470 517/490/494
f 518/489/495 519/488/496 495/471/472
f 495/471/472 494/472/471 518/489/495
f 495/471/472 519/488/496 520/487/497
f 495/471/472 520/487/497 496/470/473
f 496/470/473 520/487/497 521/486/498
f 496/470/473 521/486/498 497/469/474
f 497/469/474 521/486/498 498/479/475
f 497/469/474 498/479/475 474/468/451
f 522/492/499 499/480/476 498/479/475
f 522/492/499 500/481/477 499/480/476
f 522/492/499 501/482/478 500/481/477
f 522/492/499 502/483/479 501/482/478
f 522/492/499 503/484/480 502/483/479
f 522/492/499 504/485/481 503/484/480
f 522/492/499 505/484/482 504/485/481
f 522/492/499 506/483/483 505/484/482
f 522/492/499 507/482/484 506/483/483
f 522/492/499 508/481/485 507/482/484
f 522/492/499 509/480/486 508/481/485
f 522/492/499 510/479/487 509/480/486
f 522/492/499 511/486/488 510/479/487
f 522/492/499 512/487/489 511/486/488
f 522/492/499 513/488/490 512/487/489
f 522/492/499 514/489/491 513/488/490
f 522/492/499 515/490/492 514/489/491
f 522/492/499 516/491/493 515/490/492
f 522/492/499 517/490/494 516/491/493
f 522/492/499 518/489/495 517/490/494
f 522/492/499 519/488/496 518/489/495
f 522/492/499 520/487/497 519/488/496
f 522/492/499 521/486/498 520/487/497
f 522/492/499 498/479/475 521/486/498
o cabeza.001
v 0.012000 4.324200 1.669700
v 0.012000 4.875600 1.546300
v -0.170500 4.856800 1.546300
v -0.340600 4.801700 1.546300
v -0.486600 4.714100 1.546300
v -0.598700 4.599900 1.546300
v -0.669200 4.466900 1.546300
v -0.693200 4.324200 1.546300
v -0.669200 4.181500 1.546300
v -0.598700 4.048500 1.546300
v -0.486600 3.934300 1.546300
v -0.340600 3.846700 1.546300
v -0.170500 3.791600 1.546300
v 0.012000 3.772800 1.546300
v 0.194500 3.791600 1.546300
v 0.364600 3.846700 1.546300
v 0.510600 3.934300 1.546300
v 0.622700 4.048500 1.546300
v 0.693200 4.181500 1.546300
v 0.717200 4.324200 1.546300
v 0.693200 4.466900 1.546300
v 0.622700 4.599900 1.546300
v 0.510600 4.714100 1.546300
v 0.364600 4.801700 1.546300
v 0.194500 4.856800 1.546300
v 0.012000 5.215400 1.008200
v -0.314000 5.183200 1.012700
v -0.617800 5.088800 1.026000
v -0.878600 4.938600 1.047300
v -1.078800 4.742900 1.074900
v -1.204600 4.515000 1.107100
v -1.247600 4.324200 1.150100
v -1.204600 4.077500 1.161300
v -1.078800 3.847600 1.171700
v -0.878600 3.650100 1.180700
v -0.617800 3.498700 1.187600
v -0.314000 3.403400 1.191900
v 0.012000 3.370900 1.193400
v 0.338000 3.403400 1.191900
v 0.641800 3.498700 1.187600
v 0.902600 3.650100 1.180700
v 1.102800 3.847600 1.171700
v 1.228600 4.077500 1.161300
v 1.271500 4.324200 1.150100
v 1.228600 4.515000 1.107100
v 1.102800 4.742900 1.074900
v 0.902600 4.938600 1.047300
v 0.641800 5.088800 1.026000
v 0.338000 5.183200 1.012700
v 0.012000 5.098100 0.488600
v -0.459600 5.069200 0.493200
v -0.899200 4.984300 0.506800
v -1.276600 4.849400 0.528400
v -1.566200 4.673500 0.556600
v -1.748200 4.468800 0.589400
v -1.810300 4.249000 0.624600
v -1.748200 4.029200 0.659700
v -1.566200 3.824500 0.692500
v 1.590100 3.824500 0.692500
v 1.772200 4.029200 0.659700
v 1.834300 4.249000 0.624600
v 1.772200 4.468800 0.589400
v 1.590100 4.673500 0.556600
v 1.300500 4.849400 0.528400
v 0.923100 4.984300 0.506800
v 0.483600 5.069200 0.493200
v 0.012000 5.015100 -0.062000
v -0.612200 4.984100 -0.058600
v -1.193900 4.893000 -0.048600
v -1.693300 4.748300 -0.032800
v -2.076600 4.559600 -0.012100
v -2.317500 4.339800 0.012000
v -2.491800 3.560900 0.234300
v -2.406500 3.325100 0.260100
v 2.430500 3.325100 0.260100
v 2.515800 3.560900 0.234300
v 2.341500 4.339800 0.012000
v 2.100600 4.559600 -0.012100
v 1.717300 4.748300 -0.032800
v 1.217900 4.893000 -0.048600
v 0.636200 4.984100 -0.058600
v 0.012000 4.950300 -0.860600
v -0.598300 4.918700 -0.851100
v -1.167000 4.826300 -0.823000
v -1.655400 4.679200 -0.778400
v -2.030100 4.487500 -0.720300
v -2.265700 4.264300 -0.652600
v -2.346000 4.024700 -0.579900
v -2.451800 3.785200 -0.507300
v -2.474400 3.432900 -0.350400
v 2.498400 3.432900 -0.350400
v 2.475800 3.785200 -0.507300
v 2.370000 4.024700 -0.579900
v 2.289700 4.264300 -0.652600
v 2.054100 4.487500 -0.720300
v 1.679400 4.679200 -0.778400
v 1.191000 4.826300 -0.823000
v 0.622300 4.918700 -0.851100
v 0.012000 4.446300 -1.644700
v -0.602700 4.420200 -1.622800
v -1.175500 4.343700 -1.558300
v -1.667400 4.222000 -1.455900
v -2.044800 4.063300 -1.322300
v -2.282100 3.878600 -1.166700
v -2.363000 3.680300 -1.126400
v -2.346000 3.482100 -0.959500
v -2.400600 3.219100 -0.548900
v 2.424600 3.219100 -0.548900
v 2.370000 3.482100 -0.959500
v 2.387000 3.680300 -1.126400
v 2.306100 3.878600 -1.166700
v 2.068800 4.063300 -1.322300
v 1.691400 4.222000 -1.455900
v 1.199500 4.343700 -1.558300
v 0.626700 4.420200 -1.622800
v 0.012000 3.586800 -1.984100
v -0.557800 3.572600 -1.954300
v -1.088800 3.531100 -1.867000
v -1.544800 3.465100 -1.728200
v -1.894700 3.379100 -1.547300
v -2.114600 3.278900 -1.336700
v -2.189600 3.171400 -1.110600
v -2.114600 3.063900 -0.884500
v 2.138600 3.063900 -0.884500
v 2.213600 3.171400 -1.110600
v 2.138600 3.278900 -1.336700
v 1.918700 3.379100 -1.547300
v 1.568800 3.465100 -1.728200
v 1.112800 3.531100 -1.867000
v 0.581800 3.572600 -1.954300
v 0.012000 2.748200 -1.953700
v -0.448800 2.742000 -1.926800
v -0.878200 2.723700 -1.847900
v -1.246900 2.694500 -1.722500
v -1.529900 2.656500 -1.559000
v -1.707700 2.612200 -1.368700
v -1.768400 2.564700 -1.164400
v 1.731700 2.517200 -0.960100
v 1.792400 2.564700 -1.164400
v 1.731700 2.612200 -1.368700
v 1.553900 2.656500 -1.559000
v 1.270900 2.694500 -1.722500
v 0.902200 2.723700 -1.847900
v 0.472800 2.742000 -1.926800
v 0.012000 2.140000 -1.694600
v -0.323500 2.139100 -1.674500
v -0.636100 2.136500 -1.615300
v -0.904500 2.132200 -1.521300
v -1.110500 2.126600 -1.398700
v -1.240000 2.120200 -1.255900
v -1.284100 2.113200 -1.102700
v 1.308100 2.113200 -1.102700
v 1.263900 2.120200 -1.255900
v 1.134500 2.126600 -1.398700
v 0.928500 2.132200 -1.521300
v 0.660100 2.136500 -1.615300
v 0.347500 2.139100 -1.674500
v 0.012000 1.867700 -1.514200
v -0.225200 1.867000 -1.499900
v -0.446300 1.865100 -1.458100
v -0.636100 1.862100 -1.391600
v -0.781700 1.858200 -1.304900
v -0.873300 1.853600 -1.204000
v -0.904500 1.848700 -1.095700
v -0.873300 1.843800 -0.987300
v -0.781700 1.839200 -0.886400
v 0.805700 1.839200 -0.886400
v 0.897300 1.843800 -0.987300
v 0.928500 1.848700 -1.095700
v 0.897300 1.853600 -1.204000
v 0.805700 1.858200 -1.304900
v 0.660000 1.862100 -1.391600
v 0.470200 1.865100 -1.458100
v 0.249200 1.867000 -1.499900
v 0.012000 1.692200 -1.307800
v -0.110800 1.691900 -1.300500
v -0.225200 1.690900 -1.278800
v -0.323500 1.689300 -1.244400
v -0.398900 1.687300 -1.199500
v -0.446300 1.684900 -1.147300
v -0.462400 1.682400 -1.091200
v -0.446300 1.679800 -1.035100
v -0.398900 1.677500 -0.982900
v -0.323500 1.675400 -0.938000
v -0.225200 1.673900 -0.903600
v -0.110800 1.672900 -0.881900
v 0.012000 1.672600 -0.874500
v 0.134800 1.672900 -0.881900
v 0.249200 1.673900 -0.903600
v 0.347500 1.675400 -0.938000
v 0.422800 1.677500 -0.982900
v 0.470200 1.679800 -1.035100
v 0.486400 1.682400 -1.091200
v 0.470200 1.684900 -1.147300
v 0.422800 1.687300 -1.199500
v 0.347500 1.689300 -1.244400
v 0.249200 1.690900 -1.278800
v 0.134800 1.691900 -1.300500
v 0.012000 1.625700 -1.089700
v 2.223600 3.943800 -0.084000
v 2.395400 3.530100 0.324400
v 2.479800 3.530100 -0.084000
v 2.395400 3.530100 -0.492400
v 2.479800 3.086200 -0.506800
vn -0.0000 -0.0000 1.0000
vn -0.0000 0.5923 0.8057
vn -0.1171 0.5744 0.8102
vn -0.2268 0.5204 0.8232
vn -0.3222 0.4298 0.8435
vn -0.3924 0.3061 0.8674
vn -0.4267 0.1602 0.8901
vn -0.4158 0.0140 0.9093
vn -0.3824 -0.1312 0.9146
vn -0.3337 -0.2488 0.9093
vn -0.2651 -0.3431 0.9011
vn -0.1832 -0.4112 0.8929
vn -0.0934 -0.4522 0.8870
vn -0.0000 -0.4659 0.8849
vn 0.0934 -0.4522 0.8870
vn 0.1832 -0.4112 0.8929
vn 0.2651 -0.3431 0.9011
vn 0.3337 -0.2488 0.9093
vn 0.3824 -0.1312 0.9146
vn 0.4159 0.0140 0.9093
vn 0.4267 0.1602 0.8901
vn 0.3924 0.3061 0.8674
vn 0.3222 0.4298 0.8435
vn 0.2268 0.5204 0.8232
vn 0.1171 0.5744 0.8102
vn -0.0000 0.9865 0.1640
vn -0.1782 0.9647 0.1937
vn -0.3446 0.8961 0.2798
vn -0.4910 0.7646 0.4174
vn -0.5911 0.5687 0.5719
vn -0.6224 0.3771 0.6858
vn -0.6355 0.1211 0.7626
vn -0.6171 -0.1821 0.7655
vn -0.5453 -0.3273 0.7717
vn -0.3986 -0.4686 0.7883
vn -0.2778 -0.5744 0.7700
vn -0.1423 -0.6386 0.7562
vn -0.0000 -0.6601 0.7512
vn 0.1423 -0.6386 0.7562
vn 0.2778 -0.5744 0.7700
vn 0.3986 -0.4686 0.7883
vn 0.5453 -0.3273 0.7717
vn 0.6170 -0.1967 0.7620
vn 0.6355 0.1211 0.7626
vn 0.6225 0.3770 0.6858
vn 0.5912 0.5688 0.5719
vn 0.4910 0.7646 0.4174
vn 0.3446 0.8961 0.2798
vn 0.1782 0.9647 0.1937
vn -0.0000 0.9841 -0.1774
vn -0.1357 0.9817 -0.1336
vn -0.2726 0.9621 -0.0109
vn -0.4153 0.8927 0.1747
vn -0.5524 0.7369 0.3897
vn -0.6612 0.4786 0.5778
vn -0.6685 0.1732 0.7233
vn -0.5908 -0.0393 0.8059
vn -0.6545 -0.3273 0.6815
vn 0.6067 -0.4030 0.6853
vn 0.5935 -0.1238 0.7952
vn 0.6684 0.1732 0.7233
vn 0.6611 0.4787 0.5778
vn 0.5523 0.7370 0.3896
vn 0.4153 0.8927 0.1747
vn 0.2727 0.9620 -0.0109
vn 0.1357 0.9817 -0.1336
vn -0.0003 0.9936 -0.1125
vn -0.1130 0.9888 -0.0970
vn -0.2357 0.9704 -0.0516
vn -0.3847 0.9228 0.0216
vn -0.5807 0.8053 0.1191
vn -0.8356 0.5064 0.2131
vn -0.9926 -0.0381 0.1152
vn -0.9711 -0.2257 -0.0780
vn 0.8686 -0.1805 0.4614
vn 0.9100 -0.0542 0.4111
vn 0.8356 0.5064 0.2131
vn 0.5807 0.8054 0.1191
vn 0.3847 0.9228 0.0216
vn 0.2357 0.9704 -0.0516
vn 0.1133 0.9888 -0.0967
vn 0.0173 0.9704 -0.2407
vn -0.1200 0.9542 -0.2742
vn -0.2094 0.9455 -0.2494
vn -0.3978 0.8788 -0.2637
vn -0.5794 0.7611 -0.2917
vn -0.8308 0.5112 -0.2202
vn -0.9465 0.3020 -0.1139
vn -0.9775 0.1993 -0.0689
vn -0.9971 0.0335 -0.0684
vn 0.9971 0.0335 -0.0684
vn 0.9775 0.1993 -0.0689
vn 0.9465 0.3020 -0.1139
vn 0.8308 0.5112 -0.2202
vn 0.5794 0.7611 -0.2917
vn 0.3803 0.8702 -0.3133
vn 0.2309 0.9193 -0.3187
vn 0.1098 0.9410 -0.3202
vn 0.0048 0.6090 -0.7931
vn -0.1132 0.6255 -0.7720
vn -0.2307 0.5725 -0.7868
vn -0.3828 0.5479 -0.7438
vn -0.5855 0.4473 -0.6761
vn -0.7929 0.3093 -0.5250
vn -0.8864 0.0267 -0.4621
vn -0.9341 -0.2854 -0.2146
vn -0.9225 -0.2379 -0.3039
vn 0.9225 -0.2379 -0.3039
vn 0.9341 -0.2854 -0.2146
vn 0.8864 0.0267 -0.4621
vn 0.7929 0.3093 -0.5250
vn 0.5785 0.4429 -0.6850
vn 0.3882 0.5404 -0.7465
vn 0.2375 0.5971 -0.7662
vn 0.1140 0.6261 -0.7713
vn -0.0014 0.1696 -0.9855
vn -0.1152 0.1591 -0.9805
vn -0.2391 0.1249 -0.9629
vn -0.3773 0.0540 -0.9245
vn -0.5579 -0.0683 -0.8271
vn -0.7372 -0.2456 -0.6294
vn -0.8632 -0.4557 -0.2174
vn -0.8364 -0.5369 -0.1104
vn 0.8343 -0.5434 -0.0935
vn 0.8632 -0.4557 -0.2174
vn 0.7372 -0.2456 -0.6294
vn 0.5539 -0.0564 -0.8307
vn 0.3850 0.0599 -0.9210
vn 0.2391 0.1249 -0.9629
vn 0.1166 0.1586 -0.9804
vn -0.0011 -0.2160 -0.9764
vn -0.1108 -0.2267 -0.9676
vn -0.2279 -0.2605 -0.9382
vn -0.3602 -0.3212 -0.8759
vn -0.5124 -0.4130 -0.7529
vn -0.6618 -0.5297 -0.5304
vn -0.7319 -0.6064 -0.3109
vn 0.7344 -0.6759 0.0611
vn 0.7526 -0.6405 -0.1529
vn 0.6618 -0.5298 -0.5304
vn 0.5124 -0.4130 -0.7529
vn 0.3602 -0.3212 -0.8759
vn 0.2279 -0.2605 -0.9382
vn 0.1119 -0.2271 -0.9674
vn -0.0006 -0.4731 -0.8810
vn -0.1055 -0.4828 -0.8694
vn -0.2155 -0.5143 -0.8301
vn -0.3352 -0.5689 -0.7510
vn -0.4644 -0.6442 -0.6077
vn -0.5750 -0.7281 -0.3733
vn -0.6092 -0.7646 -0.2103
vn 0.6184 -0.7633 -0.1871
vn 0.5750 -0.7280 -0.3733
vn 0.4645 -0.6442 -0.6076
vn 0.3352 -0.5689 -0.7510
vn 0.2155 -0.5143 -0.8301
vn 0.1060 -0.4834 -0.8689
vn -0.0000 -0.6608 -0.7506
vn -0.0873 -0.6702 -0.7371
vn -0.1763 -0.6974 -0.6947
vn -0.2677 -0.7410 -0.6159
vn -0.3593 -0.7954 -0.4881
vn -0.4405 -0.8479 -0.2950
vn -0.4391 -0.8921 -0.1066
vn -0.3424 -0.9302 0.1320
vn -0.3224 -0.9127 0.2511
vn 0.3223 -0.9127 0.2511
vn 0.3424 -0.9302 0.1320
vn 0.4391 -0.8921 -0.1067
vn 0.4423 -0.8459 -0.2981
vn 0.3768 -0.7849 -0.4918
vn 0.2717 -0.6759 -0.6851
vn 0.1758 -0.6909 -0.7013
vn 0.0873 -0.6702 -0.7370
vn -0.0000 -0.8741 -0.4857
vn -0.0516 -0.8783 -0.4753
vn -0.1025 -0.8907 -0.4430
vn -0.1522 -0.9096 -0.3865
vn -0.1987 -0.9320 -0.3032
vn -0.2376 -0.9530 -0.1878
vn -0.2218 -0.9720 -0.0779
vn -0.1363 -0.9900 0.0355
vn -0.1062 -0.9917 0.0725
vn -0.0892 -0.9880 0.1265
vn -0.0721 -0.9840 0.1630
vn -0.0152 -0.9770 0.2129
vn 0.0457 -0.9796 0.1955
vn 0.0645 -0.9829 0.1724
vn 0.0721 -0.9840 0.1630
vn 0.1863 -0.9743 0.1263
vn 0.2105 -0.9701 0.1208
vn 0.1555 -0.9868 -0.0448
vn 0.2033 -0.9581 -0.2016
vn 0.1652 -0.9639 -0.2087
vn 0.1030 -0.9577 -0.2686
vn 0.0843 -0.9057 -0.4155
vn 0.0516 -0.8783 -0.4753
vn -0.0015 -0.9960 -0.0894
vn 0.8502 0.5265 -0.0000
vn 0.8373 0.5186 0.1730
vn 0.8879 0.4578 -0.0450
vn 0.9291 0.3162 -0.1920
vn 0.9616 0.1893 -0.1987
vt 0.000000 1.000000
vt 0.000000 0.916700
vt 0.041700 0.916700
vt 0.041700 1.000000
vt 0.083300 0.916700
vt 0.083300 1.000000
vt 0.125000 0.916700
vt 0.125000 1.000000
vt 0.166700 0.916700
vt 0.166700 1.000000
vt 0.208300 0.916700
vt 0.208300 1.000000
vt 0.250000 0.916700
vt 0.250000 1.000000
vt 0.291700 0.916700
vt 0.291700 1.000000
vt 0.333300 0.916700
vt 0.333300 1.000000
vt 0.375000 0.916700
vt 0.375000 1.000000
vt 0.416700 0.916700
vt 0.416700 1.000000
vt 0.458300 0.916700
vt 0.458300 1.000000
vt 0.500000 0.916700
vt 0.500000 1.000000
vt 0.541700 0.916700
vt 0.541700 1.000000
vt 0.583300 0.916700
vt 0.583300 1.000000
vt 0.625000 0.916700
vt 0.625000 1.000000
vt 0.666700 0.916700
vt 0.666700 1.000000
vt 0.708300 0.916700
vt 0.708300 1.000000
vt 0.750000 0.916700
vt 0.750000 1.000000
vt 0.791700 0.916700
vt 0.791700 1.000000
vt 0.833300 0.916700
vt 0.833300 1.000000
vt 0.875000 0.916700
vt 0.875000 1.000000
vt 0.916700 0.916700
vt 0.916700 1.000000
vt 0.958300 0.916700
vt 0.958300 1.000000
vt 1.000000 0.916700
vt 0.000000 0.833300
vt 0.041700 0.833300
vt 0.083300 0.833300
vt 0.125000 0.833300
vt 0.166700 0.833300
vt 0.208300 0.833300
vt 0.250000 0.833300
vt 0.291700 0.833300
vt 0.333300 0.833300
vt 0.375000 0.833300
vt 0.416700 0.833300
vt 0.458300 0.833300
vt 0.500000 0.833300
vt 0.541700 0.833300
vt 0.583300 0.833300
vt 0.625000 0.833300
vt 0.666700 0.833300
vt 0.708300 0.833300
vt 0.750000 0.833300
vt 0.791700 0.833300
vt 0.833300 0.833300
vt 0.875000 0.833300
vt 0.916700 0.833300
vt 0.958300 0.833300
vt 1.000000 0.833300
vt 0.000000 0.750000
vt 0.041700 0.750000
vt 0.083300 0.750000
vt 0.125000 0.750000
vt 0.166700 0.750000
vt 0.208300 0.750000
vt 0.250000 0.750000
vt 0.291700 0.750000
vt 0.333300 0.750000
vt 0.666700 0.750000
vt 0.708300 0.750000
vt 0.750000 0.750000
vt 0.791700 0.750000
vt 0.833300 0.750000
vt 0.875000 0.750000
vt 0.916700 0.750000
vt 0.958300 0.750000
vt 1.000000 0.750000
vt 0.000000 0.666700
vt 0.041700 0.666700
vt 0.083300 0.666700
vt 0.125000 0.666700
vt 0.166700 0.666700
vt 0.208300 0.666700
vt 0.250000 0.666700
vt 0.708300 0.666700
vt 0.750000 0.666700
vt 0.791700 0.666700
vt 0.833300 0.666700
vt 0.875000 0.666700
vt 0.916700 0.666700
vt 0.958300 0.666700
vt 1.000000 0.666700
vt 0.000000 0.583300
vt 0.041700 0.583300
vt 0.083300 0.583300
vt 0.125000 0.583300
vt 0.166700 0.583300
vt 0.208300 0.583300
vt 0.250000 0.583300
vt 0.291700 0.583300
vt 0.291700 0.666700
vt 0.333300 0.583300
vt 0.666700 0.583300
vt 0.708300 0.583300
vt 0.750000 0.583300
vt 0.791700 0.583300
vt 0.833300 0.583300
vt 0.875000 0.583300
vt 0.916700 0.583300
vt 0.958300 0.583300
vt 1.000000 0.583300
vt 0.000000 0.500000
vt 0.041700 0.500000
vt 0.083300 0.500000
vt 0.125000 0.500000
vt 0.166700 0.500000
vt 0.208300 0.500000
vt 0.250000 0.500000
vt 0.291700 0.500000
vt 0.333300 0.500000
vt 0.666700 0.500000
vt 0.708300 0.500000
vt 0.750000 0.500000
vt 0.791700 0.500000
vt 0.833300 0.500000
vt 0.875000 0.500000
vt 0.916700 0.500000
vt 0.958300 0.500000
vt 1.000000 0.500000
vt 0.000000 0.416700
vt 0.041700 0.416700
vt 0.083300 0.416700
vt 0.125000 0.416700
vt 0.166700 0.416700
vt 0.208300 0.416700
vt 0.250000 0.416700
vt 0.291700 0.416700
vt 0.708300 0.416700
vt 0.750000 0.416700
vt 0.791700 0.416700
vt 0.833300 0.416700
vt 0.875000 0.416700
vt 0.916700 0.416700
vt 0.958300 0.416700
vt 1.000000 0.416700
vt 0.000000 0.333300
vt 0.041700 0.333300
vt 0.083300 0.333300
vt 0.125000 0.333300
vt 0.166700 0.333300
vt 0.208300 0.333300
vt 0.250000 0.333300
vt 0.708300 0.333300
vt 0.750000 0.333300
vt 0.791700 0.333300
vt 0.833300 0.333300
vt 0.875000 0.333300
vt 0.916700 0.333300
vt 0.958300 0.333300
vt 1.000000 0.333300
vt 0.000000 0.250000
vt 0.041700 0.250000
vt 0.083300 0.250000
vt 0.125000 0.250000
vt 0.166700 0.250000
vt 0.208300 0.250000
vt 0.250000 0.250000
vt 0.750000 0.250000
vt 0.791700 0.250000
vt 0.833300 0.250000
vt 0.875000 0.250000
vt 0.916700 0.250000
vt 0.958300 0.250000
vt 1.000000 0.250000
vt 0.000000 0.166700
vt 0.041700 0.166700
vt 0.083300 0.166700
vt 0.125000 0.166700
vt 0.166700 0.166700
vt 0.208300 0.166700
vt 0.250000 0.166700
vt 0.750000 0.166700
vt 0.791700 0.166700
vt 0.833300 0.166700
vt 0.875000 0.166700
vt 0.916700 0.166700
vt 0.958300 0.166700
vt 1.000000 0.166700
vt 0.000000 0.083300
vt 0.041700 0.083300
vt 0.083300 0.083300
vt 0.125000 0.083300
vt 0.166700 0.083300
vt 0.208300 0.083300
vt 0.250000 0.083300
vt 0.291700 0.166700
vt 0.333300 0.166700
vt 0.291700 0.083300
vt 0.666700 0.166700
vt 0.666700 0.083300
vt 0.708300 0.083300
vt 0.708300 0.166700
vt 0.750000 0.083300
vt 0.791700 0.083300
vt 0.833300 0.083300
vt 0.875000 0.083300
vt 0.916700 0.083300
vt 0.958300 0.083300
vt 1.000000 0.083300
vt 0.000000 0.000000
vt 0.041700 0.000000
vt 0.083300 0.000000
vt 0.125000 0.000000
vt 0.166700 0.000000
vt 0.208300 0.000000
vt 0.250000 0.000000
vt 0.291700 0.000000
vt 0.333300 0.083300
vt 0.333300 0.000000
vt 0.375000 0.083300
vt 0.375000 0.000000
vt 0.416700 0.083300
vt 0.458300 0.000000
vt 0.500000 0.083300
vt 0.458300 0.083300
vt 0.541700 0.000000
vt 0.583300 0.083300
vt 0.541700 0.083300
vt 0.583300 0.000000
vt 0.625000 0.083300
vt 0.666700 0.000000
vt 0.708300 0.000000
vt 0.750000 0.000000
vt 0.791700 0.000000
vt 0.833300 0.000000
vt 0.875000 0.000000
vt 0.916700 0.000000
vt 0.958300 0.000000
vt 0.386000 0.416900
vt 0.381700 0.416900
vt 0.394600 0.448200
vt 0.381700 0.383300
s 1
usemtl lambert8SG
f 523/493/500 524/494/501 525/495/502
f 523/496/500 525/495/502 526/497/503
f 523/498/500 526/497/503 527/499/504
f 523/500/500 527/499/504 528/501/505
f 523/502/500 528/501/505 529/503/506
f 523/504/500 529/503/506 530/505/507
f 523/506/500 530/505/507 531/507/508
f 523/508/500 531/507/508 532/509/509
f 523/510/500 532/509/509 533/511/510
f 523/512/500 533/511/510 534/513/511
f 523/514/500 534/513/511 535/515/512
f 523/516/500 535/515/512 536/517/513
f 523/518/500 536/517/513 537/519/514
f 523/520/500 537/519/514 538/521/515
f 523/522/500 538/521/515 539/523/516
f 523/524/500 539/523/516 540/525/517
f 523/526/500 540/525/517 541/527/518
f 523/528/500 541/527/518 542/529/519
f 523/530/500 542/529/519 543/531/520
f 523/532/500 543/531/520 544/533/521
f 523/534/500 544/533/521 545/535/522
f 523/536/500 545/535/522 546/537/523
f 523/538/500 546/537/523 547/539/524
f 523/540/500 547/539/524 524/541/501
f 548/542/525 549/543/526 525/495/502
f 525/495/502 524/494/501 548/542/525
f 549/543/526 550/544/527 526/497/503
f 526/497/503 525/495/502 549/543/526
f 550/544/527 551/545/528 527/499/504
f 527/499/504 526/497/503 550/544/527
f 551/545/528 552/546/529 528/501/505
f 528/501/505 527/499/504 551/545/528
f 552/546/529 553/547/530 529/503/506
f 529/503/506 528/501/505 552/546/529
f 553/547/530 554/548/531 530/505/507
f 530/505/507 529/503/506 553/547/530
f 530/505/507 554/548/531 555/549/532
f 555/549/532 531/507/508 530/505/507
f 531/507/508 555/549/532 556/550/533
f 556/550/533 532/509/509 531/507/508
f 532/509/509 556/550/533 557/551/534
f 557/551/534 533/511/510 532/509/509
f 533/511/510 557/551/534 558/552/535
f 558/552/535 534/513/511 533/511/510
f 534/513/511 558/552/535 559/553/536
f 559/553/536 535/515/512 534/513/511
f 535/515/512 559/553/536 560/554/537
f 560/554/537 536/517/513 535/515/512
f 560/554/537 561/555/538 537/519/514
f 537/519/514 536/517/513 560/554/537
f 561/555/538 562/556/539 538/521/515
f 538/521/515 537/519/514 561/555/538
f 562/556/539 563/557/540 539/523/516
f 539/523/516 538/521/515 562/556/539
f 563/557/540 564/558/541 540/525/517
f 540/525/517 539/523/516 563/557/540
f 564/558/541 565/559/542 541/527/518
f 541/527/518 540/525/517 564/558/541
f 565/559/542 566/560/543 542/529/519
f 542/529/519 541/527/518 565/559/542
f 542/529/519 566/560/543 567/561/544
f 567/561/544 543/531/520 542/529/519
f 543/531/520 567/561/544 568/562/545
f 568/562/545 544/533/521 543/531/520
f 544/533/521 568/562/545 569/563/546
f 569/563/546 545/535/522 544/533/521
f 545/535/522 569/563/546 570/564/547
f 570/564/547 546/537/523 545/535/522
f 546/537/523 570/564/547 571/565/548
f 571/565/548 547/539/524 546/537/523
f 547/539/524 571/565/548 548/566/525
f 547/539/524 548/566/525 524/541/501
f 572/567/549 573/568/550 549/543/526
f 549/543/526 548/542/525 572/567/549
f 573/568/550 574/569/551 550/544/527
f 550/544/527 549/543/526 573/568/550
f 574/569/551 575/570/552 551/545/528
f 551/545/528 550/544/527 574/569/551
f 575/570/552 576/571/553 552/546/529
f 552/546/529 551/545/528 575/570/552
f 576/571/553 577/572/554 553/547/530
f 553/547/530 552/546/529 576/571/553
f 577/572/554 578/573/555 554/548/531
f 554/548/531 553/547/530 577/572/554
f 554/548/531 578/573/555 579/574/556
f 579/574/556 555/549/532 554/548/531
f 580/575/557 556/550/533 555/549/532
f 581/576/558 582/577/559 565/559/542
f 565/559/542 564/558/541 581/576/558
f 582/577/559 583/578/560 566/560/543
f 566/560/543 565/559/542 582/577/559
f 566/560/543 583/578/560 584/579/561
f 584/579/561 567/561/544 566/560/543
f 567/561/544 584/579/561 585/580/562
f 585/580/562 568/562/545 567/561/544
f 568/562/545 585/580/562 586/581/563
f 586/581/563 569/563/546 568/562/545
f 569/563/546 586/581/563 587/582/564
f 587/582/564 570/564/547 569/563/546
f 570/564/547 587/582/564 588/583/565
f 588/583/565 571/565/548 570/564/547
f 571/565/548 588/583/565 572/584/549
f 571/565/548 572/584/549 548/566/525
f 589/585/566 590/586/567 573/568/550
f 573/568/550 572/567/549 589/585/566
f 590/586/567 591/587/568 574/569/551
f 574/569/551 573/568/550 590/586/567
f 591/587/568 592/588/569 575/570/552
f 575/570/552 574/569/551 591/587/568
f 592/588/569 593/589/570 576/571/553
f 576/571/553 575/570/552 592/588/569
f 593/589/570 594/590/571 577/572/554
f 577/572/554 576/571/553 593/589/570
f 594/590/571 595/591/572 578/573/555
f 578/573/555 577/572/554 594/590/571
f 579/574/556 578/573/555 595/591/572
f 582/577/559 597/592/574 598/593/575
f 598/593/575 583/578/560 582/577/559
f 583/578/560 598/593/575 599/594/576
f 599/594/576 584/579/561 583/578/560
f 584/579/561 599/594/576 600/595/577
f 600/595/577 585/580/562 584/579/561
f 585/580/562 600/595/577 601/596/578
f 601/596/578 586/581/563 585/580/562
f 586/581/563 601/596/578 602/597/579
f 602/597/579 587/582/564 586/581/563
f 587/582/564 602/597/579 603/598/580
f 603/598/580 588/583/565 587/582/564
f 588/583/565 603/598/580 589/599/566
f 588/583/565 589/599/566 572/584/549
f 589/585/566 604/600/581 605/601/582
f 605/601/582 590/586/567 589/585/566
f 590/586/567 605/601/582 606/602/583
f 606/602/583 591/587/568 590/586/567
f 591/587/568 606/602/583 607/603/584
f 607/603/584 592/588/569 591/587/568
f 592/588/569 607/603/584 608/604/585
f 608/604/585 593/589/570 592/588/569
f 593/589/570 608/604/585 609/605/586
f 609/605/586 594/590/571 593/589/570
f 594/590/571 609/605/586 610/606/587
f 610/606/587 595/591/572 594/590/571
f 595/591/572 610/606/587 611/607/588
f 611/607/588 596/608/573 595/591/572
f 596/608/573 611/607/588 612/609/589
f 613/610/590 614/611/591 597/592/574
f 614/611/591 615/612/592 598/593/575
f 598/593/575 597/592/574 614/611/591
f 615/612/592 616/613/593 599/594/576
f 599/594/576 598/593/575 615/612/592
f 616/613/593 617/614/594 600/595/577
f 600/595/577 599/594/576 616/613/593
f 617/614/594 618/615/595 601/596/578
f 601/596/578 600/595/577 617/614/594
f 618/615/595 619/616/596 602/597/579
f 602/597/579 601/596/578 618/615/595
f 619/616/596 620/617/597 603/598/580
f 603/598/580 602/597/579 619/616/596
f 603/598/580 620/617/597 604/618/581
f 603/598/580 604/618/581 589/599/566
f 621/619/598 622/620/599 605/601/582
f 622/620/599 623/621/600 606/602/583
f 606/602/583 605/601/582 622/620/599
f 623/621/600 624/622/601 607/603/584
f 624/622/601 625/623/602 608/604/585
f 608/604/585 607/603/584 624/622/601
f 625/623/602 626/624/603 609/605/586
f 609/605/586 608/604/585 625/623/602
f 626/624/603 627/625/604 610/606/587
f 610/606/587 609/605/586 626/624/603
f 627/625/604 628/626/605 611/607/588
f 611/607/588 610/606/587 627/625/604
f 611/607/588 628/626/605 629/627/606
f 629/627/606 612/609/589 611/607/588
f 630/628/607 631/629/608 614/611/591
f 614/611/591 613/610/590 630/628/607
f 614/611/591 631/629/608 632/630/609
f 632/630/609 615/612/592 614/611/591
f 615/612/592 632/630/609 633/631/610
f 633/631/610 616/613/593 615/612/592
f 616/613/593 633/631/610 634/632/611
f 634/632/611 617/614/594 616/613/593
f 617/614/594 634/632/611 635/633/612
f 635/633/612 618/615/595 617/614/594
f 618/615/595 635/633/612 636/634/613
f 636/634/613 619/616/596 618/615/595
f 619/616/596 636/634/613 637/635/614
f 637/635/614 620/617/597 619/616/596
f 620/617/597 637/635/614 621/636/598
f 620/617/597 621/636/598 604/618/581
f 621/619/598 638/637/615 639/638/616
f 639/638/616 622/620/599 621/619/598
f 622/620/599 639/638/616 640/639/617
f 640/639/617 623/621/600 622/620/599
f 623/621/600 640/639/617 641/640/618
f 641/640/618 624/622/601 623/621/600
f 641/640/618 642/641/619 625/623/602
f 625/623/602 624/622/601 641/640/618
f 642/641/619 643/642/620 626/624/603
f 626/624/603 625/623/602 642/641/619
f 643/642/620 644/643/621 627/625/604
f 627/625/604 626/624/603 643/642/620
f 644/643/621 645/644/622 628/626/605
f 628/626/605 627/625/604 644/643/621
f 629/627/606 628/626/605 645/644/622
f 646/645/623 631/629/608 630/628/607
f 631/629/608 646/645/623 647/646/624
f 647/646/624 632/630/609 631/629/608
f 632/630/609 647/646/624 648/647/625
f 648/647/625 633/631/610 632/630/609
f 633/631/610 648/647/625 649/648/626
f 649/648/626 634/632/611 633/631/610
f 649/648/626 650/649/627 635/633/612
f 635/633/612 634/632/611 649/648/626
f 650/649/627 651/650/628 636/634/613
f 636/634/613 635/633/612 650/649/627
f 651/650/628 652/651/629 637/635/614
f 637/635/614 636/634/613 651/650/628
f 637/635/614 652/651/629 638/652/615
f 637/635/614 638/652/615 621/636/598
f 638/637/615 653/653/630 654/654/631
f 654/654/631 639/638/616 638/637/615
f 639/638/616 654/654/631 655/655/632
f 655/655/632 640/639/617 639/638/616
f 640/639/617 655/655/632 656/656/633
f 656/656/633 641/640/618 640/639/617
f 641/640/618 656/656/633 657/657/634
f 657/657/634 642/641/619 641/640/618
f 642/641/619 657/657/634 658/658/635
f 658/658/635 643/642/620 642/641/619
f 658/658/635 659/659/636 644/643/621
f 644/643/621 643/642/620 658/658/635
f 645/644/622 644/643/621 659/659/636
f 646/645/623 660/660/637 661/661/638
f 661/661/638 647/646/624 646/645/623
f 647/646/624 661/661/638 662/662/639
f 662/662/639 648/647/625 647/646/624
f 662/662/639 663/663/640 649/648/626
f 649/648/626 648/647/625 662/662/639
f 663/663/640 664/664/641 650/649/627
f 650/649/627 649/648/626 663/663/640
f 664/664/641 665/665/642 651/650/628
f 651/650/628 650/649/627 664/664/641
f 665/665/642 666/666/643 652/651/629
f 652/651/629 651/650/628 665/665/642
f 652/651/629 666/666/643 653/667/630
f 652/651/629 653/667/630 638/652/615
f 653/653/630 667/668/644 668/669/645
f 668/669/645 654/654/631 653/653/630
f 654/654/631 668/669/645 669/670/646
f 669/670/646 655/655/632 654/654/631
f 655/655/632 669/670/646 670/671/647
f 670/671/647 656/656/633 655/655/632
f 656/656/633 670/671/647 671/672/648
f 671/672/648 657/657/634 656/656/633
f 657/657/634 671/672/648 672/673/649
f 672/673/649 658/658/635 657/657/634
f 672/673/649 673/674/650 659/659/636
f 659/659/636 658/658/635 672/673/649
f 674/675/651 661/661/638 660/660/637
f 661/661/638 674/675/651 675/676/652
f 675/676/652 662/662/639 661/661/638
f 675/676/652 676/677/653 663/663/640
f 663/663/640 662/662/639 675/676/652
f 676/677/653 677/678/654 664/664/641
f 664/664/641 663/663/640 676/677/653
f 677/678/654 678/679/655 665/665/642
f 665/665/642 664/664/641 677/678/654
f 678/679/655 679/680/656 666/666/643
f 666/666/643 665/665/642 678/679/655
f 666/666/643 679/680/656 667/681/644
f 666/666/643 667/681/644 653/667/630
f 667/668/644 680/682/657 681/683/658
f 681/683/658 668/669/645 667/668/644
f 668/669/645 681/683/658 682/684/659
f 682/684/659 669/670/646 668/669/645
f 669/670/646 682/684/659 683/685/660
f 683/685/660 670/671/647 669/670/646
f 670/671/647 683/685/660 684/686/661
f 684/686/661 671/672/648 670/671/647
f 671/672/648 684/686/661 685/687/662
f 685/687/662 672/673/649 671/672/648
f 672/673/649 685/687/662 686/688/663
f 686/688/663 673/674/650 672/673/649
f 691/689/668 692/690/669 675/676/652
f 675/676/652 674/675/651 691/689/668
f 692/690/669 693/691/670 676/677/653
f 676/677/653 675/676/652 692/690/669
f 693/691/670 694/692/671 677/678/654
f 677/678/654 676/677/653 693/691/670
f 694/692/671 695/693/672 678/679/655
f 678/679/655 677/678/654 694/692/671
f 695/693/672 696/694/673 679/680/656
f 679/680/656 678/679/655 695/693/672
f 679/680/656 696/694/673 680/695/657
f 679/680/656 680/695/657 667/681/644
f 680/682/657 697/696/674 698/697/675
f 698/697/675 681/683/658 680/682/657
f 681/683/658 698/697/675 699/698/676
f 699/698/676 682/684/659 681/683/658
f 682/684/659 699/698/676 700/699/677
f 700/699/677 683/685/660 682/684/659
f 683/685/660 700/699/677 701/700/678
f 701/700/678 684/686/661 683/685/660
f 684/686/661 701/700/678 702/701/679
f 702/701/679 685/687/662 684/686/661
f 685/687/662 702/701/679 703/702/680
f 703/702/680 686/688/663 685/687/662
f 687/703/664 686/688/663 703/702/680
f 688/704/665 687/703/664 704/705/681
f 689/706/666 713/707/689 714/708/690
f 714/708/690 690/709/667 689/706/666
f 715/710/691 691/689/668 690/709/667
f 692/690/669 691/689/668 715/710/691
f 716/711/692 717/712/693 693/691/670
f 693/691/670 692/690/669 716/711/692
f 695/693/672 694/692/671 718/713/694
f 719/714/695 720/715/696 696/694/673
f 696/694/673 695/693/672 719/714/695
f 696/694/673 720/715/696 697/716/674
f 696/694/673 697/716/674 680/695/657
f 721/717/697 698/697/675 697/696/674
f 721/718/697 699/698/676 698/697/675
f 721/719/697 700/699/677 699/698/676
f 721/720/697 701/700/678 700/699/677
f 721/721/697 702/701/679 701/700/678
f 721/722/697 703/702/680 702/701/679
f 721/723/697 704/705/681 703/702/680
f 721/724/697 705/725/682 704/705/681
f 721/726/697 706/727/683 705/725/682
f 721/728/697 707/729/684 706/727/683
f 721/730/697 709/731/685 708/732/685
f 721/733/697 711/734/687 710/735/686
f 721/736/697 712/737/688 711/734/687
f 721/738/697 714/708/690 713/707/689
f 721/739/697 715/710/691 714/708/690
f 721/740/697 716/711/692 715/710/691
f 721/741/697 717/712/693 716/711/692
f 721/742/697 718/713/694 717/712/693
f 721/743/697 719/714/695 718/713/694
f 721/744/697 720/715/696 719/714/695
f 721/745/697 697/716/674 720/715/696
f 723/746/699 724/747/700 722/748/698
f 722/748/698 724/747/700 725/746/701
f 726/749/702 725/746/701 724/747/700
o cabeza.002
v 1.409400 3.051500 1.550800
v 1.391700 3.354400 1.502700
v 1.249100 3.313800 1.555300
v 1.144600 3.203000 1.593800
v 1.106400 3.051500 1.607800
v 1.144600 2.900100 1.593800
v 1.249100 2.789200 1.555300
v 1.391700 2.748700 1.502700
v 1.534400 2.789200 1.450100
v 1.638900 2.900100 1.411700
v 1.677100 3.051500 1.397600
v 1.638900 3.203000 1.411700
v 1.534400 3.313800 1.450100
v 1.343300 3.576100 1.371400
v 1.096200 3.505800 1.462400
v 0.915300 3.313800 1.529100
v 0.849100 3.051500 1.553500
v 0.915300 2.789200 1.529100
v 1.096200 2.597200 1.462400
v 1.343300 2.526900 1.371400
v 1.590500 2.597200 1.280300
v 1.771400 2.789200 1.213700
v 1.837600 3.051500 1.189300
v 1.771400 3.313800 1.213700
v 1.590500 3.505800 1.280300
v 1.277200 3.657300 1.191900
v 0.991900 3.576100 1.297100
v 0.783000 3.354400 1.374000
v 0.706500 3.051500 1.402200
v 0.783000 2.748700 1.374000
v 0.991900 2.526900 1.297100
v 1.277200 2.445800 1.191900
v 1.562600 2.526900 1.086800
v 1.771500 2.748700 1.009800
v 1.847900 3.051500 0.981700
v 1.771500 3.354400 1.009800
v 1.562600 3.576100 1.086800
vn 0.3457 -0.0000 0.9384
vn 0.3192 0.3850 0.8659
vn 0.1393 0.3336 0.9323
vn 0.0071 0.1926 0.9812
vn -0.0411 0.0001 0.9992
vn 0.0073 -0.1926 0.9813
vn 0.1394 -0.3338 0.9323
vn 0.3191 -0.3850 0.8660
vn 0.4988 -0.3337 0.7999
vn 0.6310 -0.1928 0.7515
vn 0.6795 -0.0001 0.7337
vn 0.6309 0.1930 0.7514
vn 0.4989 0.3337 0.7998
vn 0.2158 0.7811 0.5859
vn -0.1597 0.6157 0.7717
vn -0.4176 0.3913 0.8200
vn -0.5159 0.0001 0.8566
vn -0.4177 -0.3915 0.8199
vn -0.1495 -0.6769 0.7207
vn 0.2158 -0.7811 0.5859
vn 0.5813 -0.6769 0.4515
vn 0.8498 -0.3913 0.3531
vn 0.9484 -0.0000 0.3170
vn 0.8076 0.4185 0.4156
vn 0.5343 0.6696 0.5159
vn 0.1955 0.9186 0.3435
vn -0.4811 0.6554 0.5822
vn -0.6118 0.4611 0.6427
vn -0.7278 -0.0000 0.6858
vn -0.6119 -0.4612 0.6425
vn -0.2957 -0.7976 0.5257
vn 0.1351 -0.9206 0.3663
vn 0.5659 -0.7978 0.2082
vn 0.8826 -0.4610 0.0920
vn 0.9966 -0.0654 0.0494
vn 0.7438 0.6554 0.1309
vn 0.3551 0.8939 0.2736
vt 0.491900 0.479800
vt 0.486400 0.648900
vt 0.571700 0.629000
vt 0.635600 0.569100
vt 0.661000 0.485300
vt 0.641100 0.400000
vt 0.581200 0.336100
vt 0.497400 0.310700
vt 0.412100 0.330600
vt 0.348200 0.390500
vt 0.322800 0.474300
vt 0.342700 0.559600
vt 0.402600 0.623500
vt 0.482400 0.772700
vt 0.630100 0.738200
vt 0.740800 0.634500
vt 0.784800 0.489300
vt 0.750300 0.341600
vt 0.646600 0.230900
vt 0.501400 0.186900
vt 0.353700 0.221400
vt 0.243100 0.325100
vt 0.199100 0.470300
vt 0.233500 0.618000
vt 0.337200 0.728700
vt 0.480900 0.818000
vt 0.651500 0.778200
vt 0.779300 0.658400
vt 0.830100 0.490800
vt 0.790300 0.320200
vt 0.670500 0.192400
vt 0.502900 0.141600
vt 0.332400 0.181400
vt 0.204500 0.301200
vt 0.153700 0.468800
vt 0.193600 0.639400
vt 0.313300 0.767200
s 1
usemtl lambert7SG
f 727/750/703 728/751/704 729/752/705
f 727/750/703 729/752/705 730/753/706
f 727/750/703 730/753/706 731/754/707
f 727/750/703 731/754/707 732/755/708
f 727/750/703 732/755/708 733/756/709
f 727/750/703 733/756/709 734/757/710
f 727/750/703 734/757/710 735/758/711
f 727/750/703 735/758/711 736/759/712
f 727/750/703 736/759/712 737/760/713
f 727/750/703 737/760/713 738/761/714
f 727/750/703 738/761/714 739/762/715
f 727/750/703 739/762/715 728/751/704
f 740/763/716 741/764/717 729/752/705
f 729/752/705 728/751/704 740/763/716
f 741/764/717 742/765/718 730/753/706
f 730/753/706 729/752/705 741/764/717
f 742/765/718 743/766/719 731/754/707
f 731/754/707 730/753/706 742/765/718
f 743/766/719 744/767/720 732/755/708
f 732/755/708 731/754/707 743/766/719
f 744/767/720 745/768/721 733/756/709
f 733/756/709 732/755/708 744/767/720
f 745/768/721 746/769/722 734/757/710
f 734/757/710 733/756/709 745/768/721
f 746/769/722 747/770/723 735/758/711
f 735/758/711 734/757/710 746/769/722
f 747/770/723 748/771/724 736/759/712
f 736/759/712 735/758/711 747/770/723
f 748/771/724 749/772/725 737/760/713
f 737/760/713 736/759/712 748/771/724
f 749/772/725 750/773/726 738/761/714
f 738/761/714 737/760/713 749/772/725
f 750/773/726 751/774/727 739/762/715
f 739/762/715 738/761/714 750/773/726
f 751/774/727 740/763/716 728/751/704
f 728/751/704 739/762/715 751/774/727
f 741/764/717 740/763/716 752/775/728
f 753/776/729 754/777/730 742/765/718
f 742/765/718 741/764/717 753/776/729
f 754/777/730 755/778/731 743/766/719
f 743/766/719 742/765/718 754/777/730
f 755/778/731 756/779/732 744/767/720
f 744/767/720 743/766/719 755/778/731
f 756/779/732 757/780/733 745/768/721
f 745/768/721 744/767/720 756/779/732
f 757/780/733 758/781/734 746/769/722
f 746/769/722 745/768/721 757/780/733
f 758/781/734 759/782/735 747/770/723
f 747/770/723 746/769/722 758/781/734
f 759/782/735 760/783/736 748/771/724
f 748/771/724 747/770/723 759/782/735
f 760/783/736 761/784/737 749/772/725
f 749/772/725 748/771/724 760/783/736
f 750/773/726 749/772/725 761/784/737
f 751/774/727 750/773/726 762/785/738
f 763/786/739 752/775/728 740/763/716
f 740/763/716 751/774/727 763/786/739
o cabeza.003
v -1.434400 3.051500 1.550800
v -1.416700 3.354400 1.502700
v -1.559400 3.313800 1.450100
v -1.663800 3.203000 1.411700
v -1.702000 3.051500 1.397600
v -1.663800 2.900100 1.411700
v -1.559400 2.789200 1.450100
v -1.416700 2.748700 1.502700
v -1.274000 2.789200 1.555300
v -1.169500 2.900100 1.593800
v -1.131300 3.051500 1.607800
v -1.169500 3.203000 1.593800
v -1.274000 3.313800 1.555300
v -1.368300 3.576100 1.371400
v -1.615400 3.505800 1.280300
v -1.796300 3.313800 1.213700
v -1.862500 3.051500 1.189300
v -1.796300 2.789200 1.213700
v -1.615400 2.597200 1.280300
v -1.368300 2.526900 1.371400
v -1.121200 2.597200 1.462400
v -0.940200 2.789200 1.529100
v -0.874000 3.051500 1.553500
v -0.940200 3.313800 1.529100
v -1.121200 3.505800 1.462400
v -1.302200 3.657300 1.191900
v -1.587500 3.576100 1.086800
v -1.796400 3.354400 1.009800
v -1.872900 3.051500 0.981700
v -1.796400 2.748700 1.009800
v -1.587500 2.526900 1.086800
v -1.302200 2.445800 1.191900
v -1.016800 2.526900 1.297100
v -0.807900 2.748700 1.374000
v -0.731500 3.051500 1.402200
v -0.807900 3.354400 1.374000
v -1.016800 3.576100 1.297100
vn -0.3457 -0.0000 0.9383
vn -0.3191 0.3850 0.8660
vn -0.4990 0.3337 0.7998
vn -0.6311 0.1928 0.7514
vn -0.6796 -0.0000 0.7336
vn -0.6311 -0.1927 0.7514
vn -0.4990 -0.3338 0.7998
vn -0.3193 -0.3849 0.8660
vn -0.1392 -0.3336 0.9324
vn -0.0071 -0.1926 0.9813
vn 0.0411 -0.0001 0.9992
vn -0.0072 0.1927 0.9812
vn -0.1392 0.3337 0.9323
vn -0.2159 0.7811 0.5859
vn -0.5814 0.6769 0.4514
vn -0.8498 0.3913 0.3531
vn -0.9484 -0.0000 0.3172
vn -0.8498 -0.3914 0.3531
vn -0.5814 -0.6769 0.4514
vn -0.2158 -0.7812 0.5858
vn 0.1493 -0.6770 0.7207
vn 0.3956 -0.3245 0.8592
vn 0.5160 -0.0000 0.8566
vn 0.4177 0.3914 0.8200
vn 0.1494 0.6769 0.7208
vn -0.1352 0.9205 0.3666
vn -0.5660 0.7977 0.2082
vn -0.8825 0.4611 0.0923
vn -0.9988 -0.0000 0.0500
vn -0.8825 -0.4612 0.0921
vn -0.5661 -0.7977 0.2081
vn -0.1350 -0.9206 0.3664
vn 0.2420 -0.8284 0.5051
vn 0.7066 -0.2403 0.6655
vn 0.7279 -0.0000 0.6856
vn 0.6118 0.4612 0.6427
vn 0.2956 0.7976 0.5259
vt 0.489800 0.483700
vt 0.492300 0.650200
vt 0.408700 0.629100
vt 0.346900 0.569100
vt 0.323300 0.486200
vt 0.344400 0.402600
vt 0.404400 0.340700
vt 0.487300 0.317200
vt 0.570900 0.338200
vt 0.632800 0.398300
vt 0.656300 0.481200
vt 0.635300 0.564800
vt 0.575200 0.626600
vt 0.494100 0.772100
vt 0.349400 0.735600
vt 0.242200 0.631700
vt 0.201400 0.488000
vt 0.237900 0.343200
vt 0.341800 0.236100
vt 0.485500 0.195300
vt 0.630300 0.231800
vt 0.737400 0.335700
vt 0.778200 0.479400
vt 0.741700 0.624100
vt 0.637800 0.731300
vt 0.494800 0.816700
vt 0.327600 0.774600
vt 0.203900 0.654500
vt 0.156800 0.488700
vt 0.198900 0.321500
vt 0.319000 0.197800
vt 0.484800 0.150700
vt 0.652000 0.192800
vt 0.775700 0.312800
vt 0.822800 0.478700
vt 0.780700 0.645900
vt 0.660700 0.769600
s 1
usemtl lambert7SG
f 764/787/740 765/788/741 766/789/742
f 764/787/740 766/789/742 767/790/743
f 764/787/740 767/790/743 768/791/744
f 764/787/740 768/791/744 769/792/745
f 764/787/740 769/792/745 770/793/746
f 764/787/740 770/793/746 771/794/747
f 764/787/740 771/794/747 772/795/748
f 764/787/740 772/795/748 773/796/749
f 764/787/740 773/796/749 774/797/750
f 764/787/740 774/797/750 775/798/751
f 764/787/740 775/798/751 776/799/752
f 764/787/740 776/799/752 765/788/741
f 777/800/753 778/801/754 766/789/742
f 766/789/742 765/788/741 777/800/753
f 778/801/754 779/802/755 767/790/743
f 767/790/743 766/789/742 778/801/754
f 779/802/755 780/803/756 768/791/744
f 768/791/744 767/790/743 779/802/755
f 780/803/756 781/804/757 769/792/745
f 769/792/745 768/791/744 780/803/756
f 781/804/757 782/805/758 770/793/746
f 770/793/746 769/792/745 781/804/757
f 782/805/758 783/806/759 771/794/747
f 771/794/747 770/793/746 782/805/758
f 783/806/759 784/807/760 772/795/748
f 772/795/748 771/794/747 783/806/759
f 784/807/760 785/808/761 773/796/749
f 773/796/749 772/795/748 784/807/760
f 785/808/761 786/809/762 774/797/750
f 774/797/750 773/796/749 785/808/761
f 786/809/762 787/810/763 775/798/751
f 775/798/751 774/797/750 786/809/762
f 787/810/763 788/811/764 776/799/752
f 776/799/752 775/798/751 787/810/763
f 788/811/764 777/800/753 765/788/741
f 765/788/741 776/799/752 788/811/764
f 789/812/765 790/813/766 778/801/754
f 778/801/754 777/800/753 789/812/765
f 790/813/766 791/814/767 779/802/755
f 779/802/755 778/801/754 790/813/766
f 791/814/767 792/815/768 780/803/756
f 780/803/756 779/802/755 791/814/767
f 792/815/768 793/816/769 781/804/757
f 781/804/757 780/803/756 792/815/768
f 793/816/769 794/817/770 782/805/758
f 782/805/758 781/804/757 793/816/769
f 794/817/770 795/818/771 783/806/759
f 783/806/759 782/805/758 794/817/770
f 795/818/771 796/819/772 784/807/760
f 784/807/760 783/806/759 795/818/771
f 785/808/761 784/807/760 796/819/772
f 797/820/773 798/821/774 786/809/762
f 786/809/762 785/808/761 797/820/773
f 798/821/774 799/822/775 787/810/763
f 787/810/763 786/809/762 798/821/774
f 799/822/775 800/823/776 788/811/764
f 788/811/764 787/810/763 799/822/775
f 800/823/776 789/812/765 777/800/753
f 777/800/753 788/811/764 800/823/776
