# Blender 4.5.2 LTS
# www.blender.org
mtllib totem.mtl
o itf_body
v -0.418833 4.814874 1.591843
v -0.420012 4.590406 1.468398
v -0.291423 4.574641 1.541466
v -0.288316 4.770795 1.677151
v -0.559807 4.869507 1.471909
v -0.571316 4.611708 1.361287
v -0.330172 5.031085 1.667749
v -0.474660 5.145769 1.595692
v -0.204849 5.003108 1.729012
v -0.247084 5.012986 1.948589
v -0.348932 5.092422 1.898358
v -0.393173 5.224848 1.866996
v -0.180357 4.559143 1.581808
v -0.168592 4.743464 1.707228
v -0.347081 4.332520 1.551926
v -0.242837 4.293616 1.621128
v -0.469234 4.344096 1.465685
v -0.121905 4.968558 1.776264
v -0.132220 4.971693 1.983781
v -0.130275 4.300567 1.665690
v -0.083151 4.558011 1.603022
v -0.382201 4.027519 1.790626
v -0.183114 4.051235 1.829938
v -0.436110 4.169572 1.650544
v -0.056333 4.739453 1.719393
v -0.031995 4.962317 1.782855
v -0.012607 4.971848 1.982752
v 0.020119 4.555861 1.593436
v 0.058739 4.733754 1.708122
v -0.000574 4.311543 1.649542
v 0.061981 4.958658 1.761589
v 0.110506 4.995396 1.941160
v 0.132019 4.558532 1.545352
v 0.196147 4.731589 1.678634
v 0.174824 4.952548 1.693710
v 0.183242 5.083630 1.854995
v -0.085107 7.846775 -1.836668
v -0.136119 7.687243 -1.879040
v -0.238375 7.761471 -1.937086
v -0.195226 7.912517 -1.901526
v 0.046505 7.799687 -1.803990
v -0.001704 7.621984 -1.863784
v -0.070369 7.988846 -1.747393
v 0.063227 7.935073 -1.699725
v -0.187806 8.057414 -1.814067
v -0.239219 7.539400 -1.857154
v -0.315384 7.638024 -1.940873
v -0.106013 7.374320 -1.892302
v -0.342722 7.818193 -1.969409
v -0.321377 7.956948 -1.936017
v -0.369996 7.715266 -1.980526
v 0.573433 7.082035 1.507730
v 0.646443 6.956989 1.433504
v 0.795835 7.074802 1.363997
v 0.778505 7.196400 1.430839
v 0.282938 6.907439 1.560831
v 0.476960 6.793090 1.495470
v 0.514156 7.249597 1.507239
v 0.250783 7.133856 1.551074
v 0.730173 7.338548 1.430566
v 1.706247 3.400234 1.501217
v 1.700837 3.205999 1.514918
v 1.795578 3.233566 1.351318
v 1.753183 3.435226 1.339573
v 1.657113 3.413404 1.673244
v 1.660459 3.193713 1.710882
v 1.696532 3.541556 1.487418
v 1.649064 3.604048 1.595444
v 1.713628 3.612966 1.370952
v 1.695006 2.964724 1.728798
v 1.746648 3.001855 1.535112
v 1.782703 3.035900 1.362033
v 1.755468 2.744392 1.714913
v 1.802942 2.817689 1.527819
v 1.821875 2.888753 1.395994
v 1.557773 3.453244 1.858597
v 1.557487 3.199805 1.907607
v 1.574972 2.933612 1.926402
v 2.148108 2.061114 0.514672
v 2.187518 1.757671 0.276665
v 2.204161 1.904839 0.058862
v 2.159570 2.209240 0.251574
v 2.110288 1.860831 0.734706
v 2.159736 1.586130 0.470473
v 2.063319 2.462059 0.715124
v 2.033438 2.130794 0.961833
v 2.102383 2.573267 0.381934
v 2.234262 1.517046 0.010550
v 2.259087 1.656329 -0.168062
v 2.248883 1.362316 0.171203
v 2.273105 1.184308 -0.150008
v 2.290257 1.330355 -0.264960
v 2.275689 1.461990 -0.409773
v 2.309162 1.069731 -0.460896
v 2.320552 1.201619 -0.528466
v 2.329667 1.319672 -0.623119
v 2.357407 1.012324 -0.736136
v 2.342276 1.132989 -0.758953
v 2.345071 1.233751 -0.772910
v 1.988773 1.915426 1.184331
v 2.068477 1.661037 0.943655
v 2.158779 1.415535 0.645613
v 2.215649 1.202564 0.301869
v 2.264338 1.035307 -0.058699
v 2.334130 0.938194 -0.404444
v 2.361405 0.885187 -0.714799
v 2.101105 1.247108 0.787979
v 2.182470 1.038953 0.411484
v 2.010664 1.496244 1.114915
v 2.252216 0.894334 0.016027
v 2.305684 0.802509 -0.360220
v 1.858842 1.372067 1.218646
v 1.957441 1.130346 0.866585
v 2.057425 0.925078 0.468412
v 2.144089 0.784594 0.053778
v 2.204515 0.706832 -0.341482
v 1.937716 0.803069 0.518430
v 2.057073 0.663714 0.079619
v 1.817975 1.020389 0.939089
v 1.683112 0.915466 1.027098
v 1.825232 0.639958 0.578125
v 1.995577 0.517894 0.073983
v -0.452538 0.039707 2.137846
v -0.370040 0.106699 2.205632
v -0.442688 0.090607 2.320349
v -0.547175 0.034774 2.266089
v -0.329407 0.052981 2.024910
v -0.271236 0.115870 2.125028
v -0.597737 0.021158 2.040662
v -0.454517 0.030523 1.830296
v -0.682537 0.016475 2.204382
v -0.378415 0.193220 2.353887
v -0.448466 0.195234 2.467404
v -0.509763 0.091270 2.439633
v -0.329114 0.210768 2.234714
v -0.618602 0.037982 2.394824
v -0.747743 0.017524 2.347146
v -0.417598 0.322930 2.486064
v -0.490112 0.320478 2.607008
v -0.521421 0.200062 2.576675
v -0.358843 0.329042 2.359818
v -0.571897 0.105567 2.546334
v -0.185164 7.972583 0.886295
v -0.282890 8.111078 0.831471
v -0.423615 8.067163 0.908402
v -0.321136 7.834291 1.012756
v -0.120466 8.054757 0.754029
v -0.198405 8.132450 0.753123
v -0.064421 7.867986 0.874635
v -0.021216 7.971225 0.736300
v -0.116004 7.713333 0.992427
v 0.074191 7.845309 0.876067
v 0.096216 7.973391 0.761839
v 0.069860 7.685292 0.969834
v -1.377913 0.029517 -2.189798
v -1.654092 0.025250 -2.011171
v -1.747640 0.100029 -2.138275
v -1.439715 0.091273 -2.324897
v -1.296122 0.019021 -2.049489
v -1.539592 0.013525 -1.903965
v -1.027540 0.034601 -2.323889
v -0.973562 0.023155 -2.161162
v -1.071114 0.087329 -2.480456
v -1.079620 0.215435 -2.551938
v -0.656024 0.199150 -2.658077
v -0.648314 0.093206 -2.559621
v -1.065745 0.377715 -2.591255
v -0.644743 0.349757 -2.690702
v -1.462281 0.228011 -2.416926
v -1.434872 0.399552 -2.446599
v -1.420371 0.566497 -2.462831
v -1.036083 0.583360 -2.587212
v -0.608832 0.522511 -2.696556
v -0.189942 0.491396 -2.735797
v -0.209720 0.337996 -2.739451
v -0.561004 0.690140 -2.782903
v -0.156051 0.652124 -2.783585
v -0.896764 0.803700 -2.657279
v -0.571413 6.628044 1.424685
v -0.332132 6.773152 1.542774
v -0.410667 7.026271 1.525192
v -0.669435 6.847280 1.369758
v -0.499193 6.474216 1.587520
v -0.299583 6.609036 1.637677
v -0.813440 6.412924 1.259058
v -0.663179 6.280288 1.534997
v -0.857017 6.736811 1.169078
v -0.641593 7.186295 1.438003
v -0.782996 7.039194 1.328698
v -0.937339 6.976400 1.163797
v -0.794372 7.307444 1.335309
v -0.863339 7.173012 1.293075
v -0.969959 7.181594 1.162235
v 0.876742 7.754659 0.956351
v 0.776317 7.734363 1.030443
v 0.760844 7.608744 1.047129
v 0.873082 7.630792 0.968733
v 0.875517 7.864293 0.950638
v 0.799222 7.826215 1.015278
v 0.977742 7.784676 0.857210
v 0.975419 7.901377 0.848045
v 0.979465 7.673730 0.878350
v 1.012878 7.575844 0.912691
v 1.092203 7.601909 0.768106
v 1.046417 7.688726 0.733530
v 0.908982 7.548056 1.024090
v 1.063835 7.805552 0.718335
v 1.085211 7.695963 0.562235
v 1.085324 7.818490 0.541381
v 1.131587 7.592834 0.595605
v 0.977291 7.511990 1.110608
v 1.085775 7.520616 0.973642
v 1.171114 7.531247 0.816073
v 1.193039 7.498965 0.636001
v 1.234858 7.487680 0.439804
v 1.137880 7.568223 0.396641
v 1.089099 7.676563 0.365996
v 1.189666 7.564955 0.187502
v 1.171822 7.691459 0.151034
v 1.264810 7.462601 0.227411
v 1.165599 7.440252 1.030614
v 1.226640 7.424302 0.858052
v 1.273743 7.406556 0.676350
v 1.320425 7.382608 0.477363
v 1.345747 7.338174 0.258342
v 1.378308 7.310575 0.020447
v 1.278509 7.432460 0.011381
v 1.227834 7.556561 -0.028098
v 1.290310 7.417309 -0.161879
v 1.271647 7.522294 -0.230812
v 1.370080 7.283256 -0.258114
v 1.291406 7.265040 0.700558
v 1.328773 7.225654 0.507447
v 1.245049 7.284596 0.879073
v 1.343905 7.158966 0.285551
v 1.392116 7.085833 0.030879
v 1.427862 7.045290 -0.243580
v 1.217176 7.122779 0.875838
v 1.268849 7.102858 0.711732
v 1.299867 7.058129 0.537138
v 1.334428 6.950708 0.337382
v 1.359229 6.799269 0.056752
v 1.265695 6.917386 0.566787
v 1.273107 6.728647 0.445314
v 1.235561 6.922149 0.703852
v 1.402956 6.773131 -0.256449
v 1.258275 6.633971 0.224744
v 0.368406 2.776427 -2.420324
v 0.670384 2.779668 -2.353293
v 0.717357 2.490202 -2.384666
v 0.405906 2.486112 -2.450116
v 0.329900 3.059127 -2.331990
v 0.624960 3.063410 -2.302275
v 0.055307 2.778915 -2.428890
v 0.032753 3.068923 -2.350153
v 0.082318 2.474021 -2.441496
v 0.578832 3.337653 -2.215545
v 0.851290 3.345880 -2.150834
v 0.908151 3.074051 -2.257181
v 0.299813 3.337696 -2.272635
v 0.953262 2.782275 -2.285422
v 1.169207 3.062320 -2.162889
v 1.194790 2.777837 -2.171966
v 1.113205 3.360220 -2.099941
v 1.055415 3.663208 -2.025071
v 1.284830 3.662453 -1.831064
v 1.331189 3.331023 -1.946160
v 0.801787 3.629719 -2.057305
v 1.332933 3.025613 -1.978081
v 1.465205 3.244713 -1.701476
v 1.472264 2.957294 -1.783430
v 1.417739 3.495234 -1.699768
v -0.046811 8.267663 -0.676375
v 0.139374 8.202957 -0.626040
v 0.172850 8.193785 -0.842006
v -0.010398 8.246499 -0.887397
v -0.116917 8.291036 -0.431418
v 0.100507 8.200798 -0.395546
v -0.195021 8.358871 -0.746016
v -0.222021 8.366336 -0.589289
v -0.164492 8.342299 -0.941782
v 0.015234 8.210375 -1.082480
v -0.141301 8.305832 -1.134560
v 0.198711 8.163223 -1.042268
v 0.388807 8.177194 -1.020446
v 0.397296 8.147005 -1.213106
v 0.214107 8.124234 -1.226460
v 0.367070 8.199718 -0.812646
v 0.033090 8.162309 -1.261313
v -0.111277 8.264526 -1.316496
v 0.223269 8.069159 -1.392198
v 0.053226 8.113067 -1.427923
v 0.393789 8.107819 -1.387628
v -0.097024 8.188074 -1.479670
v 0.544493 8.190879 -1.405493
v 0.525544 8.130631 -1.567879
v 0.386681 8.047503 -1.540995
v 0.558913 8.227772 -1.219394
v 0.223347 8.015293 -1.544626
v 0.064370 8.041248 -1.575872
v -0.080372 8.098503 -1.624319
v 0.376715 7.956550 -1.670474
v 0.218733 7.927416 -1.680426
v 0.512747 8.035845 -1.696904
v 0.632323 8.107395 -1.737565
v 0.605455 8.007395 -1.810349
v 0.513181 7.924613 -1.793742
v 0.660086 8.212334 -1.609228
v 0.371342 7.838342 -1.781997
v 0.206369 7.798701 -1.793044
v -1.032951 7.697863 -1.083864
v -1.012132 7.619339 -1.259737
v -1.042161 7.405893 -1.191263
v -1.043422 7.490409 -0.976234
v -0.990769 7.867511 -1.173582
v -0.971077 7.810464 -1.326810
v -1.033074 7.818311 -0.930431
v -1.003888 7.916883 -1.051837
v -1.005123 7.639746 -0.713278
v -0.978158 7.554883 -1.427889
v -0.990090 7.342115 -1.371834
v -0.946263 7.750212 -1.483216
v -0.895150 7.498955 -1.563942
v -0.903330 7.294053 -1.518794
v -0.889754 7.685808 -1.623537
v -0.328705 8.448793 -0.777939
v -0.305998 8.445734 -0.983869
v -0.331578 8.433317 -0.572020
v -0.480827 8.496173 -0.788872
v -0.485956 8.470234 -0.562502
v -0.462122 8.493468 -1.009533
v -0.633721 8.489366 -0.795697
v -0.644416 8.465908 -0.560595
v -0.615089 8.494097 -1.023870
v -0.779695 8.463479 -0.801447
v -0.792568 8.412462 -0.568542
v -0.758757 8.459923 -1.031079
v -0.434019 8.489632 -1.221726
v -0.590562 8.491362 -1.244879
v -0.283217 8.411438 -1.184132
v -0.740088 8.463552 -1.253095
v -0.848373 8.347643 -1.248298
v -0.875638 8.358344 -1.037126
v -0.898337 8.342397 -0.814421
v -0.909211 8.195688 -1.232799
v -0.937794 8.206215 -1.038502
v -0.962893 8.179087 -0.830565
v -0.977122 8.047712 -1.042009
v -1.007171 7.997120 -0.857770
v -0.952747 8.033737 -1.211930
v -0.250910 8.366678 -1.374243
v -0.398999 8.455574 -1.425941
v -0.561084 8.455881 -1.454519
v -0.708759 8.418507 -1.465898
v -0.823889 8.304403 -1.448620
v -0.886901 8.153090 -1.414930
v -0.931739 7.988197 -1.376624
v -0.368373 8.352726 -1.600528
v -0.526012 8.369150 -1.637048
v -0.667911 8.325399 -1.643627
v -0.784189 8.223221 -1.620777
v -0.855080 8.085124 -1.578294
v -0.901995 7.926391 -1.532431
v -0.621716 8.205028 -1.776503
v -0.735744 8.126394 -1.756731
v -0.487530 8.243718 -1.776296
v -0.807044 8.003111 -1.714981
v -0.852645 7.854529 -1.669847
v -0.458532 8.109047 -1.880277
v -0.579883 8.083282 -1.870950
v -0.677044 8.025644 -1.848468
v -0.742166 7.920659 -1.819828
v -0.637439 7.951706 -1.905362
v -0.662540 7.857684 -1.894269
v -0.557355 7.963921 -1.932995
v -0.785289 7.782990 -1.787201
v -0.688578 7.728623 -1.874106
v -0.802186 7.625057 -1.739108
v -0.701298 7.576972 -1.842603
v -0.678827 7.420557 -1.773543
v -0.798602 7.452256 -1.680743
v -0.436316 7.575779 -1.937373
v -0.390414 7.452991 -1.858350
v -0.545676 7.408334 -1.848588
v -0.574866 7.558373 -1.908430
v -0.462891 7.702684 -1.969352
v -0.581026 7.701014 -1.946531
v -0.335821 7.275604 -1.862777
v -0.509361 7.236555 -1.800949
v 1.093252 5.773226 0.959228
v 0.893166 5.787458 1.262249
v 0.919612 5.562790 1.289975
v 1.073199 5.533559 1.005631
v 1.097346 6.072041 0.901404
v 0.897267 6.094560 1.241134
v 1.239820 5.699585 0.658449
v 1.242011 6.021759 0.545696
v 1.176036 5.458384 0.735022
v 1.259816 5.343229 0.505274
v 1.323637 5.539173 0.376223
v 1.350969 5.773366 0.216945
v 0.987718 5.343857 1.010343
v 1.085567 5.295303 0.776160
v 1.141789 5.212810 0.584973
v -0.199428 8.184376 -1.692719
v -0.319813 8.105115 -1.866328
v -0.341708 8.233458 -1.745055
v -0.457136 7.832076 -1.988134
v -0.447877 7.973172 -1.955307
v -0.567102 7.837129 -1.951617
v 1.418362 0.873546 2.406394
v 1.373849 1.082589 2.242413
v 1.182877 1.141018 2.403677
v 1.229398 0.954409 2.551746
v 1.549013 0.700034 2.159471
v 1.532647 0.978777 1.997330
v 1.339613 0.676218 2.556019
v 1.418530 0.523205 2.428456
v 1.196925 0.764996 2.640573
v -1.551470 4.527276 -1.307378
v -1.581883 4.629019 -1.011089
v -1.465291 4.709872 -0.954142
v -1.394484 4.617658 -1.199329
v -1.735635 4.333182 -1.380030
v -1.714709 4.547521 -1.042243
v -1.452244 4.394835 -1.519771
v -1.609869 4.190778 -1.624668
v -1.310356 4.541191 -1.402339
v -1.192243 4.446867 -1.543099
v -1.317696 4.255222 -1.641198
v -1.453513 4.032809 -1.724929
v -1.088320 4.367272 -1.657399
v -1.176027 4.121973 -1.703035
v -1.300202 3.867779 -1.767265
v -1.322325 4.778493 -1.139926
v -1.259905 4.724894 -1.358089
v -1.375998 4.833453 -0.892033
v 1.438842 7.028203 -0.523518
v 1.375776 7.203331 -0.473202
v 1.426045 6.748543 -0.540424
v 1.421565 6.733628 -0.821371
v 1.392177 7.079279 -0.817923
v 1.321151 7.298145 -0.616900
v 1.412861 6.478704 -0.280298
v 1.454304 6.448495 -0.548250
v 1.342960 6.504832 -0.046472
v 1.460303 6.422875 -0.820602
v 1.417060 6.186552 -0.271285
v 1.474506 6.144062 -0.542424
v 1.341030 6.255143 -0.030467
v 0.951221 7.465367 -1.840728
v 0.856655 7.530116 -1.903518
v 0.992683 7.709610 -1.898916
v 1.063242 7.604024 -1.819796
v 0.864111 7.295760 -1.796624
v 0.742532 7.330843 -1.848868
v 1.009409 7.413581 -1.782715
v 0.976260 7.282393 -1.739544
v 1.093527 7.479157 -1.740133
v 0.735382 7.601523 -1.947744
v 0.885124 7.808430 -1.940633
v 0.596997 7.378470 -1.884763
v 0.408732 7.447579 -1.906016
v 0.618208 7.695477 -1.924027
v 0.764649 7.900073 -1.935418
v 0.376305 7.678278 -1.858818
v 0.539212 7.815673 -1.888485
v 0.666916 7.969814 -1.876243
v 1.254975 7.758398 -0.595674
v 1.222371 7.815818 -0.352051
v 1.250406 7.659239 -0.301031
v 1.269851 7.586553 -0.521290
v 1.288644 7.927308 -0.643292
v 1.279172 7.954331 -0.392350
v 1.330964 7.682087 -0.820313
v 1.322598 7.871177 -0.882184
v 1.320576 7.484070 -0.736662
v 1.299893 7.429875 -0.418041
v 0.938170 6.751833 1.146478
v 0.830497 6.518264 1.194467
v 0.968603 6.430876 1.048905
v 1.052538 6.707609 1.014315
v 0.828903 6.800586 1.264909
v 0.714761 6.604063 1.317683
v 1.017002 6.959525 1.152848
v 0.914069 6.970221 1.262576
v 1.113613 6.940421 1.019994
v 1.173274 6.687248 0.862919
v 1.185102 6.928989 0.864915
v 1.127627 6.395051 0.866442
v 1.228201 6.395468 0.631345
v 1.267575 6.689403 0.671775
v 1.272903 6.445243 0.419387
v -0.535541 2.490467 -2.380616
v -0.557042 2.173283 -2.482066
v -0.844050 2.181600 -2.395294
v -0.805356 2.522331 -2.310182
v -0.239484 2.481164 -2.437420
v -0.236789 2.174218 -2.535999
v -0.531908 2.812593 -2.363639
v -0.249409 2.791922 -2.413117
v -0.790053 2.857227 -2.303065
v -0.746105 3.144554 -2.246293
v -0.517424 3.109741 -2.294865
v -1.042390 2.965222 -2.184678
v -0.910444 3.183237 -2.185850
v -1.044663 2.574274 -2.228544
v -0.252805 3.078619 -2.321540
v 0.012352 3.349531 -2.268252
v -0.259117 3.370489 -2.250071
v 0.537505 3.622241 -2.142617
v 1.657634 0.604665 0.872288
v 1.706408 0.542859 1.122202
v 1.688576 0.382411 0.999773
v 1.697608 0.410355 0.714179
v 1.608732 0.806013 1.194666
v 1.678596 0.701491 1.369949
v 1.810084 0.403458 0.392090
v 2.073047 0.223695 -1.144415
v 2.099987 0.364019 -1.084448
v 2.110371 0.331200 -0.737758
v 2.060918 0.197998 -0.770783
v 2.056337 0.264909 -1.573081
v 2.089151 0.422622 -1.395411
v 1.979457 0.091398 -1.152078
v 1.964235 0.092985 -1.522637
v 1.954690 0.089739 -0.786396
v 2.012071 0.185861 -0.399667
v 1.908118 0.083126 -0.419303
v 2.058735 0.326983 -0.368528
v 1.794923 0.035232 -0.785930
v 1.806683 0.035186 -1.133358
v 1.750274 0.032371 -0.431409
v 2.096626 0.465979 -0.338443
v 1.957554 0.354725 0.017087
v 2.123023 0.461129 -0.704539
v 1.914083 0.203351 -0.026971
v 1.822497 0.086449 -0.055932
v 1.678938 0.032925 -0.076336
v 1.784873 0.230794 0.323166
v 1.711913 0.114294 0.290103
v 0.082715 6.522185 1.962450
v -0.091136 6.528936 1.965964
v -0.096212 6.506898 2.131711
v 0.052093 6.494085 2.132100
v 0.112142 6.562170 1.784453
v -0.081937 6.557741 1.790901
v 0.227883 6.455394 1.956635
v 0.278186 6.499290 1.762872
v 0.166518 6.411331 2.122294
v -0.228055 6.444804 2.139498
v -0.205923 6.426774 2.258697
v -0.104965 6.453232 2.280695
v -0.261973 6.492905 1.978365
v 0.029987 6.449190 2.278731
v 0.129267 6.399638 2.242327
v -1.208620 7.317556 0.015897
v -1.211561 7.175380 -0.239905
v -1.241023 6.878344 -0.031086
v -1.213497 7.131541 0.172456
v -1.106923 7.521095 -0.081037
v -1.109293 7.428869 -0.346501
v -1.191221 7.426910 0.237773
v -1.075264 7.583735 0.174113
v -1.193131 7.275152 0.297077
v -1.238568 6.789868 0.362104
v -1.245453 6.500343 0.354887
v -1.178409 6.447665 0.666097
v -1.211044 6.737803 0.682702
v -1.175363 6.555599 0.030986
v -1.223920 7.040879 0.427992
v -1.185209 6.999083 0.700569
v 1.668835 3.118382 -1.275657
v 1.804085 3.194314 -1.220991
v 1.804044 3.088802 -1.061497
v 1.694174 3.003139 -1.128190
v 1.651955 3.232651 -1.428974
v 1.789799 3.318701 -1.366444
v 1.639548 2.964573 -1.368257
v 1.583144 3.076739 -1.531141
v 1.670722 2.865948 -1.215186
v 1.800198 2.972434 -0.910122
v 1.685251 2.905060 -0.974808
v 1.680905 2.774797 -1.072898
v 1.802151 2.840152 -0.784131
v 1.695332 2.780608 -0.855080
v 1.686826 2.686774 -0.954731
v 1.812006 2.685877 -0.698028
v 1.722670 2.652651 -0.784791
v 1.692904 2.617114 -0.875092
v 1.931108 3.257970 -1.160691
v 1.945588 3.121619 -1.020736
v 1.935641 3.002389 -0.866367
v 1.926518 2.870387 -0.731264
v 1.931132 2.709562 -0.641003
v 2.042757 3.195692 -0.942441
v 2.044605 3.056055 -0.792896
v 2.037091 2.911036 -0.659735
v 2.039525 2.742379 -0.565078
v -0.676582 3.968518 -2.011984
v -0.630955 4.231267 -1.946699
v -0.440163 4.204636 -2.002133
v -0.463865 3.932835 -2.032104
v -0.871341 4.001968 -1.939783
v -0.795551 4.255542 -1.857304
v -0.709879 3.687822 -2.057978
v -0.930120 3.703686 -2.017015
v -0.492375 3.669277 -2.123011
v -0.221793 4.180940 -2.006003
v -0.237302 3.912016 -2.064276
v -0.252367 3.637350 -2.137665
v 0.003205 4.169551 -2.023587
v 0.002412 3.895900 -2.052685
v 0.003646 3.622542 -2.184227
v 0.235823 4.171779 -2.022269
v 0.249702 3.894391 -2.057255
v 0.271406 3.617009 -2.179154
v 0.467594 4.183961 -2.000830
v 0.500509 3.907699 -2.071407
v 0.691867 4.200979 -1.969610
v 0.744439 3.925274 -2.031593
v 0.889240 4.217158 -1.867937
v 0.972163 3.956759 -1.945844
v 1.059466 4.263218 -1.732293
v 1.149288 3.981605 -1.753247
v -0.433284 4.481264 -2.065945
v -0.220865 4.465804 -2.099490
v -0.632072 4.504609 -2.012680
v 0.003865 4.454847 -2.112550
v 0.235576 4.457502 -2.108109
v 0.467081 4.470612 -2.083957
v 0.691898 4.486081 -2.040849
v 0.903455 4.506017 -1.951359
v 1.104351 4.543165 -1.840901
v -0.420401 4.774981 -2.062975
v -0.211215 4.763648 -2.095621
v 0.008506 4.758199 -2.110476
v 0.234277 4.761290 -2.107960
v 0.460712 4.771714 -2.086495
v 0.680921 4.786784 -2.039267
v 0.889491 4.807905 -1.963783
v 1.083833 4.837919 -1.860309
v -0.199965 5.065709 -2.060979
v 0.014037 5.063216 -2.078497
v 0.233706 5.067184 -2.079392
v 0.453599 5.076996 -2.058647
v 0.667067 5.091270 -2.012189
v 0.868859 5.109677 -1.941075
v 0.449452 5.383603 -2.031163
v 0.657218 5.396339 -1.983616
v 0.235010 5.374530 -2.054097
v 0.853647 5.411904 -1.914232
v 0.652530 5.699328 -1.965716
v 0.844015 5.712837 -1.894918
v 0.448395 5.687709 -2.008921
v -0.309631 8.368160 -0.363718
v -0.475400 8.395059 -0.343007
v -0.292495 8.316464 -0.136109
v -0.113057 8.253848 -0.160206
v -0.463072 8.330196 -0.119353
v -0.632950 8.380059 -0.340088
v -0.618935 8.318156 -0.113910
v -0.611207 8.328208 0.116171
v -0.449051 8.330890 0.105818
v -0.279964 8.300138 0.087264
v -0.775870 8.337699 -0.344493
v -0.763217 8.299772 -0.115059
v -0.764135 8.308475 0.116137
v -0.754428 8.321156 0.350801
v -0.592950 8.359374 0.341933
v -0.424834 8.350351 0.322137
v -0.907028 8.298940 -0.585149
v -0.890902 8.248250 -0.355340
v -0.876449 8.215036 -0.123424
v -0.891150 8.226362 0.111973
v -0.879680 8.223946 0.345081
v -0.722138 8.291750 0.577503
v -0.556755 8.340969 0.566391
v -0.828593 8.186999 0.552396
v -0.971973 8.102722 -0.372801
v -0.964313 8.090544 -0.132409
v -0.975258 8.134005 -0.607854
v -0.953466 8.089634 0.104965
v -0.929685 8.084151 0.332121
v -0.880063 8.065603 0.525163
v -0.769167 8.104933 0.715672
v -0.656841 8.188760 0.771799
v -0.830122 8.039762 0.656451
v -0.991556 7.901369 -0.392890
v -0.994083 7.907391 -0.140558
v -1.005741 7.923826 -0.640895
v -0.945412 7.924922 0.101238
v -0.907503 7.930804 0.333617
v -0.895927 7.932306 0.544627
v -0.823753 7.937887 0.706070
v -1.022292 7.669828 -0.398462
v -0.987697 7.702730 -0.130217
v -0.946065 7.739843 0.121251
v -0.900690 7.781275 0.598140
v -0.816409 7.799824 0.764121
v -0.923323 7.757779 0.370666
v -1.053172 7.623452 0.428905
v -0.984232 7.618181 0.715032
v -0.834896 7.675950 0.856391
v -1.170995 7.460775 0.477119
v -1.143171 7.457116 0.737486
v -1.100211 7.340467 -0.630319
v 1.733256 0.905490 -2.480821
v 1.518875 0.893561 -2.612793
v 1.488082 1.121353 -2.548571
v 1.689984 1.112657 -2.431856
v 1.710218 0.725369 -2.398126
v 1.498333 0.695993 -2.533924
v 1.821474 0.918008 -2.336931
v 1.843719 0.803216 -2.235159
v 1.815727 1.083665 -2.280307
v 1.235403 0.897249 -2.644230
v 1.229169 1.124738 -2.644632
v 1.229228 0.703585 -2.595096
v 0.953393 0.881858 -2.744220
v 0.926294 1.114788 -2.722564
v 0.932225 0.687195 -2.679784
v 0.609483 0.652014 -2.797295
v 0.606352 0.857176 -2.821045
v 0.585679 1.096762 -2.793444
v 0.231069 0.653256 -2.758518
v 0.232002 0.852007 -2.809678
v 0.224256 1.072098 -2.788199
v -0.126736 0.850242 -2.810168
v -0.117777 1.053021 -2.757634
v -0.473240 0.903274 -2.784705
v -0.374166 1.057077 -2.765719
v 1.236913 0.526491 -2.587864
v 0.933539 0.515276 -2.666786
v 0.596351 0.497597 -2.728698
v 0.218527 0.488589 -2.737535
v -0.220728 8.289295 -1.546495
v 0.214175 8.136555 0.274447
v 0.045311 8.143220 0.259471
v 0.035190 8.116220 0.439586
v 0.170566 8.111920 0.453080
v 0.245198 8.163598 0.071462
v 0.063288 8.173172 0.060182
v 0.383441 8.210272 0.322999
v 0.420792 8.216561 0.096310
v 0.290721 8.153689 0.502640
v -0.110631 8.234743 0.067669
v -0.108072 8.213459 0.272122
v 0.077736 8.188500 -0.160056
v 0.272136 8.182383 -0.144034
v -0.099854 8.185709 0.454767
v -0.102355 8.129436 0.614565
v 0.009866 8.067451 0.602467
v 0.130814 8.045877 0.612611
v -0.260739 8.292983 0.296151
v -0.237738 8.266603 0.485340
v -0.214369 8.206075 0.645353
v 0.339034 7.928074 1.054709
v 0.300133 8.009959 0.937913
v 0.199092 7.903820 0.912371
v 0.206650 7.778467 1.038755
v 0.469733 8.076203 1.008304
v 0.402951 8.119920 0.916732
v 0.426432 7.834813 1.123960
v 0.562852 8.004550 1.065628
v 0.279615 7.591107 1.133910
v 0.486431 7.583516 1.142629
v 0.557357 7.773422 1.119729
v 0.659989 7.930929 1.067363
v 0.639052 7.592228 1.112524
v 0.675850 7.743267 1.088690
v 0.743051 7.870056 1.043344
v 0.208284 8.004571 0.787245
v 0.296397 8.077138 0.820112
v 0.366320 8.138448 0.836743
v 0.044420 7.477414 1.052632
v -1.057882 6.712450 0.948187
v -1.090850 6.970873 0.956309
v -1.042265 6.411978 0.961070
v -1.102360 7.203016 0.970964
v -1.175331 7.233072 0.727604
v -1.172522 7.256758 0.485433
v -1.086911 7.428411 0.996566
v -0.964392 7.570560 0.982973
v 1.375526 7.363970 -0.955732
v 1.346224 7.593401 -1.042194
v 0.937239 7.122466 1.284356
v 1.041636 7.140025 1.159844
v 1.080770 7.288037 1.198884
v 0.940667 7.263897 1.322993
v 0.817801 6.977404 1.324952
v 1.059676 7.432901 1.189351
v 0.906152 7.401892 1.316333
v 0.834095 7.488206 1.225637
v 0.667786 7.422255 1.313466
v 0.781005 7.506780 1.109497
v 0.638976 7.475112 1.185493
v 1.134564 7.136559 1.022319
v 1.179192 7.292804 1.044571
v 0.354877 6.615071 1.597390
v 0.493348 6.516770 1.542163
v 0.602323 6.691732 1.415984
v 0.170797 6.674840 1.634829
v 0.735984 6.860471 1.368784
v 0.413071 6.398174 1.736069
v -0.064327 6.645511 1.636036
v -0.046991 6.852162 1.596019
v -0.051742 7.073627 1.579891
v -0.170905 7.498938 1.070168
v -0.363005 7.576566 1.078219
v -0.549339 7.820424 0.990657
v -0.699508 7.808712 0.892968
v -0.697816 7.646060 0.947393
v -0.546118 7.627959 1.049158
v -0.592568 8.016123 0.898359
v -0.728808 7.969938 0.823166
v -0.852895 7.617512 0.976760
v -0.751038 7.585286 1.077925
v -0.604148 7.505390 1.156327
v -0.429627 7.414434 1.205912
v -0.855896 7.519752 1.173706
v -0.690031 7.446245 1.295975
v -0.505911 7.353507 1.385408
v -0.963415 7.374054 1.215126
v -0.275989 7.272837 1.435911
v 0.939496 3.925636 1.624921
v 1.141159 3.990368 1.704072
v 1.153833 4.204375 1.495206
v 0.942630 4.116884 1.400730
v 0.935906 3.712480 1.799681
v 1.140424 3.756699 1.869865
v 0.728770 3.899117 1.600465
v 0.766520 3.666253 1.752936
v 0.701272 4.173338 1.384448
v 0.815503 3.436910 1.849068
v 0.957386 3.497746 1.915056
v 1.145956 3.508167 1.974575
v 1.362269 3.741393 1.848229
v 1.367619 3.971228 1.687674
v 1.362281 3.486525 1.965773
v 0.905148 3.231676 1.927745
v 0.985853 3.330219 1.977623
v 1.136754 3.275915 2.006837
v 1.346393 3.218403 2.000796
v 1.550096 3.685454 1.746621
v 1.073617 3.080902 2.018540
v 1.311486 2.911964 2.012384
v 1.847896 1.826675 -1.445617
v 1.828036 1.956013 -1.265947
v 1.892274 1.880496 -1.180088
v 1.933117 1.744365 -1.363752
v 1.811049 1.972295 -1.524096
v 1.797988 2.059308 -1.341802
v 1.872299 1.670131 -1.641087
v 1.791251 1.840118 -1.783503
v 1.975306 1.595460 -1.548378
v 2.013351 1.865618 -1.123363
v 2.054525 1.721249 -1.307022
v 1.865032 2.024962 -1.025269
v 1.973103 2.012275 -0.955577
v 1.791357 2.069961 -1.119449
v 1.924320 2.163164 -0.815519
v 1.873464 2.329076 -0.716297
v 1.987089 2.339175 -0.645339
v 2.039714 2.171510 -0.750816
v 1.831321 2.177906 -0.905654
v 1.794673 2.341476 -0.827033
v 2.086617 2.009658 -0.893506
v 2.130092 1.853959 -1.064784
v 2.091738 2.351170 -0.559617
v 2.146787 2.170596 -0.669865
v 1.949768 2.525305 -0.606791
v 2.058606 2.549641 -0.528572
v 1.835447 2.509232 -0.676444
v 2.193576 1.991903 -0.814191
v 2.111273 2.794467 -0.450749
v 2.143392 2.584241 -0.409208
v 2.102814 2.980793 -0.550461
v 2.184259 2.363399 -0.449290
v 2.233651 2.149305 -0.552177
v 2.266488 1.943872 -0.698220
v 2.128499 3.086214 -0.408137
v 2.134015 2.880128 -0.284616
v 2.171167 2.628050 -0.220831
v 2.212684 2.350262 -0.264305
v 2.249256 2.091997 -0.374321
v 2.130744 2.687537 0.066802
v 2.153427 2.306313 -0.013202
v 2.088476 3.017301 -0.085158
v 1.982180 3.609730 0.429121
v 1.948306 3.599219 0.641319
v 1.987213 3.280930 0.639567
v 2.008888 3.280299 0.413149
v 1.873651 3.897909 0.458121
v 1.847236 3.875976 0.667629
v 2.001100 3.631333 0.196224
v 1.900733 3.927048 0.240858
v 2.042123 3.267012 0.131888
v 1.789971 4.131186 0.718524
v 1.720161 4.373110 0.782379
v 1.674026 4.295561 1.002212
v 1.756634 4.079958 0.924674
v 1.837590 4.172927 0.510540
v 1.760236 4.406019 0.554899
v 1.834489 3.838698 0.865054
v 1.917408 3.574870 0.835753
v 1.950284 3.284963 0.839508
v 1.631415 4.195813 1.217593
v 1.722242 3.999164 1.120046
v 1.479286 4.441710 1.038728
v 1.431046 4.333779 1.274611
v 1.538109 4.513371 0.803814
v 1.812815 3.781704 1.051449
v 1.875695 3.540184 1.014956
v 1.922096 3.285900 1.017307
v 1.192119 4.350744 1.251757
v 1.002246 4.266214 1.164864
v 1.254562 4.469150 1.012100
v 1.067839 4.382815 0.931537
v 1.396632 4.178516 1.499188
v 1.593315 4.065814 1.425180
v 1.673056 3.888221 1.298804
v 1.766459 3.703131 1.221358
v 1.809897 3.489987 1.177862
v 0.792192 4.299964 1.102218
v 1.556187 3.890464 1.599952
v 1.651177 3.757008 1.464524
v 1.763772 4.582851 -0.781976
v 1.860503 4.487177 -0.754328
v 1.863418 4.430888 -0.943124
v 1.746844 4.507012 -0.984234
v 1.751013 4.613620 -0.569103
v 1.848789 4.523941 -0.553659
v 1.641531 4.625520 -0.793018
v 1.645820 4.668950 -0.579970
v 1.603969 4.544931 -0.987615
v 1.714605 4.633171 -0.347122
v 1.823946 4.558225 -0.340131
v 1.611143 4.680865 -0.354668
v 1.893757 4.385521 -0.544222
v 1.915101 4.365326 -0.726584
v 1.878258 4.407842 -0.342605
v 1.530897 4.751773 -0.355861
v 1.483809 4.751022 -0.132252
v 1.552327 4.677164 -0.131995
v 1.554693 4.733663 -0.588378
v 1.664506 4.653051 -0.120413
v 1.781814 4.577233 -0.115469
v 1.856333 4.421043 -0.127025
v 1.931169 4.231345 -0.360389
v 1.919619 4.224023 -0.552029
v 1.928982 4.227931 -0.151545
v 1.329910 4.687107 0.034556
v 1.455747 4.656329 0.080742
v 1.587655 4.648287 0.105523
v 1.723865 4.585626 0.113381
v 1.815436 4.427531 0.097056
v 1.911711 4.223425 0.069301
v 1.924463 3.958726 0.021422
v 1.950205 3.995991 -0.194784
v 1.982102 4.037870 -0.397097
v 1.232445 4.640593 0.261434
v 1.356265 4.617064 0.294955
v 1.502638 4.626421 0.329601
v 1.668682 4.588626 0.346415
v 1.773296 4.420987 0.326744
v 1.883022 4.204521 0.293842
v 1.987160 3.695431 -0.035138
v 1.973533 3.763464 -0.255633
v 1.111540 4.592908 0.468816
v 1.250775 4.567586 0.502414
v 1.414802 4.591961 0.551856
v 1.602681 4.556375 0.573291
v 2.064182 3.438843 -0.117336
v 1.145712 4.484480 0.707530
v 1.327945 4.537012 0.775973
v 0.972983 4.460869 0.627397
v 0.872676 4.381390 0.861227
v -2.121074 2.593053 -0.547142
v -2.040934 2.605996 -0.620191
v -2.102836 2.414547 -0.735523
v -2.176243 2.385530 -0.659227
v -2.066292 2.830821 -0.517171
v -2.001429 2.827709 -0.607238
v -2.196922 2.559501 -0.441805
v -2.129994 2.819471 -0.408389
v -2.235855 2.337967 -0.553547
v -1.961473 2.611535 -0.689155
v -2.005991 2.416379 -0.790403
v -1.926291 2.820219 -0.678249
v -2.045768 2.245464 -0.961390
v -2.144618 2.233044 -0.902025
v -2.235718 2.200059 -0.824264
v -1.842549 2.808424 -0.740425
v -1.866818 2.606410 -0.744218
v -1.901609 2.417294 -0.841210
v -1.935026 2.253565 -1.007167
v -2.075673 2.073130 -1.166375
v -2.169358 2.044618 -1.095431
v -1.960683 2.094020 -1.217146
v -1.742770 2.795969 -0.793612
v -1.774565 2.611319 -0.815472
v -1.793669 2.437449 -0.903000
v -1.829349 2.300186 -1.067994
v -1.838801 2.148062 -1.267330
v -1.983703 1.906693 -1.442744
v -2.115908 1.895681 -1.395023
v -1.862919 1.977510 -1.506466
v -1.684595 2.784952 -0.896895
v -1.693980 2.626430 -0.890150
v -1.711138 2.499549 -0.984124
v -1.731127 2.386412 -1.136100
v -1.748225 2.283090 -1.336146
v -1.748921 2.137365 -1.569116
v -1.869485 1.706882 -1.719891
v -2.025086 1.679471 -1.656873
v -1.714260 1.868618 -1.870913
v -1.654823 2.754086 -0.995735
v -1.676674 2.655808 -0.974274
v -1.684883 2.597741 -1.056495
v -1.699986 2.537410 -1.197392
v -1.700042 2.477608 -1.378488
v -1.670757 2.399923 -1.590691
v -1.590268 2.302935 -1.818915
v -0.115281 7.087378 -1.926663
v -0.131565 6.818561 -1.958551
v -0.334254 6.804296 -1.918994
v -0.327266 7.052155 -1.892099
v 0.107319 7.110422 -1.942714
v 0.078563 6.831742 -1.971722
v 0.145384 7.383812 -1.915214
v 0.285871 6.840954 -1.963751
v 0.264156 6.556953 -1.983897
v 0.059542 6.550480 -1.991163
v 0.326547 7.127468 -1.931945
v -0.145332 6.544470 -1.975451
v -0.343704 6.540583 -1.936683
v -0.529686 6.540360 -1.872564
v -0.520894 6.796183 -1.853255
v -0.511256 7.029689 -1.825727
v 0.046249 6.265234 -1.999592
v -0.157050 6.263207 -1.984935
v 0.251345 6.270118 -1.994905
v -0.354826 6.264539 -1.951499
v -0.541059 6.268408 -1.892292
v -0.700252 6.544814 -1.785622
v -0.688393 6.797968 -1.764623
v -0.711404 6.274015 -1.806846
v 0.453472 6.276974 -1.971904
v 0.449449 5.985866 -1.988918
v 0.243371 5.978171 -2.012438
v 0.462728 6.561996 -1.958656
v 0.035499 5.974143 -2.017946
v -0.169225 5.973968 -2.001796
v -0.366503 5.977370 -1.967181
v -0.552649 5.983099 -1.911571
v -0.723325 5.989410 -1.830126
v -0.863957 6.281810 -1.695249
v -0.851931 6.554263 -1.673186
v -0.876042 5.996260 -1.722572
v 0.648952 5.996077 -1.945686
v 0.648461 6.285165 -1.929976
v 0.238223 5.679379 -2.032822
v 0.026965 5.675642 -2.039060
v -0.180439 5.676356 -2.022488
v -0.379390 5.681060 -1.988578
v -0.566015 5.687901 -1.933852
v -0.736275 5.694973 -1.855962
v -0.887994 5.701803 -1.751683
v 0.019927 5.370568 -2.056728
v -0.190377 5.371965 -2.040142
v 0.180925 7.621485 -1.873899
v 0.688407 8.327384 -0.542687
v 0.525321 8.243686 -0.568163
v 0.488930 8.234731 -0.341487
v 0.653581 8.306117 -0.311097
v 0.717093 8.329042 -0.780767
v 0.550745 8.251862 -0.794706
v 0.847611 8.381246 -0.514273
v 0.872992 8.407744 -0.766403
v 0.816700 8.328983 -0.277629
v 0.337208 8.202355 -0.593137
v 0.302990 8.193198 -0.368114
v 1.295603 8.084724 -0.680266
v 1.252267 8.231611 -0.708331
v 1.227895 8.231246 -0.443123
v 1.274611 8.097710 -0.420780
v 1.302096 8.046814 -0.930779
v 1.265815 8.208226 -0.968044
v 1.166722 8.353415 -0.730243
v 1.135021 8.341058 -0.460831
v 1.188465 8.344270 -0.994752
v 1.043827 8.408689 -1.008629
v 1.029145 8.411831 -0.748319
v 1.001439 8.386778 -0.486709
v 0.880620 8.396747 -1.012942
v 0.723429 8.328841 -1.014343
v 0.563080 8.245625 -1.014256
v 1.320439 7.800325 -1.109487
v 1.295534 7.989244 -1.165627
v 1.257495 8.160908 -1.213285
v 1.174105 8.308002 -1.247317
v 1.033014 8.386353 -1.259657
v 0.869544 8.380917 -1.251098
v 0.711670 8.317316 -1.234180
v 1.281876 7.918260 -1.381690
v 1.235492 8.091707 -1.438523
v 1.142742 8.232948 -1.477282
v 1.009090 8.322960 -1.490732
v 0.847447 8.331867 -1.469314
v 0.688059 8.284267 -1.436224
v 1.193995 7.995028 -1.640106
v 1.098482 8.135925 -1.689052
v 0.956969 8.213726 -1.684065
v 0.807644 8.250726 -1.659173
v 1.013048 7.989744 -1.849123
v 0.881227 8.080830 -1.848308
v 0.749564 8.121910 -1.798840
v 0.560776 3.918672 1.710417
v 0.508707 4.162842 1.557834
v 0.335777 4.146596 1.672207
v 0.382619 3.907353 1.810055
v 0.598619 3.662821 1.823480
v 0.424290 3.655156 1.914892
v 0.643126 3.401238 1.879552
v 0.463196 3.401411 1.960456
v 0.734179 3.112300 1.936558
v 0.497191 3.168384 1.985651
v 0.199698 3.878581 1.899783
v 0.231526 3.620702 1.985230
v 0.280624 3.378765 2.039204
v 0.306752 3.173362 2.007611
v 1.920655 4.325895 -0.883525
v 1.932179 4.230870 -0.721124
v 1.942415 4.241347 -0.836068
v 2.005053 4.073395 -0.584813
v 1.976721 4.108716 -0.757963
v 1.965105 4.162575 -0.900936
v 1.993407 3.838060 -0.459556
v 2.021034 3.911013 -0.646334
v 2.071838 3.564852 -0.334494
v 1.228904 7.687967 -0.073355
v 1.245961 7.823107 -0.109684
v 1.201797 7.821383 0.124908
v 1.157600 7.808990 0.347207
v 1.267076 7.956044 -0.138494
v 1.235048 7.946586 0.105643
v 1.185826 7.938785 0.330812
v 1.143985 7.936894 0.536032
v 1.068994 7.926766 0.708829
v 1.245373 8.087992 -0.162778
v 1.209295 8.069257 0.080183
v 1.179306 8.068423 0.309107
v 1.132289 8.065630 0.516720
v 1.060303 8.050631 0.702193
v 0.958547 8.016860 0.852790
v 0.846803 7.959518 0.967455
v 1.240336 6.479315 0.275418
v 1.273015 6.356524 0.158352
v 1.267165 6.506513 0.092504
v -1.249867 0.714940 -2.576180
v -1.207096 0.882819 -2.625354
v -0.808229 1.103658 -2.690343
v -1.168277 1.149632 -2.589169
v -1.365290 2.590024 -1.941315
v -1.247637 2.588077 -2.109904
v -1.316087 2.237375 -2.203770
v -1.455975 2.248607 -2.017131
v -1.312651 2.829416 -1.902792
v -1.206819 2.896326 -2.017730
v -1.503877 2.645411 -1.778948
v -1.398917 2.979191 -1.749594
v 1.954492 4.136155 -1.138265
v 1.857263 4.216676 -1.272075
v 1.860576 4.339553 -1.115423
v 1.941825 4.246946 -1.016276
v 1.974135 4.005236 -1.245796
v 1.858349 4.059179 -1.401794
v 1.987337 4.051073 -0.987077
v 2.000462 3.927872 -1.073572
v 1.716725 4.401618 -1.173574
v 1.679844 4.259283 -1.347483
v 1.557429 4.432787 -1.178520
v 1.491100 4.305567 -1.369555
v 1.650660 4.073146 -1.490995
v 1.379616 4.092641 -1.561075
v -0.794084 0.018021 1.980678
v -0.840051 0.012414 2.157158
v -1.004462 0.011882 2.146001
v -1.006357 0.018092 1.969946
v -0.738884 0.026472 1.770180
v -0.997451 0.023804 1.757881
v -0.992723 0.024414 1.521667
v -0.713704 0.031959 1.528221
v -0.430650 0.033955 1.551034
v -1.164459 0.018450 2.192594
v -1.214824 0.021037 2.000461
v -0.991377 0.013468 2.265760
v -1.079959 0.019401 2.337358
v -0.882413 0.014201 2.302069
v -1.241509 0.028210 1.778200
v -1.257578 0.028605 1.538420
v -1.275092 0.033698 1.285781
v -0.995427 0.028817 1.269947
v -0.703513 0.033648 1.270739
v -1.320133 0.058156 2.270834
v -1.408889 0.075336 2.054431
v -1.448259 0.104789 1.815648
v -1.475416 0.122415 1.566068
v -1.506637 0.118618 1.309506
v -1.292119 0.035040 1.025788
v -1.004785 0.031519 1.007704
v -1.536668 0.107935 1.049691
v -1.613733 0.284575 1.594908
v -1.654972 0.280402 1.332133
v -1.579842 0.264084 1.857636
v -1.696027 0.268888 1.068810
v -1.721161 0.446204 1.627175
v -1.766424 0.444663 1.358310
v -1.810787 0.442192 1.092260
v -1.824599 0.461809 0.821480
v -1.734862 0.261435 0.802604
v -1.566537 0.099928 0.783702
v -1.860012 0.477050 0.542394
v -1.779579 0.254153 0.530819
v -1.843433 0.678400 0.876778
v -1.928893 0.763035 0.588141
v -1.865651 0.630864 1.125451
v -1.776260 0.897601 1.475142
v -1.851774 0.771721 1.431543
v -1.827280 0.766809 1.683067
v -1.774503 0.918638 1.686195
v -1.733113 0.930015 1.301397
v -1.825200 0.802517 1.200512
v -1.704267 0.978487 1.512471
v -1.677485 1.044385 1.420908
v -1.672925 1.016819 1.660843
v -1.783757 0.769818 1.953191
v -1.713034 0.931422 1.927652
v -1.608518 1.059368 1.866701
v -1.607220 0.945446 2.172760
v -1.516332 1.097923 2.090181
v -1.686899 0.768723 2.226012
v -1.850257 0.604634 1.392526
v -1.792717 0.867121 1.004324
v -1.730510 1.027097 1.154319
v -1.799945 0.604409 1.659041
v -1.766113 0.591420 1.940061
v -1.722132 0.567320 2.239021
v -1.557805 0.540737 2.475686
v -1.546569 0.757497 2.472175
v -1.461741 0.958996 2.403631
v -1.323678 0.742846 2.642332
v -1.255396 0.940627 2.556893
v -1.345251 0.522823 2.649795
v -0.951545 0.023979 2.423750
v -1.028946 0.048842 2.549956
v -1.189832 0.045570 2.439330
v -1.091202 0.139030 2.662264
v -1.284528 0.148345 2.545150
v -1.456811 0.160256 2.362957
v -1.548260 0.209844 2.116907
v -1.120036 0.312004 2.729137
v -1.344285 0.313948 2.628000
v -1.555025 0.326513 2.451319
v -1.657101 0.373500 2.181219
v -1.685390 0.425894 1.902142
v -1.118092 0.508915 2.771266
v -1.105958 0.729519 2.766631
v -1.901525 0.997669 0.849360
v 1.053245 5.131737 -1.840340
v 1.250956 4.353942 -1.585997
v 1.262498 4.604451 -1.676745
v 1.460550 3.800149 -1.634560
v 0.834984 6.007802 -1.874328
v 1.015550 5.726897 -1.794604
v 1.033104 5.429471 -1.819361
v 1.005577 6.021291 -1.779571
v 1.522180 5.542831 -0.503503
v 1.511446 5.525892 -0.807890
v 1.500815 5.814052 -0.810331
v 1.500635 5.841409 -0.519157
v 1.532906 5.269359 -0.533463
v 1.516236 5.263121 -0.815247
v 1.452240 5.556056 -0.122276
v 1.497297 5.242491 -0.242765
v 1.437990 5.890281 -0.214374
v 1.473179 5.506505 -1.075276
v 1.460460 5.793054 -1.073816
v 1.481954 5.241510 -1.075730
v 1.411274 5.485970 -1.313490
v 1.394867 5.774437 -1.307373
v 1.421147 5.213243 -1.312876
v 1.335309 5.183960 -1.523880
v 1.315154 5.465705 -1.517236
v 1.298140 5.757525 -1.506428
v 1.212205 5.156568 -1.702564
v 1.189653 5.447104 -1.687058
v 1.167584 5.741836 -1.667747
v 1.512936 5.037939 -0.821213
v 1.474156 5.007925 -1.066668
v 1.529634 5.047122 -0.564756
v 1.428792 4.965336 -1.300163
v 1.355395 4.919179 -1.515698
v 1.236641 4.874721 -1.703220
v 1.480870 4.811116 -1.047108
v 1.441975 4.748195 -1.270530
v 1.515918 4.855396 -0.817525
v 1.374149 4.677167 -1.483405
v 1.505933 4.651352 -1.015074
v 1.459054 4.565238 -1.220187
v 1.393547 4.467178 -1.422902
v 1.498948 5.029091 -0.308647
v 1.531713 4.872658 -0.580872
v 1.561031 4.718597 -0.808633
v 0.618207 6.405890 1.472945
v 0.743482 6.276267 1.382265
v 0.525803 6.272126 1.698632
v 0.633399 6.128234 1.658990
v 0.704979 5.945551 1.612088
v -0.225977 7.322060 1.208900
v 1.283347 6.199268 0.298383
v 1.677685 3.856394 -1.566910
v 1.866751 3.874199 -1.469965
v 1.893252 3.692347 -1.477451
v 1.727437 3.648305 -1.565693
v 1.543762 3.580102 -1.612936
v 1.988356 3.856262 -1.314551
v 2.025017 3.805289 -1.144192
v 1.766395 3.462339 -1.496601
v 1.597665 3.386581 -1.548388
v -0.016503 7.208844 1.411362
v 0.240505 7.257356 1.402743
v 0.020927 7.268080 1.189152
v 0.261577 7.351802 1.220162
v 0.159577 6.302729 2.287118
v 0.196183 6.161460 2.328191
v 0.316142 6.166967 2.152977
v 0.254796 6.306642 2.136978
v 0.035600 6.344691 2.392690
v 0.057756 6.183229 2.461720
v 0.074326 6.004826 2.506947
v 0.231344 5.997467 2.360449
v -0.120741 6.196344 2.504357
v -0.125135 6.009774 2.548954
v -0.118454 6.354046 2.407196
v 0.369254 6.009846 2.166609
v -0.125719 5.813096 2.576402
v 0.078032 5.809737 2.524957
v -0.304712 6.003047 2.445072
v -0.314620 5.804092 2.479150
v -0.281545 6.182312 2.394266
v 0.254470 5.813203 2.378302
v 0.399791 5.833604 2.169011
v -0.443182 5.791725 2.286422
v -0.427340 5.585604 2.303666
v -0.300699 5.594024 2.483210
v -0.431642 5.993898 2.259761
v -0.124937 5.593933 2.566091
v 0.069923 5.597942 2.521175
v 0.252450 5.612241 2.369952
v 0.409648 5.638258 2.152068
v -0.293510 5.380016 2.460389
v -0.129267 5.367008 2.526494
v -0.406812 5.395759 2.322906
v 0.056549 5.375977 2.484664
v 0.212127 5.408196 2.326823
v 0.375889 5.420744 2.096239
v -0.280384 6.524682 1.800106
v -0.451265 6.405546 1.793656
v -0.399692 6.367322 1.997763
v -0.330181 6.336499 2.177262
v -0.243159 6.327198 2.321514
v 0.767230 5.735770 1.621761
v 0.575058 5.686411 1.899150
v 0.582176 5.504713 1.851214
v 0.756335 5.532228 1.587692
v 0.557032 5.876459 1.923030
v 0.480320 5.383049 1.709955
v 0.679541 5.376720 1.502141
v 0.325963 5.297839 1.894631
v 0.858567 5.374583 1.263564
v 0.859943 5.217742 0.969060
v 0.949530 5.200016 0.766585
v 0.752208 5.223571 1.202529
v 1.018805 5.171145 0.615024
v -0.391546 6.178038 2.219854
v 0.361517 3.054811 2.151365
v 0.535522 3.046262 2.139652
v 0.720455 2.979270 2.133414
v 0.547361 2.954353 2.290902
v 0.700493 2.887185 2.288621
v 0.393402 2.973769 2.297011
v 0.085901 3.319073 2.070456
v 0.148256 3.139145 2.076894
v 0.025549 3.553804 2.054111
v 0.203391 3.034481 2.166785
v 0.250099 2.962310 2.306160
v 0.403576 2.858263 2.409358
v 0.536334 2.842798 2.404338
v 0.273570 2.858170 2.417443
v 0.156334 2.836920 2.409826
v 0.162873 2.714505 2.449807
v 0.281195 2.720495 2.469528
v 0.125638 2.917269 2.309404
v 0.403853 2.720105 2.465498
v -2.191014 0.658169 -0.711959
v -2.292480 0.777900 -0.715682
v -2.299209 0.772073 -1.007816
v -2.214261 0.643047 -1.020615
v -2.152034 0.709504 -0.410449
v -2.287478 0.803344 -0.418718
v -2.129458 0.499438 -0.695498
v -2.103860 0.535648 -0.383752
v -2.148400 0.485572 -1.023199
v -2.308124 0.814280 -1.290932
v -2.186663 0.709611 -1.327115
v -2.140213 0.523429 -1.414987
v 1.348883 6.012931 0.065910
v 0.308765 4.767636 1.573345
v 0.293284 4.979273 1.621821
v 0.299413 5.150859 1.746049
v 0.419691 5.009824 1.498701
v 0.446302 5.197047 1.598470
v 0.418588 4.797992 1.442139
v 0.257290 4.568925 1.478987
v 0.383391 4.590002 1.377536
v 0.130457 4.323648 1.593976
v 0.261160 4.325446 1.499889
v 0.404100 4.348719 1.398697
v 0.507334 4.614731 1.236733
v 0.554657 4.819928 1.296772
v 0.532968 4.376483 1.242884
v -0.003102 4.091394 1.822299
v 0.166727 4.116745 1.754139
v 0.964082 2.924189 2.007196
v 1.104076 2.743481 2.021065
v 2.014907 2.937495 0.422142
v 2.054281 2.955789 0.216720
v 1.942053 2.936285 0.661671
v 1.913930 2.958921 0.874781
v 1.867602 3.000264 1.052819
v 1.860743 3.257372 1.188197
v 1.820662 3.028942 1.209758
v 1.631706 2.638492 -1.677007
v 1.690985 2.578853 -1.502904
v 1.729523 2.370424 -1.540309
v 1.673215 2.398503 -1.722328
v 1.597235 2.869249 -1.615157
v 1.661212 2.781590 -1.445936
v 1.519815 2.697948 -1.850162
v 1.580653 2.439037 -1.909659
v 1.726365 2.145173 -1.756330
v 1.628127 2.163759 -1.964688
v 1.769214 2.164205 -1.551457
v 1.711260 1.880044 -2.033636
v 1.753889 2.348408 -1.378519
v 1.780489 2.190371 -1.383675
v 1.726380 2.525747 -1.343630
v 1.775153 2.213569 -1.276651
v 1.777867 2.147404 -1.211528
v 1.757335 2.320568 -1.244103
v -2.224781 1.921960 0.085937
v -2.194045 2.125363 0.223191
v -2.213428 2.245024 0.040797
v -2.219352 2.040934 -0.088272
v -2.247586 1.795763 0.254896
v -2.220252 2.005407 0.408632
v -2.255189 1.735148 -0.073730
v -2.272341 1.608106 0.078096
v -2.250110 1.850510 -0.238896
v -2.187412 2.453093 0.140846
v -2.155657 2.650915 0.215932
v -2.162000 2.767114 0.051145
v -2.189351 2.590595 -0.040946
v -2.180118 2.341069 0.332384
v -2.164290 2.562527 0.407588
v -2.219476 2.368775 -0.135377
v -2.241337 2.153772 -0.257594
v -2.126753 2.954840 -0.075198
v -2.171331 2.798680 -0.226740
v -2.148446 2.884698 0.121373
v -2.083490 3.031679 0.065142
v -2.135456 2.841818 0.257432
v -2.199335 2.486939 -0.300758
v 2.271681 0.662950 -0.972371
v 2.246295 0.669845 -0.687257
v 2.174266 0.573714 -0.689529
v 2.183345 0.585382 -0.989691
v 2.355556 0.757324 -0.972121
v 2.336390 0.763613 -0.695533
v 2.273463 0.687721 -1.207443
v 2.360066 0.774923 -1.196550
v 2.182078 0.619283 -1.238473
v 2.159491 0.697480 -1.430761
v 2.267810 0.729939 -1.396699
v 2.349355 0.809200 -1.369463
v 2.133798 0.601977 -0.331642
v 2.115164 0.487224 -1.026175
v 2.105050 0.536292 -1.295307
v 2.103681 0.621928 -1.508172
v 2.067101 0.534445 -1.619650
v 2.034568 0.448760 -1.790551
v 2.385875 0.877944 -0.975032
v 2.374948 1.007062 -0.974581
v 2.347728 1.139226 -0.963115
v 2.348713 1.276861 -0.903071
v 2.398046 0.899444 -1.188262
v 2.397844 1.039304 -1.174554
v 2.379515 1.188263 -1.136932
v 2.386070 0.934432 -1.361503
v 2.399636 1.084007 -1.345980
v -0.527397 5.380645 1.693295
v -0.478310 5.363335 1.914495
v -0.635387 5.370537 1.531373
v -0.650447 5.204539 1.391565
v -0.660233 5.546866 1.793147
v -0.744786 5.512347 1.528171
v -0.522276 5.538205 2.051237
v -0.448385 5.325745 2.051670
v -0.445869 5.381500 2.162381
v -0.403776 5.240176 2.059576
v -0.287126 5.036886 2.182918
v -0.366683 5.136189 2.110608
v -0.291023 5.179787 2.366216
v -0.379478 5.238698 2.263803
v -0.414802 5.282139 2.176004
v -0.138956 4.990528 2.225106
v -0.134641 5.142893 2.423080
v 0.018757 5.008499 2.205614
v 0.042421 5.158530 2.388366
v 0.153330 5.072940 2.130267
v 0.226660 5.179823 2.022780
v -0.776444 3.316864 1.872801
v -0.826043 3.105389 1.967550
v -0.663883 3.090191 2.016369
v -0.623537 3.361743 1.952876
v -0.899868 3.273696 1.799851
v -1.000603 3.086124 1.853054
v -0.785170 3.576068 1.822996
v -0.938648 3.473213 1.757627
v -0.612081 3.645752 1.891823
v -0.445678 3.398487 2.017554
v -0.416946 3.710910 1.942478
v -0.499507 3.118284 2.054673
v -0.218018 3.409219 2.064207
v -0.207220 3.756274 1.971089
v -0.357997 3.088635 2.068712
v -0.601410 3.917593 1.771455
v -0.782703 3.842132 1.695761
v 2.205011 2.015314 -0.167961
v 2.258217 1.771588 -0.360362
v 2.309759 1.574875 -0.567504
v 2.338036 1.415087 -0.761258
v 0.002174 3.823594 1.952270
v -0.094966 3.192955 2.077209
v -1.575486 4.694669 -0.691637
v -1.687415 4.636738 -0.710782
v -1.476585 4.749922 -0.652282
v -1.548453 4.714256 -0.361150
v -1.470630 4.770526 -0.336510
v -1.649552 4.676117 -0.373002
v -1.324857 4.647434 0.299283
v -1.427520 4.747364 -0.014522
v -1.496897 4.697161 -0.026974
v -1.412313 4.634696 0.306445
v -1.247214 4.691488 0.292172
v -1.357954 4.805891 0.004813
v -1.210848 4.517109 0.607992
v -1.116051 4.516690 0.575815
v -1.320017 4.531159 0.637823
v -1.409266 4.856279 -0.305728
v -1.422270 4.860814 -0.609494
v -0.856317 5.386628 1.207271
v -0.842907 5.050821 1.045189
v -0.701798 4.943231 1.281044
v -2.085581 0.880880 0.179450
v -2.128303 0.775428 -0.111165
v -2.065036 0.592137 -0.077209
v -2.004008 0.668998 0.233534
v -2.233699 1.005465 0.147638
v -2.257605 0.893877 -0.132849
v -2.052236 1.002215 0.476362
v -2.210183 1.147326 0.419016
v -2.349656 1.028921 -0.171481
v -2.370461 0.944262 -0.441883
v -2.334075 1.176873 -0.232950
v -2.354906 1.090405 -0.470900
v -2.321716 1.154664 0.083818
v -2.316134 1.307167 -0.005630
v -2.341383 1.224190 -0.498307
v -2.336265 1.202780 -0.702705
v -2.364889 1.052914 -0.716325
v -2.324951 1.331265 -0.519542
v -2.317489 1.356827 -0.657950
v -2.301762 1.306171 -0.305642
v -2.275444 1.418492 -0.402270
v -2.380749 0.904209 -0.716399
v -2.341419 1.222785 -0.914710
v -2.362072 1.057038 -0.960174
v -2.377862 0.905076 -0.988381
v -2.382154 0.949250 -1.242771
v 2.004457 2.628621 0.995023
v 1.936545 2.738151 1.174139
v -2.304229 1.445291 -0.112184
v -2.282002 1.567225 -0.242603
v -2.280783 1.466298 0.211311
v -2.251595 1.653529 0.412805
v -2.290943 1.309495 0.328838
v -2.258398 1.494683 0.557096
v -2.199471 1.321895 0.678548
v -2.040358 1.167811 0.754019
v -0.666502 7.235295 -1.735134
v -0.806535 7.256850 -1.651601
v -0.673415 7.028452 -1.741313
v -0.818831 7.044456 -1.643481
v -0.838765 6.809878 -1.657478
v -1.002909 6.003285 -1.578157
v -0.993977 6.292524 -1.550475
v -1.017227 5.708693 -1.614119
v 1.497931 4.870431 -0.344239
v 1.410793 5.150621 0.002840
v 1.417303 4.978952 -0.076130
v 1.388017 5.352123 0.146447
v 1.418489 4.838954 -0.122147
v 1.284564 5.206262 0.319311
v 1.314609 5.048820 0.205186
v 1.303878 4.910357 0.127665
v 1.290282 4.792021 0.068500
v 1.140130 4.852154 0.295495
v 1.165754 4.732059 0.268444
v 1.132342 4.988577 0.342894
v 0.994120 4.935425 0.511867
v 0.994923 4.798989 0.476883
v 1.031172 4.675911 0.459283
v 0.902211 4.604279 0.653554
v 0.895405 4.744709 0.687364
v 0.774157 4.692094 0.884260
v 0.781103 4.527740 0.854226
v 0.650037 4.457734 1.052538
v -1.076189 7.167108 -1.139513
v -1.072306 7.233731 -0.888376
v -1.116184 6.908175 -1.110679
v -1.162288 6.974172 -0.847000
v -1.213274 7.066167 -0.548178
v -1.145529 6.627372 -1.107078
v -1.209030 6.674842 -0.827809
v -1.247066 6.718841 -0.451230
v -1.019090 7.111204 -1.341664
v -1.053974 6.861186 -1.332059
v -0.933903 7.071815 -1.508909
v 0.472307 7.352020 1.384430
v 0.473665 7.397758 1.216420
v -0.894473 4.782735 0.975897
v -0.752946 4.664351 1.215786
v 0.583163 5.021764 1.361342
v 0.603671 5.221442 1.414530
v 0.685011 4.840930 1.122161
v 0.711097 5.036053 1.162370
v 0.807610 4.864650 0.928184
v 0.829465 5.040402 0.953251
v 0.901220 4.894597 0.716890
v 0.915893 5.047284 0.744244
v 1.002356 5.067979 0.561480
v 0.636085 4.646115 1.071658
v -0.565521 4.135512 1.595435
v -0.608641 4.367957 1.334088
v -0.764799 4.139209 1.470940
v 0.691864 8.128280 0.954040
v 0.814138 8.217543 0.812912
v 0.701979 8.265636 0.756625
v 0.594744 8.197415 0.908027
v 0.781247 8.049653 0.975472
v 0.902138 8.125556 0.843866
v 0.496352 8.224794 0.831586
v 0.585499 8.290503 0.693290
v 0.659900 8.311218 0.527873
v 0.532465 8.285611 0.484612
v 0.473522 8.267221 0.630588
v 0.787314 8.289210 0.581106
v 0.408839 8.211391 0.756908
v 0.377427 8.215794 0.572649
v 0.324008 8.154482 0.702044
v 0.433541 8.247827 0.464791
v 0.746835 8.282628 0.150088
v 0.782308 8.282225 -0.059099
v 0.623327 8.275133 -0.090775
v 0.588408 8.272365 0.118149
v 0.889529 8.262139 0.190270
v 0.923529 8.263461 -0.024474
v 0.710241 8.302074 0.345702
v 0.848768 8.283505 0.391191
v 0.558166 8.278095 0.314814
v 0.963530 8.326019 -0.243364
v 1.045057 8.225390 0.010720
v 1.088929 8.281640 -0.214829
v 1.020394 8.234915 0.232962
v 0.234874 8.093144 0.652015
v 2.328840 0.854057 -1.481673
v 2.344569 0.966896 -1.501470
v 2.260567 0.818995 -1.538476
v -0.575915 6.225538 1.788518
v -0.755136 6.018610 1.523689
v -0.637132 5.999277 1.790057
v -0.891759 6.050111 1.239998
v -0.795408 5.750897 1.529837
v -0.669992 5.767072 1.802788
v -0.935313 5.732710 1.238657
v -0.491612 6.195545 2.018566
v -0.540254 5.994379 2.039938
v -0.550221 5.775747 2.054805
v 1.994528 3.976283 -0.824426
v 2.013355 3.847249 -0.904225
v 2.045617 3.763417 -0.727436
v 2.051032 3.667019 -0.536646
v 1.896089 1.443661 -1.785368
v 1.989401 1.391273 -1.672693
v 2.012592 1.160791 -1.742171
v 1.927956 1.184070 -1.878092
v 1.823560 1.528674 -1.935389
v 1.849494 1.249302 -2.032658
v 2.134974 1.159189 -1.673752
v 2.150059 0.960835 -1.670658
v 2.028002 0.938407 -1.744627
v 2.122300 1.372674 -1.620282
v 1.951859 0.882858 -1.929415
v 1.867224 0.997211 -2.117693
v 2.155761 0.797843 -1.583703
v 2.063939 0.757846 -1.652553
v 2.255964 0.970622 -1.594621
v 2.268448 1.154167 -1.615422
v 2.025354 0.678565 -1.778968
v 1.184260 8.197918 -0.188771
v 1.150523 8.167710 0.049003
v 1.112799 8.162346 0.272313
v 1.078446 8.174791 0.485225
v 1.003862 8.165081 0.677181
v 0.981753 8.255944 0.441954
v 0.913298 8.265669 0.637543
v -1.407980 5.018993 -0.565862
v -1.372062 5.007906 -0.852467
v -1.314295 4.975419 -1.111219
v -1.393871 5.219942 -0.516540
v -1.360194 5.220687 -0.809715
v -1.408521 4.995723 -0.260911
v -1.396793 5.184328 -0.207078
v -1.332972 5.111841 0.105408
v -1.192863 5.015780 0.402512
v -1.210344 5.247487 0.484244
v -1.340905 5.339913 0.177097
v -1.341697 4.934265 0.049115
v -1.219259 4.829700 0.346496
v -1.383866 5.420727 -0.142272
v -1.376893 5.463301 -0.457621
v -1.351318 5.472051 -0.757974
v -1.249124 5.516458 0.580453
v -1.356302 5.616660 0.256683
v -1.049826 5.149630 0.783170
v -1.089314 5.436798 0.881328
v -1.058853 4.901523 0.705428
v -1.364657 5.694826 -0.073479
v -1.356740 5.739193 -0.392965
v -1.337951 5.753245 -0.699016
v -1.106905 5.760807 0.943932
v -1.239099 5.826745 0.631775
v -1.293855 5.911780 0.307917
v -1.301786 5.980805 -0.014265
v -1.303262 6.026805 -0.330368
v -1.315208 6.052244 -0.636089
v -1.068952 6.087674 0.958399
v -1.184409 6.140796 0.654227
v -1.234891 6.206820 0.340053
v -1.241659 6.268374 0.026159
v -1.254862 6.312398 -0.274384
v -1.292711 6.362761 -0.565657
v -1.181262 6.535503 -0.231598
v -1.306368 5.201561 -1.076993
v -1.242131 6.358696 -0.866923
v -1.265510 6.047462 -0.922707
v -1.282961 5.745618 -0.979497
v -1.299502 5.460659 -1.033119
v 0.915238 1.289679 2.343078
v 0.743626 1.280922 2.431933
v 0.800226 1.135111 2.569693
v 0.992333 1.159679 2.511346
v 0.891558 1.496434 2.347227
v 0.717650 1.480192 2.416257
v 1.085444 1.281041 2.251017
v 1.063150 1.506646 2.238897
v 0.571338 1.271019 2.485645
v 0.627179 1.152633 2.647518
v 0.542524 1.460521 2.454947
v 0.374106 1.442443 2.473697
v 0.403291 1.251720 2.505371
v 0.432038 1.107284 2.649436
v 0.659542 0.981766 2.788520
v 0.843098 0.978260 2.710546
v 0.458229 0.949023 2.789788
v 0.212617 1.418046 2.470878
v 0.241484 1.223098 2.493018
v 0.249267 1.083058 2.653905
v 0.272060 0.915320 2.782487
v 0.059373 1.386558 2.438335
v 0.088967 1.172796 2.458102
v 0.073401 1.025486 2.615570
v 0.107014 0.871135 2.731846
v -0.046168 1.361457 2.337647
v -0.052644 1.074461 2.377335
v -0.004132 0.914285 2.535277
v 0.037016 0.823208 2.633118
v 0.536791 2.579818 2.473824
v 0.567852 2.431245 2.475960
v 0.705159 2.467609 2.453676
v 0.653256 2.608514 2.451113
v 0.411462 2.572003 2.483845
v 0.428178 2.415274 2.488631
v 0.520965 2.715499 2.461521
v 0.610059 2.705200 2.439924
v 0.283407 2.571437 2.484485
v 0.289431 2.412189 2.493361
v 0.449435 2.244750 2.489860
v 0.602654 2.264607 2.473225
v 0.299597 2.238281 2.497230
v 0.157392 2.574009 2.472275
v 0.154839 2.415941 2.485189
v 0.157879 2.239309 2.494770
v 0.162403 2.045540 2.494019
v 0.312610 2.049480 2.494129
v 0.472145 2.059588 2.482689
v 0.033475 2.243069 2.447895
v 0.030842 2.045796 2.449846
v 0.034860 2.421190 2.443262
v 0.030480 1.835526 2.450073
v 0.173481 1.840607 2.485515
v 0.329231 1.849565 2.493267
v 0.187684 1.628618 2.491672
v 0.349781 1.644897 2.491935
v 0.045845 1.613440 2.440495
v -0.056036 1.605623 2.348110
v -0.056277 1.834438 2.352831
v 1.138496 1.994539 2.182784
v 1.082010 2.209441 2.233311
v 0.957233 2.159180 2.357624
v 0.999902 1.951761 2.315621
v 1.214119 2.038206 2.001257
v 1.169655 2.258222 2.073393
v 1.195715 1.757562 2.120373
v 1.294460 1.784869 1.905524
v 1.036311 1.733206 2.270884
v 1.237701 1.498266 2.065506
v 1.386986 1.440358 1.753114
v 1.265762 1.257322 2.096143
v 1.421857 1.166409 1.847034
v 0.904264 2.355521 2.385929
v 1.012074 2.409654 2.265249
v 0.754555 2.301128 2.440962
v 0.802773 2.114314 2.432270
v 0.834574 2.529496 2.398216
v 0.934667 2.595684 2.286902
v 0.840657 1.913798 2.405590
v 0.870734 1.706282 2.375638
v 0.751709 2.675972 2.393081
v 0.654498 2.785603 2.389706
v 0.637694 2.080357 2.468261
v 0.669065 1.884177 2.452050
v 0.696979 1.681916 2.439508
v 0.496189 1.863276 2.479129
v 0.521045 1.661653 2.476322
v -2.082218 1.392370 -1.793791
v -2.219225 1.417673 -1.715623
v -2.162701 1.676269 -1.593697
v -2.145883 1.087265 -1.783380
v -2.278998 1.144968 -1.707493
v -1.934759 1.365342 -1.865293
v -2.002448 1.035182 -1.827232
v -1.784904 1.328411 -2.049243
v -1.913058 0.937028 -1.977934
v 1.439208 0.031270 -1.928102
v 1.576955 0.036444 -2.030571
v 1.702723 0.036520 -1.772808
v 1.525841 0.027796 -1.692739
v 1.307561 0.033157 -2.107192
v 1.400238 0.035373 -2.227851
v 1.272789 0.025716 -1.858735
v 1.223551 0.032513 -2.012028
v 1.319985 0.016358 -1.638855
v 1.778892 0.037731 -1.468020
v 1.579462 0.024753 -1.415176
v 1.869702 0.069772 -1.868731
v 1.705784 0.060570 -2.149875
v 1.353311 0.013557 -1.377056
v 1.969896 0.204433 -1.965262
v 1.601547 0.023607 -1.106243
v 1.594062 0.024333 -0.777599
v 1.559495 0.024290 -0.437280
v 1.274438 0.396101 2.580810
v 1.263715 0.277234 2.474225
v 1.372445 0.368664 2.318461
v 1.214240 0.531377 2.648631
v 1.465041 0.444162 2.086697
v 1.035610 0.611022 2.748409
v 1.038481 0.791904 2.725742
v 0.860805 0.783864 2.781405
v 0.874215 0.587325 2.786635
v 1.147388 0.631017 2.679794
v 1.072745 0.451653 2.731486
v 0.906631 0.405780 2.798883
v 0.945616 0.231992 2.752560
v 1.119113 0.298577 2.682462
v 0.966600 0.101386 2.621415
v 1.135296 0.174988 2.569301
v 0.693645 0.566171 2.816869
v 0.718399 0.377415 2.808555
v 0.678352 0.769090 2.831465
v 0.747474 0.207638 2.753412
v 0.485202 0.744332 2.821144
v 0.504646 0.542967 2.817990
v 0.521273 0.353415 2.832369
v 0.293074 0.717654 2.855072
v 0.300762 0.518187 2.847351
v -0.940449 3.734563 1.630698
v -0.962663 3.997981 1.449825
v 1.592276 0.033736 0.269876
v 1.502491 0.021760 -0.092523
v 1.431580 0.022313 0.248512
v 1.503134 0.048639 0.598964
v 1.352257 0.023492 0.577637
v 1.619383 0.116126 0.618268
v 1.174359 0.023033 0.553434
v 1.240704 0.022296 0.226462
v 1.297687 0.022478 -0.107893
v 1.424679 0.049177 0.910554
v 1.272784 0.025439 0.891551
v 1.538421 0.129817 0.925449
v 1.102835 0.022128 0.868726
v 0.912032 0.021409 0.843287
v 0.971980 0.022726 0.528199
v 1.024005 0.023126 0.203997
v 1.343760 0.053813 1.208054
v 1.192723 0.025447 1.191496
v 1.468641 0.137869 1.218515
v 1.027053 0.024631 1.171009
v 0.845042 0.022029 1.146473
v 0.642873 0.024130 1.117266
v 0.697970 0.021396 0.815236
v 0.744180 0.023426 0.501909
v 1.566018 0.256075 1.229684
v 1.507921 0.273986 1.509379
v 1.403508 0.145285 1.503830
v 1.625307 0.244956 0.946479
v 1.267763 0.059548 1.493395
v 1.111787 0.029403 1.478923
v 0.947710 0.022124 1.460291
v 0.771525 0.022281 1.435852
v 0.579289 0.026229 1.404637
v 0.367111 0.030017 1.368146
v 0.417804 0.018673 1.085060
v 0.459213 0.021885 0.786058
v 1.439552 0.286640 1.785991
v 1.325344 0.151987 1.775224
v 1.189266 0.057328 1.764267
v 1.028736 0.028624 1.751739
v 0.864601 0.020465 1.734171
v 0.692392 0.021192 1.708866
v 0.508871 0.026358 1.674031
v 0.309438 0.026488 1.631727
v 0.088635 0.026680 1.590829
v 0.131413 0.030896 1.332085
v 0.168094 0.024668 1.053234
v 1.359695 0.278208 2.042149
v 1.251296 0.143130 2.024997
v 1.105016 0.059135 2.015420
v 0.946462 0.023040 2.005316
v 0.780657 0.019874 1.988904
v 0.610626 0.020354 1.962218
v 0.434607 0.019524 1.921859
v 0.249202 0.019637 1.871644
v 0.048252 0.022152 1.825178
v -0.177467 0.028513 1.800660
v -0.158269 0.030626 1.563172
v -0.129024 0.032996 1.303586
v 1.183633 0.123335 2.238923
v 1.039854 0.042410 2.239312
v 1.290775 0.237658 2.253933
v 0.872697 0.018428 2.235257
v 0.702375 0.017871 2.222637
v 0.531056 0.017052 2.193592
v 0.359388 0.014305 2.146068
v 0.187778 0.017219 2.085104
v 0.013098 0.024863 2.029674
v -0.157456 0.038013 1.996618
v 1.136609 0.122342 2.416178
v 0.988445 0.052856 2.438207
v 1.237095 0.199482 2.389076
v 0.816524 0.021548 2.445106
v 0.636539 0.022027 2.435765
v 0.458225 0.016589 2.403201
v 0.777674 0.077181 2.630226
v 0.549792 0.182413 2.764370
v 0.587569 0.061208 2.625654
v 0.313620 0.328617 2.821331
v 0.343996 0.156562 2.743877
v 0.395345 0.050102 2.591425
v 0.125713 0.695508 2.775114
v 0.123822 0.509791 2.769704
v 0.126880 0.334146 2.741772
v 0.143418 0.161664 2.665571
v 0.210665 0.051724 2.521371
v 0.283985 0.020372 2.345397
v 0.029788 0.535515 2.601946
v 0.022578 0.372160 2.568298
v 0.030857 0.695398 2.626604
v 0.016658 0.217866 2.513049
v 0.072805 0.107415 2.403808
v 0.123897 0.020886 2.266034
v -0.026856 0.577836 2.441135
v -0.033341 0.415563 2.401654
v -0.039165 0.269724 2.354845
v -0.037210 0.148320 2.285865
v -0.012853 0.071104 2.179471
v -0.111784 0.311252 2.230211
v -0.128770 0.197423 2.182620
v -0.143510 0.102249 2.119610
v -1.254435 3.175793 -1.901937
v -1.305298 3.436097 -1.788202
v -1.154977 3.678721 -1.906612
v -1.128159 3.326536 -2.057966
v -1.418666 3.256039 -1.640002
v -0.941980 4.298117 -1.749153
v -1.022041 4.014306 -1.789761
v -1.187941 4.666208 -1.544462
v -1.091115 4.610586 -1.697781
v -0.968653 4.561980 -1.829177
v -1.249481 4.936817 -1.340370
v -1.175411 4.898086 -1.538780
v -1.072811 4.862235 -1.700471
v -0.945854 4.832369 -1.833004
v -1.238047 5.175648 -1.313267
v -1.157387 5.151155 -1.515997
v -1.048821 5.129977 -1.679039
v -0.921349 5.112629 -1.812040
v -1.149025 5.427647 -1.485309
v -1.037698 5.415293 -1.653686
v -1.230287 5.442932 -1.276149
v -0.903902 5.404862 -1.785006
v -1.126078 5.717768 -1.441698
v -0.930667 3.403121 -2.087396
v -0.735369 3.413681 -2.141271
v -0.505278 3.388048 -2.195264
v -1.584668 1.608474 1.594714
v -1.513808 1.434245 1.731417
v -1.470317 1.676854 1.842132
v -1.531985 1.761656 1.707152
v -1.705844 1.481471 1.462837
v -1.591006 1.296620 1.494717
v -1.707419 1.769540 1.611464
v -1.832003 1.701526 1.493425
v -1.620279 1.834335 1.672434
v -1.805228 1.352865 1.282928
v -1.864074 1.184293 1.071860
v -1.698338 1.162824 1.326427
v -1.993606 1.626008 1.287634
v -2.026252 1.365273 1.014263
v -1.604690 1.132830 1.583581
v -1.521934 1.200764 1.785455
v 1.448756 1.847555 1.737977
v 1.366075 2.093615 1.859339
v 1.551221 1.558541 1.569448
v 1.299519 2.318262 1.941027
v 1.494830 2.372941 1.902566
v 1.415555 2.614577 1.969473
v 1.217235 2.534658 1.992754
v 1.573982 2.141376 1.812390
v 1.081044 2.460265 2.107340
v 0.992025 2.652325 2.135624
v 0.877764 2.833256 2.143771
v 0.830210 2.758995 2.290720
v 1.487154 6.115780 -0.817062
v -0.410578 0.033967 1.284429
v -0.702917 0.033637 1.002830
v -0.399010 0.030077 1.010349
v -0.711464 0.034250 0.726453
v -0.397115 0.028743 0.727054
v -1.021989 0.030609 0.737302
v -0.728581 0.037603 0.443386
v -0.404376 0.028235 0.436544
v -1.046975 0.031461 0.460537
v -1.315855 0.029507 0.758670
v -1.346905 0.028764 0.485658
v -1.384737 0.028487 0.208169
v -1.078693 0.029798 0.179442
v -0.752653 0.035128 0.156257
v -1.425449 0.029251 -0.073676
v -1.114110 0.030241 -0.104252
v -0.781344 0.033882 -0.132526
v -1.149055 0.029877 -0.388566
v -0.811737 0.032537 -0.420597
v -1.462606 0.027695 -0.358648
v -1.179929 0.026818 -0.671099
v -0.840729 0.029464 -0.705719
v -1.493873 0.023154 -0.643225
v -1.203279 0.014077 -0.947819
v -0.865195 0.015844 -0.985450
v -1.514605 0.018785 -0.922833
v -1.610887 0.088794 0.513336
v -1.653760 0.076915 0.237888
v -1.699531 0.056029 -0.046089
v -1.741121 0.042008 -0.336871
v -1.770313 0.026929 -0.629915
v -1.790626 0.020308 -0.917778
v -1.789109 0.017409 -1.199636
v -1.520225 0.013335 -1.192163
v -1.216774 0.014384 -1.215685
v -1.755079 0.015996 -1.464206
v -1.507444 0.009005 -1.442917
v -1.219909 0.010020 -1.468434
v -1.475998 0.015719 -1.663015
v -1.217333 0.015439 -1.698299
v -1.679267 0.015342 -1.703058
v -1.432767 0.018194 -1.824326
v -1.228510 0.020323 -1.894659
v -1.846101 0.224997 0.253924
v -1.910087 0.187736 -0.034149
v -1.970886 0.154900 -0.329653
v -1.986691 0.133502 -0.632377
v -2.010592 0.106732 -0.936777
v -1.999165 0.099112 -1.237369
v -1.969521 0.061263 -1.520183
v -1.939368 0.440335 0.248448
v -2.009672 0.388527 -0.049486
v -2.061015 0.345793 -0.352876
v -2.089363 0.315382 -0.662765
v -2.114962 0.291579 -0.980223
v 0.508383 6.048978 1.935052
v 0.430715 6.202229 1.941340
v 0.336934 6.335463 1.946914
v 0.266788 5.257724 2.154025
v -2.130782 2.785430 0.446452
v -2.172026 2.228990 0.529273
v -2.128504 2.465254 0.610516
v -2.107680 2.710031 0.655920
v -2.214239 1.867294 0.588521
v -2.166963 2.103799 0.725593
v -2.124755 2.356649 0.822165
v -2.096120 2.616810 0.879315
v -2.212435 1.710100 0.760795
v -2.162601 1.959759 0.923229
v -2.093273 2.229052 1.033761
v -2.195071 1.523524 0.927368
v -2.148699 1.803275 1.112181
v -2.091685 2.105280 1.240704
v -2.039122 1.999353 1.434027
v 1.787886 1.314866 -2.205140
v 1.749429 1.586866 -2.119843
v 1.893854 0.638534 -2.085788
v -1.772346 0.269316 -2.232852
v -1.723454 0.455184 -2.275973
v -1.675465 0.633643 -2.319554
v -1.470883 0.725394 -2.527812
v -1.698580 0.782693 -2.428402
v 1.754958 2.268914 -1.127946
v 1.760909 2.208401 -1.007174
v 1.732889 2.364562 -0.944185
v 1.731779 2.414667 -1.069021
v 1.708793 2.509583 -0.897999
v 1.734931 2.495284 -0.769211
v 0.107178 2.173175 -2.522072
v 0.447739 2.196348 -2.535104
v 0.773280 2.206870 -2.468884
v 0.485481 1.903256 -2.607282
v 0.133416 1.875012 -2.593288
v 0.822216 1.918869 -2.543276
v 1.010021 2.501601 -2.328969
v 1.074371 2.218939 -2.401749
v 1.126899 1.930143 -2.469762
v 1.267006 2.505781 -2.238494
v 1.330818 2.222805 -2.304311
v 1.385641 1.932867 -2.374116
v 1.390862 2.755095 -2.032567
v 1.488730 2.502067 -2.108155
v 1.551274 2.218524 -2.183959
v 1.605044 1.922674 -2.247791
v -1.638736 1.134916 -2.386137
v -1.619967 0.939934 -2.475766
v -1.784458 1.002077 -2.267584
v -1.443741 1.170736 -2.513261
v -1.458694 0.919337 -2.567155
v -1.619065 1.450910 -2.254221
v -1.410971 1.482983 -2.401714
v -1.164428 1.484874 -2.525065
v -0.859035 1.473767 -2.568981
v 1.668508 0.250420 0.641356
v 1.697820 0.494413 1.280026
v 1.648915 0.382448 1.251932
v 1.608377 0.412554 1.514197
v 1.683995 0.561191 1.484767
v -1.500943 1.956573 1.764596
v -1.633417 1.986587 1.730517
v -1.432863 1.899830 1.906273
v -1.486104 2.175183 1.832373
v -1.635048 2.204537 1.793536
v -1.391748 2.124785 1.951590
v -1.383495 1.634929 2.021033
v -1.368487 1.856497 2.070824
v -1.391052 1.422643 1.969939
v -1.333114 2.085556 2.114177
v -1.297217 2.320614 2.129210
v -1.349070 2.355425 1.975985
v -1.479400 2.405622 1.889260
v -1.313817 2.584725 1.983024
v -1.435825 2.651638 1.898009
v -1.246753 2.546490 2.121551
v -0.740872 2.970317 2.226361
v -0.572708 2.952538 2.242907
v -0.419094 2.909963 2.227653
v -0.300952 2.839717 2.180901
v -0.246032 2.997707 2.062972
v -0.790752 2.758412 2.338816
v -0.620033 2.748720 2.373407
v -0.905799 2.973225 2.167856
v -0.966317 2.768911 2.302779
v -0.452570 2.720382 2.352722
v -0.329611 2.672127 2.280458
v -1.108190 2.760275 2.215202
v -1.193234 2.750449 2.087538
v -1.144363 2.533126 2.250643
v -1.048013 2.948761 2.082797
v -1.127174 2.884835 2.022783
v -0.988380 2.525834 2.333432
v -0.814906 2.519649 2.367018
v -0.642987 2.514085 2.398530
v -0.476255 2.504557 2.408989
v -0.344765 2.480086 2.329910
v -1.171238 2.296570 2.251553
v -1.006741 2.285319 2.331138
v -0.829582 2.282567 2.379657
v -0.652830 2.282660 2.410827
v -0.485505 2.280963 2.410578
v -0.343784 2.274061 2.349729
v -1.020995 2.050186 2.317139
v -0.839205 2.049776 2.381227
v -1.191831 2.060240 2.230011
v -0.657542 2.053328 2.420282
v -0.486546 2.057319 2.436207
v -0.349552 2.056655 2.361018
v -0.847855 1.824485 2.374327
v -0.662984 1.826894 2.424337
v -1.034816 1.824230 2.299291
v -0.485734 1.829700 2.433673
v -0.342625 1.830033 2.377155
v -0.671957 1.608939 2.407652
v -0.498111 1.602811 2.428503
v -0.854488 1.612007 2.349876
v -0.351575 1.597115 2.377468
v -0.523811 1.382935 2.397184
v -0.382079 1.358980 2.361017
v -0.687667 1.404563 2.373255
v -1.170836 2.981569 1.904859
v -1.265570 2.800458 1.971357
v 2.093538 1.561433 -1.482049
v 2.177256 1.706851 -1.252187
v 2.223706 1.550243 -1.432414
v 2.240952 1.829348 -0.990591
v 2.279155 1.663284 -1.168938
v 2.320838 1.495327 -1.329262
v 2.305628 1.765191 -0.875940
v 2.333679 1.591313 -1.053536
v 2.361191 1.421737 -1.200987
v 2.286780 1.867119 -0.541086
v 2.315634 1.673218 -0.731526
v 2.329376 1.501745 -0.911678
v 2.352646 1.342973 -1.053987
v 2.087017 3.232841 -0.256879
v -1.846274 0.034594 -1.785548
v -2.114349 0.274943 -1.306813
v -2.073965 0.221914 -1.612287
v -1.961742 0.153318 -1.892573
v -2.093445 0.434207 -1.729257
v -2.268506 1.506245 -0.546524
v -2.277574 1.578386 -0.718307
v -2.299444 1.395885 -0.838878
v -2.271059 1.672010 -0.398020
v -2.271514 1.764577 -0.567066
v -2.246041 1.954597 -0.408077
v -2.247003 2.049530 -0.569824
v -2.271435 1.849876 -0.733826
v -2.247920 2.255565 -0.416943
v -2.293285 1.652790 -0.890363
v -2.317079 1.458041 -1.022625
v -2.330250 1.270285 -1.118680
v -2.274781 2.135328 -0.710358
v -2.283106 1.929145 -0.880996
v -2.290009 1.726969 -1.051281
v -2.304578 1.525699 -1.195446
v -2.314804 1.335279 -1.298810
v -2.352157 1.099713 -1.187056
v -2.363663 1.178800 -1.372202
v -2.273347 1.799494 -1.192217
v -2.296957 1.592069 -1.349795
v -2.238808 1.994836 -1.000239
v -2.322247 1.395708 -1.450105
v -2.346045 1.253754 -1.488524
v -2.370213 1.049309 -1.458509
v -2.318468 0.928235 -1.544485
v -2.180802 0.857765 -1.590655
v -2.331160 1.206640 -1.588167
v 1.340157 0.024206 -0.442882
v 1.364262 0.024836 -0.770892
v 1.065641 0.023272 -0.124717
v 1.093970 0.025410 -0.451711
v 1.107871 0.026272 -0.770472
v 0.781038 0.024287 0.181194
v 0.807564 0.024861 -0.142085
v 0.822798 0.032733 -0.462361
v 0.827066 0.034595 -0.774772
v 0.822847 0.017383 -1.074333
v 1.108184 0.017189 -1.074983
v 1.368517 0.012560 -1.084594
v 0.490882 0.024255 0.476375
v 0.512901 0.026704 0.160430
v 0.525367 0.027933 -0.156983
v 0.528562 0.029508 -0.471177
v 0.523967 0.030131 -0.778156
v 0.514713 0.017237 -1.074952
v 0.813768 0.019206 -1.358518
v 1.097351 0.016693 -1.360297
v 0.504847 0.019476 -1.359477
v 0.195468 0.023988 0.759111
v 0.212951 0.024974 0.454799
v 0.221162 0.026510 0.145013
v 0.220975 0.026266 -0.165770
v 0.213490 0.028969 -0.473630
v 0.200889 0.034628 -0.775598
v 0.186347 0.019869 -1.069521
v 0.173476 0.017176 -1.353525
v -0.105605 0.028934 1.027446
v -0.091639 0.026279 0.738476
v -0.087280 0.024606 0.440672
v -0.091446 0.025797 0.138121
v -0.102731 0.026696 -0.165285
v -0.119304 0.029617 -0.466402
v -0.138925 0.031891 -0.762683
v -0.158473 0.021890 -1.052637
v -0.175144 0.020123 -1.334530
v 0.165079 0.017767 -1.624540
v 0.497889 0.018958 -1.628342
v -0.187217 0.017690 -1.604958
v -0.419261 0.031683 0.141845
v -0.439898 0.040981 -0.153890
v -0.464189 0.037463 -0.448261
v -0.489415 0.031885 -0.738673
v -0.512647 0.021689 -1.023380
v -0.531823 0.019772 -1.301044
v -0.546421 0.017781 -1.567746
v -0.883558 0.014501 -1.257630
v -0.895963 0.011773 -1.517938
v -0.907004 0.021540 -1.759516
v -0.559047 0.024194 -1.817689
v -0.195216 0.027070 -1.858624
v -0.928392 0.023311 -1.975557
v -1.120947 3.679845 1.699587
v -1.107792 3.356354 1.774237
v -1.129776 3.985522 1.529558
v -1.293940 3.253571 1.889310
v -1.296138 3.668047 1.808366
v -0.451643 0.942618 2.574580
v -0.513444 0.801152 2.682295
v -0.455892 0.731174 2.612430
v -0.399585 0.786073 2.528605
v -0.589369 1.058763 2.612438
v -0.643327 0.883049 2.757897
v -0.396253 1.087266 2.411260
v -0.563127 1.170568 2.430879
v -0.344991 0.845353 2.404667
v -0.692324 0.671978 2.807504
v -0.549472 0.635899 2.728797
v -0.836404 0.915628 2.733467
v -0.882984 0.702837 2.778656
v -0.777269 1.071864 2.574911
v -0.465864 0.609601 2.619620
v -0.908176 0.499921 2.786595
v -0.720882 0.483063 2.802262
v -1.054929 0.947878 2.695527
v -2.111819 3.098948 -0.482709
v -2.079373 3.068108 -0.608418
v -2.118494 3.140706 -0.329631
v -2.014321 3.039189 -0.704782
v -1.942700 3.014172 -0.788654
v -1.852827 2.990148 -0.853454
v -1.757072 2.963123 -0.909786
v -1.665351 2.936205 -0.967022
v -1.625819 2.872857 -1.049519
v -1.643646 2.809089 -1.118950
v -1.665077 2.712597 -1.096353
v -1.980814 3.787752 -0.807879
v -2.037361 3.584404 -0.709907
v -2.010210 3.662709 -0.518524
v -1.911761 3.864392 -0.591970
v -2.003230 3.698921 -0.997729
v -2.037927 3.499611 -0.877294
v -1.965441 3.988444 -0.875350
v -1.949208 3.890560 -1.080192
v -1.931227 4.069961 -0.633301
v -1.883022 4.247872 -0.658879
v -1.903422 4.159377 -0.909341
v -1.899545 4.073277 -1.117756
v -1.825411 4.399121 -0.676919
v -1.840008 4.309381 -0.931829
v -1.866465 4.219318 -1.108922
v -2.061772 3.411168 -0.426966
v -2.069338 3.350255 -0.594674
v -2.093831 3.207929 -0.165652
v -2.045084 3.468398 -0.241274
v -1.974651 3.709898 -0.303024
v -1.889903 3.926749 -0.346233
v -1.910863 4.136923 -0.366402
v -1.871149 4.317685 -0.372052
v -1.798596 4.461760 -0.373406
v -2.083460 3.251678 0.012104
v -2.048188 3.505747 -0.034998
v -1.951804 3.735474 -0.068282
v -1.884044 3.957404 -0.081903
v -1.901549 4.168010 -0.075813
v -1.831273 4.338543 -0.063855
v -1.776250 4.489325 -0.044423
v -2.040101 3.508147 0.190955
v -1.946902 3.733932 0.181134
v -2.072898 3.262936 0.215390
v -1.885481 3.950928 0.192184
v -1.894837 4.163234 0.225105
v -1.814506 4.325589 0.257902
v -2.049943 3.242622 0.436757
v -2.022371 3.478992 0.431378
v -1.944927 3.699376 0.439674
v -1.882649 3.906413 0.470974
v -1.873242 4.105160 0.523612
v -1.793333 4.265797 0.578612
v -1.953554 3.637830 0.699786
v -1.886856 3.830770 0.744328
v -2.005285 3.421711 0.680317
v -1.853931 4.012138 0.813796
v -1.768207 4.163674 0.887778
v -1.992184 3.342739 0.930715
v -1.933028 3.546687 0.947692
v -1.899555 3.731965 0.998189
v -1.836768 3.884418 1.079525
v -1.861235 3.604373 1.211633
v -1.802816 3.716464 1.298743
v -1.905253 3.443333 1.174991
v -1.876764 3.358544 1.370332
v -1.855948 3.503220 1.357730
v -1.824260 3.538443 1.461475
v -2.092514 3.043694 0.246384
v -2.076719 3.008899 0.449143
v -2.028468 2.941571 0.668292
v -2.020986 3.188270 0.672243
v -1.991740 3.107938 0.913409
v 1.552834 0.444508 1.801716
v 1.651556 0.635124 1.790458
v 2.057678 3.526693 -1.126566
v 2.079586 3.414026 -1.000999
v 2.025305 3.330624 -1.085081
v 2.019675 3.453105 -1.216578
v 2.062732 3.618672 -1.055988
v 2.052712 3.509766 -0.905171
v 2.039263 3.601372 -1.214951
v 2.036274 3.690070 -1.191990
v 2.007324 3.573676 -1.311354
v 2.087436 3.286862 -0.845236
v 2.068110 3.389136 -0.736876
v 2.098600 3.250670 -0.565590
v 2.103219 3.142379 -0.688961
v 2.076859 3.516702 -0.631630
v 2.081482 3.389218 -0.441852
v 2.037178 3.624784 -0.814729
v -1.838816 3.066600 1.737174
v -1.863948 2.800596 1.729580
v -1.748115 2.752189 1.845586
v -1.719416 3.032581 1.852157
v -1.866794 3.098033 1.563592
v -1.910569 2.853950 1.567658
v -1.790658 3.327100 1.687395
v -1.843321 3.327942 1.536102
v -1.690700 3.330106 1.826301
v -1.595273 2.707259 1.881127
v -1.558689 2.988951 1.900971
v -1.517127 3.310293 1.884671
v -1.394002 2.915919 1.922455
v -1.970320 2.594847 1.551277
v -1.905325 2.532759 1.711427
v -1.773175 2.485921 1.799075
v -1.622652 2.448929 1.841126
v -1.782514 2.225353 1.745423
v -1.923486 2.254340 1.658074
v -1.906264 1.971179 1.581306
v -1.765310 1.980339 1.675660
v -2.025772 2.311402 1.510095
v 1.528431 0.999606 1.536326
v 1.629841 0.849631 1.682058
v 1.547625 1.164225 1.395989
v 0.038592 2.579675 2.432417
v -0.054000 2.249285 2.360020
v -0.058604 2.049097 2.361104
v -0.051403 2.428144 2.355476
v -0.114938 2.266372 2.263981
v -0.136504 2.054930 2.267678
v -0.143366 1.830865 2.264465
v -0.135692 1.605385 2.245747
v -0.150609 1.367277 2.209260
v -0.159221 1.098038 2.242011
v -0.256010 1.598866 2.277022
v -0.266825 1.356949 2.282496
v -0.255560 1.833338 2.279321
v -0.290617 1.105253 2.281973
v 0.004288 3.049838 2.090151
v -0.115801 2.910525 2.092969
v -0.027682 2.873182 2.205675
v 0.073149 2.975626 2.190443
v 0.030521 2.840739 2.311702
v -0.388320 8.335750 0.533307
v -0.341644 8.244164 0.709858
v -0.494726 8.237911 0.764300
v -1.416421 1.232695 1.994968
v -1.366220 1.121936 2.294749
v -1.269505 1.239834 2.166997
v -1.223796 1.420403 2.118818
v -1.171607 1.096071 2.423585
v -1.080747 1.215663 2.282628
v -1.041397 1.414232 2.230916
v -0.975434 1.093688 2.524214
v -0.908201 1.232175 2.381050
v -0.861888 1.415350 2.315859
v -0.727554 1.211766 2.408795
v -1.223897 1.618089 2.160469
v -1.209859 1.832983 2.194757
v -1.040930 1.612458 2.267028
v -1.100327 2.213345 -2.329809
v -1.141682 1.844209 -2.422953
v -1.375275 1.856470 -2.304812
v -1.554939 1.855096 -2.119297
v -0.865923 1.825609 -2.466254
v -0.188101 2.772842 2.161013
v -0.077874 2.739395 2.223686
v -0.224662 2.631812 2.231399
v -0.106781 2.593426 2.245234
v -0.042278 2.586541 2.345430
v -0.025255 2.726481 2.334385
v 0.058280 2.711816 2.408969
v 0.074984 2.804725 2.385850
v -0.254043 2.457988 2.242103
v -0.138924 2.442021 2.278090
v -0.241589 2.269290 2.244026
v -0.249863 2.059221 2.271165
v -0.291905 0.869202 2.278452
v -0.341890 0.648892 2.387044
v -0.284285 0.660661 2.276043
v -0.160649 0.860792 2.215595
v -0.203980 0.656054 2.208287
v -0.394914 0.623858 2.508864
v -0.405133 0.467441 2.496588
v -0.346567 0.477746 2.369997
v -0.297517 0.485514 2.237030
v -0.475981 0.462177 2.619262
v -0.093024 0.623192 2.300849
v -0.075169 0.820285 2.334059
v -0.202872 0.475267 2.207534
v -0.097367 0.453747 2.253778
v -0.310384 0.337155 2.227428
v -0.214232 0.333020 2.186627
v -0.240177 0.215158 2.164572
v -0.021307 0.750070 2.479389
v -2.082121 3.290428 -0.742393
v -2.044698 3.225133 -0.862476
v -1.970605 3.171588 -0.957163
v -1.870071 3.135282 -1.020932
v -1.762184 3.101374 -1.066555
v -1.665326 3.051776 -1.108334
v -1.614202 2.961636 -1.166292
v -2.033300 3.410687 -1.026548
v -1.977515 3.331982 -1.143182
v -1.869415 3.278305 -1.210287
v -1.753636 3.226916 -1.250604
v -1.648290 3.160159 -1.275460
v -1.591951 3.045397 -1.316198
v -1.997159 3.608934 -1.168693
v -1.972356 3.516932 -1.320917
v -1.858019 3.435517 -1.408116
v -1.724768 3.364054 -1.446133
v -1.594107 3.282806 -1.446532
v -1.958276 3.818839 -1.272195
v -1.934015 3.740125 -1.452367
v -1.824893 3.642195 -1.581806
v -1.674836 3.539464 -1.631013
v -1.898873 4.043082 -1.305336
v -1.849355 4.010719 -1.493656
v -1.739570 3.911554 -1.659905
v -1.584030 3.775551 -1.746904
v -1.842824 4.270178 -1.225495
v -0.567296 0.467458 2.736777
v -0.586312 0.316009 2.719616
v -0.611933 0.200636 2.666260
v -0.734742 0.313261 2.783521
v -0.911992 0.317282 2.762757
v -0.561527 1.842891 -2.570576
v -0.539678 1.516002 -2.627235
v -0.482777 1.237144 -2.706697
v -0.899956 0.166572 2.702057
v -0.736589 0.178629 2.717503
v -0.865763 0.064565 2.602122
v -0.727657 0.092316 2.621261
v -0.628607 0.120442 2.622559
v -0.681391 0.062925 2.510363
v -0.810507 0.028124 2.477509
v -1.883926 3.153981 1.371997
v -1.773353 3.588323 1.592830
v -1.675990 3.636492 1.722134
v -1.506583 3.663120 1.805549
v -1.747105 3.818337 1.412432
v -1.667755 3.923311 1.536172
v -1.504191 3.987389 1.616802
v -1.303728 4.006339 1.620464
v -2.045146 2.869786 0.905036
v -2.030271 2.772519 1.137358
v -1.954117 3.013303 1.148182
v -1.942672 3.243001 1.163277
v -1.929984 2.923846 1.370859
v -2.082423 2.509388 1.100722
v -2.027997 2.397459 1.308975
v -1.999197 2.675501 1.355840
v 1.868785 2.823168 1.306139
v -2.091031 0.758410 -1.685558
v -2.301614 1.418867 -1.590597
v -2.015913 0.664916 -1.868143
v 2.380129 1.249175 -1.296512
v 2.356676 1.126550 -1.495633
v 2.357167 1.317678 -1.447484
v 2.250126 1.353729 -1.552948
v -1.832754 0.769876 -2.155423
v -1.910728 0.552683 -2.075796
v -1.975989 0.346896 -1.996500
v 2.043198 3.729151 -0.982323
v 1.998350 3.709300 -1.340472
v 1.924168 3.382390 -1.302873
v 1.920393 3.520288 -1.426630
v 1.731323 2.471046 -1.199761
v 1.698322 2.704206 -1.288256
v 1.707109 2.630088 -1.144860
v 1.709519 2.561366 -1.016486
v 1.935141 1.750029 1.382136
v 1.755290 1.635178 1.493118
v 1.684195 1.277234 1.293587
v -1.525771 3.430483 -1.620173
v -1.429470 3.628139 -1.752468
v 1.996122 0.585732 -1.883950
v -1.798931 4.430192 -0.993445
v -1.774122 4.532567 -0.698755
v -1.742310 4.593998 -0.373691
v -1.707183 4.616472 -0.031973
v -1.596400 4.678605 -0.028371
v -1.646884 4.591011 0.318135
v -1.523788 4.633071 0.317642
v -1.732790 4.465258 0.292340
v -1.703825 4.405460 0.630545
v -1.587084 4.514746 0.663986
v -1.448229 4.544868 0.662492
v -1.672043 4.300903 0.959658
v -1.538559 4.397169 1.005487
v -1.377253 4.424815 1.003748
v -1.226717 4.405993 0.965910
v -1.100121 4.372142 0.911092
v -1.744444 4.011852 1.169254
v -1.663929 4.147125 1.266305
v -1.510895 4.234568 1.335216
v -1.322453 4.270570 1.341258
v -1.154856 4.232685 1.275972
v -1.011181 4.210102 1.201725
v -0.972215 4.411392 0.876617
v -0.856118 4.290615 1.164673
v 1.942800 0.410235 -2.046219
v 1.773303 0.378562 -2.291990
v 1.729757 0.558295 -2.320837
v 1.792507 0.192227 -2.253522
v -1.525002 3.129920 -1.484303
v -1.620265 2.882672 -1.369989
v -1.642730 2.841126 -1.218387
v -1.550879 2.928388 -1.549453
v 1.307618 7.724675 -1.319868
v 1.240169 7.830769 -1.572383
v 1.273772 7.644539 -1.506055
v 1.170487 7.725294 -1.726646
v 1.106841 7.866982 -1.796190
v 1.204702 7.556810 -1.656386
v 1.838395 2.658359 1.449886
v 1.797742 2.538513 1.641436
v 1.862847 2.347824 1.529568
v 1.906295 2.510455 1.331822
v 1.922449 2.144253 1.376191
v 1.971556 2.345764 1.167417
v 1.630247 2.678117 1.891552
v 1.692047 2.442859 1.819417
v 1.768799 2.224984 1.718058
v 0.453766 8.225422 -0.119998
v 0.178421 5.214664 2.273958
v 1.663868 1.356204 -2.369852
v 1.636503 1.628449 -2.307789
v 1.429379 1.644231 -2.437632
v 1.462703 1.371687 -2.497715
v 1.203808 1.371009 -2.589524
v 1.177224 1.648097 -2.550608
v 0.901937 1.368164 -2.680347
v 0.862977 1.631996 -2.607536
v 0.553172 1.342266 -2.720978
v 0.520863 1.617179 -2.675165
v 0.185656 1.320666 -2.743337
v -0.162064 1.284911 -2.717293
v -1.211762 5.730510 -1.228549
v -1.192916 6.029773 -1.178722
v -1.109058 6.013996 -1.398683
v -1.167592 6.331178 -1.133064
v -1.090760 6.307692 -1.361658
v -1.073219 6.591835 -1.337919
v 1.502910 0.533220 -2.479492
v 1.845903 1.995918 1.576470
v 1.658909 1.898223 1.682303
v -1.074586 4.697109 0.634971
v -0.885539 4.564914 0.883876
v -0.736513 4.451652 1.133246
v 1.255242 0.360094 -2.601321
v 1.535248 0.365093 -2.478755
v 1.552087 0.196269 -2.466590
v 1.257553 0.194811 -2.588809
v 0.942449 0.356181 -2.673995
v 0.944304 0.211187 -2.648828
v 0.595832 0.348195 -2.722833
v 0.600757 0.209477 -2.710022
v 0.210476 0.202440 -2.729376
v 0.211410 0.338966 -2.740555
v -0.215624 0.200162 -2.700919
v 1.493264 0.056692 -2.374548
v 1.228127 0.079790 -2.494677
v 0.927778 0.088102 -2.575577
v 0.591118 0.096841 -2.618599
v 0.207709 0.088041 -2.636793
v 1.169278 0.041927 -2.354019
v 0.893101 0.044633 -2.433435
v 0.567827 0.043221 -2.477778
v 1.104689 0.036035 -2.208251
v 0.848043 0.036850 -2.268924
v 1.055272 0.034450 -2.046700
v 1.078564 0.018594 -1.621034
v 1.058085 0.026162 -1.851318
v 0.803711 0.019388 -1.623483
v 0.798281 0.025146 -1.865275
v 0.809068 0.031924 -2.080546
v 0.497460 0.030068 -1.877512
v 0.509180 0.030580 -2.103312
v 0.162641 0.027290 -1.877684
v 0.167804 0.029262 -2.108470
v -0.200804 0.030364 -2.090089
v -0.575405 0.027696 -2.044483
v -0.627176 0.043063 -2.415104
v -0.599888 0.030187 -2.243903
v -0.209218 0.042802 -2.471458
v -0.205148 0.032348 -2.295363
v 0.196401 0.038873 -2.490129
v 0.181376 0.032027 -2.313528
v 0.536518 0.033395 -2.303524
v -0.213600 0.085883 -2.620491
v 1.135824 5.120923 0.434231
v 0.163452 1.585876 -2.658822
v -0.202008 1.557087 -2.670074
v -0.224355 1.861899 -2.612070
v 1.043529 0.997443 2.663858
v -1.663309 2.688970 -1.391475
v -1.607756 2.676269 -1.583593
v -1.670596 2.695720 -1.224104
v -2.221051 1.860846 -1.308954
v -2.257448 1.644778 -1.484048
v 0.835987 7.080231 -1.809952
v 0.687592 7.095159 -1.867610
v 0.971134 7.081603 -1.738341
v 0.519942 7.115337 -1.906318
v 0.826892 6.836078 -1.830694
v 0.662388 6.837696 -1.896519
v 0.979411 6.844440 -1.751556
v 0.481507 6.841507 -1.937241
v 0.988072 6.583599 -1.760063
v 0.827561 6.572229 -1.849541
v 0.651934 6.566290 -1.917032
v 0.997160 6.307858 -1.768641
v 0.831800 6.295020 -1.863842
v 1.334769 7.510005 -1.253270
v 1.281176 7.435452 -1.434681
v 1.192507 7.369550 -1.573493
v 1.092745 7.313129 -1.678910
v 1.359801 7.270118 -1.180708
v 1.298068 7.201264 -1.375997
v 1.205359 7.147194 -1.529704
v 1.095417 7.105247 -1.648351
v 1.377438 6.997414 -1.113285
v 1.315076 6.940351 -1.331893
v 1.419261 6.394710 -1.074637
v 1.396309 6.698191 -1.083780
v 1.333145 6.659385 -1.307859
v 1.351729 6.367306 -1.298713
v 1.441163 6.091487 -1.072966
v 1.373590 6.070503 -1.300660
v 1.279960 6.052341 -1.495779
v 1.261892 6.343719 -1.489901
v 1.246922 6.627281 -1.495068
v 1.144851 6.324181 -1.647732
v 1.130998 6.602004 -1.645293
v 1.156628 6.036319 -1.656025
v -0.812599 4.526876 -1.935326
v -0.792685 4.808822 -1.938235
v -0.615475 4.790460 -2.011818
v -0.770447 5.098079 -1.914794
v -0.596194 5.085133 -1.985397
v -0.404378 5.073690 -2.030479
v -0.753344 5.396053 -1.888617
v -0.581155 5.386789 -1.961521
v -0.391750 5.377939 -2.008789
v -0.980978 6.568898 -1.527922
v -0.965114 6.830026 -1.515087
v 1.229656 6.897364 -1.508069
v 1.115449 6.865252 -1.646221
vn -0.4340 -0.2078 0.8766
vn -0.4543 -0.2808 0.8454
vn -0.6347 -0.2004 0.7463
vn -0.5459 -0.1613 0.8222
vn -0.6155 -0.1391 0.7758
vn -0.7554 -0.1467 0.6386
vn -0.7441 -0.3257 0.5833
vn -0.5756 -0.5035 0.6443
vn -0.4974 -0.6596 0.5634
vn -0.4750 -0.8798 -0.0207
vn -0.8315 -0.5520 0.0629
vn -0.8791 -0.4287 0.2083
vn -0.2123 -0.4043 0.8897
vn -0.2872 -0.1654 0.9435
vn -0.3590 0.4597 0.8123
vn -0.4596 0.3865 0.7996
vn -0.5557 0.3857 0.7365
vn -0.3478 -0.7580 0.5518
vn -0.1764 -0.9834 0.0418
vn -0.0622 -0.1637 0.9846
vn -0.1461 0.4305 0.8907
vn -0.1504 0.4991 0.8534
vn -0.2786 0.5310 0.8003
vn -0.3901 0.5954 0.7024
vn -0.0219 -0.4048 0.9141
vn 0.0016 -0.8090 0.5878
vn 0.1071 -0.9895 0.0968
vn 0.1306 -0.3988 0.9077
vn 0.2465 -0.2006 0.9482
vn 0.2007 0.4218 0.8842
vn 0.2136 -0.7470 0.6295
vn 0.5403 -0.8321 0.1254
vn 0.4295 -0.2555 0.8662
vn 0.4700 -0.3558 0.8078
vn 0.5106 -0.3676 0.7773
vn 0.7699 -0.5789 0.2687
vn 0.3816 -0.0363 -0.9236
vn 0.4769 0.2666 -0.8376
vn 0.4630 0.2669 -0.8452
vn 0.2546 -0.0677 -0.9647
vn 0.0603 0.1859 -0.9807
vn 0.2054 0.4184 -0.8847
vn 0.3012 0.6424 -0.7047
vn 0.5527 0.5326 -0.6410
vn 0.5516 0.5129 -0.6578
vn 0.3323 -0.3577 -0.8727
vn 0.0597 -0.1571 -0.9858
vn -0.1211 0.1234 -0.9849
vn 0.2680 0.3056 -0.9137
vn 0.2635 0.1204 -0.9571
vn 0.1461 -0.1391 -0.9794
vn 0.5577 -0.2764 0.7826
vn 0.4881 -0.0921 0.8679
vn 0.3124 -0.1006 0.9446
vn 0.4988 -0.1667 0.8505
vn 0.4470 0.0437 0.8935
vn 0.1963 0.0756 0.9776
vn -0.0087 0.4219 0.9066
vn 0.0422 0.4413 0.8964
vn 0.2088 0.5157 0.8310
vn 0.8918 0.0868 0.4440
vn 0.9201 0.1808 0.3474
vn 0.9597 0.0385 0.2784
vn 0.9243 0.1205 0.3621
vn 0.9324 0.1220 0.3403
vn 0.9239 0.1281 0.3607
vn 0.8995 0.2392 0.3656
vn 0.9518 0.1381 0.2739
vn 0.9260 0.1624 0.3408
vn 0.8867 0.1927 0.4203
vn 0.9285 0.2541 0.2709
vn 0.9672 0.1128 0.2274
vn 0.8787 0.1131 0.4638
vn 0.9445 0.1790 0.2753
vn 0.9136 0.2962 0.2785
vn 0.7095 0.2296 0.6663
vn 0.6740 0.1170 0.7294
vn 0.5932 0.0559 0.8031
vn 0.9898 0.1023 0.0994
vn 0.9907 0.1187 0.0666
vn 0.9844 0.0740 0.1593
vn 0.9904 0.0325 0.1340
vn 0.9829 0.0937 0.1584
vn 0.9761 0.0352 0.2145
vn 0.9696 0.0671 0.2353
vn 0.9745 0.1502 0.1665
vn 0.9749 0.1581 0.1568
vn 0.9936 0.0508 0.1005
vn 0.9889 0.0984 0.1110
vn 0.9883 0.0605 0.1397
vn 0.9946 -0.0146 0.1023
vn 0.9907 0.0842 0.1068
vn 0.9916 0.0623 0.1137
vn 0.9875 0.1101 0.1127
vn 0.9940 -0.0118 0.1085
vn 0.9882 0.0690 0.1366
vn 0.9893 0.0943 0.1113
vn 0.9966 0.0644 0.0510
vn 0.9980 0.0183 0.0606
vn 0.9613 0.0478 0.2713
vn 0.9593 0.0228 0.2816
vn 0.9771 0.0172 0.2122
vn 0.9809 -0.0661 0.1829
vn 0.9870 0.0185 0.1599
vn 0.9904 0.0320 0.1346
vn 0.9924 -0.0748 0.0973
vn 0.8805 -0.3436 0.3265
vn 0.8523 -0.3190 0.4146
vn 0.8643 -0.2384 0.4429
vn 0.9091 -0.3366 0.2455
vn 0.8723 -0.4536 0.1825
vn 0.6424 -0.4801 0.5974
vn 0.6879 -0.5283 0.4977
vn 0.7204 -0.5631 0.4049
vn 0.7700 -0.5673 0.2920
vn 0.7620 -0.6163 0.1988
vn 0.8428 -0.4457 0.3017
vn 0.7759 -0.4761 0.4138
vn 0.6935 -0.4910 0.5273
vn 0.8429 -0.2742 0.4630
vn 0.8229 -0.3769 0.4252
vn 0.8782 -0.3502 0.3258
vn 0.5680 -0.7713 0.2872
vn 0.2325 -0.9620 0.1429
vn 0.2659 -0.9496 0.1663
vn 0.5924 -0.6782 0.4348
vn 0.2354 -0.7092 0.6645
vn 0.1090 -0.9647 0.2396
vn 0.0290 -0.9995 0.0156
vn 0.0640 -0.9980 0.0015
vn 0.0689 -0.9974 0.0225
vn 0.7621 -0.4097 0.5014
vn 0.5447 -0.7564 0.3622
vn 0.8343 -0.3771 0.4021
vn 0.7881 -0.2685 0.5540
vn 0.2091 -0.9514 0.2263
vn 0.0646 -0.9952 0.0738
vn 0.7921 -0.2332 0.5640
vn 0.6924 -0.4307 0.5789
vn 0.8698 -0.1913 0.4548
vn 0.9191 -0.1251 0.3737
vn 0.4889 -0.7530 0.4404
vn 0.0225 0.5304 0.8474
vn 0.1186 0.3555 0.9271
vn 0.4187 0.5097 0.7516
vn 0.3128 0.6348 0.7065
vn 0.4902 0.6902 0.5323
vn 0.5968 0.6013 0.5312
vn 0.2352 0.7520 0.6158
vn 0.3153 0.6028 0.7329
vn 0.2412 0.3944 0.8867
vn -0.2405 0.7926 0.5604
vn -0.1875 0.5802 0.7926
vn -0.2544 0.4361 0.8632
vn -0.5109 -0.7036 -0.4939
vn -0.3055 -0.7670 -0.5642
vn -0.0966 -0.9712 -0.2176
vn -0.1882 -0.9623 -0.1962
vn -0.0140 -0.9996 -0.0249
vn 0.0011 -0.9994 -0.0353
vn 0.0054 -0.9993 -0.0372
vn -0.0407 -0.9808 -0.1908
vn -0.1886 -0.7604 -0.6214
vn -0.0900 -0.8360 -0.5413
vn -0.2828 -0.3445 -0.8952
vn -0.1608 -0.4526 -0.8771
vn -0.1762 -0.0976 -0.9795
vn -0.3011 -0.0692 -0.9511
vn -0.4410 -0.0671 -0.8950
vn -0.4236 -0.3334 -0.8423
vn -0.3996 -0.2446 -0.8835
vn -0.2489 -0.0851 -0.9648
vn -0.1918 -0.2018 -0.9605
vn -0.0592 -0.1196 -0.9911
vn -0.0547 -0.1200 -0.9913
vn 0.0222 -0.2153 -0.9763
vn -0.2073 -0.1805 -0.9615
vn -0.2603 -0.0795 -0.9623
vn -0.2732 0.1200 0.9544
vn -0.5824 -0.1119 0.8052
vn -0.5967 0.1821 0.7816
vn -0.3731 0.1720 0.9117
vn -0.3348 0.6379 0.6936
vn -0.6464 0.5394 0.5396
vn -0.7894 0.3752 0.4858
vn -0.7662 0.1673 0.6204
vn -0.7259 -0.0518 0.6859
vn -0.3571 0.1415 0.9233
vn -0.6005 -0.1727 0.7807
vn -0.7420 -0.1770 0.6466
vn -0.4356 0.2709 0.8584
vn -0.6837 -0.0542 0.7277
vn -0.8008 -0.1281 0.5850
vn 0.4583 0.3098 0.8331
vn 0.4901 0.3741 0.7873
vn 0.6414 0.0521 0.7654
vn 0.5467 0.0250 0.8370
vn 0.5742 0.0697 0.8158
vn 0.6720 0.0580 0.7383
vn 0.7678 0.0749 0.6363
vn 0.7688 0.0973 0.6320
vn 0.7229 0.2876 0.6283
vn 0.6738 0.6774 0.2952
vn 0.9160 0.2309 0.3281
vn 0.5070 0.6893 0.5175
vn 0.2069 0.8173 0.5377
vn 0.9451 -0.0573 0.3217
vn 0.9520 -0.2043 0.2280
vn 0.9682 0.2252 0.1088
vn 0.8645 0.4983 0.0657
vn 0.2602 0.8905 0.3732
vn 0.4521 0.8195 0.3521
vn 0.7294 0.6564 0.1925
vn 0.7829 0.6195 0.0572
vn 0.6963 0.7152 0.0610
vn 0.7846 0.6165 0.0662
vn 0.9803 0.0278 0.1958
vn 0.9524 0.0261 0.3038
vn 0.8899 0.4199 0.1780
vn 0.8210 0.5709 0.0114
vn 0.7885 0.4790 0.3859
vn 0.9060 0.3447 0.2456
vn 0.8823 0.4388 0.1703
vn 0.9191 0.3811 0.0996
vn 0.9558 0.2842 0.0754
vn 0.9334 0.3587 0.0121
vn 0.8575 0.5146 -0.0030
vn 0.9595 0.2299 0.1631
vn 0.9694 0.2212 0.1066
vn 0.9267 0.3598 0.1089
vn 0.9335 0.3559 -0.0439
vn 0.9902 -0.0298 0.1366
vn 0.9757 0.0224 0.2178
vn 0.9500 0.0038 0.3122
vn 0.9916 -0.0017 0.1297
vn 0.9868 -0.0179 0.1610
vn 0.9946 0.0680 0.0786
vn 0.8973 -0.1672 0.4086
vn 0.9530 -0.1493 0.2636
vn 0.9615 -0.1527 0.2286
vn 0.9812 -0.0876 0.1721
vn 0.9652 -0.1588 0.2079
vn 0.9954 -0.0792 0.0539
vn 0.9564 -0.1485 0.2516
vn 0.9644 -0.0449 0.2608
vn 0.9929 -0.0359 0.1131
vn 0.9613 -0.2405 0.1346
vn 0.1857 0.2260 -0.9563
vn 0.0832 0.2035 -0.9755
vn 0.1184 0.2128 -0.9699
vn 0.2199 0.1736 -0.9600
vn 0.1177 0.2555 -0.9596
vn 0.0802 0.2627 -0.9615
vn -0.0099 0.2703 -0.9627
vn -0.0087 0.1502 -0.9886
vn -0.0205 0.1512 -0.9883
vn 0.1819 0.3638 -0.9135
vn 0.2406 0.2670 -0.9332
vn 0.2018 0.2987 -0.9328
vn 0.0940 0.2696 -0.9584
vn 0.3258 0.1750 -0.9291
vn 0.5026 0.2002 -0.8410
vn 0.5648 0.1750 -0.8065
vn 0.3836 0.2748 -0.8817
vn 0.6581 0.3088 -0.6867
vn 0.7524 0.1959 -0.6289
vn 0.3698 0.3133 -0.8747
vn 0.1919 0.2332 -0.9533
vn 0.7918 0.1711 -0.5863
vn 0.8311 0.2226 -0.5097
vn 0.8417 0.1067 -0.5294
vn 0.6640 0.0558 -0.7457
vn 0.1370 0.9877 -0.0756
vn 0.4203 0.9051 -0.0646
vn 0.4214 0.9068 0.0088
vn 0.1642 0.9864 0.0110
vn 0.2093 0.9761 0.0579
vn 0.4097 0.9072 0.0957
vn 0.5281 0.8476 0.0517
vn 0.5337 0.8451 0.0305
vn 0.5675 0.8227 -0.0350
vn 0.5779 0.8115 -0.0864
vn 0.4188 0.8949 -0.1541
vn 0.1119 0.9798 -0.1660
vn -0.2854 0.9409 -0.1821
vn 0.0718 0.9640 -0.2558
vn -0.2127 0.9665 -0.1436
vn -0.1454 0.9864 -0.0763
vn 0.4373 0.8770 -0.1992
vn 0.6212 0.7622 -0.1822
vn 0.4042 0.8659 -0.2948
vn 0.0457 0.9455 -0.3225
vn -0.3553 0.8972 -0.2623
vn 0.6106 0.7206 -0.3284
vn -0.5472 0.7611 -0.3484
vn -0.3584 0.8315 -0.4244
vn -0.5287 0.8290 -0.1821
vn -0.4804 0.8713 -0.1000
vn 0.0304 0.8967 -0.4415
vn 0.3499 0.7889 -0.5052
vn 0.5746 0.6823 -0.4521
vn 0.0097 0.7528 -0.6582
vn -0.3068 0.7287 -0.6123
vn -0.5277 0.6404 -0.5581
vn -0.5076 0.5477 -0.6651
vn -0.4841 0.5393 -0.6891
vn -0.4804 0.6740 -0.5612
vn -0.4598 0.7994 -0.3867
vn -0.2289 0.5445 -0.8069
vn -0.0050 0.5348 -0.8449
vn -0.9806 0.0925 -0.1728
vn -0.9952 0.0941 0.0252
vn -0.9905 0.0807 -0.1109
vn -0.9743 0.1051 -0.1994
vn -0.9691 0.1496 -0.1961
vn -0.9701 0.1642 -0.1790
vn -0.9755 0.1746 -0.1339
vn -0.9974 0.0659 0.0288
vn -0.9920 0.1254 0.0110
vn -0.9185 0.0070 -0.3953
vn -0.9316 0.0019 -0.3634
vn -0.9456 0.1096 -0.3064
vn -0.8357 0.0038 -0.5492
vn -0.8312 -0.1174 -0.5434
vn -0.8774 -0.0336 -0.4786
vn 0.4490 0.8929 -0.0334
vn 0.4199 0.9060 0.0531
vn 0.3818 0.9107 0.1580
vn 0.1049 0.9704 0.2174
vn 0.1207 0.9911 0.0564
vn 0.1471 0.9891 0.0010
vn -0.1872 0.9553 0.2287
vn -0.1126 0.9923 0.0524
vn -0.1151 0.9933 -0.0072
vn -0.5381 0.8118 0.2268
vn -0.4623 0.8850 0.0558
vn -0.4555 0.8894 -0.0396
vn -0.0768 0.9919 -0.1009
vn 0.2451 0.9681 -0.0524
vn 0.5455 0.8330 -0.0920
vn -0.4703 0.8718 -0.1374
vn -0.8324 0.5261 -0.1741
vn -0.8051 0.5868 -0.0863
vn -0.8370 0.5470 0.0131
vn -0.9397 0.2972 -0.1693
vn -0.9428 0.3135 -0.1135
vn -0.9510 0.3075 -0.0318
vn -0.9807 0.1952 -0.0103
vn -0.9658 0.2266 -0.1256
vn -0.9629 0.2110 -0.1684
vn 0.5873 0.7918 -0.1676
vn 0.3110 0.9096 -0.2755
vn -0.0786 0.9468 -0.3121
vn -0.4559 0.8078 -0.3738
vn -0.8104 0.4981 -0.3086
vn -0.9340 0.2698 -0.2341
vn -0.9596 0.1827 -0.2139
vn 0.3494 0.7964 -0.4937
vn -0.0081 0.8329 -0.5534
vn -0.4158 0.6890 -0.5936
vn -0.7459 0.4591 -0.4825
vn -0.8958 0.2517 -0.3663
vn -0.9311 0.1620 -0.3268
vn -0.6418 0.4006 -0.6539
vn -0.3296 0.5778 -0.7467
vn 0.0083 0.6832 -0.7302
vn -0.8300 0.1941 -0.5230
vn -0.8820 0.0985 -0.4609
vn -0.0340 0.5470 -0.8364
vn -0.2971 0.4618 -0.8358
vn -0.5585 0.3297 -0.7611
vn -0.7086 0.1442 -0.6908
vn -0.5919 0.0242 -0.8056
vn -0.4982 0.1876 -0.8465
vn -0.2764 0.2840 -0.9181
vn -0.7812 -0.0096 -0.6242
vn -0.6277 -0.0554 -0.7765
vn -0.7863 -0.1590 -0.5970
vn -0.6229 -0.2580 -0.7385
vn -0.5642 -0.3017 -0.7685
vn -0.7171 -0.1549 -0.6795
vn -0.2389 -0.3507 -0.9055
vn -0.3227 -0.3347 -0.8853
vn 0.0102 -0.4044 -0.9145
vn 0.0677 -0.2276 -0.9714
vn -0.1399 -0.2046 -0.9688
vn -0.3917 -0.1322 -0.9105
vn -0.3507 -0.0894 -0.9322
vn -0.2408 0.0413 -0.9697
vn 0.8756 -0.0745 0.4772
vn 0.8828 -0.1695 0.4382
vn 0.8705 0.0539 0.4892
vn 0.8916 0.0844 0.4448
vn 0.8422 0.1155 0.5266
vn 0.8972 0.0169 0.4412
vn 0.9572 0.0540 0.2842
vn 0.9320 0.0071 0.3625
vn 0.8801 -0.2282 0.4164
vn 0.8860 -0.2588 0.3846
vn 0.9580 -0.0137 0.2864
vn 0.9670 0.1006 0.2340
vn 0.7230 -0.5445 0.4252
vn 0.7042 -0.5637 0.4317
vn 0.6282 -0.6518 0.4249
vn 0.5655 0.6564 -0.4993
vn 0.3213 0.7210 -0.6140
vn 0.2922 0.5564 -0.7779
vn -0.0747 0.0492 -0.9960
vn -0.0068 0.3616 -0.9323
vn -0.4046 0.0822 -0.9108
vn 0.4986 0.6974 0.5147
vn 0.6016 0.4332 0.6711
vn 0.8177 0.3042 0.4886
vn 0.7095 0.5917 0.3827
vn 0.8786 0.4154 0.2357
vn 0.9484 -0.0449 0.3137
vn 0.8793 -0.2307 0.4166
vn 0.7164 0.0598 0.6951
vn 0.5339 0.1820 0.8257
vn -0.5812 0.7620 -0.2856
vn -0.5006 0.7351 -0.4571
vn -0.3829 0.7947 -0.4710
vn -0.4607 0.8501 -0.2551
vn -0.6390 0.7120 -0.2911
vn -0.6559 0.5739 -0.4904
vn -0.4044 0.4739 -0.7822
vn -0.2384 0.6598 -0.7126
vn -0.5289 0.5821 -0.6177
vn -0.5884 0.3274 -0.7394
vn -0.1196 0.4623 -0.8786
vn -0.1329 0.2865 -0.9488
vn -0.5922 0.1105 -0.7982
vn -0.2235 0.2972 -0.9283
vn -0.2768 0.2342 -0.9319
vn -0.9107 0.2017 -0.3604
vn -0.9114 0.2868 -0.2951
vn -0.9029 0.3657 -0.2259
vn 0.9245 0.3647 -0.1110
vn 0.9887 0.1407 -0.0524
vn 0.9993 0.0235 0.0304
vn 0.9924 0.1038 -0.0655
vn 0.9901 0.1350 -0.0385
vn 0.9743 0.2238 0.0271
vn 0.9938 0.0795 0.0783
vn 0.9763 0.0184 0.2157
vn 0.9221 -0.0849 0.3775
vn 0.9913 0.1045 -0.0794
vn 0.9900 0.0814 0.1148
vn 0.9690 0.0688 0.2373
vn 0.9544 0.0789 0.2880
vn 0.4895 -0.0767 -0.8686
vn 0.6455 -0.2175 -0.7321
vn 0.4213 -0.3297 -0.8449
vn 0.2689 -0.2936 -0.9173
vn 0.2582 -0.1809 -0.9490
vn 0.3824 -0.1897 -0.9043
vn 0.4583 -0.1826 -0.8698
vn 0.5621 -0.3368 -0.7554
vn 0.6532 -0.2775 -0.7045
vn 0.2286 0.0910 -0.9693
vn -0.0056 -0.1256 -0.9921
vn 0.1232 -0.1398 -0.9825
vn 0.0049 0.0745 -0.9972
vn -0.1963 0.0910 -0.9763
vn -0.0946 0.2628 -0.9602
vn -0.1904 0.2861 -0.9391
vn -0.3628 0.3185 -0.8758
vn -0.3306 0.4747 -0.8157
vn 0.9817 0.1843 0.0474
vn 0.9801 0.1787 0.0870
vn 0.9746 0.0186 0.2230
vn 0.9932 -0.1133 0.0283
vn 0.9859 -0.1586 0.0524
vn 0.9904 -0.0900 0.1045
vn 0.9949 0.0928 0.0398
vn 0.9833 0.0615 0.1714
vn 0.9771 0.0783 0.1977
vn 0.9615 0.2724 -0.0352
vn 0.7479 0.0459 0.6622
vn 0.7381 -0.1748 0.6516
vn 0.6837 -0.2271 0.6936
vn 0.7334 0.0215 0.6795
vn 0.6960 -0.0022 0.7181
vn 0.6519 -0.2510 0.7156
vn 0.6170 -0.2495 0.7464
vn 0.7424 -0.2095 0.6364
vn 0.8443 -0.1644 0.5100
vn 0.9253 -0.1103 0.3628
vn 0.8404 -0.0862 0.5350
vn 0.8439 -0.0714 0.5317
vn 0.9505 -0.0961 0.2953
vn 0.9716 -0.0362 0.2337
vn 0.9997 0.0130 0.0208
vn -0.2444 0.2318 -0.9415
vn -0.2608 0.1516 -0.9534
vn -0.2031 0.1877 -0.9610
vn -0.2162 0.2825 -0.9346
vn -0.0618 0.2689 -0.9612
vn -0.0939 0.1920 -0.9769
vn -0.0997 0.1875 -0.9772
vn -0.1825 0.1397 -0.9732
vn -0.2954 0.1237 -0.9473
vn -0.1105 0.2837 -0.9525
vn -0.2106 0.2916 -0.9331
vn -0.3699 0.2958 -0.8807
vn -0.5419 0.1330 -0.8299
vn -0.3811 0.2020 -0.9022
vn -0.0759 0.2701 -0.9598
vn -0.0227 0.2858 -0.9580
vn -0.1137 0.3109 -0.9436
vn 0.2079 0.2666 -0.9411
vn 0.9501 -0.3041 0.0688
vn 0.9738 -0.1176 0.1947
vn 0.9767 -0.0710 0.2027
vn 0.9935 0.0981 -0.0580
vn 0.9611 0.2758 -0.0163
vn 0.9849 0.1333 0.1104
vn 0.8830 -0.3067 0.3553
vn 0.9711 -0.2353 0.0404
vn 0.8403 -0.5407 0.0389
vn 0.9220 -0.3853 -0.0388
vn 0.9897 -0.1341 -0.0508
vn 0.9923 -0.0867 -0.0881
vn 0.9526 -0.2793 -0.1204
vn 0.6370 -0.7677 -0.0701
vn 0.5998 -0.8001 0.0033
vn 0.5330 -0.8451 0.0421
vn 0.5122 -0.8543 0.0877
vn 0.8233 -0.5440 0.1618
vn 0.9263 -0.3221 0.1952
vn 0.1881 -0.9821 -0.0078
vn 0.1942 -0.9809 0.0120
vn 0.1768 -0.9839 0.0258
vn 0.8865 -0.3329 0.3214
vn 0.9438 -0.2817 0.1729
vn 0.9656 -0.2595 0.0165
vn 0.8208 -0.4943 0.2862
vn 0.5540 -0.8112 0.1869
vn 0.2043 -0.9777 0.0481
vn 0.8402 -0.4235 0.3386
vn 0.6666 -0.7080 0.2331
vn -0.1640 0.9612 0.2220
vn 0.3374 0.9030 0.2659
vn 0.2340 0.9457 0.2257
vn -0.0782 0.9865 0.1438
vn -0.0769 0.9409 0.3297
vn 0.1804 0.8717 0.4556
vn 0.4816 0.7246 0.4929
vn 0.5666 0.7416 0.3592
vn 0.6344 0.6913 0.3459
vn -0.5503 0.7193 0.4241
vn -0.1397 0.8696 0.4735
vn -0.5270 0.7992 0.2890
vn -0.4218 0.8666 0.2668
vn 0.2666 0.8291 0.4915
vn 0.6527 0.6141 0.4436
vn -0.9996 -0.0248 0.0133
vn -0.9949 0.0966 0.0301
vn -0.9735 0.2168 -0.0725
vn -0.9774 0.1959 -0.0796
vn -0.9395 0.3216 -0.1176
vn -0.8761 0.4745 -0.0856
vn -0.7932 0.6077 -0.0384
vn -0.9403 0.3392 -0.0270
vn -0.9927 0.0506 0.1097
vn -0.9491 -0.0579 0.3096
vn -0.9560 -0.0274 0.2921
vn -0.9982 0.0332 0.0496
vn -1.0000 -0.0058 0.0003
vn -0.9943 -0.0142 -0.1053
vn -0.9896 0.1181 0.0815
vn -0.9673 0.0459 0.2495
vn 0.5281 -0.6947 -0.4883
vn 0.8916 -0.3439 -0.2947
vn 0.8379 -0.3717 -0.3998
vn 0.5676 -0.6435 -0.5136
vn 0.5793 -0.5423 -0.6086
vn 0.7845 -0.3232 -0.5292
vn 0.9086 0.0725 -0.4113
vn 0.9731 0.0826 -0.2152
vn 0.9931 0.0613 -0.1005
vn 0.4969 -0.6479 -0.5774
vn 0.8873 -0.3560 -0.2932
vn 0.9967 0.0809 -0.0060
vn 0.5469 -0.4850 -0.6824
vn 0.8776 -0.1947 -0.4381
vn 0.9978 0.0662 -0.0083
vn 0.5884 -0.1992 -0.7836
vn 0.8373 -0.0519 -0.5442
vn 0.9786 0.0566 -0.1976
vn 0.6606 -0.5262 -0.5354
vn 0.5608 -0.6206 -0.5481
vn 0.4987 -0.6706 -0.5491
vn 0.5187 -0.5261 -0.6739
vn 0.5363 -0.2548 -0.8046
vn 0.8646 -0.3358 -0.3738
vn 0.8020 -0.4284 -0.4162
vn 0.7701 -0.3819 -0.5109
vn 0.7574 -0.1816 -0.6272
vn -0.1549 -0.0487 -0.9867
vn -0.0850 0.2283 -0.9699
vn -0.1829 0.2227 -0.9576
vn -0.3767 0.0335 -0.9257
vn -0.5218 0.0814 -0.8492
vn -0.4751 0.3513 -0.8067
vn -0.3155 0.2577 -0.9133
vn -0.2091 0.2421 -0.9474
vn -0.1380 0.2940 -0.9458
vn -0.0514 -0.0455 -0.9976
vn -0.0264 0.2368 -0.9712
vn -0.0819 0.3267 -0.9416
vn -0.0380 -0.0945 -0.9948
vn 0.0244 0.2757 -0.9609
vn -0.0620 0.3608 -0.9306
vn 0.0508 -0.0795 -0.9955
vn -0.0419 0.2659 -0.9631
vn 0.0719 0.3639 -0.9287
vn 0.1152 -0.0080 -0.9933
vn 0.0349 0.2487 -0.9680
vn 0.2992 0.0154 -0.9541
vn 0.2331 0.1908 -0.9536
vn 0.5304 0.0838 -0.8436
vn 0.4851 0.3704 -0.7922
vn 0.6254 -0.0539 -0.7785
vn 0.5901 0.3394 -0.7325
vn -0.1148 -0.1489 -0.9822
vn -0.2151 -0.0993 -0.9715
vn -0.3358 -0.1002 -0.9366
vn -0.0220 -0.1493 -0.9886
vn 0.0655 -0.1461 -0.9871
vn 0.1530 -0.1413 -0.9781
vn 0.2955 -0.1086 -0.9491
vn 0.4475 -0.1460 -0.8823
vn 0.6277 -0.1943 -0.7538
vn -0.1992 0.0672 -0.9777
vn -0.1080 0.0664 -0.9919
vn -0.0279 0.0554 -0.9981
vn 0.0513 0.0464 -0.9976
vn 0.1494 0.0438 -0.9878
vn 0.2705 0.0558 -0.9611
vn 0.4013 0.0378 -0.9152
vn 0.5914 0.0515 -0.8047
vn -0.1117 0.0943 -0.9893
vn -0.0429 0.0884 -0.9952
vn 0.0421 0.0874 -0.9953
vn 0.1478 0.0918 -0.9848
vn 0.2643 0.0978 -0.9595
vn 0.3962 0.0984 -0.9129
vn 0.2722 0.0799 -0.9589
vn 0.1603 0.0815 -0.9837
vn 0.0567 0.0753 -0.9955
vn 0.3933 0.0863 -0.9153
vn 0.4215 0.0737 -0.9038
vn 0.2733 0.0645 -0.9598
vn 0.1565 0.0691 -0.9853
vn 0.0521 0.9530 0.2983
vn 0.3083 0.9255 0.2201
vn 0.3309 0.9383 0.1005
vn 0.2210 0.9666 0.1298
vn 0.0103 0.9906 0.1368
vn -0.1832 0.9302 0.3182
vn -0.0996 0.9885 0.1138
vn -0.0758 0.9933 -0.0868
vn 0.0754 0.9957 -0.0535
vn 0.2732 0.9614 0.0314
vn -0.4575 0.8555 0.2427
vn -0.3780 0.9234 0.0674
vn -0.3466 0.9373 -0.0363
vn -0.4309 0.8993 0.0747
vn -0.0938 0.9955 -0.0141
vn 0.1847 0.9821 -0.0358
vn -0.8331 0.5392 0.1232
vn -0.7602 0.6284 0.1648
vn -0.7196 0.6936 0.0328
vn -0.7581 0.6519 -0.0166
vn -0.8028 0.5722 0.1679
vn -0.0901 0.9511 0.2955
vn -0.4860 0.7942 0.3648
vn -0.7949 0.4666 0.3879
vn -0.9270 0.3723 0.0463
vn -0.9565 0.2877 0.0485
vn -0.9657 0.2587 0.0235
vn -0.9797 0.1859 0.0756
vn -0.9796 0.0947 0.1772
vn -0.9191 0.2346 0.3167
vn -0.4140 0.5982 0.6861
vn -0.7233 0.3833 0.5743
vn -0.8580 0.2593 0.4434
vn -0.9941 0.0637 0.0875
vn -0.9932 0.1130 0.0280
vn -0.9974 0.0566 0.0449
vn -0.9834 -0.0152 0.1805
vn -0.9937 -0.0144 0.1111
vn -0.9680 0.1244 0.2181
vn -0.8516 0.1746 0.4943
vn -0.9537 0.2832 0.1016
vn -0.9712 0.2384 0.0037
vn -0.9364 0.3411 0.0827
vn -0.7939 0.3277 0.5121
vn -0.9106 0.3491 0.2211
vn -0.9020 0.4290 0.0490
vn -0.7494 0.6574 0.0791
vn -0.6820 0.6898 0.2429
vn -0.4725 0.7103 0.5218
vn -0.9409 0.3311 0.0717
vn -0.8791 0.4452 0.1702
vn -0.9408 0.2923 -0.1714
vn 0.4169 0.2603 -0.8709
vn 0.6351 0.2770 -0.7211
vn 0.6974 -0.0443 -0.7153
vn 0.3256 -0.0486 -0.9442
vn 0.3727 -0.3312 -0.8668
vn 0.6760 -0.3089 -0.6690
vn 0.9085 -0.1235 -0.3993
vn 0.9196 -0.0053 -0.3928
vn 0.8869 0.2091 -0.4120
vn 0.2956 0.1238 -0.9473
vn 0.2241 -0.1206 -0.9671
vn 0.2473 -0.1406 -0.9587
vn 0.2178 0.1483 -0.9646
vn 0.2819 -0.1051 -0.9537
vn 0.3173 -0.2023 -0.9265
vn 0.1352 -0.2645 -0.9549
vn 0.0953 0.0023 -0.9954
vn 0.0816 0.2064 -0.9750
vn -0.0203 -0.1868 -0.9822
vn -0.0139 -0.0781 -0.9968
vn -0.0580 0.1315 -0.9896
vn -0.0302 0.0539 -0.9981
vn -0.0369 0.2089 -0.9772
vn -0.1277 0.1114 -0.9855
vn -0.0287 0.2187 -0.9754
vn 0.3132 0.0427 -0.9487
vn 0.2165 -0.0082 -0.9763
vn 0.1073 -0.2301 -0.9672
vn 0.0098 -0.0532 -0.9985
vn 0.5885 0.7381 -0.3299
vn 0.2402 0.9423 0.2330
vn -0.1930 0.9596 0.2047
vn -0.2023 0.9750 0.0921
vn 0.2308 0.9596 0.1611
vn 0.1924 0.9738 0.1209
vn -0.1293 0.9875 0.0904
vn -0.3005 0.9537 -0.0149
vn -0.4112 0.9111 -0.0280
vn -0.4899 0.8670 0.0909
vn 0.4471 0.8888 0.1006
vn 0.3516 0.9325 0.0833
vn 0.1782 0.9812 0.0741
vn -0.1052 0.9930 0.0532
vn 0.4978 0.8438 0.2006
vn 0.5366 0.7587 0.3694
vn 0.3016 0.8319 0.4659
vn -0.1867 0.9121 0.3649
vn 0.4003 0.9157 0.0363
vn 0.4878 0.8598 0.1511
vn 0.5109 0.7949 0.3274
vn -0.5863 0.6026 0.5414
vn -0.5636 0.3755 0.7358
vn -0.4471 0.4699 0.7611
vn -0.6358 0.5924 0.4947
vn -0.4759 0.6992 0.5336
vn -0.2389 0.6280 0.7407
vn 0.0701 0.4473 0.8916
vn -0.1255 0.2420 0.9621
vn -0.2704 0.2743 0.9229
vn 0.0629 0.2409 0.9685
vn 0.1832 0.1184 0.9759
vn 0.2955 0.2412 0.9244
vn 0.2889 0.3119 0.9051
vn 0.3869 0.0868 0.9180
vn 0.4444 0.1457 0.8839
vn -0.5098 0.7256 0.4622
vn -0.6671 0.6624 0.3409
vn -0.6137 0.6948 0.3750
vn -0.1860 0.4754 0.8599
vn -0.8788 -0.1008 0.4664
vn -0.8065 -0.0664 0.5875
vn -0.8529 0.0237 0.5216
vn -0.9041 -0.0296 0.4264
vn -0.9855 0.0795 0.1500
vn -0.9922 0.1125 0.0535
vn -0.8577 0.3439 0.3821
vn -0.5545 0.7647 0.3283
vn 0.9940 0.1049 0.0298
vn 0.9930 0.1119 -0.0382
vn 0.7620 -0.0918 0.6410
vn 0.6114 -0.0061 0.7913
vn 0.6638 -0.2093 0.7180
vn 0.7812 -0.2455 0.5739
vn 0.5668 -0.1442 0.8111
vn 0.5974 0.5228 0.6081
vn 0.4023 0.5228 0.7515
vn 0.0232 0.9022 0.4307
vn -0.0977 0.8557 0.5082
vn -0.0453 0.7573 0.6515
vn 0.0913 0.8376 0.5385
vn 0.8858 -0.0861 0.4560
vn 0.8273 -0.2030 0.5238
vn 0.6198 0.3611 0.6967
vn 0.5924 -0.0169 0.8054
vn 0.4434 0.4205 0.7916
vn 0.1309 0.5114 0.8493
vn 0.5809 -0.1781 0.7942
vn 0.6539 0.5637 0.5047
vn -0.0762 0.5834 0.8086
vn -0.0625 0.1315 0.9893
vn -0.0974 0.4521 0.8866
vn 0.1647 0.4547 0.8753
vn 0.0944 0.4137 0.9055
vn -0.3314 0.6660 0.6683
vn -0.2092 0.5024 0.8390
vn -0.3208 0.3089 0.8953
vn -0.6374 0.2240 0.7372
vn -0.6659 0.2626 0.6983
vn -0.3623 0.3931 0.8451
vn 0.0272 0.8658 0.4996
vn -0.2541 0.8558 0.4505
vn 0.1512 0.7562 0.6366
vn 0.2695 0.7325 0.6251
vn -0.3354 0.7319 0.5932
vn -0.0832 0.7082 0.7011
vn 0.0419 0.6803 0.7318
vn -0.6861 0.2229 0.6925
vn 0.1702 0.6786 0.7145
vn -0.2335 0.7746 0.5878
vn -0.1758 0.8024 0.5703
vn -0.3155 0.6680 0.6739
vn -0.1799 0.6334 0.7526
vn -0.1325 0.4821 0.8661
vn -0.3656 0.5087 0.7795
vn -0.0011 0.4719 0.8817
vn 0.1865 0.5917 0.7843
vn 0.3451 0.7306 0.5892
vn -0.1930 0.3124 0.9301
vn -0.4047 0.3370 0.8501
vn -0.1157 0.2671 0.9567
vn 0.3207 0.5760 0.7519
vn 0.3246 0.4677 0.8221
vn 0.2872 0.2543 0.9235
vn -0.3419 0.1887 0.9206
vn -0.3492 0.0995 0.9317
vn -0.0374 0.1071 0.9935
vn 0.2335 0.0582 0.9706
vn 0.7088 0.3616 0.6057
vn 0.1732 -0.0177 0.9847
vn -0.1465 0.0762 0.9863
vn 0.6360 0.6516 -0.4136
vn 0.6084 0.6880 -0.3955
vn 0.9084 0.3773 -0.1801
vn 0.9172 0.3793 -0.1222
vn 0.9798 0.2000 -0.0077
vn 0.9751 0.1949 -0.1062
vn 0.9422 0.2342 -0.2397
vn 0.8685 0.3853 -0.3119
vn 0.6458 0.5552 -0.5240
vn 0.3674 0.7482 -0.5525
vn 0.3504 0.7595 -0.5481
vn 0.3918 0.7151 -0.5789
vn 0.6299 0.5927 -0.5020
vn 0.8968 0.4111 -0.1636
vn 0.4980 0.4322 -0.7518
vn 0.4158 0.6227 -0.6628
vn 0.4769 0.6193 -0.6237
vn 0.6163 0.4219 -0.6649
vn 0.7963 0.4271 -0.4284
vn 0.7183 0.4769 -0.5066
vn 0.4343 0.6920 -0.5767
vn 0.4213 0.7425 -0.5207
vn 0.6221 0.5613 -0.5458
vn 0.6241 0.3957 -0.6738
vn 0.7003 0.0853 -0.7088
vn 0.5393 0.0929 -0.8370
vn 0.5808 0.1368 -0.8025
vn 0.6825 0.5911 -0.4300
vn 0.9132 0.1511 -0.3784
vn 0.9464 -0.0164 -0.3225
vn 0.9561 -0.1490 -0.2523
vn 0.8761 0.3009 -0.3767
vn 0.9129 0.3230 -0.2494
vn 0.9286 0.3244 -0.1802
vn 0.9967 0.0787 -0.0176
vn 0.9958 0.0921 0.0004
vn 0.9896 0.1432 -0.0161
vn 0.9902 0.1223 0.0675
vn 0.9906 0.0906 0.1028
vn 0.9907 0.0709 0.1161
vn 0.9842 0.1228 0.1273
vn 0.9865 0.1340 0.0942
vn 0.9905 -0.0009 0.1372
vn 0.9933 0.0482 0.1052
vn 0.9700 0.2052 0.1305
vn 0.9592 0.2244 0.1721
vn 0.9569 0.2597 0.1299
vn 0.9640 0.2214 0.1473
vn 0.9757 0.1707 0.1373
vn 0.9779 0.2035 0.0488
vn 0.9890 0.0772 0.1262
vn 0.7878 0.4978 0.3626
vn 0.9357 0.2573 0.2415
vn 0.9542 0.1915 0.2300
vn 0.8108 0.5138 0.2804
vn 0.8450 0.5126 0.1521
vn 0.9550 0.1750 0.2394
vn 0.9494 0.2750 0.1517
vn 0.9572 0.1929 0.2158
vn 0.9855 0.0117 0.1695
vn 0.9056 0.2625 0.3332
vn 0.7718 0.4862 0.4098
vn 0.3055 0.8031 0.5116
vn 0.3403 0.8508 0.4004
vn 0.3462 0.8859 0.3088
vn 0.9299 0.2507 0.2691
vn 0.9256 0.1809 0.3323
vn 0.9693 0.0183 0.2453
vn -0.2605 0.8686 0.4214
vn -0.2644 0.8672 0.4220
vn -0.3228 0.8894 0.3237
vn -0.2170 0.9288 0.3005
vn 0.3164 0.6897 0.6513
vn 0.7689 0.4195 0.4826
vn 0.9063 0.2328 0.3527
vn 0.9034 0.1957 0.3816
vn 0.9048 0.1604 0.3945
vn 0.3298 0.8358 0.4389
vn 0.7257 0.3946 0.5636
vn 0.9132 0.2547 0.3182
vn 0.7645 0.5966 -0.2441
vn 0.4264 0.7992 -0.4236
vn 0.5421 0.8125 -0.2145
vn 0.8274 0.5524 -0.1013
vn 0.8432 0.5373 -0.0180
vn 0.5793 0.8145 -0.0301
vn 0.5260 0.8472 -0.0740
vn 0.5611 0.7721 -0.2983
vn 0.4999 0.7257 -0.4727
vn 0.7895 0.6120 0.0452
vn 0.4939 0.8693 0.0189
vn 0.5388 0.8369 0.0962
vn 0.9608 0.2760 0.0262
vn 0.9699 0.2341 0.0674
vn 0.9489 0.3101 0.0585
vn 0.6998 0.5583 0.4457
vn 0.4639 0.8600 0.2126
vn 0.8457 0.5218 0.1117
vn 0.8459 0.5331 0.0149
vn 0.3809 0.9214 0.0772
vn 0.7474 0.6525 0.1254
vn 0.9183 0.3793 0.1137
vn 0.9430 0.3327 0.0032
vn 0.9613 0.2743 -0.0259
vn 0.9753 0.2158 0.0478
vn 0.5644 0.6153 0.5504
vn 0.0954 0.9783 0.1837
vn 0.2285 0.9634 0.1403
vn 0.6672 0.7307 0.1449
vn 0.8816 0.4437 0.1611
vn 0.9674 0.2275 0.1110
vn 0.9849 0.1147 0.1299
vn 0.9871 0.0616 0.1477
vn 0.9801 0.1163 0.1606
vn 0.4492 0.8000 0.3979
vn 0.0053 0.9779 0.2090
vn 0.0577 0.9873 0.1478
vn 0.5645 0.8010 0.1994
vn 0.8706 0.4755 0.1266
vn 0.9546 0.2321 0.1866
vn 0.9667 0.2556 0.0158
vn 0.9650 0.2441 0.0955
vn 0.2943 0.7483 0.5945
vn -0.0588 0.9588 0.2780
vn -0.0157 0.9814 0.1913
vn 0.4359 0.8600 0.2655
vn 0.9791 0.1371 0.1499
vn -0.1323 0.9682 0.2122
vn -0.3038 0.9151 0.2651
vn 0.3206 0.7404 0.5907
vn 0.3776 0.8244 0.4217
vn -0.5669 0.5891 -0.5758
vn -0.7869 0.4914 -0.3733
vn -0.7455 0.3611 -0.5602
vn -0.6441 0.3593 -0.6753
vn -0.7567 -0.0834 -0.6484
vn -0.8393 -0.0069 -0.5436
vn -0.9322 0.1247 -0.3398
vn -0.9472 0.2674 -0.1770
vn -0.9518 0.2679 -0.1491
vn -0.3786 0.6040 -0.7013
vn -0.5584 0.3155 -0.7672
vn -0.6481 -0.1535 -0.7460
vn -0.3694 0.7189 -0.5889
vn -0.5467 0.6319 -0.5493
vn -0.8308 0.4354 -0.3468
vn -0.5457 -0.2074 -0.8119
vn -0.5306 0.2836 -0.7988
vn -0.4167 0.5924 -0.6895
vn -0.4365 0.7146 -0.5467
vn -0.6944 0.5909 -0.4108
vn -0.4705 0.7224 -0.5067
vn -0.4478 0.7232 -0.5258
vn -0.6853 -0.1403 -0.7147
vn -0.6319 0.3070 -0.7117
vn -0.6279 0.5526 -0.5481
vn -0.6569 0.6283 -0.4167
vn -0.7077 0.5935 -0.3833
vn -0.4462 0.6988 -0.5591
vn -0.4673 0.6758 -0.5701
vn -0.7299 0.5120 -0.4529
vn -0.9147 -0.0194 -0.4037
vn -0.8461 0.2274 -0.4820
vn -0.8891 0.3856 -0.2468
vn -0.8880 0.4268 -0.1709
vn -0.9258 0.3434 -0.1581
vn -0.8824 0.3479 -0.3168
vn -0.3746 0.5672 -0.7334
vn -0.6499 0.4410 -0.6189
vn -0.8174 0.3094 -0.4859
vn -0.9708 0.1693 -0.1698
vn -0.9698 0.2243 -0.0958
vn -0.9782 0.2075 -0.0118
vn -0.9822 0.1865 -0.0215
vn -0.9733 0.1861 -0.1346
vn -0.9189 0.2333 -0.3182
vn -0.8135 0.2800 -0.5097
vn -0.2659 0.0925 -0.9596
vn -0.2629 0.1132 -0.9582
vn -0.1315 0.1233 -0.9836
vn -0.1331 0.0961 -0.9864
vn -0.0174 0.0879 -0.9960
vn -0.0216 0.1045 -0.9943
vn -0.0459 0.1397 -0.9891
vn 0.0789 0.0497 -0.9956
vn -0.0224 0.0505 -0.9985
vn 0.0830 0.0817 -0.9932
vn 0.0874 0.0774 -0.9932
vn -0.1355 0.0533 -0.9893
vn -0.2594 0.0680 -0.9634
vn -0.3886 0.0828 -0.9177
vn -0.4003 0.1027 -0.9106
vn -0.4048 0.1181 -0.9068
vn -0.1194 0.0507 -0.9916
vn -0.0254 0.0474 -0.9986
vn 0.0664 0.0467 -0.9967
vn -0.2341 0.0620 -0.9702
vn -0.3737 0.0800 -0.9241
vn -0.5189 0.1068 -0.8481
vn -0.5217 0.0913 -0.8483
vn -0.5164 0.0897 -0.8516
vn 0.1596 0.0605 -0.9853
vn 0.0679 0.0627 -0.9957
vn 0.1597 0.0481 -0.9860
vn 0.1686 0.0522 -0.9843
vn -0.0268 0.0675 -0.9974
vn -0.1251 0.0683 -0.9898
vn -0.2278 0.0712 -0.9711
vn -0.3561 0.0819 -0.9309
vn -0.5000 0.0944 -0.8609
vn -0.6693 0.0846 -0.7382
vn -0.6648 0.0942 -0.7411
vn -0.6623 0.0997 -0.7425
vn 0.2820 0.0603 -0.9575
vn 0.2728 0.0468 -0.9609
vn 0.0691 0.0677 -0.9953
vn -0.0256 0.0648 -0.9976
vn -0.1228 0.0675 -0.9901
vn -0.2223 0.0768 -0.9719
vn -0.3448 0.0947 -0.9339
vn -0.4865 0.1100 -0.8667
vn -0.6444 0.1102 -0.7567
vn -0.0335 0.0650 -0.9973
vn -0.1149 0.0662 -0.9912
vn -0.0266 0.2867 -0.9576
vn -0.3075 0.9515 -0.0103
vn -0.2830 0.9565 0.0700
vn -0.3873 0.9219 -0.0074
vn -0.3387 0.9408 -0.0106
vn -0.3478 0.9372 -0.0256
vn -0.4340 0.9004 -0.0292
vn -0.2388 0.9710 0.0123
vn -0.1994 0.9708 0.1337
vn -0.1009 0.9751 0.1975
vn -0.0946 0.9950 0.0305
vn -0.1072 0.9942 -0.0009
vn 0.8471 0.5115 0.1438
vn 0.9749 0.2022 0.0936
vn 0.9902 0.1342 0.0394
vn 0.8950 0.4438 0.0446
vn 0.9336 0.3559 -0.0419
vn 0.9864 0.1612 -0.0330
vn 0.5254 0.8279 0.1965
vn 0.6189 0.7827 0.0655
vn 0.6775 0.7332 -0.0579
vn 0.1808 0.9823 -0.0493
vn 0.1818 0.9818 0.0550
vn 0.1131 0.9771 0.1804
vn -0.2328 0.9711 -0.0523
vn -0.4279 0.9037 -0.0185
vn -0.4135 0.9085 -0.0597
vn 0.9919 0.1054 -0.0703
vn 0.9849 0.1496 -0.0876
vn 0.9339 0.3277 -0.1429
vn 0.7028 0.6753 -0.2239
vn 0.2337 0.9537 -0.1895
vn -0.2096 0.9698 -0.1251
vn -0.4429 0.8947 -0.0585
vn 0.9730 0.1351 -0.1873
vn 0.9050 0.3326 -0.2654
vn 0.6994 0.6170 -0.3608
vn 0.2862 0.8673 -0.4073
vn -0.1520 0.9475 -0.2814
vn -0.4402 0.8780 -0.1878
vn 0.8588 0.2333 -0.4560
vn 0.5987 0.5577 -0.5749
vn 0.2399 0.7624 -0.6010
vn -0.1176 0.8532 -0.5082
vn 0.4855 0.3180 -0.8143
vn 0.1329 0.5753 -0.8071
vn -0.2377 0.6696 -0.7037
vn 0.3213 0.6254 0.7110
vn 0.3696 0.4648 0.8046
vn 0.4621 0.4804 0.7454
vn 0.4499 0.6268 0.6362
vn 0.3928 0.3413 0.8539
vn 0.3514 0.3178 0.8807
vn 0.2674 0.2569 0.9287
vn 0.3860 0.1886 0.9030
vn 0.1670 0.4806 0.8609
vn 0.1999 0.4862 0.8507
vn 0.2287 0.4358 0.8705
vn 0.2463 0.2976 0.9224
vn 0.2617 0.0839 0.9615
vn 0.2102 0.3405 0.9164
vn 0.9347 0.3509 -0.0562
vn 0.9701 0.2246 0.0925
vn 0.9639 0.2537 0.0811
vn 0.9570 0.2866 0.0447
vn 0.9653 0.2565 -0.0487
vn 0.9717 0.2360 -0.0047
vn 0.9783 0.1244 0.1657
vn 0.9930 0.1086 0.0467
vn 0.9706 0.2226 0.0911
vn 0.9851 -0.0163 0.1714
vn 0.9904 -0.1312 0.0446
vn 0.9617 -0.2070 0.1795
vn 0.9188 -0.3003 0.2561
vn 0.9958 0.0221 0.0891
vn 0.9852 0.0028 0.1716
vn 0.9774 -0.0517 0.2051
vn 0.9452 -0.1438 0.2931
vn 0.8751 0.0445 0.4818
vn 0.9252 0.3522 0.1414
vn 0.9106 0.3880 0.1421
vn 0.9191 0.3567 0.1671
vn 0.9034 0.3155 0.2905
vn 0.8318 0.2872 0.4750
vn 0.7117 0.2455 0.6581
vn 0.5765 0.1892 0.7949
vn 0.9669 0.1735 0.1869
vn 0.9390 -0.0664 0.3373
vn 0.9980 0.0513 -0.0362
vn -0.2103 -0.2471 -0.9459
vn -0.1678 -0.0319 -0.9853
vn -0.2259 0.1406 -0.9640
vn -0.2472 0.1753 -0.9530
vn -0.6201 0.3012 -0.7244
vn -0.7404 0.3325 -0.5842
vn -0.7301 0.2971 -0.6154
vn -0.6353 0.3057 -0.7092
vn -0.7559 0.2067 -0.6212
vn -0.7541 0.2353 -0.6132
vn -0.7894 0.2031 -0.5792
vn -0.7641 0.2760 -0.5831
vn 0.6927 0.5986 -0.4023
vn 0.9205 0.3622 -0.1464
vn 0.9140 0.3378 -0.2247
vn 0.6486 0.5429 -0.5335
vn 0.6013 0.4136 -0.6836
vn 0.9112 0.2941 -0.2883
vn 0.9843 0.1734 -0.0338
vn 0.9838 0.1754 -0.0368
vn 0.3452 0.7435 -0.5727
vn 0.3371 0.6162 -0.7118
vn 0.5013 0.6576 -0.5624
vn 0.5396 0.4879 -0.6861
vn 0.3106 0.4519 -0.8363
vn 0.4654 0.3347 -0.8194
vn -0.0210 -0.9997 -0.0127
vn -0.0090 -0.9995 -0.0310
vn 0.0133 -0.9994 -0.0328
vn 0.0155 -0.9999 -0.0071
vn 0.0160 -0.9995 -0.0279
vn -0.0040 -0.9999 -0.0144
vn 0.0055 -0.9999 -0.0102
vn 0.0176 -0.9998 -0.0131
vn -0.0021 -1.0000 -0.0065
vn -0.1461 -0.9893 0.0042
vn -0.1309 -0.9902 0.0486
vn -0.0763 -0.9925 0.0958
vn -0.0219 -0.9992 0.0326
vn 0.0013 -0.9990 0.0454
vn -0.1874 -0.9823 0.0011
vn -0.2087 -0.9780 0.0034
vn -0.1836 -0.9830 -0.0000
vn -0.0008 -0.9999 -0.0138
vn 0.0089 -1.0000 -0.0030
vn -0.3701 -0.9182 0.1413
vn -0.4934 -0.8684 0.0495
vn -0.5834 -0.8122 0.0010
vn -0.5905 -0.8058 0.0460
vn -0.5479 -0.8318 0.0884
vn -0.0026 -1.0000 -0.0032
vn -0.1478 -0.9888 0.0192
vn -0.5051 -0.8585 0.0880
vn -0.7668 -0.6267 0.1387
vn -0.7867 -0.6102 0.0940
vn -0.8043 -0.5940 0.0163
vn -0.7597 -0.6356 0.1373
vn -0.8512 -0.5132 0.1098
vn -0.8369 -0.5281 0.1442
vn -0.8987 -0.4307 0.0823
vn -0.9620 -0.2636 0.0711
vn -0.8022 -0.5803 0.1406
vn -0.4837 -0.8697 0.0979
vn -0.8184 -0.5381 0.2017
vn -0.9333 -0.2995 0.1982
vn -0.9249 -0.2672 0.2705
vn -0.9923 0.0168 0.1228
vn -0.9993 -0.0297 -0.0234
vn -0.9892 0.0699 0.1289
vn -0.8423 0.5338 0.0749
vn -0.7981 0.5988 -0.0666
vn -0.9693 0.2456 0.0127
vn -0.9098 0.4141 -0.0293
vn -0.8794 0.4707 0.0709
vn -0.9357 0.2751 0.2207
vn -0.8109 0.5798 0.0796
vn -0.7652 0.6412 0.0575
vn -0.9561 0.1582 0.2465
vn -0.7974 0.5519 0.2441
vn -0.7626 0.6271 0.1589
vn -0.6996 0.6486 0.2999
vn -0.7549 0.5425 0.3686
vn -0.8540 0.3307 0.4018
vn -0.9581 -0.2674 0.1031
vn -0.9612 0.1012 0.2566
vn -0.9268 -0.0920 0.3640
vn -0.9353 -0.3263 0.1367
vn -0.9530 -0.2824 0.1096
vn -0.9250 -0.1002 0.3666
vn -0.7340 -0.0190 0.6789
vn -0.7185 0.2629 0.6439
vn -0.5951 0.5695 0.5670
vn -0.4564 0.5998 0.6572
vn -0.5167 0.2856 0.8071
vn -0.5556 -0.0036 0.8315
vn -0.1312 -0.9161 0.3789
vn -0.2939 -0.9139 0.2799
vn -0.0311 -0.9920 0.1225
vn -0.2645 -0.6198 0.7388
vn -0.4889 -0.6721 0.5562
vn -0.6222 -0.7302 0.2823
vn -0.7593 -0.6487 0.0509
vn -0.2775 -0.2918 0.9153
vn -0.5150 -0.3125 0.7982
vn -0.7825 -0.3548 0.5116
vn -0.8766 -0.4654 0.1222
vn -0.8664 -0.4981 0.0352
vn -0.2799 -0.0812 0.9566
vn -0.2667 0.1947 0.9439
vn -0.8413 -0.3468 0.4147
vn 0.5568 0.1050 -0.8239
vn 0.6812 -0.0143 -0.7320
vn 0.8102 -0.1088 -0.5759
vn 0.4572 0.2295 -0.8592
vn 0.4189 0.0570 -0.9062
vn 0.5495 0.0986 -0.8297
vn 0.5678 0.0815 -0.8191
vn 0.5575 0.0546 -0.8284
vn 0.9961 0.0397 -0.0786
vn 0.9923 0.0842 0.0912
vn 0.9957 0.0528 0.0760
vn 0.9956 0.0283 -0.0897
vn 0.9954 0.0047 -0.0952
vn 0.9995 0.0092 0.0318
vn 0.9754 0.0018 0.2205
vn 0.9730 0.0696 0.2201
vn 0.9698 0.1060 0.2195
vn 0.9751 0.0539 -0.2151
vn 0.9790 0.0386 -0.1999
vn 0.9818 -0.0032 -0.1900
vn 0.9309 0.0678 -0.3590
vn 0.9377 0.0470 -0.3444
vn 0.9482 0.0234 -0.3169
vn 0.8737 0.0628 -0.4825
vn 0.8527 0.0711 -0.5175
vn 0.8390 0.0700 -0.5396
vn 0.7352 0.0792 -0.6732
vn 0.7205 0.0958 -0.6868
vn 0.7060 0.0767 -0.7040
vn 0.9850 -0.0121 -0.1719
vn 0.9938 0.0009 -0.1114
vn 0.9997 -0.0046 0.0252
vn 0.9647 0.0196 -0.2625
vn 0.8971 0.0330 -0.4405
vn 0.7779 0.0410 -0.6271
vn 0.9686 0.0239 -0.2476
vn 0.9822 0.0652 -0.1762
vn 0.9795 0.1549 -0.1286
vn 0.9136 -0.0070 -0.4065
vn 0.8769 0.3372 -0.3426
vn 0.9024 0.2389 -0.3586
vn 0.8310 0.1044 -0.5464
vn 0.9752 -0.0562 0.2142
vn 0.9959 0.0838 0.0335
vn 0.8647 0.4628 -0.1951
vn 0.7095 0.3177 0.6290
vn 0.7770 0.2793 0.5642
vn 0.7379 0.4594 0.4945
vn 0.8175 0.3191 0.4794
vn 0.8366 0.2388 0.4930
vn 0.2755 0.7908 0.5465
vn 0.9889 0.0674 0.1326
vn 0.6366 0.0058 -0.7711
vn 0.3804 -0.0763 -0.9217
vn 0.3283 0.2219 -0.9181
vn 0.6067 0.2162 -0.7650
vn 0.4286 -0.0472 -0.9023
vn 0.8944 0.2012 -0.3995
vn 0.9773 0.1913 -0.0907
vn 0.4622 -0.3898 -0.7965
vn 0.6322 -0.1989 -0.7488
vn 0.0543 0.8824 0.4673
vn -0.2079 0.8152 0.5406
vn -0.0681 0.8220 0.5653
vn -0.2271 0.6539 0.7217
vn 0.7823 0.3526 0.5135
vn 0.7410 0.5091 0.4379
vn 0.7191 0.4073 0.5630
vn 0.7326 0.3168 0.6024
vn 0.4772 0.3268 0.8158
vn 0.3825 0.5527 0.7404
vn 0.7330 0.2158 0.6450
vn 0.4580 0.1728 0.8720
vn -0.1565 0.1841 0.9704
vn -0.1632 0.3739 0.9130
vn -0.2310 0.6456 0.7279
vn 0.8021 0.2280 0.5519
vn 0.4533 0.0278 0.8909
vn -0.1126 0.0462 0.9926
vn -0.6663 0.0641 0.7430
vn -0.6688 0.2186 0.7106
vn -0.6807 0.3704 0.6320
vn 0.7336 0.0581 0.6771
vn 0.8256 0.0698 0.5599
vn -0.8813 -0.0375 0.4711
vn -0.6344 -0.0644 0.7703
vn -0.8731 0.0435 0.4855
vn -0.8479 0.1986 0.4915
vn -0.1019 -0.1074 0.9890
vn 0.4415 -0.1021 0.8914
vn 0.7296 -0.1573 0.6655
vn 0.8261 -0.1369 0.5467
vn -0.0790 -0.2933 0.9528
vn -0.5781 -0.2303 0.7828
vn -0.8704 -0.1724 0.4611
vn 0.4801 -0.2760 0.8327
vn 0.7512 -0.2835 0.5961
vn 0.7958 -0.4292 0.4271
vn -0.3597 0.8694 0.3388
vn -0.6777 0.6542 0.3357
vn -0.7236 0.6024 0.3369
vn -0.7146 0.5632 0.4150
vn -0.6489 0.5134 0.5616
vn 0.7562 -0.4649 0.4604
vn 0.8151 -0.3580 0.4555
vn 0.8829 0.0759 0.4633
vn 0.8329 -0.0507 0.5511
vn 0.8599 0.1101 0.4984
vn 0.6082 -0.5929 0.5278
vn 0.6283 -0.6520 0.4243
vn 0.7835 -0.5637 0.2615
vn 0.7300 -0.4782 0.4883
vn 0.7311 -0.5520 0.4010
vn 0.7864 -0.4849 0.3826
vn 0.7612 -0.4729 0.4438
vn 0.5612 -0.6136 0.5554
vn -0.8110 0.3529 0.4665
vn 0.0160 0.8266 0.5626
vn 0.1993 0.8177 0.5401
vn 0.4511 0.7325 0.5099
vn 0.4518 0.6510 0.6101
vn 0.2351 0.7722 0.5903
vn 0.0530 0.8009 0.5964
vn 0.0957 0.3736 0.9226
vn 0.0627 0.0734 0.9953
vn 0.0606 0.2386 0.9692
vn -0.1187 0.7436 0.6580
vn -0.1375 0.7931 0.5934
vn 0.2241 0.5505 0.8042
vn 0.0741 0.5532 0.8297
vn -0.0465 0.5558 0.8300
vn -0.2631 0.2239 0.9384
vn -0.0678 0.2264 0.9717
vn -0.2724 0.5144 0.8132
vn -0.3759 0.7133 0.5915
vn 0.0376 0.2540 0.9665
vn -0.8482 -0.5296 -0.0112
vn -0.8850 -0.4632 -0.0473
vn -0.8572 -0.4953 0.1411
vn -0.7912 -0.6097 0.0478
vn -0.7274 -0.6634 0.1755
vn -0.8147 -0.5472 0.1918
vn -0.9660 -0.2211 0.1339
vn -0.9576 -0.2741 0.0883
vn -0.9613 -0.2753 0.0063
vn -0.7847 -0.6018 -0.1486
vn -0.8779 -0.4282 -0.2143
vn -0.9846 -0.1230 -0.1239
vn 0.9680 0.1304 0.2144
vn 0.7368 -0.2713 0.6193
vn 0.6303 -0.3144 0.7099
vn 0.7053 -0.5055 0.4970
vn 0.7080 -0.4322 0.5585
vn 0.6613 -0.3179 0.6794
vn 0.7485 -0.2415 0.6176
vn 0.5577 -0.2030 0.8048
vn 0.6993 -0.1026 0.7075
vn 0.4335 0.4048 0.8052
vn 0.4935 0.4391 0.7508
vn 0.5598 0.4556 0.6921
vn 0.7488 -0.3170 0.5822
vn 0.7751 -0.1226 0.6198
vn 0.6381 0.4696 0.6101
vn 0.0857 0.5264 0.8459
vn 0.2513 0.5750 0.7786
vn 0.2998 0.1616 0.9402
vn 0.1455 0.3356 0.9307
vn 0.9655 0.1233 0.2294
vn 0.9624 0.1150 0.2463
vn 0.9750 0.0821 0.2064
vn 0.9785 0.1198 0.1678
vn 0.9641 0.0928 0.2489
vn 0.9327 0.0399 0.3585
vn 0.9637 0.0812 0.2545
vn 0.9600 0.2032 -0.1929
vn 0.9176 0.2283 -0.3253
vn 0.9033 0.2280 -0.3634
vn 0.9578 0.2051 -0.2012
vn 0.9605 0.1965 -0.1970
vn 0.8963 0.2251 -0.3821
vn 0.8343 0.2888 -0.4697
vn 0.8964 0.2588 -0.3599
vn 0.9034 0.2828 -0.3223
vn 0.9223 0.2292 -0.3112
vn 0.9682 0.1917 -0.1609
vn 0.9080 0.2750 -0.3161
vn 0.9888 0.1436 -0.0412
vn 0.9842 0.1660 -0.0616
vn 0.9830 0.1704 -0.0681
vn 0.9864 0.1583 0.0437
vn 0.9913 0.1227 0.0480
vn 0.9870 0.1538 0.0464
vn -0.9955 0.0277 0.0903
vn -0.9965 0.0399 0.0735
vn -0.9898 0.1414 0.0180
vn -0.9958 0.0856 0.0333
vn -0.9885 0.1426 0.0495
vn -0.9931 0.1164 0.0166
vn -0.9915 0.1263 0.0317
vn -0.9908 0.1318 0.0304
vn -0.9937 0.1046 0.0414
vn -0.9923 0.1212 0.0275
vn -0.9915 0.1129 0.0641
vn -0.9906 0.1014 0.0922
vn -0.9917 0.1141 0.0592
vn -0.9905 0.0841 0.1086
vn -0.9971 0.0413 0.0633
vn -0.9942 0.1029 0.0325
vn -0.9959 0.0050 0.0899
vn -0.9892 0.1400 -0.0425
vn -0.9692 0.2114 0.1264
vn -0.9798 0.1905 0.0615
vn -0.9567 0.2911 0.0024
vn -0.9835 0.1496 0.1020
vn -0.9906 0.1362 0.0126
vn 0.8561 -0.5115 0.0738
vn 0.7527 -0.6567 -0.0460
vn 0.7042 -0.7100 0.0087
vn 0.7586 -0.6400 0.1225
vn 0.8824 -0.4593 0.1023
vn 0.8815 -0.4714 0.0261
vn 0.8565 -0.5089 -0.0865
vn 0.6674 -0.7344 -0.1239
vn 0.7127 -0.6683 -0.2132
vn 0.6907 -0.6164 -0.3782
vn 0.5441 -0.7729 -0.3265
vn 0.8495 -0.4731 -0.2335
vn 0.8956 -0.4056 0.1829
vn 0.9428 -0.3253 -0.0727
vn 0.9318 -0.3411 -0.1244
vn 0.9377 -0.2356 -0.2553
vn 0.9770 -0.0644 -0.2032
vn 0.9621 -0.0650 -0.2648
vn 0.9937 -0.0866 0.0711
vn 0.9855 0.1349 0.1027
vn 0.9898 0.0774 0.1200
vn 0.9995 0.0088 0.0305
vn 0.9885 -0.1484 -0.0289
vn 0.9965 0.0469 0.0699
vn 0.9879 0.0992 0.1196
vn 0.9638 -0.1652 -0.2095
vn 0.9907 0.0359 -0.1315
vn -0.8870 -0.4451 0.1226
vn -0.7886 -0.5248 0.3204
vn -0.7638 -0.2371 0.6004
vn -0.6969 -0.4550 0.5544
vn -0.8463 -0.3729 0.3804
vn -0.8441 -0.3833 0.3749
vn -0.9003 -0.2432 0.3611
vn -0.9345 -0.2819 0.2172
vn -0.9171 -0.3697 0.1492
vn -0.9189 -0.3942 0.0128
vn -0.6049 -0.7570 0.2471
vn -0.8873 -0.4486 0.1065
vn -0.5992 -0.5049 0.6213
vn -0.8510 -0.4025 0.3372
vn -0.9241 -0.3596 0.1295
vn -0.1121 -0.9211 0.3729
vn -0.0971 -0.6144 0.7830
vn 0.3474 -0.8653 0.3614
vn 0.4416 -0.5662 0.6959
vn 0.7291 -0.6288 0.2703
vn 0.8335 -0.5462 0.0836
vn -0.2245 0.6434 0.7319
vn -0.4387 0.2354 0.8673
vn -0.5349 0.2986 0.7904
vn -0.3138 0.6811 0.6615
vn -0.2349 0.5818 0.7787
vn -0.3117 0.3011 0.9012
vn -0.3253 0.2861 0.9013
vn -0.4876 0.2719 0.8297
vn -0.3919 0.2973 0.8707
vn -0.2714 0.3471 0.8977
vn -0.2875 0.2148 0.9334
vn -0.1333 0.4662 0.8746
vn -0.1125 0.3458 0.9316
vn -0.1145 0.1492 0.9821
vn 0.1025 0.2904 0.9514
vn -0.5412 0.4537 0.7079
vn -0.4101 0.4943 0.7665
vn 0.9843 0.0989 0.1465
vn 0.9844 0.1114 0.1364
vn 0.9873 0.0460 0.1523
vn 0.9961 0.0758 0.0454
vn 0.0416 0.3975 0.9167
vn -0.0584 0.0371 0.9976
vn -0.6139 0.7834 -0.0965
vn -0.4479 0.8886 -0.0990
vn -0.7068 0.7032 -0.0763
vn -0.7191 0.6926 0.0564
vn -0.4808 0.8754 0.0502
vn -0.5145 0.8574 0.0131
vn -0.3991 0.8979 0.1857
vn -0.0536 0.9655 0.2548
vn -0.2615 0.8713 0.4152
vn -0.6294 0.7255 0.2782
vn -0.8710 0.3556 0.3390
vn -0.7363 0.4259 0.5258
vn -0.4895 0.6779 0.5485
vn 0.1696 0.9203 0.3527
vn 0.1758 0.9442 0.2785
vn -0.9575 0.2601 0.1245
vn -0.9561 0.2854 -0.0671
vn -0.8397 -0.1303 0.5271
vn -0.8358 -0.0192 0.5487
vn -0.8131 -0.2953 0.5017
vn -0.9437 -0.2570 0.2082
vn -0.9282 -0.2677 0.2586
vn -0.8128 -0.5004 0.2983
vn -0.8341 -0.4971 0.2392
vn -0.7551 -0.5913 0.2830
vn -0.7703 -0.5515 0.3202
vn -0.8163 -0.4713 0.3341
vn -0.8191 -0.4849 0.3065
vn -0.9628 -0.2074 0.1730
vn -0.9727 -0.2081 0.1031
vn -0.9933 0.1103 0.0350
vn -0.9855 0.1699 0.0026
vn -0.9937 0.0971 0.0566
vn -0.9652 -0.1628 0.2049
vn -0.9895 0.1446 0.0045
vn -0.9898 0.1334 0.0503
vn -0.9878 0.1559 0.0002
vn -0.9733 0.2273 -0.0307
vn -0.9561 0.2790 0.0895
vn -0.9832 0.1817 0.0159
vn -0.9760 0.2158 -0.0297
vn -0.9644 -0.2626 0.0322
vn -0.9849 0.1724 0.0131
vn -0.9931 0.1164 -0.0155
vn -0.9734 -0.2285 -0.0160
vn -0.9853 -0.1577 -0.0653
vn 0.9698 0.1696 0.1752
vn 0.9363 0.2236 0.2709
vn -0.9931 0.1161 -0.0138
vn -0.9942 0.1016 -0.0363
vn -0.9919 0.1119 0.0599
vn -0.9925 0.1025 0.0666
vn -0.9758 -0.0931 0.1981
vn -0.9820 -0.0095 0.1887
vn -0.8665 -0.3881 0.3139
vn -0.7727 -0.5086 0.3799
vn -0.4536 -0.0797 -0.8876
vn -0.6801 -0.0339 -0.7323
vn -0.5061 0.0823 -0.8585
vn -0.6602 0.0562 -0.7490
vn -0.6607 0.0900 -0.7453
vn -0.8186 0.0822 -0.5685
vn -0.8035 0.0960 -0.5875
vn -0.7816 0.1249 -0.6112
vn 0.9663 0.0853 0.2430
vn 0.9187 -0.1261 0.3743
vn 0.9365 -0.1216 0.3288
vn 0.9484 -0.0820 0.3063
vn 0.8606 0.1864 0.4740
vn 0.8219 -0.3147 0.4747
vn 0.8104 -0.2833 0.5128
vn 0.8077 -0.3346 0.4854
vn 0.8476 -0.1032 0.5205
vn 0.7681 0.2566 0.5867
vn 0.7596 -0.0807 0.6454
vn 0.7117 -0.3053 0.6327
vn 0.8550 -0.1752 0.4881
vn 0.8466 0.0191 0.5319
vn 0.6979 0.3830 0.6052
vn 0.8251 0.0952 0.5569
vn 0.8848 -0.0957 0.4561
vn 0.8359 -0.1750 0.5203
vn 0.7910 0.2055 0.5763
vn 0.7280 0.3400 0.5954
vn -0.9805 0.1200 -0.1558
vn -0.9732 0.1991 -0.1150
vn -0.9639 0.1092 -0.2427
vn -0.9518 0.2103 -0.2231
vn -0.9700 0.1961 -0.1438
vn -0.9574 0.0957 -0.2725
vn -0.9758 0.1319 -0.1744
vn -0.9991 0.0329 0.0262
vn -0.9201 0.0902 -0.3812
vn -0.9255 0.0936 -0.3670
vn -0.8173 0.1039 -0.5668
vn -0.2005 0.7483 0.6324
vn -0.2200 0.8485 0.4813
vn -0.8727 -0.0929 0.4794
vn -0.7777 -0.1522 0.6099
vn 0.7329 -0.2713 0.6239
vn 0.7285 -0.4264 0.5361
vn 0.8075 -0.2755 0.5217
vn 0.8336 -0.2509 0.4922
vn 0.8710 -0.2244 0.4371
vn 0.8854 -0.1808 0.4282
vn 0.9127 -0.1338 0.3861
vn 0.9008 -0.2033 0.3837
vn 0.8071 -0.3062 0.5049
vn 0.8025 -0.1678 0.5726
vn -0.4247 0.6107 0.6684
vn -0.4771 0.6311 0.6117
vn -0.6361 0.4074 0.6553
vn 0.1258 0.9337 0.3351
vn 0.0174 0.7931 0.6089
vn 0.2247 0.6229 0.7493
vn 0.3098 0.7757 0.5499
vn 0.5679 0.5309 0.6290
vn 0.3996 0.4329 0.8080
vn -0.2792 0.8600 0.4271
vn -0.1072 0.9703 0.2168
vn -0.2628 0.9641 -0.0372
vn -0.3754 0.9233 0.0819
vn -0.0169 0.9995 0.0264
vn 0.1334 0.9858 0.1016
vn -0.5162 0.8190 0.2505
vn -0.6334 0.7445 0.2110
vn -0.5564 0.8286 0.0618
vn -0.4199 0.9070 -0.0310
vn -0.1730 0.9837 0.0501
vn -0.1873 0.9816 -0.0375
vn 0.0487 0.9980 -0.0407
vn 0.0193 0.9938 0.1095
vn 0.1697 0.9706 0.1705
vn 0.1781 0.9839 -0.0161
vn 0.1766 0.9840 -0.0221
vn 0.0099 0.9973 -0.0734
vn -0.2560 0.9639 -0.0739
vn 0.1126 0.9551 0.2741
vn 0.4309 0.8540 0.2917
vn 0.3458 0.9264 0.1489
vn 0.4281 0.9037 -0.0024
vn -0.5600 0.7893 0.2518
vn 0.8467 -0.1219 -0.5179
vn 0.8074 -0.3740 -0.4563
vn 0.5503 -0.5183 -0.6546
vn -0.8463 0.3854 0.3678
vn -0.9021 0.1965 0.3843
vn -0.8788 0.2139 0.4266
vn -0.8589 0.1375 0.4934
vn -0.9058 0.0465 0.4211
vn -0.9041 -0.0231 0.4266
vn -0.8813 -0.0686 0.4675
vn -0.8416 0.3627 0.4001
vn -0.9029 0.1620 0.3983
vn -0.9048 -0.0221 0.4252
vn 0.9870 0.1570 -0.0329
vn 0.9772 0.2106 -0.0263
vn 0.9943 0.0891 -0.0593
vn 0.9735 0.2239 0.0476
vn 0.7000 0.1640 -0.6951
vn 0.8786 0.1982 -0.4345
vn 0.8686 0.2941 -0.3987
vn 0.6252 0.3622 -0.6913
vn 0.9243 0.2216 -0.3106
vn 0.9274 0.1869 -0.3241
vn 0.5582 -0.1736 -0.8113
vn 0.7899 -0.0364 -0.6122
vn 0.4454 0.1336 -0.8853
vn 0.4265 0.4163 -0.8030
vn 0.9187 0.0748 -0.3878
vn 0.9471 0.1199 -0.2976
vn 0.8574 -0.1555 -0.4906
vn 0.5463 -0.5565 -0.6260
vn 0.6446 -0.1882 -0.7410
vn 0.6200 0.0862 -0.7799
vn 0.9513 0.0381 -0.3059
vn 0.7361 0.6469 0.1992
vn 0.6575 0.7370 0.1567
vn 0.6987 0.7080 0.1031
vn 0.7370 0.6469 0.1957
vn 0.6885 0.5908 0.4206
vn 0.4298 0.9018 0.0452
vn 0.3900 0.8819 0.2649
vn -0.9936 0.0952 -0.0613
vn -0.9813 0.0764 -0.1769
vn -0.9641 0.0745 -0.2548
vn -0.9844 0.0769 -0.1583
vn -0.9948 0.0836 -0.0574
vn -0.9946 0.0300 0.0998
vn -0.9945 0.0029 0.1044
vn -0.9037 -0.2281 0.3622
vn -0.9655 -0.1143 0.2341
vn -0.9523 -0.0866 0.2927
vn -0.9177 -0.0966 0.3854
vn -0.9080 0.0106 0.4188
vn -0.9561 -0.0145 0.2928
vn -0.9969 0.0456 0.0639
vn -0.9955 0.0823 -0.0469
vn -0.9883 0.0692 -0.1356
vn -0.9824 0.0368 0.1832
vn -0.9231 -0.1426 0.3572
vn -0.8491 -0.2111 0.4842
vn -0.8490 -0.2032 0.4878
vn -0.8972 -0.0915 0.4321
vn -0.9899 0.1391 0.0264
vn -0.9902 0.1362 -0.0303
vn -0.9881 0.0878 -0.1262
vn -0.9534 0.0617 0.2952
vn -0.8950 -0.0281 0.4452
vn -0.9738 0.1809 0.1381
vn -0.9783 0.2009 0.0507
vn -0.9852 0.1665 0.0406
vn -0.9940 0.0880 -0.0646
vn -0.8870 0.0763 0.4555
vn -0.9586 0.0785 0.2739
vn -0.9918 0.0711 0.1061
vn -0.9755 0.2095 0.0676
vn -0.9688 0.2174 0.1188
vn -0.9941 0.1066 -0.0178
vn -0.9851 0.0509 0.1641
vn -0.9675 0.0689 -0.2435
vn -0.9686 0.1057 -0.2251
vn -0.9675 0.1206 -0.2222
vn -0.9663 0.1006 -0.2369
vn -0.9688 0.0829 -0.2337
vn 0.2390 0.6989 0.6740
vn 0.2450 0.7630 0.5981
vn 0.4144 0.4677 0.7807
vn 0.3206 0.4492 0.8339
vn 0.2926 0.0160 0.9561
vn 0.4556 -0.0210 0.8899
vn 0.6264 0.0327 0.7788
vn 0.5261 0.4901 0.6950
vn 0.1044 0.7352 0.6697
vn 0.1288 0.5444 0.8289
vn 0.1582 0.0474 0.9863
vn 0.0412 0.0411 0.9983
vn -0.0481 0.4528 0.8903
vn -0.1096 0.6699 0.7343
vn 0.2439 0.5279 0.8135
vn 0.1504 0.4399 0.8853
vn -0.0854 0.4128 0.9068
vn -0.1127 -0.0096 0.9936
vn -0.2403 0.4255 0.8725
vn -0.2173 0.6565 0.7224
vn -0.2414 0.4432 0.8633
vn -0.4744 -0.0097 0.8802
vn -0.4876 0.3540 0.7981
vn -0.6510 0.4879 0.5815
vn -0.6069 0.2615 0.7505
vn -0.7369 0.0308 0.6753
vn -0.7633 0.1416 0.6303
vn -0.9026 0.1000 0.4187
vn -0.8645 0.0675 0.4981
vn 0.2588 0.0544 0.9644
vn 0.2769 0.1688 0.9459
vn 0.1226 0.0702 0.9900
vn 0.1202 0.0234 0.9925
vn 0.0601 0.0255 0.9979
vn 0.0388 0.0789 0.9961
vn 0.1409 0.2511 0.9576
vn 0.3207 0.3078 0.8958
vn -0.0136 0.0380 0.9992
vn -0.0453 0.0763 0.9961
vn 0.1560 0.0095 0.9877
vn 0.0790 -0.0066 0.9969
vn 0.0156 0.0036 0.9999
vn -0.1957 0.0661 0.9784
vn -0.2034 0.1221 0.9714
vn -0.1871 0.0207 0.9821
vn -0.1626 -0.0288 0.9863
vn 0.0356 -0.0076 0.9993
vn 0.0809 -0.0182 0.9966
vn -0.5251 0.0085 0.8510
vn -0.5414 0.0208 0.8405
vn -0.5326 0.0480 0.8450
vn -0.5186 -0.0355 0.8543
vn -0.1459 -0.0148 0.9892
vn 0.0171 -0.0038 0.9998
vn 0.0485 -0.0427 0.9979
vn -0.1694 -0.0493 0.9843
vn -0.5115 -0.0554 0.8575
vn -0.7321 -0.0371 0.6801
vn -0.7289 -0.0246 0.6842
vn 0.5795 -0.0038 0.8149
vn 0.6051 -0.0491 0.7946
vn 0.8149 0.0616 0.5764
vn 0.7747 0.1138 0.6219
vn 0.7826 0.0948 0.6152
vn 0.8235 0.0147 0.5671
vn 0.8339 0.0165 0.5517
vn 0.8130 0.0266 0.5816
vn 0.6193 -0.0470 0.7837
vn 0.8271 0.0914 0.5546
vn 0.8807 0.0449 0.4715
vn 0.8830 0.4082 0.2318
vn 0.7399 0.4449 0.5047
vn 0.7823 0.2182 0.5834
vn 0.5383 0.0885 0.8381
vn 0.3294 -0.0122 0.9441
vn 0.2724 0.0168 0.9620
vn 0.4902 0.2164 0.8443
vn 0.7287 0.3363 0.5966
vn 0.3905 -0.0623 0.9185
vn 0.4509 -0.0693 0.8899
vn 0.3962 0.4566 0.7966
vn 0.4513 0.3445 0.8232
vn 0.1547 -0.0277 0.9876
vn 0.2138 -0.0386 0.9761
vn 0.2818 -0.0512 0.9581
vn 0.1196 -0.0012 0.9928
vn 0.1524 -0.0419 0.9874
vn -0.5435 0.5440 -0.6393
vn -0.4085 0.2669 -0.8729
vn -0.6190 0.2917 -0.7292
vn -0.7363 -0.0871 -0.6710
vn -0.4566 -0.2423 -0.8561
vn -0.6536 -0.0550 -0.7548
vn -0.5902 0.2364 -0.7719
vn -0.8288 0.1378 -0.5423
vn -0.8029 0.2554 -0.5387
vn 0.1078 -0.9935 -0.0359
vn 0.0434 -0.9988 -0.0246
vn 0.0214 -0.9995 -0.0242
vn 0.0759 -0.9960 -0.0471
vn 0.0388 -0.9972 -0.0636
vn -0.0016 -0.9999 -0.0149
vn -0.0141 -0.9994 -0.0307
vn 0.0054 -0.9990 -0.0447
vn 0.0187 -0.9994 -0.0287
vn 0.0543 -0.9984 -0.0142
vn 0.1739 -0.9843 -0.0298
vn 0.4750 -0.8677 -0.1465
vn 0.3862 -0.8847 -0.2610
vn 0.0182 -0.9998 -0.0086
vn 0.8752 -0.3707 -0.3107
vn 0.0518 -0.9987 -0.0019
vn 0.0269 -0.9996 0.0028
vn 0.0219 -0.9998 -0.0007
vn 0.7851 -0.5061 0.3571
vn 0.8342 -0.5068 0.2173
vn 0.7317 -0.2843 0.6195
vn 0.5662 -0.0346 0.8235
vn 0.8582 -0.4582 0.2312
vn 0.2638 0.2019 0.9432
vn 0.1877 0.0693 0.9798
vn 0.3598 0.0495 0.9317
vn 0.3869 0.1873 0.9029
vn 0.5093 0.0675 0.8579
vn 0.4580 -0.0686 0.8863
vn 0.2197 -0.0539 0.9741
vn 0.2694 -0.4459 0.8536
vn 0.5553 -0.3278 0.7643
vn 0.2991 -0.8089 0.5062
vn 0.6023 -0.6479 0.4663
vn 0.1071 -0.1628 0.9808
vn 0.0902 -0.0485 0.9947
vn 0.0987 0.0725 0.9925
vn 0.0882 -0.4968 0.8634
vn 0.0496 0.0742 0.9960
vn 0.0696 0.0363 0.9969
vn 0.0479 -0.1423 0.9887
vn -0.1407 0.1375 0.9805
vn -0.1285 -0.0937 0.9873
vn -0.2278 0.4868 0.8433
vn -0.1132 0.6548 0.7473
vn 0.3098 -0.9452 0.1028
vn 0.0300 -0.9995 0.0028
vn 0.0346 -0.9993 0.0104
vn 0.0807 -0.9964 0.0248
vn 0.3219 -0.9408 0.1065
vn 0.7229 -0.6572 0.2134
vn 0.0020 -1.0000 0.0001
vn -0.0014 -1.0000 0.0007
vn -0.0033 -1.0000 -0.0033
vn 0.0841 -0.9961 0.0251
vn 0.3637 -0.9258 0.1032
vn 0.6648 -0.7216 0.1931
vn 0.0109 -0.9999 0.0053
vn 0.0020 -1.0000 -0.0006
vn -0.0004 -1.0000 -0.0028
vn -0.0038 -1.0000 -0.0013
vn 0.0919 -0.9952 0.0322
vn 0.3670 -0.9231 0.1152
vn 0.6525 -0.7380 0.1719
vn 0.0093 -1.0000 0.0022
vn 0.0017 -1.0000 0.0019
vn 0.0054 -0.9999 0.0092
vn -0.0011 -1.0000 0.0011
vn -0.0030 -1.0000 -0.0052
vn 0.7722 -0.6002 0.2085
vn 0.6471 -0.7394 0.1858
vn 0.7770 -0.5992 0.1928
vn 0.8290 -0.5393 0.1479
vn 0.3599 -0.9270 0.1060
vn 0.1141 -0.9927 0.0389
vn 0.0221 -0.9998 -0.0010
vn -0.0098 -0.9999 -0.0043
vn -0.0190 -0.9998 -0.0007
vn -0.0127 -0.9999 0.0110
vn -0.0016 -0.9999 0.0142
vn -0.0039 -0.9999 -0.0097
vn 0.7606 -0.6121 0.2166
vn 0.6528 -0.7340 0.1873
vn 0.3732 -0.9204 0.1164
vn 0.1115 -0.9935 0.0228
vn 0.0226 -0.9997 0.0030
vn -0.0146 -0.9999 -0.0081
vn -0.0112 -0.9998 -0.0168
vn 0.0031 -0.9998 -0.0201
vn -0.0057 -0.9998 -0.0187
vn -0.0063 -1.0000 0.0024
vn -0.0208 -0.9997 0.0098
vn 0.7821 -0.5951 0.1847
vn 0.6349 -0.7584 0.1471
vn 0.3577 -0.9303 0.0806
vn 0.1203 -0.9926 0.0179
vn 0.0085 -1.0000 -0.0026
vn 0.0023 -1.0000 -0.0081
vn 0.0079 -0.9997 -0.0229
vn -0.0014 -0.9998 -0.0204
vn -0.0193 -0.9998 -0.0070
vn -0.0171 -0.9997 0.0179
vn -0.0133 -0.9999 -0.0103
vn -0.0060 -1.0000 0.0024
vn 0.3162 -0.9457 0.0751
vn 0.6014 -0.7875 0.1345
vn 0.7647 -0.6318 0.1270
vn 0.0714 -0.9973 0.0184
vn 0.0033 -1.0000 0.0069
vn 0.0113 -0.9999 -0.0042
vn -0.0013 -1.0000 0.0036
vn -0.0285 -0.9996 -0.0050
vn -0.0935 -0.9866 0.1339
vn -0.0816 -0.9658 0.2460
vn 0.3072 -0.9298 0.2028
vn 0.5272 -0.8245 0.2056
vn 0.7077 -0.6754 0.2071
vn 0.0847 -0.9812 0.1737
vn 0.0009 -0.9933 0.1156
vn -0.0166 -0.9962 0.0853
vn 0.0943 -0.8365 0.5399
vn 0.0523 -0.5632 0.8247
vn 0.0177 -0.8890 0.4576
vn -0.2051 -0.2938 0.9336
vn -0.1468 -0.6500 0.7456
vn -0.0785 -0.9257 0.3700
vn -0.6664 -0.0744 0.7418
vn -0.6483 0.0482 0.7599
vn -0.6463 -0.2489 0.7214
vn -0.5344 -0.6047 0.5906
vn -0.3187 -0.9073 0.2744
vn -0.0484 -0.9950 0.0868
vn -0.9101 -0.0774 0.4072
vn -0.9128 -0.0496 0.4053
vn -0.8981 -0.0243 0.4392
vn -0.8524 -0.3779 0.3615
vn -0.5975 -0.7317 0.3281
vn -0.2651 -0.9459 0.1872
vn -0.9292 -0.0516 0.3659
vn -0.9374 -0.0592 0.3431
vn -0.9170 -0.1503 0.3694
vn -0.7269 -0.5151 0.4543
vn -0.4335 -0.8392 0.3283
vn -0.6903 -0.1186 0.7137
vn -0.5339 -0.3344 0.7766
vn -0.2546 -0.7127 0.6537
vn -0.5453 0.2772 -0.7910
vn -0.5819 0.2196 -0.7831
vn -0.8031 0.1029 -0.5869
vn -0.6857 -0.0385 -0.7269
vn -0.7757 -0.0733 -0.6268
vn -0.5627 -0.0034 -0.8267
vn -0.4659 0.3645 -0.8062
vn -0.8876 0.0370 -0.4591
vn -0.7953 -0.0284 -0.6056
vn -0.6655 -0.1207 -0.7366
vn -0.9431 0.0778 -0.3234
vn -0.8848 0.0820 -0.4586
vn -0.7740 0.0844 -0.6275
vn -0.6357 0.0775 -0.7680
vn -0.8765 0.0922 -0.4725
vn -0.9402 0.0781 -0.3315
vn -0.7688 0.1030 -0.6311
vn -0.6338 0.1108 -0.7655
vn -0.7623 0.1125 -0.6374
vn -0.8797 0.1082 -0.4631
vn -0.9417 0.0931 -0.3232
vn -0.6270 0.1144 -0.7706
vn -0.8801 0.1278 -0.4572
vn -0.2584 0.2899 -0.9215
vn -0.2252 0.3311 -0.9163
vn -0.1870 0.2963 -0.9366
vn -0.9047 -0.0037 0.4261
vn -0.7778 -0.1232 0.6163
vn -0.7085 -0.1660 0.6859
vn -0.9194 0.0123 0.3932
vn -0.8826 -0.0713 0.4648
vn -0.6053 -0.3521 0.7139
vn -0.5804 -0.4073 0.7051
vn -0.4352 -0.3866 0.8131
vn -0.4647 -0.2960 0.8345
vn -0.8881 -0.1291 0.4411
vn -0.7113 -0.3887 0.5857
vn -0.7398 -0.4307 0.5170
vn -0.7196 -0.4952 0.4868
vn -0.7462 -0.3782 0.5479
vn -0.8937 0.3965 0.2100
vn -0.8788 0.3615 0.3116
vn 0.5077 -0.1975 0.8386
vn 0.5587 -0.2345 0.7955
vn 0.6435 -0.2798 0.7125
vn 0.4953 -0.0928 0.8638
vn 0.2667 -0.1078 0.9577
vn 0.3869 0.0041 0.9221
vn 0.3402 -0.1923 0.9205
vn 0.3904 -0.2720 0.8796
vn 0.7306 0.2280 0.6436
vn 0.7104 0.3250 0.6242
vn 0.6163 0.5195 0.5918
vn 0.6131 0.4884 0.6210
vn 0.9953 0.0646 -0.0723
vn -0.0016 -1.0000 0.0071
vn -0.0024 -1.0000 -0.0011
vn -0.0081 -0.9999 0.0092
vn -0.0128 -0.9999 0.0033
vn -0.0032 -1.0000 -0.0069
vn 0.0078 -1.0000 -0.0005
vn -0.0201 -0.9998 -0.0043
vn -0.0050 -1.0000 -0.0012
vn 0.0141 -0.9999 -0.0000
vn -0.1312 -0.9910 0.0248
vn -0.1048 -0.9944 0.0149
vn -0.0853 -0.9963 0.0111
vn 0.0104 -0.9999 0.0010
vn 0.0034 -1.0000 0.0061
vn -0.0466 -0.9989 0.0078
vn 0.0070 -1.0000 -0.0010
vn 0.0161 -0.9999 0.0028
vn 0.0117 -0.9999 0.0066
vn 0.0079 -1.0000 0.0051
vn -0.0213 -0.9997 0.0133
vn 0.0102 -0.9995 0.0288
vn 0.0122 -0.9996 0.0272
vn -0.0000 -0.9999 0.0158
vn 0.0136 -0.9996 0.0257
vn -0.0029 -0.9997 0.0228
vn -0.0093 -0.9998 0.0183
vn -0.4679 -0.8767 0.1117
vn -0.3937 -0.9119 0.1156
vn -0.3139 -0.9436 0.1052
vn -0.2493 -0.9652 0.0785
vn -0.2340 -0.9706 0.0563
vn -0.1939 -0.9807 0.0233
vn -0.1972 -0.9803 -0.0046
vn -0.0056 -0.9998 0.0188
vn 0.0027 -1.0000 0.0079
vn -0.1175 -0.9928 -0.0215
vn -0.0125 -0.9999 -0.0065
vn 0.0042 -1.0000 -0.0028
vn 0.0054 -0.9997 -0.0243
vn 0.0010 -0.9997 -0.0235
vn -0.0514 -0.9985 -0.0199
vn 0.0071 -0.9999 -0.0104
vn 0.0234 -0.9997 0.0048
vn -0.7627 -0.5979 0.2466
vn -0.7220 -0.6515 0.2327
vn -0.7138 -0.6830 0.1548
vn -0.6883 -0.7183 0.1014
vn -0.6643 -0.7452 0.0579
vn -0.6395 -0.7687 0.0160
vn -0.5661 -0.8230 -0.0472
vn -0.9097 -0.3100 0.2764
vn -0.9164 -0.3232 0.2363
vn -0.9401 -0.3019 0.1584
vn -0.9345 -0.3386 0.1096
vn -0.9445 -0.3236 0.0574
vn 0.8194 0.2878 0.4957
vn 0.7712 0.4409 0.4593
vn 0.7244 0.5528 0.4119
vn 0.7907 -0.5472 0.2745
vn -0.9751 0.1812 0.1274
vn -0.9824 0.1435 0.1193
vn -0.9860 0.0935 0.1378
vn -0.9698 0.1904 0.1525
vn -0.9877 0.1083 0.1127
vn -0.9857 0.1272 0.1106
vn -0.9860 0.0950 0.1372
vn -0.9837 0.1361 0.1178
vn -0.9769 0.1427 0.1591
vn -0.9852 0.0883 0.1468
vn -0.9866 0.0968 0.1310
vn -0.8927 -0.2414 0.3805
vn -0.9246 -0.0365 0.3792
vn -0.9685 0.1280 0.2137
vn -0.8844 -0.1778 0.4315
vn 0.8834 0.2437 -0.4002
vn 0.8936 0.2369 -0.3812
vn 0.8841 0.0116 -0.4671
vn -0.6266 -0.0186 -0.7791
vn -0.6588 -0.2351 -0.7147
vn -0.6634 -0.2581 -0.7023
vn -0.3439 -0.3168 -0.8839
vn -0.7458 -0.2368 -0.6227
vn 0.9211 0.3183 -0.2241
vn 0.9884 0.1431 0.0517
vn 0.9552 0.2318 -0.1842
vn 0.9896 0.1348 0.0499
vn 0.9837 0.1705 -0.0577
vn 0.8321 0.2512 -0.4945
vn -0.0068 0.2448 -0.9696
vn 0.0653 0.2679 -0.9612
vn 0.1890 0.2947 -0.9367
vn -0.0066 0.2261 -0.9741
vn 0.0569 0.2414 -0.9688
vn 0.1934 0.2583 -0.9465
vn 0.2460 0.2459 -0.9375
vn 0.2690 0.2820 -0.9209
vn 0.2727 0.2887 -0.9178
vn 0.4018 0.3046 -0.8636
vn 0.4014 0.2890 -0.8691
vn 0.4128 0.2707 -0.8697
vn 0.7012 0.3607 -0.6150
vn 0.7245 0.3824 -0.5734
vn 0.7493 0.2936 -0.5936
vn 0.7268 0.2399 -0.6436
vn -0.8803 0.1703 -0.4429
vn -0.6590 0.2979 -0.6906
vn -0.5919 0.1829 -0.7850
vn -0.3531 0.0295 -0.9351
vn -0.4027 0.2834 -0.8703
vn -0.5085 0.2985 -0.8076
vn -0.7151 0.3148 -0.6241
vn -0.2888 0.2305 -0.9292
vn -0.1656 0.2805 -0.9455
vn 0.9118 -0.3287 0.2462
vn 0.9670 -0.2435 0.0753
vn 0.8519 -0.4983 0.1611
vn 0.8433 -0.4975 0.2036
vn 0.9780 -0.1600 0.1337
vn -0.3280 -0.3089 0.8927
vn -0.6623 -0.1473 0.7346
vn -0.9089 0.0578 0.4129
vn -0.3083 -0.2159 0.9265
vn -0.5805 -0.1925 0.7912
vn -0.8626 0.0814 0.4994
vn -0.8043 -0.0349 0.5933
vn -0.7983 -0.0975 0.5943
vn -0.7974 0.0375 0.6024
vn -0.8044 0.0475 0.5922
vn -0.8208 0.1435 0.5529
vn -0.7816 0.0893 0.6174
vn -0.4578 -0.0767 0.8857
vn -0.3484 -0.0024 0.9374
vn -0.7234 0.1420 0.6757
vn -0.7975 0.2454 0.5511
vn -0.1129 0.7043 0.7008
vn 0.1131 0.6256 0.7719
vn 0.3847 0.4992 0.7764
vn 0.4675 0.4054 0.7856
vn 0.1207 0.2632 0.9572
vn -0.0048 0.3311 0.9436
vn -0.1717 0.3177 0.9325
vn -0.3399 0.3761 0.8620
vn -0.3311 0.7301 0.5978
vn 0.3693 0.3350 0.8668
vn 0.5308 0.2696 0.8035
vn -0.6230 0.1436 0.7689
vn -0.6446 0.4004 0.6513
vn -0.7307 0.4185 0.5393
vn -0.6619 0.5110 0.5485
vn -0.5817 0.6828 0.4420
vn -0.3275 0.0812 0.9413
vn -0.1811 0.0985 0.9785
vn -0.1184 0.0876 0.9891
vn 0.2350 0.1105 0.9657
vn 0.6158 0.1141 0.7796
vn -0.3513 -0.0086 0.9362
vn -0.5698 0.0201 0.8215
vn -0.2187 0.0404 0.9749
vn -0.0868 0.0497 0.9950
vn 0.2023 0.0545 0.9778
vn 0.5689 0.0543 0.8206
vn -0.2716 -0.0009 0.9624
vn -0.3946 -0.0397 0.9180
vn -0.5498 -0.0575 0.8333
vn -0.1521 0.0325 0.9878
vn 0.1994 0.0503 0.9786
vn 0.5772 0.0516 0.8150
vn -0.1564 -0.0239 0.9874
vn -0.3160 -0.0579 0.9470
vn -0.4437 -0.0835 0.8923
vn 0.1648 -0.0210 0.9861
vn 0.5733 0.0268 0.8189
vn 0.1071 -0.0899 0.9902
vn -0.2114 -0.1059 0.9717
vn -0.3525 -0.1212 0.9279
vn 0.5421 -0.0736 0.8371
vn 0.4159 0.0211 0.9092
vn 0.0567 -0.0029 0.9984
vn -0.2252 0.0342 0.9737
vn 0.0038 0.4157 0.9095
vn -0.4518 0.3226 0.8317
vn 0.4167 0.6498 -0.6357
vn 0.4819 0.7317 -0.4821
vn 0.5439 0.6031 -0.5835
vn 0.7867 0.5222 -0.3292
vn 0.7045 0.5969 -0.3838
vn 0.8589 0.4233 -0.2882
vn 0.9491 0.2938 -0.1135
vn 0.9719 0.2246 -0.0702
vn 0.9858 0.1626 -0.0426
vn 0.9930 0.0967 0.0684
vn 0.9963 0.0795 0.0338
vn 0.9962 0.0798 0.0350
vn 0.9913 0.0967 0.0897
vn 0.9902 0.1060 0.0910
vn -0.3602 -0.9196 -0.1568
vn -0.9429 -0.3325 -0.0205
vn -0.9098 -0.3872 -0.1492
vn -0.7691 -0.5456 -0.3328
vn -0.9646 -0.0328 -0.2617
vn -0.9868 0.1559 0.0442
vn -0.9933 0.0997 0.0587
vn -0.9966 0.0181 0.0800
vn -0.9979 0.0573 0.0314
vn -0.9986 0.0532 -0.0004
vn -0.9958 0.0593 0.0702
vn -0.9980 0.0572 0.0252
vn -0.9958 -0.0128 0.0907
vn -0.9956 0.0869 0.0337
vn -0.9955 0.0687 0.0651
vn -0.9966 0.0737 0.0366
vn -0.9926 0.1161 -0.0354
vn -0.9934 0.1146 0.0005
vn -0.9913 0.1042 -0.0808
vn -0.9964 0.0783 -0.0312
vn -0.9964 0.0796 -0.0275
vn -0.9865 0.1582 0.0431
vn -0.9882 0.1445 0.0512
vn -0.9879 0.1485 0.0446
vn -0.9783 0.1824 -0.0987
vn -0.9569 0.2564 -0.1365
vn -0.8898 0.3511 -0.2914
vn -0.9881 0.1531 -0.0165
vn -0.9793 0.1348 -0.1511
vn -0.9773 -0.0659 -0.2012
vn -0.7584 -0.4833 -0.4372
vn -0.7041 -0.5182 -0.4854
vn -0.9426 0.0592 -0.3287
vn -0.0022 -1.0000 -0.0038
vn -0.0036 -0.9998 0.0183
vn -0.0046 -1.0000 -0.0040
vn -0.0155 -0.9999 -0.0057
vn -0.0175 -0.9998 0.0131
vn -0.0064 -1.0000 -0.0031
vn -0.0076 -0.9999 -0.0137
vn -0.0077 -0.9999 -0.0155
vn -0.0079 -0.9996 0.0258
vn -0.0001 -0.9997 0.0255
vn -0.0090 -0.9998 0.0162
vn 0.0166 -0.9997 0.0180
vn -0.0023 -1.0000 -0.0079
vn -0.0037 -1.0000 -0.0060
vn -0.0026 -1.0000 -0.0045
vn 0.0064 -1.0000 -0.0035
vn 0.0009 -0.9998 0.0210
vn -0.0036 -0.9998 0.0178
vn -0.0107 -0.9999 -0.0021
vn -0.0049 -1.0000 -0.0034
vn 0.0030 -1.0000 -0.0030
vn -0.0080 -1.0000 -0.0011
vn -0.0006 -1.0000 -0.0041
vn 0.0016 -1.0000 -0.0021
vn 0.0021 -1.0000 -0.0041
vn -0.0002 -0.9999 -0.0138
vn -0.0025 -0.9999 0.0161
vn -0.0059 -0.9995 0.0299
vn -0.0006 -1.0000 0.0036
vn -0.0105 -0.9999 0.0111
vn -0.0084 -0.9999 0.0071
vn -0.0051 -1.0000 0.0007
vn -0.0077 -1.0000 -0.0032
vn -0.0218 -0.9997 -0.0054
vn -0.0126 -0.9999 -0.0079
vn 0.0048 -0.9999 0.0133
vn -0.0013 -0.9998 0.0203
vn -0.0031 -1.0000 0.0077
vn 0.0025 -0.9998 -0.0216
vn 0.0012 -0.9998 -0.0201
vn -0.0010 -0.9999 -0.0145
vn -0.0148 -0.9997 -0.0208
vn -0.0113 -0.9999 -0.0086
vn -0.0034 -0.9999 0.0159
vn 0.0056 -0.9996 0.0271
vn 0.0105 -0.9997 0.0205
vn 0.0090 -0.9999 0.0069
vn 0.0072 -0.9999 -0.0097
vn 0.0085 -0.9999 0.0072
vn 0.0090 -0.9998 -0.0154
vn 0.0089 -0.9997 -0.0248
vn 0.0049 -0.9998 -0.0208
vn 0.0022 -0.9997 -0.0254
vn 0.0100 -0.9999 -0.0054
vn 0.1841 0.2719 0.9445
vn 0.3704 0.3402 0.8643
vn 0.3776 0.5731 0.7273
vn 0.2017 0.1690 0.9648
vn 0.2392 0.3269 0.9143
vn 0.8040 0.0024 0.5946
vn 0.8675 0.0485 0.4951
vn 0.7221 0.2943 0.6261
vn 0.6873 0.1370 0.7133
vn 0.2833 0.3697 0.8849
vn 0.2876 0.6924 0.6617
vn 0.1836 0.5131 0.8385
vn 0.6292 0.2712 0.7284
vn 0.9041 0.0849 0.4188
vn 0.6446 0.0195 0.7643
vn 0.1750 0.0666 0.9823
vn -0.0805 0.1379 0.9872
vn -0.0533 0.4896 0.8703
vn -0.0820 0.7498 0.6566
vn 0.8165 -0.0463 0.5755
vn 0.1445 -0.0844 0.9859
vn -0.0803 -0.0383 0.9960
vn -0.2721 0.5895 0.7606
vn -0.9163 -0.2004 -0.3469
vn -0.9858 0.0585 -0.1574
vn -0.9845 0.1750 -0.0078
vn -0.7866 -0.3913 -0.4777
vn -0.6631 -0.5173 -0.5411
vn -0.5542 -0.5697 -0.6069
vn -0.5372 -0.5805 -0.6120
vn -0.7670 -0.3682 -0.5254
vn -0.9808 0.0330 -0.1922
vn -0.9734 0.2222 0.0554
vn -0.9803 0.1967 0.0175
vn -0.9394 0.3407 0.0377
vn -0.9704 0.1988 0.1368
vn -0.9691 0.2149 0.1208
vn -0.9806 0.1953 -0.0175
vn -0.9870 0.1348 -0.0877
vn -0.9791 0.1944 -0.0590
vn -0.9664 0.2328 -0.1087
vn -0.9775 0.2034 -0.0557
vn -0.9915 0.1043 0.0771
vn -0.9512 0.3068 -0.0334
vn -0.9317 0.3479 -0.1044
vn -0.9689 0.2358 -0.0751
vn -0.9350 0.3534 -0.0298
vn -0.9386 0.3412 -0.0516
vn -0.9630 0.2676 -0.0323
vn -0.9881 0.1535 0.0057
vn -0.9793 0.2025 -0.0016
vn -0.9731 0.2296 -0.0199
vn -0.9839 0.1724 0.0459
vn -0.9390 0.3372 0.0680
vn -0.9912 0.1285 0.0322
vn -0.9968 0.0689 0.0411
vn -0.9399 0.3405 0.0258
vn -0.9075 0.4199 0.0101
vn -0.9957 0.0822 0.0427
vn -0.9633 0.2681 -0.0154
vn -0.9394 0.3408 0.0376
vn -0.9952 0.0978 0.0044
vn -0.9867 0.1618 0.0184
vn -0.9322 0.3529 0.0802
vn -0.9107 0.4040 0.0865
vn -0.9450 0.3250 0.0351
vn -0.9613 0.2673 0.0671
vn -0.9895 0.1207 0.0790
vn -0.9940 0.1085 0.0119
vn -0.9761 0.2072 0.0655
vn -0.8844 0.4553 0.1026
vn -0.9843 0.1187 0.1305
vn -0.9681 0.2258 0.1089
vn -0.9513 0.3052 0.0444
vn -0.9867 0.1593 0.0323
vn -0.9673 0.2215 0.1233
vn -0.8811 0.4387 0.1768
vn -0.9700 0.2385 0.0478
vn -0.9594 0.2640 0.0995
vn -0.9844 0.1451 0.0996
vn -0.9462 0.2749 0.1705
vn -0.8697 0.4235 0.2536
vn -0.9766 0.1260 0.1742
vn -0.9647 0.1951 0.1771
vn -0.9634 0.2186 0.1552
vn -0.8989 0.3264 0.2924
vn -0.9323 0.2530 0.2585
vn -0.9359 0.2361 0.2616
vn -0.9588 0.1890 0.2119
vn -0.9761 0.0925 0.1968
vn -0.9631 0.1878 0.1925
vn -0.9394 0.2439 0.2409
vn -0.9888 0.1473 0.0240
vn -0.9670 0.1738 0.1864
vn -0.9783 0.1694 0.1189
vn -0.9900 0.0454 0.1338
vn -0.9803 0.0963 0.1726
vn 0.8288 -0.5071 0.2364
vn 0.9677 -0.1244 0.2193
vn 0.8350 -0.3651 -0.4116
vn 0.8682 -0.2992 -0.3958
vn 0.9752 -0.0374 -0.2182
vn 0.9900 -0.0334 -0.1369
vn 0.9882 0.1312 0.0792
vn 0.9967 0.0792 -0.0170
vn 0.9748 0.1292 -0.1820
vn 0.9648 0.0267 -0.2617
vn 0.8898 -0.1318 -0.4370
vn 0.9945 -0.0290 -0.1005
vn 0.9932 0.1023 -0.0558
vn 0.9888 0.1393 -0.0531
vn 0.9832 -0.0985 -0.1540
vn 0.9974 0.0676 0.0242
vn 0.9937 0.0972 -0.0552
vn 0.9962 0.0702 -0.0510
vn -0.4895 -0.0363 0.8712
vn -0.4859 0.0770 0.8706
vn -0.8539 0.1600 0.4952
vn -0.8432 0.0805 0.5315
vn -0.9497 0.1895 0.2492
vn -0.9760 0.1490 0.1586
vn -0.9481 0.1565 0.2767
vn -0.8596 0.2352 0.4537
vn -0.5587 0.2120 0.8018
vn -0.1927 -0.0864 0.9775
vn -0.2035 0.0200 0.9789
vn -0.1376 0.1487 0.9793
vn -0.1982 0.0556 0.9786
vn -0.9321 0.1650 0.3224
vn -0.7708 0.0018 0.6371
vn -0.4466 -0.1395 0.8838
vn -0.3248 -0.1377 0.9357
vn -0.4436 -0.2201 0.8688
vn -0.7084 -0.1588 0.6877
vn -0.6346 -0.3177 0.7045
vn -0.4379 -0.3204 0.8400
vn -0.9443 0.0466 0.3258
vn 0.9426 0.3195 0.0975
vn 0.9292 0.3648 0.0592
vn 0.8851 -0.1191 0.4499
vn -0.5332 0.1452 0.8335
vn -0.7371 -0.0069 0.6758
vn -0.7790 0.0242 0.6265
vn -0.6836 0.0564 0.7277
vn -0.5662 -0.0407 0.8233
vn -0.4018 0.0282 0.9153
vn -0.3190 -0.0479 0.9465
vn -0.3373 -0.1043 0.9356
vn -0.1460 -0.0135 0.9892
vn -0.3059 0.0137 0.9520
vn 0.5487 -0.0303 0.8355
vn 0.5035 -0.0059 0.8640
vn 0.4727 0.0053 0.8812
vn 0.5640 -0.0366 0.8249
vn -0.2197 0.3212 0.9212
vn -0.2835 0.4253 0.8595
vn -0.6400 0.4963 0.5865
vn -0.3703 0.6854 0.6270
vn -0.6073 0.5621 0.5615
vn 0.2612 0.9426 0.2080
vn 0.3041 0.8081 0.5046
vn -0.0109 0.7765 0.6300
vn -0.4609 0.7357 0.4964
vn -0.5007 0.6062 0.6179
vn -0.7608 0.4641 0.4536
vn -0.5945 0.0912 0.7989
vn -0.3990 0.6047 0.6893
vn -0.2867 0.7610 0.5819
vn -0.4747 0.0807 0.8764
vn -0.1833 0.7697 0.6116
vn -0.2606 0.5864 0.7669
vn -0.3650 0.1230 0.9228
vn -0.0345 0.4985 0.8662
vn -0.5843 -0.1295 0.8011
vn -0.5688 -0.0876 0.8178
vn -0.4528 -0.1402 0.8805
vn -0.2834 0.2716 -0.9197
vn -0.5678 0.2743 -0.7761
vn -0.3369 0.2835 -0.8978
vn -0.7393 0.3256 -0.5894
vn -0.2290 0.2374 -0.9440
vn 0.0439 0.4333 0.9002
vn -0.6573 0.2869 0.6969
vn 0.2389 0.2085 0.9484
vn -0.4734 0.2516 0.8441
vn -0.7811 0.1133 0.6141
vn -0.7480 0.2951 0.5945
vn -0.4935 0.2552 0.8315
vn -0.5468 0.4346 0.7157
vn 0.2714 0.0254 0.9621
vn -0.4722 0.0749 0.8783
vn 0.2995 0.0690 0.9516
vn 0.3784 0.0650 0.9234
vn 0.9045 -0.0448 0.4242
vn 0.7831 -0.0824 0.6165
vn 0.7255 0.0008 0.6882
vn -0.2809 -0.0473 0.9586
vn 0.0492 -0.0228 0.9985
vn 0.8858 -0.0632 0.4598
vn 0.8858 -0.1015 0.4529
vn 0.9227 -0.0822 0.3766
vn 0.6657 -0.1597 0.7290
vn 0.8254 -0.0947 0.5566
vn -0.8027 -0.0842 0.5904
vn -0.8815 -0.0010 0.4721
vn -0.0755 -0.0721 0.9945
vn -0.7179 -0.1056 0.6881
vn 0.7115 -0.0847 0.6975
vn -0.0339 -0.1590 0.9867
vn 0.2145 -0.3252 0.9210
vn -0.9436 -0.0289 0.3298
vn -0.9931 0.0299 -0.1131
vn -0.9037 -0.3042 -0.3014
vn -0.6951 -0.5672 -0.4417
vn -0.5082 -0.6813 -0.5268
vn -0.5033 -0.6811 -0.5318
vn -0.7473 -0.5175 -0.4168
vn -0.9850 -0.0571 -0.1631
vn -0.9762 -0.0479 -0.2113
vn -0.7970 -0.4399 -0.4139
vn -0.5543 -0.6491 -0.5210
vn -0.5165 -0.6792 -0.5215
vn -0.7252 -0.4870 -0.4868
vn -0.9562 -0.0431 -0.2896
vn -0.9844 0.0906 -0.1508
vn -0.8907 -0.2084 -0.4040
vn -0.6137 -0.5249 -0.5898
vn -0.4571 -0.6364 -0.6213
vn -0.6484 -0.4698 -0.5991
vn -0.8903 0.0644 -0.4508
vn -0.9751 0.1835 -0.1247
vn -0.6480 -0.2184 -0.7297
vn -0.4057 -0.4389 -0.8017
vn -0.9461 0.2655 -0.1854
vn -0.7973 0.3336 -0.5030
vn -0.5837 0.1731 -0.7933
vn -0.3024 -0.0381 -0.9524
vn -0.8765 0.4179 -0.2390
vn 0.5978 -0.0953 0.7959
vn 0.5646 -0.3044 0.7672
vn 0.5184 -0.4687 0.7153
vn 0.1289 -0.2775 0.9520
vn -0.1336 -0.2522 0.9584
vn -0.2325 0.2024 -0.9513
vn -0.1752 0.1965 -0.9647
vn -0.1122 0.2492 -0.9619
vn -0.0678 -0.5465 0.8347
vn 0.1786 -0.5803 0.7946
vn 0.0027 -0.8504 0.5261
vn 0.1579 -0.8451 0.5109
vn 0.3725 -0.6695 0.6426
vn 0.2079 -0.9238 0.3216
vn 0.0748 -0.9732 0.2173
vn -0.9692 0.1146 0.2179
vn -0.8730 0.2940 0.3892
vn -0.6430 0.3546 0.6788
vn -0.2394 0.3564 0.9031
vn -0.9162 0.3130 0.2504
vn -0.7299 0.4641 0.5018
vn -0.3037 0.6014 0.7390
vn 0.1866 0.6025 0.7760
vn -0.9764 0.2038 0.0714
vn -0.9537 0.2274 0.1970
vn -0.9673 0.1623 0.1948
vn -0.9564 0.0948 0.2763
vn -0.9574 0.2229 0.1834
vn -0.9768 0.0798 0.1988
vn -0.9758 0.1188 0.1835
vn -0.9650 0.1597 0.2082
vn 0.9192 0.2411 0.3113
vn -0.8855 -0.1277 -0.4468
vn -0.9041 0.2335 -0.3578
vn -0.8862 0.0893 -0.4546
vn 0.9920 0.1239 -0.0255
vn 0.8955 0.0285 -0.4441
vn 0.8863 0.2538 -0.3873
vn 0.5954 0.3861 -0.7046
vn -0.8242 -0.0016 -0.5663
vn -0.8582 -0.1225 -0.4985
vn -0.8044 0.0485 -0.5921
vn 0.9830 0.1752 0.0554
vn 0.8889 0.0552 -0.4548
vn 0.6608 -0.5202 -0.5410
vn 0.6683 -0.3052 -0.6784
vn 0.9882 0.1474 0.0408
vn 0.9882 0.1484 0.0376
vn 0.9817 0.1819 -0.0569
vn 0.9886 0.1380 0.0608
vn 0.5529 -0.4196 0.7199
vn 0.8423 -0.1860 0.5058
vn 0.6487 -0.4178 0.6361
vn -0.4952 -0.4288 -0.7556
vn -0.3108 -0.1459 -0.9392
vn 0.9117 0.0498 -0.4079
vn -0.8609 0.5055 -0.0583
vn -0.8955 0.4330 -0.1025
vn -0.8074 0.5900 0.0046
vn -0.7091 0.6982 0.0987
vn -0.3405 0.9327 0.1187
vn -0.1553 0.9632 0.2195
vn -0.5977 0.7724 0.2148
vn -0.8496 0.5046 0.1537
vn -0.7823 0.5846 0.2149
vn -0.4611 0.8326 0.3068
vn -0.0222 0.9551 0.2953
vn -0.3935 0.8316 0.3919
vn -0.7420 0.6039 0.2912
vn 0.0270 0.9282 0.3712
vn 0.2899 0.8926 0.3451
vn 0.1213 0.8971 0.4248
vn -0.8823 0.3760 0.2832
vn -0.7569 0.5452 0.3603
vn -0.3806 0.7566 0.5317
vn 0.1087 0.8265 0.5523
vn 0.3813 0.7671 0.5159
vn 0.0520 0.8232 0.5653
vn -0.5127 0.7011 0.4956
vn -0.4974 0.7107 0.4974
vn 0.7168 -0.0754 -0.6931
vn 0.8852 0.0198 -0.4647
vn 0.7295 -0.0005 -0.6840
vn 0.7087 -0.4002 -0.5810
vn -0.8863 0.0139 -0.4629
vn -0.9769 0.2123 -0.0219
vn -0.9523 0.2318 -0.1983
vn -0.8666 0.2514 -0.4310
vn 0.9854 0.0806 -0.1501
vn 0.9335 0.0817 -0.3493
vn 0.9549 0.0004 -0.2970
vn 0.7190 0.1184 -0.6848
vn 0.8138 -0.0001 -0.5811
vn 0.8283 -0.1709 -0.5336
vn 0.9441 0.1247 0.3050
vn 0.9120 0.0575 0.4062
vn 0.9276 0.0443 0.3709
vn 0.9412 0.1135 0.3183
vn 0.9482 0.0237 0.3167
vn 0.9598 0.0544 0.2753
vn 0.6031 -0.0313 0.7971
vn 0.6641 -0.0831 0.7431
vn 0.7251 -0.1185 0.6784
vn -0.2560 0.9667 0.0003
vn 0.7339 -0.4296 0.5262
vn 0.6817 0.2376 -0.6919
vn 0.7161 0.2175 -0.6633
vn 0.4652 0.2507 -0.8490
vn 0.4329 0.2329 -0.8708
vn 0.3040 0.1996 -0.9315
vn 0.2845 0.2361 -0.9291
vn 0.1886 0.2337 -0.9539
vn 0.1676 0.2618 -0.9505
vn 0.0600 0.2042 -0.9771
vn 0.0703 0.2325 -0.9700
vn -0.0274 0.2383 -0.9708
vn -0.0730 0.1588 -0.9846
vn -0.9376 0.1142 -0.3283
vn -0.9399 0.1198 -0.3198
vn -0.8924 0.1126 -0.4369
vn -0.9467 0.1112 -0.3024
vn -0.9142 0.0979 -0.3932
vn -0.9231 0.0812 -0.3759
vn 0.4808 -0.0889 -0.8723
vn 0.7870 -0.1475 0.5990
vn 0.4547 -0.3508 0.8187
vn -0.8565 -0.0426 0.5144
vn -0.8113 0.0680 0.5807
vn -0.8006 0.1782 0.5721
vn 0.5082 -0.3174 -0.8006
vn 0.2593 -0.3764 -0.8894
vn 0.3158 0.0217 -0.9486
vn 0.5128 0.0415 -0.8575
vn 0.1838 -0.0554 -0.9814
vn 0.1627 -0.3463 -0.9239
vn 0.0936 -0.0638 -0.9936
vn 0.1096 -0.3713 -0.9220
vn -0.0035 -0.3692 -0.9294
vn 0.0219 -0.0316 -0.9993
vn -0.0725 -0.4260 -0.9018
vn 0.2811 -0.8535 -0.4387
vn 0.1406 -0.8412 -0.5222
vn 0.1004 -0.7843 -0.6122
vn 0.0502 -0.8074 -0.5879
vn 0.0141 -0.8186 -0.5742
vn 0.0400 -0.9890 -0.1426
vn 0.0328 -0.9851 -0.1690
vn 0.0252 -0.9775 -0.2093
vn 0.0009 -0.9997 -0.0256
vn 0.0100 -0.9994 -0.0346
vn 0.0048 -0.9997 -0.0255
vn -0.0066 -0.9998 -0.0191
vn 0.0014 -0.9993 -0.0375
vn -0.0007 -0.9999 -0.0123
vn -0.0051 -0.9996 -0.0277
vn 0.0100 -0.9996 -0.0275
vn -0.0033 -0.9997 -0.0232
vn 0.0046 -1.0000 -0.0079
vn 0.0039 -0.9997 -0.0228
vn 0.0002 -0.9999 -0.0110
vn 0.0012 -0.9999 -0.0121
vn 0.0074 -0.9999 -0.0147
vn -0.0270 -0.9788 -0.2030
vn 0.0041 -0.9990 -0.0451
vn -0.0208 -0.9849 -0.1720
vn -0.0009 -0.9994 -0.0351
vn -0.0004 -0.9830 -0.1834
vn 0.0011 -0.9997 -0.0264
vn 0.0096 -0.9994 -0.0341
vn -0.0569 -0.8095 -0.5844
vn 0.6860 -0.5388 0.4890
vn -0.0289 0.2598 -0.9652
vn -0.0658 0.1716 -0.9830
vn -0.0448 0.2091 -0.9769
vn 0.3520 0.5028 0.7895
vn -0.9651 0.1952 -0.1744
vn -0.8905 0.2339 -0.3902
vn -0.9827 0.1841 -0.0183
vn -0.7724 0.5216 -0.3623
vn -0.8524 0.3827 -0.3562
vn 0.2960 0.0432 -0.9542
vn 0.4160 0.0329 -0.9088
vn 0.5263 0.0255 -0.8499
vn 0.1807 0.0565 -0.9819
vn 0.2952 0.0694 -0.9529
vn 0.4142 0.0638 -0.9080
vn 0.5336 0.0552 -0.8439
vn 0.1759 0.0753 -0.9815
vn 0.5549 0.0448 -0.8307
vn 0.4202 0.0594 -0.9055
vn 0.2852 0.0509 -0.9571
vn 0.5647 0.0461 -0.8240
vn 0.4179 0.0454 -0.9074
vn 0.9801 0.0546 -0.1906
vn 0.9195 -0.0653 -0.3875
vn 0.8184 -0.1744 -0.5476
vn 0.6403 -0.1854 -0.7454
vn 0.9801 0.0282 -0.1963
vn 0.9148 -0.0218 -0.4032
vn 0.8035 -0.0213 -0.5950
vn 0.6669 -0.0233 -0.7447
vn 0.9854 0.0339 -0.1671
vn 0.9336 0.0150 -0.3581
vn 0.9706 0.0676 -0.2310
vn 0.9802 0.0556 -0.1903
vn 0.9358 0.0394 -0.3504
vn 0.9300 0.0593 -0.3628
vn 0.9695 0.0660 -0.2362
vn 0.9285 0.0728 -0.3642
vn 0.8471 0.0672 -0.5272
vn 0.8551 0.0496 -0.5162
vn 0.8531 0.0324 -0.5207
vn 0.7104 0.0405 -0.7026
vn 0.7206 0.0457 -0.6918
vn 0.7140 0.0519 -0.6982
vn -0.4923 -0.1255 -0.8613
vn -0.4690 0.0652 -0.8808
vn -0.3132 0.0628 -0.9476
vn -0.4616 0.1054 -0.8808
vn -0.2955 0.0973 -0.9504
vn -0.1829 0.0969 -0.9783
vn -0.4727 0.1131 -0.8739
vn -0.3111 0.0964 -0.9455
vn -0.1949 0.0755 -0.9779
vn -0.8254 0.0809 -0.5587
vn -0.8218 0.0981 -0.5612
vn 0.8385 0.0307 -0.5441
vn 0.6906 0.0445 -0.7218
vt 0.337212 0.375882
vt 0.340518 0.388921
vt 0.328428 0.391461
vt 0.324581 0.377408
vt 0.309900 0.380051
vt 0.314639 0.395349
vt 0.320703 0.410953
vt 0.333643 0.403438
vt 0.344701 0.401051
vt 0.347230 0.410042
vt 0.338825 0.412876
vt 0.331425 0.418674
vt 0.350285 0.387421
vt 0.347832 0.374901
vt 0.494171 0.289903
vt 0.498624 0.305263
vt 0.491764 0.307384
vt 0.486582 0.293690
vt 0.477357 0.296824
vt 0.483176 0.310323
vt 0.353033 0.399910
vt 0.355015 0.408723
vt 0.504532 0.304832
vt 0.501894 0.289157
vt 0.499536 0.270713
vt 0.487734 0.270062
vt 0.482840 0.281763
vt 0.359150 0.387311
vt 0.356972 0.374981
vt 0.360882 0.399492
vt 0.362411 0.408770
vt 0.368176 0.387047
vt 0.366572 0.374765
vt 0.510300 0.290332
vt 0.510671 0.305191
vt 0.369166 0.399717
vt 0.370459 0.408708
vt 0.377528 0.374441
vt 0.378769 0.387160
vt 0.379495 0.399183
vt 0.379045 0.409368
vt 0.325990 0.769689
vt 0.330098 0.762140
vt 0.337083 0.765085
vt 0.331944 0.774336
vt 0.339753 0.778681
vt 0.344711 0.767442
vt 0.347372 0.756691
vt 0.339676 0.755274
vt 0.332238 0.753517
vt 0.319449 0.774828
vt 0.322873 0.781579
vt 0.329301 0.792016
vt 0.323394 0.759578
vt 0.320586 0.766031
vt 0.317420 0.770288
vt 0.413361 0.538631
vt 0.409344 0.545630
vt 0.397387 0.537805
vt 0.404543 0.531009
vt 0.394834 0.521124
vt 0.380108 0.527081
vt 0.376752 0.539990
vt 0.392937 0.547029
vt 0.405801 0.553422
vt 0.631398 0.231618
vt 0.627426 0.242204
vt 0.619740 0.237072
vt 0.622289 0.226767
vt 0.612284 0.222514
vt 0.610634 0.234447
vt 0.610593 0.245481
vt 0.617596 0.244508
vt 0.621834 0.250552
vt 0.615434 0.210368
vt 0.625391 0.215804
vt 0.633979 0.220994
vt 0.620625 0.199147
vt 0.629634 0.206271
vt 0.635387 0.212473
vt 0.599520 0.233173
vt 0.600574 0.219646
vt 0.603405 0.205520
vt 0.725631 0.186088
vt 0.709883 0.199136
vt 0.698630 0.185592
vt 0.716648 0.173612
vt 0.709121 0.160411
vt 0.690063 0.170314
vt 0.672874 0.180550
vt 0.680494 0.203339
vt 0.695996 0.216420
vt 0.742222 0.176510
vt 0.735173 0.165367
vt 0.729581 0.153672
vt 0.749941 0.149833
vt 0.753321 0.160115
vt 0.758359 0.170202
vt 0.768701 0.149556
vt 0.769662 0.158033
vt 0.772364 0.166257
vt 0.784437 0.151705
vt 0.783006 0.158662
vt 0.781751 0.164375
vt 0.664038 0.164771
vt 0.681758 0.155484
vt 0.702692 0.147748
vt 0.725194 0.142363
vt 0.747897 0.139857
vt 0.768640 0.141223
vt 0.786148 0.144495
vt 0.721925 0.131250
vt 0.697219 0.135747
vt 0.674440 0.143285
vt 0.746524 0.130677
vt 0.768958 0.132891
vt 0.667654 0.132334
vt 0.692432 0.125157
vt 0.719273 0.121257
vt 0.745759 0.121524
vt 0.769771 0.124869
vt 0.745936 0.112784
vt 0.717106 0.111171
vt 0.687790 0.115092
vt 0.682299 0.105423
vt 0.715297 0.099300
vt 0.748583 0.103968
vt 0.697933 0.608208
vt 0.702205 0.602202
vt 0.709119 0.608521
vt 0.703886 0.613545
vt 0.708031 0.619931
vt 0.715113 0.616619
vt 0.727124 0.609817
vt 0.715483 0.600593
vt 0.706454 0.594788
vt 0.687268 0.609381
vt 0.691468 0.603648
vt 0.693653 0.613847
vt 0.699264 0.618060
vt 0.695163 0.597383
vt 0.698551 0.590304
vt 0.469147 0.032397
vt 0.469096 0.024977
vt 0.476887 0.025078
vt 0.477098 0.032777
vt 0.484799 0.033294
vt 0.484311 0.025251
vt 0.685510 0.599644
vt 0.681159 0.604325
vt 0.326291 0.602307
vt 0.333382 0.589908
vt 0.342008 0.600478
vt 0.334957 0.607167
vt 0.340200 0.611530
vt 0.346135 0.609347
vt 0.353760 0.607668
vt 0.351273 0.597233
vt 0.348319 0.586150
vt 0.361056 0.607344
vt 0.360344 0.596807
vt 0.360981 0.586029
vt 0.960497 0.542244
vt 0.970578 0.560613
vt 0.962001 0.564204
vt 0.952182 0.547964
vt 0.945762 0.554368
vt 0.953727 0.568678
vt 0.959594 0.587503
vt 0.969118 0.584675
vt 0.978719 0.582361
vt 0.057062 0.182409
vt 0.079492 0.167970
vt 0.083376 0.175607
vt 0.061203 0.189713
vt 0.065233 0.197730
vt 0.087231 0.184623
vt 0.107897 0.172695
vt 0.104844 0.162926
vt 0.101117 0.153995
vt 0.111663 0.181641
vt 0.092090 0.195774
vt 0.068895 0.207375
vt 0.043651 0.211664
vt 0.047532 0.219843
vt 0.051087 0.229316
vt 0.071473 0.218406
vt 0.091703 0.211999
vt 0.333715 0.533145
vt 0.313383 0.523685
vt 0.317753 0.511064
vt 0.337156 0.519136
vt 0.339653 0.509465
vt 0.324496 0.501105
vt 0.312153 0.488798
vt 0.297474 0.498465
vt 0.295584 0.518070
vt 0.319538 0.542567
vt 0.307969 0.535137
vt 0.294185 0.532647
vt 0.309806 0.550386
vt 0.304133 0.543240
vt 0.294508 0.544653
vt 0.413489 0.581435
vt 0.422778 0.586236
vt 0.419980 0.593760
vt 0.412649 0.588826
vt 0.412213 0.594271
vt 0.416763 0.599301
vt 0.422480 0.606896
vt 0.426702 0.601694
vt 0.430043 0.595699
vt 0.441533 0.601753
vt 0.437504 0.606463
vt 0.433734 0.590084
vt 0.425588 0.578923
vt 0.433027 0.611784
vt 0.438482 0.623307
vt 0.444069 0.618803
vt 0.449252 0.614213
vt 0.426537 0.571000
vt 0.438387 0.571568
vt 0.438990 0.577997
vt 0.450480 0.571252
vt 0.451598 0.577894
vt 0.462415 0.570712
vt 0.463846 0.577546
vt 0.475177 0.569955
vt 0.476882 0.577557
vt 0.450128 0.632316
vt 0.456246 0.628801
vt 0.453278 0.649160
vt 0.460338 0.645531
vt 0.488584 0.568665
vt 0.490329 0.576294
vt 0.438987 0.563987
vt 0.449997 0.563801
vt 0.461595 0.563118
vt 0.474133 0.561819
vt 0.487741 0.559758
vt 0.502320 0.558467
vt 0.501988 0.567688
vt 0.503820 0.575654
vt 0.516458 0.573435
vt 0.512651 0.567020
vt 0.519236 0.558031
vt 0.473270 0.552473
vt 0.461352 0.554469
vt 0.450391 0.555184
vt 0.486926 0.548994
vt 0.502880 0.545226
vt 0.519715 0.543524
vt 0.451136 0.545262
vt 0.461362 0.544585
vt 0.472118 0.542288
vt 0.484754 0.536448
vt 0.502315 0.528134
vt 0.478777 0.522550
vt 0.470668 0.533591
vt 0.462272 0.533494
vt 0.521399 0.527359
vt 0.491976 0.517255
vt 0.878404 0.299875
vt 0.893725 0.310311
vt 0.884673 0.325355
vt 0.869936 0.315153
vt 0.861392 0.330237
vt 0.875262 0.340366
vt 0.888535 0.351424
vt 0.898789 0.336748
vt 0.908910 0.321469
vt 0.838888 0.336303
vt 0.847613 0.321049
vt 0.852570 0.345071
vt 0.866067 0.354555
vt 0.855907 0.305574
vt 0.842753 0.296993
vt 0.834565 0.311850
vt 0.825832 0.328027
vt 0.800806 0.336725
vt 0.813245 0.319162
vt 0.816532 0.344470
vt 0.829716 0.351661
vt 0.822871 0.303399
vt 0.812013 0.293836
vt 0.800625 0.307963
vt 0.795534 0.322870
vt 0.358573 0.700935
vt 0.348661 0.702189
vt 0.347035 0.690069
vt 0.357730 0.688420
vt 0.356423 0.675421
vt 0.343010 0.676449
vt 0.336125 0.684425
vt 0.337734 0.692866
vt 0.339283 0.703572
vt 0.340372 0.714445
vt 0.349540 0.713827
vt 0.358955 0.713009
vt 0.367631 0.723847
vt 0.358709 0.724560
vt 0.368485 0.712285
vt 0.368756 0.700137
vt 0.349803 0.725000
vt 0.341165 0.725112
vt 0.349589 0.735861
vt 0.358081 0.735595
vt 0.366462 0.734746
vt 0.341163 0.735509
vt 0.373329 0.743968
vt 0.365284 0.745075
vt 0.374850 0.734033
vt 0.376533 0.723333
vt 0.357001 0.746037
vt 0.348803 0.746270
vt 0.340836 0.745517
vt 0.355733 0.756615
vt 0.364136 0.755168
vt 0.372145 0.753231
vt 0.377669 0.758735
vt 0.371906 0.761894
vt 0.379328 0.752245
vt 0.381225 0.743641
vt 0.363580 0.765577
vt 0.354067 0.767636
vt 0.254464 0.737473
vt 0.252490 0.720207
vt 0.264934 0.721735
vt 0.266217 0.734764
vt 0.276477 0.732618
vt 0.274920 0.722569
vt 0.274903 0.714449
vt 0.268151 0.709339
vt 0.256568 0.698480
vt 0.259386 0.751794
vt 0.269741 0.746782
vt 0.279125 0.742735
vt 0.266058 0.763755
vt 0.274861 0.757358
vt 0.282991 0.752166
vt 0.330258 0.704246
vt 0.329250 0.693711
vt 0.328985 0.683292
vt 0.320174 0.682548
vt 0.320739 0.693783
vt 0.321777 0.704526
vt 0.311329 0.682508
vt 0.312503 0.693960
vt 0.313726 0.704803
vt 0.302501 0.682911
vt 0.304553 0.694456
vt 0.305928 0.705347
vt 0.315159 0.715087
vt 0.322935 0.714834
vt 0.331459 0.714705
vt 0.307601 0.715519
vt 0.299820 0.716647
vt 0.297850 0.706573
vt 0.295548 0.695710
vt 0.291704 0.718387
vt 0.289474 0.708516
vt 0.286319 0.697894
vt 0.276722 0.701776
vt 0.281384 0.711312
vt 0.283450 0.720619
vt 0.332483 0.724930
vt 0.323921 0.724759
vt 0.316186 0.725033
vt 0.309008 0.725409
vt 0.301237 0.726339
vt 0.293432 0.727944
vt 0.285305 0.730155
vt 0.324980 0.734445
vt 0.317208 0.734342
vt 0.310132 0.734606
vt 0.302767 0.735471
vt 0.295324 0.737007
vt 0.287583 0.739483
vt 0.304354 0.743517
vt 0.311100 0.742940
vt 0.317963 0.742981
vt 0.297552 0.745227
vt 0.290519 0.748142
vt 0.317975 0.750807
vt 0.311696 0.750168
vt 0.305946 0.750322
vt 0.300227 0.752317
vt 0.303699 0.757937
vt 0.307033 0.754984
vt 0.311307 0.756306
vt 0.294298 0.755874
vt 0.299245 0.762195
vt 0.288016 0.760606
vt 0.294493 0.767709
vt 0.289480 0.774345
vt 0.281365 0.766566
vt 0.299160 0.780238
vt 0.302108 0.772796
vt 0.310845 0.775444
vt 0.310716 0.782878
vt 0.311961 0.769345
vt 0.305426 0.766746
vt 0.295946 0.789115
vt 0.310305 0.792848
vt 0.433064 0.445424
vt 0.450183 0.445856
vt 0.452349 0.461341
vt 0.433250 0.460271
vt 0.432052 0.480066
vt 0.453734 0.480476
vt 0.475759 0.479033
vt 0.470980 0.458569
vt 0.466244 0.442954
vt 0.480354 0.437467
vt 0.488004 0.450270
vt 0.496474 0.465441
vt 0.447906 0.432711
vt 0.462207 0.431587
vt 0.473669 0.427628
vt 0.333043 0.744354
vt 0.325293 0.743483
vt 0.324910 0.751931
vt 0.314588 0.763932
vt 0.316972 0.757799
vt 0.308748 0.761532
vt 0.593115 0.090372
vt 0.593265 0.076708
vt 0.606635 0.075082
vt 0.608004 0.090001
vt 0.625782 0.089006
vt 0.624154 0.070572
vt 0.611526 0.055889
vt 0.601437 0.061928
vt 0.591846 0.064907
vt 0.305985 0.374849
vt 0.286122 0.378684
vt 0.279679 0.368323
vt 0.300533 0.367740
vt 0.297261 0.359332
vt 0.274314 0.353994
vt 0.256374 0.353610
vt 0.262093 0.368031
vt 0.268403 0.380282
vt 0.252865 0.380836
vt 0.247158 0.367083
vt 0.242227 0.351823
vt 0.240290 0.380158
vt 0.234222 0.365406
vt 0.228865 0.348355
vt 0.133807 0.414343
vt 0.132134 0.402983
vt 0.143776 0.406018
vt 0.146159 0.416562
vt 0.160029 0.418460
vt 0.157316 0.409320
vt 0.532743 0.554111
vt 0.536709 0.543258
vt 0.538761 0.526784
vt 0.555995 0.526814
vt 0.554819 0.547320
vt 0.541025 0.560894
vt 0.540125 0.508989
vt 0.523844 0.509931
vt 0.509304 0.510695
vt 0.556574 0.508344
vt 0.540462 0.490918
vt 0.524001 0.492487
vt 0.508980 0.495661
vt 0.401708 0.772326
vt 0.409138 0.774962
vt 0.404849 0.784076
vt 0.396676 0.782983
vt 0.392765 0.795248
vt 0.403224 0.794477
vt 0.412820 0.791805
vt 0.410940 0.784726
vt 0.415789 0.778871
vt 0.394024 0.769894
vt 0.387676 0.780983
vt 0.381010 0.794221
vt 0.366789 0.790843
vt 0.379320 0.776977
vt 0.386849 0.766409
vt 0.363909 0.776688
vt 0.374218 0.770045
vt 0.381287 0.762268
vt 0.458112 0.683650
vt 0.460370 0.700873
vt 0.450062 0.702459
vt 0.448861 0.685410
vt 0.440317 0.686866
vt 0.440357 0.702925
vt 0.439713 0.718712
vt 0.450396 0.719587
vt 0.462242 0.718741
vt 0.466478 0.680276
vt 0.470756 0.697252
vt 0.474382 0.715255
vt 0.528143 0.568084
vt 0.439722 0.501891
vt 0.442029 0.519130
vt 0.431381 0.520956
vt 0.427239 0.506500
vt 0.416132 0.511051
vt 0.421284 0.523103
vt 0.423477 0.533752
vt 0.432397 0.533935
vt 0.442146 0.533527
vt 0.452248 0.533368
vt 0.453444 0.518717
vt 0.454015 0.500637
vt 0.468832 0.501639
vt 0.465788 0.519591
vt 0.481211 0.505380
vt 0.138858 0.280655
vt 0.150307 0.298213
vt 0.135758 0.305992
vt 0.124180 0.289984
vt 0.108858 0.300922
vt 0.121005 0.315756
vt 0.132625 0.330129
vt 0.146893 0.321515
vt 0.161033 0.314941
vt 0.157373 0.336262
vt 0.169653 0.330228
vt 0.179383 0.326667
vt 0.178113 0.311649
vt 0.164389 0.292397
vt 0.143860 0.343923
vt 0.130120 0.353363
vt 0.118073 0.340189
vt 0.105843 0.326838
vt 0.878580 0.365558
vt 0.155135 0.357615
vt 0.141761 0.366124
vt 0.843522 0.360095
vt 0.694038 0.075660
vt 0.710255 0.082606
vt 0.696836 0.090382
vt 0.683810 0.081986
vt 0.666713 0.086035
vt 0.673947 0.096183
vt 0.730401 0.089318
vt 0.800765 0.111334
vt 0.805661 0.104423
vt 0.827727 0.115233
vt 0.820801 0.121131
vt 0.837386 0.132963
vt 0.851589 0.129944
vt 0.854627 0.118638
vt 0.832166 0.107078
vt 0.809475 0.096476
vt 0.786368 0.087332
vt 0.783307 0.095303
vt 0.778786 0.102891
vt 0.895072 0.746221
vt 0.895845 0.756752
vt 0.874714 0.754660
vt 0.875026 0.744902
vt 0.854639 0.741651
vt 0.853576 0.751204
vt 0.754837 0.095672
vt 0.774300 0.110179
vt 0.796000 0.117565
vt 0.760065 0.087664
vt 0.763273 0.079474
vt 0.834261 0.736897
vt 0.832709 0.745702
vt 0.737585 0.080860
vt 0.740931 0.073319
vt 0.356721 0.490643
vt 0.364548 0.490373
vt 0.366884 0.497197
vt 0.356379 0.497388
vt 0.356058 0.504927
vt 0.369415 0.505034
vt 0.381145 0.501708
vt 0.375952 0.494117
vt 0.371638 0.487810
vt 0.351961 0.483761
vt 0.356921 0.484247
vt 0.349536 0.487862
vt 0.346465 0.494184
vt 0.363171 0.484401
vt 0.368589 0.483870
vt 0.219354 0.534772
vt 0.233512 0.548664
vt 0.225503 0.560513
vt 0.208778 0.553441
vt 0.203723 0.569956
vt 0.220879 0.574222
vt 0.237407 0.577536
vt 0.240043 0.565843
vt 0.242328 0.556578
vt 0.257709 0.504175
vt 0.260255 0.521825
vt 0.241983 0.526903
vt 0.239644 0.509370
vt 0.220885 0.514926
vt 0.247887 0.541628
vt 0.263637 0.537457
vt 0.765575 0.280422
vt 0.774083 0.277994
vt 0.778925 0.287882
vt 0.769784 0.290320
vt 0.773450 0.300569
vt 0.783415 0.298434
vt 0.794117 0.293381
vt 0.788005 0.282760
vt 0.782299 0.273613
vt 0.761483 0.270559
vt 0.769353 0.268922
vt 0.777321 0.265434
vt 0.758701 0.260920
vt 0.766270 0.260224
vt 0.773262 0.258290
vt 0.758080 0.251414
vt 0.764979 0.252637
vt 0.770543 0.253154
vt 0.760980 0.291936
vt 0.757129 0.281833
vt 0.753468 0.271420
vt 0.751065 0.260731
vt 0.750793 0.249952
vt 0.749126 0.283221
vt 0.745592 0.272054
vt 0.743358 0.260533
vt 0.743293 0.248671
vt 0.194986 0.391948
vt 0.186695 0.378207
vt 0.198192 0.372857
vt 0.205697 0.387167
vt 0.216379 0.383391
vt 0.209670 0.368409
vt 0.201126 0.351586
vt 0.189705 0.358119
vt 0.177893 0.364276
vt 0.183916 0.398192
vt 0.175024 0.384833
vt 0.165516 0.371121
vt 0.173018 0.405383
vt 0.163452 0.392672
vt 0.152507 0.378917
vt 0.836898 0.396863
vt 0.846332 0.383602
vt 0.857499 0.392650
vt 0.847556 0.405137
vt 0.856391 0.368988
vt 0.868437 0.378836
vt 0.825722 0.389244
vt 0.834461 0.374975
vt 0.814294 0.382467
vt 0.821944 0.367572
vt 0.802217 0.376854
vt 0.808775 0.361470
vt 0.788831 0.373960
vt 0.793643 0.357111
vt 0.060561 0.405687
vt 0.060427 0.388192
vt 0.071931 0.389198
vt 0.071887 0.405804
vt 0.082764 0.406229
vt 0.082635 0.389767
vt 0.048736 0.405518
vt 0.048736 0.387965
vt 0.671036 0.396730
vt 0.670879 0.379297
vt 0.683492 0.379100
vt 0.683492 0.396563
vt 0.658503 0.397284
vt 0.658107 0.379797
vt 0.646175 0.397917
vt 0.645482 0.380625
vt 0.633738 0.398582
vt 0.632875 0.381036
vt 0.621323 0.400486
vt 0.620178 0.382770
vt 0.071998 0.422961
vt 0.060600 0.423012
vt 0.048736 0.423249
vt 0.671181 0.414446
vt 0.683492 0.414217
vt 0.658800 0.414907
vt 0.646547 0.415506
vt 0.634506 0.416367
vt 0.622529 0.417711
vt 0.060714 0.440786
vt 0.048736 0.441063
vt 0.671239 0.432363
vt 0.683492 0.432072
vt 0.658930 0.432830
vt 0.646764 0.433430
vt 0.634851 0.434158
vt 0.646774 0.451403
vt 0.658930 0.450837
vt 0.671227 0.450348
vt 0.634884 0.451996
vt 0.634812 0.469757
vt 0.646718 0.469232
vt 0.658875 0.468693
vt 0.320724 0.671020
vt 0.330803 0.672395
vt 0.344004 0.661926
vt 0.332514 0.660433
vt 0.321912 0.659310
vt 0.311032 0.670580
vt 0.312055 0.658729
vt 0.313857 0.646896
vt 0.323662 0.647822
vt 0.334044 0.648798
vt 0.301883 0.670827
vt 0.302805 0.658502
vt 0.304591 0.646224
vt 0.306989 0.634093
vt 0.316245 0.635401
vt 0.325792 0.636656
vt 0.293436 0.683935
vt 0.292958 0.671378
vt 0.293830 0.658402
vt 0.295671 0.645379
vt 0.298290 0.632829
vt 0.318934 0.624210
vt 0.309694 0.622597
vt 0.301583 0.621434
vt 0.284352 0.658277
vt 0.282908 0.672425
vt 0.283362 0.685840
vt 0.286968 0.644392
vt 0.290235 0.631181
vt 0.294365 0.619796
vt 0.312980 0.611484
vt 0.304438 0.611267
vt 0.298337 0.612016
vt 0.273111 0.658025
vt 0.270753 0.674100
vt 0.271646 0.689620
vt 0.277461 0.642522
vt 0.282351 0.627769
vt 0.288595 0.614974
vt 0.296244 0.605703
vt 0.261086 0.656592
vt 0.256918 0.675914
vt 0.267215 0.638988
vt 0.293638 0.596741
vt 0.283366 0.607210
vt 0.274146 0.621999
vt 0.265422 0.614894
vt 0.277495 0.595249
vt 0.292217 0.585624
vt 0.256112 0.633644
vt 0.255182 0.566910
vt 0.254407 0.579003
vt 0.271131 0.565119
vt 0.275406 0.579062
vt 0.248501 0.653347
vt 0.242025 0.674726
vt 0.238014 0.698268
vt 0.890545 0.208446
vt 0.879463 0.201384
vt 0.884839 0.190559
vt 0.896671 0.196635
vt 0.901415 0.185607
vt 0.887785 0.179990
vt 0.874862 0.178336
vt 0.876716 0.186932
vt 0.870587 0.194528
vt 0.903776 0.216491
vt 0.910015 0.204698
vt 0.915103 0.193980
vt 0.919011 0.225436
vt 0.924792 0.212844
vt 0.930789 0.202376
vt 0.948312 0.211590
vt 0.942668 0.222258
vt 0.936399 0.235087
vt 0.967494 0.222124
vt 0.961425 0.233173
vt 0.954699 0.245182
vt 0.056039 0.240168
vt 0.038956 0.251874
vt 0.032282 0.241584
vt 0.062588 0.250697
vt 0.046734 0.262639
vt 0.074146 0.231547
vt 0.074667 0.242259
vt 0.919316 0.184467
vt 0.935537 0.193450
vt 0.953359 0.203117
vt 0.972745 0.213672
vt 0.027637 0.232862
vt 0.333021 0.734896
vt 0.355696 0.628412
vt 0.363678 0.628452
vt 0.365487 0.639226
vt 0.355647 0.639064
vt 0.355845 0.650430
vt 0.366637 0.650793
vt 0.377614 0.651119
vt 0.376566 0.638636
vt 0.371448 0.627429
vt 0.345835 0.638554
vt 0.344913 0.649764
vt 0.355874 0.662554
vt 0.367344 0.662739
vt 0.346835 0.628200
vt 0.347061 0.618514
vt 0.354719 0.617972
vt 0.362016 0.617767
vt 0.335794 0.637775
vt 0.337483 0.627603
vt 0.339067 0.618458
vt 0.369087 0.598635
vt 0.371920 0.588827
vt 0.381186 0.595211
vt 0.376991 0.602241
vt 0.383490 0.607326
vt 0.388410 0.602846
vt 0.394545 0.598732
vt 0.387452 0.589475
vt 0.377690 0.577337
vt 0.392133 0.576584
vt 0.396347 0.586878
vt 0.401219 0.596138
vt 0.403423 0.578108
vt 0.404815 0.586830
vt 0.407497 0.594813
vt 0.368222 0.608001
vt 0.375071 0.609421
vt 0.380258 0.610964
vt 0.360426 0.573867
vt 0.279192 0.533950
vt 0.277781 0.518301
vt 0.276102 0.500064
vt 0.281666 0.547721
vt 0.267458 0.551443
vt 0.253547 0.554564
vt 0.285813 0.560809
vt 0.291083 0.571525
vt 0.482956 0.732236
vt 0.463700 0.737336
vt 0.449428 0.736399
vt 0.429898 0.553902
vt 0.419765 0.550955
vt 0.422311 0.542739
vt 0.431594 0.544648
vt 0.416653 0.533245
vt 0.428173 0.562530
vt 0.417157 0.558901
vt 0.414973 0.567045
vt 0.403191 0.561953
vt 0.402423 0.570121
vt 0.413859 0.574424
vt 0.440097 0.555071
vt 0.441238 0.545301
vt 0.398333 0.505150
vt 0.405718 0.515728
vt 0.387181 0.510611
vt 0.373475 0.513992
vt 0.412281 0.526071
vt 0.390916 0.495929
vt 0.356416 0.513174
vt 0.357603 0.523842
vt 0.357258 0.535977
vt 0.346223 0.573548
vt 0.332470 0.575747
vt 0.305405 0.581582
vt 0.318881 0.577992
vt 0.317759 0.588991
vt 0.305053 0.591329
vt 0.305218 0.601477
vt 0.315457 0.600353
vt 0.306218 0.572839
vt 0.296551 0.576797
vt 0.317974 0.568285
vt 0.330646 0.563853
vt 0.303104 0.564883
vt 0.314855 0.559001
vt 0.326952 0.552922
vt 0.298777 0.555304
vt 0.341468 0.548293
vt 0.583317 0.280954
vt 0.570709 0.285359
vt 0.566983 0.267538
vt 0.579044 0.265177
vt 0.576950 0.249737
vt 0.565248 0.251015
vt 0.555270 0.250797
vt 0.555263 0.268796
vt 0.557736 0.291065
vt 0.557441 0.234785
vt 0.566117 0.236519
vt 0.576557 0.235031
vt 0.590975 0.262572
vt 0.588634 0.248104
vt 0.587806 0.233400
vt 0.563179 0.220957
vt 0.568245 0.226059
vt 0.576464 0.221965
vt 0.588019 0.218933
vt 0.600191 0.246663
vt 0.588529 0.201872
vt 0.573993 0.210802
vt 0.797398 0.219274
vt 0.809050 0.213798
vt 0.812851 0.221023
vt 0.801268 0.225588
vt 0.803913 0.232564
vt 0.814975 0.230535
vt 0.831011 0.227523
vt 0.825863 0.214722
vt 0.821149 0.206990
vt 0.804700 0.207429
vt 0.792916 0.213117
vt 0.781961 0.218948
vt 0.787008 0.224295
vt 0.791816 0.229705
vt 0.758902 0.229546
vt 0.766851 0.220992
vt 0.772713 0.225721
vt 0.765369 0.233482
vt 0.771983 0.237505
vt 0.778478 0.230341
vt 0.776832 0.213609
vt 0.788291 0.207258
vt 0.760807 0.216356
vt 0.752063 0.225951
vt 0.746156 0.236854
vt 0.753449 0.239300
vt 0.760244 0.242111
vt 0.771489 0.208061
vt 0.737815 0.234743
vt 0.735052 0.247914
vt 0.735194 0.260847
vt 0.744566 0.222433
vt 0.754030 0.211430
vt 0.765561 0.202217
vt 0.725211 0.262576
vt 0.724238 0.248253
vt 0.726820 0.232603
vt 0.734918 0.217726
vt 0.745531 0.204985
vt 0.721985 0.210152
vt 0.710264 0.229531
vt 0.710446 0.251167
vt 0.667597 0.249327
vt 0.678940 0.254250
vt 0.670330 0.271497
vt 0.660053 0.266092
vt 0.650987 0.280335
vt 0.660659 0.286646
vt 0.670633 0.293451
vt 0.681193 0.278080
vt 0.693373 0.259831
vt 0.622308 0.292717
vt 0.632724 0.284167
vt 0.641399 0.292029
vt 0.630921 0.302201
vt 0.640867 0.310199
vt 0.650616 0.299585
vt 0.642514 0.273465
vt 0.650997 0.260353
vt 0.657332 0.245156
vt 0.625231 0.275390
vt 0.614478 0.282562
vt 0.602560 0.289106
vt 0.611121 0.300389
vt 0.620856 0.310344
vt 0.634871 0.266060
vt 0.642689 0.254557
vt 0.648338 0.241408
vt 0.590750 0.294967
vt 0.579761 0.300793
vt 0.590330 0.313806
vt 0.600527 0.307107
vt 0.595762 0.276386
vt 0.607630 0.271541
vt 0.618684 0.265845
vt 0.627910 0.258288
vt 0.634898 0.248430
vt 0.569794 0.308415
vt 0.602664 0.259531
vt 0.613500 0.255753
vt 0.720380 0.348150
vt 0.721764 0.356349
vt 0.708012 0.355397
vt 0.708537 0.347437
vt 0.696260 0.345182
vt 0.694329 0.352788
vt 0.692639 0.359578
vt 0.707591 0.362887
vt 0.722517 0.364759
vt 0.683128 0.342322
vt 0.679860 0.349463
vt 0.677087 0.355576
vt 0.709635 0.339632
vt 0.699001 0.337114
vt 0.687380 0.333811
vt 0.658110 0.356255
vt 0.661240 0.351097
vt 0.674346 0.361207
vt 0.690819 0.365847
vt 0.664974 0.345235
vt 0.669547 0.338168
vt 0.675303 0.329442
vt 0.703134 0.328462
vt 0.692999 0.324277
vt 0.682335 0.319109
vt 0.640203 0.353508
vt 0.644977 0.346576
vt 0.650121 0.340100
vt 0.655973 0.332991
vt 0.662974 0.324325
vt 0.671270 0.313471
vt 0.680657 0.300413
vt 0.690547 0.307549
vt 0.699968 0.314347
vt 0.624878 0.346137
vt 0.629983 0.340249
vt 0.636142 0.333719
vt 0.643250 0.326443
vt 0.651241 0.317797
vt 0.660608 0.306787
vt 0.690597 0.287297
vt 0.699477 0.296369
vt 0.609290 0.339540
vt 0.615730 0.333468
vt 0.623137 0.326373
vt 0.631621 0.318919
vt 0.701622 0.274860
vt 0.611252 0.317573
vt 0.602557 0.324728
vt 0.594946 0.331791
vt 0.581617 0.321287
vt 0.258028 0.231822
vt 0.262346 0.227269
vt 0.272069 0.238044
vt 0.267217 0.242097
vt 0.272919 0.254587
vt 0.278736 0.251635
vt 0.284947 0.247483
vt 0.277674 0.232603
vt 0.267470 0.221764
vt 0.253365 0.236053
vt 0.262308 0.245555
vt 0.267403 0.257005
vt 0.241424 0.228725
vt 0.245868 0.223884
vt 0.250429 0.218634
vt 0.261782 0.259100
vt 0.257106 0.248793
vt 0.248600 0.240476
vt 0.237202 0.234115
vt 0.232365 0.216810
vt 0.227842 0.222309
vt 0.223658 0.228513
vt 0.255788 0.261106
vt 0.251721 0.252351
vt 0.243912 0.245633
vt 0.233351 0.240474
vt 0.220264 0.236016
vt 0.213369 0.215531
vt 0.208535 0.222129
vt 0.204697 0.230138
vt 0.249730 0.263627
vt 0.246840 0.256103
vt 0.239956 0.251636
vt 0.230367 0.248259
vt 0.218067 0.245932
vt 0.202991 0.242050
vt 0.194154 0.211838
vt 0.188005 0.219192
vt 0.181438 0.233283
vt 0.243820 0.264673
vt 0.243053 0.259361
vt 0.237794 0.258063
vt 0.229397 0.257489
vt 0.218826 0.257696
vt 0.206036 0.257831
vt 0.191239 0.258086
vt 0.075599 0.542496
vt 0.076695 0.557084
vt 0.062794 0.560054
vt 0.062300 0.544184
vt 0.048736 0.545881
vt 0.048736 0.562531
vt 0.347663 0.793779
vt 0.342519 0.809407
vt 0.324144 0.807789
vt 0.306293 0.804913
vt 0.670815 0.519676
vt 0.683492 0.518749
vt 0.683492 0.535208
vt 0.670219 0.536493
vt 0.668210 0.553466
vt 0.683492 0.551847
vt 0.061819 0.528008
vt 0.048736 0.529103
vt 0.074643 0.526952
vt 0.087091 0.526023
vt 0.088358 0.541130
vt 0.089715 0.554991
vt 0.061451 0.511380
vt 0.048736 0.512111
vt 0.671040 0.502809
vt 0.683492 0.502144
vt 0.073929 0.510677
vt 0.086040 0.509945
vt 0.100613 0.540284
vt 0.099184 0.525315
vt 0.097817 0.509324
vt 0.658799 0.486227
vt 0.671135 0.485682
vt 0.658679 0.503380
vt 0.658364 0.520214
vt 0.683492 0.485169
vt 0.061224 0.494255
vt 0.048736 0.494787
vt 0.073380 0.493702
vt 0.085138 0.493134
vt 0.096558 0.492544
vt 0.111091 0.524854
vt 0.109466 0.508780
vt 0.107802 0.491956
vt 0.646642 0.486739
vt 0.646540 0.503821
vt 0.671190 0.468180
vt 0.683492 0.467764
vt 0.061029 0.476690
vt 0.048736 0.477099
vt 0.072936 0.476188
vt 0.084393 0.475729
vt 0.095406 0.475198
vt 0.106207 0.474633
vt 0.683492 0.449996
vt 0.060849 0.458756
vt 0.048736 0.459103
vt 0.351506 0.779674
vt 0.379051 0.674913
vt 0.389667 0.674685
vt 0.389602 0.687191
vt 0.379295 0.687364
vt 0.378958 0.699810
vt 0.388876 0.699862
vt 0.398332 0.700189
vt 0.399203 0.687136
vt 0.399628 0.674359
vt 0.368005 0.675096
vt 0.368614 0.687705
vt 0.424196 0.687541
vt 0.432178 0.687399
vt 0.431631 0.702701
vt 0.423235 0.702090
vt 0.421508 0.715995
vt 0.430237 0.717418
vt 0.416095 0.687364
vt 0.415070 0.701416
vt 0.413297 0.714697
vt 0.404993 0.713496
vt 0.406876 0.700680
vt 0.408029 0.687274
vt 0.396390 0.712507
vt 0.387393 0.712018
vt 0.378019 0.711893
vt 0.438050 0.733826
vt 0.427896 0.731206
vt 0.418901 0.728928
vt 0.410346 0.726893
vt 0.402249 0.725368
vt 0.394024 0.724146
vt 0.385426 0.723407
vt 0.424632 0.743856
vt 0.415581 0.740762
vt 0.407215 0.738294
vt 0.399425 0.736410
vt 0.391571 0.734887
vt 0.383331 0.733974
vt 0.411711 0.751842
vt 0.403590 0.749048
vt 0.396113 0.746641
vt 0.388860 0.744732
vt 0.399460 0.759424
vt 0.392143 0.756533
vt 0.385522 0.753848
vt 0.531055 0.280629
vt 0.532670 0.263521
vt 0.543959 0.266753
vt 0.542935 0.284926
vt 0.545330 0.249012
vt 0.534551 0.246530
vt 0.548107 0.232134
vt 0.537285 0.230621
vt 0.554480 0.214174
vt 0.540398 0.216374
vt 0.521558 0.259604
vt 0.523397 0.242939
vt 0.526281 0.227871
vt 0.529249 0.215742
vt 0.719058 0.340612
vt 0.712128 0.332193
vt 0.718153 0.334983
vt 0.708967 0.320058
vt 0.716954 0.325999
vt 0.723263 0.331873
vt 0.707920 0.304814
vt 0.715843 0.312688
vt 0.709172 0.286640
vt 0.455853 0.666429
vt 0.463296 0.662925
vt 0.447952 0.668988
vt 0.446017 0.652642
vt 0.443066 0.637202
vt 0.440015 0.670820
vt 0.438704 0.655250
vt 0.436239 0.640680
vt 0.432519 0.627709
vt 0.427985 0.616431
vt 0.432078 0.672016
vt 0.431299 0.657329
vt 0.429209 0.643639
vt 0.426259 0.631332
vt 0.422375 0.620288
vt 0.417395 0.610794
vt 0.412178 0.602433
vt 0.496995 0.501017
vt 0.500043 0.510159
vt 0.489558 0.507936
vt 0.106270 0.195985
vt 0.108762 0.206235
vt 0.096740 0.230030
vt 0.115653 0.220573
vt 0.165284 0.266732
vt 0.177583 0.261392
vt 0.187173 0.280507
vt 0.176408 0.285632
vt 0.187869 0.301446
vt 0.193985 0.293687
vt 0.207268 0.296876
vt 0.199441 0.277464
vt 0.731746 0.346771
vt 0.727760 0.338722
vt 0.736319 0.335199
vt 0.742616 0.343382
vt 0.752472 0.337694
vt 0.744316 0.330319
vt 0.737044 0.322865
vt 0.730063 0.327573
vt 0.735515 0.355510
vt 0.749281 0.352340
vt 0.738235 0.364317
vt 0.754586 0.362137
vt 0.762067 0.345621
vt 0.774040 0.355637
vt 0.710977 0.576564
vt 0.721060 0.577141
vt 0.719723 0.589409
vt 0.709786 0.585968
vt 0.731632 0.593378
vt 0.733181 0.578343
vt 0.746743 0.579262
vt 0.745561 0.595466
vt 0.743413 0.611865
vt 0.719911 0.565015
vt 0.708787 0.567197
vt 0.700284 0.571461
vt 0.704098 0.576813
vt 0.701645 0.582860
vt 0.732698 0.564098
vt 0.746489 0.563837
vt 0.761071 0.563450
vt 0.761269 0.579707
vt 0.760467 0.596623
vt 0.704657 0.557728
vt 0.717268 0.553303
vt 0.731041 0.551220
vt 0.745444 0.549997
vt 0.760278 0.549107
vt 0.776453 0.579732
vt 0.776108 0.563068
vt 0.775284 0.548271
vt 0.759023 0.536407
vt 0.744022 0.537597
vt 0.728965 0.539156
vt 0.774095 0.535195
vt 0.354876 0.063920
vt 0.340211 0.070657
vt 0.334963 0.060314
vt 0.349529 0.053825
vt 0.325674 0.077375
vt 0.320416 0.066463
vt 0.310872 0.084126
vt 0.305765 0.072204
vt 0.790645 0.547178
vt 0.789321 0.533735
vt 0.290146 0.077291
vt 0.294773 0.090257
vt 0.302869 0.105788
vt 0.318675 0.095122
vt 0.331864 0.087159
vt 0.365073 0.081576
vt 0.369757 0.089838
vt 0.358341 0.094142
vt 0.352019 0.087566
vt 0.340339 0.094809
vt 0.350201 0.100761
vt 0.360368 0.104744
vt 0.363473 0.098854
vt 0.372999 0.097552
vt 0.379179 0.076018
vt 0.383277 0.085620
vt 0.386186 0.095353
vt 0.400589 0.092293
vt 0.397600 0.081374
vt 0.393733 0.070441
vt 0.345806 0.079731
vt 0.330880 0.102965
vt 0.343924 0.108552
vt 0.360046 0.073107
vt 0.374626 0.066374
vt 0.389670 0.059540
vt 0.403737 0.052921
vt 0.407513 0.064595
vt 0.411919 0.076855
vt 0.425139 0.072706
vt 0.421419 0.060164
vt 0.417832 0.048064
vt 0.687810 0.573424
vt 0.694710 0.564734
vt 0.694903 0.578379
vt 0.680102 0.568665
vt 0.687748 0.557432
vt 0.699252 0.547998
vt 0.713778 0.542086
vt 0.428539 0.033369
vt 0.414481 0.036510
vt 0.411869 0.025756
vt 0.426998 0.022997
vt 0.399595 0.041748
vt 0.395222 0.030229
vt 0.384221 0.048663
vt 0.379006 0.038100
vt 0.369511 0.056587
vt 0.364065 0.046479
vt 0.431295 0.044557
vt 0.433854 0.056748
vt 0.322890 0.113888
vt 0.623132 0.435032
vt 0.772300 0.372596
vt 0.608880 0.403434
vt 0.606045 0.387915
vt 0.783033 0.338237
vt 0.634758 0.487210
vt 0.623297 0.452618
vt 0.623208 0.470243
vt 0.623108 0.487669
vt 0.556845 0.472405
vt 0.539813 0.472864
vt 0.539624 0.455180
vt 0.557134 0.455449
vt 0.558031 0.440045
vt 0.542080 0.439227
vt 0.525595 0.436159
vt 0.517346 0.454093
vt 0.521583 0.474546
vt 0.572424 0.472064
vt 0.572629 0.455206
vt 0.572847 0.439627
vt 0.586590 0.471630
vt 0.586709 0.454628
vt 0.586590 0.438549
vt 0.599315 0.437259
vt 0.599566 0.453920
vt 0.599511 0.471162
vt 0.611407 0.436060
vt 0.611606 0.453236
vt 0.611635 0.470711
vt 0.572753 0.425867
vt 0.558898 0.426868
vt 0.544524 0.426351
vt 0.585931 0.423885
vt 0.598452 0.421583
vt 0.610594 0.419428
vt 0.584392 0.410958
vt 0.571954 0.414230
vt 0.559173 0.416159
vt 0.596641 0.407161
vt 0.570268 0.404652
vt 0.581671 0.400005
vt 0.593542 0.394492
vt 0.755502 0.373387
vt 0.738680 0.374030
vt 0.530098 0.423951
vt 0.546095 0.416240
vt 0.547188 0.408046
vt 0.558821 0.407685
vt 0.722268 0.373172
vt 0.706372 0.369965
vt 0.408550 0.498689
vt 0.418933 0.490934
vt 0.399344 0.488562
vt 0.406769 0.479629
vt 0.412815 0.468488
vt 0.344611 0.560937
vt 0.489487 0.490922
vt 0.763999 0.320750
vt 0.774164 0.322903
vt 0.770342 0.334570
vt 0.759931 0.329824
vt 0.785499 0.323738
vt 0.750801 0.324193
vt 0.743278 0.317936
vt 0.775446 0.311465
vt 0.786218 0.310585
vt 0.358738 0.548093
vt 0.375484 0.551110
vt 0.360167 0.560663
vt 0.376000 0.563166
vt 0.381517 0.475842
vt 0.377091 0.482737
vt 0.370800 0.479176
vt 0.373215 0.472539
vt 0.365097 0.471201
vt 0.363578 0.478294
vt 0.375499 0.464976
vt 0.366280 0.463729
vt 0.357246 0.463281
vt 0.357093 0.470790
vt 0.356683 0.477994
vt 0.384770 0.467505
vt 0.366884 0.455700
vt 0.357650 0.455520
vt 0.348201 0.455143
vt 0.348077 0.463630
vt 0.348721 0.471596
vt 0.376433 0.456276
vt 0.386842 0.458062
vt 0.339376 0.445049
vt 0.348946 0.446518
vt 0.338372 0.454869
vt 0.338595 0.464671
vt 0.357722 0.446976
vt 0.366567 0.446880
vt 0.376505 0.446841
vt 0.387866 0.447437
vt 0.357652 0.438062
vt 0.349933 0.437786
vt 0.342256 0.436728
vt 0.365981 0.437658
vt 0.375576 0.436764
vt 0.386891 0.434921
vt 0.342988 0.501187
vt 0.331644 0.493601
vt 0.338105 0.487173
vt 0.344105 0.481981
vt 0.350162 0.478656
vt 0.401487 0.439400
vt 0.416073 0.441825
vt 0.415155 0.454742
vt 0.400323 0.450579
vt 0.398534 0.461940
vt 0.416685 0.429834
vt 0.402203 0.427177
vt 0.389724 0.422904
vt 0.432442 0.432601
vt 0.459034 0.421545
vt 0.446306 0.421194
vt 0.431457 0.420220
vt 0.468544 0.421237
vt 0.340515 0.473956
vt 0.532116 0.204854
vt 0.542109 0.204498
vt 0.553091 0.200735
vt 0.550869 0.190987
vt 0.542283 0.194433
vt 0.533965 0.195300
vt 0.519526 0.211801
vt 0.515466 0.222906
vt 0.511755 0.237356
vt 0.522870 0.203322
vt 0.526293 0.194375
vt 0.541684 0.185579
vt 0.534810 0.186173
vt 0.528175 0.185798
vt 0.522784 0.177361
vt 0.528961 0.177516
vt 0.522233 0.184667
vt 0.519665 0.191717
vt 0.535258 0.177742
vt 0.212028 0.143969
vt 0.207319 0.136376
vt 0.224885 0.129098
vt 0.227940 0.137667
vt 0.244806 0.133350
vt 0.243043 0.124250
vt 0.240726 0.114175
vt 0.221897 0.119737
vt 0.202841 0.127590
vt 0.198384 0.153341
vt 0.191422 0.147426
vt 0.181625 0.140349
vt 0.504202 0.480706
vt 0.390464 0.388619
vt 0.390084 0.400770
vt 0.389759 0.411835
vt 0.402401 0.414881
vt 0.402512 0.402963
vt 0.403118 0.390431
vt 0.389937 0.375499
vt 0.403385 0.377465
vt 0.519253 0.292764
vt 0.517759 0.306864
vt 0.529134 0.296040
vt 0.525950 0.309922
vt 0.539607 0.300758
vt 0.535057 0.314437
vt 0.417182 0.393016
vt 0.417923 0.380069
vt 0.551095 0.307702
vt 0.545517 0.320659
vt 0.509959 0.273319
vt 0.520316 0.276771
vt 0.579018 0.190763
vt 0.568907 0.201389
vt 0.696222 0.241015
vt 0.685807 0.235533
vt 0.672988 0.230275
vt 0.661516 0.226949
vt 0.651235 0.225351
vt 0.639800 0.236266
vt 0.642234 0.223635
vt 0.809318 0.253523
vt 0.818592 0.258981
vt 0.811702 0.271919
vt 0.803515 0.264608
vt 0.796303 0.274653
vt 0.803543 0.283729
vt 0.820865 0.280141
vt 0.828434 0.265774
vt 0.836076 0.250833
vt 0.824665 0.244828
vt 0.813392 0.241976
vt 0.843980 0.234933
vt 0.804120 0.240497
vt 0.801222 0.249166
vt 0.796232 0.258237
vt 0.795649 0.235325
vt 0.798126 0.239954
vt 0.794682 0.245166
vt 0.297220 0.204731
vt 0.286802 0.195956
vt 0.293724 0.185756
vt 0.304662 0.194281
vt 0.312118 0.183651
vt 0.300230 0.175175
vt 0.287447 0.168366
vt 0.281877 0.178572
vt 0.275370 0.188326
vt 0.308078 0.233384
vt 0.299552 0.225716
vt 0.306412 0.214130
vt 0.314294 0.223384
vt 0.322421 0.214299
vt 0.314337 0.203836
vt 0.290245 0.215333
vt 0.279873 0.205681
vt 0.294119 0.241588
vt 0.305935 0.246729
vt 0.315213 0.247912
vt 0.314332 0.238106
vt 0.320472 0.232804
vt 0.283803 0.225586
vt 0.792494 0.123859
vt 0.809454 0.131253
vt 0.805556 0.136765
vt 0.789912 0.130321
vt 0.787859 0.137496
vt 0.802508 0.143178
vt 0.813441 0.149237
vt 0.817495 0.143702
vt 0.822615 0.139467
vt 0.831980 0.148542
vt 0.825965 0.150986
vt 0.821134 0.154933
vt 0.771200 0.117718
vt 0.814515 0.126134
vt 0.828928 0.135879
vt 0.838709 0.146939
vt 0.847101 0.145633
vt 0.858592 0.146180
vt 0.799725 0.149598
vt 0.796720 0.156247
vt 0.793212 0.162995
vt 0.787585 0.169146
vt 0.809835 0.155367
vt 0.806077 0.162018
vt 0.801183 0.168874
vt 0.817553 0.160841
vt 0.813610 0.167700
vt 0.327398 0.428645
vt 0.317807 0.426653
vt 0.303389 0.416604
vt 0.308303 0.426999
vt 0.304172 0.438411
vt 0.316327 0.440882
vt 0.328872 0.440921
vt 0.336129 0.433741
vt 0.333343 0.428953
vt 0.336647 0.424465
vt 0.348867 0.419424
vt 0.342119 0.421174
vt 0.349702 0.428804
vt 0.343434 0.429129
vt 0.338986 0.429194
vt 0.356380 0.418668
vt 0.357056 0.428509
vt 0.363889 0.418171
vt 0.364952 0.427947
vt 0.371673 0.418196
vt 0.379761 0.419370
vt 0.471669 0.210432
vt 0.474673 0.227302
vt 0.464810 0.226194
vt 0.462116 0.211902
vt 0.450594 0.213530
vt 0.456759 0.225067
vt 0.455244 0.237549
vt 0.465046 0.242529
vt 0.475632 0.245321
vt 0.486974 0.248230
vt 0.485333 0.228229
vt 0.481569 0.210571
vt 0.498758 0.250551
vt 0.498301 0.228202
vt 0.489738 0.208239
vt 0.463804 0.261019
vt 0.475251 0.263743
vt 0.735596 0.196803
vt 0.750269 0.186598
vt 0.764836 0.179318
vt 0.777799 0.173981
vt 0.510370 0.255086
vt 0.505186 0.214792
vt 0.318751 0.357390
vt 0.322279 0.363878
vt 0.327110 0.369101
vt 0.348125 0.361305
vt 0.343990 0.357053
vt 0.340265 0.351807
vt 0.366050 0.347769
vt 0.385669 0.335870
vt 0.389824 0.339239
vt 0.370252 0.351296
vt 0.375683 0.354517
vt 0.393496 0.343156
vt 0.412273 0.329823
vt 0.408218 0.325945
vt 0.403218 0.321853
vt 0.192333 0.415800
vt 0.189435 0.410100
vt 0.207158 0.405825
vt 0.209791 0.410545
vt 0.175657 0.418184
vt 0.172839 0.411160
vt 0.280058 0.410788
vt 0.297925 0.401410
vt 0.287312 0.431716
vt 0.259874 0.110532
vt 0.279820 0.107937
vt 0.280478 0.121368
vt 0.261571 0.121764
vt 0.262375 0.131931
vt 0.280110 0.132639
vt 0.297839 0.135212
vt 0.299934 0.122429
vt 0.262701 0.141614
vt 0.246545 0.142582
vt 0.248130 0.150995
vt 0.262536 0.150907
vt 0.277201 0.153409
vt 0.278965 0.143269
vt 0.234445 0.153856
vt 0.249470 0.158747
vt 0.238412 0.161740
vt 0.243924 0.169211
vt 0.250520 0.164995
vt 0.258624 0.167847
vt 0.261389 0.159632
vt 0.231151 0.145912
vt 0.227918 0.166996
vt 0.221941 0.159012
vt 0.216917 0.151543
vt 0.205099 0.159527
vt 0.662540 0.206425
vt 0.650759 0.208694
vt 0.274283 0.163175
vt 0.269838 0.172650
vt 0.291847 0.157813
vt 0.306019 0.164143
vt 0.295208 0.146784
vt 0.310918 0.152530
vt 0.315134 0.140362
vt 0.318726 0.127201
vt 0.284117 0.782554
vt 0.274309 0.774024
vt 0.290957 0.799728
vt 0.277901 0.792444
vt 0.266669 0.783286
vt 0.102029 0.553911
vt 0.112570 0.539943
vt 0.113898 0.553800
vt 0.121426 0.508384
vt 0.119341 0.491398
vt 0.117254 0.474077
vt 0.532834 0.414861
vt 0.534739 0.407860
vt 0.516422 0.419434
vt 0.511163 0.429197
vt 0.502126 0.440357
vt 0.519695 0.411377
vt 0.522743 0.405712
vt 0.491219 0.429902
vt 0.498878 0.421556
vt 0.503626 0.413705
vt 0.506911 0.406858
vt 0.510483 0.401158
vt 0.620407 0.351291
vt 0.634306 0.358190
vt 0.629794 0.364499
vt 0.616657 0.357634
vt 0.487072 0.414008
vt 0.491261 0.406673
vt 0.474884 0.407753
vt 0.477993 0.400045
vt 0.605285 0.345271
vt 0.601982 0.352084
vt 0.589701 0.338703
vt 0.586224 0.346056
vt 0.571272 0.337664
vt 0.575834 0.329170
vt 0.562651 0.318703
vt 0.241452 0.742106
vt 0.237154 0.721210
vt 0.152762 0.542352
vt 0.169898 0.544815
vt 0.168521 0.561159
vt 0.152317 0.557877
vt 0.189222 0.548370
vt 0.185515 0.566012
vt 0.151762 0.525713
vt 0.169633 0.526860
vt 0.192935 0.527370
vt 0.248226 0.758840
vt 0.137983 0.540797
vt 0.138417 0.555681
vt 0.256733 0.772282
vt 0.390256 0.565750
vt 0.390572 0.556050
vt 0.273879 0.395517
vt 0.292939 0.385311
vt 0.416408 0.405543
vt 0.416516 0.417947
vt 0.431865 0.395993
vt 0.431238 0.408063
vt 0.446753 0.399323
vt 0.445988 0.410047
vt 0.461297 0.402995
vt 0.459651 0.412053
vt 0.471646 0.415304
vt 0.432996 0.383712
vt 0.448711 0.388766
vt 0.463607 0.394273
vt 0.557415 0.328438
vt 0.474188 0.281257
vt 0.460402 0.284209
vt 0.465908 0.302066
vt 0.472424 0.314995
vt 0.398684 0.619951
vt 0.394202 0.611079
vt 0.400340 0.607756
vt 0.405355 0.617060
vt 0.411651 0.613980
vt 0.406454 0.604984
vt 0.388152 0.614311
vt 0.391880 0.622491
vt 0.387210 0.632264
vt 0.385058 0.624233
vt 0.394857 0.631335
vt 0.402275 0.629409
vt 0.382357 0.616687
vt 0.375924 0.617348
vt 0.378353 0.625486
vt 0.380999 0.631955
vt 0.389346 0.662747
vt 0.388409 0.651581
vt 0.398282 0.651290
vt 0.399356 0.662436
vt 0.408479 0.661745
vt 0.407309 0.650181
vt 0.405200 0.639456
vt 0.396850 0.640922
vt 0.387587 0.641160
vt 0.408660 0.674037
vt 0.416834 0.673687
vt 0.416669 0.660728
vt 0.415561 0.648430
vt 0.369090 0.617671
vt 0.824088 0.165458
vt 0.825712 0.159667
vt 0.830718 0.159151
vt 0.322991 0.482700
vt 0.317893 0.468958
vt 0.305048 0.472025
vt 0.289883 0.475818
vt 0.315978 0.454560
vt 0.302606 0.454519
vt 0.286732 0.455061
vt 0.332130 0.477716
vt 0.328723 0.466489
vt 0.327513 0.454268
vt 0.723310 0.320255
vt 0.730260 0.315067
vt 0.723420 0.306534
vt 0.716343 0.297032
vt 0.840115 0.185337
vt 0.847426 0.190456
vt 0.837678 0.204068
vt 0.831831 0.197602
vt 0.844427 0.212369
vt 0.854631 0.198224
vt 0.837330 0.170206
vt 0.844907 0.172160
vt 0.833534 0.181436
vt 0.826372 0.191921
vt 0.856346 0.174141
vt 0.863968 0.185702
vt 0.843858 0.158985
vt 0.837031 0.158858
vt 0.830580 0.168095
vt 0.826967 0.177454
vt 0.852572 0.158300
vt 0.424532 0.672989
vt 0.424303 0.659182
vt 0.422621 0.646289
vt 0.420000 0.634412
vt 0.416254 0.623714
vt 0.413058 0.637145
vt 0.409393 0.626891
vt 0.178888 0.427178
vt 0.162930 0.428435
vt 0.148277 0.428008
vt 0.166078 0.440674
vt 0.182571 0.438656
vt 0.199719 0.434301
vt 0.195680 0.423636
vt 0.240894 0.431157
vt 0.222476 0.440277
vt 0.217186 0.427537
vt 0.234904 0.417930
vt 0.399212 0.350129
vt 0.405146 0.359947
vt 0.386969 0.369853
vt 0.381171 0.360683
vt 0.213217 0.417676
vt 0.204617 0.447715
vt 0.186950 0.452589
vt 0.169883 0.455127
vt 0.228056 0.456231
vt 0.246613 0.447310
vt 0.265190 0.438978
vt 0.260275 0.421295
vt 0.254184 0.407089
vt 0.209844 0.463433
vt 0.191791 0.468448
vt 0.174196 0.471331
vt 0.250779 0.466075
vt 0.268923 0.459366
vt 0.232875 0.473815
vt 0.214852 0.480349
vt 0.196725 0.485290
vt 0.178898 0.488644
vt 0.272350 0.479925
vt 0.254671 0.485448
vt 0.236896 0.491689
vt 0.218990 0.497473
vt 0.201494 0.501964
vt 0.184282 0.506642
vt 0.205544 0.515326
vt 0.150797 0.441127
vt 0.161727 0.490173
vt 0.165995 0.508293
vt 0.157635 0.472657
vt 0.153953 0.456127
vt 0.568748 0.087257
vt 0.580357 0.089399
vt 0.578454 0.101688
vt 0.565918 0.099019
vt 0.562571 0.109987
vt 0.574538 0.112922
vt 0.587423 0.115816
vt 0.591184 0.103197
vt 0.557900 0.085325
vt 0.554099 0.096477
vt 0.550997 0.107135
vt 0.539954 0.104689
vt 0.542935 0.093816
vt 0.546528 0.082642
vt 0.570827 0.075015
vt 0.560492 0.073114
vt 0.550007 0.070902
vt 0.529394 0.102216
vt 0.532150 0.090887
vt 0.536196 0.079740
vt 0.540397 0.068326
vt 0.519221 0.099563
vt 0.521665 0.086824
vt 0.526238 0.075198
vt 0.531358 0.065621
vt 0.509871 0.097524
vt 0.510734 0.080100
vt 0.519389 0.069219
vt 0.524753 0.063399
vt 0.552589 0.165207
vt 0.548879 0.172679
vt 0.542815 0.170314
vt 0.545340 0.162189
vt 0.537780 0.160589
vt 0.536189 0.169353
vt 0.541315 0.177808
vt 0.546099 0.177866
vt 0.530183 0.160013
vt 0.529393 0.169035
vt 0.548392 0.153088
vt 0.539852 0.151055
vt 0.531411 0.150122
vt 0.522761 0.160161
vt 0.522659 0.169251
vt 0.523406 0.149950
vt 0.524163 0.138733
vt 0.532953 0.139355
vt 0.542261 0.140686
vt 0.516043 0.138594
vt 0.515930 0.150244
vt 0.515775 0.160792
vt 0.516458 0.126158
vt 0.525425 0.126841
vt 0.534885 0.127952
vt 0.537244 0.116304
vt 0.527123 0.114499
vt 0.517692 0.113031
vt 0.509061 0.112153
vt 0.508531 0.125850
vt 0.570419 0.150832
vt 0.576077 0.139836
vt 0.586586 0.144692
vt 0.579546 0.156009
vt 0.588660 0.161717
vt 0.596898 0.150098
vt 0.608158 0.137349
vt 0.594794 0.132279
vt 0.581974 0.128113
vt 0.603036 0.118557
vt 0.625166 0.120897
vt 0.626578 0.104080
vt 0.606808 0.104702
vt 0.572755 0.166463
vt 0.564890 0.161098
vt 0.561169 0.146452
vt 0.556745 0.156391
vt 0.559463 0.170056
vt 0.566077 0.176074
vt 0.565729 0.135649
vt 0.570278 0.124377
vt 0.548241 0.183184
vt 0.554061 0.177665
vt 0.551772 0.143010
vt 0.555396 0.132241
vt 0.559031 0.121114
vt 0.544988 0.129696
vt 0.547944 0.118411
vt 0.200366 0.206141
vt 0.182830 0.197489
vt 0.190678 0.194100
vt 0.186469 0.179952
vt 0.178080 0.180277
vt 0.169659 0.180522
vt 0.174587 0.201045
vt 0.158588 0.179991
vt 0.162235 0.205378
vt 0.932212 0.741414
vt 0.927908 0.731033
vt 0.941670 0.726463
vt 0.947340 0.734616
vt 0.959067 0.724766
vt 0.952264 0.719187
vt 0.946921 0.714155
vt 0.937964 0.716713
vt 0.925162 0.719023
vt 0.911770 0.733608
vt 0.914457 0.745252
vt 0.917332 0.756509
vt 0.937510 0.751394
vt 0.954050 0.742362
vt 0.909979 0.720457
vt 0.875100 0.139094
vt 0.876958 0.128097
vt 0.893883 0.734303
vt 0.874914 0.733258
vt 0.855322 0.730628
vt 0.608489 0.039197
vt 0.618336 0.047416
vt 0.602204 0.045715
vt 0.595471 0.051991
vt 0.631229 0.055862
vt 0.572720 0.063068
vt 0.575072 0.051857
vt 0.583694 0.054277
vt 0.582280 0.064629
vt 0.590308 0.056716
vt 0.587756 0.045647
vt 0.578267 0.041688
vt 0.582605 0.032181
vt 0.593259 0.037512
vt 0.587803 0.022899
vt 0.599892 0.030308
vt 0.568075 0.038803
vt 0.565461 0.049688
vt 0.563035 0.061124
vt 0.571004 0.028614
vt 0.553132 0.059294
vt 0.555548 0.047922
vt 0.557124 0.037156
vt 0.543321 0.057080
vt 0.544646 0.046415
vt 0.453830 0.255867
vt 0.449111 0.275855
vt 0.812625 0.739417
vt 0.814479 0.731211
vt 0.835527 0.726699
vt 0.815986 0.721952
vt 0.797149 0.716811
vt 0.795618 0.725624
vt 0.793937 0.733306
vt 0.798838 0.706558
vt 0.817584 0.710966
vt 0.836777 0.714885
vt 0.779214 0.711659
vt 0.777842 0.720505
vt 0.776335 0.728463
vt 0.780785 0.701871
vt 0.782524 0.690880
vt 0.800613 0.694896
vt 0.819241 0.698484
vt 0.762087 0.706574
vt 0.760877 0.715427
vt 0.759608 0.724061
vt 0.763480 0.697022
vt 0.765124 0.686525
vt 0.767060 0.674867
vt 0.784444 0.678547
vt 0.802482 0.681771
vt 0.666801 0.056455
vt 0.669159 0.047101
vt 0.686009 0.053547
vt 0.683247 0.062034
vt 0.699717 0.068262
vt 0.702991 0.060478
vt 0.744590 0.710725
vt 0.743370 0.719953
vt 0.745664 0.701551
vt 0.746920 0.692062
vt 0.748519 0.681882
vt 0.750525 0.670770
vt 0.752858 0.658505
vt 0.769210 0.661886
vt 0.786470 0.664792
vt 0.650424 0.050879
vt 0.652685 0.040831
vt 0.729163 0.705893
vt 0.727891 0.715408
vt 0.730065 0.696483
vt 0.731238 0.686981
vt 0.732857 0.677015
vt 0.735027 0.666383
vt 0.737638 0.654818
vt 0.740207 0.642005
vt 0.755224 0.644884
vt 0.771389 0.647484
vt 0.635170 0.044862
vt 0.637197 0.034946
vt 0.714775 0.700989
vt 0.713759 0.710716
vt 0.715564 0.691570
vt 0.716652 0.681968
vt 0.718315 0.672123
vt 0.720762 0.661913
vt 0.723776 0.651114
vt 0.726578 0.639367
vt 0.728214 0.626135
vt 0.742129 0.627672
vt 0.757259 0.629835
vt 0.702020 0.696891
vt 0.701610 0.706370
vt 0.622350 0.038910
vt 0.623394 0.029837
vt 0.702420 0.687185
vt 0.703236 0.677378
vt 0.704993 0.667509
vt 0.707833 0.657592
vt 0.711460 0.647577
vt 0.714702 0.637253
vt 0.716674 0.627038
vt 0.690617 0.693974
vt 0.691342 0.703464
vt 0.613704 0.034752
vt 0.611170 0.027619
vt 0.690400 0.683959
vt 0.690916 0.673640
vt 0.692865 0.663395
vt 0.681932 0.704083
vt 0.679636 0.693147
vt 0.574747 0.018695
vt 0.679239 0.681984
vt 0.559050 0.026635
vt 0.561405 0.016159
vt 0.679700 0.670907
vt 0.545712 0.036064
vt 0.546735 0.025408
vt 0.547449 0.014648
vt 0.681804 0.659829
vt 0.534372 0.045898
vt 0.533724 0.055952
vt 0.534752 0.036304
vt 0.534243 0.026175
vt 0.533230 0.015141
vt 0.696199 0.653372
vt 0.685762 0.649250
vt 0.523629 0.037190
vt 0.523950 0.046785
vt 0.524375 0.056043
vt 0.522675 0.027846
vt 0.520443 0.018913
vt 0.701008 0.644368
vt 0.692033 0.640497
vt 0.514552 0.048850
vt 0.513757 0.038799
vt 0.512843 0.029659
vt 0.510338 0.022023
vt 0.705597 0.635796
vt 0.698101 0.633464
vt 0.504455 0.031773
vt 0.502552 0.024797
vt 0.708591 0.627629
vt 0.702000 0.627377
vt 0.212930 0.342863
vt 0.196265 0.326444
vt 0.202255 0.313102
vt 0.215827 0.324126
vt 0.220380 0.308916
vt 0.227874 0.381243
vt 0.221601 0.364619
vt 0.122907 0.411635
vt 0.122023 0.398592
vt 0.113010 0.409315
vt 0.113214 0.394651
vt 0.103285 0.407518
vt 0.103314 0.391196
vt 0.135174 0.426822
vt 0.123599 0.425406
vt 0.113188 0.424213
vt 0.103239 0.423435
vt 0.124885 0.440346
vt 0.137044 0.440817
vt 0.113992 0.440049
vt 0.103762 0.439954
vt 0.115413 0.456788
vt 0.126851 0.456531
vt 0.139580 0.456401
vt 0.104772 0.457145
vt 0.129164 0.473590
vt 0.189692 0.336896
vt 0.180176 0.343851
vt 0.167895 0.350303
vt 0.401625 0.131006
vt 0.394273 0.138183
vt 0.384145 0.131670
vt 0.390068 0.119442
vt 0.372107 0.116572
vt 0.370696 0.128916
vt 0.372202 0.143319
vt 0.383289 0.143261
vt 0.390705 0.144260
vt 0.357211 0.113051
vt 0.355970 0.125764
vt 0.339750 0.120351
vt 0.336766 0.134228
vt 0.356132 0.144609
vt 0.373074 0.106207
vt 0.387870 0.105799
vt 0.607554 0.156250
vt 0.620121 0.144486
vt 0.637145 0.131880
vt 0.597869 0.167796
vt 0.598336 0.186277
vt 0.588903 0.179390
vt 0.607576 0.174201
vt 0.617837 0.163249
vt 0.580614 0.172687
vt 0.572473 0.182976
vt 0.563503 0.192712
vt 0.558878 0.184508
vt 0.556808 0.490193
vt 0.758932 0.613569
vt 0.776005 0.597211
vt 0.774871 0.614773
vt 0.791339 0.615425
vt 0.792050 0.597265
vt 0.792130 0.579297
vt 0.808216 0.615557
vt 0.808492 0.596820
vt 0.808193 0.578394
vt 0.791581 0.562271
vt 0.807403 0.561016
vt 0.823502 0.559342
vt 0.824513 0.577090
vt 0.825170 0.595971
vt 0.839860 0.557531
vt 0.840984 0.575580
vt 0.841941 0.594853
vt 0.858665 0.593641
vt 0.857486 0.574101
vt 0.856397 0.555930
vt 0.875209 0.592502
vt 0.873874 0.572852
vt 0.872891 0.554673
vt 0.891445 0.591603
vt 0.889924 0.572014
vt 0.889078 0.553991
vt 0.806336 0.545331
vt 0.822321 0.543463
vt 0.838854 0.541571
vt 0.855714 0.539768
vt 0.872682 0.538692
vt 0.889311 0.538039
vt 0.905567 0.538631
vt 0.904643 0.554150
vt 0.905422 0.571722
vt 0.920800 0.541034
vt 0.919098 0.555331
vt 0.920024 0.572001
vt 0.933295 0.572580
vt 0.931747 0.557564
vt 0.934458 0.545882
vt 0.944661 0.572302
vt 0.940971 0.560383
vt 0.804899 0.531721
vt 0.821097 0.529427
vt 0.838034 0.527218
vt 0.855386 0.524952
vt 0.872969 0.524756
vt 0.890739 0.524409
vt 0.908144 0.525683
vt 0.924515 0.528487
vt 0.276318 0.094655
vt 0.272978 0.081508
vt 0.257354 0.098546
vt 0.254671 0.085837
vt 0.238361 0.103121
vt 0.235827 0.091115
vt 0.219390 0.108993
vt 0.216836 0.097030
vt 0.200346 0.116218
vt 0.197862 0.103902
vt 0.394954 0.472047
vt 0.390063 0.481010
vt 0.383779 0.488405
vt 0.379514 0.426980
vt 0.328963 0.225519
vt 0.322624 0.193536
vt 0.331366 0.204714
vt 0.338374 0.216916
vt 0.319219 0.172490
vt 0.330789 0.182689
vt 0.340439 0.194436
vt 0.348158 0.207199
vt 0.338861 0.170947
vt 0.325715 0.160590
vt 0.349647 0.183403
vt 0.331747 0.147472
vt 0.346601 0.158908
vt 0.358591 0.172766
vt 0.367936 0.163648
vt 0.862655 0.205985
vt 0.853586 0.219888
vt 0.871215 0.165493
vt 0.126998 0.164975
vt 0.125173 0.153679
vt 0.122243 0.142698
vt 0.128717 0.175785
vt 0.117401 0.189902
vt 0.130700 0.186004
vt 0.783912 0.235045
vt 0.789399 0.240358
vt 0.778236 0.241873
vt 0.783991 0.246860
vt 0.773619 0.248325
vt 0.767215 0.244993
vt 0.093120 0.313235
vt 0.903198 0.294673
vt 0.919469 0.305881
vt 0.887078 0.284248
vt 0.929756 0.290168
vt 0.912617 0.279021
vt 0.895806 0.268610
vt 0.863909 0.290393
vt 0.872148 0.274685
vt 0.880595 0.259044
vt 0.850782 0.281763
vt 0.859017 0.266207
vt 0.867368 0.250534
vt 0.831260 0.288662
vt 0.838610 0.273658
vt 0.847176 0.258362
vt 0.855407 0.242547
vt 0.144821 0.191718
vt 0.139578 0.203934
vt 0.130733 0.196099
vt 0.121636 0.200350
vt 0.129531 0.212557
vt 0.140610 0.228003
vt 0.152080 0.218785
vt 0.127411 0.236542
vt 0.112866 0.246450
vt 0.717407 0.074696
vt 0.720945 0.067013
vt 0.675930 0.076400
vt 0.679687 0.070140
vt 0.664311 0.066155
vt 0.663371 0.076063
vt 0.395171 0.152737
vt 0.401640 0.148080
vt 0.409571 0.142538
vt 0.401297 0.164440
vt 0.408797 0.159761
vt 0.416380 0.154706
vt 0.419076 0.137592
vt 0.412934 0.125643
vt 0.406660 0.114162
vt 0.425391 0.149886
vt 0.430477 0.162845
vt 0.422530 0.167576
vt 0.414932 0.172702
vt 0.421529 0.186361
vt 0.428284 0.180641
vt 0.435357 0.175659
vt 0.468259 0.195967
vt 0.477287 0.195131
vt 0.485666 0.193377
vt 0.493098 0.190498
vt 0.496366 0.202851
vt 0.474205 0.181007
vt 0.465220 0.182166
vt 0.455958 0.183488
vt 0.459069 0.197340
vt 0.483051 0.179710
vt 0.490876 0.178149
vt 0.443719 0.172281
vt 0.447330 0.185031
vt 0.439748 0.187816
vt 0.443452 0.197006
vt 0.450043 0.198356
vt 0.453044 0.169986
vt 0.462531 0.168482
vt 0.471932 0.167389
vt 0.480882 0.166612
vt 0.489143 0.165719
vt 0.449725 0.156630
vt 0.439772 0.159228
vt 0.459955 0.154980
vt 0.470034 0.153969
vt 0.479478 0.153349
vt 0.488041 0.152958
vt 0.457333 0.141669
vt 0.446216 0.143441
vt 0.435368 0.146158
vt 0.468118 0.140616
vt 0.478066 0.140068
vt 0.487145 0.139674
vt 0.466149 0.127414
vt 0.454627 0.128737
vt 0.442557 0.130731
vt 0.476852 0.126603
vt 0.486093 0.126036
vt 0.474689 0.113256
vt 0.463772 0.114659
vt 0.451735 0.116487
vt 0.484326 0.112077
vt 0.481713 0.097617
vt 0.471996 0.099884
vt 0.460909 0.102620
vt 0.440810 0.205619
vt 0.433978 0.193506
vt 0.816363 0.200808
vt 0.800127 0.201250
vt 0.811406 0.194827
vt 0.795345 0.195016
vt 0.783432 0.201274
vt 0.805970 0.188443
vt 0.778014 0.195005
vt 0.790146 0.188588
vt 0.800392 0.182120
vt 0.758413 0.195140
vt 0.771797 0.187586
vt 0.784091 0.181385
vt 0.794116 0.175415
vt 0.713756 0.266931
vt 0.939614 0.536336
vt 0.181244 0.124459
vt 0.179490 0.111688
vt 0.162533 0.130542
vt 0.161704 0.118153
vt 0.143454 0.135060
vt 0.143768 0.123061
vt 0.162014 0.144698
vt 0.235463 0.175033
vt 0.252820 0.175455
vt 0.245202 0.182659
vt 0.256529 0.189969
vt 0.263698 0.181585
vt 0.249269 0.197815
vt 0.268414 0.197438
vt 0.261618 0.205730
vt 0.273291 0.214515
vt 0.237553 0.189993
vt 0.227181 0.181875
vt 0.218661 0.173695
vt 0.255502 0.212906
vt 0.242755 0.204898
vt 0.230451 0.197058
vt 0.219635 0.188860
vt 0.211031 0.180794
vt 0.211536 0.166102
vt 0.204044 0.173968
vt 0.212809 0.195229
vt 0.224161 0.203545
vt 0.237260 0.211138
vt 0.204487 0.186768
vt 0.199932 0.180214
vt 0.197008 0.169441
vt 0.189421 0.165824
vt 0.180980 0.162589
vt 0.194052 0.180041
vt 0.856039 0.717961
vt 0.874938 0.719963
vt 0.838150 0.701502
vt 0.856984 0.703750
vt 0.875373 0.705146
vt 0.820955 0.684485
vt 0.839591 0.686619
vt 0.858075 0.688095
vt 0.876116 0.688925
vt 0.893459 0.689245
vt 0.892974 0.705729
vt 0.893061 0.720787
vt 0.804348 0.667176
vt 0.822595 0.669029
vt 0.840935 0.670344
vt 0.859100 0.671116
vt 0.876859 0.671426
vt 0.894051 0.671450
vt 0.909480 0.705637
vt 0.909898 0.689253
vt 0.910516 0.671412
vt 0.788422 0.649588
vt 0.806042 0.651160
vt 0.823977 0.652212
vt 0.841971 0.652784
vt 0.859800 0.652929
vt 0.877291 0.652765
vt 0.894334 0.652477
vt 0.910778 0.652262
vt 0.773315 0.631695
vt 0.790096 0.633043
vt 0.807378 0.633853
vt 0.824928 0.634180
vt 0.842524 0.634099
vt 0.859988 0.633704
vt 0.877171 0.633124
vt 0.893989 0.632535
vt 0.910322 0.632096
vt 0.926068 0.671512
vt 0.926460 0.652282
vt 0.925981 0.631899
vt 0.825331 0.615249
vt 0.842505 0.614605
vt 0.859589 0.613758
vt 0.876441 0.612846
vt 0.892962 0.612032
vt 0.909054 0.611439
vt 0.924501 0.611087
vt 0.907209 0.591045
vt 0.922274 0.590806
vt 0.936263 0.590619
vt 0.938980 0.610820
vt 0.940671 0.631907
vt 0.948787 0.589778
vt 0.446087 0.229727
vt 0.444653 0.249362
vt 0.440643 0.269969
vt 0.434952 0.221172
vt 0.434480 0.244801
vt 0.471218 0.056516
vt 0.476426 0.060427
vt 0.471891 0.069340
vt 0.466360 0.060018
vt 0.458471 0.063923
vt 0.463557 0.075687
vt 0.468364 0.087094
vt 0.479495 0.080608
vt 0.483486 0.064952
vt 0.463300 0.050430
vt 0.454877 0.052155
vt 0.445160 0.054421
vt 0.448772 0.066816
vt 0.453100 0.079441
vt 0.470561 0.049357
vt 0.452667 0.041583
vt 0.442554 0.042825
vt 0.437545 0.069316
vt 0.281595 0.267024
vt 0.288837 0.264809
vt 0.297611 0.262986
vt 0.274922 0.268642
vt 0.268588 0.270193
vt 0.262164 0.271192
vt 0.255663 0.271768
vt 0.249442 0.272255
vt 0.243449 0.271705
vt 0.238559 0.270150
vt 0.237838 0.264724
vt 0.303115 0.296162
vt 0.305793 0.309747
vt 0.292627 0.310262
vt 0.291625 0.296761
vt 0.281238 0.296860
vt 0.280916 0.310118
vt 0.281854 0.322204
vt 0.294337 0.322498
vt 0.308679 0.321800
vt 0.311841 0.332322
vt 0.296647 0.332954
vt 0.284055 0.332913
vt 0.314662 0.341495
vt 0.298787 0.342228
vt 0.287461 0.340646
vt 0.290613 0.281364
vt 0.300476 0.280244
vt 0.311204 0.278824
vt 0.307752 0.262725
vt 0.315151 0.293771
vt 0.319487 0.307248
vt 0.323992 0.319095
vt 0.328643 0.329121
vt 0.332932 0.337721
vt 0.317850 0.260880
vt 0.322243 0.275645
vt 0.327437 0.289681
vt 0.333249 0.302328
vt 0.339450 0.313394
vt 0.345510 0.322709
vt 0.351410 0.330443
vt 0.339499 0.283402
vt 0.333349 0.270339
vt 0.328296 0.256645
vt 0.346323 0.294915
vt 0.353977 0.305049
vt 0.361235 0.313135
vt 0.338928 0.250465
vt 0.344438 0.263155
vt 0.351016 0.275087
vt 0.358475 0.285389
vt 0.366654 0.294074
vt 0.374933 0.301058
vt 0.369345 0.274451
vt 0.361764 0.265282
vt 0.355271 0.254331
vt 0.377772 0.281733
vt 0.386653 0.287620
vt 0.365727 0.244457
vt 0.371616 0.254733
vt 0.378569 0.262965
vt 0.386812 0.268691
vt 0.393490 0.255377
vt 0.386163 0.251679
vt 0.380514 0.244295
vt 0.388542 0.235766
vt 0.390963 0.243330
vt 0.396915 0.242856
vt 0.324607 0.244143
vt 0.334171 0.237687
vt 0.344286 0.229378
vt 0.349591 0.242263
vt 0.360116 0.232605
vt 0.647529 0.061889
vt 0.645373 0.074165
vt 0.753012 0.293440
vt 0.755926 0.302609
vt 0.749166 0.303726
vt 0.745862 0.295192
vt 0.738526 0.297630
vt 0.743322 0.306522
vt 0.748287 0.313216
vt 0.751570 0.309436
vt 0.757186 0.310528
vt 0.741449 0.284904
vt 0.733377 0.287296
vt 0.728614 0.275511
vt 0.737520 0.273285
vt 0.718903 0.279808
vt 0.724878 0.291207
vt 0.731179 0.301411
vt 0.405836 0.195720
vt 0.410537 0.210142
vt 0.402072 0.213893
vt 0.397547 0.200449
vt 0.389366 0.206057
vt 0.393587 0.218691
vt 0.396423 0.230830
vt 0.404534 0.227926
vt 0.413462 0.225820
vt 0.413731 0.191353
vt 0.419300 0.206422
vt 0.423107 0.223983
vt 0.427822 0.201381
vt 0.383620 0.192937
vt 0.391989 0.186918
vt 0.399858 0.182029
vt 0.407590 0.177479
vt 0.393579 0.168561
vt 0.385289 0.173028
vt 0.378208 0.158563
vt 0.387469 0.155529
vt 0.376453 0.178918
vt 0.649538 0.100786
vt 0.646286 0.088048
vt 0.654167 0.112285
vt 0.516030 0.170075
vt 0.508653 0.138792
vt 0.509049 0.150919
vt 0.509025 0.161927
vt 0.502930 0.152371
vt 0.501532 0.139283
vt 0.500944 0.125525
vt 0.500901 0.111793
vt 0.499455 0.097714
vt 0.499465 0.081356
vt 0.490830 0.097114
vt 0.493012 0.111692
vt 0.494040 0.125921
vt 0.490363 0.081666
vt 0.510827 0.205807
vt 0.503369 0.197182
vt 0.509599 0.191950
vt 0.515510 0.198770
vt 0.514427 0.187228
vt 0.328131 0.625889
vt 0.331054 0.616029
vt 0.322397 0.613177
vt 0.415280 0.088750
vt 0.417807 0.099926
vt 0.403132 0.103211
vt 0.421235 0.110694
vt 0.432082 0.096341
vt 0.428630 0.084949
vt 0.435357 0.107708
vt 0.441425 0.082460
vt 0.445148 0.094008
vt 0.448628 0.105170
vt 0.457386 0.091299
vt 0.425707 0.121735
vt 0.430524 0.133591
vt 0.438896 0.118789
vt 0.140089 0.254315
vt 0.153053 0.246757
vt 0.152376 0.273244
vt 0.165976 0.239701
vt 0.126618 0.263030
vt 0.499583 0.187022
vt 0.505737 0.183390
vt 0.497326 0.176446
vt 0.503693 0.173802
vt 0.509810 0.171648
vt 0.511470 0.180069
vt 0.516973 0.177844
vt 0.517812 0.183404
vt 0.495991 0.164812
vt 0.502594 0.163574
vt 0.496056 0.152916
vt 0.494945 0.139810
vt 0.484884 0.052663
vt 0.491831 0.053525
vt 0.490984 0.066973
vt 0.499233 0.066354
vt 0.497713 0.053265
vt 0.477642 0.050731
vt 0.477518 0.041370
vt 0.485189 0.042194
vt 0.492943 0.042376
vt 0.469758 0.040733
vt 0.505843 0.051335
vt 0.507412 0.063851
vt 0.498426 0.041860
vt 0.504802 0.040573
vt 0.492515 0.033458
vt 0.498204 0.033017
vt 0.496822 0.025972
vt 0.491134 0.026095
vt 0.702237 0.622389
vt 0.515925 0.059373
vt 0.281801 0.282371
vt 0.273931 0.282979
vt 0.266504 0.283411
vt 0.259376 0.283379
vt 0.252401 0.282802
vt 0.245892 0.281485
vt 0.239777 0.278981
vt 0.271531 0.296589
vt 0.262966 0.296428
vt 0.255023 0.295663
vt 0.247439 0.294140
vt 0.240631 0.291538
vt 0.234141 0.287322
vt 0.270237 0.309918
vt 0.260295 0.309574
vt 0.251070 0.308536
vt 0.242537 0.306619
vt 0.234687 0.302861
vt 0.259878 0.323056
vt 0.270649 0.322743
vt 0.249317 0.322631
vt 0.239218 0.320558
vt 0.273842 0.335122
vt 0.263369 0.337659
vt 0.251183 0.337796
vt 0.238933 0.335846
vt 0.282200 0.345763
vt 0.461704 0.040909
vt 0.460758 0.032124
vt 0.460845 0.024501
vt 0.451455 0.031913
vt 0.441018 0.032212
vt 0.111749 0.274038
vt 0.099009 0.259140
vt 0.086179 0.247491
vt 0.440372 0.022813
vt 0.451559 0.023351
vt 0.684147 0.582474
vt 0.682104 0.590310
vt 0.674665 0.589817
vt 0.675994 0.579897
vt 0.681258 0.596112
vt 0.676375 0.598055
vt 0.688570 0.593380
vt 0.691344 0.586128
vt 0.384839 0.225348
vt 0.404712 0.242625
vt 0.413520 0.242699
vt 0.423454 0.243214
vt 0.401736 0.257759
vt 0.410958 0.260063
vt 0.420888 0.262356
vt 0.431117 0.265397
vt 0.354605 0.220117
vt 0.364695 0.210130
vt 0.370439 0.222719
vt 0.375538 0.234272
vt 0.380299 0.213509
vt 0.357769 0.197033
vt 0.367290 0.187152
vt 0.374538 0.200774
vt 0.641694 0.210692
vt 0.171984 0.160591
vt 0.197863 0.190659
vt 0.159322 0.161167
vt 0.808084 0.174988
vt 0.820400 0.172908
vt 0.814520 0.181224
vt 0.820649 0.186722
vt 0.144406 0.176183
vt 0.144048 0.148130
vt 0.144150 0.161778
vt 0.736994 0.310518
vt 0.755281 0.317584
vt 0.764196 0.301678
vt 0.765519 0.311324
vt 0.789808 0.252404
vt 0.784022 0.259652
vt 0.789788 0.266750
vt 0.778790 0.253355
vt 0.646552 0.141590
vt 0.655316 0.152368
vt 0.660778 0.122105
vt 0.229853 0.316249
vt 0.227449 0.331686
vt 0.860589 0.156364
vt 0.316659 0.349739
vt 0.297839 0.350448
vt 0.336814 0.345334
vt 0.356763 0.337372
vt 0.361710 0.343290
vt 0.380656 0.331444
vt 0.374976 0.326202
vt 0.368302 0.319919
vt 0.383000 0.307006
vt 0.390636 0.312523
vt 0.397278 0.317287
vt 0.404095 0.297316
vt 0.395585 0.292704
vt 0.412133 0.301958
vt 0.419385 0.306704
vt 0.425517 0.311601
vt 0.395644 0.273014
vt 0.404808 0.277072
vt 0.414457 0.280633
vt 0.423943 0.284749
vt 0.432676 0.289519
vt 0.439881 0.294956
vt 0.430856 0.317197
vt 0.446799 0.302472
vt 0.888687 0.169417
vt 0.874101 0.152015
vt 0.890746 0.158803
vt 0.893509 0.148092
vt 0.226783 0.296787
vt 0.234204 0.274028
vt 0.227349 0.279892
vt 0.218615 0.287194
vt 0.434188 0.747791
vt 0.419919 0.755314
vt 0.428632 0.759994
vt 0.406957 0.762227
vt 0.414587 0.765597
vt 0.422198 0.770473
vt 0.636582 0.199325
vt 0.627985 0.189617
vt 0.637650 0.181544
vt 0.645977 0.193686
vt 0.649545 0.173459
vt 0.657960 0.188064
vt 0.609868 0.192672
vt 0.618049 0.181401
vt 0.627958 0.171675
vt 0.378510 0.662857
vt 0.373019 0.427542
vt 0.872072 0.213515
vt 0.863928 0.227356
vt 0.875514 0.235231
vt 0.883372 0.221148
vt 0.896636 0.229384
vt 0.888781 0.243691
vt 0.911929 0.238836
vt 0.904340 0.253251
vt 0.921532 0.263631
vt 0.929537 0.248834
vt 0.947984 0.259574
vt 0.072755 0.260603
vt 0.057322 0.273805
vt 0.142558 0.473198
vt 0.145892 0.490667
vt 0.131831 0.490961
vt 0.149184 0.508325
vt 0.134435 0.508207
vt 0.136597 0.524913
vt 0.904179 0.176156
vt 0.639981 0.161951
vt 0.630340 0.152393
vt 0.418587 0.338643
vt 0.424962 0.349290
vt 0.436505 0.325414
vt 0.443875 0.336836
vt 0.452777 0.312612
vt 0.459701 0.324038
vt 0.910454 0.157526
vt 0.927284 0.166831
vt 0.923139 0.175500
vt 0.907086 0.166742
vt 0.939656 0.185049
vt 0.943503 0.177305
vt 0.957543 0.195443
vt 0.961169 0.188175
vt 0.981172 0.199065
vt 0.977303 0.206098
vt 0.039546 0.204388
vt 0.023244 0.225226
vt 0.018966 0.218453
vt 0.897063 0.137808
vt 0.915174 0.148465
vt 0.931419 0.159039
vt 0.947836 0.170066
vt 0.965356 0.180825
vt 0.985211 0.191524
vt 0.967426 0.730466
vt 0.966792 0.711653
vt 0.975069 0.715394
vt 0.971899 0.695843
vt 0.980405 0.698193
vt 0.975056 0.677131
vt 0.983708 0.678820
vt 0.958482 0.707651
vt 0.962463 0.692934
vt 0.949238 0.704496
vt 0.924581 0.705043
vt 0.937933 0.704293
vt 0.925228 0.689169
vt 0.939215 0.689308
vt 0.951643 0.690333
vt 0.940482 0.671952
vt 0.953508 0.673049
vt 0.941105 0.652611
vt 0.954433 0.653338
vt 0.954063 0.632012
vt 0.952124 0.610291
vt 0.947548 0.528091
vt 0.973678 0.607977
vt 0.963700 0.609239
vt 0.976141 0.632236
vt 0.965937 0.632141
vt 0.976435 0.655701
vt 0.966255 0.654502
vt 0.965028 0.674999
vt 0.982551 0.606974
vt 0.985117 0.632239
vt 0.985352 0.656646
vt 0.035282 0.197457
vt 0.014648 0.211050
vt 0.481654 0.421531
vt 0.939245 0.274474
vt 0.084329 0.272447
vt 0.068374 0.286487
vt 0.096483 0.286358
vt 0.080550 0.299673
vt 0.581583 0.076640
vt 0.222114 0.269617
vt 0.211538 0.273530
vt 0.230909 0.266454
vt 0.218637 0.209433
vt 0.206586 0.200736
vt 0.391241 0.809061
vt 0.404351 0.806836
vt 0.416263 0.802628
vt 0.376798 0.809701
vt 0.360743 0.809474
vt 0.645397 0.536500
vt 0.643263 0.551681
vt 0.632500 0.550636
vt 0.633932 0.536245
vt 0.622850 0.536421
vt 0.622175 0.550424
vt 0.657422 0.536750
vt 0.654914 0.552921
vt 0.623017 0.520978
vt 0.634503 0.520619
vt 0.646265 0.520450
vt 0.623028 0.504642
vt 0.634663 0.504199
vt 0.445076 0.752568
vt 0.438096 0.766235
vt 0.430085 0.777182
vt 0.421607 0.785763
vt 0.457819 0.758252
vt 0.448607 0.774499
vt 0.438176 0.786797
vt 0.427369 0.795993
vt 0.573407 0.543134
vt 0.576586 0.559387
vt 0.562701 0.564169
vt 0.587816 0.540520
vt 0.589539 0.556007
vt 0.572209 0.507551
vt 0.572331 0.525477
vt 0.586838 0.523919
vt 0.586477 0.506658
vt 0.572297 0.489655
vt 0.586464 0.489112
vt 0.599382 0.488600
vt 0.599377 0.505851
vt 0.599705 0.522628
vt 0.611560 0.521638
vt 0.611377 0.505183
vt 0.611456 0.488138
vt 0.093178 0.406539
vt 0.092957 0.389971
vt 0.093197 0.423059
vt 0.082855 0.422969
vt 0.093623 0.440058
vt 0.083175 0.440283
vt 0.072216 0.440529
vt 0.094372 0.457570
vt 0.083701 0.457993
vt 0.072528 0.458380
vt 0.123324 0.524651
vt 0.124872 0.540038
vt 0.125852 0.554387
vt 0.600300 0.538595
vt 0.601157 0.553391
vt 0.611786 0.537220
vt 0.611867 0.551412
s 1
usemtl itfbody_mat.001
f 3/1/1 4/2/2 1/3/3 2/4/4
f 6/5/5 2/4/4 1/3/3 5/6/6
f 8/7/7 5/6/6 1/3/3 7/8/8
f 9/9/9 7/8/8 1/3/3 4/2/2
f 10/10/10 11/11/11 7/8/8 9/9/9
f 12/12/12 8/7/7 7/8/8 11/11/11
f 14/13/13 4/2/2 3/1/1 13/14/14
f 16/15/15 13/16/14 3/17/1 15/18/16
f 17/19/17 15/18/16 3/17/1 2/20/4
f 18/21/18 9/9/9 4/2/2 14/13/13
f 19/22/19 10/10/10 9/9/9 18/21/18
f 21/23/20 13/16/14 16/15/15 20/24/21
f 23/25/22 20/24/21 16/15/15 22/26/23
f 24/27/24 22/26/23 16/15/15 15/18/16
f 25/28/25 14/13/13 13/14/14 21/29/20
f 26/30/26 18/21/18 14/13/13 25/28/25
f 27/31/27 19/22/19 18/21/18 26/30/26
f 29/32/28 25/28/25 21/29/20 28/33/29
f 30/34/30 28/35/29 21/23/20 20/24/21
f 31/36/31 26/30/26 25/28/25 29/32/28
f 32/37/32 27/31/27 26/30/26 31/36/31
f 33/38/33 34/39/34 29/32/28 28/33/29
f 35/40/35 31/36/31 29/32/28 34/39/34
f 36/41/36 32/37/32 31/36/31 35/40/35
f 39/42/37 40/43/38 37/44/39 38/45/40
f 42/46/41 38/45/40 37/44/39 41/47/42
f 44/48/43 41/47/42 37/44/39 43/49/44
f 45/50/45 43/49/44 37/44/39 40/43/38
f 47/51/46 39/42/37 38/45/40 46/52/47
f 48/53/48 46/52/47 38/45/40 42/46/41
f 50/54/49 40/43/38 39/42/37 49/55/50
f 51/56/51 49/55/50 39/42/37 47/51/46
f 54/57/52 55/58/53 52/59/54 53/60/55
f 57/61/56 53/60/55 52/59/54 56/62/57
f 59/63/58 56/62/57 52/59/54 58/64/59
f 60/65/60 58/64/59 52/59/54 55/58/53
f 63/66/61 64/67/62 61/68/63 62/69/64
f 66/70/65 62/69/64 61/68/63 65/71/66
f 68/72/67 65/71/66 61/68/63 67/73/68
f 69/74/69 67/73/68 61/68/63 64/67/62
f 70/75/70 71/76/71 62/69/64 66/70/65
f 72/77/72 63/66/61 62/69/64 71/76/71
f 73/78/73 74/79/74 71/76/71 70/75/70
f 75/80/75 72/77/72 71/76/71 74/79/74
f 76/81/76 77/82/77 66/70/65 65/71/66
f 78/83/78 70/75/70 66/70/65 77/82/77
f 81/84/79 82/85/80 79/86/81 80/87/82
f 84/88/83 80/87/82 79/86/81 83/89/84
f 86/90/85 83/89/84 79/86/81 85/91/86
f 87/92/87 85/91/86 79/86/81 82/85/80
f 89/93/88 81/84/79 80/87/82 88/94/89
f 90/95/90 88/94/89 80/87/82 84/88/83
f 91/96/91 92/97/92 88/94/89 90/95/90
f 93/98/93 89/93/88 88/94/89 92/97/92
f 94/99/94 95/100/95 92/97/92 91/96/91
f 96/101/96 93/98/93 92/97/92 95/100/95
f 97/102/97 98/103/98 95/100/95 94/99/94
f 99/104/99 96/101/96 95/100/95 98/103/98
f 100/105/100 101/106/101 83/89/84 86/90/85
f 102/107/102 84/88/83 83/89/84 101/106/101
f 103/108/103 90/95/90 84/88/83 102/107/102
f 104/109/104 91/96/91 90/95/90 103/108/103
f 105/110/105 94/99/94 91/96/91 104/109/104
f 106/111/106 97/102/97 94/99/94 105/110/105
f 108/112/107 103/108/103 102/107/102 107/113/108
f 109/114/109 107/113/108 102/107/102 101/106/101
f 110/115/110 104/109/104 103/108/103 108/112/107
f 111/116/111 105/110/105 104/109/104 110/115/110
f 112/117/112 113/118/113 107/113/108 109/114/109
f 114/119/114 108/112/107 107/113/108 113/118/113
f 115/120/115 110/115/110 108/112/107 114/119/114
f 116/121/116 111/116/111 110/115/110 115/120/115
f 118/122/117 115/120/115 114/119/114 117/123/118
f 119/124/119 117/123/118 114/119/114 113/118/113
f 120/125/120 121/126/121 117/123/118 119/124/119
f 122/127/122 118/122/117 117/123/118 121/126/121
f 125/128/123 126/129/124 123/130/125 124/131/126
f 128/132/127 124/131/126 123/130/125 127/133/128
f 130/134/129 127/133/128 123/130/125 129/135/130
f 131/136/131 129/135/130 123/130/125 126/129/124
f 133/137/132 134/138/133 125/128/123 132/139/134
f 135/140/135 132/139/134 125/128/123 124/131/126
f 136/141/136 126/129/124 125/128/123 134/138/133
f 137/142/137 131/136/131 126/129/124 136/141/136
f 139/143/138 140/144/139 133/145/132 138/146/140
f 141/147/141 138/146/140 133/145/132 132/148/134
f 142/149/142 134/138/133 133/137/132 140/150/139
f 145/151/143 146/152/144 143/153/145 144/154/146
f 148/155/147 144/154/146 143/153/145 147/156/148
f 150/157/149 147/156/148 143/153/145 149/158/150
f 151/159/151 149/158/150 143/153/145 146/152/144
f 153/160/152 150/157/149 149/158/150 152/161/153
f 154/162/154 152/161/153 149/158/150 151/159/151
f 157/163/155 158/164/156 155/165/157 156/166/158
f 160/167/159 156/166/158 155/165/157 159/168/160
f 162/169/161 159/168/160 155/165/157 161/170/162
f 163/171/163 161/170/162 155/165/157 158/164/156
f 166/172/164 163/173/163 164/174/165 165/175/166
f 168/176/167 165/175/166 164/174/165 167/177/168
f 170/178/169 167/177/168 164/174/165 169/179/170
f 158/180/156 169/179/170 164/174/165 163/173/163
f 171/181/171 172/182/172 167/177/168 170/178/169
f 173/183/173 168/176/167 167/177/168 172/182/172
f 175/184/174 168/176/167 173/183/173 174/185/175
f 177/186/176 174/185/175 173/183/173 176/187/177
f 178/188/178 176/187/177 173/183/173 172/182/172
f 181/189/179 182/190/180 179/191/181 180/192/182
f 184/193/183 180/192/182 179/191/181 183/194/184
f 186/195/185 183/194/184 179/191/181 185/196/186
f 187/197/187 185/196/186 179/191/181 182/190/180
f 188/198/188 189/199/189 182/190/180 181/189/179
f 190/200/190 187/197/187 182/190/180 189/199/189
f 191/201/191 192/202/192 189/199/189 188/198/188
f 193/203/193 190/200/190 189/199/189 192/202/192
f 196/204/194 197/205/195 194/206/196 195/207/197
f 199/208/198 195/207/197 194/206/196 198/209/199
f 201/210/200 198/209/199 194/206/196 200/211/201
f 202/212/202 200/211/201 194/206/196 197/205/195
f 204/213/203 205/214/204 202/212/202 203/215/205
f 206/216/206 203/215/205 202/212/202 197/205/195
f 207/217/207 200/211/201 202/212/202 205/214/204
f 209/218/208 207/217/207 205/214/204 208/219/209
f 210/220/210 208/219/209 205/214/204 204/213/203
f 211/221/211 212/222/212 203/223/205 206/216/206
f 213/224/213 204/225/203 203/223/205 212/222/212
f 214/226/214 210/227/210 204/225/203 213/224/213
f 215/228/215 216/229/216 210/227/210 214/226/214
f 217/230/217 208/219/209 210/220/210 216/231/216
f 219/232/218 217/230/217 216/231/216 218/233/219
f 220/234/220 218/235/219 216/229/216 215/228/215
f 221/236/221 222/237/222 213/224/213 212/222/212
f 223/238/223 214/226/214 213/224/213 222/237/222
f 224/239/224 215/228/215 214/226/214 223/238/223
f 225/240/225 220/234/220 215/228/215 224/239/224
f 226/241/226 227/242/227 220/234/220 225/240/225
f 228/243/228 218/235/219 220/234/220 227/242/227
f 230/244/229 228/243/228 227/242/227 229/245/230
f 231/246/231 229/245/230 227/242/227 226/241/226
f 233/247/232 224/239/224 223/238/223 232/248/233
f 234/249/234 232/248/233 223/238/223 222/237/222
f 235/250/235 225/240/225 224/239/224 233/247/232
f 236/251/236 226/241/226 225/240/225 235/250/235
f 237/252/237 231/246/231 226/241/226 236/251/236
f 238/253/238 239/254/239 232/248/233 234/249/234
f 240/255/240 233/247/232 232/248/233 239/254/239
f 241/256/241 235/250/235 233/247/232 240/255/240
f 242/257/242 236/251/236 235/250/235 241/256/241
f 244/258/243 241/256/241 240/255/240 243/259/244
f 245/260/245 243/259/244 240/255/240 239/254/239
f 246/261/246 237/252/237 236/251/236 242/257/242
f 247/262/247 242/257/242 241/256/241 244/258/243
f 250/263/248 251/264/249 248/265/250 249/266/251
f 253/267/252 249/266/251 248/265/250 252/268/253
f 255/269/254 252/268/253 248/265/250 254/270/255
f 256/271/256 254/270/255 248/265/250 251/264/249
f 258/272/257 259/273/258 253/267/252 257/274/259
f 260/275/260 257/274/259 253/267/252 252/268/253
f 261/276/261 249/266/251 253/267/252 259/273/258
f 263/277/262 261/276/261 259/273/258 262/278/263
f 264/279/264 262/278/263 259/273/258 258/272/257
f 266/280/265 267/281/266 264/279/264 265/282/267
f 268/283/268 265/282/267 264/279/264 258/272/257
f 269/284/269 262/278/263 264/279/264 267/281/266
f 271/285/270 269/284/269 267/281/266 270/286/271
f 272/287/272 270/286/271 267/281/266 266/280/265
f 275/288/273 276/289/274 273/290/275 274/291/276
f 278/292/277 274/291/276 273/290/275 277/293/278
f 280/294/279 277/293/278 273/290/275 279/295/280
f 281/296/281 279/295/280 273/290/275 276/289/274
f 283/297/282 281/296/281 276/289/274 282/298/283
f 284/299/284 282/298/283 276/289/274 275/288/273
f 286/300/285 287/301/286 284/299/284 285/302/287
f 288/303/288 285/302/287 284/299/284 275/288/273
f 289/304/289 282/298/283 284/299/284 287/301/286
f 290/305/290 283/297/282 282/298/283 289/304/289
f 292/306/291 289/304/289 287/301/286 291/307/292
f 293/308/293 291/307/292 287/301/286 286/300/285
f 294/309/294 290/305/290 289/304/289 292/306/291
f 296/310/295 297/311/296 293/308/293 295/312/297
f 298/313/298 295/312/297 293/308/293 286/300/285
f 299/314/299 291/307/292 293/308/293 297/311/296
f 300/315/300 292/306/291 291/307/292 299/314/299
f 301/316/301 294/309/294 292/306/291 300/315/300
f 303/317/302 299/314/299 297/311/296 302/318/303
f 304/319/304 302/318/303 297/311/296 296/310/295
f 44/48/43 300/315/300 299/314/299 303/317/302
f 43/49/44 301/316/301 300/315/300 44/48/43
f 306/320/305 307/321/306 304/319/304 305/322/307
f 308/323/308 305/322/307 304/319/304 296/310/295
f 309/324/309 302/318/303 304/319/304 307/321/306
f 310/325/310 303/317/302 302/318/303 309/324/309
f 313/326/311 314/327/312 311/328/313 312/329/314
f 316/330/315 312/329/314 311/328/313 315/331/316
f 318/332/317 315/331/316 311/328/313 317/333/318
f 319/334/319 317/333/318 311/328/313 314/327/312
f 321/335/320 313/326/311 312/329/314 320/336/321
f 322/337/322 320/336/321 312/329/314 316/330/315
f 324/338/323 321/335/320 320/336/321 323/339/324
f 325/340/325 323/339/324 320/336/321 322/337/322
f 281/296/281 327/341/326 326/342/327 279/295/280
f 280/294/279 279/295/280 326/342/327 328/343/328
f 330/344/329 328/343/328 326/342/327 329/345/330
f 331/346/331 329/345/330 326/342/327 327/341/326
f 333/347/332 330/344/329 329/345/330 332/348/333
f 334/349/334 332/348/333 329/345/330 331/346/331
f 336/350/335 333/347/332 332/348/333 335/351/336
f 337/352/337 335/351/336 332/348/333 334/349/334
f 339/353/338 334/349/334 331/346/331 338/354/339
f 340/355/340 338/354/339 331/346/331 327/341/326
f 341/356/341 337/352/337 334/349/334 339/353/338
f 342/357/342 343/358/343 337/352/337 341/356/341
f 344/359/344 335/351/336 337/352/337 343/358/343
f 345/360/345 346/361/346 343/358/343 342/357/342
f 347/362/347 344/359/344 343/358/343 346/361/346
f 349/363/348 347/362/347 346/361/346 348/364/349
f 350/365/350 348/364/349 346/361/346 345/360/345
f 317/333/318 349/363/348 348/364/349 318/332/317
f 315/331/316 318/332/317 348/364/349 350/365/350
f 351/366/351 352/367/352 338/354/339 340/355/340
f 353/368/353 339/353/338 338/354/339 352/367/352
f 354/369/354 341/356/341 339/353/338 353/368/353
f 355/370/355 342/357/342 341/356/341 354/369/354
f 356/371/356 345/360/345 342/357/342 355/370/355
f 357/372/357 350/365/350 345/360/345 356/371/356
f 316/330/315 315/331/316 350/365/350 357/372/357
f 358/373/358 359/374/359 353/368/353 352/367/352
f 360/375/360 354/369/354 353/368/353 359/374/359
f 361/376/361 355/370/355 354/369/354 360/375/360
f 362/377/362 356/371/356 355/370/355 361/376/361
f 363/378/363 357/372/357 356/371/356 362/377/362
f 365/379/364 361/376/361 360/375/360 364/380/365
f 366/381/366 364/380/365 360/375/360 359/374/359
f 367/382/367 362/377/362 361/376/361 365/379/364
f 368/383/368 363/378/363 362/377/362 367/382/367
f 369/384/369 370/385/370 364/380/365 366/381/366
f 371/386/371 365/379/364 364/380/365 370/385/370
f 372/387/372 367/382/367 365/379/364 371/386/371
f 374/388/373 372/387/372 371/386/371 373/389/374
f 375/390/375 373/389/374 371/386/371 370/385/370
f 368/383/368 367/382/367 372/387/372 376/391/376
f 377/392/377 376/391/376 372/387/372 374/388/373
f 325/340/325 368/383/368 376/391/376 378/393/378
f 379/394/379 378/393/378 376/391/376 377/392/377
f 322/337/322 363/378/363 368/383/368 325/340/325
f 316/330/315 357/372/357 363/378/363 322/337/322
f 380/395/380 381/396/381 378/393/378 379/394/379
f 323/339/324 325/340/325 378/393/378 381/396/381
f 384/397/382 385/398/383 382/399/384 383/400/385
f 46/52/47 383/400/385 382/399/384 47/51/46
f 51/56/51 47/51/46 382/399/384 386/401/386
f 387/402/387 386/401/386 382/399/384 385/398/383
f 377/392/377 387/402/387 385/398/383 379/394/379
f 380/395/380 379/394/379 385/398/383 384/397/382
f 389/403/388 384/397/382 383/400/385 388/404/389
f 48/53/48 388/404/389 383/400/385 46/52/47
f 392/405/390 393/406/391 390/407/392 391/408/393
f 395/409/394 391/408/393 390/407/392 394/410/395
f 397/411/396 394/410/395 390/407/392 396/412/397
f 398/413/398 396/412/397 390/407/392 393/406/391
f 399/414/399 400/415/400 396/412/397 398/413/398
f 401/416/401 397/411/396 396/412/397 400/415/400
f 402/417/402 403/418/403 398/413/398 393/406/391
f 404/419/404 399/414/399 398/413/398 403/418/403
f 405/420/405 301/316/301 43/49/44 45/50/45
f 407/421/406 405/420/405 45/50/45 406/422/407
f 50/54/49 406/422/407 45/50/45 40/43/38
f 408/423/408 409/424/409 50/54/49 49/55/50
f 369/384/369 406/422/407 50/54/49 409/424/409
f 410/425/410 375/390/375 409/424/409 408/423/408
f 370/385/370 369/384/369 409/424/409 375/390/375
f 374/388/373 373/389/374 375/390/375 410/425/410
f 386/401/386 408/423/408 49/55/50 51/56/51
f 387/402/387 410/425/410 408/423/408 386/401/386
f 413/426/411 414/427/412 411/428/413 412/429/414
f 416/430/415 412/429/414 411/428/413 415/431/416
f 418/432/417 415/431/416 411/428/413 417/433/418
f 419/434/419 417/433/418 411/428/413 414/427/412
f 422/435/420 423/436/421 420/437/422 421/438/423
f 425/439/424 421/438/423 420/437/422 424/440/425
f 427/441/426 424/440/425 420/437/422 426/442/427
f 428/443/428 426/442/427 420/437/422 423/436/421
f 429/444/429 430/445/430 426/442/427 428/443/428
f 431/446/431 427/441/426 426/442/427 430/445/430
f 432/447/432 433/448/433 430/445/430 429/444/429
f 434/449/434 431/446/431 430/445/430 433/448/433
f 436/450/435 428/451/428 423/452/421 435/453/436
f 437/454/437 435/453/436 423/452/421 422/455/420
f 439/456/438 231/246/231 237/252/237 438/457/439
f 440/458/440 438/457/439 237/252/237 246/261/246
f 441/459/441 442/460/442 438/457/439 440/458/440
f 443/461/443 439/456/438 438/457/439 442/460/442
f 445/462/444 440/458/440 246/261/246 444/463/445
f 446/464/446 444/463/445 246/261/246 242/257/242
f 447/465/447 441/459/441 440/458/440 445/462/444
f 449/466/448 445/462/444 444/463/445 448/467/449
f 450/468/450 448/467/449 444/463/445 446/464/446
f 453/469/451 454/470/452 451/471/453 452/472/454
f 456/473/455 452/472/454 451/471/453 455/474/456
f 458/475/457 455/474/456 451/471/453 457/476/458
f 459/477/459 457/476/458 451/471/453 454/470/452
f 461/478/460 453/469/451 452/472/454 460/479/461
f 462/480/462 460/479/461 452/472/454 456/473/455
f 463/481/463 464/482/464 460/479/461 462/480/462
f 465/483/465 461/478/460 460/479/461 464/482/464
f 466/484/466 467/485/467 464/482/464 463/481/463
f 468/486/468 465/483/465 464/482/464 467/485/467
f 471/487/469 472/488/470 469/489/471 470/490/472
f 474/491/473 470/490/472 469/489/471 473/492/474
f 476/493/475 473/492/474 469/489/471 475/494/476
f 477/495/477 475/494/476 469/489/471 472/488/470
f 230/496/229 478/497/478 472/488/470 471/487/469
f 443/498/443 477/495/477 472/488/470 478/497/478
f 229/245/230 231/246/231 478/499/478 230/244/229
f 439/456/438 443/461/443 478/499/478 231/246/231
f 377/392/377 374/388/373 410/425/410 387/402/387
f 481/500/479 482/501/480 479/502/481 480/503/482
f 484/504/483 480/503/482 479/502/481 483/505/484
f 486/506/485 483/505/484 479/502/481 485/507/486
f 487/508/487 485/507/486 479/502/481 482/501/480
f 489/509/488 487/508/487 482/501/480 488/510/489
f 490/511/490 488/510/489 482/501/480 481/500/479
f 397/411/396 491/512/491 490/511/490 394/410/395
f 395/409/394 394/410/395 490/511/490 481/500/479
f 492/513/492 488/510/489 490/511/490 491/512/491
f 245/260/245 489/509/488 488/510/489 492/513/492
f 243/259/244 245/260/245 492/513/492 244/258/243
f 493/514/493 244/258/243 492/513/492 491/512/491
f 496/515/494 497/516/495 494/517/496 495/518/497
f 499/519/498 495/518/497 494/517/496 498/520/499
f 501/521/500 498/520/499 494/517/496 500/522/501
f 502/523/502 500/522/501 494/517/496 497/516/495
f 504/524/503 500/522/501 502/523/502 503/525/504
f 506/526/505 503/525/504 502/523/502 505/527/506
f 507/528/507 505/527/506 502/523/502 497/516/495
f 508/529/508 501/521/500 500/522/501 504/524/503
f 255/530/254 254/531/255 501/521/500 508/529/508
f 256/532/256 498/520/499 501/521/500 254/531/255
f 260/275/260 252/268/253 255/269/254 509/533/509
f 510/534/510 509/535/509 255/530/254 508/529/508
f 511/536/511 268/283/268 258/272/257 257/274/259
f 514/537/512 515/538/513 512/539/514 513/540/515
f 517/541/516 513/540/515 512/539/514 516/542/517
f 120/125/120 516/542/517 512/539/514 121/126/121
f 518/543/518 121/126/121 512/539/514 515/538/513
f 521/544/519 522/545/520 519/546/521 520/547/522
f 524/548/523 520/547/522 519/546/521 523/549/524
f 526/550/525 523/549/524 519/546/521 525/551/526
f 527/552/527 525/551/526 519/546/521 522/545/520
f 529/553/528 527/552/527 522/545/520 528/554/529
f 530/555/530 528/554/529 522/545/520 521/544/519
f 532/556/531 525/557/526 527/558/527 531/559/532
f 533/560/533 531/559/532 527/558/527 529/561/528
f 122/127/122 535/562/534 530/555/530 534/563/535
f 536/564/536 534/563/535 530/555/530 521/544/519
f 537/565/537 528/554/529 530/555/530 535/562/534
f 538/566/538 529/553/528 528/554/529 537/565/537
f 539/567/539 533/560/533 529/561/528 538/568/538
f 540/569/540 537/565/537 535/562/534 518/543/518
f 121/126/121 518/543/518 535/562/534 122/127/122
f 541/570/541 538/566/538 537/565/537 540/569/540
f 544/571/542 545/572/543 542/573/544 543/574/545
f 547/575/546 543/574/545 542/573/544 546/576/547
f 549/577/548 546/576/547 542/573/544 548/578/549
f 550/579/550 548/578/549 542/573/544 545/572/543
f 552/580/551 553/581/552 544/571/542 551/582/553
f 554/583/554 551/582/553 544/571/542 543/574/545
f 555/584/555 545/572/543 544/571/542 553/581/552
f 556/585/556 550/579/550 545/572/543 555/584/555
f 559/586/557 560/587/558 557/588/559 558/589/560
f 562/590/561 558/589/560 557/588/559 561/591/562
f 564/592/563 561/591/562 557/588/559 563/593/564
f 565/594/565 563/593/564 557/588/559 560/587/558
f 568/595/566 569/596/567 566/597/568 567/598/569
f 570/599/570 567/598/569 566/597/568 559/586/557
f 560/587/558 559/586/557 566/597/568 571/600/571
f 572/601/572 571/600/571 566/597/568 569/596/567
f 575/602/573 576/603/574 573/604/575 574/605/576
f 578/606/577 574/605/576 573/604/575 577/607/578
f 580/608/579 577/607/578 573/604/575 579/609/580
f 581/610/581 579/609/580 573/604/575 576/603/574
f 582/611/582 583/612/583 576/603/574 575/602/573
f 584/613/584 581/610/581 576/603/574 583/612/583
f 585/614/585 586/615/586 583/612/583 582/611/582
f 587/616/587 584/613/584 583/612/583 586/615/586
f 588/617/588 589/618/589 586/615/586 585/614/585
f 590/619/590 587/616/587 586/615/586 589/618/589
f 591/620/591 592/621/592 575/602/573 574/605/576
f 593/622/593 582/611/582 575/602/573 592/621/592
f 594/623/594 585/614/585 582/611/582 593/622/593
f 595/624/595 588/617/588 585/614/585 594/623/594
f 596/625/596 597/626/597 593/622/593 592/621/592
f 598/627/598 594/623/594 593/622/593 597/626/597
f 599/628/599 595/624/595 594/623/594 598/627/598
f 602/629/600 603/630/601 600/631/602 601/632/603
f 605/633/604 601/632/603 600/631/602 604/634/605
f 607/635/606 604/634/605 600/631/602 606/636/607
f 608/637/608 606/636/607 600/631/602 603/630/601
f 609/638/609 610/639/610 603/630/601 602/629/600
f 611/640/611 608/637/608 603/630/601 610/639/610
f 612/641/612 613/642/613 610/639/610 609/638/609
f 614/643/614 611/640/611 610/639/610 613/642/613
f 615/644/615 616/645/616 613/646/613 612/647/612
f 617/648/617 614/649/614 613/646/613 616/645/616
f 618/650/618 619/651/619 616/645/616 615/644/615
f 511/536/511 617/648/617 616/645/616 619/651/619
f 620/652/620 621/653/621 619/651/619 618/650/618
f 268/283/268 511/536/511 619/651/619 621/653/621
f 622/654/622 623/655/623 621/653/621 620/652/620
f 265/282/267 268/283/268 621/653/621 623/655/623
f 624/656/624 625/657/625 623/655/623 622/654/622
f 266/280/265 265/282/267 623/655/623 625/657/625
f 627/658/626 609/659/609 602/660/600 626/661/627
f 628/662/628 626/661/627 602/660/600 601/663/603
f 629/664/629 612/665/612 609/659/609 627/658/626
f 630/666/630 615/667/615 612/668/612 629/669/629
f 631/670/631 618/671/618 615/667/615 630/666/630
f 632/672/632 620/673/620 618/671/618 631/670/631
f 633/674/633 622/675/622 620/673/620 632/672/632
f 634/676/634 624/677/624 622/675/622 633/674/633
f 635/678/635 636/679/636 627/658/626 626/661/627
f 637/680/637 629/664/629 627/658/626 636/679/636
f 638/681/638 630/666/630 629/669/629 637/682/637
f 639/683/639 631/670/631 630/666/630 638/681/638
f 640/684/640 632/672/632 631/670/631 639/683/639
f 641/685/641 633/674/633 632/672/632 640/684/640
f 642/686/642 634/676/634 633/674/633 641/685/641
f 643/687/643 644/688/644 637/680/637 636/679/636
f 645/689/645 638/681/638 637/682/637 644/690/644
f 646/691/646 639/683/639 638/681/638 645/689/645
f 647/692/647 640/684/640 639/683/639 646/691/646
f 648/693/648 641/685/641 640/684/640 647/692/647
f 650/694/649 647/692/647 646/691/646 649/695/650
f 651/696/651 649/695/650 646/691/646 645/689/645
f 652/697/652 648/693/648 647/692/647 650/694/649
f 654/698/653 652/697/652 650/694/649 653/699/654
f 655/700/655 653/699/654 650/694/649 649/695/650
f 330/344/329 657/701/656 656/702/657 328/343/328
f 280/294/279 328/343/328 656/702/657 277/293/278
f 659/703/658 277/293/278 656/702/657 658/704/659
f 660/705/660 658/704/659 656/702/657 657/701/656
f 333/347/332 661/706/661 657/701/656 330/344/329
f 662/707/662 660/705/660 657/701/656 661/706/661
f 663/708/663 664/709/664 660/705/660 662/707/662
f 665/710/665 658/704/659 660/705/660 664/709/664
f 336/350/335 666/711/666 661/706/661 333/347/332
f 667/712/667 662/707/662 661/706/661 666/711/666
f 668/713/668 663/708/663 662/707/662 667/712/667
f 669/714/669 670/715/670 663/708/663 668/713/668
f 671/716/671 664/709/664 663/708/663 670/715/670
f 672/717/672 673/718/673 666/711/666 336/350/335
f 674/719/674 667/712/667 666/711/666 673/718/673
f 675/720/675 668/713/668 667/712/667 674/719/674
f 676/721/676 669/714/669 668/713/668 675/720/675
f 678/722/677 670/715/670 669/714/669 677/723/678
f 679/724/679 677/723/678 669/714/669 676/721/676
f 681/725/680 674/719/674 673/718/673 680/726/681
f 682/727/682 680/726/681 673/718/673 672/717/672
f 683/728/683 675/720/675 674/719/674 681/725/680
f 684/729/684 676/721/676 675/720/675 683/728/683
f 685/730/685 679/724/679 676/721/676 684/729/684
f 687/731/686 677/723/678 679/724/679 686/732/687
f 688/733/688 686/732/687 679/724/679 685/730/685
f 690/734/689 681/725/680 680/726/681 689/735/690
f 691/736/691 689/735/690 680/726/681 682/727/682
f 692/737/692 683/728/683 681/725/680 690/734/689
f 693/738/693 684/729/684 683/728/683 692/737/692
f 694/739/694 685/730/685 684/729/684 693/738/693
f 695/740/695 688/733/688 685/730/685 694/739/694
f 697/741/696 690/734/689 689/735/690 696/742/697
f 319/334/319 696/742/697 689/735/690 691/736/691
f 698/743/698 692/737/692 690/734/689 697/741/696
f 700/744/699 695/740/695 694/739/694 699/745/700
f 701/746/701 699/745/700 694/739/694 693/738/693
f 702/747/702 703/748/703 699/745/700 701/746/701
f 704/749/704 700/744/699 699/745/700 703/748/703
f 692/737/692 698/743/698 701/746/701 693/738/693
f 564/750/563 702/747/702 701/746/701 698/743/698
f 563/593/564 705/751/705 702/752/702 564/592/563
f 706/753/706 703/754/703 702/752/702 705/751/705
f 697/741/696 561/755/562 564/750/563 698/743/698
f 561/755/562 697/741/696 696/742/697 562/756/561
f 707/757/707 562/756/561 696/742/697 319/334/319
f 710/758/708 711/759/709 708/760/710 709/761/711
f 713/762/712 709/761/711 708/760/710 712/763/713
f 715/764/714 712/763/713 708/760/710 714/765/715
f 716/766/716 714/765/715 708/760/710 711/759/709
f 718/767/717 710/758/708 709/761/711 717/768/718
f 719/769/719 717/768/718 709/761/711 713/762/712
f 721/770/720 718/767/717 717/768/718 720/771/721
f 722/772/722 720/771/721 717/768/718 719/769/719
f 723/773/723 724/774/724 720/771/721 722/772/722
f 725/775/725 721/770/720 720/771/721 724/774/724
f 726/776/726 727/777/727 724/774/724 723/773/723
f 728/778/728 725/775/725 724/774/724 727/777/727
f 177/186/176 729/779/729 727/780/727 726/781/726
f 730/782/730 728/783/728 727/780/727 729/779/729
f 176/187/177 731/784/731 729/779/729 177/186/176
f 732/785/732 730/782/730 729/779/729 731/784/731
f 733/786/733 734/787/734 722/772/722 719/769/719
f 735/788/735 723/773/723 722/772/722 734/787/734
f 736/789/736 726/776/726 723/773/723 735/788/735
f 174/185/175 177/186/176 726/781/726 736/790/736
f 340/355/340 327/341/326 281/296/281 283/297/282
f 351/366/351 340/355/340 283/297/282 290/305/290
f 737/791/737 351/366/351 290/305/290 294/309/294
f 358/373/358 352/367/352 351/366/351 737/791/737
f 405/420/405 737/791/737 294/309/294 301/316/301
f 407/421/406 358/373/358 737/791/737 405/420/405
f 366/381/366 359/374/359 358/373/358 407/421/406
f 369/384/369 366/381/366 407/421/406 406/422/407
f 740/792/738 741/793/739 738/794/740 739/795/741
f 743/796/742 739/795/741 738/794/740 742/797/743
f 745/798/744 742/797/743 738/794/740 744/799/745
f 746/800/746 744/799/745 738/794/740 741/793/739
f 748/801/747 739/795/741 743/796/742 747/802/748
f 659/703/658 747/802/748 743/796/742 749/803/749
f 750/804/750 749/803/749 743/796/742 742/797/743
f 751/805/751 740/792/738 739/795/741 748/801/747
f 752/806/752 753/807/753 740/792/738 751/805/751
f 754/808/754 741/793/739 740/792/738 753/807/753
f 665/710/665 747/802/748 659/703/658 658/704/659
f 278/292/277 277/293/278 659/703/658 749/803/749
f 755/809/755 748/801/747 747/802/748 665/710/665
f 756/810/756 751/805/751 748/801/747 755/809/755
f 757/811/757 752/806/752 751/805/751 756/810/756
f 150/157/149 753/807/753 752/806/752 147/156/148
f 148/155/147 147/156/148 752/806/752 757/811/757
f 760/812/758 761/813/759 758/814/760 759/815/761
f 763/816/762 759/815/761 758/814/760 762/817/763
f 765/818/764 762/817/763 758/814/760 764/819/765
f 766/820/766 764/819/765 758/814/760 761/813/759
f 767/821/767 768/822/768 764/819/765 766/820/766
f 769/823/769 765/818/764 764/819/765 768/822/768
f 770/824/770 771/825/771 768/822/768 767/821/767
f 772/826/772 769/823/769 768/822/768 771/825/771
f 773/827/773 153/160/152 152/161/153 760/812/758
f 761/813/759 760/812/758 152/161/153 154/162/154
f 774/828/774 773/827/773 760/812/758 759/815/761
f 775/829/775 774/828/774 759/815/761 763/816/762
f 776/830/776 766/820/766 761/813/759 154/162/154
f 778/831/777 572/601/572 569/596/567 777/832/778
f 779/833/779 777/832/778 569/596/567 568/595/566
f 780/834/780 781/835/781 572/601/572 778/831/777
f 782/836/782 571/600/571 572/601/572 781/835/781
f 565/594/565 560/587/558 571/600/571 782/836/782
f 783/837/783 706/753/706 781/835/781 780/834/780
f 705/751/705 782/836/782 781/835/781 706/753/706
f 563/593/564 565/594/565 782/836/782 705/751/705
f 784/838/784 703/754/703 706/753/706 783/837/783
f 442/839/442 785/840/785 477/495/477 443/498/443
f 786/841/786 475/494/476 477/495/477 785/840/785
f 789/842/787 790/843/788 787/844/789 788/845/790
f 485/507/486 788/845/790 787/844/789 486/506/485
f 791/846/791 486/506/485 787/844/789 54/57/52
f 55/58/53 54/57/52 787/844/789 790/843/788
f 792/847/792 793/848/793 790/843/788 789/842/787
f 60/65/60 55/58/53 790/843/788 793/848/793
f 211/221/211 794/849/794 793/848/793 792/847/792
f 795/850/795 60/65/60 793/848/793 794/849/794
f 797/851/796 795/850/795 794/849/794 796/852/797
f 206/216/206 796/852/797 794/849/794 211/221/211
f 770/824/770 797/851/796 796/852/797 196/204/194
f 197/205/195 196/204/194 796/852/797 206/216/206
f 771/825/771 770/824/770 196/204/194 195/207/197
f 772/826/772 771/825/771 195/207/197 199/208/198
f 799/853/798 789/842/787 788/845/790 798/854/799
f 487/508/487 798/854/799 788/845/790 485/507/486
f 221/236/221 792/847/792 789/842/787 799/853/798
f 212/222/212 211/221/211 792/847/792 221/236/221
f 234/249/234 799/853/798 798/854/799 238/253/238
f 489/509/488 238/253/238 798/854/799 487/508/487
f 222/237/222 221/236/221 799/853/798 234/249/234
f 245/260/245 239/254/239 238/253/238 489/509/488
f 801/855/800 802/856/801 57/61/56 800/857/802
f 803/858/803 800/857/802 57/61/56 56/62/57
f 804/859/804 53/60/55 57/61/56 802/856/801
f 546/576/547 549/577/548 800/857/802 803/858/803
f 805/860/805 801/855/800 800/857/802 549/577/548
f 806/861/806 807/862/807 180/192/182 184/193/183
f 808/863/808 181/189/179 180/192/182 807/862/807
f 59/63/58 808/863/808 807/862/807 56/62/57
f 803/858/803 56/62/57 807/862/807 806/861/806
f 776/830/776 154/162/154 151/159/151 809/864/809
f 810/865/810 809/864/809 151/159/151 146/152/144
f 813/866/811 814/867/812 811/868/813 812/869/814
f 816/870/815 812/869/814 811/868/813 815/871/816
f 145/151/143 815/871/816 811/868/813 146/152/144
f 810/865/810 146/152/144 811/868/813 814/867/812
f 688/733/688 695/740/695 816/870/815 686/732/687
f 687/731/686 686/732/687 816/870/815 815/871/816
f 700/744/699 812/869/814 816/870/815 695/740/695
f 704/749/704 813/866/811 812/869/814 700/744/699
f 818/872/817 813/866/811 704/749/704 817/873/818
f 784/838/784 817/873/818 704/749/704 703/754/703
f 818/872/817 819/874/819 814/867/812 813/866/811
f 820/875/820 810/865/810 814/867/812 819/874/819
f 821/876/821 822/877/822 819/874/819 818/872/817
f 823/878/823 820/875/820 819/874/819 822/877/822
f 188/198/188 823/878/823 822/877/822 191/201/191
f 824/879/824 191/201/191 822/877/822 821/876/821
f 784/838/784 821/876/821 818/872/817 817/873/818
f 825/880/825 823/878/823 188/198/188 181/189/179
f 780/834/780 193/203/193 824/879/824 783/837/783
f 784/838/784 783/837/783 824/879/824 821/876/821
f 192/202/192 191/201/191 824/879/824 193/203/193
f 828/881/826 829/882/827 826/883/828 827/884/829
f 831/885/830 827/884/829 826/883/828 830/886/831
f 833/887/832 830/886/831 826/883/828 832/888/833
f 834/889/834 832/888/833 826/883/828 829/882/827
f 835/890/835 836/891/836 830/886/831 833/887/832
f 837/892/837 831/885/830 830/886/831 836/891/836
f 839/893/838 827/884/829 831/885/830 838/894/839
f 840/895/840 838/894/839 831/885/830 837/892/837
f 841/896/841 842/897/842 836/891/836 835/890/835
f 843/898/843 837/892/837 836/891/836 842/897/842
f 844/899/844 840/895/840 837/892/837 843/898/843
f 845/900/845 838/894/839 840/895/840 76/81/76
f 77/82/77 76/81/76 840/895/840 844/899/844
f 847/901/846 844/899/844 843/898/843 846/902/847
f 841/896/841 846/902/847 843/898/843 842/897/842
f 78/83/78 77/82/77 844/899/844 847/901/846
f 850/903/848 851/904/849 848/905/850 849/906/851
f 853/907/852 849/906/851 848/905/850 852/908/853
f 855/909/854 852/908/853 848/905/850 854/910/855
f 856/911/856 854/910/855 848/905/850 851/904/849
f 858/912/857 851/904/849 850/903/848 857/913/858
f 860/914/859 857/913/858 850/903/848 859/915/860
f 861/916/861 859/915/860 850/903/848 849/906/851
f 864/917/862 865/918/863 862/919/864 863/920/865
f 867/921/866 863/920/865 862/919/864 866/922/867
f 859/915/860 866/922/867 862/919/864 860/914/859
f 868/923/868 860/914/859 862/919/864 865/918/863
f 869/924/869 857/913/858 860/914/859 868/923/868
f 871/925/870 865/918/863 864/917/862 870/926/871
f 873/927/872 870/926/871 864/917/862 872/928/873
f 874/929/874 872/928/873 864/917/862 863/920/865
f 875/930/875 868/923/868 865/918/863 871/925/870
f 872/928/873 595/624/595 599/628/599 873/927/872
f 877/931/876 873/927/872 599/628/599 876/932/877
f 878/933/878 876/932/877 599/628/599 598/627/598
f 879/934/879 870/926/871 873/927/872 877/931/876
f 880/935/880 871/925/870 870/926/871 879/934/879
f 881/936/881 875/930/875 871/925/870 880/935/880
f 882/937/882 883/938/883 876/932/877 878/933/878
f 884/939/884 877/931/876 876/932/877 883/938/883
f 885/940/885 879/934/879 877/931/876 884/939/884
f 886/941/886 880/935/880 879/934/879 885/940/885
f 888/942/887 885/940/885 884/939/884 887/943/888
f 889/944/889 887/943/888 884/939/884 883/938/883
f 892/945/890 893/946/891 890/947/892 891/948/893
f 895/949/894 891/948/893 890/947/892 894/950/895
f 897/951/896 894/950/895 890/947/892 896/952/897
f 898/953/898 896/952/897 890/947/892 893/946/891
f 901/954/899 902/955/900 899/956/901 900/957/902
f 904/958/903 900/957/902 899/956/901 903/959/904
f 894/950/895 903/959/904 899/956/901 895/949/894
f 905/960/905 895/949/894 899/956/901 902/955/900
f 906/961/906 891/948/893 895/949/894 905/960/905
f 907/962/907 892/945/890 891/948/893 906/961/906
f 909/963/908 902/955/900 901/954/899 908/964/909
f 911/965/910 908/964/909 901/954/899 910/966/911
f 912/967/912 910/966/911 901/954/899 900/957/902
f 913/968/913 905/960/905 902/955/900 909/963/908
f 914/969/914 906/961/906 905/960/905 913/968/913
f 915/970/915 907/962/907 906/961/906 914/969/914
f 829/882/827 828/881/826 916/971/916 917/972/917
f 919/973/918 917/972/917 916/971/916 918/974/919
f 910/966/911 918/974/919 916/971/916 911/965/910
f 920/975/920 911/965/910 916/971/916 828/881/826
f 921/976/921 908/964/909 911/965/910 920/975/920
f 922/977/922 909/963/908 908/964/909 921/976/921
f 923/978/923 913/968/913 909/963/908 922/977/922
f 924/979/924 914/969/914 913/968/913 923/978/923
f 925/980/925 834/889/834 829/882/827 917/972/917
f 839/893/838 920/975/920 828/881/826 827/884/829
f 926/981/926 921/976/921 920/975/920 839/893/838
f 927/982/927 922/977/922 921/976/921 926/981/926
f 69/74/69 923/978/923 922/977/922 927/982/927
f 64/67/62 924/979/924 923/978/923 69/74/69
f 68/72/67 927/982/927 926/981/926 845/900/845
f 838/894/839 845/900/845 926/981/926 839/893/838
f 67/73/68 69/74/69 927/982/927 68/72/67
f 930/983/928 931/984/929 928/985/930 929/986/931
f 933/987/932 929/986/931 928/985/930 932/988/933
f 935/989/934 932/988/933 928/985/930 934/990/935
f 936/991/936 934/990/935 928/985/930 931/984/929
f 938/992/937 933/987/932 932/988/933 937/993/938
f 939/994/939 937/993/938 932/988/933 935/989/934
f 941/995/940 929/986/931 933/987/932 940/996/941
f 942/997/942 940/996/941 933/987/932 938/992/937
f 944/998/943 945/999/944 939/994/939 943/1000/945
f 946/1001/946 943/1000/945 939/994/939 935/989/934
f 947/1002/947 937/993/938 939/994/939 945/999/944
f 948/1003/948 938/992/937 937/993/938 947/1002/947
f 949/1004/949 942/997/942 938/992/937 948/1003/948
f 951/1005/950 940/996/941 942/997/942 950/1006/951
f 952/1007/952 950/1006/951 942/997/942 949/1004/949
f 953/1008/953 954/1009/954 945/999/944 944/998/943
f 955/1010/955 947/1002/947 945/999/944 954/1009/954
f 956/1011/956 948/1003/948 947/1002/947 955/1010/955
f 957/1012/957 949/1004/949 948/1003/948 956/1011/956
f 958/1013/958 952/1007/952 949/1004/949 957/1012/957
f 959/1014/959 960/1015/960 952/1007/952 958/1013/958
f 961/1016/961 950/1006/951 952/1007/952 960/1015/960
f 962/1017/962 963/1018/963 954/1009/954 953/1008/953
f 964/1019/964 955/1010/955 954/1009/954 963/1018/963
f 965/1020/965 956/1011/956 955/1010/955 964/1019/964
f 966/1021/966 957/1012/957 956/1011/956 965/1020/965
f 967/1022/967 958/1013/958 957/1012/957 966/1021/966
f 897/951/896 959/1014/959 958/1013/958 967/1022/967
f 896/952/897 968/1023/968 959/1014/959 897/951/896
f 969/1024/969 960/1015/960 959/1014/959 968/1023/968
f 970/1025/970 971/1026/971 963/1018/963 962/1017/962
f 972/1027/972 964/1019/964 963/1018/963 971/1026/971
f 973/1028/973 965/1020/965 964/1019/964 972/1027/972
f 904/958/903 966/1021/966 965/1020/965 973/1028/973
f 903/959/904 967/1022/967 966/1021/966 904/958/903
f 894/950/895 897/951/896 967/1022/967 903/959/904
f 974/1029/974 968/1023/968 896/952/897 898/953/898
f 976/1030/975 972/1027/972 971/1026/971 975/1031/976
f 977/1032/977 975/1031/976 971/1026/971 970/1025/970
f 912/967/912 973/1028/973 972/1027/972 976/1030/975
f 900/957/902 904/958/903 973/1028/973 912/967/912
f 918/974/919 976/1030/975 975/1031/976 919/973/918
f 978/1033/978 919/973/918 975/1031/976 977/1032/977
f 910/966/911 912/967/912 976/1030/975 918/974/919
f 925/980/925 917/972/917 919/973/918 978/1033/978
f 981/1034/979 982/1035/980 979/1036/981 980/1037/982
f 984/1038/983 980/1037/982 979/1036/981 983/1039/984
f 986/1040/985 983/1039/984 979/1036/981 985/1041/986
f 987/1042/987 985/1041/986 979/1036/981 982/1035/980
f 989/1043/988 981/1034/979 980/1037/982 988/1044/989
f 990/1045/990 988/1044/989 980/1037/982 984/1038/983
f 991/1046/991 992/1047/992 981/1034/979 989/1043/988
f 993/1048/993 982/1035/980 981/1034/979 992/1047/992
f 994/1049/994 995/1050/995 988/1044/989 990/1045/990
f 996/1051/996 989/1043/988 988/1044/989 995/1050/995
f 997/1052/997 991/1046/991 989/1043/988 996/1051/996
f 999/1053/998 992/1047/992 991/1046/991 998/1054/999
f 1000/1055/1000 998/1054/999 991/1046/991 997/1052/997
f 1001/1056/1001 1002/1057/1002 995/1050/995 994/1049/994
f 1003/1058/1003 996/1051/996 995/1050/995 1002/1057/1002
f 1004/1059/1004 997/1052/997 996/1051/996 1003/1058/1003
f 1005/1060/1005 1000/1055/1000 997/1052/997 1004/1059/1004
f 1007/1061/1006 998/1054/999 1000/1055/1000 1006/1062/1007
f 1008/1063/1008 1006/1062/1007 1000/1055/1000 1005/1060/1005
f 1009/1064/1009 1010/1065/1010 1002/1057/1002 1001/1056/1001
f 1011/1066/1011 1003/1058/1003 1002/1057/1002 1010/1065/1010
f 1012/1067/1012 1004/1059/1004 1003/1058/1003 1011/1066/1011
f 1013/1068/1013 1005/1060/1005 1004/1059/1004 1012/1067/1012
f 1014/1069/1014 1008/1063/1008 1005/1060/1005 1013/1068/1013
f 1016/1070/1015 1006/1062/1007 1008/1063/1008 1015/1071/1016
f 1017/1072/1017 1015/1071/1016 1008/1063/1008 1014/1069/1014
f 1018/1073/1018 1019/1074/1019 1010/1065/1010 1009/1064/1009
f 1020/1075/1020 1011/1066/1011 1010/1065/1010 1019/1074/1019
f 1021/1076/1021 1012/1067/1012 1011/1066/1011 1020/1075/1020
f 1022/1077/1022 1013/1068/1013 1012/1067/1012 1021/1076/1021
f 1023/1078/1023 1014/1069/1014 1013/1068/1013 1022/1077/1022
f 1024/1079/1024 1017/1072/1017 1014/1069/1014 1023/1078/1023
f 1027/1080/1025 1028/1081/1026 1025/1082/1027 1026/1083/1028
f 1030/1084/1029 1026/1083/1028 1025/1082/1027 1029/1085/1030
f 1031/1086/1031 1029/1087/1030 1025/1088/1027 48/53/48
f 388/404/389 48/53/48 1025/1088/1027 1028/1089/1026
f 1033/1090/1032 1034/1091/1033 1030/1092/1029 1032/1093/1034
f 1035/1094/1035 1032/1093/1034 1030/1092/1029 1029/1095/1030
f 1036/1096/1036 1026/1083/1028 1030/1084/1029 1034/1097/1033
f 1037/1098/1037 1027/1080/1025 1026/1083/1028 1036/1096/1036
f 1038/1099/1038 1039/1100/1039 1027/1080/1025 1037/1098/1037
f 1040/1101/1040 1028/1081/1026 1027/1080/1025 1039/1100/1039
f 1042/1102/1041 1036/1096/1036 1034/1097/1033 1041/1103/1042
f 1043/1104/1043 1041/1105/1042 1034/1091/1033 1033/1090/1032
f 1044/1106/1044 1037/1098/1037 1036/1096/1036 1042/1102/1041
f 1045/1107/1045 1038/1099/1038 1037/1098/1037 1044/1106/1044
f 1047/1108/1046 1039/1100/1039 1038/1099/1038 1046/1109/1047
f 1048/1110/1048 1046/1109/1047 1038/1099/1038 1045/1107/1045
f 1050/1111/1049 1051/1112/1050 1043/1104/1043 1049/1113/1051
f 1052/1114/1052 1049/1113/1051 1043/1104/1043 1033/1090/1032
f 1053/1115/1053 1041/1105/1042 1043/1104/1043 1051/1112/1050
f 1054/1116/1054 1042/1102/1041 1041/1103/1042 1053/1117/1053
f 1055/1118/1055 1044/1106/1044 1042/1102/1041 1054/1116/1054
f 1056/1119/1056 1045/1107/1045 1044/1106/1044 1055/1118/1055
f 1057/1120/1057 1048/1110/1048 1045/1107/1045 1056/1119/1056
f 1059/1121/1058 1046/1109/1047 1048/1110/1048 1058/1122/1059
f 1060/1123/1060 1058/1122/1059 1048/1110/1048 1057/1120/1057
f 653/699/654 655/700/655 1050/1111/1049 1061/1124/1061
f 1062/1125/1062 1061/1124/1061 1050/1111/1049 1049/1113/1051
f 1063/1126/1063 1051/1112/1050 1050/1111/1049 655/700/655
f 1064/1127/1064 1053/1115/1053 1051/1112/1050 1063/1126/1063
f 1065/1128/1065 1054/1116/1054 1053/1117/1053 1064/1129/1064
f 1066/1130/1066 1055/1118/1055 1054/1116/1054 1065/1128/1065
f 1067/1131/1067 1056/1119/1056 1055/1118/1055 1066/1130/1066
f 1068/1132/1068 1057/1120/1057 1056/1119/1056 1067/1131/1067
f 1069/1133/1069 1060/1123/1060 1057/1120/1057 1068/1132/1068
f 651/696/651 1063/1126/1063 655/700/655 649/695/650
f 1070/1134/1070 1064/1127/1064 1063/1126/1063 651/696/651
f 1071/1135/1071 1065/1128/1065 1064/1129/1064 1070/1136/1070
f 310/325/310 41/47/42 44/48/43 303/317/302
f 1072/1137/1072 42/46/41 41/47/42 310/325/310
f 463/481/463 1031/1086/1031 1072/1137/1072 466/484/466
f 309/324/309 466/484/466 1072/1137/1072 310/325/310
f 48/53/48 42/46/41 1072/1137/1072 1031/1086/1031
f 1075/1138/1073 1076/1139/1074 1073/1140/1075 1074/1141/1076
f 1078/1142/1077 1074/1141/1076 1073/1140/1075 1077/1143/1078
f 1080/1144/1079 1077/1143/1078 1073/1140/1075 1079/1145/1080
f 1081/1146/1081 1079/1145/1080 1073/1140/1075 1076/1139/1074
f 1083/1147/1082 1075/1138/1073 1074/1141/1076 1082/1148/1083
f 288/303/288 1082/1148/1083 1074/1141/1076 1078/1142/1077
f 275/288/273 274/291/276 1082/1148/1083 288/303/288
f 278/292/277 1083/1147/1082 1082/1148/1083 274/291/276
f 1086/1149/1084 1087/1150/1085 1084/1151/1086 1085/1152/1087
f 1089/1153/1088 1085/1152/1087 1084/1151/1086 1088/1154/1089
f 476/493/475 1088/1154/1089 1084/1151/1086 473/492/474
f 474/491/473 473/492/474 1084/1151/1086 1087/1150/1085
f 1091/1155/1090 1086/1149/1084 1085/1152/1087 1090/1156/1091
f 1092/1157/1092 1090/1156/1091 1085/1152/1087 1089/1153/1088
f 1093/1158/1093 1094/1159/1094 1090/1156/1091 1092/1157/1092
f 1095/1160/1095 1091/1155/1090 1090/1156/1091 1094/1159/1094
f 1096/1161/1096 1080/1144/1079 1094/1159/1094 1093/1158/1093
f 1079/1145/1080 1095/1160/1095 1094/1159/1094 1080/1144/1079
f 1097/1162/1097 1077/1143/1078 1080/1144/1079 1096/1161/1096
f 1098/1163/1098 1078/1142/1077 1077/1143/1078 1097/1162/1097
f 285/302/287 288/303/288 1078/1142/1077 1098/1163/1098
f 1099/1164/1099 1100/1165/1100 1088/1154/1089 476/493/475
f 1101/1166/1101 1089/1153/1088 1088/1154/1089 1100/1165/1100
f 1102/1167/1102 1092/1157/1092 1089/1153/1088 1101/1166/1101
f 1103/1168/1103 1093/1158/1093 1092/1157/1092 1102/1167/1102
f 1104/1169/1104 1096/1161/1096 1093/1158/1093 1103/1168/1103
f 1105/1170/1105 1097/1162/1097 1096/1161/1096 1104/1169/1104
f 298/313/298 1098/1163/1098 1097/1162/1097 1105/1170/1105
f 286/300/285 285/302/287 1098/1163/1098 298/313/298
f 1106/1171/1106 1107/1172/1107 1101/1166/1101 1100/1165/1100
f 1108/1173/1108 1102/1167/1102 1101/1166/1101 1107/1172/1107
f 1109/1174/1109 1103/1168/1103 1102/1167/1102 1108/1173/1108
f 1110/1175/1110 1104/1169/1104 1103/1168/1103 1109/1174/1109
f 1111/1176/1111 1105/1170/1105 1104/1169/1104 1110/1175/1110
f 295/312/297 298/313/298 1105/1170/1105 1111/1176/1111
f 1112/1177/1112 1113/1178/1113 1108/1173/1108 1107/1172/1107
f 1114/1179/1114 1109/1174/1109 1108/1173/1108 1113/1178/1113
f 1115/1180/1115 1110/1175/1110 1109/1174/1109 1114/1179/1114
f 308/323/308 1111/1176/1111 1110/1175/1110 1115/1180/1115
f 296/310/295 295/312/297 1111/1176/1111 308/323/308
f 1116/1181/1116 1117/1182/1117 1114/1179/1114 1113/1178/1113
f 1118/1183/1118 1115/1180/1115 1114/1179/1114 1117/1182/1117
f 305/322/307 308/323/308 1115/1180/1115 1118/1183/1118
f 465/483/465 468/486/468 1118/1183/1118 1117/1182/1117
f 306/320/305 305/322/307 1118/1183/1118 468/486/468
f 1121/1184/1119 1122/1185/1120 1119/1186/1121 1120/1187/1122
f 834/889/834 1120/1187/1122 1119/1186/1121 832/888/833
f 833/887/832 832/888/833 1119/1186/1121 1123/1188/1123
f 1124/1189/1124 1123/1188/1123 1119/1186/1121 1122/1185/1120
f 835/890/835 833/887/832 1123/1188/1123 1125/1190/1125
f 1126/1191/1126 1125/1190/1125 1123/1188/1123 1124/1189/1124
f 841/896/841 835/890/835 1125/1190/1125 1127/1192/1127
f 1128/1193/1128 1127/1192/1127 1125/1190/1125 1126/1191/1126
f 1129/1194/1129 1130/1195/1130 1124/1189/1124 1122/1185/1120
f 1131/1196/1131 1126/1191/1126 1124/1189/1124 1130/1195/1130
f 1132/1197/1132 1128/1193/1128 1126/1191/1126 1131/1196/1131
f 1133/1198/1133 930/983/928 929/986/931 941/995/940
f 951/1005/950 1134/1199/1134 941/995/940 940/996/941
f 1135/1200/1135 1133/1198/1133 941/995/940 1134/1199/1134
f 1136/1201/1136 1137/1202/1137 1134/1199/1134 951/1005/950
f 1138/1203/1138 1135/1200/1135 1134/1199/1134 1137/1202/1137
f 961/1016/961 1136/1201/1136 951/1005/950 950/1006/951
f 969/1024/969 1139/1204/1139 961/1016/961 960/1015/960
f 1140/1205/1140 1136/1201/1136 961/1016/961 1139/1204/1139
f 1141/1206/1141 969/1024/969 968/1023/968 974/1029/974
f 1142/1207/1142 228/1208/228 230/496/229 471/487/469
f 219/232/218 218/233/219 228/1208/228 1142/1207/1142
f 1143/1209/1143 1142/1207/1142 471/487/469 470/490/472
f 1144/1210/1144 219/232/218 1142/1207/1142 1143/1209/1143
f 1145/1211/1145 217/230/217 219/232/218 1144/1210/1144
f 209/218/208 208/219/209 217/230/217 1145/1211/1145
f 1146/1212/1146 1143/1209/1143 470/490/472 474/491/473
f 1147/1213/1147 1144/1210/1144 1143/1209/1143 1146/1212/1146
f 1148/1214/1148 1145/1211/1145 1144/1210/1144 1147/1213/1147
f 1149/1215/1149 209/218/208 1145/1211/1145 1148/1214/1148
f 1150/1216/1150 207/217/207 209/218/208 1149/1215/1149
f 201/210/200 200/211/201 207/217/207 1150/1216/1150
f 1151/1217/1151 1146/1212/1146 474/491/473 1087/1150/1085
f 1152/1218/1152 1147/1213/1147 1146/1212/1146 1151/1217/1151
f 1153/1219/1153 1148/1214/1148 1147/1213/1147 1152/1218/1152
f 1154/1220/1154 1149/1215/1149 1148/1214/1148 1153/1219/1153
f 1155/1221/1155 1150/1216/1150 1149/1215/1149 1154/1220/1154
f 1156/1222/1156 201/210/200 1150/1216/1150 1155/1221/1155
f 1157/1223/1157 198/209/199 201/210/200 1156/1222/1156
f 772/826/772 199/208/198 198/209/199 1157/1223/1157
f 1159/1224/1158 1160/1225/1159 247/262/247 1158/1226/1160
f 493/514/493 1158/1226/1160 247/262/247 244/258/243
f 446/464/446 242/257/242 247/262/247 1160/1225/1159
f 1161/1227/1161 1162/1228/1162 178/188/178 172/182/172
f 731/784/731 176/187/177 178/188/178 1163/1229/1163
f 1164/1230/1164 1163/1229/1163 178/188/178 1162/1228/1162
f 547/575/546 546/576/547 803/858/803 806/861/806
f 1167/1231/1165 1168/1232/1166 1165/1233/1167 1166/1234/1168
f 1170/1235/1169 1166/1234/1168 1165/1233/1167 1169/1236/1170
f 1172/1237/1171 1169/1236/1170 1165/1233/1167 1171/1238/1172
f 1024/1079/1024 1171/1238/1172 1165/1233/1167 1168/1232/1166
f 682/727/682 672/717/672 344/359/344 347/362/347
f 336/350/335 335/351/336 344/359/344 672/717/672
f 691/736/691 682/727/682 347/362/347 349/363/348
f 319/334/319 691/736/691 349/363/348 317/333/318
f 1175/1239/1173 1176/1240/1174 1173/1241/1175 1174/1242/1176
f 1178/1243/1177 1174/1242/1176 1173/1241/1175 1177/1244/1178
f 1180/1245/1179 1177/1244/1178 1173/1241/1175 1179/1246/1180
f 1138/1203/1138 1179/1246/1180 1173/1241/1175 1176/1240/1174
f 931/984/929 930/983/928 1175/1239/1173 1181/1247/1181
f 1182/1248/1182 1181/1247/1181 1175/1239/1173 1174/1242/1176
f 1133/1198/1133 1176/1240/1174 1175/1239/1173 930/983/928
f 1135/1200/1135 1138/1203/1138 1176/1240/1174 1133/1198/1133
f 1183/1249/1183 936/991/936 931/984/929 1181/1247/1181
f 1184/1250/1184 1183/1249/1183 1181/1247/1181 1182/1248/1182
f 1185/1251/1185 1182/1248/1182 1174/1242/1176 1178/1243/1177
f 1186/1252/1186 1184/1250/1184 1182/1248/1182 1185/1251/1185
f 1189/1253/1187 1190/1254/1188 1187/1255/1189 1188/1256/1190
f 131/136/131 1188/1256/1190 1187/1255/1189 129/135/130
f 130/134/129 129/135/130 1187/1255/1189 1191/1257/1191
f 1192/1258/1192 1191/1257/1191 1187/1255/1189 1190/1254/1188
f 1193/1259/1193 1194/1260/1194 1191/1257/1191 1192/1258/1192
f 1195/1261/1195 130/134/129 1191/1257/1191 1194/1260/1194
f 1197/1262/1196 1190/1254/1188 1189/1253/1187 1196/1263/1197
f 1199/1264/1198 1196/1263/1197 1189/1253/1187 1198/1265/1199
f 1200/1266/1200 1198/1265/1199 1189/1253/1187 1188/1256/1190
f 1201/1267/1201 1192/1258/1192 1190/1254/1188 1197/1262/1196
f 1202/1268/1202 1193/1259/1193 1192/1258/1192 1201/1267/1201
f 1203/1269/1203 1204/1270/1204 1193/1259/1193 1202/1268/1202
f 1205/1271/1205 1194/1260/1194 1193/1259/1193 1204/1270/1204
f 1206/1272/1206 1207/1273/1207 1197/1262/1196 1196/1263/1197
f 1208/1274/1208 1201/1267/1201 1197/1262/1196 1207/1273/1207
f 1209/1275/1209 1202/1268/1202 1201/1267/1201 1208/1274/1208
f 1210/1276/1210 1203/1269/1203 1202/1268/1202 1209/1275/1209
f 1212/1277/1211 1204/1270/1204 1203/1269/1203 1211/1278/1212
f 1213/1279/1213 1211/1278/1212 1203/1269/1203 1210/1276/1210
f 1215/1280/1214 1210/1276/1210 1209/1275/1209 1214/1281/1215
f 1216/1282/1216 1214/1281/1215 1209/1275/1209 1208/1274/1208
f 1217/1283/1217 1213/1279/1213 1210/1276/1210 1215/1280/1214
f 1218/1284/1218 1219/1285/1219 1215/1286/1214 1214/1287/1215
f 1220/1288/1220 1217/1289/1217 1215/1286/1214 1219/1285/1219
f 1221/1290/1221 1222/1291/1222 1217/1289/1217 1220/1288/1220
f 1223/1292/1223 1213/1279/1213 1217/1283/1217 1222/1293/1222
f 1225/1294/1224 1222/1291/1222 1221/1290/1221 1224/1295/1225
f 1227/1296/1226 1224/1295/1225 1221/1290/1221 1226/1297/1227
f 1228/1298/1228 1226/1297/1227 1221/1290/1221 1220/1288/1220
f 1231/1299/1229 1232/1300/1230 1229/1301/1231 1230/1302/1232
f 1234/1303/1233 1230/1302/1232 1229/1301/1231 1233/1304/1234
f 1236/1305/1235 1233/1304/1234 1229/1301/1231 1235/1306/1236
f 1237/1307/1237 1235/1306/1236 1229/1301/1231 1232/1300/1230
f 1238/1308/1238 1239/1309/1239 1232/1300/1230 1231/1299/1229
f 1240/1310/1240 1237/1307/1237 1232/1300/1230 1239/1309/1239
f 1242/1311/1241 1240/1310/1240 1239/1309/1239 1241/1312/1242
f 1243/1313/1243 1241/1312/1242 1239/1309/1239 1238/1308/1238
f 1244/1314/1244 1230/1302/1232 1234/1303/1233 1228/1298/1228
f 1226/1297/1227 1228/1298/1228 1234/1303/1233 1245/1315/1245
f 1246/1316/1246 1245/1315/1245 1234/1303/1233 1233/1304/1234
f 1247/1317/1247 1231/1299/1229 1230/1302/1232 1244/1314/1244
f 1248/1318/1248 1238/1308/1238 1231/1299/1229 1247/1317/1247
f 1249/1319/1249 1243/1313/1243 1238/1308/1238 1248/1318/1248
f 1250/1320/1250 1251/1321/1251 1243/1313/1243 1249/1319/1249
f 1252/1322/1252 1241/1312/1242 1243/1313/1243 1251/1321/1251
f 1254/1323/1253 1252/1322/1252 1251/1321/1251 1253/1324/1254
f 1255/1325/1255 1253/1324/1254 1251/1321/1251 1250/1320/1250
f 1257/1326/1256 1258/1327/1257 1199/1264/1198 1256/1328/1258
f 1200/1266/1200 1256/1328/1258 1199/1264/1198 1198/1265/1199
f 1206/1272/1206 1196/1263/1197 1199/1264/1198 1258/1327/1257
f 1259/1329/1259 1260/1330/1260 1258/1327/1257 1257/1326/1256
f 1261/1331/1261 1206/1272/1206 1258/1327/1257 1260/1330/1260
f 1262/1332/1262 1207/1273/1207 1206/1272/1206 1261/1331/1261
f 1216/1282/1216 1208/1274/1208 1207/1273/1207 1262/1332/1262
f 1263/1333/1263 1264/1334/1264 1260/1335/1260 1259/1336/1259
f 1265/1337/1265 1261/1338/1261 1260/1335/1260 1264/1334/1264
f 1266/1339/1266 1262/1340/1262 1261/1338/1261 1265/1337/1265
f 1267/1341/1267 1216/1342/1216 1262/1340/1262 1266/1339/1266
f 1218/1284/1218 1214/1287/1215 1216/1342/1216 1267/1341/1267
f 1268/1343/1268 1255/1325/1255 1264/1334/1264 1263/1333/1263
f 1250/1320/1250 1265/1337/1265 1264/1334/1264 1255/1325/1255
f 1249/1319/1249 1266/1339/1266 1265/1337/1265 1250/1320/1250
f 1248/1318/1248 1267/1341/1267 1266/1339/1266 1249/1319/1249
f 1247/1317/1247 1218/1284/1218 1267/1341/1267 1248/1318/1248
f 1244/1314/1244 1219/1285/1219 1218/1284/1218 1247/1317/1247
f 1228/1298/1228 1220/1288/1220 1219/1285/1219 1244/1314/1244
f 1269/1344/1269 1253/1324/1254 1255/1325/1255 1268/1343/1268
f 1270/1345/1270 1227/1296/1226 1226/1297/1227 1245/1315/1245
f 1271/1346/1271 642/686/642 641/685/641 648/693/648
f 1186/1252/1186 625/657/625 624/656/624 1272/1347/1272
f 1273/1348/1273 1272/1349/1272 624/677/624 634/676/634
f 1274/1350/1274 266/280/265 625/657/625 1186/1252/1186
f 1061/1124/1061 1275/1351/1275 654/698/653 653/699/654
f 1277/1352/1276 652/697/652 654/698/653 1276/1353/1277
f 1278/1354/1278 1276/1353/1277 654/698/653 1275/1351/1275
f 1281/1355/1279 1282/1356/1280 1279/1357/1281 1280/1358/1282
f 1284/1359/1283 1280/1358/1282 1279/1357/1281 1283/1360/1284
f 1286/1361/1285 1283/1360/1284 1279/1357/1281 1285/1362/1286
f 1287/1363/1287 1285/1362/1286 1279/1357/1281 1282/1356/1280
f 1289/1364/1288 1281/1355/1279 1280/1358/1282 1288/1365/1289
f 1290/1366/1290 1288/1365/1289 1280/1358/1282 1284/1359/1283
f 1292/1367/1291 1289/1364/1288 1288/1365/1289 1291/1368/1292
f 1293/1369/1293 1291/1368/1292 1288/1365/1289 1290/1366/1290
f 1294/1370/1294 1295/1371/1295 1291/1368/1292 1293/1369/1293
f 1296/1372/1296 1292/1367/1291 1291/1368/1292 1295/1371/1295
f 1297/1373/1297 1298/1374/1298 1295/1371/1295 1294/1370/1294
f 1299/1375/1299 1296/1372/1296 1295/1371/1295 1298/1374/1298
f 1271/1346/1271 1277/1352/1276 1298/1374/1298 1297/1373/1297
f 1276/1353/1277 1299/1375/1299 1298/1374/1298 1277/1352/1276
f 648/693/648 652/697/652 1277/1352/1276 1271/1346/1271
f 1301/1376/1300 1290/1366/1290 1284/1359/1283 1300/1377/1301
f 1302/1378/1302 1300/1377/1301 1284/1359/1283 1283/1360/1284
f 1303/1379/1303 1293/1369/1293 1290/1366/1290 1301/1376/1300
f 1304/1380/1304 1294/1370/1294 1293/1369/1293 1303/1379/1303
f 1305/1381/1305 1297/1373/1297 1294/1370/1294 1304/1380/1304
f 642/686/642 1271/1346/1271 1297/1373/1297 1305/1381/1305
f 1307/1382/1306 1303/1379/1303 1301/1376/1300 1306/1383/1307
f 1308/1384/1308 1306/1383/1307 1301/1376/1300 1300/1377/1301
f 1309/1385/1309 1304/1380/1304 1303/1379/1303 1307/1382/1306
f 1273/1348/1273 1305/1381/1305 1304/1380/1304 1309/1385/1309
f 634/676/634 642/686/642 1305/1381/1305 1273/1348/1273
f 1310/1386/1310 1311/1387/1311 1307/1382/1306 1306/1383/1307
f 1312/1388/1312 1309/1385/1309 1307/1382/1306 1311/1387/1311
f 1272/1349/1272 1273/1348/1273 1309/1385/1309 1312/1388/1312
f 1183/1249/1183 1184/1250/1184 1312/1389/1312 1311/1390/1311
f 1186/1252/1186 1272/1347/1272 1312/1389/1312 1184/1250/1184
f 1313/1391/1313 1302/1378/1302 1283/1360/1284 1286/1361/1285
f 1314/1392/1314 1308/1384/1308 1300/1377/1301 1302/1378/1302
f 946/1393/946 1315/1394/1315 1308/1384/1308 1314/1392/1314
f 1310/1386/1310 1306/1383/1307 1308/1384/1308 1315/1394/1315
f 1183/1249/1183 1311/1390/1311 1310/1395/1310 936/991/936
f 934/990/935 936/991/936 1310/1395/1310 1315/1396/1315
f 484/504/483 483/505/484 804/859/804 802/856/801
f 54/57/52 53/60/55 804/859/804 791/846/791
f 486/506/485 791/846/791 804/859/804 483/505/484
f 1316/1397/1316 484/504/483 802/856/801 801/855/800
f 1317/1398/1317 480/503/482 484/504/483 1316/1397/1316
f 1318/1399/1318 1316/1397/1316 801/855/800 805/860/805
f 1319/1400/1319 1317/1398/1317 1316/1397/1316 1318/1399/1318
f 1320/1401/1320 395/409/394 1317/1398/1317 1319/1400/1319
f 481/500/479 480/503/482 1317/1398/1317 395/409/394
f 1321/1402/1321 809/864/809 810/865/810 820/875/820
f 825/880/825 1321/1402/1321 820/875/820 823/878/823
f 1322/1403/1322 493/514/493 491/512/491 397/411/396
f 1159/1224/1158 1158/1226/1160 493/514/493 1322/1403/1322
f 137/142/137 1200/1266/1200 1188/1256/1190 131/136/131
f 1325/1404/1323 1326/1405/1324 1323/1406/1325 1324/1407/1326
f 1178/1243/1177 1324/1407/1326 1323/1406/1325 1185/1251/1185
f 1186/1252/1186 1185/1251/1185 1323/1406/1325 1274/1350/1274
f 1327/1408/1327 1274/1350/1274 1323/1406/1325 1326/1405/1324
f 1324/1407/1326 1178/1243/1177 1177/1244/1178 1328/1409/1328
f 1329/1410/1329 1328/1409/1328 1177/1244/1178 1180/1245/1179
f 1330/1411/1330 1331/1412/1331 1327/1408/1327 1326/1405/1324
f 266/280/265 1274/1350/1274 1327/1408/1327 272/287/272
f 270/286/271 272/287/272 1327/1408/1327 1331/1412/1331
f 825/880/825 181/189/179 808/863/808 1332/1413/1332
f 1333/1414/1333 1332/1413/1332 808/863/808 59/63/58
f 1321/1402/1321 825/880/825 1332/1413/1332 1334/1415/1334
f 1335/1416/1335 1334/1415/1334 1332/1413/1332 1333/1414/1333
f 1338/1417/1336 1339/1418/1337 1336/1419/1338 1337/1420/1339
f 1341/1421/1340 1337/1420/1339 1336/1419/1338 1340/1422/1341
f 555/584/555 1340/1422/1341 1336/1419/1338 556/585/556
f 550/579/550 556/585/556 1336/1419/1338 1339/1418/1337
f 1343/1423/1342 1337/1420/1339 1341/1421/1340 1342/1424/1343
f 1345/1425/1344 1342/1424/1343 1341/1421/1340 1344/1426/1345
f 1346/1427/1346 1344/1426/1345 1341/1421/1340 1340/1422/1341
f 1347/1428/1347 1338/1417/1336 1337/1420/1339 1343/1423/1342
f 1349/1429/1348 1342/1424/1343 1345/1425/1344 1348/1430/1349
f 1351/1431/1350 1348/1430/1349 1345/1425/1344 1350/1432/1351
f 1352/1433/1352 1350/1432/1351 1345/1425/1344 1344/1426/1345
f 1353/1434/1353 1343/1423/1342 1342/1424/1343 1349/1429/1348
f 1354/1435/1354 1347/1428/1347 1343/1423/1342 1353/1434/1353
f 1356/1436/1355 1357/1437/1356 1351/1431/1350 1355/1438/1357
f 1358/1439/1358 1355/1438/1357 1351/1431/1350 1350/1432/1351
f 1359/1440/1359 1348/1430/1349 1351/1431/1350 1357/1437/1356
f 1360/1441/1360 1349/1429/1348 1348/1430/1349 1359/1440/1359
f 1361/1442/1361 1353/1434/1353 1349/1429/1348 1360/1441/1360
f 1362/1443/1362 1354/1435/1354 1353/1434/1353 1361/1442/1361
f 1364/1444/1363 1359/1440/1359 1357/1437/1356 1363/1445/1364
f 1365/1446/1365 1363/1445/1364 1357/1437/1356 1356/1436/1355
f 1366/1447/1366 1360/1441/1360 1359/1440/1359 1364/1444/1363
f 1367/1448/1367 1361/1442/1361 1360/1441/1360 1366/1447/1366
f 1368/1449/1368 1362/1443/1362 1361/1442/1361 1367/1448/1367
f 547/575/546 806/861/806 184/193/183 1369/1450/1369
f 1370/1451/1370 1369/1450/1369 184/193/183 183/194/184
f 543/574/545 547/575/546 1369/1450/1369 554/583/554
f 1371/1452/1371 554/583/554 1369/1450/1369 1370/1451/1370
f 1372/1453/1372 551/582/553 554/583/554 1371/1452/1371
f 1373/1454/1373 552/580/551 551/582/553 1372/1453/1372
f 1376/1455/1374 1377/1456/1375 1374/1457/1376 1375/1458/1377
f 1378/1459/1378 1375/1458/1377 1374/1457/1376 1320/1401/1320
f 395/409/394 1320/1401/1320 1374/1457/1376 391/408/393
f 392/405/390 391/408/393 1374/1457/1376 1377/1456/1375
f 1380/1460/1379 1377/1456/1375 1376/1455/1374 1379/1461/1380
f 1381/1462/1381 1379/1461/1380 1376/1455/1374 1368/1449/1368
f 1362/1443/1362 1368/1449/1368 1376/1455/1374 1375/1458/1377
f 1382/1463/1382 392/405/390 1377/1456/1375 1380/1460/1379
f 402/417/402 393/406/391 392/405/390 1382/1463/1382
f 1384/1464/1383 403/418/403 402/417/402 1383/1465/1384
f 1385/1466/1385 1383/1465/1384 402/417/402 1382/1463/1382
f 1386/1467/1386 404/419/404 403/418/403 1384/1464/1383
f 1387/1468/1387 1352/1433/1352 1373/1454/1373 1372/1453/1372
f 553/581/552 552/580/551 1373/1454/1373 1346/1427/1346
f 1344/1426/1345 1346/1427/1346 1373/1454/1373 1352/1433/1352
f 555/584/555 553/581/552 1346/1427/1346 1340/1422/1341
f 1358/1439/1358 1350/1432/1351 1352/1433/1352 1387/1468/1387
f 1388/1469/1388 1389/1470/1389 1128/1193/1128 1132/1197/1132
f 1390/1471/1390 1127/1192/1127 1128/1193/1128 1389/1470/1389
f 1392/1472/1391 1390/1471/1390 1389/1470/1389 1391/1473/1392
f 1393/1474/1393 1391/1473/1392 1389/1470/1389 1388/1469/1388
f 1395/1475/1394 1132/1197/1132 1131/1196/1131 1394/1476/1395
f 1396/1477/1396 1394/1476/1395 1131/1196/1131 1130/1195/1130
f 1397/1478/1397 1388/1469/1388 1132/1197/1132 1395/1475/1394
f 1398/1479/1398 1393/1474/1393 1388/1469/1388 1397/1478/1397
f 1400/1480/1399 1391/1473/1392 1393/1474/1393 1399/1481/1400
f 1401/1482/1401 1399/1481/1400 1393/1474/1393 1398/1479/1398
f 1403/1483/1402 1404/1484/1403 1401/1482/1401 1402/1485/1404
f 1405/1486/1405 1402/1485/1404 1401/1482/1401 1398/1479/1398
f 1406/1487/1406 1399/1481/1400 1401/1482/1401 1404/1484/1403
f 1409/1488/1407 1410/1489/1408 1407/1490/1409 1408/1491/1410
f 1412/1492/1411 1408/1491/1410 1407/1490/1409 1411/1493/1412
f 1414/1494/1413 1411/1493/1412 1407/1490/1409 1413/1495/1414
f 1415/1496/1415 1413/1495/1414 1407/1490/1409 1410/1489/1408
f 1416/1497/1416 1417/1498/1417 1410/1489/1408 1409/1488/1407
f 1418/1499/1418 1415/1496/1415 1410/1489/1408 1417/1498/1417
f 1322/1403/1322 1419/1500/1419 450/468/450 1159/1224/1158
f 1160/1225/1159 1159/1224/1158 450/468/450 446/464/446
f 1287/1363/1287 448/467/449 450/468/450 1419/1500/1419
f 193/203/193 780/834/780 778/831/777 190/200/190
f 187/197/187 190/200/190 778/831/777 777/832/778
f 1420/1501/1420 1421/1502/1421 35/40/35 34/39/34
f 1422/1503/1422 36/41/36 35/40/35 1421/1502/1421
f 1424/1504/1423 1422/1503/1422 1421/1502/1421 1423/1505/1424
f 1425/1506/1425 1423/1505/1424 1421/1502/1421 1420/1501/1420
f 1426/1507/1426 1420/1501/1420 34/39/34 33/38/33
f 1427/1508/1427 1425/1506/1425 1420/1501/1420 1426/1507/1426
f 1428/1509/1428 33/1510/33 28/35/29 30/34/30
f 1429/1511/1429 1426/1512/1426 33/1510/33 1428/1509/1428
f 1430/1513/1430 1427/1514/1427 1426/1512/1426 1429/1511/1429
f 1432/1515/1431 1425/1506/1425 1427/1508/1427 1431/1516/1432
f 1433/1517/1433 1431/1518/1432 1427/1514/1427 1430/1513/1430
f 1434/1519/1434 30/34/30 20/24/21 23/25/22
f 1435/1520/1435 1428/1509/1428 30/34/30 1434/1519/1434
f 1121/1184/1119 1429/1511/1429 1428/1509/1428 1435/1520/1435
f 1120/1187/1122 1430/1513/1430 1429/1511/1429 1121/1184/1119
f 834/889/834 1433/1517/1433 1430/1513/1430 1120/1187/1122
f 1437/1521/1436 847/901/846 846/902/847 1436/1522/1437
f 1127/1192/1127 1436/1522/1437 846/902/847 841/896/841
f 1439/1523/1438 898/953/898 893/946/891 1438/1524/1439
f 1440/1525/1440 1438/1524/1439 893/946/891 892/945/890
f 1441/1526/1441 1440/1525/1440 892/945/890 907/962/907
f 1442/1527/1442 1441/1526/1441 907/962/907 915/970/915
f 1443/1528/1443 915/970/915 914/969/914 924/979/924
f 1444/1529/1444 1442/1527/1442 915/970/915 1443/1528/1443
f 63/66/61 1443/1528/1443 924/979/924 64/67/62
f 1447/1530/1445 1448/1531/1446 1445/1532/1447 1446/1533/1448
f 1450/1534/1449 1446/1533/1448 1445/1532/1447 1449/1535/1450
f 271/285/270 1449/1535/1450 1445/1532/1447 1451/1536/1451
f 1452/1537/1452 1451/1536/1451 1445/1532/1447 1448/1531/1446
f 1454/1538/1453 1452/1537/1452 1448/1531/1446 1453/1539/1454
f 1455/1540/1455 1453/1539/1454 1448/1531/1446 1447/1530/1445
f 1456/1541/1456 1454/1538/1453 1453/1539/1454 855/909/854
f 852/908/853 855/909/854 1453/1539/1454 1455/1540/1455
f 1458/1542/1457 1455/1540/1455 1447/1530/1445 1457/1543/1458
f 1459/1544/1459 1457/1543/1458 1447/1530/1445 1446/1533/1448
f 853/907/852 852/908/853 1455/1540/1455 1458/1542/1457
f 1461/1545/1460 853/907/852 1458/1542/1457 1460/1546/1461
f 1462/1547/1462 1460/1546/1461 1458/1542/1457 1457/1543/1458
f 1465/1548/1463 1466/1549/1464 1463/1550/1465 1464/1551/1466
f 1468/1552/1467 1464/1551/1466 1463/1550/1465 1467/1553/1468
f 1470/1554/1469 1467/1553/1468 1463/1550/1465 1469/1555/1470
f 1471/1556/1471 1469/1555/1470 1463/1550/1465 1466/1549/1464
f 1474/1557/1472 1475/1558/1473 1472/1559/1474 1473/1560/1475
f 1477/1561/1476 1473/1560/1475 1472/1559/1474 1476/1562/1477
f 1464/1551/1466 1476/1562/1477 1472/1559/1474 1465/1548/1463
f 1478/1563/1478 1465/1548/1463 1472/1559/1474 1475/1558/1473
f 1479/1564/1479 1466/1549/1464 1465/1548/1463 1478/1563/1478
f 1481/1565/1480 1475/1558/1473 1474/1557/1472 1480/1566/1481
f 1483/1567/1482 1480/1566/1481 1474/1557/1472 1482/1568/1483
f 1484/1569/1484 1482/1568/1483 1474/1557/1472 1473/1560/1475
f 1485/1570/1485 1478/1563/1478 1475/1558/1473 1481/1565/1480
f 1488/1571/1486 1489/1572/1487 1486/1573/1488 1487/1574/1489
f 1491/1575/1490 1487/1574/1489 1486/1573/1488 1490/1576/1491
f 1493/1577/1492 1490/1576/1491 1486/1573/1488 1492/1578/1493
f 1494/1579/1494 1492/1578/1493 1486/1573/1488 1489/1572/1487
f 1495/1580/1495 1496/1581/1496 1492/1578/1493 1494/1579/1494
f 1497/1582/1497 1493/1577/1492 1492/1578/1493 1496/1581/1496
f 122/127/122 534/563/535 1498/1583/1498 118/122/117
f 115/120/115 118/122/117 1498/1583/1498 116/121/116
f 1487/1574/1489 116/121/116 1498/1583/1498 1488/1571/1486
f 536/564/536 1488/1571/1486 1498/1583/1498 534/563/535
f 1499/1584/1499 1489/1572/1487 1488/1571/1486 536/564/536
f 1500/1585/1500 1494/1579/1494 1489/1572/1487 1499/1584/1499
f 1501/1586/1501 1495/1580/1495 1494/1579/1494 1500/1585/1500
f 520/547/522 1499/1584/1499 536/564/536 521/544/519
f 524/548/523 1500/1585/1500 1499/1584/1499 520/547/522
f 1502/1587/1502 1501/1586/1501 1500/1585/1500 524/548/523
f 1503/1588/1503 1502/1587/1502 524/548/523 523/549/524
f 1491/1575/1490 111/116/111 116/121/116 1487/1574/1489
f 106/111/106 105/110/105 111/116/111 1491/1575/1490
f 1504/1589/1504 106/111/106 1491/1575/1490 1490/1576/1491
f 1505/1590/1505 97/102/97 106/111/106 1504/1589/1504
f 1506/1591/1506 98/103/98 97/102/97 1505/1590/1505
f 1507/1592/1507 99/104/99 98/103/98 1506/1591/1506
f 1508/1593/1508 1504/1589/1504 1490/1576/1491 1493/1577/1492
f 1509/1594/1509 1505/1590/1505 1504/1589/1504 1508/1593/1508
f 1510/1595/1510 1506/1591/1506 1505/1590/1505 1509/1594/1509
f 1511/1596/1511 1508/1593/1508 1493/1577/1492 1497/1582/1497
f 1512/1597/1512 1509/1594/1509 1508/1593/1508 1511/1596/1511
f 12/12/12 1514/1598/1513 1513/1599/1514 8/7/7
f 1516/1600/1515 8/7/7 1513/1599/1514 1515/1601/1516
f 1518/1602/1517 1515/1601/1516 1513/1599/1514 1517/1603/1518
f 1519/1604/1519 1517/1603/1518 1513/1599/1514 1514/1598/1513
f 1521/1605/1520 1519/1604/1519 1514/1598/1513 1520/1606/1521
f 1522/1607/1522 1520/1606/1521 1514/1598/1513 12/12/12
f 1523/1608/1523 1524/1609/1524 11/11/11 10/10/10
f 1522/1607/1522 12/12/12 11/11/11 1524/1609/1524
f 1525/1610/1525 1526/1611/1526 1524/1609/1524 1523/1608/1523
f 1527/1612/1527 1522/1607/1522 1524/1609/1524 1526/1611/1526
f 1528/1613/1528 1523/1608/1523 10/10/10 19/22/19
f 1529/1614/1529 1525/1610/1525 1523/1608/1523 1528/1613/1528
f 1530/1615/1530 1528/1613/1528 19/22/19 27/31/27
f 1531/1616/1531 1529/1614/1529 1528/1613/1528 1530/1615/1530
f 1532/1617/1532 1530/1615/1530 27/31/27 32/37/32
f 1533/1618/1533 1532/1617/1532 32/37/32 36/41/36
f 1381/1462/1381 1533/1618/1533 36/41/36 1422/1503/1422
f 1536/1619/1534 1537/1620/1535 1534/1621/1536 1535/1622/1537
f 1539/1623/1538 1535/1622/1537 1534/1621/1536 1538/1624/1539
f 1541/1625/1540 1538/1624/1539 1534/1621/1536 1540/1626/1541
f 1542/1627/1542 1540/1626/1541 1534/1621/1536 1537/1620/1535
f 1544/1628/1543 1542/1627/1542 1537/1620/1535 1543/1629/1544
f 1545/1630/1545 1543/1629/1544 1537/1620/1535 1536/1619/1534
f 1547/1631/1546 1544/1628/1543 1543/1629/1544 1546/1632/1547
f 1548/1633/1548 1546/1632/1547 1543/1629/1544 1545/1630/1545
f 1550/1634/1549 1540/1626/1541 1542/1627/1542 1549/1635/1550
f 22/26/23 1549/1635/1550 1542/1627/1542 1544/1628/1543
f 23/25/22 22/26/23 1544/1628/1543 1547/1631/1546
f 887/943/888 87/92/87 82/85/80 888/942/887
f 1551/1636/1551 888/942/887 82/85/80 81/84/79
f 1552/1637/1552 1551/1636/1551 81/84/79 89/93/88
f 1553/1638/1553 1552/1637/1552 89/93/88 93/98/93
f 1554/1639/1554 1553/1638/1553 93/98/93 96/101/96
f 1507/1592/1507 1554/1639/1554 96/101/96 99/104/99
f 1555/1640/1555 1396/1477/1396 1130/1195/1130 1129/1194/1129
f 1556/1641/1556 1394/1476/1395 1396/1477/1396 1546/1632/1547
f 1547/1631/1546 1546/1632/1547 1396/1477/1396 1555/1640/1555
f 1435/1520/1435 1129/1194/1129 1122/1185/1120 1121/1184/1119
f 1434/1519/1434 1555/1640/1555 1129/1194/1129 1435/1520/1435
f 23/25/22 1547/1631/1546 1555/1640/1555 1434/1519/1434
f 425/439/424 1558/1642/1557 1557/1643/1558 421/438/423
f 422/435/420 421/438/423 1557/1643/1558 1559/1644/1559
f 1561/1645/1560 1559/1644/1559 1557/1643/1558 1560/1646/1561
f 1562/1647/1562 1560/1646/1561 1557/1643/1558 1558/1642/1557
f 1565/1648/1563 1566/1649/1564 1563/1650/1565 1564/1651/1566
f 1568/1652/1567 1564/1651/1566 1563/1650/1565 1567/1653/1568
f 1570/1654/1569 1567/1653/1568 1563/1650/1565 1569/1655/1570
f 1571/1656/1571 1569/1655/1570 1563/1650/1565 1566/1649/1564
f 1572/1657/1572 1561/1658/1560 1564/1659/1566 1568/1660/1567
f 1560/1646/1561 1565/1648/1563 1564/1651/1566 1561/1645/1560
f 1573/1661/1573 1559/1662/1559 1561/1658/1560 1572/1657/1572
f 437/454/437 422/455/420 1559/1662/1559 1573/1661/1573
f 1575/1663/1574 1576/1664/1575 1516/1600/1515 1574/1665/1576
f 1518/1602/1517 1574/1665/1576 1516/1600/1515 1515/1601/1516
f 5/6/6 8/7/7 1516/1600/1515 1576/1664/1575
f 1579/1666/1577 1580/1667/1578 1577/1668/1579 1578/1669/1580
f 1582/1670/1581 1578/1669/1580 1577/1668/1579 1581/1671/1582
f 1584/1672/1583 1581/1671/1582 1577/1668/1579 1583/1673/1584
f 1227/1296/1226 1583/1673/1584 1577/1668/1579 1580/1667/1578
f 1412/1492/1411 1582/1670/1581 1585/1674/1585 1586/1675/1586
f 1588/1676/1587 1586/1675/1586 1585/1674/1585 1587/1677/1588
f 1590/1678/1589 1587/1677/1588 1585/1674/1585 1589/1679/1590
f 1581/1671/1582 1589/1679/1590 1585/1674/1585 1582/1670/1581
f 1411/1493/1412 1578/1669/1580 1582/1670/1581 1412/1492/1411
f 1414/1494/1413 1579/1666/1577 1578/1669/1580 1411/1493/1412
f 1593/1680/1591 1588/1676/1587 1591/1681/1592 1592/1682/1593
f 1595/1683/1594 1592/1682/1593 1591/1681/1592 1594/1684/1595
f 1597/1685/1596 1594/1684/1595 1591/1681/1592 1596/1686/1597
f 1587/1677/1588 1596/1686/1597 1591/1681/1592 1588/1676/1587
f 1598/1687/1598 1586/1675/1586 1588/1676/1587 1593/1680/1591
f 1408/1491/1410 1412/1492/1411 1586/1675/1586 1598/1687/1598
f 1599/1688/1599 1600/1689/1600 1593/1680/1591 1592/1682/1593
f 1601/1690/1601 1598/1687/1598 1593/1680/1591 1600/1689/1600
f 1409/1488/1407 1408/1491/1410 1598/1687/1598 1601/1690/1601
f 1602/1691/1602 1416/1497/1416 1409/1488/1407 1601/1690/1601
f 85/91/86 87/92/87 1438/1524/1439 1440/1525/1440
f 887/943/888 1439/1523/1438 1438/1524/1439 87/92/87
f 1603/1692/1603 85/91/86 1440/1525/1440 1441/1526/1441
f 1604/1693/1604 1603/1692/1603 1441/1526/1441 1442/1527/1442
f 1590/1678/1589 1605/1694/1605 1596/1686/1597 1587/1677/1588
f 1606/1695/1606 1597/1685/1596 1596/1686/1597 1605/1694/1605
f 1607/1696/1607 1470/1554/1469 1605/1694/1605 1590/1678/1589
f 1469/1555/1470 1606/1695/1606 1605/1694/1605 1470/1554/1469
f 1608/1697/1608 1467/1553/1468 1470/1554/1469 1607/1696/1607
f 1609/1698/1609 1607/1696/1607 1590/1678/1589 1589/1679/1590
f 1610/1699/1610 1608/1697/1608 1607/1696/1607 1609/1698/1609
f 1584/1672/1583 1609/1698/1609 1589/1679/1590 1581/1671/1582
f 1611/1700/1611 1610/1699/1610 1609/1698/1609 1584/1672/1583
f 1612/1701/1612 1611/1700/1611 1584/1672/1583 1583/1673/1584
f 1270/1345/1270 1612/1701/1612 1583/1673/1584 1227/1296/1226
f 1613/1702/1613 380/395/380 384/397/382 389/403/388
f 1614/1703/1614 381/396/381 380/395/380 1613/1702/1613
f 1040/1704/1040 389/403/388 388/404/389 1028/1089/1026
f 1615/1705/1615 1613/1702/1613 389/403/388 1040/1704/1040
f 1616/1706/1616 1614/1703/1614 1613/1702/1613 1615/1705/1615
f 1047/1108/1046 1615/1707/1615 1040/1101/1040 1039/1100/1039
f 1617/1708/1617 1616/1709/1616 1615/1707/1615 1047/1108/1046
f 1059/1121/1058 1617/1708/1617 1047/1108/1046 1046/1109/1047
f 1619/1710/1618 1058/1122/1059 1060/1123/1060 1618/1711/1619
f 1620/1712/1620 1618/1711/1619 1060/1123/1060 1069/1133/1069
f 935/989/934 934/990/935 1315/1396/1315 946/1001/946
f 1621/1713/1621 1314/1392/1314 1302/1378/1302 1313/1391/1313
f 943/1714/945 946/1393/946 1314/1392/1314 1621/1713/1621
f 1623/1715/1622 1313/1391/1313 1286/1361/1285 1622/1716/1623
f 1624/1717/1624 1622/1716/1623 1286/1361/1285 1285/1362/1286
f 1625/1718/1625 1621/1713/1621 1313/1391/1313 1623/1715/1622
f 944/1719/943 943/1714/945 1621/1713/1621 1625/1718/1625
f 1626/1720/1626 1627/1721/1627 1622/1716/1623 1624/1717/1624
f 1628/1722/1628 1623/1715/1622 1622/1716/1623 1627/1721/1627
f 1629/1723/1629 1625/1718/1625 1623/1715/1622 1628/1722/1628
f 953/1724/953 944/1719/943 1625/1718/1625 1629/1723/1629
f 1631/1725/1630 1629/1726/1629 1628/1727/1628 1630/1728/1631
f 1632/1729/1632 1630/1730/1631 1628/1722/1628 1627/1721/1627
f 962/1017/962 953/1008/953 1629/1726/1629 1631/1725/1630
f 1633/1731/1633 1634/1732/1634 1630/1730/1631 1632/1729/1632
f 1635/1733/1635 1631/1725/1630 1630/1728/1631 1634/1734/1634
f 970/1025/970 962/1017/962 1631/1725/1630 1635/1733/1635
f 977/1032/977 970/1025/970 1635/1733/1635 1636/1735/1636
f 1637/1736/1637 1636/1735/1636 1635/1733/1635 1634/1734/1634
f 1638/1737/1638 1639/1738/1639 1636/1735/1636 1637/1736/1637
f 978/1033/978 977/1032/977 1636/1735/1636 1639/1738/1639
f 1640/1739/1640 925/980/925 978/1033/978 1639/1738/1639
f 1433/1517/1433 834/889/834 925/980/925 1640/1739/1640
f 1641/1740/1641 1642/1741/1642 314/327/312 313/326/311
f 707/757/707 319/334/319 314/327/312 1642/1741/1642
f 1643/1742/1643 1644/1743/1644 1642/1744/1642 1641/1745/1641
f 1645/1746/1645 707/1747/707 1642/1744/1642 1644/1743/1644
f 1646/1748/1646 1647/1749/1647 1644/1743/1644 1643/1742/1643
f 1648/1750/1648 1645/1746/1645 1644/1743/1644 1647/1749/1647
f 1649/1751/1649 1641/1740/1641 313/326/311 321/335/320
f 1650/1752/1650 1643/1742/1643 1641/1745/1641 1649/1753/1649
f 1651/1754/1651 1649/1751/1649 321/335/320 324/338/323
f 1614/1703/1614 324/338/323 323/339/324 381/396/381
f 1645/1746/1645 558/589/560 562/590/561 707/1747/707
f 1648/1750/1648 559/586/557 558/589/560 1645/1746/1645
f 797/851/796 1653/1755/1652 1652/1756/1653 795/850/795
f 60/65/60 795/850/795 1652/1756/1653 58/64/59
f 59/63/58 58/64/59 1652/1756/1653 1333/1414/1333
f 1335/1416/1335 1333/1414/1333 1652/1756/1653 1653/1755/1652
f 770/824/770 767/821/767 1653/1755/1652 797/851/796
f 766/820/766 1335/1416/1335 1653/1755/1652 767/821/767
f 1654/1757/1654 1655/1758/1655 1576/1664/1575 1575/1663/1574
f 6/5/5 5/6/6 1576/1664/1575 1655/1758/1655
f 1432/1515/1431 1656/1759/1656 1423/1505/1424 1425/1506/1425
f 1657/1760/1657 1424/1504/1423 1423/1505/1424 1656/1759/1656
f 1658/1761/1658 1659/1762/1659 1656/1759/1656 1432/1515/1431
f 1385/1466/1385 1657/1760/1657 1656/1759/1656 1659/1762/1659
f 1660/1763/1660 1661/1764/1661 1659/1762/1659 1658/1761/1658
f 1383/1465/1384 1385/1466/1385 1659/1762/1659 1661/1764/1661
f 1662/1765/1662 1663/1766/1663 1661/1764/1661 1660/1763/1660
f 1384/1464/1383 1383/1465/1384 1661/1764/1661 1663/1766/1663
f 1633/1731/1633 1664/1767/1664 1663/1766/1663 1662/1765/1662
f 1386/1467/1386 1384/1464/1383 1663/1766/1663 1664/1767/1664
f 1665/1768/1665 1658/1761/1658 1432/1515/1431 1431/1516/1432
f 1638/1769/1638 1660/1763/1660 1658/1761/1658 1665/1768/1665
f 1637/1770/1637 1662/1765/1662 1660/1763/1660 1638/1769/1638
f 1640/1739/1640 1665/1771/1665 1431/1518/1432 1433/1517/1433
f 1639/1738/1639 1638/1737/1638 1665/1771/1665 1640/1739/1640
f 24/27/24 15/18/16 17/19/17 1666/1772/1666
f 1668/1773/1667 1666/1772/1666 17/19/17 1667/1774/1668
f 6/1775/5 1667/1774/1668 17/19/17 2/20/4
f 1671/1776/1669 1672/1777/1670 1669/1778/1671 1670/1779/1672
f 1674/1780/1673 1670/1779/1672 1669/1778/1671 1673/1781/1674
f 769/823/769 1673/1781/1674 1669/1778/1671 765/818/764
f 762/817/763 765/818/764 1669/1778/1671 1672/1777/1670
f 763/816/762 762/817/763 1672/1777/1670 1675/1782/1675
f 1676/1783/1676 1675/1782/1675 1672/1777/1670 1671/1776/1669
f 1678/1784/1677 1679/1785/1678 1676/1783/1676 1677/1786/1679
f 1680/1787/1680 1677/1786/1679 1676/1783/1676 1671/1776/1669
f 1681/1788/1681 1675/1782/1675 1676/1783/1676 1679/1785/1678
f 775/829/775 763/816/762 1675/1782/1675 1681/1788/1681
f 1683/1789/1682 1681/1788/1681 1679/1785/1678 1682/1790/1683
f 1684/1791/1684 1682/1790/1683 1679/1785/1678 1678/1784/1677
f 774/828/774 775/829/775 1681/1788/1681 1683/1789/1682
f 1687/1792/1685 1688/1793/1686 1685/1794/1687 1686/1795/1688
f 1690/1796/1689 1686/1795/1688 1685/1794/1687 1689/1797/1690
f 1692/1798/1691 1689/1797/1690 1685/1794/1687 1691/1799/1692
f 1693/1800/1693 1691/1799/1692 1685/1794/1687 1688/1793/1686
f 745/798/744 744/799/745 1693/1800/1693 1688/1793/1686
f 1677/1786/1679 1691/1799/1692 1693/1800/1693 1678/1784/1677
f 1684/1791/1684 1678/1784/1677 1693/1800/1693 744/799/745
f 1081/1146/1081 1686/1795/1688 1690/1796/1689 1694/1801/1694
f 1696/1802/1695 1694/1801/1694 1690/1796/1689 1695/1803/1696
f 1697/1804/1697 1695/1803/1696 1690/1796/1689 1689/1797/1690
f 1698/1805/1698 1683/1789/1682 1682/1790/1683 746/800/746
f 744/799/745 746/800/746 1682/1790/1683 1684/1791/1684
f 754/808/754 1698/1805/1698 746/800/746 741/793/739
f 774/828/774 1683/1789/1682 1698/1805/1698 773/827/773
f 153/160/152 773/827/773 1698/1805/1698 754/808/754
f 1700/1806/1699 1511/1596/1511 1497/1582/1497 1699/1807/1700
f 1701/1808/1701 1699/1807/1700 1497/1582/1497 1496/1581/1496
f 1370/1451/1370 183/194/184 186/195/185 1702/1809/1702
f 1704/1810/1703 1702/1809/1702 186/195/185 1703/1811/1704
f 1705/1812/1705 1703/1811/1704 186/195/185 185/196/186
f 1517/1603/1518 1707/1813/1706 1706/1814/1707 1518/1602/1517
f 1574/1665/1576 1518/1602/1517 1706/1814/1707 1708/1815/1708
f 1705/1812/1705 1708/1815/1708 1706/1814/1707 1703/1811/1704
f 1704/1810/1703 1703/1811/1704 1706/1814/1707 1707/1813/1706
f 1709/1816/1709 1371/1452/1371 1370/1451/1370 1702/1809/1702
f 1387/1468/1387 1372/1453/1372 1371/1452/1371 1709/1816/1709
f 1710/1817/1710 1709/1816/1709 1702/1809/1702 1704/1810/1703
f 1358/1439/1358 1387/1468/1387 1709/1816/1709 1710/1817/1710
f 1711/1818/1711 1710/1817/1710 1704/1810/1703 1707/1813/1706
f 1355/1438/1357 1358/1439/1358 1710/1817/1710 1711/1818/1711
f 1356/1436/1355 1355/1438/1357 1711/1818/1711 1519/1604/1519
f 1517/1603/1518 1519/1604/1519 1711/1818/1711 1707/1813/1706
f 185/196/186 187/197/187 777/832/778 779/833/779
f 1137/1202/1137 1712/1819/1712 1179/1246/1180 1138/1203/1138
f 1713/1820/1713 1180/1245/1179 1179/1246/1180 1712/1819/1712
f 1136/1201/1136 1140/1205/1140 1712/1819/1712 1137/1202/1137
f 1714/1821/1714 1713/1820/1713 1712/1819/1712 1140/1205/1140
f 1715/1822/1715 1714/1821/1714 1140/1205/1140 1139/1204/1139
f 1141/1206/1141 1715/1822/1715 1139/1204/1139 969/1024/969
f 1718/1823/1716 1719/1824/1717 1716/1825/1718 1717/1826/1719
f 856/911/856 1717/1826/1719 1716/1825/1718 854/910/855
f 855/909/854 854/910/855 1716/1825/1718 1720/1827/1720
f 1721/1828/1721 1720/1827/1720 1716/1825/1718 1719/1824/1717
f 1723/1829/1722 1724/1830/1723 1718/1823/1716 1722/1831/1724
f 1725/1832/1725 1722/1831/1724 1718/1823/1716 1717/1826/1719
f 1726/1833/1726 1719/1824/1717 1718/1823/1716 1724/1830/1723
f 1727/1834/1727 1721/1828/1721 1719/1824/1717 1726/1833/1726
f 1729/1835/1728 1724/1830/1723 1723/1829/1722 1728/1836/1729
f 1701/1808/1701 1728/1836/1729 1723/1829/1722 1730/1837/1730
f 1731/1838/1731 1730/1837/1730 1723/1829/1722 1722/1831/1724
f 1732/1839/1732 1726/1833/1726 1724/1830/1723 1729/1835/1728
f 1495/1580/1495 1728/1836/1729 1701/1808/1701 1496/1581/1496
f 1700/1806/1699 1699/1807/1700 1701/1808/1701 1730/1837/1730
f 1501/1586/1501 1729/1835/1728 1728/1836/1729 1495/1580/1495
f 1733/1840/1733 1151/1217/1151 1087/1150/1085 1086/1149/1084
f 1734/1841/1734 1152/1218/1152 1151/1217/1151 1733/1840/1733
f 1735/1842/1735 1153/1219/1153 1152/1218/1152 1734/1841/1734
f 1736/1843/1736 1154/1220/1154 1153/1219/1153 1735/1842/1735
f 1737/1844/1737 1155/1221/1155 1154/1220/1154 1736/1843/1736
f 1674/1780/1673 1156/1222/1156 1155/1221/1155 1737/1844/1737
f 1673/1781/1674 1157/1223/1157 1156/1222/1156 1674/1780/1673
f 769/823/769 772/826/772 1157/1223/1157 1673/1781/1674
f 1695/1803/1696 1734/1841/1734 1733/1840/1733 1696/1802/1695
f 1091/1155/1090 1696/1802/1695 1733/1840/1733 1086/1149/1084
f 1697/1804/1697 1735/1842/1735 1734/1841/1734 1695/1803/1696
f 1738/1845/1738 1736/1843/1736 1735/1842/1735 1697/1804/1697
f 1739/1846/1739 1737/1844/1737 1736/1843/1736 1738/1845/1738
f 1670/1779/1672 1674/1780/1673 1737/1844/1737 1739/1846/1739
f 1692/1798/1691 1738/1845/1738 1697/1804/1697 1689/1797/1690
f 1680/1787/1680 1739/1846/1739 1738/1845/1738 1692/1798/1691
f 1671/1776/1669 1670/1779/1672 1739/1846/1739 1680/1787/1680
f 1677/1786/1679 1680/1787/1680 1692/1798/1691 1691/1799/1692
f 65/71/66 68/72/67 845/900/845 76/81/76
f 1740/1847/1740 1741/1848/1741 437/454/437 1573/1661/1573
f 1742/1849/1742 435/453/436 437/454/437 1741/1848/1741
f 1744/1850/1743 1741/1848/1741 1740/1847/1740 1743/1851/1744
f 1746/1852/1745 1743/1851/1744 1740/1847/1740 1745/1853/1746
f 1572/1657/1572 1745/1853/1746 1740/1847/1740 1573/1661/1573
f 1749/1854/1747 1750/1855/1748 1747/1856/1749 1748/1857/1750
f 1752/1858/1751 1748/1859/1750 1747/1860/1749 1751/1861/1752
f 1745/1853/1746 1751/1862/1752 1747/1856/1749 1746/1852/1745
f 1753/1863/1753 1746/1852/1745 1747/1856/1749 1750/1855/1748
f 1754/1864/1754 1743/1851/1744 1746/1852/1745 1753/1863/1753
f 1755/1865/1755 1744/1850/1743 1743/1851/1744 1754/1864/1754
f 1757/1866/1756 1750/1855/1748 1749/1854/1747 1756/1867/1757
f 1759/1868/1758 1756/1867/1757 1749/1854/1747 1758/1869/1759
f 1760/1870/1760 1758/1869/1759 1749/1854/1747 1748/1857/1750
f 1761/1871/1761 1753/1863/1753 1750/1855/1748 1757/1866/1756
f 1762/1872/1762 1754/1864/1754 1753/1863/1753 1761/1871/1761
f 1763/1873/1763 1755/1865/1755 1754/1864/1754 1762/1872/1762
f 1765/1874/1764 1756/1867/1757 1759/1868/1758 1764/1875/1765
f 1708/1815/1708 1764/1875/1765 1759/1868/1758 1574/1665/1576
f 1575/1663/1574 1574/1665/1576 1759/1868/1758 1758/1869/1759
f 1766/1876/1766 1757/1866/1756 1756/1867/1757 1765/1874/1764
f 1767/1877/1767 1761/1871/1761 1757/1866/1756 1766/1876/1766
f 1768/1878/1768 1762/1872/1762 1761/1871/1761 1767/1877/1767
f 1769/1879/1769 1763/1873/1763 1762/1872/1762 1768/1878/1768
f 1770/1880/1770 1771/1881/1771 1765/1874/1764 1764/1875/1765
f 1772/1882/1772 1766/1876/1766 1765/1874/1764 1771/1881/1771
f 1773/1883/1773 1767/1877/1767 1766/1876/1766 1772/1882/1772
f 1774/1884/1774 1768/1878/1768 1767/1877/1767 1773/1883/1773
f 1775/1885/1775 1769/1879/1769 1768/1878/1768 1774/1884/1774
f 1776/1886/1776 1774/1884/1774 1773/1883/1773 570/599/570
f 567/598/569 570/599/570 1773/1883/1773 1772/1882/1772
f 1648/1750/1648 1775/1885/1775 1774/1884/1774 1776/1886/1776
f 1648/1750/1648 1776/1886/1776 570/599/570 559/586/557
f 1771/1881/1771 568/595/566 567/598/569 1772/1882/1772
f 1770/1880/1770 779/833/779 568/595/566 1771/1881/1771
f 1705/1812/1705 1770/1880/1770 1764/1875/1765 1708/1815/1708
f 1705/1812/1705 185/196/186 779/833/779 1770/1880/1770
f 1777/1887/1777 1742/1849/1742 1741/1848/1741 1744/1850/1743
f 1779/1888/1778 1769/1879/1769 1775/1885/1775 1778/1889/1779
f 1647/1749/1647 1778/1889/1779 1775/1885/1775 1648/1750/1648
f 1780/1890/1780 1763/1873/1763 1769/1879/1769 1779/1888/1778
f 1781/1891/1781 1755/1865/1755 1763/1873/1763 1780/1890/1780
f 1777/1887/1777 1744/1850/1743 1755/1865/1755 1781/1891/1781
f 1784/1892/1782 1785/1893/1783 1782/1894/1784 1783/1895/1785
f 1787/1896/1786 1783/1895/1785 1782/1894/1784 1786/1897/1787
f 1789/1898/1788 1786/1897/1787 1782/1894/1784 1788/1899/1789
f 413/426/411 1788/1899/1789 1782/1894/1784 1785/1893/1783
f 1791/1900/1790 1784/1892/1782 1783/1895/1785 1790/1901/1791
f 1792/1902/1792 1790/1901/1791 1783/1895/1785 1787/1896/1786
f 1793/1903/1793 1794/1904/1794 1790/1901/1791 1792/1902/1792
f 1795/1905/1795 1791/1900/1790 1790/1901/1791 1794/1904/1794
f 1797/1906/1796 1784/1892/1782 1791/1900/1790 1796/1907/1797
f 1798/1908/1798 1796/1907/1797 1791/1900/1790 1795/1905/1795
f 1799/1909/1799 1800/1910/1800 1794/1904/1794 1793/1903/1793
f 1801/1911/1801 1795/1905/1795 1794/1904/1794 1800/1910/1800
f 1802/1912/1802 1798/1908/1798 1795/1905/1795 1801/1911/1801
f 1803/1913/1803 1804/1914/1804 1800/1910/1800 1799/1909/1799
f 1805/1915/1805 1801/1911/1801 1800/1910/1800 1804/1914/1804
f 1806/1916/1806 1802/1912/1802 1801/1911/1801 1805/1915/1805
f 1807/1917/1807 1808/1918/1808 1804/1914/1804 1803/1913/1803
f 1809/1919/1809 1805/1915/1805 1804/1914/1804 1808/1918/1808
f 1810/1920/1810 1806/1916/1806 1805/1915/1805 1809/1919/1809
f 1813/1921/1811 1814/1922/1812 1811/1923/1813 1812/1924/1814
f 1816/1925/1815 1812/1924/1814 1811/1923/1813 1815/1926/1816
f 1406/1487/1406 1815/1926/1816 1811/1923/1813 1817/1927/1817
f 1818/1928/1818 1817/1927/1817 1811/1923/1813 1814/1922/1812
f 1820/1929/1819 1816/1925/1815 1815/1926/1816 1819/1930/1820
f 1404/1484/1403 1819/1930/1820 1815/1926/1816 1406/1487/1406
f 1822/1931/1821 1812/1924/1814 1816/1925/1815 1821/1932/1822
f 1823/1933/1823 1821/1932/1822 1816/1925/1815 1820/1929/1819
f 1825/1934/1824 1820/1929/1819 1819/1930/1820 1824/1935/1825
f 1403/1483/1402 1824/1935/1825 1819/1930/1820 1404/1484/1403
f 1826/1936/1826 1823/1933/1823 1820/1929/1819 1825/1934/1824
f 1827/1937/1827 1828/1938/1828 1823/1933/1823 1826/1936/1826
f 1829/1939/1829 1821/1932/1822 1823/1933/1823 1828/1938/1828
f 1831/1940/1830 1827/1937/1827 1826/1936/1826 1830/1941/1831
f 1832/1942/1832 1830/1941/1831 1826/1936/1826 1825/1934/1824
f 1833/1943/1833 1834/1944/1834 1827/1937/1827 1831/1940/1830
f 1835/1945/1835 1828/1938/1828 1827/1937/1827 1834/1944/1834
f 1837/1946/1836 1835/1945/1835 1834/1944/1834 1836/1947/1837
f 1838/1948/1838 1836/1947/1837 1834/1944/1834 1833/1943/1833
f 1799/1909/1799 1836/1947/1837 1838/1948/1838 1803/1913/1803
f 1807/1917/1807 1803/1913/1803 1838/1948/1838 1839/1949/1839
f 1840/1950/1840 1839/1949/1839 1838/1948/1838 1833/1943/1833
f 1843/1951/1841 1844/1952/1842 1841/1953/1843 1842/1954/1844
f 1846/1955/1845 1842/1954/1844 1841/1953/1843 1845/1956/1846
f 1848/1957/1847 1845/1956/1846 1841/1953/1843 1847/1958/1848
f 1849/1959/1849 1847/1958/1848 1841/1953/1843 1844/1952/1842
f 1789/1898/1788 1850/1960/1850 1847/1958/1848 1849/1959/1849
f 1851/1961/1851 1848/1957/1847 1847/1958/1848 1850/1960/1850
f 1853/1962/1852 1851/1961/1851 1850/1960/1850 1852/1963/1853
f 1788/1899/1789 1852/1963/1853 1850/1960/1850 1789/1898/1788
f 1842/1954/1844 1855/1964/1854 1854/1965/1855 1843/1951/1841
f 1857/1966/1856 1843/1951/1841 1854/1965/1855 1856/1967/1857
f 1813/1921/1811 1856/1967/1857 1854/1965/1855 1858/1968/1858
f 1859/1969/1859 1858/1968/1858 1854/1965/1855 1855/1964/1854
f 1860/1970/1860 1844/1952/1842 1843/1951/1841 1857/1966/1856
f 1861/1971/1861 1849/1959/1849 1844/1952/1842 1860/1970/1860
f 1786/1897/1787 1789/1898/1788 1849/1959/1849 1861/1971/1861
f 1863/1972/1862 1818/1928/1818 1814/1922/1812 1862/1973/1863
f 1858/1968/1858 1862/1973/1863 1814/1922/1812 1813/1921/1811
f 1822/1931/1821 1856/1967/1857 1813/1921/1811 1812/1924/1814
f 1864/1974/1864 1857/1966/1856 1856/1967/1857 1822/1931/1821
f 1865/1975/1865 1860/1970/1860 1857/1966/1856 1864/1974/1864
f 1866/1976/1866 1861/1971/1861 1860/1970/1860 1865/1975/1865
f 1787/1896/1786 1786/1897/1787 1861/1971/1861 1866/1976/1866
f 1829/1939/1829 1864/1974/1864 1822/1931/1821 1821/1932/1822
f 1867/1977/1867 1865/1975/1865 1864/1974/1864 1829/1939/1829
f 1868/1978/1868 1866/1976/1866 1865/1975/1865 1867/1977/1867
f 1792/1902/1792 1787/1896/1786 1866/1976/1866 1868/1978/1868
f 1835/1945/1835 1867/1977/1867 1829/1939/1829 1828/1938/1828
f 1837/1946/1836 1868/1978/1868 1867/1977/1867 1835/1945/1835
f 1793/1903/1793 1792/1902/1792 1868/1978/1868 1837/1946/1836
f 1799/1909/1799 1793/1903/1793 1837/1946/1836 1836/1947/1837
f 1871/1979/1869 1016/1070/1015 1869/1980/1870 1870/1981/1871
f 1873/1982/1872 1870/1981/1871 1869/1980/1870 1872/1983/1873
f 1875/1984/1874 1872/1983/1873 1869/1980/1870 1874/1985/1875
f 1015/1071/1016 1874/1985/1875 1869/1980/1870 1016/1070/1015
f 1877/1986/1876 1875/1984/1874 1874/1985/1875 1876/1987/1877
f 1017/1072/1017 1876/1987/1877 1874/1985/1875 1015/1071/1016
f 1880/1988/1878 1881/1989/1879 1878/1990/1880 1879/1991/1881
f 1883/1992/1882 1879/1991/1881 1878/1990/1880 1882/1993/1883
f 1885/1994/1884 1882/1993/1883 1878/1990/1880 1884/1995/1885
f 1886/1996/1886 1884/1995/1885 1878/1990/1880 1881/1989/1879
f 1888/1997/1887 1881/1989/1879 1880/1988/1878 1887/1998/1888
f 526/1999/525 1887/1998/1888 1880/1988/1878 1889/2000/1889
f 1890/2001/1890 1889/2000/1889 1880/1988/1878 1879/1991/1881
f 1891/2002/1891 1886/1996/1886 1881/1989/1879 1888/1997/1887
f 532/556/531 1887/1998/1888 526/1999/525 525/557/526
f 1892/2003/1892 523/549/524 526/550/525 1889/2004/1889
f 1893/2005/1893 1888/1997/1887 1887/1998/1888 532/556/531
f 1894/2006/1894 1893/2005/1893 532/556/531 531/559/532
f 1895/2007/1895 1894/2006/1894 531/559/532 533/560/533
f 1897/2008/1896 1898/2009/1897 418/432/417 1896/2010/1898
f 1899/2011/1899 1896/2010/1898 418/432/417 417/433/418
f 1900/2012/1900 415/431/416 418/432/417 1898/2009/1897
f 1903/2013/1901 1904/2014/1902 1901/2015/1903 1902/2016/1904
f 419/434/419 1902/2016/1904 1901/2015/1903 1905/2017/1905
f 1899/2011/1899 1905/2017/1905 1901/2015/1903 1906/2018/1906
f 1907/2019/1907 1906/2018/1906 1901/2015/1903 1904/2014/1902
f 1908/2020/1908 1909/2021/1909 1906/2018/1906 1907/2019/1907
f 1896/2010/1898 1899/2011/1899 1906/2018/1906 1909/2021/1909
f 1910/2022/1910 1911/2023/1911 1909/2021/1909 1908/2020/1908
f 1897/2008/1896 1896/2010/1898 1909/2021/1909 1911/2023/1911
f 1913/2024/1912 1907/2019/1907 1904/2014/1902 1912/2025/1913
f 1914/2026/1914 1912/2025/1913 1904/2014/1902 1903/2013/1901
f 1915/2027/1915 1908/2020/1908 1907/2019/1907 1913/2024/1912
f 1798/1908/1798 1916/2028/1916 1914/2026/1914 1796/1907/1797
f 1797/1906/1796 1796/1907/1797 1914/2026/1914 1903/2013/1901
f 1917/2029/1917 1912/2025/1913 1914/2026/1914 1916/2028/1916
f 1918/2030/1918 1913/2024/1912 1912/2025/1913 1917/2029/1917
f 1802/1912/1802 1919/2031/1919 1916/2028/1916 1798/1908/1798
f 1920/2032/1920 1917/2029/1917 1916/2028/1916 1919/2031/1919
f 1541/1625/1540 1540/1626/1541 1550/1634/1549 1921/2033/1921
f 1922/2034/1922 1921/2033/1921 1550/1634/1549 1668/1773/1667
f 1666/1772/1666 1668/1773/1667 1550/1634/1549 1549/1635/1550
f 24/27/24 1666/1772/1666 1549/1635/1550 22/26/23
f 541/2035/541 1923/2036/1923 539/567/539 538/568/538
f 1895/2007/1895 533/560/533 539/567/539 1924/2037/1924
f 1925/2038/1925 1924/2037/1924 539/567/539 1923/2036/1923
f 1927/2039/1926 1925/2038/1925 1923/2036/1923 1926/2040/1927
f 1928/2041/1928 1926/2040/1927 1923/2036/1923 541/2035/541
f 1929/2042/1929 1930/2043/1930 1925/2038/1925 1927/2039/1926
f 1931/2044/1931 1924/2037/1924 1925/2038/1925 1930/2043/1930
f 1933/2045/1932 1927/2039/1926 1926/2040/1927 1932/2046/1933
f 1934/2047/1934 1932/2046/1933 1926/2040/1927 1928/2041/1928
f 1935/2048/1935 1929/2042/1929 1927/2039/1926 1933/2045/1932
f 1936/2049/1936 1937/2050/1937 1929/2042/1929 1935/2048/1935
f 1938/2051/1938 1930/2043/1930 1929/2042/1929 1937/2050/1937
f 1940/2052/1939 1933/2045/1932 1932/2046/1933 1939/2053/1940
f 1941/2054/1941 1939/2053/1940 1932/2046/1933 1934/2047/1934
f 1942/2055/1942 1935/2048/1935 1933/2045/1932 1940/2052/1939
f 1943/2056/1943 1936/2049/1936 1935/2048/1935 1942/2055/1942
f 1944/2057/1944 1945/2058/1945 1936/2049/1936 1943/2056/1943
f 1946/2059/1946 1937/2050/1937 1936/2049/1936 1945/2058/1945
f 1948/2060/1947 1949/2061/1948 1941/2062/1941 1947/2063/1949
f 1950/2064/1950 1947/2063/1949 1941/2062/1941 1934/2065/1934
f 1951/2066/1951 1939/2053/1940 1941/2054/1941 1949/2067/1948
f 1952/2068/1952 1940/2052/1939 1939/2053/1940 1951/2066/1951
f 1953/2069/1953 1942/2055/1942 1940/2052/1939 1952/2068/1952
f 1954/2070/1954 1943/2056/1943 1942/2055/1942 1953/2069/1953
f 1955/2071/1955 1944/2057/1944 1943/2056/1943 1954/2070/1954
f 1956/2072/1956 1957/2073/1957 1944/2057/1944 1955/2071/1955
f 1958/2074/1958 1945/2058/1945 1944/2057/1944 1957/2073/1957
f 1959/2075/1959 1960/2076/1960 1949/2061/1948 1948/2060/1947
f 1961/2077/1961 1951/2066/1951 1949/2067/1948 1960/2078/1960
f 1962/2079/1962 1952/2068/1952 1951/2066/1951 1961/2077/1961
f 1963/2080/1963 1953/2069/1953 1952/2068/1952 1962/2079/1962
f 1964/2081/1964 1954/2070/1954 1953/2069/1953 1963/2080/1963
f 1965/2082/1965 1955/2071/1955 1954/2070/1954 1964/2081/1964
f 1966/2083/1966 1956/2072/1956 1955/2071/1955 1965/2082/1965
f 1967/2084/1967 1968/2085/1968 1956/2072/1956 1966/2083/1966
f 1969/2086/1969 1957/2073/1957 1956/2072/1956 1968/2085/1968
f 1970/2087/1970 1971/2088/1971 1960/2076/1960 1959/2075/1959
f 1972/2089/1972 1961/2077/1961 1960/2078/1960 1971/2090/1971
f 1973/2091/1973 1962/2079/1962 1961/2077/1961 1972/2089/1972
f 1974/2092/1974 1963/2080/1963 1962/2079/1962 1973/2091/1973
f 1975/2093/1975 1964/2081/1964 1963/2080/1963 1974/2092/1974
f 1976/2094/1976 1965/2082/1965 1964/2081/1964 1975/2093/1975
f 1977/2095/1977 1966/2083/1966 1965/2082/1965 1976/2094/1976
f 1978/2096/1978 1967/2084/1967 1966/2083/1966 1977/2095/1977
f 1979/2097/1979 1980/2098/1980 1967/2084/1967 1978/2096/1978
f 1981/2099/1981 1968/2085/1968 1967/2084/1967 1980/2098/1980
f 1983/2100/1982 1972/2089/1972 1971/2090/1971 1982/2101/1983
f 1984/2102/1984 1982/2103/1983 1971/2088/1971 1970/2087/1970
f 1985/2104/1985 1973/2091/1973 1972/2089/1972 1983/2100/1982
f 1986/2105/1986 1974/2092/1974 1973/2091/1973 1985/2104/1985
f 1987/2106/1987 1975/2093/1975 1974/2092/1974 1986/2105/1986
f 1988/2107/1988 1976/2094/1976 1975/2093/1975 1987/2106/1987
f 1989/2108/1989 1977/2095/1977 1976/2094/1976 1988/2107/1988
f 1990/2109/1990 1978/2096/1978 1977/2095/1977 1989/2108/1989
f 1991/2110/1991 1979/2097/1979 1978/2096/1978 1990/2109/1990
f 127/133/128 130/134/129 1979/2097/1979 1991/2110/1991
f 1195/1261/1195 1980/2098/1980 1979/2097/1979 130/134/129
f 1993/2111/1992 1983/2100/1982 1982/2101/1983 1992/2112/1993
f 1994/2113/1994 1992/2114/1993 1982/2103/1983 1984/2102/1984
f 1995/2115/1995 1985/2104/1985 1983/2100/1982 1993/2111/1992
f 1996/2116/1996 1986/2105/1986 1985/2104/1985 1995/2115/1995
f 1997/2117/1997 1987/2106/1987 1986/2105/1986 1996/2116/1996
f 1993/2111/1992 1992/2112/1993 1911/2118/1911 1910/2119/1910
f 1994/2113/1994 1897/2008/1896 1911/2023/1911 1992/2114/1993
f 1998/2120/1998 1910/2022/1910 1908/2020/1908 1915/2027/1915
f 1995/2115/1995 1993/2111/1992 1910/2119/1910 1998/2121/1998
f 1999/2122/1999 1915/2027/1915 1913/2024/1912 1918/2030/1918
f 2000/2123/2000 1998/2120/1998 1915/2027/1915 1999/2122/1999
f 1996/2116/1996 1995/2115/1995 1998/2121/1998 2000/2124/2000
f 2001/2125/2001 1918/2030/1918 1917/2029/1917 1920/2032/1920
f 2002/2126/2002 1999/2122/1999 1918/2030/1918 2001/2125/2001
f 2003/2127/2003 2000/2123/2000 1999/2122/1999 2002/2126/2002
f 1997/2117/1997 1996/2116/1996 2000/2124/2000 2003/2128/2003
f 2005/2129/2004 1920/2032/1920 1919/2031/1919 2004/2130/2005
f 1806/1916/1806 2004/2130/2005 1919/2031/1919 1802/1912/1802
f 2006/2131/2006 2001/2125/2001 1920/2032/1920 2005/2129/2004
f 2007/2132/2007 2002/2126/2002 2001/2125/2001 2006/2131/2006
f 2008/2133/2008 2003/2127/2003 2002/2126/2002 2007/2132/2007
f 2009/2134/2009 1997/2117/1997 2003/2128/2003 2008/2135/2008
f 1988/2107/1988 1987/2106/1987 1997/2117/1997 2009/2134/2009
f 2011/2136/2010 2006/2131/2006 2005/2129/2004 2010/2137/2011
f 2012/2138/2012 2010/2137/2011 2005/2129/2004 2004/2130/2005
f 2013/2139/2013 2007/2132/2007 2006/2131/2006 2011/2136/2010
f 2014/2140/2014 2008/2133/2008 2007/2132/2007 2013/2139/2013
f 2015/2141/2015 2009/2134/2009 2008/2135/2008 2014/2142/2014
f 1989/2108/1989 1988/2107/1988 2009/2134/2009 2015/2141/2015
f 2016/2143/2016 2017/2144/2017 2011/2136/2010 2010/2137/2011
f 2018/2145/2018 2013/2139/2013 2011/2136/2010 2017/2144/2017
f 2019/2146/2019 2014/2140/2014 2013/2139/2013 2018/2145/2018
f 2020/2147/2020 2015/2141/2015 2014/2142/2014 2019/2148/2019
f 1990/2109/1990 1989/2108/1989 2015/2141/2015 2020/2147/2020
f 2021/2149/2021 2022/2150/2022 2019/2146/2019 2018/2145/2018
f 2023/2151/2023 2020/2147/2020 2019/2148/2019 2022/2152/2022
f 1991/2110/1991 1990/2109/1990 2020/2147/2020 2023/2151/2023
f 128/132/127 127/133/128 1991/2110/1991 2023/2151/2023
f 2026/2153/2024 2027/2154/2025 2024/2155/2026 2025/2156/2027
f 2028/2157/2028 2025/2156/2027 2024/2155/2026 1172/1237/1171
f 1169/1236/1170 1172/1237/1171 2024/2155/2026 1170/1235/1169
f 505/527/506 1170/1235/1169 2024/2155/2026 2027/2154/2025
f 507/528/507 1166/1234/1168 1170/1235/1169 505/527/506
f 2029/2158/2029 2030/2159/2030 433/448/433 432/447/432
f 2026/2153/2024 434/449/434 433/448/433 2030/2159/2030
f 2031/2160/2031 429/2161/429 428/451/428 436/450/435
f 2032/2162/2032 432/2163/432 429/2161/429 2031/2160/2031
f 2033/2164/2033 2029/2165/2029 432/2163/432 2032/2162/2032
f 2034/2166/2034 436/450/435 435/453/436 1742/1849/1742
f 2035/2167/2035 2031/2160/2031 436/450/435 2034/2166/2034
f 2036/2168/2036 2032/2162/2032 2031/2160/2031 2035/2167/2035
f 2037/2169/2037 2033/2164/2033 2032/2162/2032 2036/2168/2036
f 2039/2170/2038 2035/2167/2035 2034/2166/2034 2038/2171/2039
f 1777/1887/1777 2038/2171/2039 2034/2166/2034 1742/1849/1742
f 2040/2172/2040 2036/2168/2036 2035/2167/2035 2039/2170/2038
f 2041/2173/2041 2037/2169/2037 2036/2168/2036 2040/2172/2040
f 2043/2174/2042 2040/2172/2040 2039/2170/2038 2042/2175/2043
f 2044/2176/2044 2042/2175/2043 2039/2170/2038 2038/2171/2039
f 2045/2177/2045 2041/2173/2041 2040/2172/2040 2043/2174/2042
f 1069/1133/1069 2045/2177/2045 2043/2174/2042 1620/1712/1620
f 2046/2178/2046 1620/1712/1620 2043/2174/2042 2042/2175/2043
f 2026/2153/2024 607/635/606 2047/2179/2047 2027/2154/2025
f 505/527/506 2027/2154/2025 2047/2179/2047 506/526/505
f 503/525/504 506/526/505 2047/2179/2047 2048/2180/2048
f 606/636/607 2048/2180/2048 2047/2179/2047 607/635/606
f 608/637/608 2049/2181/2049 2048/2180/2048 606/636/607
f 504/524/503 503/525/504 2048/2180/2048 2049/2181/2049
f 611/640/611 510/534/510 2049/2181/2049 608/637/608
f 508/529/508 504/524/503 2049/2181/2049 510/534/510
f 614/643/614 509/535/509 510/534/510 611/640/611
f 617/648/617 260/275/260 509/533/509 614/649/614
f 2052/2182/2050 2053/2183/2051 2050/2184/2052 2051/2185/2053
f 2055/2186/2054 2051/2185/2053 2050/2184/2052 2054/2187/2055
f 2057/2188/2056 2054/2187/2055 2050/2184/2052 2056/2189/2057
f 2058/2190/2058 2056/2189/2057 2050/2184/2052 2053/2183/2051
f 1246/1316/1246 2061/2191/2059 2059/2192/2060 2060/2193/2061
f 2063/2194/2062 2060/2193/2061 2059/2192/2060 2062/2195/2063
f 2057/2188/2056 2062/2195/2063 2059/2192/2060 2054/2187/2055
f 2055/2186/2054 2054/2187/2055 2059/2192/2060 2061/2191/2059
f 1233/1304/1234 1236/1305/1235 2061/2191/2059 1246/1316/1246
f 2064/2196/2064 2055/2186/2054 2061/2191/2059 1236/1305/1235
f 2065/2197/2065 2051/2185/2053 2055/2186/2054 2064/2196/2064
f 1237/1307/1237 2064/2196/2064 1236/1305/1235 1235/1306/1236
f 2067/2198/2066 1845/1956/1846 1848/1957/1847 2066/2199/2067
f 2068/2200/2068 2066/2199/2067 1848/1957/1847 1851/1961/1851
f 2069/2201/2069 1846/1955/1845 1845/1956/1846 2067/2198/2066
f 2071/2202/2070 2072/2203/2071 2069/2201/2069 2070/2204/2072
f 2073/2205/2073 2070/2204/2072 2069/2201/2069 2067/2198/2066
f 2074/2206/2074 1846/1955/1845 2069/2201/2069 2072/2203/2071
f 1855/1964/1854 1842/1954/1844 1846/1955/1845 2074/2206/2074
f 2075/2207/2075 2074/2206/2074 2072/2203/2071 1437/1521/1436
f 847/901/846 1437/1521/1436 2072/2203/2071 2071/2202/2070
f 1859/1969/1859 1855/1964/1854 2074/2206/2074 2075/2207/2075
f 2076/2208/2076 2075/2207/2075 1437/1521/1436 1436/1522/1437
f 2077/2209/2077 1859/1969/1859 2075/2207/2075 2076/2208/2076
f 1862/1973/1863 1858/1968/1858 1859/1969/1859 2077/2209/2077
f 1390/1471/1390 1392/1472/1391 2077/2209/2077 2076/2208/2076
f 1863/1972/1862 1862/1973/1863 2077/2209/2077 1392/1472/1391
f 2078/2210/2078 447/465/447 445/462/444 449/466/448
f 1282/1356/1280 449/466/448 448/467/449 1287/1363/1287
f 401/416/401 1285/1362/1286 1287/1363/1287 1419/1500/1419
f 2079/2211/2079 1195/1261/1195 1194/1260/1194 1205/1271/1205
f 1212/1277/1211 2080/2212/2080 1205/1271/1205 1204/1270/1204
f 2081/2213/2081 2079/2211/2079 1205/1271/1205 2080/2212/2080
f 2083/2214/2082 2081/2213/2081 2080/2212/2080 2082/2215/2083
f 2084/2216/2084 2082/2215/2083 2080/2212/2080 1212/1277/1211
f 2086/2217/2085 2083/2214/2082 2082/2215/2083 2085/2218/2086
f 2087/2219/2087 2085/2218/2086 2082/2215/2083 2084/2216/2084
f 2088/2220/2088 2084/2216/2084 1212/1277/1211 1211/1278/1212
f 2089/2221/2089 2087/2219/2087 2084/2216/2084 2088/2220/2088
f 2090/2222/2090 2091/2223/2091 2087/2219/2087 2089/2221/2089
f 2092/2224/2092 2085/2218/2086 2087/2219/2087 2091/2223/2091
f 2093/2225/2093 2094/2226/2094 2091/2223/2091 2090/2222/2090
f 2095/2227/2095 2092/2224/2092 2091/2223/2091 2094/2226/2094
f 2097/2228/2096 2095/2227/2095 2094/2226/2094 2096/2229/2097
f 2098/2230/2098 2096/2229/2097 2094/2226/2094 2093/2225/2093
f 2100/2231/2099 2097/2228/2096 2096/2229/2097 2099/2232/2100
f 2101/2233/2101 2099/2232/2100 2096/2229/2097 2098/2230/2098
f 2103/2234/2102 2100/2231/2099 2099/2232/2100 2102/2235/2103
f 2104/2236/2104 2102/2235/2103 2099/2232/2100 2101/2233/2101
f 1223/1292/1223 2088/2220/2088 1211/1278/1212 1213/1279/1213
f 2105/2237/2105 2089/2221/2089 2088/2220/2088 1223/1292/1223
f 2106/2238/2106 2090/2222/2090 2089/2221/2089 2105/2237/2105
f 2107/2239/2107 2093/2225/2093 2090/2222/2090 2106/2238/2106
f 2108/2240/2108 2098/2230/2098 2093/2225/2093 2107/2239/2107
f 2109/2241/2109 2101/2233/2101 2098/2230/2098 2108/2240/2108
f 2110/2242/2110 2104/2236/2104 2101/2233/2101 2109/2241/2109
f 2111/2243/2111 2112/2244/2112 2104/2236/2104 2110/2242/2110
f 2113/2245/2113 2102/2235/2103 2104/2236/2104 2112/2244/2112
f 2114/2246/2114 2115/2247/2115 2112/2244/2112 2111/2243/2111
f 2116/2248/2116 2113/2245/2113 2112/2244/2112 2115/2247/2115
f 2118/2249/2117 2116/2248/2116 2115/2247/2115 2117/2250/2118
f 2119/2251/2119 2117/2250/2118 2115/2247/2115 2114/2246/2114
f 2121/2252/2120 2118/2249/2117 2117/2250/2118 2120/2253/2121
f 160/167/159 2120/2253/2121 2117/2250/2118 2119/2251/2119
f 1225/2254/1224 2105/2237/2105 1223/1292/1223 1222/1293/1222
f 2122/2255/2122 2106/2238/2106 2105/2237/2105 1225/2254/1224
f 2123/2256/2123 2107/2239/2107 2106/2238/2106 2122/2255/2122
f 2124/2257/2124 2108/2240/2108 2107/2239/2107 2123/2256/2123
f 2125/2258/2125 2109/2241/2109 2108/2240/2108 2124/2257/2124
f 2126/2259/2126 2110/2242/2110 2109/2241/2109 2125/2258/2125
f 2127/2260/2127 2111/2243/2111 2110/2242/2110 2126/2259/2126
f 2128/2261/2128 2114/2246/2114 2111/2243/2111 2127/2260/2127
f 2129/2262/2129 2122/2263/2122 1225/1294/1224 1224/1295/1225
f 2130/2264/2130 2123/2265/2123 2122/2263/2122 2129/2262/2129
f 2131/2266/2131 2124/2267/2124 2123/2265/2123 2130/2264/2130
f 2132/2268/2132 2125/2269/2125 2124/2267/2124 2131/2266/2131
f 2133/2270/2133 2126/2271/2126 2125/2269/2125 2132/2268/2132
f 1580/1667/1578 2129/2262/2129 1224/1295/1225 1227/1296/1226
f 1579/1666/1577 2130/2264/2130 2129/2262/2129 1580/1667/1578
f 1414/1494/1413 2131/2266/2131 2130/2264/2130 1579/1666/1577
f 2134/2272/2134 2135/2273/2135 1338/1417/1336 1347/1428/1347
f 2136/2274/2136 1339/1418/1337 1338/1417/1336 2135/2273/2135
f 1378/1459/1378 2134/2272/2134 1347/1428/1347 1354/1435/1354
f 1320/1401/1320 1319/1400/1319 2134/2272/2134 1378/1459/1378
f 1318/1399/1318 2135/2273/2135 2134/2272/2134 1319/1400/1319
f 1375/1458/1377 1378/1459/1378 1354/1435/1354 1362/1443/1362
f 1424/1504/1423 1379/1461/1380 1381/1462/1381 1422/1503/1422
f 2137/2275/2137 1533/1618/1533 1381/1462/1381 1368/1449/1368
f 1657/1760/1657 1380/1460/1379 1379/1461/1380 1424/1504/1423
f 1385/1466/1385 1382/1463/1382 1380/1460/1379 1657/1760/1657
f 2138/2276/2138 1484/1569/1484 1473/1560/1475 1477/1561/1476
f 2139/2277/2139 1476/1562/1477 1464/1551/1466 1468/1552/1467
f 2140/2278/2140 1477/1561/1476 1476/1562/1477 2139/2277/2139
f 2141/2279/2141 2138/2276/2138 1477/1561/1476 2140/2278/2140
f 2142/2280/2142 1468/1552/1467 1467/1553/1468 1608/1697/1608
f 2143/2281/2143 2139/2277/2139 1468/1552/1467 2142/2280/2142
f 2144/2282/2144 2140/2278/2140 2139/2277/2139 2143/2281/2143
f 2145/2283/2145 2141/2279/2141 2140/2278/2140 2144/2282/2144
f 2147/2284/2146 2143/2281/2143 2142/2280/2142 2146/2285/2147
f 1610/1699/1610 2146/2285/2147 2142/2280/2142 1608/1697/1608
f 2148/2286/2148 2144/2282/2144 2143/2281/2143 2147/2284/2146
f 1611/1700/1611 2149/2287/2149 2146/2285/2147 1610/1699/1610
f 2150/2288/2150 2147/2284/2146 2146/2285/2147 2149/2287/2149
f 2151/2289/2151 2148/2286/2148 2147/2284/2146 2150/2288/2150
f 2152/2290/2152 2151/2289/2151 2150/2288/2150 2062/2195/2063
f 2063/2194/2062 2062/2195/2063 2150/2288/2150 2149/2287/2149
f 2153/2291/2153 2154/2292/2154 1720/1827/1720 1721/1828/1721
f 1456/1541/1456 855/909/854 1720/1827/1720 2154/2292/2154
f 716/766/716 2153/2291/2153 1721/1828/1721 1727/1834/1727
f 714/765/715 716/766/716 1727/1834/1727 715/764/714
f 2155/2293/2155 715/764/714 1727/1834/1727 1726/1833/1726
f 2157/2294/2156 170/178/169 169/179/170 2156/2295/2157
f 157/2296/155 2156/2295/2157 169/179/170 158/180/156
f 2158/2297/2158 171/181/171 170/178/169 2157/2294/2156
f 1161/1227/1161 172/182/172 171/181/171 2159/2298/2159
f 2160/2299/2160 2159/2298/2159 171/181/171 2158/2297/2158
f 861/916/861 849/906/851 853/907/852 1461/1545/1460
f 2162/2300/2161 861/916/861 1461/1545/1460 2161/2301/2162
f 1462/1547/1462 2161/2301/2162 1461/1545/1460 1460/1546/1461
f 866/922/867 859/915/860 861/916/861 2162/2300/2161
f 867/921/866 866/922/867 2162/2300/2161 2163/2302/2163
f 2164/2303/2164 2163/2302/2163 2162/2300/2161 2161/2301/2162
f 2165/2304/2165 2166/2305/2166 867/921/866 2163/2302/2163
f 874/929/874 863/920/865 867/921/866 2166/2305/2166
f 588/617/588 595/624/595 872/928/873 874/929/874
f 2167/2306/2167 499/519/498 498/520/499 256/532/256
f 2168/2307/2168 2167/2308/2167 256/271/256 251/264/249
f 2169/2309/2169 2168/2307/2168 251/264/249 250/263/248
f 2171/2310/2170 2167/2308/2167 2168/2307/2168 2170/2311/2171
f 2172/2312/2172 2170/2311/2171 2168/2307/2168 2169/2309/2169
f 2173/2313/2173 250/263/248 249/266/251 261/276/261
f 2174/2314/2174 2169/2309/2169 250/263/248 2173/2313/2173
f 2175/2315/2175 2172/2312/2172 2169/2309/2169 2174/2314/2174
f 2176/2316/2176 2173/2313/2173 261/276/261 263/277/262
f 2177/2317/2177 2174/2314/2174 2173/2313/2173 2176/2316/2176
f 2178/2318/2178 2175/2315/2175 2174/2314/2174 2177/2317/2177
f 2179/2319/2179 263/277/262 262/278/263 269/284/269
f 2180/2320/2180 2176/2316/2176 263/277/262 2179/2319/2179
f 2181/2321/2181 2177/2317/2177 2176/2316/2176 2180/2320/2180
f 2182/2322/2182 2178/2318/2178 2177/2317/2177 2181/2321/2181
f 1451/1536/1451 2179/2319/2179 269/284/269 271/285/270
f 1452/1537/1452 2180/2320/2180 2179/2319/2179 1451/1536/1451
f 1454/1538/1453 2181/2321/2181 2180/2320/2180 1452/1537/1452
f 1456/1541/1456 2182/2322/2182 2181/2321/2181 1454/1538/1453
f 580/608/579 1449/1535/1450 271/285/270 270/286/271
f 2063/2194/2062 1612/1701/1612 1270/1345/1270 2060/2193/2061
f 1246/1316/1246 2060/2193/2061 1270/1345/1270 1245/1315/1245
f 2160/2299/2160 2185/2323/2183 2183/2324/2184 2184/2325/2185
f 2187/2326/2186 2184/2325/2185 2183/2324/2184 2186/2327/2187
f 2189/2328/2188 2186/2327/2187 2183/2324/2184 2188/2329/2189
f 1876/1987/1877 2188/2329/2189 2183/2324/2184 2185/2323/2183
f 2190/2330/2190 1164/1230/1164 2186/2327/2187 2189/2328/2188
f 1162/1228/1162 2187/2326/2186 2186/2327/2187 1164/1230/1164
f 2191/2331/2191 1163/1229/1163 1164/1230/1164 2190/2330/2190
f 514/537/512 1950/2064/1950 2192/2332/2192 515/538/513
f 518/543/518 515/538/513 2192/2332/2192 540/569/540
f 541/570/541 540/569/540 2192/2332/2192 1928/2333/1928
f 1934/2065/1934 1928/2333/1928 2192/2332/2192 1950/2064/1950
f 2193/2334/2193 2194/2335/2194 514/537/512 513/540/515
f 1947/2063/1949 1950/2064/1950 514/537/512 2194/2335/2194
f 1948/2060/1947 1947/2063/1949 2194/2335/2194 2195/2336/2195
f 2196/2337/2196 2195/2336/2195 2194/2335/2194 2193/2334/2193
f 2198/2338/2197 2058/2190/2058 2053/2183/2051 2197/2339/2198
f 2199/2340/2199 2197/2339/2198 2053/2183/2051 2052/2182/2050
f 2201/2341/2200 2198/2338/2197 2197/2339/2198 2200/2342/2201
f 2202/2343/2202 2200/2342/2201 2197/2339/2198 2199/2340/2199
f 2204/2344/2203 2199/2340/2199 2052/2182/2050 2203/2345/2204
f 2205/2346/2205 2203/2345/2204 2052/2182/2050 2051/2185/2053
f 2206/2347/2206 2202/2343/2202 2199/2340/2199 2204/2344/2203
f 2207/2348/2207 2208/2349/2208 2202/2343/2202 2206/2347/2206
f 2209/2350/2209 2200/2342/2201 2202/2343/2202 2208/2349/2208
f 2211/2351/2210 2209/2350/2209 2208/2349/2208 2210/2352/2211
f 2212/2353/2212 2210/2352/2211 2208/2349/2208 2207/2348/2207
f 2213/2354/2213 2214/2355/2214 1545/1630/1545 1536/1619/1534
f 2215/2356/2215 1548/1633/1548 1545/1630/1545 2214/2355/2214
f 2216/2357/2216 2217/2358/2217 1548/1633/1548 2215/2356/2215
f 1556/1641/1556 1546/1632/1547 1548/1633/1548 2217/2358/2217
f 2219/2359/2218 2214/2355/2214 2213/2354/2213 2218/2360/2219
f 2221/2361/2220 2218/2360/2219 2213/2354/2213 2220/2362/2221
f 1535/1622/1537 2220/2362/2221 2213/2354/2213 1536/1619/1534
f 2222/2363/2222 2215/2356/2215 2214/2355/2214 2219/2359/2218
f 2223/2364/2223 2216/2357/2216 2215/2356/2215 2222/2363/2222
f 2212/2353/2212 2226/2365/2224 2224/2366/2225 2225/2367/2226
f 2228/2368/2227 2225/2367/2226 2224/2366/2225 2227/2369/2228
f 2220/2362/2221 2227/2369/2228 2224/2366/2225 2221/2361/2220
f 2229/2370/2229 2221/2361/2220 2224/2366/2225 2226/2365/2224
f 2230/2371/2230 2218/2360/2219 2221/2361/2220 2229/2370/2229
f 2231/2372/2231 2219/2359/2218 2218/2360/2219 2230/2371/2230
f 2232/2373/2232 2222/2363/2222 2219/2359/2218 2231/2372/2231
f 2233/2374/2233 2223/2364/2223 2222/2363/2222 2232/2373/2232
f 2235/2375/2234 2229/2370/2229 2226/2365/2224 2234/2376/2235
f 2207/2348/2207 2234/2376/2235 2226/2365/2224 2212/2353/2212
f 2236/2377/2236 2230/2371/2230 2229/2370/2229 2235/2375/2234
f 2237/2378/2237 2231/2372/2231 2230/2371/2230 2236/2377/2236
f 2238/2379/2238 2232/2373/2232 2231/2372/2231 2237/2378/2237
f 2239/2380/2239 2233/2374/2233 2232/2373/2232 2238/2379/2238
f 2241/2381/2240 2236/2377/2236 2235/2375/2234 2240/2382/2241
f 2242/2383/2242 2240/2382/2241 2235/2375/2234 2234/2376/2235
f 2243/2384/2243 2237/2378/2237 2236/2377/2236 2241/2381/2240
f 2244/2385/2244 2238/2379/2238 2237/2378/2237 2243/2384/2243
f 2245/2386/2245 2239/2380/2239 2238/2379/2238 2244/2385/2244
f 2247/2387/2246 2243/2384/2243 2241/2381/2240 2246/2388/2247
f 2248/2389/2248 2246/2388/2247 2241/2381/2240 2240/2382/2241
f 2249/2390/2249 2244/2385/2244 2243/2384/2243 2247/2387/2246
f 2250/2391/2250 2245/2386/2245 2244/2385/2244 2249/2390/2249
f 2252/2392/2251 2249/2390/2249 2247/2387/2246 2251/2393/2252
f 2253/2394/2253 2251/2393/2252 2247/2387/2246 2246/2388/2247
f 2254/2395/2254 2250/2391/2250 2249/2390/2249 2252/2392/2251
f 2256/2396/2255 2254/2395/2254 2252/2392/2251 2255/2397/2256
f 2257/2398/2257 2255/2397/2256 2252/2392/2251 2251/2393/2252
f 2258/2399/2258 2228/2368/2227 2227/2369/2228 1539/1623/1538
f 1535/1622/1537 1539/1623/1538 2227/2369/2228 2220/2362/2221
f 2210/2352/2211 2212/2353/2212 2225/2367/2226 2259/2400/2259
f 2258/2399/2258 2259/2400/2259 2225/2367/2226 2228/2368/2227
f 1162/1228/1162 1161/1227/1161 2159/2298/2159 2187/2326/2186
f 2184/2325/2185 2187/2326/2186 2159/2298/2159 2160/2299/2160
f 2260/2401/2260 856/911/856 851/904/849 858/912/857
f 2261/2402/2261 858/912/857 857/913/858 869/924/869
f 2262/2403/2262 2260/2401/2260 858/912/857 2261/2402/2261
f 2264/2404/2263 2261/2402/2261 869/924/869 2263/2405/2264
f 875/930/875 2263/2405/2264 869/924/869 868/923/868
f 2265/2406/2265 2262/2403/2262 2261/2402/2261 2264/2404/2263
f 2266/2407/2266 2263/2405/2264 875/930/875 881/936/881
f 2267/2408/2267 2264/2404/2263 2263/2405/2264 2266/2407/2266
f 2268/2409/2268 2265/2406/2265 2264/2404/2263 2267/2408/2267
f 2269/2410/2269 881/936/881 880/935/880 886/941/886
f 2270/2411/2270 2266/2407/2266 881/936/881 2269/2410/2269
f 2271/2412/2271 2267/2408/2267 2266/2407/2266 2270/2411/2270
f 2272/2413/2272 2268/2409/2268 2267/2408/2267 2271/2412/2271
f 1551/1636/1551 886/941/886 885/940/885 888/942/887
f 1552/1637/1552 2269/2410/2269 886/941/886 1551/1636/1551
f 1553/1638/1553 2270/2411/2270 2269/2410/2269 1552/1637/1552
f 1554/1639/1554 2271/2412/2271 2270/2411/2270 1553/1638/1553
f 1507/1592/1507 2272/2413/2272 2271/2412/2271 1554/1639/1554
f 1863/1972/1862 1392/1472/1391 1391/1473/1392 1400/1480/1399
f 1406/1487/1406 1817/1927/1817 1400/1480/1399 1399/1481/1400
f 1818/1928/1818 1863/1972/1862 1400/1480/1399 1817/1927/1817
f 2273/2414/2273 889/944/889 883/938/883 882/937/882
f 974/1029/974 898/953/898 889/944/889 2273/2414/2273
f 1439/1523/1438 887/943/888 889/944/889 898/953/898
f 2274/2415/2274 2119/2251/2119 2114/2246/2114 2128/2261/2128
f 156/166/158 160/167/159 2119/2251/2119 2274/2415/2274
f 2275/2416/2275 2127/2417/2127 2126/2271/2126 2133/2270/2133
f 2276/2418/2276 2128/2419/2128 2127/2417/2127 2275/2416/2275
f 2277/2420/2277 2274/2421/2274 2128/2419/2128 2276/2418/2276
f 1413/1495/1414 2132/2268/2132 2131/2266/2131 1414/1494/1413
f 1415/1496/1415 2133/2270/2133 2132/2268/2132 1413/1495/1414
f 1418/1499/1418 2275/2416/2275 2133/2270/2133 1415/1496/1415
f 2278/2422/2278 2276/2418/2276 2275/2416/2275 1418/1499/1418
f 2281/2423/2279 1595/1683/1594 2279/2424/2280 2280/2425/2281
f 2283/2426/2282 2280/2425/2281 2279/2424/2280 2282/2427/2283
f 1606/1695/1606 2282/2427/2283 2279/2424/2280 1597/1685/1596
f 1594/1684/1595 1597/1685/1596 2279/2424/2280 1595/1683/1594
f 1599/1688/1599 1592/1682/1593 1595/1683/1594 2281/2423/2279
f 2286/2428/2284 2283/2426/2282 2284/2429/2285 2285/2430/2286
f 2287/2431/2287 2285/2430/2286 2284/2429/2285 1479/1564/1479
f 1466/1549/1464 1479/1564/1479 2284/2429/2285 1471/1556/1471
f 2282/2427/2283 1471/1556/1471 2284/2429/2285 2283/2426/2282
f 2288/2432/2288 2280/2425/2281 2283/2426/2282 2286/2428/2284
f 2289/2433/2289 2281/2423/2279 2280/2425/2281 2288/2432/2288
f 2290/2434/2290 1599/1688/1599 2281/2423/2279 2289/2433/2289
f 987/1042/987 2287/2431/2287 1485/1570/1485 985/1041/986
f 986/1040/985 985/1041/986 1485/1570/1485 1481/1565/1480
f 1479/1564/1479 1478/1563/1478 1485/1570/1485 2287/2431/2287
f 2291/2435/2291 2285/2430/2286 2287/2431/2287 987/1042/987
f 2292/2436/2292 2286/2428/2284 2285/2430/2286 2291/2435/2291
f 2293/2437/2293 2288/2432/2288 2286/2428/2284 2292/2436/2292
f 2294/2438/2294 2289/2433/2289 2288/2432/2288 2293/2437/2293
f 2295/2439/2295 2290/2434/2290 2289/2433/2289 2294/2438/2294
f 1600/1689/1600 1599/1688/1599 2290/2434/2290 2296/2440/2296
f 2297/2441/2297 2296/2440/2296 2290/2434/2290 2295/2439/2295
f 2299/2442/2298 2294/2438/2294 2293/2437/2293 2298/2443/2299
f 2300/2444/2300 2298/2443/2299 2293/2437/2293 2292/2436/2292
f 2301/2445/2301 2295/2439/2295 2294/2438/2294 2299/2442/2298
f 2302/2446/2302 2297/2441/2297 2295/2439/2295 2301/2445/2301
f 1602/1691/1602 1601/1690/1601 1600/1689/1600 2296/2440/2296
f 2303/2447/2303 1602/1691/1602 2296/2440/2296 2297/2441/2297
f 2304/2448/2304 1416/1497/1416 1602/1691/1602 2303/2447/2303
f 2305/2449/2305 1417/1498/1417 1416/1497/1416 2304/2448/2304
f 2306/2450/2306 2303/2447/2303 2297/2441/2297 2302/2446/2302
f 1873/1982/1872 2304/2448/2304 2303/2447/2303 2306/2450/2306
f 1321/1402/1321 1334/1415/1334 776/830/776 809/864/809
f 1335/1416/1335 766/820/766 776/830/776 1334/1415/1334
f 401/416/401 1419/1500/1419 1322/1403/1322 397/411/396
f 2282/2427/2283 1606/1695/1606 1469/1555/1470 1471/1556/1471
f 2307/2451/2307 1895/2007/1895 1924/2037/1924 1931/2044/1931
f 2308/2452/2308 1894/2006/1894 1895/2007/1895 2307/2451/2307
f 2309/2453/2309 1931/2044/1931 1930/2043/1930 1938/2051/1938
f 2310/2454/2310 2307/2451/2307 1931/2044/1931 2309/2453/2309
f 2311/2455/2311 2308/2452/2308 2307/2451/2307 2310/2454/2310
f 2312/2456/2312 1938/2051/1938 1937/2050/1937 1946/2059/1946
f 2313/2457/2313 2309/2453/2309 1938/2051/1938 2312/2456/2312
f 2314/2458/2314 2310/2454/2310 2309/2453/2309 2313/2457/2313
f 2315/2459/2315 2311/2455/2311 2310/2454/2310 2314/2458/2314
f 2316/2460/2316 2317/2461/2317 2311/2455/2311 2315/2459/2315
f 2318/2462/2318 2308/2452/2308 2311/2455/2311 2317/2461/2317
f 2319/2463/2319 1946/2059/1946 1945/2058/1945 1958/2074/1958
f 2320/2464/2320 2312/2456/2312 1946/2059/1946 2319/2463/2319
f 2321/2465/2321 2313/2457/2313 2312/2456/2312 2320/2464/2320
f 2322/2466/2322 2314/2458/2314 2313/2457/2313 2321/2465/2321
f 2323/2467/2323 2315/2459/2315 2314/2458/2314 2322/2466/2322
f 2324/2468/2324 2316/2460/2316 2315/2459/2315 2323/2467/2323
f 2326/2469/2325 2317/2461/2317 2316/2460/2316 2325/2470/2326
f 2327/2471/2327 2325/2470/2326 2316/2460/2316 2324/2468/2324
f 2328/2472/2328 1958/2074/1958 1957/2073/1957 1969/2086/1969
f 2329/2473/2329 2319/2463/2319 1958/2074/1958 2328/2472/2328
f 2330/2474/2330 2320/2464/2320 2319/2463/2319 2329/2473/2329
f 2331/2475/2331 2321/2465/2321 2320/2464/2320 2330/2474/2330
f 2332/2476/2332 2322/2466/2322 2321/2465/2321 2331/2475/2331
f 2333/2477/2333 2323/2467/2323 2322/2466/2322 2332/2476/2332
f 2334/2478/2334 2324/2468/2324 2323/2467/2323 2333/2477/2333
f 2335/2479/2335 2327/2471/2327 2324/2468/2324 2334/2478/2334
f 2336/2480/2336 1969/2086/1969 1968/2085/1968 1981/2099/1981
f 2337/2481/2337 2328/2472/2328 1969/2086/1969 2336/2480/2336
f 2338/2482/2338 2329/2473/2329 2328/2472/2328 2337/2481/2337
f 2339/2483/2339 2330/2474/2330 2329/2473/2329 2338/2482/2338
f 2340/2484/2340 2331/2475/2331 2330/2474/2330 2339/2483/2339
f 2341/2485/2341 2332/2476/2332 2331/2475/2331 2340/2484/2340
f 2342/2486/2342 2333/2477/2333 2332/2476/2332 2341/2485/2341
f 2343/2487/2343 2334/2478/2334 2333/2477/2333 2342/2486/2342
f 2344/2488/2344 2335/2479/2335 2334/2478/2334 2343/2487/2343
f 2346/2489/2345 2327/2471/2327 2335/2479/2335 2345/2490/2346
f 2347/2491/2347 2345/2490/2346 2335/2479/2335 2344/2488/2344
f 2079/2211/2079 1981/2099/1981 1980/2098/1980 1195/1261/1195
f 2081/2213/2081 2336/2480/2336 1981/2099/1981 2079/2211/2079
f 2083/2214/2082 2337/2481/2337 2336/2480/2336 2081/2213/2081
f 2086/2217/2085 2338/2482/2338 2337/2481/2337 2083/2214/2082
f 2348/2492/2348 2339/2483/2339 2338/2482/2338 2086/2217/2085
f 2349/2493/2349 2340/2484/2340 2339/2483/2339 2348/2492/2348
f 2350/2494/2350 2341/2485/2341 2340/2484/2340 2349/2493/2349
f 2351/2495/2351 2342/2486/2342 2341/2485/2341 2350/2494/2350
f 2352/2496/2352 2343/2487/2343 2342/2486/2342 2351/2495/2351
f 2353/2497/2353 2344/2488/2344 2343/2487/2343 2352/2496/2352
f 2354/2498/2354 2347/2491/2347 2344/2488/2344 2353/2497/2353
f 2092/2224/2092 2348/2492/2348 2086/2217/2085 2085/2218/2086
f 2095/2227/2095 2349/2493/2349 2348/2492/2348 2092/2224/2092
f 2097/2228/2096 2350/2494/2350 2349/2493/2349 2095/2227/2095
f 2100/2231/2099 2351/2495/2351 2350/2494/2350 2097/2228/2096
f 2103/2234/2102 2352/2496/2352 2351/2495/2351 2100/2231/2099
f 2355/2499/2355 2353/2497/2353 2352/2496/2352 2103/2234/2102
f 2356/2500/2356 2354/2498/2354 2353/2497/2353 2355/2499/2355
f 2357/2501/2357 2358/2502/2358 2354/2498/2354 2356/2500/2356
f 2359/2503/2359 2347/2491/2347 2354/2498/2354 2358/2502/2358
f 2113/2245/2113 2355/2499/2355 2103/2234/2102 2102/2235/2103
f 2116/2248/2116 2356/2500/2356 2355/2499/2355 2113/2245/2113
f 2118/2249/2117 2357/2501/2357 2356/2500/2356 2116/2248/2116
f 2360/2504/2360 2357/2501/2357 2118/2249/2117 2121/2252/2120
f 511/536/511 257/274/259 260/275/260 617/648/617
f 2362/2505/2361 1541/1625/1540 1921/2033/1921 2361/2506/2362
f 2363/2507/2363 2361/2506/2362 1921/2033/1921 1922/2034/1922
f 2258/2399/2258 1539/1623/1538 2362/2505/2361 2364/2508/2364
f 2365/2509/2365 2364/2508/2364 2362/2505/2361 2361/2506/2362
f 1538/1624/1539 1541/1625/1540 2362/2505/2361 1539/1623/1538
f 2368/2510/2366 2369/2511/2367 2366/2512/2368 2367/2513/2369
f 2371/2514/2370 2367/2513/2369 2366/2512/2368 2370/2515/2371
f 2373/2516/2372 2370/2515/2371 2366/2512/2368 2372/2517/2373
f 2374/2518/2374 2372/2517/2373 2366/2512/2368 2369/2511/2367
f 2376/2519/2375 2367/2513/2369 2371/2514/2370 2375/2520/2376
f 2378/2521/2377 2375/2520/2376 2371/2514/2370 2377/2522/2378
f 2379/2523/2379 2377/2522/2378 2371/2514/2370 2370/2515/2371
f 2380/2524/2380 2368/2510/2366 2367/2513/2369 2376/2519/2375
f 2382/2525/2381 2375/2520/2376 2378/2521/2377 2381/2526/2382
f 1268/1343/1268 2381/2526/2382 2378/2521/2377 1269/1344/1269
f 2383/2527/2383 1269/1344/1269 2378/2521/2377 2377/2522/2378
f 2385/2528/2384 983/1039/984 986/1040/985 2384/2529/2385
f 2386/2530/2386 2384/2529/2385 986/1040/985 1481/1565/1480
f 2387/2531/2387 984/1038/983 983/1039/984 2385/2528/2384
f 2388/2532/2388 990/1045/990 984/1038/983 2387/2531/2387
f 2389/2533/2389 994/1049/994 990/1045/990 2388/2532/2388
f 2390/2534/2390 1001/1056/1001 994/1049/994 2389/2533/2389
f 2391/2535/2391 1009/1064/1009 1001/1056/1001 2390/2534/2390
f 2392/2536/2392 1018/1073/1018 1009/1064/1009 2391/2535/2391
f 2393/2537/2393 2394/2538/2394 1018/1073/1018 2392/2536/2392
f 1020/1075/1020 1019/1074/1019 1018/1073/1018 2394/2538/2394
f 2397/2539/2395 2398/2540/2396 2395/2541/2397 2396/2542/2398
f 2400/2543/2399 2396/2542/2398 2395/2541/2397 2399/2544/2400
f 2402/2545/2401 2399/2544/2400 2395/2541/2397 2401/2546/2402
f 2403/2547/2403 2401/2546/2402 2395/2541/2397 2398/2540/2396
f 2404/2548/2404 2405/2549/2405 2401/2546/2402 2403/2547/2403
f 2406/2550/2406 2402/2545/2401 2401/2546/2402 2405/2549/2405
f 2407/2551/2407 2408/2552/2408 2405/2549/2405 2404/2548/2404
f 2409/2553/2409 2406/2550/2406 2405/2549/2405 2408/2552/2408
f 2411/2554/2410 2384/2529/2385 2386/2530/2386 2410/2555/2411
f 2413/2556/2412 2410/2555/2411 2386/2530/2386 2412/2557/2413
f 1480/1566/1481 2412/2557/2413 2386/2530/2386 1481/1565/1480
f 2414/2558/2414 2397/2539/2395 2410/2555/2411 2413/2556/2412
f 2396/2542/2398 2411/2554/2410 2410/2555/2411 2397/2539/2395
f 2415/2559/2415 2398/2540/2396 2397/2539/2395 2414/2558/2414
f 2416/2560/2416 2403/2547/2403 2398/2540/2396 2415/2559/2415
f 2417/2561/2417 2404/2548/2404 2403/2547/2403 2416/2560/2416
f 2418/2562/2418 2407/2551/2407 2404/2548/2404 2417/2561/2417
f 1483/1567/1482 2419/2563/2419 2412/2557/2413 1480/1566/1481
f 2420/2564/2420 2413/2556/2412 2412/2557/2413 2419/2563/2419
f 2421/2565/2421 2414/2558/2414 2413/2556/2412 2420/2564/2420
f 2422/2566/2422 2415/2559/2415 2414/2558/2414 2421/2565/2421
f 2423/2567/2423 2416/2560/2416 2415/2559/2415 2422/2566/2422
f 2424/2568/2424 2417/2561/2417 2416/2560/2416 2423/2567/2423
f 2425/2569/2425 2418/2562/2418 2417/2561/2417 2424/2568/2424
f 2427/2570/2426 2421/2565/2421 2420/2564/2420 2426/2571/2427
f 2428/2572/2428 2426/2571/2427 2420/2564/2420 2419/2563/2419
f 2429/2573/2429 2422/2566/2422 2421/2565/2421 2427/2570/2426
f 2430/2574/2430 2423/2567/2423 2422/2566/2422 2429/2573/2429
f 2431/2575/2431 2424/2568/2424 2423/2567/2423 2430/2574/2430
f 2432/2576/2432 2433/2577/2433 2426/2571/2427 2428/2572/2428
f 2434/2578/2434 2427/2570/2426 2426/2571/2427 2433/2577/2433
f 2435/2579/2435 2429/2573/2429 2427/2570/2426 2434/2578/2434
f 2436/2580/2436 2430/2574/2430 2429/2573/2429 2435/2579/2435
f 2437/2581/2437 2431/2575/2431 2430/2574/2430 2436/2580/2436
f 2439/2582/2438 2435/2579/2435 2434/2578/2434 2438/2583/2439
f 2440/2584/2440 2438/2583/2439 2434/2578/2434 2433/2577/2433
f 2441/2585/2441 2436/2580/2436 2435/2579/2435 2439/2582/2438
f 2442/2586/2442 2437/2581/2437 2436/2580/2436 2441/2585/2441
f 2443/2587/2443 2444/2588/2444 2438/2583/2439 2440/2584/2440
f 2445/2589/2445 2439/2582/2438 2438/2583/2439 2444/2588/2444
f 2446/2590/2446 2441/2585/2441 2439/2582/2438 2445/2589/2445
f 2448/2591/2447 2446/2590/2446 2445/2589/2445 2447/2592/2448
f 2449/2593/2449 2447/2592/2448 2445/2589/2445 2444/2588/2444
f 2450/2594/2450 2451/2595/2451 2447/2592/2448 2449/2593/2449
f 2452/2596/2452 2448/2591/2447 2447/2592/2448 2451/2595/2451
f 2428/2572/2428 2419/2563/2419 1483/1567/1482 2453/2597/2453
f 1484/1569/1484 2453/2597/2453 1483/1567/1482 1482/1568/1483
f 2138/2276/2138 2454/2598/2454 2453/2597/2453 1484/1569/1484
f 2432/2576/2432 2428/2572/2428 2453/2597/2453 2454/2598/2454
f 2455/2599/2455 2456/2600/2456 2432/2576/2432 2454/2598/2454
f 2440/2584/2440 2433/2577/2433 2432/2576/2432 2456/2600/2456
f 2457/2601/2457 2443/2587/2443 2440/2584/2440 2456/2600/2456
f 2136/2274/2136 805/860/805 549/577/548 548/578/549
f 2135/2273/2135 1318/1399/1318 805/860/805 2136/2274/2136
f 1339/1418/1337 2136/2274/2136 548/578/549 550/579/550
f 1959/2075/1959 1948/2060/1947 2195/2336/2195 2458/2602/2458
f 2459/2603/2459 2458/2602/2458 2195/2336/2195 2196/2337/2196
f 1970/2087/1970 1959/2075/1959 2458/2602/2458 1900/2012/1900
f 415/431/416 1900/2012/1900 2458/2602/2458 2459/2603/2459
f 1984/2102/1984 1970/2087/1970 1900/2012/1900 1898/2009/1897
f 1897/2008/1896 1994/2113/1994 1984/2102/1984 1898/2009/1897
f 2462/2604/2460 2463/2605/2461 2460/2606/2462 2461/2607/2463
f 2465/2608/2464 2461/2607/2463 2460/2606/2462 2464/2609/2465
f 2467/2610/2466 2464/2609/2465 2460/2606/2462 2466/2611/2467
f 2468/2612/2468 2466/2611/2467 2460/2606/2462 2463/2605/2461
f 596/625/596 2462/2604/2460 2461/2607/2463 2469/2613/2469
f 2470/2614/2470 2469/2613/2469 2461/2607/2463 2465/2608/2464
f 2471/2615/2471 2472/2616/2472 2469/2613/2469 2470/2614/2470
f 597/626/597 596/625/596 2469/2613/2469 2472/2616/2472
f 882/937/882 878/933/878 2472/2616/2472 2471/2615/2471
f 598/627/598 597/626/597 2472/2616/2472 878/933/878
f 2474/2617/2473 2471/2615/2471 2470/2614/2470 2473/2618/2474
f 2475/2619/2475 2473/2618/2474 2470/2614/2470 2465/2608/2464
f 2273/2414/2273 882/937/882 2471/2615/2471 2474/2617/2473
f 1141/1206/1141 974/1029/974 2273/2414/2273 2474/2617/2473
f 2478/2620/2476 2479/2621/2477 2476/2622/2478 2477/2623/2479
f 2481/2624/2480 2477/2623/2479 2476/2622/2478 2480/2625/2481
f 2483/2626/2482 2480/2625/2481 2476/2622/2478 2482/2627/2483
f 2484/2628/2484 2482/2627/2483 2476/2622/2478 2479/2621/2477
f 2485/2629/2485 2486/2630/2486 2479/2621/2477 2478/2620/2476
f 2487/2631/2487 2484/2628/2484 2479/2621/2477 2486/2630/2486
f 2211/2351/2210 2488/2632/2488 2486/2630/2486 2485/2629/2485
f 2364/2508/2364 2487/2631/2487 2486/2630/2486 2488/2632/2488
f 2489/2633/2489 2490/2634/2490 2477/2623/2479 2481/2624/2480
f 2491/2635/2491 2478/2620/2476 2477/2623/2479 2490/2634/2490
f 2492/2636/2492 2485/2629/2485 2478/2620/2476 2491/2635/2491
f 2209/2350/2209 2211/2351/2210 2485/2629/2485 2492/2636/2492
f 2201/2341/2200 2492/2636/2492 2491/2635/2491 2493/2637/2493
f 2494/2638/2494 2493/2637/2493 2491/2635/2491 2490/2634/2490
f 2200/2342/2201 2209/2350/2209 2492/2636/2492 2201/2341/2200
f 2495/2639/2495 2496/2640/2496 2493/2637/2493 2494/2638/2494
f 2198/2338/2197 2201/2341/2200 2493/2637/2493 2496/2640/2496
f 2056/2189/2057 2058/2190/2058 2198/2338/2197 2496/2640/2496
f 2259/2400/2259 2488/2632/2488 2211/2351/2210 2210/2352/2211
f 2258/2399/2258 2364/2508/2364 2488/2632/2488 2259/2400/2259
f 2497/2641/2497 2494/2638/2494 2490/2634/2490 2489/2633/2489
f 2152/2290/2152 2495/2639/2495 2494/2638/2494 2497/2641/2497
f 2056/2189/2057 2496/2640/2496 2495/2639/2495 2057/2188/2056
f 2062/2195/2063 2057/2188/2056 2495/2639/2495 2152/2290/2152
f 517/541/516 516/542/517 2498/2642/2498 2499/2643/2499
f 416/430/415 2499/2643/2499 2498/2642/2498 1853/1962/1852
f 1851/1961/1851 1853/1962/1852 2498/2642/2498 2500/2644/2500
f 120/125/120 2500/2644/2500 2498/2642/2498 516/542/517
f 415/431/416 2459/2603/2459 2499/2643/2499 416/430/415
f 2196/2337/2196 517/541/516 2499/2643/2499 2459/2603/2459
f 2193/2334/2193 513/540/515 517/541/516 2196/2337/2196
f 2063/2194/2062 2149/2287/2149 1611/1700/1611 1612/1701/1612
f 2501/2645/2501 1832/1942/1832 1825/1934/1824 1824/1935/1825
f 2503/2646/2502 1831/1940/1830 1830/1941/1831 2502/2647/2503
f 2504/2648/2504 2502/2647/2503 1830/1941/1831 1832/1942/1832
f 1840/1950/1840 1833/1943/1833 1831/1940/1830 2503/2646/2502
f 2505/2649/2505 2506/2650/2506 2503/2646/2502 2502/2647/2503
f 2507/2651/2507 1840/1950/1840 2503/2646/2502 2506/2650/2506
f 2508/2652/2508 1839/1949/1839 1840/1950/1840 2507/2651/2507
f 2509/2653/2509 1807/1917/1807 1839/1949/1839 2508/2652/2508
f 2510/2654/2510 1808/1918/1808 1807/1917/1807 2509/2653/2509
f 2512/2655/2511 2509/2653/2509 2508/2652/2508 2511/2656/2512
f 2513/2657/2513 2511/2656/2512 2508/2652/2508 2507/2651/2507
f 2514/2658/2514 2510/2654/2510 2509/2653/2509 2512/2655/2511
f 2254/2395/2254 2256/2396/2255 2512/2655/2511 2511/2656/2512
f 2372/2517/2373 2514/2658/2514 2512/2655/2511 2256/2396/2255
f 2515/2659/2515 1395/1475/1394 1394/1476/1395 1556/1641/1556
f 2516/2660/2516 2515/2659/2515 1556/1641/1556 2217/2358/2217
f 2517/2661/2517 2518/2662/2518 2515/2659/2515 2516/2660/2516
f 1397/1478/1397 1395/1475/1394 2515/2659/2515 2518/2662/2518
f 1398/1479/1398 1397/1478/1397 2518/2662/2518 1405/1486/1405
f 2519/2663/2519 1405/1486/1405 2518/2662/2518 2517/2661/2517
f 671/716/671 755/809/755 665/710/665 664/709/664
f 2520/2664/2520 756/810/756 755/809/755 671/716/671
f 2521/2665/2521 757/811/757 756/810/756 2520/2664/2520
f 144/154/146 148/155/147 757/811/757 2521/2665/2521
f 678/722/677 2520/2664/2520 671/716/671 670/715/670
f 2522/2666/2522 2521/2665/2521 2520/2664/2520 678/722/677
f 145/151/143 144/154/146 2521/2665/2521 2522/2666/2522
f 687/731/686 2522/2666/2522 678/722/677 677/723/678
f 815/871/816 145/151/143 2522/2666/2522 687/731/686
f 2524/2667/2523 2525/2668/2524 2523/2669/2525 1242/1311/1241
f 1240/1310/1240 1242/1311/1241 2523/2669/2525 2065/2197/2065
f 2051/2185/2053 2065/2197/2065 2523/2669/2525 2205/2346/2205
f 2526/2670/2526 2205/2346/2205 2523/2669/2525 2525/2668/2524
f 2528/2671/2527 2525/2668/2524 2524/2667/2523 2527/2672/2528
f 1254/1323/1253 2527/2672/2528 2524/2667/2523 1252/1322/1252
f 1241/1312/1242 1252/1322/1252 2524/2667/2523 1242/1311/1241
f 2529/2673/2529 2526/2670/2526 2525/2668/2524 2528/2671/2527
f 2530/2674/2530 2527/2672/2528 1254/1323/1253 2383/2527/2383
f 1269/1344/1269 2383/2527/2383 1254/1323/1253 1253/1324/1254
f 2531/2675/2531 2528/2671/2527 2527/2672/2528 2530/2674/2530
f 2532/2676/2532 2529/2673/2529 2528/2671/2527 2531/2675/2531
f 2379/2523/2379 2530/2674/2530 2383/2527/2383 2377/2522/2378
f 2533/2677/2533 2531/2675/2531 2530/2674/2530 2379/2523/2379
f 2257/2398/2257 2532/2676/2532 2531/2675/2531 2533/2677/2533
f 2373/2516/2372 2533/2677/2533 2379/2523/2379 2370/2515/2371
f 2255/2397/2256 2257/2398/2257 2533/2677/2533 2373/2516/2372
f 2256/2396/2255 2255/2397/2256 2373/2516/2372 2372/2517/2373
f 2534/2678/2534 2203/2345/2204 2205/2346/2205 2526/2670/2526
f 2535/2679/2535 2204/2344/2203 2203/2345/2204 2534/2678/2534
f 2242/2383/2242 2206/2347/2206 2204/2344/2203 2535/2679/2535
f 2234/2376/2235 2207/2348/2207 2206/2347/2206 2242/2383/2242
f 2536/2680/2536 2534/2678/2534 2526/2670/2526 2529/2673/2529
f 2248/2389/2248 2535/2679/2535 2534/2678/2534 2536/2680/2536
f 2240/2382/2241 2242/2383/2242 2535/2679/2535 2248/2389/2248
f 2253/2394/2253 2536/2680/2536 2529/2673/2529 2532/2676/2532
f 2246/2388/2247 2248/2389/2248 2536/2680/2536 2253/2394/2253
f 2251/2393/2252 2253/2394/2253 2532/2676/2532 2257/2398/2257
f 2538/2681/2537 2539/2682/2538 1167/1231/1165 2537/2683/2539
f 507/528/507 2537/2683/2539 1167/1231/1165 1166/1234/1168
f 2540/2684/2540 1168/1232/1166 1167/1231/1165 2539/2682/2538
f 2541/2685/2541 2538/2681/2537 2537/2683/2539 496/515/494
f 497/516/495 496/515/494 2537/2683/2539 507/528/507
f 2542/2686/2542 2516/2660/2516 2217/2358/2217 2216/2357/2216
f 2543/2687/2543 2517/2661/2517 2516/2660/2516 2542/2686/2542
f 2544/2688/2544 2542/2686/2542 2216/2357/2216 2223/2364/2223
f 2545/2689/2545 2543/2687/2543 2542/2686/2542 2544/2688/2544
f 2546/2690/2546 2547/2691/2547 2543/2687/2543 2545/2689/2545
f 2519/2663/2519 2517/2661/2517 2543/2687/2543 2547/2691/2547
f 2501/2645/2501 2548/2692/2548 2547/2691/2547 2546/2690/2546
f 2549/2693/2549 2519/2663/2519 2547/2691/2547 2548/2692/2548
f 1402/1485/1404 2549/2693/2549 2548/2692/2548 1403/1483/1402
f 1824/1935/1825 1403/1483/1402 2548/2692/2548 2501/2645/2501
f 2550/2694/2550 2544/2688/2544 2223/2364/2223 2233/2374/2233
f 2551/2695/2551 2545/2689/2545 2544/2688/2544 2550/2694/2550
f 2504/2648/2504 2546/2690/2546 2545/2689/2545 2551/2695/2551
f 1832/1942/1832 2501/2645/2501 2546/2690/2546 2504/2648/2504
f 2552/2696/2552 2550/2694/2550 2233/2374/2233 2239/2380/2239
f 2505/2649/2505 2551/2695/2551 2550/2694/2550 2552/2696/2552
f 2502/2647/2503 2504/2648/2504 2551/2695/2551 2505/2649/2505
f 2553/2697/2553 2552/2696/2552 2239/2380/2239 2245/2386/2245
f 2506/2650/2506 2505/2649/2505 2552/2696/2552 2553/2697/2553
f 2513/2657/2513 2553/2697/2553 2245/2386/2245 2250/2391/2250
f 2507/2651/2507 2506/2650/2506 2553/2697/2553 2513/2657/2513
f 2511/2656/2512 2513/2657/2513 2250/2391/2250 2254/2395/2254
f 2555/2698/2554 2556/2699/2555 2554/2700/2556 2374/2518/2374
f 2372/2517/2373 2374/2518/2374 2554/2700/2556 2514/2658/2514
f 2510/2654/2510 2514/2658/2514 2554/2700/2556 2557/2701/2557
f 2558/2702/2558 2557/2701/2557 2554/2700/2556 2556/2699/2555
f 2559/2703/2559 2555/2698/2554 2374/2518/2374 2369/2511/2367
f 2560/2704/2560 2561/2705/2561 2555/2698/2554 2559/2703/2559
f 2562/2706/2562 2556/2699/2555 2555/2698/2554 2561/2705/2561
f 2380/2524/2380 2563/2707/2563 2560/2704/2560 2559/2703/2559
f 141/147/141 2561/2705/2561 2560/2704/2560 138/146/140
f 139/143/138 138/146/140 2560/2704/2560 2563/2707/2563
f 2564/2708/2564 2565/2709/2565 2557/2701/2557 2558/2702/2558
f 1808/1918/1808 2510/2654/2510 2557/2701/2557 2565/2709/2565
f 2562/2706/2562 2566/2710/2566 2558/2702/2558 2556/2699/2555
f 2567/2711/2567 2564/2708/2564 2558/2702/2558 2566/2710/2566
f 2568/2712/2568 2569/2713/2569 2566/2710/2566 2562/2706/2562
f 2021/2149/2021 2567/2711/2567 2566/2710/2566 2569/2713/2569
f 2022/2150/2022 2021/2149/2021 2569/2713/2569 2570/2714/2570
f 135/2715/135 2570/2714/2570 2569/2713/2569 2568/2712/2568
f 2023/2151/2023 2022/2152/2022 2570/2716/2570 128/132/127
f 124/131/126 128/132/127 2570/2716/2570 135/140/135
f 141/147/141 2568/2712/2568 2562/2706/2562 2561/2705/2561
f 132/148/134 135/2715/135 2568/2712/2568 141/147/141
f 2564/2708/2564 2016/2143/2016 2571/2717/2571 2565/2709/2565
f 1808/1918/1808 2565/2709/2565 2571/2717/2571 1809/1919/1809
f 1810/1920/1810 1809/1919/1809 2571/2717/2571 2012/2138/2012
f 2010/2137/2011 2012/2138/2012 2571/2717/2571 2016/2143/2016
f 2567/2711/2567 2017/2144/2017 2016/2143/2016 2564/2708/2564
f 2018/2145/2018 2017/2144/2017 2567/2711/2567 2021/2149/2021
f 1810/1920/1810 2012/2138/2012 2004/2130/2005 1806/1916/1806
f 2380/2524/2380 2559/2703/2559 2369/2511/2367 2368/2510/2366
f 2572/2718/2572 2385/2528/2384 2384/2529/2385 2411/2554/2410
f 2573/2719/2573 2387/2531/2387 2385/2528/2384 2572/2718/2572
f 2574/2720/2574 2388/2532/2388 2387/2531/2387 2573/2719/2573
f 2575/2721/2575 2389/2533/2389 2388/2532/2388 2574/2720/2574
f 2576/2722/2576 2390/2534/2390 2389/2533/2389 2575/2721/2575
f 2577/2723/2577 2391/2535/2391 2390/2534/2390 2576/2722/2576
f 2578/2724/2578 2392/2536/2392 2391/2535/2391 2577/2723/2577
f 2579/2725/2579 2573/2719/2573 2572/2718/2572 2400/2543/2399
f 2396/2542/2398 2400/2543/2399 2572/2718/2572 2411/2554/2410
f 2580/2726/2580 2574/2720/2574 2573/2719/2573 2579/2725/2579
f 2581/2727/2581 2575/2721/2575 2574/2720/2574 2580/2726/2580
f 2582/2728/2582 2576/2722/2576 2575/2721/2575 2581/2727/2581
f 2583/2729/2583 2577/2723/2577 2576/2722/2576 2582/2728/2582
f 2584/2730/2584 2578/2724/2578 2577/2723/2577 2583/2729/2583
f 2585/2731/2585 2579/2725/2579 2400/2543/2399 2399/2544/2400
f 2586/2732/2586 2580/2726/2580 2579/2725/2579 2585/2731/2585
f 2587/2733/2587 2581/2727/2581 2580/2726/2580 2586/2732/2586
f 2588/2734/2588 2582/2728/2582 2581/2727/2581 2587/2733/2587
f 2589/2735/2589 2583/2729/2583 2582/2728/2582 2588/2734/2588
f 2591/2736/2590 2586/2732/2586 2585/2731/2585 2590/2737/2591
f 2402/2545/2401 2590/2737/2591 2585/2731/2585 2399/2544/2400
f 2592/2738/2592 2587/2733/2587 2586/2732/2586 2591/2736/2590
f 2593/2739/2593 2588/2734/2588 2587/2733/2587 2592/2738/2592
f 2406/2550/2406 2594/2740/2594 2590/2737/2591 2402/2545/2401
f 2595/2741/2595 2591/2736/2590 2590/2737/2591 2594/2740/2594
f 2596/2742/2596 2592/2738/2592 2591/2736/2590 2595/2741/2595
f 2597/2743/2597 2593/2739/2593 2592/2738/2592 2596/2742/2596
f 427/441/426 2596/2742/2596 2595/2741/2595 424/440/425
f 2598/2744/2598 424/440/425 2595/2741/2595 2594/2740/2594
f 2599/2745/2599 2563/2707/2563 2380/2524/2380 2376/2519/2375
f 2600/2746/2600 139/143/138 2563/2707/2563 2599/2745/2599
f 2601/2747/2601 140/144/139 139/143/138 2600/2746/2600
f 2382/2525/2381 2599/2745/2599 2376/2519/2375 2375/2520/2376
f 2602/2748/2602 2600/2746/2600 2599/2745/2599 2382/2525/2381
f 2603/2749/2603 2602/2748/2602 2382/2525/2381 2381/2526/2382
f 1263/1333/1263 2603/2749/2603 2381/2526/2382 1268/1343/1268
f 2539/2682/2538 2189/2328/2188 2188/2329/2189 2540/2684/2540
f 1017/1072/1017 2540/2684/2540 2188/2329/2189 1876/1987/1877
f 2190/2330/2190 2189/2328/2188 2539/2682/2538 2538/2681/2537
f 2191/2331/2191 2190/2330/2190 2538/2681/2537 2541/2685/2541
f 2604/2750/2604 2541/2685/2541 496/515/494 495/518/497
f 2605/2751/2605 2191/2331/2191 2541/2685/2541 2604/2750/2604
f 2606/2752/2606 1163/1229/1163 2191/2331/2191 2605/2751/2605
f 1259/1336/1259 2607/2753/2607 2603/2749/2603 1263/1333/1263
f 2608/2754/2608 2602/2748/2602 2603/2749/2603 2607/2753/2607
f 2601/2747/2601 2600/2746/2600 2602/2748/2602 2608/2754/2608
f 2609/2755/2609 2610/2756/2610 2608/2757/2608 2607/2758/2607
f 2611/2759/2611 2601/2760/2601 2608/2757/2608 2610/2756/2610
f 142/149/142 140/150/139 2601/2760/2601 2611/2759/2611
f 136/141/136 134/138/133 142/149/142 2612/2761/2612
f 2610/2756/2610 2612/2761/2612 142/149/142 2611/2759/2611
f 2613/2762/2613 137/142/137 136/141/136 2612/2761/2612
f 2614/2763/2614 2480/2625/2481 2483/2626/2482 2450/2594/2450
f 2451/2595/2451 2450/2594/2450 2483/2626/2482 2452/2596/2452
f 2615/2764/2615 2452/2596/2452 2483/2626/2482 2482/2627/2483
f 2616/2765/2616 2615/2764/2615 2482/2627/2483 2484/2628/2484
f 2617/2766/2617 2616/2765/2616 2484/2628/2484 2487/2631/2487
f 2365/2509/2365 2617/2766/2617 2487/2631/2487 2364/2508/2364
f 2618/2767/2618 2448/2591/2447 2452/2596/2452 2615/2764/2615
f 2619/2768/2619 2618/2767/2618 2615/2764/2615 2616/2765/2616
f 2620/2769/2620 2619/2768/2619 2616/2765/2616 2617/2766/2617
f 2621/2770/2621 2620/2769/2620 2617/2766/2617 2365/2509/2365
f 2363/2507/2363 2621/2770/2621 2365/2509/2365 2361/2506/2362
f 2141/2279/2141 2455/2599/2455 2454/2598/2454 2138/2276/2138
f 2622/2771/2622 2457/2601/2457 2456/2600/2456 2455/2599/2455
f 2623/2772/2623 2624/2773/2624 2457/2601/2457 2622/2771/2622
f 2625/2774/2625 2443/2587/2443 2457/2601/2457 2624/2773/2624
f 2449/2593/2449 2444/2588/2444 2443/2587/2443 2625/2774/2625
f 2450/2594/2450 2449/2593/2449 2625/2774/2625 2614/2763/2614
f 2626/2775/2626 2614/2763/2614 2625/2774/2625 2624/2773/2624
f 2481/2624/2480 2480/2625/2481 2614/2763/2614 2626/2775/2626
f 2622/2771/2622 2455/2599/2455 2141/2279/2141 2145/2283/2145
f 2627/2776/2627 2145/2283/2145 2144/2282/2144 2148/2286/2148
f 2623/2772/2623 2622/2771/2622 2145/2283/2145 2627/2776/2627
f 2628/2777/2628 2627/2776/2627 2148/2286/2148 2151/2289/2151
f 2629/2778/2629 2623/2772/2623 2627/2776/2627 2628/2777/2628
f 2626/2775/2626 2624/2773/2624 2623/2772/2623 2629/2778/2629
f 2497/2641/2497 2628/2777/2628 2151/2289/2151 2152/2290/2152
f 2489/2633/2489 2629/2778/2629 2628/2777/2628 2497/2641/2497
f 2481/2624/2480 2626/2775/2626 2629/2778/2629 2489/2633/2489
f 466/484/466 309/324/309 307/321/306 467/485/467
f 468/486/468 467/485/467 307/321/306 306/320/305
f 2630/2779/2630 1604/1693/1604 1442/1527/1442 1444/1529/1444
f 72/77/72 1444/1529/1444 1443/1528/1443 63/66/61
f 75/80/75 2630/2779/2630 1444/1529/1444 72/77/72
f 1024/1079/1024 1168/1232/1166 2540/2684/2540 1017/1072/1017
f 1872/1983/1873 2305/2449/2305 2304/2448/2304 1873/1982/1872
f 1418/1499/1418 1417/1498/1417 2305/2449/2305 2631/2780/2631
f 1875/1984/1874 2631/2780/2631 2305/2449/2305 1872/1983/1873
f 2301/2445/2301 2632/2781/2632 2306/2450/2306 2302/2446/2302
f 1870/1981/1871 1873/1982/1872 2306/2450/2306 2632/2781/2632
f 2633/2782/2633 2631/2780/2631 1875/1984/1874 1877/1986/1876
f 1512/1597/1512 2634/2783/2634 1510/1595/1510 1509/1594/1509
f 1507/1592/1507 1506/1591/1506 1510/1595/1510 2272/2413/2272
f 2268/2409/2268 2272/2413/2272 1510/1595/1510 2634/2783/2634
f 2635/2784/2635 2636/2785/2636 2634/2783/2634 1512/1597/1512
f 2265/2406/2265 2268/2409/2268 2634/2783/2634 2636/2785/2636
f 1731/1838/1731 2637/2786/2637 2636/2785/2636 2635/2784/2635
f 2262/2403/2262 2265/2406/2265 2636/2785/2636 2637/2786/2637
f 1722/1831/1724 1725/1832/1725 2637/2786/2637 1731/1838/1731
f 2260/2401/2260 2262/2403/2262 2637/2786/2637 1725/1832/1725
f 856/911/856 2260/2401/2260 1725/1832/1725 1717/1826/1719
f 1700/1806/1699 2635/2784/2635 1512/1597/1512 1511/1596/1511
f 1730/1837/1730 1731/1838/1731 2635/2784/2635 1700/1806/1699
f 1877/1986/1876 1876/1987/1877 2185/2323/2183 2638/2787/2638
f 2158/2297/2158 2638/2787/2638 2185/2323/2183 2160/2299/2160
f 2278/2422/2278 1418/1499/1418 2631/2780/2631 2633/2782/2633
f 2640/2788/2639 2278/2422/2278 2633/2782/2633 2639/2789/2640
f 2638/2787/2638 2639/2789/2640 2633/2782/2633 1877/1986/1876
f 2157/2294/2156 2639/2789/2640 2638/2787/2638 2158/2297/2158
f 2641/2790/2641 1329/1410/1329 1180/1245/1179 1713/1820/1713
f 2642/2791/2642 1328/1409/1328 1329/1410/1329 2467/2610/2466
f 2464/2609/2465 2467/2610/2466 1329/1410/1329 2641/2790/2641
f 2468/2612/2468 2642/2791/2642 2467/2610/2466 2466/2611/2467
f 2475/2619/2475 2641/2790/2641 1713/1820/1713 1714/1821/1714
f 2465/2608/2464 2464/2609/2465 2641/2790/2641 2475/2619/2475
f 2473/2618/2474 2475/2619/2475 1714/1821/1714 1715/1822/1715
f 2474/2617/2473 2473/2618/2474 1715/1822/1715 1141/1206/1141
f 1330/1411/1330 578/606/577 577/607/578 1331/1412/1331
f 270/286/271 1331/1412/1331 577/607/578 580/608/579
f 591/620/591 574/605/576 578/606/577 2643/2792/2643
f 2644/2793/2644 2643/2792/2643 578/606/577 1330/1411/1330
f 2462/2604/2460 591/620/591 2643/2792/2643 2463/2605/2461
f 2468/2612/2468 2463/2605/2461 2643/2792/2643 2644/2793/2644
f 596/625/596 592/621/592 591/620/591 2462/2604/2460
f 2644/2793/2644 1330/1411/1330 1326/1405/1324 1325/1404/1323
f 2642/2791/2642 1325/1404/1323 1324/1407/1326 1328/1409/1328
f 2468/2612/2468 2644/2793/2644 1325/1404/1323 2642/2791/2642
f 2164/2303/2164 2161/2301/2162 1462/1547/1462 2645/2794/2645
f 1459/1544/1459 2645/2794/2645 1462/1547/1462 1457/1543/1458
f 2647/2795/2646 2645/2794/2645 1459/1544/1459 2646/2796/2647
f 1450/1534/1449 2646/2796/2647 1459/1544/1459 1446/1533/1448
f 2648/2797/2648 2164/2303/2164 2645/2794/2645 2647/2795/2646
f 581/610/581 2646/2796/2647 1450/1534/1449 579/609/580
f 580/608/579 579/609/580 1450/1534/1449 1449/1535/1450
f 584/613/584 2647/2795/2646 2646/2796/2647 581/610/581
f 587/616/587 2648/2797/2648 2647/2795/2646 584/613/584
f 590/619/590 2165/2304/2165 2648/2797/2648 587/616/587
f 2163/2302/2163 2164/2303/2164 2648/2797/2648 2165/2304/2165
f 2650/2798/2649 112/117/112 109/114/109 2649/2799/2650
f 100/105/100 2649/2799/2650 109/114/109 101/106/101
f 119/124/119 113/118/113 112/117/112 2651/2800/2651
f 2068/2200/2068 2651/2800/2651 112/117/112 2650/2798/2649
f 120/125/120 119/124/119 2651/2800/2651 2500/2644/2500
f 1851/1961/1851 2500/2644/2500 2651/2800/2651 2068/2200/2068
f 589/618/589 2166/2305/2166 2165/2304/2165 590/619/590
f 588/617/588 874/929/874 2166/2305/2166 589/618/589
f 2652/2801/2652 2653/2802/2653 2025/2156/2027 2028/2157/2028
f 434/449/434 2026/2153/2024 2025/2156/2027 2653/2802/2653
f 1732/1839/1732 1729/1835/1728 1501/1586/1501 1502/1587/1502
f 2654/2803/2654 1732/1839/1732 1502/1587/1502 1503/1588/1503
f 2155/2293/2155 1726/1833/1726 1732/1839/1732 2654/2803/2654
f 2656/2804/2655 1558/1642/1557 425/439/424 2655/2805/2656
f 2598/2744/2598 2655/2805/2656 425/439/424 424/440/425
f 2657/2806/2657 1562/1647/1562 1558/1642/1557 2656/2804/2655
f 2425/2569/2425 2658/2807/2658 2657/2806/2657 2418/2562/2418
f 2407/2551/2407 2418/2562/2418 2657/2806/2657 2656/2804/2655
f 2659/2808/2659 1562/1647/1562 2657/2806/2657 2658/2807/2658
f 1565/1648/1563 1560/1646/1561 1562/1647/1562 2659/2808/2659
f 2661/2809/2660 2659/2808/2659 2658/2807/2658 2660/2810/2661
f 2662/2811/2662 2660/2810/2661 2658/2807/2658 2425/2569/2425
f 1566/1649/1564 1565/1648/1563 2659/2808/2659 2661/2809/2660
f 2437/2581/2437 2663/2812/2663 2662/2811/2662 2431/2575/2431
f 2424/2568/2424 2431/2575/2431 2662/2811/2662 2425/2569/2425
f 2664/2813/2664 2660/2810/2661 2662/2811/2662 2663/2812/2663
f 2665/2814/2665 2661/2809/2660 2660/2810/2661 2664/2813/2664
f 1571/1656/1571 1566/1649/1564 2661/2809/2660 2665/2814/2665
f 2667/2815/2666 2664/2813/2664 2663/2812/2663 2666/2816/2667
f 2442/2586/2442 2666/2816/2667 2663/2812/2663 2437/2581/2437
f 2668/2817/2668 2665/2814/2665 2664/2813/2664 2667/2815/2666
f 2669/2818/2669 1571/1656/1571 2665/2814/2665 2668/2817/2668
f 2670/2819/2670 1569/1655/1570 1571/1656/1571 2669/2818/2669
f 2446/2590/2446 2671/2820/2671 2442/2586/2442 2441/2585/2441
f 2672/2821/2672 2666/2816/2667 2442/2586/2442 2671/2820/2671
f 2673/2822/2673 2667/2815/2666 2666/2816/2667 2672/2821/2672
f 2674/2823/2674 2668/2817/2668 2667/2815/2666 2673/2822/2673
f 2675/2824/2675 2669/2818/2669 2668/2817/2668 2674/2823/2674
f 2676/2825/2676 2670/2819/2670 2669/2818/2669 2675/2824/2675
f 1570/1654/1569 1569/1655/1570 2670/2819/2670 2677/2826/2677
f 2678/2827/2678 2677/2826/2677 2670/2819/2670 2676/2825/2676
f 2619/2768/2619 2672/2821/2672 2671/2820/2671 2618/2767/2618
f 2448/2591/2447 2618/2767/2618 2671/2820/2671 2446/2590/2446
f 2620/2769/2620 2673/2822/2673 2672/2821/2672 2619/2768/2619
f 2621/2770/2621 2674/2823/2674 2673/2822/2673 2620/2769/2620
f 2363/2507/2363 2675/2824/2675 2674/2823/2674 2621/2770/2621
f 1922/2034/1922 2676/2825/2676 2675/2824/2675 2363/2507/2363
f 1668/1773/1667 2678/2827/2678 2676/2825/2676 1922/2034/1922
f 2681/2828/2679 2155/2293/2155 2679/2829/2680 2680/2830/2681
f 2682/2831/2682 2680/2830/2681 2679/2829/2680 1892/2003/1892
f 523/549/524 1892/2003/1892 2679/2829/2680 1503/1588/1503
f 2654/2803/2654 1503/1588/1503 2679/2829/2680 2155/2293/2155
f 2589/2735/2589 2683/2832/2683 2584/2730/2584 2583/2729/2583
f 2685/2833/2684 2578/2724/2578 2584/2730/2584 2684/2834/2685
f 2686/2835/2686 2684/2834/2685 2584/2730/2584 2683/2832/2683
f 2652/2801/2652 2028/2157/2028 2683/2832/2683 2589/2735/2589
f 1172/1237/1171 2686/2835/2686 2683/2832/2683 2028/2157/2028
f 1402/1485/1404 1405/1486/1405 2519/2663/2519 2549/2693/2549
f 2687/2836/2687 1106/1171/1106 1100/1165/1100 1099/1164/1099
f 1112/1177/1112 1107/1172/1107 1106/1171/1106 2688/2837/2688
f 2689/2838/2689 2688/2837/2688 1106/1171/1106 2687/2836/2687
f 2691/2839/2690 1112/1177/1112 2688/2837/2688 2690/2840/2691
f 2692/2841/2692 2690/2840/2691 2688/2837/2688 2689/2838/2689
f 1116/1181/1116 1113/1178/1113 1112/1177/1112 2691/2839/2690
f 453/469/451 2691/2839/2690 2690/2840/2691 454/470/452
f 459/477/459 454/470/452 2690/2840/2691 2692/2841/2692
f 461/478/460 1116/1181/1116 2691/2839/2690 453/469/451
f 465/483/465 1117/1182/1117 1116/1181/1116 461/478/460
f 2630/2779/2630 75/80/75 74/79/74 2693/2842/2693
f 2694/2843/2694 2693/2842/2693 74/79/74 73/78/73
f 2695/2844/2695 2696/2845/2696 2693/2842/2693 2694/2843/2694
f 1604/1693/1604 2630/2779/2630 2693/2842/2693 2696/2845/2696
f 2697/2846/2697 2698/2847/2698 2696/2845/2696 2695/2844/2695
f 1603/1692/1603 1604/1693/1604 2696/2845/2696 2698/2847/2698
f 78/83/78 2699/2848/2699 73/78/73 70/75/70
f 2700/2849/2700 2694/2843/2694 73/78/73 2699/2848/2699
f 2701/2850/2701 2695/2844/2695 2694/2843/2694 2700/2849/2700
f 2070/2204/2072 2700/2849/2700 2699/2848/2699 2071/2202/2070
f 847/901/846 2071/2202/2070 2699/2848/2699 78/83/78
f 153/160/152 754/808/754 753/807/753 150/157/149
f 1694/1801/1694 1095/1160/1095 1079/1145/1080 1081/1146/1081
f 1696/1802/1695 1091/1155/1090 1095/1160/1095 1694/1801/1694
f 750/804/750 1083/1147/1082 278/292/277 749/803/749
f 2702/2851/2702 1075/1138/1073 1083/1147/1082 750/804/750
f 1687/1792/1685 1076/1139/1074 1075/1138/1073 2702/2851/2702
f 1686/1795/1688 1081/1146/1081 1076/1139/1074 1687/1792/1685
f 745/798/744 2702/2851/2702 750/804/750 742/797/743
f 1688/1793/1686 1687/1792/1685 2702/2851/2702 745/798/744
f 1529/1614/1529 1531/1616/1531 1366/1447/1366 1364/1444/1363
f 2703/2852/2703 1367/1448/1367 1366/1447/1366 1531/1616/1531
f 2704/2853/2704 2705/2854/2705 2154/2292/2154 2153/2291/2153
f 2182/2322/2182 1456/1541/1456 2154/2292/2154 2705/2854/2705
f 2178/2318/2178 2182/2322/2182 2705/2854/2705 2706/2855/2706
f 2707/2856/2707 2706/2855/2706 2705/2854/2705 2704/2853/2704
f 711/759/709 2704/2853/2704 2153/2291/2153 716/766/716
f 710/758/708 2707/2856/2707 2704/2853/2704 711/759/709
f 718/767/717 2708/2857/2708 2707/2856/2707 710/758/708
f 2709/2858/2709 2706/2855/2706 2707/2856/2707 2708/2857/2708
f 721/770/720 2710/2859/2710 2708/2857/2708 718/767/717
f 2711/2860/2711 2709/2858/2709 2708/2857/2708 2710/2859/2710
f 2713/2861/2712 2711/2860/2711 2710/2859/2710 2712/2862/2713
f 725/775/725 2712/2862/2713 2710/2859/2710 721/770/720
f 2714/2863/2714 2712/2862/2713 725/775/725 728/778/728
f 2715/2864/2715 2714/2865/2714 728/783/728 730/782/730
f 2606/2752/2606 2715/2864/2715 730/782/730 732/785/732
f 2044/2176/2044 2038/2171/2039 1777/1887/1777 1781/1891/1781
f 2716/2866/2716 2044/2176/2044 1781/1891/1781 1780/1890/1780
f 2046/2178/2046 2042/2175/2043 2044/2176/2044 2716/2866/2716
f 2717/2867/2717 2716/2866/2716 1780/1890/1780 1779/1888/1778
f 2718/2868/2718 2046/2178/2046 2716/2866/2716 2717/2867/2717
f 1618/1711/1619 1620/1712/1620 2046/2178/2046 2718/2868/2718
f 2719/2869/2719 2717/2867/2717 1779/1888/1778 1778/1889/1779
f 2720/2870/2720 2718/2868/2718 2717/2867/2717 2719/2869/2719
f 1619/1710/1618 1618/1711/1619 2718/2868/2718 2720/2870/2720
f 1646/1748/1646 2719/2869/2719 1778/1889/1779 1647/1749/1647
f 2721/2871/2721 2720/2870/2720 2719/2869/2719 1646/1748/1646
f 2722/2872/2722 713/762/712 712/763/713 2681/2828/2679
f 2155/2293/2155 2681/2828/2679 712/763/713 715/764/714
f 733/786/733 719/769/719 713/762/712 2722/2872/2722
f 2137/2275/2137 1368/1449/1368 1367/1448/1367 2703/2852/2703
f 1526/1611/1526 1365/1446/1365 1521/1605/1520 1527/1612/1527
f 1522/1607/1522 1527/1612/1527 1521/1605/1520 1520/1606/1521
f 1356/1436/1355 1519/1604/1519 1521/1605/1520 1365/1446/1365
f 1525/1610/1525 1529/1614/1529 1364/1444/1363 1363/1445/1364
f 1526/1611/1526 1525/1610/1525 1363/1445/1364 1365/1446/1365
f 2703/2852/2703 1531/1616/1531 1530/1615/1530 1532/1617/1532
f 2137/2275/2137 2703/2852/2703 1532/1617/1532 1533/1618/1533
f 2656/2804/2655 2655/2805/2656 2408/2552/2408 2407/2551/2407
f 2598/2744/2598 2409/2553/2409 2408/2552/2408 2655/2805/2656
f 2685/2833/2684 2393/2537/2393 2392/2536/2392 2578/2724/2578
f 2652/2801/2652 2589/2735/2589 2588/2734/2588 2593/2739/2593
f 2653/2802/2653 2652/2801/2652 2593/2739/2593 2597/2743/2597
f 431/446/431 2597/2743/2597 2596/2742/2596 427/441/426
f 434/449/434 2653/2802/2653 2597/2743/2597 431/446/431
f 2598/2744/2598 2594/2740/2594 2406/2550/2406 2409/2553/2409
f 1390/1471/1390 2076/2208/2076 1436/1522/1437 1127/1192/1127
f 100/105/100 86/90/85 2698/2847/2698 2697/2846/2697
f 85/91/86 1603/1692/1603 2698/2847/2698 86/90/85
f 2701/2850/2701 2723/2873/2723 2697/2846/2697 2695/2844/2695
f 2649/2799/2650 100/105/100 2697/2846/2697 2723/2873/2723
f 2073/2205/2073 2724/2874/2724 2723/2873/2723 2701/2850/2701
f 2650/2798/2649 2649/2799/2650 2723/2873/2723 2724/2874/2724
f 2067/2198/2066 2066/2199/2067 2724/2874/2724 2073/2205/2073
f 2068/2200/2068 2650/2798/2649 2724/2874/2724 2066/2199/2067
f 2070/2204/2072 2073/2205/2073 2701/2850/2701 2700/2849/2700
f 1751/1862/1752 1745/1853/1746 1572/1657/1572 1568/1660/1567
f 1752/1858/1751 1751/1861/1752 1568/1652/1567 1567/1653/1568
f 2725/2875/2725 1752/1858/1751 1567/1653/1568 1570/1654/1569
f 1760/2876/1760 1748/1859/1750 1752/1858/1751 2725/2875/2725
f 2726/2877/2726 2725/2875/2725 1570/1654/1569 2677/2826/2677
f 1654/2878/1654 1760/2876/1760 2725/2875/2725 2726/2877/2726
f 1575/1663/1574 1758/1869/1759 1760/1870/1760 1654/1757/1654
f 2727/2879/2727 2726/2877/2726 2677/2826/2677 2678/2827/2678
f 1655/2880/1655 1654/2878/1654 2726/2877/2726 2727/2879/2727
f 1667/1774/1668 2727/2879/2727 2678/2827/2678 1668/1773/1667
f 6/1775/5 1655/2880/1655 2727/2879/2727 1667/1774/1668
f 2730/2881/2728 2731/2882/2729 2728/2883/2730 2729/2884/2731
f 2722/2872/2722 2729/2884/2731 2728/2883/2730 733/786/733
f 734/787/734 733/786/733 2728/2883/2730 2732/2885/2732
f 2733/2886/2733 2732/2885/2732 2728/2883/2730 2731/2882/2729
f 735/788/735 734/787/734 2732/2885/2732 2734/2887/2734
f 2735/2888/2735 2734/2887/2734 2732/2885/2732 2733/2886/2733
f 2736/2889/2736 2737/2890/2737 2734/2887/2734 2735/2888/2735
f 736/789/736 735/788/735 2734/2887/2734 2737/2890/2737
f 2738/2891/2738 175/184/174 2737/2892/2737 2736/2893/2736
f 174/185/175 736/790/736 2737/2892/2737 175/184/174
f 1889/2004/1889 1890/2894/1890 2682/2831/2682 1892/2003/1892
f 2729/2884/2731 2680/2830/2681 2682/2831/2682 2730/2881/2728
f 2739/2895/2739 2730/2881/2728 2682/2831/2682 1890/2894/1890
f 2740/2896/2740 2731/2882/2729 2730/2881/2728 2739/2895/2739
f 2741/2897/2741 2733/2886/2733 2731/2882/2729 2740/2896/2740
f 2742/2898/2742 2735/2888/2735 2733/2886/2733 2741/2897/2741
f 2743/2899/2743 2736/2889/2736 2735/2888/2735 2742/2898/2742
f 1883/1992/1882 2739/2900/2739 1890/2001/1890 1879/1991/1881
f 2744/2901/2744 2740/2902/2740 2739/2900/2739 1883/1992/1882
f 2745/2903/2745 2741/2904/2741 2740/2902/2740 2744/2901/2744
f 2746/2905/2746 2742/2906/2742 2741/2904/2741 2745/2903/2745
f 2747/2907/2747 2744/2901/2744 1883/1992/1882 1882/1993/1883
f 2748/2908/2748 2745/2903/2745 2744/2901/2744 2747/2907/2747
f 2749/2909/2749 2747/2907/2747 1882/1993/1883 1885/1994/1884
f 2750/2910/2750 2751/2911/2751 1884/1995/1885 1886/1996/1886
f 2749/2909/2749 1885/1994/1884 1884/1995/1885 2751/2911/2751
f 2752/2912/2752 2753/2913/2753 2751/2911/2751 2750/2910/2750
f 2754/2914/2754 2749/2909/2749 2751/2911/2751 2753/2913/2753
f 2346/2489/2345 2755/2915/2755 2753/2913/2753 2752/2912/2752
f 2756/2916/2756 2754/2914/2754 2753/2913/2753 2755/2915/2755
f 2345/2490/2346 2757/2917/2757 2755/2915/2755 2346/2489/2345
f 2758/2918/2758 2756/2916/2756 2755/2915/2755 2757/2917/2757
f 2347/2491/2347 2359/2503/2359 2757/2917/2757 2345/2490/2346
f 2759/2919/2759 2758/2918/2758 2757/2917/2757 2359/2503/2359
f 2760/2920/2760 2759/2919/2759 2359/2503/2359 2358/2502/2358
f 2360/2504/2360 2760/2920/2760 2358/2502/2358 2357/2501/2357
f 2326/2469/2325 2750/2910/2750 1886/1996/1886 1891/2002/1891
f 2325/2470/2326 2752/2912/2752 2750/2910/2750 2326/2469/2325
f 2327/2471/2327 2346/2489/2345 2752/2912/2752 2325/2470/2326
f 2318/2462/2318 1891/2002/1891 1888/1997/1887 1893/2005/1893
f 2317/2461/2317 2326/2469/2325 1891/2002/1891 2318/2462/2318
f 2308/2452/2308 2318/2462/2318 1893/2005/1893 1894/2006/1894
f 2121/2252/2120 2120/2253/2121 160/167/159 159/168/160
f 157/163/155 156/166/158 2274/2415/2274 2277/2921/2277
f 2640/2788/2639 2277/2420/2277 2276/2418/2276 2278/2422/2278
f 2156/2295/2157 157/2296/155 2277/2420/2277 2640/2788/2639
f 2157/2294/2156 2156/2295/2157 2640/2788/2639 2639/2789/2640
f 2360/2504/2360 2121/2252/2120 159/168/160 162/169/161
f 2761/2922/2761 2762/2923/2762 162/169/161 161/170/162
f 2760/2920/2760 2360/2504/2360 162/169/161 2762/2923/2762
f 2763/2924/2763 2764/2925/2764 2762/2923/2762 2761/2922/2761
f 2759/2919/2759 2760/2920/2760 2762/2923/2762 2764/2925/2764
f 2765/2926/2765 2766/2927/2766 2764/2925/2764 2763/2924/2763
f 2758/2918/2758 2759/2919/2759 2764/2925/2764 2766/2927/2766
f 2746/2905/2746 2767/2928/2767 2766/2927/2766 2765/2926/2765
f 2756/2916/2756 2758/2918/2758 2766/2927/2766 2767/2928/2767
f 2745/2903/2745 2748/2908/2748 2767/2928/2767 2746/2905/2746
f 2754/2914/2754 2756/2916/2756 2767/2928/2767 2748/2908/2748
f 2749/2909/2749 2754/2914/2754 2748/2908/2748 2747/2907/2747
f 166/2929/164 2761/2922/2761 161/170/162 163/171/163
f 2768/2930/2768 2763/2924/2763 2761/2922/2761 166/2929/164
f 2743/2931/2743 2765/2926/2765 2763/2924/2763 2768/2930/2768
f 2742/2906/2742 2746/2905/2746 2765/2926/2765 2743/2931/2743
f 2738/2891/2738 2768/2932/2768 166/172/164 165/175/166
f 2736/2893/2736 2743/2933/2743 2768/2932/2768 2738/2891/2738
f 175/184/174 2738/2891/2738 165/175/166 168/176/167
f 2680/2830/2681 2729/2884/2731 2722/2872/2722 2681/2828/2679
f 1256/1328/1258 1200/1266/1200 137/142/137 2613/2762/2613
f 2609/2755/2609 2613/2762/2613 2612/2761/2612 2610/2756/2610
f 399/414/399 1626/1720/1626 1624/1717/1624 400/415/400
f 401/416/401 400/415/400 1624/1717/1624 1285/1362/1286
f 404/419/404 2769/2934/2769 1626/1720/1626 399/414/399
f 1632/1729/1632 1627/1721/1627 1626/1720/1626 2769/2934/2769
f 1633/1731/1633 1632/1729/1632 2769/2934/2769 1664/1767/1664
f 1386/1467/1386 1664/1767/1664 2769/2934/2769 404/419/404
f 1637/1770/1637 1634/1732/1634 1633/1731/1633 1662/1765/1662
f 1237/1307/1237 1240/1310/1240 2065/2197/2065 2064/2196/2064
f 2709/2858/2709 2175/2315/2175 2178/2318/2178 2706/2855/2706
f 2172/2312/2172 2175/2315/2175 2709/2858/2709 2711/2860/2711
f 2170/2311/2171 2172/2312/2172 2711/2860/2711 2713/2861/2712
f 2171/2310/2170 2170/2311/2171 2713/2861/2712 2770/2935/2770
f 2714/2863/2714 2770/2935/2770 2713/2861/2712 2712/2862/2713
f 2771/2936/2771 2770/2937/2770 2714/2865/2714 2715/2864/2715
f 2772/2938/2772 2171/2939/2170 2770/2937/2770 2771/2936/2771
f 499/519/498 2167/2306/2167 2171/2939/2170 2772/2938/2772
f 2605/2751/2605 2771/2936/2771 2715/2864/2715 2606/2752/2606
f 2604/2750/2604 2772/2938/2772 2771/2936/2771 2605/2751/2605
f 495/518/497 499/519/498 2772/2938/2772 2604/2750/2604
f 731/784/731 1163/1229/1163 2606/2752/2606 732/785/732
f 413/426/411 412/429/414 1852/1963/1853 1788/1899/1789
f 416/430/415 1853/1962/1852 1852/1963/1853 412/429/414
f 2773/2940/2773 414/427/412 413/426/411 1785/1893/1783
f 1902/2016/1904 419/434/419 414/427/412 2773/2940/2773
f 1899/2011/1899 417/433/418 419/434/419 1905/2017/1905
f 1797/1906/1796 2773/2940/2773 1785/1893/1783 1784/1892/1782
f 1903/2013/1901 1902/2016/1904 2773/2940/2773 1797/1906/1796
f 2774/2941/2774 2775/2942/2775 1023/1078/1023 1022/1077/1022
f 1171/1238/1172 1024/1079/1024 1023/1078/1023 2775/2942/2775
f 2686/2835/2686 2775/2942/2775 2774/2941/2774 2684/2834/2685
f 2685/2833/2684 2684/2834/2685 2774/2941/2774 2776/2943/2776
f 1021/1076/1021 2776/2943/2776 2774/2941/2774 1022/1077/1022
f 1172/1237/1171 1171/1238/1172 2775/2942/2775 2686/2835/2686
f 993/1048/993 2291/2435/2291 987/1042/987 982/1035/980
f 2300/2444/2300 2292/2436/2292 2291/2435/2291 993/1048/993
f 999/1053/998 2300/2444/2300 993/1048/993 992/1047/992
f 2777/2944/2777 2298/2443/2299 2300/2444/2300 999/1053/998
f 2778/2945/2778 2299/2442/2298 2298/2443/2299 2777/2944/2777
f 2632/2781/2632 2301/2445/2301 2299/2442/2298 2778/2945/2778
f 1007/1061/1006 2777/2944/2777 999/1053/998 998/1054/999
f 1871/1979/1869 2778/2945/2778 2777/2944/2777 1007/1061/1006
f 1870/1981/1871 2632/2781/2632 2778/2945/2778 1871/1979/1869
f 1016/1070/1015 1871/1979/1869 1007/1061/1006 1006/1062/1007
f 1021/1076/1021 1020/1075/1020 2394/2538/2394 2776/2943/2776
f 2685/2833/2684 2776/2943/2776 2394/2538/2394 2393/2537/2393
f 2780/2946/2779 456/473/455 455/474/456 2779/2947/2780
f 2781/2948/2781 2779/2947/2780 455/474/456 458/475/457
f 2782/2949/2782 462/480/462 456/473/455 2780/2946/2779
f 1035/2950/1035 463/481/463 462/480/462 2782/2949/2782
f 2784/2951/2783 2780/2952/2779 2779/2953/2780 2783/2954/2784
f 2785/2955/2785 2783/2954/2784 2779/2953/2780 2781/2956/2781
f 2786/2957/2786 2782/2958/2782 2780/2952/2779 2784/2951/2783
f 1032/1093/1034 1035/1094/1035 2782/2958/2782 2786/2957/2786
f 2787/2959/2787 2788/2960/2788 2783/2954/2784 2785/2955/2785
f 2789/2961/2789 2784/2951/2783 2783/2954/2784 2788/2960/2788
f 1052/1114/1052 2786/2957/2786 2784/2951/2783 2789/2961/2789
f 1033/1090/1032 1032/1093/1034 2786/2957/2786 1052/1114/1052
f 2790/2962/2790 2791/2963/2791 2788/2960/2788 2787/2959/2787
f 1062/1125/1062 2789/2961/2789 2788/2960/2788 2791/2963/2791
f 1049/1113/1051 1052/1114/1052 2789/2961/2789 1062/1125/1062
f 1275/1351/1275 1061/1124/1061 1062/1125/1062 2791/2963/2791
f 786/841/786 1099/1164/1099 476/493/475 475/494/476
f 2792/2964/2792 2687/2836/2687 1099/1164/1099 786/841/786
f 2793/2965/2793 2689/2838/2689 2687/2836/2687 2792/2964/2792
f 2794/2966/2794 2692/2841/2692 2689/2838/2689 2793/2965/2793
f 2795/2967/2795 459/477/459 2692/2841/2692 2794/2966/2794
f 458/475/457 457/476/458 459/477/459 2795/2967/2795
f 2796/2968/2796 2792/2964/2792 786/841/786 785/840/785
f 2797/2969/2797 2793/2965/2793 2792/2964/2792 2796/2968/2796
f 2798/2970/2798 2794/2966/2794 2793/2965/2793 2797/2969/2797
f 2799/2971/2799 2795/2967/2795 2794/2966/2794 2798/2970/2798
f 2800/2972/2800 2796/2973/2796 785/2974/785 442/460/442
f 2801/2975/2801 2797/2976/2797 2796/2973/2796 2800/2972/2800
f 2802/2977/2802 2803/2978/2803 441/459/441 447/465/447
f 2800/2972/2800 442/460/442 441/459/441 2803/2978/2803
f 2801/2975/2801 2800/2972/2800 2803/2978/2803 2804/2979/2804
f 2805/2980/2805 2804/2979/2804 2803/2978/2803 2802/2977/2802
f 2806/2981/2806 2802/2977/2802 447/465/447 2078/2210/2078
f 2807/2982/2807 2805/2980/2805 2802/2977/2802 2806/2981/2806
f 2808/2983/2808 2809/2984/2809 2805/2980/2805 2807/2982/2807
f 2810/2985/2810 2804/2979/2804 2805/2980/2805 2809/2984/2809
f 2812/2986/2811 2810/2985/2810 2809/2984/2809 2811/2987/2812
f 2813/2988/2813 2811/2987/2812 2809/2984/2809 2808/2983/2808
f 1281/1355/1279 2078/2210/2078 449/466/448 1282/1356/1280
f 1289/1364/1288 2806/2981/2806 2078/2210/2078 1281/1355/1279
f 1292/1367/1291 2807/2982/2807 2806/2981/2806 1289/1364/1288
f 1296/1372/1296 2808/2983/2808 2807/2982/2807 1292/1367/1291
f 1299/1375/1299 2813/2988/2813 2808/2983/2808 1296/1372/1296
f 1276/1353/1277 1278/1354/1278 2813/2988/2813 1299/1375/1299
f 2790/2962/2790 2811/2987/2812 2813/2988/2813 1278/1354/1278
f 2609/2755/2609 1257/1326/1256 1256/1328/1258 2613/2762/2613
f 1259/1329/1259 1257/1326/1256 2609/2755/2609 2607/2758/2607
f 605/633/604 604/634/605 2030/2159/2030 2029/2158/2029
f 607/635/606 2026/2153/2024 2030/2159/2030 604/634/605
f 2814/2989/2814 605/2990/604 2029/2165/2029 2033/2164/2033
f 628/662/628 601/663/603 605/2990/604 2814/2989/2814
f 2815/2991/2815 2814/2989/2814 2033/2164/2033 2037/2169/2037
f 2816/2992/2816 628/662/628 2814/2989/2814 2815/2991/2815
f 635/678/635 626/661/627 628/662/628 2816/2992/2816
f 2817/2993/2817 2815/2991/2815 2037/2169/2037 2041/2173/2041
f 2818/2994/2818 2816/2992/2816 2815/2991/2815 2817/2993/2817
f 2819/2995/2819 635/678/635 2816/2992/2816 2818/2994/2818
f 643/687/643 636/679/636 635/678/635 2819/2995/2819
f 2820/2996/2820 2817/2993/2817 2041/2173/2041 2045/2177/2045
f 2821/2997/2821 2818/2994/2818 2817/2993/2817 2820/2996/2820
f 2822/2998/2822 2819/2995/2819 2818/2994/2818 2821/2997/2821
f 1071/1135/1071 643/687/643 2819/2995/2819 2822/2998/2822
f 1070/1136/1070 644/688/644 643/687/643 1071/1135/1071
f 651/696/651 645/689/645 644/690/644 1070/1134/1070
f 1068/1132/1068 2820/2996/2820 2045/2177/2045 1069/1133/1069
f 1067/1131/1067 2821/2997/2821 2820/2996/2820 1068/1132/1068
f 1066/1130/1066 2822/2998/2822 2821/2997/2821 1067/1131/1067
f 1065/1128/1065 1071/1135/1071 2822/2998/2822 1066/1130/1066
f 2823/2999/2823 1619/1710/1618 2720/2870/2720 2721/2871/2721
f 1059/1121/1058 1058/1122/1059 1619/1710/1618 2823/2999/2823
f 1650/1752/1650 2721/2871/2721 1646/1748/1646 1643/1742/1643
f 2824/3000/2824 2823/2999/2823 2721/2871/2721 1650/1752/1650
f 1617/1708/1617 1059/1121/1058 2823/2999/2823 2824/3000/2824
f 1651/3001/1651 2824/3000/2824 1650/1752/1650 1649/1753/1649
f 1616/1709/1616 1617/1708/1617 2824/3000/2824 1651/3001/1651
f 1614/1703/1614 1616/1706/1616 1651/1754/1651 324/338/323
f 1031/1086/1031 463/481/463 1035/2950/1035 1029/1087/1030
f 2781/2948/2781 458/475/457 2795/2967/2795 2799/2971/2799
f 2825/3002/2825 2798/3003/2798 2797/2976/2797 2801/2975/2801
f 2826/3004/2826 2799/3005/2799 2798/3003/2798 2825/3002/2825
f 2785/2955/2785 2781/2956/2781 2799/3005/2799 2826/3004/2826
f 2810/2985/2810 2825/3002/2825 2801/2975/2801 2804/2979/2804
f 2812/2986/2811 2826/3004/2826 2825/3002/2825 2810/2985/2810
f 2787/2959/2787 2785/2955/2785 2826/3004/2826 2812/2986/2811
f 2790/2962/2790 2787/2959/2787 2812/2986/2811 2811/2987/2812
f 1275/1351/1275 2791/2963/2791 2790/2962/2790 1278/1354/1278
