# Blender 4.5.2 LTS
# www.blender.org
mtllib tridente.mtl
o tridente
v -11.439765 44.771469 1.830609
v -10.944256 44.536354 2.005266
v -11.441567 44.910595 1.839041
v -11.446822 44.737934 1.837443
v -11.561510 44.827522 1.789519
v -11.561510 44.791294 1.797765
v -11.561510 44.964462 1.797412
v -11.683251 44.771469 1.830609
v -11.681442 44.910595 1.839041
v -12.178764 44.536354 2.005266
v -11.676194 44.737934 1.837443
v -11.656176 44.581341 1.824530
v -12.141279 44.514847 2.005365
v -12.247384 44.464272 2.061528
v -12.102486 44.418385 2.002021
v -12.194800 44.376637 2.054882
v -11.988453 43.950111 1.974772
v -12.047575 44.001118 2.026404
v -12.052227 43.576210 1.953077
v -11.867334 43.533272 1.855954
v -11.792387 43.986191 1.867864
v -11.822331 43.493137 1.823406
v -11.688454 43.785378 1.772363
v -11.785436 43.504005 1.798603
v -11.703403 43.179501 1.628900
v -11.587427 43.995918 1.725780
v -11.561510 44.033703 1.713615
v -11.590366 43.297226 1.588075
v -11.561510 43.306461 1.575050
v -11.599786 42.338177 1.354251
v -11.561510 42.361366 1.342783
v -11.598466 42.133190 1.303249
v -11.733286 42.226276 1.393693
v -11.750669 42.015453 1.349939
v -11.809739 42.131180 1.397643
v -11.854907 41.951954 1.366708
v -12.004471 42.196308 1.462849
v -11.832176 43.188622 1.725585
v -12.064453 42.170368 1.476722
v -12.050383 41.822792 1.387549
v -12.066278 41.552010 1.362787
v -11.769158 41.785049 1.323088
v -12.132779 41.803577 1.410662
v -12.140667 41.546959 1.386490
v -12.140271 41.804764 1.474312
v -12.144869 41.543106 1.444557
v -12.076338 42.148483 1.525995
v -12.151135 41.803677 1.618510
v -12.102265 42.091850 1.692255
v -12.160586 41.762680 1.693489
v -12.147660 41.537380 1.556760
v -12.045818 41.286884 1.505569
v -12.149158 41.535500 1.635036
v -12.152053 41.533115 1.813947
v -12.075751 41.300037 1.589967
v -12.079455 41.293617 1.793181
v -12.020823 41.186726 1.556226
v -12.016339 41.184906 1.498335
v -12.034756 41.201469 1.858105
v -11.927883 41.021294 1.464636
v -11.930877 41.023956 1.438381
v -11.783651 40.817760 1.378870
v -11.896096 41.005772 1.546282
v -11.859599 40.958504 1.578264
v -11.766334 40.804585 1.421737
v -11.742516 40.786900 1.471686
v -11.561510 40.762810 1.390834
v -11.356682 40.804585 1.421737
v -11.561510 40.774330 1.360065
v -11.561510 40.754803 1.423065
v -11.380500 40.786900 1.471686
v -11.561510 40.730801 1.428118
v -11.382272 40.751625 1.480302
v -11.561510 40.659294 1.424075
v -11.740744 40.751625 1.480302
v -11.725893 40.667519 1.467570
v -11.853264 40.873943 1.576254
v -11.930948 41.008591 1.843477
v -11.822251 40.595688 1.529737
v -11.561510 40.565376 1.425842
v -11.822742 40.477432 1.533111
v -11.930948 40.607944 1.813093
v -11.822251 40.553093 2.091363
v -11.930948 40.457066 1.801651
v -11.934539 40.434303 1.799924
v -11.822742 40.436699 2.070202
v -11.561510 40.428265 2.181437
v -11.825270 40.413738 2.071076
v -11.561510 40.405220 2.183393
v -11.838820 40.410736 2.084861
v -11.561510 40.401779 2.202948
v -11.953694 40.432354 1.799777
v -11.851921 40.408352 2.098209
v -11.972211 40.430992 1.799673
v -11.561510 40.398972 2.221875
v -11.854318 40.397015 2.099830
v -11.975603 40.419842 1.798828
v -11.854318 40.371838 2.097921
v -11.561510 40.387562 2.224509
v -11.561510 40.362381 2.222600
v -11.268699 40.397015 2.099830
v -11.271095 40.408352 2.098209
v -11.147413 40.419842 1.798828
v -11.268699 40.371838 2.097921
v -11.147413 40.394665 1.796918
v -11.259165 40.349846 2.106106
v -11.561510 40.340080 2.234854
v -11.217212 40.283215 2.144432
v -11.133932 40.373417 1.795307
v -11.259165 40.396988 1.484508
v -11.074600 40.310059 1.790502
v -11.217219 40.336899 1.436584
v -11.074600 40.228172 1.784292
v -11.217212 40.255013 1.430374
v -11.217212 40.201332 2.138222
v -11.133932 40.164062 1.779430
v -11.259165 40.187630 1.468631
v -11.259165 40.140488 2.090241
v -11.147413 40.140648 1.777654
v -11.268699 40.163475 1.476656
v -11.147413 40.119934 1.776083
v -11.268699 40.117821 2.078657
v -11.561510 40.108368 2.203335
v -11.268699 40.097107 2.077086
v -11.269582 40.087700 2.075468
v -11.561510 40.087650 2.201764
v -11.561510 40.078274 2.199775
v -11.854318 40.097107 2.077086
v -11.853435 40.087700 2.075468
v -11.975603 40.119934 1.776083
v -11.854318 40.117821 2.078657
v -11.975603 40.140648 1.777654
v -11.863852 40.140488 2.090241
v -11.989084 40.164062 1.779430
v -11.561510 40.130726 2.218977
v -11.905797 40.201332 2.138222
v -11.561510 40.190216 2.284820
v -11.905797 40.283215 2.144432
v -12.048412 40.228172 1.784292
v -12.048412 40.310059 1.790502
v -11.905804 40.255013 1.430374
v -11.561510 40.266132 1.283776
v -11.905804 40.336899 1.436584
v -11.863852 40.187630 1.468631
v -11.854318 40.163475 1.476656
v -11.561510 40.197395 1.339894
v -11.561510 40.172932 1.351985
v -11.561510 40.152214 1.350414
v -11.561510 40.142647 1.350966
v -11.854318 40.142761 1.475085
v -11.268699 40.142761 1.475085
v -11.269573 40.133221 1.475273
v -11.276654 40.131428 1.482458
v -11.148657 40.110462 1.775365
v -11.158666 40.109219 1.775271
v -11.276654 40.087013 2.068091
v -11.181087 40.109219 1.775271
v -11.292517 40.130192 1.498752
v -11.190873 40.107979 1.775177
v -11.292517 40.088249 2.051790
v -11.561510 40.079563 2.166331
v -11.299430 40.087547 2.044588
v -11.561510 40.079086 2.156183
v -11.299438 40.075665 2.043687
v -11.561510 40.067204 2.155282
v -11.299519 39.077038 1.967871
v -11.190873 40.096096 1.774276
v -11.299430 40.116528 1.504876
v -11.190987 39.097462 1.698542
v -11.191101 38.098839 1.622808
v -11.299510 39.117889 1.429224
v -11.561510 39.126347 1.317665
v -11.299590 38.119259 1.353572
v -11.561510 38.127716 1.242049
v -11.299665 37.120628 1.277921
v -11.191216 37.100216 1.547075
v -11.561510 37.129082 1.166433
v -11.299749 36.121994 1.202270
v -11.191326 36.101589 1.471341
v -11.561510 36.130447 1.090812
v -11.299829 35.123360 1.126618
v -11.299910 34.124729 1.050967
v -11.191440 35.102962 1.395608
v -11.561510 35.131809 1.015196
v -11.823187 35.123360 1.126618
v -11.561510 34.133175 0.939580
v -11.823107 34.124729 1.050967
v -11.561510 33.134541 0.863960
v -11.823027 33.126095 0.975315
v -11.561510 32.135902 0.788343
v -11.299990 33.126095 0.975315
v -11.191669 33.105709 1.244141
v -11.300070 32.127460 0.899664
v -11.191778 32.107079 1.168407
v -11.300150 31.128830 0.824013
v -11.561510 31.137270 0.712727
v -11.191893 31.108456 1.092674
v -11.300228 30.130201 0.748361
v -11.561510 30.138638 0.637107
v -11.300308 29.131569 0.672710
v -11.192006 30.109833 1.016940
v -11.300237 30.089462 1.285531
v -11.192120 29.111206 0.941207
v -11.192235 28.112576 0.865473
v -11.300312 29.090841 1.209715
v -11.300397 28.092224 1.133900
v -11.561510 29.082405 1.320934
v -11.561510 30.081026 1.396781
v -11.561510 28.083792 1.245083
v -11.822700 29.090843 1.209715
v -11.822780 30.089462 1.285531
v -11.822620 28.092218 1.133899
v -11.930892 29.111206 0.941207
v -11.931006 30.109833 1.016940
v -11.822707 29.131565 0.672710
v -11.930778 28.112576 0.865473
v -11.822627 28.132936 0.597058
v -11.930664 27.113951 0.789739
v -11.822547 27.134300 0.521407
v -11.930550 26.115326 0.714006
v -11.822536 27.093601 1.058084
v -11.822460 26.094982 0.982268
v -11.561510 27.085171 1.169232
v -11.300475 27.093601 1.058084
v -11.561510 26.086555 1.093385
v -11.300555 26.094982 0.982268
v -11.561510 25.087934 1.017534
v -11.300632 25.096359 0.906452
v -11.561510 24.089319 0.941684
v -11.822380 25.096359 0.906452
v -11.822300 24.097740 0.830637
v -11.930439 25.116695 0.638272
v -11.822389 25.137035 0.370104
v -11.930326 24.118073 0.562539
v -11.822309 24.138405 0.294452
v -11.930211 23.119444 0.486805
v -11.822228 23.139771 0.218801
v -11.930101 22.120819 0.411072
v -11.822217 23.099117 0.754821
v -11.561510 23.090698 0.865837
v -11.822137 22.100502 0.679006
v -11.561510 22.092085 0.789986
v -11.822058 21.101879 0.603190
v -11.561510 21.093470 0.714136
v -11.821978 20.103260 0.527371
v -11.929986 21.122192 0.335338
v -11.929873 20.123568 0.259605
v -11.822068 21.142509 0.067498
v -11.821989 20.143875 -0.008153
v -11.561510 21.150923 -0.043447
v -11.822148 22.141140 0.143149
v -11.561510 22.149555 0.032169
v -11.561510 23.148190 0.107785
v -11.300868 22.141140 0.143149
v -11.300788 23.139771 0.218801
v -11.300948 21.142506 0.067498
v -11.192911 22.120819 0.411072
v -11.192798 23.119444 0.486805
v -11.300871 22.100502 0.679006
v -11.193025 21.122192 0.335338
v -11.193135 20.123568 0.259605
v -11.300951 21.101883 0.603190
v -11.301031 20.103260 0.527371
v -11.561510 20.094849 0.638285
v -11.301111 19.104639 0.451559
v -11.561510 19.096231 0.562434
v -11.301190 18.106020 0.375739
v -11.193254 19.124941 0.183871
v -11.193364 18.126314 0.108138
v -11.301107 19.145241 -0.083805
v -11.561510 19.153648 -0.194684
v -11.301187 18.146606 -0.159456
v -11.301027 20.143875 -0.008153
v -11.561510 20.152287 -0.119063
v -11.561510 18.155014 -0.270300
v -11.301267 17.147978 -0.235104
v -11.561510 17.156376 -0.345916
v -11.301347 16.149343 -0.310759
v -11.193478 17.127691 0.032404
v -11.193592 16.129063 -0.043329
v -11.301274 17.107397 0.299927
v -11.301351 16.108776 0.224108
v -11.561510 17.098993 0.410736
v -11.561510 16.100376 0.334885
v -11.561510 18.097612 0.486587
v -11.821737 17.107403 0.299928
v -11.929534 17.127691 0.032404
v -11.821658 16.108780 0.224108
v -11.821817 18.106020 0.375739
v -11.821901 19.104639 0.451559
v -11.929646 18.126314 0.108138
v -11.821829 18.146606 -0.159456
v -11.929759 19.124941 0.183871
v -11.821909 19.145241 -0.083805
v -11.821749 17.147972 -0.235104
v -11.821669 16.149340 -0.310760
v -11.929423 16.129063 -0.043329
v -11.561510 16.157742 -0.421537
v -11.821589 15.150707 -0.386407
v -11.821509 14.152077 -0.462058
v -11.929310 15.130438 -0.119063
v -11.561510 15.159105 -0.497153
v -11.561510 14.160473 -0.572769
v -11.301427 15.150713 -0.386406
v -11.301506 14.152077 -0.462058
v -11.193707 15.130438 -0.119063
v -11.193816 14.131809 -0.194797
v -11.301431 15.110155 0.148292
v -11.561510 15.101757 0.259038
v -11.301511 14.111540 0.072481
v -11.301590 13.112917 -0.003339
v -11.561510 14.103144 0.183187
v -11.561510 13.104523 0.107336
v -11.821498 14.111540 0.072481
v -11.821418 13.112917 -0.003339
v -11.929196 14.131809 -0.194797
v -11.821578 15.110161 0.148293
v -11.929082 13.133181 -0.270530
v -11.928967 12.134556 -0.346264
v -11.821430 13.153442 -0.537714
v -11.821350 12.154812 -0.613361
v -11.561510 13.161837 -0.648385
v -11.561510 12.163202 -0.724005
v -11.301586 13.153442 -0.537714
v -11.193931 13.133181 -0.270530
v -11.301670 12.154812 -0.613361
v -11.194045 12.134556 -0.346264
v -11.301750 11.156179 -0.689016
v -11.561510 11.164566 -0.799622
v -11.301826 10.157547 -0.764664
v -11.194159 11.135929 -0.421997
v -11.194269 10.137304 -0.497731
v -11.301750 11.115679 -0.154970
v -11.301670 12.114298 -0.079154
v -11.561510 11.107290 -0.044361
v -11.301830 10.117060 -0.230786
v -11.301910 9.118437 -0.306602
v -11.561510 10.108673 -0.120212
v -11.561510 9.110054 -0.196063
v -11.821179 10.117060 -0.230786
v -11.821258 11.115679 -0.154970
v -11.928743 10.137304 -0.497731
v -11.821099 9.118443 -0.306601
v -11.928630 9.138681 -0.573464
v -11.821019 8.119816 -0.382417
v -11.928519 8.140049 -0.649198
v -11.561510 8.111435 -0.271910
v -11.820939 7.121201 -0.458233
v -11.820859 6.122578 -0.534048
v -11.928405 7.141426 -0.724931
v -11.561510 7.112822 -0.347760
v -11.302069 7.121201 -0.458233
v -11.561510 6.114201 -0.423612
v -11.561510 5.115583 -0.499462
v -11.302149 6.122576 -0.534049
v -11.302229 5.123957 -0.609864
v -11.194725 6.142797 -0.800665
v -11.194839 5.144171 -0.876399
v -11.194612 7.141426 -0.724931
v -11.302149 6.163015 -1.067270
v -11.302229 5.164383 -1.142921
v -11.302069 7.161650 -0.991618
v -11.561510 6.171389 -1.177707
v -11.561510 5.172756 -1.253327
v -11.820867 6.163013 -1.067270
v -11.561510 7.170029 -1.102090
v -11.561510 8.168661 -1.026474
v -11.820951 7.161650 -0.991618
v -11.821027 8.160280 -0.915967
v -11.821106 9.158913 -0.840315
v -11.821190 10.157547 -0.764664
v -11.561510 9.167295 -0.950858
v -11.561510 10.165934 -0.875238
v -11.301906 9.158918 -0.840315
v -11.301986 8.160280 -0.915967
v -11.194386 9.138681 -0.573464
v -11.194496 8.140049 -0.649198
v -11.301991 8.119816 -0.382417
v -11.821270 11.156179 -0.689016
v -11.928857 11.135929 -0.421997
v -11.820786 5.164383 -1.142921
v -11.928290 6.142797 -0.800665
v -11.928177 5.144171 -0.876399
v -11.928062 4.145544 -0.952132
v -11.820780 5.123957 -0.609864
v -11.820700 4.125336 -0.685680
v -11.820620 3.126713 -0.761495
v -11.561510 4.116966 -0.575309
v -11.302309 4.125336 -0.685680
v -11.561510 3.118351 -0.651160
v -11.561510 2.119732 -0.727011
v -11.302389 3.126717 -0.761495
v -11.302468 2.128098 -0.837311
v -11.195065 3.146915 -1.027866
v -11.195178 2.148293 -1.103599
v -11.194949 4.145544 -0.952132
v -11.302389 3.167114 -1.294224
v -11.302468 2.168488 -1.369875
v -11.561510 3.175488 -1.404559
v -11.302304 4.165751 -1.218573
v -11.561510 4.174120 -1.328943
v -11.820711 4.165751 -1.218573
v -11.820626 3.167118 -1.294224
v -11.820548 2.168488 -1.369875
v -11.927952 3.146915 -1.027866
v -11.927838 2.148293 -1.103599
v -11.927785 2.040100 -1.111804
v -11.820539 2.128098 -0.837311
v -11.820506 2.019909 -0.845563
v -11.561510 2.011543 -0.735278
v -11.779624 2.011196 -0.888486
v -11.561510 2.004154 -0.795605
v -11.561510 2.028210 -1.112706
v -11.869973 2.028202 -1.112706
v -11.779624 2.045204 -1.336919
v -11.561510 2.052250 -1.429800
v -11.820506 2.060291 -1.378045
v -11.561510 2.068653 -1.488318
v -11.302510 2.060291 -1.378045
v -11.561510 2.176849 -1.480180
v -11.343391 2.045204 -1.336919
v -11.195231 2.040100 -1.111804
v -11.253046 2.028202 -1.112706
v -11.302510 2.019909 -0.845563
v -11.343391 2.011196 -0.888486
v -11.821338 12.114298 -0.079154
v -11.561510 12.105907 0.031490
v -11.300796 23.099117 0.754821
v -11.300713 24.097740 0.830637
v -11.192682 24.118073 0.562539
v -11.192573 25.116695 0.638272
v -11.300708 24.138405 0.294452
v -11.300628 25.137035 0.370104
v -11.561510 24.146826 0.183406
v -11.561510 25.145458 0.259022
v -11.561510 26.144096 0.334638
v -11.561510 27.142731 0.410258
v -11.822467 26.135670 0.445755
v -11.300549 26.135670 0.445755
v -11.300468 27.134300 0.521407
v -11.192459 26.115326 0.714006
v -11.192345 27.113951 0.789739
v -11.300388 28.132931 0.597058
v -11.561510 28.141369 0.485875
v -11.561510 29.139999 0.561491
v -11.822787 30.130201 0.748361
v -11.822867 31.128830 0.824013
v -11.822947 32.127460 0.899664
v -11.931117 31.108456 1.092674
v -11.931231 32.107079 1.168407
v -11.822860 31.088081 1.361346
v -11.561510 31.079641 1.472632
v -11.822936 32.086697 1.437162
v -11.561510 32.078255 1.548482
v -11.823020 33.085320 1.512978
v -11.823098 34.083942 1.588793
v -11.931344 33.105709 1.244141
v -11.561510 33.076874 1.624333
v -11.561510 34.075493 1.700180
v -11.299996 33.085320 1.512978
v -11.299917 34.083942 1.588793
v -11.300076 32.086697 1.437162
v -11.300157 31.088081 1.361346
v -11.299837 35.082561 1.664609
v -11.191553 34.104336 1.319874
v -11.299757 36.081181 1.740424
v -11.561510 35.074112 1.776031
v -11.561510 36.072727 1.851882
v -11.823178 35.082561 1.664609
v -11.823258 36.081184 1.740425
v -11.931569 35.102962 1.395608
v -11.931680 36.101589 1.471341
v -11.931455 34.104336 1.319874
v -11.823267 36.121994 1.202270
v -11.931797 37.100216 1.547075
v -11.931907 38.098839 1.622808
v -11.823346 37.120628 1.277921
v -11.823339 37.079803 1.816240
v -11.823414 38.078419 1.892056
v -11.561510 37.071346 1.927733
v -11.561510 38.069962 2.003579
v -11.299677 37.079803 1.816240
v -11.299597 38.078419 1.892056
v -11.561510 39.068577 2.079430
v -11.823498 39.077038 1.967871
v -11.932022 39.097462 1.698542
v -11.823578 40.075665 2.043687
v -11.932136 40.096096 1.774276
v -11.823578 40.087547 2.044588
v -11.932142 40.107979 1.775177
v -11.830500 40.088249 2.051801
v -11.846362 40.087013 2.068091
v -11.941928 40.109219 1.775271
v -11.830500 40.130192 1.498752
v -11.964350 40.109219 1.775271
v -11.846362 40.131428 1.482450
v -11.974359 40.110462 1.775365
v -11.853435 40.133221 1.475273
v -11.561510 40.140625 1.361157
v -11.561510 40.138878 1.384222
v -11.561510 40.136871 1.394183
v -11.823586 40.128410 1.505777
v -11.561510 40.124992 1.393281
v -11.299430 40.128410 1.505777
v -11.823586 40.116528 1.504876
v -11.823506 39.117889 1.429224
v -11.823426 38.119259 1.353572
v -11.561510 40.077812 2.189396
v -11.561518 40.348015 1.289986
v -11.863852 40.396988 1.484508
v -11.561510 40.406750 1.355771
v -11.854318 40.417492 1.495920
v -11.989084 40.373417 1.795307
v -11.975603 40.394665 1.796918
v -11.863852 40.349846 2.106106
v -11.561510 40.426949 1.371249
v -11.854318 40.442669 1.497829
v -11.851921 40.453629 1.501145
v -11.561510 40.452126 1.373158
v -11.268699 40.442669 1.497829
v -11.561510 40.463009 1.377483
v -11.561510 40.462929 1.396621
v -11.271095 40.453629 1.501145
v -11.150805 40.430992 1.799673
v -11.284185 40.453976 1.514705
v -11.297734 40.454865 1.528785
v -11.169315 40.432354 1.799777
v -11.284185 40.410736 2.084861
v -11.188477 40.434303 1.799924
v -11.192060 40.457066 1.801651
v -11.297734 40.413738 2.071076
v -11.300266 40.436699 2.070202
v -11.300757 40.553093 2.091363
v -11.269749 40.835182 2.087349
v -11.192060 40.607944 1.813093
v -11.397126 40.614727 2.163660
v -11.561510 40.507462 2.189507
v -11.561510 40.600037 2.205418
v -11.725893 40.614727 2.163660
v -11.561510 40.671337 2.212205
v -11.561510 40.694305 2.220819
v -11.382272 40.699791 2.163753
v -11.740744 40.699791 2.163753
v -11.742516 40.733368 2.177595
v -11.853264 40.835182 2.087349
v -11.859599 40.919079 2.098115
v -11.941855 41.121586 1.852046
v -11.896096 40.960983 2.136860
v -11.766334 40.743313 2.229640
v -11.927883 40.964012 2.219912
v -11.930877 40.962688 2.246264
v -11.783651 40.749874 2.274004
v -12.020823 41.141369 2.154318
v -12.016339 41.130836 2.211277
v -12.075751 41.258472 2.138052
v -12.079455 41.282776 1.936186
v -12.045818 41.232742 2.219501
v -12.149158 41.498039 2.129008
v -12.160586 41.731438 2.105484
v -12.152053 41.522659 1.951780
v -12.147653 41.488102 2.206674
v -12.144869 41.476830 2.318456
v -12.151135 41.760658 2.185789
v -12.102265 42.056652 2.156337
v -12.140271 41.739986 2.328501
v -12.076338 42.087566 2.329245
v -12.132779 41.729214 2.391237
v -12.140667 41.471882 2.376440
v -12.050383 41.744720 2.416990
v -12.064453 42.101768 2.381250
v -11.881234 43.121014 2.224042
v -12.004471 42.125332 2.398882
v -11.809739 42.051105 2.453515
v -11.832176 43.145908 2.288798
v -11.785436 43.468697 2.264178
v -11.703403 43.122311 2.383003
v -11.688454 43.742893 2.332551
v -11.733286 42.144520 2.471758
v -11.590366 43.232536 2.441114
v -11.561510 43.239700 2.455383
v -11.599786 42.249191 2.527632
v -11.587427 43.944000 2.410349
v -11.656176 44.537621 2.401019
v -11.561510 43.979523 2.428078
v -11.561510 44.598183 2.449376
v -11.535590 43.944000 2.410349
v -11.532650 43.232536 2.441114
v -11.466833 44.537621 2.401019
v -11.434562 43.742893 2.332551
v -11.330632 43.955814 2.268428
v -11.337581 43.468697 2.264178
v -11.419601 43.122311 2.383003
v -11.290839 43.145908 2.288798
v -11.389722 42.144520 2.471758
v -11.313276 42.051105 2.453515
v -11.372335 41.929508 2.483222
v -11.268109 41.869263 2.457072
v -11.118546 42.125324 2.398882
v -11.058556 42.101768 2.381250
v -11.072633 41.744720 2.416990
v -11.056737 41.473301 2.400633
v -11.353849 41.697689 2.475023
v -10.990229 41.729214 2.391237
v -10.982349 41.471882 2.376440
v -10.982740 41.739986 2.328501
v -10.971880 41.760658 2.185789
v -10.978135 41.476830 2.318456
v -11.046679 42.087566 2.329233
v -11.241785 43.121014 2.224042
v -11.020751 42.056652 2.156337
v -11.037287 42.201424 2.044083
v -10.958749 41.840324 1.963030
v -10.963472 42.005898 1.965816
v -10.962430 41.731438 2.105484
v -10.970963 41.522659 1.951780
v -10.946766 41.782482 1.915728
v -10.918051 41.807083 1.916626
v -10.970046 41.529736 1.900842
v -10.946811 41.783543 1.902248
v -10.918236 41.808186 1.904117
v -10.970252 41.530533 1.883060
v -10.946766 41.784527 1.888766
v -10.958749 41.848839 1.850732
v -10.918051 41.808983 1.891595
v -10.970046 41.532425 1.865361
v -11.031612 41.320709 1.849187
v -10.970963 41.533115 1.813947
v -10.973861 41.535500 1.635036
v -11.043553 41.293617 1.793189
v -11.047268 41.300037 1.589967
v -11.088260 41.201469 1.858105
v -11.226913 41.005772 1.546282
v -11.181161 41.121586 1.852046
v -11.042172 41.291485 1.864931
v -11.102185 41.186726 1.556226
v -11.226913 40.960983 2.136860
v -11.043553 41.282776 1.936186
v -11.102185 41.141369 2.154318
v -11.106677 41.130836 2.211277
v -11.195125 40.964012 2.219912
v -11.047268 41.258472 2.138052
v -10.973861 41.498039 2.129008
v -11.077198 41.232742 2.219501
v -11.184237 41.127449 2.246162
v -11.088332 41.254192 2.341479
v -10.975356 41.488091 2.206673
v -11.301222 41.246376 2.343886
v -11.418723 41.431053 2.463837
v -11.355793 41.229439 2.350996
v -11.295012 41.244762 2.395388
v -11.293592 41.249352 2.428613
v -11.271871 41.285667 2.433069
v -11.091504 41.253639 2.390265
v -11.117545 41.285816 2.402795
v -11.332067 41.467880 2.460791
v -11.561510 41.194000 2.393370
v -11.561510 41.039970 2.337170
v -11.767222 41.229439 2.350996
v -11.561510 41.461803 2.469578
v -11.561510 41.713894 2.482928
v -11.704297 41.431053 2.463837
v -11.790942 41.467880 2.460791
v -11.769158 41.697689 2.475023
v -11.829424 41.249352 2.428613
v -11.827997 41.244762 2.395388
v -11.821795 41.246376 2.343886
v -12.034684 41.254192 2.341479
v -12.031512 41.253639 2.390265
v -12.005470 41.285816 2.402795
v -12.066271 41.473301 2.400633
v -11.851146 41.285667 2.433069
v -11.755392 41.880188 2.472868
v -11.750669 41.929508 2.483222
v -11.561510 41.874531 2.476910
v -11.854907 41.869263 2.457072
v -11.699574 41.931648 2.484906
v -11.561510 41.930824 2.484993
v -11.561510 42.026775 2.540398
v -11.423454 41.931648 2.484906
v -11.524542 42.038857 2.547137
v -11.561510 42.063931 2.561632
v -11.598466 42.038857 2.547137
v -11.561510 42.270386 2.542466
v -11.523222 42.249191 2.527632
v -11.367616 41.880188 2.472868
v -11.938779 41.127449 2.246162
v -11.862789 40.948006 2.266571
v -11.561510 40.898411 2.319038
v -11.761701 40.781841 2.292733
v -11.784029 40.753979 2.290270
v -11.561510 40.753448 2.309397
v -11.361315 40.781841 2.292733
v -11.561510 40.711372 2.303045
v -11.561510 40.704105 2.286044
v -11.338987 40.753979 2.290270
v -11.192140 40.962688 2.246264
v -11.339364 40.749874 2.274004
v -11.356682 40.743313 2.229640
v -11.380500 40.733368 2.177595
v -11.561510 40.697357 2.253881
v -11.263409 40.919079 2.098115
v -11.260226 40.948006 2.266571
v -11.031612 41.317997 1.884914
v -11.106677 41.184906 1.498335
v -11.195125 41.021294 1.464636
v -11.192140 41.023956 1.438381
v -11.339364 40.817760 1.378870
v -11.338987 40.824268 1.363408
v -11.561510 40.784081 1.344350
v -11.361315 40.852184 1.365175
v -11.260226 41.012505 1.416097
v -11.561510 40.826630 1.344420
v -11.761701 40.852184 1.365175
v -11.561510 40.971390 1.356751
v -11.862789 41.012505 1.416097
v -11.561510 41.114063 1.360175
v -11.561510 41.274807 1.327854
v -11.184237 41.186817 1.463334
v -11.938779 41.186817 1.463334
v -11.767222 41.303452 1.375088
v -11.821795 41.319118 1.384663
v -11.704297 41.519775 1.293935
v -11.790942 41.555721 1.302511
v -11.561510 41.551041 1.292897
v -11.829424 41.334839 1.301354
v -11.827997 41.325294 1.333507
v -12.034684 41.326485 1.388221
v -12.031512 41.333298 1.339910
v -12.005470 41.366997 1.332376
v -11.851146 41.371414 1.302425
v -11.418723 41.519775 1.293935
v -11.561510 41.802261 1.317717
v -11.353849 41.785049 1.323088
v -11.561510 41.960152 1.347891
v -11.367616 41.965134 1.352736
v -11.561510 42.017021 1.348390
v -11.755392 41.965134 1.352736
v -11.699574 42.017822 1.348601
v -11.561510 42.120228 1.308089
v -11.423454 42.017822 1.348601
v -11.524542 42.133190 1.303249
v -11.561510 42.160164 1.292701
v -11.372335 42.015453 1.349939
v -11.523222 42.338177 1.354251
v -11.389722 42.226276 1.393693
v -11.532650 43.297226 1.588075
v -11.419601 43.179501 1.628900
v -11.535590 43.995918 1.725780
v -11.434562 43.785378 1.772363
v -11.466833 44.581341 1.824530
v -11.020531 44.418385 2.002021
v -11.561510 44.648506 1.785859
v -11.330632 43.986191 1.867864
v -11.134557 43.950111 1.974772
v -11.300686 43.493137 1.823406
v -11.255682 43.533272 1.855954
v -11.241785 43.154243 1.785847
v -11.337581 43.504005 1.798603
v -11.290839 43.188622 1.725585
v -11.118546 42.196320 1.462849
v -11.313276 42.131180 1.397643
v -11.072633 41.822792 1.387541
v -11.058556 42.170368 1.476722
v -10.990229 41.803577 1.410662
v -11.046679 42.148483 1.525995
v -10.982740 41.804764 1.474312
v -11.020751 42.091850 1.692255
v -10.971880 41.803677 1.618510
v -11.037287 42.218033 1.825066
v -10.962430 41.762680 1.693489
v -10.975356 41.537392 1.556760
v -10.978135 41.543106 1.444557
v -11.077198 41.286884 1.505569
v -11.088332 41.326485 1.388221
v -11.301222 41.319118 1.384663
v -11.295012 41.325294 1.333507
v -11.355793 41.303452 1.375088
v -11.293592 41.334839 1.301354
v -11.091504 41.333298 1.339910
v -11.271871 41.371414 1.302425
v -11.117545 41.366997 1.332376
v -11.332067 41.555721 1.302511
v -11.056737 41.552010 1.362787
v -10.982349 41.546959 1.386490
v -11.268109 41.951954 1.366708
v -11.217950 43.381660 1.836470
v -10.963472 42.012939 1.872951
v -10.957121 42.824352 1.798432
v -10.420595 42.687332 1.788135
v -10.788342 41.939682 1.863428
v -10.971419 43.100956 1.813893
v -10.872245 43.383366 1.938118
v -10.502983 42.954300 1.802122
v -10.590263 43.326565 1.933657
v -10.012967 43.189766 1.819963
v -10.307645 43.441826 1.942386
v -9.822004 43.712692 1.859869
v -9.825621 43.015247 1.813177
v -9.336624 42.535118 1.908691
v -9.629529 43.682213 1.864485
v -9.210922 43.580887 1.988165
v -9.883635 44.394188 1.918857
v -10.046360 44.331463 1.907054
v -9.553673 44.529320 2.060167
v -10.264132 45.005733 1.965400
v -10.412613 44.931595 1.952807
v -9.955551 45.169502 2.108744
v -10.498394 45.622238 2.012697
v -10.623068 45.558926 2.000897
v -10.242331 45.758938 2.153548
v -10.658857 46.329182 2.066939
v -10.716281 47.036392 2.121217
v -10.764946 46.282249 2.056342
v -10.443153 46.427860 2.204399
v -10.528276 47.082439 2.254159
v -10.394746 46.449390 2.243631
v -10.184762 45.789078 2.193555
v -10.486178 47.092159 2.292377
v -10.394746 46.448448 2.256024
v -10.184762 45.788139 2.205947
v -10.486178 47.091217 2.304770
v -10.394746 46.447510 2.268416
v -10.184762 45.787201 2.218339
v -10.443153 46.420307 2.303964
v -10.486178 47.090279 2.317162
v -10.528276 47.074905 2.353478
v -10.513906 47.663078 2.360602
v -10.551657 47.657585 2.396247
v -10.517202 48.188320 2.400435
v -10.513906 47.664017 2.348210
v -10.513906 47.664959 2.335817
v -10.517202 48.189262 2.388043
v -10.516187 48.700890 2.426843
v -10.517202 48.190201 2.375650
v -10.516187 48.702202 2.409545
v -10.541044 48.191536 2.347557
v -10.551657 47.664902 2.299758
v -10.648658 48.194939 2.259004
v -10.522253 48.702950 2.390053
v -10.609766 48.711906 2.366045
v -10.560137 48.647346 2.340810
v -10.590683 48.650528 2.332436
v -10.708165 48.198673 2.251420
v -10.815398 48.208225 2.313331
v -10.804503 47.662289 2.169289
v -10.956744 47.665756 2.264552
v -10.811527 47.014961 2.112444
v -10.720555 47.662029 2.176374
v -10.994172 46.977058 2.210887
v -11.035053 46.967209 2.251345
v -10.968363 46.195129 2.151497
v -11.018255 46.170158 2.191193
v -10.875873 45.372002 2.096598
v -10.922390 45.413979 2.129561
v -10.797156 44.755310 2.081673
v -10.706374 44.783333 2.043966
v -10.381846 44.210487 2.000735
v -10.457425 44.181877 2.040112
v -10.197575 43.739532 1.964983
v -10.282246 43.744179 2.006918
v -10.374093 43.497276 1.988193
v -10.282246 43.740860 2.050686
v -10.374093 43.493954 2.031961
v -10.457425 44.178558 2.083880
v -10.282246 43.737541 2.094466
v -10.374093 43.490635 2.075741
v -10.457425 44.175240 2.127660
v -10.197575 43.726624 2.135221
v -10.381846 44.197578 2.170901
v -9.822004 43.684238 2.235085
v -10.307645 43.428909 2.112662
v -10.590263 43.313652 2.103909
v -10.012967 43.161274 2.195672
v -10.502983 42.925812 2.177788
v -9.825621 42.987728 2.176063
v -9.629529 43.654800 2.225925
v -9.336624 42.527493 2.009230
v -10.420595 42.659786 2.151370
v -10.160503 41.930672 1.964015
v -10.957121 42.796791 2.161850
v -10.788342 41.932041 1.964182
v -10.971419 43.072563 2.188280
v -11.217950 43.353462 2.208297
v -10.872245 43.370476 2.108054
v -11.070782 43.563374 2.122360
v -10.849792 43.438896 2.071818
v -10.849792 43.442215 2.028038
v -11.037636 43.612083 2.084952
v -10.609898 43.402462 2.069055
v -10.609898 43.405781 2.025275
v -10.609898 43.409100 1.981506
v -10.849792 43.445534 1.984269
v -11.037636 43.618725 1.997404
v -11.075440 44.001118 2.026404
v -11.070782 43.576210 1.953077
v -11.037636 43.615402 2.041172
v -11.075189 43.998211 2.070203
v -10.926896 44.375511 2.098817
v -11.075440 43.994480 2.113952
v -11.134563 43.936272 2.157293
v -10.928216 44.369999 2.142430
v -10.875632 44.457634 2.149076
v -11.020531 44.403297 2.200983
v -10.981737 44.499157 2.212220
v -10.944256 44.520405 2.215565
v -11.446822 44.694370 2.411869
v -11.439765 44.726490 2.423682
v -11.561510 44.741135 2.459140
v -11.561510 44.775707 2.472751
v -11.676186 44.694370 2.411869
v -12.141279 44.499161 2.212212
v -11.683251 44.726490 2.423682
v -12.178764 44.520409 2.215554
v -11.681442 44.865299 2.436316
v -12.169854 44.668533 2.227149
v -11.665180 45.513145 2.485392
v -11.561510 44.912273 2.485605
v -11.561510 45.544342 2.533512
v -11.441567 44.865299 2.436316
v -10.953161 44.668533 2.227149
v -11.457835 45.513145 2.485392
v -11.475397 46.247822 2.538226
v -11.036343 45.382690 2.281337
v -11.125896 46.190910 2.342095
v -10.941662 45.359634 2.220836
v -10.941346 45.387730 2.202608
v -11.045492 46.177319 2.278581
v -10.839947 44.606396 2.160240
v -10.831892 44.475330 2.150375
v -10.829344 44.532677 2.110736
v -10.862889 44.815590 2.160665
v -10.848643 44.716499 2.124676
v -10.838087 44.836407 2.157152
v -10.845951 44.909550 2.182153
v -10.926131 45.405540 2.207304
v -10.779032 44.693150 2.125202
v -10.830093 44.774391 2.128064
v -10.838060 44.840004 2.107303
v -10.846004 44.916512 2.095416
v -10.926131 45.410118 2.146918
v -10.862889 44.819881 2.104055
v -10.941346 45.391804 2.148875
v -10.839947 44.613018 2.072927
v -10.953161 44.684536 2.016154
v -10.831892 44.481964 2.062917
v -10.941662 45.366779 2.126618
v -11.036349 45.398697 2.070287
v -11.045492 46.183823 2.192847
v -11.199908 47.193130 2.272788
v -11.022861 46.033978 2.202188
v -11.061754 46.305748 2.245201
v -11.125896 46.206833 2.132097
v -11.255238 47.199539 2.221532
v -11.475397 46.292671 1.946804
v -11.457835 45.558430 1.888238
v -11.499888 47.222351 2.068091
v -11.561510 46.313133 1.903081
v -11.561510 45.596531 1.845374
v -11.561510 47.227798 2.031494
v -11.647619 46.292671 1.946804
v -11.997111 46.206833 2.132108
v -11.665180 45.558430 1.888238
v -11.623128 47.222351 2.068091
v -11.582490 48.768284 2.358179
v -11.867771 47.199539 2.221532
v -11.667192 48.578568 2.371463
v -11.923108 47.193130 2.272788
v -11.651890 48.764389 2.409543
v -11.923108 47.190132 2.312271
v -12.077523 46.183823 2.192847
v -12.181355 45.366779 2.126618
v -12.100154 46.033978 2.202199
v -12.061263 46.305748 2.245201
v -12.084703 46.156567 2.233888
v -12.077523 46.177319 2.278581
v -11.997111 46.190910 2.342095
v -11.923108 47.187141 2.351767
v -12.181355 45.359634 2.220836
v -12.100154 46.030598 2.246738
v -12.111183 46.025040 2.249348
v -12.181670 45.387730 2.202608
v -12.196885 45.405540 2.207304
v -12.260126 44.815590 2.160665
v -12.278380 44.866013 2.161037
v -12.283058 44.606396 2.160240
v -12.274372 44.716499 2.124676
v -12.292995 44.773808 2.129023
v -12.260126 44.819881 2.104055
v -12.293673 44.532677 2.110736
v -12.291356 44.479019 2.106667
v -12.283058 44.613018 2.072919
v -12.291123 44.481964 2.062917
v -12.169854 44.684536 2.016154
v -12.086666 45.398697 2.070287
v -12.291123 44.475330 2.150375
v -12.248642 44.463005 2.105452
v -12.196120 44.375511 2.098817
v -12.247384 44.457634 2.149076
v -12.194800 44.369999 2.142430
v -12.102486 44.403297 2.200983
v -12.047575 43.994480 2.113952
v -11.988453 43.936272 2.157293
v -12.085372 43.612083 2.084952
v -12.047828 43.998211 2.070203
v -12.085372 43.615402 2.041172
v -12.273216 43.442215 2.028038
v -12.085372 43.618725 1.997404
v -12.273216 43.445534 1.984269
v -12.250761 43.383366 1.938118
v -12.513110 43.409100 1.981506
v -12.748919 43.497276 1.988193
v -12.532752 43.326565 1.933657
v -12.513110 43.405781 2.025275
v -12.748919 43.493954 2.031961
v -12.513110 43.402462 2.069055
v -12.532752 43.313652 2.103909
v -12.748919 43.490635 2.075741
v -12.273216 43.438896 2.071818
v -12.250761 43.370476 2.108054
v -12.052227 43.563374 2.122360
v -12.151588 43.072563 2.188280
v -11.905067 43.353462 2.208297
v -12.620036 42.925812 2.177788
v -12.165899 42.796791 2.161850
v -12.702414 42.659786 2.151370
v -12.334675 41.932041 1.964182
v -12.962513 41.930672 1.964015
v -12.373077 41.736809 1.911242
v -12.159537 42.005898 1.965816
v -12.164268 41.840324 1.963030
v -12.204966 41.807083 1.916626
v -12.176250 41.782482 1.915728
v -12.204787 41.808186 1.904117
v -12.373038 41.737793 1.898778
v -12.204966 41.808983 1.891595
v -12.176205 41.783543 1.902248
v -12.176250 41.784527 1.888766
v -12.152764 41.530533 1.883060
v -12.080835 41.291485 1.864931
v -12.152962 41.529736 1.900842
v -12.152962 41.532425 1.865361
v -12.091404 41.320709 1.849187
v -12.091404 41.317997 1.884914
v -12.164268 41.848839 1.850732
v -12.085719 42.218033 1.825066
v -12.159537 42.012939 1.872951
v -11.881234 43.154243 1.785847
v -12.334675 41.939682 1.863428
v -12.165899 42.824352 1.798432
v -12.962513 41.938301 1.863387
v -12.373077 41.738697 1.886320
v -13.021434 41.768158 1.888609
v -13.896992 42.425842 1.938495
v -13.021434 41.767216 1.901010
v -13.896992 42.424904 1.950887
v -13.021434 41.766273 1.913422
v -13.896992 42.423962 1.963291
v -14.006546 43.555450 2.049101
v -13.786386 42.527493 2.009230
v -13.297383 42.987728 2.176063
v -13.912094 43.573288 2.088375
v -13.493479 43.654800 2.225925
v -13.569355 44.521732 2.160228
v -13.239382 44.366837 2.279546
v -13.167465 45.161919 2.208751
v -13.643679 44.557285 2.125077
v -13.236948 45.203911 2.174116
v -13.643679 44.558228 2.112673
v -14.006546 43.556393 2.036696
v -13.643679 44.559166 2.100281
v -13.236948 45.204849 2.161712
v -13.236948 45.205788 2.149319
v -12.938253 45.788139 2.205947
v -12.938253 45.789078 2.193555
v -12.728258 46.448448 2.256024
v -12.938253 45.787201 2.218339
v -12.880686 45.751369 2.253356
v -12.728258 46.447510 2.268416
v -12.679863 46.420307 2.303964
v -12.636837 47.090279 2.317162
v -12.609111 47.663078 2.360602
v -12.636837 47.091217 2.304770
v -12.594740 47.074905 2.353478
v -12.406735 47.009335 2.477966
v -12.571351 47.657585 2.396247
v -12.581962 48.185402 2.428412
v -12.402461 47.636135 2.517791
v -12.318513 47.635323 2.524834
v -12.474360 48.175415 2.516473
v -12.414844 48.177963 2.524522
v -12.562871 48.634983 2.503830
v -12.600762 48.697376 2.463536
v -12.532338 48.636864 2.512588
v -12.513244 48.702614 2.488612
v -12.307617 48.196743 2.464764
v -12.505109 48.706123 2.466334
v -12.505109 48.709072 2.427464
v -12.606821 48.699577 2.444146
v -12.283861 48.202343 2.433067
v -12.283861 48.205662 2.389287
v -12.132308 47.658527 2.391825
v -12.087966 46.960571 2.338893
v -12.166272 47.653122 2.431173
v -12.132308 47.661846 2.348045
v -12.087966 46.963890 2.295113
v -12.132308 47.665176 2.304277
v -12.283861 48.208984 2.345518
v -12.166272 47.665756 2.264552
v -12.087966 46.967209 2.251345
v -12.104760 46.170158 2.191193
v -12.128844 46.977058 2.210887
v -12.154654 46.195129 2.151497
v -12.311492 47.014961 2.112444
v -12.358074 46.282249 2.056342
v -12.318513 47.662289 2.169289
v -12.406735 47.036392 2.121217
v -12.594740 47.082439 2.254159
v -12.464159 46.329182 2.066939
v -12.402461 47.662029 2.176374
v -12.571351 47.664902 2.299758
v -12.474360 48.194939 2.259004
v -12.414844 48.198673 2.251420
v -12.581962 48.191536 2.347557
v -12.562871 48.647346 2.340810
v -12.600762 48.702950 2.390053
v -12.532338 48.650528 2.332436
v -12.513244 48.711906 2.366045
v -12.307617 48.208225 2.313331
v -12.505109 48.712021 2.388594
v -12.606821 48.702202 2.409545
v -12.605805 48.190201 2.375650
v -12.606821 48.700890 2.426843
v -12.605805 48.189262 2.388043
v -12.609111 47.664017 2.348210
v -12.605805 48.188320 2.400435
v -12.609111 47.664959 2.335817
v -12.636837 47.092159 2.292377
v -12.728258 46.449390 2.243631
v -12.679863 46.427860 2.204399
v -12.880686 45.758938 2.153548
v -12.624622 45.622238 2.012697
v -13.167465 45.169502 2.108744
v -13.569343 44.529320 2.060167
v -12.858884 45.005733 1.965400
v -13.239382 44.394188 1.918857
v -12.710396 44.931595 1.952807
v -12.416635 44.783333 2.043966
v -12.499949 45.558926 2.000897
v -13.076656 44.331463 1.907054
v -12.741169 44.210487 2.000735
v -13.301011 43.712692 1.859869
v -13.110048 43.189766 1.819963
v -12.925442 43.739532 1.964983
v -13.493479 43.682213 1.864485
v -13.297383 43.015247 1.813177
v -13.912094 43.580887 1.988169
v -13.786386 42.535118 1.908695
v -14.006546 43.557331 2.024304
v -12.702414 42.687332 1.788135
v -12.620036 42.954300 1.802122
v -12.151588 43.100956 1.813893
v -11.905067 43.381660 1.836470
v -12.840770 43.744179 2.006918
v -12.815360 43.441826 1.942386
v -12.665591 44.181877 2.040112
v -12.840770 43.740860 2.050686
v -12.665591 44.178558 2.083880
v -12.840770 43.737541 2.094466
v -12.925442 43.726624 2.135221
v -12.665591 44.175240 2.127660
v -12.741169 44.197578 2.170901
v -12.335154 44.745407 2.174172
v -12.332830 44.707920 2.124026
v -12.416635 44.770393 2.214551
v -12.286215 44.852150 2.174438
v -12.247136 45.360271 2.251292
v -12.499949 45.530621 2.374096
v -12.154654 46.182262 2.321164
v -12.200626 45.406738 2.225045
v -12.104760 46.163563 2.278147
v -12.092793 46.288719 2.243910
v -12.094854 46.147591 2.233207
v -12.111183 46.028877 2.198781
v -12.196885 45.410118 2.146918
v -12.278380 44.869785 2.111291
v -12.181670 45.391804 2.148875
v -12.200626 45.413979 2.129561
v -12.247136 45.372002 2.096598
v -12.286215 44.858101 2.095952
v -12.335154 44.752541 2.080119
v -12.128844 46.964207 2.380374
v -12.358074 46.254036 2.428368
v -12.311492 46.986824 2.483407
v -12.464159 46.302029 2.424970
v -12.624622 45.594990 2.371979
v -12.858884 44.978405 2.325761
v -12.710396 44.903214 2.327030
v -13.076656 44.303047 2.281755
v -13.301011 43.684238 2.235085
v -13.110048 43.161274 2.195672
v -12.815360 43.428909 2.112662
v -12.085719 42.201424 2.044083
v -11.867334 43.506279 2.211897
v -11.822331 43.461693 2.238020
v -11.792387 43.955814 2.268428
v -12.086666 45.382690 2.281337
v -11.651890 48.761051 2.453534
v -11.867771 47.185749 2.403403
v -11.667192 48.571617 2.463143
v -11.623128 47.185158 2.558529
v -11.561510 47.185024 2.595529
v -11.582490 48.757156 2.504898
v -11.647619 46.247822 2.538226
v -11.561510 46.261452 2.584534
v -11.561510 48.756432 2.514617
v -11.573706 49.089878 2.480646
v -11.561510 49.089664 2.483457
v -11.573340 49.091713 2.456482
v -11.651798 48.762730 2.431533
v -11.561510 49.091713 2.456482
v -11.573706 49.093544 2.432331
v -11.561510 49.093758 2.429520
v -11.561510 48.769032 2.348453
v -11.549310 49.093544 2.432331
v -11.540525 48.768284 2.358179
v -11.471127 48.764389 2.409543
v -11.549667 49.091713 2.456482
v -11.471210 48.762730 2.431533
v -11.549310 49.089878 2.480646
v -11.471127 48.761051 2.453534
v -11.540525 48.757156 2.504898
v -11.455824 48.571617 2.463143
v -11.499888 47.185158 2.558529
v -11.255238 47.185749 2.403403
v -11.199898 47.187141 2.351767
v -11.199898 47.190132 2.312271
v -11.455824 48.578568 2.371463
v -11.038301 46.156567 2.233888
v -11.028163 46.147591 2.233207
v -11.022861 46.030598 2.246738
v -11.011833 46.025040 2.249348
v -11.018255 46.163563 2.278147
v -10.922390 45.406738 2.225045
v -11.030225 46.288719 2.243910
v -11.035053 46.960571 2.338893
v -10.968363 46.182262 2.321164
v -10.994172 46.964207 2.380374
v -10.764946 46.254036 2.428368
v -10.875873 45.360271 2.251292
v -10.706374 44.770393 2.214551
v -10.787930 44.745903 2.174052
v -10.623068 45.530621 2.374096
v -10.498394 45.594990 2.371979
v -10.412613 44.903214 2.327030
v -10.046360 44.303047 2.281755
v -10.264132 44.978405 2.325761
v -9.883635 44.366837 2.279546
v -9.955551 45.161919 2.208751
v -9.553673 44.521732 2.160228
v -10.242331 45.751369 2.253356
v -9.886065 45.203911 2.174104
v -9.479339 44.557285 2.125077
v -9.886065 45.204849 2.161712
v -9.479339 44.558228 2.112673
v -9.886065 45.205788 2.149319
v -9.479339 44.559166 2.100281
v -9.116471 43.557331 2.024304
v -9.226017 42.425842 1.938495
v -9.116471 43.556393 2.036696
v -9.226025 42.424904 1.950887
v -9.116471 43.555450 2.049101
v -9.226025 42.423962 1.963291
v -9.210922 43.573288 2.088375
v -10.101583 41.766273 1.913422
v -10.749940 41.736809 1.911242
v -10.101583 41.767216 1.901010
v -10.101583 41.768158 1.888609
v -10.749977 41.737793 1.898778
v -10.749940 41.738697 1.886320
v -10.160503 41.938301 1.863387
v -10.658857 46.302029 2.424970
v -10.716281 47.009335 2.477966
v -10.811527 46.986824 2.483407
v -10.720555 47.636135 2.517791
v -10.804503 47.635323 2.524834
v -10.648658 48.175415 2.516473
v -10.708165 48.177963 2.524522
v -10.541054 48.185402 2.428412
v -10.560137 48.634983 2.503830
v -10.590683 48.636864 2.512588
v -10.522253 48.697376 2.463528
v -10.609766 48.702614 2.488612
v -10.516187 48.699577 2.444146
v -10.617907 48.706123 2.466334
v -10.617907 48.709072 2.427464
v -10.839155 48.202343 2.433067
v -10.815398 48.196743 2.464764
v -10.839155 48.205662 2.389287
v -10.990707 47.658539 2.391826
v -10.990707 47.661858 2.348046
v -10.956744 47.653122 2.431173
v -11.035053 46.963890 2.295113
v -10.990707 47.665169 2.304277
v -10.839155 48.208984 2.345518
v -10.617907 48.712021 2.388594
v -11.011833 46.028877 2.198781
v -10.875632 44.464272 2.061528
v -10.831660 44.479019 2.106667
v -10.874374 44.463005 2.105452
v -10.981737 44.514847 2.005365
v -10.928216 44.376637 2.054882
v -11.255682 43.506279 2.211897
v -11.300686 43.461693 2.238020
v -11.784029 40.824268 1.363408
v -11.263409 40.958504 1.578264
v -11.192060 41.008591 1.843477
v -11.269749 40.873943 1.576254
v -11.300757 40.595688 1.529737
v -11.397126 40.667519 1.467570
v -11.300266 40.477432 1.533111
v -11.561510 40.485867 1.421876
v -11.561510 40.463383 1.416467
v -11.825281 40.454865 1.528785
v -11.838820 40.453976 1.514705
v -11.268699 40.417492 1.495920
v -11.561510 40.272099 2.291030
vn -0.2931 -0.2308 0.9278
vn -0.3499 -0.2974 0.8883
vn -0.2941 -0.3752 0.8790
vn -0.2972 -0.2408 0.9239
vn -0.3689 -0.0646 0.9272
vn -0.4404 -0.0302 0.8973
vn -0.0000 -0.1942 0.9810
vn -0.0000 -0.0771 0.9970
vn -0.0000 -0.2636 0.9646
vn 0.2972 -0.2408 0.9239
vn 0.2932 -0.2308 0.9278
vn 0.3689 -0.0646 0.9272
vn 0.3499 -0.2974 0.8883
vn 0.4404 -0.0302 0.8973
vn 0.2941 -0.3752 0.8790
vn -0.0000 -0.0778 0.9970
vn 0.4071 -0.0883 0.9091
vn 0.4149 -0.2260 0.8814
vn 0.5310 -0.6961 0.4832
vn 0.7634 -0.5013 0.4073
vn 0.7700 -0.4086 0.4901
vn 0.5084 -0.0745 0.8579
vn 0.5426 -0.0808 0.8361
vn 0.8952 -0.1632 0.4148
vn 0.4415 0.1529 0.8841
vn 0.8193 0.3158 0.4785
vn 0.4616 0.0177 0.8869
vn 0.2662 0.0879 0.9599
vn 0.5339 0.0311 0.8450
vn 0.6039 0.0101 0.7970
vn 0.6388 0.0568 0.7672
vn 0.5795 -0.0087 0.8149
vn 0.5483 0.0995 0.8304
vn 0.6972 0.1555 0.6998
vn 0.4921 0.0701 0.8677
vn -0.0000 -0.0327 0.9995
vn -0.0000 0.0646 0.9979
vn -0.0000 0.0920 0.9958
vn 0.4226 0.0867 0.9022
vn 0.3893 0.0884 0.9169
vn -0.0000 -0.1048 0.9945
vn 0.2344 -0.2195 0.9470
vn 0.1983 -0.0932 0.9757
vn 0.2849 0.0936 0.9540
vn 0.0878 -0.0919 0.9919
vn 0.2181 0.0336 0.9753
vn 0.2620 0.0159 0.9649
vn 0.2906 0.1385 0.9468
vn 0.5522 0.0938 0.8284
vn 0.7421 0.1815 0.6453
vn 0.7733 0.0604 0.6311
vn 0.2641 -0.0631 0.9624
vn 0.8166 -0.1875 0.5459
vn 0.1190 -0.0199 0.9927
vn 0.1379 -0.0721 0.9878
vn 0.9896 0.0940 0.1089
vn 0.9722 0.1865 0.1416
vn 0.9790 -0.1995 0.0429
vn 0.9851 -0.1711 0.0199
vn 0.9921 0.0925 0.0842
vn 0.9770 0.1830 0.1098
vn 0.9970 0.0294 0.0719
vn 0.9183 0.0017 0.3958
vn 0.9868 -0.1619 0.0005
vn 0.5606 -0.8207 0.1099
vn 0.7960 -0.4947 0.3487
vn 0.9265 -0.3677 0.0796
vn 0.9841 -0.1774 -0.0008
vn 0.9269 -0.3735 -0.0364
vn 0.8918 -0.4519 -0.0209
vn 0.8357 -0.5476 -0.0415
vn 0.8162 -0.3223 0.4796
vn 0.7647 -0.3639 0.5318
vn 0.8223 -0.5354 -0.1927
vn 0.7998 -0.5699 -0.1887
vn 0.4657 -0.5575 0.6873
vn 0.5738 -0.8178 0.0451
vn 0.5474 -0.8318 -0.0922
vn 0.6585 -0.6445 0.3886
vn 0.9074 -0.4139 0.0724
vn 0.8109 -0.5836 -0.0442
vn -0.0000 -0.9884 0.1516
vn 0.0006 -0.8083 0.5888
vn -0.0000 -0.9566 0.2915
vn -0.5474 -0.8318 -0.0922
vn -0.5737 -0.8178 0.0451
vn -0.6585 -0.6445 0.3886
vn -0.0000 -0.2202 0.9754
vn -0.5205 -0.1981 0.8306
vn 0.5205 -0.1981 0.8306
vn -0.4092 -0.1755 0.8954
vn -0.0000 -0.1272 0.9919
vn 0.4092 -0.1754 0.8954
vn 0.7316 -0.1320 0.6688
vn 0.8444 -0.1013 0.5260
vn 0.9980 -0.0635 -0.0048
vn 0.9997 -0.0229 0.0004
vn -0.0066 -0.1731 0.9849
vn -0.0057 -0.0118 0.9999
vn 0.7258 -0.0026 0.6879
vn 0.9970 0.0768 0.0084
vn 0.7271 -0.0300 -0.6858
vn 0.8444 -0.0208 -0.5353
vn 0.7208 0.1012 -0.6857
vn 0.5977 0.7995 0.0606
vn 0.4250 0.8347 -0.3501
vn 0.4249 0.7724 0.4720
vn 0.0066 -0.0226 -0.9997
vn 0.0057 0.1391 -0.9903
vn -0.0000 0.8523 -0.5231
vn 0.0594 0.9981 0.0179
vn -0.0000 1.0000 -0.0059
vn 0.0841 0.9936 0.0753
vn 0.5015 0.7501 -0.4310
vn -0.0000 0.7710 -0.6369
vn 0.7039 0.7083 0.0536
vn 0.9899 0.1412 0.0107
vn 0.7103 0.1951 -0.6763
vn -0.0000 0.2199 -0.9755
vn 0.9547 0.2968 0.0226
vn 0.6843 0.3511 -0.6391
vn -0.0000 0.3772 -0.9261
vn -0.7104 0.1951 -0.6762
vn -0.6843 0.3511 -0.6391
vn -0.5015 0.7501 -0.4311
vn -0.7040 0.7082 0.0532
vn -0.9899 0.1412 0.0107
vn -0.9547 0.2968 0.0225
vn -0.5584 0.6675 -0.4926
vn -0.7825 0.6208 0.0471
vn -0.0000 0.6908 -0.7230
vn -0.0001 0.4156 -0.9096
vn -0.6748 0.3894 -0.6269
vn -0.9417 0.3354 0.0254
vn -0.6843 0.2507 0.6847
vn -0.5584 0.5855 0.5876
vn -0.6748 0.2904 0.6785
vn -0.9426 -0.3331 -0.0252
vn -0.6755 -0.3870 0.6277
vn -0.6755 -0.2880 -0.6788
vn -0.7961 -0.6034 -0.0458
vn -0.5683 -0.6509 0.5033
vn -0.5683 -0.5675 -0.5958
vn -0.9617 -0.2735 -0.0207
vn -0.6895 -0.3278 0.6458
vn -0.6895 -0.2268 -0.6879
vn -0.9979 -0.0639 -0.0048
vn -0.7163 -0.1171 0.6879
vn -0.7164 -0.0121 -0.6976
vn -0.0000 -0.5557 -0.8314
vn -0.0000 -0.2089 -0.9779
vn -0.0000 0.0100 -0.9999
vn -0.5524 -0.5959 -0.5828
vn -0.7743 -0.6310 -0.0479
vn -0.0000 -0.5843 -0.8115
vn 0.7164 -0.0121 -0.6976
vn 0.5524 -0.5959 -0.5829
vn 0.6895 -0.2268 -0.6879
vn 0.9979 -0.0639 -0.0048
vn 0.7743 -0.6310 -0.0477
vn 0.9617 -0.2735 -0.0207
vn 0.5684 -0.5675 -0.5957
vn 0.7961 -0.6034 -0.0458
vn 0.6755 -0.2879 -0.6788
vn 0.9426 -0.3331 -0.0253
vn -0.0001 -0.2711 -0.9626
vn 0.6747 0.3894 -0.6270
vn 0.9417 0.3354 0.0254
vn 0.6748 0.2904 0.6784
vn 0.6755 -0.3870 0.6277
vn 0.5683 -0.6508 0.5035
vn -0.0000 -0.6746 0.7382
vn -0.0000 -0.4131 0.9107
vn -0.0000 0.2737 0.9618
vn 0.6895 -0.3279 0.6459
vn -0.0000 -0.3540 0.9353
vn -0.0000 -0.1409 0.9900
vn 0.7163 -0.1175 0.6878
vn -0.0001 -0.7000 0.7142
vn 0.5524 -0.6772 0.4860
vn -0.5527 -0.6770 0.4860
vn -0.0547 -0.9983 -0.0225
vn 0.0001 -1.0000 -0.0005
vn -0.0774 -0.9941 -0.0754
vn -0.0547 -0.9902 -0.1283
vn -0.0472 -0.9960 -0.0755
vn -0.0333 -0.9985 -0.0433
vn -0.0334 -0.9936 -0.1078
vn -0.4752 -0.7822 0.4029
vn -0.6675 -0.7425 -0.0563
vn -0.4749 -0.7126 -0.5164
vn -0.0000 -0.9886 -0.1503
vn -0.0000 -0.9926 -0.1212
vn 0.0001 -0.7028 -0.7114
vn -0.7177 0.0524 -0.6943
vn -1.0000 0.0001 -0.0000
vn -0.0000 0.0757 -0.9971
vn -0.7178 0.0527 -0.6943
vn -0.7178 -0.0526 0.6943
vn -0.7178 -0.0529 0.6942
vn -0.0000 -0.0758 0.9971
vn -0.0000 -0.0756 0.9971
vn 0.7178 -0.0526 0.6943
vn -1.0000 -0.0002 -0.0000
vn -0.7178 0.0524 -0.6943
vn 0.7178 0.0523 -0.6943
vn 0.7178 0.0527 -0.6943
vn 1.0000 0.0001 -0.0000
vn 1.0000 -0.0000 -0.0000
vn 1.0000 0.0004 -0.0000
vn -0.7178 0.0523 -0.6943
vn -0.0000 0.0754 -0.9972
vn 1.0000 -0.0002 -0.0000
vn -1.0000 -0.0000 -0.0000
vn 0.7178 0.0524 -0.6943
vn 0.7178 -0.0529 0.6943
vn -1.0000 0.0004 -0.0000
vn -0.7178 -0.0530 0.6942
vn 0.7178 -0.0530 0.6942
vn -0.7178 -0.0529 0.6943
vn -0.0000 0.0756 -0.9971
vn -0.7178 0.0522 -0.6943
vn -0.7178 -0.0527 0.6943
vn -0.0000 -0.0759 0.9971
vn 0.5940 -0.6033 0.5321
vn 0.8314 -0.5540 -0.0419
vn 0.5943 -0.5162 -0.6167
vn -0.0005 -0.5034 -0.8640
vn 0.1265 -0.9891 -0.0750
vn 0.0895 -0.9828 -0.1616
vn -0.0000 -0.9803 -0.1975
vn -0.0000 -0.9971 -0.0756
vn 0.0895 -0.9959 0.0115
vn -0.0000 -0.9989 0.0474
vn -0.0000 -0.6280 0.7782
vn -0.5940 -0.6033 0.5321
vn -0.0895 -0.9959 0.0115
vn -0.8314 -0.5540 -0.0420
vn -0.1265 -0.9891 -0.0750
vn -0.5940 -0.5162 -0.6170
vn -0.0895 -0.9828 -0.1616
vn 0.7178 0.0525 -0.6943
vn 1.0000 -0.0005 -0.0000
vn 0.4752 -0.7126 -0.5162
vn 0.6672 -0.7427 -0.0563
vn 0.0333 -0.9936 -0.1078
vn 0.0472 -0.9960 -0.0755
vn 0.0548 -0.9902 -0.1283
vn 0.0774 -0.9941 -0.0754
vn 0.0548 -0.9982 -0.0224
vn 0.0334 -0.9985 -0.0433
vn 0.4751 -0.7823 0.4029
vn -0.0000 -0.9996 -0.0298
vn -0.0001 -0.8020 0.5973
vn 0.5584 0.5856 0.5876
vn 0.0002 0.5739 0.8189
vn 0.7825 0.6208 0.0470
vn 0.6842 0.2507 0.6848
vn 0.0003 0.2332 0.9724
vn 0.5585 0.6675 -0.4925
vn 0.7103 0.0912 0.6980
vn -0.0001 0.0702 0.9975
vn 0.5016 0.6767 0.5390
vn 0.0001 0.6661 0.7458
vn -0.7103 0.0912 0.6980
vn -0.5014 0.6767 0.5391
vn -0.0000 0.9877 0.1566
vn -0.0594 0.9894 0.1328
vn 0.0594 0.9894 0.1328
vn -0.0841 0.9936 0.0754
vn -0.4252 0.7724 0.4718
vn -0.0000 0.7636 0.6456
vn -0.5978 0.7993 0.0607
vn -0.0594 0.9981 0.0179
vn -0.4252 0.8347 -0.3499
vn -0.9970 0.0769 0.0033
vn -0.7258 0.1010 -0.6805
vn -0.7208 -0.0035 0.6931
vn -0.7317 -0.0296 -0.6810
vn -0.9997 -0.0226 -0.0039
vn -0.4092 -0.0384 -0.9116
vn -0.8444 -0.0208 -0.5353
vn -0.5205 -0.0704 -0.8509
vn -0.9980 -0.0636 -0.0048
vn -0.0000 0.0238 -0.9997
vn 0.4092 -0.0384 -0.9116
vn -0.0000 -0.0706 -0.9975
vn 0.5205 -0.0705 -0.8509
vn -0.0000 -0.7102 -0.7040
vn 0.6585 -0.5785 -0.4814
vn -0.6586 -0.5785 -0.4813
vn 0.9082 -0.3993 -0.1252
vn 0.7998 -0.5918 0.1006
vn 0.5474 -0.8362 -0.0343
vn 0.8223 -0.5583 0.1101
vn 0.5738 -0.8016 -0.1679
vn 0.8918 -0.4498 -0.0475
vn 0.8162 -0.2463 -0.5227
vn 0.7647 -0.2795 -0.5806
vn 0.4656 -0.4475 -0.7636
vn 0.7961 -0.4364 -0.4194
vn 0.9265 -0.3515 -0.1340
vn 0.9269 -0.3747 -0.0203
vn 0.9867 -0.1601 -0.0270
vn 0.9841 -0.1755 -0.0260
vn 0.9850 -0.1662 -0.0455
vn 0.9921 0.1041 -0.0693
vn 0.9970 0.0398 -0.0666
vn 0.9183 0.0614 -0.3911
vn 0.9789 -0.1909 -0.0726
vn 0.5606 -0.7948 -0.2324
vn 0.9896 0.1094 -0.0935
vn 0.9770 0.1974 -0.0809
vn 0.9722 0.2058 -0.1119
vn 0.7734 0.1550 -0.6147
vn 0.7421 0.2767 -0.6106
vn 0.8166 -0.1030 -0.5680
vn 0.2641 0.0827 -0.9609
vn 0.2620 0.1612 -0.9515
vn 0.2908 0.2797 -0.9150
vn 0.5521 0.2177 -0.8048
vn 0.6972 0.2593 -0.6684
vn 0.2181 0.1803 -0.9591
vn 0.2849 0.2364 -0.9290
vn 0.5483 0.2236 -0.8059
vn 0.6388 0.1719 -0.7499
vn 0.5339 0.1582 -0.8306
vn 0.6039 0.1302 -0.7864
vn 0.4921 0.2001 -0.8472
vn 0.5795 0.1143 -0.8069
vn 0.3892 0.2257 -0.8931
vn 0.4226 0.2218 -0.8788
vn -0.0000 0.2144 -0.9768
vn -0.0000 0.1184 -0.9930
vn 0.0001 0.2411 -0.9705
vn 0.5083 0.0558 -0.8593
vn 0.4071 0.0498 -0.9120
vn -0.0000 0.0735 -0.9973
vn -0.4921 0.2001 -0.8472
vn -0.5794 0.1143 -0.8070
vn -0.4071 0.0498 -0.9120
vn -0.5482 0.2236 -0.8059
vn -0.6039 0.1302 -0.7864
vn -0.5083 0.0558 -0.8593
vn -0.6389 0.1719 -0.7499
vn -0.5339 0.1582 -0.8306
vn -0.6972 0.2593 -0.6684
vn -0.2848 0.2364 -0.9290
vn -0.2907 0.2797 -0.9150
vn -0.4244 0.2218 -0.8779
vn -0.3893 0.2257 -0.8931
vn -0.1983 0.0550 -0.9786
vn -0.0878 0.0587 -0.9944
vn -0.2181 0.1803 -0.9591
vn -0.2620 0.1613 -0.9515
vn -0.5522 0.2177 -0.8048
vn -0.7421 0.2767 -0.6105
vn -0.7734 0.1549 -0.6147
vn -0.2641 0.0827 -0.9609
vn -0.8165 -0.1029 -0.5680
vn -0.1190 0.1301 -0.9843
vn -0.1378 0.0776 -0.9874
vn -0.9789 -0.1908 -0.0726
vn -0.9896 0.1094 -0.0935
vn -0.9722 0.2058 -0.1117
vn -0.9851 -0.1661 -0.0454
vn -0.9921 0.1041 -0.0693
vn -0.9770 0.1974 -0.0809
vn -0.9205 0.1847 -0.3444
vn -0.9183 0.0615 -0.3911
vn -0.9970 0.0399 -0.0666
vn -0.3699 0.0095 -0.9290
vn -0.9102 -0.2984 -0.2871
vn -0.2595 -0.6328 -0.7296
vn -0.9868 -0.1599 -0.0249
vn -0.9842 -0.1754 -0.0260
vn -0.9827 -0.1844 -0.0159
vn -0.8909 -0.4528 -0.0344
vn -0.1622 -0.9839 -0.0746
vn -0.9821 -0.1876 -0.0143
vn -0.9102 -0.3383 0.2390
vn -0.2596 -0.7356 0.6257
vn -0.9827 -0.1847 -0.0120
vn -0.9842 -0.1773 -0.0007
vn -0.9183 0.0018 0.3959
vn -0.3689 -0.1305 0.9203
vn -0.9045 -0.4253 -0.0323
vn -0.9466 -0.3184 -0.0501
vn -0.9269 -0.3736 -0.0365
vn -0.9970 0.0293 0.0719
vn -0.9868 -0.1622 0.0026
vn -0.9265 -0.3677 0.0796
vn -0.8357 -0.5476 -0.0415
vn -0.8919 -0.4517 -0.0209
vn -0.7998 -0.5699 -0.1887
vn -0.8224 -0.5353 -0.1927
vn -0.8108 -0.5836 -0.0442
vn -0.9075 -0.4139 0.0724
vn -0.7997 -0.5918 0.1007
vn -0.9075 -0.3982 -0.1339
vn -0.9467 -0.3223 0.0013
vn -0.9269 -0.3748 -0.0202
vn -0.8919 -0.4497 -0.0475
vn -0.8224 -0.5583 0.1099
vn -0.9265 -0.3515 -0.1342
vn -0.8161 -0.2462 -0.5228
vn -0.7647 -0.2795 -0.5806
vn -0.7961 -0.4364 -0.4193
vn -0.3772 -0.0170 -0.9260
vn -0.0388 -0.6618 -0.7487
vn -0.2631 -0.2679 -0.9268
vn -0.5606 -0.7948 -0.2324
vn 0.4244 -0.8795 -0.2153
vn -0.0284 -0.0590 -0.9979
vn 0.2899 -0.6177 -0.7310
vn -0.4959 -0.6130 -0.6151
vn -0.1482 -0.0017 -0.9889
vn -0.2381 0.0172 -0.9711
vn -0.0000 -0.2111 -0.9775
vn -0.0000 -0.0662 -0.9978
vn -0.0000 0.0013 -1.0000
vn 0.2631 -0.2679 -0.9268
vn 0.3772 -0.0170 -0.9260
vn 0.0283 -0.0590 -0.9979
vn -0.0000 0.1407 -0.9901
vn 0.1190 0.1301 -0.9843
vn 0.1378 0.0777 -0.9874
vn 0.1483 -0.0017 -0.9889
vn -0.2899 -0.6177 -0.7310
vn -0.4244 -0.8795 -0.2154
vn 0.0389 -0.6618 -0.7487
vn 0.4959 -0.6130 -0.6151
vn 0.2380 0.0172 -0.9711
vn 0.0878 0.0588 -0.9944
vn -0.0000 0.0934 -0.9956
vn 0.1984 0.0552 -0.9786
vn 0.0148 -0.2079 -0.9780
vn -0.0000 -0.1802 -0.9836
vn 0.2343 -0.0742 -0.9693
vn -0.0000 -0.3617 -0.9323
vn -0.0148 -0.2079 -0.9780
vn -0.2344 -0.0742 -0.9693
vn -0.0000 0.0463 -0.9989
vn 0.2456 0.1480 -0.9580
vn -0.0000 0.0833 -0.9965
vn 0.1261 0.1566 -0.9796
vn -0.0000 0.0399 -0.9992
vn 0.0001 -0.5117 -0.8592
vn -0.1261 0.1566 -0.9796
vn -0.2456 0.1480 -0.9580
vn -0.4657 -0.4474 -0.7635
vn 0.0001 -0.9017 -0.4324
vn -0.5737 -0.8016 -0.1680
vn -0.5474 -0.8362 -0.0343
vn -0.0000 -0.9543 -0.2989
vn -0.8161 -0.3222 0.4797
vn -0.7647 -0.3639 0.5318
vn -0.7961 -0.4946 0.3488
vn -0.4656 -0.5575 0.6874
vn -0.0000 -0.6354 0.7722
vn -0.1261 0.0070 0.9920
vn -0.0000 -0.1111 0.9938
vn -0.2456 0.0019 0.9694
vn -0.0000 -0.0679 0.9977
vn 0.1261 0.0070 0.9920
vn 0.2456 0.0019 0.9694
vn -0.0000 -0.2160 0.9764
vn -0.3772 -0.1564 0.9128
vn 0.3772 -0.1564 0.9128
vn 0.2631 -0.4046 0.8758
vn -0.0000 -0.3562 0.9344
vn -0.2630 -0.4046 0.8759
vn 0.0387 -0.7672 0.6403
vn 0.0283 -0.2088 0.9775
vn -0.0000 -0.1495 0.9888
vn 0.1482 -0.1508 0.9774
vn -0.2900 -0.7208 0.6295
vn -0.0000 -0.0102 0.9999
vn -0.4244 -0.9019 0.0804
vn 0.4959 -0.6987 0.5156
vn 0.2381 -0.1294 0.9626
vn -0.0283 -0.2088 0.9775
vn -0.1190 -0.0199 0.9927
vn -0.0879 -0.0919 0.9919
vn -0.0000 -0.0578 0.9983
vn -0.0000 -0.3264 0.9452
vn -0.0148 -0.3530 0.9355
vn 0.0148 -0.3530 0.9355
vn -0.0000 -0.4982 0.8671
vn -0.2344 -0.2195 0.9470
vn -0.1983 -0.0931 0.9757
vn -0.4225 0.0867 0.9022
vn -0.3893 0.0884 0.9169
vn -0.5482 0.0995 0.8304
vn -0.4921 0.0701 0.8677
vn -0.5794 -0.0087 0.8150
vn -0.6039 0.0101 0.7970
vn -0.5084 -0.0745 0.8579
vn -0.4071 -0.0883 0.9091
vn -0.4149 -0.2260 0.8813
vn -0.5426 -0.0808 0.8361
vn -0.4616 0.0177 0.8869
vn -0.5339 0.0311 0.8450
vn -0.6389 0.0568 0.7672
vn -0.2662 0.0879 0.9599
vn -0.5521 0.0938 0.8285
vn -0.6972 0.1555 0.6998
vn -0.2907 0.1385 0.9468
vn -0.2850 0.0936 0.9540
vn -0.7421 0.1815 0.6453
vn -0.2180 0.0336 0.9754
vn -0.2620 0.0159 0.9649
vn -0.7734 0.0605 0.6310
vn -0.9896 0.0940 0.1089
vn -0.9722 0.1866 0.1416
vn -0.9770 0.1830 0.1097
vn -0.9921 0.0925 0.0842
vn -0.9205 0.1306 0.3684
vn -0.9851 -0.1711 0.0199
vn -0.9789 -0.1996 0.0429
vn -0.5606 -0.8208 0.1101
vn -0.0388 -0.7672 0.6402
vn 0.4244 -0.9019 0.0803
vn -0.4959 -0.6987 0.5157
vn 0.2900 -0.7208 0.6295
vn -0.2380 -0.1294 0.9626
vn -0.1483 -0.1508 0.9774
vn -0.1379 -0.0721 0.9878
vn -0.2641 -0.0631 0.9624
vn -0.8165 -0.1874 0.5460
vn -0.1123 0.0446 0.9927
vn 0.0208 -0.1827 0.9829
vn 0.0467 -0.2495 0.9673
vn 0.0099 0.0096 0.9999
vn -0.0119 -0.1912 0.9815
vn -0.0579 -0.2511 0.9662
vn 0.0290 0.2659 0.9636
vn -0.1981 0.2906 0.9361
vn -0.4415 0.1529 0.8841
vn 0.2268 0.1496 0.9624
vn 0.0589 -0.0213 0.9980
vn -0.1174 -0.1474 0.9821
vn 0.3326 -0.0747 0.9401
vn 0.0813 -0.0715 0.9941
vn -0.1989 -0.0563 0.9784
vn -0.2015 -0.1784 0.9631
vn -0.3408 -0.0280 0.9397
vn -0.1828 0.0147 0.9830
vn -0.3455 0.0977 0.9333
vn 0.1028 -0.1223 0.9871
vn 0.1357 -0.1313 0.9820
vn -0.1677 0.0089 0.9858
vn -0.3439 0.1136 0.9321
vn 0.1674 -0.1083 0.9799
vn -0.2093 -0.0028 0.9778
vn -0.4244 0.0927 0.9007
vn 0.2049 -0.0931 0.9743
vn -0.2633 -0.0235 0.9644
vn -0.5241 0.0433 0.8505
vn 0.2243 -0.0692 0.9721
vn -0.3169 -0.0454 0.9474
vn -0.6051 -0.0087 0.7961
vn -0.8658 0.1558 0.4755
vn -0.7986 0.2841 0.5307
vn -0.9057 0.0516 0.4208
vn -0.9751 0.2213 0.0168
vn -0.9251 0.3787 0.0288
vn -0.9955 0.0941 0.0072
vn -0.8658 0.2256 -0.4466
vn -0.7986 0.3609 -0.4817
vn -0.9053 0.1146 -0.4091
vn -0.5242 0.1712 -0.8342
vn -0.4245 0.2276 -0.8764
vn -0.6051 0.1115 -0.7883
vn -0.6405 0.0685 -0.7649
vn -0.9197 0.0524 -0.3891
vn -0.9996 0.0271 0.0021
vn -0.7038 0.0381 -0.7094
vn -0.9407 0.0220 -0.3386
vn -1.0000 0.0021 0.0002
vn -0.9197 -0.0068 0.3926
vn -0.9407 -0.0293 0.3379
vn -0.7450 0.6651 0.0506
vn -0.7617 0.6437 -0.0743
vn -0.7617 0.6251 0.1704
vn -0.7038 -0.0693 0.7070
vn -0.6405 -0.0476 0.7665
vn -0.6341 0.5731 0.5191
vn -0.3365 -0.0481 0.9405
vn -0.3947 -0.0473 0.9176
vn -0.5140 0.1068 0.8511
vn 0.2958 0.7005 0.6495
vn 0.5466 0.8148 0.1931
vn 0.0649 0.1928 0.9791
vn 0.1858 0.0565 0.9810
vn 0.6342 0.1740 0.7534
vn 0.2451 -0.0109 0.9694
vn 0.6471 0.0479 0.7609
vn 0.6032 -0.0539 0.7958
vn 0.5306 -0.1102 0.8404
vn 0.9265 -0.0077 0.3762
vn 0.9292 0.1281 0.3468
vn 0.8736 -0.0950 0.4774
vn 0.4704 -0.1532 0.8690
vn 0.8293 -0.1579 0.5360
vn 0.7467 -0.1909 0.6372
vn 0.7176 -0.3679 0.5913
vn 0.3220 -0.2066 0.9239
vn 0.3343 -0.2291 0.9142
vn 0.7637 -0.4131 0.4961
vn 0.8086 -0.0616 0.5851
vn 0.5585 0.5151 0.6502
vn 0.7121 0.7001 0.0531
vn 0.9999 -0.0121 -0.0009
vn 0.8984 -0.4378 -0.0347
vn 0.8086 0.0274 -0.5877
vn 0.5584 0.6073 -0.5652
vn 0.7658 -0.3315 -0.5511
vn 0.3326 0.0679 -0.9406
vn 0.2268 0.2930 -0.9288
vn 0.3342 -0.0887 -0.9383
vn 0.0813 0.0792 -0.9935
vn 0.1029 0.0279 -0.9943
vn 0.0589 0.1294 -0.9898
vn 0.0290 0.4081 -0.9125
vn 0.0099 0.1603 -0.9870
vn 0.0822 0.8558 -0.5108
vn -0.0119 -0.0410 -0.9991
vn -0.1174 0.0024 -0.9931
vn -0.1989 0.0919 -0.9757
vn -0.2015 -0.0311 -0.9790
vn -0.3408 0.1140 -0.9332
vn -0.0579 -0.1025 -0.9930
vn 0.0208 -0.0324 -0.9993
vn 0.0467 -0.1008 -0.9938
vn -0.1123 0.1938 -0.9746
vn -0.2662 0.2316 -0.9357
vn -0.1980 0.4286 -0.8816
vn -0.4415 0.2844 -0.8510
vn -0.8193 0.3844 -0.4255
vn -0.3798 0.7917 -0.4786
vn 0.1039 0.9917 0.0752
vn -0.4357 0.8975 0.0682
vn -0.8969 0.4409 0.0335
vn 0.0823 0.7690 0.6340
vn -0.3799 0.7104 0.5924
vn -0.8193 0.3159 0.4785
vn -0.9905 -0.1374 -0.0104
vn -0.8952 -0.1631 0.4147
vn -0.8952 -0.0987 -0.4347
vn -0.7699 -0.4086 0.4902
vn -0.8963 -0.4421 -0.0335
vn -0.7700 -0.3300 -0.5461
vn -0.5426 0.0462 -0.8387
vn -0.4149 -0.0905 -0.9053
vn -0.6402 -0.7660 -0.0580
vn -0.5310 -0.6153 -0.5826
vn -0.2942 -0.2384 -0.9255
vn -0.2973 -0.0987 -0.9497
vn -0.2931 -0.0883 -0.9520
vn -0.3499 -0.1600 -0.9230
vn -0.7633 -0.4342 -0.4784
vn -0.0000 -0.1151 -0.9933
vn -0.0000 -0.0441 -0.9990
vn 0.2973 -0.0987 -0.9497
vn 0.2932 -0.0882 -0.9520
vn 0.2942 -0.2385 -0.9255
vn 0.4149 -0.0905 -0.9054
vn 0.3499 -0.1601 -0.9230
vn 0.3689 0.0759 -0.9263
vn 0.4403 0.1054 -0.8916
vn -0.0000 0.0740 -0.9973
vn 0.4187 0.0852 -0.9041
vn 0.4795 0.1183 -0.8695
vn -0.0000 0.0838 -0.9965
vn -0.3689 0.0759 -0.9263
vn -0.4187 0.0852 -0.9041
vn -0.4403 0.1055 -0.8916
vn -0.4795 0.1185 -0.8695
vn -0.4787 0.1045 -0.8718
vn -0.0000 0.1147 -0.9934
vn -0.5525 0.1294 -0.8234
vn -0.8237 0.1517 -0.5464
vn -0.8819 0.1579 -0.4442
vn -0.8529 0.1173 -0.5087
vn -0.7410 0.0568 -0.6691
vn -0.5719 0.1376 -0.8087
vn -0.5859 0.2316 -0.7766
vn -0.8406 -0.5400 -0.0410
vn -0.9999 -0.0167 -0.0013
vn -0.9982 0.0594 0.0041
vn -0.1346 -0.9905 -0.0293
vn 0.3215 -0.1343 -0.9373
vn 0.6927 -0.0430 -0.7199
vn 0.7536 -0.0984 -0.6499
vn 0.8292 -0.0758 -0.5538
vn 0.6621 -0.2537 -0.7052
vn 0.8585 -0.5004 -0.1124
vn 0.3972 -0.2703 0.8770
vn -0.7045 -0.0593 0.7073
vn 0.6930 -0.1506 0.7051
vn -0.5719 0.0140 0.8202
vn -0.8237 0.0675 0.5630
vn -0.8529 0.0392 0.5206
vn -0.4795 -0.0141 0.8774
vn -0.7633 -0.5013 0.4074
vn -0.5525 0.0037 0.8335
vn -0.8830 0.0892 0.4608
vn -0.5862 0.1120 0.8024
vn -0.9080 0.1175 0.4021
vn -0.9871 0.1597 0.0123
vn -0.9882 0.1527 0.0116
vn -0.6084 0.0382 0.7927
vn -0.9811 0.1930 0.0147
vn -0.4786 -0.0282 0.8776
vn -0.5240 0.0172 0.8515
vn -0.4187 -0.0521 0.9067
vn -0.0000 -0.0674 0.9977
vn -0.0000 -0.0365 0.9993
vn -0.0000 0.0186 0.9998
vn 0.4187 -0.0521 0.9066
vn 0.4787 -0.0282 0.8776
vn 0.5240 0.0172 0.8515
vn 0.6084 0.0382 0.7927
vn 0.5525 0.0036 0.8335
vn 0.4795 -0.0140 0.8774
vn 0.4899 0.0681 0.8691
vn -0.0001 0.0715 0.9974
vn 0.6856 0.0720 0.7244
vn 0.8976 0.1605 0.4105
vn 0.9077 0.1182 0.4025
vn 0.8820 0.0890 0.4628
vn 0.9868 0.1612 0.0122
vn 0.9797 0.1999 0.0152
vn 0.9886 0.1501 0.0114
vn 0.8237 0.0675 0.5630
vn 0.5720 0.0140 0.8201
vn 0.5859 0.1119 0.8026
vn 0.9811 0.1930 0.0147
vn 0.5860 0.2316 -0.7765
vn 0.8829 0.1575 -0.4423
vn 0.9077 0.1775 -0.3802
vn 0.5525 0.1292 -0.8235
vn 0.8237 0.1517 -0.5464
vn 0.6084 0.1573 -0.7779
vn 0.5719 0.1375 -0.8087
vn -0.6260 0.0214 -0.7796
vn -0.6934 -0.0419 -0.7193
vn -0.9814 0.1913 0.0146
vn 0.8066 0.0546 -0.5886
vn -0.4817 -0.0918 -0.8715
vn 0.8528 0.1173 -0.5088
vn -0.0478 -0.9960 -0.0749
vn 0.9976 0.0696 0.0053
vn 0.9999 -0.0166 -0.0012
vn -0.4816 -0.2222 0.8477
vn 0.8066 -0.0347 0.5901
vn 0.8528 0.0393 0.5207
vn 0.8406 -0.5401 -0.0409
vn 0.7633 -0.4342 -0.4784
vn 0.6402 -0.7660 -0.0580
vn 0.5311 -0.6152 -0.5826
vn 0.8963 -0.4421 -0.0335
vn 0.7700 -0.3300 -0.5461
vn 0.8952 -0.0987 -0.4347
vn 0.5426 0.0462 -0.8387
vn 0.9904 -0.1375 -0.0104
vn 0.8193 0.3844 -0.4255
vn 0.4415 0.2844 -0.8510
vn 0.8969 0.4409 0.0334
vn 0.3796 0.7917 -0.4787
vn 0.4357 0.8975 0.0680
vn 0.3798 0.7104 0.5925
vn 0.1981 0.2906 0.9361
vn -0.0289 0.2659 0.9636
vn -0.0823 0.7690 0.6340
vn -0.1039 0.9917 0.0752
vn -0.5585 0.5153 0.6501
vn -0.7121 0.7001 0.0532
vn -0.2268 0.1496 0.9624
vn -0.0823 0.8558 -0.5107
vn -0.5583 0.6073 -0.5652
vn -0.0289 0.4081 -0.9125
vn 0.1980 0.4286 -0.8815
vn -0.2268 0.2930 -0.9288
vn 0.1123 0.1938 -0.9746
vn 0.2662 0.2316 -0.9357
vn -0.0099 0.1603 -0.9870
vn -0.0208 -0.0324 -0.9993
vn 0.0119 -0.0410 -0.9991
vn 0.0579 -0.1025 -0.9930
vn -0.0467 -0.1008 -0.9938
vn 0.3698 0.0095 -0.9291
vn 0.2776 -0.7232 -0.6325
vn -0.1383 -0.7467 -0.6506
vn 0.2596 -0.6327 -0.7296
vn 0.9205 0.1847 -0.3444
vn 0.9102 -0.2985 -0.2872
vn 0.1620 -0.9840 -0.0747
vn -0.1758 -0.9816 -0.0745
vn 0.8909 -0.4530 -0.0343
vn -0.1384 -0.8363 0.5306
vn 0.2597 -0.7355 0.6258
vn 0.9102 -0.3383 0.2390
vn 0.9827 -0.1847 -0.0118
vn 0.9822 -0.1875 -0.0141
vn 0.9827 -0.1844 -0.0161
vn 0.9467 -0.3222 0.0016
vn 0.9045 -0.4252 -0.0322
vn 0.9467 -0.3183 -0.0501
vn 0.3698 -0.1307 0.9199
vn 0.9205 0.1307 0.3683
vn -0.0209 -0.1827 0.9829
vn -0.0467 -0.2495 0.9673
vn 0.0579 -0.2511 0.9662
vn 0.0119 -0.1912 0.9815
vn 0.2776 -0.8103 0.5161
vn 0.3404 -0.9376 -0.0711
vn 0.2015 -0.1784 0.9631
vn 0.7332 -0.4541 0.5062
vn 0.8745 -0.4836 -0.0366
vn 0.7330 -0.3726 -0.5690
vn 0.2015 -0.0311 -0.9790
vn 0.8512 0.1375 -0.5065
vn 0.9922 0.1242 0.0094
vn 0.3408 0.1140 -0.9332
vn 0.1174 0.0024 -0.9931
vn 0.1989 0.0919 -0.9757
vn 0.1828 0.1627 -0.9696
vn 0.3455 0.2373 -0.9079
vn 0.7705 0.4122 -0.4862
vn 0.1677 0.1575 -0.9732
vn 0.3438 0.2529 -0.9043
vn 0.7353 0.4541 -0.5031
vn 0.8991 0.4366 0.0330
vn 0.8698 0.4920 0.0372
vn 0.8512 0.0596 0.5214
vn 0.7706 0.3341 0.5428
vn 0.7354 0.3729 0.5658
vn 0.9251 0.3787 0.0288
vn 0.7985 0.2842 0.5306
vn 0.7985 0.3609 -0.4818
vn 0.9751 0.2213 0.0168
vn 0.8659 0.1557 0.4754
vn 0.8659 0.2257 -0.4464
vn 0.4245 0.2276 -0.8763
vn 0.5242 0.1712 -0.8342
vn 0.9057 0.1143 -0.4082
vn 0.9955 0.0941 0.0071
vn 0.6051 0.1115 -0.7883
vn 0.9197 0.0525 -0.3891
vn 0.9996 0.0271 0.0020
vn 0.6405 0.0685 -0.7649
vn 0.2633 0.1222 -0.9570
vn 0.3169 0.0981 -0.9434
vn 0.3365 0.0944 -0.9369
vn 0.7038 0.0381 -0.7093
vn 0.9407 0.0219 -0.3385
vn 0.3946 0.0917 -0.9143
vn -0.2243 0.0782 -0.9714
vn -0.2451 0.1355 -0.9600
vn -0.1858 0.2038 -0.9612
vn -0.0649 0.3383 -0.9388
vn 0.5140 0.2340 -0.8252
vn 0.6343 0.6448 -0.4266
vn -0.2960 0.7904 -0.5363
vn -0.6342 0.2857 -0.7185
vn -0.8987 0.3378 -0.2797
vn -0.5466 0.8347 -0.0679
vn 0.7617 0.6437 -0.0740
vn -0.9421 0.3344 0.0254
vn -0.5206 0.8513 0.0647
vn 0.7450 0.6651 0.0504
vn -0.9292 0.1789 -0.3235
vn -0.9861 0.1658 0.0126
vn -0.6471 0.1621 -0.7450
vn -0.9265 0.0491 -0.3731
vn -0.9996 0.0280 0.0021
vn -0.6032 0.0667 -0.7948
vn -0.9265 -0.0077 0.3762
vn -0.9292 0.1281 0.3467
vn -0.8987 0.2919 0.3274
vn -0.6471 0.0479 0.7609
vn -0.6341 0.1740 0.7534
vn -0.6032 -0.0539 0.7958
vn -0.9997 -0.0236 -0.0018
vn -0.8736 -0.0950 0.4774
vn -0.5307 -0.1102 0.8404
vn -0.2049 -0.0931 0.9743
vn -0.2243 -0.0692 0.9721
vn -0.2451 -0.0109 0.9694
vn 0.2633 -0.0235 0.9644
vn 0.3169 -0.0454 0.9474
vn 0.3365 -0.0481 0.9405
vn 0.6051 -0.0087 0.7961
vn 0.6404 -0.0476 0.7665
vn 0.5242 0.0433 0.8505
vn 0.3947 -0.0472 0.9176
vn -0.1858 0.0565 0.9810
vn 0.7038 -0.0693 0.7070
vn 0.5140 0.1069 0.8511
vn -0.0649 0.1928 0.9791
vn 0.6343 0.5731 0.5189
vn -0.2959 0.7005 0.6494
vn -0.5465 0.8149 0.1931
vn 0.7617 0.6251 0.1703
vn 0.9407 -0.0293 0.3379
vn 1.0000 0.0022 0.0002
vn 0.9197 -0.0068 0.3926
vn 0.9053 0.0516 0.4217
vn 0.4244 0.0927 0.9007
vn 0.2093 -0.0028 0.9778
vn 0.3438 0.1136 0.9321
vn 0.1677 0.0089 0.9858
vn 0.3454 0.0977 0.9334
vn 0.1828 0.0147 0.9830
vn -0.1357 -0.1313 0.9820
vn -0.1028 -0.1223 0.9871
vn -0.1674 -0.1083 0.9799
vn -0.4732 -0.1559 0.8670
vn -0.3304 -0.2081 0.9206
vn -0.3343 -0.2291 0.9142
vn -0.3326 -0.0747 0.9401
vn -0.0813 -0.0715 0.9941
vn 0.1989 -0.0563 0.9784
vn -0.0589 -0.0213 0.9980
vn 0.1174 -0.1474 0.9821
vn 0.3408 -0.0280 0.9397
vn -0.0099 0.0096 0.9999
vn 0.1123 0.0446 0.9927
vn -0.8086 -0.0616 0.5851
vn -0.7659 -0.4108 0.4947
vn -0.8994 -0.4359 -0.0331
vn -0.9999 -0.0121 -0.0009
vn -0.8086 0.0274 -0.5877
vn -0.7658 -0.3314 -0.5511
vn -0.3326 0.0679 -0.9406
vn -0.3343 -0.0886 -0.9383
vn -0.6528 -0.2465 -0.7163
vn -0.3305 -0.0669 -0.9414
vn -0.8697 -0.4922 -0.0373
vn -0.7421 -0.1799 -0.6457
vn -0.4732 -0.0233 -0.8806
vn -0.8289 -0.0754 -0.5542
vn -0.5307 0.0178 -0.8474
vn -0.2049 0.0549 -0.9772
vn -0.1674 0.0408 -0.9850
vn -0.1357 0.0183 -0.9906
vn -0.8736 -0.0220 -0.4862
vn -0.6260 -0.0964 0.7738
vn -0.6934 -0.1499 0.7048
vn -0.8290 -0.1581 0.5364
vn -0.7422 -0.2753 0.6110
vn -0.6527 -0.3518 0.6710
vn 0.2093 0.1447 -0.9671
vn -0.1029 0.0279 -0.9943
vn -0.0813 0.0792 -0.9935
vn -0.0589 0.1294 -0.9898
vn 0.4616 0.1512 -0.8741
vn 0.4787 0.1045 -0.8718
vn 0.8976 0.2205 -0.3817
vn 0.6855 0.1804 -0.7053
vn 0.5241 0.1454 -0.8392
vn 0.4915 0.1984 -0.8480
vn -0.0000 0.1692 -0.9856
vn -0.0000 0.2211 -0.9753
vn -0.5241 0.1454 -0.8392
vn 0.5745 0.7039 -0.4177
vn -0.0000 0.7676 -0.6409
vn -0.0000 0.9971 0.0756
vn 0.6253 0.7782 0.0590
vn 0.5746 0.6328 0.5191
vn -0.0000 0.6622 0.7493
vn -0.4915 0.0683 0.8682
vn -0.5745 0.6328 0.5191
vn -0.6254 0.7781 0.0589
vn -0.8975 0.1604 0.4107
vn -0.6856 0.0720 0.7244
vn -0.9797 0.2000 0.0150
vn -0.8975 0.2206 -0.3819
vn -0.5745 0.7039 -0.4178
vn -0.4898 0.1983 -0.8490
vn -0.6855 0.1804 -0.7053
vn -0.6084 0.1573 -0.7779
vn -0.9081 0.1768 -0.3797
vn 0.6260 0.0214 -0.7796
vn 0.9814 0.1914 0.0145
vn 0.6257 -0.0964 0.7741
vn 0.8736 -0.0219 -0.4862
vn 0.9997 -0.0236 -0.0018
vn 0.5307 0.0178 -0.8474
vn 0.4714 -0.0216 -0.8816
vn 0.9265 0.0491 -0.3731
vn 0.9996 0.0280 0.0021
vn 0.6032 0.0667 -0.7948
vn 0.2049 0.0549 -0.9772
vn 0.2243 0.0782 -0.9714
vn 0.1674 0.0408 -0.9850
vn 0.1357 0.0183 -0.9906
vn 0.3313 -0.0673 -0.9411
vn -0.2093 0.1447 -0.9671
vn -0.2633 0.1222 -0.9570
vn -0.1677 0.1575 -0.9732
vn -0.1828 0.1627 -0.9696
vn -0.3455 0.2373 -0.9079
vn -0.3438 0.2529 -0.9043
vn -0.7706 0.4121 -0.4862
vn -0.7354 0.4541 -0.5030
vn -0.8698 0.4920 0.0374
vn -0.8991 0.4366 0.0331
vn -0.7706 0.3341 0.5428
vn -0.7353 0.3729 0.5659
vn -0.8512 0.0596 0.5214
vn -0.9922 0.1241 0.0095
vn -0.8745 -0.4837 -0.0370
vn -0.7333 -0.4541 0.5060
vn -0.8512 0.1375 -0.5065
vn -0.7331 -0.3726 -0.5689
vn -0.2776 -0.7232 -0.6324
vn -0.3404 -0.9376 -0.0711
vn 0.1383 -0.7466 -0.6507
vn 0.1758 -0.9816 -0.0744
vn -0.2776 -0.8103 0.5162
vn 0.1383 -0.8362 0.5306
vn -0.3169 0.0981 -0.9434
vn -0.3365 0.0943 -0.9370
vn 0.2451 0.1355 -0.9600
vn -0.3947 0.0917 -0.9142
vn 0.1858 0.2038 -0.9612
vn -0.5140 0.2340 -0.8252
vn 0.0651 0.3383 -0.9388
vn -0.6342 0.6448 -0.4266
vn 0.2957 0.7905 -0.5364
vn 0.5466 0.8346 -0.0679
vn 0.5206 0.8513 0.0645
vn 0.8987 0.3380 -0.2796
vn 0.6342 0.2857 -0.7185
vn 0.9421 0.3344 0.0253
vn 0.9292 0.1789 -0.3235
vn 0.6471 0.1621 -0.7450
vn 0.9861 0.1658 0.0126
vn 0.8986 0.2919 0.3275
vn -0.5311 -0.6961 0.4830
vn -0.4616 0.1512 -0.8741
vn -0.8444 -0.1013 0.5260
vn -0.7271 -0.1331 0.6735
vt 0.690700 0.565900
vt 0.683800 0.563200
vt 0.684300 0.562900
vt 0.690700 0.565500
vt 0.690700 0.567700
vt 0.683900 0.565000
vt 0.692400 0.566600
vt 0.692400 0.568400
vt 0.692400 0.566200
vt 0.694000 0.565500
vt 0.694000 0.566000
vt 0.694000 0.567700
vt 0.700900 0.563300
vt 0.700800 0.565100
vt 0.700500 0.563000
vt 0.692400 0.564300
vt 0.693700 0.563500
vt 0.700000 0.561800
vt 0.702000 0.562400
vt 0.702400 0.562700
vt 0.701400 0.561300
vt 0.696100 0.556100
vt 0.699000 0.555900
vt 0.699900 0.556700
vt 0.700200 0.551300
vt 0.700700 0.552000
vt 0.697600 0.550300
vt 0.698200 0.548300
vt 0.696900 0.549700
vt 0.694600 0.553300
vt 0.696300 0.549800
vt 0.692800 0.555900
vt 0.694700 0.545000
vt 0.696900 0.545400
vt 0.692800 0.546400
vt 0.692400 0.556400
vt 0.692400 0.546500
vt 0.692400 0.534100
vt 0.692900 0.533900
vt 0.694600 0.532600
vt 0.692400 0.531700
vt 0.692800 0.531400
vt 0.694700 0.530100
vt 0.695500 0.531400
vt 0.694700 0.529500
vt 0.695900 0.529300
vt 0.698000 0.527800
vt 0.698000 0.532100
vt 0.698100 0.545100
vt 0.698700 0.531800
vt 0.699000 0.527600
vt 0.698000 0.525100
vt 0.698800 0.525000
vt 0.694800 0.527400
vt 0.695100 0.525000
vt 0.699700 0.527700
vt 0.699400 0.531700
vt 0.699400 0.524900
vt 0.700600 0.524700
vt 0.701300 0.527900
vt 0.701500 0.531500
vt 0.702300 0.527500
vt 0.704300 0.528900
vt 0.701500 0.524600
vt 0.698000 0.522700
vt 0.698900 0.521700
vt 0.700100 0.521600
vt 0.703900 0.524300
vt 0.702800 0.520800
vt 0.699200 0.520200
vt 0.703200 0.519200
vt 0.698500 0.520300
vt 0.697100 0.518300
vt 0.697400 0.518200
vt 0.698200 0.517400
vt 0.695100 0.516100
vt 0.695200 0.515900
vt 0.695300 0.515400
vt 0.695500 0.514600
vt 0.698300 0.516500
vt 0.702600 0.517600
vt 0.692400 0.514800
vt 0.692400 0.514300
vt 0.692400 0.515200
vt 0.689600 0.515400
vt 0.689700 0.515900
vt 0.689400 0.514600
vt 0.692400 0.513900
vt 0.689400 0.514100
vt 0.695400 0.514100
vt 0.689900 0.512800
vt 0.692400 0.512800
vt 0.695000 0.512800
vt 0.696600 0.511700
vt 0.697900 0.515400
vt 0.702000 0.516200
vt 0.700500 0.511400
vt 0.692400 0.511400
vt 0.692400 0.510200
vt 0.696500 0.510000
vt 0.700100 0.509700
vt 0.752900 0.133500
vt 0.749000 0.133200
vt 0.750400 0.129500
vt 0.754400 0.128700
vt 0.752600 0.135200
vt 0.749000 0.134900
vt 0.752600 0.135400
vt 0.748900 0.135200
vt 0.696500 0.509700
vt 0.700100 0.509500
vt 0.744900 0.133500
vt 0.744900 0.134700
vt 0.744900 0.135000
vt 0.748900 0.135400
vt 0.744900 0.135300
vt 0.752700 0.135600
vt 0.748900 0.135600
vt 0.744900 0.135500
vt 0.752700 0.135800
vt 0.752700 0.136000
vt 0.748900 0.135800
vt 0.744900 0.135700
vt 0.752700 0.136200
vt 0.748900 0.136100
vt 0.744900 0.136000
vt 0.740900 0.135800
vt 0.740900 0.136100
vt 0.740900 0.135600
vt 0.737100 0.135800
vt 0.737100 0.136000
vt 0.737100 0.136200
vt 0.740900 0.136400
vt 0.737000 0.136500
vt 0.744900 0.136300
vt 0.744900 0.137200
vt 0.741000 0.137300
vt 0.736800 0.137500
vt 0.688400 0.508800
vt 0.684600 0.508600
vt 0.684600 0.508400
vt 0.688500 0.508500
vt 0.684300 0.507400
vt 0.688500 0.507600
vt 0.684400 0.506500
vt 0.688500 0.506700
vt 0.741000 0.138200
vt 0.736800 0.138400
vt 0.684600 0.505600
vt 0.688600 0.505800
vt 0.741000 0.139100
vt 0.737100 0.139300
vt 0.684700 0.505300
vt 0.688600 0.505400
vt 0.741000 0.139400
vt 0.737200 0.139600
vt 0.684700 0.505100
vt 0.688600 0.505200
vt 0.741100 0.139700
vt 0.737200 0.139800
vt 0.744900 0.139100
vt 0.744900 0.139400
vt 0.744900 0.139700
vt 0.741100 0.139800
vt 0.737200 0.139900
vt 0.744900 0.139800
vt 0.748700 0.139700
vt 0.748700 0.139800
vt 0.748700 0.139500
vt 0.752600 0.139800
vt 0.752600 0.139900
vt 0.752600 0.139600
vt 0.748800 0.139100
vt 0.752700 0.139300
vt 0.748800 0.138200
vt 0.753000 0.138400
vt 0.744900 0.138100
vt 0.748800 0.137300
vt 0.753000 0.137500
vt 0.700600 0.507400
vt 0.696400 0.507600
vt 0.696300 0.506700
vt 0.700500 0.506500
vt 0.696300 0.505800
vt 0.700200 0.505600
vt 0.692400 0.505800
vt 0.692400 0.506800
vt 0.692400 0.507600
vt 0.696300 0.505400
vt 0.700200 0.505300
vt 0.692400 0.505500
vt 0.692400 0.505200
vt 0.696300 0.505200
vt 0.692400 0.505100
vt 0.696300 0.505100
vt 0.688600 0.505100
vt 0.684700 0.505000
vt 0.688600 0.505000
vt 0.692400 0.505000
vt 0.684800 0.504800
vt 0.741100 0.139900
vt 0.737200 0.140000
vt 0.684900 0.504600
vt 0.688600 0.504700
vt 0.741100 0.140200
vt 0.737300 0.140300
vt 0.688600 0.504600
vt 0.684900 0.504500
vt 0.737300 0.140400
vt 0.741100 0.140300
vt 0.744900 0.139900
vt 0.744900 0.140200
vt 0.744900 0.140300
vt 0.741100 0.140500
vt 0.737300 0.140500
vt 0.744900 0.140500
vt 0.744900 0.153400
vt 0.741100 0.153400
vt 0.737300 0.153500
vt 0.684900 0.504400
vt 0.688600 0.504400
vt 0.684900 0.491400
vt 0.688600 0.491400
vt 0.741100 0.166400
vt 0.737300 0.166400
vt 0.684900 0.478400
vt 0.688600 0.478500
vt 0.692400 0.491400
vt 0.692400 0.478500
vt 0.692400 0.504400
vt 0.688600 0.465500
vt 0.692400 0.465500
vt 0.684900 0.465500
vt 0.684900 0.452500
vt 0.688600 0.452500
vt 0.692400 0.452600
vt 0.684900 0.439600
vt 0.688600 0.439600
vt 0.692400 0.439600
vt 0.688600 0.426600
vt 0.692400 0.426600
vt 0.684900 0.426600
vt 0.696200 0.439600
vt 0.696200 0.426600
vt 0.696200 0.452500
vt 0.692400 0.413700
vt 0.696200 0.413600
vt 0.688600 0.413600
vt 0.692400 0.400700
vt 0.696200 0.400700
vt 0.688600 0.400700
vt 0.684900 0.413600
vt 0.684900 0.400700
vt 0.684900 0.387700
vt 0.688600 0.387700
vt 0.692400 0.387700
vt 0.688600 0.374800
vt 0.692400 0.374800
vt 0.684900 0.374700
vt 0.688600 0.361800
vt 0.692400 0.361800
vt 0.684900 0.361800
vt 0.737200 0.257200
vt 0.740900 0.257200
vt 0.740900 0.270100
vt 0.737200 0.270100
vt 0.740900 0.283100
vt 0.737100 0.283100
vt 0.684900 0.348800
vt 0.688600 0.348800
vt 0.740900 0.296100
vt 0.737100 0.296100
vt 0.744700 0.270100
vt 0.744700 0.283100
vt 0.744700 0.296100
vt 0.748500 0.270100
vt 0.748500 0.283100
vt 0.748400 0.296100
vt 0.752200 0.270200
vt 0.752200 0.283100
vt 0.752200 0.296100
vt 0.699900 0.374700
vt 0.696200 0.374800
vt 0.696200 0.361800
vt 0.699900 0.361800
vt 0.696200 0.348800
vt 0.699900 0.348800
vt 0.696200 0.335900
vt 0.699900 0.335800
vt 0.752200 0.309100
vt 0.748400 0.309000
vt 0.696200 0.322900
vt 0.699900 0.322900
vt 0.752100 0.322000
vt 0.748400 0.322000
vt 0.744600 0.309000
vt 0.744600 0.322000
vt 0.740900 0.309000
vt 0.740800 0.322000
vt 0.744600 0.334900
vt 0.740800 0.334900
vt 0.748400 0.335000
vt 0.744600 0.347900
vt 0.740800 0.347900
vt 0.748300 0.347900
vt 0.752100 0.335000
vt 0.752100 0.347900
vt 0.696200 0.309900
vt 0.699900 0.309900
vt 0.696200 0.297000
vt 0.699900 0.296900
vt 0.696200 0.284000
vt 0.699900 0.284000
vt 0.752100 0.360900
vt 0.748300 0.360900
vt 0.696200 0.271000
vt 0.699900 0.271000
vt 0.752100 0.373900
vt 0.748300 0.373900
vt 0.744600 0.360900
vt 0.744500 0.373800
vt 0.748300 0.386800
vt 0.744500 0.386800
vt 0.752000 0.386800
vt 0.748300 0.399800
vt 0.744500 0.399800
vt 0.752000 0.399800
vt 0.699900 0.258100
vt 0.696100 0.258100
vt 0.696100 0.245100
vt 0.699900 0.245100
vt 0.692400 0.258100
vt 0.692400 0.245100
vt 0.692400 0.271000
vt 0.692400 0.284000
vt 0.688600 0.284000
vt 0.688600 0.271000
vt 0.688600 0.258100
vt 0.684900 0.284000
vt 0.684900 0.271000
vt 0.684900 0.258100
vt 0.737000 0.360900
vt 0.740800 0.360900
vt 0.740800 0.373800
vt 0.737000 0.373900
vt 0.740800 0.386800
vt 0.737000 0.386800
vt 0.684900 0.245100
vt 0.688600 0.245100
vt 0.740700 0.399800
vt 0.737000 0.399800
vt 0.740700 0.412700
vt 0.737000 0.412700
vt 0.744500 0.412700
vt 0.744500 0.425700
vt 0.740700 0.425700
vt 0.736900 0.425700
vt 0.684900 0.232100
vt 0.688600 0.232100
vt 0.684900 0.219200
vt 0.688600 0.219200
vt 0.692400 0.232100
vt 0.692400 0.219200
vt 0.696100 0.232100
vt 0.688600 0.206200
vt 0.692400 0.206200
vt 0.684900 0.206200
vt 0.688600 0.193200
vt 0.692400 0.193300
vt 0.684900 0.193200
vt 0.740700 0.451600
vt 0.736900 0.451600
vt 0.736900 0.438700
vt 0.740700 0.438700
vt 0.744400 0.451600
vt 0.744400 0.438700
vt 0.748200 0.451600
vt 0.748200 0.438700
vt 0.748200 0.425700
vt 0.752000 0.438700
vt 0.752000 0.425700
vt 0.751900 0.451700
vt 0.748200 0.412700
vt 0.752000 0.412800
vt 0.696100 0.206200
vt 0.699900 0.206200
vt 0.699900 0.219200
vt 0.696100 0.219200
vt 0.699900 0.232100
vt 0.696100 0.193200
vt 0.699900 0.193200
vt 0.696100 0.180300
vt 0.699900 0.180300
vt 0.692400 0.180300
vt 0.692400 0.167300
vt 0.696100 0.167300
vt 0.699900 0.167300
vt 0.688600 0.167300
vt 0.688600 0.180300
vt 0.684900 0.167300
vt 0.684900 0.180300
vt 0.740600 0.477600
vt 0.736900 0.477600
vt 0.736900 0.464600
vt 0.740600 0.464600
vt 0.744400 0.464600
vt 0.744400 0.477600
vt 0.744400 0.490500
vt 0.740600 0.490500
vt 0.736900 0.490500
vt 0.748100 0.490500
vt 0.748100 0.477600
vt 0.748200 0.464600
vt 0.751900 0.490500
vt 0.751900 0.477600
vt 0.751900 0.464600
vt 0.696100 0.154400
vt 0.699900 0.154300
vt 0.751800 0.503500
vt 0.748100 0.503500
vt 0.696100 0.141400
vt 0.699900 0.141400
vt 0.692400 0.141400
vt 0.692400 0.154400
vt 0.688600 0.141400
vt 0.688600 0.154400
vt 0.684900 0.154300
vt 0.684900 0.141400
vt 0.684900 0.128400
vt 0.688600 0.128400
vt 0.692400 0.128400
vt 0.688600 0.115500
vt 0.692400 0.115500
vt 0.684900 0.115500
vt 0.740600 0.529400
vt 0.736800 0.529400
vt 0.736800 0.516500
vt 0.740600 0.516500
vt 0.736800 0.503500
vt 0.740600 0.503500
vt 0.744300 0.516500
vt 0.744300 0.503500
vt 0.744300 0.529400
vt 0.744300 0.542400
vt 0.740500 0.542400
vt 0.736800 0.542400
vt 0.748000 0.542400
vt 0.748100 0.529400
vt 0.748100 0.516500
vt 0.751800 0.529400
vt 0.751800 0.516500
vt 0.751800 0.542400
vt 0.748000 0.555400
vt 0.744300 0.555300
vt 0.751800 0.555400
vt 0.751700 0.568300
vt 0.748000 0.568300
vt 0.744200 0.568300
vt 0.748000 0.581300
vt 0.744200 0.581300
vt 0.751700 0.581300
vt 0.740500 0.568300
vt 0.740500 0.555300
vt 0.740500 0.581300
vt 0.748000 0.594200
vt 0.744200 0.594200
vt 0.740500 0.594200
vt 0.736700 0.594200
vt 0.736700 0.581300
vt 0.736800 0.568300
vt 0.684800 0.050600
vt 0.688600 0.050600
vt 0.688600 0.063600
vt 0.684900 0.063600
vt 0.688600 0.076600
vt 0.684900 0.076600
vt 0.692300 0.050600
vt 0.692300 0.063600
vt 0.692300 0.076600
vt 0.696100 0.050600
vt 0.696100 0.063600
vt 0.696100 0.076600
vt 0.692300 0.089500
vt 0.688600 0.089500
vt 0.696100 0.089500
vt 0.699800 0.063600
vt 0.699800 0.076600
vt 0.699800 0.089500
vt 0.699800 0.102500
vt 0.696100 0.102500
vt 0.692400 0.102500
vt 0.699900 0.115500
vt 0.696100 0.115500
vt 0.688600 0.102500
vt 0.684900 0.089500
vt 0.684900 0.102500
vt 0.736800 0.555300
vt 0.696100 0.128400
vt 0.699900 0.128400
vt 0.699800 0.050600
vt 0.751700 0.594300
vt 0.751700 0.607200
vt 0.747900 0.607200
vt 0.696100 0.037700
vt 0.699800 0.037700
vt 0.744200 0.607200
vt 0.751700 0.620200
vt 0.747900 0.620200
vt 0.744200 0.620200
vt 0.740400 0.607200
vt 0.740400 0.620200
vt 0.747900 0.633100
vt 0.744100 0.633100
vt 0.740400 0.633100
vt 0.736700 0.620200
vt 0.736700 0.607200
vt 0.736700 0.633100
vt 0.684800 0.011700
vt 0.688600 0.011700
vt 0.688600 0.024700
vt 0.684800 0.024700
vt 0.688600 0.037700
vt 0.684800 0.037700
vt 0.692300 0.011700
vt 0.692300 0.024700
vt 0.692300 0.037700
vt 0.696100 0.024700
vt 0.699800 0.024700
vt 0.696100 0.011700
vt 0.699800 0.011700
vt 0.751600 0.633200
vt 0.696100 0.010300
vt 0.699800 0.010300
vt 0.751600 0.634600
vt 0.747900 0.634500
vt 0.744100 0.634500
vt 0.754100 0.014400
vt 0.752700 0.011000
vt 0.753400 0.011000
vt 0.754600 0.013900
vt 0.757500 0.015800
vt 0.757500 0.015000
vt 0.757500 0.011000
vt 0.754100 0.007600
vt 0.754600 0.008100
vt 0.757500 0.007000
vt 0.757500 0.006200
vt 0.692300 0.010300
vt 0.760900 0.007600
vt 0.760300 0.008100
vt 0.688600 0.010300
vt 0.684800 0.010300
vt 0.762300 0.011000
vt 0.761500 0.011000
vt 0.740400 0.634500
vt 0.736700 0.634500
vt 0.760900 0.014400
vt 0.760300 0.013900
vt 0.737100 0.347900
vt 0.737100 0.335000
vt 0.688600 0.309900
vt 0.684900 0.309900
vt 0.684900 0.297000
vt 0.688600 0.297000
vt 0.692400 0.309900
vt 0.692400 0.297000
vt 0.692400 0.322900
vt 0.688600 0.322900
vt 0.692400 0.335900
vt 0.688600 0.335900
vt 0.684900 0.335800
vt 0.684900 0.322900
vt 0.737100 0.309000
vt 0.737100 0.322000
vt 0.692400 0.348800
vt 0.696200 0.387700
vt 0.700000 0.387700
vt 0.700000 0.400700
vt 0.748500 0.244200
vt 0.752300 0.244200
vt 0.752300 0.257200
vt 0.748500 0.257200
vt 0.744700 0.257200
vt 0.744700 0.244200
vt 0.744800 0.231200
vt 0.748500 0.231200
vt 0.752300 0.231300
vt 0.744800 0.218300
vt 0.748600 0.218300
vt 0.752300 0.218300
vt 0.741000 0.218300
vt 0.741000 0.231200
vt 0.741000 0.244200
vt 0.737200 0.218300
vt 0.737200 0.231300
vt 0.737200 0.244200
vt 0.741000 0.205300
vt 0.744800 0.205300
vt 0.737200 0.205300
vt 0.741000 0.192300
vt 0.744800 0.192300
vt 0.737300 0.192400
vt 0.748600 0.192300
vt 0.748600 0.205300
vt 0.752400 0.192400
vt 0.752300 0.205300
vt 0.700000 0.452500
vt 0.700000 0.439600
vt 0.700000 0.426600
vt 0.700000 0.413600
vt 0.700000 0.465500
vt 0.696200 0.465500
vt 0.748600 0.179400
vt 0.752400 0.179400
vt 0.748600 0.166400
vt 0.752400 0.166500
vt 0.700000 0.478400
vt 0.696200 0.478500
vt 0.744900 0.166400
vt 0.744800 0.179400
vt 0.741000 0.179400
vt 0.737300 0.179400
vt 0.748700 0.153500
vt 0.748700 0.140500
vt 0.752400 0.153500
vt 0.752500 0.140500
vt 0.748700 0.140300
vt 0.752400 0.140400
vt 0.748700 0.140200
vt 0.752500 0.140300
vt 0.748700 0.139900
vt 0.752600 0.140100
vt 0.700100 0.504800
vt 0.696300 0.505000
vt 0.696200 0.504700
vt 0.700000 0.504600
vt 0.700000 0.504500
vt 0.696200 0.504600
vt 0.700200 0.504900
vt 0.700200 0.505100
vt 0.692400 0.504700
vt 0.692400 0.504600
vt 0.696200 0.504400
vt 0.696200 0.491400
vt 0.700000 0.504400
vt 0.700000 0.491400
vt 0.696400 0.508500
vt 0.692400 0.508600
vt 0.700300 0.508400
vt 0.696400 0.508800
vt 0.692400 0.508900
vt 0.700300 0.508600
vt 0.752800 0.136500
vt 0.748900 0.136400
vt 0.700300 0.508900
vt 0.696400 0.509100
vt 0.692400 0.509200
vt 0.700300 0.509000
vt 0.696500 0.509200
vt 0.692400 0.509400
vt 0.688400 0.509100
vt 0.688400 0.509200
vt 0.692400 0.509600
vt 0.688400 0.509500
vt 0.696500 0.509500
vt 0.684600 0.509000
vt 0.684600 0.508900
vt 0.684700 0.509200
vt 0.688400 0.509700
vt 0.692400 0.509900
vt 0.684800 0.509400
vt 0.737100 0.135600
vt 0.740900 0.135400
vt 0.740900 0.135200
vt 0.737200 0.135400
vt 0.737200 0.135200
vt 0.740800 0.134900
vt 0.688400 0.510000
vt 0.684700 0.509700
vt 0.740800 0.133200
vt 0.736900 0.133500
vt 0.742300 0.132100
vt 0.739400 0.129500
vt 0.741900 0.130800
vt 0.735300 0.128700
vt 0.744900 0.132100
vt 0.747500 0.132000
vt 0.744900 0.131000
vt 0.747900 0.130800
vt 0.744900 0.130600
vt 0.747900 0.130200
vt 0.741900 0.130300
vt 0.750700 0.128400
vt 0.755100 0.127300
vt 0.755700 0.125700
vt 0.750600 0.127500
vt 0.747800 0.129500
vt 0.749800 0.126700
vt 0.747600 0.129000
vt 0.751700 0.124700
vt 0.751000 0.124500
vt 0.749600 0.126500
vt 0.747500 0.128800
vt 0.751400 0.123200
vt 0.752600 0.123200
vt 0.755300 0.124000
vt 0.753900 0.120300
vt 0.756300 0.120600
vt 0.753000 0.120200
vt 0.753800 0.117000
vt 0.754700 0.117400
vt 0.756800 0.115900
vt 0.751800 0.120000
vt 0.750400 0.122100
vt 0.752100 0.117200
vt 0.753900 0.113300
vt 0.751800 0.113200
vt 0.751400 0.117300
vt 0.751200 0.113100
vt 0.751300 0.119900
vt 0.750500 0.119800
vt 0.750500 0.117000
vt 0.750400 0.112700
vt 0.750400 0.099800
vt 0.749300 0.099500
vt 0.748300 0.115500
vt 0.748000 0.113500
vt 0.747100 0.099900
vt 0.748700 0.095100
vt 0.749300 0.095200
vt 0.746900 0.091600
vt 0.745200 0.098500
vt 0.745100 0.088900
vt 0.747000 0.112300
vt 0.745300 0.111000
vt 0.744800 0.098400
vt 0.744700 0.088500
vt 0.744800 0.110800
vt 0.748400 0.088800
vt 0.746100 0.081400
vt 0.744700 0.080600
vt 0.744300 0.098500
vt 0.744300 0.089000
vt 0.743300 0.081400
vt 0.742500 0.099900
vt 0.742600 0.091600
vt 0.741000 0.088800
vt 0.740800 0.095100
vt 0.740200 0.095200
vt 0.740300 0.099600
vt 0.741700 0.113500
vt 0.739300 0.112800
vt 0.744300 0.111000
vt 0.742600 0.112300
vt 0.742600 0.114800
vt 0.742600 0.115400
vt 0.741400 0.115600
vt 0.739200 0.117100
vt 0.739100 0.099800
vt 0.738500 0.113100
vt 0.738300 0.117300
vt 0.739200 0.119800
vt 0.738500 0.119900
vt 0.742400 0.117500
vt 0.742200 0.119900
vt 0.737900 0.120000
vt 0.737600 0.117200
vt 0.737900 0.113200
vt 0.736700 0.120200
vt 0.735900 0.117100
vt 0.735700 0.113400
vt 0.734700 0.111400
vt 0.733000 0.116000
vt 0.735000 0.117500
vt 0.733100 0.113800
vt 0.732300 0.116900
vt 0.732100 0.116400
vt 0.735800 0.120300
vt 0.733400 0.120600
vt 0.732700 0.120700
vt 0.732100 0.117000
vt 0.732100 0.116600
vt 0.732400 0.120800
vt 0.679900 0.528000
vt 0.679600 0.528500
vt 0.679600 0.528300
vt 0.679700 0.528000
vt 0.680000 0.524100
vt 0.680200 0.524200
vt 0.681000 0.524300
vt 0.680500 0.528900
vt 0.680700 0.531100
vt 0.681000 0.520500
vt 0.681200 0.521000
vt 0.682000 0.520800
vt 0.682600 0.527400
vt 0.683400 0.524600
vt 0.684700 0.521600
vt 0.681700 0.519200
vt 0.685600 0.520100
vt 0.686700 0.517400
vt 0.687500 0.518200
vt 0.682300 0.517600
vt 0.686600 0.516500
vt 0.734100 0.125700
vt 0.739100 0.127500
vt 0.739100 0.128400
vt 0.734700 0.127300
vt 0.733500 0.124400
vt 0.733600 0.123900
vt 0.734500 0.124100
vt 0.738100 0.124800
vt 0.739900 0.126700
vt 0.737200 0.123300
vt 0.738800 0.124600
vt 0.740200 0.126600
vt 0.738400 0.123200
vt 0.739900 0.124500
vt 0.741600 0.122900
vt 0.742300 0.123100
vt 0.739300 0.122200
vt 0.741500 0.122300
vt 0.743200 0.120500
vt 0.741400 0.122000
vt 0.739600 0.121900
vt 0.741300 0.121700
vt 0.739800 0.121600
vt 0.744900 0.123300
vt 0.744900 0.125300
vt 0.744900 0.120100
vt 0.747500 0.123000
vt 0.749800 0.124500
vt 0.746600 0.120400
vt 0.744900 0.117300
vt 0.747300 0.117400
vt 0.747500 0.119900
vt 0.748400 0.121700
vt 0.748300 0.122000
vt 0.748300 0.122300
vt 0.748100 0.122800
vt 0.750100 0.121800
vt 0.749900 0.121600
vt 0.747100 0.115400
vt 0.744800 0.115500
vt 0.747100 0.114800
vt 0.746500 0.114800
vt 0.744800 0.114800
vt 0.745300 0.113400
vt 0.744800 0.113600
vt 0.743200 0.114800
vt 0.744400 0.113400
vt 0.744800 0.113200
vt 0.748700 0.126600
vt 0.744900 0.127100
vt 0.747300 0.128500
vt 0.744900 0.128900
vt 0.744900 0.129400
vt 0.742500 0.128500
vt 0.741100 0.126700
vt 0.742300 0.128800
vt 0.744900 0.129700
vt 0.742200 0.129000
vt 0.742000 0.129500
vt 0.744900 0.130100
vt 0.686400 0.520300
vt 0.687800 0.518300
vt 0.685900 0.521700
vt 0.689800 0.516100
vt 0.692400 0.515500
vt 0.690000 0.516400
vt 0.692400 0.516000
vt 0.688600 0.518200
vt 0.692400 0.517800
vt 0.694800 0.516400
vt 0.696200 0.518200
vt 0.692400 0.519500
vt 0.687500 0.520400
vt 0.697400 0.520400
vt 0.695000 0.521800
vt 0.692400 0.521500
vt 0.689800 0.521800
vt 0.695700 0.522000
vt 0.694100 0.524400
vt 0.692400 0.524800
vt 0.696000 0.523200
vt 0.695800 0.522900
vt 0.692400 0.527600
vt 0.695800 0.522600
vt 0.697700 0.523000
vt 0.697400 0.523300
vt 0.690700 0.524400
vt 0.690000 0.527400
vt 0.690100 0.529500
vt 0.692400 0.529400
vt 0.692400 0.530100
vt 0.690800 0.530100
vt 0.694000 0.530100
vt 0.692400 0.531300
vt 0.692000 0.531400
vt 0.690200 0.530100
vt 0.691900 0.533900
vt 0.690200 0.532600
vt 0.690100 0.545000
vt 0.691900 0.546400
vt 0.692000 0.555900
vt 0.690200 0.553300
vt 0.688700 0.556100
vt 0.691000 0.563500
vt 0.684700 0.561700
vt 0.685800 0.555900
vt 0.687200 0.550300
vt 0.687900 0.549700
vt 0.688500 0.549800
vt 0.686600 0.548300
vt 0.686700 0.545100
vt 0.687900 0.545300
vt 0.686800 0.532100
vt 0.689300 0.531400
vt 0.686100 0.531800
vt 0.689000 0.529300
vt 0.686800 0.527800
vt 0.685900 0.527600
vt 0.685200 0.527700
vt 0.685500 0.531700
vt 0.683300 0.531500
vt 0.683500 0.527800
vt 0.682300 0.533500
vt 0.684300 0.524700
vt 0.685500 0.524900
vt 0.686900 0.522700
vt 0.689200 0.522000
vt 0.689000 0.522500
vt 0.687200 0.523000
vt 0.689000 0.522800
vt 0.687400 0.523300
vt 0.688900 0.523200
vt 0.689700 0.524900
vt 0.686800 0.525100
vt 0.686000 0.525000
vt 0.682900 0.544900
vt 0.682200 0.541400
vt 0.678300 0.530500
vt 0.676400 0.543800
vt 0.674900 0.540600
vt 0.670300 0.531800
vt 0.678100 0.548600
vt 0.681800 0.549000
vt 0.684600 0.551300
vt 0.674500 0.550400
vt 0.670400 0.547400
vt 0.667800 0.545500
vt 0.673300 0.554200
vt 0.668500 0.554000
vt 0.666100 0.553700
vt 0.661000 0.540400
vt 0.660600 0.553000
vt 0.669500 0.562100
vt 0.665300 0.564000
vt 0.671500 0.561300
vt 0.676100 0.568400
vt 0.674200 0.569300
vt 0.670100 0.571400
vt 0.678600 0.576100
vt 0.677000 0.576900
vt 0.673400 0.578700
vt 0.680200 0.585200
vt 0.678900 0.585800
vt 0.675600 0.587200
vt 0.681000 0.594500
vt 0.679700 0.594800
vt 0.676700 0.595600
vt 0.674800 0.587500
vt 0.672500 0.579100
vt 0.676000 0.595800
vt 0.674700 0.587600
vt 0.672400 0.579100
vt 0.675900 0.595900
vt 0.726900 0.057500
vt 0.727000 0.057500
vt 0.724800 0.065900
vt 0.724600 0.065900
vt 0.728000 0.049200
vt 0.728200 0.049200
vt 0.727800 0.057800
vt 0.725700 0.066300
vt 0.728900 0.049400
vt 0.729500 0.041800
vt 0.728800 0.041700
vt 0.728600 0.041700
vt 0.730000 0.035000
vt 0.729600 0.034900
vt 0.729400 0.034900
vt 0.677400 0.610100
vt 0.676600 0.603300
vt 0.676700 0.603300
vt 0.677600 0.610100
vt 0.730600 0.028800
vt 0.730800 0.028900
vt 0.678700 0.616200
vt 0.678800 0.616100
vt 0.678000 0.610000
vt 0.677400 0.603200
vt 0.679000 0.616000
vt 0.680100 0.602800
vt 0.679800 0.609700
vt 0.679500 0.615100
vt 0.680100 0.615800
vt 0.680300 0.616000
vt 0.679800 0.615100
vt 0.680600 0.609700
vt 0.682100 0.609800
vt 0.681200 0.602700
vt 0.683500 0.602800
vt 0.683700 0.594000
vt 0.683100 0.584200
vt 0.684400 0.593900
vt 0.684200 0.602800
vt 0.683900 0.583900
vt 0.682100 0.573900
vt 0.682800 0.574400
vt 0.681900 0.568100
vt 0.681200 0.566100
vt 0.679900 0.566500
vt 0.675700 0.559700
vt 0.676700 0.559400
vt 0.674500 0.554200
vt 0.675500 0.551100
vt 0.675900 0.551400
vt 0.675000 0.554200
vt 0.677200 0.559100
vt 0.726900 0.090700
vt 0.727300 0.090800
vt 0.728200 0.093500
vt 0.727900 0.093800
vt 0.729100 0.085600
vt 0.729500 0.085800
vt 0.725700 0.090800
vt 0.726900 0.094600
vt 0.728100 0.085200
vt 0.720800 0.091000
vt 0.723800 0.083700
vt 0.722800 0.097600
vt 0.730400 0.096300
vt 0.728800 0.101100
vt 0.730800 0.095200
vt 0.727300 0.104400
vt 0.720200 0.099500
vt 0.718400 0.091200
vt 0.713400 0.104600
vt 0.713000 0.091900
vt 0.722700 0.113200
vt 0.734600 0.103500
vt 0.730700 0.114400
vt 0.735300 0.100000
vt 0.738900 0.096600
vt 0.734200 0.095900
vt 0.736900 0.093600
vt 0.736400 0.092900
vt 0.733900 0.094900
vt 0.730900 0.094700
vt 0.733700 0.094500
vt 0.736000 0.092700
vt 0.678400 0.549800
vt 0.681500 0.550000
vt 0.681300 0.550500
vt 0.678500 0.550200
vt 0.684000 0.552000
vt 0.683600 0.552300
vt 0.684300 0.556600
vt 0.684900 0.556600
vt 0.736700 0.088300
vt 0.737200 0.088300
vt 0.683400 0.561300
vt 0.682900 0.561100
vt 0.735200 0.083800
vt 0.735700 0.083600
vt 0.738100 0.089000
vt 0.737000 0.083200
vt 0.734600 0.082700
vt 0.735100 0.082500
vt 0.736600 0.082000
vt 0.743100 0.079400
vt 0.743000 0.078900
vt 0.736200 0.081700
vt 0.734600 0.082200
vt 0.744700 0.078700
vt 0.744700 0.078200
vt 0.746300 0.079400
vt 0.746300 0.078900
vt 0.752800 0.081900
vt 0.752400 0.083100
vt 0.753200 0.081600
vt 0.746300 0.077200
vt 0.753100 0.079800
vt 0.744700 0.076500
vt 0.746100 0.069000
vt 0.752100 0.070700
vt 0.744600 0.068600
vt 0.743000 0.077200
vt 0.743200 0.069000
vt 0.736300 0.079900
vt 0.737200 0.070800
vt 0.743300 0.059800
vt 0.744600 0.059600
vt 0.738200 0.060700
vt 0.735700 0.071200
vt 0.737000 0.060900
vt 0.734600 0.080800
vt 0.734700 0.078100
vt 0.735500 0.070800
vt 0.736400 0.062700
vt 0.734100 0.082400
vt 0.734100 0.081700
vt 0.734300 0.079400
vt 0.734200 0.078700
vt 0.734300 0.077800
vt 0.735300 0.070600
vt 0.734200 0.076800
vt 0.735100 0.070500
vt 0.733400 0.078900
vt 0.733500 0.079700
vt 0.681300 0.565200
vt 0.681800 0.566200
vt 0.682000 0.567100
vt 0.682000 0.565500
vt 0.682400 0.566800
vt 0.683100 0.574400
vt 0.683200 0.574100
vt 0.683500 0.573800
vt 0.682300 0.564100
vt 0.681800 0.563200
vt 0.684900 0.574100
vt 0.682300 0.562700
vt 0.681800 0.562500
vt 0.686000 0.584200
vt 0.684700 0.584000
vt 0.684200 0.582200
vt 0.686700 0.596900
vt 0.686200 0.597000
vt 0.684400 0.585700
vt 0.687700 0.596800
vt 0.684300 0.583800
vt 0.691100 0.585100
vt 0.691500 0.596800
vt 0.690900 0.575900
vt 0.692400 0.576300
vt 0.692400 0.585200
vt 0.692400 0.596800
vt 0.693800 0.575900
vt 0.693600 0.585000
vt 0.693300 0.596800
vt 0.697100 0.596800
vt 0.698700 0.584200
vt 0.699800 0.574100
vt 0.692800 0.616800
vt 0.692400 0.616800
vt 0.694000 0.614500
vt 0.693900 0.616900
vt 0.698000 0.596800
vt 0.700000 0.584000
vt 0.698500 0.596900
vt 0.694200 0.617000
vt 0.700300 0.585700
vt 0.701200 0.573800
vt 0.701500 0.574100
vt 0.700500 0.582200
vt 0.700400 0.583800
vt 0.752700 0.062600
vt 0.752200 0.060800
vt 0.752500 0.059100
vt 0.752600 0.061100
vt 0.750100 0.048000
vt 0.750600 0.047900
vt 0.750900 0.060600
vt 0.753500 0.071100
vt 0.749100 0.048000
vt 0.753700 0.070700
vt 0.752900 0.062700
vt 0.753900 0.070500
vt 0.752600 0.061200
vt 0.754700 0.078000
vt 0.755000 0.077300
vt 0.754800 0.080700
vt 0.755200 0.078600
vt 0.755100 0.079300
vt 0.755300 0.081600
vt 0.702700 0.567500
vt 0.702300 0.566800
vt 0.702700 0.565500
vt 0.702900 0.566200
vt 0.702900 0.563200
vt 0.702400 0.564200
vt 0.755200 0.082300
vt 0.754800 0.082100
vt 0.702900 0.562500
vt 0.702400 0.562200
vt 0.754800 0.082600
vt 0.754300 0.082400
vt 0.701900 0.561200
vt 0.754200 0.083700
vt 0.753700 0.083500
vt 0.752200 0.088200
vt 0.751300 0.088900
vt 0.752800 0.088200
vt 0.753100 0.092800
vt 0.752600 0.093500
vt 0.753500 0.092600
vt 0.701200 0.552300
vt 0.700400 0.556600
vt 0.755600 0.094800
vt 0.755800 0.094400
vt 0.703300 0.550000
vt 0.703500 0.550500
vt 0.703000 0.549100
vt 0.706700 0.548700
vt 0.706400 0.549800
vt 0.706300 0.550300
vt 0.709200 0.551100
vt 0.708900 0.551400
vt 0.710200 0.550400
vt 0.758600 0.094600
vt 0.758700 0.095000
vt 0.761600 0.093700
vt 0.761300 0.093400
vt 0.759100 0.096200
vt 0.755400 0.095800
vt 0.762600 0.094400
vt 0.754300 0.099900
vt 0.750600 0.096500
vt 0.760800 0.101000
vt 0.755000 0.103400
vt 0.762300 0.104200
vt 0.767000 0.113000
vt 0.759000 0.114300
vt 0.756600 0.113700
vt 0.768000 0.114900
vt 0.760000 0.116700
vt 0.757600 0.116300
vt 0.755000 0.111300
vt 0.757400 0.116800
vt 0.757600 0.116500
vt 0.760000 0.116800
vt 0.757600 0.116900
vt 0.705200 0.528400
vt 0.707500 0.528000
vt 0.707500 0.528200
vt 0.705200 0.528500
vt 0.704900 0.528000
vt 0.705100 0.528000
vt 0.704600 0.524200
vt 0.704900 0.524200
vt 0.757100 0.120600
vt 0.757300 0.120700
vt 0.756200 0.123800
vt 0.756300 0.124300
vt 0.703700 0.521100
vt 0.703800 0.520600
vt 0.704200 0.531100
vt 0.702600 0.533600
vt 0.702600 0.541400
vt 0.706600 0.530600
vt 0.714500 0.531800
vt 0.709900 0.540600
vt 0.715600 0.529900
vt 0.715700 0.529800
vt 0.723800 0.540500
vt 0.725400 0.539300
vt 0.725500 0.539300
vt 0.768100 0.115100
vt 0.777800 0.105400
vt 0.777900 0.105500
vt 0.776200 0.104300
vt 0.777700 0.091800
vt 0.777900 0.091700
vt 0.776500 0.091600
vt 0.769300 0.099200
vt 0.771000 0.091000
vt 0.767600 0.082700
vt 0.771700 0.080700
vt 0.772700 0.080300
vt 0.762800 0.075500
vt 0.766900 0.073300
vt 0.767800 0.072800
vt 0.772800 0.080200
vt 0.767900 0.072700
vt 0.725300 0.553000
vt 0.725500 0.553000
vt 0.720500 0.564600
vt 0.720300 0.564500
vt 0.715600 0.572000
vt 0.715500 0.572000
vt 0.712300 0.579200
vt 0.712200 0.579100
vt 0.764400 0.065700
vt 0.764600 0.065600
vt 0.710000 0.587500
vt 0.709900 0.587500
vt 0.762100 0.057200
vt 0.762200 0.057200
vt 0.763600 0.066100
vt 0.761300 0.057600
vt 0.760800 0.048900
vt 0.761000 0.048900
vt 0.760100 0.049100
vt 0.760000 0.041500
vt 0.760200 0.041500
vt 0.759300 0.041600
vt 0.758000 0.059000
vt 0.757100 0.050000
vt 0.756600 0.042000
vt 0.758700 0.034800
vt 0.759100 0.034700
vt 0.756900 0.035100
vt 0.755900 0.050300
vt 0.755500 0.042100
vt 0.756100 0.035100
vt 0.756900 0.029700
vt 0.757200 0.029700
vt 0.757600 0.028800
vt 0.756600 0.029000
vt 0.754600 0.035000
vt 0.754100 0.034900
vt 0.756400 0.028900
vt 0.757800 0.028700
vt 0.753600 0.034800
vt 0.756000 0.028600
vt 0.758000 0.028600
vt 0.752500 0.042000
vt 0.752000 0.041900
vt 0.753200 0.042000
vt 0.752400 0.050900
vt 0.751900 0.050900
vt 0.753200 0.050800
vt 0.700300 0.593900
vt 0.700500 0.602800
vt 0.700000 0.602900
vt 0.699800 0.593900
vt 0.702200 0.609900
vt 0.701600 0.610000
vt 0.701200 0.602800
vt 0.702700 0.609800
vt 0.701100 0.594000
vt 0.700100 0.585400
vt 0.700800 0.583900
vt 0.701600 0.584200
vt 0.704500 0.585200
vt 0.703800 0.594500
vt 0.703500 0.602700
vt 0.705800 0.585800
vt 0.705000 0.594800
vt 0.704600 0.602800
vt 0.708000 0.595600
vt 0.707300 0.603200
vt 0.709100 0.587200
vt 0.705000 0.609700
vt 0.704200 0.609600
vt 0.706800 0.610000
vt 0.705400 0.615100
vt 0.705100 0.615100
vt 0.705800 0.615900
vt 0.704800 0.615800
vt 0.704600 0.615900
vt 0.706000 0.616000
vt 0.704200 0.616200
vt 0.706200 0.616100
vt 0.707200 0.610000
vt 0.707400 0.610100
vt 0.759300 0.034700
vt 0.708000 0.603300
vt 0.708200 0.603300
vt 0.708700 0.595800
vt 0.708900 0.595800
vt 0.711300 0.578700
vt 0.707700 0.576900
vt 0.714500 0.571500
vt 0.710500 0.569300
vt 0.719400 0.564000
vt 0.715200 0.562100
vt 0.708600 0.568400
vt 0.713200 0.561300
vt 0.706100 0.576100
vt 0.702600 0.573900
vt 0.704800 0.566500
vt 0.709000 0.559800
vt 0.711400 0.554200
vt 0.716300 0.554000
vt 0.718700 0.553800
vt 0.714400 0.547400
vt 0.716900 0.545600
vt 0.724100 0.553100
vt 0.708400 0.543800
vt 0.701900 0.545000
vt 0.710300 0.554300
vt 0.708000 0.559400
vt 0.707500 0.559100
vt 0.709800 0.554200
vt 0.762200 0.090600
vt 0.762600 0.090500
vt 0.760300 0.085400
vt 0.759900 0.085700
vt 0.763800 0.090600
vt 0.761400 0.085000
vt 0.756000 0.078800
vt 0.757100 0.078300
vt 0.755700 0.079500
vt 0.755200 0.077500
vt 0.754800 0.070900
vt 0.754100 0.070400
vt 0.753800 0.060600
vt 0.756700 0.059600
vt 0.758300 0.068700
vt 0.760900 0.076400
vt 0.753000 0.060900
vt 0.752300 0.059400
vt 0.700700 0.582100
vt 0.700400 0.583600
vt 0.701700 0.574400
vt 0.701900 0.574400
vt 0.702900 0.567400
vt 0.703600 0.566100
vt 0.703400 0.565400
vt 0.760000 0.067900
vt 0.765600 0.083500
vt 0.768700 0.090800
vt 0.766800 0.097400
vt 0.749900 0.094500
vt 0.745800 0.059800
vt 0.745700 0.028000
vt 0.746000 0.027900
vt 0.745900 0.030400
vt 0.745400 0.048100
vt 0.744600 0.028100
vt 0.744500 0.048100
vt 0.744300 0.028100
vt 0.743500 0.048100
vt 0.744400 0.023900
vt 0.744200 0.023900
vt 0.744200 0.023700
vt 0.744600 0.023800
vt 0.692800 0.621100
vt 0.692600 0.621000
vt 0.692500 0.621200
vt 0.692500 0.621000
vt 0.692100 0.616800
vt 0.692300 0.621000
vt 0.692100 0.621100
vt 0.691000 0.616900
vt 0.690800 0.614500
vt 0.690700 0.617000
vt 0.742800 0.028000
vt 0.742500 0.027900
vt 0.743800 0.023800
vt 0.744100 0.023900
vt 0.744000 0.028100
vt 0.742700 0.030400
vt 0.739800 0.048100
vt 0.738800 0.048100
vt 0.736600 0.059300
vt 0.738300 0.048000
vt 0.736500 0.061200
vt 0.736300 0.062800
vt 0.736500 0.061300
vt 0.684300 0.583700
vt 0.684000 0.582100
vt 0.736200 0.061000
vt 0.736800 0.059600
vt 0.735300 0.060800
vt 0.734400 0.071100
vt 0.736600 0.051000
vt 0.737100 0.051000
vt 0.735800 0.050900
vt 0.732400 0.059800
vt 0.733100 0.050500
vt 0.730900 0.068900
vt 0.728400 0.076600
vt 0.732300 0.078500
vt 0.729300 0.068100
vt 0.731100 0.059200
vt 0.726500 0.075700
vt 0.721900 0.082900
vt 0.717700 0.081000
vt 0.722500 0.073500
vt 0.716700 0.080600
vt 0.721500 0.073100
vt 0.721400 0.073000
vt 0.716600 0.080500
vt 0.669100 0.572000
vt 0.664200 0.564500
vt 0.664400 0.564400
vt 0.669200 0.571900
vt 0.659400 0.552900
vt 0.659200 0.552900
vt 0.659300 0.539200
vt 0.659400 0.539200
vt 0.711600 0.092000
vt 0.711800 0.092100
vt 0.711800 0.105700
vt 0.711700 0.105800
vt 0.721700 0.115100
vt 0.721600 0.115300
vt 0.729800 0.116800
vt 0.729700 0.117000
vt 0.669200 0.529700
vt 0.669300 0.529800
vt 0.677300 0.528000
vt 0.677300 0.528100
vt 0.731900 0.050200
vt 0.732200 0.042200
vt 0.733300 0.042200
vt 0.731800 0.035300
vt 0.732600 0.035300
vt 0.731400 0.029800
vt 0.731700 0.029900
vt 0.731000 0.029000
vt 0.732000 0.029100
vt 0.732200 0.029000
vt 0.732600 0.028800
vt 0.734600 0.035100
vt 0.734100 0.035200
vt 0.735200 0.034900
vt 0.736300 0.042100
vt 0.735600 0.042100
vt 0.736900 0.042000
vt 0.685000 0.593900
vt 0.684800 0.602900
vt 0.683200 0.610100
vt 0.682600 0.609900
vt 0.680600 0.616200
vt 0.684600 0.585400
vt 0.682800 0.562400
vt 0.682300 0.562200
vt 0.739600 0.094600
vt 0.682900 0.516200
vt 0.687000 0.515400
vt 0.684400 0.511400
vt 0.688300 0.511700
vt 0.700200 0.509200
s 1
usemtl 12337_Statue_Shiva_decoration
f 1/1/1 2/2/2 1310/3/3 4/4/4
f 1/1/1 3/5/5 944/6/6 2/2/2
f 5/7/7 7/8/8 3/5/5 1/1/1
f 6/9/9 5/7/7 1/1/1 4/4/4
f 6/9/9 11/10/10 8/11/11 5/7/7
f 5/7/7 8/11/11 9/12/12 7/8/8
f 8/11/11 10/13/13 993/14/14 9/12/12
f 8/11/11 11/10/10 13/15/15 10/13/13
f 752/16/16 12/17/17 11/10/10 6/9/9
f 13/15/15 11/10/10 12/17/17 15/18/18
f 10/13/13 13/15/15 14/19/19 992/20/20
f 13/15/15 15/18/18 16/21/21 14/19/19
f 15/18/18 12/17/17 21/22/22 17/23/23
f 18/24/24 16/21/21 15/18/18 17/23/23
f 18/24/24 17/23/23 19/25/25 1007/26/26
f 19/25/25 17/23/23 20/27/27 1162/28/28
f 20/27/27 17/23/23 21/22/22 22/29/29
f 23/30/30 24/31/31 22/29/29 21/22/22
f 21/22/22 12/17/17 26/32/32 23/30/30
f 24/31/31 23/30/30 25/33/33 38/34/34
f 28/35/35 25/33/33 23/30/30 26/32/32
f 12/17/17 752/16/16 27/36/36 26/32/32
f 29/37/37 28/35/35 26/32/32 27/36/36
f 31/38/38 30/39/39 28/35/35 29/37/37
f 25/33/33 28/35/35 30/39/39 33/40/40
f 742/41/41 32/42/42 30/39/39 31/38/38
f 33/40/40 30/39/39 32/42/42 34/43/43
f 35/44/44 33/40/40 34/43/43
f 33/40/40 35/44/44 25/33/33
f 34/43/43 737/45/45 36/46/46 35/44/44
f 36/46/46 40/47/47 37/48/48 35/44/44
f 38/34/34 25/33/33 35/44/44 37/48/48
f 1047/49/49 38/34/34 37/48/48 39/50/50
f 39/50/50 37/48/48 40/47/47 43/51/51
f 43/51/51 40/47/47 41/52/52 44/53/53
f 41/52/52 40/47/47 42/54/54 723/55/55
f 42/54/54 40/47/47 36/46/46 737/45/45
f 45/56/56 47/57/57 39/50/50 43/51/51
f 46/58/58 45/56/56 43/51/51 44/53/53
f 45/56/56 46/58/58 51/59/59 48/60/60
f 47/57/57 45/56/56 48/60/60 49/61/61
f 49/61/61 48/60/60 50/62/62 1044/63/63
f 53/64/64 50/62/62 48/60/60 51/59/59
f 46/58/58 727/65/65 52/66/66 51/59/59
f 55/67/67 53/64/64 51/59/59 52/66/66
f 50/62/62 53/64/64 54/68/68 1044/63/63
f 53/64/64 55/67/67 56/69/69 54/68/68
f 56/69/69 55/67/67 57/70/70 59/71/71
f 52/66/66 58/72/72 57/70/70 55/67/67
f 58/72/72 61/73/73 60/74/74 57/70/70
f 57/70/70 60/74/74 63/75/75 59/71/71
f 61/73/73 1314/76/76 62/77/77 60/74/74
f 60/74/74 62/77/77 65/78/78 63/75/75
f 66/79/79 64/80/80 63/75/75 65/78/78
f 59/71/71 63/75/75 64/80/80 547/81/81
f 65/78/78 67/82/82 70/83/83 66/79/79
f 65/78/78 62/77/77 69/84/84 67/82/82
f 68/85/85 67/82/82 69/84/84 707/86/86
f 68/85/85 71/87/87 70/83/83 67/82/82
f 72/88/88 70/83/83 71/87/87 73/89/89
f 72/88/88 75/90/90 66/79/79 70/83/83
f 73/89/89 1319/91/91 74/92/92 72/88/88
f 75/90/90 72/88/88 74/92/92 76/93/93
f 76/93/93 79/94/94 77/95/95 75/90/90
f 75/90/90 77/95/95 64/80/80 66/79/79
f 64/80/80 77/95/95 78/96/96 547/81/81
f 82/97/97 78/96/96 77/95/95 79/94/94
f 76/93/93 74/92/92 80/98/98 79/94/94
f 79/94/94 80/98/98 1321/99/99 81/100/100
f 82/97/97 79/94/94 81/100/100 84/101/101
f 82/102/97 83/103/102 545/104/103 78/105/96
f 83/103/102 82/102/97 84/106/101 86/107/104
f 86/107/104 84/106/101 85/108/105 88/109/106
f 84/101/101 81/100/100 1323/110/107 85/111/105
f 537/112/108 83/103/102 86/107/104 87/113/109
f 87/113/109 86/107/104 88/109/106 89/114/110
f 88/109/106 90/115/111 91/116/112 89/114/110
f 85/108/105 92/117/113 90/115/111 88/109/106
f 93/118/114 95/119/115 91/116/112 90/115/111
f 94/120/116 93/118/114 90/115/111 92/117/113
f 93/118/114 94/120/116 97/121/117 96/122/118
f 95/119/115 93/118/114 96/122/118 99/123/119
f 96/122/118 97/121/117 514/124/120 98/125/121
f 99/123/119 96/122/118 98/125/121 100/126/122
f 101/127/123 99/123/119 100/126/122 104/128/124
f 102/129/125 95/119/115 99/123/119 101/127/123
f 524/130/126 102/129/125 101/127/123 103/131/127
f 103/131/127 101/127/123 104/128/124 105/132/128
f 105/132/128 104/128/124 106/133/129 109/134/130
f 104/128/124 100/126/122 107/135/131 106/133/129
f 106/133/129 107/135/131 1326/136/132 108/137/133
f 109/134/130 106/133/129 108/137/133 111/138/134
f 1325/139/135 105/140/128 109/141/130 110/142/136
f 110/142/136 109/141/130 111/143/134 112/144/137
f 112/144/137 111/143/134 113/145/138 114/146/139
f 111/138/134 108/137/133 115/147/140 113/148/138
f 116/149/141 117/150/142 114/146/139 113/145/138
f 118/151/143 116/152/141 113/148/138 115/147/140
f 117/150/142 116/149/141 119/153/144 120/154/145
f 116/152/141 118/151/143 122/155/146 119/156/144
f 120/154/145 119/153/144 121/157/147 151/158/148
f 119/156/144 122/155/146 124/159/149 121/160/147
f 118/151/143 135/161/150 123/162/151 122/155/146
f 122/155/146 123/162/151 126/163/152 124/159/149
f 121/160/147 124/159/149 125/164/153 154/165/154
f 124/159/149 126/163/152 127/166/155 125/164/153
f 126/163/152 128/167/156 129/168/157 127/166/155
f 123/162/151 131/169/158 128/167/156 126/163/152
f 128/167/156 130/170/159 497/171/160 129/168/157
f 131/169/158 132/172/161 130/170/159 128/167/156
f 133/173/162 134/174/163 132/172/161 131/169/158
f 135/161/150 133/173/162 131/169/158 123/162/151
f 134/174/163 133/173/162 136/175/164 139/176/165
f 133/173/162 135/161/150 137/177/166 136/175/164
f 1326/136/132 138/178/167 136/175/164 137/177/166
f 138/178/167 140/179/168 139/176/165 136/175/164
f 140/180/168 143/181/169 141/182/170 139/183/165
f 144/184/171 134/185/163 139/183/165 141/182/170
f 146/186/172 144/184/171 141/182/170 142/187/173
f 143/181/169 509/188/174 142/187/173 141/182/170
f 134/185/163 144/184/171 145/189/175 132/190/161
f 144/184/171 146/186/172 147/191/176 145/189/175
f 117/150/142 146/186/172 142/187/173 114/146/139
f 146/186/172 117/150/142 120/154/145 147/191/176
f 145/189/175 147/191/176 148/192/177 150/193/178
f 147/191/176 120/154/145 151/158/148 148/192/177
f 150/193/178 148/192/177 149/194/179 498/195/180
f 148/192/177 151/158/148 152/196/181 149/194/179
f 151/158/148 121/157/147 154/197/154 152/196/181
f 149/194/179 152/196/181 153/198/182 499/199/183
f 152/196/181 154/197/154 155/200/184 153/198/182
f 154/165/154 125/164/153 156/201/185 155/202/184
f 153/198/182 155/200/184 157/203/186 158/204/187
f 155/202/184 156/201/185 160/205/188 157/206/186
f 504/207/189 158/204/187 157/203/186 159/208/190
f 159/209/190 157/206/186 160/205/188 162/210/191
f 156/201/185 508/211/192 161/212/193 160/205/188
f 162/210/191 160/205/188 161/212/193 163/213/194
f 159/209/190 162/210/191 164/214/195 167/215/196
f 162/210/191 163/213/194 165/216/197 164/214/195
f 164/214/195 165/216/197 484/217/197 166/218/198
f 167/215/196 164/214/195 166/218/198 169/219/196
f 504/207/189 159/208/190 167/220/196 168/221/199
f 168/221/199 167/220/196 169/222/196 171/223/200
f 169/219/196 166/218/198 483/224/198 170/225/196
f 171/223/200 169/222/196 170/226/196 173/227/199
f 172/228/201 171/223/200 173/227/199 174/229/201
f 503/230/202 168/221/199 171/223/200 172/228/201
f 174/229/201 173/227/199 175/231/199 177/232/202
f 173/227/199 170/226/196 176/233/196 175/231/199
f 175/231/199 176/233/196 179/234/196 178/235/200
f 177/232/202 175/231/199 178/235/200 180/236/202
f 178/235/200 179/234/196 183/237/196 181/238/199
f 180/236/202 178/235/200 181/238/199 184/239/202
f 184/239/202 181/238/199 182/240/200 186/241/202
f 181/238/199 183/237/196 465/242/196 182/240/200
f 185/243/203 184/239/202 186/241/202 187/244/203
f 474/245/203 180/236/202 184/239/202 185/243/203
f 187/244/203 186/241/202 188/246/201 189/247/203
f 186/241/202 182/240/200 191/248/199 188/246/201
f 189/247/203 188/246/201 190/249/202 448/250/203
f 188/246/201 191/248/199 193/251/199 190/249/202
f 191/248/199 192/252/204 194/253/196 193/251/199
f 182/240/200 465/242/196 192/252/204 191/248/199
f 193/251/199 194/253/196 197/254/204 195/255/200
f 190/249/202 193/251/199 195/255/200 196/256/202
f 196/256/202 195/255/200 198/257/200 199/258/202
f 195/255/200 197/254/204 201/259/196 198/257/200
f 199/258/202 198/257/200 200/260/199 445/261/202
f 198/257/200 201/259/196 203/262/196 200/260/199
f 197/263/204 463/264/198 202/265/198 201/266/196
f 201/266/196 202/265/198 205/267/205 203/268/196
f 200/260/199 203/262/196 204/269/196 443/270/199
f 203/268/196 205/267/205 206/271/198 204/272/196
f 202/265/198 208/273/197 207/274/197 205/267/205
f 205/267/205 207/274/197 209/275/197 206/271/198
f 208/273/197 211/276/206 210/277/207 207/274/197
f 207/274/197 210/277/207 212/278/207 209/275/197
f 211/276/206 214/279/208 213/280/208 210/277/207
f 210/277/207 213/280/208 216/281/209 212/278/207
f 214/282/208 446/283/203 215/284/203 213/285/208
f 213/285/208 215/284/203 217/286/203 216/287/209
f 216/287/209 217/286/203 219/288/203 218/289/208
f 212/278/207 216/281/209 218/290/208 221/291/207
f 218/289/208 219/288/203 438/292/203 220/293/210
f 221/291/207 218/290/208 220/294/210 222/295/207
f 209/275/197 212/278/207 221/291/207 223/296/197
f 223/296/197 221/291/207 222/295/207 225/297/197
f 224/298/211 223/296/197 225/297/197 226/299/198
f 206/271/198 209/275/197 223/296/197 224/298/211
f 226/299/198 225/297/197 227/300/197 228/301/198
f 225/297/197 222/295/207 230/302/207 227/300/197
f 228/301/198 227/300/197 229/303/197 429/304/198
f 227/300/197 230/302/207 231/305/207 229/303/197
f 222/295/207 220/294/210 232/306/209 230/302/207
f 230/302/207 232/306/209 234/307/209 231/305/207
f 220/293/210 438/292/203 233/308/203 232/309/209
f 232/309/209 233/308/203 235/310/203 234/311/209
f 234/311/209 235/310/203 237/312/203 236/313/209
f 231/305/207 234/307/209 236/314/209 239/315/207
f 236/313/209 237/312/203 251/316/203 238/317/208
f 239/315/207 236/314/209 238/318/208 241/319/207
f 240/320/197 239/315/207 241/319/207 242/321/197
f 229/303/197 231/305/207 239/315/207 240/320/197
f 242/321/197 241/319/207 243/322/206 244/323/212
f 241/319/207 238/318/208 246/324/208 243/322/206
f 244/323/212 243/322/206 245/325/207 264/326/197
f 243/322/206 246/324/208 247/327/213 245/325/207
f 246/328/208 248/329/203 249/330/203 247/331/213
f 238/317/208 251/316/203 248/329/203 246/328/208
f 248/329/203 250/332/202 274/333/202 249/330/203
f 251/316/203 252/334/202 250/332/202 248/329/203
f 237/312/203 253/335/201 252/334/202 251/316/203
f 253/335/201 255/336/200 254/337/199 252/334/202
f 252/334/202 254/337/199 256/338/199 250/332/202
f 255/336/200 258/339/196 257/340/196 254/337/199
f 254/337/199 257/340/196 260/341/214 256/338/199
f 258/342/196 428/343/211 259/344/198 257/345/196
f 257/345/196 259/344/198 262/346/198 260/347/214
f 256/338/199 260/341/214 261/348/196 273/349/199
f 260/347/214 262/346/198 263/350/198 261/351/196
f 262/346/198 244/323/212 264/326/197 263/350/198
f 259/344/198 242/321/197 244/323/212 262/346/198
f 265/352/198 268/353/214 261/351/196 263/350/198
f 266/354/197 265/352/198 263/350/198 264/326/197
f 285/355/197 267/356/205 265/352/198 266/354/197
f 267/356/205 269/357/204 268/353/214 265/352/198
f 268/358/214 270/359/199 273/349/199 261/348/196
f 269/360/204 272/361/199 270/359/199 268/358/214
f 270/359/199 271/362/202 274/333/202 273/349/199
f 272/361/199 275/363/202 271/362/202 270/359/199
f 250/332/202 256/338/199 273/349/199 274/333/202
f 271/362/202 294/364/203 249/330/203 274/333/202
f 276/365/200 277/366/202 275/363/202 272/361/199
f 279/367/196 276/365/200 272/361/199 269/360/204
f 278/368/199 298/369/202 277/366/202 276/365/200
f 280/370/214 278/368/199 276/365/200 279/367/196
f 282/371/198 280/372/214 279/373/196 281/374/198
f 281/374/198 279/373/196 269/357/204 267/356/205
f 284/375/197 282/371/198 281/374/198 283/376/197
f 283/376/197 281/374/198 267/356/205 285/355/197
f 288/377/207 284/375/197 283/376/197 286/378/207
f 286/378/207 283/376/197 285/355/197 289/379/207
f 287/380/209 286/378/207 289/379/207 291/381/209
f 297/382/208 288/377/207 286/378/207 287/380/209
f 289/379/207 285/355/197 266/354/197 290/383/215
f 291/381/209 289/379/207 290/383/215 293/384/209
f 295/385/203 287/386/209 291/387/209 292/388/203
f 292/388/203 291/387/209 293/389/209 294/364/203
f 293/384/209 290/383/215 245/325/207 247/327/213
f 294/364/203 293/389/209 247/331/213 249/330/203
f 275/363/202 292/388/203 294/364/203 271/362/202
f 277/366/202 295/385/203 292/388/203 275/363/202
f 298/369/202 296/390/203 295/385/203 277/366/202
f 296/390/203 297/391/208 287/386/209 295/385/203
f 299/392/203 301/393/208 297/391/208 296/390/203
f 302/394/202 299/392/203 296/390/203 298/369/202
f 303/395/202 300/396/203 299/392/203 302/394/202
f 300/396/203 316/397/208 301/393/208 299/392/203
f 305/398/199 303/395/202 302/394/202 304/399/199
f 304/399/199 302/394/202 298/369/202 278/368/199
f 307/400/214 305/398/199 304/399/199 306/401/214
f 306/401/214 304/399/199 278/368/199 280/370/214
f 310/402/198 307/403/214 306/404/214 308/405/205
f 308/405/205 306/404/214 280/372/214 282/371/198
f 309/406/197 308/405/205 282/371/198 284/375/197
f 312/407/197 310/402/198 308/405/205 309/406/197
f 313/408/197 311/409/198 310/402/198 312/407/197
f 311/409/198 325/410/196 307/403/214 310/402/198
f 315/411/207 313/408/197 312/407/197 314/412/207
f 314/412/207 312/407/197 309/406/197 317/413/207
f 318/414/208 315/411/207 314/412/207 316/415/208
f 316/415/208 314/412/207 317/413/207 301/416/208
f 317/413/207 309/406/197 284/375/197 288/377/207
f 301/416/208 317/413/207 288/377/207 297/382/208
f 320/417/216 318/418/208 316/397/208 300/396/203
f 319/419/209 426/420/207 315/411/207 318/414/208
f 321/421/203 319/422/209 318/418/208 320/417/216
f 323/423/202 321/421/203 320/417/216 322/424/202
f 322/424/202 320/417/216 300/396/203 303/395/202
f 326/425/199 323/423/202 322/424/202 324/426/199
f 324/426/199 322/424/202 303/395/202 305/398/199
f 325/427/196 324/426/199 305/398/199 307/400/214
f 327/428/196 326/425/199 324/426/199 325/427/196
f 331/429/214 328/430/200 326/425/199 327/428/196
f 328/430/200 329/431/202 323/423/202 326/425/199
f 330/432/199 373/433/201 329/431/202 328/430/200
f 332/434/204 330/432/199 328/430/200 331/429/214
f 336/435/198 332/436/204 331/437/214 333/438/198
f 333/438/198 331/437/214 327/439/196 334/440/198
f 335/441/197 333/438/198 334/440/198 427/442/197
f 338/443/197 336/435/198 333/438/198 335/441/197
f 339/444/212 337/445/205 336/435/198 338/443/197
f 337/445/205 376/446/217 332/436/204 336/435/198
f 343/447/207 339/444/212 338/443/197 340/448/207
f 340/448/207 338/443/197 335/441/197 341/449/207
f 342/450/208 340/448/207 341/449/207 380/451/208
f 344/452/208 343/447/207 340/448/207 342/450/208
f 345/453/207 347/454/197 339/444/212 343/447/207
f 346/455/208 345/453/207 343/447/207 344/452/208
f 350/456/208 348/457/207 345/453/207 346/455/208
f 348/457/207 351/458/197 347/454/197 345/453/207
f 349/459/215 353/460/197 351/458/197 348/457/207
f 382/461/208 349/459/215 348/457/207 350/456/208
f 351/458/197 352/462/198 378/463/198 347/454/197
f 353/460/197 355/464/198 352/462/198 351/458/197
f 385/465/206 354/466/197 353/460/197 349/459/215
f 354/466/197 356/467/198 355/464/198 353/460/197
f 356/467/198 358/468/214 357/469/214 355/464/198
f 355/464/198 357/469/214 359/470/214 352/462/198
f 358/471/214 361/472/199 360/473/218 357/474/214
f 357/474/214 360/473/218 362/475/199 359/476/214
f 361/472/199 364/477/202 363/478/202 360/473/218
f 360/473/218 363/478/202 366/479/202 362/475/199
f 364/477/202 381/480/219 365/481/203 363/478/202
f 363/478/202 365/481/203 368/482/203 366/479/202
f 362/475/199 366/479/202 367/483/202 375/484/199
f 366/479/202 368/482/203 369/485/216 367/483/202
f 365/481/203 382/486/208 350/487/208 368/482/203
f 368/482/203 350/487/208 346/488/208 369/485/216
f 369/485/216 346/488/208 344/489/208 370/490/203
f 367/483/202 369/485/216 370/490/203 372/491/201
f 370/490/203 344/489/208 342/492/208 371/493/203
f 372/491/201 370/490/203 371/493/203 373/433/201
f 374/494/220 372/491/201 373/433/201 330/432/199
f 375/484/199 367/483/202 372/491/201 374/494/220
f 377/495/204 375/484/199 374/494/220 376/496/217
f 376/496/217 374/494/220 330/432/199 332/434/204
f 378/463/198 377/497/204 376/446/217 337/445/205
f 352/462/198 359/470/214 377/497/204 378/463/198
f 359/476/214 362/475/199 375/484/199 377/495/204
f 347/454/197 378/463/198 337/445/205 339/444/212
f 373/433/201 371/493/203 379/498/203 329/431/202
f 371/493/203 342/492/208 380/499/208 379/498/203
f 379/498/203 380/499/208 319/422/209 321/421/203
f 329/431/202 379/498/203 321/421/203 323/423/202
f 380/451/208 341/449/207 426/420/207 319/419/209
f 381/480/219 383/500/208 382/486/208 365/481/203
f 383/501/208 385/465/206 349/459/215 382/461/208
f 384/502/210 386/503/207 385/465/206 383/501/208
f 402/504/203 384/505/210 383/500/208 381/480/219
f 386/503/207 388/506/197 354/466/197 385/465/206
f 405/507/208 387/508/207 386/503/207 384/502/210
f 387/508/207 390/509/197 388/506/197 386/503/207
f 388/506/197 389/510/198 356/467/198 354/466/197
f 390/509/197 392/511/198 389/510/198 388/506/197
f 408/512/215 391/513/221 390/509/197 387/508/207
f 391/513/221 393/514/222 392/511/198 390/509/197
f 392/511/198 394/515/214 396/516/214 389/510/198
f 393/514/222 395/517/204 394/515/214 392/511/198
f 395/518/204 398/519/223 397/520/220 394/521/214
f 394/521/214 397/520/220 400/522/220 396/523/214
f 398/519/223 420/524/224 399/525/201 397/520/220
f 397/520/220 399/525/201 401/526/201 400/522/220
f 396/523/214 400/522/220 361/472/199 358/471/214
f 400/522/220 401/526/201 364/477/202 361/472/199
f 401/526/201 402/504/203 381/480/219 364/477/202
f 399/525/201 403/527/203 402/504/203 401/526/201
f 403/527/203 405/528/208 384/505/210 402/504/203
f 420/524/224 404/529/219 403/527/203 399/525/201
f 404/529/219 406/530/213 405/528/208 403/527/203
f 406/531/213 408/512/215 387/508/207 405/507/208
f 406/530/213 404/529/219 417/532/225 407/533/226
f 407/534/226 409/535/227 408/512/215 406/531/213
f 409/535/227 410/536/228 391/513/221 408/512/215
f 409/537/227 407/538/226 414/539/229 411/540/230
f 410/541/228 409/537/227 411/540/230 412/542/231
f 412/542/231 411/540/230 413/543/232
f 411/540/230 414/539/229 413/543/232
f 407/538/226 417/544/225 415/545/233 414/539/229
f 414/539/229 415/545/233 413/543/232
f 415/545/233 416/546/234 413/543/232
f 417/544/225 418/547/235 416/546/234 415/545/233
f 404/529/219 420/524/224 418/548/235 417/532/225
f 418/547/235 419/549/236 421/550/237 416/546/234
f 419/551/236 418/548/235 420/524/224 398/519/223
f 422/552/238 419/551/236 398/519/223 395/518/204
f 419/549/236 422/553/238 423/554/239 421/550/237
f 395/517/204 393/514/222 424/555/240 422/556/238
f 422/553/238 424/557/240 425/558/241 423/554/239
f 424/557/240 410/541/228 412/542/231 425/558/241
f 393/514/222 391/513/221 410/536/228 424/555/240
f 425/558/241 412/542/231 413/543/232
f 423/554/239 425/558/241 413/543/232
f 421/550/237 423/554/239 413/543/232
f 416/546/234 421/550/237 413/543/232
f 389/510/198 396/516/214 358/468/214 356/467/198
f 341/449/207 335/441/197 427/442/197 426/420/207
f 426/420/207 427/442/197 313/408/197 315/411/207
f 427/442/197 334/440/198 311/409/198 313/408/197
f 334/440/198 327/439/196 325/410/196 311/409/198
f 290/383/215 266/354/197 264/326/197 245/325/207
f 428/343/211 240/320/197 242/321/197 259/344/198
f 429/304/198 229/303/197 240/320/197 428/343/211
f 430/559/196 429/304/198 428/343/211 258/342/196
f 431/560/214 228/301/198 429/304/198 430/559/196
f 433/561/199 431/562/214 430/563/196 432/564/199
f 432/564/199 430/563/196 258/339/196 255/336/200
f 435/565/202 433/561/199 432/564/199 434/566/202
f 434/566/202 432/564/199 255/336/200 253/335/201
f 235/310/203 434/566/202 253/335/201 237/312/203
f 233/308/203 435/565/202 434/566/202 235/310/203
f 436/567/202 439/568/199 433/561/199 435/565/202
f 438/292/203 436/567/202 435/565/202 233/308/203
f 437/569/202 440/570/199 439/568/199 436/567/202
f 219/288/203 437/569/202 436/567/202 438/292/203
f 440/570/199 442/571/196 441/572/196 439/568/199
f 439/568/199 441/572/196 431/562/214 433/561/199
f 442/573/196 224/298/211 226/299/198 441/574/196
f 441/574/196 226/299/198 228/301/198 431/560/214
f 443/270/199 204/269/196 442/571/196 440/570/199
f 204/272/196 206/271/198 224/298/211 442/573/196
f 444/575/201 443/270/199 440/570/199 437/569/202
f 445/261/202 200/260/199 443/270/199 444/575/201
f 217/286/203 444/575/201 437/569/202 219/288/203
f 215/284/203 445/261/202 444/575/201 217/286/203
f 446/283/203 199/258/202 445/261/202 215/284/203
f 447/576/203 196/256/202 199/258/202 446/283/203
f 449/577/213 447/576/203 446/283/203 214/282/208
f 448/250/203 190/249/202 196/256/202 447/576/203
f 450/578/208 448/250/203 447/576/203 449/577/213
f 453/579/207 450/580/208 449/581/213 451/582/207
f 451/582/207 449/581/213 214/279/208 211/276/206
f 452/583/197 451/582/207 211/276/206 208/273/197
f 454/584/197 453/579/207 451/582/207 452/583/197
f 458/585/197 455/586/207 453/579/207 454/584/197
f 455/586/207 457/587/208 450/580/208 453/579/207
f 459/588/197 456/589/215 455/586/207 458/585/197
f 456/589/215 473/590/213 457/587/208 455/586/207
f 461/591/205 459/588/197 458/585/197 460/592/198
f 460/592/198 458/585/197 454/584/197 462/593/198
f 465/594/196 461/591/205 460/592/198 192/595/204
f 192/595/204 460/592/198 462/593/198 194/596/196
f 194/596/196 462/593/198 463/264/198 197/263/204
f 462/593/198 454/584/197 452/583/197 463/264/198
f 463/264/198 452/583/197 208/273/197 202/265/198
f 464/597/211 467/598/212 459/588/197 461/591/205
f 183/599/196 464/597/211 461/591/205 465/594/196
f 466/600/198 468/601/197 467/598/212 464/597/211
f 179/602/196 466/600/198 464/597/211 183/599/196
f 468/601/197 470/603/207 469/604/215 467/598/212
f 467/598/212 469/604/215 456/589/215 459/588/197
f 470/603/207 472/605/209 471/606/208 469/604/215
f 469/604/215 471/606/208 473/590/213 456/589/215
f 472/607/209 474/245/203 185/243/203 471/608/208
f 471/608/208 185/243/203 187/244/203 473/609/213
f 473/609/213 187/244/203 189/247/203 457/610/208
f 475/611/208 477/612/203 474/245/203 472/607/209
f 478/613/207 475/614/208 472/605/209 470/603/207
f 479/615/207 476/616/209 475/614/208 478/613/207
f 476/617/209 507/618/203 477/612/203 475/611/208
f 481/619/197 479/615/207 478/613/207 480/620/197
f 480/620/197 478/613/207 470/603/207 468/601/197
f 483/224/198 481/619/197 480/620/197 482/621/198
f 482/621/198 480/620/197 468/601/197 466/600/198
f 170/225/196 483/224/198 482/621/198 176/622/196
f 176/622/196 482/621/198 466/600/198 179/602/196
f 166/218/198 484/217/197 481/619/197 483/224/198
f 484/217/197 485/623/207 479/615/207 481/619/197
f 165/216/197 487/624/242 485/623/207 484/217/197
f 485/623/207 486/625/213 476/616/209 479/615/207
f 487/624/242 488/626/243 486/625/213 485/623/207
f 489/627/244 490/628/245 488/626/243 487/624/242
f 163/213/194 489/627/244 487/624/242 165/216/197
f 489/627/244 491/629/246 493/630/247 490/628/245
f 163/213/194 161/212/193 491/629/246 489/627/244
f 508/211/192 492/631/248 491/629/246 161/212/193
f 492/631/248 495/632/249 493/630/247 491/629/246
f 495/633/249 496/634/250 494/635/251 493/636/247
f 490/637/245 493/636/247 494/635/251 502/638/252
f 497/639/160 498/195/180 496/634/250 495/633/249
f 129/168/157 497/171/160 495/632/249 492/631/248
f 130/640/159 150/193/178 498/195/180 497/639/160
f 498/195/180 149/194/179 499/199/183 496/634/250
f 496/634/250 499/199/183 500/641/253 494/635/251
f 499/199/183 153/198/182 158/204/187 500/641/253
f 502/638/252 494/635/251 500/641/253 501/642/254
f 501/642/254 500/641/253 158/204/187 504/207/189
f 502/638/252 501/642/254 503/230/202 505/643/203
f 501/642/254 504/207/189 168/221/199 503/230/202
f 505/643/203 503/230/202 172/228/201 506/644/203
f 488/645/243 505/643/203 506/644/203 486/646/213
f 490/637/245 502/638/252 505/643/203 488/645/243
f 486/646/213 506/644/203 507/618/203 476/617/209
f 506/644/203 172/228/201 174/229/201 507/618/203
f 507/618/203 174/229/201 177/232/202 477/612/203
f 127/166/155 129/168/157 492/631/248 508/211/192
f 125/164/153 127/166/155 508/211/192 156/201/185
f 477/612/203 177/232/202 180/236/202 474/245/203
f 457/610/208 189/247/203 448/250/203 450/578/208
f 132/190/161 145/189/175 150/193/178 130/640/159
f 510/647/255 511/648/256 509/188/174 143/181/169
f 513/649/257 510/647/255 143/181/169 140/180/168
f 512/650/258 516/651/259 511/648/256 510/647/255
f 514/652/120 512/650/258 510/647/255 513/649/257
f 98/125/121 514/124/120 513/653/257 515/654/260
f 515/654/260 513/653/257 140/179/168 138/178/167
f 107/135/131 515/654/260 138/178/167 1326/136/132
f 100/126/122 98/125/121 515/654/260 107/135/131
f 97/655/117 517/656/261 512/650/258 514/652/120
f 517/656/261 519/657/262 516/651/259 512/650/258
f 94/658/116 518/659/263 517/656/261 97/655/117
f 518/659/263 521/660/264 519/657/262 517/656/261
f 519/657/262 520/661/265 1325/139/135 516/651/259
f 521/660/264 523/662/266 520/661/265 519/657/262
f 523/662/266 521/660/264 522/663/267 525/664/268
f 521/660/264 518/659/263 1324/665/269 522/663/267
f 523/662/266 524/666/126 103/667/127 520/661/265
f 524/666/126 523/662/266 525/664/268 527/668/270
f 526/669/271 525/664/268 522/663/267 1322/670/272
f 529/671/273 527/668/270 525/664/268 526/669/271
f 102/129/125 524/130/126 527/672/270 528/673/274
f 531/674/275 528/673/274 527/672/270 529/675/273
f 530/676/276 532/677/277 531/674/275 529/675/273
f 1320/678/278 530/679/276 529/671/273 526/669/271
f 89/114/110 91/116/112 528/673/274 531/674/275
f 532/677/277 87/113/109 89/114/110 531/674/275
f 533/680/279 537/112/108 87/113/109 532/677/277
f 535/681/280 533/680/279 532/677/277 530/676/276
f 536/682/281 533/680/279 534/683/282 542/684/283
f 535/681/280 1316/685/284 534/683/282 533/680/279
f 536/682/281 538/686/285 537/112/108 533/680/279
f 539/687/286 83/103/102 537/112/108 538/686/285
f 542/684/283 540/688/287 538/686/285 536/682/281
f 543/689/288 539/687/286 538/686/285 540/688/287
f 540/688/287 541/690/289 544/691/290 543/689/288
f 540/688/287 542/684/283 699/692/291 541/690/289
f 543/689/288 544/691/290 546/693/292 545/104/103
f 539/687/286 543/689/288 545/104/103 83/103/102
f 546/693/292 547/694/81 78/105/96 545/104/103
f 59/695/71 547/694/81 546/693/292 548/696/293
f 544/691/290 549/697/294 548/696/293 546/693/292
f 550/698/295 548/696/293 549/697/294 552/699/296
f 553/700/297 59/695/71 548/696/293 550/698/295
f 554/701/298 553/700/297 550/698/295 551/702/299
f 551/702/299 550/698/295 552/699/296 690/703/300
f 557/704/301 555/705/302 553/700/297 554/701/298
f 556/706/303 59/695/71 553/700/297 555/705/302
f 558/707/304 560/708/305 556/706/303 555/705/302
f 555/705/302 557/704/301 561/709/306 558/707/304
f 558/707/304 561/709/306 563/710/307 559/711/308
f 559/711/308 1030/712/309 560/708/305 558/707/304
f 562/713/310 561/709/306 557/704/301 667/714/311
f 565/715/312 563/710/307 561/709/306 562/713/310
f 559/711/308 563/710/307 564/716/313 1030/712/309
f 566/717/314 564/716/313 563/710/307 565/715/312
f 565/715/312 567/718/315 570/719/316 566/717/314
f 562/713/310 568/720/317 567/718/315 565/715/312
f 567/718/315 568/720/317 670/721/318 569/722/319
f 570/719/316 567/718/315 569/722/319 572/723/320
f 566/717/314 570/719/316 571/724/321
f 571/724/321 570/719/316 572/723/320 574/725/322
f 675/726/323 573/727/324 572/723/320 569/722/319
f 574/725/322 572/723/320 573/727/324 576/728/325
f 575/729/326 1204/730/327 571/724/321 574/725/322
f 575/729/326 574/725/322 576/728/325 577/731/328
f 579/732/329 582/733/330 577/731/328 576/728/325
f 576/728/325 578/734/331 581/735/332 579/732/329
f 578/734/331 576/728/325 573/727/324
f 580/736/333 584/737/334 582/733/330 579/732/329
f 683/738/335 580/736/333 579/732/329 581/735/332
f 1205/739/336 577/731/328 582/733/330 583/740/337
f 583/740/337 582/733/330 584/737/334 585/741/338
f 580/736/333 587/742/339 586/743/340 584/737/334
f 588/744/341 585/741/338 584/737/334 586/743/340
f 587/742/339 592/745/342 589/746/343 586/743/340
f 590/747/344 588/744/341 586/743/340 589/746/343
f 589/746/343 591/748/345 1313/749/346 590/747/344
f 591/748/345 589/746/343 592/745/342 593/750/347
f 593/750/347 592/745/342 595/751/348 598/752/349
f 592/745/342 587/742/339 684/753/350 594/754/351
f 594/754/351 595/751/348 592/745/342
f 595/751/348 594/754/351 596/755/352
f 596/755/352 685/756/353 597/757/354 595/751/348
f 597/757/354 600/758/355 598/752/349 595/751/348
f 609/759/356 593/750/347 598/752/349 599/760/357
f 599/760/357 598/752/349 600/758/355 603/761/358
f 603/761/358 600/758/355 601/762/359 604/763/360
f 601/762/359 600/758/355 602/764/361 655/765/362
f 602/764/361 600/758/355 597/757/354 685/756/353
f 607/766/363 605/767/364 603/761/358 604/763/360
f 605/767/364 608/768/365 599/760/357 603/761/358
f 605/767/364 607/766/363 646/769/366 606/770/367
f 608/768/365 605/767/364 606/770/367 610/771/368
f 608/768/365 609/759/356 599/760/357
f 609/759/356 608/768/365 610/771/368
f 609/759/356 610/771/368 611/772/369
f 611/772/369 610/771/368 612/773/370
f 610/771/368 606/770/367 614/774/371 612/773/370
f 611/772/369 612/773/370 613/775/372 609/759/356
f 612/773/370 616/776/373 617/777/374 613/775/372
f 614/774/371 642/778/375 615/779/376 612/773/370
f 616/776/373 612/773/370 615/779/376 618/780/377
f 616/776/373 619/781/378 620/782/379 617/777/374
f 619/781/378 616/776/373 618/780/377 621/783/380
f 622/784/381 624/785/382 620/786/379 619/787/378
f 619/787/378 621/788/380 625/789/383 622/784/381
f 622/784/381 625/789/383 627/790/384 623/791/385
f 623/791/385 787/792/386 624/785/382 622/784/381
f 621/788/380 634/793/387 626/794/388 625/789/383
f 625/789/383 626/794/388 629/795/389 627/790/384
f 770/796/390 623/791/385 627/790/384 628/797/391
f 628/797/391 627/790/384 629/795/389 630/798/392
f 629/795/389 631/799/393 635/800/394 630/798/392
f 631/799/393 629/795/389 626/794/388 634/793/387
f 635/800/394 631/799/393 632/801/395 705/802/396
f 631/799/393 633/803/397 1315/804/398 632/801/395
f 631/805/393 636/806/399 701/807/400 633/808/397
f 631/805/393 634/809/387 703/810/401 637/811/402
f 638/812/403 640/813/404 636/806/399 631/805/393
f 637/811/402 641/814/405 638/812/403 631/805/393
f 639/815/406 696/816/407 640/813/404 638/812/403
f 643/817/408 639/815/406 638/812/403 641/814/405
f 641/814/405 642/778/375 646/769/366 643/817/408
f 642/778/375 641/814/405 637/811/402 615/779/376
f 643/817/408 644/818/409 639/815/406
f 647/819/410 649/820/411 644/818/409 643/817/408
f 645/821/412 650/822/413 647/819/410 643/817/408
f 607/766/363 645/821/412 643/817/408 646/769/366
f 648/823/414 649/820/411 647/819/410
f 650/822/413 648/823/414 647/819/410
f 651/824/415 648/823/414 650/822/413
f 653/825/416 651/824/415 650/822/413 645/821/412
f 652/826/417 655/765/362 648/823/414 651/824/415
f 654/827/418 652/826/417 651/824/415 653/825/416
f 601/762/359 654/827/418 653/825/416 604/763/360
f 604/763/360 653/825/416 645/821/412 607/766/363
f 601/762/359 655/765/362 652/826/417 654/827/418
f 655/765/362 602/764/361 648/823/414
f 649/820/411 656/828/419 657/829/420 644/818/409
f 648/823/414 659/830/421 656/828/419 649/820/411
f 658/831/422 686/832/423 657/829/420 656/828/419
f 661/833/424 658/831/422 656/828/419 659/830/421
f 648/823/414 602/764/361 660/834/425 659/830/421
f 661/833/424 659/830/421 660/834/425 663/835/426
f 662/836/427 661/833/424 663/835/426
f 671/837/428 664/838/429 661/833/424 662/836/427
f 664/838/429 665/839/430 661/833/424
f 665/839/430 666/840/431 661/833/424
f 661/833/424 666/840/431 658/831/422
f 667/714/311 557/704/301 666/840/431 665/839/430
f 666/840/431 557/704/301 686/832/423 658/831/422
f 668/841/432 667/714/311 665/839/430 664/838/429
f 568/720/317 562/713/310 667/714/311 668/841/432
f 670/721/318 568/720/317 668/841/432 669/842/433
f 669/842/433 668/841/432 664/838/429 671/837/428
f 670/721/318 669/842/433 671/837/428 662/836/427
f 670/721/318 662/836/427 663/835/426 569/722/319
f 672/843/434 663/835/426 660/834/425 674/844/435
f 663/835/426 672/843/434 675/726/323 569/722/319
f 673/845/436 672/843/434 676/846/437
f 673/845/436 573/727/324 675/726/323 672/843/434
f 674/844/435 677/847/438 676/846/437 672/843/434
f 682/848/439 673/845/436 676/846/437 678/849/440
f 676/846/437 677/847/438 678/849/440
f 679/850/441 678/849/440 677/847/438
f 680/851/442 678/849/440 679/850/441 596/755/352
f 678/849/440 680/851/442 681/852/443
f 678/849/440 681/852/443 682/848/439
f 578/734/331 673/845/436 682/848/439 581/735/332
f 681/852/443 683/738/335 581/735/332 682/848/439
f 681/852/443 680/851/442 684/753/350 683/738/335
f 683/738/335 684/753/350 587/742/339 580/736/333
f 594/754/351 684/753/350 680/851/442 596/755/352
f 596/755/352 679/850/441 685/756/353
f 674/844/435 685/756/353 679/850/441 677/847/438
f 685/756/353 674/844/435 660/834/425 602/764/361
f 573/727/324 673/845/436 578/734/331
f 657/829/420 686/832/423 687/853/444 688/854/445
f 686/832/423 554/701/298 551/702/299 687/853/444
f 557/704/301 554/701/298 686/832/423
f 689/855/446 691/856/447 688/854/445 687/853/444
f 687/853/444 551/702/299 690/703/300 689/855/446
f 689/855/446 690/703/300 693/857/448 691/856/447
f 692/858/449 702/859/450 688/854/445 691/856/447
f 692/858/449 691/856/447 693/857/448 695/860/451
f 552/699/296 694/861/452 693/857/448 690/703/300
f 697/862/453 695/860/451 693/857/448 694/861/452
f 702/859/450 692/858/449 695/860/451 696/816/407
f 696/816/407 695/860/451 697/862/453 640/813/404
f 640/813/404 697/862/453 698/863/454 636/806/399
f 698/863/454 697/862/453 694/861/452 700/864/455
f 698/863/454 700/864/455 541/690/289 699/692/291
f 699/692/291 701/807/400 636/806/399 698/863/454
f 549/697/294 700/864/455 694/861/452 552/699/296
f 549/697/294 544/691/290 541/690/289 700/864/455
f 542/684/283 534/683/282 701/807/400 699/692/291
f 701/807/400 534/683/282 1316/685/284 633/808/397
f 644/818/409 702/859/450 696/816/407 639/815/406
f 657/829/420 688/854/445 702/859/450 644/818/409
f 642/778/375 614/774/371 606/770/367 646/769/366
f 618/780/377 615/779/376 637/811/402 703/810/401
f 621/783/380 618/780/377 703/810/401 634/809/387
f 704/865/456 635/800/394 705/802/396 706/866/457
f 773/867/458 630/798/392 635/800/394 704/865/456
f 706/866/457 705/802/396 707/86/86 708/868/459
f 705/802/396 632/801/395 68/85/85 707/86/86
f 707/86/86 69/84/84 709/869/460 708/868/459
f 710/870/461 708/868/459 709/869/460 712/871/462
f 711/872/463 706/866/457 708/868/459 710/870/461
f 710/870/461 712/871/462 714/873/464 711/872/463
f 713/874/465 712/871/462 709/869/460 1314/76/76
f 713/874/465 715/875/466 714/873/464 712/871/462
f 716/876/467 718/877/468 711/872/463 714/873/464
f 716/876/467 714/873/464 715/875/466 719/878/469
f 720/879/470 717/880/471 716/876/467 719/878/469
f 777/881/472 718/877/468 716/876/467 717/880/471
f 721/882/473 720/879/470 719/878/469 52/66/66
f 719/878/469 715/875/466 61/73/73 58/72/72
f 52/66/66 719/878/469 58/72/72
f 722/883/474 720/879/470 721/882/473
f 722/883/474 724/884/475 717/880/471 720/879/470
f 723/55/55 42/54/54 722/883/474
f 730/885/476 723/55/55 722/883/474 725/886/477
f 722/883/474 42/54/54 732/887/478 724/884/475
f 725/886/477 722/883/474 726/888/479
f 726/888/479 722/883/474 721/882/473
f 728/889/480 725/886/477 726/888/479 727/65/65
f 727/65/65 726/888/479 721/882/473 52/66/66
f 44/53/53 728/889/480 727/65/65 46/58/58
f 41/52/52 729/890/481 728/889/480 44/53/53
f 729/890/481 730/885/476 725/886/477 728/889/480
f 41/52/52 723/55/55 730/885/476 729/890/481
f 731/891/482 777/881/472 717/880/471 724/884/475
f 731/891/482 724/884/475 732/887/478 733/892/483
f 735/893/484 733/892/483 732/887/478 734/894/485
f 737/45/45 734/894/485 732/887/478 42/54/54
f 734/894/485 736/895/486 740/896/487 735/893/484
f 734/894/485 737/45/45 738/897/488 736/895/486
f 34/43/43 738/897/488 737/45/45
f 738/897/488 739/898/489 736/895/486
f 32/42/42 739/898/489 738/897/488 34/43/43
f 740/896/487 736/895/486 739/898/489
f 741/899/490 743/900/491 740/896/487 739/898/489
f 739/898/489 742/41/41 741/899/490
f 739/898/489 32/42/42 742/41/41
f 742/41/41 31/38/38 744/901/492 741/899/490
f 745/902/493 743/900/491 741/899/490 744/901/492
f 747/903/494 745/902/493 744/901/492 746/904/495
f 31/38/38 29/37/37 746/904/495 744/901/492
f 746/904/495 748/905/496 749/906/497 747/903/494
f 29/37/37 27/36/36 748/905/496 746/904/495
f 753/907/498 749/906/497 748/905/496 750/908/499
f 750/908/499 748/905/496 27/36/36 752/16/16
f 751/909/500 754/910/501 753/907/498 750/908/499
f 1310/3/3 751/909/500 750/908/499 4/4/4
f 752/16/16 6/9/9 4/4/4 750/908/499
f 756/911/502 755/912/503 753/907/498 754/910/501
f 749/906/497 753/907/498 755/912/503 758/913/504
f 756/911/502 786/914/505 757/915/506 755/912/503
f 758/913/504 755/912/503 757/915/506 759/916/507
f 758/913/504 759/916/507 747/903/494 749/906/497
f 759/916/507 760/917/508 761/918/509 747/903/494
f 757/915/506 763/919/510 760/917/508 759/916/507
f 785/920/511 761/918/509 760/917/508 762/921/512
f 763/919/510 764/922/513 762/921/512 760/917/508
f 766/923/514 764/922/513 763/919/510 765/924/515
f 765/924/515 763/919/510 757/915/506
f 765/924/515 767/925/516 768/926/517 766/923/514
f 757/915/506 767/925/516 765/924/515
f 769/927/518 623/791/385 767/925/516
f 770/796/390 768/926/517 767/925/516 623/791/385
f 757/915/506 769/927/518 767/925/516
f 769/927/518 757/915/506 787/792/386 623/791/385
f 628/797/391 771/928/519 768/926/517 770/796/390
f 766/923/514 768/926/517 771/928/519 772/929/520
f 772/929/520 771/928/519 773/867/458 774/930/521
f 630/798/392 773/867/458 771/928/519 628/797/391
f 774/930/521 773/867/458 775/931/522 776/932/523
f 775/931/522 773/867/458 718/877/468 777/881/472
f 773/867/458 704/865/456 718/877/468
f 776/932/523 775/931/522 731/891/482
f 731/891/482 775/931/522 777/881/472
f 779/933/524 774/930/521 776/932/523 778/934/525
f 778/934/525 776/932/523 731/891/482
f 781/935/526 779/933/524 778/934/525 780/936/527
f 780/936/527 778/934/525 731/891/482 782/937/528
f 783/938/529 781/935/526 780/936/527 782/937/528
f 782/937/528 731/891/482 733/892/483
f 783/938/529 782/937/528 733/892/483 762/921/512
f 783/938/529 784/939/530 779/933/524 781/935/526
f 764/922/513 784/939/530 783/938/529 762/921/512
f 784/939/530 772/929/520 774/930/521 779/933/524
f 772/929/520 784/939/530 764/922/513 766/923/514
f 733/892/483 735/893/484 785/920/511 762/921/512
f 743/900/491 761/918/509 785/920/511 735/893/484
f 761/918/509 743/900/491 745/902/493
f 745/902/493 747/903/494 761/918/509
f 757/915/506 786/914/505 791/940/531 788/941/532
f 788/941/532 790/942/533 787/792/386 757/915/506
f 793/943/534 789/944/535 788/941/532 791/940/531
f 788/941/532 789/944/535 1280/945/536 790/942/533
f 794/946/537 793/943/534 791/940/531 792/947/538
f 792/947/538 791/940/531 786/914/505 895/948/539
f 794/946/537 796/949/540 795/950/541 793/943/534
f 795/950/541 798/951/542 789/944/535 793/943/534
f 859/952/543 797/953/544 795/950/541 796/949/540
f 797/953/544 800/954/545 798/951/542 795/950/541
f 789/944/535 798/951/542 799/955/546 1280/945/536
f 798/951/542 800/954/545 801/956/547 799/955/546
f 800/954/545 802/957/548 804/958/549 801/956/547
f 803/959/550 802/957/548 800/954/545 797/953/544
f 802/957/548 803/959/550 806/960/551 805/961/552
f 804/958/549 802/957/548 805/961/552 807/962/553
f 805/961/552 806/960/551 809/963/554 808/964/555
f 807/962/553 805/961/552 808/964/555 810/965/556
f 808/964/555 809/963/554 813/966/557 811/967/558
f 811/967/558 814/968/559 810/965/556 808/964/555
f 811/967/558 813/966/557 847/969/560 812/970/561
f 814/968/559 811/967/558 812/970/561 815/971/562
f 814/968/559 816/972/563 817/973/564 810/965/556
f 815/971/562 818/974/565 816/972/563 814/968/559
f 819/975/566 820/976/567 817/973/564 816/972/563
f 821/977/568 819/975/566 816/972/563 818/974/565
f 819/978/566 822/979/569 823/980/570 820/981/567
f 821/982/568 825/983/571 822/979/569 819/978/566
f 824/984/572 1260/985/573 823/980/570 822/979/569
f 826/986/574 824/984/572 822/979/569 825/983/571
f 828/987/575 826/986/574 825/983/571 827/988/576
f 830/989/577 827/988/576 825/983/571 821/982/568
f 1288/990/578 828/987/575 827/988/576 829/991/579
f 832/992/580 829/991/579 827/988/576 830/989/577
f 832/993/580 830/994/577 831/995/581 834/996/582
f 830/994/577 821/977/568 818/974/565 831/995/581
f 833/997/583 1293/998/584 829/991/579 832/992/580
f 833/999/583 832/993/580 834/996/582 835/1000/585
f 836/1001/586 834/996/582 831/995/581 837/1002/587
f 839/1003/588 835/1000/585 834/996/582 836/1001/586
f 837/1002/587 848/1004/589 838/1005/590 836/1001/586
f 841/1006/591 839/1003/588 836/1001/586 838/1005/590
f 839/1003/588 840/1007/592 1305/1008/593 835/1000/585
f 839/1003/588 841/1006/591 842/1009/594 840/1007/592
f 838/1005/590 843/1010/595 842/1009/594 841/1006/591
f 840/1007/592 842/1009/594 843/1010/595 844/1011/596
f 848/1004/589 845/1012/597 843/1010/595 838/1005/590
f 845/1012/597 846/1013/598 844/1011/596 843/1010/595
f 846/1013/598 845/1012/597 847/969/560 849/1014/599
f 812/970/561 847/969/560 845/1012/597 848/1004/589
f 848/1004/589 837/1002/587 815/971/562 812/970/561
f 813/966/557 851/1015/600 849/1014/599 847/969/560
f 846/1013/598 849/1014/599 850/1016/601 1303/1017/602
f 852/1018/603 850/1016/601 849/1014/599 851/1015/600
f 851/1015/600 853/1019/604 854/1020/605 852/1018/603
f 851/1015/600 813/966/557 809/963/554 853/1019/604
f 939/1021/606 854/1020/605 853/1019/604 855/1022/607
f 806/960/551 856/1023/608 853/1019/604 809/963/554
f 856/1023/608 855/1022/607 853/1019/604
f 803/959/550 857/1024/609 856/1023/608 806/960/551
f 858/1025/610 855/1022/607 856/1023/608 857/1024/609
f 860/1026/611 858/1025/610 857/1024/609 859/952/543
f 859/952/543 857/1024/609 803/959/550 797/953/544
f 859/952/543 796/949/540 861/1027/612 860/1026/611
f 860/1026/611 861/1027/612 863/1028/613 862/1029/614
f 862/1029/614 864/1030/615 858/1025/610 860/1026/611
f 865/1031/616 862/1032/614 863/1033/613 866/1034/617
f 862/1032/614 865/1031/616 867/1035/618 864/1036/615
f 868/1037/619 865/1031/616 866/1034/617 871/1038/620
f 865/1031/616 868/1037/619 869/1039/621 867/1035/618
f 868/1037/619 870/1040/622 1255/1041/623 869/1039/621
f 868/1037/619 871/1038/620 873/1042/624 870/1040/622
f 872/1043/625 874/1044/626 873/1042/624 871/1038/620
f 889/1045/627 872/1043/625 871/1038/620 866/1034/617
f 873/1042/624 874/1044/626 878/1046/628 875/1047/629
f 870/1040/622 873/1042/624 875/1047/629 876/1048/630
f 875/1047/629 877/1049/631 1273/1050/632 876/1048/630
f 878/1046/628 879/1051/633 877/1049/631 875/1047/629
f 880/1052/634 881/1053/635 879/1051/633 878/1046/628
f 874/1044/626 882/1054/636 880/1052/634 878/1046/628
f 880/1052/634 609/759/356 613/775/372 881/1053/635
f 609/759/356 880/1052/634 882/1054/636 883/1055/637
f 884/1056/638 885/1057/639 883/1055/637 882/1054/636
f 872/1043/625 884/1056/638 882/1054/636 874/1044/626
f 888/1058/640 885/1057/639 884/1056/638 886/1059/641
f 872/1043/625 889/1045/627 886/1059/641 884/1056/638
f 889/1045/627 890/1060/642 887/1061/643 886/1059/641
f 896/1062/644 888/1058/640 886/1059/641 887/1061/643
f 890/1060/642 889/1045/627 866/1034/617 863/1033/613
f 891/1063/645 892/1064/646 887/1065/643 890/1066/642
f 890/1066/642 863/1028/613 861/1027/612 891/1063/645
f 794/946/537 792/947/538 892/1064/646 891/1063/645
f 891/1063/645 861/1027/612 796/949/540 794/946/537
f 893/1067/647 892/1064/646 792/947/538 895/948/539
f 896/1068/644 887/1065/643 892/1064/646 893/1067/647
f 897/1069/648 896/1068/644 893/1067/647 894/1070/649
f 894/1070/649 893/1067/647 895/948/539 754/910/501
f 897/1071/648 899/1072/650 888/1058/640 896/1062/644
f 897/1069/648 894/1070/649 1311/1073/651 898/1074/652
f 897/1071/648 898/1075/652 901/1076/653 899/1072/650
f 899/1072/650 900/1077/654 885/1057/639 888/1058/640
f 899/1072/650 901/1076/653 903/1078/655 900/1077/654
f 898/1075/652 1309/1079/656 902/1080/657 901/1076/653
f 904/1081/658 903/1078/655 901/1076/653 902/1080/657
f 903/1078/655 588/744/341 590/747/344 900/1077/654
f 904/1081/658 906/1082/659 588/744/341 903/1078/655
f 907/1083/660 906/1082/659 904/1081/658 905/1084/661
f 905/1084/661 904/1081/658 902/1080/657 929/1085/662
f 908/1086/663 906/1082/659 907/1083/660 909/1087/664
f 585/741/338 588/744/341 906/1082/659 908/1086/663
f 585/741/338 908/1086/663 910/1088/665 583/740/337
f 908/1086/663 909/1087/664 912/1089/666 910/1088/665
f 911/1090/667 1000/1091/668 583/740/337 910/1088/665
f 912/1089/666 913/1092/669 911/1090/667 910/1088/665
f 912/1089/666 914/1093/670 915/1094/671 913/1092/669
f 909/1087/664 917/1095/672 914/1093/670 912/1089/666
f 914/1093/670 916/1096/673 1206/1097/674 915/1094/671
f 917/1095/672 918/1098/675 916/1096/673 914/1093/670
f 909/1087/664 907/1083/660 919/1099/676 917/1095/672
f 917/1095/672 919/1099/676 921/1100/677 918/1098/675
f 907/1083/660 905/1084/661 920/1101/678 919/1099/676
f 919/1099/676 920/1101/678 923/1102/679 921/1100/677
f 918/1098/675 921/1100/677 922/1103/680 1214/1104/681
f 924/1105/682 922/1103/680 921/1100/677 923/1102/679
f 923/1102/679 925/1106/683 927/1107/684 924/1105/682
f 923/1102/679 920/1101/678 928/1108/685 925/1106/683
f 925/1106/683 928/1108/685 931/1109/686 926/1110/687
f 925/1106/683 926/1110/687 1240/1111/688 927/1107/684
f 1308/1112/689 930/1113/690 928/1108/685 929/1085/662
f 905/1084/661 929/1085/662 928/1108/685 920/1101/678
f 931/1109/686 928/1108/685 930/1113/690 932/1114/691
f 932/1114/691 937/1115/692 933/1116/693 931/1109/686
f 931/1109/686 933/1116/693 935/1117/694 926/1110/687
f 933/1116/693 934/1118/695 1243/1119/696 935/1117/694
f 1251/1120/697 934/1118/695 933/1116/693 936/1121/698
f 933/1116/693 937/1115/692 936/1121/698
f 936/1122/698 937/1123/692 938/1124/699 855/1022/607
f 932/1125/691 941/1126/700 938/1124/699 937/1123/692
f 938/1124/699 940/1127/701 854/1020/605 939/1021/606
f 855/1022/607 938/1124/699 939/1021/606
f 941/1126/700 942/1128/702 940/1127/701 938/1124/699
f 946/1129/703 942/1128/702 941/1126/700 943/1130/704
f 941/1126/700 932/1125/691 930/1131/690 943/1130/704
f 947/1132/705 946/1129/703 943/1130/704 944/6/6
f 2/2/2 944/6/6 943/1130/704 945/1133/706
f 1308/1134/689 945/1133/706 943/1130/704 930/1131/690
f 947/1132/705 952/1135/707 948/1136/708 946/1129/703
f 946/1129/703 948/1136/708 950/1137/709 942/1128/702
f 948/1136/708 949/1138/710 1236/1139/711 951/1140/712
f 952/1135/707 953/1141/713 949/1138/710 948/1136/708
f 951/1140/712 1238/1142/714 950/1137/709 948/1136/708
f 953/1141/713 952/1135/707 954/1143/715 956/1144/716
f 952/1135/707 947/1132/705 955/1145/717 954/1143/715
f 958/1146/718 957/1147/719 954/1143/715 955/1145/717
f 957/1147/719 959/1148/720 956/1144/716 954/1143/715
f 958/1146/718 962/1149/721 960/1150/722 957/1147/719
f 957/1147/719 960/1150/722 963/1151/723 959/1148/720
f 965/1152/724 963/1151/723 960/1150/722 961/1153/725
f 961/1153/725 960/1150/722 962/1149/721 994/1154/726
f 959/1148/720 963/1151/723 964/1155/727 1223/1156/728
f 966/1157/729 964/1155/727 963/1151/723 965/1152/724
f 968/1158/730 966/1157/729 965/1152/724 967/1159/731
f 961/1153/725 970/1160/732 967/1159/731 965/1152/724
f 967/1159/731 969/1161/733 1219/1162/734 968/1158/730
f 967/1159/731 970/1160/732 973/1163/735 969/1161/733
f 994/1154/726 971/1164/736 970/1160/732 961/1153/725
f 971/1164/736 1186/1165/737 972/1166/738 970/1160/732
f 972/1166/738 974/1167/739 973/1163/735 970/1160/732
f 979/1168/740 975/1169/741 973/1170/735 974/1171/739
f 977/1172/742 969/1173/733 973/1170/735 975/1169/741
f 1206/1097/674 976/1174/743 975/1169/741 978/1175/744
f 976/1174/743 1208/1176/745 977/1172/742 975/1169/741
f 978/1175/744 975/1169/741 979/1168/740 981/1177/746
f 981/1177/746 979/1168/740 980/1178/747 982/1179/748
f 979/1168/740 974/1171/739 1182/1180/749 980/1178/747
f 983/1181/750 981/1177/746 982/1179/748 984/1182/751
f 978/1175/744 981/1177/746 983/1181/750 985/1183/752
f 984/1182/751 987/1184/753 986/1185/754 983/1181/750
f 989/1186/755 985/1183/752 983/1181/750 986/1185/754
f 1185/1187/756 988/1188/757 986/1189/754 987/1190/753
f 989/1191/755 986/1189/754 988/1188/757 991/1192/758
f 985/1183/752 989/1186/755 990/1193/759 995/1194/760
f 991/1192/758 992/20/20 990/1195/759 989/1191/755
f 10/13/13 992/20/20 991/1192/758 993/14/14
f 994/1154/726 993/14/14 991/1192/758 971/1164/736
f 971/1164/736 991/1192/758 988/1188/757 1186/1165/737
f 9/12/12 993/14/14 994/1154/726 962/1149/721
f 992/20/20 14/19/19 996/1196/761 990/1195/759
f 995/1194/760 990/1193/759 996/1197/761 998/1198/762
f 14/19/19 16/21/21 997/1199/763 996/1196/761
f 998/1198/762 996/1197/761 997/1200/763 999/1201/764
f 913/1092/669 995/1194/760 998/1198/762 911/1090/667
f 911/1090/667 998/1198/762 999/1201/764 1000/1091/668
f 1001/1202/765 1002/1203/766 1000/1091/668 999/1201/764
f 999/1201/764 997/1200/763 1004/1204/767 1001/1202/765
f 1001/1202/765 1003/1205/768 1020/1206/769 1002/1203/766
f 1003/1205/768 1001/1202/765 1004/1204/767 1005/1207/770
f 1007/26/26 1005/1208/770 1004/1209/767 18/24/24
f 16/21/21 18/24/24 1004/1209/767 997/1199/763
f 1018/1210/771 1003/1205/768 1005/1207/770 1006/1211/772
f 1008/1212/773 1006/1213/772 1005/1208/770 1007/26/26
f 1007/26/26 19/25/25 1009/1214/774 1008/1212/773
f 1012/1215/775 1010/1216/776 1008/1212/773 1009/1214/774
f 1008/1212/773 1010/1216/776 1013/1217/777 1006/1213/772
f 1011/1218/778 1014/1219/779 1013/1217/777 1010/1216/776
f 1010/1216/776 1012/1215/775 1164/1220/780 1011/1218/778
f 1018/1210/771 1006/1211/772 1013/1221/777 1015/1222/781
f 1017/1223/782 1015/1222/781 1013/1221/777 1014/1224/779
f 1016/1225/783 1019/1226/784 1018/1210/771 1015/1222/781
f 1015/1222/781 1017/1223/782 1201/1227/785 1016/1225/783
f 1003/1205/768 1018/1210/771 1019/1226/784 1020/1206/769
f 1019/1226/784 1021/1228/786 1022/1229/787 1020/1206/769
f 1016/1225/783 1023/1230/788 1021/1228/786 1019/1226/784
f 571/724/321 1022/1229/787 1021/1228/786 1024/1231/789
f 1023/1230/788 1025/1232/790 1024/1231/789 1021/1228/786
f 1024/1231/789 1025/1232/790 1027/1233/791 1026/1234/792
f 1024/1231/789 1026/1234/792 1029/1235/793 571/724/321
f 1027/1233/791 1056/1236/794 1028/1237/795 1026/1234/792
f 1026/1234/792 1028/1237/795 1031/1238/796 1029/1235/793
f 1202/1239/797 571/724/321 1029/1235/793 1030/712/309
f 1030/712/309 1029/1235/793 1031/1238/796 1032/1240/798
f 1033/1241/799 1031/1238/796 1028/1237/795 1034/1242/800
f 1033/1241/799 1036/1243/801 1032/1240/798 1031/1238/796
f 1033/1244/799 1034/1245/800 1051/1246/802 1035/1247/803
f 1033/1244/799 1035/1247/803 1037/1248/804 1036/1249/801
f 1041/1250/805 1038/1251/806 1036/1249/801 1037/1248/804
f 1040/1252/807 1032/1240/798 1036/1243/801 1038/1253/806
f 1043/1254/808 1040/1252/807 1038/1253/806 1039/1255/809
f 1042/1256/810 1039/1257/809 1038/1251/806 1041/1250/805
f 1041/1250/805 54/68/68 56/69/69 1042/1256/810
f 1037/1248/804 1044/63/63 54/68/68 1041/1250/805
f 59/71/71 1039/1257/809 1042/1256/810 56/69/69
f 1040/1252/807 1043/1254/808 556/706/303 560/708/305
f 1032/1240/798 1040/1252/807 560/708/305 1030/712/309
f 59/695/71 556/706/303 1043/1254/808 1039/1255/809
f 1044/63/63 1037/1248/804 1035/1247/803 1046/1258/811
f 1045/1259/812 49/61/61 1044/63/63
f 1045/1259/812 1044/63/63 1046/1258/811 1047/49/49
f 1049/1260/813 1047/49/49 1046/1258/811 1048/1261/814
f 1048/1261/814 1046/1258/811 1035/1247/803 1051/1246/802
f 1049/1260/813 1048/1261/814 1050/1262/815 1159/1263/816
f 1050/1262/815 1048/1261/814 1051/1246/802 1052/1264/817
f 1051/1246/802 1034/1245/800 1054/1265/818 1052/1264/817
f 1157/1266/819 1050/1262/815 1052/1264/817 1053/1267/820
f 1052/1264/817 1054/1265/818 1055/1268/821 1053/1267/820
f 1028/1237/795 1056/1236/794 1054/1269/818 1034/1242/800
f 1056/1236/794 1057/1270/822 1055/1271/821 1054/1269/818
f 1059/1272/823 1057/1270/822 1056/1236/794 1027/1233/791
f 1057/1270/822 1058/1273/824 1069/1274/825 1055/1271/821
f 1061/1275/826 1058/1273/824 1057/1270/822 1059/1272/823
f 1025/1232/790 1060/1276/827 1059/1272/823 1027/1233/791
f 1060/1276/827 1062/1277/828 1061/1275/826 1059/1272/823
f 1062/1277/828 1064/1278/829 1063/1279/830 1061/1275/826
f 1063/1279/830 1066/1280/831 1058/1273/824 1061/1275/826
f 1063/1279/830 1064/1278/829 1196/1281/832 1065/1282/833
f 1065/1282/833 1067/1283/834 1066/1280/831 1063/1279/830
f 1058/1273/824 1066/1280/831 1068/1284/835 1069/1274/825
f 1066/1280/831 1067/1283/834 1071/1285/836 1068/1284/835
f 1158/1286/837 1069/1287/825 1068/1288/835 1070/1289/838
f 1070/1289/838 1068/1288/835 1071/1290/836 1072/1291/839
f 1072/1291/839 1071/1290/836 1073/1292/840 1074/1293/841
f 1067/1283/834 1076/1294/842 1073/1295/840 1071/1285/836
f 1074/1293/841 1073/1292/840 1075/1296/843 1138/1297/844
f 1076/1294/842 1078/1298/845 1075/1299/843 1073/1295/840
f 1077/1300/846 1076/1294/842 1067/1283/834 1065/1282/833
f 1079/1301/847 1078/1298/845 1076/1294/842 1077/1300/846
f 1078/1298/845 1080/1302/848 1082/1303/849 1075/1299/843
f 1083/1304/850 1080/1302/848 1078/1298/845 1079/1301/847
f 1080/1302/848 1081/1305/851 1134/1306/852 1082/1303/849
f 1085/1307/853 1081/1305/851 1080/1302/848 1083/1304/850
f 1079/1301/847 1194/1308/854 1084/1309/855 1083/1304/850
f 1087/1310/856 1085/1307/853 1083/1304/850 1084/1309/855
f 1086/1311/857 1135/1312/858 1081/1305/851 1085/1307/853
f 1085/1307/853 1087/1310/856 1089/1313/859 1086/1311/857
f 1084/1309/855 1193/1314/860 1088/1315/861 1087/1310/856
f 1087/1310/856 1088/1315/861 1090/1316/862 1089/1313/859
f 1089/1313/859 1090/1316/862 1093/1317/863 1091/1318/864
f 1091/1318/864 1092/1319/865 1086/1311/857 1089/1313/859
f 1092/1319/865 1091/1318/864 1093/1317/863 1094/1320/866
f 1094/1320/866 1093/1317/863 1090/1316/862 1095/1321/867
f 1094/1320/866 1095/1321/867 1099/1322/868 1096/1323/869
f 1092/1319/865 1094/1320/866 1096/1323/869 1098/1324/870
f 1099/1322/868 1100/1325/871 1097/1326/872 1096/1323/869
f 1097/1326/872 1132/1327/873 1098/1324/870 1096/1323/869
f 1099/1322/868 1101/1328/874 1104/1329/875 1100/1325/871
f 1101/1328/874 1099/1322/868 1095/1321/867 1103/1330/876
f 1102/1331/877 1105/1332/878 1104/1329/875 1101/1328/874
f 1103/1330/876 1191/1333/879 1102/1331/877 1101/1328/874
f 1109/1334/880 1106/1335/881 1104/1336/875 1105/1337/878
f 1107/1338/882 1100/1339/871 1104/1336/875 1106/1335/881
f 1106/1335/881 1108/1340/883 1128/1341/884 1107/1338/882
f 1108/1340/883 1106/1335/881 1109/1334/880 1111/1342/885
f 1109/1334/880 1105/1337/878 1181/1343/886 1110/1344/887
f 1110/1344/887 1112/1345/888 1111/1342/885 1109/1334/880
f 1114/1346/889 1113/1347/890 1111/1342/885 1112/1345/888
f 1108/1340/883 1111/1342/885 1113/1347/890 1115/1348/891
f 1118/1349/892 1116/1350/893 1113/1347/890 1114/1346/889
f 1116/1350/893 1119/1351/894 1115/1348/891 1113/1347/890
f 1119/1351/894 1116/1350/893 1117/1352/895 1120/1353/896
f 1139/1354/897 1117/1352/895 1116/1350/893 1118/1349/892
f 1119/1351/894 1121/1355/898 1122/1356/899 1115/1348/891
f 1120/1353/896 1123/1357/900 1121/1355/898 1119/1351/894
f 1121/1355/898 1124/1358/901 1126/1359/902 1122/1356/899
f 1124/1358/901 1121/1355/898 1123/1357/900 1125/1360/903
f 1125/1360/903 1127/1361/904 1126/1359/902 1124/1358/901
f 1127/1361/904 1128/1341/884 1122/1356/899 1126/1359/902
f 1127/1361/904 1129/1362/905 1107/1338/882 1128/1341/884
f 1125/1360/903 1130/1363/906 1129/1362/905 1127/1361/904
f 1107/1338/882 1129/1362/905 1097/1364/872 1100/1339/871
f 1097/1364/872 1129/1362/905 1130/1363/906 1132/1365/873
f 1131/1366/907 1133/1367/908 1132/1365/873 1130/1363/906
f 1125/1360/903 1123/1357/900 1131/1366/907 1130/1363/906
f 1135/1312/858 1098/1324/870 1132/1327/873 1133/1368/908
f 1081/1305/851 1135/1312/858 1133/1368/908 1134/1306/852
f 1136/1369/909 1134/1370/852 1133/1367/908 1131/1366/907
f 1092/1319/865 1098/1324/870 1135/1312/858 1086/1311/857
f 1137/1371/910 1082/1372/849 1134/1370/852 1136/1369/909
f 1120/1353/896 1117/1352/895 1137/1371/910 1136/1369/909
f 1123/1357/900 1120/1353/896 1136/1369/909 1131/1366/907
f 1138/1297/844 1075/1296/843 1082/1372/849 1137/1371/910
f 1117/1352/895 1139/1354/897 1138/1297/844 1137/1371/910
f 1139/1354/897 1140/1373/911 1074/1293/841 1138/1297/844
f 1118/1349/892 1141/1374/912 1140/1373/911 1139/1354/897
f 1142/1375/913 1140/1373/911 1141/1374/912 1144/1376/914
f 1140/1373/911 1142/1375/913 1072/1291/839 1074/1293/841
f 1142/1375/913 1143/1377/915 1070/1289/838 1072/1291/839
f 1143/1377/915 1142/1375/913 1144/1376/914 1145/1378/916
f 1145/1378/916 1144/1376/914 1146/1379/917 1149/1380/918
f 1144/1376/914 1141/1374/912 1148/1381/919 1146/1379/917
f 1146/1379/917 1148/1381/919 1188/1382/920 1147/1383/921
f 1149/1380/918 1146/1379/917 1147/1383/921 1150/1384/922
f 1153/1385/923 1151/1386/924 1149/1380/918 1150/1384/922
f 1149/1380/918 1151/1386/924 1154/1387/925 1145/1378/916
f 1151/1386/924 1152/1388/926 1155/1389/927 1154/1387/925
f 1153/1385/923 1164/1220/780 1152/1388/926 1151/1386/924
f 1155/1389/927 1157/1266/819 1156/1390/928 1154/1387/925
f 1154/1387/925 1156/1390/928 1143/1377/915 1145/1378/916
f 1156/1390/928 1157/1266/819 1053/1267/820 1158/1286/837
f 1143/1377/915 1156/1390/928 1158/1286/837 1070/1289/838
f 1053/1267/820 1055/1268/821 1069/1287/825 1158/1286/837
f 1159/1263/816 1050/1262/815 1157/1266/819 1155/1389/927
f 1152/1388/926 1160/1391/929 1159/1263/816 1155/1389/927
f 1160/1391/929 1161/1392/930 1049/1260/813 1159/1263/816
f 1012/1215/775 1160/1391/929 1152/1388/926 1164/1220/780
f 1012/1215/775 1009/1214/774 1161/1392/930 1160/1391/929
f 1047/49/49 1049/1260/813 1161/1392/930 1162/28/28
f 1009/1214/774 19/25/25 1162/28/28 1161/1392/930
f 20/27/27 22/29/29 1047/49/49 1162/28/28
f 1153/1385/923 1163/1393/931 1011/1218/778 1164/1220/780
f 1163/1393/931 1153/1385/923 1150/1384/922 1165/1394/932
f 1165/1394/932 1167/1395/933 1166/1396/934 1163/1393/931
f 1011/1218/778 1163/1393/931 1166/1396/934 1014/1219/779
f 1017/1223/782 1014/1224/779 1166/1397/934 1168/1398/935
f 1170/1399/936 1168/1398/935 1166/1397/934 1167/1400/933
f 1169/1401/937 1201/1227/785 1017/1223/782 1168/1398/935
f 1168/1398/935 1170/1399/936 1171/1402/938 1169/1401/937
f 1170/1399/936 1172/1403/939 1174/1404/940 1171/1402/938
f 1172/1403/939 1170/1399/936 1167/1400/933 1173/1405/941
f 1172/1403/939 1173/1405/941 1175/1406/942
f 1174/1404/940 1172/1403/939 1176/1407/943
f 1175/1406/942 1179/1408/944 1176/1407/943 1172/1403/939
f 1178/1409/945 1192/1410/946 1177/1411/947 1176/1407/943
f 1197/1412/948 1174/1404/940 1176/1407/943 1177/1411/947
f 1178/1409/945 1176/1407/943 1179/1408/944 1180/1413/949
f 984/1182/751 982/1179/748 1179/1408/944 1175/1406/942
f 980/1178/747 1180/1413/949 1179/1408/944 982/1179/748
f 1180/1413/949 1102/1331/877 1191/1333/879 1178/1409/945
f 1102/1331/877 1180/1413/949 1181/1414/886 1105/1332/878
f 980/1178/747 1182/1180/749 1181/1414/886 1180/1413/949
f 1183/1415/950 1110/1344/887 1181/1343/886 1182/1416/749
f 972/1166/738 1183/1415/950 1182/1416/749 974/1167/739
f 1186/1165/737 1184/1417/951 1183/1415/950 972/1166/738
f 1183/1415/950 1184/1417/951 1187/1418/952 1110/1344/887
f 988/1188/757 1185/1187/756 1184/1417/951 1186/1165/737
f 1185/1187/756 1189/1419/953 1187/1418/952 1184/1417/951
f 1112/1345/888 1110/1344/887 1187/1418/952 1188/1382/920
f 1188/1382/920 1187/1418/952 1189/1419/953 1190/1420/954
f 1185/1187/756 987/1190/753 1173/1421/941 1189/1419/953
f 1190/1420/954 1189/1419/953 1173/1421/941
f 1147/1383/921 1188/1382/920 1190/1420/954
f 1165/1394/932 1150/1384/922 1147/1383/921 1190/1420/954
f 1190/1420/954 1173/1421/941 1167/1395/933 1165/1394/932
f 1112/1345/888 1188/1382/920 1148/1381/919 1114/1346/889
f 1192/1410/946 1178/1409/945 1191/1333/879 1193/1314/860
f 1194/1308/854 1192/1410/946 1193/1314/860 1084/1309/855
f 1195/1422/955 1177/1411/947 1192/1410/946 1194/1308/854
f 1194/1308/854 1079/1301/847 1077/1300/846 1195/1422/955
f 1196/1281/832 1197/1412/948 1177/1411/947 1195/1422/955
f 1065/1282/833 1196/1281/832 1195/1422/955 1077/1300/846
f 1064/1278/829 1198/1423/956 1197/1412/948 1196/1281/832
f 1198/1423/956 1171/1402/938 1174/1404/940 1197/1412/948
f 1169/1401/937 1171/1402/938 1198/1423/956 1199/1424/957
f 1198/1423/956 1064/1278/829 1062/1277/828 1199/1424/957
f 1199/1424/957 1062/1277/828 1060/1276/827 1200/1425/958
f 1169/1401/937 1199/1424/957 1200/1425/958 1201/1227/785
f 1200/1425/958 1060/1276/827 1025/1232/790 1023/1230/788
f 1016/1225/783 1201/1227/785 1200/1425/958 1023/1230/788
f 1103/1330/876 1088/1315/861 1193/1314/860 1191/1333/879
f 1173/1405/941 987/1184/753 984/1182/751 1175/1406/942
f 1141/1374/912 1118/1349/892 1114/1346/889 1148/1381/919
f 1115/1348/891 1122/1356/899 1128/1341/884 1108/1340/883
f 1088/1315/861 1103/1330/876 1095/1321/867 1090/1316/862
f 1047/49/49 49/61/61 1045/1259/812
f 24/31/31 38/34/34 1047/49/49 22/29/29
f 1047/49/49 47/57/57 49/61/61
f 47/57/57 1047/49/49 39/50/50
f 1202/1239/797 1030/712/309 564/716/313
f 571/724/321 1202/1239/797 564/716/313
f 1020/1206/769 1022/1229/787 1203/1426/959 1002/1203/766
f 1203/1426/959 1022/1229/787 571/724/321 1204/730/327
f 1203/1426/959 1204/730/327 1205/739/336 1002/1203/766
f 577/731/328 1205/739/336 1204/730/327 575/729/326
f 1000/1091/668 1002/1203/766 1205/739/336 583/740/337
f 913/1092/669 915/1094/671 985/1183/752 995/1194/760
f 1206/1097/674 978/1175/744 985/1183/752 915/1094/671
f 976/1174/743 1206/1097/674 916/1096/673 1213/1427/960
f 977/1172/742 1207/1428/961 1219/1429/734 969/1173/733
f 1207/1428/961 977/1172/742 1208/1176/745 1209/1430/962
f 1209/1430/962 1208/1176/745 1210/1431/963 1212/1432/964
f 1208/1176/745 976/1174/743 1213/1427/960 1210/1431/963
f 1211/1433/965 1215/1434/966 1212/1432/964 1210/1431/963
f 1214/1104/681 1211/1433/965 1210/1431/963 1213/1427/960
f 918/1098/675 1214/1104/681 1213/1427/960 916/1096/673
f 1214/1104/681 922/1103/680 1233/1435/967 1211/1433/965
f 1216/1436/968 1207/1428/961 1209/1430/962 1212/1432/964
f 1212/1432/964 1215/1434/966 1217/1437/969 1216/1436/968
f 1216/1436/968 1217/1437/969 1220/1438/970 1218/1439/971
f 1218/1439/971 1219/1429/734 1207/1428/961 1216/1436/968
f 1218/1440/971 1221/1441/972 968/1158/730 1219/1162/734
f 1221/1441/972 1218/1440/971 1220/1442/970 1222/1443/973
f 964/1155/727 1221/1441/972 1222/1443/973 1223/1156/728
f 1221/1441/972 964/1155/727 966/1157/729 968/1158/730
f 1225/1444/974 1223/1156/728 1222/1443/973 1224/1445/975
f 1224/1445/975 1222/1443/973 1220/1442/970 1227/1446/976
f 1224/1445/975 1226/1447/977 1237/1448/978 1225/1444/974
f 1226/1447/977 1224/1445/975 1227/1446/976 1228/1449/979
f 1230/1450/980 1228/1451/979 1227/1452/976 1229/1453/981
f 1229/1453/981 1227/1452/976 1220/1438/970 1217/1437/969
f 1229/1453/981 1231/1454/982 1232/1455/983 1230/1450/980
f 1231/1454/982 1229/1453/981 1217/1437/969 1215/1434/966
f 1232/1455/983 1231/1454/982 1233/1435/967 1234/1456/984
f 1211/1433/965 1233/1435/967 1231/1454/982 1215/1434/966
f 1234/1456/984 1233/1435/967 922/1103/680 924/1105/682
f 1230/1450/980 1232/1455/983 1234/1456/984 1235/1457/985
f 924/1105/682 927/1107/684 1235/1457/985 1234/1456/984
f 927/1107/684 951/1458/712 1236/1459/711 1235/1457/985
f 1228/1451/979 1230/1450/980 1235/1457/985 1236/1459/711
f 1228/1449/979 1236/1139/711 949/1138/710 1226/1447/977
f 1226/1447/977 949/1138/710 953/1141/713 1237/1448/978
f 1237/1448/978 953/1141/713 956/1144/716 1225/1444/974
f 959/1148/720 1223/1156/728 1225/1444/974 956/1144/716
f 7/8/8 9/12/12 962/1149/721 958/1146/718
f 7/8/8 958/1146/718 955/1145/717 3/5/5
f 3/5/5 955/1145/717 947/1132/705 944/6/6
f 951/1458/712 927/1107/684 1240/1111/688 1238/1460/714
f 1240/1111/688 1241/1461/986 1239/1462/987 1238/1460/714
f 950/1137/709 1238/1142/714 1239/1463/987 1306/1464/988
f 926/1110/687 935/1117/694 1241/1461/986 1240/1111/688
f 1241/1461/986 935/1117/694 1243/1119/696 1242/1465/989
f 1241/1461/986 1242/1465/989 1244/1466/990 1239/1462/987
f 1246/1467/991 1242/1465/989 1243/1119/696 1249/1468/992
f 1244/1466/990 1242/1465/989 1245/1469/993 1302/1470/994
f 1242/1465/989 1246/1467/991 1247/1471/995 1245/1469/993
f 1248/1472/996 1283/1473/997 1247/1471/995 1246/1467/991
f 1246/1467/991 1249/1468/992 1252/1474/998 1248/1472/996
f 1254/1475/999 1252/1474/998 1249/1468/992 1250/1476/1000
f 1250/1476/1000 1249/1468/992 1251/1120/697
f 1249/1468/992 1243/1119/696 934/1118/695 1251/1120/697
f 1253/1477/1001 1281/1478/1002 1248/1472/996 1252/1474/998
f 1256/1479/1003 1253/1477/1001 1252/1474/998 1254/1475/999
f 1257/1480/1004 1256/1479/1003 1254/1475/999 1255/1041/623
f 1255/1041/623 1254/1475/999 1250/1476/1000 869/1039/621
f 1259/1481/1005 1258/1482/1006 1256/1479/1003 1257/1480/1004
f 1258/1482/1006 1260/985/573 1253/1477/1001 1256/1479/1003
f 1258/1482/1006 1259/1481/1005 1262/1483/1007 1261/1484/1008
f 1260/985/573 1258/1482/1006 1261/1484/1008 823/980/570
f 1263/1485/1009 1261/1484/1008 1262/1483/1007 1264/1486/1010
f 820/981/567 823/980/570 1261/1484/1008 1263/1485/1009
f 1263/1487/1009 1264/1488/1010 1266/1489/1011 1265/1490/1012
f 820/976/567 1263/1487/1009 1265/1490/1012 817/973/564
f 810/965/556 817/973/564 1265/1490/1012 807/962/553
f 807/962/553 1265/1490/1012 1266/1489/1011 804/958/549
f 804/958/549 1266/1489/1011 1267/1491/1013 801/956/547
f 1264/1488/1010 1269/1492/1014 1267/1491/1013 1266/1489/1011
f 1269/1492/1014 1270/1493/1015 1268/1494/1016 1267/1491/1013
f 801/956/547 1267/1491/1013 1268/1494/1016 799/955/546
f 1269/1495/1014 1271/1496/1017 1272/1497/1018 1270/1498/1015
f 1264/1486/1010 1262/1483/1007 1271/1496/1017 1269/1495/1014
f 1273/1050/632 877/1049/631 1272/1497/1018 1271/1496/1017
f 1259/1481/1005 1273/1050/632 1271/1496/1017 1262/1483/1007
f 876/1048/630 1273/1050/632 1259/1481/1005 1257/1480/1004
f 1270/1498/1015 1272/1497/1018 1274/1499/1019 1276/1500/1020
f 877/1049/631 879/1051/633 1274/1499/1019 1272/1497/1018
f 879/1051/633 881/1053/635 1275/1501/1021 1274/1499/1019
f 1276/1500/1020 1274/1499/1019 1275/1501/1021 1278/1502/1022
f 1270/1493/1015 1276/1503/1020 1277/1504/1023 1268/1494/1016
f 1276/1503/1020 1278/1505/1022 1279/1506/1024 1277/1504/1023
f 1279/1506/1024 1278/1505/1022 620/786/379 624/785/382
f 1275/1501/1021 617/777/374 620/782/379 1278/1502/1022
f 1280/945/536 1277/1504/1023 1279/1506/1024 790/942/533
f 790/942/533 1279/1506/1024 624/785/382 787/792/386
f 799/955/546 1268/1494/1016 1277/1504/1023 1280/945/536
f 881/1053/635 613/775/372 617/777/374 1275/1501/1021
f 1281/1478/1002 1253/1477/1001 1260/985/573 824/984/572
f 1255/1041/623 870/1040/622 876/1048/630 1257/1480/1004
f 1281/1478/1002 1282/1507/1025 1283/1473/997 1248/1472/996
f 824/984/572 826/986/574 1282/1507/1025 1281/1478/1002
f 1282/1507/1025 1284/1508/1026 1285/1509/1027 1283/1473/997
f 1284/1508/1026 1282/1507/1025 826/986/574 828/987/575
f 1284/1508/1026 1286/1510/1028 1287/1511/1029 1285/1509/1027
f 828/987/575 1288/990/578 1286/1510/1028 1284/1508/1026
f 1286/1510/1028 1289/1512/1030 1290/1513/1031 1287/1511/1029
f 1289/1512/1030 1286/1510/1028 1288/990/578 1291/1514/1032
f 1291/1514/1032 1292/1515/1033 1290/1513/1031 1289/1512/1030
f 1291/1514/1032 1288/990/578 829/991/579 1293/998/584
f 1291/1514/1032 1293/998/584 1294/1516/1034 1292/1515/1033
f 1293/998/584 833/997/583 1295/1517/1035 1294/1516/1034
f 1292/1515/1033 1294/1516/1034 1296/1518/1036 1297/1519/1037
f 1294/1516/1034 1295/1517/1035 1298/1520/1038 1296/1518/1036
f 1299/1521/1039 1301/1522/1040 1297/1519/1037 1296/1518/1036
f 1300/1523/1041 1299/1521/1039 1296/1518/1036 1298/1520/1038
f 1299/1521/1039 1300/1523/1041 1302/1470/994 1245/1469/993
f 1301/1522/1040 1299/1521/1039 1245/1469/993 1247/1471/995
f 1285/1509/1027 1287/1511/1029 1297/1519/1037 1301/1522/1040
f 1301/1522/1040 1247/1471/995 1283/1473/997 1285/1509/1027
f 1303/1017/602 850/1016/601 1302/1524/994 1300/1525/1041
f 1300/1525/1041 1298/1526/1038 1304/1527/1042 1303/1017/602
f 1303/1017/602 1304/1527/1042 844/1011/596 846/1013/598
f 840/1007/592 844/1011/596 1304/1527/1042 1305/1008/593
f 1305/1008/593 1304/1527/1042 1298/1526/1038 1295/1528/1035
f 835/1000/585 1305/1008/593 1295/1528/1035 833/999/583
f 1244/1529/990 1302/1524/994 850/1016/601 852/1018/603
f 1292/1515/1033 1297/1519/1037 1287/1511/1029 1290/1513/1031
f 867/1035/618 869/1039/621 1250/1476/1000 1251/1120/697
f 864/1036/615 867/1035/618 1251/1120/697 936/1121/698
f 1306/1464/988 1239/1463/987 1244/1529/990 852/1018/603
f 1306/1464/988 852/1018/603 854/1020/605 940/1127/701
f 942/1128/702 950/1137/709 1306/1464/988 940/1127/701
f 2/2/2 945/1133/706 1307/1530/1043 1310/3/3
f 945/1133/706 1308/1134/689 1309/1531/656 1307/1530/1043
f 929/1085/662 902/1080/657 1309/1079/656 1308/1112/689
f 898/1074/652 1311/1073/651 1307/1530/1043 1309/1531/656
f 1310/3/3 1307/1530/1043 1311/1073/651 751/909/500
f 894/1070/649 754/910/501 751/909/500 1311/1073/651
f 864/1030/615 936/1122/698 855/1022/607 858/1025/610
f 885/1057/639 900/1077/654 1312/1532/1044 883/1055/637
f 1312/1532/1044 900/1077/654 590/747/344 1313/749/346
f 1312/1532/1044 1313/749/346 609/759/356 883/1055/637
f 591/748/345 593/750/347 609/759/356 1313/749/346
f 895/948/539 786/914/505 756/911/502 754/910/501
f 837/1002/587 831/995/581 818/974/565 815/971/562
f 743/900/491 735/893/484 740/896/487
f 718/877/468 704/865/456 706/866/457 711/872/463
f 715/875/466 713/874/465 1314/76/76 61/73/73
f 62/77/77 1314/76/76 709/869/460 69/84/84
f 1315/804/398 633/803/397 1316/1533/284 1317/1534/1045
f 535/1535/280 1318/1536/1046 1317/1534/1045 1316/1533/284
f 1319/91/91 73/89/89 1317/1534/1045 1318/1536/1046
f 73/89/89 71/87/87 1315/804/398 1317/1534/1045
f 1318/1536/1046 535/1535/280 530/679/276 1320/678/278
f 1319/91/91 1318/1536/1046 80/98/98 74/92/92
f 80/98/98 1318/1536/1046 1320/678/278 1321/99/99
f 1321/99/99 1320/678/278 526/669/271 1322/670/272
f 81/100/100 1321/99/99 1322/670/272 1323/110/107
f 1322/670/272 522/663/267 1324/665/269 1323/110/107
f 1323/110/107 1324/665/269 92/1537/113 85/111/105
f 518/659/263 94/658/116 92/1537/113 1324/665/269
f 71/87/87 68/85/85 632/801/395 1315/804/398
f 571/724/321 564/716/313 566/717/314
f 95/119/115 102/129/125 528/673/274 91/116/112
f 520/661/265 103/667/127 105/140/128 1325/139/135
f 516/651/259 1325/139/135 110/142/136 511/648/256
f 511/648/256 110/142/136 112/144/137 509/188/174
f 509/188/174 112/144/137 114/146/139 142/187/173
f 108/137/133 1326/136/132 137/177/166 115/147/140
f 135/161/150 118/151/143 115/147/140 137/177/166
