# Blender 4.5.2 LTS
# www.blender.org
mtllib old_man.mtl
o statuette_old_man
v -3.648952 22.137468 2.598951
v -5.606947 10.930165 -0.037719
v -5.548853 11.505912 0.474396
v -3.072429 0.000001 4.552500
v -1.868965 1.465081 5.403716
v 1.336212 18.639130 -3.097807
v -0.886895 1.610246 5.871025
v -3.218536 21.183279 3.695196
v -4.640683 1.163700 3.868383
v -3.604232 27.120125 2.483407
v -4.058370 1.281631 4.600769
v -3.124142 21.032785 4.282955
v -1.309333 24.365503 5.259912
v 2.561656 27.491613 3.384288
v 2.708558 28.165493 -1.030482
v -1.596036 29.020193 3.359215
v -3.319420 22.408373 0.303894
v -0.724717 28.754251 -0.917450
v -0.104110 11.242704 -6.880133
v -0.350105 12.925952 -5.033957
v -2.364425 15.387664 -5.060869
v 0.198764 24.909266 -3.592344
v 0.864280 0.969282 5.776338
v 3.073174 24.075726 -2.252505
v 3.184597 23.399382 1.149238
v -0.015952 0.000001 4.766093
v 0.106800 0.000001 4.489137
v 1.074943 1.092220 5.813032
v -3.630057 25.392857 -3.284752
v -2.033280 20.525209 5.355273
v -1.739386 10.204054 4.822376
v -0.271127 11.685908 4.506228
v 2.846828 21.532866 4.027636
v 1.096142 0.000001 4.874756
v -1.104782 9.017838 4.562244
v -0.998663 9.139019 4.768568
v -1.106575 8.622125 4.381165
v 2.487703 1.100657 5.276068
v 3.528867 17.884266 2.608193
v -0.563817 7.309927 4.062086
v 0.465059 8.468312 4.751791
v 3.094504 1.013219 4.725827
v 4.541064 8.642523 1.707842
v 1.668953 0.000001 -0.734128
v -0.107407 0.000001 -1.493867
v -1.317350 21.711349 6.078763
v 0.337749 20.257214 6.450226
v -0.124467 21.394749 6.666378
v 1.355973 18.031786 3.193139
v 0.151859 8.305413 -6.030499
v -0.363692 7.611323 -5.536340
v 2.692100 9.499070 -5.908077
v 2.852021 15.498619 -3.973559
v -2.902310 1.009254 5.459396
v -3.825877 22.701845 3.291900
v -3.842253 23.826075 2.276767
v -3.597460 22.928560 1.452391
v -3.426203 21.623056 2.624692
v -3.557035 21.725506 3.922749
v -3.692840 21.936817 4.048900
v -3.700732 22.176891 4.305331
v -5.359303 11.049829 -1.899526
v -5.362150 9.671696 -1.366896
v -5.027042 9.691966 0.397126
v -5.081694 9.520254 1.636018
v -5.018859 10.734311 1.472079
v -5.330086 11.389521 1.605513
v -5.316037 12.624261 1.526472
v -5.676045 12.342768 0.196111
v -5.981273 12.236239 -0.748612
v -3.212550 0.000001 4.357013
v -2.882862 0.000001 4.333200
v -2.794191 0.000001 4.612898
v -2.754330 0.000001 4.843519
v -3.160356 0.000001 4.734144
v -3.418319 0.000001 4.507611
v -1.764851 1.070253 5.331577
v -1.080021 1.145106 5.425541
v -1.148332 1.381636 5.781884
v -2.304717 0.909912 5.445560
v -2.215883 0.686723 5.461007
v -2.249048 1.722427 5.348794
v -2.456476 1.139253 5.409910
v -1.833060 1.998000 5.804805
v -2.227929 2.179474 5.664119
v 2.048182 18.093103 -3.263625
v 1.235363 16.810865 -3.571832
v 0.119341 17.950226 -3.333039
v 0.723006 19.662724 -2.975543
v 1.860326 19.723410 -2.727836
v 2.737978 18.749174 -2.935230
v -1.348071 1.835392 5.915296
v -0.968713 1.878932 5.879090
v -3.401526 21.475533 3.815472
v -3.229490 21.291742 2.716010
v -3.010758 20.959658 2.842340
v -3.346443 21.282179 4.637389
v -2.829377 20.730415 3.181736
v -4.644206 0.804083 3.951619
v -4.414977 0.640547 4.582571
v -4.350283 0.866238 4.522258
v -4.328294 1.342802 4.236455
v -4.541241 1.755266 4.262785
v -5.010971 1.493975 3.883503
v -4.250481 1.055725 4.519899
v -4.290209 26.207224 1.966457
v -3.820889 25.442509 2.074413
v -3.470718 25.885618 2.752830
v -3.019918 28.814251 2.523149
v -2.937374 28.921150 1.945061
v -3.899167 27.688265 2.089721
v -3.381507 27.431314 3.036470
v -2.803109 28.709068 2.835460
v -4.373924 26.652681 1.562157
v -3.196236 26.142321 3.133001
v -4.044626 1.583800 4.487978
v -3.852506 1.083015 5.005422
v -3.685241 1.449100 4.868692
v -2.644597 20.521446 3.486945
v -2.884260 20.834650 4.381455
v -2.936150 20.910908 5.266627
v -3.085100 20.984629 5.406911
v -2.768358 20.846174 5.202567
v -2.002641 24.219503 5.002981
v -1.632763 23.094440 5.334375
v -0.956477 23.228737 5.316648
v -0.526084 24.409693 5.465922
v -0.657309 25.844273 5.249236
v -1.335103 25.567209 4.637990
v -2.237642 25.526424 4.502421
v 2.380567 26.391542 3.296984
v 2.905819 26.042175 2.871949
v 3.210331 27.062372 2.843406
v 1.905379 27.557568 3.722016
v 1.962660 26.670855 3.664850
v 3.456934 27.807734 2.264555
v 2.844984 28.144985 2.577147
v 2.044071 28.353882 3.500089
v 1.641661 28.203239 3.727797
v 1.249561 28.066788 3.814633
v 1.002007 28.645712 3.880445
v 0.724222 28.228462 3.915427
v 3.827958 26.302290 1.873028
v 4.137417 26.440815 1.452796
v 3.853957 27.373287 1.820320
v 3.634355 26.735991 2.335926
v 2.867012 28.244745 -0.897363
v 2.999057 27.824343 -1.046878
v 2.752268 27.843178 -1.152229
v 2.402493 28.380829 -1.044268
v 2.504885 28.627268 -0.842262
v 2.346388 27.988022 -1.222857
v -0.872984 28.794432 3.452206
v -0.756069 29.176971 3.278923
v -1.784338 29.247692 3.114636
v -1.798771 28.453520 3.524370
v -0.981506 28.252661 3.613914
v -2.266994 28.581547 3.305780
v -3.272918 22.087202 0.637499
v -3.494053 23.432568 0.790330
v -3.421328 22.651825 -0.242705
v -3.389918 21.854340 -0.356234
v -3.353456 21.614672 0.272567
v -1.029175 28.458046 -1.029541
v -1.567592 28.810490 -0.752298
v -0.947329 29.106035 -0.747170
v -0.155956 29.168028 -0.824801
v -0.136751 28.743252 -1.002991
v -0.211854 28.333708 -1.370847
v -0.191989 11.941172 -6.680299
v 1.649939 11.719264 -6.485978
v 1.885495 11.300005 -6.607022
v 0.579903 9.904448 -6.762254
v -0.307985 9.290485 -6.855298
v -1.212454 10.751769 -7.250274
v 2.219610 10.580278 -6.599481
v 0.245821 13.002617 -4.698359
v 0.819233 12.958362 -5.329821
v -0.198413 12.972965 -5.580360
v -1.175069 13.529161 -4.793631
v -0.695073 13.647775 -4.449233
v -1.320337 13.565608 -5.358216
v -1.015620 13.479615 -5.894538
v -1.382470 13.586113 -6.214869
v -2.020391 14.336808 -5.402722
v -1.863683 14.493232 -4.777664
v -2.435009 14.547683 -5.908145
v -2.886546 14.495292 -6.376875
v -3.065851 15.665792 -5.636405
v -1.961169 15.469214 -4.570417
v -1.472341 14.650468 -4.503134
v -2.410642 16.738825 -4.512579
v -1.761366 16.068222 -4.352551
v -0.240545 23.185287 5.414527
v -0.212240 24.990425 -3.547547
v 0.077320 25.461182 -3.518930
v 0.495421 25.102892 -3.409479
v 0.329476 24.703016 -3.860896
v -0.241650 24.687422 -3.929366
v 0.831393 24.925079 -3.712962
v 1.007903 1.520326 5.679559
v 0.706479 1.508147 5.660114
v 0.398088 1.146727 5.590539
v 0.385942 0.801621 5.558819
v 0.912746 0.541326 5.764844
v 0.337376 1.571860 5.643723
v 3.334460 24.319410 -1.615200
v 2.879786 23.065069 -1.415469
v 2.514392 22.978745 -1.806879
v 2.362435 23.484646 -2.771255
v 2.255581 24.099190 -3.222033
v 3.019789 24.886538 -2.739543
v 2.173587 22.738958 -2.175695
v 3.352218 23.734831 2.012505
v 3.158479 22.279873 2.368507
v 3.116749 22.078068 1.589061
v 3.166551 22.639826 0.753309
v 3.241963 23.020172 0.205495
v 3.435920 23.786825 0.381513
v 3.009230 21.886978 1.269954
v -0.144902 0.000001 4.474176
v 0.333512 0.000001 4.657030
v 0.599736 0.000001 5.054705
v 0.501149 0.000001 5.185116
v -0.143211 0.128919 5.038217
v 0.717441 0.000001 4.905584
v -0.192133 0.000001 4.250756
v 0.180012 0.000001 4.347557
v 0.509517 0.000001 4.541740
v 1.559555 0.712163 5.798476
v 1.542711 1.010911 5.794713
v 1.445042 1.576562 5.638795
v -3.763903 25.175697 -3.267026
v -4.078648 25.506067 -2.808745
v -3.779678 25.697119 -2.969831
v -3.490465 25.826437 -3.142150
v -3.398440 25.380156 -3.461704
v -3.461754 25.059044 -3.516715
v -2.106956 20.525860 5.070508
v -1.516482 20.330748 5.278759
v -1.598621 20.404209 5.587468
v -1.676880 20.458813 5.796807
v -2.254010 20.610016 5.484570
v -2.488759 20.706480 5.088354
v -1.754800 10.826577 4.722708
v -2.396574 10.788664 4.478484
v -2.406325 9.727922 4.438706
v -1.376875 9.452349 4.917487
v -0.974209 10.181678 4.968207
v -1.405757 10.894178 4.730191
v -0.093365 12.908366 4.207699
v -0.273068 12.801633 3.928333
v -0.221232 12.181612 4.271423
v -0.060145 12.658053 4.600568
v -1.003690 11.054154 4.595485
v -0.559140 10.654745 4.463213
v -0.129551 12.034953 4.719735
v -0.495628 11.889886 4.346588
v 0.202041 10.679165 4.679307
v 0.287547 11.611862 5.040202
v 2.738421 22.005917 4.690925
v 2.226817 21.438360 5.457608
v 2.296211 21.097445 5.234508
v 2.940440 21.376848 2.797679
v 3.325136 22.712282 3.423580
v 3.100922 23.180449 4.101272
v 2.205913 20.826111 5.067369
v 2.619919 21.043352 3.914195
v 2.677020 20.944382 2.903991
v 0.845897 0.000001 4.748404
v 1.033433 0.000001 4.567212
v 1.293668 0.000001 4.780204
v 1.410164 0.000001 4.964829
v 1.099013 0.000001 5.038167
v -0.085288 8.638964 4.806447
v -0.038797 9.074711 5.116864
v -1.721344 8.943132 4.400742
v -0.773672 8.821493 4.715327
v -0.264650 8.536611 4.615104
v -1.868538 8.140481 4.321918
v -1.385654 7.970535 4.473927
v -0.612537 8.173262 4.453771
v -0.454666 8.439121 4.493544
v -0.966486 8.741362 4.533517
v -0.838178 7.693426 4.331928
v 2.778247 1.064959 5.042697
v 2.880598 1.435133 4.896269
v 2.497411 1.464205 5.200459
v 2.080291 1.031959 5.578447
v 2.228070 0.723217 5.538386
v 1.959173 1.566467 5.483397
v 3.063805 18.324440 2.677768
v 2.954015 17.165012 3.194640
v 3.480180 16.886196 2.902257
v 4.064065 18.050894 2.281284
v 3.388898 19.003477 2.253578
v 4.175472 16.558432 2.482375
v -0.700601 6.310999 4.347636
v -0.380694 6.288993 4.419678
v -0.313412 7.493903 4.391360
v -1.027308 6.429080 4.557386
v 0.510825 7.876913 4.893140
v 0.998890 8.083278 4.717299
v 1.002678 8.827438 4.846373
v 0.246720 7.750954 4.921763
v 3.435865 1.440663 4.606752
v 3.027340 0.650286 4.834117
v 3.717150 0.775666 4.000265
v 3.973493 0.980561 4.054123
v 4.240699 1.156559 4.075884
v 4.572200 8.966251 2.145316
v 4.061848 8.654531 2.299876
v 3.938164 8.033221 2.111024
v 4.536103 8.130398 1.034631
v 4.653130 9.502394 0.776719
v 4.329915 9.972019 1.746861
v 3.330239 9.199969 3.318815
v 3.525304 8.756729 3.247922
v 3.653629 9.418632 3.138492
v 1.695364 0.000001 -0.149007
v 0.924923 0.000001 -0.313584
v 1.174895 0.000001 -1.007632
v 2.219078 0.000001 -1.183895
v 2.541975 0.000001 -0.367811
v 1.671852 0.000001 -1.810227
v -0.673096 0.000001 -1.068096
v -1.251432 0.000001 -1.884637
v -0.240322 0.000001 -2.318779
v 0.844162 0.000001 -2.251435
v 0.546927 0.000001 -1.285016
v 0.151959 0.000001 -0.604664
v -0.918306 21.590422 6.209778
v -0.849197 21.827282 5.973570
v -1.472297 21.892515 5.896258
v -1.861338 21.805212 5.999005
v -1.514966 21.607874 6.197932
v -1.007854 21.427895 6.398998
v 0.573575 20.211639 6.185050
v 0.815405 20.229172 6.322272
v 0.391094 20.312355 6.628317
v 0.075757 20.225582 6.403505
v 0.248666 20.169903 6.036596
v 0.008631 20.277100 6.639216
v 0.058064 21.496883 6.579690
v -0.383798 21.516821 6.405656
v -0.475776 21.367908 6.589069
v -0.044569 21.293268 6.833453
v 0.292453 21.410988 6.776972
v -0.533580 21.237391 6.765666
v 0.692758 18.005812 3.375028
v 0.541881 16.710125 3.636865
v 1.241047 16.321737 3.558329
v 1.201389 18.985453 3.282849
v 0.666496 18.846615 3.396291
v 1.935907 18.996206 2.870768
v 1.676365 19.426218 2.979384
v 1.931368 17.621269 3.243376
v 2.108043 18.779381 2.717082
v -1.187351 8.773264 -6.657439
v 1.126799 8.466863 -6.243308
v 1.000074 7.267764 -5.244102
v 0.974830 6.387825 -5.207682
v -0.446105 6.456949 -5.238348
v 3.804427 11.873910 -5.809656
v 4.188607 11.429954 -5.489015
v 4.718913 11.018532 -4.975759
v 3.897759 9.123708 -5.203969
v 2.449773 14.450068 -4.206735
v 1.962467 14.683372 -3.807423
v 2.527297 15.913427 -3.549646
v 3.372081 15.728324 -4.215149
v 2.970204 14.395516 -4.796803
v 3.204909 16.641388 -3.673097
v -2.732437 1.390792 5.308660
v -3.181122 1.529609 5.122988
v -3.339476 1.050441 5.355305
v -3.406186 0.702979 5.445530
v -2.820054 0.749020 5.532974
v -2.790756 0.543523 5.555877
v -3.403177 0.492207 5.433344
v -3.972169 0.562107 5.137138
v -3.954391 0.377669 5.133598
v -3.392136 0.341577 5.396672
v -2.772936 0.398130 5.534660
v -3.949605 0.788625 5.114815
v -2.757407 0.261848 5.474771
v -2.149280 0.475799 5.446688
v -3.374967 0.199197 5.338203
v -3.923622 0.201175 5.095421
v -3.867737 0.053880 5.039030
v -3.349271 0.062588 5.259011
v -2.746895 0.117728 5.381503
v -2.738781 0.000001 5.245039
v -2.101883 0.084375 5.257175
v -2.113193 0.283504 5.368258
v -3.287699 0.000001 5.089840
v -3.704088 0.000001 4.817724
v -3.576294 0.000001 4.665116
v -3.225622 0.000001 4.910705
v -2.736835 0.000001 5.064735
v -2.219460 0.000001 4.839286
v -2.154045 0.000001 5.054346
v -1.647422 0.000001 4.714544
v -1.546211 0.080456 5.035217
v -1.565834 0.276764 5.129536
v -1.003873 0.306982 4.801735
v -1.052337 0.471688 4.921167
v -1.092829 0.724305 5.027369
v -1.610280 0.522251 5.234748
v -1.058703 0.958886 5.191126
v -1.680152 0.774922 5.284113
v -0.136447 0.533772 5.204283
v -0.128976 0.768498 5.326690
v -0.142977 1.041709 5.411407
v 0.369893 0.544395 5.499575
v -0.199017 1.329496 5.569297
v -0.233142 1.625677 5.755065
v 0.273414 1.951364 5.759513
v -0.249434 1.899169 5.831232
v 0.248144 2.278056 5.845139
v -0.263613 2.215894 5.808866
v -0.873270 2.164129 5.854441
v -1.305975 2.221667 5.888152
v -0.215146 2.670668 5.679585
v -0.749493 2.580994 5.704909
v -1.213080 2.567533 5.745342
v -1.696768 2.668495 5.753677
v -1.755747 2.351660 5.885942
v -0.460833 3.297287 5.433820
v -0.954738 3.201896 5.449568
v -1.518770 3.289612 5.444572
v -2.091040 3.552508 5.478486
v -2.150109 2.782026 5.735733
v -0.719713 4.212591 5.046393
v -1.227397 4.275411 5.073876
v -1.687837 4.494336 5.412053
v -2.174801 4.550403 5.576555
v -2.426898 3.680013 5.808118
v -1.204866 5.393415 4.737540
v -1.559296 5.557933 5.227906
v -2.008771 5.574930 5.157010
v -2.476370 5.522590 5.013145
v -2.632407 4.453466 5.393703
v -1.533960 6.755498 4.839742
v -1.957881 6.884964 4.710660
v -2.609013 7.142382 4.616317
v -3.309467 7.310223 4.144842
v -3.222719 5.610500 4.672112
v -2.553078 8.257955 4.069933
v -3.155627 8.287170 3.639908
v -3.663080 8.346356 3.121073
v -3.913756 7.445424 3.527487
v -2.538654 8.860867 4.122284
v -3.148582 8.832590 3.594836
v -3.624338 8.753093 3.035594
v -4.104501 8.734402 2.382030
v -4.131467 8.369920 2.476503
v -3.498277 9.445397 4.050956
v -3.825326 9.477633 3.211657
v -4.488712 9.511980 2.555789
v -4.449553 8.678785 1.498197
v -3.971603 10.816643 3.414881
v -4.546017 10.768663 2.538531
v -4.031187 11.660436 3.624347
v -4.788579 11.514673 2.771941
v -4.040394 12.991220 3.440486
v -4.772168 12.838946 2.632519
v -4.289337 14.612692 3.163621
v -4.784399 14.500200 2.402782
v -5.205062 14.271296 1.322080
v -5.613113 13.989587 0.039319
v -4.778380 16.225267 1.983716
v -5.193810 15.929599 1.127590
v -5.522611 15.732723 -0.046972
v -5.897556 15.699488 -1.118042
v -5.974885 13.842834 -1.100546
v -5.003276 17.614248 0.903382
v -5.401391 17.567978 0.038915
v -5.554944 17.635052 -0.868733
v -5.501624 17.751116 -1.609101
v -5.965750 15.810771 -2.093050
v -4.427320 19.347467 0.300871
v -4.581389 19.518059 -0.295474
v -4.700189 19.585587 -0.901874
v -4.674032 19.655210 -1.489725
v -5.468357 17.967747 -2.233328
v -3.592216 20.783627 0.422200
v -3.721445 20.914185 -0.186916
v -3.885454 21.008614 -0.844416
v -3.787698 20.972446 -1.535716
v -4.531526 19.753225 -2.089449
v -3.265103 21.873360 -1.370602
v -3.049967 21.829910 -1.904059
v -3.535396 20.908644 -2.110054
v -3.296959 22.633516 -1.462777
v -3.165760 22.520294 -2.081409
v -2.918269 22.480064 -2.449797
v -2.789401 21.760113 -2.274832
v -3.779695 23.030800 -1.687834
v -3.614902 23.019274 -2.346618
v -3.336287 22.956434 -2.806788
v -2.972731 22.934721 -3.139866
v -2.578880 22.433296 -2.736174
v -3.944202 23.685059 -2.635679
v -3.592550 23.661787 -3.095089
v -3.116341 23.676373 -3.371274
v -2.658597 23.566467 -3.764574
v -2.470882 22.899908 -3.442503
v -3.644193 24.285845 -3.319710
v -3.250757 24.215750 -3.648222
v -2.669195 24.121557 -3.931179
v -1.940823 23.927248 -4.154296
v -1.952169 23.431461 -3.993541
v -3.209321 24.666512 -3.747321
v -2.618689 24.524214 -3.965529
v -1.870924 24.276873 -4.179608
v -1.024952 23.977539 -4.225469
v -1.066582 23.639528 -4.239627
v -2.569205 24.866375 -3.930928
v -1.805798 24.585024 -4.147853
v -0.986548 24.251568 -4.189353
v -0.188352 24.042858 -4.121316
v -0.163388 23.786205 -4.144863
v -1.757963 24.884878 -4.063366
v -0.951007 24.523720 -4.128677
v -0.214520 24.369417 -4.074935
v 0.461351 24.380552 -3.964036
v 0.568280 24.122324 -3.982962
v -0.892702 24.852566 -3.939229
v -1.686818 25.201967 -3.811391
v -1.564024 25.640329 -3.518142
v -0.773911 25.245459 -3.614091
v -1.353585 26.416889 -3.530827
v -0.470851 25.851139 -3.668831
v -1.041249 27.184549 -3.303440
v -0.056234 26.505932 -3.493128
v 0.529373 26.030323 -3.414966
v 0.409828 27.235968 -2.973673
v 1.004595 26.776377 -2.928319
v 1.459888 26.262737 -2.732617
v 0.957918 25.586086 -3.182497
v 1.959857 25.928806 -2.795570
v 1.378518 25.347197 -3.393345
v 2.373182 25.768391 -3.005671
v 1.704302 25.096819 -3.539567
v 1.058575 24.639330 -3.786166
v 1.903492 24.840345 -3.514351
v 1.211676 24.395828 -3.773493
v 2.067550 24.511345 -3.445703
v 1.411662 24.109486 -3.710178
v 0.684641 23.840912 -3.985677
v 1.645432 23.725510 -3.576841
v 0.813759 23.508501 -3.946627
v -0.126385 23.454021 -4.139031
v 0.917372 22.957060 -3.624749
v -0.043678 23.018845 -4.020278
v -1.061046 23.198580 -4.159885
v 0.018233 22.374269 -3.360812
v -0.898733 22.528065 -3.709213
v -1.764814 22.793001 -3.634263
v -0.705910 21.991898 -3.038801
v -1.500496 22.205261 -3.105737
v -2.106839 22.361776 -2.937699
v -1.465186 21.390863 -3.081862
v -2.046009 21.551353 -2.857358
v -2.453424 21.671116 -2.567105
v -2.315395 20.573980 -3.129825
v -2.827260 20.732515 -2.885972
v -3.243551 20.854252 -2.549289
v -3.427517 19.681234 -3.408749
v -3.912834 19.794537 -3.093328
v -4.244850 19.784332 -2.643058
v -4.662504 18.427021 -3.854051
v -5.041693 18.324848 -3.386381
v -5.299231 18.165932 -2.844305
v -5.346804 16.643393 -4.040035
v -5.604831 16.362324 -3.512846
v -5.809635 16.063070 -2.893332
v -5.780631 14.473845 -4.149462
v -5.987101 14.162502 -3.355763
v -6.013839 13.910659 -2.287694
v -5.749491 12.494237 -3.485445
v -5.825709 12.313930 -2.258761
v -5.017895 11.085230 -3.266346
v -4.959361 11.044593 -4.512946
v -4.231686 9.730898 -4.343462
v -4.706553 9.689218 -2.928286
v -5.541014 12.715665 -4.513986
v -5.168024 13.031829 -5.308003
v -4.450704 11.303452 -5.554646
v -5.424361 14.815489 -4.734977
v -4.980295 15.134049 -5.185606
v -4.721772 13.424665 -5.907165
v -4.987804 16.871323 -4.487058
v -4.458890 17.021353 -4.790221
v -4.465955 15.436699 -5.560514
v -4.125381 18.401731 -4.152016
v -3.500365 18.268711 -4.319499
v -3.804060 17.066587 -4.937769
v -2.853134 19.466209 -3.647203
v -2.198732 19.139870 -3.802543
v -2.833679 18.012577 -4.308777
v -1.649050 20.364182 -3.329653
v -0.774462 20.048746 -3.302011
v -1.395672 18.641783 -3.701092
v -0.618983 21.223282 -3.051705
v 0.478410 21.149359 -2.771279
v 0.213389 21.720863 -2.789547
v 1.098215 21.773027 -2.499665
v 1.415575 21.153519 -2.455263
v 0.889822 22.362986 -2.815267
v 1.633612 22.476171 -2.452046
v 1.847225 21.848703 -2.227005
v 1.756714 23.065407 -3.209191
v 2.411423 21.941105 -1.983582
v 2.843122 21.235441 -1.953209
v 2.191649 21.230742 -2.187252
v 3.212020 20.425871 -2.018464
v 2.680941 20.201841 -2.319100
v 3.787628 19.312548 -2.334539
v 3.311094 19.083065 -2.623890
v 4.383648 18.186613 -2.866539
v 3.924644 18.019527 -3.099469
v 3.380097 17.747334 -3.217760
v 4.287445 16.954712 -3.736096
v 3.770226 16.857943 -3.766965
v 2.748719 17.265478 -3.324295
v 2.070884 16.187181 -3.498726
v 1.367900 15.023190 -3.746869
v 0.237790 15.676227 -3.968955
v 0.196758 14.108006 -3.994537
v -0.909385 14.999584 -4.295416
v -1.063155 16.691675 -3.956018
v -2.083376 17.556051 -4.132973
v -3.104439 16.953516 -4.803828
v -3.785312 15.646451 -5.753868
v -3.541034 14.249097 -6.515907
v -4.198026 13.858241 -6.335889
v -2.698116 12.517374 -6.699288
v -3.286121 12.105037 -6.527684
v -3.862833 11.693298 -6.219089
v -2.122166 10.272851 -7.017407
v -2.954096 9.939330 -6.491291
v -3.696206 9.774443 -5.579702
v -2.289491 8.452648 -6.100890
v -3.137419 8.542355 -5.124758
v -4.013213 8.580921 -4.007399
v -2.927209 7.348339 -4.514745
v -3.983738 7.538493 -3.643992
v -4.638298 7.826594 -2.356444
v -4.610143 8.653233 -2.597647
v -4.958399 8.042344 -0.812771
v -4.962788 8.634327 -0.946595
v -4.867891 8.244730 0.554443
v -4.879847 8.630942 0.525317
v -4.534137 8.308293 1.588986
v -5.282167 7.308239 0.780687
v -4.919865 7.427033 1.931730
v -4.452806 7.476602 2.837842
v -4.956244 5.541921 2.358590
v -4.535360 5.582102 3.290760
v -3.973247 5.610260 4.019216
v -4.822816 3.825481 3.745023
v -4.119011 3.992511 4.378931
v -3.327068 4.218215 5.008251
v -4.289846 3.093881 4.559076
v -3.585709 3.359948 5.095632
v -2.945977 3.631218 5.603757
v -3.742017 2.925647 5.163555
v -3.216790 3.077133 5.690878
v -2.562400 2.962804 5.862266
v -3.260639 2.654499 5.519166
v -2.677081 2.563657 5.757010
v -2.210609 2.467308 5.852512
v -2.626016 2.352116 5.451567
v -3.179270 2.396414 5.253848
v -3.115671 2.009056 5.026172
v -2.606612 1.935634 5.213779
v -3.597749 1.885682 4.806722
v -3.690701 2.308488 4.975575
v -4.158336 2.026637 4.609540
v -3.801455 2.589185 5.217438
v -4.310748 2.381223 4.781268
v -4.758157 2.131691 4.342297
v -4.321268 2.721136 4.682063
v -4.810969 2.466101 4.195402
v -5.365441 2.213115 3.525016
v -5.229830 1.822528 3.759989
v -4.863737 2.912472 4.003390
v -5.475377 2.740864 3.230539
v -5.978981 2.621592 2.154778
v -6.023229 1.959116 2.532241
v -5.294136 3.776188 2.787356
v -5.725622 3.775537 1.672923
v -5.893255 3.622098 0.455784
v -6.251927 2.519367 0.894673
v -5.318966 5.461378 1.193487
v -5.317789 5.238955 -0.126676
v -5.165690 4.937555 -1.577763
v -5.700678 3.361273 -0.925909
v -5.176629 6.993558 -0.600129
v -4.780917 6.669703 -2.019512
v -4.118604 6.323804 -3.294718
v -4.682559 4.647653 -3.060304
v -3.517138 4.412890 -4.268779
v -3.768274 2.980818 -4.154396
v -5.152309 3.138542 -2.658003
v -3.046782 6.091553 -4.233750
v -1.908586 6.134312 -5.012167
v -2.240238 4.427545 -5.159855
v -1.799522 7.263913 -5.225284
v -0.672677 4.651601 -5.545704
v -0.770682 2.932348 -5.765934
v -2.496272 2.910734 -5.253473
v -0.790583 2.043288 -5.839320
v -2.502010 2.105441 -5.195230
v -3.958016 2.205501 -3.952678
v -2.478671 1.523733 -5.097166
v -4.013059 1.659664 -3.840682
v -5.391719 1.675850 -2.153228
v -5.360399 2.294237 -2.306822
v -6.019239 1.699037 -0.368252
v -5.930742 2.372033 -0.533310
v -6.413505 1.797814 1.160652
v -5.998057 1.213642 -0.356577
v -6.393169 1.285403 1.324740
v -5.918052 1.484688 2.804065
v -6.287010 0.927704 1.395594
v -5.793746 1.157568 2.956604
v -6.163092 0.669096 1.481082
v -5.630153 0.905707 3.074136
v -5.970843 0.408086 1.549480
v -5.324830 0.821672 3.005647
v -5.848642 0.252129 1.583814
v -5.084234 0.702468 2.990409
v -4.694595 0.562133 3.968406
v -4.936290 0.317092 3.143932
v -4.725818 0.285073 4.012751
v -4.398390 0.249833 4.637016
v -4.432523 0.429409 4.632372
v -4.544100 0.000001 3.964400
v -4.192282 0.000001 4.518719
v -4.291848 0.000001 3.910600
v -4.020750 0.000001 4.421375
v -4.042332 0.000001 3.848904
v -3.830094 0.000001 4.312109
v -3.791450 0.000001 3.783339
v -3.609631 0.000001 4.201869
v -3.502937 0.000001 3.721243
v -3.348549 0.000001 4.113657
v -3.126521 0.000001 3.673404
v -2.993667 0.000001 4.044906
v -2.622223 0.000001 3.662069
v -2.512901 0.000001 4.032659
v -2.404670 0.000001 4.355566
v -1.868034 0.000001 4.018963
v -1.792949 0.000001 4.279546
v -1.722997 0.000001 4.489757
v -2.305901 0.000001 4.619405
v -0.973292 0.000001 4.222312
v -0.964216 0.000001 4.447620
v -0.953342 0.142463 4.688963
v -0.987121 0.000001 3.985358
v -0.193696 0.000001 4.033993
v -0.141502 0.000001 3.821406
v 0.451126 0.000001 3.972142
v 0.319844 0.000001 4.176628
v -1.026594 0.000001 3.728253
v -1.058218 0.000001 3.326226
v -0.070227 0.000001 3.470989
v -1.942661 0.000001 3.686406
v -2.035835 0.000001 3.202457
v -2.127537 0.000001 2.506410
v -1.057490 0.000001 2.737938
v -2.756056 0.000001 3.123634
v -2.875484 0.000001 2.349132
v -2.950218 0.000001 1.279442
v -2.118198 0.000001 1.590335
v -3.277751 0.000001 3.110502
v -3.437916 0.000001 2.251478
v -3.528567 0.000001 1.060140
v -3.290733 0.000001 -0.189186
v -2.741834 0.000001 0.109379
v -3.888201 0.000001 2.170815
v -3.991085 0.000001 0.883826
v -3.707806 0.000001 -0.429031
v -2.875391 0.000001 -1.812976
v -2.516637 0.000001 -1.445525
v -4.426217 0.000001 0.719050
v -4.103871 0.000001 -0.687484
v -3.157325 0.000001 -2.114445
v -1.853300 0.000001 -3.282464
v -1.705813 0.000001 -2.869573
v -4.402301 0.000001 -0.921394
v -3.381460 0.000001 -2.412855
v -1.961151 0.000001 -3.577682
v -0.445260 0.000001 -4.129745
v -0.415752 0.000001 -3.846046
v -3.560572 0.000001 -2.640760
v -2.056116 0.000001 -3.843630
v -0.484717 0.000001 -4.396311
v 1.132173 0.000001 -4.282736
v 1.118723 0.000001 -4.030562
v -2.138150 0.000001 -4.085094
v -0.528947 0.000001 -4.642805
v 1.139323 0.000001 -4.532401
v 2.619151 0.000001 -3.867479
v 2.554800 0.000001 -3.629033
v -0.580520 0.000001 -4.900996
v 1.145344 0.000001 -4.784431
v 2.671711 0.000001 -4.095209
v 3.929459 0.000001 -3.087678
v 3.799177 0.000001 -2.873621
v 1.153305 0.000001 -5.001997
v 2.763620 0.071636 -4.382986
v 4.027826 0.000001 -3.287012
v 4.979219 0.156723 -1.946050
v 4.745169 0.000001 -1.739429
v 2.749777 0.270905 -4.476476
v 4.149217 0.218795 -3.521700
v 5.035301 0.370220 -2.072989
v 5.444006 0.427350 -0.353892
v 5.341705 0.194900 -0.201737
v 4.143948 0.428465 -3.620536
v 5.085358 0.562886 -2.207900
v 5.512276 0.674402 -0.500724
v 5.432624 0.766042 1.315501
v 5.298881 0.525634 1.439016
v 5.136822 0.754515 -2.325495
v 5.521787 0.922655 -0.604034
v 5.535750 1.009521 1.211278
v 5.125908 1.143482 2.727751
v 5.025739 0.925752 2.830669
v 5.563862 1.189356 -0.704392
v 5.603157 1.311698 1.097352
v 5.191302 1.434159 2.601507
v 4.529387 1.681941 3.810434
v 4.418643 1.420622 3.975328
v 5.613142 1.695096 0.957321
v 5.246579 1.817542 2.439902
v 4.623835 2.022187 3.621089
v 4.069366 2.345550 4.456962
v 3.953211 2.042485 4.638327
v 5.308435 2.395996 2.110991
v 4.695425 2.563825 3.305678
v 4.127910 2.784421 4.204774
v 3.510341 3.026941 4.870075
v 3.492088 2.625345 5.057109
v 4.765556 3.442061 2.830960
v 4.056370 3.617724 3.776390
v 3.487632 3.843297 4.581580
v 2.727928 4.083572 5.174773
v 2.854786 3.231842 5.403604
v 3.949687 5.198351 3.166572
v 3.298451 5.366284 4.124580
v 2.528250 5.493148 4.816302
v 1.646933 5.574777 5.302532
v 1.855571 4.272288 5.721185
v 3.192822 6.998784 3.554544
v 2.556100 7.124523 4.283716
v 1.782859 7.109842 4.772329
v 1.019646 6.963238 5.086287
v 0.898008 5.556034 5.487360
v 2.646927 8.304668 3.876632
v 1.828100 8.314313 4.274824
v 3.012202 8.873539 4.148014
v 2.113276 8.926223 4.709443
v 2.784165 9.597469 3.823503
v 2.139207 9.852998 4.480833
v 1.152000 9.603639 4.896442
v 0.150473 9.600212 4.967501
v 1.946048 10.270796 4.113056
v 1.170669 10.295115 4.586779
v 1.908535 10.730221 4.113512
v 1.087375 11.078744 4.712862
v 2.098257 11.488794 4.636450
v 1.158434 12.030037 4.980223
v 0.591190 12.375573 5.155035
v 0.160586 12.581361 5.035982
v 1.540197 13.185647 4.971998
v 1.103779 13.470023 5.054695
v 0.799333 13.644269 5.110415
v 0.460656 13.727250 4.879651
v 1.712417 14.604397 4.588935
v 1.440466 14.776830 4.645926
v 1.145341 14.927373 4.636222
v 0.836967 14.945370 4.270679
v 0.316275 13.703744 4.418549
v 2.016913 16.097767 4.044781
v 1.600350 16.233498 3.951185
v 2.270944 17.495476 3.340811
v 2.344684 15.933755 3.986486
v 2.574819 17.353779 3.288052
v 2.688387 18.528704 2.780931
v 2.462523 18.649366 2.823105
v 2.955516 19.321054 2.283986
v 2.689892 19.452044 2.335141
v 2.428320 19.556334 2.324612
v 2.943905 19.981367 1.969663
v 2.692249 20.091005 2.088365
v 2.504038 20.207420 2.263320
v 2.198106 19.674522 2.508033
v 2.423313 20.361160 2.529412
v 2.070833 19.947062 2.701670
v 2.369716 20.610563 2.962540
v 1.962131 20.228359 3.049987
v 1.549213 19.856894 3.185438
v 1.088684 19.507364 3.420213
v 2.006427 20.434649 3.720042
v 1.514697 20.145172 3.718906
v 1.010846 19.873411 3.807068
v 0.575312 19.716091 3.872496
v 0.606997 19.342117 3.530362
v 1.497072 20.113638 4.616424
v 1.073874 19.887239 4.638557
v 0.606186 19.857954 4.631945
v 0.021550 19.864248 4.570317
v 0.027952 19.628817 3.890064
v 0.926016 20.160879 5.587333
v 0.485627 20.089779 5.459723
v -0.071940 20.054071 5.300325
v -0.710610 20.084064 5.090147
v -0.628956 19.891146 4.423584
v -0.238283 20.163750 5.843878
v -0.845022 20.204847 5.590392
v -1.408432 20.214298 4.824472
v -0.378331 20.234890 6.191955
v -0.957235 20.277349 5.901522
v -0.466918 20.286480 6.431077
v -1.053987 20.331081 6.126900
v -0.533435 20.333496 6.618853
v -1.134599 20.377956 6.305855
v -1.758739 20.510406 5.975147
v -2.367218 20.659588 5.648356
v -1.209950 20.430147 6.472709
v -1.846063 20.566263 6.137248
v -2.467907 20.705212 5.800083
v -1.906895 20.625774 6.277025
v -2.539095 20.764566 5.931760
v -1.933097 20.734314 6.390916
v -2.571041 20.895826 6.059239
v -3.130716 21.127180 5.548289
v -2.556182 21.062244 6.152213
v -3.105485 21.306107 5.660768
v -3.517123 21.624821 4.964303
v -3.490645 21.445826 4.817205
v -3.018025 21.484900 5.743126
v -3.390927 21.818533 5.079761
v -2.866307 21.644855 5.777941
v -3.203885 21.987808 5.182210
v -3.452963 22.385838 4.505046
v -2.947378 22.135834 5.285630
v -3.133499 22.555330 4.758860
v -3.273813 23.341990 4.031248
v -3.650263 23.060261 3.731111
v -3.077960 24.524614 3.240073
v -3.637757 24.302488 2.845816
v -3.915549 24.768557 1.473045
v -4.357080 25.197273 1.237662
v -3.988094 24.067787 0.516553
v -3.767563 23.200026 -0.483454
v -4.440146 25.671366 0.835259
v -4.508521 24.772205 0.141526
v -4.311896 23.995523 -0.958416
v -4.168027 23.760553 -1.943054
v -4.610352 25.655254 -0.314348
v -4.382927 24.977161 -1.367512
v -4.416940 24.569950 -2.298555
v -4.037916 24.381186 -2.915090
v -4.392921 25.605419 -1.720024
v -4.350188 25.171268 -2.604853
v -3.959364 24.880260 -3.160199
v -3.579367 24.752279 -3.477646
v -3.137297 25.013256 -3.724739
v -3.087114 25.400156 -3.613872
v -2.535676 25.225603 -3.824114
v -3.066635 25.814529 -3.307624
v -2.487844 25.602304 -3.529886
v -3.035723 26.330366 -2.748245
v -2.415688 26.094893 -3.124823
v -2.916093 26.910511 -2.137128
v -2.348447 26.882580 -2.806569
v -2.715155 27.523262 -1.648697
v -2.128312 27.587881 -2.349630
v -2.395744 27.976681 -1.205566
v -1.702014 27.963520 -1.874479
v -0.650658 27.754534 -2.658008
v -1.350543 28.202967 -1.399733
v -0.375440 28.083515 -2.019304
v 0.632469 27.766060 -2.298884
v 0.682682 28.159443 -1.598474
v 1.249318 27.888969 -1.594944
v 1.240286 27.422575 -2.273851
v 1.743313 27.569777 -1.509094
v 1.733540 26.957045 -2.100039
v 2.297887 27.316669 -1.424253
v 2.273111 26.554695 -1.986410
v 2.739429 27.199877 -1.430527
v 2.709632 26.513651 -2.100626
v 3.044590 27.130974 -1.373863
v 3.045612 26.373026 -2.134265
v 2.661595 25.533739 -3.019646
v 3.301208 26.243908 -2.104757
v 2.861212 25.265720 -2.917905
v 3.578627 26.025681 -1.997653
v 3.312093 27.047667 -1.249112
v 3.555765 26.932167 -1.093692
v 3.798019 26.731014 -0.873713
v 3.758864 25.600725 -1.775962
v 3.983679 26.549698 -0.669778
v 3.839513 25.397543 -1.369192
v 4.136834 26.429468 -0.240794
v 3.952149 25.202646 -0.837149
v 3.391482 24.311592 -0.989486
v 3.154566 23.100290 -0.959839
v 4.013792 25.126713 -0.161711
v 3.534978 24.064672 -0.320958
v 3.395457 23.110062 -0.415627
v 3.583969 22.324814 0.020416
v 3.587316 22.265776 -0.515037
v 3.411248 22.201674 -0.996712
v 3.895673 21.550598 -0.590645
v 3.780894 21.545887 -1.059202
v 3.569822 21.506411 -1.485756
v 3.145199 22.136545 -1.433283
v 3.244631 21.363789 -1.773627
v 2.790209 22.037390 -1.762430
v 3.975896 20.670275 -1.479083
v 3.602735 20.567802 -1.724433
v 4.412769 19.544086 -1.625869
v 4.149467 19.456064 -1.993131
v 5.101446 18.322733 -2.190273
v 4.781840 18.287390 -2.565908
v 5.646717 16.966660 -3.030055
v 5.242820 17.012707 -3.352822
v 4.784650 16.996531 -3.583633
v 5.375418 15.473855 -4.305928
v 4.906648 15.591060 -4.424542
v 4.387860 15.645864 -4.480113
v 4.427077 13.910377 -5.288206
v 3.961772 14.152955 -5.321822
v 3.453104 14.332827 -5.170530
v 3.873135 15.712499 -4.412405
v 3.055987 12.740858 -5.909799
v 2.656137 13.064522 -5.740109
v 2.254378 13.298852 -5.476005
v 1.411126 12.183945 -6.198389
v 1.159767 12.574572 -5.847041
v 1.752918 13.447619 -4.791503
v 1.121303 13.538600 -4.109726
v -0.230471 12.492235 -6.422319
v -0.187225 12.800867 -6.172480
v -1.726309 13.250398 -6.495570
v -2.049336 12.867352 -6.698192
v 3.445224 12.337337 -5.965467
v 4.911976 13.645499 -5.173228
v 5.385556 13.398421 -4.902988
v 5.792658 15.325042 -4.012322
v 6.118520 15.140003 -3.568971
v 5.814609 13.085057 -4.496437
v 5.974436 16.838232 -2.624065
v 6.183125 16.667742 -2.128367
v 6.345223 14.901141 -3.055342
v 5.367537 18.319515 -1.748573
v 5.514217 18.277828 -1.268082
v 5.652170 18.227312 -0.761569
v 6.274009 16.479086 -1.575222
v 4.666045 19.637165 -1.216027
v 4.898417 19.706772 -0.809862
v 4.970334 19.716438 -0.330695
v 4.945777 19.716158 0.124740
v 5.703607 18.154434 -0.253369
v 4.368012 20.760885 -0.662096
v 4.388277 20.777224 -0.185411
v 4.301667 20.756878 0.267517
v 4.123754 20.717834 0.696980
v 4.783354 19.690462 0.566513
v 3.928682 21.576323 -0.106881
v 3.827452 21.588535 0.411714
v 3.560595 21.419031 0.886137
v 3.312246 21.046997 1.367449
v 3.823209 20.586361 1.150396
v 3.360632 22.194845 0.564057
v 3.143031 21.738165 1.070630
v 3.073414 21.170759 1.520078
v 2.910377 20.610260 1.849952
v 3.161041 20.521755 1.685093
v 2.913376 21.204796 1.705161
v 2.750533 20.655117 2.015055
v 2.933745 21.269258 2.058435
v 2.700233 20.763626 2.338599
v 3.220772 19.837662 1.878514
v 3.528257 20.284027 1.511743
v 3.821644 19.410288 1.843786
v 4.244295 19.541880 1.450563
v 4.569637 19.621035 1.024704
v 5.118987 18.004669 1.317019
v 5.441755 18.047031 0.734770
v 5.637117 18.093235 0.242446
v 6.003924 16.005430 0.404265
v 6.292608 16.124533 -0.336777
v 6.366247 16.304594 -1.009857
v 6.035578 14.171377 -0.942593
v 6.284534 14.358917 -1.786361
v 6.413505 14.643524 -2.477701
v 6.125165 12.420618 -2.216277
v 6.225170 12.577768 -3.170355
v 6.130676 12.819973 -3.948145
v 5.496423 10.680111 -3.312829
v 5.215245 10.736443 -4.252005
v 4.845984 9.143753 -2.888668
v 4.478193 9.100455 -4.017013
v 4.950695 7.616426 -2.463623
v 4.341765 7.549939 -3.477828
v 3.450190 7.476614 -4.445916
v 4.492396 6.049616 -3.206072
v 3.623731 6.023371 -4.276994
v 2.425540 6.131075 -5.035551
v 2.308280 7.590891 -5.132027
v 3.968990 4.226976 -4.332242
v 2.626276 4.350397 -5.162243
v 1.032694 4.594451 -5.477549
v 2.685617 2.757346 -5.230162
v 1.076416 2.854201 -5.765554
v 2.789929 1.882139 -5.144596
v 1.099441 1.954066 -5.824188
v 2.785792 1.312600 -4.956815
v 1.131753 1.302752 -5.739632
v -0.803581 1.367640 -5.817234
v 1.137423 0.886821 -5.600017
v -0.752620 0.929850 -5.697551
v -2.435650 1.139285 -4.985336
v -0.697935 0.640965 -5.594655
v -2.405608 0.847734 -4.889617
v -4.031094 1.002948 -3.627835
v -4.039031 1.294150 -3.732162
v -5.359621 0.910688 -2.011354
v -5.377983 1.248049 -2.097136
v -5.951091 0.867683 -0.340820
v -5.331880 0.629561 -1.909707
v -5.924217 0.608106 -0.291061
v -5.262824 0.405107 -1.791389
v -5.885020 0.352774 -0.219576
v -5.184192 0.185541 -1.677668
v -5.779667 0.153599 -0.130105
v -5.015690 0.000001 -1.487010
v -5.555411 0.000001 0.010035
v -5.537833 0.000001 1.668425
v -5.309397 0.000001 0.166740
v -5.260240 0.000001 1.789625
v -4.946150 0.174965 3.228478
v -4.961740 0.000001 1.907843
v -4.553436 0.000001 3.196820
v -4.637545 0.000001 2.017142
v -4.274833 0.000001 3.184479
v -4.283543 0.000001 2.099401
v -3.983588 0.000001 3.159089
v -3.673222 0.000001 3.130150
v -4.764736 0.000001 0.532095
v -5.050844 0.000001 0.329503
v -4.623498 0.000001 -1.105404
v -4.830782 0.000001 -1.306713
v -3.698097 0.000001 -2.858240
v -3.984460 0.168559 -3.206969
v -2.234385 0.000001 -4.336153
v -3.981967 0.308312 -3.295632
v -2.318053 0.185955 -4.551767
v -0.620073 0.000001 -5.106939
v -2.341060 0.400193 -4.672038
v -0.660233 0.242551 -5.329329
v 1.168525 0.229899 -5.227737
v -0.668587 0.427268 -5.445163
v 1.155975 0.427652 -5.340084
v 2.747663 0.480969 -4.585798
v 1.150394 0.620394 -5.463567
v 2.758682 0.689554 -4.696081
v 4.167062 0.637609 -3.732055
v 2.771897 0.949398 -4.823949
v 4.184354 0.893529 -3.820117
v 5.200520 0.988783 -2.439270
v 4.198618 1.285554 -3.932487
v 5.261927 1.353314 -2.556409
v 5.611523 1.543744 -0.816863
v 5.267129 1.942893 -2.713802
v 5.660444 2.079870 -0.983621
v 5.618988 2.238141 0.717896
v 5.568895 2.876595 -1.339624
v 5.593709 3.050244 0.255833
v 5.267087 3.227433 1.616459
v 5.195201 4.480756 -0.555356
v 5.164834 4.714005 0.790882
v 4.689357 4.987072 2.108607
v 5.032185 6.415599 0.051307
v 4.522788 6.653320 1.452427
v 3.908612 6.848452 2.575379
v 3.208762 8.154620 3.243411
v 5.056423 7.938274 -0.386738
v 5.095520 6.222873 -1.235464
v 5.141124 7.717116 -1.621657
v 5.134445 9.185556 -1.896769
v 5.165325 9.289043 -0.612652
v 5.572288 10.718870 -2.195129
v 5.483037 10.865589 -0.844684
v 4.868975 11.143055 0.410845
v 4.650078 11.274622 1.665118
v 5.851233 12.363766 -1.070350
v 5.443260 12.505035 0.329931
v 4.956811 12.846830 1.537448
v 4.210704 13.163575 2.607069
v 3.910918 11.608130 2.977866
v 5.840942 14.106520 0.135962
v 5.223918 14.312901 1.258894
v 4.464922 14.723960 2.182974
v 3.876855 15.191813 2.992895
v 3.514078 13.684173 3.641618
v 5.409901 16.025642 1.157447
v 4.841637 16.217924 1.894607
v 4.672473 18.006678 1.815111
v 2.812349 14.121329 4.241620
v 2.405202 12.710724 4.680380
v 3.215147 12.163123 4.033895
v 3.326982 15.602921 3.547817
v 2.791021 15.863727 3.864978
v 2.137587 14.426741 4.547417
v 2.822196 11.087474 3.896568
v 3.519623 10.640557 2.867418
v 2.643334 10.588229 3.580120
v 3.808378 10.045077 3.162032
v 2.741587 10.200655 3.745220
v 5.023867 6.124635 -2.190692
v 5.262922 4.355156 -1.884386
v 4.871696 4.246747 -3.154266
v 5.168946 2.764674 -2.891238
v 4.154830 2.708214 -4.218940
v 4.220856 1.882376 -4.049733
v -2.375405 0.604745 -4.789704
v -4.003809 0.516853 -3.415445
v -4.023214 0.743069 -3.527673
v 4.230882 20.729074 -1.105396
v 4.094489 25.133995 0.568518
v 4.234300 26.412249 0.325538
v 4.272267 26.419228 0.885958
v 3.952568 25.173229 1.251315
v 3.719745 25.410370 1.899040
v 3.328356 25.668159 2.453322
v 3.354851 24.253447 2.832144
v 3.217521 24.786493 3.456795
v 2.501278 25.114038 3.733667
v 2.627838 23.654285 4.618189
v 1.997165 23.964018 4.943300
v 1.949694 22.885674 5.427982
v 2.415335 22.498291 5.107713
v 2.091912 25.488424 4.240847
v 1.486243 25.745127 4.604457
v 1.358503 24.135740 5.229254
v 1.408145 26.743725 3.995427
v 0.564052 26.702955 3.892567
v 0.683894 25.758755 4.703258
v 1.306134 27.555445 3.873549
v 0.628807 27.590605 3.915167
v -0.097102 27.639326 3.936680
v -0.091858 26.763609 4.356338
v -0.062121 28.263742 3.807617
v -0.905589 27.616379 3.818475
v 0.028069 28.723881 3.783285
v 1.312334 28.902334 3.623278
v 0.194381 29.108021 3.587622
v 1.582150 29.224030 3.188113
v 0.354800 29.442951 3.257702
v -0.619976 29.464363 3.055646
v -1.836463 29.406279 2.916384
v 0.506864 29.671946 2.775961
v -0.494821 29.723665 2.745539
v -1.849196 29.601679 2.684915
v -2.545297 28.651661 3.079784
v -0.445126 29.914824 2.315525
v -1.826488 29.761633 2.349615
v -0.409012 30.000002 1.803606
v -1.747204 29.885090 1.878149
v -0.346966 29.996475 1.242676
v -1.568758 29.904369 1.316573
v -2.718919 29.106812 1.402696
v -3.905794 28.123760 1.420417
v -1.421861 29.827732 0.776821
v -2.509238 29.305653 0.836701
v -3.591998 28.552982 0.747319
v -4.067947 27.580547 0.387577
v -4.270734 27.050385 1.029698
v -2.222096 29.254463 0.341643
v -3.242908 28.771978 0.141793
v -3.730220 27.948729 -0.187466
v -3.969759 27.329544 -0.616687
v -4.166455 26.913210 -0.124101
v -2.839993 28.804111 -0.295918
v -3.326391 28.111883 -0.603682
v -3.665512 27.531406 -1.034273
v -3.841074 26.809877 -1.615653
v -4.192052 26.615107 -1.305364
v -2.920130 28.103573 -0.893603
v -3.242685 27.553743 -1.374267
v -3.450720 26.943243 -1.889901
v -3.523406 26.349541 -2.543463
v -3.899141 26.222143 -2.335569
v -4.225024 26.014816 -2.045681
v -4.490702 26.237610 -0.867290
v -4.243742 26.272833 0.450784
v -2.483454 28.677135 -0.638326
v -2.032326 28.410116 -0.915033
v -1.854036 29.085249 -0.450215
v -2.062075 29.240591 -0.078146
v -1.187224 29.569548 -0.105860
v -1.079908 29.389725 -0.449864
v -0.264215 29.679150 -0.198344
v -0.214675 29.460388 -0.549982
v 0.649289 29.692104 -0.309927
v 0.671220 29.423269 -0.629123
v 0.690372 29.081654 -0.857952
v 1.408797 29.229248 -0.657132
v 1.353168 28.870314 -0.920130
v 1.301103 28.422005 -1.155842
v 0.678605 28.619799 -1.063430
v 1.902608 28.638590 -1.017039
v 1.831496 28.200405 -1.230079
v 1.988905 28.965851 -0.764835
v 1.466806 29.471651 -0.364597
v 2.073506 29.140821 -0.436123
v 2.615618 28.769663 -0.584902
v 2.189284 29.277075 -0.107421
v 2.764296 28.867695 -0.272569
v 3.175997 28.376398 -0.435746
v 3.011078 28.328110 -0.716736
v 3.451662 27.791851 -0.700358
v 3.207951 27.811264 -0.904943
v 3.369284 28.390085 -0.074809
v 3.691268 27.735630 -0.411890
v 3.496285 28.313627 0.355714
v 3.896235 27.667677 -0.042589
v 3.596000 28.236380 0.792958
v 4.009202 27.578281 0.384252
v 3.641831 28.154942 1.234687
v 4.057039 27.508938 0.852421
v 3.591004 28.026768 1.696557
v 4.001005 27.467997 1.339102
v 3.042727 28.427107 1.974402
v 3.118284 28.586483 1.504498
v 2.702909 29.221794 1.802905
v 2.681128 29.037788 2.342060
v 3.090287 28.721968 1.064094
v 2.610262 29.355358 1.290413
v 1.694487 29.766199 1.538502
v 1.744153 29.650351 2.080096
v 3.018619 28.842773 0.615623
v 2.484435 29.390806 0.786781
v 1.645407 29.800877 0.967423
v 0.674976 29.916531 1.114908
v 0.647893 29.923740 1.682593
v 2.327538 29.363350 0.299334
v 1.581872 29.760508 0.447117
v 0.674936 29.878157 0.577159
v -0.293322 29.931175 0.709342
v 1.536537 29.698082 -0.003147
v 0.651094 29.827148 0.098046
v -0.265082 29.843775 0.204955
v -1.284156 29.707211 0.314832
v 2.905282 28.913647 0.161191
v 0.604706 29.846743 2.231423
v 1.737464 29.494020 2.631560
v 2.475825 28.741440 2.969694
v -2.962023 27.539873 3.313941
v -2.473826 27.551348 3.459432
v -2.852773 26.343245 3.475823
v -2.372418 26.558975 3.777453
v -1.535734 26.665138 3.861557
v -1.767068 27.538221 3.579166
v -0.640486 26.681396 4.180374
v -0.029299 25.883183 5.189291
v 0.159116 24.387159 5.479275
v 0.815613 24.335686 5.443123
v 0.394999 23.140247 5.620829
v 0.959819 23.129805 5.759980
v 1.457827 23.089699 5.604882
v 0.987999 22.409760 6.000571
v 1.404309 22.294670 5.977837
v 1.765584 22.089630 5.843092
v 1.182038 21.832121 6.356032
v 1.469958 21.632500 6.341888
v 1.667856 21.394186 6.287109
v 2.048746 21.791830 5.656852
v 1.781882 21.120255 6.191420
v 1.161341 21.144547 6.789595
v 1.246666 20.925200 6.746727
v 1.251982 20.717508 6.680738
v 1.791306 20.852507 6.090885
v 1.171773 20.570154 6.569281
v 1.705549 20.645140 5.970978
v 1.091708 20.424948 6.492786
v 1.594620 20.467947 5.857282
v 2.056654 20.592384 4.890187
v 1.867377 20.359358 4.725432
v 2.388270 20.735863 3.807547
v 1.439612 20.329580 5.755725
v 1.215149 20.237156 5.661788
v 0.972461 20.307306 6.424050
v 0.535751 20.420115 6.861065
v 0.450120 20.355503 6.722135
v -0.003378 20.356737 6.956432
v -0.005950 20.314142 6.805668
v -0.588308 20.386559 6.783495
v 0.010192 20.412420 7.107659
v -0.623913 20.441170 6.915916
v -1.269694 20.485062 6.625159
v -0.646244 20.529707 7.019856
v -1.301674 20.586262 6.727041
v -0.661409 20.668804 7.097959
v -1.305835 20.742722 6.796188
v -1.933061 20.883272 6.478472
v -1.285988 20.904627 6.811839
v -1.894913 21.049671 6.519741
v -2.502105 21.239115 6.216256
v -1.830887 21.208567 6.505506
v -2.397980 21.413757 6.231284
v -1.743125 21.352160 6.432615
v -2.254380 21.562698 6.181222
v -2.671332 21.788691 5.797484
v -2.076069 21.692001 6.096487
v -2.406341 21.940001 5.806623
v -2.597680 22.283472 5.444144
v -2.076759 22.054693 5.763188
v -2.181404 22.403254 5.521061
v -2.249093 22.943569 5.248282
v -2.719020 22.757587 5.037364
v -2.405019 23.951069 4.607119
v -2.825397 23.666561 4.287387
v -2.792598 25.323973 4.170193
v -3.108364 25.007671 3.798719
v -1.544146 22.511717 5.471625
v -1.523958 22.145756 5.671212
v -0.806583 22.121176 5.720623
v -0.818448 22.537453 5.498152
v -0.155442 22.058889 5.888963
v -0.142620 22.499128 5.627913
v 0.445958 22.006660 6.124788
v 0.500497 22.462456 5.865446
v 0.830877 21.955774 6.290139
v 0.254935 21.694290 6.399990
v 0.579121 21.632706 6.586087
v 0.826822 21.513254 6.708229
v 0.421758 21.290842 6.921937
v 0.524250 21.133268 7.028552
v 1.021934 21.335218 6.761353
v 0.606092 20.961723 7.081168
v -0.004893 21.018318 7.119812
v 0.006387 20.858490 7.212245
v 0.016411 20.682756 7.250268
v 0.656826 20.778996 7.095348
v 0.017859 20.509350 7.214302
v 0.666652 20.600172 7.062375
v 0.617893 20.482866 6.976341
v -0.651607 20.846464 7.102858
v -0.617202 20.996117 7.020895
v -1.233713 21.058687 6.760314
v -0.576110 21.122416 6.909469
v -1.169482 21.188694 6.670048
v -1.094430 21.306227 6.551556
v -1.642532 21.482794 6.329415
v -0.014562 21.161091 6.991448
v -0.247036 21.741949 6.177638
v -2.034654 20.418980 4.592616
v -1.884789 20.209526 3.928039
v -1.294961 20.004454 4.192564
v -1.775351 19.840654 3.356327
v -1.238665 19.705048 3.627484
v -0.602164 19.623030 3.816674
v -1.255549 19.355246 3.263142
v -0.633140 19.293318 3.441461
v 0.025352 19.262089 3.566130
v -0.715851 18.809013 3.218268
v 0.015513 18.787008 3.375766
v -0.880383 18.045538 3.176332
v -0.055588 17.978930 3.337250
v -1.126314 17.108322 3.343023
v -0.219990 16.904722 3.520012
v -1.434058 15.650585 3.844444
v -0.473552 15.445892 3.974236
v 0.316119 15.161486 4.044306
v -0.603957 13.850960 4.146962
v -0.040560 13.702566 4.103258
v -0.716475 12.783223 4.046479
v -0.987337 12.978456 4.564204
v -0.864094 12.033230 4.611753
v -1.275365 13.999595 4.317456
v -1.754041 14.317416 4.563569
v -1.389286 13.178590 4.868435
v -2.165303 15.908528 3.776262
v -2.834324 16.166433 3.632807
v -2.376572 14.448505 4.386635
v -1.921201 17.370277 3.125724
v -2.518390 17.616751 2.820117
v -3.156229 17.802145 2.476123
v -3.445271 16.330620 3.255117
v -1.641538 18.181723 3.024964
v -2.149441 18.382656 2.659786
v -2.595381 18.680561 2.298517
v -3.067942 18.957376 1.991490
v -3.793973 17.871340 2.111969
v -1.903933 19.011459 2.827561
v -2.289669 19.166479 2.419190
v -2.674675 19.412151 2.071725
v -2.957254 19.681416 1.743749
v -3.506507 19.102707 1.615151
v -2.156413 19.552425 2.654514
v -2.499376 19.697519 2.261800
v -2.740937 19.963608 1.937731
v -2.910259 20.276966 1.634454
v -3.155601 20.019857 1.476457
v -2.394321 20.138233 2.688352
v -2.647416 20.321369 2.293942
v -2.863694 20.547379 1.983679
v -3.032430 20.826588 1.767076
v -3.023313 20.569969 1.374244
v -3.109539 20.911184 1.131706
v -3.445353 20.549570 0.868266
v -3.314765 20.285910 1.193754
v -3.147430 21.163185 1.540112
v -3.228790 21.558462 1.314841
v -3.242172 21.236095 0.758636
v -4.133474 19.308523 0.883793
v -3.819059 19.212439 1.286770
v -4.658196 17.776089 1.425345
v -4.308435 17.877020 1.836535
v -4.447882 16.429337 2.519082
v -4.072639 16.473726 2.923122
v -3.674542 14.682977 3.671185
v -2.930636 14.571713 4.050987
v -3.191981 13.118365 4.167139
v -2.348032 13.201667 4.551283
v -1.891792 13.234389 4.831219
v -2.153039 12.076534 4.692629
v -1.678288 12.057580 5.011161
v -1.163662 12.069106 5.044218
v -3.110857 11.885574 4.310183
v -3.256287 10.804968 4.041884
v -2.176034 19.953520 3.084258
v -2.346674 20.345806 3.699899
v -2.531875 20.644245 4.474716
v -1.754302 19.457624 3.003109
v -1.385032 18.880842 3.078262
v 0.436705 5.615448 5.495512
v 0.511023 4.557629 5.939930
v 0.966367 4.486612 5.896766
v 0.528658 6.770857 5.095739
v 0.223021 6.668890 5.130256
v 0.081167 5.595406 5.515378
v -0.199563 5.488946 5.251221
v -0.047418 4.444107 5.561209
v 0.132826 4.543344 5.903021
v -0.096780 6.588958 5.082989
v -0.297742 6.408419 4.733639
v -0.255654 5.375722 4.906809
v 0.005974 7.684900 4.903437
v -0.197927 7.583469 4.649772
v -0.462622 5.292615 4.742249
v -0.354154 4.254797 5.040086
v -0.087947 4.355919 5.197314
v -0.075504 3.399563 5.440456
v 0.142565 3.505007 5.750880
v 0.264380 2.748799 5.817698
v 0.490496 2.745971 6.107613
v 0.279262 3.553331 6.089303
v 0.946944 2.728564 6.223681
v 0.742513 3.557005 6.249981
v 1.481935 2.772119 6.128078
v 1.328485 3.437815 6.114041
v 2.155731 2.799806 5.943427
v 2.134851 3.394868 5.881460
v 2.871736 2.800975 5.549603
v 2.036389 2.446812 5.661364
v 2.767226 2.319596 5.562418
v 3.416438 2.257473 5.179630
v 2.534399 1.957708 5.209487
v 3.133235 1.849775 5.014704
v 3.754880 1.699724 4.745799
v 1.940799 2.043382 5.458107
v 1.403316 2.055452 5.592129
v 1.414565 2.444091 5.765689
v 0.955223 2.381306 5.834739
v 0.977533 2.009847 5.652426
v 0.639319 1.973490 5.683335
v 0.601304 2.326894 5.867054
v -0.804930 5.298357 4.725496
v 4.888235 0.684266 2.918067
v 4.705712 0.485876 3.055225
v 5.185006 0.326160 1.573288
v 4.379700 0.354268 3.066309
v 5.100003 0.118703 1.673612
v 5.075438 0.000001 -0.047673
v 4.675951 0.000001 1.750213
v 4.827327 0.000001 0.102488
v 4.560179 0.000001 -1.567352
v 4.599729 0.000001 0.231219
v 4.369445 0.000001 -1.388812
v 3.656970 0.000001 -2.654015
v 4.134731 0.000001 -1.187674
v 3.483892 0.000001 -2.432417
v 2.477520 0.000001 -3.402782
v 3.308524 0.000001 -2.176185
v 2.373134 0.000001 -3.119863
v 1.103269 0.000001 -3.758895
v 2.244802 0.000001 -2.763521
v 1.097315 0.000001 -3.406116
v -0.392029 0.000001 -3.451284
v 1.002284 0.000001 -2.881254
v -0.325433 0.000001 -2.936505
v -1.499638 0.000001 -2.395571
v -2.107288 0.000001 -1.035207
v -1.366340 0.000001 -0.457088
v -1.884552 0.000001 0.508893
v -0.297947 0.000001 0.106891
v -0.716400 0.000001 0.979744
v -0.969236 0.000001 1.971680
v 0.462575 0.000001 1.355596
v 0.206161 0.000001 2.270716
v 0.037103 0.000001 2.963595
v 1.096961 0.000001 2.520465
v 0.837777 0.000001 3.177593
v 0.628774 0.000001 3.643314
v 1.429240 0.000001 3.386210
v 1.145893 0.000001 3.831852
v 0.893551 0.000001 4.149303
v 0.690696 0.000001 4.367972
v 1.565430 0.000001 4.044125
v 1.274279 0.000001 4.340623
v 1.887642 0.000001 4.247781
v 1.566495 0.000001 4.560301
v 2.134639 0.000001 4.413519
v 1.743350 0.000001 4.756016
v 2.346575 0.000001 4.554717
v 1.878446 0.000001 4.928713
v 1.466839 0.000001 5.127516
v 1.067080 0.000002 5.174444
v 1.989084 0.000001 5.097260
v 1.502910 0.000001 5.282263
v 1.035850 0.000001 5.324063
v 1.538363 0.000001 5.429473
v 0.981907 0.081220 5.570064
v 0.388851 0.133915 5.396485
v 0.966722 0.185831 5.626152
v 0.368580 0.322155 5.447717
v -0.142649 0.324411 5.106796
v 0.949576 0.343421 5.698050
v 1.577700 0.160545 5.608491
v 1.586157 0.283307 5.662766
v 1.588764 0.455213 5.728029
v 2.277676 0.344318 5.441766
v 2.310701 0.582331 5.482546
v 2.223375 0.174176 5.400696
v 2.972111 0.316833 4.879935
v 2.101365 0.000001 5.239759
v 2.788711 0.000001 4.788886
v 3.466004 0.232275 4.152841
v 3.536801 0.494286 4.093738
v 4.075256 0.368748 3.055084
v 3.137202 0.000001 4.047347
v 3.828038 0.136649 3.133470
v 4.356199 0.000001 1.851741
v 3.416843 0.000001 3.126411
v 4.020564 0.000001 1.906967
v 4.299514 0.000001 0.358634
v 3.667957 0.000001 1.910151
v 3.961644 0.000001 0.477370
v 3.855674 0.000001 -0.988199
v 3.564013 0.000001 0.568924
v 3.483420 0.000001 -0.786909
v 3.024991 0.000001 -1.877524
v 3.047175 0.000001 -0.581464
v 2.662910 0.000001 -1.560214
v 1.998586 0.000001 -2.334790
v 3.076026 0.000001 0.622423
v 2.540029 0.000001 0.643639
v 2.208827 0.000001 1.768947
v 1.436356 0.000001 1.600274
v 1.685117 0.000001 0.594996
v 2.771680 0.000001 1.860134
v 2.286808 0.000001 2.946752
v 1.769410 0.000001 2.753473
v 3.255912 0.000001 1.902167
v 2.703930 0.000001 3.067672
v 2.255625 0.000001 3.765921
v 1.894761 0.000001 3.589673
v 3.068064 0.000001 3.127154
v 2.548496 0.000001 3.890380
v 2.847804 0.000001 3.969626
v 2.571736 0.000001 4.671839
v 0.724315 0.000001 0.420384
vn -0.9566 -0.2686 -0.1133
vn -0.9966 0.0014 0.0820
vn -0.9994 -0.0257 0.0251
vn -0.9701 -0.1744 -0.1691
vn -0.9022 -0.4254 -0.0706
vn -0.8827 -0.4665 -0.0569
vn -0.9654 -0.2595 0.0267
vn -0.9459 0.1355 0.2947
vn -0.9686 -0.2244 0.1074
vn -0.9368 -0.3032 -0.1748
vn -0.9615 -0.2468 -0.1205
vn -0.9647 -0.2342 0.1206
vn -0.9140 -0.2599 0.3114
vn -0.9206 -0.2215 0.3216
vn -0.9225 -0.1906 0.3356
vn -0.9560 -0.1470 0.2538
vn -0.9424 0.0496 0.3308
vn -0.9626 0.0054 0.2708
vn -0.9873 -0.1367 0.0808
vn -0.0000 -1.0000 -0.0000
vn -0.2317 -0.3228 0.9177
vn 0.0838 -0.3002 0.9502
vn -0.0683 -0.6010 0.7963
vn -0.1218 -0.5173 0.8471
vn 0.1218 0.0697 0.9901
vn 0.2187 -0.0417 0.9749
vn -0.3601 -0.1823 0.9149
vn -0.0345 0.2019 0.9788
vn -0.3388 -0.3512 0.8729
vn -0.4403 -0.4861 0.7549
vn 0.0847 0.2497 -0.9646
vn 0.0780 0.2445 -0.9665
vn 0.1325 0.1876 -0.9733
vn 0.1783 0.2069 -0.9620
vn 0.2084 0.2823 -0.9364
vn 0.1392 0.3483 -0.9270
vn 0.2187 0.1809 -0.9589
vn -0.1661 -0.2225 0.9607
vn -0.8099 -0.5850 -0.0422
vn -0.8392 -0.5407 -0.0586
vn -0.8689 -0.4949 -0.0106
vn -0.8318 -0.5538 0.0390
vn -0.7253 -0.6884 -0.0080
vn -0.7803 -0.6250 -0.0210
vn -0.7676 -0.6390 0.0503
vn -0.6823 -0.2311 0.6936
vn -0.8630 -0.0894 0.4972
vn -0.8352 0.1899 0.5161
vn -0.8000 0.3003 0.5194
vn -0.6889 0.0011 0.7249
vn -0.4989 -0.3813 0.7783
vn -0.5990 -0.3277 0.7307
vn -0.7377 0.3823 0.5564
vn -0.8324 0.1409 0.5359
vn -0.8541 -0.0650 0.5161
vn -0.8231 -0.1128 0.5565
vn -0.8436 -0.0178 0.5366
vn -0.7360 0.5699 0.3654
vn -0.6901 0.6990 0.1875
vn -0.8391 0.3957 0.3732
vn -0.7846 0.1924 0.5894
vn -0.6528 0.5264 0.5447
vn -0.9662 0.1513 0.2086
vn -0.8493 0.0460 0.5259
vn -0.6961 0.3694 0.6156
vn -0.6035 -0.0382 0.7965
vn -0.5934 0.4432 0.6719
vn -0.5693 0.3663 0.7360
vn -0.6805 -0.7237 0.1147
vn -0.5739 -0.8153 0.0768
vn -0.5352 -0.8445 0.0218
vn -0.6747 -0.7224 0.1515
vn -0.4572 -0.8889 0.0290
vn -0.3036 0.1770 0.9362
vn -0.4141 0.2229 0.8825
vn -0.2030 0.2334 0.9510
vn -0.1455 0.1211 0.9819
vn -0.2101 0.0919 0.9734
vn -0.2842 0.4487 0.8473
vn -0.3740 0.4474 0.8124
vn -0.4221 0.3828 0.8217
vn 0.6188 0.1039 0.7786
vn 0.6622 0.1047 0.7420
vn 0.7166 0.0872 0.6920
vn 0.6945 0.0716 0.7159
vn 0.4121 0.0716 0.9083
vn 0.5843 0.1595 0.7957
vn 0.7431 0.4220 0.5193
vn 0.7554 0.3704 0.5404
vn 0.5451 0.3201 0.7749
vn 0.3428 0.1775 0.9225
vn 0.1824 0.0344 0.9826
vn 0.1301 0.2942 0.9469
vn 0.0213 0.0684 0.9974
vn 0.8561 -0.0935 0.5083
vn 0.9344 -0.0245 0.3553
vn 0.8804 0.2246 0.4177
vn 0.7997 -0.0139 0.6002
vn 0.3657 0.4172 -0.8320
vn 0.4827 0.4930 -0.7239
vn 0.4572 0.4149 -0.7867
vn 0.2986 0.3745 -0.8778
vn 0.2711 0.4577 -0.8468
vn 0.3866 0.6134 -0.6887
vn 0.2169 0.3517 -0.9106
vn -0.1448 0.4561 0.8780
vn -0.1437 0.3958 0.9070
vn -0.1340 0.6181 0.7746
vn -0.2722 0.5931 0.7577
vn -0.2140 0.2513 0.9439
vn -0.1637 0.2238 0.9608
vn -0.3864 0.3635 0.8477
vn -0.9949 -0.0973 0.0264
vn -0.9958 -0.0873 -0.0266
vn -0.9502 -0.3065 0.0567
vn -0.9821 0.1828 0.0461
vn -0.9661 0.1648 0.1989
vn -0.9479 -0.3081 0.0810
vn -0.1501 0.4762 -0.8664
vn -0.1332 0.6944 -0.7072
vn -0.1824 0.6015 -0.7777
vn -0.1694 0.5427 -0.8227
vn -0.0642 0.5276 -0.8470
vn -0.0704 0.5341 -0.8425
vn -0.0348 0.8106 -0.5845
vn 0.1533 0.1602 -0.9751
vn 0.1743 0.3809 -0.9081
vn 0.1176 0.3868 -0.9146
vn 0.1995 0.1543 -0.9677
vn 0.2054 -0.1875 -0.9605
vn 0.1140 -0.3501 -0.9297
vn -0.0062 0.0104 -0.9999
vn 0.3448 -0.1274 -0.9300
vn 0.3041 0.9205 -0.2452
vn 0.0299 0.8675 -0.4965
vn -0.0987 0.9237 -0.3702
vn 0.3146 0.9419 -0.1177
vn 0.5780 0.6654 -0.4723
vn 0.3309 0.4516 -0.8286
vn 0.6456 0.7600 -0.0751
vn 0.5631 0.7939 -0.2296
vn 0.4949 0.6896 -0.5287
vn 0.7212 0.5841 -0.3723
vn 0.6650 0.3639 -0.6521
vn 0.7066 0.4000 -0.5837
vn 0.5967 0.5237 -0.6081
vn 0.2623 0.4265 -0.8656
vn 0.3723 0.5000 -0.7819
vn 0.5221 0.2135 -0.8257
vn 0.4453 0.2288 -0.8656
vn 0.4807 0.2881 -0.8282
vn 0.4060 0.2194 -0.8872
vn -0.1954 0.1180 0.9736
vn 0.0404 0.6046 -0.7955
vn 0.1788 0.4123 -0.8934
vn 0.2265 0.0219 -0.9738
vn 0.0590 0.4359 -0.8980
vn 0.0534 0.5692 -0.8204
vn 0.1556 0.5712 -0.8059
vn -0.0117 0.5477 -0.8366
vn -0.2049 -0.0056 0.9788
vn -0.0374 0.1280 0.9911
vn 0.0036 0.1520 0.9884
vn -0.0913 0.0195 0.9956
vn -0.2305 -0.1568 0.9604
vn -0.3717 -0.2034 0.9058
vn -0.2156 -0.2075 0.9542
vn 0.0098 -0.1909 0.9816
vn 0.8072 -0.3704 -0.4596
vn 0.8867 -0.3683 -0.2794
vn 0.8612 -0.0964 -0.4991
vn 0.7733 -0.2246 -0.5929
vn 0.7083 -0.4538 -0.5407
vn 0.6366 -0.2328 -0.7353
vn 0.7402 -0.1120 -0.6629
vn 0.6641 -0.3236 -0.6740
vn 0.9723 -0.2254 0.0621
vn 0.9850 -0.1587 0.0673
vn 0.9826 -0.1848 -0.0171
vn 0.9845 -0.1686 -0.0481
vn 0.9745 0.0265 0.2229
vn 0.9816 0.0162 0.1904
vn 0.9437 -0.3173 0.0939
vn 0.9722 0.0110 0.2340
vn -0.1067 -0.9730 0.2044
vn -0.0305 -0.9954 0.0908
vn -0.0374 -0.9982 0.0462
vn -0.1874 -0.9311 0.3130
vn -0.2940 -0.7593 0.5805
vn 0.1676 -0.0860 0.9821
vn 0.1862 0.1225 0.9748
vn 0.1901 0.1821 0.9647
vn -0.5881 0.3536 -0.7274
vn -0.6378 0.2372 -0.7328
vn -0.7596 0.3646 -0.5387
vn -0.6177 0.4814 -0.6218
vn -0.4303 0.5862 -0.6864
vn -0.4744 0.3789 -0.7946
vn -0.5452 0.1960 -0.8151
vn -0.3452 -0.9340 0.0922
vn -0.3851 -0.9165 0.1087
vn -0.2995 -0.9429 0.1459
vn -0.2895 -0.9489 0.1259
vn -0.2858 -0.9503 0.1235
vn -0.3653 -0.9286 0.0651
vn -0.4309 -0.8995 0.0730
vn -0.3219 0.0467 0.9456
vn -0.2843 -0.0221 0.9585
vn -0.4192 -0.0437 0.9068
vn -0.3933 -0.1745 0.9027
vn -0.0160 0.2285 0.9734
vn 0.1613 0.0368 0.9862
vn -0.2589 -0.2790 0.9247
vn -0.8664 0.2266 0.4450
vn -0.3651 0.1540 0.9181
vn -0.5875 0.3562 0.7267
vn -0.8798 0.2437 0.4081
vn 0.5021 0.0517 0.8632
vn 0.0891 0.2740 0.9576
vn -0.5850 0.0486 0.8096
vn -0.7546 0.0654 0.6529
vn 0.0686 0.2584 0.9636
vn -0.0863 0.0859 0.9926
vn -0.2816 -0.2139 0.9354
vn 0.9201 -0.3224 0.2225
vn 0.8807 -0.0814 0.4666
vn 0.8624 -0.0547 0.5033
vn 0.8729 -0.3347 0.3550
vn 0.9311 -0.3577 0.0709
vn 0.9806 -0.1338 0.1431
vn 0.8835 0.0688 0.4634
vn 0.7955 -0.5523 0.2494
vn 0.8296 -0.5375 0.1514
vn 0.8414 -0.5191 0.1500
vn -0.3274 -0.5914 0.7369
vn -0.1926 -0.3156 0.9291
vn -0.0480 -0.2539 0.9660
vn -0.3371 -0.5378 0.7727
vn -0.2885 -0.2844 0.9143
vn -0.3395 -0.5436 0.7676
vn -0.4450 -0.2879 0.8480
vn -0.1576 -0.1874 0.9696
vn -0.1914 0.1644 0.9676
vn 0.0207 0.1233 0.9921
vn -0.3059 -0.2009 0.9306
vn -0.4477 -0.3334 0.8297
vn -0.3437 -0.4324 0.8336
vn 0.1700 -0.0999 0.9804
vn 0.5831 0.1617 0.7962
vn 0.6389 0.0460 0.7679
vn 0.4993 -0.1755 0.8484
vn 0.5092 0.0313 0.8601
vn 0.4447 0.1607 0.8811
vn 0.5017 -0.0243 0.8647
vn 0.3808 0.1453 0.9132
vn 0.4844 0.2592 0.8356
vn 0.4179 0.3323 0.8456
vn 0.4572 0.3275 0.8268
vn 0.5756 0.2384 0.7822
vn 0.5427 0.2514 0.8014
vn 0.4279 0.3772 0.8214
vn 0.6630 0.1230 0.7384
vn -0.0111 -0.0078 0.9999
vn 0.0822 0.2236 0.9712
vn -0.6761 0.2048 0.7077
vn -0.6743 -0.1132 0.7297
vn 0.5596 0.1353 0.8177
vn 0.0804 -0.1145 0.9902
vn 0.0806 0.1766 0.9810
vn 0.2234 0.0558 0.9731
vn 0.2001 -0.1592 0.9667
vn -0.1067 0.1588 0.9815
vn 0.6197 -0.1703 0.7661
vn 0.4410 -0.4201 0.7931
vn 0.7065 -0.1416 0.6934
vn 0.6401 -0.4024 0.6544
vn 0.5768 -0.4277 0.6960
vn 0.5988 -0.4421 0.6678
vn 0.9312 -0.2174 0.2926
vn 0.8872 -0.0817 0.4540
vn 0.7091 -0.3705 0.5999
vn 0.8602 -0.1050 0.4990
vn 0.9561 -0.0509 0.2885
vn 0.9435 0.0653 0.3250
vn 0.9431 -0.0345 0.3308
vn 0.7638 0.1550 0.6266
vn 0.8030 -0.1729 0.5703
vn 0.6610 -0.1107 0.7422
vn 0.0032 0.7270 0.6866
vn -0.0671 0.7484 0.6598
vn -0.0800 0.6927 0.7168
vn 0.0027 0.6909 0.7229
vn -0.0198 0.6956 0.7181
vn 0.0014 0.7351 0.6779
vn -0.0597 0.7809 0.6218
vn 0.0482 -0.9737 0.2227
vn 0.0685 -0.9828 0.1714
vn 0.1587 -0.9568 0.2434
vn 0.0944 -0.9502 0.2969
vn -0.0095 -0.9810 0.1938
vn 0.0179 -0.9862 0.1646
vn -0.0069 -0.9735 0.2286
vn -0.1813 0.8065 0.5628
vn -0.1966 0.7820 0.5915
vn -0.1602 0.7730 0.6139
vn -0.1476 0.8054 0.5741
vn -0.1582 0.7748 0.6121
vn -0.1345 0.7503 0.6473
vn -0.1504 0.7892 0.5955
vn 0.2240 0.1612 0.9612
vn 0.0987 0.0776 0.9921
vn 0.0572 0.2452 0.9678
vn -0.1510 0.3716 0.9160
vn 0.4007 -0.0809 0.9126
vn 0.1363 -0.1461 0.9798
vn 0.5485 0.0989 0.8303
vn 0.6089 -0.0830 0.7889
vn -0.0635 0.3854 0.9206
vn 0.2521 0.3312 0.9093
vn 0.0792 -0.5726 -0.8160
vn -0.0040 -0.4696 -0.8829
vn -0.0792 -0.5107 -0.8561
vn 0.2178 -0.4750 -0.8526
vn 0.1341 -0.3137 -0.9400
vn 0.0997 0.0125 -0.9949
vn -0.0532 -0.0300 -0.9981
vn 0.4233 -0.3274 -0.8448
vn 0.4744 -0.0344 -0.8797
vn 0.5563 -0.1537 -0.8166
vn 0.6801 -0.2346 -0.6945
vn 0.6117 -0.3375 -0.7155
vn -0.5439 0.3937 -0.7411
vn -0.5262 0.5321 -0.6633
vn -0.2557 0.3788 -0.8895
vn -0.2949 0.2823 -0.9129
vn -0.4474 0.4410 -0.7781
vn -0.4671 0.5617 -0.6828
vn -0.3044 0.3555 -0.8837
vn -0.1097 0.3441 0.9325
vn -0.1900 0.2982 0.9354
vn -0.3621 0.3446 0.8661
vn -0.3332 0.3990 0.8543
vn -0.3409 0.1625 0.9259
vn -0.0428 0.1769 0.9833
vn -0.0192 -0.0098 0.9998
vn -0.3286 -0.0802 0.9411
vn -0.6324 0.0616 0.7722
vn -0.5894 -0.1506 0.7937
vn -0.3031 -0.2742 0.9127
vn -0.0079 -0.2007 0.9796
vn -0.6286 0.2787 0.7261
vn 0.0094 -0.3966 0.9179
vn 0.2598 -0.2028 0.9441
vn -0.2624 -0.4385 0.8596
vn -0.5364 -0.4193 0.7325
vn -0.3433 -0.8012 0.4902
vn -0.1797 -0.7512 0.6351
vn 0.0180 -0.6237 0.7815
vn 0.0266 -0.9115 0.4104
vn 0.2180 -0.6992 0.6809
vn 0.2643 -0.4014 0.8769
vn -0.0528 -0.9788 0.1981
vn -0.0469 -0.9950 0.0886
vn 0.0172 -0.9985 0.0527
vn 0.0196 -0.9994 0.0292
vn 0.1010 -0.9652 0.2414
vn 0.1251 -0.9706 0.2056
vn 0.3179 -0.7723 0.5501
vn 0.3997 -0.4392 0.8046
vn 0.0789 -0.6908 0.7187
vn 0.1229 -0.4110 0.9033
vn 0.1066 -0.4037 0.9087
vn 0.3873 -0.2915 0.8747
vn -0.0019 -0.4962 0.8682
vn 0.2879 -0.2596 0.9218
vn -0.3741 -0.3829 0.8447
vn -0.3193 -0.3991 0.8595
vn -0.1935 -0.4590 0.8671
vn -0.4204 -0.2788 0.8635
vn -0.0007 -0.4804 0.8770
vn 0.1215 -0.3143 0.9415
vn 0.0992 -0.3006 0.9486
vn 0.0976 -0.2216 0.9702
vn 0.0993 -0.1059 0.9894
vn 0.0662 -0.0489 0.9966
vn -0.1196 -0.1306 0.9842
vn -0.0087 0.1168 0.9931
vn 0.0706 0.1854 0.9801
vn 0.0296 0.1695 0.9851
vn -0.1908 0.2605 0.9464
vn 0.0202 0.3413 0.9397
vn 0.0744 0.3714 0.9255
vn 0.0884 0.3713 0.9243
vn -0.0787 0.0910 0.9927
vn -0.0917 0.3586 0.9290
vn 0.0311 0.3792 0.9248
vn 0.1632 0.3070 0.9376
vn 0.4152 0.1105 0.9030
vn 0.1834 0.2153 0.9592
vn 0.0179 0.3272 0.9448
vn 0.3091 0.2242 0.9242
vn 0.4512 0.1143 0.8851
vn -0.0057 0.2477 0.9688
vn 0.0861 0.1837 0.9792
vn 0.4989 0.1841 0.8469
vn 0.3849 0.2193 0.8965
vn -0.1357 0.3097 0.9411
vn -0.3548 0.2971 0.8865
vn -0.4432 0.3403 0.8293
vn 0.1927 0.2455 0.9501
vn -0.1618 0.3090 0.9372
vn -0.3076 0.3200 0.8961
vn -0.5573 0.3267 0.7634
vn -0.5506 0.2334 0.8015
vn -0.4197 0.1964 0.8862
vn -0.6216 0.2648 0.7372
vn -0.7183 0.3123 0.6217
vn -0.6931 0.3298 0.6410
vn -0.4271 -0.2370 0.8726
vn -0.6594 -0.2397 0.7125
vn -0.7812 -0.1465 0.6069
vn -0.8425 -0.1471 0.5182
vn -0.8121 0.3425 0.4724
vn -0.6235 -0.2622 0.7366
vn -0.7719 -0.2739 0.5737
vn -0.7999 -0.2622 0.5398
vn -0.9305 -0.1467 0.3357
vn -0.7427 -0.1557 0.6513
vn -0.8205 -0.2090 0.5320
vn -0.6879 -0.0769 0.7218
vn -0.8259 -0.1512 0.5431
vn -0.7052 0.0567 0.7068
vn -0.8475 0.0611 0.5273
vn -0.7455 0.0918 0.6601
vn -0.8750 0.0762 0.4781
vn -0.9418 0.0706 0.3288
vn -0.9555 0.0633 0.2880
vn -0.8734 0.1646 0.4583
vn -0.9311 0.0989 0.3510
vn -0.9539 0.0732 0.2912
vn -0.9825 0.0941 0.1608
vn -0.9896 0.0175 0.1429
vn -0.8699 0.2751 0.4093
vn -0.9202 0.2479 0.3031
vn -0.9490 0.2732 0.1573
vn -0.9533 0.3007 0.0284
vn -0.9919 0.1263 -0.0146
vn -0.8249 0.4219 0.3762
vn -0.8615 0.4428 0.2483
vn -0.8861 0.4437 0.1342
vn -0.8785 0.4775 -0.0129
vn -0.9396 0.3326 -0.0807
vn -0.8431 0.3861 0.3743
vn -0.8745 0.4178 0.2463
vn -0.8667 0.4978 0.0307
vn -0.7987 0.5522 -0.2393
vn -0.8071 0.5466 -0.2231
vn -0.9477 0.2252 -0.2262
vn -0.8757 0.1532 -0.4578
vn -0.7031 0.5620 -0.4357
vn -0.8925 -0.4370 -0.1114
vn -0.8028 -0.5115 -0.3066
vn -0.6642 -0.5442 -0.5125
vn -0.7208 0.1091 -0.6845
vn -0.7895 -0.6113 -0.0556
vn -0.7335 -0.6244 -0.2687
vn -0.6095 -0.6123 -0.5036
vn -0.5060 -0.5892 -0.6299
vn -0.5232 -0.5350 -0.6633
vn -0.8133 -0.4216 -0.4010
vn -0.6522 -0.4099 -0.6376
vn -0.5516 -0.4009 -0.7315
vn -0.4613 -0.3923 -0.7958
vn -0.4034 -0.6055 -0.6861
vn -0.6594 -0.2646 -0.7037
vn -0.5424 -0.2555 -0.8003
vn -0.4084 -0.1943 -0.8919
vn -0.2339 -0.1373 -0.9625
vn -0.2898 -0.3941 -0.8722
vn -0.4799 0.0090 -0.8773
vn -0.3109 0.0378 -0.9497
vn -0.1514 0.0558 -0.9869
vn 0.0305 0.0557 -0.9980
vn -0.0356 -0.1185 -0.9923
vn -0.2374 0.2184 -0.9466
vn -0.0881 0.1976 -0.9763
vn 0.0645 0.1561 -0.9856
vn 0.1417 0.1265 -0.9818
vn 0.1455 0.0448 -0.9884
vn 0.0052 0.4268 -0.9043
vn 0.1069 0.3440 -0.9329
vn 0.1367 0.2809 -0.9500
vn 0.1666 0.2403 -0.9563
vn 0.2220 0.1094 -0.9689
vn 0.1759 0.5547 -0.8132
vn 0.0776 0.5833 -0.8085
vn -0.1035 0.3736 -0.9218
vn 0.1132 0.3122 -0.9432
vn -0.2393 0.2686 -0.9331
vn 0.0575 0.0600 -0.9965
vn -0.1201 0.5750 -0.8093
vn 0.1981 0.3268 -0.9241
vn 0.3892 0.1374 -0.9109
vn 0.2931 0.5949 -0.7485
vn 0.5183 0.3754 -0.7684
vn 0.4537 0.4401 -0.7749
vn 0.2301 0.3769 -0.8972
vn 0.1157 0.6744 -0.7292
vn 0.0174 0.5868 -0.8095
vn 0.1840 0.6116 -0.7695
vn 0.1910 0.3937 -0.8992
vn 0.1893 0.2610 -0.9466
vn 0.3793 0.1276 -0.9164
vn 0.2973 0.0845 -0.9510
vn 0.5006 -0.0472 -0.8644
vn 0.3909 -0.0192 -0.9202
vn 0.2678 0.0255 -0.9631
vn 0.5156 -0.2312 -0.8250
vn 0.3389 -0.2028 -0.9187
vn 0.1600 -0.1488 -0.9758
vn 0.3632 -0.5764 -0.7320
vn 0.1886 -0.4982 -0.8463
vn -0.0902 -0.4177 -0.9041
vn 0.1957 -0.6711 -0.7151
vn -0.0816 -0.6801 -0.7286
vn -0.2867 -0.6379 -0.7148
vn 0.0549 -0.3994 -0.9152
vn -0.2371 -0.4528 -0.8595
vn -0.4074 -0.4852 -0.7737
vn -0.0929 0.1163 -0.9889
vn -0.3696 0.1125 -0.9223
vn -0.5395 0.1012 -0.8359
vn -0.2166 0.4042 -0.8887
vn -0.3586 0.4903 -0.7944
vn -0.5519 0.5516 -0.6254
vn -0.2638 0.5638 -0.7826
vn -0.5158 0.6149 -0.5965
vn -0.7014 0.5963 -0.3905
vn -0.5949 0.5119 -0.6197
vn -0.8000 0.4509 -0.3959
vn -0.8920 0.3872 -0.2332
vn -0.8538 0.2685 -0.4460
vn -0.9345 0.2175 -0.2818
vn -0.9756 0.1701 -0.1386
vn -0.9396 0.0615 -0.3368
vn -0.9874 -0.0049 -0.1583
vn -0.9990 -0.0275 -0.0362
vn -0.9507 -0.2678 -0.1566
vn -0.9600 -0.2568 -0.1115
vn -0.9102 -0.3616 -0.2019
vn -0.8699 -0.3807 -0.3134
vn -0.8519 -0.3770 -0.3635
vn -0.9158 -0.2779 -0.2900
vn -0.9150 -0.2008 -0.3499
vn -0.8121 -0.1024 -0.5745
vn -0.7571 -0.3059 -0.5773
vn -0.8512 0.1367 -0.5068
vn -0.7299 0.2176 -0.6480
vn -0.6789 -0.0085 -0.7342
vn -0.6857 0.3408 -0.6431
vn -0.4086 0.4231 -0.8088
vn -0.5142 0.3383 -0.7881
vn -0.2953 0.5195 -0.8018
vn -0.0153 0.4636 -0.8859
vn -0.0402 0.4672 -0.8833
vn -0.0793 0.4741 -0.8769
vn 0.1295 0.3224 -0.9377
vn 0.2411 0.3327 -0.9117
vn 0.0053 0.2892 -0.9572
vn 0.2062 0.1818 -0.9615
vn 0.2678 0.1872 -0.9451
vn 0.1766 0.1173 -0.9773
vn 0.2730 0.1414 -0.9516
vn 0.3005 -0.2143 -0.9294
vn 0.3680 -0.1107 -0.9232
vn 0.2948 0.1734 -0.9397
vn 0.3816 -0.5672 -0.7299
vn 0.4975 -0.4449 -0.7447
vn 0.3883 -0.0192 -0.9214
vn 0.5469 -0.5507 -0.6306
vn 0.4581 0.0930 -0.8840
vn 0.3865 0.2256 -0.8943
vn 0.3312 0.1999 -0.9221
vn 0.4033 0.3330 -0.8523
vn 0.3030 0.3297 -0.8941
vn 0.3684 0.4868 -0.7920
vn 0.2331 0.4326 -0.8709
vn 0.3162 0.5552 -0.7693
vn 0.1396 0.5003 -0.8545
vn -0.0019 0.3967 -0.9179
vn 0.0798 0.5182 -0.8515
vn -0.1502 0.4658 -0.8720
vn -0.0388 0.2474 -0.9681
vn 0.0347 0.1595 -0.9866
vn 0.1121 0.1533 -0.9818
vn 0.2069 0.1393 -0.9684
vn 0.2010 0.2591 -0.9447
vn 0.2827 0.1469 -0.9479
vn 0.2632 0.2181 -0.9398
vn 0.3479 0.2207 -0.9112
vn 0.3421 0.4040 -0.8484
vn -0.1276 0.4720 -0.8723
vn -0.1655 0.2615 -0.9509
vn -0.4803 0.1076 -0.8705
vn -0.1285 0.1116 -0.9854
vn -0.3850 -0.0458 -0.9218
vn -0.5906 -0.1763 -0.7875
vn -0.2965 -0.1834 -0.9373
vn -0.5442 -0.3162 -0.7771
vn -0.7313 -0.4031 -0.5502
vn -0.4091 -0.5484 -0.7293
vn -0.6777 -0.4571 -0.5760
vn -0.8302 -0.2920 -0.4749
vn -0.6290 -0.2878 -0.7222
vn -0.8035 -0.1602 -0.5733
vn -0.9434 -0.0274 -0.3305
vn -0.9284 -0.1922 -0.3180
vn -0.9897 0.0863 -0.1142
vn -0.9870 -0.1467 -0.0650
vn -0.9636 0.2232 0.1474
vn -0.9782 -0.1207 0.1692
vn -0.8851 0.3296 0.3287
vn -0.9687 0.2245 0.1060
vn -0.8973 0.2873 0.3352
vn -0.8114 0.3137 0.4932
vn -0.9135 0.1887 0.3604
vn -0.8265 0.2075 0.5233
vn -0.7016 0.2158 0.6792
vn -0.7907 0.2576 0.5553
vn -0.6784 0.2473 0.6918
vn -0.5946 0.2841 0.7521
vn -0.6839 0.2651 0.6797
vn -0.6564 0.3291 0.6788
vn -0.4864 0.3104 0.8167
vn -0.6641 0.2119 0.7170
vn -0.5207 0.1084 0.8469
vn 0.0158 0.0283 0.9995
vn -0.4274 -0.4391 0.7902
vn -0.2879 -0.4429 0.8491
vn -0.1804 -0.1649 0.9697
vn -0.4099 -0.6070 0.6809
vn -0.3080 -0.6298 0.7130
vn -0.3764 -0.1764 0.9095
vn -0.4018 -0.1779 0.8983
vn -0.4649 -0.1228 0.8768
vn -0.3145 -0.5559 0.7694
vn -0.4033 -0.4471 0.7984
vn -0.5282 -0.2847 0.8000
vn -0.5892 -0.1909 0.7852
vn -0.6671 -0.1361 0.7325
vn -0.7017 0.2307 0.6741
vn -0.7635 0.1673 0.6237
vn -0.8219 0.1384 0.5525
vn -0.7600 -0.0580 0.6474
vn -0.7671 0.2253 0.6007
vn -0.8495 0.2416 0.4690
vn -0.9182 0.2740 0.2859
vn -0.9174 0.1267 0.3774
vn -0.8774 0.2852 0.3859
vn -0.9313 0.3023 0.2032
vn -0.9628 0.2633 -0.0606
vn -0.9766 0.2132 -0.0279
vn -0.9738 0.1750 0.1450
vn -0.9796 0.1714 -0.1045
vn -0.9428 0.1770 -0.2826
vn -0.9501 0.1855 -0.2506
vn -0.9811 0.1306 -0.1429
vn -0.9392 0.0855 -0.3327
vn -0.7980 0.0512 -0.6005
vn -0.8191 0.1421 -0.5558
vn -0.6444 0.1221 -0.7549
vn -0.6848 0.0159 -0.7286
vn -0.8549 0.0746 -0.5135
vn -0.6165 0.0340 -0.7866
vn -0.3844 0.0160 -0.9230
vn -0.4262 0.1418 -0.8934
vn -0.3366 -0.4060 -0.8497
vn -0.1102 0.1483 -0.9828
vn -0.1422 0.0899 -0.9857
vn -0.4775 0.0473 -0.8774
vn -0.1695 -0.0211 -0.9853
vn -0.5057 -0.0619 -0.8605
vn -0.7062 -0.0751 -0.7040
vn -0.5171 -0.1848 -0.8357
vn -0.7018 -0.1439 -0.6977
vn -0.8747 -0.0629 -0.4806
vn -0.8777 0.0010 -0.4792
vn -0.9600 -0.0065 -0.2798
vn -0.9586 0.1009 -0.2664
vn -0.9977 0.0679 0.0083
vn -0.9527 -0.1296 -0.2749
vn -0.9898 -0.1307 0.0573
vn -0.8863 -0.0652 0.4584
vn -0.9564 -0.2823 0.0746
vn -0.8138 -0.2747 0.5121
vn -0.8694 -0.4754 0.1346
vn -0.6539 -0.5120 0.5569
vn -0.7389 -0.6433 0.2005
vn -0.6287 -0.5862 0.5111
vn -0.7147 -0.6557 0.2435
vn -0.7894 -0.4272 0.4408
vn -0.9205 -0.0606 0.3860
vn -0.8473 -0.3923 0.3580
vn -0.8979 -0.2454 0.3656
vn -0.7669 -0.3604 0.5310
vn -0.8340 0.0296 0.5510
vn -0.5203 -0.8320 0.1925
vn -0.3688 -0.8907 0.2658
vn -0.0599 -0.9982 0.0007
vn -0.0172 -0.9995 0.0281
vn 0.0222 -0.9981 0.0569
vn 0.0040 -0.9907 0.1362
vn 0.0091 -0.9183 0.3958
vn -0.0502 -0.9975 -0.0498
vn -0.0470 -0.9940 -0.0984
vn 0.0234 -0.9990 -0.0392
vn 0.0391 -0.9971 -0.0656
vn 0.1136 -0.9910 -0.0713
vn 0.1350 -0.8734 -0.4680
vn 0.2796 -0.8396 -0.4656
vn 0.4133 -0.8439 -0.3421
vn 0.6545 -0.7255 -0.2126
vn 0.2436 -0.9678 -0.0634
vn 0.4338 -0.4916 -0.7551
vn 0.6419 -0.5003 -0.5811
vn 0.8326 -0.4572 -0.3128
vn 0.9197 -0.3888 -0.0542
vn 0.8000 -0.5998 -0.0156
vn 0.6557 -0.4070 -0.6359
vn 0.8722 -0.3424 -0.3493
vn 0.9521 -0.2938 -0.0842
vn 0.9369 -0.3073 0.1667
vn 0.9034 -0.3851 0.1884
vn 0.8738 -0.3311 -0.3562
vn 0.9693 -0.2270 -0.0941
vn 0.9712 -0.1906 0.1430
vn 0.9048 -0.1651 0.3926
vn 0.8354 -0.3505 0.4234
vn 0.9782 -0.1862 -0.0918
vn 0.9877 -0.0905 0.1275
vn 0.9283 -0.0210 0.3713
vn 0.8455 -0.0070 0.5339
vn 0.7596 -0.2144 0.6141
vn 0.9924 -0.0124 0.1223
vn 0.9337 0.0693 0.3513
vn 0.8669 0.1002 0.4882
vn 0.8002 0.1401 0.5831
vn 0.7258 -0.0666 0.6847
vn 0.9400 0.1376 0.3122
vn 0.8647 0.1991 0.4611
vn 0.8082 0.2404 0.5376
vn 0.7159 0.2733 0.6425
vn 0.6863 0.1651 0.7083
vn 0.8667 0.2397 0.4375
vn 0.8089 0.2691 0.5228
vn 0.7363 0.2756 0.6180
vn 0.5993 0.2936 0.7447
vn 0.6009 0.2627 0.7549
vn 0.8203 0.2468 0.5160
vn 0.7533 0.2524 0.6073
vn 0.5950 0.2728 0.7560
vn 0.3784 0.2966 0.8768
vn 0.3922 0.3057 0.8676
vn 0.7791 0.1982 0.5947
vn 0.6118 0.2430 0.7527
vn 0.4029 0.2871 0.8690
vn 0.1778 0.2828 0.9426
vn 0.1475 0.3282 0.9330
vn 0.6242 -0.2241 0.7484
vn 0.4165 -0.1437 0.8977
vn 0.7093 -0.1064 0.6968
vn 0.4251 -0.1615 0.8906
vn 0.6646 0.2706 0.6965
vn 0.4670 0.3691 0.8035
vn 0.2193 0.2207 0.9504
vn 0.0803 0.1966 0.9772
vn 0.5094 0.3033 0.8053
vn 0.3146 0.1930 0.9294
vn 0.4729 -0.2238 0.8522
vn 0.2352 -0.2871 0.9286
vn 0.3833 -0.3390 0.8591
vn 0.2335 -0.1968 0.9522
vn -0.0448 -0.0756 0.9961
vn -0.5712 0.1125 0.8130
vn 0.2950 0.0534 0.9540
vn 0.1817 0.1145 0.9767
vn -0.1548 0.2472 0.9565
vn -0.6815 0.3898 0.6193
vn 0.2861 0.2501 0.9250
vn 0.1268 0.3289 0.9358
vn -0.3909 0.4790 0.7860
vn -0.5222 0.4195 0.7425
vn -0.7581 0.3232 0.5665
vn 0.1743 0.3853 0.9062
vn -0.2439 0.4664 0.8502
vn 0.1281 0.4108 0.9027
vn 0.3107 0.3289 0.8918
vn 0.3531 0.3588 0.8641
vn 0.3657 0.3652 0.8561
vn 0.1442 0.4238 0.8942
vn 0.3839 0.4063 0.8292
vn 0.2788 0.4126 0.8672
vn 0.4478 0.2385 0.8617
vn 0.4541 0.2991 0.8393
vn 0.5620 0.1446 0.8144
vn 0.7685 -0.1601 0.6195
vn 0.6943 -0.0179 0.7194
vn 0.7920 -0.4221 0.4411
vn 0.7191 -0.2708 0.6400
vn 0.7426 -0.6192 0.2550
vn 0.6817 -0.5982 0.4212
vn 0.6415 -0.4714 0.6051
vn 0.4775 -0.4091 0.7776
vn 0.6177 -0.7762 0.1261
vn 0.5629 -0.7989 0.2120
vn 0.4371 -0.8318 0.3421
vn 0.2025 -0.8596 0.4691
vn 0.2084 -0.4613 0.8624
vn 0.4595 -0.8832 0.0942
vn 0.2886 -0.9454 0.1517
vn 0.0790 -0.9725 0.2190
vn -0.0372 -0.9599 0.2779
vn 0.0007 -0.8461 0.5331
vn 0.1722 -0.9644 0.2006
vn 0.0322 -0.9760 0.2156
vn -0.0665 -0.9748 0.2129
vn -0.1833 -0.9595 0.2138
vn -0.1763 -0.9321 0.3163
vn -0.0851 -0.9832 0.1616
vn -0.1909 -0.9677 0.1647
vn -0.3138 -0.9286 0.1980
vn -0.1158 -0.9802 0.1607
vn -0.2017 -0.9679 0.1497
vn -0.1330 -0.9743 0.1817
vn -0.2134 -0.9648 0.1534
vn -0.1484 -0.9636 0.2225
vn -0.2288 -0.9568 0.1794
vn -0.2883 -0.9477 0.1369
vn -0.3532 -0.9337 0.0590
vn -0.2514 -0.9404 0.2289
vn -0.3093 -0.9316 0.1908
vn -0.3722 -0.9216 0.1096
vn -0.4025 -0.8208 0.4055
vn -0.4986 -0.7943 0.3470
vn -0.4874 -0.5575 0.6721
vn -0.6004 -0.5094 0.6165
vn -0.7959 -0.4544 0.4000
vn -0.6075 -0.2230 0.7624
vn -0.7995 -0.1041 0.5915
vn -0.9412 -0.1181 0.3164
vn -0.8865 -0.4541 0.0896
vn -0.7004 0.2184 0.6795
vn -0.8151 0.2781 0.5083
vn -0.5562 0.4572 0.6939
vn -0.6516 0.4810 0.5866
vn -0.7582 0.4106 0.5065
vn -0.5624 0.5238 0.6398
vn -0.6513 0.4645 0.6000
vn -0.7444 0.3851 0.5454
vn -0.8425 0.3304 0.4255
vn -0.8633 0.1833 0.4703
vn -0.8849 0.1993 0.4209
vn -0.9087 -0.2846 0.3053
vn -0.8769 -0.3129 0.3649
vn -0.8370 -0.4575 0.3001
vn -0.8291 -0.5413 0.1400
vn -0.9936 -0.0092 0.1124
vn -0.9665 -0.2238 0.1260
vn -0.9342 -0.3533 0.0493
vn -0.9131 -0.3898 -0.1197
vn -0.9962 0.0834 0.0266
vn -0.9944 -0.0799 -0.0693
vn -0.9649 -0.1581 -0.2098
vn -0.8099 -0.2464 -0.5323
vn -0.9722 0.1502 -0.1795
vn -0.9235 0.1119 -0.3669
vn -0.7459 0.0017 -0.6661
vn -0.6293 -0.0190 -0.7769
vn -0.3929 0.2144 -0.8942
vn -0.2816 0.4532 -0.8457
vn -0.1193 0.4672 -0.8761
vn -0.1978 0.6451 -0.7381
vn -0.0476 0.6248 -0.7793
vn -0.3031 0.6678 -0.6798
vn -0.2674 0.5229 -0.8094
vn -0.4256 0.6452 -0.6345
vn -0.4876 0.4905 -0.7223
vn -0.3998 0.7204 -0.5668
vn -0.4369 0.7074 -0.5556
vn -0.2952 0.7545 -0.5861
vn -0.2618 0.8530 -0.4514
vn -0.0043 0.8022 -0.5971
vn -0.1550 0.8510 -0.5018
vn 0.0156 0.8869 -0.4617
vn 0.2924 0.7728 -0.5633
vn 0.1927 0.7825 -0.5920
vn 0.3832 0.6470 -0.6592
vn 0.5401 0.5921 -0.5981
vn 0.4116 0.5051 -0.7586
vn 0.5419 0.5286 -0.6534
vn 0.2368 0.4801 -0.8446
vn 0.1991 0.6700 -0.7152
vn 0.1893 0.5336 -0.8243
vn 0.1465 0.6999 -0.6991
vn 0.3905 0.5439 -0.7427
vn 0.4130 0.5968 -0.6880
vn 0.4573 0.3581 -0.8140
vn 0.6043 0.4549 -0.6541
vn 0.6170 0.1347 -0.7753
vn 0.7974 0.2492 -0.5496
vn 0.5629 0.5020 -0.6566
vn 0.7378 0.4044 -0.5405
vn 0.8637 0.2798 -0.4191
vn 0.9131 -0.0366 -0.4060
vn 0.9361 0.1582 -0.3142
vn 0.9475 -0.1608 -0.2766
vn 0.9791 0.0678 -0.1915
vn 0.9427 -0.2507 -0.2201
vn 0.9049 -0.3394 -0.2569
vn 0.9213 0.0127 -0.3886
vn 0.9517 -0.2767 -0.1333
vn 0.9399 -0.3102 -0.1429
vn 0.9921 0.0445 -0.1176
vn 0.9098 0.3657 0.1964
vn 0.9168 0.3642 -0.1639
vn 0.8288 0.3692 -0.4204
vn 0.8653 0.4715 -0.1703
vn 0.8004 0.4636 -0.3802
vn 0.6589 0.3907 -0.6429
vn 0.6976 0.3365 -0.6326
vn 0.4848 0.2727 -0.8310
vn 0.5531 0.2217 -0.8031
vn 0.6737 0.3550 -0.6482
vn 0.5155 0.3164 -0.7963
vn 0.6546 0.4833 -0.5813
vn 0.5228 0.5022 -0.6888
vn 0.6458 0.5731 -0.5046
vn 0.4962 0.5810 -0.6451
vn 0.6877 0.4865 -0.5388
vn 0.4874 0.5326 -0.6920
vn 0.2837 0.5385 -0.7934
vn 0.4894 0.3815 -0.7842
vn 0.2807 0.4446 -0.8506
vn 0.0817 0.4802 -0.8733
vn 0.2933 0.2845 -0.9127
vn 0.0763 0.4081 -0.9097
vn -0.2083 0.5134 -0.8325
vn -0.1948 0.4921 -0.8485
vn 0.0779 0.3774 -0.9228
vn -0.1323 0.5322 -0.8362
vn -0.3054 0.6775 -0.6692
vn 0.0662 0.5615 -0.8248
vn 0.0155 0.7607 -0.6489
vn -0.3913 0.7521 -0.5303
vn -0.1579 0.6256 -0.7640
vn 0.2769 0.5545 -0.7848
vn 0.3741 0.7861 -0.4921
vn 0.3338 0.4712 -0.8164
vn 0.1497 0.2963 -0.9433
vn 0.2906 0.1899 -0.9378
vn 0.4812 0.1481 -0.8640
vn 0.6485 0.0404 -0.7602
vn 0.7082 0.2941 -0.6419
vn 0.8635 0.2058 -0.4605
vn 0.7855 -0.0543 -0.6165
vn 0.8415 0.4056 -0.3569
vn 0.9339 0.3115 -0.1753
vn 0.9649 0.1020 -0.2422
vn 0.7714 0.5259 -0.3582
vn 0.8650 0.4563 -0.2088
vn 0.9109 0.4051 -0.0777
vn 0.9739 0.2213 -0.0508
vn 0.7654 0.4632 -0.4468
vn 0.8501 0.4613 -0.2542
vn 0.8879 0.4588 -0.0336
vn 0.8756 0.4459 0.1856
vn 0.9279 0.3590 0.1003
vn 0.8540 0.4782 -0.2051
vn 0.8711 0.4902 0.0308
vn 0.8391 0.4676 0.2779
vn 0.7538 0.4377 0.4901
vn 0.8203 0.4242 0.3836
vn 0.8820 0.4643 0.0800
vn 0.8040 0.4449 0.3944
vn 0.6867 0.4224 0.5916
vn 0.6245 0.3637 0.6911
vn 0.6508 0.4044 0.6426
vn 0.8338 0.3184 0.4509
vn 0.7650 0.3069 0.5662
vn 0.7136 0.2860 0.6395
vn 0.6535 0.1641 0.7389
vn 0.5593 0.2646 0.7856
vn 0.9475 -0.0381 0.3176
vn 0.8653 -0.1277 0.4846
vn 0.9566 -0.2884 0.0414
vn 0.8863 -0.4072 0.2206
vn 0.4403 0.3858 0.8108
vn 0.5400 0.3654 0.7582
vn 0.4984 0.4019 0.7682
vn 0.6246 0.3972 0.6724
vn 0.7423 0.4065 0.5328
vn 0.7680 0.2196 0.6016
vn 0.8416 0.2558 0.4757
vn 0.9019 0.3042 0.3068
vn 0.9006 0.0027 0.4347
vn 0.9702 0.0336 0.2400
vn 0.9896 0.1168 0.0834
vn 0.9643 -0.1458 0.2212
vn 0.9861 -0.0958 0.1354
vn 0.9996 -0.0062 -0.0263
vn 0.9698 -0.2154 0.1146
vn 0.9724 -0.2166 -0.0861
vn 0.9157 -0.1471 -0.3739
vn 0.9101 -0.3730 -0.1807
vn 0.8364 -0.3494 -0.4224
vn 0.9286 -0.2461 -0.2776
vn 0.8366 -0.3304 -0.4369
vn 0.9442 -0.0479 -0.3260
vn 0.8409 -0.1293 -0.5255
vn 0.6361 -0.2123 -0.7418
vn 0.8405 0.0623 -0.5382
vn 0.6594 0.0638 -0.7491
vn 0.3466 0.0467 -0.9368
vn 0.3598 -0.2968 -0.8846
vn 0.6721 0.0904 -0.7350
vn 0.3933 0.0992 -0.9141
vn 0.1249 0.1341 -0.9831
vn 0.4377 0.0237 -0.8988
vn 0.1615 0.0860 -0.9831
vn 0.4831 -0.1181 -0.8676
vn 0.1914 -0.0463 -0.9804
vn 0.4895 -0.2493 -0.8356
vn 0.2192 -0.2213 -0.9502
vn -0.1922 -0.1923 -0.9623
vn 0.2272 -0.3536 -0.9074
vn -0.1873 -0.3363 -0.9229
vn -0.5096 -0.2932 -0.8089
vn -0.1640 -0.4537 -0.8760
vn -0.4960 -0.3669 -0.7870
vn -0.6746 -0.2818 -0.6823
vn -0.6916 -0.2144 -0.6898
vn -0.8469 -0.2104 -0.4883
vn -0.8593 -0.1379 -0.4926
vn -0.9418 -0.2157 -0.2579
vn -0.8225 -0.3120 -0.4756
vn -0.9202 -0.3171 -0.2297
vn -0.7789 -0.4315 -0.4551
vn -0.8670 -0.4590 -0.1940
vn -0.6760 -0.6209 -0.3968
vn -0.7200 -0.6804 -0.1363
vn -0.3539 -0.9103 -0.2147
vn -0.3369 -0.9405 -0.0439
vn -0.5295 -0.8187 0.2220
vn -0.2744 -0.9515 0.1392
vn -0.6129 -0.7579 0.2236
vn -0.0937 -0.9945 0.0471
vn -0.1332 -0.9907 0.0294
vn -0.0382 -0.9986 -0.0367
vn -0.0915 -0.9918 -0.0892
vn -0.3941 -0.8408 -0.3712
vn -0.2184 -0.9276 -0.3031
vn -0.5827 -0.5644 -0.5847
vn -0.3997 -0.6721 -0.6233
vn -0.1224 -0.8458 -0.5193
vn -0.4529 -0.5051 -0.7347
vn -0.1551 -0.5838 -0.7969
vn 0.2157 -0.5525 -0.8051
vn -0.1563 -0.5263 -0.8358
vn 0.2250 -0.4988 -0.8370
vn 0.4511 -0.4294 -0.7824
vn 0.2294 -0.4641 -0.8556
vn 0.4580 -0.4165 -0.7853
vn 0.6499 -0.3964 -0.6484
vn 0.4771 -0.3368 -0.8118
vn 0.6680 -0.3112 -0.6759
vn 0.8851 -0.2751 -0.3755
vn 0.6805 -0.2280 -0.6964
vn 0.8997 -0.1831 -0.3963
vn 0.9898 -0.1099 -0.0902
vn 0.9034 -0.0700 -0.4231
vn 0.9949 -0.0108 -0.1008
vn 0.9916 0.0605 0.1145
vn 0.9841 0.1174 -0.1333
vn 0.9843 0.1638 0.0658
vn 0.9471 0.1970 0.2532
vn 0.9873 0.1574 0.0201
vn 0.9651 0.1866 0.1836
vn 0.8840 0.2325 0.4056
vn 0.9805 0.0885 0.1752
vn 0.9027 0.1680 0.3960
vn 0.8384 0.1927 0.5099
vn 0.7942 -0.1426 0.5908
vn 0.9820 0.0048 0.1889
vn 0.9992 0.0370 -0.0145
vn 0.9967 -0.0212 -0.0786
vn 0.9830 -0.1622 -0.0863
vn 0.9740 -0.0883 0.2087
vn 0.9532 -0.3022 0.0040
vn 0.9462 -0.2087 0.2474
vn 0.9215 -0.1794 0.3444
vn 0.8818 -0.1815 0.4353
vn 0.9475 -0.2031 0.2469
vn 0.9162 -0.1999 0.3473
vn 0.8675 -0.1105 0.4850
vn 0.8237 -0.0179 0.5667
vn 0.7856 -0.1843 0.5906
vn 0.9230 -0.1403 0.3584
vn 0.8271 -0.0719 0.5574
vn 0.7887 -0.0040 0.6148
vn 0.7454 0.0831 0.6614
vn 0.7575 0.0431 0.6514
vn 0.8047 0.0018 0.5937
vn 0.7472 0.0329 0.6638
vn 0.6689 0.2211 0.7097
vn 0.5784 0.1229 0.8064
vn 0.4836 -0.0306 0.8747
vn 0.6993 -0.1373 0.7016
vn 0.6297 0.1989 0.7510
vn 0.4435 0.2976 0.8454
vn 0.3627 0.2142 0.9070
vn 0.5785 -0.3464 0.7385
vn 0.7777 -0.0530 0.6264
vn 0.5479 -0.0379 0.8357
vn 0.7224 0.1364 0.6778
vn 0.5508 0.2140 0.8067
vn 0.9644 0.0445 -0.2608
vn 0.9744 0.1382 -0.1775
vn 0.8688 0.1099 -0.4828
vn 0.8955 0.0385 -0.4434
vn 0.6878 -0.0082 -0.7259
vn 0.6969 -0.1239 -0.7064
vn -0.4744 -0.4450 -0.7595
vn -0.6278 -0.4485 -0.6362
vn -0.6521 -0.3691 -0.6623
vn 0.7982 0.4239 -0.4279
vn 0.9567 -0.2877 0.0437
vn 0.9954 0.0373 -0.0887
vn 0.9946 0.0099 0.1028
vn 0.9332 -0.2764 0.2295
vn 0.9130 -0.1594 0.3754
vn 0.8816 -0.0081 0.4719
vn 0.9779 0.0187 0.2083
vn 0.8328 0.2607 0.4883
vn 0.6898 0.3442 0.6369
vn 0.6976 0.2592 0.6680
vn 0.5801 0.3144 0.7514
vn 0.5543 0.2879 0.7809
vn 0.7369 0.1421 0.6609
vn 0.6586 0.3437 0.6694
vn 0.3459 0.4484 0.8242
vn 0.4075 0.3370 0.8488
vn 0.2479 0.3154 0.9160
vn 0.2091 0.3789 0.9015
vn 0.2974 0.5052 0.8102
vn 0.1684 0.0716 0.9831
vn 0.0915 0.1038 0.9904
vn -0.0349 0.2347 0.9714
vn 0.1381 0.5374 0.8319
vn -0.1550 0.1767 0.9720
vn -0.2257 0.2472 0.9423
vn -0.1603 0.3503 0.9228
vn 0.2846 0.5397 0.7923
vn -0.0604 0.6267 0.7769
vn 0.3416 0.7160 0.6088
vn 0.0372 0.7924 0.6089
vn -0.0988 0.7586 0.6441
vn -0.3105 0.6808 0.6634
vn 0.1058 0.9028 0.4168
vn -0.0394 0.8787 0.4757
vn -0.3231 0.7841 0.5299
vn -0.4995 0.4686 0.7286
vn -0.0087 0.9593 0.2823
vn -0.3611 0.8903 0.2775
vn -0.0036 0.9961 0.0876
vn -0.3685 0.9280 0.0541
vn -0.0100 0.9980 -0.0625
vn -0.3197 0.9451 -0.0668
vn -0.6091 0.7914 0.0516
vn -0.8297 0.5474 0.1092
vn -0.2881 0.9352 -0.2057
vn -0.5112 0.8534 -0.1025
vn -0.7377 0.6730 -0.0538
vn -0.9247 0.3559 -0.1354
vn -0.9695 0.2421 -0.0383
vn -0.4221 0.8682 -0.2609
vn -0.6083 0.7435 -0.2777
vn -0.7925 0.5325 -0.2973
vn -0.8342 0.4918 -0.2494
vn -0.9488 0.3110 -0.0549
vn -0.4574 0.7543 -0.4711
vn -0.5730 0.6407 -0.5111
vn -0.6287 0.6247 -0.4632
vn -0.6490 0.5992 -0.4687
vn -0.8389 0.4627 -0.2867
vn -0.3475 0.6677 -0.6584
vn -0.3903 0.6864 -0.6137
vn -0.4249 0.6730 -0.6053
vn -0.4108 0.6840 -0.6028
vn -0.6336 0.5847 -0.5066
vn -0.8260 0.4275 -0.3673
vn -0.9639 0.2535 -0.0809
vn -0.9832 0.1828 0.0003
vn -0.2983 0.6606 -0.6889
vn -0.2051 0.6875 -0.6966
vn -0.2725 0.7124 -0.6466
vn -0.3591 0.8484 -0.3889
vn -0.2519 0.8731 -0.4174
vn -0.2143 0.7501 -0.6257
vn -0.0983 0.8868 -0.4515
vn -0.0851 0.7470 -0.6593
vn 0.0517 0.8610 -0.5059
vn 0.0588 0.6989 -0.7128
vn 0.0387 0.5111 -0.8587
vn 0.1796 0.6800 -0.7109
vn 0.0750 0.5120 -0.8557
vn 0.1369 0.5256 -0.8396
vn 0.0549 0.5639 -0.8240
vn 0.1407 0.4997 -0.8547
vn 0.1826 0.4186 -0.8896
vn 0.2612 0.6767 -0.6884
vn 0.2526 0.8004 -0.5436
vn 0.3720 0.7686 -0.5205
vn 0.4780 0.7090 -0.5184
vn 0.4499 0.8090 -0.3783
vn 0.5486 0.7399 -0.3893
vn 0.6536 0.6099 -0.4482
vn 0.5812 0.5649 -0.5858
vn 0.6926 0.4523 -0.5618
vn 0.5856 0.4406 -0.6804
vn 0.7286 0.6320 -0.2640
vn 0.7915 0.4444 -0.4196
vn 0.7699 0.6311 -0.0942
vn 0.8733 0.4173 -0.2514
vn 0.7785 0.6276 0.0108
vn 0.9171 0.3817 -0.1152
vn 0.7821 0.6043 0.1519
vn 0.9351 0.3542 0.0160
vn 0.7660 0.5545 0.3251
vn 0.9244 0.3192 0.2088
vn 0.7797 0.5151 0.3560
vn 0.7747 0.6059 0.1806
vn 0.6898 0.7000 0.1847
vn 0.7222 0.5852 0.3686
vn 0.7509 0.6593 0.0367
vn 0.6253 0.7794 0.0394
vn 0.2964 0.9511 0.0865
vn 0.3268 0.9172 0.2277
vn 0.7115 0.6997 -0.0640
vn 0.5676 0.8185 -0.0892
vn 0.2770 0.9593 -0.0546
vn 0.0951 0.9947 -0.0383
vn 0.1203 0.9890 0.0866
vn 0.5108 0.8333 -0.2115
vn 0.2795 0.9480 -0.1525
vn 0.0757 0.9910 -0.1104
vn -0.0347 0.9877 -0.1525
vn 0.2831 0.9009 -0.3289
vn 0.0585 0.9633 -0.2618
vn -0.0734 0.9611 -0.2662
vn -0.2698 0.9164 -0.2958
vn 0.6382 0.7407 -0.2099
vn 0.1305 0.9604 0.2460
vn 0.3503 0.8495 0.3944
vn 0.6781 0.4599 0.5733
vn -0.5340 0.2150 0.8177
vn -0.3267 0.2107 0.9213
vn -0.6433 0.2152 0.7348
vn -0.3506 0.3593 0.8648
vn -0.2716 0.4129 0.8693
vn -0.2156 0.2044 0.9549
vn -0.3096 0.5015 0.8079
vn 0.1854 0.4973 0.8475
vn 0.0512 0.1781 0.9827
vn 0.2234 0.3108 0.9239
vn -0.1939 0.1933 0.9618
vn 0.0859 0.2998 0.9501
vn 0.3887 0.3398 0.8564
vn 0.0019 0.4530 0.8915
vn 0.3423 0.4298 0.8355
vn 0.5896 0.3257 0.7391
vn 0.2662 0.5563 0.7872
vn 0.5230 0.4149 0.7445
vn 0.7006 0.2152 0.6803
vn 0.7594 0.1650 0.6294
vn 0.7989 -0.0388 0.6002
vn 0.5166 0.2312 0.8244
vn 0.6320 -0.0560 0.7729
vn 0.6369 -0.4212 0.6457
vn 0.7885 -0.3698 0.4914
vn 0.5520 -0.6688 0.4981
vn 0.7025 -0.5983 0.3855
vn 0.4684 -0.7628 0.4457
vn 0.6305 -0.7054 0.3238
vn 0.7015 -0.6895 0.1804
vn 0.5763 -0.8091 0.1152
vn 0.7192 -0.6854 0.1136
vn 0.4897 -0.8380 0.2408
vn 0.3258 -0.9260 0.1907
vn 0.3196 -0.8753 0.3630
vn 0.2518 -0.8767 0.4098
vn 0.1703 -0.9134 0.3696
vn 0.0091 -0.9459 0.3245
vn 0.0044 -0.9635 0.2677
vn -0.1678 -0.9434 0.2862
vn 0.0129 -0.8397 0.5430
vn -0.2294 -0.8462 0.4810
vn -0.3335 -0.8409 0.4263
vn -0.3054 -0.5757 0.7585
vn -0.4290 -0.5803 0.6922
vn -0.3257 -0.1845 0.9273
vn -0.4541 -0.2402 0.8580
vn -0.4915 -0.2619 0.8306
vn -0.3947 0.1641 0.9040
vn -0.4212 0.0699 0.9043
vn -0.5434 0.0846 0.8352
vn -0.2816 0.3997 0.8723
vn -0.4033 0.3917 0.8270
vn -0.1446 0.6094 0.7796
vn -0.2521 0.5833 0.7722
vn -0.4285 0.5688 0.7020
vn -0.1240 0.6638 0.7376
vn -0.2729 0.6130 0.7415
vn -0.4329 0.5240 0.7335
vn -0.0778 0.6203 0.7805
vn -0.1881 0.4863 0.8533
vn -0.4134 0.3697 0.8321
vn -0.5752 0.4475 0.6848
vn -0.6264 0.2108 0.7505
vn -0.7609 0.2683 0.5908
vn -0.6959 0.2335 0.6791
vn -0.8678 0.1003 0.4867
vn -0.0424 0.3883 0.9206
vn -0.0097 0.5811 0.8137
vn -0.0949 0.5728 0.8142
vn -0.0976 0.3600 0.9278
vn -0.2021 0.5938 0.7788
vn -0.2252 0.3762 0.8988
vn -0.2296 0.6233 0.7475
vn -0.2540 0.4048 0.8784
vn -0.0529 0.6360 0.7698
vn -0.2100 0.7410 0.6378
vn -0.0957 0.7270 0.6799
vn 0.1458 0.6186 0.7721
vn 0.0063 0.6488 0.7609
vn 0.1503 0.4898 0.8588
vn 0.3549 0.4557 0.8163
vn 0.2808 0.2661 0.9221
vn -0.0535 0.5455 0.8364
vn -0.0118 0.2903 0.9569
vn 0.0088 -0.0743 0.9972
vn 0.3803 -0.0291 0.9244
vn 0.0156 -0.5128 0.8583
vn 0.4156 -0.4408 0.7956
vn 0.3456 -0.7599 0.5506
vn -0.2833 0.2531 0.9250
vn -0.2156 0.5668 0.7951
vn -0.2700 0.5023 0.8215
vn -0.1723 0.7139 0.6788
vn -0.1627 0.6773 0.7175
vn -0.0904 0.7613 0.6420
vn -0.0538 0.7023 0.7099
vn -0.1084 0.6902 0.7154
vn -0.1756 0.7188 0.6726
vn -0.3978 -0.9000 0.1783
vn -0.4267 -0.8499 0.3091
vn -0.3377 -0.8851 0.3203
vn -0.4894 -0.7119 0.5037
vn -0.3641 -0.7639 0.5328
vn -0.1865 -0.8191 0.5425
vn -0.3788 -0.4801 0.7912
vn -0.2207 -0.5399 0.8123
vn -0.0364 -0.5253 0.8502
vn -0.2193 -0.1797 0.9590
vn -0.1009 -0.1860 0.9773
vn -0.1844 0.0976 0.9780
vn -0.1207 0.0900 0.9886
vn -0.1139 0.2797 0.9533
vn -0.0873 0.2506 0.9641
vn 0.0831 0.3376 0.9376
vn -0.0091 0.2262 0.9740
vn -0.0960 0.2385 0.9664
vn 0.2216 0.0613 0.9732
vn -0.3167 0.0728 0.9457
vn 0.4542 0.1722 0.8741
vn 0.7035 0.2148 0.6774
vn 0.6934 0.0695 0.7172
vn 0.4320 0.2862 0.8553
vn 0.1410 0.3589 0.9227
vn 0.3305 0.2712 0.9040
vn -0.0270 0.4087 0.9123
vn -0.2875 0.3937 0.8731
vn -0.3202 0.2534 0.9128
vn -0.1880 0.3476 0.9186
vn -0.3205 0.4191 0.8495
vn -0.3622 0.4428 0.8202
vn -0.3788 0.3920 0.8383
vn -0.3285 0.1477 0.9329
vn -0.4825 0.2277 0.8458
vn -0.4845 0.2755 0.8303
vn -0.4841 0.3431 0.8049
vn -0.4505 0.4424 0.7754
vn -0.5926 -0.0317 0.8049
vn -0.6580 0.0370 0.7521
vn -0.6441 0.1440 0.7513
vn -0.6483 0.2449 0.7209
vn -0.5633 0.3971 0.7246
vn -0.7445 -0.2808 0.6057
vn -0.8036 -0.1431 0.5777
vn -0.8286 -0.0443 0.5581
vn -0.8595 0.0007 0.5111
vn -0.6716 0.2947 0.6798
vn -0.8117 -0.5022 0.2983
vn -0.8667 -0.4121 0.2812
vn -0.9001 -0.3795 0.2140
vn -0.9288 -0.3575 0.0979
vn -0.9008 0.0384 0.4326
vn -0.9445 0.0308 0.3272
vn -0.7830 0.3697 0.5003
vn -0.7199 0.3490 0.6000
vn -0.9532 -0.3020 0.0117
vn -0.9750 -0.2187 -0.0404
vn -0.9545 0.1150 0.2752
vn -0.7565 0.4159 0.5046
vn -0.6678 0.4091 0.6218
vn -0.7913 0.3461 0.5040
vn -0.6501 0.4152 0.6364
vn -0.7383 0.2677 0.6190
vn -0.5182 0.3586 0.7765
vn -0.5439 0.1634 0.8231
vn -0.4472 0.1988 0.8721
vn -0.5210 0.0872 0.8491
vn -0.4735 0.0820 0.8770
vn -0.3136 0.1419 0.9389
vn -0.4553 -0.0344 0.8897
vn -0.2524 -0.0505 0.9663
vn 0.3850 -0.0243 0.9226
vn -0.5043 -0.0331 0.8629
vn -0.5664 -0.0704 0.8211
vn -0.6569 -0.6420 0.3953
vn -0.5349 -0.8097 0.2413
vn -0.4651 -0.8726 0.1490
vn -0.5721 -0.4004 0.7158
vn -0.3640 -0.1162 0.9241
vn 0.0121 0.3421 0.9396
vn -0.0026 0.3123 0.9500
vn 0.2065 0.3258 0.9226
vn 0.0217 0.2616 0.9649
vn -0.1393 0.2534 0.9573
vn -0.3768 0.2885 0.8802
vn -0.8739 0.0861 0.4784
vn -0.9185 -0.0179 0.3951
vn -0.5524 0.1714 0.8158
vn -0.6788 0.1863 0.7103
vn -0.9176 0.1020 0.3842
vn -0.8861 0.0669 0.4586
vn -0.5323 0.0959 0.8411
vn -0.7952 0.0071 0.6063
vn -0.4160 0.2473 0.8751
vn -0.2584 0.2878 0.9222
vn -0.7963 0.0852 0.5989
vn -0.5337 0.2186 0.8169
vn -0.8435 -0.0222 0.5367
vn -0.5679 -0.0244 0.8227
vn -0.4302 -0.2922 0.8541
vn -0.6179 -0.0193 0.7860
vn 0.0337 -0.3764 0.9258
vn -0.0282 0.1247 0.9918
vn 0.2325 -0.3494 0.9077
vn 0.2397 0.1678 0.9562
vn 0.3390 -0.1991 0.9195
vn 0.4232 0.2198 0.8790
vn 0.5345 0.0490 0.8437
vn 0.1837 -0.5448 0.8182
vn 0.3159 -0.4244 0.8486
vn 0.5437 -0.2147 0.8113
vn 0.3111 -0.3930 0.8653
vn 0.3473 -0.4842 0.8031
vn 0.5089 -0.3879 0.7685
vn 0.2508 -0.2659 0.9308
vn 0.1887 -0.1892 0.9636
vn 0.1821 -0.5898 0.7868
vn 0.1160 -0.5701 0.8133
vn 0.1154 -0.1971 0.9736
vn 0.0848 -0.2382 0.9675
vn -0.0613 -0.4461 0.8929
vn 0.0736 0.2813 0.9568
vn 0.7648 -0.4665 0.4443
vn 0.6551 -0.5514 0.5165
vn 0.8160 -0.5375 0.2126
vn 0.4690 -0.7555 0.4575
vn 0.4874 -0.8475 0.2102
vn 0.4127 -0.9108 0.0110
vn 0.1589 -0.9745 0.1582
vn 0.0661 -0.9977 0.0147
vn -0.0115 -0.9984 0.0550
vn -0.0509 -0.9861 0.1584
vn 0.0604 -0.9042 0.4227
vn -0.1191 -0.7644 0.6337
vn -0.3720 -0.5936 0.7136
vn -0.1632 -0.4409 0.8826
vn -0.4298 -0.3202 0.8443
vn -0.3747 -0.4689 0.7998
vn -0.1872 -0.3347 0.9235
vn 0.1489 -0.5530 0.8198
vn 0.1697 -0.3454 0.9230
vn 0.1801 -0.2387 0.9543
vn 0.4975 -0.1958 0.8450
vn 0.5567 -0.1025 0.8244
vn 0.4209 -0.4835 0.7675
vn 0.6854 -0.3081 0.6598
vn 0.1973 -0.9092 0.3668
vn 0.4421 -0.8100 0.3854
vn 0.6253 -0.6752 0.3913
vn 0.7027 -0.4522 0.5493
vn 0.4531 -0.8230 0.3425
vn 0.2866 -0.9498 0.1252
vn 0.3956 -0.8905 0.2248
vn 0.1996 -0.9673 0.1566
vn 0.0971 -0.9943 0.0444
vn 0.0656 -0.9967 0.0484
vn 0.0365 -0.9993 0.0111
vn 0.0711 -0.9969 0.0334
vt 0.897312 0.413879
vt 0.880609 0.390346
vt 0.920818 0.364677
vt 0.938816 0.399463
vt 0.531843 0.325658
vt 0.532911 0.339795
vt 0.500381 0.340202
vt 0.496318 0.334148
vt 0.851978 0.408819
vt 0.845899 0.399103
vt 0.933596 0.679163
vt 0.977235 0.675000
vt 0.966375 0.707396
vt 0.924219 0.712125
vt 0.895096 0.716395
vt 0.896436 0.688878
vt 0.894548 0.671800
vt 0.920320 0.667132
vt 0.893751 0.644159
vt 0.925033 0.647362
vt 0.947544 0.647132
vt 0.413529 0.752333
vt 0.417118 0.756623
vt 0.409480 0.757718
vt 0.407005 0.751377
vt 0.405750 0.746156
vt 0.415247 0.747991
vt 0.421635 0.752752
vt 0.765273 0.928573
vt 0.759649 0.937848
vt 0.742946 0.933851
vt 0.745764 0.924169
vt 0.772911 0.945017
vt 0.769431 0.950159
vt 0.776400 0.924185
vt 0.778166 0.940129
vt 0.764497 0.911995
vt 0.775801 0.910135
vt 0.137352 0.502725
vt 0.125058 0.484876
vt 0.151631 0.461726
vt 0.169281 0.493462
vt 0.116952 0.525732
vt 0.103821 0.495972
vt 0.145346 0.530978
vt 0.752245 0.913200
vt 0.508003 0.355233
vt 0.503860 0.347097
vt 0.531858 0.349772
vt 0.529999 0.360058
vt 0.493946 0.361925
vt 0.484316 0.354577
vt 0.522423 0.368807
vt 0.853052 0.947375
vt 0.851247 0.957916
vt 0.832151 0.962034
vt 0.832920 0.955504
vt 0.839690 0.941447
vt 0.843905 0.929688
vt 0.860352 0.935912
vt 0.831611 0.949735
vt 0.942040 0.258710
vt 0.957975 0.293566
vt 0.939880 0.314979
vt 0.921245 0.293046
vt 0.945484 0.205214
vt 0.962399 0.198327
vt 0.961907 0.246700
vt 0.927052 0.244808
vt 0.934110 0.205143
vt 0.973589 0.283691
vt 0.909182 0.279977
vt 0.826848 0.942751
vt 0.829223 0.934200
vt 0.815054 0.948345
vt 0.814732 0.937254
vt 0.515876 0.376959
vt 0.492387 0.369781
vt 0.471716 0.370238
vt 0.467225 0.366423
vt 0.473393 0.374240
vt 0.804270 0.296316
vt 0.821897 0.312642
vt 0.789552 0.337514
vt 0.773562 0.321113
vt 0.782028 0.281283
vt 0.808475 0.249395
vt 0.830984 0.264835
vt 0.853249 0.281324
vt 0.782883 0.124148
vt 0.753333 0.145135
vt 0.730413 0.132085
vt 0.758058 0.107393
vt 0.796582 0.142409
vt 0.771567 0.156498
vt 0.770830 0.079530
vt 0.790865 0.091910
vt 0.813667 0.123005
vt 0.817458 0.136336
vt 0.821479 0.147989
vt 0.838253 0.142674
vt 0.835406 0.156371
vt 0.718613 0.084810
vt 0.716443 0.066938
vt 0.750249 0.068193
vt 0.738906 0.093184
vt 0.066961 0.713795
vt 0.063120 0.715543
vt 0.062160 0.706436
vt 0.067422 0.707038
vt 0.072286 0.718590
vt 0.068896 0.723900
vt 0.074990 0.710797
vt 0.905479 0.180104
vt 0.884923 0.171954
vt 0.890776 0.160134
vt 0.915876 0.177279
vt 0.899655 0.196613
vt 0.876499 0.187375
vt 0.914182 0.200763
vt 0.969191 0.425739
vt 0.956839 0.432924
vt 0.963212 0.390763
vt 0.275400 0.650623
vt 0.290990 0.658312
vt 0.289371 0.671446
vt 0.278785 0.671231
vt 0.273004 0.695222
vt 0.265512 0.667783
vt 0.127709 0.739581
vt 0.134296 0.735221
vt 0.142463 0.745130
vt 0.130046 0.747424
vt 0.115761 0.744381
vt 0.117453 0.736072
vt 0.121337 0.725711
vt 0.218926 0.333559
vt 0.217118 0.349249
vt 0.177863 0.336508
vt 0.175668 0.326051
vt 0.210256 0.301680
vt 0.232738 0.292774
vt 0.244805 0.328304
vt 0.171916 0.309568
vt 0.201705 0.390118
vt 0.190581 0.391448
vt 0.184102 0.376836
vt 0.205779 0.380385
vt 0.212391 0.405024
vt 0.202691 0.407618
vt 0.221392 0.399760
vt 0.224101 0.388530
vt 0.233813 0.389544
vt 0.234291 0.414886
vt 0.238253 0.438281
vt 0.224129 0.422500
vt 0.248055 0.415390
vt 0.260800 0.412447
vt 0.258388 0.441069
vt 0.225437 0.442276
vt 0.215430 0.426256
vt 0.235059 0.470331
vt 0.220164 0.455414
vt 0.752693 0.309379
vt 0.131634 0.655302
vt 0.137578 0.658562
vt 0.131438 0.664649
vt 0.125584 0.657774
vt 0.131269 0.649330
vt 0.140853 0.651318
vt 0.121785 0.650948
vt 0.695240 0.926395
vt 0.691025 0.922875
vt 0.693984 0.913146
vt 0.701204 0.914546
vt 0.707416 0.924548
vt 0.706037 0.932705
vt 0.692373 0.935429
vt 0.710383 0.914390
vt 0.074294 0.628495
vt 0.060008 0.631161
vt 0.064223 0.602249
vt 0.077203 0.601375
vt 0.092974 0.618302
vt 0.098118 0.632065
vt 0.080859 0.644912
vt 0.090021 0.597365
vt 0.608705 0.110742
vt 0.636071 0.133082
vt 0.593270 0.171547
vt 0.571797 0.148837
vt 0.576087 0.110115
vt 0.580197 0.084709
vt 0.610102 0.077202
vt 0.558228 0.141394
vt 0.338730 0.751381
vt 0.342794 0.758082
vt 0.336622 0.758518
vt 0.330746 0.755181
vt 0.323349 0.746679
vt 0.325236 0.743420
vt 0.339893 0.745987
vt 0.321044 0.750429
vt 0.344525 0.763436
vt 0.335249 0.762126
vt 0.326898 0.758402
vt 0.679414 0.929461
vt 0.680777 0.923286
vt 0.684001 0.910609
vt 0.186748 0.680836
vt 0.189748 0.678975
vt 0.193344 0.687209
vt 0.187954 0.687217
vt 0.182971 0.686351
vt 0.183430 0.678593
vt 0.186014 0.674748
vt 0.470109 0.393875
vt 0.476906 0.391872
vt 0.472209 0.407166
vt 0.464675 0.404856
vt 0.459568 0.402778
vt 0.466934 0.388392
vt 0.476153 0.381572
vt 0.778849 0.704287
vt 0.780401 0.688151
vt 0.797342 0.690203
vt 0.797867 0.716823
vt 0.758714 0.704588
vt 0.771355 0.685560
vt 0.768277 0.722742
vt 0.739907 0.637245
vt 0.746533 0.638038
vt 0.742081 0.651391
vt 0.733885 0.643289
vt 0.761196 0.679823
vt 0.748346 0.688279
vt 0.739117 0.663629
vt 0.733705 0.655819
vt 0.749707 0.659549
vt 0.727655 0.688242
vt 0.723736 0.664394
vt 0.478732 0.532651
vt 0.458817 0.534268
vt 0.448048 0.510357
vt 0.457277 0.506871
vt 0.601694 0.243748
vt 0.570149 0.205523
vt 0.628148 0.197053
vt 0.655557 0.210674
vt 0.632145 0.255471
vt 0.463687 0.502441
vt 0.486426 0.521577
vt 0.581273 0.253304
vt 0.554508 0.221053
vt 0.312354 0.752056
vt 0.318470 0.754418
vt 0.314528 0.759108
vt 0.307972 0.754705
vt 0.304860 0.750652
vt 0.311911 0.748257
vt 0.759694 0.732886
vt 0.734986 0.745760
vt 0.733681 0.731917
vt 0.764087 0.738154
vt 0.781476 0.739179
vt 0.754165 0.741149
vt 0.741497 0.750244
vt 0.765337 0.749255
vt 0.786994 0.761562
vt 0.773060 0.767105
vt 0.752179 0.760231
vt 0.747500 0.754100
vt 0.760452 0.744949
vt 0.759395 0.773640
vt 0.658078 0.917568
vt 0.649820 0.917060
vt 0.647550 0.908276
vt 0.658333 0.909387
vt 0.668657 0.920860
vt 0.664534 0.926955
vt 0.672027 0.909179
vt 0.649521 0.508164
vt 0.662447 0.496366
vt 0.668286 0.530249
vt 0.651885 0.535301
vt 0.633334 0.502859
vt 0.650065 0.475773
vt 0.630493 0.541310
vt 0.751700 0.783476
vt 0.752446 0.803673
vt 0.744374 0.803771
vt 0.742420 0.777702
vt 0.762845 0.803253
vt 0.718985 0.749267
vt 0.716074 0.765111
vt 0.703244 0.757840
vt 0.705778 0.737563
vt 0.722738 0.769311
vt 0.639603 0.916455
vt 0.634205 0.905617
vt 0.641204 0.925021
vt 0.617506 0.919102
vt 0.615708 0.911794
vt 0.612840 0.905412
vt 0.589872 0.727833
vt 0.599173 0.720942
vt 0.607340 0.731478
vt 0.602650 0.746172
vt 0.569794 0.705915
vt 0.595264 0.696283
vt 0.573382 0.739523
vt 0.639081 0.721208
vt 0.633598 0.731829
vt 0.630655 0.715250
vt 0.309696 0.886486
vt 0.307995 0.872563
vt 0.326705 0.875064
vt 0.321997 0.892116
vt 0.297375 0.898228
vt 0.288188 0.879328
vt 0.311586 0.912199
vt 0.353532 0.901383
vt 0.366264 0.890163
vt 0.381602 0.908612
vt 0.358227 0.920859
vt 0.332162 0.921247
vt 0.337509 0.897593
vt 0.345678 0.880634
vt 0.749534 0.374066
vt 0.735734 0.370972
vt 0.740429 0.360966
vt 0.758533 0.370441
vt 0.765806 0.381382
vt 0.751585 0.381894
vt 0.733182 0.379195
vt 0.443061 0.450120
vt 0.448543 0.455697
vt 0.444615 0.460555
vt 0.438795 0.451033
vt 0.444691 0.444213
vt 0.452814 0.448839
vt 0.439470 0.442405
vt 0.705136 0.367606
vt 0.702813 0.360401
vt 0.717759 0.365488
vt 0.715500 0.373474
vt 0.699104 0.371190
vt 0.692243 0.361253
vt 0.712697 0.380321
vt 0.713405 0.506306
vt 0.733062 0.509097
vt 0.734539 0.544974
vt 0.714829 0.553908
vt 0.722325 0.479589
vt 0.737035 0.485914
vt 0.698786 0.476034
vt 0.707899 0.465060
vt 0.696878 0.518059
vt 0.688520 0.482178
vt 0.227692 0.260998
vt 0.244910 0.241436
vt 0.254791 0.285559
vt 0.203452 0.264614
vt 0.208753 0.225592
vt 0.213083 0.201862
vt 0.252837 0.209549
vt 0.161371 0.281102
vt 0.128973 0.330171
vt 0.119839 0.318786
vt 0.105409 0.307117
vt 0.131042 0.267049
vt 0.126884 0.421183
vt 0.142722 0.404414
vt 0.150524 0.415004
vt 0.131149 0.434765
vt 0.114076 0.419059
vt 0.131835 0.393022
vt 0.110860 0.442398
vt 0.788224 0.946266
vt 0.786912 0.935179
vt 0.800040 0.933526
vt 0.799368 0.947582
vt 0.798499 0.956553
vt 0.784595 0.952296
vt 0.782800 0.957101
vt 0.797616 0.961754
vt 0.813546 0.962413
vt 0.812494 0.967019
vt 0.796900 0.965719
vt 0.781664 0.960780
vt 0.814264 0.956702
vt 0.780496 0.964531
vt 0.766648 0.955084
vt 0.796242 0.969664
vt 0.811739 0.971653
vt 0.811099 0.976885
vt 0.795353 0.974252
vt 0.779154 0.968964
vt 0.404682 0.733122
vt 0.404793 0.736994
vt 0.390638 0.737441
vt 0.389704 0.732401
vt 0.764071 0.960173
vt 0.418618 0.735641
vt 0.417531 0.739587
vt 0.427687 0.744986
vt 0.425011 0.748792
vt 0.416438 0.743812
vt 0.405033 0.741150
vt 0.430268 0.741216
vt 0.393565 0.746870
vt 0.391949 0.742055
vt 0.380213 0.749845
vt 0.378850 0.744272
vt 0.377698 0.738472
vt 0.363343 0.745326
vt 0.363908 0.740015
vt 0.363864 0.733508
vt 0.376866 0.732401
vt 0.752803 0.951395
vt 0.739585 0.946744
vt 0.740514 0.940660
vt 0.755542 0.945097
vt 0.717407 0.943690
vt 0.718134 0.937684
vt 0.719917 0.930927
vt 0.705339 0.938816
vt 0.722400 0.923258
vt 0.724782 0.914703
vt 0.740574 0.916508
vt 0.713425 0.904651
vt 0.726471 0.907591
vt 0.743513 0.910551
vt 0.715308 0.896035
vt 0.727876 0.899610
vt 0.742394 0.903372
vt 0.752866 0.903975
vt 0.728839 0.887747
vt 0.741139 0.892410
vt 0.752009 0.894816
vt 0.763712 0.894421
vt 0.763971 0.902717
vt 0.737838 0.873554
vt 0.748677 0.877824
vt 0.761755 0.877838
vt 0.775470 0.874490
vt 0.774681 0.893224
vt 0.747516 0.852646
vt 0.758942 0.852979
vt 0.772947 0.851558
vt 0.783752 0.853701
vt 0.785367 0.874320
vt 0.761021 0.826685
vt 0.774875 0.827379
vt 0.784854 0.828292
vt 0.796219 0.829969
vt 0.794635 0.856685
vt 0.776271 0.798816
vt 0.786792 0.795579
vt 0.803302 0.790400
vt 0.824118 0.785447
vt 0.815922 0.828636
vt 0.807092 0.758067
vt 0.827837 0.756716
vt 0.847520 0.754188
vt 0.845617 0.780713
vt 0.805795 0.740763
vt 0.828175 0.741575
vt 0.848125 0.742772
vt 0.869892 0.741855
vt 0.868857 0.752211
vt 0.825959 0.721724
vt 0.846891 0.722752
vt 0.869855 0.719809
vt 0.894730 0.741490
vt 0.843510 0.689633
vt 0.868772 0.690177
vt 0.840187 0.669631
vt 0.865804 0.671246
vt 0.841823 0.639816
vt 0.866090 0.641693
vt 0.847894 0.603982
vt 0.867664 0.604773
vt 0.893617 0.607146
vt 0.924272 0.610054
vt 0.871773 0.566088
vt 0.893292 0.570150
vt 0.920836 0.570973
vt 0.946205 0.568438
vt 0.951526 0.610292
vt 0.891459 0.532270
vt 0.912574 0.530869
vt 0.932639 0.525885
vt 0.948438 0.519421
vt 0.967859 0.562516
vt 0.893629 0.488776
vt 0.907183 0.482886
vt 0.921018 0.478751
vt 0.316914 0.594144
vt 0.305072 0.583630
vt 0.328226 0.536174
vt 0.344202 0.543246
vt 0.879739 0.452815
vt 0.893459 0.447579
vt 0.296666 0.636935
vt 0.284487 0.624077
vt 0.271381 0.610612
vt 0.291617 0.574073
vt 0.254100 0.634313
vt 0.240475 0.624494
vt 0.258070 0.599131
vt 0.242799 0.648931
vt 0.229347 0.639665
vt 0.219343 0.632563
vt 0.229220 0.616059
vt 0.232259 0.660178
vt 0.219742 0.652970
vt 0.210770 0.647040
vt 0.202288 0.641696
vt 0.209294 0.625964
vt 0.210435 0.664737
vt 0.202451 0.659274
vt 0.194893 0.654151
vt 0.186324 0.648176
vt 0.192424 0.635439
vt 0.195235 0.667040
vt 0.189191 0.662327
vt 0.181251 0.656202
vt 0.171596 0.648281
vt 0.175921 0.640514
vt 0.184754 0.667516
vt 0.177614 0.661364
vt 0.168311 0.652968
vt 0.157210 0.643749
vt 0.159748 0.638653
vt 0.174857 0.665783
vt 0.165643 0.657078
vt 0.155124 0.647854
vt 0.143351 0.640657
vt 0.144213 0.636316
vt 0.163385 0.661343
vt 0.153148 0.651934
vt 0.142164 0.646096
vt 0.130842 0.643437
vt 0.130268 0.638705
vt 0.150264 0.657303
vt 0.160450 0.666777
vt 0.156068 0.674298
vt 0.145687 0.664385
vt 0.149071 0.684222
vt 0.138767 0.672428
vt 0.141723 0.693951
vt 0.130338 0.680844
vt 0.122658 0.672327
vt 0.120124 0.692107
vt 0.111690 0.683993
vt 0.103473 0.675452
vt 0.115664 0.664172
vt 0.096260 0.667174
vt 0.110248 0.656709
vt 0.091413 0.660768
vt 0.106646 0.650899
vt 0.119638 0.645430
vt 0.104118 0.646186
vt 0.117961 0.640798
vt 0.101890 0.640161
vt 0.115390 0.635214
vt 0.129525 0.633512
vt 0.111879 0.627627
vt 0.128587 0.627350
vt 0.145210 0.630612
vt 0.127457 0.615326
vt 0.145780 0.622399
vt 0.162297 0.631360
vt 0.147044 0.603322
vt 0.164952 0.615710
vt 0.180336 0.626673
vt 0.166631 0.595602
vt 0.184416 0.608012
vt 0.198130 0.618461
vt 0.190272 0.588567
vt 0.205732 0.598833
vt 0.218039 0.607797
vt 0.219255 0.571883
vt 0.233356 0.581123
vt 0.245964 0.589955
vt 0.252582 0.550280
vt 0.265705 0.557756
vt 0.278122 0.565152
vt 0.285500 0.519624
vt 0.298806 0.524690
vt 0.312733 0.530099
vt 0.312337 0.483762
vt 0.327643 0.485046
vt 0.345254 0.487011
vt 0.336851 0.439202
vt 0.357383 0.440054
vt 0.385154 0.444396
vt 0.366806 0.492352
vt 0.366407 0.399976
vt 0.398383 0.402841
vt 0.978349 0.605384
vt 0.981895 0.642499
vt 0.376294 0.360955
vt 0.413557 0.367171
vt 0.345426 0.358031
vt 0.347717 0.320083
vt 0.388038 0.323598
vt 0.434797 0.332035
vt 0.341318 0.398677
vt 0.321124 0.399638
vt 0.318187 0.358712
vt 0.319798 0.440191
vt 0.304412 0.441296
vt 0.304025 0.402527
vt 0.298266 0.482331
vt 0.284085 0.480586
vt 0.289549 0.442052
vt 0.272280 0.514585
vt 0.257871 0.508545
vt 0.268851 0.478036
vt 0.238138 0.540952
vt 0.222630 0.529476
vt 0.242383 0.501243
vt 0.202297 0.561220
vt 0.181178 0.548144
vt 0.203667 0.514894
vt 0.169235 0.577792
vt 0.141591 0.568875
vt 0.144407 0.584291
vt 0.121813 0.580017
vt 0.117475 0.563493
vt 0.125599 0.594691
vt 0.106140 0.593365
vt 0.102243 0.577954
vt 0.109289 0.613410
vt 0.086639 0.577376
vt 0.080271 0.557674
vt 0.097200 0.561112
vt 0.076514 0.535930
vt 0.092415 0.533041
vt 0.072208 0.504178
vt 0.086653 0.500937
vt 0.070402 0.470645
vt 0.083071 0.469153
vt 0.097604 0.467136
vt 0.085585 0.439313
vt 0.097142 0.441199
vt 0.115570 0.461549
vt 0.138206 0.443821
vt 0.159363 0.425389
vt 0.178798 0.442896
vt 0.184886 0.414004
vt 0.203851 0.432600
vt 0.202447 0.468379
vt 0.224391 0.489769
vt 0.252436 0.474779
vt 0.273943 0.441993
vt 0.274219 0.409847
vt 0.288758 0.406429
vt 0.266720 0.371948
vt 0.281485 0.366902
vt 0.297356 0.362232
vt 0.265402 0.323118
vt 0.287106 0.320001
vt 0.313979 0.319315
vt 0.284404 0.281347
vt 0.317169 0.283193
vt 0.356313 0.287799
vt 0.327503 0.246779
vt 0.367706 0.257784
vt 0.410235 0.271536
vt 0.400268 0.294140
vt 0.456066 0.285095
vt 0.449360 0.300721
vt 0.958454 0.734630
vt 0.957283 0.748214
vt 0.922593 0.748890
vt 0.922006 0.738210
vt 0.894420 0.751133
vt 0.922692 0.775273
vt 0.892877 0.776830
vt 0.867499 0.778360
vt 0.889736 0.825415
vt 0.863755 0.827306
vt 0.840425 0.828077
vt 0.860880 0.873520
vt 0.837273 0.868957
vt 0.812923 0.862991
vt 0.836688 0.891913
vt 0.815648 0.884089
vt 0.797109 0.877120
vt 0.816536 0.895088
vt 0.799872 0.890572
vt 0.785750 0.890689
vt 0.800766 0.900743
vt 0.786566 0.900918
vt 0.775044 0.901424
vt 0.787311 0.909595
vt 0.801251 0.910346
vt 0.800814 0.920974
vt 0.787053 0.920905
vt 0.814564 0.925265
vt 0.815376 0.913663
vt 0.830236 0.921841
vt 0.815966 0.903740
vt 0.832092 0.910375
vt 0.847844 0.917653
vt 0.834622 0.901503
vt 0.851994 0.908633
vt 0.874138 0.915059
vt 0.867436 0.925386
vt 0.856605 0.897192
vt 0.881811 0.901126
vt 0.912660 0.901797
vt 0.905282 0.920474
vt 0.888103 0.872521
vt 0.918917 0.869218
vt 0.951359 0.867181
vt 0.947101 0.899621
vt 0.921335 0.822800
vt 0.955883 0.820812
vt 0.494187 0.204446
vt 0.450930 0.187295
vt 0.481263 0.140525
vt 0.524277 0.155346
vt 0.957695 0.775239
vt 0.469412 0.254911
vt 0.426020 0.237848
vt 0.382789 0.221830
vt 0.404684 0.171834
vt 0.355464 0.160360
vt 0.366442 0.119194
vt 0.426465 0.127772
vt 0.339787 0.210054
vt 0.297686 0.206400
vt 0.310286 0.156578
vt 0.287790 0.239762
vt 0.264512 0.158588
vt 0.270254 0.111814
vt 0.318945 0.114255
vt 0.271981 0.088369
vt 0.320892 0.092069
vt 0.375505 0.096724
vt 0.322190 0.075462
vt 0.379760 0.080674
vt 0.446031 0.084268
vt 0.440433 0.103180
vt 0.506256 0.088814
vt 0.498526 0.110420
vt 0.558783 0.097034
vt 0.545971 0.120839
vt 0.507399 0.072872
vt 0.566107 0.079331
vt 0.943912 0.921145
vt 0.940941 0.936424
vt 0.898233 0.933310
vt 0.939079 0.947823
vt 0.893691 0.942226
vt 0.936124 0.956522
vt 0.888850 0.949971
vt 0.932247 0.966308
vt 0.883395 0.958813
vt 0.930402 0.972362
vt 0.880887 0.965403
vt 0.850893 0.965258
vt 0.875027 0.976453
vt 0.849137 0.973032
vt 0.829376 0.973031
vt 0.830660 0.967982
vt 0.847504 0.981364
vt 0.828037 0.978624
vt 0.440059 0.750690
vt 0.449153 0.763285
vt 0.443287 0.765063
vt 0.436017 0.753485
vt 0.437524 0.766979
vt 0.431663 0.756492
vt 0.431734 0.768997
vt 0.426673 0.759515
vt 0.425051 0.770988
vt 0.420721 0.762058
vt 0.416263 0.772771
vt 0.412524 0.764268
vt 0.404378 0.773847
vt 0.401258 0.765274
vt 0.398307 0.757852
vt 0.386001 0.766380
vt 0.383936 0.760211
vt 0.382104 0.755219
vt 0.395731 0.751834
vt 0.363872 0.762226
vt 0.363246 0.756360
vt 0.363181 0.750798
vt 0.364613 0.768181
vt 0.345069 0.768737
vt 0.344281 0.774025
vt 0.329691 0.771794
vt 0.332336 0.766586
vt 0.366000 0.774482
vt 0.367464 0.784233
vt 0.343308 0.782644
vt 0.388205 0.774239
vt 0.391152 0.785662
vt 0.394498 0.802129
vt 0.368481 0.798418
vt 0.408382 0.786360
vt 0.412585 0.804580
vt 0.416284 0.829913
vt 0.395895 0.824011
vt 0.420800 0.785804
vt 0.426126 0.805902
vt 0.430462 0.834080
vt 0.427132 0.864290
vt 0.413483 0.858200
vt 0.436968 0.806997
vt 0.441794 0.837413
vt 0.437529 0.869218
vt 0.420306 0.903891
vt 0.411033 0.895772
vt 0.452457 0.840515
vt 0.447463 0.874621
vt 0.427634 0.910589
vt 0.398579 0.940911
vt 0.394291 0.931315
vt 0.455025 0.879623
vt 0.433582 0.917324
vt 0.401710 0.947766
vt 0.366468 0.963840
vt 0.365246 0.957078
vt 0.438333 0.922469
vt 0.404478 0.953943
vt 0.367935 0.970149
vt 0.328978 0.970390
vt 0.328844 0.964317
vt 0.406889 0.959556
vt 0.369463 0.975988
vt 0.329257 0.976396
vt 0.292631 0.963118
vt 0.293749 0.957291
vt 0.371195 0.982100
vt 0.329565 0.982469
vt 0.291769 0.968678
vt 0.259870 0.946825
vt 0.262614 0.941468
vt 0.329760 0.987749
vt 0.290795 0.974252
vt 0.257842 0.951787
vt 0.234214 0.920734
vt 0.237887 0.916083
vt 0.126149 0.023693
vt 0.171700 0.026251
vt 0.173029 0.032749
vt 0.128103 0.030309
vt 0.083917 0.029498
vt 0.082231 0.022633
vt 0.038029 0.024535
vt 0.035758 0.017001
vt 0.129648 0.036269
vt 0.085919 0.035355
vt 0.040401 0.032050
vt 0.508964 0.902091
vt 0.548773 0.905063
vt 0.551231 0.911098
vt 0.511537 0.908271
vt 0.087470 0.041009
vt 0.042030 0.038991
vt 0.507444 0.896214
vt 0.546937 0.899286
vt 0.579804 0.900660
vt 0.581964 0.905597
vt 0.506075 0.889868
vt 0.545172 0.892441
vt 0.577729 0.894354
vt 0.606441 0.893178
vt 0.609695 0.899113
vt 0.543332 0.884011
vt 0.575353 0.886057
vt 0.603200 0.885646
vt 0.624364 0.882169
vt 0.627774 0.888871
vt 0.570313 0.873113
vt 0.598532 0.873516
vt 0.620874 0.872374
vt 0.639974 0.870011
vt 0.641770 0.878885
vt 0.591867 0.853597
vt 0.617219 0.853145
vt 0.638526 0.852092
vt 0.659325 0.849773
vt 0.657642 0.868138
vt 0.613127 0.816343
vt 0.639420 0.817255
vt 0.662811 0.818129
vt 0.685469 0.819611
vt 0.681116 0.849008
vt 0.637420 0.777016
vt 0.660732 0.778108
vt 0.682524 0.781560
vt 0.701791 0.787649
vt 0.702432 0.821837
vt 0.657124 0.747335
vt 0.679855 0.750056
vt 0.656757 0.731199
vt 0.679121 0.731480
vt 0.656976 0.713786
vt 0.678676 0.711130
vt 0.703001 0.717313
vt 0.729056 0.718459
vt 0.678778 0.698202
vt 0.701775 0.698808
vt 0.680239 0.686207
vt 0.704905 0.678042
vt 0.683399 0.665311
vt 0.705542 0.655566
vt 0.717645 0.648894
vt 0.725357 0.645340
vt 0.700085 0.631345
vt 0.709680 0.626879
vt 0.715874 0.624398
vt 0.722504 0.622859
vt 0.699081 0.600148
vt 0.705898 0.597551
vt 0.712261 0.595197
vt 0.721751 0.591934
vt 0.731849 0.620883
vt 0.693860 0.563219
vt 0.702956 0.559784
vt 0.687856 0.522781
vt 0.685560 0.566186
vt 0.679199 0.526164
vt 0.673353 0.491355
vt 0.679518 0.488351
vt 0.662320 0.466142
vt 0.670169 0.462352
vt 0.678891 0.458773
vt 0.659759 0.443420
vt 0.669515 0.440170
vt 0.679263 0.436920
vt 0.689212 0.455442
vt 0.492136 0.236244
vt 0.512264 0.212224
vt 0.523094 0.222243
vt 0.507468 0.243659
vt 0.696709 0.449360
vt 0.539800 0.235296
vt 0.523844 0.253504
vt 0.705503 0.442547
vt 0.715170 0.454536
vt 0.728390 0.466004
vt 0.719484 0.432359
vt 0.726370 0.445543
vt 0.735905 0.456451
vt 0.745518 0.462735
vt 0.741112 0.472874
vt 0.502282 0.475154
vt 0.501285 0.489056
vt 0.481124 0.483259
vt 0.483544 0.471750
vt 0.485075 0.460332
vt 0.502703 0.463027
vt 0.488076 0.446735
vt 0.504879 0.449397
vt 0.461307 0.465468
vt 0.465511 0.455497
vt 0.470565 0.442777
vt 0.476530 0.427704
vt 0.492961 0.431181
vt 0.458042 0.437763
vt 0.464613 0.423683
vt 0.483326 0.410367
vt 0.450067 0.434010
vt 0.457219 0.420619
vt 0.444526 0.431685
vt 0.451877 0.418136
vt 0.440091 0.429954
vt 0.447579 0.416001
vt 0.455169 0.400638
vt 0.462937 0.385643
vt 0.443554 0.414006
vt 0.451100 0.398386
vt 0.459279 0.383210
vt 0.447171 0.396415
vt 0.455460 0.380821
vt 0.443174 0.394488
vt 0.451402 0.378542
vt 0.463042 0.363532
vt 0.447153 0.376389
vt 0.458706 0.360752
vt 0.474745 0.346115
vt 0.479362 0.349981
vt 0.821839 0.410912
vt 0.795700 0.414301
vt 0.793715 0.408125
vt 0.818528 0.403732
vt 0.791416 0.401859
vt 0.814352 0.396390
vt 0.838932 0.389261
vt 0.808562 0.388397
vt 0.829026 0.379429
vt 0.858669 0.360895
vt 0.868974 0.375541
vt 0.889613 0.328946
vt 0.905941 0.346725
vt 0.952398 0.342394
vt 0.969059 0.329068
vt 0.977701 0.370385
vt 0.258309 0.704522
vt 0.252955 0.676058
vt 0.251011 0.733176
vt 0.237170 0.734636
vt 0.239796 0.711676
vt 0.233125 0.686430
vt 0.220682 0.672504
vt 0.221937 0.717751
vt 0.216507 0.695886
vt 0.208549 0.681514
vt 0.201506 0.672880
vt 0.205210 0.699768
vt 0.199756 0.685860
vt 0.194518 0.677085
vt 0.189695 0.671842
vt 0.181692 0.671517
vt 0.179051 0.676584
vt 0.172513 0.670787
vt 0.177310 0.683636
vt 0.170073 0.677313
vt 0.175217 0.694995
vt 0.166607 0.686761
vt 0.172249 0.708190
vt 0.161856 0.699023
vt 0.167061 0.720552
vt 0.155687 0.710574
vt 0.160336 0.730968
vt 0.148347 0.719578
vt 0.133440 0.704807
vt 0.141436 0.728082
vt 0.126754 0.714831
vt 0.112583 0.703892
vt 0.107156 0.716801
vt 0.097360 0.710445
vt 0.103226 0.697036
vt 0.088334 0.703949
vt 0.093831 0.689581
vt 0.078495 0.697917
vt 0.084243 0.681470
vt 0.070775 0.693503
vt 0.077850 0.676838
vt 0.064893 0.691064
vt 0.073219 0.672425
vt 0.087807 0.656082
vt 0.069318 0.669187
vt 0.084525 0.651555
vt 0.064436 0.665042
vt 0.058879 0.689078
vt 0.052714 0.686786
vt 0.045390 0.683202
vt 0.058687 0.657686
vt 0.038924 0.680038
vt 0.050642 0.654306
vt 0.028575 0.679656
vt 0.039117 0.650682
vt 0.047150 0.628966
vt 0.051155 0.602175
vt 0.602306 0.021003
vt 0.641180 0.011169
vt 0.649926 0.034955
vt 0.607698 0.047949
vt 0.033335 0.622087
vt 0.037116 0.601393
vt 0.023361 0.599375
vt 0.027387 0.583571
vt 0.038467 0.581243
vt 0.050531 0.579578
vt 0.018677 0.615042
vt 0.036613 0.563484
vt 0.047532 0.561771
vt 0.058553 0.560408
vt 0.062990 0.578447
vt 0.069058 0.558574
vt 0.075257 0.577811
vt 0.053042 0.538999
vt 0.064060 0.537858
vt 0.048680 0.509615
vt 0.059739 0.506961
vt 0.046804 0.473035
vt 0.058418 0.471839
vt 0.051856 0.434661
vt 0.063123 0.436164
vt 0.074203 0.437589
vt 0.075296 0.399473
vt 0.084452 0.403854
vt 0.094585 0.407927
vt 0.105943 0.370153
vt 0.114094 0.377021
vt 0.122597 0.384586
vt 0.104255 0.413277
vt 0.141263 0.351736
vt 0.147133 0.361719
vt 0.153338 0.371192
vt 0.179572 0.349434
vt 0.181403 0.362241
vt 0.161907 0.386066
vt 0.172220 0.399954
vt 0.214712 0.362054
vt 0.211233 0.369696
vt 0.243213 0.383145
vt 0.251834 0.375967
vt 0.135534 0.341263
vt 0.096994 0.363222
vt 0.086721 0.356850
vt 0.065164 0.395591
vt 0.053570 0.391874
vt 0.075375 0.349203
vt 0.040229 0.432545
vt 0.027660 0.430791
vt 0.041181 0.387214
vt 0.034695 0.474510
vt 0.022794 0.476479
vt 0.010256 0.478570
vt 0.013812 0.429568
vt 0.037104 0.512668
vt 0.025992 0.515495
vt 0.014976 0.519021
vt 0.561128 0.446903
vt 0.574058 0.449602
vt 0.553663 0.493285
vt 0.540984 0.488834
vt 0.031842 0.542901
vt 0.021579 0.546509
vt 0.573807 0.411913
vt 0.588372 0.414825
vt 0.603266 0.417489
vt 0.587472 0.451750
vt 0.583428 0.382014
vt 0.601567 0.384521
vt 0.620438 0.391304
vt 0.638491 0.405494
vt 0.620774 0.422561
vt 0.615430 0.359635
vt 0.635498 0.377317
vt 0.649481 0.401439
vt 0.659932 0.421808
vt 0.649199 0.424522
vt 0.646378 0.371513
vt 0.660267 0.399009
vt 0.669968 0.419947
vt 0.526913 0.191980
vt 0.541421 0.169614
vt 0.551422 0.181410
vt 0.536817 0.203025
vt 0.650307 0.448036
vt 0.635799 0.432766
vt 0.633748 0.463002
vt 0.617179 0.458451
vt 0.601817 0.455247
vt 0.596295 0.501596
vt 0.579486 0.499064
vt 0.566172 0.496639
vt 0.562093 0.548087
vt 0.543879 0.543881
vt 0.528417 0.538597
vt 0.528614 0.589717
vt 0.508088 0.584038
vt 0.491583 0.576779
vt 0.514963 0.533014
vt 0.496976 0.629348
vt 0.474847 0.625051
vt 0.027631 0.382127
vt 0.046490 0.334069
vt 0.062888 0.342139
vt 0.065856 0.289643
vt 0.087309 0.297240
vt 0.073960 0.249351
vt 0.101525 0.256861
vt 0.073248 0.211504
vt 0.102334 0.215999
vt 0.136704 0.221005
vt 0.100916 0.176745
vt 0.136613 0.181235
vt 0.174063 0.189567
vt 0.172103 0.229625
vt 0.136789 0.133532
vt 0.176294 0.141281
vt 0.218235 0.152461
vt 0.179424 0.100460
vt 0.222312 0.106119
vt 0.177855 0.078179
vt 0.223584 0.083155
vt 0.176688 0.062992
vt 0.223379 0.066369
vt 0.273164 0.070615
vt 0.223075 0.055021
vt 0.272797 0.058436
vt 0.322974 0.064099
vt 0.271914 0.050142
vt 0.323561 0.055228
vt 0.385419 0.060203
vt 0.383017 0.069389
vt 0.450571 0.060588
vt 0.448114 0.071203
vt 0.508086 0.061160
vt 0.453333 0.051319
vt 0.509906 0.051948
vt 0.572057 0.055088
vt 0.569272 0.065733
vt 0.455922 0.043124
vt 0.512120 0.043125
vt 0.573880 0.042660
vt 0.458278 0.034965
vt 0.514325 0.034594
vt 0.574894 0.035258
vt 0.461121 0.025871
vt 0.517605 0.025668
vt 0.576762 0.020993
vt 0.521537 0.015367
vt 0.580672 0.010605
vt 0.923731 0.982506
vt 0.916843 0.988956
vt 0.871442 0.981690
vt 0.457306 0.780340
vt 0.470293 0.813472
vt 0.462980 0.811219
vt 0.450897 0.781368
vt 0.455073 0.809228
vt 0.444261 0.782231
vt 0.446500 0.807949
vt 0.437409 0.783388
vt 0.430123 0.784634
vt 0.460873 0.844320
vt 0.468082 0.848596
vt 0.460664 0.883599
vt 0.474571 0.851978
vt 0.466021 0.888027
vt 0.442083 0.927452
vt 0.397441 0.019667
vt 0.463517 0.017163
vt 0.394409 0.027970
vt 0.445757 0.932436
vt 0.409662 0.965373
vt 0.449334 0.937087
vt 0.412502 0.970842
vt 0.372536 0.987010
vt 0.272342 0.029018
vt 0.326280 0.032764
vt 0.325108 0.040182
vt 0.272302 0.036973
vt 0.221108 0.034908
vt 0.220324 0.027710
vt 0.271942 0.043000
vt 0.221832 0.041099
vt 0.174231 0.039074
vt 0.222398 0.047179
vt 0.175125 0.045388
vt 0.130851 0.042230
vt 0.176001 0.052966
vt 0.131666 0.049045
vt 0.088673 0.047568
vt 0.043329 0.046493
vt 0.132644 0.059233
vt 0.089598 0.057074
vt 0.044794 0.056154
vt 0.504757 0.881630
vt 0.091400 0.071919
vt 0.046991 0.070508
vt 0.503000 0.869302
vt 0.540020 0.871841
vt 0.498295 0.850605
vt 0.533127 0.853020
vt 0.563419 0.853816
vt 0.521504 0.817956
vt 0.551934 0.818307
vt 0.583873 0.817169
vt 0.542454 0.776910
vt 0.577714 0.776212
vt 0.608155 0.776169
vt 0.635647 0.747822
vt 0.536833 0.740161
vt 0.512650 0.777119
vt 0.507765 0.742570
vt 0.503043 0.708493
vt 0.533663 0.707468
vt 0.497299 0.670981
vt 0.529352 0.668889
vt 0.562744 0.665941
vt 0.592842 0.663786
vt 0.524402 0.632393
vt 0.558875 0.631403
vt 0.590153 0.626121
vt 0.621078 0.622146
vt 0.628605 0.659079
vt 0.554325 0.592560
vt 0.584904 0.590767
vt 0.614279 0.584475
vt 0.639382 0.576759
vt 0.650849 0.613851
vt 0.584803 0.549515
vt 0.607776 0.547185
vt 0.613375 0.502710
vt 0.672375 0.607230
vt 0.680585 0.638915
vt 0.657720 0.648432
vt 0.659236 0.570302
vt 0.674607 0.566668
vt 0.689151 0.603073
vt 0.660295 0.673885
vt 0.630377 0.683947
vt 0.658044 0.688192
vt 0.629560 0.701090
vt 0.657698 0.699122
vt 0.479417 0.709667
vt 0.471516 0.671721
vt 0.488491 0.743550
vt 0.491380 0.776496
vt 0.492109 0.816073
vt 0.072308 0.174774
vt 0.066449 0.130080
vt 0.099719 0.130013
vt 0.054257 0.091658
vt 0.094213 0.092410
vt 0.135213 0.095263
vt 0.133044 0.074427
vt 0.324157 0.047378
vt 0.389785 0.043897
vt 0.387488 0.051675
vt 0.391747 0.035926
vt 0.626791 0.340835
vt 0.594058 0.353424
vt 0.605889 0.323872
vt 0.026318 0.566363
vt 0.042368 0.540471
vt 0.662324 0.058443
vt 0.700332 0.031398
vt 0.708016 0.049324
vt 0.673396 0.080825
vt 0.691046 0.100380
vt 0.709787 0.118880
vt 0.667033 0.151502
vt 0.692489 0.163080
vt 0.719186 0.175409
vt 0.682788 0.222166
vt 0.706725 0.234051
vt 0.682135 0.268592
vt 0.658670 0.261186
vt 0.740660 0.188417
vt 0.760573 0.201799
vt 0.727136 0.248499
vt 0.786644 0.173079
vt 0.806764 0.191127
vt 0.780179 0.219330
vt 0.807984 0.157508
vt 0.824458 0.171275
vt 0.841323 0.186602
vt 0.821649 0.211204
vt 0.853469 0.171063
vt 0.861973 0.201818
vt 0.860011 0.158561
vt 0.837982 0.130009
vt 0.864708 0.146307
vt 0.840866 0.113509
vt 0.870045 0.133259
vt 0.895471 0.149181
vt 0.922110 0.173560
vt 0.876416 0.118335
vt 0.901557 0.137806
vt 0.928717 0.167926
vt 0.924067 0.203070
vt 0.910811 0.126317
vt 0.937092 0.160753
vt 0.922006 0.112997
vt 0.948538 0.150340
vt 0.145803 0.805574
vt 0.112560 0.804379
vt 0.112235 0.791091
vt 0.140256 0.793126
vt 0.170786 0.787574
vt 0.181519 0.796402
vt 0.200154 0.774501
vt 0.214007 0.783998
vt 0.136519 0.781346
vt 0.161436 0.777543
vt 0.185286 0.767258
vt 0.200211 0.751540
vt 0.216486 0.756498
vt 0.154443 0.768581
vt 0.174107 0.759712
vt 0.186855 0.746470
vt 0.193198 0.733391
vt 0.205320 0.736054
vt 0.165616 0.753592
vt 0.176855 0.742027
vt 0.184205 0.729579
vt 0.188651 0.714358
vt 0.196853 0.716166
vt 0.169250 0.737523
vt 0.176208 0.725452
vt 0.180876 0.712175
vt 0.182714 0.698161
vt 0.189308 0.699472
vt 0.196584 0.700562
vt 0.207717 0.717390
vt 0.221898 0.737508
vt 0.230218 0.761187
vt 0.159441 0.747177
vt 0.152582 0.739186
vt 0.146719 0.753332
vt 0.150210 0.760899
vt 0.132515 0.762614
vt 0.131258 0.755169
vt 0.114759 0.759670
vt 0.115238 0.751842
vt 0.097939 0.754160
vt 0.099462 0.746618
vt 0.100908 0.739038
vt 0.086611 0.740158
vt 0.089671 0.732190
vt 0.092881 0.723026
vt 0.103377 0.729816
vt 0.080629 0.725173
vt 0.083999 0.716442
vt 0.077091 0.732326
vt 0.083630 0.746871
vt 0.073116 0.738332
vt 0.064786 0.728173
vt 0.068345 0.744141
vt 0.059201 0.732675
vt 0.053103 0.720674
vt 0.058999 0.717932
vt 0.050686 0.706593
vt 0.057070 0.706389
vt 0.045303 0.723856
vt 0.042883 0.706977
vt 0.035898 0.727342
vt 0.033729 0.708125
vt 0.025877 0.731531
vt 0.023576 0.710111
vt 0.741545 0.018181
vt 0.773932 0.026945
vt 0.772729 0.043450
vt 0.743496 0.035439
vt 0.692837 0.011711
vt 0.772015 0.059695
vt 0.747227 0.051732
vt 0.793950 0.069505
vt 0.796316 0.052342
vt 0.823533 0.062946
vt 0.818472 0.079993
vt 0.800513 0.035829
vt 0.830541 0.046036
vt 0.863019 0.063336
vt 0.854004 0.080105
vt 0.044260 0.766385
vt 0.032520 0.748616
vt 0.042515 0.743326
vt 0.053585 0.758191
vt 0.069704 0.772089
vt 0.062819 0.783509
vt 0.089350 0.783023
vt 0.086184 0.796325
vt 0.061916 0.750626
vt 0.075593 0.762197
vt 0.092706 0.771470
vt 0.112568 0.778844
vt 0.080105 0.754103
vt 0.095793 0.762021
vt 0.113452 0.768130
vt 0.133907 0.771421
vt 0.051747 0.738021
vt 0.893878 0.085596
vt 0.884520 0.102264
vt 0.846304 0.096059
vt 0.815101 0.100609
vt 0.915052 0.236625
vt 0.902068 0.229169
vt 0.896369 0.268280
vt 0.882141 0.254625
vt 0.862259 0.237876
vt 0.883413 0.218276
vt 0.836099 0.222154
vt 0.797336 0.238087
vt 0.763594 0.269123
vt 0.745326 0.257221
vt 0.732587 0.298669
vt 0.715185 0.288133
vt 0.700631 0.277001
vt 0.698048 0.310095
vt 0.683240 0.304086
vt 0.668166 0.299190
vt 0.678099 0.327118
vt 0.666033 0.325876
vt 0.655413 0.326320
vt 0.651823 0.296177
vt 0.644719 0.328256
vt 0.635309 0.296011
vt 0.663375 0.351098
vt 0.656293 0.353788
vt 0.436540 0.491309
vt 0.427375 0.474188
vt 0.431862 0.472263
vt 0.442232 0.488158
vt 0.435811 0.469956
vt 0.447099 0.484740
vt 0.439092 0.467362
vt 0.451296 0.481247
vt 0.469882 0.497852
vt 0.475970 0.492328
vt 0.497845 0.502383
vt 0.492220 0.513097
vt 0.455040 0.477172
vt 0.458365 0.472067
vt 0.441761 0.464251
vt 0.433035 0.453933
vt 0.436433 0.452239
vt 0.432335 0.441831
vt 0.435792 0.441918
vt 0.436036 0.428537
vt 0.428751 0.441969
vt 0.432458 0.427529
vt 0.439667 0.412281
vt 0.428820 0.426631
vt 0.435487 0.410569
vt 0.425108 0.425678
vt 0.431547 0.408983
vt 0.439145 0.392732
vt 0.749566 0.412096
vt 0.726864 0.407785
vt 0.728072 0.402647
vt 0.750016 0.406448
vt 0.771446 0.409010
vt 0.771975 0.415044
vt 0.750447 0.400962
vt 0.770603 0.402604
vt 0.750917 0.395143
vt 0.769699 0.396271
vt 0.788357 0.395047
vt 0.768224 0.389196
vt 0.783910 0.386596
vt 0.799438 0.378857
vt 0.778164 0.376979
vt 0.789782 0.368160
vt 0.804282 0.353248
vt 0.816763 0.366874
vt 0.835781 0.327934
vt 0.848612 0.343244
vt 0.868565 0.294608
vt 0.879213 0.308596
vt 0.775415 0.352107
vt 0.766570 0.362670
vt 0.746915 0.350059
vt 0.756353 0.337806
vt 0.726594 0.341100
vt 0.736304 0.327098
vt 0.705775 0.333588
vt 0.714861 0.317284
vt 0.691229 0.329829
vt 0.702692 0.349180
vt 0.689853 0.347617
vt 0.679805 0.347853
vt 0.685246 0.363919
vt 0.679084 0.367154
vt 0.670987 0.349050
vt 0.673549 0.370381
vt 0.690736 0.381212
vt 0.687374 0.385938
vt 0.684093 0.390321
vt 0.668775 0.374073
vt 0.422339 0.457982
vt 0.421298 0.441959
vt 0.425085 0.442077
vt 0.426216 0.456942
vt 0.429946 0.455670
vt 0.706223 0.396250
vt 0.704159 0.401172
vt 0.708258 0.391164
vt 0.729244 0.397200
vt 0.710294 0.385954
vt 0.730416 0.391748
vt 0.731651 0.385926
vt 0.751397 0.388969
vt 0.694581 0.376156
vt 0.720458 0.354330
vt 0.565156 0.260468
vt 0.546514 0.271101
vt 0.985914 0.319269
vt 0.488643 0.393985
vt 0.505370 0.398807
vt 0.499205 0.414443
vt 0.520845 0.404336
vt 0.514165 0.418151
vt 0.508612 0.433851
vt 0.771548 0.469060
vt 0.786272 0.469678
vt 0.788458 0.480511
vt 0.772431 0.479849
vt 0.755878 0.477362
vt 0.757366 0.466820
vt 0.773822 0.492827
vt 0.754496 0.490391
vt 0.775692 0.512915
vt 0.753448 0.512067
vt 0.778428 0.538949
vt 0.754560 0.541526
vt 0.780025 0.577268
vt 0.756364 0.580129
vt 0.736539 0.585614
vt 0.756618 0.618484
vt 0.743247 0.620474
vt 0.755611 0.640196
vt 0.766948 0.639008
vt 0.761778 0.657730
vt 0.773130 0.617103
vt 0.785530 0.612979
vt 0.776991 0.637217
vt 0.798805 0.573919
vt 0.813971 0.569528
vt 0.798491 0.609489
vt 0.799722 0.534527
vt 0.817573 0.529998
vt 0.834214 0.526845
vt 0.830411 0.565915
vt 0.796123 0.511873
vt 0.812307 0.508067
vt 0.827385 0.502366
vt 0.841709 0.497484
vt 0.852395 0.527266
vt 0.806527 0.491467
vt 0.820736 0.489160
vt 0.833985 0.484744
vt 0.845338 0.479713
vt 0.855751 0.495214
vt 0.815512 0.479054
vt 0.828290 0.477056
vt 0.838357 0.471600
vt 0.847126 0.464899
vt 0.853292 0.471932
vt 0.820701 0.465862
vt 0.831384 0.463405
vt 0.839603 0.458601
vt 0.845274 0.452086
vt 0.853869 0.458115
vt 0.552257 0.367572
vt 0.545538 0.376324
vt 0.556747 0.358650
vt 0.859771 0.450042
vt 0.869290 0.459188
vt 0.861138 0.465605
vt 0.850471 0.444366
vt 0.855196 0.435133
vt 0.868496 0.442533
vt 0.561355 0.349149
vt 0.565861 0.338478
vt 0.878817 0.432749
vt 0.870281 0.422961
vt 0.932104 0.443614
vt 0.878614 0.490945
vt 0.866637 0.493114
vt 0.877248 0.529900
vt 0.865057 0.528285
vt 0.857685 0.563180
vt 0.845855 0.563304
vt 0.830655 0.603356
vt 0.812562 0.606213
vt 0.817302 0.638027
vt 0.797381 0.636528
vt 0.786311 0.636096
vt 0.791983 0.660303
vt 0.780244 0.659687
vt 0.771317 0.658411
vt 0.814481 0.665124
vt 0.820537 0.690093
vt 0.536505 0.385062
vt 0.810285 0.467321
vt 0.527811 0.393617
vt 0.510959 0.386578
vt 0.490760 0.380274
vt 0.802520 0.479750
vt 0.799480 0.468663
vt 0.791494 0.493035
vt 0.712699 0.821435
vt 0.709366 0.845530
vt 0.700057 0.846135
vt 0.713184 0.793106
vt 0.720147 0.796437
vt 0.720280 0.822850
vt 0.728559 0.824005
vt 0.724346 0.846889
vt 0.716677 0.846043
vt 0.727229 0.798892
vt 0.736162 0.801955
vt 0.736738 0.825483
vt 0.728792 0.771803
vt 0.736377 0.774903
vt 0.743986 0.826989
vt 0.739483 0.850498
vt 0.732075 0.848251
vt 0.729613 0.869630
vt 0.720797 0.867100
vt 0.717074 0.884221
vt 0.708846 0.882637
vt 0.713369 0.866030
vt 0.699019 0.882156
vt 0.704015 0.866096
vt 0.688357 0.880722
vt 0.692087 0.867504
vt 0.674344 0.879154
vt 0.675368 0.867164
vt 0.657976 0.877295
vt 0.674162 0.888887
vt 0.658821 0.887206
vt 0.643608 0.886738
vt 0.659454 0.898683
vt 0.645806 0.897700
vt 0.631085 0.896556
vt 0.673629 0.898655
vt 0.686066 0.899804
vt 0.687368 0.891018
vt 0.697560 0.893054
vt 0.696032 0.901848
vt 0.704100 0.903517
vt 0.706305 0.893971
vt 0.751920 0.827658
vt 0.584117 0.911210
vt 0.587713 0.916542
vt 0.553995 0.916154
vt 0.591008 0.923673
vt 0.556035 0.922341
vt 0.517922 0.920145
vt 0.514519 0.914248
vt 0.227018 0.876269
vt 0.226349 0.835674
vt 0.233450 0.832757
vt 0.232706 0.872237
vt 0.242063 0.911622
vt 0.221068 0.880425
vt 0.237946 0.868759
vt 0.246330 0.907008
vt 0.265630 0.935959
vt 0.251599 0.901778
vt 0.269381 0.930347
vt 0.295196 0.951736
vt 0.273123 0.923905
vt 0.297189 0.944777
vt 0.328722 0.957777
vt 0.299617 0.936024
vt 0.328224 0.949319
vt 0.363945 0.947671
vt 0.329542 0.936588
vt 0.361401 0.935477
vt 0.388483 0.920367
vt 0.400477 0.886724
vt 0.381700 0.874283
vt 0.392291 0.850255
vt 0.355134 0.862778
vt 0.363522 0.841146
vt 0.367749 0.816956
vt 0.334645 0.834351
vt 0.339048 0.811989
vt 0.341753 0.795060
vt 0.317293 0.807750
vt 0.322178 0.791573
vt 0.326188 0.780034
vt 0.307702 0.787810
vt 0.313508 0.776678
vt 0.318781 0.768623
vt 0.323059 0.762978
vt 0.303176 0.772548
vt 0.309393 0.764968
vt 0.295211 0.768404
vt 0.302085 0.760436
vt 0.289112 0.764987
vt 0.297554 0.756224
vt 0.283892 0.762063
vt 0.294058 0.752470
vt 0.303194 0.746977
vt 0.312338 0.745014
vt 0.291134 0.748744
vt 0.302024 0.743418
vt 0.312724 0.741465
vt 0.300876 0.739971
vt 0.313211 0.737673
vt 0.326910 0.738951
vt 0.313658 0.734187
vt 0.328411 0.734457
vt 0.341831 0.735395
vt 0.341356 0.740696
vt 0.704262 0.943849
vt 0.689939 0.943588
vt 0.690883 0.939809
vt 0.676315 0.942054
vt 0.676860 0.938728
vt 0.677693 0.934871
vt 0.661518 0.934910
vt 0.662087 0.929657
vt 0.661521 0.939251
vt 0.641835 0.932780
vt 0.267074 0.754280
vt 0.285459 0.742661
vt 0.288197 0.745578
vt 0.273059 0.757267
vt 0.259194 0.773637
vt 0.252369 0.772405
vt 0.620673 0.926383
vt 0.244318 0.799079
vt 0.236884 0.799953
vt 0.266024 0.775138
vt 0.252509 0.798173
vt 0.240929 0.829758
vt 0.260804 0.797492
vt 0.248820 0.827816
vt 0.244945 0.865233
vt 0.257215 0.827091
vt 0.252800 0.861737
vt 0.257926 0.896508
vt 0.262129 0.858835
vt 0.266467 0.891031
vt 0.279369 0.916256
vt 0.276517 0.885340
vt 0.287452 0.908021
vt 0.304728 0.925330
vt 0.273660 0.856676
vt 0.286395 0.855195
vt 0.292215 0.827762
vt 0.310943 0.830339
vt 0.306872 0.854788
vt 0.278644 0.826638
vt 0.288171 0.799867
vt 0.300835 0.803494
vt 0.267000 0.826497
vt 0.278018 0.797735
vt 0.287444 0.780404
vt 0.296291 0.783899
vt 0.269204 0.796931
vt 0.280309 0.777975
vt 0.273076 0.776579
vt 0.278409 0.759702
vt 0.330124 0.857169
vt 0.299839 0.736667
s 1
usemtl mt_statuette_old_man.001
f 1/1/1 55/2/2 56/3/3 57/4/4
f 1/5/1 58/6/5 59/7/6 60/8/7
f 1/1/1 60/9/7 61/10/8 55/2/2
f 2/11/9 62/12/10 63/13/11 64/14/12
f 2/11/9 64/14/12 65/15/13 66/16/14
f 2/11/9 66/16/14 67/17/15 3/18/16
f 3/18/16 67/17/15 68/19/17 69/20/18
f 3/18/16 69/20/18 70/21/19 2/11/9
f 4/22/20 71/23/20 72/24/20 73/25/20
f 4/22/20 73/25/20 74/26/20 75/27/20
f 4/22/20 75/27/20 76/28/20 71/23/20
f 5/29/21 77/30/22 78/31/23 79/32/24
f 5/29/21 80/33/25 81/34/26 77/30/22
f 5/29/21 82/35/27 83/36/28 80/33/25
f 5/29/21 84/37/29 85/38/30 82/35/27
f 6/39/31 86/40/32 87/41/33 88/42/34
f 90/43/35 91/44/36 86/40/32 6/39/31
f 6/39/31 88/42/34 89/45/37 90/43/35
f 92/46/38 84/37/29 5/29/21 79/32/24
f 8/47/39 94/48/40 95/49/41 96/50/42
f 8/47/39 12/51/43 97/52/44 94/48/40
f 8/47/39 96/50/42 98/53/45 12/51/43
f 9/54/46 99/55/47 100/56/48 101/57/49
f 9/54/46 102/58/50 103/59/51 104/60/52
f 9/54/46 101/57/49 105/61/53 102/58/50
f 10/62/54 106/63/55 107/64/56 108/65/57
f 10/62/54 109/66/58 110/67/59 111/68/60
f 10/62/54 112/69/61 113/70/62 109/66/58
f 10/62/54 111/68/60 114/71/63 106/63/55
f 10/62/54 108/65/57 115/72/64 112/69/61
f 11/73/65 116/74/66 102/58/50 105/61/53
f 11/73/65 105/61/53 117/75/67 118/76/68
f 12/51/43 98/53/45 119/77/69 120/78/70
f 12/51/43 121/79/71 122/80/72 97/52/44
f 12/51/43 120/78/70 123/81/73 121/79/71
f 13/82/74 124/83/75 125/84/76 126/85/77
f 13/82/74 127/86/78 128/87/79 129/88/80
f 13/82/74 129/88/80 130/89/81 124/83/75
f 14/90/82 131/91/83 132/92/84 133/93/85
f 14/90/82 134/94/86 135/95/87 131/91/83
f 14/90/82 133/93/85 136/96/88 137/97/89
f 14/90/82 138/98/90 139/99/91 134/94/86
f 140/100/92 139/99/91 141/101/93 142/102/94
f 143/103/95 144/104/96 145/105/97 146/106/98
f 15/107/99 147/108/100 148/109/101 149/110/102
f 15/107/99 150/111/103 151/112/104 147/108/100
f 15/107/99 149/110/102 152/113/105 150/111/103
f 16/114/106 153/115/107 154/116/108 155/117/109
f 16/114/106 156/118/110 157/119/111 153/115/107
f 16/114/106 155/117/109 158/120/112 156/118/110
f 17/121/113 159/122/114 57/4/4 160/123/115
f 162/124/116 163/125/117 159/126/114 17/127/113
f 17/127/113 160/128/115 161/129/118 162/124/116
f 18/130/119 164/131/120 165/132/121 166/133/122
f 18/130/119 166/133/122 167/134/123 168/135/124
f 18/130/119 168/135/124 169/136/125 164/131/120
f 19/137/126 170/138/127 171/139/128 172/140/129
f 19/137/126 173/141/130 174/142/131 175/143/132
f 19/137/126 172/140/129 176/144/133 173/141/130
f 20/145/134 177/146/135 178/147/136 179/148/137
f 20/145/134 180/149/138 181/150/139 177/146/135
f 20/145/134 179/148/137 182/151/140 180/149/138
f 183/152/141 184/153/142 185/154/143 182/151/140
f 21/155/144 186/156/145 185/154/143 187/157/146
f 21/155/144 187/157/146 188/158/147 189/159/148
f 21/155/144 190/160/149 191/161/150 186/156/145
f 190/160/149 21/155/144 192/162/151 193/163/152
f 13/82/74 126/85/77 194/164/153 127/86/78
f 22/165/154 195/166/155 196/167/156 197/168/157
f 22/165/154 198/169/158 199/170/159 195/166/155
f 22/165/154 197/168/157 200/171/160 198/169/158
f 23/172/161 28/173/162 201/174/163 202/175/164
f 23/172/161 203/176/165 204/177/166 205/178/167
f 23/172/161 202/175/164 206/179/168 203/176/165
f 24/180/169 207/181/170 208/182/171 209/183/172
f 24/180/169 210/184/173 211/185/174 212/186/175
f 24/180/169 209/183/172 213/187/176 210/184/173
f 25/188/177 214/189/178 215/190/179 216/191/180
f 25/188/177 217/192/181 218/193/182 219/194/183
f 25/188/177 216/191/180 220/195/184 217/192/181
f 26/196/185 221/197/186 27/198/20 222/199/20
f 26/196/185 223/200/187 224/201/188 225/202/189
f 26/196/185 222/199/20 226/203/20 223/200/187
f 27/198/20 221/197/186 227/204/20 228/205/20
f 27/198/20 228/205/20 229/206/20 222/199/20
f 28/173/162 23/172/161 230/207/190 231/208/191
f 28/173/162 231/208/191 232/209/192 201/174/163
f 29/210/193 233/211/194 234/212/195 235/213/196
f 29/210/193 235/213/196 236/214/197 237/215/198
f 29/210/193 237/215/198 238/216/199 233/211/194
f 30/217/200 239/218/201 240/219/202 241/220/203
f 30/217/200 241/220/203 242/221/204 243/222/205
f 30/217/200 243/222/205 244/223/206 239/218/201
f 31/224/207 245/225/208 246/226/209 247/227/210
f 249/228/211 250/229/212 245/225/208 31/224/207
f 31/224/207 247/227/210 248/230/213 249/228/211
f 251/231/214 252/232/215 253/233/216 254/234/217
f 255/235/218 250/229/212 249/228/211 256/236/219
f 32/237/220 257/238/221 253/233/216 258/239/222
f 259/240/223 260/241/224 257/238/221 32/237/220
f 32/237/220 258/239/222 256/236/219 259/240/223
f 33/242/225 261/243/226 262/244/227 263/245/228
f 33/246/225 264/247/229 215/190/179 265/248/230
f 33/246/225 265/248/230 266/249/231 261/250/226
f 33/242/225 263/245/228 267/251/232 268/252/233
f 33/246/225 268/253/233 269/254/234 264/247/229
f 34/255/20 270/256/20 271/257/20 272/258/20
f 34/255/20 272/258/20 273/259/20 274/260/20
f 34/255/20 274/260/20 226/203/20 270/256/20
f 36/261/235 275/262/236 276/263/237 248/230/213
f 35/264/238 36/261/235 248/230/213 277/265/239
f 36/261/235 278/266/240 279/267/241 275/262/236
f 37/268/242 277/265/239 280/269/243 281/270/244
f 37/268/242 282/271/245 283/272/246 284/273/247
f 37/268/242 281/270/244 285/274/248 282/271/245
f 38/275/249 286/276/250 287/277/251 288/278/252
f 38/275/249 289/279/253 290/280/254 286/276/250
f 38/275/249 288/278/252 291/281/255 289/279/253
f 39/282/256 292/283/257 293/284/258 294/285/259
f 39/282/256 295/286/260 296/287/261 292/283/257
f 39/282/256 294/285/259 297/288/262 295/286/260
f 40/289/263 298/290/264 299/291/265 300/292/266
f 40/289/263 285/274/248 301/293/267 298/290/264
f 40/289/263 300/292/266 282/271/245 285/274/248
f 41/294/268 302/295/269 303/296/270 304/297/271
f 275/262/236 305/298/272 302/295/269 41/294/268
f 41/294/268 304/297/271 276/263/237 275/262/236
f 42/299/273 306/300/274 287/277/251 286/276/250
f 42/299/273 307/301/275 308/302/276 309/303/277
f 42/299/273 309/303/277 310/304/278 306/300/274
f 43/305/279 311/306/280 312/307/281 313/308/282
f 315/309/283 316/310/284 311/306/280 43/305/279
f 43/305/279 313/308/282 314/311/285 315/309/283
f 317/312/286 318/313/287 312/307/281 319/314/288
f 44/315/20 320/316/20 321/317/20 322/318/20
f 44/315/20 323/319/20 324/320/20 320/316/20
f 44/315/20 322/318/20 325/321/20 323/319/20
f 45/322/20 326/323/20 327/324/20 328/325/20
f 45/322/20 328/325/20 329/326/20 330/327/20
f 45/322/20 330/327/20 331/328/20 326/323/20
f 46/329/289 332/330/290 333/331/291 334/332/292
f 46/329/289 334/332/292 335/333/293 336/334/294
f 46/329/289 336/334/294 337/335/295 332/330/290
f 47/336/296 338/337/297 339/338/298 340/339/299
f 47/336/296 341/340/300 342/341/301 338/337/297
f 47/336/296 340/339/299 343/342/302 341/340/300
f 48/343/303 344/344/304 345/345/305 346/346/306
f 48/343/303 347/347/307 348/348/308 344/344/304
f 48/343/303 346/346/306 349/349/309 347/347/307
f 49/350/310 350/351/311 351/352/312 352/353/313
f 49/350/310 353/354/314 354/355/315 350/351/311
f 49/350/310 355/356/316 356/357/317 353/354/314
f 49/350/310 357/358/318 358/359/319 355/356/316
f 50/360/320 51/361/321 359/362/322 174/142/131
f 50/360/320 360/363/323 361/364/324 51/361/321
f 51/361/321 361/364/324 362/365/325 363/366/326
f 52/367/327 176/144/133 364/368/328 365/369/329
f 52/367/327 365/369/329 366/370/330 367/371/331
f 52/367/327 360/363/323 173/141/130 176/144/133
f 53/372/332 368/373/333 369/374/334 370/375/335
f 53/372/332 371/376/336 372/377/337 368/373/333
f 53/372/332 370/375/335 373/378/338 371/376/336
f 54/379/339 374/380/340 375/381/341 376/382/342
f 54/379/339 376/382/342 377/383/343 378/384/344
f 54/379/339 378/384/344 83/36/28 374/380/340
f 378/384/344 379/385/345 80/33/25 83/36/28
f 378/384/344 377/383/343 380/386/346 379/385/345
f 380/386/346 381/387/347 382/388/348 383/389/349
f 380/386/346 383/389/349 384/390/350 379/385/345
f 380/386/346 377/383/343 385/391/351 381/387/347
f 385/391/351 101/57/49 100/56/48 381/387/347
f 385/391/351 377/383/343 376/382/342 117/75/67
f 385/391/351 117/75/67 105/61/53 101/57/49
f 384/390/350 386/392/352 387/393/353 81/34/26
f 384/390/350 81/34/26 80/33/25 379/385/345
f 384/390/350 383/389/349 388/394/354 386/392/352
f 388/394/354 389/395/355 390/396/356 391/397/357
f 388/394/354 391/397/357 392/398/358 386/392/352
f 388/394/354 383/389/349 382/388/348 389/395/355
f 392/399/358 393/400/359 394/401/360 395/402/361
f 392/398/358 395/403/361 387/393/353 386/392/352
f 392/399/358 391/404/357 396/405/362 393/400/359
f 396/405/362 397/406/363 398/407/20 399/408/20
f 396/405/362 399/408/20 400/409/364 393/400/359
f 396/405/362 391/404/357 390/410/356 397/406/363
f 400/409/364 74/26/20 401/411/365 402/412/366
f 400/409/364 402/412/366 394/401/360 393/400/359
f 400/409/364 399/408/20 75/27/20 74/26/20
f 402/412/366 401/411/365 403/413/367 404/414/368
f 402/412/366 404/414/368 405/415/369 394/401/360
f 405/415/369 404/414/368 406/416/370 407/417/371
f 405/415/369 407/417/371 408/418/372 409/419/373
f 405/415/369 409/419/373 395/402/361 394/401/360
f 409/420/373 408/421/372 410/422/374 411/423/375
f 409/420/373 411/423/375 387/393/353 395/403/361
f 411/423/375 410/422/374 78/31/23 77/30/22
f 411/423/375 77/30/22 81/34/26 387/393/353
f 410/422/374 408/421/372 412/424/376 413/425/377
f 410/422/374 413/425/377 414/426/378 78/31/23
f 414/426/378 413/425/377 415/427/379 204/177/166
f 414/426/378 204/177/166 203/176/165 416/428/380
f 414/426/378 416/428/380 79/32/24 78/31/23
f 416/428/380 203/176/165 206/179/168 417/429/381
f 416/428/380 417/429/381 7/430/382 79/32/24
f 417/429/381 206/179/168 418/431/383 419/432/384
f 417/429/381 419/432/384 93/433/385 7/430/382
f 419/432/384 418/431/383 420/434/386 421/435/387
f 419/432/384 421/435/387 422/436/388 93/433/385
f 422/436/388 423/437/389 92/46/38 93/433/385
f 422/436/388 421/435/387 424/438/390 425/439/391
f 422/436/388 425/439/391 426/440/392 423/437/389
f 426/440/392 427/441/393 428/442/394 423/437/389
f 426/440/392 425/439/391 429/443/395 430/444/396
f 426/440/392 430/444/396 431/445/397 427/441/393
f 431/445/397 432/446/398 433/447/399 427/441/393
f 431/445/397 430/444/396 434/448/400 435/449/401
f 431/445/397 435/449/401 436/450/402 432/446/398
f 436/450/402 437/451/403 438/452/404 432/446/398
f 436/450/402 435/449/401 439/453/405 440/454/406
f 436/450/402 440/454/406 441/455/407 437/451/403
f 441/455/407 442/456/408 443/457/409 437/451/403
f 441/455/407 440/454/406 444/458/410 445/459/411
f 441/455/407 445/459/411 446/460/412 442/456/408
f 446/460/412 447/461/413 448/462/414 442/456/408
f 446/460/412 445/459/411 280/269/243 449/463/415
f 446/460/412 449/463/415 450/464/416 447/461/413
f 450/464/416 451/465/417 452/466/418 447/461/413
f 450/464/416 449/463/415 453/467/419 454/468/420
f 450/464/416 454/468/420 455/469/421 451/465/417
f 455/469/421 456/470/422 457/471/423 451/465/417
f 455/469/421 454/468/420 458/472/424 459/473/425
f 455/469/421 459/473/425 460/474/426 456/470/422
f 460/474/426 65/15/13 461/475/427 456/470/422
f 460/474/426 459/473/425 462/476/428 463/477/429
f 460/474/426 463/477/429 66/16/14 65/15/13
f 463/477/429 462/476/428 464/478/430 465/479/431
f 463/477/429 465/479/431 67/17/15 66/16/14
f 465/479/431 464/478/430 466/480/432 467/481/433
f 465/479/431 467/481/433 68/19/17 67/17/15
f 467/481/433 466/480/432 468/482/434 469/483/435
f 467/481/433 469/483/435 470/484/436 68/19/17
f 470/484/436 471/485/437 69/20/18 68/19/17
f 470/484/436 469/483/435 472/486/438 473/487/439
f 470/484/436 473/487/439 474/488/440 471/485/437
f 474/488/440 475/489/441 476/490/442 471/485/437
f 474/488/440 473/487/439 477/491/443 478/492/444
f 474/488/440 478/492/444 479/493/445 475/489/441
f 479/493/445 480/494/446 481/495/447 475/489/441
f 479/493/445 478/492/444 482/496/448 483/497/449
f 479/493/445 483/497/449 484/498/450 480/494/446
f 484/499/450 485/500/451 486/501/452 480/502/446
f 484/498/450 483/497/449 487/503/453 488/504/454
f 484/499/450 488/505/454 489/506/455 485/500/451
f 489/506/455 490/507/456 491/508/457 485/500/451
f 489/506/455 488/505/454 163/125/117 162/124/116
f 489/506/455 162/124/116 492/509/458 490/507/456
f 492/509/458 493/510/459 494/511/460 490/507/456
f 492/509/458 162/124/116 161/129/118 495/512/461
f 492/509/458 495/512/461 496/513/462 493/510/459
f 496/513/462 497/514/463 498/515/464 493/510/459
f 496/513/462 495/512/461 499/516/465 500/517/466
f 496/513/462 500/517/466 501/518/467 497/514/463
f 501/518/467 502/519/468 503/520/469 497/514/463
f 501/518/467 500/517/466 504/521/470 505/522/471
f 501/518/467 505/522/471 506/523/472 502/519/468
f 506/523/472 507/524/473 508/525/474 502/519/468
f 506/523/472 505/522/471 509/526/475 510/527/476
f 506/523/472 510/527/476 511/528/477 507/524/473
f 511/528/477 512/529/478 513/530/479 507/524/473
f 511/528/477 510/527/476 514/531/480 515/532/481
f 511/528/477 515/532/481 516/533/482 512/529/478
f 516/533/482 517/534/483 518/535/484 512/529/478
f 516/533/482 515/532/481 519/536/485 520/537/486
f 516/533/482 520/537/486 521/538/487 517/534/483
f 521/538/487 522/539/488 523/540/489 517/534/483
f 521/538/487 520/537/486 524/541/490 525/542/491
f 521/538/487 525/542/491 526/543/492 522/539/488
f 526/543/492 527/544/493 528/545/494 522/539/488
f 526/543/492 525/542/491 529/546/495 199/170/159
f 526/543/492 199/170/159 198/169/158 527/544/493
f 529/546/495 525/542/491 524/541/490 530/547/496
f 529/546/495 530/547/496 531/548/497 532/549/498
f 529/546/495 532/549/498 195/166/155 199/170/159
f 532/549/498 531/548/497 533/550/499 534/551/500
f 532/549/498 534/551/500 196/167/156 195/166/155
f 534/551/500 533/550/499 535/552/501 536/553/502
f 534/551/500 536/553/502 537/554/503 196/167/156
f 537/554/503 536/553/502 538/555/504 539/556/505
f 537/554/503 539/556/505 540/557/506 541/558/507
f 537/554/503 541/558/507 197/168/157 196/167/156
f 541/558/507 540/557/506 542/559/508 543/560/509
f 541/558/507 543/560/509 200/171/160 197/168/157
f 543/560/509 542/559/508 544/561/510 545/562/511
f 543/560/509 545/562/511 546/563/512 200/171/160
f 546/563/512 527/544/493 198/169/158 200/171/160
f 546/563/512 545/562/511 547/564/513 548/565/514
f 546/563/512 548/565/514 528/545/494 527/544/493
f 548/565/514 547/564/513 549/566/515 550/567/516
f 548/565/514 550/567/516 551/568/517 528/545/494
f 551/568/517 550/567/516 552/569/518 553/570/519
f 551/568/517 553/570/519 554/571/520 523/540/489
f 551/568/517 523/540/489 522/539/488 528/545/494
f 554/571/520 553/570/519 555/572/521 556/573/522
f 554/571/520 556/573/522 557/574/523 518/535/484
f 554/571/520 518/535/484 517/534/483 523/540/489
f 557/574/523 556/573/522 558/575/524 559/576/525
f 557/574/523 559/576/525 560/577/526 513/530/479
f 557/574/523 513/530/479 512/529/478 518/535/484
f 560/577/526 559/576/525 561/578/527 562/579/528
f 560/577/526 562/579/528 563/580/529 508/525/474
f 560/577/526 508/525/474 507/524/473 513/530/479
f 563/580/529 562/579/528 564/581/530 565/582/531
f 563/580/529 565/582/531 566/583/532 503/520/469
f 563/580/529 503/520/469 502/519/468 508/525/474
f 566/583/532 565/582/531 567/584/533 568/585/534
f 566/583/532 568/585/534 569/586/535 498/515/464
f 566/583/532 498/515/464 497/514/463 503/520/469
f 569/586/535 568/585/534 570/587/536 571/588/537
f 569/586/535 571/588/537 572/589/538 494/511/460
f 569/586/535 494/511/460 493/510/459 498/515/464
f 572/589/538 571/588/537 573/590/539 574/591/540
f 572/589/538 574/591/540 575/592/541 491/508/457
f 572/589/538 491/508/457 490/507/456 494/511/460
f 575/592/541 574/591/540 576/593/542 577/594/543
f 575/592/541 577/594/543 578/595/544 486/501/452
f 575/592/541 486/501/452 485/500/451 491/508/457
f 578/595/544 577/594/543 579/596/545 580/597/546
f 578/595/544 580/597/546 581/598/547 481/599/447
f 578/595/544 481/599/447 480/502/446 486/501/452
f 581/598/547 580/597/546 582/600/548 583/601/549
f 581/602/547 583/603/549 70/21/19 476/490/442
f 581/602/547 476/490/442 475/489/441 481/495/447
f 583/601/549 582/600/548 584/604/550 62/605/10
f 583/603/549 62/12/10 2/11/9 70/21/19
f 584/604/550 585/606/551 586/607/552 587/608/553
f 584/604/550 587/608/553 63/609/11 62/605/10
f 584/604/550 582/600/548 588/610/554 585/606/551
f 588/610/554 589/611/555 590/612/556 585/606/551
f 588/610/554 582/600/548 580/597/546 579/596/545
f 588/610/554 579/596/545 591/613/557 589/611/555
f 591/613/557 592/614/558 593/615/559 589/611/555
f 591/613/557 579/596/545 577/594/543 576/593/542
f 591/613/557 576/593/542 594/616/560 592/614/558
f 594/616/560 595/617/561 596/618/562 592/614/558
f 594/616/560 576/593/542 574/591/540 573/590/539
f 594/616/560 573/590/539 597/619/563 595/617/561
f 597/619/563 598/620/564 599/621/565 595/617/561
f 597/619/563 573/590/539 571/588/537 570/587/536
f 597/619/563 570/587/536 600/622/566 598/620/564
f 600/622/566 601/623/567 602/624/568 598/620/564
f 600/622/566 570/587/536 568/585/534 567/584/533
f 600/622/566 567/584/533 603/625/569 601/623/567
f 603/625/569 604/626/570 605/627/571 601/623/567
f 603/625/569 567/584/533 565/582/531 564/581/530
f 603/625/569 564/581/530 606/628/572 604/626/570
f 606/628/572 607/629/573 89/45/37 604/626/570
f 606/628/572 564/581/530 562/579/528 561/578/527
f 606/628/572 561/578/527 608/630/574 607/629/573
f 608/630/574 609/631/575 610/632/576 607/629/573
f 608/630/574 561/578/527 559/576/525 558/575/524
f 608/630/574 558/575/524 611/633/577 609/631/575
f 611/633/577 612/634/578 613/635/579 609/631/575
f 611/633/577 558/575/524 556/573/522 555/572/521
f 611/633/577 555/572/521 614/636/580 612/634/578
f 614/636/580 210/184/173 213/187/176 612/634/578
f 614/636/580 555/572/521 553/570/519 552/569/518
f 614/636/580 552/569/518 211/185/174 210/184/173
f 613/635/579 615/637/581 616/638/582 617/639/583
f 613/635/579 617/639/583 610/632/576 609/631/575
f 613/635/579 612/634/578 213/187/176 615/637/581
f 617/639/583 616/638/582 618/640/584 619/641/585
f 617/639/583 619/641/585 90/43/35 610/632/576
f 619/641/585 618/640/584 620/642/586 621/643/587
f 619/641/585 621/643/587 91/44/36 90/43/35
f 621/643/587 620/642/586 622/644/588 623/645/589
f 621/643/587 623/645/589 624/646/590 91/44/36
f 624/646/590 623/645/589 625/647/591 626/648/592
f 624/646/590 626/648/592 373/378/338 627/649/593
f 624/646/590 627/649/593 86/40/32 91/44/36
f 627/649/593 373/378/338 370/375/335 628/650/594
f 627/649/593 628/650/594 87/41/33 86/40/32
f 628/650/594 370/375/335 369/374/334 629/651/595
f 628/650/594 629/651/595 630/652/596 87/41/33
f 630/652/596 629/651/595 631/653/597 632/654/598
f 630/652/596 632/654/598 193/163/152 633/655/599
f 630/652/596 633/655/599 88/42/34 87/41/33
f 633/655/599 193/163/152 192/162/151 634/656/600
f 633/655/599 634/656/600 605/627/571 88/42/34
f 634/656/600 192/162/151 635/657/601 602/624/568
f 634/656/600 602/624/568 601/623/567 605/627/571
f 635/657/601 192/162/151 21/155/144 189/159/148
f 635/657/601 189/159/148 636/658/602 599/621/565
f 635/657/601 599/621/565 598/620/564 602/624/568
f 636/658/602 189/159/148 188/158/147 637/659/603
f 636/658/602 637/659/603 638/660/604 596/618/562
f 636/658/602 596/618/562 595/617/561 599/621/565
f 638/660/604 637/659/603 639/661/605 640/662/606
f 638/660/604 640/662/606 641/663/607 593/615/559
f 638/660/604 593/615/559 592/614/558 596/618/562
f 641/663/607 640/662/606 642/664/608 643/665/609
f 641/663/607 643/665/609 644/666/610 590/612/556
f 641/663/607 590/612/556 589/611/555 593/615/559
f 644/666/610 643/665/609 645/667/611 646/668/612
f 644/666/610 646/668/612 647/669/613 586/607/552
f 644/666/610 586/607/552 585/606/551 590/612/556
f 647/669/613 646/668/612 648/670/614 649/671/615
f 647/669/613 649/671/615 650/672/616 651/673/617
f 647/669/613 651/673/617 587/608/553 586/607/552
f 651/673/617 650/672/616 652/674/618 653/675/619
f 651/673/617 653/675/619 63/609/11 587/608/553
f 653/676/619 652/677/618 654/678/620 655/679/621
f 653/676/619 655/679/621 64/14/12 63/13/11
f 655/679/621 654/678/620 656/680/622 461/475/427
f 655/679/621 461/475/427 65/15/13 64/14/12
f 656/680/622 654/678/620 657/681/623 658/682/624
f 656/680/622 658/682/624 659/683/625 457/471/423
f 656/680/622 457/471/423 456/470/422 461/475/427
f 659/683/625 658/682/624 660/684/626 661/685/627
f 659/683/625 661/685/627 662/686/628 452/466/418
f 659/683/625 452/466/418 451/465/417 457/471/423
f 662/686/628 661/685/627 663/687/629 664/688/630
f 662/686/628 664/688/630 665/689/631 448/462/414
f 662/686/628 448/462/414 447/461/413 452/466/418
f 665/689/631 664/688/630 666/690/632 667/691/633
f 665/689/631 667/691/633 668/692/634 443/457/409
f 665/689/631 443/457/409 442/456/408 448/462/414
f 668/692/634 667/691/633 669/693/635 670/694/636
f 668/692/634 670/694/636 671/695/637 438/452/404
f 668/692/634 438/452/404 437/451/403 443/457/409
f 671/695/637 670/694/636 672/696/638 673/697/639
f 671/695/637 673/697/639 674/698/640 433/447/399
f 671/695/637 433/447/399 432/446/398 438/452/404
f 674/698/640 673/697/639 675/699/641 85/38/30
f 674/698/640 85/38/30 84/37/29 428/442/394
f 674/698/640 428/442/394 427/441/393 433/447/399
f 675/699/641 676/700/642 677/701/643 678/702/644
f 675/699/641 678/702/644 82/35/27 85/38/30
f 675/699/641 673/697/639 672/696/638 676/700/642
f 678/702/644 677/701/643 375/381/341 374/380/340
f 678/702/644 374/380/340 83/36/28 82/35/27
f 677/701/643 679/703/645 118/76/68 375/381/341
f 677/701/643 676/700/642 680/704/646 679/703/645
f 680/704/646 681/705/647 116/74/66 679/703/645
f 680/704/646 676/700/642 672/696/638 682/706/648
f 680/704/646 682/706/648 683/707/649 681/705/647
f 683/707/649 684/708/650 103/59/51 681/705/647
f 683/707/649 682/706/648 669/693/635 685/709/651
f 683/707/649 685/709/651 686/710/652 684/708/650
f 686/710/652 687/711/653 688/712/654 684/708/650
f 686/710/652 685/709/651 666/690/632 689/713/655
f 686/710/652 689/713/655 690/714/656 687/711/653
f 690/714/656 691/715/657 692/716/658 687/711/653
f 690/714/656 689/713/655 663/687/629 693/717/659
f 690/714/656 693/717/659 694/718/660 691/715/657
f 694/718/660 695/719/661 696/720/662 691/715/657
f 694/718/660 693/717/659 660/684/626 697/721/663
f 694/718/660 697/721/663 698/722/664 695/719/661
f 698/723/664 699/724/665 700/725/666 695/726/661
f 698/722/664 697/721/663 657/681/623 701/727/667
f 698/723/664 701/728/667 702/729/668 699/724/665
f 702/729/668 703/730/669 704/731/670 699/724/665
f 702/729/668 701/728/667 652/674/618 650/672/616
f 702/729/668 650/672/616 649/671/615 703/730/669
f 704/731/670 705/732/671 706/733/672 707/734/673
f 704/731/670 707/734/673 700/725/666 699/724/665
f 704/731/670 703/730/669 708/735/674 705/732/671
f 708/735/674 709/736/675 710/737/676 705/732/671
f 708/735/674 703/730/669 649/671/615 648/670/614
f 708/735/674 648/670/614 711/738/677 709/736/675
f 711/738/677 51/361/321 363/366/326 709/736/675
f 711/738/677 648/670/614 646/668/612 645/667/611
f 711/738/677 645/667/611 359/362/322 51/361/321
f 710/737/676 712/739/678 713/740/679 714/741/680
f 710/737/676 714/741/680 706/733/672 705/732/671
f 710/737/676 709/736/675 363/366/326 712/739/678
f 714/741/680 713/740/679 715/742/681 716/743/682
f 714/741/680 716/743/682 717/744/683 706/733/672
f 717/744/683 716/743/682 718/745/684 719/746/685
f 717/744/683 719/746/685 720/747/686 721/748/687
f 717/744/683 721/748/687 707/734/673 706/733/672
f 721/748/687 720/747/686 722/749/688 723/750/689
f 721/748/687 723/750/689 700/725/666 707/734/673
f 723/750/689 722/749/688 724/751/690 696/752/662
f 723/750/689 696/752/662 695/726/661 700/725/666
f 724/751/690 722/749/688 725/753/691 726/754/692
f 724/755/690 726/756/692 727/757/693 692/716/658
f 724/755/690 692/716/658 691/715/657 696/720/662
f 727/757/693 726/756/692 728/758/694 729/759/695
f 727/757/693 729/759/695 104/60/52 688/712/654
f 727/757/693 688/712/654 687/711/653 692/716/658
f 729/759/695 728/758/694 730/760/696 731/761/697
f 729/759/695 731/761/697 9/54/46 104/60/52
f 731/761/697 730/760/696 732/762/698 733/763/699
f 731/761/697 733/763/699 99/55/47 9/54/46
f 733/763/699 732/762/698 734/764/700 735/765/701
f 733/763/699 735/765/701 736/766/702 99/55/47
f 736/766/702 735/765/701 737/767/703 738/768/704
f 736/766/702 738/768/704 739/769/705 740/770/706
f 736/766/702 740/770/706 100/56/48 99/55/47
f 740/770/706 739/769/705 389/395/355 382/388/348
f 740/770/706 382/388/348 381/387/347 100/56/48
f 739/769/705 738/768/704 741/771/707 742/772/708
f 739/769/705 742/772/708 390/396/356 389/395/355
f 742/773/708 741/774/707 743/775/709 744/776/710
f 742/773/708 744/776/710 397/406/363 390/410/356
f 744/776/710 743/775/709 745/777/20 746/778/20
f 744/776/710 746/778/20 398/407/20 397/406/363
f 746/778/20 745/777/20 747/779/20 748/780/20
f 746/778/20 748/780/20 76/28/20 398/407/20
f 748/780/20 747/779/20 749/781/20 750/782/20
f 748/780/20 750/782/20 71/23/20 76/28/20
f 750/782/20 749/781/20 751/783/20 752/784/20
f 750/782/20 752/784/20 72/24/20 71/23/20
f 752/784/20 751/783/20 753/785/20 754/786/20
f 752/784/20 754/786/20 755/787/20 72/24/20
f 755/787/20 754/786/20 756/788/20 757/789/20
f 755/787/20 757/789/20 758/790/711 759/791/20
f 755/787/20 759/791/20 73/25/20 72/24/20
f 759/791/20 758/790/711 403/413/367 401/411/365
f 759/791/20 401/411/365 74/26/20 73/25/20
f 758/790/711 757/789/20 760/792/20 761/793/712
f 758/790/711 761/793/712 762/794/713 403/413/367
f 762/794/713 761/793/712 221/197/186 26/196/185
f 762/794/713 26/196/185 225/202/189 406/416/370
f 762/794/713 406/416/370 404/414/368 403/413/367
f 761/793/712 760/792/20 227/204/20 221/197/186
f 760/792/20 763/795/20 764/796/20 227/204/20
f 760/792/20 757/789/20 756/788/20 763/795/20
f 764/796/20 765/797/20 766/798/20 767/799/20
f 764/796/20 767/799/20 228/205/20 227/204/20
f 764/796/20 763/795/20 768/800/20 765/797/20
f 768/800/20 769/801/20 770/802/20 765/797/20
f 768/800/20 763/795/20 756/788/20 771/803/20
f 768/800/20 771/803/20 772/804/20 769/801/20
f 772/804/20 773/805/20 774/806/20 769/801/20
f 772/804/20 771/803/20 753/785/20 775/807/20
f 772/804/20 775/807/20 776/808/20 773/805/20
f 776/808/20 777/809/20 778/810/20 773/805/20
f 776/808/20 775/807/20 779/811/20 780/812/20
f 776/808/20 780/812/20 781/813/20 777/809/20
f 781/813/20 782/814/20 783/815/20 777/809/20
f 781/813/20 780/812/20 784/816/20 785/817/20
f 781/813/20 785/817/20 786/818/20 782/814/20
f 786/818/20 787/819/20 788/820/20 782/814/20
f 786/818/20 785/817/20 789/821/20 790/822/20
f 786/818/20 790/822/20 791/823/20 787/819/20
f 791/823/20 792/824/20 793/825/20 787/819/20
f 791/823/20 790/822/20 794/826/20 795/827/20
f 791/823/20 795/827/20 796/828/20 792/824/20
f 796/828/20 797/829/20 798/830/20 792/824/20
f 796/828/20 795/827/20 799/831/20 800/832/20
f 796/828/20 800/832/20 801/833/20 797/829/20
f 801/833/20 802/834/20 803/835/20 797/829/20
f 801/833/20 800/832/20 804/836/714 805/837/20
f 801/833/20 805/837/20 806/838/20 802/834/20
f 806/838/20 807/839/20 808/840/20 802/834/20
f 806/838/20 805/837/20 809/841/715 810/842/716
f 806/838/20 810/842/716 811/843/717 807/839/20
f 811/843/717 812/844/718 813/845/20 807/839/20
f 811/843/717 810/842/716 814/846/719 815/847/720
f 811/843/717 815/847/720 816/848/721 812/844/718
f 816/848/721 817/849/722 818/850/723 812/844/718
f 816/851/721 815/852/720 819/853/724 820/854/725
f 816/851/721 820/854/725 821/855/726 817/856/722
f 821/855/726 822/857/727 823/858/728 817/856/722
f 821/855/726 820/854/725 824/859/729 825/860/730
f 821/855/726 825/860/730 826/861/731 822/857/727
f 826/862/731 827/863/732 828/864/733 822/865/727
f 826/861/731 825/860/730 829/866/734 830/867/735
f 826/862/731 830/868/735 831/869/736 827/863/732
f 831/869/736 832/870/737 833/871/738 827/863/732
f 831/869/736 830/868/735 834/872/739 835/873/740
f 831/869/736 835/873/740 836/874/741 832/870/737
f 836/874/741 837/875/742 838/876/743 832/870/737
f 836/874/741 835/873/740 839/877/744 840/878/745
f 836/874/741 840/878/745 841/879/746 837/875/742
f 841/879/746 842/880/747 843/881/748 837/875/742
f 841/879/746 840/878/745 844/882/749 845/883/750
f 841/879/746 845/883/750 846/884/751 842/880/747
f 846/884/751 847/885/752 848/886/753 842/880/747
f 846/884/751 845/883/750 849/887/754 850/888/755
f 846/884/751 850/888/755 851/889/756 847/885/752
f 851/889/756 852/890/757 853/891/758 847/885/752
f 851/889/756 850/888/755 854/892/759 855/893/760
f 851/889/756 855/893/760 856/894/761 852/890/757
f 856/894/761 857/895/762 858/896/763 852/890/757
f 856/894/761 855/893/760 859/897/764 860/898/765
f 856/894/761 860/898/765 861/899/766 857/895/762
f 861/899/766 862/900/767 863/901/768 857/895/762
f 861/899/766 860/898/765 864/902/769 865/903/770
f 861/899/766 865/903/770 303/296/270 862/900/767
f 865/903/770 864/902/769 866/904/771 867/905/772
f 865/903/770 867/905/772 304/297/271 303/296/270
f 867/905/772 866/904/771 868/906/773 869/907/774
f 867/905/772 869/907/774 870/908/775 304/297/271
f 870/908/775 871/909/776 276/263/237 304/297/271
f 870/908/775 869/907/774 872/910/777 873/911/778
f 870/908/775 873/911/778 259/240/223 871/909/776
f 873/911/778 872/910/777 874/912/779 875/913/780
f 873/911/778 875/913/780 260/241/224 259/240/223
f 875/913/780 874/912/779 876/914/781 877/915/782
f 875/913/780 877/915/782 878/916/783 260/241/224
f 878/916/783 879/917/784 257/238/221 260/241/224
f 878/916/783 877/915/782 880/918/785 881/919/786
f 878/916/783 881/919/786 882/920/787 879/917/784
f 882/920/787 883/921/788 254/234/217 879/917/784
f 882/920/787 881/919/786 884/922/789 885/923/790
f 882/920/787 885/923/790 886/924/791 883/921/788
f 886/924/791 887/925/792 888/926/793 883/921/788
f 886/924/791 885/923/790 889/927/794 890/928/795
f 886/924/791 890/928/795 352/353/313 887/925/792
f 890/928/795 889/927/794 891/929/796 357/358/318
f 890/928/795 357/358/318 49/350/310 352/353/313
f 891/929/796 889/927/794 892/930/797 893/931/798
f 891/929/796 893/931/798 894/932/799 895/933/800
f 891/929/796 895/933/800 358/359/319 357/358/318
f 895/933/800 894/932/799 896/934/801 897/935/802
f 895/933/800 897/935/802 898/936/803 358/359/319
f 898/936/803 897/935/802 899/937/804 900/938/805
f 898/936/803 900/938/805 901/939/806 902/940/807
f 898/936/803 902/940/807 355/356/316 358/359/319
f 902/941/807 901/942/806 903/943/808 904/944/809
f 902/940/807 904/945/809 356/357/317 355/356/316
f 904/944/809 903/943/808 905/946/810 906/947/811
f 904/945/809 906/948/811 907/949/812 356/357/317
f 907/949/812 908/950/813 353/354/314 356/357/317
f 907/949/812 906/948/811 909/951/814 910/952/815
f 907/949/812 910/952/815 911/953/816 908/950/813
f 911/953/816 912/954/817 913/955/818 908/950/813
f 911/956/816 910/957/815 914/958/819 915/959/820
f 911/956/816 915/959/820 916/960/821 912/961/817
f 916/960/821 917/962/822 918/963/823 912/961/817
f 916/960/821 915/959/820 919/964/824 920/965/825
f 916/960/821 920/965/825 921/966/826 917/962/822
f 921/966/826 922/967/827 923/968/828 917/962/822
f 921/966/826 920/965/825 342/341/301 924/969/829
f 921/966/826 924/969/829 925/970/830 922/967/827
f 925/970/830 240/219/202 926/971/831 922/967/827
f 925/970/830 924/969/829 927/972/832 928/973/833
f 925/970/830 928/973/833 241/220/203 240/219/202
f 928/973/833 927/972/832 929/974/834 930/975/835
f 928/973/833 930/975/835 242/221/204 241/220/203
f 930/975/835 929/974/834 931/976/836 932/977/837
f 930/975/835 932/977/837 933/978/838 242/221/204
f 933/978/838 934/979/839 243/222/205 242/221/204
f 933/978/838 932/977/837 935/980/840 936/981/841
f 933/978/838 936/981/841 937/982/842 934/979/839
f 937/982/842 936/981/841 938/983/843 939/984/844
f 937/982/842 939/984/844 122/80/72 121/79/71
f 937/982/842 121/79/71 123/81/73 934/979/839
f 939/984/844 938/983/843 940/985/845 941/986/846
f 939/984/844 941/986/846 942/987/847 122/80/72
f 942/987/847 941/986/846 943/988/848 944/989/849
f 942/987/847 944/989/849 945/990/850 946/991/851
f 942/987/847 946/991/851 97/52/44 122/80/72
f 946/991/851 945/990/850 60/8/7 59/7/6
f 946/991/851 59/7/6 94/48/40 97/52/44
f 945/992/850 944/993/849 947/994/852 948/995/853
f 945/992/850 948/995/853 61/10/8 60/9/7
f 948/995/853 947/994/852 949/996/854 950/997/855
f 948/995/853 950/997/855 951/998/856 61/10/8
f 951/998/856 950/997/855 952/999/857 953/1000/858
f 951/998/856 953/1000/858 954/1001/859 955/1002/860
f 951/998/856 955/1002/860 55/2/2 61/10/8
f 955/1002/860 954/1001/859 956/1003/861 957/1004/862
f 955/1002/860 957/1004/862 56/3/3 55/2/2
f 957/1004/862 956/1003/861 108/65/57 107/64/56
f 957/1004/862 107/64/56 958/1005/863 56/3/3
f 958/1005/863 160/123/115 57/4/4 56/3/3
f 958/1005/863 107/64/56 106/63/55 959/1006/864
f 958/1005/863 959/1006/864 960/1007/865 160/123/115
f 960/1008/865 961/1009/866 161/129/118 160/128/115
f 960/1008/865 959/1010/864 962/1011/867 963/1012/868
f 960/1008/865 963/1012/868 964/1013/869 961/1009/866
f 964/1013/869 965/1014/870 499/516/465 961/1009/866
f 964/1013/869 963/1012/868 966/1015/871 967/1016/872
f 964/1013/869 967/1016/872 968/1017/873 965/1014/870
f 968/1017/873 969/1018/874 504/521/470 965/1014/870
f 968/1017/873 967/1016/872 970/1019/875 971/1020/876
f 968/1017/873 971/1020/876 972/1021/877 969/1018/874
f 972/1021/877 973/1022/878 509/526/475 969/1018/874
f 972/1021/877 971/1020/876 234/212/195 233/211/194
f 972/1021/877 233/211/194 238/216/199 973/1022/878
f 973/1022/878 514/531/480 510/527/476 509/526/475
f 973/1022/878 238/216/199 974/1023/879 514/531/480
f 974/1023/879 519/536/485 515/532/481 514/531/480
f 974/1023/879 238/216/199 237/215/198 975/1024/880
f 974/1023/879 975/1024/880 976/1025/881 519/536/485
f 976/1025/881 524/541/490 520/537/486 519/536/485
f 976/1025/881 975/1024/880 977/1026/882 978/1027/883
f 976/1025/881 978/1027/883 530/547/496 524/541/490
f 978/1027/883 977/1026/882 979/1028/884 980/1029/885
f 978/1027/883 980/1029/885 531/548/497 530/547/496
f 980/1029/885 979/1028/884 981/1030/886 982/1031/887
f 980/1029/885 982/1031/887 533/550/499 531/548/497
f 982/1031/887 981/1030/886 983/1032/888 984/1033/889
f 982/1031/887 984/1033/889 535/552/501 533/550/499
f 984/1033/889 983/1032/888 985/1034/890 986/1035/891
f 984/1033/889 986/1035/891 987/1036/892 535/552/501
f 987/1036/892 986/1035/891 988/1037/893 989/1038/894
f 987/1036/892 989/1038/894 990/1039/895 538/555/504
f 987/1036/892 538/555/504 536/553/502 535/552/501
f 990/1039/895 989/1038/894 169/136/125 991/1040/896
f 990/1039/895 991/1040/896 992/1041/897 993/1042/898
f 990/1039/895 993/1042/898 539/556/505 538/555/504
f 993/1042/898 992/1041/897 994/1043/899 995/1044/900
f 993/1042/898 995/1044/900 540/557/506 539/556/505
f 995/1044/900 994/1043/899 996/1045/901 997/1046/902
f 995/1044/900 997/1046/902 542/559/508 540/557/506
f 997/1046/902 996/1045/901 998/1047/903 999/1048/904
f 997/1046/902 999/1048/904 544/561/510 542/559/508
f 999/1048/904 998/1047/903 1000/1049/905 1001/1050/906
f 999/1048/904 1001/1050/906 1002/1051/907 544/561/510
f 1002/1051/907 547/564/513 545/562/511 544/561/510
f 1002/1051/907 1001/1050/906 1003/1052/908 1004/1053/909
f 1002/1051/907 1004/1053/909 549/566/515 547/564/513
f 1004/1053/909 1003/1052/908 1005/1054/910 212/186/175
f 1004/1053/909 212/186/175 211/185/174 549/566/515
f 1005/1054/910 1003/1052/908 1006/1055/911 1007/1056/912
f 1005/1054/910 1007/1056/912 1008/1057/913 1009/1058/914
f 1005/1054/910 1009/1058/914 24/180/169 212/186/175
f 1009/1058/914 1008/1057/913 1010/1059/915 1011/1060/916
f 1009/1058/914 1011/1060/916 207/181/170 24/180/169
f 1011/1060/916 1010/1059/915 1012/1061/917 1013/1062/918
f 1011/1060/916 1013/1062/918 1014/1063/919 207/181/170
f 1014/1063/919 1015/1064/920 208/182/171 207/181/170
f 1014/1065/919 1013/1066/918 1016/1067/921 1017/1068/922
f 1014/1063/919 1017/1069/922 1018/1070/923 1015/1064/920
f 1018/1070/923 218/1071/182 1019/1072/924 1020/1073/925
f 1018/1070/923 1020/1073/925 1021/1074/926 1015/1064/920
f 1018/1070/923 1017/1069/922 219/1075/183 218/1071/182
f 1021/1074/926 1020/1073/925 1022/1076/927 1023/1077/928
f 1021/1074/926 1023/1077/928 1024/1078/929 1025/1079/930
f 1021/1074/926 1025/1079/930 208/182/171 1015/1064/920
f 1025/1079/930 1024/1078/929 1026/1080/931 1027/1081/932
f 1025/1079/930 1027/1081/932 209/183/172 208/182/171
f 1027/1081/932 1026/1080/931 616/638/582 615/637/581
f 1027/1081/932 615/637/581 213/187/176 209/183/172
f 1026/1080/931 1024/1078/929 1028/1082/933 1029/1083/934
f 1026/1080/931 1029/1083/934 618/640/584 616/638/582
f 1029/1083/934 1028/1082/933 1030/1084/935 1031/1085/936
f 1029/1083/934 1031/1085/936 620/642/586 618/640/584
f 1031/1085/936 1030/1084/935 1032/1086/937 1033/1087/938
f 1031/1085/936 1033/1087/938 622/644/588 620/642/586
f 1033/1087/938 1032/1086/937 1034/1088/939 1035/1089/940
f 1033/1087/938 1035/1089/940 1036/1090/941 622/644/588
f 1036/1090/941 1035/1089/940 1037/1091/942 1038/1092/943
f 1036/1090/941 1038/1092/943 1039/1093/944 625/647/591
f 1036/1090/941 625/647/591 623/645/589 622/644/588
f 1039/1093/944 1038/1092/943 1040/1094/945 1041/1095/946
f 1039/1093/944 1041/1095/946 1042/1096/947 1043/1097/948
f 1039/1093/944 1043/1097/948 626/648/592 625/647/591
f 1043/1097/948 1042/1096/947 372/377/337 371/376/336
f 1043/1097/948 371/376/336 373/378/338 626/648/592
f 1042/1096/947 1041/1095/946 1044/1098/949 1045/1099/950
f 1042/1096/947 1045/1099/950 1046/1100/951 372/377/337
f 1046/1100/951 1045/1099/950 1047/1101/952 1048/1102/953
f 1046/1100/951 1048/1102/953 178/147/136 1049/1103/954
f 1046/1100/951 1049/1103/954 368/373/333 372/377/337
f 1049/1103/954 178/147/136 177/146/135 1050/1104/955
f 1049/1103/954 1050/1104/955 369/374/334 368/373/333
f 1050/1104/955 177/146/135 181/150/139 631/653/597
f 1050/1104/955 631/653/597 629/651/595 369/374/334
f 1048/1102/953 1047/1101/952 1051/1105/956 1052/1106/957
f 1048/1102/953 1052/1106/957 179/148/137 178/147/136
f 1052/1106/957 1051/1105/956 184/153/142 183/152/141
f 1052/1106/957 183/152/141 182/151/140 179/148/137
f 1051/1105/956 1047/1101/952 171/139/128 170/138/127
f 1051/1105/956 170/138/127 1053/1107/958 184/153/142
f 1053/1107/958 170/138/127 19/137/126 1054/1108/959
f 1053/1107/958 1054/1108/959 188/158/147 187/157/146
f 1053/1107/958 187/157/146 185/154/143 184/153/142
f 1054/1108/959 19/137/126 175/143/132 639/661/605
f 1054/1108/959 639/661/605 637/659/603 188/158/147
f 1047/1101/952 1045/1099/950 1044/1098/949 171/139/128
f 1044/1098/949 1055/1109/960 172/140/129 171/139/128
f 1044/1098/949 1041/1095/946 1040/1094/945 1055/1109/960
f 1055/1109/960 364/368/328 176/144/133 172/140/129
f 1055/1109/960 1040/1094/945 1056/1110/961 364/368/328
f 1056/1110/961 1057/1111/962 365/369/329 364/368/328
f 1056/1110/961 1040/1094/945 1038/1092/943 1037/1091/942
f 1056/1110/961 1037/1091/942 1058/1112/963 1057/1111/962
f 1058/1112/963 1059/1113/964 1060/1114/965 1057/1111/962
f 1058/1112/963 1037/1091/942 1035/1089/940 1034/1088/939
f 1058/1112/963 1034/1088/939 1061/1115/966 1059/1113/964
f 1061/1115/966 1062/1116/967 1063/1117/968 1059/1113/964
f 1061/1115/966 1034/1088/939 1032/1086/937 1064/1118/969
f 1061/1115/966 1064/1118/969 1065/1119/970 1062/1116/967
f 1065/1119/970 1066/1120/971 1067/1121/972 1062/1116/967
f 1065/1119/970 1064/1118/969 1068/1122/973 1069/1123/974
f 1065/1119/970 1069/1123/974 1070/1124/975 1066/1120/971
f 1070/1125/975 1071/1126/976 1072/1127/977 1066/1128/971
f 1070/1124/975 1069/1123/974 1073/1129/978 1074/1130/979
f 1070/1125/975 1074/1131/979 1075/1132/980 1071/1126/976
f 1075/1132/980 1076/1133/981 1077/1134/982 1071/1126/976
f 1075/1132/980 1074/1131/979 1078/1135/983 1079/1136/984
f 1075/1132/980 1079/1136/984 1080/1137/985 1076/1133/981
f 1080/1137/985 1081/1138/986 1082/1139/987 1076/1133/981
f 1080/1137/985 1079/1136/984 1083/1140/988 1084/1141/989
f 1080/1137/985 1084/1141/989 1085/1142/990 1081/1138/986
f 1085/1142/990 1086/1143/991 1087/1144/992 1081/1138/986
f 1085/1142/990 1084/1141/989 220/1145/184 1088/1146/993
f 1085/1142/990 1088/1146/993 1089/1147/994 1086/1143/991
f 1089/1147/994 901/939/806 900/938/805 1086/1143/991
f 1089/1148/994 1088/1149/993 1090/1150/995 1091/1151/996
f 1089/1148/994 1091/1151/996 903/943/808 901/942/806
f 1091/1151/996 1090/1150/995 264/247/229 269/254/234
f 1091/1151/996 269/254/234 905/946/810 903/943/808
f 1090/1150/995 1088/1149/993 220/195/184 216/191/180
f 1090/1150/995 216/191/180 215/190/179 264/247/229
f 1087/1144/992 899/937/804 1092/1152/997 1093/1153/998
f 1087/1144/992 1093/1153/998 1082/1139/987 1081/1138/986
f 1087/1144/992 1086/1143/991 900/938/805 899/937/804
f 1093/1153/998 1092/1152/997 1094/1154/999 1095/1155/1000
f 1093/1153/998 1095/1155/1000 1096/1156/1001 1082/1139/987
f 1096/1156/1001 1095/1155/1000 1097/1157/1002 1098/1158/1003
f 1096/1156/1001 1098/1158/1003 1099/1159/1004 1077/1134/982
f 1096/1156/1001 1077/1134/982 1076/1133/981 1082/1139/987
f 1099/1159/1004 1098/1158/1003 1100/1160/1005 1101/1161/1006
f 1099/1159/1004 1101/1161/1006 1102/1162/1007 1072/1127/977
f 1099/1159/1004 1072/1127/977 1071/1126/976 1077/1134/982
f 1102/1162/1007 1101/1161/1006 1103/1163/1008 1104/1164/1009
f 1102/1162/1007 1104/1164/1009 1105/1165/1010 1067/1166/972
f 1102/1162/1007 1067/1166/972 1066/1128/971 1072/1127/977
f 1105/1165/1010 1104/1164/1009 1106/1167/1011 1107/1168/1012
f 1105/1169/1010 1107/1170/1012 1108/1171/1013 1063/1117/968
f 1105/1169/1010 1063/1117/968 1062/1116/967 1067/1121/972
f 1108/1171/1013 1107/1170/1012 1109/1172/1014 1110/1173/1015
f 1108/1171/1013 1110/1173/1015 366/370/330 1060/1114/965
f 1108/1171/1013 1060/1114/965 1059/1113/964 1063/1117/968
f 1110/1173/1015 1109/1172/1014 1111/1174/1016 1112/1175/1017
f 1110/1173/1015 1112/1175/1017 367/371/331 366/370/330
f 1112/1175/1017 1111/1174/1016 1113/1176/1018 1114/1177/1019
f 1112/1175/1017 1114/1177/1019 1115/1178/1020 367/371/331
f 1115/1178/1020 1114/1177/1019 1116/1179/1021 1117/1180/1022
f 1115/1178/1020 1117/1180/1022 1118/1181/1023 1119/1182/1024
f 1115/1178/1020 1119/1182/1024 52/367/327 367/371/331
f 1119/1182/1024 1118/1181/1023 362/365/325 361/364/324
f 1119/1182/1024 361/364/324 360/363/323 52/367/327
f 1118/1181/1023 1117/1180/1022 1120/1183/1025 1121/1184/1026
f 1118/1181/1023 1121/1184/1026 1122/1185/1027 362/365/325
f 1122/1185/1027 1121/1184/1026 1123/1186/1028 1124/1187/1029
f 1122/1185/1027 1124/1187/1029 713/740/679 712/739/678
f 1122/1185/1027 712/739/678 363/366/326 362/365/325
f 1124/1187/1029 1123/1186/1028 1125/1188/1030 1126/1189/1031
f 1124/1187/1029 1126/1189/1031 715/742/681 713/740/679
f 1126/1189/1031 1125/1188/1030 1127/1190/1032 1128/1191/1033
f 1126/1189/1031 1128/1191/1033 1129/1192/1034 715/742/681
f 1129/1192/1034 1128/1191/1033 1130/1193/1035 1131/1194/1036
f 1129/1192/1034 1131/1194/1036 1132/1195/1037 718/745/684
f 1129/1192/1034 718/745/684 716/743/682 715/742/681
f 1132/1195/1037 1131/1194/1036 1133/1196/1038 1134/1197/1039
f 1132/1195/1037 1134/1197/1039 1135/1198/1040 1136/1199/1041
f 1132/1195/1037 1136/1199/1041 719/746/685 718/745/684
f 1136/1199/1041 1135/1198/1040 1137/1200/1042 1138/1201/1043
f 1136/1199/1041 1138/1201/1043 720/747/686 719/746/685
f 1138/1201/1043 1137/1200/1042 1139/1202/1044 725/753/691
f 1138/1201/1043 725/753/691 722/749/688 720/747/686
f 1139/1202/1044 1137/1200/1042 1140/1203/1045 1141/1204/1046
f 1139/1202/1044 1141/1204/1046 730/1205/696 728/1206/694
f 1139/1202/1044 728/1206/694 726/754/692 725/753/691
f 1141/1204/1046 1140/1203/1045 1142/1207/1047 1143/1208/1048
f 1141/1204/1046 1143/1208/1048 732/1209/698 730/1205/696
f 1143/1208/1048 1142/1207/1047 1144/1210/1049 1145/1211/1050
f 1143/1208/1048 1145/1211/1050 734/1212/700 732/1209/698
f 1145/1211/1050 1144/1210/1049 1146/1213/1051 1147/1214/1052
f 1145/1211/1050 1147/1214/1052 1148/1215/1053 734/1212/700
f 1148/1215/1053 1147/1214/1052 1149/1216/20 1150/1217/1054
f 1148/1218/1053 1150/1219/1054 1151/1220/1055 737/767/703
f 1148/1218/1053 737/767/703 735/765/701 734/764/700
f 1151/1221/1055 1150/1222/1054 1152/1223/1056 1153/1224/1057
f 1151/1221/1055 1153/1224/1057 743/775/709 741/774/707
f 1151/1220/1055 741/771/707 738/768/704 737/767/703
f 1153/1224/1057 1152/1223/1056 1154/1225/20 1155/1226/20
f 1153/1224/1057 1155/1226/20 745/777/20 743/775/709
f 1155/1226/20 1154/1225/20 1156/1227/20 1157/1228/20
f 1155/1226/20 1157/1228/20 747/779/20 745/777/20
f 1157/1228/20 1156/1227/20 784/816/20 1158/1229/20
f 1157/1228/20 1158/1229/20 749/781/20 747/779/20
f 1158/1229/20 784/816/20 780/812/20 779/811/20
f 1158/1229/20 779/811/20 751/783/20 749/781/20
f 1156/1227/20 789/821/20 785/817/20 784/816/20
f 1156/1227/20 1154/1225/20 1159/1230/20 789/821/20
f 1159/1230/20 794/826/20 790/822/20 789/821/20
f 1159/1230/20 1154/1225/20 1152/1223/1056 1160/1231/20
f 1159/1230/20 1160/1231/20 1161/1232/20 794/826/20
f 1161/1232/20 799/831/20 795/827/20 794/826/20
f 1161/1232/20 1160/1231/20 1149/1233/20 1162/1234/1058
f 1161/1232/20 1162/1234/1058 1163/1235/1059 799/831/20
f 1163/1235/1059 804/836/714 800/832/20 799/831/20
f 1163/1236/1059 1162/1237/1058 1146/1213/1051 1164/1238/1060
f 1163/1235/1059 1164/1239/1060 1165/1240/1061 804/836/714
f 1165/1240/1061 809/841/715 805/837/20 804/836/714
f 1165/1240/1061 1164/1239/1060 1166/1241/1062 1167/1242/1063
f 1165/1240/1061 1167/1242/1063 1168/1243/1064 809/841/715
f 1168/1243/1064 814/846/719 810/842/716 809/841/715
f 1168/1244/1064 1167/1245/1063 1169/1246/1065 1170/1247/1066
f 1168/1244/1064 1170/1247/1066 1171/1248/1067 814/1249/719
f 1171/1248/1067 819/853/724 815/852/720 814/1249/719
f 1171/1248/1067 1170/1247/1066 1172/1250/1068 1173/1251/1069
f 1171/1248/1067 1173/1251/1069 1174/1252/1070 819/853/724
f 1174/1252/1070 824/859/729 820/854/725 819/853/724
f 1174/1252/1070 1173/1251/1069 1175/1253/1071 1176/1254/1072
f 1174/1252/1070 1176/1254/1072 1177/1255/1073 824/859/729
f 1177/1255/1073 829/866/734 825/860/730 824/859/729
f 1177/1255/1073 1176/1254/1072 1178/1256/1074 1179/1257/1075
f 1177/1255/1073 1179/1257/1075 1180/1258/1076 829/866/734
f 1180/1258/1076 834/1259/739 830/867/735 829/866/734
f 1180/1258/1076 1179/1257/1075 1181/1260/1077 1182/1261/1078
f 1180/1258/1076 1182/1261/1078 1183/1262/1079 834/1259/739
f 1183/1263/1079 839/877/744 835/873/740 834/872/739
f 1183/1262/1079 1182/1261/1078 1184/1264/1080 1185/1265/1081
f 1183/1263/1079 1185/1266/1081 1186/1267/1082 839/877/744
f 1186/1267/1082 844/882/749 840/878/745 839/877/744
f 1186/1267/1082 1185/1266/1081 1187/1268/1083 1188/1269/1084
f 1186/1267/1082 1188/1269/1084 1189/1270/1085 844/882/749
f 1189/1270/1085 849/887/754 845/883/750 844/882/749
f 1189/1270/1085 1188/1269/1084 1190/1271/1086 1191/1272/1087
f 1189/1270/1085 1191/1272/1087 1192/1273/1088 849/887/754
f 1192/1273/1088 854/892/759 850/888/755 849/887/754
f 1192/1273/1088 1191/1272/1087 1193/1274/1089 1194/1275/1090
f 1192/1273/1088 1194/1275/1090 1195/1276/1091 854/892/759
f 1195/1276/1091 859/897/764 855/893/760 854/892/759
f 1195/1276/1091 1194/1275/1090 314/311/285 313/308/282
f 1195/1276/1091 313/308/282 1196/1277/1092 859/897/764
f 1196/1277/1092 864/902/769 860/898/765 859/897/764
f 1196/1277/1092 313/308/282 312/307/281 318/313/287
f 1196/1277/1092 318/313/287 866/904/771 864/902/769
f 1194/1275/1090 1193/1274/1089 1197/1278/1093 314/311/285
f 1197/1278/1093 1193/1274/1089 1198/1279/1094 1199/1280/1095
f 1197/1278/1093 1199/1280/1095 1200/1281/1096 1201/1282/1097
f 1197/1278/1093 1201/1282/1097 315/309/283 314/311/285
f 1201/1282/1097 1200/1281/1096 1202/1283/1098 1203/1284/1099
f 1201/1282/1097 1203/1284/1099 1204/1285/1100 315/309/283
f 1204/1285/1100 1205/1286/1101 316/310/284 315/309/283
f 1204/1285/1100 1203/1284/1099 1206/1287/1102 1207/1288/1103
f 1204/1285/1100 1207/1288/1103 1208/1289/1104 1205/1286/1101
f 1208/1289/1104 1209/1290/1105 1210/1291/1106 1205/1286/1101
f 1208/1289/1104 1207/1288/1103 1211/1292/1107 1212/1293/1108
f 1208/1289/1104 1212/1293/1108 1213/1294/1109 1209/1290/1105
f 1213/1294/1109 1214/1295/1110 1215/1296/1111 1209/1290/1105
f 1213/1294/1109 1212/1293/1108 1216/1297/1112 1217/1298/1113
f 1213/1294/1109 1217/1298/1113 297/288/262 1214/1295/1110
f 1217/1298/1113 1216/1297/1112 1097/1157/1002 1218/1299/1114
f 1217/1298/1113 1218/1299/1114 295/286/260 297/288/262
f 1218/1299/1114 1097/1157/1002 1095/1155/1000 1094/1154/999
f 1218/1299/1114 1094/1154/999 296/287/261 295/286/260
f 1216/1297/1112 1212/1293/1108 1211/1292/1107 1100/1160/1005
f 1216/1297/1112 1100/1160/1005 1098/1158/1003 1097/1157/1002
f 1215/1296/1111 1219/1300/1115 1220/1301/1116 1221/1302/1117
f 1215/1296/1111 1221/1302/1117 1210/1291/1106 1209/1290/1105
f 1215/1296/1111 1214/1295/1110 1222/1303/1118 1219/1300/1115
f 1222/1303/1118 1223/1304/1119 1224/1305/1120 1219/1300/1115
f 1222/1303/1118 1214/1295/1110 297/288/262 294/285/259
f 1222/1303/1118 294/285/259 293/284/258 1223/1304/1119
f 1224/1305/1120 884/922/789 881/919/786 880/918/785
f 1224/1305/1120 880/918/785 1220/1301/1116 1219/1300/1115
f 1224/1305/1120 1223/1304/1119 892/930/797 884/922/789
f 1223/1304/1119 293/284/258 893/931/798 892/930/797
f 1221/1302/1117 1220/1301/1116 876/914/781 1225/1306/1121
f 1221/1302/1117 1225/1306/1121 1226/1307/1122 1210/1291/1106
f 1226/1307/1122 1225/1306/1121 1227/1308/1123 1228/1309/1124
f 1226/1307/1122 1228/1309/1124 311/306/280 316/310/284
f 1226/1307/1122 316/310/284 1205/1286/1101 1210/1291/1106
f 1228/1309/1124 1227/1308/1123 1229/1310/1125 319/314/288
f 1228/1309/1124 319/314/288 312/307/281 311/306/280
f 1229/1310/1125 872/910/777 869/907/774 868/906/773
f 1229/1310/1125 868/906/773 317/312/286 319/314/288
f 1229/1310/1125 1227/1308/1123 874/912/779 872/910/777
f 1227/1308/1123 1225/1306/1121 876/914/781 874/912/779
f 1220/1301/1116 880/918/785 877/915/782 876/914/781
f 1211/1292/1107 1207/1288/1103 1206/1287/1102 1103/1163/1008
f 1211/1292/1107 1103/1163/1008 1101/1161/1006 1100/1160/1005
f 1206/1287/1102 1203/1284/1099 1202/1283/1098 1106/1167/1011
f 1206/1287/1102 1106/1167/1011 1104/1164/1009 1103/1163/1008
f 1202/1283/1098 1200/1281/1096 1111/1311/1016 1109/1312/1014
f 1202/1283/1098 1109/1312/1014 1107/1168/1012 1106/1167/1011
f 1200/1281/1096 1199/1280/1095 1113/1313/1018 1111/1311/1016
f 1199/1280/1095 1198/1279/1094 1230/1314/1126 1113/1313/1018
f 1230/1314/1126 1198/1279/1094 1190/1271/1086 1231/1315/1127
f 1230/1316/1126 1231/1317/1127 1232/1318/1128 1116/1179/1021
f 1230/1316/1126 1116/1179/1021 1114/1177/1019 1113/1176/1018
f 1232/1318/1128 1231/1317/1127 1187/1319/1083 1233/1320/1129
f 1232/1318/1128 1233/1320/1129 1234/1321/1130 1120/1183/1025
f 1232/1318/1128 1120/1183/1025 1117/1180/1022 1116/1179/1021
f 1234/1321/1130 1233/1320/1129 1184/1264/1080 1235/1322/1131
f 1234/1321/1130 1235/1322/1131 1125/1188/1030 1123/1186/1028
f 1234/1321/1130 1123/1186/1028 1121/1184/1026 1120/1183/1025
f 1235/1322/1131 1184/1264/1080 1182/1261/1078 1181/1260/1077
f 1235/1322/1131 1181/1260/1077 1127/1190/1032 1125/1188/1030
f 1233/1320/1129 1187/1319/1083 1185/1265/1081 1184/1264/1080
f 1231/1315/1127 1190/1271/1086 1188/1269/1084 1187/1268/1083
f 1198/1279/1094 1193/1274/1089 1191/1272/1087 1190/1271/1086
f 1181/1260/1077 1179/1257/1075 1178/1256/1074 1127/1190/1032
f 1178/1256/1074 1176/1254/1072 1175/1253/1071 1130/1193/1035
f 1178/1256/1074 1130/1193/1035 1128/1191/1033 1127/1190/1032
f 1175/1253/1071 1173/1251/1069 1172/1250/1068 1133/1196/1038
f 1175/1253/1071 1133/1196/1038 1131/1194/1036 1130/1193/1035
f 1172/1250/1068 1170/1247/1066 1169/1246/1065 1236/1323/1132
f 1172/1250/1068 1236/1323/1132 1134/1197/1039 1133/1196/1038
f 1236/1323/1132 1169/1246/1065 1237/1324/1133 1238/1325/1134
f 1236/1323/1132 1238/1325/1134 1135/1198/1040 1134/1197/1039
f 1238/1325/1134 1237/1324/1133 1142/1207/1047 1140/1203/1045
f 1238/1325/1134 1140/1203/1045 1137/1200/1042 1135/1198/1040
f 1237/1324/1133 1169/1246/1065 1167/1245/1063 1166/1326/1062
f 1237/1324/1133 1166/1326/1062 1144/1210/1049 1142/1207/1047
f 1166/1326/1062 1164/1238/1060 1146/1213/1051 1144/1210/1049
f 1162/1237/1058 1149/1216/20 1147/1214/1052 1146/1213/1051
f 1160/1231/20 1152/1223/1056 1150/1222/1054 1149/1233/20
f 1094/1154/999 1092/1152/997 896/934/801 296/287/261
f 1092/1152/997 899/937/804 897/935/802 896/934/801
f 1084/1141/989 1083/1140/988 217/1327/181 220/1145/184
f 1083/1140/988 1079/1136/984 1078/1135/983 1019/1328/924
f 1083/1140/988 1019/1328/924 218/1329/182 217/1327/181
f 1078/1330/983 1074/1130/979 1073/1129/978 1022/1076/927
f 1078/1330/983 1022/1076/927 1020/1073/925 1019/1072/924
f 1073/1129/978 1069/1123/974 1068/1122/973 1239/1331/1135
f 1073/1129/978 1239/1331/1135 1023/1077/928 1022/1076/927
f 1239/1331/1135 1068/1122/973 1030/1084/935 1028/1082/933
f 1239/1331/1135 1028/1082/933 1024/1078/929 1023/1077/928
f 1068/1122/973 1064/1118/969 1032/1086/937 1030/1084/935
f 1060/1114/965 366/370/330 365/369/329 1057/1111/962
f 1017/1068/922 1016/1067/921 1240/1332/1136 219/194/183
f 1240/1332/1136 1016/1067/921 1241/1333/1137 1242/1334/1138
f 1240/1332/1136 1242/1334/1138 144/104/96 1243/1335/1139
f 1240/1332/1136 1243/1335/1139 25/188/177 219/194/183
f 1243/1335/1139 144/104/96 143/103/95 1244/1336/1140
f 1243/1335/1139 1244/1336/1140 214/189/178 25/188/177
f 1244/1336/1140 1245/1337/1141 1246/1338/1142 214/189/178
f 1244/1336/1140 143/103/95 146/106/98 1245/1337/1141
f 1246/1338/1142 1247/1339/1143 266/249/231 265/248/230
f 1246/1338/1142 265/248/230 215/190/179 214/189/178
f 1246/1338/1142 1245/1337/1141 132/92/84 1247/1339/1143
f 1247/1339/1143 1248/1340/1144 1249/1341/1145 266/249/231
f 1247/1339/1143 132/92/84 131/91/83 1248/1340/1144
f 1249/1341/1145 1250/1342/1146 1251/1343/1147 1252/1344/1148
f 1249/1341/1145 1252/1344/1148 261/250/226 266/249/231
f 1249/1341/1145 1248/1340/1144 1253/1345/1149 1250/1342/1146
f 1253/1345/1149 1254/1346/1150 1255/1347/1151 1250/1342/1146
f 1253/1345/1149 1248/1340/1144 131/91/83 135/95/87
f 1253/1345/1149 135/95/87 1256/1348/1152 1254/1346/1150
f 1256/1348/1152 1257/1349/1153 1258/1350/1154 1254/1346/1150
f 1256/1348/1152 135/95/87 134/94/86 1259/1351/1155
f 1256/1348/1152 1259/1351/1155 1260/1352/1156 1257/1349/1153
f 1260/1352/1156 1261/1353/1157 1262/1354/1158 1257/1349/1153
f 1260/1352/1156 1259/1351/1155 140/100/92 142/102/94
f 1260/1352/1156 142/102/94 1263/1355/1159 1261/1353/1157
f 1263/1355/1159 157/119/111 1264/1356/1160 1261/1353/1157
f 1263/1355/1159 142/102/94 141/101/93 1265/1357/1161
f 1263/1355/1159 1265/1357/1161 153/115/107 157/119/111
f 1265/1357/1161 141/101/93 1266/1358/1162 1267/1359/1163
f 1265/1357/1161 1267/1359/1163 154/116/108 153/115/107
f 1267/1359/1163 1266/1358/1162 1268/1360/1164 1269/1361/1165
f 1267/1359/1163 1269/1361/1165 1270/1362/1166 154/116/108
f 1270/1362/1166 1271/1363/1167 155/117/109 154/116/108
f 1270/1362/1166 1269/1361/1165 1272/1364/1168 1273/1365/1169
f 1270/1362/1166 1273/1365/1169 1274/1366/1170 1271/1363/1167
f 1274/1366/1170 113/70/62 1275/1367/1171 1271/1363/1167
f 1274/1366/1170 1273/1365/1169 1276/1368/1172 1277/1369/1173
f 1274/1366/1170 1277/1369/1173 109/66/58 113/70/62
f 1277/1369/1173 1276/1368/1172 1278/1370/1174 1279/1371/1175
f 1277/1369/1173 1279/1371/1175 110/67/59 109/66/58
f 1279/1372/1175 1278/1373/1174 1280/1374/1176 1281/1375/1177
f 1279/1372/1175 1281/1375/1177 1282/1376/1178 110/1377/59
f 1282/1376/1178 1283/1378/1179 111/1379/60 110/1377/59
f 1282/1376/1178 1281/1375/1177 1284/1380/1180 1285/1381/1181
f 1282/1376/1178 1285/1381/1181 1286/1382/1182 1283/1378/1179
f 1286/1382/1182 1287/1383/1183 1288/1384/1184 1283/1378/1179
f 1286/1382/1182 1285/1381/1181 1289/1385/1185 1290/1386/1186
f 1286/1382/1182 1290/1386/1186 1291/1387/1187 1287/1383/1183
f 1291/1387/1187 1292/1388/1188 1293/1389/1189 1287/1383/1183
f 1291/1387/1187 1290/1386/1186 1294/1390/1190 1295/1391/1191
f 1291/1387/1187 1295/1391/1191 1296/1392/1192 1292/1388/1188
f 1296/1392/1192 1297/1393/1193 1298/1394/1194 1292/1388/1188
f 1296/1392/1192 1295/1391/1191 1299/1395/1195 1300/1396/1196
f 1296/1392/1192 1300/1396/1196 1301/1397/1197 1297/1393/1193
f 1301/1397/1197 1302/1398/1198 1303/1399/1199 1297/1393/1193
f 1301/1397/1197 1300/1396/1196 983/1032/888 981/1030/886
f 1301/1397/1197 981/1030/886 979/1028/884 1302/1398/1198
f 1303/1399/1199 235/213/196 234/212/195 1304/1400/1200
f 1303/1399/1199 1304/1400/1200 1298/1394/1194 1297/1393/1193
f 1303/1399/1199 1302/1398/1198 236/214/197 235/213/196
f 1304/1400/1200 234/212/195 971/1020/876 970/1019/875
f 1304/1400/1200 970/1019/875 1305/1401/1201 1298/1394/1194
f 1305/1401/1201 970/1019/875 967/1016/872 966/1015/871
f 1305/1401/1201 966/1015/871 1306/1402/1202 1293/1389/1189
f 1305/1401/1201 1293/1389/1189 1292/1388/1188 1298/1394/1194
f 1306/1402/1202 966/1015/871 963/1012/868 962/1011/867
f 1306/1402/1202 962/1011/867 114/1403/63 1288/1384/1184
f 1306/1402/1202 1288/1384/1184 1287/1383/1183 1293/1389/1189
f 1302/1398/1198 979/1028/884 977/1026/882 236/214/197
f 1300/1396/1196 1299/1395/1195 985/1034/890 983/1032/888
f 1299/1395/1195 1295/1391/1191 1294/1390/1190 1307/1404/1203
f 1299/1395/1195 1307/1404/1203 1308/1405/1204 985/1034/890
f 1308/1405/1204 1307/1404/1203 1309/1406/1205 165/132/121
f 1308/1405/1204 165/132/121 164/131/120 988/1037/893
f 1308/1405/1204 988/1037/893 986/1035/891 985/1034/890
f 1309/1406/1205 1307/1404/1203 1294/1390/1190 1310/1407/1206
f 1309/1406/1205 1310/1407/1206 1311/1408/1207 1312/1409/1208
f 1309/1406/1205 1312/1409/1208 166/133/122 165/132/121
f 1312/1409/1208 1311/1408/1207 1313/1410/1209 1314/1411/1210
f 1312/1409/1208 1314/1411/1210 167/134/123 166/133/122
f 1314/1411/1210 1313/1410/1209 1315/1412/1211 1316/1413/1212
f 1314/1411/1210 1316/1413/1212 1317/1414/1213 167/134/123
f 1317/1414/1213 1316/1413/1212 1318/1415/1214 1319/1416/1215
f 1317/1414/1213 1319/1416/1215 1320/1417/1216 1321/1418/1217
f 1317/1414/1213 1321/1418/1217 168/135/124 167/134/123
f 1321/1418/1217 1320/1417/1216 992/1041/897 991/1040/896
f 1321/1418/1217 991/1040/896 169/136/125 168/135/124
f 1320/1417/1216 1319/1416/1215 1322/1419/1218 1323/1420/1219
f 1320/1417/1216 1323/1420/1219 994/1043/899 992/1041/897
f 1323/1420/1219 1322/1419/1218 150/111/103 152/113/105
f 1323/1420/1219 152/113/105 996/1045/901 994/1043/899
f 1322/1419/1218 1319/1416/1215 1318/1415/1214 1324/1421/1220
f 1322/1419/1218 1324/1421/1220 151/112/104 150/111/103
f 1324/1421/1220 1318/1415/1214 1325/1422/1221 1326/1423/1222
f 1324/1421/1220 1326/1423/1222 1327/1424/1223 151/112/104
f 1327/1424/1223 1326/1423/1222 1328/1425/1224 1329/1426/1225
f 1327/1424/1223 1329/1426/1225 1330/1427/1226 1331/1428/1227
f 1327/1424/1223 1331/1428/1227 147/108/100 151/112/104
f 1331/1428/1227 1330/1427/1226 1332/1429/1228 1333/1430/1229
f 1331/1428/1227 1333/1430/1229 148/109/101 147/108/100
f 1333/1430/1229 1006/1055/911 1000/1049/905 148/109/101
f 1333/1430/1229 1332/1429/1228 1007/1056/912 1006/1055/911
f 1332/1429/1228 1330/1427/1226 1334/1431/1230 1335/1432/1231
f 1332/1429/1228 1335/1432/1231 1008/1057/913 1007/1056/912
f 1335/1432/1231 1334/1431/1230 1336/1433/1232 1337/1434/1233
f 1335/1432/1231 1337/1434/1233 1010/1059/915 1008/1057/913
f 1337/1434/1233 1336/1433/1232 1338/1435/1234 1339/1436/1235
f 1337/1434/1233 1339/1436/1235 1012/1061/917 1010/1059/915
f 1339/1437/1235 1338/1438/1234 1340/1439/1236 1341/1440/1237
f 1339/1437/1235 1341/1440/1237 1241/1333/1137 1012/1441/917
f 1341/1440/1237 1340/1439/1236 1342/1442/1238 1343/1443/1239
f 1341/1440/1237 1343/1443/1239 1242/1334/1138 1241/1333/1137
f 1343/1443/1239 1342/1442/1238 136/96/88 145/105/97
f 1343/1443/1239 145/105/97 144/104/96 1242/1334/1138
f 1342/1442/1238 1344/1444/1240 137/97/89 136/96/88
f 1342/1442/1238 1340/1439/1236 1345/1445/1241 1344/1444/1240
f 1345/1445/1241 1346/1446/1242 1347/1447/1243 1344/1444/1240
f 1345/1445/1241 1340/1439/1236 1338/1438/1234 1348/1448/1244
f 1345/1445/1241 1348/1448/1244 1349/1449/1245 1346/1446/1242
f 1349/1449/1245 1350/1450/1246 1351/1451/1247 1346/1446/1242
f 1349/1452/1245 1348/1453/1244 1352/1454/1248 1353/1455/1249
f 1349/1452/1245 1353/1455/1249 1354/1456/1250 1350/1457/1246
f 1354/1456/1250 1355/1458/1251 1356/1459/1252 1350/1457/1246
f 1354/1456/1250 1353/1455/1249 1357/1460/1253 1358/1461/1254
f 1354/1456/1250 1358/1461/1254 1359/1462/1255 1355/1458/1251
f 1359/1462/1255 1360/1463/1256 1280/1374/1176 1355/1458/1251
f 1359/1462/1255 1358/1461/1254 1361/1464/1257 1362/1465/1258
f 1359/1462/1255 1362/1465/1258 1363/1466/1259 1360/1463/1256
f 1363/1466/1259 1364/1467/1260 1284/1380/1180 1360/1463/1256
f 1363/1466/1259 1362/1465/1258 1315/1412/1211 1313/1410/1209
f 1363/1466/1259 1313/1410/1209 1311/1408/1207 1364/1467/1260
f 1364/1467/1260 1289/1385/1185 1285/1381/1181 1284/1380/1180
f 1364/1467/1260 1311/1408/1207 1310/1407/1206 1289/1385/1185
f 1362/1465/1258 1361/1464/1257 1325/1422/1221 1315/1412/1211
f 1361/1464/1257 1358/1461/1254 1357/1460/1253 1328/1425/1224
f 1361/1464/1257 1328/1425/1224 1326/1423/1222 1325/1422/1221
f 1360/1463/1256 1284/1380/1180 1281/1375/1177 1280/1374/1176
f 1357/1460/1253 1353/1455/1249 1352/1454/1248 1365/1468/1261
f 1357/1460/1253 1365/1468/1261 1329/1426/1225 1328/1425/1224
f 1365/1468/1261 1352/1454/1248 1336/1433/1232 1334/1431/1230
f 1365/1468/1261 1334/1431/1230 1330/1427/1226 1329/1426/1225
f 1356/1469/1252 1278/1370/1174 1276/1368/1172 1366/1470/1262
f 1356/1469/1252 1366/1470/1262 1351/1451/1247 1350/1450/1246
f 1356/1459/1252 1355/1458/1251 1280/1374/1176 1278/1373/1174
f 1366/1470/1262 1276/1368/1172 1273/1365/1169 1272/1364/1168
f 1366/1470/1262 1272/1364/1168 1367/1471/1263 1351/1451/1247
f 1367/1471/1263 1272/1364/1168 1269/1361/1165 1268/1360/1164
f 1367/1471/1263 1268/1360/1164 1368/1472/1264 1347/1447/1243
f 1367/1471/1263 1347/1447/1243 1346/1446/1242 1351/1451/1247
f 1368/1472/1264 1268/1360/1164 1266/1358/1162 138/98/90
f 1368/1472/1264 138/98/90 14/90/82 137/97/89
f 1368/1472/1264 137/97/89 1344/1444/1240 1347/1447/1243
f 1352/1454/1248 1348/1453/1244 1338/1435/1234 1336/1433/1232
f 1325/1422/1221 1318/1415/1214 1316/1413/1212 1315/1412/1211
f 1310/1407/1206 1294/1390/1190 1290/1386/1186 1289/1385/1185
f 1288/1384/1184 114/1403/63 111/1379/60 1283/1378/1179
f 1275/1367/1171 113/70/62 112/69/61 1369/1473/1265
f 1275/1367/1171 1369/1473/1265 1370/1474/1266 158/120/112
f 1275/1367/1171 158/120/112 155/117/109 1271/1363/1167
f 1370/1474/1266 1369/1473/1265 1371/1475/1267 1372/1476/1268
f 1370/1474/1266 1372/1476/1268 1373/1477/1269 1374/1478/1270
f 1370/1474/1266 1374/1478/1270 156/118/110 158/120/112
f 1374/1478/1270 1373/1477/1269 1375/1479/1271 1264/1356/1160
f 1374/1478/1270 1264/1356/1160 157/119/111 156/118/110
f 1375/1479/1271 1373/1477/1269 129/88/80 128/87/79
f 1375/1479/1271 128/87/79 1376/1480/1272 1262/1354/1158
f 1375/1479/1271 1262/1354/1158 1261/1353/1157 1264/1356/1160
f 1376/1480/1272 128/87/79 127/86/78 1377/1481/1273
f 1376/1480/1272 1377/1481/1273 1378/1482/1274 1258/1350/1154
f 1376/1480/1272 1258/1350/1154 1257/1349/1153 1262/1354/1158
f 1378/1482/1274 1377/1481/1273 1379/1483/1275 1380/1484/1276
f 1378/1482/1274 1380/1484/1276 1381/1485/1277 1255/1347/1151
f 1378/1482/1274 1255/1347/1151 1254/1346/1150 1258/1350/1154
f 1381/1485/1277 1380/1484/1276 1382/1486/1278 1383/1487/1279
f 1381/1485/1277 1383/1487/1279 1384/1488/1280 1251/1343/1147
f 1381/1485/1277 1251/1343/1147 1250/1342/1146 1255/1347/1151
f 1384/1488/1280 1383/1487/1279 1385/1489/1281 1386/1490/1282
f 1384/1488/1280 1386/1490/1282 1387/1491/1283 1388/1492/1284
f 1384/1488/1280 1388/1492/1284 1252/1344/1148 1251/1343/1147
f 1388/1492/1284 1387/1491/1283 1389/1493/1285 262/1494/227
f 1388/1492/1284 262/1494/227 261/250/226 1252/1344/1148
f 1389/1493/1285 1387/1491/1283 1390/1495/1286 1391/1496/1287
f 1389/1497/1285 1391/1498/1287 1392/1499/1288 1393/1500/1289
f 1389/1497/1285 1393/1500/1289 263/245/228 262/244/227
f 1393/1500/1289 1392/1499/1288 1394/1501/1290 1395/1502/1291
f 1393/1500/1289 1395/1502/1291 267/251/232 263/245/228
f 1395/1502/1291 1394/1501/1290 1396/1503/1292 1397/1504/1293
f 1395/1502/1291 1397/1504/1293 1398/1505/1294 267/251/232
f 1398/1505/1294 1399/1506/1295 909/1507/814 1400/1508/1296
f 1398/1505/1294 1400/1508/1296 268/252/233 267/251/232
f 1398/1505/1294 1397/1504/1293 1401/1509/1297 1399/1506/1295
f 1401/1509/1297 1402/1510/1298 914/958/819 1399/1506/1295
f 1401/1509/1297 1397/1504/1293 1396/1503/1292 1403/1511/1299
f 1401/1509/1297 1403/1511/1299 339/338/298 1402/1510/1298
f 1403/1511/1299 1396/1503/1292 1404/1512/1300 1405/1513/1301
f 1403/1511/1299 1405/1513/1301 340/339/299 339/338/298
f 1405/1513/1301 1404/1512/1300 1406/1514/1302 1407/1515/1303
f 1405/1513/1301 1407/1515/1303 343/342/302 340/339/299
f 1407/1515/1303 931/976/836 929/974/834 343/342/302
f 1407/1515/1303 1406/1514/1302 1408/1516/1304 931/976/836
f 1408/1516/1304 935/980/840 932/977/837 931/976/836
f 1408/1516/1304 1406/1514/1302 1409/1517/1305 1410/1518/1306
f 1408/1516/1304 1410/1518/1306 1411/1519/1307 935/980/840
f 1411/1519/1307 938/983/843 936/981/841 935/980/840
f 1411/1519/1307 1410/1518/1306 1412/1520/1308 1413/1521/1309
f 1411/1519/1307 1413/1521/1309 940/985/845 938/983/843
f 1413/1521/1309 1412/1520/1308 1414/1522/1310 1415/1523/1311
f 1413/1521/1309 1415/1523/1311 1416/1524/1312 940/985/845
f 1416/1524/1312 943/988/848 941/986/846 940/985/845
f 1416/1525/1312 1415/1526/1311 1417/1527/1313 1418/1528/1314
f 1416/1525/1312 1418/1528/1314 1419/1529/1315 943/1530/848
f 1419/1529/1315 1418/1528/1314 1420/1531/1316 1421/1532/1317
f 1419/1529/1315 1421/1532/1317 949/996/854 947/994/852
f 1419/1529/1315 947/994/852 944/993/849 943/1530/848
f 1421/1532/1317 1420/1531/1316 1422/1533/1318 1423/1534/1319
f 1421/1532/1317 1423/1534/1319 1424/1535/1320 949/996/854
f 1424/1535/1320 1423/1534/1319 1425/1536/1321 1426/1537/1322
f 1424/1535/1320 1426/1537/1322 1427/1538/1323 952/999/857
f 1424/1535/1320 952/999/857 950/997/855 949/996/854
f 1427/1538/1323 1426/1537/1322 1428/1539/1324 1429/1540/1325
f 1427/1538/1323 1429/1540/1325 1430/1541/1326 1431/1542/1327
f 1427/1538/1323 1431/1542/1327 953/1000/858 952/999/857
f 1431/1542/1327 1430/1541/1326 1432/1543/1328 1433/1544/1329
f 1431/1542/1327 1433/1544/1329 954/1001/859 953/1000/858
f 1433/1544/1329 1432/1543/1328 1434/1545/1330 1435/1546/1331
f 1433/1544/1329 1435/1546/1331 956/1003/861 954/1001/859
f 1435/1546/1331 1434/1545/1330 1371/1475/1267 115/72/64
f 1435/1546/1331 115/72/64 108/65/57 956/1003/861
f 1434/1545/1330 1432/1543/1328 124/83/75 130/89/81
f 1434/1545/1330 130/89/81 1372/1476/1268 1371/1475/1267
f 1432/1543/1328 1430/1541/1326 125/84/76 124/83/75
f 1430/1541/1326 1429/1540/1325 1436/1547/1332 125/84/76
f 1436/1547/1332 1429/1540/1325 1428/1539/1324 1437/1548/1333
f 1436/1547/1332 1437/1548/1333 1438/1549/1334 1439/1550/1335
f 1436/1547/1332 1439/1550/1335 126/85/77 125/84/76
f 1439/1550/1335 1438/1549/1334 1440/1551/1336 1441/1552/1337
f 1439/1550/1335 1441/1552/1337 194/164/153 126/85/77
f 1441/1552/1337 1440/1551/1336 1442/1553/1338 1443/1554/1339
f 1441/1552/1337 1443/1554/1339 1379/1483/1275 194/164/153
f 1443/1554/1339 1442/1553/1338 1444/1555/1340 1382/1486/1278
f 1443/1554/1339 1382/1486/1278 1380/1484/1276 1379/1483/1275
f 1444/1555/1340 1442/1553/1338 1445/1556/1341 1446/1557/1342
f 1444/1555/1340 1446/1557/1342 1447/1558/1343 1385/1489/1281
f 1444/1555/1340 1385/1489/1281 1383/1487/1279 1382/1486/1278
f 1447/1558/1343 1446/1557/1342 348/348/308 1448/1559/1344
f 1447/1558/1343 1448/1559/1344 1449/1560/1345 1450/1561/1346
f 1447/1558/1343 1450/1561/1346 1386/1490/1282 1385/1489/1281
f 1450/1561/1346 1449/1560/1345 1451/1562/1347 1390/1495/1286
f 1450/1561/1346 1390/1495/1286 1387/1491/1283 1386/1490/1282
f 1451/1562/1347 1449/1560/1345 1452/1563/1348 1453/1564/1349
f 1451/1562/1347 1453/1564/1349 1454/1565/1350 1455/1566/1351
f 1451/1562/1347 1455/1566/1351 1391/1496/1287 1390/1495/1286
f 1455/1567/1351 1454/1568/1350 1456/1569/1352 1457/1570/1353
f 1455/1567/1351 1457/1570/1353 1392/1499/1288 1391/1498/1287
f 1457/1570/1353 1456/1569/1352 1409/1517/1305 1458/1571/1354
f 1457/1570/1353 1458/1571/1354 1394/1501/1290 1392/1499/1288
f 1458/1571/1354 1409/1517/1305 1406/1514/1302 1404/1512/1300
f 1458/1571/1354 1404/1512/1300 1396/1503/1292 1394/1501/1290
f 1456/1569/1352 1412/1520/1308 1410/1518/1306 1409/1517/1305
f 1456/1569/1352 1454/1568/1350 1414/1522/1310 1412/1520/1308
f 1454/1565/1350 1453/1564/1349 1459/1572/1355 1414/1573/1310
f 1459/1572/1355 1417/1527/1313 1415/1526/1311 1414/1573/1310
f 1459/1572/1355 1453/1564/1349 1452/1563/1348 1460/1574/1356
f 1459/1572/1355 1460/1574/1356 1461/1575/1357 1417/1527/1313
f 1461/1575/1357 1420/1531/1316 1418/1528/1314 1417/1527/1313
f 1461/1575/1357 1460/1574/1356 1462/1576/1358 1463/1577/1359
f 1461/1575/1357 1463/1577/1359 1422/1533/1318 1420/1531/1316
f 1463/1577/1359 1462/1576/1358 349/349/309 1464/1578/1360
f 1463/1577/1359 1464/1578/1360 1465/1579/1361 1422/1533/1318
f 1465/1579/1361 1425/1536/1321 1423/1534/1319 1422/1533/1318
f 1465/1579/1361 1464/1578/1360 337/335/295 336/334/294
f 1465/1579/1361 336/334/294 335/333/293 1425/1536/1321
f 1464/1578/1360 349/349/309 346/346/306 337/335/295
f 1462/1576/1358 1460/1574/1356 1452/1563/1348 1466/1580/1362
f 1462/1576/1358 1466/1580/1362 347/347/307 349/349/309
f 1466/1580/1362 1452/1563/1348 1449/1560/1345 1448/1559/1344
f 1466/1580/1362 1448/1559/1344 348/348/308 347/347/307
f 1446/1557/1342 1445/1556/1341 344/344/304 348/348/308
f 1445/1556/1341 1467/1581/1363 345/345/305 344/344/304
f 1445/1556/1341 1442/1553/1338 1440/1551/1336 1467/1581/1363
f 1467/1581/1363 333/331/291 332/330/290 345/345/305
f 1467/1581/1363 1440/1551/1336 1438/1549/1334 333/331/291
f 1438/1549/1334 1437/1548/1333 334/332/292 333/331/291
f 1437/1548/1333 1428/1539/1324 335/333/293 334/332/292
f 1428/1539/1324 1426/1537/1322 1425/1536/1321 335/333/293
f 1402/1510/1298 919/964/824 915/959/820 914/958/819
f 1402/1510/1298 339/338/298 338/337/297 919/964/824
f 1400/1582/1296 909/1583/814 906/947/811 905/946/810
f 1400/1582/1296 905/946/810 269/254/234 268/253/233
f 1399/1506/1295 914/958/819 910/957/815 909/1507/814
f 1379/1483/1275 1377/1481/1273 127/86/78 194/164/153
f 1373/1477/1269 1372/1476/1268 130/89/81 129/88/80
f 1371/1475/1267 1369/1473/1265 112/69/61 115/72/64
f 1266/1358/1162 141/101/93 139/99/91 138/98/90
f 1259/1351/1155 134/94/86 139/99/91 140/100/92
f 1245/1337/1141 146/106/98 133/93/85 132/92/84
f 1241/1333/1137 1016/1067/921 1013/1066/918 1012/1441/917
f 1006/1055/911 1003/1052/908 1001/1050/906 1000/1049/905
f 1000/1049/905 998/1047/903 149/110/102 148/109/101
f 998/1047/903 996/1045/901 152/113/105 149/110/102
f 989/1038/894 988/1037/893 164/131/120 169/136/125
f 977/1026/882 975/1024/880 237/215/198 236/214/197
f 969/1018/874 509/526/475 505/522/471 504/521/470
f 965/1014/870 504/521/470 500/517/466 499/516/465
f 962/1584/867 959/1006/864 106/63/55 114/71/63
f 961/1009/866 499/516/465 495/512/461 161/129/118
f 934/979/839 123/81/73 244/223/206 243/222/205
f 929/974/834 927/972/832 341/340/300 343/342/302
f 927/972/832 924/969/829 342/341/301 341/340/300
f 926/971/831 1468/1585/1364 1469/1586/1365 1470/1587/1366
f 926/971/831 1470/1587/1366 923/968/828 922/967/827
f 926/971/831 240/219/202 239/218/201 1468/1585/1364
f 1470/1587/1366 1469/1586/1365 1471/1588/1367 1472/1589/1368
f 1470/1587/1366 1472/1589/1368 1473/1590/1369 923/968/828
f 1473/1591/1369 1472/1592/1368 1474/1593/1370 1475/1594/1371
f 1473/1591/1369 1475/1594/1371 1476/1595/1372 918/1596/823
f 1473/1590/1369 918/963/823 917/962/822 923/968/828
f 1476/1595/1372 1475/1594/1371 1477/1597/1373 1478/1598/1374
f 1476/1595/1372 1478/1598/1374 354/355/315 913/955/818
f 1476/1595/1372 913/955/818 912/954/817 918/1596/823
f 1478/1598/1374 1477/1597/1373 1479/1599/1375 1480/1600/1376
f 1478/1598/1374 1480/1600/1376 350/351/311 354/355/315
f 1480/1600/1376 1479/1599/1375 1481/1601/1377 1482/1602/1378
f 1480/1600/1376 1482/1602/1378 351/352/312 350/351/311
f 1482/1602/1378 1481/1601/1377 1483/1603/1379 1484/1604/1380
f 1482/1602/1378 1484/1604/1380 1485/1605/1381 351/352/312
f 1485/1605/1381 1484/1604/1380 1486/1606/1382 1487/1607/1383
f 1485/1605/1381 1487/1607/1383 888/926/793 887/925/792
f 1485/1605/1381 887/925/792 352/353/313 351/352/312
f 1487/1607/1383 1486/1606/1382 1488/1608/1384 252/232/215
f 1487/1607/1383 252/232/215 251/231/214 888/926/793
f 1488/1608/1384 1489/1609/1385 1490/1610/1386 258/239/222
f 1488/1608/1384 258/239/222 253/233/216 252/232/215
f 1488/1608/1384 1486/1606/1382 1491/1611/1387 1489/1609/1385
f 1491/1611/1387 1492/1612/1388 1493/1613/1389 1489/1609/1385
f 1491/1611/1387 1486/1606/1382 1484/1604/1380 1483/1603/1379
f 1491/1611/1387 1483/1603/1379 1494/1614/1390 1492/1612/1388
f 1494/1614/1390 1495/1615/1391 1496/1616/1392 1492/1612/1388
f 1494/1614/1390 1483/1603/1379 1481/1601/1377 1497/1617/1393
f 1494/1614/1390 1497/1617/1393 1498/1618/1394 1495/1615/1391
f 1498/1618/1394 1499/1619/1395 1500/1620/1396 1495/1615/1391
f 1498/1618/1394 1497/1617/1393 1501/1621/1397 1502/1622/1398
f 1498/1618/1394 1502/1622/1398 1503/1623/1399 1499/1619/1395
f 1503/1623/1399 1504/1624/1400 1505/1625/1401 1499/1619/1395
f 1503/1623/1399 1502/1622/1398 1506/1626/1402 1507/1627/1403
f 1503/1623/1399 1507/1627/1403 1508/1628/1404 1504/1624/1400
f 1508/1628/1404 1509/1629/1405 1510/1630/1406 1504/1624/1400
f 1508/1628/1404 1507/1627/1403 1511/1631/1407 1512/1632/1408
f 1508/1628/1404 1512/1632/1408 1513/1633/1409 1509/1629/1405
f 1513/1633/1409 1514/1634/1410 1515/1635/1411 1509/1629/1405
f 1513/1633/1409 1512/1632/1408 1516/1636/1412 1517/1637/1413
f 1513/1633/1409 1517/1637/1413 1518/1638/1414 1514/1634/1410
f 1518/1638/1414 1519/1639/1415 1520/1640/1416 1514/1634/1410
f 1518/1641/1414 1517/1642/1413 98/53/45 96/50/42
f 1518/1641/1414 96/50/42 95/49/41 1519/1643/1415
f 1520/1640/1416 1521/1644/1417 1522/1645/1418 1523/1646/1419
f 1520/1640/1416 1523/1646/1419 1515/1635/1411 1514/1634/1410
f 1520/1640/1416 1519/1639/1415 1524/1647/1420 1521/1644/1417
f 1524/1647/1420 1525/1648/1421 1526/1649/1422 1521/1644/1417
f 1524/1650/1420 1519/1643/1415 95/49/41 58/6/5
f 1524/1650/1420 58/6/5 1/5/1 1525/1651/1421
f 1526/1649/1422 163/1652/117 488/504/454 487/503/453
f 1526/1649/1422 487/503/453 1522/1645/1418 1521/1644/1417
f 1526/1649/1422 1525/1648/1421 159/1653/114 163/1652/117
f 1525/1654/1421 1/1/1 57/4/4 159/122/114
f 1523/1646/1419 1522/1645/1418 482/496/448 1527/1655/1423
f 1523/1646/1419 1527/1655/1423 1528/1656/1424 1515/1635/1411
f 1528/1656/1424 1527/1655/1423 477/491/443 1529/1657/1425
f 1528/1656/1424 1529/1657/1425 1530/1658/1426 1510/1630/1406
f 1528/1656/1424 1510/1630/1406 1509/1629/1405 1515/1635/1411
f 1530/1658/1426 1529/1657/1425 472/486/438 1531/1659/1427
f 1530/1658/1426 1531/1659/1427 1532/1660/1428 1505/1625/1401
f 1530/1658/1426 1505/1625/1401 1504/1624/1400 1510/1630/1406
f 1532/1660/1428 1531/1659/1427 468/482/434 1533/1661/1429
f 1532/1660/1428 1533/1661/1429 1534/1662/1430 1500/1620/1396
f 1532/1660/1428 1500/1620/1396 1499/1619/1395 1505/1625/1401
f 1534/1662/1430 1533/1661/1429 1535/1663/1431 1536/1664/1432
f 1534/1662/1430 1536/1664/1432 1537/1665/1433 1496/1616/1392
f 1534/1662/1430 1496/1616/1392 1495/1615/1391 1500/1620/1396
f 1537/1665/1433 1536/1664/1432 1538/1666/1434 1539/1667/1435
f 1537/1665/1433 1539/1667/1435 1540/1668/1436 1493/1613/1389
f 1537/1665/1433 1493/1613/1389 1492/1612/1388 1496/1616/1392
f 1540/1668/1436 1539/1667/1435 245/225/208 250/229/212
f 1540/1668/1436 250/229/212 255/235/218 1490/1610/1386
f 1540/1668/1436 1490/1610/1386 1489/1609/1385 1493/1613/1389
f 1539/1667/1435 1538/1666/1434 246/226/209 245/225/208
f 1538/1666/1434 1541/1669/1437 1542/1670/1438 246/226/209
f 1538/1666/1434 1536/1664/1432 1535/1663/1431 1541/1669/1437
f 1542/1670/1438 462/476/428 459/473/425 458/472/424
f 1542/1670/1438 458/472/424 247/227/210 246/226/209
f 1542/1670/1438 1541/1669/1437 464/478/430 462/476/428
f 1541/1669/1437 1535/1663/1431 466/480/432 464/478/430
f 1535/1663/1431 1533/1661/1429 468/482/434 466/480/432
f 1531/1659/1427 472/486/438 469/483/435 468/482/434
f 1529/1657/1425 477/491/443 473/487/439 472/486/438
f 1527/1655/1423 482/496/448 478/492/444 477/491/443
f 1522/1645/1418 487/503/453 483/497/449 482/496/448
f 1517/1642/1413 1516/1671/1412 119/77/69 98/53/45
f 1516/1636/1412 1512/1632/1408 1511/1631/1407 1543/1672/1439
f 1516/1671/1412 1543/1673/1439 1544/1674/1440 119/77/69
f 1544/1674/1440 1543/1673/1439 1471/1588/1367 1469/1586/1365
f 1544/1674/1440 1469/1586/1365 1468/1585/1364 1545/1675/1441
f 1544/1674/1440 1545/1675/1441 120/78/70 119/77/69
f 1545/1675/1441 1468/1585/1364 239/218/201 244/223/206
f 1545/1675/1441 244/223/206 123/81/73 120/78/70
f 1543/1672/1439 1511/1631/1407 1546/1676/1442 1471/1677/1367
f 1546/1676/1442 1511/1631/1407 1507/1627/1403 1506/1626/1402
f 1546/1676/1442 1506/1626/1402 1547/1678/1443 1474/1593/1370
f 1546/1676/1442 1474/1593/1370 1472/1592/1368 1471/1677/1367
f 1547/1678/1443 1506/1626/1402 1502/1622/1398 1501/1621/1397
f 1547/1678/1443 1501/1621/1397 1479/1599/1375 1477/1597/1373
f 1547/1678/1443 1477/1597/1373 1475/1594/1371 1474/1593/1370
f 1501/1621/1397 1497/1617/1393 1481/1601/1377 1479/1599/1375
f 1490/1610/1386 255/235/218 256/236/219 258/239/222
f 920/965/825 919/964/824 338/337/297 342/341/301
f 913/955/818 354/355/315 353/354/314 908/950/813
f 896/934/801 894/932/799 292/283/257 296/287/261
f 894/932/799 893/931/798 293/284/258 292/283/257
f 892/930/797 889/927/794 885/923/790 884/922/789
f 888/926/793 251/231/214 254/234/217 883/921/788
f 879/917/784 254/234/217 253/233/216 257/238/221
f 871/909/776 249/228/211 248/230/213 276/263/237
f 871/909/776 259/240/223 256/236/219 249/228/211
f 868/906/773 866/904/771 318/313/287 317/312/286
f 863/901/768 1548/1679/1444 1549/1680/1445 1550/1681/1446
f 863/901/768 1550/1681/1446 858/896/763 857/895/762
f 863/901/768 862/900/767 1551/1682/1447 1548/1679/1444
f 1551/1682/1447 1552/1683/1448 1553/1684/1449 1548/1679/1444
f 1551/1682/1447 862/900/767 303/296/270 302/295/269
f 1551/1682/1447 302/295/269 305/298/272 1552/1683/1448
f 1553/1684/1449 1554/1685/1450 1555/1686/1451 1556/1687/1452
f 1553/1684/1449 1556/1687/1452 1549/1680/1445 1548/1679/1444
f 1553/1684/1449 1552/1683/1448 1557/1688/1453 1554/1685/1450
f 1557/1688/1453 1558/1689/1454 1559/1690/1455 1554/1685/1450
f 1557/1688/1453 1552/1683/1448 305/298/272 1560/1691/1456
f 1557/1688/1453 1560/1691/1456 1561/1692/1457 1558/1689/1454
f 1561/1692/1457 300/292/266 299/291/265 1558/1689/1454
f 1561/1692/1457 1560/1691/1456 279/267/241 283/272/246
f 1561/1692/1457 283/272/246 282/271/245 300/292/266
f 1560/1691/1456 305/298/272 275/262/236 279/267/241
f 1559/1690/1455 1562/1693/1458 1563/1694/1459 1564/1695/1460
f 1559/1690/1455 1564/1695/1460 1555/1686/1451 1554/1685/1450
f 1559/1690/1455 1558/1689/1454 299/291/265 1562/1693/1458
f 1564/1695/1460 1563/1694/1459 429/443/395 1565/1696/1461
f 1564/1695/1460 1565/1696/1461 1566/1697/1462 1555/1686/1451
f 1566/1697/1462 1565/1696/1461 424/438/390 1567/1698/1463
f 1566/1697/1462 1567/1698/1463 1568/1699/1464 1569/1700/1465
f 1566/1697/1462 1569/1700/1465 1556/1687/1452 1555/1686/1451
f 1569/1700/1465 1568/1699/1464 1570/1701/1466 1571/1702/1467
f 1569/1700/1465 1571/1702/1467 1549/1680/1445 1556/1687/1452
f 1571/1702/1467 1570/1701/1466 1572/1703/1468 1573/1704/1469
f 1571/1702/1467 1573/1704/1469 1550/1681/1446 1549/1680/1445
f 1573/1704/1469 1572/1703/1468 1574/1705/1470 1575/1706/1471
f 1573/1704/1469 1575/1706/1471 858/896/763 1550/1681/1446
f 1575/1706/1471 1574/1705/1470 1576/1707/1472 853/891/758
f 1575/1706/1471 853/891/758 852/890/757 858/896/763
f 1576/1707/1472 1574/1705/1470 1577/1708/1473 1578/1709/1474
f 1576/1707/1472 1578/1709/1474 1579/1710/1475 848/886/753
f 1576/1707/1472 848/886/753 847/885/752 853/891/758
f 1579/1710/1475 1578/1709/1474 1580/1711/1476 1581/1712/1477
f 1579/1710/1475 1581/1712/1477 1582/1713/1478 843/881/748
f 1579/1710/1475 843/881/748 842/880/747 848/886/753
f 1582/1713/1478 1581/1712/1477 287/277/251 306/300/274
f 1582/1713/1478 306/300/274 310/304/278 838/876/743
f 1582/1713/1478 838/876/743 837/875/742 843/881/748
f 1581/1712/1477 1580/1711/1476 288/278/252 287/277/251
f 1580/1711/1476 1583/1714/1479 291/281/255 288/278/252
f 1580/1711/1476 1578/1709/1474 1577/1708/1473 1583/1714/1479
f 1583/1714/1479 1584/1715/1480 232/209/192 291/281/255
f 1583/1714/1479 1577/1708/1473 1585/1716/1481 1584/1715/1480
f 1585/1716/1481 1586/1717/1482 1587/1718/1483 1584/1715/1480
f 1585/1716/1481 1577/1708/1473 1574/1705/1470 1572/1703/1468
f 1585/1716/1481 1572/1703/1468 1570/1701/1466 1586/1717/1482
f 1587/1718/1483 1588/1719/1484 202/175/164 201/174/163
f 1587/1718/1483 201/174/163 232/209/192 1584/1715/1480
f 1587/1718/1483 1586/1717/1482 1589/1720/1485 1588/1719/1484
f 1589/1720/1485 420/434/386 418/431/383 1588/1719/1484
f 1589/1720/1485 1586/1717/1482 1570/1701/1466 1568/1699/1464
f 1589/1720/1485 1568/1699/1464 1567/1698/1463 420/434/386
f 1588/1719/1484 418/431/383 206/179/168 202/175/164
f 1567/1698/1463 424/438/390 421/435/387 420/434/386
f 1565/1696/1461 429/443/395 425/439/391 424/438/390
f 1563/1694/1459 434/448/400 430/444/396 429/443/395
f 1563/1694/1459 1562/1693/1458 1590/1721/1486 434/448/400
f 1590/1721/1486 439/453/405 435/449/401 434/448/400
f 1590/1721/1486 1562/1693/1458 299/291/265 298/290/264
f 1590/1721/1486 298/290/264 301/293/267 439/453/405
f 838/876/743 310/304/278 833/871/738 832/870/737
f 833/871/738 310/304/278 309/303/277 1591/1722/1487
f 833/871/738 1591/1722/1487 828/864/733 827/863/732
f 1591/1722/1487 309/303/277 308/302/276 1592/1723/1488
f 1591/1722/1487 1592/1723/1488 1593/1724/1489 828/864/733
f 1593/1724/1489 1592/1723/1488 1594/1725/1490 1595/1726/1491
f 1593/1724/1489 1595/1726/1491 1596/1727/1492 823/1728/728
f 1593/1724/1489 823/1728/728 822/865/727 828/864/733
f 1596/1729/1492 1595/1730/1491 1597/1731/1493 1598/1732/1494
f 1596/1729/1492 1598/1732/1494 1599/1733/20 818/850/723
f 1596/1729/1492 818/850/723 817/849/722 823/1734/728
f 1599/1733/20 1598/1732/1494 1600/1735/20 1601/1736/20
f 1599/1733/20 1601/1736/20 1602/1737/20 813/845/20
f 1599/1733/20 813/845/20 812/844/718 818/850/723
f 1602/1737/20 1601/1736/20 1603/1738/20 1604/1739/20
f 1602/1737/20 1604/1739/20 1605/1740/20 808/840/20
f 1602/1737/20 808/840/20 807/839/20 813/845/20
f 1605/1740/20 1604/1739/20 1606/1741/20 1607/1742/20
f 1605/1740/20 1607/1742/20 1608/1743/20 803/835/20
f 1605/1740/20 803/835/20 802/834/20 808/840/20
f 1608/1743/20 1607/1742/20 1609/1744/20 1610/1745/20
f 1608/1743/20 1610/1745/20 1611/1746/20 798/830/20
f 1608/1743/20 798/830/20 797/829/20 803/835/20
f 1611/1746/20 1610/1745/20 1612/1747/20 1613/1748/20
f 1611/1746/20 1613/1748/20 1614/1749/20 793/825/20
f 1611/1746/20 793/825/20 792/824/20 798/830/20
f 1614/1749/20 1613/1748/20 328/325/20 327/324/20
f 1614/1749/20 327/324/20 1615/1750/20 788/820/20
f 1614/1749/20 788/820/20 787/819/20 793/825/20
f 1615/1750/20 327/324/20 326/323/20 1616/1751/20
f 1615/1750/20 1616/1751/20 1617/1752/20 783/815/20
f 1615/1750/20 783/815/20 782/814/20 788/820/20
f 1617/1752/20 1616/1751/20 1618/1753/20 1619/1754/20
f 1617/1752/20 1619/1754/20 1620/1755/20 778/810/20
f 1617/1752/20 778/810/20 777/809/20 783/815/20
f 1620/1755/20 1619/1754/20 1621/1756/20 1622/1757/20
f 1620/1755/20 1622/1757/20 1623/1758/20 774/806/20
f 1620/1755/20 774/806/20 773/805/20 778/810/20
f 1623/1758/20 1622/1757/20 1624/1759/20 1625/1760/20
f 1623/1758/20 1625/1760/20 1626/1761/20 770/802/20
f 1623/1758/20 770/802/20 769/801/20 774/806/20
f 1626/1761/20 766/798/20 765/797/20 770/802/20
f 1626/1761/20 1625/1760/20 1627/1762/20 1628/1763/20
f 1626/1761/20 1628/1763/20 1629/1764/20 766/798/20
f 1629/1764/20 1630/1765/20 767/799/20 766/798/20
f 1629/1764/20 1628/1763/20 1631/1766/20 1632/1767/20
f 1629/1764/20 1632/1767/20 271/257/20 1630/1765/20
f 1632/1767/20 1631/1766/20 1633/1768/20 1634/1769/20
f 1632/1767/20 1634/1769/20 272/258/20 271/257/20
f 1634/1769/20 1633/1768/20 1635/1770/20 1636/1771/20
f 1634/1769/20 1636/1771/20 273/259/20 272/258/20
f 1636/1771/20 1635/1770/20 1637/1772/20 1638/1773/20
f 1636/1771/20 1638/1773/20 1639/1774/20 273/259/20
f 1639/1774/20 1640/1775/20 274/260/20 273/259/20
f 1639/1774/20 1638/1773/20 1641/1776/20 1642/1777/1495
f 1639/1774/20 1642/1777/1495 1643/1778/1496 1640/1775/20
f 1643/1778/1496 1642/1777/1495 1644/1779/1497 1645/1780/1498
f 1643/1778/1496 1645/1780/1498 1646/1781/1499 224/201/188
f 1643/1778/1496 224/201/188 223/200/187 1640/1775/20
f 1646/1781/1499 1645/1780/1498 1647/1782/1500 1648/1783/1501
f 1646/1781/1499 1648/1783/1501 412/1784/376 1649/1785/1502
f 1646/1781/1499 1649/1785/1502 225/202/189 224/201/188
f 1649/1785/1502 412/1784/376 408/418/372 407/417/371
f 1649/1785/1502 407/417/371 406/416/370 225/202/189
f 1648/1786/1501 1647/1787/1500 1650/1788/1503 415/427/379
f 1648/1786/1501 415/427/379 413/425/377 412/424/376
f 1650/1788/1503 1647/1787/1500 1651/1789/1504 1652/1790/1505
f 1650/1788/1503 1652/1790/1505 1653/1791/1506 205/178/167
f 1650/1788/1503 205/178/167 204/177/166 415/427/379
f 1653/1791/1506 1652/1790/1505 1654/1792/1507 1655/1793/1508
f 1653/1791/1506 1655/1793/1508 290/280/254 230/207/190
f 1653/1791/1506 230/207/190 23/172/161 205/178/167
f 1655/1793/1508 1654/1792/1507 307/301/275 42/299/273
f 1655/1793/1508 42/299/273 286/276/250 290/280/254
f 1654/1792/1507 1652/1790/1505 1651/1789/1504 1656/1794/1509
f 1654/1792/1507 1656/1794/1509 1657/1795/1510 307/301/275
f 1657/1796/1510 1656/1797/1509 1658/1798/1511 1659/1799/1512
f 1657/1796/1510 1659/1799/1512 1660/1800/1513 1661/1801/1514
f 1657/1795/1510 1661/1802/1514 308/302/276 307/301/275
f 1661/1801/1514 1660/1800/1513 1662/1803/1515 1594/1804/1490
f 1661/1802/1514 1594/1725/1490 1592/1723/1488 308/302/276
f 1662/1803/1515 1660/1800/1513 1663/1805/1516 1664/1806/1517
f 1662/1803/1515 1664/1806/1517 1665/1807/1518 1597/1731/1493
f 1662/1803/1515 1597/1731/1493 1595/1730/1491 1594/1804/1490
f 1665/1807/1518 1664/1806/1517 1666/1808/1519 1667/1809/1520
f 1665/1807/1518 1667/1809/1520 1668/1810/20 1600/1735/20
f 1665/1807/1518 1600/1735/20 1598/1732/1494 1597/1731/1493
f 1668/1810/20 1667/1809/1520 1669/1811/20 1670/1812/20
f 1668/1810/20 1670/1812/20 1671/1813/20 1603/1738/20
f 1668/1810/20 1603/1738/20 1601/1736/20 1600/1735/20
f 1671/1813/20 1670/1812/20 1672/1814/20 1673/1815/20
f 1671/1813/20 1673/1815/20 1674/1816/20 1606/1741/20
f 1671/1813/20 1606/1741/20 1604/1739/20 1603/1738/20
f 1674/1816/20 1673/1815/20 1675/1817/20 1676/1818/20
f 1674/1816/20 1676/1818/20 1677/1819/20 1609/1744/20
f 1674/1816/20 1609/1744/20 1607/1742/20 1606/1741/20
f 1677/1819/20 1676/1818/20 323/319/20 325/321/20
f 1677/1819/20 325/321/20 329/326/20 1612/1747/20
f 1677/1819/20 1612/1747/20 1610/1745/20 1609/1744/20
f 1676/1818/20 1675/1817/20 324/320/20 323/319/20
f 1675/1817/20 1678/1820/20 1679/1821/20 324/320/20
f 1675/1817/20 1673/1815/20 1672/1814/20 1678/1820/20
f 1679/1821/20 1680/1822/20 1681/1823/20 1682/1824/20
f 1679/1821/20 1682/1824/20 320/316/20 324/320/20
f 1679/1821/20 1678/1820/20 1683/1825/20 1680/1822/20
f 1683/1825/20 1684/1826/20 1685/1827/20 1680/1822/20
f 1683/1825/20 1678/1820/20 1672/1814/20 1686/1828/20
f 1683/1825/20 1686/1828/20 1687/1829/20 1684/1826/20
f 1687/1829/20 1688/1830/20 1689/1831/20 1684/1826/20
f 1687/1829/20 1686/1828/20 1669/1811/20 1690/1832/20
f 1687/1829/20 1690/1832/20 1691/1833/20 1688/1830/20
f 1691/1833/20 1635/1770/20 1633/1768/20 1688/1830/20
f 1691/1833/20 1690/1832/20 1666/1808/1519 1692/1834/1521
f 1691/1833/20 1692/1834/1521 1637/1772/20 1635/1770/20
f 1692/1834/1521 1666/1808/1519 1664/1806/1517 1663/1805/1516
f 1692/1834/1521 1663/1805/1516 1693/1835/1522 1637/1772/20
f 1693/1835/1522 1641/1776/20 1638/1773/20 1637/1772/20
f 1693/1835/1522 1663/1805/1516 1660/1800/1513 1659/1799/1512
f 1693/1835/1522 1659/1799/1512 1658/1798/1511 1641/1776/20
f 1690/1832/20 1669/1811/20 1667/1809/1520 1666/1808/1519
f 1689/1831/20 1631/1766/20 1628/1763/20 1627/1762/20
f 1689/1831/20 1627/1762/20 1685/1827/20 1684/1826/20
f 1689/1831/20 1688/1830/20 1633/1768/20 1631/1766/20
f 1686/1828/20 1672/1814/20 1670/1812/20 1669/1811/20
f 1685/1827/20 1627/1762/20 1625/1760/20 1624/1759/20
f 1685/1827/20 1624/1759/20 1681/1823/20 1680/1822/20
f 1682/1824/20 1681/1823/20 1621/1756/20 1694/1836/20
f 1682/1824/20 1694/1836/20 321/317/20 320/316/20
f 1694/1836/20 1621/1756/20 1619/1754/20 1618/1753/20
f 1694/1836/20 1618/1753/20 331/328/20 321/317/20
f 1681/1823/20 1624/1759/20 1622/1757/20 1621/1756/20
f 1658/1798/1511 1644/1779/1497 1642/1777/1495 1641/1776/20
f 1658/1798/1511 1656/1797/1509 1651/1837/1504 1644/1779/1497
f 1651/1837/1504 1647/1782/1500 1645/1780/1498 1644/1779/1497
f 1640/1775/20 223/200/187 226/203/20 274/260/20
f 1630/1765/20 229/206/20 228/205/20 767/799/20
f 1630/1765/20 271/257/20 270/256/20 229/206/20
f 1618/1753/20 1616/1751/20 326/323/20 331/328/20
f 1613/1748/20 1612/1747/20 329/326/20 328/325/20
f 779/811/20 775/807/20 753/785/20 751/783/20
f 771/803/20 756/788/20 754/786/20 753/785/20
f 701/727/667 657/681/623 654/678/620 652/677/618
f 697/721/663 660/684/626 658/682/624 657/681/623
f 693/717/659 663/687/629 661/685/627 660/684/626
f 689/713/655 666/690/632 664/688/630 663/687/629
f 688/712/654 104/60/52 103/59/51 684/708/650
f 685/709/651 669/693/635 667/691/633 666/690/632
f 682/706/648 672/696/638 670/694/636 669/693/635
f 681/705/647 103/59/51 102/58/50 116/74/66
f 679/703/645 116/74/66 11/73/65 118/76/68
f 645/667/611 643/665/609 642/664/608 359/362/322
f 642/664/608 175/143/132 174/142/131 359/362/322
f 642/664/608 640/662/606 639/661/605 175/143/132
f 632/654/598 631/653/597 181/150/139 191/161/150
f 632/654/598 191/161/150 190/160/149 193/163/152
f 610/632/576 90/43/35 89/45/37 607/629/573
f 605/627/571 604/626/570 89/45/37 88/42/34
f 552/569/518 550/567/516 549/566/515 211/185/174
f 476/490/442 70/21/19 69/20/18 471/485/437
f 458/472/424 454/468/420 453/467/419 247/227/210
f 453/467/419 449/463/415 280/269/243 277/265/239
f 453/467/419 277/265/239 248/230/213 247/227/210
f 445/459/411 444/458/410 281/270/244 280/269/243
f 444/458/410 440/454/406 439/453/405 301/293/267
f 444/458/410 301/293/267 285/274/248 281/270/244
f 428/442/394 84/37/29 92/46/38 423/437/389
f 399/408/20 398/407/20 76/28/20 75/27/20
f 376/382/342 375/381/341 118/76/68 117/75/67
f 360/363/323 50/360/320 174/142/131 173/141/130
f 346/346/306 345/345/305 332/330/290 337/335/295
f 331/328/20 330/327/20 322/318/20 321/317/20
f 330/327/20 329/326/20 325/321/20 322/318/20
f 291/281/255 232/209/192 231/208/191 289/279/253
f 290/280/254 289/279/253 231/208/191 230/207/190
f 283/272/246 279/267/241 278/266/240 284/273/247
f 278/266/240 36/261/235 35/264/238 284/273/247
f 270/256/20 226/203/20 222/199/20 229/206/20
f 191/161/150 181/150/139 180/149/138 186/156/145
f 186/156/145 180/149/138 182/151/140 185/154/143
f 146/106/98 145/105/97 136/96/88 133/93/85
f 95/49/41 94/48/40 59/7/6 58/6/5
f 7/430/382 93/433/385 92/46/38 79/32/24
f 37/268/242 284/273/247 35/264/238 277/265/239
