# Blender 4.5.2 LTS
# www.blender.org
mtllib drone.mtl
o Box007
v 23.000446 9.228074 -19.225363
v 21.078049 8.678274 -23.607677
v 22.227510 9.417337 -18.751402
v 19.422106 8.700195 -23.491653
v 22.931519 9.363477 -19.090855
v 21.094006 8.715604 -23.622221
v 22.060608 9.430581 -18.815422
v 19.414797 8.743534 -23.493885
v 22.938828 9.320138 -19.088625
v 22.067915 9.387241 -18.813192
v 23.016401 9.265405 -19.239906
v 22.220201 9.460676 -18.753633
v 20.065380 8.797999 -23.699127
v 20.523861 8.805751 -23.738615
v 20.516552 8.849090 -23.740847
v 20.058071 8.841339 -23.701357
v 22.498682 9.505525 -18.794735
v 22.736084 9.471352 -18.924362
v 22.505991 9.462186 -18.792503
v 22.743393 9.428013 -18.922132
v 20.797194 8.830288 -23.684002
v 20.804502 8.786949 -23.681770
v 19.635960 8.686335 -24.461540
v 18.997366 8.590394 -24.233173
v 18.989628 8.633623 -24.236156
v 19.627241 8.729304 -24.466326
v 19.404875 8.651425 -24.382624
v 19.225479 8.624518 -24.317598
v 19.219273 8.668224 -24.316330
v 19.398596 8.694943 -24.384760
v 19.387856 8.653964 -24.277540
v 19.304203 8.641435 -24.246885
v 19.296894 8.684774 -24.249117
v 19.380547 8.697304 -24.279772
v 15.727497 7.475513 -29.443403
v 17.649895 8.025313 -25.061089
v 16.403862 7.858876 -29.946842
v 19.209267 8.576017 -25.206591
v 15.750594 7.611866 -29.591902
v 17.622362 8.056624 -25.050079
v 16.556149 7.932311 -29.887283
v 19.201958 8.619357 -25.208822
v 15.757904 7.568527 -29.589670
v 16.563457 7.888972 -29.885054
v 15.699965 7.506824 -29.432396
v 16.396553 7.902215 -29.949074
v 18.565992 8.478213 -24.999119
v 18.129604 8.339461 -24.952885
v 18.122295 8.382801 -24.955116
v 18.558683 8.521552 -25.001350
v 16.118073 7.857367 -29.907972
v 15.902763 7.760539 -29.771601
v 16.125381 7.814028 -29.905743
v 15.910072 7.717201 -29.769369
v 17.864244 8.267653 -25.005066
v 17.871553 8.224315 -25.002834
v 19.243517 8.622252 -24.420706
v 19.327169 8.634782 -24.451361
v 19.319860 8.678122 -24.453592
v 19.236208 8.665591 -24.422935
v 23.348536 6.469617 -10.758789
v 23.999805 6.469617 -11.115529
v 24.754553 6.469616 -11.421799
v 25.636044 6.469616 -11.659126
v 26.689672 6.469566 -11.828219
v 27.951427 6.469597 -11.884037
v 28.636688 6.469616 -11.781463
v 29.198414 6.469611 -11.590512
v 29.622162 6.469574 -11.472166
v 30.935349 6.469617 -11.431118
v 31.338026 6.469617 -11.543882
v 31.676607 6.469618 -11.721025
v 31.947014 6.469618 -11.953092
v 32.145103 6.469618 -12.230578
v 32.266769 6.469617 -12.544029
v 32.308064 6.469618 -12.881808
v 32.266769 6.469617 -13.219587
v 32.145103 6.469618 -13.533032
v 31.947016 6.469617 -13.810518
v 31.676611 6.469617 -14.042584
v 31.338028 6.469617 -14.219731
v 30.935366 6.469617 -14.332493
v 29.624254 6.469627 -14.291991
v 29.197273 6.469625 -14.172750
v 28.636707 6.469617 -13.982160
v 28.328756 6.469617 -13.913308
v 25.636049 6.469617 -14.104491
v 24.754570 6.469617 -14.341812
v 23.999805 6.469617 -14.648088
v 23.348557 6.469617 -15.004815
v 22.765070 6.469605 -15.396178
v 22.231438 6.469641 -15.823084
v 23.296955 6.667430 -10.844290
v 23.955997 6.668596 -11.206441
v 24.722576 6.670000 -11.518350
v 25.615461 6.668597 -11.757923
v 27.955050 6.680687 -11.995440
v 28.344275 6.670455 -11.951262
v 30.915926 6.670003 -11.530978
v 31.299520 6.670002 -11.638024
v 31.618340 6.670729 -11.804899
v 31.871441 6.670002 -12.021169
v 32.054947 6.670733 -12.278563
v 32.168224 6.670009 -12.569233
v 32.205997 6.670453 -12.881814
v 32.168930 6.668599 -13.194847
v 32.054962 6.670724 -13.485042
v 31.871059 6.670730 -13.742251
v 31.618427 6.670726 -13.958658
v 31.299561 6.670000 -14.125575
v 30.916601 6.668596 -14.233323
v 29.643921 6.670100 -14.192074
v 28.344278 6.670461 -13.812350
v 25.615467 6.668597 -14.005692
v 24.722393 6.668597 -14.246164
v 23.956001 6.668594 -14.557176
v 23.294760 6.670003 -14.918495
v 22.706673 6.669681 -15.313532
v 22.160240 6.669657 -15.751929
v 22.021345 6.869205 -10.179785
v 23.190685 6.869329 -11.015464
v 23.869518 6.868672 -11.386461
v 24.659172 6.869570 -11.708634
v 25.574600 6.868671 -11.953417
v 30.878443 6.869567 -11.728042
v 31.512409 6.869838 -13.795253
v 30.879353 6.869325 -14.036372
v 25.574553 6.868671 -13.810210
v 24.658535 6.868672 -14.056938
v 23.870684 6.867394 -14.378118
v 23.190495 6.868313 -14.748789
v 22.021090 6.868159 -15.613186
v 21.803726 7.055124 -10.487376
v 24.558893 7.032013 -12.016866
v 30.775494 7.032532 -12.039972
v 31.586008 7.006073 -12.713589
v 31.591633 7.008972 -13.026798
v 31.508734 7.008708 -13.233272
v 31.050463 7.035330 -13.653308
v 29.624979 7.035375 -13.644508
v 24.558788 7.032009 -13.746798
v 23.730927 7.031281 -14.084581
v 21.569561 7.066737 -15.240549
v 31.607733 6.869617 -12.834716
v 22.972254 7.071235 -12.204017
v 22.972769 7.069617 -13.560132
v 23.560478 7.069617 -12.346718
v 23.560461 7.069617 -13.416904
v 24.272598 7.069617 -13.276463
v 25.201977 7.069617 -12.615935
v 25.201979 7.069617 -13.147682
v 26.505802 7.070507 -12.760793
v 23.058592 7.101264 -13.473231
v 23.468731 7.118770 -12.375303
v 24.682165 7.132743 -12.585993
v 27.572311 7.110433 -12.882907
v 24.470768 7.139462 -13.193901
v 23.363913 7.114870 -13.417020
v 23.683037 7.206867 -12.881808
v 24.950737 7.227706 -12.884036
v 21.613836 7.066699 -10.590199
v 23.534981 7.066772 -11.797992
v 28.320618 7.066670 -12.680395
v 29.689590 7.066720 -12.358638
v 31.172112 7.067105 -12.382401
v 31.439737 7.069780 -12.486334
v 31.288647 7.065273 -13.424538
v 31.288849 7.006992 -13.464636
v 29.871243 7.066322 -13.461819
v 28.175804 7.066676 -13.080512
v 23.239668 7.066878 -14.114431
v 21.793476 7.031512 -15.386537
v 26.815672 6.669662 -13.828231
v 26.998379 6.669621 -13.819345
v 27.181326 6.670290 -13.810414
v 27.546549 6.669623 -13.795197
v 27.433575 6.868965 -13.603499
v 27.619831 6.869935 -13.593012
v 27.729420 6.670002 -11.977291
v 27.546251 6.669407 -11.969499
v 27.363861 6.669726 -11.960846
v 27.181019 6.669509 -11.953415
v 26.998444 6.669817 -11.944772
v 27.619383 6.868777 -12.168308
v 27.247631 6.868777 -12.151871
v 26.876154 6.869691 -12.137718
v 31.975769 6.869617 -13.146556
v 28.179468 6.469617 -13.896084
v 28.304024 6.854400 -13.620018
v 26.641659 6.469617 -13.941984
v 26.791008 7.133092 -12.808667
v 26.437107 7.133163 -12.993168
v 26.396305 7.184725 -12.882169
v 31.417154 6.869617 -12.410617
v 31.608259 6.984394 -12.920750
v 31.549040 6.869617 -13.163487
v 31.415970 6.869617 -13.354260
v 26.034752 6.868537 -12.035365
v 29.986250 6.469615 -14.354894
v 16.376497 6.469643 -9.968162
v 15.867246 6.469604 -10.370761
v 15.287005 6.469616 -10.758808
v 14.635769 6.469617 -11.115529
v 13.881007 6.469616 -11.421803
v 12.999517 6.469617 -11.659129
v 10.306812 6.469616 -11.850310
v 9.998857 6.469617 -11.781458
v 9.437185 6.469610 -11.590527
v 9.013402 6.469574 -11.472168
v 7.700204 6.469616 -11.431126
v 7.297540 6.469617 -11.543888
v 6.958961 6.469617 -11.721035
v 6.688560 6.469617 -11.953094
v 6.490471 6.469616 -12.230585
v 6.368803 6.469617 -12.544033
v 6.327509 6.469617 -12.881810
v 6.368802 6.469617 -13.219587
v 6.490468 6.469617 -13.533035
v 6.688563 6.469617 -13.810532
v 6.958966 6.469618 -14.042593
v 7.297550 6.469617 -14.219738
v 7.700222 6.469617 -14.332501
v 9.013414 6.469575 -14.291451
v 9.437134 6.469611 -14.173115
v 9.829628 6.469612 -14.034977
v 10.080860 6.469623 -13.958999
v 10.306814 6.469617 -13.913311
v 10.653584 6.469653 -13.881535
v 12.999531 6.469617 -14.104494
v 13.881020 6.469617 -14.341820
v 14.635771 6.469617 -14.648090
v 15.287007 6.469617 -15.004811
v 15.866863 6.469598 -15.396037
v 16.376459 6.469641 -15.823042
v 16.447710 6.669684 -10.039335
v 15.339863 6.668598 -10.844773
v 14.678520 6.667432 -11.205771
v 13.912999 6.670000 -11.518351
v 13.020107 6.668596 -11.757925
v 11.955746 6.668869 -11.928278
v 10.291421 6.669227 -11.950578
v 7.718969 6.668594 -11.530293
v 7.336012 6.670001 -11.638043
v 7.017147 6.670728 -11.804961
v 6.764503 6.670727 -12.021374
v 6.580615 6.670730 -12.278582
v 6.466642 6.668599 -12.568775
v 6.429958 6.671123 -12.881812
v 6.466640 6.668596 -13.194845
v 6.579379 6.668600 -13.485288
v 6.763316 6.668600 -13.742732
v 7.017231 6.670730 -13.958717
v 7.335342 6.668594 -14.126171
v 7.719651 6.670003 -14.232641
v 8.214113 6.668184 -14.280777
v 10.291300 6.670456 -13.812356
v 13.019827 6.670000 -14.004827
v 13.913194 6.668597 -14.246172
v 14.679565 6.668597 -14.557173
v 15.340847 6.670002 -14.918519
v 15.927645 6.669248 -15.315576
v 16.447016 6.669269 -15.751540
v 16.586872 6.868184 -10.178092
v 15.444297 6.868672 -11.014999
v 14.766059 6.868672 -11.386461
v 13.976402 6.869570 -11.708634
v 13.061020 6.868670 -11.953407
v 10.682321 6.868263 -12.184457
v 7.755748 6.868667 -11.726612
v 7.123164 6.869839 -11.968367
v 6.722907 6.869631 -12.431119
v 7.409794 6.868667 -13.940869
v 7.757131 6.869567 -14.035578
v 13.060116 6.869570 -13.808338
v 13.977145 6.867393 -14.058423
v 14.766059 6.868673 -14.377160
v 15.446547 6.869572 -14.748062
v 16.042706 6.867558 -15.154233
v 16.814569 7.031567 -10.404789
v 14.076792 7.032012 -12.016825
v 9.010588 7.035375 -12.119111
v 8.179167 7.032158 -12.010930
v 7.585103 7.035329 -12.110312
v 7.129395 7.010038 -12.527159
v 7.056016 7.005973 -12.685046
v 7.043939 7.008973 -13.026806
v 7.195834 7.069780 -13.277282
v 7.860078 7.032531 -13.723647
v 14.078002 7.031211 -13.749438
v 15.074907 7.031888 -14.163920
v 15.764807 7.032472 -14.561437
v 16.446600 7.032044 -15.050258
v 7.346763 6.869617 -12.296643
v 7.027555 6.869617 -12.838346
v 7.086529 6.869617 -13.163489
v 15.662802 7.069617 -13.560133
v 15.075109 7.069617 -12.346715
v 15.075104 7.069617 -13.416904
v 14.362949 7.069617 -12.487160
v 14.362954 7.069617 -13.276462
v 13.433626 7.069617 -12.615933
v 13.433638 7.069617 -13.147689
v 12.166212 7.070791 -12.756263
v 12.080173 7.070473 -12.997932
v 15.588330 7.097695 -13.483039
v 15.585869 7.098762 -12.284708
v 14.164773 7.139463 -12.569723
v 11.063270 7.110434 -12.880713
v 13.953430 7.132743 -13.177629
v 15.166845 7.118770 -13.388318
v 14.952534 7.206867 -12.881810
v 13.684828 7.227706 -12.879583
v 17.029964 7.066721 -10.555610
v 15.392492 7.066882 -11.650904
v 11.199720 7.067599 -12.616521
v 9.862925 7.067362 -12.624531
v 8.309932 7.066758 -12.301467
v 7.346723 7.006991 -12.298984
v 7.346925 7.065273 -12.339081
v 7.463459 7.067105 -13.381217
v 8.945975 7.066720 -13.404983
v 10.269450 7.066463 -13.091895
v 15.100582 7.066772 -13.965624
v 11.637192 6.669622 -13.819433
v 11.454447 6.669682 -13.810675
v 11.089083 6.669422 -13.793757
v 10.906282 6.669674 -13.787440
v 11.573392 6.870209 -13.616986
v 10.906268 6.669713 -11.976891
v 11.759415 6.869698 -12.137778
v 9.415987 6.669440 -11.690445
v 6.659803 6.869617 -12.617062
v 6.644694 6.869633 -13.086908
v 11.015714 6.870049 -13.594080
v 10.456100 6.469617 -11.867535
v 10.329933 6.837174 -12.125417
v 10.328381 6.854629 -13.620274
v 11.993911 6.469617 -13.941986
v 12.198483 7.133163 -12.770450
v 11.844535 7.133092 -12.954949
v 12.239283 7.184726 -12.881451
v 12.551741 6.668508 -11.840690
v 7.126786 6.869617 -12.525669
v 7.346762 6.869617 -13.466979
v 10.281627 7.031919 -13.282640
v 7.038526 6.869617 -13.012638
v 7.219314 6.869617 -13.354000
v 16.778856 6.469595 -9.459275
v 17.167154 6.469617 -8.878654
v 17.523870 6.469617 -8.227422
v 17.830147 6.469617 -7.472651
v 18.067472 6.469617 -6.591161
v 18.236893 6.469604 -5.529617
v 18.292122 6.469589 -4.282871
v 18.258646 6.469617 -3.898437
v 18.189798 6.469617 -3.590508
v 17.998415 6.469574 -3.027272
v 17.879965 6.469628 -2.602962
v 17.839462 6.469618 -1.291860
v 17.952225 6.469619 -0.889195
v 18.129370 6.469618 -0.550617
v 18.361420 6.469618 -0.280223
v 18.638918 6.469618 -0.082125
v 18.952370 6.469618 0.039544
v 19.290150 6.469618 0.080839
v 19.627928 6.469618 0.039545
v 19.941378 6.469618 -0.082121
v 20.218870 6.469618 -0.280216
v 20.450926 6.469618 -0.550611
v 20.628077 6.469617 -0.889202
v 20.740837 6.469618 -1.291867
v 20.700333 6.469629 -2.602978
v 20.581440 6.469611 -3.028824
v 20.390501 6.469618 -3.590523
v 20.289825 6.469648 -4.244406
v 20.512831 6.469618 -6.591158
v 20.750168 6.469618 -7.472689
v 21.056429 6.469617 -8.227412
v 21.413147 6.469617 -8.878650
v 21.804344 6.469610 -9.458425
v 22.231379 6.469643 -9.968103
v 17.253099 6.668599 -8.931544
v 17.614794 6.668595 -8.271208
v 17.925465 6.668837 -7.504891
v 18.166267 6.668599 -6.611763
v 17.939322 6.670004 -1.311303
v 18.045794 6.668601 -0.926999
v 18.213247 6.670732 -0.608882
v 18.429228 6.668600 -0.354969
v 18.686680 6.668601 -0.171029
v 18.977116 6.668601 -0.058295
v 19.290152 6.670465 -0.021235
v 19.603186 6.668600 -0.058293
v 19.893385 6.670732 -0.172267
v 20.150764 6.670003 -0.355763
v 20.366999 6.670728 -0.608795
v 20.534502 6.668599 -0.926986
v 20.641666 6.668597 -1.310624
v 20.601234 6.668720 -2.583207
v 20.221386 6.669227 -3.883068
v 20.414038 6.668597 -6.611760
v 20.653608 6.670001 -7.504641
v 20.965023 6.670001 -8.272025
v 21.327200 6.668597 -8.931533
v 21.723568 6.669475 -9.519071
v 22.159948 6.669462 -10.038906
v 17.423367 6.868673 -9.035911
v 17.794809 6.868671 -8.357691
v 18.116974 6.869572 -7.568067
v 18.361759 6.868672 -6.652632
v 18.136383 6.869567 -1.348776
v 18.231096 6.868669 -1.001441
v 20.203594 6.869840 -0.714816
v 20.348671 6.869328 -1.002026
v 20.445347 6.868670 -1.347403
v 20.218557 6.868672 -6.652688
v 20.462608 6.870212 -7.568136
v 20.784590 6.869572 -8.359633
v 21.156960 6.868673 -9.035946
v 21.561844 6.869147 -9.636353
v 18.425209 7.032015 -7.668344
v 18.493473 7.032175 -2.473912
v 18.448313 7.032532 -1.451744
v 19.326921 7.007995 -0.620786
v 19.644796 7.010039 -0.721043
v 18.611828 7.069618 -9.254455
v 18.755054 7.069618 -8.666778
v 19.825241 7.069618 -8.666737
v 19.684799 7.069618 -7.954586
v 19.024267 7.069618 -7.025339
v 19.556046 7.069618 -7.025413
v 19.169138 7.070507 -5.721399
v 19.887257 7.098761 -9.177531
v 18.688938 7.097699 -9.179957
v 18.783640 7.118769 -8.758513
v 18.994337 7.132744 -7.545063
v 19.291250 7.110435 -4.654928
v 19.602245 7.139462 -7.756460
v 19.290152 7.206868 -8.544187
v 19.292379 7.227707 -7.276495
v 18.206337 7.066773 -8.692240
v 19.088736 7.066671 -3.906592
v 18.766983 7.066721 -2.537644
v 18.790743 7.067106 -1.055112
v 18.894678 7.069781 -0.787486
v 19.832880 7.065274 -0.938577
v 19.872978 7.006992 -0.938374
v 19.870163 7.066323 -2.355975
v 19.488855 7.066676 -4.051411
v 20.526257 7.066876 -8.994547
v 20.236576 6.669663 -5.411551
v 20.227686 6.669621 -5.228844
v 20.218758 6.670291 -5.045896
v 20.203547 6.669624 -4.680675
v 20.011698 6.868996 -4.793638
v 20.001354 6.869935 -4.607395
v 18.385635 6.670003 -4.497804
v 18.369318 6.669779 -4.863344
v 18.353115 6.669817 -5.228782
v 18.576454 6.868709 -4.607868
v 18.560213 6.868777 -4.979596
v 18.555145 6.869776 -5.164962
v 18.546062 6.869691 -5.351069
v 20.065626 6.869601 -0.546841
v 20.029724 6.854053 -3.916887
v 20.350328 6.469618 -5.585565
v 19.217014 7.133092 -5.436180
v 19.401516 7.133164 -5.790159
v 19.290512 7.184724 -5.830882
v 17.978495 6.669582 -2.578086
v 18.376026 6.669134 -4.034163
v 18.887777 7.031634 -3.869396
v 19.690851 7.031956 -3.873548
v 18.818943 6.869618 -0.810085
v 17.167131 6.469615 -16.940182
v 17.523876 6.469616 -17.591461
v 17.830154 6.469617 -18.346235
v 18.067471 6.469616 -19.227692
v 18.291954 6.469656 -21.536469
v 18.258652 6.469616 -21.920429
v 18.189796 6.469615 -22.228380
v 17.998850 6.469608 -22.790100
v 17.879475 6.469672 -23.217844
v 17.839472 6.469615 -24.527025
v 17.952236 6.469615 -24.929691
v 18.129379 6.469615 -25.268263
v 18.361439 6.469615 -25.538666
v 18.638922 6.469615 -25.736750
v 18.952375 6.469616 -25.858421
v 19.290155 6.469616 -25.899714
v 19.627935 6.469616 -25.858419
v 19.941385 6.469616 -25.736752
v 20.218874 6.469617 -25.538662
v 20.450937 6.469617 -25.268257
v 20.628084 6.469617 -24.929667
v 20.740845 6.469617 -24.526999
v 20.700338 6.469627 -23.215900
v 20.581448 6.469610 -22.790058
v 20.412340 6.469753 -22.305222
v 20.289883 6.469673 -21.574614
v 20.512836 6.469616 -19.227703
v 20.750156 6.469616 -18.346222
v 21.056435 6.469617 -17.591452
v 21.413164 6.469616 -16.940201
v 21.804697 6.469596 -16.356447
v 17.253119 6.668594 -16.887369
v 17.615282 6.670001 -17.546844
v 17.925795 6.668597 -18.314035
v 18.166275 6.668600 -19.207132
v 18.336622 6.668868 -20.271479
v 18.358921 6.669228 -21.935812
v 17.980045 6.668263 -23.228907
v 17.938641 6.668597 -24.508253
v 18.045805 6.668597 -24.891893
v 18.213306 6.670726 -25.210079
v 18.429543 6.669999 -25.463116
v 18.686811 6.670004 -25.647011
v 18.977116 6.668602 -25.760576
v 19.290154 6.667883 -25.799576
v 19.602549 6.670732 -25.759499
v 19.893635 6.668600 -25.647842
v 20.151073 6.668601 -25.463909
v 20.367058 6.670729 -25.209999
v 20.534513 6.668592 -24.891888
v 20.640984 6.670003 -24.507574
v 20.601240 6.668722 -23.235689
v 20.221935 6.669120 -21.935715
v 20.414040 6.668596 -19.207115
v 20.654840 6.668835 -18.313988
v 20.964731 6.670729 -17.546509
v 21.327202 6.668598 -16.887339
v 21.722315 6.669427 -16.297995
v 16.588182 6.869704 -15.612385
v 17.423353 6.868673 -16.782938
v 17.795715 6.869570 -17.459244
v 18.115019 6.868671 -18.250175
v 18.361746 6.868670 -19.166180
v 18.609829 6.877626 -21.540718
v 18.135592 6.869324 -24.471010
v 18.231081 6.868670 -24.817369
v 18.376711 6.869838 -25.104061
v 19.619164 6.869648 -25.551537
v 20.349213 6.868667 -24.817425
v 20.443924 6.869565 -24.470089
v 20.218546 6.868672 -19.166245
v 20.463333 6.869570 -18.250807
v 20.782602 6.872174 -17.452320
v 21.156927 6.868670 -16.782993
v 21.562677 6.867508 -16.181047
v 16.913649 7.056000 -15.407164
v 18.088903 7.032109 -17.320778
v 18.425169 7.032012 -18.150429
v 18.419271 7.032156 -24.048046
v 18.518660 7.035330 -24.642118
v 18.935497 7.010035 -25.097824
v 19.082674 7.007622 -25.166925
v 19.560644 7.021888 -25.136868
v 19.685623 7.069779 -25.031391
v 20.131994 7.032530 -24.367134
v 20.140146 7.031807 -23.643255
v 20.086828 7.032174 -23.344955
v 19.225117 6.869617 -25.197233
v 19.421164 6.869617 -25.188660
v 19.968479 7.069617 -16.564421
v 18.755062 7.069617 -17.152130
v 19.825241 7.069617 -17.152147
v 18.902502 7.069617 -17.902357
v 19.684813 7.069617 -17.864239
v 19.029144 7.069617 -18.836874
v 19.556036 7.069617 -18.793560
v 19.164612 7.070790 -20.061052
v 19.406275 7.070473 -20.147072
v 19.891384 7.097694 -16.638889
v 18.693056 7.098762 -16.641359
v 18.978062 7.139462 -18.062420
v 19.289057 7.110433 -21.163961
v 19.585968 7.132743 -18.273825
v 19.796665 7.118769 -17.060362
v 19.290154 7.206867 -17.274689
v 19.287926 7.227706 -18.542400
v 16.930132 7.066750 -15.129638
v 18.062460 7.066885 -16.841204
v 19.024864 7.067598 -21.027500
v 19.032875 7.067361 -22.364296
v 18.709812 7.066757 -23.917288
v 18.707329 7.006991 -24.880501
v 18.747425 7.065272 -24.880299
v 19.789562 7.067104 -24.763767
v 19.813324 7.066720 -23.281240
v 19.500238 7.066462 -21.957779
v 20.373968 7.066772 -17.126640
v 20.227777 6.669621 -20.590031
v 20.219017 6.669682 -20.772776
v 20.202101 6.669422 -21.138140
v 20.195784 6.669673 -21.320942
v 20.025330 6.870209 -20.653831
v 18.385235 6.669712 -21.320953
v 18.368702 6.668906 -20.955236
v 18.546122 6.869698 -20.467808
v 18.557093 6.835332 -21.566664
v 18.423044 6.837338 -22.388458
v 18.514683 6.869599 -25.272038
v 19.798935 6.869617 -25.472698
v 18.275879 6.469615 -21.771130
v 20.045835 6.837315 -21.892435
v 20.350330 6.469617 -20.233309
v 19.178793 7.133163 -20.028723
v 19.363289 7.133091 -20.382723
v 19.289795 7.184726 -19.987932
v 18.375874 6.668075 -21.777704
v 18.934011 6.869617 -25.100437
v 19.875322 6.869617 -24.880461
v 18.889648 7.032007 -21.944830
v 19.762627 6.869617 -25.007603
v 20.489277 7.061617 -10.654662
v 19.302242 7.057117 -10.392138
v 18.157946 7.062316 -10.637480
v 18.116449 7.061617 -15.138795
v 19.302242 7.057117 -15.402564
v 20.489279 7.061617 -15.138794
v 21.547140 7.061617 -14.080933
v 21.810909 7.057117 -12.893896
v 21.564911 7.062345 -11.750471
v 17.063007 7.061617 -11.708104
v 16.800484 7.057117 -12.893897
v 17.063007 7.061617 -14.080934
v 18.939627 7.389762 -12.895624
v 19.303970 7.389762 -13.259969
v 19.303970 7.389762 -12.531280
v 19.668314 7.389762 -12.895623
v 19.304316 6.999292 -10.519061
v 20.411798 7.000716 -10.831568
v 21.376827 7.000127 -11.799309
v 21.679844 6.999470 -12.895944
v 21.367863 7.000737 -14.003621
v 20.399883 7.000105 -14.968802
v 19.304293 6.999470 -15.271498
v 18.195932 7.000748 -14.959463
v 17.229866 7.000048 -13.990338
v 16.927406 6.999292 -12.895977
v 17.239969 7.000727 -11.787756
v 18.208822 7.000072 -10.821865
v 19.303972 7.260636 -11.183487
v 20.067917 7.257169 -11.389212
v 20.813389 7.256511 -12.132950
v 21.016109 7.260635 -12.895628
v 20.810385 7.257167 -13.659574
v 20.066643 7.256513 -14.405041
v 19.303970 7.260637 -14.607758
v 18.540024 7.257171 -14.402031
v 17.794552 7.256512 -13.658298
v 17.591837 7.260638 -12.895624
v 17.797552 7.257168 -12.131679
v 18.541296 7.256514 -11.386209
v 19.495205 7.376085 -11.655239
v 20.434374 7.371244 -12.314677
v 20.544353 7.376085 -13.086860
v 19.884912 7.371244 -14.026031
v 19.112736 7.376085 -14.136008
v 18.173569 7.371245 -13.476574
v 18.063585 7.376085 -12.704391
v 18.723024 7.371244 -11.765218
v 18.939625 7.089762 -12.895624
v 19.303970 7.089762 -12.531280
v 19.668314 7.089762 -12.895623
v 19.303970 7.089762 -13.259969
v 19.047159 7.389762 -12.638814
v 19.047161 7.089762 -12.638813
v 19.560780 7.389762 -12.638815
v 19.560780 7.089762 -12.638814
v 19.047161 7.389762 -13.152434
v 19.047159 7.089762 -13.152434
v 19.560780 7.389762 -13.152433
v 19.560780 7.089762 -13.152433
v 22.488180 6.469625 -10.177631
v 23.006096 6.469602 -10.537272
v 23.663406 6.469617 -10.942426
v 24.324219 6.667891 -11.368738
v 25.181551 6.469617 -11.550763
v 26.111162 6.469616 -11.743134
v 28.483072 6.469617 -11.820636
v 28.805054 6.469626 -11.728912
v 29.391716 6.469616 -11.530525
v 29.654015 6.669738 -11.568937
v 30.701330 6.669111 -11.502176
v 31.144476 6.469616 -11.478870
v 31.515598 6.469617 -11.625009
v 31.820601 6.469617 -11.830797
v 32.055351 6.469616 -12.086749
v 32.215755 6.469619 -12.383416
v 32.297649 6.469616 -12.711246
v 32.297653 6.469616 -13.052366
v 32.215752 6.469619 -13.380204
v 32.055347 6.469617 -13.676874
v 31.820591 6.469618 -13.932828
v 31.515585 6.469617 -14.138614
v 31.144447 6.469618 -14.284755
v 29.391693 6.469617 -14.233086
v 28.805914 6.469611 -14.034964
v 28.483055 6.469619 -13.942980
v 28.171684 6.668323 -13.794257
v 26.912081 6.469654 -13.925603
v 25.181541 6.469618 -14.212856
v 24.362083 6.469618 -14.487597
v 23.663393 6.469617 -14.821200
v 23.050797 6.469609 -15.196938
v 22.488071 6.469625 -15.599894
v 32.118435 6.673104 -12.421207
v 32.120834 6.670373 -13.343369
v 31.379930 6.858122 -13.883012
v 28.577341 6.671179 -13.858630
v 23.518673 6.868677 -14.557705
v 22.883909 6.868631 -14.946980
v 26.666197 6.891799 -12.171728
v 28.456797 6.869744 -12.136933
v 29.395182 6.892739 -11.889231
v 31.059618 6.869578 -13.994614
v 29.684948 6.869616 -13.995714
v 29.392036 6.892302 -13.874142
v 28.805025 6.878057 -13.699091
v 28.311331 6.881331 -13.582187
v 27.327284 6.878500 -13.589764
v 26.655558 6.869979 -13.635542
v 22.053648 7.069606 -13.153318
v 24.071724 7.173697 -13.116241
v 24.975767 7.176395 -13.043242
v 26.657572 7.155563 -12.928848
v 27.881327 7.069386 -12.880516
v 31.505728 7.013004 -12.526259
v 31.604206 7.009522 -12.817883
v 31.559570 7.010238 -13.126663
v 31.410700 7.007547 -13.357836
v 31.912670 6.869624 -12.431111
v 31.288807 6.869617 -12.296638
v 31.288809 6.869617 -13.466976
v 24.955784 7.068035 -13.432360
v 27.482201 7.068145 -12.618667
v 23.907143 7.101402 -12.419968
v 24.833130 7.101789 -12.572335
v 27.003914 7.103737 -12.814542
v 24.656294 7.101072 -13.217676
v 23.910017 7.101019 -13.343074
v 22.972448 7.077882 -13.556346
v 23.050959 7.099240 -12.286626
v 23.646961 7.162252 -12.585813
v 24.685801 7.178925 -12.698862
v 31.288553 7.017962 -12.300757
v 22.973085 7.058598 -11.359613
v 23.942978 7.058474 -11.862972
v 24.928171 7.051726 -12.175526
v 28.620138 7.058804 -12.523756
v 29.610493 7.058321 -12.192687
v 30.281160 7.058357 -12.086736
v 30.930439 7.058513 -12.140128
v 31.288094 7.067408 -12.337144
v 31.553465 7.019427 -12.626288
v 31.552370 7.068589 -12.759161
v 31.561005 7.069613 -12.920403
v 31.538706 7.068038 -13.060903
v 31.465107 7.068984 -13.235868
v 31.410328 7.069084 -13.312294
v 31.300003 7.060205 -13.457566
v 30.930191 7.058478 -13.623646
v 30.281080 7.058377 -13.676816
v 29.609835 7.058436 -13.570404
v 28.803503 7.058602 -13.295152
v 28.111612 7.058011 -13.181222
v 25.652821 7.058414 -13.383677
v 24.893784 7.053607 -13.587986
v 23.995907 7.055176 -13.899417
v 22.925823 7.058536 -14.431984
v 22.065626 7.055991 -15.073199
v 27.062021 6.869609 -13.619788
v 27.729322 6.669838 -13.786933
v 22.296356 6.868705 -10.405898
v 23.518639 6.868678 -11.205896
v 24.248741 6.867796 -11.553515
v 25.103495 6.868314 -11.841334
v 26.661953 6.856674 -12.114464
v 28.310865 6.833771 -12.120749
v 28.790203 6.869324 -12.051778
v 29.228695 6.669954 -11.687596
v 29.369181 6.855683 -11.835404
v 30.681387 6.869924 -11.703210
v 31.060551 6.868312 -11.767812
v 31.379778 6.858106 -11.880506
v 31.515095 6.869419 -11.965976
v 31.770546 6.869658 -12.204453
v 31.991997 6.869630 -12.682631
v 32.007923 6.869627 -12.948684
v 31.912676 6.869624 -13.332498
v 31.810759 6.869617 -13.503155
v 31.672590 6.869601 -13.664591
v 30.681606 6.869468 -14.061679
v 29.369503 6.856252 -13.927604
v 29.240126 6.671678 -14.078031
v 28.790943 6.836019 -13.748654
v 25.103037 6.869334 -13.921944
v 24.248055 6.869517 -14.208381
v 22.352617 6.856051 -15.341978
v 26.875689 6.867241 -13.629977
v 26.671413 6.683602 -13.822409
v 27.247894 6.869567 -13.609856
v 27.803856 6.865357 -13.589945
v 26.815672 6.669727 -11.936661
v 28.285503 6.469565 -11.857304
v 27.981632 6.469637 -13.881503
v 27.979942 6.867978 -13.580826
v 27.953024 6.855864 -12.170917
v 26.111124 6.469616 -14.020489
v 26.515339 7.070808 -13.002700
v 26.507093 7.104732 -13.001307
v 26.918486 7.159766 -12.876118
v 25.329676 7.063341 -12.344234
v 26.599415 7.063038 -13.219827
v 26.664946 6.682053 -11.938767
v 22.423767 6.668647 -10.254270
v 22.940155 6.667955 -10.614040
v 23.614729 6.668601 -11.030824
v 25.155542 6.670002 -11.649087
v 26.100204 6.669278 -11.844255
v 27.928923 6.633512 -11.965491
v 28.505404 6.670012 -11.919869
v 28.744484 6.670402 -11.857531
v 29.418026 6.670004 -11.628786
v 31.115791 6.670008 -11.576456
v 31.468082 6.668596 -11.714033
v 31.753265 6.670732 -11.907576
v 31.972170 6.670008 -12.145277
v 32.196774 6.669992 -12.724143
v 32.196774 6.669997 -13.039468
v 31.972145 6.670020 -13.618359
v 31.753578 6.670011 -13.856309
v 31.468063 6.668601 -14.049590
v 31.115702 6.670016 -14.187180
v 30.701582 6.667851 -14.262112
v 29.417980 6.670008 -14.134813
v 28.845196 6.668084 -13.942197
v 27.363344 6.668435 -13.802699
v 26.650211 6.637396 -13.856257
v 25.155239 6.668601 -14.115432
v 24.323761 6.669231 -14.393738
v 23.614737 6.668598 -14.732793
v 22.997526 6.668259 -15.111527
v 22.423708 6.668698 -15.523140
v 28.184153 6.672257 -11.971569
v 27.966267 6.667526 -13.780663
v 26.109167 6.667947 -13.919127
v 22.090527 7.032246 -10.654953
v 22.607857 7.033858 -11.029853
v 23.224831 7.032197 -11.417498
v 23.945833 7.030814 -11.780112
v 25.643698 7.032017 -12.301088
v 28.796511 7.033541 -12.394816
v 29.603529 7.032836 -12.118030
v 31.060507 7.033752 -12.109161
v 30.772621 7.035417 -13.716275
v 28.802080 7.034694 -13.366996
v 28.352337 7.032101 -13.281972
v 23.202354 7.031564 -14.361173
v 22.578304 7.031967 -14.760190
v 31.410872 7.015698 -12.406605
v 31.484482 6.869617 -13.271762
v 31.335579 7.028412 -12.228619
v 31.334927 7.029976 -13.533267
v 28.361193 7.031845 -12.479613
v 26.627365 7.031917 -12.452112
v 25.676807 7.032321 -13.454268
v 22.812717 6.868725 -10.769436
v 29.668615 6.870821 -11.773544
v 31.254206 6.871964 -11.838678
v 31.249628 6.871750 -13.926995
v 28.549391 6.870234 -13.647314
v 26.618858 7.031663 -13.313795
v 22.311804 6.893600 -15.297572
v 28.025173 6.879058 -12.201631
v 27.995277 7.031124 -13.256951
v 26.101847 6.868828 -13.716310
v 31.508324 6.869617 -12.525021
v 31.576956 6.869617 -12.671786
v 31.597046 6.869617 -13.012630
v 26.614672 7.062516 -12.543170
v 27.934162 7.058834 -12.588020
v 27.960741 7.031741 -12.510708
v 27.805609 6.869605 -12.177919
v 27.434109 6.870152 -12.163035
v 27.062511 6.870482 -12.146794
v 26.695978 6.632968 -11.910562
v 27.290606 6.634117 -11.938325
v 30.460251 6.469560 -11.383062
v 29.986330 6.469526 -11.408892
v 30.460152 6.469576 -14.380583
v 30.421436 6.668310 -11.482902
v 30.055231 6.869155 -11.704217
v 30.421499 6.868901 -11.683688
v 30.421175 6.869190 -14.079716
v 30.054993 6.869237 -14.059238
v 30.035248 6.669537 -11.505458
v 30.421585 6.669569 -14.279385
v 30.035278 6.668694 -14.259012
v 30.453335 7.031787 -13.753651
v 30.060081 7.031423 -12.030024
v 30.455013 7.030796 -12.007960
v 30.055265 7.030903 -13.733982
v 16.133694 6.469625 -10.177531
v 15.584800 6.469608 -10.566665
v 14.273492 6.469617 -11.276020
v 13.454027 6.469617 -11.550762
v 12.524420 6.469616 -11.743136
v 10.152504 6.469618 -11.820637
v 9.829662 6.469611 -11.728657
v 9.243880 6.469617 -11.530534
v 7.491120 6.469617 -11.478865
v 7.119987 6.469617 -11.625004
v 6.814978 6.469617 -11.830793
v 6.580220 6.469617 -12.086751
v 6.419826 6.469617 -12.383404
v 6.337918 6.469616 -12.711266
v 6.337919 6.469616 -13.052357
v 6.419825 6.469617 -13.380218
v 6.580218 6.469617 -13.676868
v 6.814968 6.469616 -13.932818
v 7.119969 6.469617 -14.138608
v 7.491100 6.469616 -14.284749
v 7.924250 6.469616 -14.361768
v 10.061598 6.669190 -13.859694
v 10.456076 6.469617 -13.896089
v 11.723401 6.469668 -13.925632
v 13.480675 6.667434 -14.116627
v 14.311608 6.669132 -14.394251
v 14.972174 6.469617 -14.821198
v 15.584804 6.469608 -15.196958
v 16.133511 6.469624 -15.599755
v 6.864590 6.869674 -13.558607
v 15.861770 6.869302 -10.744653
v 15.119006 6.869574 -11.206638
v 11.974586 6.878078 -12.144519
v 9.243540 6.892302 -11.889479
v 7.575951 6.869578 -11.769006
v 7.385941 6.871750 -11.836624
v 7.576314 6.870216 -13.993986
v 9.241476 6.892385 -13.874649
v 10.178780 6.869743 -13.626686
v 11.308287 6.878500 -13.589766
v 11.996382 6.868858 -13.638260
v 16.693785 7.070061 -14.284412
v 14.988617 7.162253 -13.177804
v 13.949754 7.178925 -13.064754
v 10.754221 7.069448 -12.883171
v 7.031364 7.009523 -12.817890
v 7.027402 6.984229 -12.922726
v 7.131215 7.012252 -13.240280
v 7.224930 7.016713 -13.356516
v 13.679839 7.068035 -12.331245
v 15.663120 7.070150 -12.204885
v 14.725586 7.101018 -12.420540
v 13.979272 7.101072 -12.545944
v 12.128471 7.104731 -12.762314
v 11.631625 7.103737 -12.949075
v 13.802440 7.101789 -13.191283
v 14.728431 7.101401 -13.343653
v 15.662780 7.078484 -13.557559
v 14.563846 7.173697 -12.647379
v 13.659795 7.176398 -12.720387
v 11.978006 7.155562 -12.834769
v 7.347016 7.017965 -13.462861
v 16.411245 7.056550 -10.827463
v 15.022808 7.058430 -11.721175
v 13.741788 7.053607 -12.175632
v 11.992043 7.061693 -12.541282
v 10.571301 7.058078 -12.586768
v 9.832068 7.058602 -12.468468
v 9.025718 7.058436 -12.193210
v 8.354487 7.058377 -12.086802
v 7.705376 7.058478 -12.139975
v 7.335567 7.060204 -12.306050
v 7.225244 7.069084 -12.451324
v 7.170473 7.068985 -12.527740
v 7.096869 7.068038 -12.702705
v 7.074566 7.069613 -12.843217
v 7.083204 7.068590 -13.004466
v 7.082105 7.019427 -13.137329
v 7.347476 7.067408 -13.426476
v 7.705147 7.058513 -13.623493
v 8.354410 7.058357 -13.676883
v 9.025088 7.058321 -13.570929
v 9.833790 7.058663 -13.294456
v 10.552162 7.058221 -13.177537
v 13.305885 7.063341 -13.419381
v 13.707390 7.051726 -13.588091
v 14.615643 7.053900 -13.896955
v 15.424175 7.058457 -14.270403
v 16.316475 7.058495 -14.854085
v 11.201900 6.869357 -13.602127
v 14.386448 6.867290 -11.552692
v 13.532537 6.869333 -11.841675
v 11.983119 6.836421 -12.092306
v 10.087773 6.869352 -12.114969
v 9.844641 6.836017 -12.014967
v 9.266070 6.856253 -11.836018
v 7.953968 6.869469 -11.701941
v 7.256952 6.858921 -11.881304
v 6.962966 6.869601 -12.099041
v 6.824812 6.869617 -12.260466
v 6.514739 6.670374 -12.420245
v 6.627746 6.869624 -12.814978
v 6.725205 6.869635 -13.337090
v 7.120477 6.869419 -13.797644
v 7.954188 6.869924 -14.060410
v 8.949888 6.868714 -13.997565
v 9.254065 6.855595 -13.932284
v 9.406880 6.669952 -14.076023
v 9.845354 6.869324 -13.711846
v 10.665038 6.857090 -13.591751
v 13.532881 6.867397 -13.924192
v 14.387991 6.869938 -14.207238
v 15.116934 6.868679 -14.557721
v 15.751969 6.869223 -14.946455
v 15.646230 6.672109 -15.112819
v 16.326185 6.868916 -15.371737
v 11.760690 6.865427 -13.630833
v 11.819779 6.670053 -13.827335
v 11.387752 6.869344 -13.611242
v 10.679383 6.682527 -13.766744
v 10.832640 6.865456 -13.589314
v 10.829945 6.869699 -12.177685
v 11.201890 6.869244 -12.160751
v 11.088986 6.669738 -11.969088
v 11.819917 6.669684 -11.936815
v 11.637128 6.669457 -11.946433
v 11.573600 6.869407 -12.144719
v 10.316381 6.876931 -12.172444
v 10.609316 6.889376 -13.540751
v 11.944020 6.469651 -11.828277
v 12.524403 6.469617 -14.020484
v 11.717069 7.159765 -12.887502
v 12.982819 7.058414 -12.379930
v 12.054402 7.062953 -13.222641
v 16.198053 6.668702 -10.254290
v 15.742553 6.669672 -10.583410
v 15.020536 6.668840 -11.030656
v 14.311130 6.666141 -11.368258
v 13.480330 6.668602 -11.648188
v 10.681746 6.669449 -11.985137
v 10.058792 6.669382 -11.903626
v 9.791871 6.668546 -11.822314
v 9.217604 6.670009 -11.628809
v 8.985095 6.669288 -11.569412
v 7.933984 6.667851 -11.501508
v 7.519866 6.670013 -11.576438
v 7.168220 6.670007 -11.714553
v 6.881994 6.670010 -11.907308
v 6.663425 6.670016 -12.145256
v 6.439198 6.670726 -12.724290
v 6.438797 6.669991 -13.039475
v 6.514311 6.669569 -13.343524
v 6.662597 6.668603 -13.618580
v 6.882306 6.670732 -13.856045
v 7.168159 6.670002 -14.049040
v 7.519772 6.670005 -14.187162
v 7.934450 6.670450 -14.260201
v 8.984240 6.667896 -14.195172
v 9.216472 6.667435 -14.137065
v 9.802218 6.669302 -13.937309
v 10.457417 6.670277 -13.793368
v 11.273118 6.665884 -13.805918
v 11.976798 6.667234 -13.839532
v 15.020844 6.668601 -14.732796
v 16.197422 6.668946 -15.522443
v 10.461311 6.668444 -11.969149
v 10.659702 6.637551 -13.797394
v 12.537544 6.670858 -13.918763
v 16.049463 7.031875 -11.008660
v 15.423268 7.031934 -11.409374
v 14.689714 7.030811 -11.780119
v 12.954883 7.032604 -12.310813
v 9.833502 7.034695 -12.396627
v 8.589086 7.032274 -12.034077
v 7.844961 7.034176 -12.046380
v 7.559667 7.034985 -13.645215
v 9.030560 7.032931 -13.645741
v 9.839062 7.033541 -13.368804
v 7.226663 7.006980 -12.403743
v 7.060020 6.869617 -12.667920
v 7.151087 6.869617 -13.271761
v 7.300244 7.029491 -12.229430
v 10.274319 7.030913 -12.477091
v 10.640495 7.031152 -13.256876
v 12.000331 7.031790 -12.452282
v 12.973366 7.035175 -13.450500
v 16.325665 6.869431 -10.406755
v 12.531834 6.868066 -12.046241
v 9.830544 6.878057 -12.064528
v 8.950625 6.869616 -11.767905
v 7.258298 6.870193 -13.869302
v 12.022410 7.031833 -13.313876
v 7.299990 7.028410 -13.535002
v 12.530384 6.868837 -13.716294
v 7.218426 6.869617 -12.410611
v 10.678759 7.031489 -12.509926
v 11.015487 6.870741 -12.172094
v 11.387304 6.870737 -12.155647
v 10.687358 6.469548 -11.883815
v 11.454448 6.669690 -11.952497
v 11.272007 6.668849 -11.960216
v 15.273324 7.116224 -12.349023
v 8.175329 6.469561 -11.383065
v 8.649246 6.469526 -11.408896
v 8.649202 6.469569 -14.354842
v 8.175079 6.469591 -14.380590
v 8.214000 6.869345 -14.079504
v 8.580378 6.869013 -11.703979
v 8.214337 6.869261 -11.684012
v 8.580489 6.869108 -14.059494
v 8.600362 6.667957 -11.503789
v 8.214071 6.669743 -11.484611
v 8.600302 6.669618 -14.257959
v 8.187855 7.031490 -13.754126
v 8.575257 7.030914 -13.734717
v 16.585999 6.469623 -9.725196
v 16.975103 6.469615 -9.176288
v 17.350750 6.469617 -8.563852
v 17.684374 6.469617 -7.865118
v 17.959105 6.469618 -7.045674
v 18.151484 6.469617 -6.116035
v 18.228987 6.469617 -3.744188
v 18.137253 6.469626 -3.422161
v 18.096815 6.667853 -3.005595
v 17.938875 6.469617 -2.835535
v 17.910519 6.669111 -1.525903
v 17.887209 6.469617 -1.082764
v 18.033358 6.469617 -0.711616
v 18.239141 6.469617 -0.406622
v 18.495104 6.469618 -0.171863
v 18.791744 6.469618 -0.011477
v 19.119606 6.469618 0.070429
v 19.460695 6.469618 0.070429
v 19.788561 6.469619 -0.011478
v 20.085211 6.469618 -0.171871
v 20.341171 6.469618 -0.406631
v 20.546955 6.469618 -0.711636
v 20.693092 6.469618 -1.082760
v 20.770107 6.469615 -1.515929
v 20.763260 6.469599 -2.240650
v 20.641434 6.469618 -2.835513
v 20.443317 6.469612 -3.421280
v 20.351326 6.469619 -3.744153
v 20.314848 6.469581 -3.940415
v 20.333946 6.469654 -5.315129
v 20.621199 6.469618 -7.045672
v 20.895929 6.469618 -7.865114
v 21.229559 6.469618 -8.563858
v 21.521515 6.668786 -9.232080
v 17.962978 6.868918 -7.978936
v 20.419334 6.856040 -2.543433
v 20.482613 6.669418 -3.004646
v 16.815796 6.869611 -9.917789
v 18.580391 6.892147 -5.564135
v 18.545277 6.869743 -3.770439
v 18.476017 6.878094 -3.432966
v 18.295837 6.892013 -2.830659
v 20.402956 6.869580 -1.167612
v 20.310352 6.890643 -2.760830
v 20.078306 6.892299 -3.423822
v 19.998106 6.878500 -4.899939
v 20.043882 6.869981 -5.571655
v 20.965326 6.869574 -8.710662
v 21.354916 6.869538 -9.345677
v 19.552052 7.069599 -10.159945
v 19.822943 7.116224 -8.864982
v 19.524578 7.173699 -8.155497
v 19.451574 7.176399 -7.251461
v 19.337198 7.155564 -5.569710
v 19.288860 7.069386 -4.345902
v 19.399797 7.069700 -0.674046
v 18.814941 7.015699 -0.816358
v 18.911331 7.016387 -0.738674
v 19.161066 7.010219 -0.633288
v 19.488831 6.983938 -0.646883
v 19.875320 6.869618 -0.938414
v 19.840706 7.068035 -7.271454
v 19.027010 7.068146 -4.745031
v 18.614405 7.078485 -9.254430
v 18.828306 7.101402 -8.320107
v 18.980675 7.101789 -7.394124
v 19.222893 7.103735 -5.223226
v 19.626017 7.101073 -7.570914
v 19.751431 7.101018 -8.317282
v 19.967058 7.070124 -9.254669
v 18.994160 7.162254 -8.580262
v 19.107204 7.178926 -7.541450
v 18.709101 7.017964 -0.938669
v 16.954428 7.058378 -10.366471
v 17.745277 7.058568 -9.292467
v 18.271305 7.058474 -8.284268
v 18.583874 7.051727 -7.299040
v 18.932100 7.058805 -3.607092
v 18.601030 7.058322 -2.616729
v 18.495081 7.058358 -1.946063
v 18.548470 7.058514 -1.296795
v 18.745487 7.067409 -0.939129
v 19.015713 7.015339 -0.679088
v 19.167505 7.068590 -0.674853
v 19.330484 7.047425 -0.646523
v 19.488955 7.024250 -0.656389
v 19.644213 7.068985 -0.762120
v 19.720638 7.069085 -0.816896
v 19.865911 7.060205 -0.927219
v 20.031992 7.058479 -1.297046
v 20.085159 7.058378 -1.946151
v 19.978750 7.058437 -2.617377
v 19.703495 7.058602 -3.423721
v 19.589567 7.058011 -4.115589
v 19.875368 7.058383 -7.023564
v 20.309547 7.058387 -8.284883
v 20.861671 7.058488 -9.337002
v 21.491207 7.056252 -10.161664
v 20.195276 6.669839 -4.497899
v 17.149899 6.853528 -9.426942
v 18.249676 6.868314 -7.123739
v 18.522804 6.856673 -5.565272
v 18.527514 6.833079 -3.909687
v 18.423544 6.834594 -3.442449
v 18.240824 6.855874 -2.848393
v 18.111551 6.869924 -1.545843
v 18.176155 6.868313 -1.166676
v 18.374319 6.869420 -0.712129
v 18.600986 6.869654 -0.466882
v 18.827923 6.869666 -0.320364
v 18.828606 6.670375 -0.106384
v 19.077181 6.869630 -0.238028
v 19.347061 6.869627 -0.218892
v 19.614202 6.869636 -0.265918
v 19.866947 6.869628 -0.384089
v 20.470020 6.869470 -1.545606
v 20.335768 6.855853 -2.859715
v 20.132191 6.856205 -3.445866
v 20.056997 6.869352 -3.679422
v 20.267590 6.670593 -3.648856
v 20.330280 6.869335 -7.124164
v 20.618429 6.867798 -7.978447
v 21.779352 6.869710 -9.918413
v 20.038321 6.867241 -5.351535
v 20.230721 6.683633 -5.555773
v 20.018198 6.869568 -4.979329
v 19.998289 6.865358 -4.423370
v 18.345003 6.669727 -5.411544
v 20.028130 6.869610 -5.165203
v 18.275873 6.469617 -4.047748
v 19.989376 6.867790 -4.244864
v 18.579094 6.855750 -4.275729
v 20.428825 6.469617 -6.116064
v 20.125721 6.868067 -6.123469
v 19.411037 7.070808 -5.711845
v 19.409639 7.104732 -5.720035
v 19.284460 7.159765 -5.308720
v 18.752583 7.063342 -6.897534
v 19.628170 7.063039 -5.627806
v 18.449976 6.868276 -6.151474
v 20.328630 6.666032 -6.118587
v 16.663292 6.670063 -9.790074
v 16.991493 6.668346 -9.333292
v 17.439598 6.670004 -8.613357
v 17.778215 6.669231 -7.903481
v 18.057426 6.670005 -7.071693
v 18.254940 6.670282 -6.115987
v 18.391895 6.667243 -4.282058
v 18.349247 6.670394 -3.813550
v 18.265863 6.669990 -3.483493
v 18.036173 6.668601 -2.808732
v 17.984802 6.670012 -1.111430
v 18.122923 6.670003 -0.759811
v 18.315918 6.670731 -0.473955
v 18.553782 6.670742 -0.255450
v 19.132635 6.670723 -0.030848
v 19.447678 6.670728 -0.030852
v 19.751875 6.669573 -0.105969
v 20.026707 6.670021 -0.255081
v 20.264656 6.670013 -0.473651
v 20.457930 6.668602 -0.759153
v 20.595522 6.670015 -1.111516
v 20.669239 6.669203 -1.525907
v 20.543159 6.670008 -2.809244
v 20.347792 6.669426 -3.387331
v 20.201704 6.670280 -4.049101
v 20.210945 6.668576 -4.863792
v 20.264605 6.637390 -5.577016
v 20.523775 6.668603 -7.071985
v 20.802082 6.669233 -7.903470
v 21.140726 6.670002 -8.613390
v 21.931381 6.667920 -9.788294
v 20.189005 6.667527 -4.260960
v 17.063152 7.032308 -10.123415
v 17.409086 7.031495 -9.650746
v 17.812735 7.032874 -9.028190
v 18.183718 7.031587 -8.296838
v 18.721464 7.035175 -6.565005
v 18.919849 7.032177 -4.271858
v 18.802216 7.033042 -3.432152
v 18.576839 7.032978 -2.776746
v 18.517508 7.033753 -1.166714
v 20.027557 7.033123 -1.080720
v 20.113482 7.034790 -1.361835
v 20.138336 7.032375 -2.176347
v 19.773827 7.035057 -3.427960
v 20.080378 7.034359 -7.466970
v 20.391848 7.030813 -8.281386
v 20.762611 7.031931 -9.014949
v 21.182407 7.032200 -9.669327
v 19.334017 6.869618 -0.619287
v 19.504049 6.869618 -0.651675
v 19.646294 6.869618 -0.718438
v 19.768232 7.006888 -0.818283
v 18.638199 7.029052 -0.892173
v 19.939322 7.030527 -0.893759
v 19.861139 7.032609 -6.546529
v 17.175594 6.880956 -9.458508
v 17.615496 6.870217 -8.711196
v 18.177208 6.869216 -2.550575
v 18.302664 6.870195 -0.849945
v 20.279531 6.868826 -0.849064
v 20.056021 7.034204 -2.602859
v 19.990496 6.881535 -3.913816
v 19.722010 7.031785 -5.610880
v 18.704983 6.869618 -0.938415
v 18.608519 6.878198 -4.198494
v 19.665289 7.031126 -4.231953
v 18.934002 6.869618 -0.718443
v 19.082506 6.869618 -0.649544
v 19.205477 6.869618 -0.624284
v 19.761171 6.869618 -0.809948
v 18.951515 7.062516 -5.612542
v 18.996365 7.058835 -4.293050
v 18.858658 7.031223 -5.601715
v 18.586168 6.869620 -4.421607
v 18.571465 6.869833 -4.793234
v 18.621153 6.899925 -4.998838
v 18.336403 6.668477 -5.544494
v 18.361044 6.669317 -5.046275
v 18.376869 6.668990 -4.681149
v 17.791407 6.469561 -1.766977
v 17.817238 6.469527 -2.240905
v 20.788858 6.469557 -1.766468
v 17.891249 6.668314 -1.805708
v 20.470118 6.866893 -2.172226
v 20.412537 6.895362 -2.216069
v 18.112577 6.869156 -2.172124
v 18.092474 6.869309 -1.806016
v 20.487270 6.869501 -1.805904
v 17.913813 6.669567 -2.191898
v 20.687422 6.670033 -1.805711
v 20.667343 6.668695 -2.192038
v 18.438902 7.031393 -2.171169
v 20.164028 7.030900 -1.776588
v 18.417002 7.031163 -1.781875
v 16.585810 6.469623 -16.079607
v 16.945774 6.469603 -16.597982
v 17.350780 6.469616 -17.255075
v 17.684359 6.469617 -17.953718
v 17.959099 6.469617 -18.773174
v 18.151480 6.469615 -19.702803
v 18.228987 6.469618 -22.074684
v 18.137005 6.469610 -22.397549
v 17.938881 6.469615 -22.983330
v 17.810200 6.469613 -24.302948
v 17.887203 6.469616 -24.736088
v 18.033348 6.469615 -25.107235
v 18.239136 6.469616 -25.412243
v 18.495094 6.469616 -25.647003
v 18.791750 6.469616 -25.807398
v 19.119600 6.469615 -25.889303
v 19.460709 6.469616 -25.889305
v 19.788555 6.469617 -25.807400
v 20.341164 6.469616 -25.412254
v 20.546955 6.469616 -25.107248
v 20.693089 6.469616 -24.736137
v 20.670448 6.667876 -24.293133
v 20.351332 6.469617 -22.074743
v 20.313856 6.469265 -21.875576
v 20.333979 6.469668 -20.503754
v 20.524103 6.668840 -18.746817
v 20.895947 6.469617 -17.953726
v 21.229534 6.469617 -17.255064
v 21.605207 6.469615 -16.642584
v 22.008125 6.469623 -16.079865
v 18.174397 6.868711 -23.277340
v 18.110283 6.869467 -24.273247
v 19.751692 6.670373 -25.712498
v 20.617334 6.868918 -17.839922
v 17.179419 6.869060 -16.404907
v 17.614986 6.869574 -17.108221
v 18.448685 6.867476 -19.664690
v 18.552906 6.878137 -20.252157
v 18.472878 6.878057 -22.396666
v 18.297585 6.891920 -22.982363
v 18.177347 6.869577 -24.651270
v 20.288996 6.891266 -22.998102
v 20.065659 6.869589 -22.183945
v 19.998110 6.878500 -20.918938
v 20.046602 6.868857 -20.230850
v 20.698044 7.070062 -15.518769
v 19.586157 7.162251 -17.238594
v 19.473101 7.178924 -18.277454
v 19.291515 7.069448 -21.473007
v 19.253639 7.069700 -25.149288
v 19.408028 7.007757 -25.188938
v 19.574884 6.978484 -25.139755
v 19.671289 7.017502 -25.077950
v 19.763334 7.016306 -25.004107
v 18.704987 6.869617 -24.880459
v 18.739592 7.068034 -18.547390
v 18.613230 7.070149 -16.564102
v 18.828875 7.101017 -17.501593
v 18.954292 7.101072 -18.247995
v 19.170664 7.104731 -20.098814
v 19.357412 7.103734 -20.595675
v 19.599628 7.101787 -18.424786
v 19.752012 7.101400 -17.498707
v 19.965902 7.078484 -16.564444
v 19.055717 7.173696 -17.663364
v 19.128731 7.176398 -18.567434
v 19.243113 7.155562 -20.249226
v 19.871204 7.017962 -24.880207
v 17.770664 7.058611 -16.569147
v 18.272552 7.055176 -17.587570
v 18.583982 7.053606 -18.485453
v 18.949629 7.061693 -20.235186
v 18.995113 7.058078 -21.655920
v 18.876814 7.058601 -22.395151
v 18.601551 7.058435 -23.201515
v 18.495148 7.058376 -23.872728
v 18.548317 7.058477 -24.521849
v 18.714396 7.060203 -24.891655
v 18.859669 7.069083 -25.001980
v 18.936089 7.068984 -25.056753
v 19.111053 7.068037 -25.130354
v 19.248791 7.026806 -25.189268
v 19.412809 7.068588 -25.144020
v 19.834820 7.067407 -24.879747
v 20.031837 7.058512 -24.522078
v 20.085226 7.058356 -23.872816
v 19.979273 7.058321 -23.202131
v 19.702795 7.058662 -22.393417
v 19.585882 7.058220 -21.675066
v 19.827723 7.063341 -18.921354
v 19.997976 7.058463 -18.386591
v 20.309002 7.058473 -17.534605
v 20.842533 7.058556 -16.513775
v 21.647003 7.058378 -15.431293
v 20.010471 6.869357 -21.025324
v 17.022253 6.669310 -16.530277
v 17.965322 6.870523 -17.838972
v 18.500647 6.836416 -20.244110
v 18.243591 6.856091 -22.962812
v 18.721361 6.869657 -25.440020
v 18.966110 6.869644 -25.552950
v 19.156399 6.869617 -25.591572
v 19.350834 6.869627 -25.599909
v 19.971676 6.869664 -25.358690
v 20.205988 6.869418 -25.106747
v 20.404150 6.868311 -24.652205
v 20.470613 6.868900 -24.273407
v 20.405905 6.868715 -23.277327
v 20.339870 6.855289 -22.969353
v 20.484379 6.669948 -22.820368
v 20.123377 6.868644 -22.389648
v 20.965582 6.869333 -17.109711
v 21.354874 6.869211 -16.475168
v 21.779966 6.868717 -15.887825
v 20.039177 6.865427 -20.466536
v 20.235680 6.670053 -20.407444
v 20.019587 6.869343 -20.839474
v 20.175091 6.682524 -21.547865
v 19.997656 6.865457 -21.394585
v 18.586029 6.869699 -21.397278
v 18.568768 6.869174 -21.025307
v 18.377571 6.669679 -21.138212
v 18.345160 6.669683 -20.407307
v 18.354776 6.669457 -20.590096
v 18.552795 6.869365 -20.653606
v 20.002424 6.870048 -21.211508
v 19.986231 6.869763 -21.559900
v 18.237047 6.469540 -20.288683
v 20.428825 6.469617 -19.702843
v 19.295845 7.159765 -20.510149
v 18.788277 7.058414 -19.244417
v 19.630983 7.062953 -20.172836
v 20.325998 6.667927 -19.707630
v 16.662603 6.668676 -16.015347
v 17.439583 6.670004 -17.205488
v 17.778873 6.670470 -17.915134
v 18.057426 6.670010 -18.747152
v 18.252975 6.668180 -19.700613
v 18.393003 6.669104 -21.543070
v 18.312460 6.669968 -22.167839
v 18.232508 6.669425 -22.431564
v 18.093412 6.669264 -22.826611
v 18.037151 6.670009 -23.009628
v 17.911066 6.669201 -24.292948
v 17.984781 6.670014 -24.707348
v 18.122894 6.670006 -25.058998
v 18.315649 6.670011 -25.345224
v 18.553602 6.670018 -25.563797
v 18.828434 6.669571 -25.712906
v 19.132139 6.668593 -25.789177
v 19.447815 6.669991 -25.788425
v 20.027027 6.668848 -25.564911
v 20.264389 6.670730 -25.344919
v 20.457933 6.668598 -25.059725
v 20.595507 6.670004 -24.707445
v 20.545406 6.667435 -23.010746
v 20.346376 6.667930 -22.424076
v 20.267855 6.669959 -22.167833
v 20.201782 6.669305 -21.764191
v 20.214262 6.665884 -20.954092
v 20.247580 6.667545 -20.251726
v 20.802088 6.669230 -17.915405
v 21.141136 6.668599 -17.206388
v 21.519920 6.668221 -16.589151
v 21.931524 6.668655 -16.015377
v 20.205736 6.637554 -21.567524
v 17.072681 7.034053 -15.686447
v 17.439821 7.031359 -16.213070
v 17.817724 7.031935 -16.803959
v 18.720135 7.034232 -19.260202
v 18.806803 7.034783 -22.387180
v 18.527798 7.034993 -23.211353
v 18.455685 7.035414 -24.364292
v 20.062801 7.033751 -24.652159
v 20.003656 7.032829 -23.041445
v 19.777147 7.033540 -22.388163
v 19.690531 7.031970 -21.942772
v 20.085413 7.031954 -18.356964
v 20.396576 7.031590 -17.522043
v 20.767574 7.032874 -16.790676
v 21.178139 7.031572 -16.158068
v 21.530918 7.032307 -15.681685
v 18.812092 7.006979 -25.000565
v 19.253117 6.984345 -25.200037
v 19.680099 6.869617 -25.076139
v 18.638691 7.029973 -24.926580
v 19.943668 7.028243 -24.927372
v 19.665218 7.031152 -21.586731
v 18.862406 7.032444 -20.227045
v 19.872545 7.032834 -19.214979
v 16.815214 6.869389 -15.888036
v 18.251938 6.870217 -18.695448
v 18.524654 6.870234 -22.141026
v 18.302158 6.869606 -24.969332
v 20.279058 6.869419 -24.969362
v 19.997272 6.877796 -21.904165
v 19.722692 7.031490 -20.209702
v 20.329098 6.869574 -18.695477
v 18.564934 6.868627 -21.911297
v 20.129963 6.867925 -19.673773
v 18.818960 6.869617 -25.008802
v 19.082514 6.869617 -25.169333
v 19.572496 6.869617 -25.140335
v 18.917944 7.031454 -21.543249
v 18.580439 6.870742 -21.211737
v 18.563992 6.870736 -20.839920
v 18.360733 6.669595 -20.772741
v 18.757364 7.116223 -16.953897
v 17.791492 6.469521 -24.051479
v 17.817059 6.469617 -23.577929
v 20.763098 6.469564 -23.577480
v 20.788900 6.469560 -24.051903
v 20.689058 6.668312 -24.013168
v 18.112535 6.869189 -23.646578
v 18.092354 6.869260 -24.012783
v 20.487860 6.869233 -24.013248
v 20.466528 6.869362 -23.646933
v 17.912947 6.668691 -23.626963
v 17.892181 6.669384 -24.013304
v 20.666021 6.670312 -23.626915
v 18.443211 7.032845 -23.645779
v 20.162992 7.031176 -24.042080
v 20.170763 7.390310 -13.671619
v 19.034266 7.069606 -15.645411
v 18.193783 7.386145 -13.267235
v 18.527973 7.390310 -13.762418
v 20.414154 7.386145 -12.524012
v 18.897247 7.070219 -7.944159
v 16.568176 7.069599 -12.635612
v 20.080036 7.390227 -12.028330
v 19.675587 7.386145 -14.005807
v 18.437176 7.390310 -12.119632
v 18.932352 7.386145 -11.785441
v 24.283283 7.070229 -12.488942
v 17.417643 7.069350 -14.909330
v 17.289303 7.069327 -11.011967
v 21.183203 7.069283 -10.880405
v 21.318174 7.069306 -14.777592
v 19.836674 7.001240 -10.581577
v 20.938089 6.999890 -11.262480
v 21.612307 6.999305 -12.355195
v 21.617432 7.001321 -13.429314
v 20.937111 6.999890 -14.529745
v 19.844530 6.999270 -15.204043
v 18.770319 7.001340 -15.209035
v 17.669847 6.999890 -14.528765
v 16.994963 6.999131 -13.435828
v 16.989981 7.001259 -12.362952
v 17.670830 6.999890 -11.261501
v 18.763891 6.999167 -10.586710
v 19.683558 7.252573 -11.206498
v 20.565536 7.207117 -11.632711
v 20.963089 7.262507 -12.523124
v 20.993097 7.252572 -13.275212
v 20.566881 7.207121 -14.157180
v 19.676466 7.262509 -14.554740
v 18.924383 7.252575 -14.584742
v 18.042408 7.207121 -14.158527
v 17.644859 7.262510 -13.268124
v 17.614845 7.252573 -12.516033
v 18.041059 7.207119 -11.634062
v 18.931471 7.262511 -11.236517
v 19.510750 7.341477 -11.471138
v 20.351559 7.311020 -11.843045
v 20.699308 7.341514 -12.591503
v 20.728455 7.341477 -13.102406
v 20.356546 7.311021 -13.943210
v 19.608089 7.341514 -14.290963
v 19.097189 7.341477 -14.320111
v 18.256382 7.311020 -13.948203
v 17.908630 7.341514 -13.199744
v 17.879480 7.341477 -12.688851
v 18.251389 7.311020 -11.848035
v 18.999847 7.341514 -11.500284
v 18.968798 7.089762 -13.034037
v 18.968798 7.389762 -12.757211
v 19.442383 7.389762 -12.560452
v 19.639141 7.389762 -13.034039
v 19.165560 7.389762 -13.230797
v 19.165556 7.389762 -12.560452
v 19.639141 7.089762 -12.757208
v 19.442383 7.089762 -13.230797
v 24.362091 6.469617 -11.276026
v 30.711338 6.469617 -11.401852
v 30.711338 6.469617 -14.361764
v 24.097393 7.222103 -12.881808
v 14.972183 6.469617 -10.942416
v 7.924232 6.469617 -11.401855
v 9.243858 6.469617 -14.233093
v 13.454020 6.469617 -14.212855
v 14.273479 6.469617 -14.487593
v 14.538177 7.222103 -12.881810
v 17.810194 6.469618 -1.515883
v 21.605207 6.469617 -9.176290
v 22.008039 6.469617 -9.725114
v 19.290152 7.222104 -8.129829
v 20.085205 6.469616 -25.647009
v 20.770111 6.469616 -24.302990
v 20.641438 6.469616 -22.983364
v 20.621199 6.469616 -18.773203
v 19.290154 7.222103 -17.689045
v 19.849237 7.057117 -10.450176
v 18.755245 7.057117 -10.450176
v 18.755247 7.057117 -15.344525
v 19.849237 7.057117 -15.344525
v 21.752871 7.057117 -13.440892
v 21.752871 7.057117 -12.346901
v 16.858522 7.057117 -12.346901
v 16.858522 7.057117 -13.440893
v 17.571018 7.057117 -14.628575
v 17.571018 7.057117 -11.162673
v 21.036921 7.057117 -11.162672
v 21.036921 7.057117 -14.628575
v 19.925522 7.341514 -11.643895
v 20.555696 7.341514 -13.517177
v 18.682415 7.341514 -14.147352
v 18.052240 7.341514 -12.274071
v 18.968798 7.089762 -12.757210
v 19.442383 7.089762 -12.560452
v 19.639141 7.089762 -13.034038
v 19.165556 7.089762 -13.230796
v 19.165556 7.089762 -12.560452
v 19.639141 7.389762 -12.757210
v 18.968798 7.389762 -13.034038
v 19.442383 7.389762 -13.230796
v 10.967154 8.349252 -18.458675
v 7.814584 8.349252 -14.816714
v 11.717503 8.639981 -18.000044
v 8.615751 8.639981 -13.392039
v 11.114850 8.487225 -18.476734
v 7.793778 8.384102 -14.831283
v 11.729317 8.683989 -17.826683
v 8.615751 8.683989 -13.392040
v 11.114850 8.443218 -18.476734
v 11.729317 8.639981 -17.826681
v 10.946348 8.384102 -18.473244
v 11.717503 8.683989 -18.000044
v 8.154663 8.639981 -13.895835
v 7.925828 8.573471 -14.289580
v 7.925828 8.617478 -14.289580
v 8.154663 8.683989 -13.895835
v 11.562013 8.683989 -18.238949
v 11.345428 8.617478 -18.390602
v 11.562013 8.639981 -18.238949
v 11.345428 8.573471 -18.390602
v 7.859804 8.549471 -14.560431
v 7.859804 8.505464 -14.560431
v 7.646553 8.639983 -13.174799
v 8.124193 8.639983 -12.683696
v 8.124427 8.683991 -12.684014
v 7.644818 8.683991 -13.172385
v 7.815787 8.639983 -12.996649
v 7.953916 8.639983 -12.860730
v 7.951218 8.683991 -12.858222
v 7.816141 8.683991 -12.995660
v 7.918536 8.639983 -13.024863
v 7.981825 8.639983 -12.960918
v 7.981825 8.683991 -12.960918
v 7.918536 8.683991 -13.024862
v 4.801554 8.349252 -7.396984
v 7.954124 8.349252 -11.038945
v 4.051206 8.639981 -7.855615
v 7.152956 8.639981 -12.463620
v 4.653857 8.487225 -7.378924
v 7.974929 8.384102 -11.024378
v 4.039391 8.683989 -8.028977
v 7.152956 8.683989 -12.463620
v 4.653858 8.443218 -7.378925
v 4.039391 8.639981 -8.028977
v 4.822359 8.384102 -7.382415
v 4.051206 8.683989 -7.855615
v 7.614045 8.639981 -11.959825
v 7.842879 8.573471 -11.566079
v 7.842879 8.617478 -11.566079
v 7.614045 8.683989 -11.959825
v 4.206695 8.683989 -7.616710
v 4.423278 8.617478 -7.465056
v 4.206695 8.639981 -7.616710
v 4.423278 8.573471 -7.465056
v 7.908904 8.549471 -11.295228
v 7.908904 8.505464 -11.295228
v 7.850172 8.639983 -12.830797
v 7.786882 8.639983 -12.894742
v 7.786882 8.683991 -12.894742
v 7.850172 8.683991 -12.830797
v 26.754829 8.349253 -17.839325
v 30.491924 8.349252 -14.800134
v 26.095520 8.639982 -17.257366
v 29.950321 8.639981 -13.257981
v 26.606239 8.487226 -17.831463
v 30.509884 8.384102 -14.818092
v 26.113989 8.683990 -17.084585
v 29.950321 8.683989 -13.257981
v 26.606239 8.443219 -17.831463
v 26.113989 8.639982 -17.084585
v 26.772787 8.384103 -17.857285
v 26.095520 8.683990 -17.257366
v 30.316921 8.639981 -13.834190
v 30.473906 8.573471 -14.261691
v 30.473906 8.617478 -14.261691
v 30.316921 8.683989 -13.834190
v 26.207163 8.683990 -17.519642
v 26.394121 8.617479 -17.706600
v 26.207163 8.639982 -17.519642
v 26.394121 8.573472 -17.706600
v 30.491896 8.549471 -14.539892
v 30.491896 8.505464 -14.539891
v 30.944496 8.639983 -13.210394
v 30.556925 8.639983 -12.646243
v 30.557497 8.683991 -12.645668
v 30.943398 8.683991 -13.211496
v 30.808071 8.639983 -13.005990
v 30.694365 8.639983 -12.849671
v 30.697456 8.683991 -12.847670
v 30.804979 8.683991 -13.007991
v 30.700705 8.639983 -13.017453
v 30.649481 8.639983 -12.943489
v 30.649481 8.683991 -12.943489
v 30.700705 8.683991 -13.017453
v 34.747604 8.349251 -8.016334
v 31.010508 8.349252 -11.055527
v 35.406914 8.639980 -8.598292
v 31.552113 8.639981 -12.597678
v 34.896194 8.487225 -8.024196
v 30.992550 8.384102 -11.037567
v 35.388443 8.683989 -8.771073
v 31.552113 8.683989 -12.597678
v 34.896194 8.443217 -8.024197
v 35.388443 8.639980 -8.771073
v 34.729645 8.384101 -7.998374
v 35.406914 8.683989 -8.598292
v 31.185513 8.639981 -12.021470
v 31.028526 8.573470 -11.593969
v 31.028528 8.617478 -11.593969
v 31.185513 8.683989 -12.021470
v 35.295273 8.683989 -8.336017
v 35.108315 8.617477 -8.149058
v 35.295273 8.639980 -8.336017
v 35.108315 8.573470 -8.149058
v 31.010538 8.549471 -11.315768
v 31.010538 8.505463 -11.315768
v 30.801729 8.639983 -12.838207
v 30.852953 8.639983 -12.912170
v 30.852953 8.683991 -12.912170
v 30.801729 8.683991 -12.838207
v 24.247669 8.349253 -5.472394
v 21.208477 8.349253 -1.735298
v 23.665710 8.639982 -6.131701
v 19.666325 8.639982 -2.276902
v 24.239807 8.487226 -5.620982
v 21.226437 8.384103 -1.717339
v 23.492931 8.683990 -6.113233
v 19.666325 8.683990 -2.276902
v 24.239807 8.443219 -5.620982
v 23.492929 8.639982 -6.113233
v 24.265629 8.384103 -5.454433
v 23.665710 8.683990 -6.131701
v 20.242535 8.639982 -1.910301
v 20.670034 8.573472 -1.753317
v 20.670034 8.617479 -1.753317
v 20.242535 8.683990 -1.910301
v 23.927986 8.683990 -6.020060
v 24.114944 8.617479 -5.833100
v 23.927986 8.639982 -6.020060
v 24.114944 8.573472 -5.833100
v 20.948236 8.549472 -1.735328
v 20.948236 8.505465 -1.735328
v 19.620665 8.639984 -1.284682
v 19.054310 8.639984 -1.670028
v 19.054035 8.683992 -1.669741
v 19.618584 8.683992 -1.282550
v 19.415854 8.639984 -1.420430
v 19.258015 8.639984 -1.532861
v 19.256014 8.683992 -1.529768
v 19.414818 8.683992 -1.420606
v 19.425797 8.639984 -1.526519
v 19.351833 8.639984 -1.577743
v 19.351833 8.683992 -1.577743
v 19.425797 8.683992 -1.526519
v 14.424678 8.349253 2.520381
v 17.463871 8.349253 -1.216715
v 15.006638 8.639982 3.179690
v 19.006023 8.639982 -0.675111
v 14.432541 8.487226 2.668970
v 17.445911 8.384103 -1.234674
v 15.179419 8.683990 3.161221
v 19.006023 8.683990 -0.675112
v 14.432541 8.443219 2.668969
v 15.179419 8.639982 3.161221
v 14.406718 8.384103 2.502422
v 15.006638 8.683990 3.179690
v 18.429813 8.639982 -1.041712
v 18.002314 8.573471 -1.198696
v 18.002314 8.617479 -1.198696
v 18.429813 8.683990 -1.041711
v 14.744362 8.683990 3.068048
v 14.557404 8.617479 2.881089
v 14.744362 8.639982 3.068048
v 14.557404 8.573472 2.881089
v 17.724112 8.549472 -1.216685
v 17.724112 8.505464 -1.216685
v 19.246552 8.639984 -1.425494
v 19.320515 8.639984 -1.374270
v 19.320515 8.683992 -1.374270
v 19.246552 8.683992 -1.425494
v 7.673283 5.866353 -12.792196
v 8.106620 5.866353 -12.792392
v 7.980340 5.866353 -12.666112
v 7.802186 5.866353 -12.663760
v 7.675475 5.866353 -12.970976
v 7.801559 5.866353 -13.099449
v 7.980340 5.866353 -13.097256
v 8.108812 5.866353 -12.971171
v 8.124628 5.866353 -12.862808
v 7.914055 5.866353 -12.648047
v 7.657465 5.866353 -12.900556
v 7.909921 5.866353 -13.115266
v 8.241419 5.866353 -12.909998
v 8.217694 5.866353 -12.747453
v 8.025455 5.866353 -12.553049
v 7.850462 5.866353 -12.532520
v 7.757107 5.866353 -12.558327
v 7.562079 5.866353 -12.748776
v 7.541884 5.866353 -12.922268
v 7.567689 5.866353 -13.015622
v 7.758140 5.866353 -13.210650
v 7.931632 5.866353 -13.230847
v 8.024986 5.866353 -13.205042
v 8.214405 5.866353 -13.015622
v 8.356598 5.866353 -12.935799
v 8.329669 5.866353 -12.704473
v 8.070023 5.866353 -12.446155
v 7.853292 5.866353 -12.414522
v 7.712461 5.866353 -12.450540
v 7.455518 5.866353 -12.702709
v 7.423884 5.866353 -12.919433
v 7.459903 5.866353 -13.060269
v 7.712071 5.866353 -13.317213
v 7.928801 5.866353 -13.348845
v 8.069633 5.866353 -13.312828
v 8.322190 5.866353 -13.060269
v 8.474999 5.866353 -12.928873
v 8.435458 5.866353 -12.657965
v 8.386023 5.866353 -12.386710
v 8.114279 5.866353 -12.342753
v 8.004849 5.866352 -12.309559
v 7.823408 5.866353 -12.299746
v 7.667816 5.866353 -12.342754
v 7.396071 5.866353 -12.386709
v 7.352117 5.866353 -12.658452
v 7.307093 5.866353 -12.834495
v 7.346636 5.866353 -13.105403
v 7.667815 5.866353 -13.420613
v 7.777245 5.866352 -13.453808
v 7.958687 5.866353 -13.463622
v 8.114279 5.866353 -13.420612
v 8.429976 5.866353 -13.104916
v 8.589374 5.866353 -12.962853
v 8.577597 5.866352 -12.745120
v 8.516780 5.866353 -12.561207
v 8.233273 5.866353 -12.267575
v 8.027610 5.866352 -12.195133
v 7.834413 5.866353 -12.180940
v 7.570568 5.866353 -12.255950
v 7.276936 5.866353 -12.539462
v 7.192721 5.866353 -12.800512
v 7.214815 5.866353 -13.073932
v 7.339862 5.866353 -13.318083
v 7.502148 5.866352 -13.463713
v 7.675195 5.866353 -13.550755
v 7.947672 5.866353 -13.582427
v 8.158926 5.866352 -13.528399
v 8.327440 5.866353 -13.432872
v 8.505155 5.866353 -13.223912
v 8.591046 5.696351 -12.881683
v 8.561121 5.697321 -12.668871
v 8.431944 5.695980 -12.432385
v 8.279945 5.696351 -12.299655
v 8.083284 5.696258 -12.205482
v 7.813042 5.697320 -12.182968
v 7.623168 5.696351 -12.234967
v 7.435606 5.696258 -12.346167
v 7.266748 5.697320 -12.558358
v 7.190874 5.695981 -12.816906
v 7.219382 5.695981 -13.089784
v 7.309018 5.696351 -13.270583
v 7.454669 5.696259 -13.432846
v 7.623168 5.696351 -13.528399
v 7.831240 5.697320 -13.582191
v 8.102080 5.695043 -13.552349
v 8.346482 5.696259 -13.417205
v 8.473076 5.696351 -13.270582
v 8.566427 5.697320 -13.077005
v 8.474999 5.666352 -12.834495
v 8.429976 5.666352 -12.658451
v 8.317276 5.666346 -12.362317
v 8.114766 5.666351 -12.337272
v 7.843855 5.666351 -12.297731
v 7.667815 5.666351 -12.342753
v 7.378464 5.666341 -12.445751
v 7.352117 5.666352 -12.658451
v 7.309107 5.666352 -12.814045
v 7.318922 5.666352 -12.995486
v 7.352117 5.666352 -13.104916
v 7.298517 5.666340 -13.198402
v 7.417286 5.666352 -13.355446
v 7.574331 5.666340 -13.474216
v 7.667328 5.666352 -13.426095
v 7.938238 5.666352 -13.465636
v 8.114279 5.666352 -13.420613
v 8.263280 5.666352 -13.438766
v 8.410408 5.666344 -13.307914
v 8.435458 5.666352 -13.105403
v 8.356598 5.666352 -12.827568
v 8.322190 5.666352 -12.703098
v 8.069633 5.666351 -12.450540
v 7.928802 5.666351 -12.414522
v 7.712071 5.666351 -12.446155
v 7.459903 5.666352 -12.703098
v 7.423884 5.666352 -12.843935
v 7.455518 5.666352 -13.060659
v 7.712461 5.666352 -13.312828
v 7.853293 5.666352 -13.348845
v 8.070023 5.666352 -13.317213
v 8.329669 5.666352 -13.058894
v 8.241419 5.666352 -12.853370
v 8.214405 5.666352 -12.747745
v 8.024986 5.666351 -12.558327
v 7.931633 5.666351 -12.532520
v 7.758139 5.666351 -12.552717
v 7.675475 5.666352 -12.792392
v 7.564399 5.666352 -12.747453
v 7.540676 5.666352 -12.910000
v 7.567689 5.666352 -13.015622
v 7.757109 5.666352 -13.205041
v 7.850459 5.666352 -13.230847
v 8.023954 5.666352 -13.210649
v 8.217693 5.666352 -13.015915
v 8.123822 5.666352 -12.854630
v 8.106619 5.666352 -12.792392
v 7.980340 5.666352 -12.666112
v 7.913978 5.666352 -12.648823
v 7.801441 5.666352 -12.662595
v 7.657465 5.666352 -12.862812
v 7.673283 5.666352 -12.971170
v 7.801754 5.666352 -13.097257
v 7.872174 5.666352 -13.115266
v 7.980535 5.666352 -13.099447
v 8.110358 5.666352 -12.970288
v 8.559416 5.666323 -12.959370
v 8.548173 5.666352 -12.750973
v 8.478824 5.666335 -12.554132
v 8.147445 5.666351 -12.262684
v 7.956904 5.666330 -12.213062
v 7.760336 5.666351 -12.224557
v 7.574335 5.666339 -12.289149
v 7.272047 5.666351 -12.625285
v 7.220370 5.666317 -12.827489
v 7.233921 5.666352 -13.012394
v 7.824975 5.666321 -13.552521
v 8.086074 5.666322 -13.524602
v 8.510046 5.666352 -13.138081
v 9.487041 7.079890 -12.915893
v 9.462919 7.079890 -13.052701
v 9.393459 7.079890 -13.173008
v 9.287042 7.079890 -13.262302
v 9.156501 7.079890 -13.309815
v 9.017583 7.079890 -13.309815
v 8.887042 7.079890 -13.262302
v 8.780624 7.079890 -13.173008
v 8.711164 7.079890 -13.052701
v 8.687042 7.079890 -12.915893
v 8.711164 7.079890 -12.779084
v 8.780624 7.079890 -12.658777
v 8.887042 7.079890 -12.569483
v 9.017582 7.079890 -12.521970
v 9.156501 7.079890 -12.521970
v 9.287042 7.079890 -12.569482
v 9.393459 7.079890 -12.658777
v 9.462919 7.079890 -12.779084
v 9.407042 8.079890 -12.915893
v 9.387744 8.079890 -13.025339
v 9.332176 8.079890 -13.121585
v 9.247042 8.079890 -13.193021
v 9.142610 8.079890 -13.231031
v 9.031475 8.079890 -13.231031
v 8.927042 8.079890 -13.193021
v 8.841908 8.079890 -13.121585
v 8.786341 8.079890 -13.025341
v 8.767042 8.079890 -12.915893
v 8.786340 8.079890 -12.806446
v 8.841908 8.079890 -12.710201
v 8.927042 8.079890 -12.638764
v 9.031474 8.079890 -12.600754
v 9.142608 8.079890 -12.600754
v 9.247042 8.079890 -12.638764
v 9.332176 8.079890 -12.710200
v 9.387744 8.079890 -12.806446
v 9.416642 7.959890 -12.915893
v 9.396765 7.959890 -13.028623
v 9.251842 7.959890 -13.201335
v 9.144277 7.959890 -13.240485
v 8.922242 7.959890 -13.201335
v 8.834554 7.959890 -13.127755
v 8.757442 7.959890 -12.915893
v 8.777319 7.959890 -12.803163
v 8.922242 7.959890 -12.630450
v 9.029807 7.959890 -12.591300
v 9.251842 7.959890 -12.630450
v 9.339530 7.959890 -12.704030
v 8.090214 7.067173 -12.952642
v 8.024790 7.067173 -13.074837
v 7.896132 7.067173 -13.126385
v 7.764437 7.067173 -13.083175
v 7.691327 7.067173 -12.965422
v 7.711012 7.067173 -12.828223
v 7.814282 7.067173 -12.735776
v 7.952816 7.067173 -12.731339
v 8.061789 7.067173 -12.816987
v 8.090214 7.767173 -12.895087
v 8.061788 7.767173 -13.030744
v 7.952817 7.767173 -13.116389
v 7.814281 7.767173 -13.111953
v 7.711013 7.767173 -13.019507
v 7.691327 7.767173 -12.882309
v 7.764437 7.767173 -12.764554
v 7.896131 7.767173 -12.721344
v 8.024790 7.767173 -12.772894
v 8.037617 7.767173 -12.892859
v 8.022928 7.767173 -12.995228
v 7.964259 7.767173 -13.053101
v 7.894483 7.767173 -13.074974
v 7.815030 7.767173 -13.053101
v 7.761199 7.767173 -13.003610
v 7.739991 7.767173 -12.902389
v 7.775328 7.767173 -12.827942
v 7.833413 7.767173 -12.783525
v 7.936782 7.767173 -12.780214
v 8.003960 7.767173 -12.827942
v 8.039298 7.267173 -12.902390
v 8.018089 7.267173 -13.003610
v 7.964259 7.267173 -13.053101
v 7.884804 7.267173 -13.074973
v 7.815030 7.267173 -13.053101
v 7.756360 7.267173 -12.995228
v 7.741672 7.267173 -12.892858
v 7.775328 7.267173 -12.827942
v 7.842507 7.267173 -12.780214
v 7.945877 7.267173 -12.783525
v 8.003960 7.267173 -12.827942
v 7.873520 6.784796 -13.062593
v 7.905768 7.784796 -13.062593
v 7.940256 6.784796 -13.055200
v 7.970725 7.784796 -13.038914
v 7.996035 6.784796 -13.014345
v 8.013951 7.784796 -12.987532
v 8.030789 6.784796 -12.941793
v 8.030789 7.784796 -12.905935
v 8.008583 6.784796 -12.848605
v 7.976770 7.784796 -12.811380
v 7.946724 6.784796 -12.795209
v 7.886143 7.784796 -12.783159
v 7.878397 6.784796 -12.784656
v 7.814383 6.784796 -12.804927
v 7.808563 7.784796 -12.808816
v 7.754708 6.784796 -12.878743
v 7.758308 7.784796 -12.873255
v 7.754709 7.784796 -12.968988
v 7.758309 6.784796 -12.974477
v 7.808563 6.784796 -13.038914
v 7.826137 7.784796 -13.051185
v 7.691327 8.628355 -12.882308
v 7.701705 8.628355 -12.992269
v 7.754500 8.628355 -13.074838
v 7.854915 8.628355 -13.120826
v 7.952817 8.628355 -13.116389
v 8.061788 8.628355 -13.030744
v 8.090214 8.628355 -12.895087
v 8.024790 8.628355 -12.772894
v 7.896131 8.628355 -12.721344
v 7.764437 8.628355 -12.764554
v 7.691327 7.928355 -12.965421
v 7.764437 7.928355 -13.083175
v 7.896131 7.928355 -13.126385
v 8.024790 7.928355 -13.074836
v 8.090215 7.928355 -12.952642
v 8.061789 7.928355 -12.816987
v 7.952816 7.928355 -12.731339
v 7.814282 7.928355 -12.735776
v 7.711012 7.928355 -12.828223
v 7.741672 7.928355 -12.892857
v 7.756360 7.928355 -12.995228
v 7.815030 7.928355 -13.053101
v 7.884804 7.928355 -13.074974
v 7.964258 7.928355 -13.053101
v 8.019943 7.928355 -12.999093
v 8.038873 7.928355 -12.923864
v 8.022927 7.928355 -12.852500
v 7.945877 7.928355 -12.783525
v 7.842507 7.928355 -12.780214
v 7.775328 7.928355 -12.827942
v 7.741672 8.428355 -12.954873
v 7.775328 8.428355 -13.019787
v 7.842509 8.428355 -13.067516
v 7.941105 8.428355 -13.065248
v 8.003960 8.428355 -13.019787
v 8.039298 8.428355 -12.945339
v 8.018088 8.428355 -12.844119
v 7.936783 8.428355 -12.780214
v 7.833412 8.428355 -12.783525
v 7.756360 8.428355 -12.852501
v 30.526760 5.866353 -12.971171
v 30.510942 5.866353 -12.862814
v 30.528952 5.866353 -12.792392
v 30.833817 5.866353 -12.666111
v 30.962290 5.866353 -12.792195
v 30.978107 5.866353 -12.900554
v 30.960098 5.866353 -12.970976
v 30.655233 5.866353 -13.097256
v 30.655039 5.866353 -12.663919
v 30.763399 5.866353 -12.648102
v 30.834013 5.866353 -13.099449
v 30.725651 5.866353 -13.115266
v 30.394152 5.866353 -12.909994
v 30.417877 5.866353 -12.747452
v 30.611618 5.866353 -12.552717
v 30.785110 5.866353 -12.532520
v 30.878466 5.866353 -12.558327
v 31.073492 5.866353 -12.748775
v 31.093689 5.866353 -12.922264
v 31.067883 5.866353 -13.015623
v 30.877434 5.866353 -13.210650
v 30.703939 5.866353 -13.230847
v 30.610586 5.866353 -13.205041
v 30.421165 5.866353 -13.015623
v 30.277252 5.866353 -12.835661
v 30.313383 5.866353 -12.703099
v 30.565550 5.866353 -12.446156
v 30.782278 5.866353 -12.414522
v 30.923109 5.866353 -12.450541
v 31.180370 5.866353 -12.703964
v 31.211687 5.866353 -12.919436
v 31.175669 5.866353 -13.060269
v 30.923498 5.866353 -13.317213
v 30.706768 5.866353 -13.348845
v 30.565937 5.866353 -13.312828
v 30.308994 5.866353 -13.060659
v 30.162586 5.866353 -12.814043
v 30.205595 5.866353 -12.658452
v 30.249550 5.866353 -12.386708
v 30.521292 5.866353 -12.342754
v 30.630722 5.866352 -12.309559
v 30.812162 5.866353 -12.299746
v 30.967756 5.866353 -12.342754
v 31.283453 5.866353 -12.658452
v 31.316648 5.866352 -12.767880
v 31.326466 5.866353 -12.949314
v 31.283453 5.866353 -13.104915
v 30.967756 5.866353 -13.420613
v 30.791714 5.866353 -13.465636
v 30.520805 5.866353 -13.426095
v 30.308128 5.866353 -13.432871
v 30.130421 5.866353 -13.223918
v 30.205593 5.866352 -13.104915
v 30.172400 5.866352 -12.995485
v 30.046196 5.866353 -12.962846
v 30.057974 5.866352 -12.745120
v 30.118797 5.866353 -12.561195
v 30.402294 5.866353 -12.267578
v 30.663355 5.866353 -12.183357
v 30.936771 5.866353 -12.205451
v 31.180923 5.866353 -12.330499
v 31.358629 5.866353 -12.539451
v 31.442852 5.866353 -12.800515
v 31.420755 5.866353 -13.073931
v 31.295713 5.866353 -13.318077
v 31.086754 5.866353 -13.495791
v 30.881086 5.866352 -13.568233
v 30.687901 5.866353 -13.582427
v 30.476645 5.866352 -13.528399
v 30.044016 5.697321 -12.941488
v 30.057974 5.696351 -12.745120
v 30.128847 5.697320 -12.542231
v 30.249550 5.696351 -12.386708
v 30.421188 5.697320 -12.257391
v 30.607962 5.696351 -12.195133
v 30.822527 5.697320 -12.182967
v 31.012402 5.696351 -12.234967
v 31.196142 5.695044 -12.342825
v 31.368818 5.697321 -12.558349
v 31.431074 5.696351 -12.745120
v 31.442822 5.696258 -12.962847
v 31.360199 5.697320 -13.221144
v 31.184919 5.695044 -13.429753
v 30.939852 5.697320 -13.557061
v 30.744524 5.696351 -13.581683
v 30.528683 5.696259 -13.550726
v 30.291483 5.697320 -13.419311
v 30.121077 5.695043 -13.206706
v 30.162584 5.666352 -12.949317
v 30.172400 5.666352 -12.767880
v 30.205595 5.666352 -12.658451
v 30.225159 5.666343 -12.455459
v 30.521292 5.666351 -12.342755
v 30.676888 5.666351 -12.299746
v 30.858326 5.666351 -12.309559
v 30.967756 5.666351 -12.342754
v 31.339027 5.666340 -12.563910
v 31.289330 5.666352 -12.659533
v 31.328480 5.666352 -12.928868
v 31.283453 5.666352 -13.104916
v 31.263893 5.666344 -13.307904
v 30.967756 5.666352 -13.420613
v 30.812162 5.666352 -13.463622
v 30.630720 5.666352 -13.453808
v 30.521292 5.666352 -13.420612
v 30.437780 5.666343 -13.480589
v 30.151989 5.666338 -13.198394
v 30.205593 5.666352 -13.104915
v 30.278803 5.666352 -12.835815
v 30.313381 5.666352 -12.703097
v 30.565939 5.666352 -12.450541
v 30.706772 5.666351 -12.414522
v 30.923498 5.666352 -12.446155
v 31.182703 5.666352 -12.702474
v 31.210075 5.666352 -12.935796
v 31.175669 5.666352 -13.060269
v 30.923109 5.666352 -13.312827
v 30.782278 5.666352 -13.348845
v 30.565548 5.666352 -13.317213
v 30.305901 5.666352 -13.058894
v 30.394152 5.666352 -12.853373
v 30.421165 5.666352 -12.747744
v 30.610586 5.666352 -12.558327
v 30.703939 5.666352 -12.532520
v 30.877434 5.666352 -12.552717
v 30.960098 5.666352 -12.792392
v 31.067883 5.666352 -12.747745
v 31.093689 5.666352 -12.841102
v 31.073492 5.666352 -13.014592
v 30.878466 5.666352 -13.205041
v 30.785110 5.666352 -13.230847
v 30.611618 5.666352 -13.210650
v 30.417877 5.666352 -13.015915
v 30.510942 5.666352 -12.900554
v 30.526760 5.666352 -12.792196
v 30.655233 5.666352 -12.666112
v 30.721596 5.666352 -12.648822
v 30.834131 5.666352 -12.662595
v 30.978107 5.666352 -12.862814
v 30.962290 5.666352 -12.971171
v 30.833130 5.666352 -13.100996
v 30.717472 5.666352 -13.114460
v 30.655233 5.666352 -13.097256
v 30.528952 5.666352 -12.970976
v 30.073849 5.666317 -12.827486
v 30.125525 5.666352 -12.625285
v 30.426765 5.666308 -12.287209
v 30.678667 5.666330 -12.213061
v 30.940193 5.666308 -12.236636
v 31.170742 5.666326 -12.362333
v 31.415201 5.666317 -12.827485
v 31.384893 5.666323 -13.088274
v 31.072081 5.666337 -13.469459
v 30.875235 5.666352 -13.538810
v 30.678671 5.666327 -13.550301
v 30.270761 5.666352 -13.355444
v 30.087399 5.666352 -13.012393
v 29.148529 7.079890 -12.915893
v 29.172651 7.079890 -13.052701
v 29.242111 7.079890 -13.173008
v 29.348528 7.079890 -13.262302
v 29.479069 7.079890 -13.309815
v 29.617989 7.079890 -13.309815
v 29.748529 7.079890 -13.262302
v 29.854946 7.079890 -13.173008
v 29.924406 7.079890 -13.052701
v 29.948528 7.079890 -12.915893
v 29.924406 7.079890 -12.779084
v 29.854946 7.079890 -12.658777
v 29.748529 7.079890 -12.569483
v 29.617989 7.079890 -12.521970
v 29.479069 7.079890 -12.521970
v 29.348530 7.079890 -12.569482
v 29.242111 7.079890 -12.658777
v 29.172651 7.079890 -12.779084
v 29.228529 8.079890 -12.915893
v 29.247828 8.079890 -13.025339
v 29.303396 8.079889 -13.121586
v 29.388529 8.079889 -13.193021
v 29.492962 8.079889 -13.231031
v 29.604095 8.079889 -13.231031
v 29.708529 8.079889 -13.193021
v 29.793663 8.079889 -13.121585
v 29.849232 8.079890 -13.025339
v 29.868528 8.079890 -12.915893
v 29.849230 8.079890 -12.806446
v 29.793665 8.079890 -12.710203
v 29.708529 8.079890 -12.638764
v 29.604095 8.079890 -12.600755
v 29.492964 8.079890 -12.600754
v 29.388529 8.079890 -12.638764
v 29.303394 8.079890 -12.710200
v 29.247828 8.079890 -12.806445
v 29.218929 7.959890 -12.915893
v 29.238806 7.959890 -13.028623
v 29.383728 7.959890 -13.201335
v 29.491295 7.959890 -13.240485
v 29.713329 7.959890 -13.201335
v 29.801018 7.959890 -13.127755
v 29.878128 7.959890 -12.915893
v 29.858252 7.959890 -12.803163
v 29.713329 7.959890 -12.630451
v 29.605762 7.959890 -12.591300
v 29.383728 7.959890 -12.630450
v 29.296040 7.959890 -12.704030
v 30.547609 7.067173 -12.882313
v 30.557987 7.067173 -12.992269
v 30.610781 7.067173 -13.074837
v 30.739441 7.067173 -13.126384
v 30.871136 7.067173 -13.083175
v 30.944244 7.067173 -12.965416
v 30.933865 7.067173 -12.855460
v 30.881071 7.067173 -12.772893
v 30.752413 7.067173 -12.721345
v 30.620720 7.067173 -12.764555
v 30.547609 7.767173 -12.965417
v 30.620718 7.767173 -13.083175
v 30.752413 7.767173 -13.126384
v 30.881071 7.767173 -13.074837
v 30.933865 7.767173 -12.992269
v 30.944244 7.767173 -12.882314
v 30.871134 7.767173 -12.764555
v 30.739441 7.767173 -12.721345
v 30.645926 7.767173 -12.750659
v 30.567297 7.767173 -12.828222
v 30.597755 7.767173 -12.949989
v 30.645090 7.767173 -13.036510
v 30.741087 7.767173 -13.074973
v 30.820539 7.767173 -13.053101
v 30.874371 7.767173 -13.003609
v 30.895582 7.767173 -12.902395
v 30.860241 7.767173 -12.827942
v 30.797386 7.767173 -12.782483
v 30.698790 7.767173 -12.780214
v 30.614239 7.767173 -12.847835
v 30.596697 7.267173 -12.923864
v 30.617481 7.267173 -13.003609
v 30.671312 7.267173 -13.053101
v 30.750765 7.267173 -13.074973
v 30.820539 7.267173 -13.053101
v 30.879211 7.267173 -12.995226
v 30.895155 7.267173 -12.923864
v 30.876225 7.267173 -12.848636
v 30.797935 7.267173 -12.780974
v 30.689697 7.267173 -12.783525
v 30.615627 7.267173 -12.848638
v 30.762053 6.784796 -13.062593
v 30.695316 6.784796 -13.055201
v 30.700808 7.784796 -13.058802
v 30.639534 6.784796 -13.014344
v 30.636427 7.784796 -13.010556
v 30.608606 6.784796 -12.954743
v 30.607241 7.784796 -12.947879
v 30.614592 6.784796 -12.873253
v 30.613010 7.784796 -12.880986
v 30.648905 7.784796 -12.821898
v 30.675348 6.784796 -12.800324
v 30.721910 7.784796 -12.785179
v 30.757175 6.784796 -12.784657
v 30.803003 7.784796 -12.795208
v 30.821186 6.784796 -12.804927
v 30.864862 7.784796 -12.848602
v 30.880863 6.784796 -12.878746
v 30.887074 7.784796 -12.941790
v 30.877260 6.784796 -12.974478
v 30.852318 7.784796 -13.014344
v 30.827009 6.784796 -13.038913
v 30.796535 7.784796 -13.055201
v 30.944244 8.628355 -12.882314
v 30.933865 8.628355 -12.992269
v 30.881071 8.628355 -13.074837
v 30.752413 8.628355 -13.126384
v 30.620718 8.628355 -13.083175
v 30.547609 8.628355 -12.965417
v 30.567297 8.628355 -12.828222
v 30.645926 8.628355 -12.750659
v 30.739441 8.628355 -12.721345
v 30.871134 8.628355 -12.764555
v 30.944244 7.928355 -12.965416
v 30.871136 7.928355 -13.083175
v 30.739441 7.928355 -13.126384
v 30.610781 7.928355 -13.074837
v 30.557987 7.928355 -12.992269
v 30.547609 7.928355 -12.882313
v 30.620720 7.928355 -12.764555
v 30.752413 7.928355 -12.721345
v 30.881071 7.928355 -12.772893
v 30.933865 7.928355 -12.855460
v 30.893902 7.928355 -12.892863
v 30.879211 7.928355 -12.995227
v 30.820539 7.928355 -13.053101
v 30.750765 7.928355 -13.074973
v 30.671312 7.928355 -13.053101
v 30.617481 7.928355 -13.003609
v 30.596697 7.928355 -12.923864
v 30.612642 7.928355 -12.852502
v 30.689697 7.928355 -12.783525
v 30.771839 7.928355 -12.776903
v 30.839350 7.928355 -12.804997
v 30.893902 8.428355 -12.954865
v 30.839350 8.428355 -13.042732
v 30.741087 8.428355 -13.074973
v 30.671312 8.428355 -13.053101
v 30.612642 8.428355 -12.995227
v 30.596697 8.428355 -12.923864
v 30.617483 8.428355 -12.844119
v 30.698790 8.428355 -12.780214
v 30.802156 8.428355 -12.783525
v 30.879211 8.428355 -12.852503
v 19.505598 5.866352 -24.246883
v 19.317076 5.866352 -24.103399
v 19.201422 5.866352 -24.116867
v 19.072264 5.866352 -24.246689
v 19.056446 5.866352 -24.355047
v 19.074455 5.866352 -24.425468
v 19.200541 5.866352 -24.553942
v 19.308901 5.866352 -24.569757
v 19.379320 5.866352 -24.551748
v 19.507792 5.866352 -24.425663
v 19.523609 5.866352 -24.317307
v 19.379322 5.866352 -24.120605
v 19.249447 5.866352 -23.987013
v 19.156088 5.866352 -24.012819
v 18.966669 5.866352 -24.202234
v 18.939655 5.866352 -24.307865
v 18.963381 5.866352 -24.470409
v 19.156090 5.866352 -24.659534
v 19.261717 5.866352 -24.686548
v 19.424261 5.866352 -24.662823
v 19.613386 5.866351 -24.470116
v 19.640400 5.866352 -24.364487
v 19.616674 5.866352 -24.201942
v 19.252277 5.866352 -23.869013
v 19.111443 5.866351 -23.905033
v 18.854502 5.866352 -24.157202
v 18.822865 5.866352 -24.373930
v 18.858883 5.866352 -24.514763
v 19.110819 5.866352 -24.774357
v 19.335897 5.866352 -24.801897
v 19.468613 5.866352 -24.767321
v 19.725559 5.866352 -24.515152
v 19.757191 5.866352 -24.298428
v 19.721170 5.866352 -24.157589
v 19.422935 5.866352 -24.007210
v 19.469006 5.866352 -23.900646
v 19.337215 5.866352 -23.752222
v 19.066309 5.866352 -23.791765
v 18.751099 5.866352 -24.112944
v 18.717903 5.866351 -24.222374
v 18.708090 5.866352 -24.403812
v 18.751099 5.866352 -24.559408
v 18.947798 5.866352 -24.950283
v 19.066795 5.866351 -24.875105
v 19.176226 5.866351 -24.908300
v 19.357656 5.866352 -24.918118
v 19.513260 5.866352 -24.875105
v 19.828959 5.866352 -24.559408
v 19.873981 5.866352 -24.383364
v 19.834438 5.866352 -24.112455
v 19.745491 5.866352 -23.800636
v 19.513258 5.866351 -23.797245
v 19.233406 5.866352 -23.635431
v 19.022150 5.866351 -23.689461
v 18.853636 5.866352 -23.784988
v 18.707998 5.866351 -23.947277
v 18.620953 5.866352 -24.120337
v 18.590027 5.866351 -24.336176
v 18.613796 5.866352 -24.528419
v 18.738838 5.866352 -24.772568
v 19.208857 5.866352 -25.034504
v 19.426592 5.866351 -25.022726
v 19.610514 5.866352 -24.961906
v 19.825577 5.866352 -24.791628
v 19.959105 5.866352 -24.552015
v 19.990774 5.866352 -24.279545
v 19.915762 5.866352 -24.015697
v 19.505861 5.866352 -23.667099
v 19.216967 5.695981 -23.636818
v 19.022150 5.696350 -23.689461
v 18.840742 5.695979 -23.795269
v 18.666580 5.695042 -24.011156
v 18.589520 5.697319 -24.276367
v 18.618362 5.695979 -24.544271
v 18.751163 5.695041 -24.787786
v 18.969555 5.696257 -24.961878
v 19.230217 5.697319 -25.036684
v 19.426592 5.696350 -25.022726
v 19.629482 5.697320 -24.951855
v 19.785002 5.696350 -24.831150
v 19.915731 5.696257 -24.656647
v 19.990742 5.696258 -24.392801
v 19.959072 5.696258 -24.120338
v 19.872055 5.696350 -23.947277
v 19.728943 5.697321 -23.786957
v 19.490150 5.695980 -23.662090
v 19.357660 5.666351 -23.754236
v 19.176226 5.666351 -23.764051
v 19.066795 5.666351 -23.797247
v 18.816265 5.666350 -23.862419
v 18.697500 5.666337 -24.019451
v 18.745619 5.666350 -24.112455
v 18.706076 5.666350 -24.383364
v 18.751099 5.666350 -24.559408
v 19.066309 5.666351 -24.880587
v 19.337212 5.666351 -24.920132
v 19.513260 5.666351 -24.875105
v 19.716255 5.666342 -24.855541
v 19.834438 5.666351 -24.559896
v 19.873981 5.666351 -24.288986
v 19.828959 5.666351 -24.112944
v 19.763790 5.666351 -23.862417
v 19.596762 5.666337 -23.737272
v 19.513258 5.666351 -23.797245
v 19.235924 5.666351 -23.870625
v 19.111444 5.666351 -23.905035
v 18.961393 5.666351 -24.201765
v 18.858887 5.666350 -24.157591
v 18.822866 5.666350 -24.298435
v 18.854500 5.666350 -24.515152
v 19.112309 5.666351 -24.772020
v 19.336048 5.666351 -24.803448
v 19.468613 5.666351 -24.767321
v 19.877811 5.666345 -24.663736
v 19.728651 5.666351 -24.513386
v 19.755579 5.666351 -24.282070
v 19.721170 5.666351 -24.157589
v 19.467237 5.666351 -23.897554
v 19.330610 5.666351 -23.987013
v 19.157120 5.666351 -24.007210
v 18.940735 5.666351 -24.370573
v 18.966669 5.666351 -24.470116
v 19.155796 5.666351 -24.662823
v 19.318338 5.666351 -24.686548
v 19.423967 5.666351 -24.659534
v 19.616674 5.666351 -24.470409
v 19.640400 5.666351 -24.307865
v 19.613386 5.666351 -24.202234
v 19.423967 5.666351 -24.012819
v 19.308899 5.666351 -24.102594
v 19.200539 5.666351 -24.118412
v 19.074457 5.666351 -24.246883
v 19.056446 5.666351 -24.317307
v 19.072264 5.666351 -24.425665
v 19.201422 5.666351 -24.555487
v 19.317080 5.666351 -24.568953
v 19.379320 5.666351 -24.551748
v 19.509338 5.666351 -24.424782
v 19.522804 5.666351 -24.309128
v 19.505600 5.666351 -24.246883
v 19.379322 5.666351 -24.120605
v 19.344223 5.666322 -23.665495
v 19.159317 5.666351 -23.679050
v 18.962469 5.666321 -23.748419
v 18.619204 5.666307 -24.270111
v 18.649658 5.666321 -24.542763
v 18.770655 5.666347 -24.762402
v 18.917795 5.666350 -24.893261
v 19.083437 5.666322 -24.976545
v 19.290028 5.666351 -25.006176
v 19.496620 5.666322 -24.976545
v 19.958391 5.666316 -24.413858
v 19.947153 5.666351 -24.205465
v 19.888920 5.666326 -24.029442
v 19.324236 7.079889 -22.740181
v 19.461044 7.079889 -22.764303
v 19.581350 7.079889 -22.833763
v 19.670647 7.079889 -22.940180
v 19.718159 7.079889 -23.070721
v 19.718159 7.079889 -23.209641
v 19.670647 7.079889 -23.340181
v 19.581350 7.079889 -23.446598
v 19.461044 7.079889 -23.516058
v 19.324236 7.079889 -23.540180
v 19.187428 7.079889 -23.516058
v 19.067122 7.079889 -23.446598
v 18.977825 7.079889 -23.340181
v 18.930313 7.079889 -23.209641
v 18.930313 7.079889 -23.070721
v 18.977825 7.079889 -22.940182
v 19.067122 7.079889 -22.833763
v 19.187428 7.079889 -22.764303
v 19.324236 8.079889 -22.820181
v 19.433681 8.079889 -22.839479
v 19.529932 8.079889 -22.895048
v 19.601364 8.079889 -22.980181
v 19.639374 8.079889 -23.084614
v 19.639374 8.079889 -23.195749
v 19.601364 8.079889 -23.300180
v 19.529928 8.079889 -23.385315
v 19.433683 8.079889 -23.440882
v 19.324236 8.079889 -23.460180
v 19.214790 8.079889 -23.440882
v 19.118542 8.079889 -23.385313
v 19.047108 8.079889 -23.300180
v 19.009098 8.079889 -23.195747
v 19.009098 8.079889 -23.084614
v 19.047108 8.079889 -22.980181
v 19.118544 8.079889 -22.895046
v 19.214788 8.079889 -22.839479
v 19.324236 7.959889 -22.810581
v 19.436966 7.959889 -22.830458
v 19.609678 7.959889 -22.975380
v 19.648829 7.959889 -23.082947
v 19.609678 7.959889 -23.304981
v 19.536098 7.959889 -23.392670
v 19.324236 7.959889 -23.469780
v 19.211506 7.959889 -23.449903
v 19.038794 7.959889 -23.304981
v 18.999643 7.959889 -23.197414
v 19.038794 7.959889 -22.975380
v 19.112373 7.959889 -22.887691
v 19.360985 7.067173 -24.137009
v 19.483175 7.067173 -24.202429
v 19.529169 7.067172 -24.302849
v 19.524734 7.067173 -24.400745
v 19.439087 7.067173 -24.509722
v 19.332207 7.067172 -24.537579
v 19.236559 7.067173 -24.516209
v 19.159002 7.067172 -24.437578
v 19.129686 7.067173 -24.344065
v 19.159002 7.067172 -24.237577
v 19.225327 7.067173 -24.165434
v 19.332207 7.767172 -24.137577
v 19.439089 7.767172 -24.165436
v 19.524734 7.767172 -24.274410
v 19.520298 7.767172 -24.412935
v 19.427853 7.767172 -24.516209
v 19.332207 7.767172 -24.537579
v 19.225327 7.767172 -24.509722
v 19.139681 7.767172 -24.400745
v 19.144117 7.767172 -24.262220
v 19.236561 7.767172 -24.158949
v 19.353676 7.767172 -24.187923
v 19.444857 7.767172 -24.236744
v 19.479168 7.767172 -24.311665
v 19.475859 7.767172 -24.384716
v 19.411953 7.767172 -24.466022
v 19.310740 7.767172 -24.487234
v 19.219561 7.767172 -24.438414
v 19.181099 7.767172 -24.342417
v 19.213339 7.767172 -24.244158
v 19.281168 7.767172 -24.197350
v 19.363207 7.267172 -24.189604
v 19.451075 7.267172 -24.244156
v 19.483316 7.267172 -24.342421
v 19.444855 7.267172 -24.438414
v 19.383245 7.267172 -24.477806
v 19.301208 7.267172 -24.485554
v 19.213339 7.267172 -24.431000
v 19.181099 7.267172 -24.332741
v 19.219559 7.267172 -24.236744
v 19.281168 7.267172 -24.197350
v 19.472914 6.784795 -24.341078
v 19.472914 7.784795 -24.334080
v 19.456512 6.784795 -24.273911
v 19.447252 7.784795 -24.256491
v 19.413296 6.784795 -24.222534
v 19.382816 7.784795 -24.206242
v 19.316086 7.784795 -24.198849
v 19.335707 6.784795 -24.196873
v 19.256943 6.784795 -24.218643
v 19.251120 7.784795 -24.222534
v 19.207901 7.784795 -24.273912
v 19.197271 6.784795 -24.292461
v 19.191502 7.784795 -24.341078
v 19.200871 6.784795 -24.388186
v 19.210211 7.784795 -24.405563
v 19.251120 6.784795 -24.452623
v 19.256941 7.784795 -24.456512
v 19.335705 7.784795 -24.478285
v 19.328711 6.784795 -24.478285
v 19.407475 6.784795 -24.456514
v 19.413298 7.784795 -24.452623
v 19.454205 6.784795 -24.405563
v 19.456514 7.784795 -24.401245
v 19.332207 8.628354 -24.537579
v 19.427855 8.628354 -24.516209
v 19.505411 8.628354 -24.437578
v 19.534729 8.628354 -24.344065
v 19.505411 8.628354 -24.237577
v 19.439087 8.628354 -24.165434
v 19.303429 8.628354 -24.137009
v 19.181240 8.628354 -24.202427
v 19.135244 8.628354 -24.302849
v 19.139681 8.628354 -24.400745
v 19.225328 8.628354 -24.509722
v 19.332207 7.928354 -24.537579
v 19.439087 7.928354 -24.509722
v 19.524734 7.928354 -24.400745
v 19.520298 7.928354 -24.262222
v 19.427853 7.928354 -24.158949
v 19.332207 7.928354 -24.137577
v 19.225325 7.928354 -24.165436
v 19.139681 7.928354 -24.274410
v 19.144117 7.928354 -24.412935
v 19.236561 7.928354 -24.516209
v 19.353676 7.928354 -24.487234
v 19.444855 7.928354 -24.438414
v 19.479168 7.928354 -24.363491
v 19.475859 7.928354 -24.290442
v 19.411955 7.928354 -24.209137
v 19.310740 7.928354 -24.187923
v 19.219559 7.928354 -24.236744
v 19.181099 7.928354 -24.332741
v 19.213339 7.928354 -24.431000
v 19.281168 7.928354 -24.477806
v 19.363207 8.428354 -24.485554
v 19.451075 8.428354 -24.431002
v 19.483316 8.428354 -24.332737
v 19.444857 8.428354 -24.236744
v 19.383245 8.428354 -24.197350
v 19.301208 8.428354 -24.189604
v 19.213339 8.428354 -24.244158
v 19.181099 8.428354 -24.342417
v 19.219561 8.428354 -24.438414
v 19.281168 8.428354 -24.477806
v 19.200735 5.866354 -1.267127
v 19.317085 5.866354 -1.715474
v 19.201422 5.866354 -1.702009
v 19.072264 5.866354 -1.572186
v 19.056446 5.866354 -1.463829
v 19.074455 5.866354 -1.393406
v 19.262972 5.866354 -1.249923
v 19.378633 5.866354 -1.263387
v 19.523609 5.866354 -1.501568
v 19.505600 5.866354 -1.571990
v 19.379320 5.866354 -1.698270
v 19.507792 5.866354 -1.393211
v 19.318342 5.866354 -1.833070
v 19.155796 5.866354 -1.809345
v 18.966669 5.866354 -1.616637
v 18.939655 5.866354 -1.511011
v 18.963381 5.866354 -1.348467
v 19.157120 5.866354 -1.153732
v 19.330612 5.866354 -1.133535
v 19.423967 5.866354 -1.159341
v 19.613386 5.866353 -1.348760
v 19.640400 5.866354 -1.454388
v 19.616674 5.866354 -1.616930
v 19.423965 5.866354 -1.806056
v 19.252277 5.866354 -1.949861
v 19.111444 5.866354 -1.913843
v 18.854502 5.866354 -1.661674
v 18.822865 5.866354 -1.444945
v 18.858883 5.866354 -1.304113
v 19.111444 5.866354 -1.051555
v 19.235912 5.866354 -1.017148
v 19.467237 5.866354 -1.044076
v 19.725559 5.866354 -1.303724
v 19.757191 5.866354 -1.520446
v 19.721170 5.866354 -1.661284
v 19.469004 5.866354 -1.918227
v 19.222385 5.866354 -2.064637
v 19.066795 5.866354 -2.021629
v 18.754482 5.866354 -1.938154
v 18.751101 5.866354 -1.705931
v 18.706076 5.866354 -1.529887
v 18.745619 5.866354 -1.258979
v 19.066795 5.866354 -0.943768
v 19.176226 5.866353 -0.910573
v 19.357674 5.866354 -0.900760
v 19.513260 5.866354 -0.943770
v 19.828959 5.866354 -1.259468
v 19.873981 5.866354 -1.435511
v 19.834438 5.866354 -1.706419
v 19.513260 5.866354 -2.021628
v 19.403830 5.866353 -2.054823
v 19.233398 5.866354 -2.183442
v 18.969549 5.866354 -2.108431
v 18.620953 5.866354 -1.698538
v 18.590027 5.866353 -1.482698
v 18.613796 5.866354 -1.290453
v 18.707998 5.866353 -1.093799
v 18.834572 5.866354 -0.947154
v 19.074186 5.866354 -0.813624
v 19.346655 5.866354 -0.781955
v 19.557907 5.866353 -0.835983
v 19.726425 5.866354 -0.931514
v 19.872057 5.866353 -1.093799
v 19.959105 5.866354 -1.266859
v 19.990772 5.866354 -1.539329
v 19.915762 5.866354 -1.803179
v 19.745487 5.866354 -2.018241
v 19.505873 5.866354 -2.151773
v 19.212027 5.697321 -2.181415
v 18.952215 5.695045 -2.099310
v 18.740803 5.697322 -1.921607
v 18.643312 5.696352 -1.750576
v 18.589520 5.697321 -1.542510
v 18.618362 5.695982 -1.274604
v 18.707998 5.696352 -1.093799
v 18.851118 5.697321 -0.933475
v 19.092890 5.695045 -0.807818
v 19.371189 5.696259 -0.784403
v 19.557907 5.696352 -0.835983
v 19.743069 5.697321 -0.945072
v 19.872057 5.696352 -1.093799
v 19.966230 5.696259 -1.290462
v 19.988325 5.696259 -1.563863
v 19.936743 5.696352 -1.750577
v 19.827656 5.697323 -1.935740
v 19.617817 5.695982 -2.104787
v 19.426590 5.696352 -2.169249
v 19.357670 5.666353 -2.064637
v 19.176226 5.666353 -2.054823
v 19.066795 5.666353 -2.021628
v 18.768938 5.666340 -1.910339
v 18.745619 5.666353 -1.706418
v 18.706076 5.666353 -1.435510
v 18.751099 5.666353 -1.259467
v 18.862391 5.666341 -0.961605
v 19.066795 5.666353 -0.943768
v 19.222385 5.666353 -0.900760
v 19.403831 5.666353 -0.910573
v 19.513260 5.666353 -0.943769
v 19.607796 5.666337 -0.888198
v 19.809391 5.666344 -1.056470
v 19.834438 5.666353 -1.258980
v 19.873981 5.666353 -1.529886
v 19.828957 5.666353 -1.705931
v 19.847115 5.666353 -1.854930
v 19.717674 5.666342 -2.003787
v 19.513258 5.666353 -2.021628
v 19.327780 5.666353 -1.949861
v 19.111053 5.666353 -1.918228
v 18.858887 5.666353 -1.661284
v 18.824306 5.666353 -1.528557
v 18.851851 5.666353 -1.303488
v 19.112820 5.666353 -1.044076
v 19.344145 5.666353 -1.017148
v 19.468613 5.666353 -1.051555
v 19.721172 5.666353 -1.304114
v 19.757193 5.666353 -1.444949
v 19.725555 5.666353 -1.661674
v 19.468615 5.666353 -1.913842
v 19.330612 5.666353 -1.831862
v 19.157120 5.666353 -1.811665
v 18.963381 5.666353 -1.616930
v 18.939655 5.666353 -1.454388
v 18.966669 5.666353 -1.348760
v 19.155796 5.666353 -1.156052
v 19.318342 5.666353 -1.132327
v 19.423969 5.666353 -1.159341
v 19.616674 5.666353 -1.348468
v 19.640400 5.666353 -1.511010
v 19.613386 5.666353 -1.616638
v 19.423965 5.666353 -1.806057
v 19.262972 5.666353 -1.715474
v 19.200735 5.666353 -1.698270
v 19.074455 5.666353 -1.571991
v 19.056446 5.666353 -1.501568
v 19.072264 5.666353 -1.393211
v 19.201422 5.666353 -1.263388
v 19.317085 5.666353 -1.249923
v 19.379320 5.666353 -1.267127
v 19.505600 5.666353 -1.393407
v 19.523609 5.666353 -1.463829
v 19.507792 5.666353 -1.572186
v 19.378632 5.666353 -1.702010
v 19.223957 5.666317 -2.153530
v 18.973310 5.666339 -2.075228
v 18.647106 5.666327 -1.677728
v 18.619204 5.666308 -1.416630
v 18.697496 5.666339 -1.165983
v 19.095001 5.666323 -0.839781
v 19.344227 5.666324 -0.812016
v 19.909027 5.666353 -1.226301
v 19.960711 5.666324 -1.428505
v 19.932949 5.666328 -1.677733
v 19.485060 5.666332 -2.125624
v 19.324236 7.079891 -3.078693
v 19.461044 7.079891 -3.054571
v 19.581350 7.079891 -2.985111
v 19.670647 7.079891 -2.878695
v 19.718159 7.079891 -2.748153
v 19.718159 7.079891 -2.609235
v 19.670647 7.079891 -2.478693
v 19.581350 7.079891 -2.372277
v 19.461044 7.079891 -2.302816
v 19.324236 7.079891 -2.278694
v 19.187428 7.079891 -2.302816
v 19.067122 7.079891 -2.372277
v 18.977825 7.079891 -2.478693
v 18.930313 7.079891 -2.609235
v 18.930313 7.079891 -2.748152
v 18.977825 7.079891 -2.878694
v 19.067122 7.079891 -2.985111
v 19.187428 7.079891 -3.054570
v 19.324236 8.079891 -2.998694
v 19.433683 8.079891 -2.979396
v 19.529926 8.079890 -2.923830
v 19.601364 8.079890 -2.838695
v 19.639374 8.079890 -2.734262
v 19.639374 8.079890 -2.623123
v 19.601364 8.079890 -2.518694
v 19.529928 8.079890 -2.433560
v 19.433685 8.079891 -2.377993
v 19.324236 8.079891 -2.358695
v 19.214790 8.079891 -2.377993
v 19.118546 8.079891 -2.433558
v 19.047108 8.079891 -2.518694
v 19.009098 8.079891 -2.623127
v 19.009098 8.079891 -2.734263
v 19.047108 8.079891 -2.838694
v 19.118544 8.079891 -2.923829
v 19.214790 8.079891 -2.979395
v 19.324236 7.959891 -3.008295
v 19.436966 7.959891 -2.988417
v 19.609678 7.959891 -2.843494
v 19.648829 7.959891 -2.735929
v 19.609678 7.959891 -2.513895
v 19.536098 7.959891 -2.426206
v 19.324236 7.959891 -2.349094
v 19.211506 7.959891 -2.368972
v 19.038794 7.959891 -2.513894
v 18.999643 7.959891 -2.621460
v 19.038794 7.959891 -2.843494
v 19.112373 7.959891 -2.931183
v 19.360989 7.067174 -1.681866
v 19.460764 7.067174 -1.634506
v 19.520298 7.067174 -1.556653
v 19.524734 7.067174 -1.418129
v 19.460764 7.067174 -1.328087
v 19.373758 7.067174 -1.282979
v 19.263803 7.067174 -1.293358
v 19.181238 7.067174 -1.346148
v 19.135244 7.067174 -1.446566
v 19.139681 7.067174 -1.544464
v 19.225330 7.067174 -1.653442
v 19.373762 7.767174 -1.679614
v 19.460764 7.767174 -1.634506
v 19.524734 7.767174 -1.544464
v 19.520298 7.767174 -1.405940
v 19.460764 7.767174 -1.328088
v 19.360985 7.767174 -1.280727
v 19.225328 7.767174 -1.309153
v 19.139681 7.767174 -1.418129
v 19.135244 7.767174 -1.516027
v 19.181238 7.767174 -1.616444
v 19.263803 7.767174 -1.669236
v 19.301205 7.767174 -1.629270
v 19.403574 7.767174 -1.614579
v 19.472548 7.767174 -1.537528
v 19.475859 7.767174 -1.434160
v 19.411955 7.767174 -1.352853
v 19.310736 7.767174 -1.331642
v 19.219561 7.767174 -1.380459
v 19.181099 7.767174 -1.476458
v 19.213341 7.767174 -1.574720
v 19.310736 7.267174 -1.630951
v 19.411955 7.267174 -1.609740
v 19.475859 7.267174 -1.528433
v 19.472548 7.267174 -1.425065
v 19.403572 7.267174 -1.348014
v 19.301205 7.267174 -1.333323
v 19.213341 7.267174 -1.387873
v 19.181099 7.267174 -1.486135
v 19.219561 7.267174 -1.582135
v 19.472914 6.784797 -1.477797
v 19.470894 7.784797 -1.457286
v 19.455746 7.784797 -1.551879
v 19.444691 6.784797 -1.568425
v 19.382816 7.784797 -1.612633
v 19.375086 6.784797 -1.614214
v 19.294760 6.784797 -1.618560
v 19.287090 7.784797 -1.616233
v 19.217163 6.784797 -1.562384
v 19.213272 7.784797 -1.556561
v 19.190275 6.784797 -1.471347
v 19.191061 7.784797 -1.463371
v 19.222712 6.784797 -1.394601
v 19.245079 7.784797 -1.368815
v 19.275126 6.784797 -1.352642
v 19.320965 7.784797 -1.342088
v 19.369654 6.784797 -1.344033
v 19.389286 7.784797 -1.352641
v 19.447252 6.784797 -1.400210
v 19.441704 7.784797 -1.394601
v 19.360985 8.628356 -1.280727
v 19.460764 8.628356 -1.328088
v 19.520298 8.628356 -1.405940
v 19.524734 8.628356 -1.544464
v 19.460764 8.628356 -1.634506
v 19.373762 8.628356 -1.679614
v 19.263803 8.628356 -1.669236
v 19.181238 8.628356 -1.616444
v 19.135244 8.628356 -1.516027
v 19.139681 8.628356 -1.418129
v 19.225328 8.628356 -1.309153
v 19.373758 7.928356 -1.282979
v 19.460764 7.928356 -1.328088
v 19.524734 7.928356 -1.418129
v 19.520298 7.928356 -1.556653
v 19.460764 7.928356 -1.634506
v 19.360989 7.928356 -1.681866
v 19.225330 7.928356 -1.653442
v 19.139681 7.928356 -1.544464
v 19.135244 7.928356 -1.446568
v 19.181238 7.928356 -1.346149
v 19.263803 7.928356 -1.293359
v 19.358332 7.928356 -1.333126
v 19.428129 7.928356 -1.366981
v 19.472548 7.928356 -1.425065
v 19.475859 7.928356 -1.528435
v 19.411955 7.928356 -1.609740
v 19.310736 7.928356 -1.630951
v 19.219561 7.928356 -1.582134
v 19.181099 7.928356 -1.486136
v 19.215721 7.928356 -1.383555
v 19.281168 7.928356 -1.341068
v 19.301205 8.428356 -1.333323
v 19.408239 8.428356 -1.349608
v 19.475859 8.428356 -1.434160
v 19.472548 8.428356 -1.537530
v 19.403572 8.428356 -1.614580
v 19.301205 8.428356 -1.629270
v 19.213339 8.428356 -1.574720
v 19.181099 8.428356 -1.476459
v 19.216951 8.428356 -1.384585
v 19.235254 7.007161 -13.223279
v 19.377396 7.407159 -13.223279
v 19.394209 7.007161 -13.216422
v 19.529579 7.007161 -13.141934
v 19.540970 7.407159 -13.130544
v 19.612186 7.007161 -13.005960
v 19.625462 7.407159 -12.962550
v 19.625462 7.007161 -12.852024
v 19.612186 7.407159 -12.808615
v 19.529577 7.407159 -12.672639
v 19.540970 7.007161 -12.684031
v 19.404993 7.007161 -12.601423
v 19.361591 7.407159 -12.588151
v 19.280434 7.007161 -12.586947
v 19.207657 7.407159 -12.601423
v 19.159822 7.007161 -12.621237
v 19.071680 7.407159 -12.684030
v 19.061512 7.007161 -12.699072
v 19.000463 7.007161 -12.808615
v 18.987188 7.407159 -12.852024
v 18.987188 7.007161 -12.962550
v 19.000463 7.407159 -13.005960
v 19.083071 7.407159 -13.141935
v 19.071680 7.007161 -13.130544
v 19.218439 7.407159 -13.216421
v 15.873612 6.467187 -10.370757
v 15.295671 6.467187 -10.763235
v 14.648713 6.467187 -11.122081
v 11.951905 6.466796 -11.827513
v 10.309346 6.467188 -11.856782
v 9.970853 6.467272 -11.778821
v 9.411579 6.467188 -11.579858
v 9.076134 6.467188 -11.481688
v 8.668391 6.467188 -11.409894
v 8.155787 6.467188 -11.382054
v 7.692673 6.467188 -11.422144
v 7.289507 6.467188 -11.536095
v 6.950416 6.467188 -11.714429
v 6.679512 6.467188 -11.947672
v 6.480915 6.467188 -12.226339
v 6.358738 6.467188 -12.540960
v 6.317099 6.467188 -12.882055
v 6.358738 6.467188 -13.223150
v 6.480913 6.467188 -13.537771
v 6.679514 6.467188 -13.816441
v 6.950415 6.467188 -14.049682
v 7.289507 6.467188 -14.228016
v 7.692672 6.467188 -14.341967
v 8.155792 6.467188 -14.382056
v 8.668388 6.467188 -14.354218
v 9.076133 6.467188 -14.282423
v 9.411581 6.467188 -14.184253
v 9.970848 6.467272 -13.985291
v 10.309348 6.467188 -13.907329
v 10.678721 6.466890 -13.880182
v 11.953264 6.467019 -13.936480
v 15.295662 6.467188 -15.000871
v 15.873612 6.467188 -15.393353
v 15.929228 6.267347 -10.453759
v 11.957452 6.267204 -11.928349
v 9.943918 6.267451 -11.874906
v 9.380498 6.267187 -11.674956
v 9.053357 6.267187 -11.579217
v 8.600678 6.268393 -11.503186
v 8.213703 6.265725 -11.484818
v 7.710744 6.267187 -11.520953
v 7.326782 6.267188 -11.629475
v 7.007034 6.267187 -11.797639
v 6.753924 6.267188 -12.015560
v 6.569608 6.267187 -12.274193
v 6.456485 6.267187 -12.565497
v 6.417841 6.267188 -12.882055
v 6.456485 6.267187 -13.198612
v 6.569607 6.267186 -13.489916
v 6.753930 6.267186 -13.748550
v 7.007033 6.267187 -13.966471
v 7.326785 6.267185 -14.134631
v 7.710746 6.267185 -14.243155
v 8.600760 6.267056 -14.260029
v 9.053349 6.267188 -14.184896
v 9.380500 6.267186 -14.089153
v 9.944058 6.267516 -13.889193
v 10.294373 6.267187 -13.808169
v 10.682259 6.267590 -13.779465
v 11.955506 6.267292 -13.835540
v 15.348110 6.267188 -14.915608
v 15.929734 6.267401 -15.310729
v 16.603903 6.066775 -10.195465
v 16.040934 6.067767 -10.618933
v 15.453002 6.067188 -11.019026
v 10.675016 6.067153 -12.185072
v 8.580999 6.067523 -11.702492
v 8.213843 6.067406 -11.683173
v 7.114150 6.065480 -11.970090
v 6.882426 6.069121 -12.169939
v 6.745614 6.067623 -12.371378
v 6.619325 6.067189 -12.882053
v 6.651979 6.067188 -13.149541
v 6.745611 6.067622 -13.392730
v 6.882693 6.069233 -13.594783
v 7.118937 6.066317 -13.798089
v 7.401339 6.067189 -13.947871
v 7.746886 6.067188 -14.045537
v 8.580508 6.067230 -14.060147
v 9.007789 6.067187 -13.989840
v 9.888666 6.067327 -13.696678
v 10.264421 6.067189 -13.609855
v 11.980934 6.067358 -13.637255
v 13.994924 6.067188 -14.049031
v 15.453010 6.067188 -14.745086
v 16.045321 6.067817 -15.148214
v 16.850491 5.891309 -10.440136
v 16.296715 5.885732 -10.882991
v 15.639370 5.889530 -11.321970
v 14.109433 5.889513 -12.052205
v 13.144030 5.889517 -12.314172
v 10.670816 5.889517 -12.541046
v 9.984303 5.890343 -12.467857
v 9.024226 5.889575 -12.143136
v 8.166295 5.889503 -12.038960
v 7.682786 5.889056 -12.092956
v 7.328088 5.890877 -12.252872
v 7.214279 5.866642 -13.304104
v 7.328081 5.890878 -13.511234
v 7.682789 5.889056 -13.671155
v 8.398107 5.890076 -13.720263
v 9.024244 5.889575 -13.620970
v 9.984279 5.890342 -13.296259
v 10.682057 5.889359 -13.221855
v 11.999862 5.889484 -13.280557
v 13.144030 5.889518 -13.449941
v 14.109432 5.889514 -13.711905
v 15.639364 5.889531 -14.442140
v 16.246920 5.890033 -14.856026
v 15.662801 5.867188 -12.203731
v 15.662802 5.867188 -13.560378
v 14.952534 5.867188 -12.586813
v 14.952534 5.867188 -13.177296
v 13.154103 5.867188 -12.754413
v 13.154103 5.867188 -13.009696
v 12.015688 5.867188 -13.187829
v 15.662801 5.867187 -11.410069
v 13.153210 5.867188 -12.407955
v 10.670111 5.867188 -12.635779
v 10.010663 5.867193 -12.574576
v 9.023975 5.867187 -12.239796
v 8.351250 5.867182 -12.135345
v 7.644247 5.867171 -12.200147
v 7.214086 5.866794 -12.459674
v 7.644248 5.867176 -13.563984
v 8.351238 5.867181 -13.628759
v 9.023995 5.867187 -13.524308
v 10.117927 5.867195 -13.160864
v 13.153179 5.867188 -13.356148
v 14.123825 5.867188 -13.619545
v 15.662802 5.867188 -14.354040
v 16.281050 5.867188 -14.773889
v 11.819900 6.267137 -13.827913
v 11.637194 6.267188 -13.819724
v 11.454470 6.267188 -13.811645
v 11.089025 6.267188 -13.795484
v 10.906298 6.267174 -13.787457
v 11.759435 6.067177 -13.628229
v 11.573547 6.067188 -13.620092
v 11.387657 6.067188 -13.611873
v 11.201768 6.067188 -13.603652
v 11.015880 6.067189 -13.595433
v 10.829966 6.067130 -13.586946
v 10.906303 6.267188 -11.976706
v 11.089025 6.267188 -11.968625
v 11.271749 6.267188 -11.960546
v 11.454472 6.267188 -11.952466
v 11.637194 6.267188 -11.944386
v 11.819847 6.266957 -11.936103
v 10.829954 6.067099 -12.177463
v 11.015880 6.067189 -12.168676
v 11.201770 6.067189 -12.160457
v 11.387660 6.067189 -12.152237
v 11.573549 6.067189 -12.144016
v 11.759439 6.067188 -12.135797
v 13.030273 6.267186 -13.994493
v 11.271748 6.267188 -13.803564
v 10.294371 6.267187 -11.955940
v 13.071248 6.067186 -11.965734
v 10.264417 6.067187 -12.154256
v 9.889569 6.067504 -12.067345
v 9.318333 6.067189 -11.865149
v 9.007792 6.067189 -11.774267
v 7.746888 6.067188 -11.718573
v 7.401336 6.067189 -11.816237
v 8.213976 6.067364 -14.080872
v 9.318338 6.067188 -13.898956
v 13.071239 6.067188 -13.798378
v 10.674062 6.067236 -13.579226
v 12.015664 5.867188 -12.576283
v 12.011424 5.889525 -12.481750
v 11.981446 6.066998 -12.127305
v 10.680851 6.467188 -11.884621
v 10.681652 6.267152 -11.984980
v 8.213578 6.265002 -14.278780
v 8.593512 5.889516 -12.062135
v 7.102514 5.867085 -13.084024
v 6.651977 6.067189 -12.614573
v 7.072667 5.867188 -12.882054
v 7.105297 5.867082 -12.672044
v 13.898250 6.467188 -11.430463
v 13.030276 6.267186 -11.769617
v 13.009788 6.467188 -11.671559
v 13.009783 6.467188 -14.092550
v 13.930474 6.267187 -14.238774
v 14.778917 6.067188 -14.371193
v 14.933163 5.889519 -14.050406
v 15.307667 5.867188 -12.291521
v 15.333653 5.867188 -13.423216
v 14.722333 5.867188 -12.533941
v 14.725049 5.867188 -13.229114
v 13.691402 5.867188 -12.526386
v 13.674691 5.867188 -13.236876
v 14.952491 5.867187 -11.804049
v 14.123812 5.867188 -12.144567
v 14.952531 5.867188 -13.960078
v 15.348109 6.267187 -10.848501
v 14.692115 6.267188 -14.551750
v 13.898254 6.467188 -14.333650
v 14.648706 6.467188 -14.642029
v 13.994923 6.067187 -11.715078
v 15.104333 5.867188 -12.756282
v 13.395842 5.867188 -12.565603
v 14.692113 6.267187 -11.212360
v 13.930481 6.267186 -11.525332
v 14.778914 6.067188 -11.392919
v 14.933157 5.889518 -11.713708
v 15.104333 5.867188 -13.007827
v 13.395842 5.867188 -13.198505
v 16.281050 5.688023 -12.882054
v 18.449902 5.688023 -12.835757
v 15.662801 5.804527 -12.882054
v 13.128336 5.867188 -12.882055
v 13.691382 6.167189 -13.237722
v 15.130100 6.167189 -12.882054
v 14.725050 6.167189 -12.534996
v 15.130100 5.867188 -12.882054
v 13.128336 6.167189 -12.882053
v 13.674709 6.167189 -12.527232
v 15.104333 6.167188 -12.756282
v 14.952534 6.167188 -12.586813
v 13.395842 6.167188 -12.565603
v 13.154103 6.167188 -12.754413
v 13.154103 6.167188 -13.009696
v 13.395842 6.167188 -13.198505
v 14.722332 6.167189 -13.230168
v 14.952534 6.167188 -13.177296
v 15.104333 6.167188 -13.007827
v 16.281050 5.688023 -11.936137
v 16.838192 5.688023 -14.037779
v 16.281050 5.688023 -13.827971
v 16.838192 5.688023 -11.726330
v 16.393431 6.467187 -9.985085
v 16.779100 6.467188 -9.465264
v 17.530428 6.467189 -8.240356
v 18.236895 6.467189 -5.540474
v 18.265125 6.467188 -3.900997
v 18.193329 6.467188 -3.587306
v 18.095160 6.467188 -3.298892
v 17.988201 6.467189 -3.003231
v 17.890030 6.467189 -2.667782
v 17.818235 6.467189 -2.260036
v 17.790398 6.467189 -1.747448
v 17.830486 6.467189 -1.284321
v 17.944437 6.467189 -0.881155
v 18.122772 6.467189 -0.542067
v 18.356012 6.467189 -0.271162
v 18.634682 6.467189 -0.072565
v 18.949303 6.467189 0.049612
v 19.290398 6.467189 0.091251
v 19.631493 6.467189 0.049612
v 19.946115 6.467189 -0.072564
v 20.224783 6.467189 -0.271164
v 20.458023 6.467189 -0.542066
v 20.636358 6.467189 -0.881157
v 20.750309 6.467189 -1.284323
v 20.790400 6.467189 -1.747437
v 20.762562 6.467188 -2.260022
v 20.690765 6.467189 -2.667788
v 20.592600 6.467189 -3.003220
v 20.393637 6.467272 -3.562491
v 20.315672 6.467189 -3.901001
v 20.288416 6.466960 -4.269688
v 21.409214 6.467188 -8.887313
v 21.801697 6.467188 -9.465265
v 22.214754 6.467188 -9.985085
v 16.463573 6.266354 -10.055788
v 16.863464 6.267479 -9.518743
v 17.256844 6.267191 -8.939761
v 17.620705 6.267187 -8.283765
v 18.337816 6.267183 -5.541606
v 18.393162 6.267381 -4.272995
v 18.364286 6.267185 -3.886030
v 18.284311 6.268638 -3.542667
v 18.083296 6.267190 -2.972145
v 17.987558 6.267189 -2.645004
v 17.913631 6.266580 -2.192261
v 17.892012 6.266979 -1.805199
v 17.929296 6.267188 -1.302393
v 18.037821 6.267188 -0.918432
v 18.205982 6.267188 -0.598687
v 18.423903 6.267187 -0.345577
v 18.682537 6.267188 -0.161259
v 18.973843 6.267187 -0.048137
v 19.290398 6.267189 -0.009491
v 19.606958 6.267187 -0.048137
v 19.898260 6.267189 -0.161255
v 20.156895 6.267189 -0.345578
v 20.374817 6.267190 -0.598683
v 20.542976 6.267188 -0.918437
v 20.651501 6.267187 -1.302400
v 20.688755 6.266720 -1.805240
v 20.666899 6.266049 -2.192025
v 20.593239 6.267188 -2.645004
v 20.497494 6.267187 -2.972163
v 20.297535 6.267516 -3.535711
v 20.216516 6.267190 -3.886026
v 20.187811 6.267591 -4.273901
v 20.233141 6.268085 -5.412550
v 20.647121 6.267189 -7.522131
v 21.323948 6.267186 -8.939758
v 21.721140 6.267727 -9.523932
v 22.144152 6.266241 -10.055388
v 17.025770 6.068048 -9.634211
v 17.427366 6.067189 -9.044660
v 18.535231 6.067350 -5.572503
v 18.592911 6.067302 -4.262629
v 18.562601 6.067187 -3.856067
v 18.182613 6.067188 -2.599437
v 18.111158 6.067764 -2.172349
v 18.090950 6.067560 -1.805396
v 18.224585 6.067187 -0.992992
v 18.373968 6.066615 -0.710649
v 18.564861 6.067759 -0.488574
v 18.781015 6.067945 -0.336158
v 19.290400 6.067189 -0.210976
v 19.557882 6.067189 -0.243630
v 19.801075 6.067623 -0.337263
v 20.007938 6.067424 -0.481472
v 20.199392 6.064859 -0.702235
v 20.356215 6.067190 -0.992986
v 20.453882 6.067190 -1.338543
v 20.490349 6.067894 -1.804926
v 20.398186 6.067189 -2.599436
v 20.307304 6.067188 -2.909977
v 19.987604 6.067268 -4.265682
v 20.045597 6.067358 -5.572581
v 21.559557 6.067442 -9.641984
v 22.003347 6.066101 -10.195870
v 17.320898 5.890223 -9.831227
v 17.730318 5.889532 -9.231005
v 18.122051 5.889520 -8.524802
v 18.950111 5.889440 -4.269777
v 18.876202 5.890343 -3.575951
v 18.562479 5.888941 -2.647259
v 18.470482 5.889517 -2.185168
v 18.447302 5.889506 -1.757978
v 18.501291 5.889058 -1.274454
v 18.702065 5.870525 -0.951373
v 19.712643 5.866731 -0.805819
v 19.920820 5.890178 -0.926099
v 20.079500 5.889057 -1.274444
v 20.128605 5.890076 -1.989755
v 20.029306 5.889575 -2.615906
v 19.760794 5.890107 -3.394746
v 19.665810 5.889500 -3.802857
v 19.630198 5.889359 -4.273716
v 19.688864 5.889466 -5.591524
v 19.858292 5.889519 -6.735704
v 20.458761 5.889520 -8.524830
v 21.081120 5.889992 -9.596360
v 21.772209 5.886844 -10.468102
v 18.612076 5.867188 -9.254452
v 19.968721 5.867188 -9.254453
v 18.995157 5.867188 -8.544185
v 19.585640 5.867188 -8.544185
v 19.162756 5.867188 -6.745755
v 19.418041 5.867188 -6.745754
v 19.290400 5.867188 -6.719987
v 17.398565 5.867188 -9.872701
v 17.818413 5.867188 -9.254452
v 18.984623 5.867188 -5.607363
v 19.044123 5.867188 -4.261734
v 18.982924 5.867193 -3.602316
v 18.648142 5.867188 -2.615629
v 18.543688 5.867184 -1.942959
v 18.608435 5.867172 -1.236030
v 19.216198 5.866861 -0.664555
v 19.972324 5.867177 -1.235895
v 20.037106 5.867182 -1.942913
v 19.932644 5.867188 -2.615671
v 19.569216 5.867195 -3.709643
v 19.596178 5.867188 -5.607374
v 20.027887 5.867188 -7.715470
v 20.368410 5.867188 -8.544155
v 20.762384 5.867188 -9.254453
v 21.182232 5.867188 -9.872702
v 20.228067 6.267189 -5.228845
v 20.219988 6.267189 -5.046122
v 20.211908 6.267188 -4.863400
v 20.195782 6.267173 -4.497948
v 20.036572 6.067177 -5.351086
v 20.011999 6.067189 -4.793420
v 20.003777 6.067189 -4.607530
v 19.995321 6.067160 -4.421629
v 18.383711 6.267955 -4.498246
v 18.376970 6.267188 -4.680676
v 18.368891 6.267188 -4.863400
v 18.360809 6.267189 -5.046123
v 18.352730 6.267189 -5.228846
v 18.344650 6.267189 -5.411569
v 18.585239 6.067189 -4.421639
v 18.577021 6.067189 -4.607531
v 18.568800 6.067189 -4.793421
v 18.560581 6.067189 -4.979311
v 18.552361 6.067189 -5.165201
v 18.544584 6.067111 -5.351068
v 18.273491 6.067190 -2.909977
v 20.028437 6.067189 -5.165199
v 20.020218 6.067189 -4.979310
v 20.203829 6.267189 -4.680676
v 18.177961 6.267183 -6.621935
v 20.402840 6.267188 -6.621930
v 18.374073 6.067189 -6.662896
v 20.206728 6.067190 -6.662905
v 20.344908 6.466928 -5.544409
v 18.123421 6.067188 -7.586584
v 18.475779 6.067328 -3.480330
v 18.126915 6.067191 -1.338533
v 20.469398 6.067652 -2.173225
v 20.105623 6.067508 -3.479004
v 21.153431 6.067188 -9.044663
v 20.018194 6.067186 -3.856077
v 18.890095 5.889525 -5.603062
v 18.292965 6.467189 -4.272511
v 19.492350 5.867061 -0.694220
v 19.022915 6.067190 -0.243629
v 18.938490 5.867115 -0.760603
v 18.770842 5.907660 -0.761858
v 17.838806 6.467189 -7.489898
v 18.079905 6.467189 -6.601429
v 17.933676 6.267187 -7.522134
v 20.741991 6.467188 -7.489900
v 21.050375 6.467188 -8.240365
v 20.960094 6.267186 -8.283766
v 18.460548 5.889514 -7.701085
v 18.722511 5.889519 -6.735692
v 20.120251 5.889514 -7.701085
v 18.699865 5.867188 -8.899319
v 19.831560 5.867188 -8.925305
v 18.942286 5.867188 -8.313985
v 19.637457 5.867188 -8.316707
v 18.934732 5.867188 -7.283027
v 19.645222 5.867188 -7.266345
v 18.212391 5.867188 -8.544147
v 18.552914 5.867188 -7.715461
v 19.764500 5.867188 -6.744873
v 20.457376 6.067189 -7.586575
v 20.500895 6.467188 -6.601439
v 18.816299 5.867188 -6.744872
v 17.171589 6.467189 -8.887306
v 17.801260 6.067189 -8.370570
v 20.779533 6.067188 -8.370564
v 19.164625 5.867188 -8.695984
v 18.973948 5.867188 -6.987494
v 19.416172 5.867188 -8.695984
v 19.606850 5.867188 -6.987494
v 19.290398 5.804528 -9.254452
v 19.290400 6.167189 -8.721753
v 18.935577 6.167189 -7.266344
v 18.943340 6.167189 -8.316693
v 19.290398 5.867188 -8.721752
v 19.290400 6.167189 -6.719987
v 19.164625 6.167189 -8.695984
v 18.995157 6.167189 -8.544185
v 18.973948 6.167189 -6.987494
v 19.162756 6.167189 -6.745754
v 19.418041 6.167189 -6.745754
v 19.606850 6.167189 -6.987494
v 19.646067 6.167189 -7.283028
v 19.638512 6.167189 -8.313992
v 19.585640 6.167189 -8.544185
v 19.416172 6.167189 -8.695984
v 18.344482 5.688023 -9.872701
v 20.446123 5.688023 -10.429844
v 20.236317 5.688023 -9.872702
v 18.134674 5.688023 -10.429844
v 22.761959 6.467188 -10.370757
v 23.339907 6.467187 -10.763238
v 23.986862 6.467188 -11.122082
v 25.625786 6.467188 -11.671559
v 26.686745 6.467188 -11.828551
v 28.326225 6.467188 -11.856783
v 28.664717 6.467272 -11.778821
v 29.223991 6.467188 -11.579857
v 29.559435 6.467188 -11.481688
v 29.967178 6.467188 -11.409894
v 30.479771 6.467188 -11.382053
v 30.942900 6.467188 -11.422143
v 31.346066 6.467188 -11.536095
v 31.685154 6.467187 -11.714429
v 31.956062 6.467189 -11.947675
v 32.154655 6.467188 -12.226339
v 32.276833 6.467187 -12.540960
v 32.318474 6.467188 -12.882055
v 32.276833 6.467188 -13.223150
v 32.154659 6.467186 -13.537770
v 31.956057 6.467188 -13.816441
v 31.685156 6.467187 -14.049682
v 31.346062 6.467188 -14.228017
v 30.942898 6.467188 -14.341967
v 30.479780 6.467188 -14.382057
v 29.967182 6.467188 -14.354218
v 29.559439 6.467188 -14.282423
v 29.223989 6.467188 -14.184253
v 28.664722 6.467272 -13.985291
v 28.326221 6.467188 -13.907329
v 27.957535 6.466960 -13.880074
v 26.683525 6.466837 -13.936658
v 23.986862 6.467188 -14.642029
v 23.339905 6.467187 -15.000875
v 22.761957 6.467188 -15.393354
v 22.715452 6.267547 -10.459801
v 23.287472 6.267186 -10.848509
v 23.943453 6.267189 -11.212357
v 26.685621 6.267185 -11.929470
v 27.954226 6.267381 -11.984818
v 28.691654 6.267452 -11.874905
v 29.255070 6.267186 -11.674957
v 29.582216 6.267188 -11.579215
v 30.035051 6.267341 -11.504084
v 30.421957 6.266387 -11.483773
v 30.924828 6.267187 -11.520953
v 31.308786 6.267187 -11.629475
v 31.628540 6.267188 -11.797641
v 31.881645 6.267186 -12.015560
v 32.065964 6.267187 -12.274195
v 32.179085 6.267184 -12.565499
v 32.217731 6.267189 -12.882051
v 32.179085 6.267186 -13.198618
v 32.065968 6.267190 -13.489914
v 31.881639 6.267185 -13.748552
v 31.628540 6.267188 -13.966470
v 31.308783 6.267186 -14.134634
v 30.924829 6.267188 -14.243157
v 30.421856 6.264996 -14.278773
v 30.034653 6.267689 -14.260587
v 29.582224 6.267188 -14.184896
v 29.255068 6.267188 -14.089152
v 28.695078 6.268260 -13.890700
v 28.341198 6.267188 -13.808170
v 27.953312 6.267589 -13.779464
v 26.680132 6.267276 -13.835522
v 24.705095 6.267188 -14.238776
v 22.702682 6.267869 -15.313338
v 22.597692 6.068235 -10.620301
v 24.640650 6.067188 -11.715077
v 26.654730 6.067350 -12.126885
v 27.964596 6.067302 -12.184566
v 30.421516 6.067722 -11.682905
v 30.888683 6.067188 -11.718572
v 31.234240 6.067189 -11.816237
v 31.516575 6.066614 -11.965626
v 31.738647 6.067756 -12.156519
v 31.891066 6.067945 -12.372671
v 32.016247 6.067189 -12.882054
v 31.983595 6.067189 -13.149533
v 31.889957 6.067623 -13.392734
v 31.745752 6.067425 -13.599597
v 31.524986 6.064857 -13.791048
v 30.888680 6.067187 -14.045536
v 30.054873 6.067764 -14.061297
v 29.627775 6.067187 -13.989839
v 29.317238 6.067189 -13.898960
v 28.734261 6.067890 -13.694104
v 27.961508 6.067235 -13.579224
v 26.654634 6.067358 -13.637255
v 23.182558 6.067188 -14.745090
v 22.583424 6.067506 -15.152569
v 22.861387 5.890003 -11.241980
v 23.702425 5.889520 -11.713708
v 24.526148 5.889514 -12.052206
v 25.491539 5.889516 -12.314172
v 27.964766 5.889517 -12.541046
v 28.651278 5.890343 -12.467854
v 29.611361 5.889575 -12.143131
v 30.042051 5.889516 -12.062135
v 30.469244 5.889505 -12.038958
v 30.824448 5.889469 -12.069779
v 31.101725 5.889452 -12.148185
v 31.275854 5.870525 -12.293722
v 31.421404 5.866730 -13.304296
v 31.301128 5.890176 -13.512469
v 30.952780 5.889056 -13.671156
v 30.237444 5.890075 -13.720260
v 29.579935 5.888938 -13.609962
v 28.677649 5.888949 -13.297494
v 27.953508 5.889359 -13.221854
v 26.635771 5.889468 -13.280521
v 25.491537 5.889518 -13.449939
v 24.526146 5.889514 -13.711904
v 23.702408 5.889518 -14.050407
v 22.802464 5.888688 -14.549028
v 22.972769 5.867188 -12.203731
v 22.972769 5.867188 -13.560378
v 23.683037 5.867188 -12.586813
v 23.683037 5.867188 -13.177296
v 25.481468 5.867188 -12.754413
v 25.481468 5.867188 -13.009699
v 22.354521 5.867188 -10.990220
v 22.972771 5.867188 -11.410069
v 24.511742 5.867188 -12.144563
v 25.482353 5.867188 -12.407954
v 27.965490 5.867188 -12.635780
v 28.624912 5.867193 -12.574578
v 29.611597 5.867187 -12.239796
v 30.284248 5.867183 -12.135347
v 30.991194 5.867171 -12.200091
v 31.562668 5.866860 -12.807857
v 31.533001 5.867060 -13.084008
v 30.991327 5.867176 -13.563982
v 30.284304 5.867181 -13.628758
v 29.611544 5.867187 -13.524298
v 28.517580 5.867195 -13.160872
v 26.619869 5.867188 -13.187830
v 25.482374 5.867188 -13.356153
v 24.511749 5.867188 -13.619545
v 22.972769 5.867188 -14.354040
v 22.354521 5.867188 -14.773889
v 26.815683 6.267095 -13.827879
v 26.998379 6.267188 -13.819723
v 27.181101 6.267188 -13.811644
v 27.729280 6.267159 -13.787426
v 26.876137 6.067177 -13.628229
v 27.433804 6.067188 -13.603653
v 27.619694 6.067188 -13.595432
v 27.805593 6.067160 -13.586977
v 27.729086 6.267672 -11.975529
v 27.546545 6.267188 -11.968626
v 27.363823 6.267188 -11.960546
v 27.181097 6.267188 -11.952467
v 26.998377 6.267188 -11.944386
v 26.815655 6.267188 -11.936306
v 27.805582 6.067188 -12.176896
v 27.619696 6.067189 -12.168676
v 27.433802 6.067189 -12.160457
v 27.247911 6.067189 -12.152236
v 27.062021 6.067189 -12.144015
v 26.876156 6.067111 -12.136239
v 24.640652 6.067188 -14.049031
v 27.062021 6.067189 -13.620093
v 27.247913 6.067189 -13.611875
v 27.546545 6.267188 -13.795484
v 27.363825 6.267188 -13.803564
v 28.341202 6.267188 -11.955938
v 25.605297 6.267187 -11.769616
v 25.564331 6.067187 -11.965734
v 25.605297 6.267187 -13.994493
v 23.182562 6.067187 -11.019024
v 28.371149 6.067188 -12.154257
v 28.746000 6.067504 -12.067345
v 29.317240 6.067189 -11.865149
v 29.627781 6.067188 -11.774268
v 30.054777 6.067653 -11.702984
v 31.234236 6.067188 -13.947868
v 30.421728 6.067363 -14.080873
v 28.371149 6.067189 -13.609855
v 26.633919 5.889321 -12.483649
v 26.619877 5.867188 -12.576281
v 27.954720 6.467188 -11.884621
v 31.983595 6.067188 -12.614574
v 31.466619 5.867114 -12.530147
v 31.465357 5.907656 -12.362495
v 24.705095 6.267187 -11.525333
v 24.737320 6.467188 -11.430462
v 24.737322 6.467188 -14.333649
v 23.943459 6.267188 -14.551751
v 23.856661 6.067188 -11.392920
v 23.856653 6.067188 -14.371193
v 23.327904 5.867188 -12.291521
v 23.301916 5.867188 -13.423216
v 23.913239 5.867188 -12.533941
v 23.910521 5.867188 -13.229113
v 24.944170 5.867188 -12.526386
v 24.960863 5.867188 -13.236877
v 23.683084 5.867188 -11.804051
v 23.683065 5.867188 -13.960070
v 25.625786 6.467188 -14.092552
v 25.564337 6.067188 -13.798376
v 23.531239 5.867188 -12.756282
v 25.239729 5.867188 -12.565603
v 23.531239 5.867188 -13.007827
v 25.239729 5.867188 -13.198505
v 23.287457 6.267188 -14.915611
v 22.354521 5.688023 -12.882054
v 22.972769 5.804527 -12.882054
v 25.507235 5.867188 -12.882054
v 23.505470 6.167189 -12.882056
v 24.960869 6.167189 -12.527232
v 23.910522 6.167189 -12.534996
v 23.505470 5.867188 -12.882054
v 25.507235 6.167189 -12.882054
v 23.531239 6.167188 -12.756282
v 23.683037 6.167188 -12.586813
v 25.239729 6.167188 -12.565603
v 25.481468 6.167188 -12.754413
v 25.481468 6.167188 -13.009696
v 25.239729 6.167188 -13.198505
v 24.944166 6.167189 -13.237724
v 23.913237 6.167189 -13.230167
v 23.683037 6.167188 -13.177296
v 23.531239 6.167188 -13.007827
v 22.354521 5.688023 -11.936137
v 21.797379 5.688023 -14.037780
v 22.354521 5.688023 -13.827971
v 21.797379 5.688023 -11.726330
v 16.393242 6.467098 -15.806474
v 16.779102 6.467186 -16.353611
v 17.171583 6.467186 -16.931561
v 18.265125 6.467186 -21.917877
v 18.193336 6.467186 -22.231554
v 18.095146 6.467186 -22.520021
v 17.988205 6.467186 -22.815632
v 17.890032 6.467186 -23.151085
v 17.818237 6.467186 -23.558834
v 17.790400 6.467186 -24.071428
v 17.830488 6.467186 -24.534554
v 17.944439 6.467186 -24.937719
v 18.122774 6.467186 -25.276810
v 18.356014 6.467186 -25.547712
v 18.634684 6.467186 -25.746309
v 18.949305 6.467186 -25.868486
v 19.290400 6.467186 -25.910126
v 19.631500 6.467186 -25.868484
v 19.946110 6.467187 -25.746313
v 20.224785 6.467187 -25.547710
v 20.458025 6.467187 -25.276810
v 20.636360 6.467187 -24.937717
v 20.750311 6.467187 -24.534552
v 20.790400 6.467186 -24.071430
v 20.762562 6.467187 -23.558838
v 20.690765 6.467187 -23.151089
v 20.592596 6.467187 -22.815643
v 20.393631 6.467271 -22.256359
v 20.315672 6.467187 -21.917875
v 20.288528 6.466888 -21.548506
v 20.344902 6.466946 -20.274471
v 20.741989 6.467187 -18.328981
v 21.409222 6.467187 -16.931551
v 21.801697 6.467187 -16.353611
v 22.214754 6.467187 -15.806409
v 16.463411 6.266678 -15.735976
v 16.864725 6.267385 -16.301899
v 17.256855 6.267188 -16.879129
v 18.282042 6.268042 -22.285698
v 18.083300 6.267189 -22.846725
v 17.987556 6.267187 -23.173876
v 17.912867 6.267069 -23.626432
v 17.892494 6.265916 -24.013475
v 17.929298 6.267187 -24.516481
v 18.037819 6.267188 -24.900440
v 18.205986 6.267183 -25.220190
v 18.423901 6.267184 -25.473291
v 18.682543 6.267189 -25.657621
v 18.973841 6.267187 -25.770741
v 19.290400 6.267187 -25.809383
v 19.606960 6.267190 -25.770742
v 19.898256 6.267185 -25.657621
v 20.156897 6.267185 -25.473295
v 20.374815 6.267184 -25.220188
v 20.542976 6.267183 -24.900436
v 20.651499 6.267184 -24.516478
v 20.668360 6.267340 -23.626604
v 20.593241 6.267186 -23.173876
v 20.497498 6.267187 -22.846720
v 20.297539 6.267516 -22.283169
v 20.216513 6.267185 -21.932852
v 20.187809 6.267590 -21.544964
v 21.323957 6.267187 -16.879105
v 21.717947 6.267460 -16.299210
v 22.144341 6.266172 -15.735845
v 16.603777 6.066782 -15.595912
v 17.032032 6.067897 -16.193615
v 17.427368 6.067187 -16.774214
v 18.593378 6.067211 -21.551723
v 18.477692 6.067712 -22.329214
v 18.273489 6.067188 -22.908903
v 18.092319 6.066457 -24.013309
v 18.378431 6.065479 -25.113073
v 18.578285 6.069121 -25.344805
v 18.779722 6.067619 -25.481609
v 19.022915 6.067187 -25.575247
v 19.290400 6.067187 -25.607899
v 19.557884 6.067188 -25.575247
v 19.801075 6.067623 -25.481617
v 20.003128 6.069232 -25.344530
v 20.206430 6.066317 -25.108294
v 20.356216 6.067187 -24.825880
v 20.453882 6.067188 -24.480333
v 20.307306 6.067189 -22.908890
v 20.105024 6.067327 -22.338556
v 20.018198 6.067187 -21.962807
v 19.987604 6.067267 -21.553198
v 20.045599 6.067358 -20.246294
v 21.555529 6.067993 -16.183800
v 22.003738 6.065971 -15.594969
v 16.854229 5.888403 -15.345984
v 17.276615 5.886329 -15.911205
v 17.730318 5.889529 -16.587856
v 18.460550 5.889512 -18.117788
v 18.722519 5.889516 -19.083200
v 18.950333 5.889344 -21.548748
v 18.887407 5.890859 -22.167856
v 18.557796 5.889084 -23.184946
v 18.447306 5.889502 -24.060921
v 18.501299 5.889054 -24.544428
v 18.661217 5.890877 -24.899141
v 19.712454 5.866641 -25.012943
v 19.919584 5.890876 -24.899137
v 20.079502 5.889054 -24.544424
v 20.128611 5.890075 -23.829128
v 20.018324 5.888939 -23.171631
v 19.762621 5.889822 -22.433403
v 19.665815 5.889500 -22.016018
v 19.630169 5.889359 -21.544510
v 19.689005 5.889485 -20.226690
v 20.120255 5.889515 -18.117788
v 20.850510 5.889526 -16.587797
v 21.261189 5.890169 -15.985531
v 21.744717 5.882198 -15.333286
v 18.612076 5.867187 -16.564423
v 19.968723 5.867188 -16.564421
v 18.995157 5.867187 -17.274689
v 19.585640 5.867188 -17.274689
v 19.418041 5.867188 -19.073120
v 19.596176 5.867188 -20.211538
v 16.908571 5.867188 -15.291267
v 17.818413 5.867187 -16.564423
v 19.044123 5.867187 -21.557123
v 18.982920 5.867192 -22.216564
v 18.648140 5.867186 -23.203251
v 18.543688 5.867180 -23.875969
v 18.608486 5.867170 -24.582972
v 18.868019 5.866792 -25.013140
v 19.290398 5.867187 -25.154558
v 19.500423 5.867102 -25.121975
v 19.972332 5.867175 -24.582975
v 20.037109 5.867181 -23.875975
v 19.932663 5.867185 -23.203262
v 19.569201 5.867191 -22.109301
v 20.368427 5.867188 -17.274685
v 20.762384 5.867188 -16.564421
v 21.182232 5.867188 -15.946173
v 20.236258 6.267136 -20.407324
v 20.228067 6.267188 -20.590031
v 20.219988 6.267188 -20.772755
v 20.211908 6.267188 -20.955475
v 20.203829 6.267188 -21.138199
v 20.195780 6.267172 -21.320929
v 20.036562 6.067167 -20.467793
v 20.028437 6.067188 -20.653675
v 20.020218 6.067188 -20.839565
v 20.011999 6.067188 -21.025455
v 20.003778 6.067188 -21.211346
v 19.995295 6.067130 -21.397257
v 18.385050 6.267188 -21.320919
v 18.376970 6.267188 -21.138201
v 18.368893 6.267188 -20.955475
v 18.360811 6.267187 -20.772755
v 18.352730 6.267188 -20.590031
v 18.344446 6.266957 -20.407375
v 18.585810 6.067097 -21.397270
v 18.577023 6.067186 -21.211346
v 18.568804 6.067186 -21.025457
v 18.560581 6.067186 -20.839565
v 18.552361 6.067186 -20.653675
v 18.544142 6.067186 -20.467785
v 18.562597 6.067188 -21.962803
v 20.398188 6.067187 -23.219442
v 20.960094 6.267186 -17.535112
v 18.364285 6.267187 -21.932861
v 18.177963 6.267188 -19.196964
v 18.374081 6.067187 -19.155996
v 20.206726 6.067188 -19.155968
v 18.336634 6.267280 -20.269890
v 18.235882 6.466782 -20.276297
v 18.182615 6.067186 -23.219437
v 18.111498 6.067408 -23.646471
v 18.126917 6.067185 -24.480333
v 18.224583 6.067185 -24.825884
v 20.489218 6.067363 -24.013248
v 20.469643 6.067762 -23.646526
v 20.458742 5.889517 -17.294075
v 21.153435 6.067187 -16.774206
v 18.890095 5.889524 -20.215796
v 18.984625 5.867187 -20.211554
v 18.535618 6.067222 -20.248123
v 18.292965 6.467186 -21.546387
v 18.393324 6.267152 -21.545574
v 20.688694 6.266391 -24.014099
v 18.470482 5.889514 -23.633707
v 19.080400 5.867080 -25.121931
v 17.530426 6.467187 -17.578512
v 17.620707 6.267186 -17.535112
v 18.079903 6.467187 -19.217434
v 17.933678 6.267187 -18.296747
v 20.402838 6.267186 -19.196949
v 20.500896 6.467187 -19.217440
v 21.050375 6.467187 -17.578506
v 20.647121 6.267185 -18.296743
v 18.123423 6.067187 -18.232306
v 18.122055 5.889518 -17.294073
v 19.858280 5.889516 -19.083191
v 18.699865 5.867187 -16.919556
v 19.831573 5.867188 -16.893568
v 18.942286 5.867187 -17.504890
v 19.637459 5.867188 -17.502182
v 18.934732 5.867187 -18.535831
v 19.645187 5.867188 -18.541122
v 19.162758 5.867187 -19.073122
v 18.212395 5.867187 -17.274736
v 18.552904 5.867187 -18.103397
v 20.027887 5.867188 -18.103401
v 19.290400 5.867187 -19.098888
v 18.816299 5.867187 -19.074013
v 20.243906 6.267324 -20.271858
v 20.457378 6.067187 -18.232294
v 17.838806 6.467186 -18.328970
v 19.164625 5.867187 -17.122890
v 18.973948 5.867187 -18.831381
v 17.801264 6.067186 -17.448309
v 19.764494 5.867188 -19.074041
v 19.416172 5.867188 -17.122890
v 19.606850 5.867188 -18.831381
v 20.779537 6.067187 -17.448305
v 19.290400 5.804527 -16.564423
v 19.290400 6.167188 -17.097124
v 19.646103 6.167188 -18.546848
v 18.943340 6.167188 -17.502182
v 19.290400 5.867188 -17.097122
v 19.290400 6.167188 -19.098888
v 19.164625 6.167188 -17.122890
v 18.995157 6.167188 -17.274689
v 18.935577 6.167188 -18.552530
v 18.973948 6.167188 -18.831381
v 19.162758 6.167188 -19.073120
v 19.418041 6.167188 -19.073120
v 19.606850 6.167188 -18.831381
v 19.638514 6.167188 -17.504900
v 19.585640 6.167188 -17.274689
v 19.416172 6.167188 -17.122890
v 18.344482 5.688023 -15.946173
v 20.446123 5.688023 -15.389030
v 20.236317 5.688023 -15.946173
v 18.134674 5.688023 -15.389030
v 19.282593 5.688098 -9.840637
v 19.272192 5.687780 -15.972684
v 20.446123 5.688023 -12.004385
v 13.291872 -0.000001 -13.309636
v 12.691180 -0.000001 -13.302007
v 12.519040 -0.000001 -13.203164
v 12.424587 -0.000001 -13.060423
v 12.399559 -0.000001 -12.889503
v 12.419369 -0.000001 -12.718809
v 12.508231 -0.000001 -12.572167
v 12.674686 -0.000001 -12.466682
v 13.291872 -0.000001 -12.454886
v 13.291872 0.099999 -13.309636
v 12.717731 0.099995 -13.304261
v 12.575048 0.100031 -13.247973
v 12.456088 0.100048 -13.124724
v 12.411978 0.099999 -13.011636
v 12.400140 0.099533 -12.802971
v 12.461915 0.100285 -12.630438
v 12.583828 0.100396 -12.510962
v 12.724504 0.099808 -12.458912
v 13.291872 0.099999 -12.454886
v 13.291560 0.441422 -13.109636
v 13.058992 0.441422 -13.109636
v 13.004662 0.441422 -13.103368
v 12.966026 0.441422 -13.089543
v 12.931673 0.441422 -13.067691
v 12.902859 0.441422 -13.038877
v 12.881006 0.441422 -13.004523
v 12.867182 0.441422 -12.965888
v 12.860913 0.441422 -12.911557
v 12.860913 0.441422 -12.852965
v 12.867182 0.441422 -12.798635
v 12.881006 0.441422 -12.759999
v 12.902859 0.441422 -12.725646
v 12.931673 0.441422 -12.696832
v 12.966026 0.441422 -12.674979
v 13.004662 0.441422 -12.661155
v 13.058992 0.441422 -12.654886
v 13.291560 0.441422 -12.654886
v 13.291560 0.441422 -13.109636
v 13.058992 0.441422 -13.109636
v 13.004662 0.441422 -13.103368
v 12.966026 0.441422 -13.089543
v 12.931673 0.441422 -13.067691
v 12.902859 0.441422 -13.038877
v 12.881006 0.441422 -13.004523
v 12.867182 0.441422 -12.965888
v 12.860913 0.441422 -12.911557
v 12.860913 0.441422 -12.852965
v 12.867182 0.441422 -12.798635
v 12.881006 0.441422 -12.759999
v 12.902859 0.441422 -12.725646
v 12.931673 0.441422 -12.696832
v 12.966026 0.441422 -12.674979
v 13.004662 0.441422 -12.661155
v 13.058992 0.441422 -12.654886
v 13.291560 0.441422 -12.654886
v 16.394861 5.999771 -13.109636
v 15.812078 5.999772 -13.102259
v 15.708865 5.999772 -13.010394
v 15.687100 5.999772 -12.882262
v 15.708866 5.999772 -12.754128
v 15.812078 5.999772 -12.662265
v 16.397490 5.999690 -12.654887
v 13.389676 0.946727 -13.077894
v 13.625025 1.696781 -13.040104
v 13.922683 2.462640 -13.019372
v 14.175500 2.967944 -13.019372
v 14.512519 3.473249 -13.032332
v 14.922559 3.978553 -13.050583
v 15.484585 4.483857 -13.077894
v 16.400682 4.990732 -13.109653
v 13.253228 1.443935 -13.047214
v 13.592724 2.399710 -13.018223
v 13.881907 3.012901 -13.018220
v 14.628814 4.179368 -13.057653
v 15.239378 4.973989 -13.102825
v 15.593005 5.479354 -13.107024
v 14.118209 3.501098 -13.025647
v 13.056344 0.946720 -13.051621
v 13.349563 1.946458 -13.012519
v 13.536918 2.476647 -12.995387
v 14.412386 3.989537 -13.028749
v 15.528893 5.491181 -13.081034
v 13.760024 2.979515 -12.985118
v 14.030852 3.472468 -12.994829
v 15.164628 4.978792 -13.057133
v 12.991655 0.964157 -12.984468
v 13.142990 1.506760 -12.968371
v 13.287476 1.967284 -12.960357
v 14.333282 3.979100 -12.968512
v 15.471976 5.493797 -13.023014
v 13.473448 2.463885 -12.942918
v 13.710362 2.965468 -12.943210
v 13.987006 3.470034 -12.949518
v 15.125249 4.984362 -12.994719
v 15.445934 5.502580 -12.928663
v 12.969055 0.942138 -12.882259
v 13.108299 1.445194 -12.882261
v 13.265583 1.952549 -12.882261
v 13.459336 2.457959 -12.882261
v 13.694908 2.958356 -12.882261
v 13.972717 3.466476 -12.882262
v 14.308024 3.966659 -12.850103
v 15.116597 4.993964 -12.882261
v 12.991653 0.964151 -12.780055
v 13.142996 1.506777 -12.796151
v 13.287473 1.967278 -12.804168
v 13.473449 2.463888 -12.821604
v 13.710358 2.965460 -12.821312
v 13.987007 3.470035 -12.815004
v 15.125251 4.984366 -12.769806
v 15.459781 5.493267 -12.758807
v 14.343662 3.973860 -12.779705
v 13.536915 2.476640 -12.769135
v 13.760021 2.979507 -12.779404
v 14.030861 3.472474 -12.769690
v 15.164629 4.978793 -12.707391
v 13.056360 0.946784 -12.712904
v 13.349561 1.946465 -12.752006
v 14.412392 3.989548 -12.735774
v 15.528892 5.491182 -12.683491
v 14.118178 3.501054 -12.738878
v 15.239378 4.973989 -12.661698
v 13.253229 1.443930 -12.717309
v 13.881894 3.012883 -12.746303
v 14.628813 4.179373 -12.706869
v 15.593004 5.479355 -12.657499
v 13.592724 2.399719 -12.746300
v 13.389676 0.946727 -12.686628
v 13.652843 1.776026 -12.727242
v 13.922683 2.462640 -12.745150
v 14.175500 2.967944 -12.745150
v 14.512519 3.473249 -12.732189
v 14.922559 3.978553 -12.713939
v 15.484585 4.483857 -12.686628
v 16.398029 4.989161 -12.654886
v 25.345236 -0.000001 -13.309636
v 25.945927 -0.000001 -13.302006
v 26.118071 -0.000001 -13.203162
v 26.212521 -0.000001 -13.060427
v 26.237549 -0.000001 -12.889503
v 26.217741 -0.000001 -12.718809
v 26.128880 -0.000001 -12.572169
v 25.962423 -0.000001 -12.466682
v 25.345236 -0.000001 -12.454886
v 25.345236 0.099999 -13.309636
v 25.919376 0.099995 -13.304260
v 26.062063 0.100031 -13.247972
v 26.181021 0.100048 -13.124725
v 26.225130 0.099999 -13.011635
v 26.237577 0.099739 -12.876476
v 26.225130 0.099999 -12.752887
v 26.175194 0.100285 -12.630437
v 26.053282 0.100396 -12.510962
v 25.912603 0.099808 -12.458912
v 25.345236 0.099999 -12.454886
v 25.345549 0.441422 -13.109635
v 25.578115 0.441422 -13.109635
v 25.632446 0.441422 -13.103367
v 25.671082 0.441422 -13.089543
v 25.705435 0.441422 -13.067690
v 25.734249 0.441422 -13.038877
v 25.756102 0.441422 -13.004523
v 25.769926 0.441422 -12.965888
v 25.776194 0.441422 -12.911557
v 25.776194 0.441422 -12.852964
v 25.769926 0.441422 -12.798634
v 25.756102 0.441422 -12.759999
v 25.734249 0.441422 -12.725646
v 25.705435 0.441422 -12.696832
v 25.671082 0.441422 -12.674978
v 25.632446 0.441422 -12.661155
v 25.578115 0.441422 -12.654886
v 25.345549 0.441422 -12.654886
v 25.345549 0.441422 -13.109635
v 25.578115 0.441422 -13.109635
v 25.632446 0.441422 -13.103367
v 25.671082 0.441422 -13.089543
v 25.705435 0.441422 -13.067690
v 25.734249 0.441422 -13.038877
v 25.756102 0.441422 -13.004523
v 25.769926 0.441422 -12.965888
v 25.776194 0.441422 -12.911557
v 25.776194 0.441422 -12.852964
v 25.769926 0.441422 -12.798634
v 25.756102 0.441422 -12.759999
v 25.734249 0.441422 -12.725646
v 25.705435 0.441422 -12.696832
v 25.671082 0.441422 -12.674978
v 25.632446 0.441422 -12.661155
v 25.578115 0.441422 -12.654886
v 25.345549 0.441422 -12.654886
v 22.242247 5.999771 -13.109636
v 22.825033 5.999772 -13.102259
v 22.928244 5.999772 -13.010392
v 22.950006 5.999772 -12.882258
v 22.928244 5.999772 -12.754129
v 22.825033 5.999772 -12.662266
v 22.242247 5.999771 -12.654887
v 25.247433 0.946727 -13.077893
v 25.012104 1.696718 -13.040106
v 24.714426 2.462640 -13.019372
v 24.461607 2.967944 -13.019372
v 24.124588 3.473249 -13.032332
v 23.714550 3.978553 -13.050583
v 23.152523 4.483857 -13.077894
v 22.234850 4.991666 -13.109663
v 25.383881 1.443936 -13.047213
v 25.044386 2.399710 -13.018223
v 24.755207 3.012896 -13.018220
v 24.008270 4.179404 -13.057654
v 23.397722 4.974007 -13.102824
v 23.044104 5.479347 -13.107025
v 24.518885 3.501114 -13.025648
v 25.580763 0.946730 -13.051620
v 25.287544 1.946462 -13.012519
v 25.100199 2.476631 -12.995387
v 24.224689 3.989578 -13.028753
v 23.108215 5.491177 -13.081037
v 24.877077 2.979522 -12.985120
v 24.606255 3.472469 -12.994829
v 23.472485 4.978789 -13.057132
v 25.645454 0.964155 -12.984468
v 25.494123 1.506747 -12.968370
v 25.349642 1.967260 -12.960356
v 24.303827 3.979097 -12.968513
v 23.165127 5.493807 -13.023016
v 25.163662 2.463884 -12.942917
v 24.926735 2.965486 -12.943213
v 24.650099 3.470037 -12.949522
v 23.511866 4.984354 -12.994718
v 23.191170 5.502587 -12.928670
v 25.667934 0.943433 -12.841198
v 25.528244 1.447372 -12.880871
v 25.371420 1.953024 -12.881313
v 25.177948 2.457599 -12.881880
v 24.941767 2.959274 -12.881906
v 24.664230 3.466845 -12.881369
v 24.320681 3.977795 -12.880247
v 23.517363 4.997460 -12.823714
v 25.483423 1.539338 -12.795007
v 25.345938 1.975310 -12.802732
v 25.162647 2.465533 -12.821086
v 24.924520 2.969470 -12.820732
v 24.646849 3.474455 -12.813632
v 24.298470 3.981012 -12.790045
v 23.177332 5.493259 -12.758809
v 25.631935 0.961794 -12.760986
v 23.500530 4.974038 -12.736909
v 25.089609 2.498066 -12.768792
v 24.875221 2.981626 -12.778794
v 24.598089 3.481977 -12.767881
v 25.566977 0.986207 -12.712817
v 25.277718 1.966831 -12.751462
v 24.212629 4.006447 -12.735714
v 23.470150 4.935849 -12.683646
v 23.108221 5.491174 -12.683490
v 24.509409 3.513099 -12.738139
v 25.400740 1.357530 -12.712263
v 25.060282 2.374729 -12.746274
v 24.755623 3.011224 -12.746270
v 24.023397 4.158787 -12.707801
v 23.371632 4.978446 -12.657934
v 23.044104 5.479343 -12.657498
v 25.247433 0.946727 -12.686628
v 24.984287 1.775962 -12.727239
v 24.714426 2.462640 -12.745150
v 24.461607 2.967944 -12.745150
v 24.124588 3.473249 -12.732189
v 23.714550 3.978553 -12.713939
v 23.152523 4.483857 -12.686628
v 22.236427 4.990834 -12.654869
v 19.745928 -0.000001 -18.908943
v 19.738298 -0.000001 -19.509634
v 19.639456 -0.000001 -19.681776
v 19.496714 -0.000001 -19.776228
v 19.325798 -0.000001 -19.801256
v 19.155102 -0.000001 -19.781446
v 19.008465 -0.000001 -19.692587
v 18.902975 -0.000001 -19.526125
v 18.891178 -0.000001 -18.908943
v 19.745928 0.099999 -18.908943
v 19.740553 0.099994 -19.483082
v 19.684265 0.100031 -19.625767
v 19.561016 0.100048 -19.744728
v 19.447927 0.099999 -19.788837
v 19.312769 0.099739 -19.801283
v 19.144005 0.100274 -19.777637
v 19.000275 0.100324 -19.684511
v 18.930506 0.099999 -19.582401
v 18.895203 0.099808 -19.476299
v 18.891178 0.099999 -18.908943
v 19.545929 0.441422 -18.909256
v 19.545929 0.441422 -19.141823
v 19.539660 0.441422 -19.196154
v 19.525837 0.441422 -19.234789
v 19.503983 0.441422 -19.269142
v 19.475168 0.441422 -19.297956
v 19.440815 0.441422 -19.319809
v 19.402182 0.441422 -19.333633
v 19.347851 0.441422 -19.339901
v 19.289257 0.441422 -19.339901
v 19.234926 0.441422 -19.333633
v 19.196293 0.441422 -19.319809
v 19.161938 0.441422 -19.297956
v 19.133125 0.441422 -19.269142
v 19.111271 0.441422 -19.234789
v 19.097448 0.441422 -19.196154
v 19.091179 0.441422 -19.141823
v 19.091179 0.441422 -18.909256
v 19.545929 0.441422 -18.909256
v 19.545929 0.441422 -19.141823
v 19.539660 0.441422 -19.196154
v 19.525837 0.441422 -19.234789
v 19.503983 0.441422 -19.269142
v 19.475168 0.441422 -19.297956
v 19.440815 0.441422 -19.319809
v 19.402182 0.441422 -19.333633
v 19.347851 0.441422 -19.339901
v 19.289257 0.441422 -19.339901
v 19.234926 0.441422 -19.333633
v 19.196293 0.441422 -19.319809
v 19.161938 0.441422 -19.297956
v 19.133125 0.441422 -19.269142
v 19.111271 0.441422 -19.234789
v 19.097448 0.441422 -19.196154
v 19.091179 0.441422 -19.141823
v 19.091179 0.441422 -18.909256
v 19.545929 5.999771 -15.805953
v 19.538549 5.999771 -16.388742
v 19.446684 5.999771 -16.491953
v 19.318550 5.999771 -16.513714
v 19.190428 5.999771 -16.491953
v 19.098558 5.999771 -16.388741
v 19.091179 5.999689 -15.803326
v 19.514187 0.946727 -18.811138
v 19.476398 1.696728 -18.575809
v 19.455664 2.462640 -18.278133
v 19.455664 2.967944 -18.025314
v 19.468624 3.473248 -17.688295
v 19.486876 3.978553 -17.278257
v 19.514187 4.483857 -16.716230
v 19.545946 4.990731 -15.800136
v 19.483501 1.444047 -18.947556
v 19.454514 2.399731 -18.608099
v 19.454512 3.012896 -18.318928
v 19.493946 4.179356 -17.572014
v 19.539114 4.973953 -16.961472
v 19.543316 5.479364 -16.607801
v 19.461939 3.501080 -18.082619
v 19.487915 0.946724 -19.144468
v 19.448812 1.946498 -18.851238
v 19.431683 2.476613 -18.663908
v 19.465042 3.989537 -17.788431
v 19.517332 5.491180 -16.671917
v 19.421413 2.979537 -18.440777
v 19.431124 3.472482 -18.169954
v 19.493423 4.978802 -17.036180
v 19.420761 0.964150 -19.209164
v 19.404667 1.506734 -19.057833
v 19.396652 1.967273 -18.913342
v 19.421116 3.973860 -17.857149
v 19.442005 5.493260 -16.741039
v 19.379211 2.463895 -18.727364
v 19.379507 2.965469 -18.490450
v 19.385815 3.470035 -18.213808
v 19.431007 4.984375 -17.075560
v 19.350712 3.966660 -17.892790
v 19.318558 0.942126 -19.231764
v 19.318556 1.445209 -19.092512
v 19.318556 1.952543 -18.935234
v 19.318556 2.457953 -18.741482
v 19.318554 2.958370 -18.505901
v 19.318554 3.466478 -18.228098
v 19.318556 4.993961 -17.084221
v 19.272152 5.502582 -16.754881
v 19.216345 0.964150 -19.209162
v 19.232443 1.506753 -19.057827
v 19.240456 1.967271 -18.913343
v 19.257895 2.463887 -18.727365
v 19.257599 2.965470 -18.490448
v 19.251289 3.470037 -18.213804
v 19.232304 3.979100 -17.867533
v 19.206102 4.984375 -17.075560
v 19.177803 5.493797 -16.728840
v 19.205427 2.476624 -18.663908
v 19.215693 2.979539 -18.440771
v 19.205984 3.472471 -18.169958
v 19.143684 4.978807 -17.036177
v 19.149193 0.946715 -19.144472
v 19.188297 1.946509 -18.851236
v 19.172066 3.989562 -17.788410
v 19.119778 5.491178 -16.671919
v 19.175167 3.501107 -18.082598
v 19.097994 4.973967 -16.961458
v 19.153605 1.443956 -18.947586
v 19.182594 3.012863 -18.318930
v 19.143166 4.179333 -17.572033
v 19.093792 5.479351 -16.607803
v 19.182592 2.399744 -18.608082
v 19.122921 0.946727 -18.811138
v 19.163532 1.775974 -18.547991
v 19.181442 2.462640 -18.278133
v 19.181442 2.967944 -18.025314
v 19.168482 3.473248 -17.688295
v 19.150232 3.978553 -17.278257
v 19.122921 4.483857 -16.716230
v 19.091179 4.989161 -15.802787
v 19.745928 -0.000001 -6.855579
v 19.738298 -0.000000 -6.254889
v 19.639452 -0.000000 -6.082744
v 19.496714 -0.000000 -5.988296
v 19.325798 -0.000000 -5.963267
v 19.155102 -0.000000 -5.983078
v 19.008453 -0.000000 -6.071945
v 18.902975 -0.000000 -6.238395
v 18.891178 -0.000001 -6.855579
v 19.745928 0.099999 -6.855579
v 19.740553 0.099994 -6.281439
v 19.684265 0.100033 -6.138756
v 19.561020 0.100050 -6.019798
v 19.447927 0.100000 -5.975686
v 19.312769 0.099740 -5.963240
v 19.144003 0.100275 -5.986888
v 19.000263 0.100324 -6.080019
v 18.930506 0.100000 -6.182121
v 18.895205 0.099810 -6.288223
v 18.891178 0.099999 -6.855579
v 19.545929 0.441422 -6.855268
v 19.545929 0.441422 -6.622700
v 19.539660 0.441422 -6.568368
v 19.525837 0.441422 -6.529734
v 19.503983 0.441423 -6.495380
v 19.475168 0.441423 -6.466567
v 19.440815 0.441423 -6.444714
v 19.402182 0.441423 -6.430890
v 19.347849 0.441423 -6.424621
v 19.289257 0.441423 -6.424621
v 19.234926 0.441423 -6.430890
v 19.196293 0.441423 -6.444714
v 19.161938 0.441423 -6.466567
v 19.133125 0.441423 -6.495380
v 19.111271 0.441422 -6.529734
v 19.097448 0.441422 -6.568369
v 19.091179 0.441422 -6.622700
v 19.091179 0.441422 -6.855268
v 19.545929 0.441422 -6.855268
v 19.545929 0.441422 -6.622700
v 19.539660 0.441422 -6.568368
v 19.525837 0.441422 -6.529734
v 19.503983 0.441423 -6.495380
v 19.475168 0.441423 -6.466567
v 19.440815 0.441423 -6.444714
v 19.402182 0.441423 -6.430890
v 19.347849 0.441423 -6.424621
v 19.289257 0.441423 -6.424621
v 19.234926 0.441423 -6.430890
v 19.196293 0.441423 -6.444714
v 19.161938 0.441423 -6.466567
v 19.133125 0.441423 -6.495380
v 19.111271 0.441422 -6.529734
v 19.097448 0.441422 -6.568369
v 19.091179 0.441422 -6.622700
v 19.091179 0.441422 -6.855268
v 19.545929 5.999771 -9.958570
v 19.538551 5.999772 -9.375783
v 19.446690 5.999772 -9.272573
v 19.318558 5.999772 -9.250809
v 19.190426 5.999772 -9.272571
v 19.098558 5.999772 -9.375785
v 19.091179 5.999690 -9.961198
v 19.514187 0.946727 -6.953383
v 19.476397 1.696772 -7.188729
v 19.455664 2.462641 -7.486390
v 19.455664 2.967945 -7.739207
v 19.468626 3.473249 -8.076226
v 19.486876 3.978553 -8.486266
v 19.514187 4.483858 -9.048292
v 19.545946 4.990731 -9.964387
v 19.483503 1.444007 -6.816956
v 19.454515 2.399689 -7.156407
v 19.454512 3.012919 -7.445608
v 19.493942 4.179324 -8.192484
v 19.539114 4.973945 -8.803046
v 19.543316 5.479353 -9.156715
v 19.461939 3.501107 -7.681917
v 19.487915 0.946725 -6.620053
v 19.448812 1.946473 -6.913275
v 19.431683 2.476622 -7.100617
v 19.465042 3.989534 -7.976091
v 19.517332 5.491178 -9.092606
v 19.421415 2.979559 -7.323760
v 19.431124 3.472462 -7.594558
v 19.493422 4.978796 -8.728334
v 19.420759 0.964148 -6.555360
v 19.404665 1.506767 -6.706701
v 19.396648 1.967267 -6.851177
v 19.404806 3.979097 -7.896989
v 19.459309 5.493801 -9.035686
v 19.379208 2.463879 -7.037151
v 19.379503 2.965483 -7.274078
v 19.385811 3.470035 -7.550714
v 19.431011 4.984366 -8.688958
v 19.364958 5.502580 -9.009642
v 19.277502 0.943422 -6.532877
v 19.317163 1.447403 -6.672579
v 19.317606 1.953002 -6.829388
v 19.318174 2.457583 -7.022861
v 19.318197 2.959284 -7.259055
v 19.317657 3.466844 -7.536586
v 19.316542 3.977786 -7.880129
v 19.260008 4.997467 -8.683457
v 19.231297 1.539335 -6.717393
v 19.239027 1.975309 -6.854876
v 19.257380 2.465514 -7.038159
v 19.257027 2.969476 -7.276298
v 19.249928 3.474455 -7.553966
v 19.226337 3.981016 -7.902349
v 19.195103 5.493267 -9.023486
v 19.197281 0.961843 -6.568894
v 19.173201 4.974042 -8.700289
v 19.205088 2.498070 -7.111207
v 19.215082 2.981653 -7.325615
v 19.204176 3.481974 -7.602723
v 19.149109 0.986164 -6.633827
v 19.187757 1.966821 -6.923091
v 19.172005 4.006466 -7.988203
v 19.119936 4.935854 -8.730675
v 19.119778 5.491179 -9.092605
v 19.174429 3.513157 -7.691451
v 19.148560 1.357588 -6.800091
v 19.182566 2.374736 -7.140538
v 19.182562 3.011223 -7.445199
v 19.144098 4.158710 -8.177361
v 19.094227 4.978452 -8.829188
v 19.093792 5.479341 -9.156712
v 19.122921 0.946727 -6.953383
v 19.163534 1.776008 -7.216544
v 19.181442 2.462641 -7.486390
v 19.181442 2.967945 -7.739207
v 19.168482 3.473249 -8.076226
v 19.150232 3.978553 -8.486266
v 19.122921 4.483858 -9.048292
v 19.091179 4.989161 -9.961736
vn -0.0384 0.9983 0.0435
vn -0.0222 0.9997 0.0026
vn -0.1312 0.9883 -0.0772
vn -0.0117 0.9999 0.0099
vn 0.0229 0.9986 -0.0473
vn 0.0180 0.9997 -0.0166
vn 0.0362 0.9461 -0.3219
vn -0.1187 0.9844 -0.1303
vn 0.0045 0.9737 -0.2277
vn 0.0587 0.8942 -0.4437
vn -0.0116 0.9999 0.0004
vn 0.0229 0.9997 -0.0063
vn 0.0321 0.9428 -0.3318
vn 0.0412 0.9991 0.0122
vn 0.0578 0.9028 -0.4262
vn 0.0706 0.7146 -0.6959
vn 0.1298 0.9907 -0.0406
vn -0.0055 0.9989 -0.0474
vn 0.0046 1.0000 -0.0033
vn -0.0043 0.9996 -0.0293
vn -0.0057 0.9990 0.0445
vn -0.0051 0.9996 0.0269
vn -0.0042 0.9999 0.0139
vn 0.4890 0.8718 -0.0295
vn 0.3397 0.9069 0.2491
vn 0.3897 0.8497 -0.3551
vn 0.3626 0.9049 -0.2229
vn 0.4200 0.8503 0.3172
vn 0.4431 0.8549 -0.2698
vn 0.4827 0.8640 -0.1430
vn 0.6899 0.2794 0.6678
vn 0.9995 -0.0188 0.0245
vn 0.8042 0.5867 0.0953
vn 0.9851 0.1618 -0.0582
vn 0.9266 0.3191 -0.1990
vn 0.9416 0.3257 0.0859
vn 0.5562 0.7288 -0.3993
vn 0.8232 0.2712 -0.4989
vn 0.6167 0.7376 -0.2750
vn 0.9991 0.0241 -0.0337
vn 0.6953 0.2418 -0.6768
vn 0.8051 0.5852 -0.0968
vn 0.4964 0.7314 0.4676
vn 0.3417 0.8588 0.3817
vn 0.3130 0.9144 0.2567
vn 0.2786 0.9159 -0.2891
vn 0.3387 0.8610 -0.3794
vn 0.7320 0.6718 0.1132
vn 0.1297 0.6210 0.7730
vn 0.1854 0.6207 0.7619
vn 0.0128 0.9986 -0.0521
vn 0.0801 0.6780 0.7307
vn 0.0795 0.6984 0.7113
vn 0.0155 0.9847 0.1733
vn 0.0331 0.9915 0.1259
vn 0.0050 0.9959 0.0899
vn -0.5886 0.6110 -0.5294
vn -0.1418 0.9622 -0.2324
vn -0.1396 0.9771 0.1608
vn 0.0426 0.9374 0.3455
vn 0.1526 0.5234 0.8383
vn 0.1105 0.4728 0.8742
vn 0.0700 0.7160 -0.6946
vn 0.0996 0.2832 -0.9539
vn 0.0896 0.6360 -0.7665
vn 0.1131 0.4954 -0.8613
vn 0.1275 0.6399 -0.7578
vn 0.1572 0.5195 -0.8399
vn 0.1787 0.6171 -0.7663
vn -0.0612 0.9981 -0.0097
vn -0.0051 0.9824 0.1866
vn 0.0177 0.9488 0.3155
vn 0.0720 0.9963 0.0477
vn 0.0731 0.7379 0.6710
vn 0.7242 0.6789 -0.1208
vn 0.8499 0.3925 0.3517
vn 0.4812 0.8711 0.0979
vn 0.9310 0.2837 0.2296
vn 0.1650 0.7045 0.6902
vn -0.1079 0.7503 -0.6522
vn 0.1701 0.6733 -0.7195
vn -0.1050 0.7526 0.6501
vn 0.6363 0.3787 -0.6721
vn -0.4394 0.6917 0.5732
vn 0.6433 0.4009 0.6522
vn -0.4297 0.6067 -0.6688
vn -0.4301 0.6982 0.5722
vn 0.7195 0.5304 -0.4484
vn 0.6443 0.3854 0.6606
vn -0.1090 0.7574 0.6438
vn -0.1089 0.8697 -0.4815
vn 0.1620 0.7012 0.6943
vn -0.4390 0.6861 -0.5802
vn 0.5518 0.3268 0.7673
vn 0.6373 0.4141 0.6499
vn 0.1657 0.7032 0.6914
vn -0.4500 0.6827 0.5756
vn -0.4601 0.7238 -0.5143
vn -0.1064 0.7527 0.6497
vn 0.2362 0.1501 -0.9600
vn 0.0904 0.4125 0.9065
vn 0.6387 0.7404 0.2092
vn 0.6659 0.7340 -0.1337
vn 0.6784 0.7328 0.0522
vn 0.2188 0.9743 -0.0541
vn 0.0233 0.9997 -0.0027
vn 0.1633 0.9823 -0.0920
vn 0.2285 0.9736 0.0017
vn -0.0186 0.9993 -0.0334
vn 0.0060 1.0000 0.0027
vn -0.0177 0.9997 -0.0190
vn 0.0618 0.9980 0.0090
vn 0.0055 0.9824 -0.1865
vn 0.0116 0.9999 -0.0004
vn -0.0229 0.9997 0.0063
vn -0.0177 0.9488 -0.3155
vn -0.0412 0.9991 -0.0122
vn -0.0720 0.9963 -0.0477
vn -0.0731 0.7379 -0.6709
vn -0.1296 0.9907 0.0415
vn -0.0041 1.0000 -0.0044
vn 0.0082 0.9989 -0.0469
vn 0.0052 0.9996 -0.0269
vn 0.0081 0.9992 0.0399
vn 0.0006 0.9997 0.0233
vn 0.0042 0.9999 -0.0139
vn -0.4764 0.8791 0.0146
vn -0.3398 0.9071 -0.2486
vn -0.4194 0.8509 -0.3164
vn -0.3893 0.8496 0.3559
vn -0.3629 0.9047 0.2232
vn -0.4494 0.8539 0.2624
vn -0.4885 0.8595 0.1505
vn -0.9991 0.0241 0.0350
vn -0.6959 0.2379 0.6776
vn -0.8051 0.5851 0.0973
vn -0.9289 0.3133 -0.1977
vn -0.9850 0.1619 -0.0596
vn -0.9413 0.3254 0.0900
vn -0.8170 0.2812 -0.5034
vn -0.5560 0.7288 -0.3997
vn -0.6153 0.7391 -0.2740
vn -0.6866 0.2846 -0.6691
vn -0.9995 -0.0195 -0.0239
vn -0.8040 0.5870 -0.0948
vn -0.2786 0.9159 0.2891
vn -0.3384 0.8609 0.3799
vn -0.3429 0.8575 -0.3836
vn -0.4919 0.7300 -0.4745
vn -0.3135 0.9142 -0.2569
vn -0.0221 0.9988 0.0431
vn 0.0115 0.9999 -0.0099
vn -0.0130 0.9986 0.0519
vn 0.1683 0.9536 -0.2495
vn -0.1801 0.6136 -0.7688
vn -0.1265 0.6281 -0.7678
vn -0.0802 0.6871 -0.7222
vn -0.0806 0.6886 -0.7207
vn -0.0743 0.7137 0.6965
vn -0.0042 0.9965 0.0837
vn -0.0147 0.9836 0.1799
vn 0.5581 0.5923 -0.5811
vn 0.1147 0.9858 -0.1227
vn 0.1475 0.9754 0.1637
vn -0.1889 0.5882 0.7864
vn 0.0392 0.9982 0.0456
vn -0.1566 0.5218 0.8386
vn -0.1275 0.6399 0.7578
vn -0.1131 0.4954 0.8613
vn -0.0896 0.6360 0.7665
vn -0.0962 0.2866 0.9532
vn -0.0706 0.7146 0.6959
vn -0.0904 0.4082 -0.9084
vn -0.1105 0.4736 -0.8738
vn -0.1532 0.5209 -0.8398
vn -0.0405 0.9444 -0.3262
vn -0.0048 0.9739 0.2270
vn -0.0588 0.8942 0.4437
vn -0.0355 0.9387 0.3429
vn -0.0321 0.9428 0.3318
vn -0.0578 0.9028 0.4262
vn -0.8531 0.3942 -0.3418
vn -0.4898 0.8679 -0.0826
vn 0.1044 0.8055 -0.5833
vn -0.1461 0.9202 0.3632
vn -0.1534 0.8534 -0.4981
vn 0.1274 0.9876 0.0913
vn 0.4295 0.7011 0.5693
vn -0.7340 0.5504 -0.3979
vn -0.6460 0.3939 0.6539
vn 0.4984 0.3431 0.7962
vn -0.1511 0.8156 0.5585
vn -0.1602 0.7554 -0.6353
vn 0.1115 0.9343 0.3386
vn -0.1547 0.7903 0.5929
vn -0.6416 0.4065 -0.6505
vn -0.1610 0.7981 -0.5807
vn 0.4390 0.6703 -0.5984
vn 0.4423 0.6949 0.5669
vn 0.1020 0.7476 -0.6563
vn 0.4809 0.7667 -0.4253
vn 0.4503 0.6821 0.5762
vn -0.0182 0.9854 -0.1691
vn -0.0418 0.9875 -0.1522
vn -0.6660 0.7337 -0.1344
vn -0.6786 0.7328 0.0500
vn -0.7320 0.6719 -0.1125
vn -0.2495 0.9534 -0.1697
vn -0.0031 0.9997 -0.0232
vn 0.0779 0.9882 -0.1321
vn -0.0100 0.9999 -0.0115
vn 0.0465 0.9987 0.0218
vn 0.0198 0.9996 0.0211
vn 0.2270 0.9739 0.0048
vn 0.4437 0.8942 0.0588
vn 0.3430 0.9387 0.0355
vn -0.0004 0.9999 -0.0116
vn 0.0063 0.9997 0.0229
vn 0.3318 0.9428 0.0321
vn -0.0122 0.9991 0.0412
vn 0.4262 0.9028 0.0578
vn 0.6959 0.7146 0.0705
vn 0.0406 0.9907 0.1298
vn 0.0474 0.9989 -0.0055
vn 0.0033 1.0000 0.0046
vn 0.0295 0.9996 -0.0043
vn -0.0445 0.9990 -0.0057
vn -0.0269 0.9996 -0.0051
vn -0.0137 0.9999 -0.0043
vn 0.0831 0.8876 0.4531
vn -0.2489 0.9070 0.3397
vn 0.3544 0.8509 0.3877
vn 0.2235 0.9047 0.3627
vn -0.3135 0.8542 0.4148
vn 0.2678 0.8548 0.4446
vn -0.6706 0.2801 0.6869
vn -0.0239 -0.0180 0.9996
vn -0.0950 0.5865 0.8044
vn -0.0792 0.7311 0.6776
vn -0.1721 0.3141 0.9337
vn -0.2093 0.7386 0.6408
vn 0.2719 0.4639 0.8432
vn 0.0433 0.2869 0.9570
vn 0.2917 0.1036 0.9509
vn 0.0475 0.7358 0.6756
vn 0.0346 0.0253 0.9991
vn 0.6776 0.2376 0.6960
vn 0.0970 0.5849 0.8053
vn -0.4691 0.7306 0.4961
vn -0.3839 0.8576 0.3422
vn -0.2598 0.9148 0.3092
vn 0.2867 0.9152 0.2834
vn 0.3796 0.8597 0.3418
vn -0.1147 0.6669 0.7362
vn -0.7730 0.6211 0.1296
vn -0.7636 0.6205 0.1788
vn 0.0434 0.9990 0.0132
vn -0.7306 0.6781 0.0801
vn -0.7115 0.6981 0.0795
vn -0.1740 0.9846 0.0155
vn -0.1213 0.9921 0.0316
vn -0.0899 0.9959 0.0050
vn -0.5809 0.5927 -0.5579
vn -0.1227 0.9858 -0.1146
vn -0.3262 0.9444 0.0405
vn -0.8383 0.5234 0.1527
vn -0.8742 0.4728 0.1105
vn 0.6947 0.7159 0.0700
vn 0.9539 0.2833 0.0996
vn 0.7665 0.6360 0.0896
vn 0.8613 0.4954 0.1131
vn 0.7579 0.6398 0.1275
vn 0.8386 0.5217 0.1566
vn 0.7865 0.5880 0.1890
vn 0.0457 0.9982 -0.0393
vn 0.1639 0.9754 -0.1477
vn 0.0090 0.9980 -0.0618
vn -0.1865 0.9824 -0.0055
vn -0.3155 0.9488 0.0177
vn -0.0477 0.9963 0.0720
vn -0.6710 0.7379 0.0731
vn 0.1221 0.6789 0.7240
vn -0.3659 0.3687 0.8545
vn -0.0935 0.8727 0.4793
vn 0.0264 0.6523 0.7575
vn 0.4966 0.2694 0.8251
vn -0.4409 0.8855 0.1466
vn 0.6520 0.7505 -0.1081
vn 0.7233 0.6692 0.1704
vn -0.6444 0.7572 -0.1072
vn 0.6722 0.3786 0.6363
vn -0.5809 0.6844 -0.4406
vn -0.6493 0.4052 0.6436
vn 0.6700 0.6053 -0.4297
vn -0.5727 0.6982 -0.4295
vn 0.4485 0.5304 0.7194
vn -0.6592 0.3872 0.6446
vn -0.5192 0.8478 -0.1076
vn 0.4786 0.8713 -0.1089
vn -0.4881 0.8603 0.1470
vn 0.5815 0.6850 -0.4389
vn -0.7674 0.3268 0.5516
vn -0.6432 0.4201 0.6401
vn -0.4460 0.8826 0.1485
vn -0.5803 0.6779 -0.4515
vn 0.5144 0.7237 -0.4601
vn -0.7283 0.6763 -0.1099
vn 0.9643 0.0737 0.2543
vn -0.9065 0.4124 0.0904
vn 0.2154 0.7373 0.6403
vn 0.0523 0.9759 0.2117
vn 0.0027 0.9997 0.0222
vn 0.0905 0.9831 0.1591
vn -0.0017 0.9752 0.2212
vn 0.0285 0.9995 -0.0155
vn -0.0025 1.0000 0.0058
vn -0.0090 0.9980 0.0618
vn 0.1865 0.9824 0.0055
vn 0.0004 0.9999 0.0116
vn -0.0063 0.9997 -0.0229
vn 0.3155 0.9488 -0.0177
vn 0.0122 0.9991 -0.0412
vn 0.0477 0.9963 -0.0720
vn 0.6710 0.7379 -0.0731
vn -0.0415 0.9907 -0.1296
vn 0.0044 1.0000 -0.0041
vn 0.0469 0.9989 0.0082
vn 0.0269 0.9996 0.0052
vn -0.0399 0.9992 0.0081
vn -0.0234 0.9997 0.0006
vn 0.0140 0.9999 0.0043
vn -0.0208 0.9097 -0.4148
vn 0.2493 0.9068 -0.3399
vn 0.3123 0.8555 -0.4130
vn -0.3563 0.8492 -0.3897
vn -0.2232 0.9047 -0.3629
vn -0.2625 0.8538 -0.4496
vn -0.1478 0.8617 -0.4854
vn -0.0343 0.0245 -0.9991
vn -0.6776 0.2379 -0.6959
vn -0.0971 0.5850 -0.8052
vn -0.2998 0.3064 -0.9034
vn -0.0532 0.1076 -0.9928
vn -0.2062 0.7413 -0.6387
vn 0.1627 0.3013 -0.9396
vn -0.0575 0.4700 -0.8808
vn 0.5341 0.2846 -0.7961
vn 0.4126 0.0855 -0.9069
vn 0.3371 0.4543 -0.8246
vn 0.6699 0.2828 -0.6865
vn 0.0239 -0.0195 -0.9995
vn 0.0950 0.5871 -0.8040
vn -0.2864 0.9151 -0.2840
vn -0.3806 0.8592 -0.3419
vn 0.3828 0.8578 -0.3431
vn 0.4755 0.7293 -0.4919
vn 0.2596 0.9149 -0.3091
vn 0.1133 0.6721 -0.7318
vn -0.0445 0.9988 -0.0218
vn 0.0098 0.9999 0.0116
vn -0.0521 0.9986 -0.0128
vn 0.2495 0.9537 0.1682
vn 0.7687 0.6137 -0.1801
vn 0.7678 0.6281 -0.1265
vn 0.7222 0.6871 -0.0802
vn 0.7207 0.6886 -0.0805
vn -0.6965 0.7137 -0.0743
vn -0.0837 0.9965 -0.0042
vn -0.1795 0.9836 -0.0148
vn 0.5810 0.5925 0.5580
vn 0.1227 0.9858 0.1147
vn -0.1637 0.9754 0.1474
vn -0.7863 0.5882 -0.1889
vn -0.0457 0.9982 0.0392
vn -0.8367 0.5249 -0.1560
vn -0.7636 0.6328 -0.1282
vn -0.8664 0.4865 -0.1124
vn -0.7645 0.6384 -0.0893
vn -0.9532 0.2866 -0.0962
vn -0.6960 0.7146 -0.0706
vn 0.9084 0.4083 -0.0904
vn 0.8737 0.4737 -0.1105
vn 0.8397 0.5209 -0.1532
vn 0.3262 0.9444 -0.0405
vn -0.2270 0.9739 -0.0048
vn -0.4437 0.8942 -0.0588
vn -0.3429 0.9387 -0.0355
vn -0.3318 0.9428 -0.0321
vn -0.4262 0.9028 -0.0578
vn 0.0979 0.8704 -0.4825
vn 0.5828 0.8059 0.1044
vn -0.3669 0.9187 -0.1463
vn 0.4897 0.8583 -0.1531
vn -0.1063 0.9863 0.1263
vn -0.5679 0.7011 0.4313
vn 0.3980 0.5504 -0.7339
vn -0.6538 0.3938 -0.6461
vn -0.7962 0.3430 0.4984
vn -0.4890 0.8598 -0.1473
vn 0.6352 0.7555 -0.1603
vn -0.3723 0.9215 0.1104
vn -0.6169 0.7714 -0.1564
vn 0.6505 0.4065 -0.6416
vn 0.5805 0.7982 -0.1610
vn 0.5984 0.6703 0.4389
vn -0.5564 0.7024 0.4438
vn 0.6563 0.7476 0.1020
vn 0.4251 0.7668 0.4810
vn -0.5719 0.6854 0.4508
vn 0.1691 0.9854 -0.0185
vn 0.1711 0.9843 -0.0422
vn -0.0630 0.7341 -0.6761
vn 0.1244 0.7389 -0.6622
vn -0.4640 0.7546 0.4640
vn 0.0926 0.9922 -0.0834
vn -0.2546 0.7515 0.6087
vn -0.0542 0.9739 -0.2205
vn -0.0926 0.9819 -0.1652
vn 0.0021 0.9736 -0.2284
vn -0.0801 0.9888 0.1257
vn -0.1695 0.9801 -0.1033
vn -0.0902 0.9956 -0.0238
vn -0.0834 0.9922 -0.0926
vn 0.4640 0.7546 0.4640
vn 0.6087 0.7515 0.2545
vn 0.1695 0.9801 0.1033
vn 0.0902 0.9956 0.0238
vn 0.0834 0.9922 0.0927
vn -0.0358 0.9992 0.0192
vn -0.0180 0.9997 0.0166
vn -0.2133 0.9756 0.0524
vn -0.1609 0.9828 0.0911
vn -0.2211 0.9753 -0.0020
vn 0.1273 0.9885 0.0810
vn -0.4640 0.7546 -0.4640
vn -0.6086 0.7515 -0.2545
vn 0.1033 0.9801 -0.1695
vn 0.0238 0.9956 -0.0902
vn -0.1033 0.9801 0.1695
vn -0.0238 0.9956 0.0902
vn -0.0926 0.9922 0.0834
vn 0.4640 0.7546 -0.4640
vn 0.2545 0.7515 -0.6087
vn 0.0192 0.9992 0.0359
vn 0.1436 0.9793 0.1427
vn 0.1425 0.9792 -0.1444
vn -0.1444 0.9792 -0.1426
vn -0.1428 0.9793 0.1437
vn -0.0385 0.9992 -0.0057
vn -0.0470 0.9989 0.0016
vn 0.3238 0.9461 0.0033
vn -0.0032 0.9999 -0.0126
vn 0.2761 0.9463 0.1681
vn -0.0065 0.9992 0.0400
vn 0.0011 0.9989 0.0470
vn 0.0033 0.9461 -0.3238
vn -0.0060 1.0000 -0.0017
vn 0.1681 0.9463 -0.2761
vn 0.0455 0.9989 0.0075
vn 0.0540 0.9985 -0.0011
vn -0.3238 0.9461 -0.0033
vn -0.0001 1.0000 0.0066
vn -0.2761 0.9463 -0.1681
vn 0.0068 0.9990 -0.0440
vn -0.0016 0.9985 -0.0540
vn -0.0033 0.9461 0.3238
vn 0.0132 0.9999 -0.0048
vn -0.1681 0.9463 0.2761
vn 0.1694 0.9456 0.2778
vn 0.2485 0.9363 0.2482
vn 0.2015 0.9589 0.1997
vn 0.3136 0.9457 0.0860
vn 0.2778 0.9456 -0.1694
vn 0.2482 0.9363 -0.2485
vn 0.1997 0.9589 -0.2015
vn 0.0860 0.9457 -0.3136
vn -0.1694 0.9456 -0.2778
vn -0.2486 0.9363 -0.2482
vn -0.2015 0.9589 -0.1997
vn -0.3135 0.9457 -0.0860
vn -0.2778 0.9456 0.1694
vn -0.2482 0.9363 0.2485
vn -0.1997 0.9589 0.2015
vn -0.0860 0.9457 0.3135
vn 0.1171 0.9721 0.2033
vn 0.2033 0.9721 -0.1171
vn -0.1171 0.9721 -0.2033
vn -0.2033 0.9721 0.1171
vn 0.5282 0.6649 0.5282
vn 0.6871 0.6672 0.2874
vn 0.2874 0.6673 0.6871
vn 0.5282 0.6649 -0.5282
vn 0.6086 0.7515 -0.2545
vn -0.2545 0.7516 -0.6086
vn -0.0000 0.6635 -0.7482
vn -0.0003 0.7575 -0.6528
vn -0.5282 0.6649 0.5282
vn -0.6086 0.7515 0.2546
vn 0.2546 0.7515 0.6086
vn -0.0000 0.6635 0.7482
vn 0.0004 0.7575 0.6528
vn -0.6871 0.6673 -0.2874
vn -0.6528 0.7575 0.0004
vn -0.7482 0.6635 -0.0000
vn -0.5282 0.6649 -0.5282
vn 0.6529 0.7575 -0.0004
vn 0.7482 0.6635 -0.0000
vn 0.4292 0.4520 0.7819
vn 0.4239 0.5869 0.6898
vn 0.4675 0.4506 0.7605
vn 0.3891 0.5881 0.7091
vn 0.2578 0.5896 0.7654
vn 0.3047 0.5874 0.7498
vn 0.2847 0.4523 0.8452
vn 0.1429 0.4533 0.8798
vn 0.0853 0.4471 0.8904
vn 0.1285 0.5877 0.7988
vn 0.1811 0.4523 0.8733
vn 0.1645 0.5879 0.7920
vn -0.2393 0.4554 0.8576
vn -0.2839 0.4554 0.8438
vn -0.2366 0.5897 0.7722
vn 0.0124 0.4495 0.8932
vn 0.0567 0.7210 0.6907
vn -0.1039 0.4511 0.8864
vn 0.1426 0.5861 0.7976
vn 0.0807 0.5864 0.8060
vn 0.1575 0.4522 0.8779
vn 0.8305 0.4542 0.3224
vn 0.8650 0.4526 0.2164
vn 0.7873 0.5831 0.2003
vn 0.7845 0.4528 0.4238
vn 0.7130 0.5837 0.3885
vn -0.1267 0.7113 -0.6914
vn 0.0806 0.5851 -0.8069
vn 0.0124 0.4510 -0.8924
vn -0.2795 0.4548 -0.8456
vn -0.2808 0.4514 -0.8470
vn -0.2556 0.5846 -0.7700
vn -0.1909 0.4555 -0.8695
vn -0.1346 0.4526 -0.8815
vn -0.1247 0.5911 -0.7969
vn -0.0157 0.4541 -0.8908
vn -0.0719 0.5862 -0.8069
vn -0.0848 0.4518 -0.8881
vn 0.0935 0.4500 -0.8881
vn 0.0908 0.5040 -0.8589
vn 0.0471 0.4489 -0.8924
vn 0.1289 0.5873 -0.7990
vn 0.1872 0.8134 0.5507
vn 0.2182 0.8109 0.5430
vn 0.1195 0.8125 0.5705
vn 0.2104 0.5894 0.7800
vn 0.0930 0.8113 0.5772
vn 0.0843 0.6327 0.7698
vn 0.0588 0.7824 0.6200
vn 0.0087 0.7378 0.6750
vn -0.0715 0.5895 0.8046
vn -0.0837 0.7046 0.7047
vn -0.2559 0.5850 0.7696
vn -0.1853 0.7788 0.5993
vn 0.5313 0.5324 0.6589
vn -0.1663 0.5868 0.7925
vn -0.5535 0.5696 0.6076
vn 0.0575 0.8105 0.5830
vn -0.1258 0.7093 0.6936
vn 0.2970 0.5855 0.7543
vn 0.2963 0.7527 0.5879
vn 0.2217 0.8118 0.5402
vn 0.5312 0.5851 0.6128
vn 0.5968 0.5833 0.5510
vn 0.7558 0.5873 0.2896
vn 0.3981 0.9144 0.0734
vn 0.3871 0.9170 -0.0964
vn 0.8069 0.5821 -0.1004
vn 0.7895 0.5813 -0.1969
vn 0.7589 0.5819 -0.2922
vn 0.7141 0.5822 -0.3886
vn 0.6614 0.5826 -0.4723
vn 0.3237 0.9172 -0.2322
vn 0.5997 0.5829 -0.5482
vn 0.5271 0.5832 -0.6181
vn 0.2970 0.5856 -0.7542
vn 0.2935 0.7652 -0.5730
vn 0.3770 0.5825 -0.7201
vn 0.2213 0.8118 -0.5403
vn 0.5315 0.5331 -0.6582
vn -0.1679 0.5869 -0.7921
vn -0.1223 0.8095 -0.5742
vn 0.0545 0.7202 -0.6916
vn -0.1847 0.7800 -0.5979
vn -0.2545 0.5864 -0.7690
vn -0.1966 0.7390 -0.6443
vn -0.1969 0.5908 -0.7825
vn -0.1251 0.8138 -0.5675
vn -0.0818 0.7643 -0.6397
vn -0.0115 0.5893 -0.8079
vn -0.0121 0.8125 -0.5828
vn 0.0685 0.6439 -0.7621
vn 0.0532 0.8148 -0.5774
vn 0.3074 0.8114 -0.4971
vn 0.2797 0.8120 -0.5123
vn 0.4228 0.5890 -0.6887
vn 0.3860 0.7811 -0.4908
vn 0.3270 0.8109 -0.4854
vn 0.4724 0.5852 -0.6591
vn 0.0405 0.8768 0.4792
vn -0.1566 0.8434 -0.5139
vn -0.1443 0.8736 -0.4647
vn 0.0198 0.8898 -0.4559
vn 0.0359 0.9256 -0.3769
vn 0.0744 0.9209 -0.3826
vn 0.0903 0.8107 -0.5785
vn 0.3013 0.8751 -0.3788
vn 0.4132 0.8106 -0.4149
vn 0.3680 0.9141 0.1700
vn 0.5705 0.7405 0.3551
vn 0.4026 0.9151 -0.0210
vn 0.3658 0.9153 -0.1689
vn 0.1971 0.9130 0.3572
vn 0.1077 0.9793 0.1713
vn 0.2590 0.8938 0.3661
vn -0.0478 0.9162 0.3978
vn -0.0383 0.9834 0.1776
vn 0.0041 0.9740 0.2266
vn -0.1137 0.9180 0.3799
vn -0.0967 0.9212 0.3769
vn -0.0491 0.9810 0.1877
vn -0.0087 0.9793 0.2022
vn -0.0480 0.9270 0.3721
vn 0.0128 0.9269 0.3750
vn 0.1325 0.9252 0.3556
vn 0.0493 0.9766 0.2094
vn 0.0519 0.9269 0.3718
vn 0.7637 0.6323 0.1303
vn 0.0481 0.9767 -0.2092
vn 0.1293 0.9241 -0.3596
vn 0.0506 0.9289 -0.3668
vn -0.0085 0.9791 -0.2030
vn -0.0483 0.9266 -0.3728
vn 0.0125 0.9273 -0.3741
vn -0.1029 0.9234 -0.3697
vn -0.0515 0.9773 -0.2056
vn -0.0929 0.9231 -0.3731
vn -0.0019 0.9194 -0.3933
vn -0.0102 0.9804 -0.1968
vn -0.0603 0.9100 -0.4103
vn 0.0179 0.9854 -0.1692
vn 0.0462 0.9676 -0.2482
vn 0.0776 0.9617 -0.2628
vn 0.1508 0.8869 -0.4367
vn 0.1129 0.9572 -0.2666
vn 0.1366 0.9831 -0.1220
vn 0.1598 0.9669 -0.1990
vn 0.2870 0.9097 -0.3002
vn 0.2482 0.9037 -0.3490
vn 0.1035 0.9815 -0.1613
vn -0.0206 0.8602 0.5095
vn -0.1074 0.8139 0.5711
vn 0.4532 0.5797 0.6772
vn 0.4545 0.5840 -0.6726
vn -0.0662 0.8626 -0.5016
vn -0.0192 0.6350 0.7723
vn -0.0083 0.9213 0.3887
vn 0.0027 0.4868 0.8735
vn -0.1046 0.4513 -0.8862
vn -0.1044 0.8415 -0.5301
vn -0.1239 0.5904 0.7975
vn -0.1187 0.4571 0.8814
vn -0.0127 0.4502 0.8928
vn 0.0729 0.4856 0.8711
vn 0.3070 0.8558 0.4164
vn 0.3276 0.8111 0.4845
vn 0.0575 0.8097 -0.5840
vn 0.1038 0.8095 -0.5779
vn 0.1506 0.8137 -0.5614
vn 0.3068 0.8118 0.4968
vn 0.2795 0.8117 0.5128
vn 0.1499 0.8846 0.4416
vn 0.1612 0.9190 0.3597
vn 0.0686 0.9238 0.3766
vn 0.0989 0.9352 0.3400
vn 0.0363 0.9251 0.3780
vn -0.1692 0.8135 0.5564
vn -0.1447 0.8728 0.4661
vn -0.1238 0.8105 0.5725
vn 0.1037 0.8099 0.5773
vn -0.5544 0.5686 -0.6078
vn 0.1862 0.8121 -0.5531
vn 0.2013 0.8921 -0.4046
vn 0.2182 0.8144 -0.5378
vn 0.2522 0.8111 -0.5278
vn 0.1997 0.9124 -0.3574
vn 0.0317 0.6682 0.7433
vn -0.4240 0.5873 0.6894
vn -0.3887 0.5883 0.7091
vn -0.4663 0.4521 0.7604
vn -0.3497 0.5870 0.7302
vn -0.3364 0.4519 0.8262
vn -0.3852 0.4506 0.8053
vn -0.0843 0.4510 0.8885
vn -0.1420 0.4516 0.8809
vn -0.1295 0.5873 0.7990
vn 0.1276 0.7117 0.6908
vn -0.0119 0.4516 0.8921
vn 0.1042 0.4492 0.8873
vn -0.0804 0.5851 0.8070
vn -0.0566 0.7216 -0.6900
vn 0.1665 0.5848 -0.7939
vn 0.1037 0.4519 -0.8860
vn 0.2185 0.5833 -0.7823
vn 0.1866 0.4508 -0.8729
vn 0.2808 0.4520 -0.8467
vn 0.2565 0.5860 -0.7686
vn 0.1398 0.4531 -0.8804
vn 0.1960 0.5904 -0.7830
vn 0.1249 0.5932 -0.7953
vn 0.0129 0.4501 -0.8929
vn 0.0843 0.4537 -0.8872
vn 0.0724 0.5887 -0.8051
vn -0.0805 0.5899 -0.8035
vn -0.0954 0.4516 -0.8871
vn -0.0447 0.4497 -0.8921
vn -0.1643 0.5895 -0.7909
vn -0.2108 0.5869 -0.7817
vn -0.1816 0.4523 -0.8732
vn -0.2844 0.4519 -0.8455
vn -0.2581 0.5881 -0.7665
vn -0.3045 0.5888 -0.7487
vn -0.4985 0.4552 -0.7378
vn -0.4664 0.4526 -0.7601
vn -0.4226 0.5889 -0.6889
vn -0.4575 0.5884 0.6667
vn -0.3076 0.8116 0.4967
vn -0.2542 0.8112 0.5266
vn -0.2186 0.8100 0.5442
vn -0.2575 0.5894 0.7657
vn -0.1506 0.8138 0.5613
vn -0.2110 0.5880 0.7809
vn -0.1863 0.8131 0.5516
vn 0.1249 0.5895 0.7981
vn 0.0710 0.5852 0.8078
vn 0.0849 0.7369 0.6707
vn 0.1848 0.7799 0.5980
vn 0.2567 0.5845 0.7697
vn 0.1962 0.7388 0.6447
vn 0.1672 0.5859 0.7930
vn -0.5324 0.5327 0.6579
vn -0.0544 0.7186 0.6933
vn 0.1224 0.8096 0.5741
vn -0.4546 0.5840 0.6725
vn -0.3762 0.5844 0.7190
vn -0.2931 0.7658 0.5724
vn -0.5998 0.5829 0.5482
vn -0.5271 0.5832 0.6181
vn -0.7141 0.5822 0.3886
vn -0.6614 0.5826 0.4723
vn -0.3237 0.9172 0.2322
vn -0.7895 0.5811 0.1972
vn -0.7589 0.5819 0.2922
vn -0.3868 0.9171 0.0964
vn -0.8065 0.5826 0.1004
vn -0.8062 0.5839 -0.0959
vn -0.3980 0.9143 -0.0755
vn -0.7884 0.5818 -0.1998
vn -0.7137 0.5821 -0.3896
vn -0.7582 0.5834 -0.2913
vn -0.3675 0.9140 -0.1718
vn -0.5314 0.5853 -0.6124
vn -0.5980 0.5821 -0.5510
vn -0.2980 0.5836 -0.7554
vn -0.3758 0.5852 -0.7186
vn -0.2166 0.8073 -0.5489
vn -0.2190 0.5857 -0.7804
vn -0.0804 0.5877 -0.8051
vn 0.5523 0.5713 -0.6070
vn 0.1255 0.7091 -0.6939
vn -0.0564 0.8115 -0.5816
vn 0.1837 0.7786 -0.6000
vn 0.1697 0.8133 -0.5566
vn 0.2518 0.5889 -0.7680
vn -0.0912 0.8122 -0.5762
vn -0.1191 0.8141 -0.5684
vn -0.1508 0.8125 -0.5631
vn -0.2511 0.8136 -0.5245
vn -0.3486 0.5880 -0.7299
vn -0.1875 0.8119 -0.5529
vn -0.2169 0.8152 -0.5371
vn -0.3293 0.8112 -0.4833
vn -0.4521 0.5910 -0.6681
vn -0.3036 0.8128 -0.4971
vn -0.3477 0.8089 -0.4741
vn -0.3795 0.8107 -0.4457
vn -0.4807 0.5867 -0.6518
vn 0.1562 0.8435 0.5138
vn 0.1443 0.8736 0.4647
vn -0.7247 0.6783 0.1211
vn -0.2626 0.8089 -0.5260
vn 0.0482 0.9266 -0.3729
vn -0.5317 0.5322 -0.6589
vn 0.1086 0.8133 -0.5716
vn 0.0171 0.8759 -0.4823
vn 0.0891 0.7222 -0.6859
vn 0.4361 0.6621 -0.6095
vn -0.0004 0.7774 -0.6290
vn -0.0200 0.8898 -0.4560
vn -0.6381 0.7399 0.2131
vn -0.3657 0.9153 0.1689
vn -0.5700 0.7415 0.3539
vn -0.1368 0.9830 0.1226
vn -0.1515 0.9667 0.2063
vn -0.2869 0.9092 0.3016
vn -0.0735 0.9209 0.3829
vn -0.0790 0.9614 0.2636
vn -0.0460 0.9674 0.2491
vn -0.0379 0.9237 0.3813
vn 0.1030 0.9234 0.3697
vn 0.0484 0.9818 0.1835
vn 0.0932 0.9230 0.3733
vn 0.0485 0.9277 0.3701
vn 0.0100 0.9786 0.2056
vn -0.0131 0.9283 0.3717
vn -0.0487 0.9769 0.2080
vn -0.1303 0.9242 0.3590
vn -0.0528 0.9274 0.3703
vn -0.7638 0.6322 -0.1299
vn -0.1345 0.9267 -0.3510
vn -0.0504 0.9757 -0.2133
vn -0.0517 0.9267 -0.3722
vn 0.0089 0.9794 -0.2016
vn -0.0133 0.9269 -0.3751
vn 0.0500 0.9809 -0.1879
vn 0.0968 0.9213 -0.3765
vn 0.0493 0.9802 -0.1918
vn 0.1031 0.9230 -0.3708
vn 0.0060 0.9781 -0.2080
vn 0.0003 0.9224 -0.3863
vn 0.0604 0.9088 -0.4129
vn -0.0347 0.9246 -0.3794
vn -0.1974 0.8973 -0.3948
vn -0.1055 0.9784 -0.1776
vn -0.2319 0.9047 -0.3575
vn -0.1123 0.9811 -0.1575
vn -0.2778 0.9033 -0.3268
vn 0.0119 0.5892 0.8079
vn -0.3053 0.5859 0.7506
vn 0.1257 0.8128 0.5689
vn 0.0725 0.8428 0.5333
vn -0.4530 0.5800 -0.6771
vn 0.1276 0.9912 0.0365
vn -0.0668 0.7383 0.6712
vn -0.6330 0.4041 0.6604
vn -0.6426 0.4089 0.6480
vn 0.1347 0.4524 0.8816
vn 0.0053 0.8140 0.5808
vn 0.0080 0.9590 0.2833
vn 0.0005 0.9214 0.3886
vn 0.0610 0.9072 0.4162
vn -0.0896 0.8105 0.5788
vn -0.1290 0.5895 -0.7974
vn -0.0562 0.8133 -0.5791
vn -0.0457 0.8445 0.5337
vn 0.0109 0.4523 0.8918
vn 0.0183 0.4998 -0.8659
vn 0.0071 0.6422 -0.7665
vn -0.3638 0.8129 0.4549
vn -0.1604 0.8773 0.4524
vn -0.1827 0.9695 -0.1631
vn -0.4219 0.8130 -0.4013
vn -0.2422 0.8844 0.3991
vn -0.2787 0.8128 0.5116
vn -0.0576 0.8097 0.5841
vn 0.5542 0.5689 0.6076
vn -0.2219 0.8116 0.5404
vn -0.1559 0.8104 -0.5648
vn -0.1029 0.8093 -0.5783
vn 0.1446 0.8729 -0.4660
vn 0.1221 0.8082 -0.5761
vn -0.0678 0.9249 -0.3741
vn -0.0990 0.9351 -0.3403
vn -0.1603 0.8703 -0.4657
vn -0.0785 0.5881 0.8050
vn -0.7662 0.5886 0.2578
vn -0.8262 0.4524 0.3357
vn -0.8460 0.4508 0.2846
vn -0.8610 0.4523 0.2328
vn -0.7981 0.5888 0.1279
vn -0.8800 0.4532 0.1421
vn -0.8042 0.5892 0.0782
vn -0.8064 0.5865 -0.0765
vn -0.8925 0.4509 -0.0107
vn -0.8885 0.4516 -0.0817
vn -0.8591 0.4532 -0.2379
vn -0.8440 0.4548 -0.2843
vn -0.7751 0.5871 -0.2335
vn -0.7705 0.5836 -0.2564
vn -0.6909 0.7208 0.0553
vn -0.8718 0.4538 -0.1841
vn -0.8851 0.4532 -0.1058
vn -0.8932 0.4495 0.0124
vn -0.7976 0.5861 0.1426
vn -0.8060 0.5864 0.0807
vn -0.8779 0.4522 0.1575
vn 0.8863 0.4511 -0.1044
vn 0.6911 0.7116 -0.1265
vn 0.8922 0.4515 0.0130
vn 0.8695 0.4563 -0.1891
vn 0.8823 0.4555 -0.1188
vn 0.7988 0.5882 -0.1267
vn 0.8058 0.5878 -0.0712
vn 0.8881 0.4500 0.0936
vn 0.8589 0.5041 0.0908
vn 0.8923 0.4489 0.0471
vn 0.8002 0.5857 0.1289
vn 0.6514 0.5874 0.4802
vn 0.6703 0.5878 0.4529
vn 0.7192 0.4504 0.5290
vn 0.7600 0.4521 0.4669
vn 0.6895 0.5876 0.4235
vn 0.6130 0.4493 0.6499
vn 0.6211 0.5854 0.5211
vn 0.6850 0.4479 0.5746
vn 0.5559 0.5875 0.5880
vn -0.5338 0.7633 0.3639
vn -0.6352 0.5864 0.5027
vn -0.6681 0.5861 0.4584
vn -0.5726 0.5874 0.5719
vn -0.4136 0.8111 0.4136
vn -0.4967 0.8111 0.3089
vn -0.7084 0.5892 0.3885
vn -0.5118 0.8128 0.2782
vn -0.6894 0.5871 0.4243
vn -0.5505 0.8137 0.1864
vn -0.5407 0.8124 0.2185
vn -0.5699 0.8130 0.1194
vn -0.7798 0.5895 0.2106
vn -0.7921 0.5878 0.1643
vn -0.5785 0.8106 0.0910
vn -0.6205 0.7821 0.0579
vn -0.6800 0.7332 0.0090
vn -0.7041 0.7051 -0.0844
vn -0.6463 0.7383 -0.1929
vn -0.7928 0.5908 -0.1500
vn -0.5995 0.7788 -0.1848
vn -0.6584 0.5327 0.5317
vn -0.7933 0.5857 -0.1662
vn -0.6072 0.5704 -0.5531
vn -0.5817 0.8114 0.0563
vn -0.6937 0.7092 -0.1258
vn -0.5488 0.8075 0.2161
vn -0.7804 0.5856 0.2191
vn -0.7554 0.5836 0.2980
vn -0.7186 0.5852 0.3758
vn -0.6132 0.5845 0.5314
vn -0.5516 0.5809 0.5985
vn -0.1746 0.9144 0.3652
vn -0.4694 0.5849 0.6615
vn -0.3892 0.5809 0.7149
vn -0.2914 0.5841 0.7575
vn -0.0960 0.5846 0.8056
vn -0.0025 0.5833 0.8123
vn 0.0208 0.9148 0.4033
vn -0.0785 0.9146 0.3968
vn -0.1994 0.5810 0.7891
vn 0.1219 0.9140 0.3870
vn 0.1012 0.5846 0.8050
vn 0.1950 0.5814 0.7899
vn 0.2962 0.5833 0.7563
vn 0.3832 0.5850 0.7148
vn 0.4745 0.5828 0.6597
vn 0.2164 0.9145 0.3418
vn 0.5472 0.8093 0.2136
vn 0.7804 0.5856 0.2190
vn 0.5637 0.8105 0.1590
vn 0.7550 0.5839 0.2984
vn 0.6087 0.5694 -0.5525
vn 0.5834 0.8102 0.0576
vn 0.5946 0.7942 -0.1253
vn 0.7805 0.5855 -0.2193
vn 0.5972 0.7794 -0.1895
vn 0.7940 0.5843 -0.1679
vn 0.7685 0.5873 -0.2540
vn 0.5978 0.7818 -0.1772
vn 0.6395 0.7641 -0.0844
vn 0.8081 0.5889 -0.0114
vn 0.5828 0.8125 -0.0129
vn 0.7657 0.5895 0.2575
vn 0.5642 0.8119 0.1500
vn 0.7809 0.5880 0.2110
vn 0.5506 0.8134 0.1879
vn 0.5253 0.8123 0.2535
vn 0.5431 0.8109 0.2181
vn 0.7288 0.5894 0.3485
vn 0.4975 0.8112 0.3073
vn 0.7083 0.5893 0.3887
vn -0.4199 0.8603 0.2890
vn -0.4798 0.8764 0.0421
vn -0.5259 0.8090 0.2625
vn 0.4643 0.8833 -0.0654
vn 0.6693 0.5176 0.5330
vn 0.4851 0.8639 -0.1351
vn 0.5696 0.8124 -0.1250
vn 0.4618 0.8758 -0.1402
vn 0.4563 0.8896 0.0200
vn 0.3768 0.9256 0.0361
vn 0.3958 0.9155 0.0723
vn 0.5772 0.8149 0.0533
vn 0.5799 0.8097 0.0901
vn -0.3570 0.7390 0.5714
vn -0.3393 0.9031 0.2632
vn -0.3571 0.9127 0.1984
vn -0.1715 0.9792 0.1083
vn -0.3511 0.9027 0.2486
vn -0.3981 0.9161 -0.0477
vn -0.1779 0.9833 -0.0383
vn -0.2259 0.9741 0.0039
vn -0.3807 0.9176 -0.1144
vn -0.3720 0.9208 -0.1170
vn -0.2006 0.9783 -0.0526
vn -0.3744 0.9241 -0.0769
vn -0.2017 0.9794 -0.0089
vn -0.3559 0.9250 0.1328
vn -0.2094 0.9766 0.0493
vn -0.3724 0.9267 0.0511
vn -0.1304 0.6313 0.7645
vn 0.2053 0.9772 0.0544
vn 0.2031 0.9791 -0.0082
vn 0.3688 0.9283 -0.0478
vn 0.3754 0.9268 0.0133
vn 0.3687 0.9239 -0.1023
vn 0.2050 0.9774 -0.0516
vn 0.3751 0.9223 -0.0933
vn 0.3934 0.9194 -0.0019
vn 0.1968 0.9804 -0.0102
vn 0.4104 0.9099 -0.0603
vn 0.1692 0.9854 0.0179
vn 0.1873 0.9814 0.0411
vn 0.1952 0.9673 0.1618
vn 0.1657 0.9687 0.1848
vn 0.3513 0.9008 0.2551
vn 0.1596 0.9818 0.1033
vn -0.4567 0.8119 0.3636
vn -0.5096 0.8602 -0.0211
vn -0.5697 0.8146 -0.1089
vn -0.5162 0.8424 -0.1543
vn -0.6771 0.5800 0.4530
vn 0.5269 0.8067 0.2675
vn 0.6722 0.5844 0.4545
vn 0.5013 0.8628 -0.0656
vn -0.3874 0.9219 -0.0072
vn 0.7828 0.5904 -0.1967
vn 0.7621 0.6438 0.0685
vn 0.5170 0.8496 -0.1046
vn -0.3591 0.9188 0.1637
vn -0.3763 0.9264 0.0128
vn 0.3774 0.9234 0.0702
vn 0.3523 0.9243 0.1469
vn 0.4133 0.9007 0.1339
vn 0.3602 0.9190 0.1605
vn -0.5266 0.8110 0.2549
vn -0.3750 0.9246 0.0675
vn -0.3401 0.9352 0.0989
vn -0.4422 0.8844 0.1496
vn -0.4652 0.8736 -0.1427
vn -0.5742 0.8093 -0.1239
vn -0.5773 0.8099 0.1037
vn 0.3637 0.9094 0.2017
vn 0.5116 0.8127 0.2790
vn 0.4839 0.8124 0.3255
vn 0.4689 0.8112 0.3495
vn 0.4456 0.8126 0.3757
vn 0.4009 0.8127 0.4229
vn -0.3782 0.9250 0.0371
vn -0.4478 0.8939 0.0197
vn -0.8887 0.4509 0.0835
vn -0.8092 0.5875 -0.0104
vn 0.6920 0.7199 0.0542
vn -0.8068 0.5865 0.0715
vn -0.8921 0.4517 0.0105
vn -0.8084 0.5885 0.0118
vn -0.8890 0.4506 0.0818
vn -0.7933 0.5849 0.1689
vn -0.8585 0.4520 0.2422
vn -0.7802 0.5859 0.2190
vn -0.8726 0.4522 0.1849
vn -0.6928 0.7103 0.1250
vn -0.8866 0.4539 -0.0889
vn -0.8918 0.4521 -0.0148
vn -0.0000 0.4508 -0.8926
vn -0.1088 0.4518 -0.8854
vn -0.0020 0.5800 -0.8146
vn 0.3866 0.5817 -0.7157
vn 0.4714 0.5813 -0.6632
vn 0.4237 0.4519 -0.7850
vn 0.6029 0.4518 -0.6576
vn 0.5518 0.5818 -0.5976
vn 0.7976 0.5860 -0.1425
vn 0.8070 0.5850 -0.0804
vn 0.8779 0.4522 -0.1576
vn 0.8932 0.4496 -0.0123
vn 0.6896 0.7220 -0.0563
vn 0.8858 0.4522 0.1042
vn 0.7931 0.5856 0.1676
vn 0.7823 0.5832 0.2187
vn 0.8725 0.4522 0.1853
vn 0.8466 0.4525 0.2801
vn 0.7686 0.5861 0.2564
vn 0.8518 0.4531 0.2627
vn 0.7686 0.5871 0.2542
vn 0.7828 0.5910 0.1947
vn 0.8692 0.4552 0.1933
vn 0.8839 0.4522 0.1194
vn 0.7997 0.5866 0.1281
vn 0.8923 0.4512 0.0144
vn 0.8084 0.5846 0.0693
vn 0.8036 0.5898 -0.0798
vn 0.8867 0.4526 -0.0942
vn 0.8920 0.4499 -0.0446
vn 0.7919 0.5880 -0.1646
vn 0.7805 0.5886 -0.2107
vn 0.8733 0.4521 -0.1814
vn 0.7662 0.5887 -0.2578
vn 0.8262 0.4525 -0.3356
vn 0.8460 0.4508 -0.2846
vn -0.6894 0.5875 -0.4237
vn -0.6713 0.5877 -0.4517
vn -0.4970 0.8116 -0.3070
vn -0.7083 0.5893 -0.3887
vn -0.7479 0.5901 -0.3041
vn -0.5530 0.8122 -0.1861
vn -0.7667 0.5879 -0.2579
vn -0.5363 0.8156 -0.2173
vn -0.7799 0.5894 -0.2105
vn -0.5707 0.8122 -0.1207
vn -0.7920 0.5879 -0.1644
vn -0.5597 0.8150 -0.1501
vn -0.7982 0.5889 0.1268
vn -0.5763 0.8137 0.0762
vn -0.6433 0.7398 0.1972
vn -0.7842 0.5888 0.1959
vn -0.5660 0.8150 0.1242
vn -0.5747 0.8094 0.1208
vn -0.5982 0.7796 0.1854
vn -0.7804 0.5857 -0.2189
vn -0.5478 0.8080 -0.2168
vn -0.7554 0.5836 -0.2980
vn -0.5651 0.8101 -0.1565
vn -0.6721 0.5845 -0.4545
vn -0.7186 0.5851 -0.3758
vn -0.5250 0.8086 -0.2655
vn -0.1954 0.5807 -0.7903
vn -0.2964 0.5835 -0.7560
vn -0.1246 0.9145 -0.3850
vn 0.1929 0.5843 -0.7883
vn 0.1015 0.5845 -0.8051
vn 0.0261 0.9149 -0.4027
vn 0.2964 0.5819 -0.7573
vn 0.1905 0.9170 -0.3505
vn 0.6128 0.5849 -0.5314
vn 0.5490 0.8075 -0.2160
vn 0.7804 0.5856 -0.2191
vn 0.7550 0.5839 -0.2984
vn 0.5769 0.8101 -0.1042
vn 0.5837 0.8100 -0.0563
vn 0.6007 0.7777 0.1853
vn 0.5788 0.8102 -0.0926
vn 0.7996 0.5866 -0.1287
vn 0.5706 0.8125 -0.1198
vn 0.5518 0.8124 -0.1886
vn 0.5422 0.8115 -0.2179
vn 0.7276 0.5911 -0.3481
vn 0.5132 0.8116 -0.2792
vn 0.7096 0.5877 -0.3887
vn 0.4746 0.8100 -0.3445
vn 0.4559 0.8103 -0.3681
vn 0.6577 0.5865 -0.4726
vn -0.5135 0.8438 0.1557
vn -0.4651 0.8734 0.1446
vn -0.1208 0.6792 -0.7240
vn 0.5277 0.8077 -0.2628
vn 0.4532 0.8912 -0.0212
vn 0.1186 0.9146 -0.3865
vn -0.4366 0.8869 -0.1508
vn -0.2663 0.9573 -0.1126
vn -0.2627 0.9618 -0.0776
vn -0.3801 0.9220 -0.0739
vn -0.2467 0.9681 -0.0447
vn -0.3694 0.9237 0.1019
vn -0.1830 0.9819 0.0486
vn -0.3746 0.9225 0.0934
vn -0.3706 0.9275 0.0493
vn -0.2054 0.9786 0.0100
vn -0.3730 0.9278 -0.0126
vn -0.2104 0.9764 -0.0487
vn -0.3600 0.9238 -0.1300
vn -0.3668 0.9289 -0.0506
vn 0.1303 0.6323 -0.7637
vn 0.3559 0.9250 -0.1329
vn 0.2094 0.9766 -0.0493
vn 0.3724 0.9266 -0.0511
vn 0.2024 0.9793 0.0087
vn 0.3710 0.9274 0.0476
vn 0.3760 0.9265 -0.0133
vn 0.2005 0.9783 0.0529
vn 0.3704 0.9213 0.1182
vn 0.3748 0.9238 0.0775
vn 0.1917 0.9802 0.0494
vn 0.3716 0.9227 0.1029
vn 0.2080 0.9781 0.0060
vn 0.3868 0.9222 0.0018
vn 0.4124 0.9090 0.0604
vn 0.3798 0.9244 -0.0346
vn 0.4679 0.8719 -0.1447
vn 0.3586 0.9120 -0.1991
vn 0.1718 0.9791 -0.1088
vn 0.3530 0.9010 -0.2523
vn 0.3387 0.9028 -0.2651
vn -0.5292 0.8485 -0.0039
vn -0.6762 0.7365 0.0178
vn 0.6772 0.5799 -0.4529
vn 0.6582 0.5319 -0.5329
vn 0.5756 0.8085 0.1226
vn 0.6685 0.7388 0.0851
vn 0.5669 0.8136 0.1292
vn 0.5316 0.8440 0.0713
vn 0.5792 0.8151 0.0102
vn 0.5216 0.8148 -0.2531
vn -0.1278 0.9844 0.1211
vn -0.6715 0.7380 -0.0665
vn -0.6644 0.4001 -0.6312
vn -0.6479 0.4089 -0.6426
vn -0.8816 0.4523 0.1347
vn -0.2827 0.9592 0.0079
vn -0.3885 0.9215 -0.0001
vn -0.4169 0.9069 0.0605
vn 0.7669 0.6417 0.0085
vn 0.5791 0.8133 -0.0565
vn -0.5334 0.8446 -0.0460
vn -0.5796 0.8098 -0.0912
vn -0.8048 0.5883 -0.0782
vn -0.7994 0.5870 -0.1284
vn -0.8863 0.4512 0.1047
vn -0.6913 0.7205 -0.0541
vn 0.8659 0.4999 0.0181
vn -0.6571 0.5349 -0.5311
vn -0.5839 0.8098 -0.0575
vn -0.5779 0.8095 -0.1038
vn 0.6066 0.5711 0.5530
vn 0.3594 0.9189 -0.1624
vn 0.4862 0.8112 -0.3249
vn 0.3737 0.9250 -0.0690
vn -0.3527 0.9148 -0.1968
vn -0.5106 0.8132 -0.2793
vn -0.4024 0.8935 -0.1993
vn -0.5253 0.8130 -0.2512
vn -0.6075 0.5686 0.5546
vn 0.4667 0.8730 0.1420
vn 0.5558 0.8130 0.1735
vn 0.4976 0.8111 -0.3075
vn -0.3808 0.9239 -0.0382
vn 0.6936 0.7094 0.1250
vn 0.3462 0.0699 -0.9355
vn 0.7690 0.6176 -0.1650
vn 0.8840 0.0798 -0.4607
vn -0.3462 0.0699 0.9355
vn -0.7690 0.6176 0.1650
vn -0.8839 0.0799 0.4607
vn -0.1800 -0.9213 -0.3446
vn 0.6419 -0.7088 0.2927
vn -0.5302 -0.6688 -0.5211
vn 0.1801 -0.9213 0.3446
vn -0.6419 -0.7088 -0.2927
vn 0.5302 -0.6688 0.5211
vn 0.9355 0.0699 0.3463
vn 0.1650 0.6176 0.7690
vn 0.4607 0.0799 0.8839
vn -0.9355 0.0700 -0.3462
vn -0.1650 0.6176 -0.7690
vn -0.4607 0.0798 -0.8840
vn 0.3446 -0.9213 -0.1800
vn -0.2927 -0.7088 0.6419
vn 0.5211 -0.6688 -0.5302
vn -0.3446 -0.9213 0.1800
vn 0.2927 -0.7088 -0.6419
vn -0.5211 -0.6688 0.5302
vn -0.4157 0.8784 -0.2356
vn 0.3597 0.9175 -0.1694
vn 0.2409 0.8718 0.4265
vn 0.4212 0.8753 0.2377
vn -0.1713 0.9204 0.3514
vn -0.2038 0.8891 -0.4099
vn -0.1822 0.9279 -0.3252
vn -0.2289 0.8760 0.4246
vn 0.4307 0.8712 -0.2357
vn -0.4231 0.8766 -0.2292
vn 0.2014 0.8907 0.4075
vn 0.1878 0.9313 -0.3120
vn 0.3203 0.9283 0.1887
vn 0.2289 0.8760 -0.4246
vn 0.1728 0.9188 0.3548
vn -0.3688 0.9141 -0.1687
vn 0.5138 0.6850 0.5165
vn 0.1709 0.9209 -0.3503
vn -0.5259 0.6794 0.5117
vn 0.3688 0.9141 0.1687
vn -0.5873 0.6710 -0.4526
vn -0.1738 0.9300 -0.3240
vn 0.6570 0.6709 0.3439
vn 0.7176 0.6840 0.1310
vn -0.3293 0.6710 0.6643
vn 0.3544 0.9191 -0.1722
vn 0.1841 0.9261 0.3294
vn -0.7165 0.6688 -0.1981
vn -0.2200 0.6732 -0.7060
vn -0.4035 0.6855 -0.6060
vn -0.3544 0.9191 0.1722
vn 0.4630 0.6697 -0.5807
vn 0.2915 0.6785 -0.6743
vn 0.4099 0.8887 -0.2055
vn 0.7442 0.6668 0.0391
vn -0.2031 0.8899 0.4084
vn 0.0473 0.6630 0.7471
vn -0.4099 0.8891 0.2038
vn -0.7415 0.6696 -0.0432
vn 0.2354 0.8780 -0.4167
vn 0.0432 0.6696 -0.7415
vn 0.4306 -0.8997 0.0716
vn -0.6587 -0.7511 -0.0452
vn 0.4560 -0.8883 -0.0541
vn 0.0421 -0.8688 0.4933
vn -0.3294 -0.9261 -0.1841
vn 0.1803 -0.9005 0.3958
vn 0.0415 -0.7471 -0.6635
vn -0.0430 -0.9005 -0.4327
vn 0.3294 -0.9260 0.1842
vn -0.2100 -0.8963 -0.3905
vn 0.1003 -0.9165 -0.3873
vn -0.3503 -0.9209 0.1710
vn -0.0415 -0.7470 0.6636
vn 0.2321 -0.8902 -0.3920
vn -0.1739 -0.9300 0.3240
vn 0.3972 -0.8997 -0.1807
vn 0.4412 -0.8642 0.2417
vn 0.3998 -0.8960 -0.1932
vn -0.1702 -0.9198 -0.3535
vn 0.2875 -0.8949 0.3414
vn -0.2242 -0.8899 0.3972
vn 0.2292 -0.8766 0.4231
vn 0.3504 -0.9209 -0.1709
vn 0.1722 -0.9191 -0.3545
vn -0.4075 -0.8907 -0.2015
vn -0.3904 -0.8644 0.3168
vn 0.2022 -0.8911 -0.4063
vn -0.3179 -0.9005 -0.2966
vn -0.2292 -0.8766 -0.4231
vn 0.3405 -0.8963 -0.2839
vn 0.4307 -0.8712 0.2357
vn -0.1743 -0.9192 -0.3531
vn -0.7420 -0.6687 0.0482
vn 0.1807 -0.9306 -0.3184
vn -0.4245 -0.8760 0.2289
vn 0.1728 -0.9206 0.3503
vn 0.6577 -0.7525 0.0342
vn -0.4073 -0.8901 -0.2046
vn 0.2499 -0.8713 0.4222
vn 0.3199 -0.9287 -0.1878
vn -0.2048 -0.8880 0.4117
vn 0.4101 -0.8898 -0.2002
vn 0.0483 -0.6670 0.7435
vn -0.4218 -0.8761 0.2334
vn -0.7415 -0.6696 0.0432
vn -0.0432 -0.6696 -0.7415
vn 0.2038 -0.8891 -0.4099
vn -0.2354 -0.8780 -0.4167
vn 0.8723 -0.3988 0.2829
vn 0.7006 -0.4204 0.5765
vn 0.1333 0.6795 0.7215
vn 0.2409 -0.3996 0.8845
vn 0.3575 0.6733 0.6472
vn -0.5915 -0.4143 0.6917
vn -0.5688 -0.4024 -0.7173
vn 0.0572 0.6693 -0.7408
vn -0.0652 -0.3562 -0.9321
vn 0.2788 -0.3873 -0.8788
vn 0.7326 0.6750 -0.0874
vn 0.8854 -0.3841 -0.2619
vn 0.6452 0.6710 -0.3654
vn -0.6586 0.7511 0.0453
vn -0.1702 0.9199 0.3534
vn 0.7398 0.6698 -0.0637
vn 0.3998 0.8960 0.1931
vn 0.7398 -0.6698 0.0637
vn -0.6607 0.7495 0.0406
vn -0.6607 -0.7495 -0.0406
vn -0.1772 -0.9297 0.3228
vn 0.0553 0.7475 -0.6619
vn -0.3186 0.9297 -0.1849
vn -0.0555 -0.7475 -0.6620
vn -0.1138 0.7376 -0.6656
vn -0.0482 0.6687 0.7420
vn 0.0482 -0.6687 0.7420
vn -0.7420 0.6687 -0.0482
vn -0.4063 0.8911 0.2022
vn 0.0482 0.6687 -0.7420
vn -0.0482 -0.6687 -0.7420
vn -0.2014 0.8907 -0.4075
vn 0.1138 0.7376 0.6656
vn -0.0556 0.7474 0.6620
vn -0.3203 -0.9283 0.1887
vn -0.3609 0.9166 0.1719
vn 0.0556 -0.7474 0.6620
vn 0.5030 -0.3929 0.7698
vn -0.0934 -0.3869 0.9174
vn -0.3363 -0.3850 0.8595
vn -0.8183 -0.3872 0.4249
vn -0.7660 -0.3849 -0.5148
vn -0.3958 -0.8949 -0.2063
vn -0.8769 -0.3985 -0.2687
vn -0.3345 -0.4060 -0.8505
vn 0.5925 -0.3976 -0.7006
vn 0.7690 -0.3851 -0.5102
vn 0.9190 -0.3939 0.0194
vn 0.3576 0.6990 -0.6193
vn 0.5478 0.6990 -0.4597
vn 0.5488 0.0796 -0.8322
vn -0.5478 0.6990 0.4597
vn -0.6720 0.6990 0.2446
vn -0.9148 0.0796 0.3959
vn 0.6720 0.6990 0.2446
vn 0.5478 0.6990 0.4597
vn 0.8003 0.0796 0.5943
vn 0.7151 0.6990 -0.0000
vn 0.9951 0.0796 0.0592
vn -0.2847 0.6433 -0.7107
vn -0.0121 0.7758 0.6309
vn 0.2387 0.6433 -0.7275
vn 0.3141 0.7633 0.5646
vn 0.0245 0.6433 0.7652
vn 0.2105 0.7819 -0.5868
vn -0.4731 0.6433 0.6019
vn -0.1790 0.7849 -0.5931
vn 0.5106 0.6433 0.5705
vn -0.4882 0.7633 -0.4231
vn 0.5106 -0.6433 -0.5705
vn 0.6505 0.6433 -0.4038
vn 0.7579 -0.6433 -0.1088
vn 0.0245 -0.6433 -0.7652
vn -0.4731 -0.6433 -0.6020
vn -0.7494 -0.6433 -0.1570
vn -0.6750 0.6433 -0.3614
vn -0.6750 -0.6433 0.3614
vn -0.7494 0.6433 0.1570
vn -0.2847 -0.6433 0.7107
vn 0.2387 -0.6433 0.7275
vn 0.6505 -0.6433 0.4038
vn 0.7579 0.6433 0.1088
vn 0.3331 0.0045 -0.9429
vn 0.2739 -0.6549 -0.7043
vn -0.0891 -0.6608 -0.7452
vn 0.4335 0.6549 -0.6190
vn 0.5989 -0.0045 -0.8008
vn 0.6774 0.6578 -0.3294
vn 0.7627 -0.6415 -0.0824
vn 0.4520 -0.8653 -0.2165
vn 0.7601 0.6385 0.1205
vn 0.6515 -0.6468 0.3964
vn 0.4827 0.6361 0.6019
vn 0.3170 -0.6518 0.6890
vn -0.1601 0.8406 0.5174
vn -0.0587 -0.6594 0.7495
vn -0.7291 0.6345 -0.2565
vn -0.7179 -0.6446 -0.2630
vn -0.7314 -0.6369 0.2436
vn -0.3682 0.6382 -0.6762
vn -0.4479 -0.6508 -0.6130
vn -0.7501 -0.6419 -0.1595
vn 0.5548 -0.7827 0.2821
vn 0.6183 -0.7788 -0.1061
vn -0.4749 -0.6409 -0.6031
vn -0.5506 -0.7715 0.3188
vn -0.3205 -0.7646 0.5591
vn -0.6473 -0.7622 0.0051
vn 0.4881 -0.7618 -0.4260
vn 0.7498 -0.6490 0.1287
vn 0.0111 -0.7734 0.6338
vn 0.2254 -0.6470 0.7284
vn 0.3346 -0.7611 0.5556
vn -0.2445 -0.6501 0.7194
vn -0.7589 -0.6451 0.0894
vn 0.6746 -0.6428 -0.3630
vn -0.7101 0.6587 -0.2486
vn -0.7431 0.6464 0.1731
vn 0.2636 0.6488 -0.7138
vn 0.0231 -0.6426 -0.7659
vn -0.1447 0.6603 -0.7369
vn -0.4731 0.6433 0.6020
vn 0.1822 0.9279 -0.3252
vn 0.2355 0.8780 0.4167
vn -0.4090 0.8894 -0.2043
vn -0.1887 0.9283 -0.3203
vn 0.4167 0.8780 -0.2354
vn -0.2024 0.8901 0.4085
vn -0.7467 0.6633 0.0510
vn 0.6607 0.7495 0.0406
vn 0.2292 0.8766 0.4231
vn 0.3203 0.9283 -0.1887
vn 0.3613 0.9164 0.1725
vn 0.2022 0.8911 -0.4063
vn 0.1732 0.9196 0.3526
vn -0.4207 0.8757 0.2371
vn -0.6578 0.6736 0.3370
vn -0.5210 0.6800 0.5158
vn 0.1731 0.9175 -0.3582
vn 0.1263 0.7309 -0.6707
vn -0.0907 0.6710 0.7359
vn -0.0752 0.7422 -0.6659
vn 0.2067 0.6740 0.7092
vn -0.3575 0.9180 -0.1719
vn 0.4622 0.6711 0.5797
vn 0.6468 0.6686 0.3670
vn -0.1644 0.9159 -0.3662
vn 0.7363 0.6706 0.0903
vn -0.6639 0.7440 0.0757
vn -0.6657 0.7375 -0.1139
vn 0.7143 0.6689 -0.2058
vn -0.1734 0.9186 0.3552
vn 0.5812 0.6689 -0.4634
vn 0.3642 0.6686 -0.6483
vn -0.0415 0.7471 0.6634
vn -0.0623 0.6733 -0.7368
vn 0.3294 0.9261 0.1841
vn -0.7358 0.6699 -0.0987
vn 0.6659 0.7422 -0.0752
vn 0.6707 0.7309 0.1262
vn -0.4225 0.8758 0.2333
vn -0.7415 0.6696 0.0432
vn 0.0415 0.6702 0.7410
vn 0.7415 0.6696 -0.0432
vn 0.4099 0.8891 0.2038
vn -0.2394 0.8765 -0.4177
vn -0.0392 0.6668 -0.7442
vn 0.2049 0.8881 -0.4115
vn 0.1717 -0.9158 -0.3631
vn -0.3481 -0.8942 0.2813
vn -0.4085 -0.8997 0.1539
vn 0.3575 -0.9179 -0.1721
vn -0.2102 -0.9018 0.3775
vn -0.3614 -0.9170 -0.1686
vn 0.2496 -0.9174 0.3099
vn 0.1318 -0.8833 0.4499
vn 0.3782 -0.8998 0.2177
vn -0.1849 -0.9258 -0.3298
vn 0.4685 -0.8828 0.0333
vn -0.6636 -0.7469 0.0416
vn 0.4824 -0.8620 -0.1558
vn -0.1744 -0.9196 0.3521
vn 0.3804 -0.8699 -0.3139
vn -0.0757 -0.7440 0.6639
vn -0.0551 -0.8900 -0.4526
vn 0.0683 -0.9072 -0.4152
vn -0.4421 -0.8898 -0.1133
vn 0.6660 -0.7422 0.0751
vn -0.4577 -0.8884 0.0359
vn 0.2014 -0.8907 0.4075
vn -0.2292 -0.8766 0.4231
vn 0.4101 -0.8898 0.2002
vn -0.2015 -0.8907 -0.4075
vn 0.2348 -0.8636 -0.4461
vn -0.3545 -0.9190 0.1722
vn 0.2290 -0.8759 -0.4246
vn -0.2394 -0.8644 -0.4421
vn 0.3689 -0.9140 0.1687
vn -0.3450 -0.9186 -0.1928
vn -0.4370 -0.8658 0.2437
vn 0.1623 -0.9216 0.3527
vn -0.4117 -0.8880 -0.2048
vn 0.1732 -0.9196 -0.3526
vn -0.1719 -0.9166 -0.3609
vn 0.4243 -0.8711 -0.2473
vn -0.6620 -0.7474 -0.0555
vn 0.7413 -0.6684 -0.0613
vn -0.1887 -0.9283 0.3203
vn 0.2024 -0.8896 0.4094
vn 0.3609 -0.9166 -0.1719
vn -0.2424 -0.8747 0.4197
vn 0.4099 -0.8891 -0.2038
vn -0.3199 -0.9287 -0.1878
vn 0.3209 -0.9278 0.1902
vn -0.4090 -0.8894 0.2043
vn 0.1822 -0.9279 0.3252
vn -0.7415 -0.6696 -0.0432
vn 0.4167 -0.8780 0.2354
vn -0.4225 -0.8758 -0.2333
vn -0.0537 -0.6717 0.7389
vn 0.7415 -0.6696 0.0432
vn -0.0593 -0.6678 -0.7420
vn -0.2456 -0.8680 -0.4315
vn 0.2021 -0.8916 -0.4052
vn 0.0912 -0.4090 0.9080
vn 0.9029 -0.4163 -0.1072
vn 0.8015 -0.4053 -0.4397
vn 0.5725 -0.4209 -0.7036
vn 0.2687 -0.3923 -0.8797
vn 0.1405 0.6854 -0.7145
vn -0.2818 -0.4143 -0.8654
vn -0.2900 0.6795 -0.6740
vn 0.6607 -0.7495 -0.0406
vn -0.0556 0.7474 -0.6620
vn -0.3607 0.9168 -0.1715
vn 0.0556 -0.7474 -0.6620
vn 0.0752 -0.7421 -0.6660
vn -0.0482 -0.6687 0.7420
vn 0.0482 0.6687 0.7420
vn -0.2014 0.8907 0.4075
vn 0.0482 -0.6687 -0.7420
vn -0.0482 0.6687 -0.7420
vn -0.2292 0.8766 -0.4231
vn -0.6620 0.7474 0.0555
vn -0.1719 0.9166 0.3609
vn 0.0556 0.7475 0.6620
vn -0.0556 -0.7474 0.6620
vn -0.3203 0.9283 0.1887
vn -0.8031 -0.3944 0.4466
vn -0.2037 -0.3980 0.8945
vn -0.0358 -0.8896 0.4553
vn 0.8925 -0.4028 0.2033
vn 0.0111 -0.3932 -0.9194
vn -0.5936 -0.3871 -0.7056
vn -0.5488 0.0796 -0.8322
vn -0.5478 0.6990 -0.4597
vn -0.3576 0.6990 -0.6193
vn 0.1242 0.6990 -0.7043
vn 0.4463 0.0796 -0.8913
vn 0.6720 0.6990 -0.2446
vn 0.9951 0.0796 -0.0592
vn 0.3576 0.6990 0.6193
vn 0.5488 0.0796 0.8322
vn -0.1242 0.6990 0.7043
vn -0.3576 0.6990 0.6193
vn -0.4463 0.0796 0.8913
vn -0.7151 0.6990 -0.0000
vn -0.9951 0.0796 0.0592
vn 0.4897 0.6444 -0.5873
vn -0.5415 0.7816 0.3097
vn 0.7101 0.6587 -0.2487
vn -0.1998 0.7795 -0.5937
vn 0.0023 0.6444 0.7647
vn 0.4745 0.6399 0.6045
vn 0.1950 0.7914 -0.5793
vn -0.3842 0.6587 0.6469
vn 0.6497 0.6523 0.3905
vn 0.4082 0.7875 0.4618
vn 0.6120 0.7840 0.1040
vn -0.6476 0.6489 -0.3994
vn -0.4936 0.7654 -0.4128
vn -0.6168 0.7838 -0.0727
vn -0.7501 0.6419 -0.1594
vn -0.7101 -0.6587 -0.2486
vn -0.7431 -0.6464 0.1731
vn 0.7437 0.6450 0.1756
vn 0.7101 -0.6587 0.2486
vn 0.7437 -0.6450 -0.1756
vn -0.6805 0.6464 0.3450
vn -0.4721 -0.6419 0.6043
vn -0.2755 -0.6537 -0.7048
vn -0.2303 0.6403 -0.7328
vn -0.1101 -0.0030 -0.9939
vn -0.3898 -0.6409 0.6613
vn -0.5153 0.6518 0.5565
vn -0.7085 -0.6457 0.2848
vn 0.0448 -0.6576 0.7520
vn -0.1291 0.6494 0.7494
vn 0.4280 -0.6495 0.6284
vn 0.6409 0.0042 0.7676
vn 0.7300 -0.6387 0.2433
vn 0.5222 0.8415 0.1385
vn 0.7163 -0.6465 -0.2624
vn 0.7626 0.6416 -0.0822
vn 0.4462 -0.6517 -0.6133
vn 0.6020 0.0044 -0.7985
vn 0.1685 -0.8555 -0.4896
vn 0.2504 0.6488 -0.7186
vn -0.0246 -0.6396 -0.7683
vn -0.3298 -0.7632 0.5557
vn -0.0133 -0.7766 0.6298
vn -0.5554 -0.7824 0.2816
vn 0.4745 -0.6399 -0.6045
vn -0.4897 -0.6444 -0.5873
vn 0.5403 -0.7758 0.3260
vn 0.5384 -0.7819 -0.3143
vn 0.2441 -0.7849 -0.5694
vn 0.0251 -0.6399 0.7680
vn -0.6027 -0.7879 -0.1263
vn -0.7492 -0.6435 0.1569
vn -0.4719 -0.6420 0.6042
vn -0.2835 -0.6428 -0.7117
vn -0.4054 -0.7788 -0.4787
vn -0.1000 -0.7618 -0.6401
vn -0.6748 -0.6435 -0.3613
vn -0.7501 0.6418 -0.1594
vn -0.3841 0.6587 0.6469
vn -0.4090 0.8894 0.2043
vn 0.3514 0.9204 0.1713
vn 0.1822 0.9279 0.3252
vn 0.2377 0.8753 -0.4212
vn -0.3252 0.9279 0.1822
vn -0.2055 0.8887 -0.4100
vn 0.3594 0.9178 -0.1685
vn -0.4246 0.8760 -0.2289
vn 0.2049 0.8895 0.4085
vn 0.1730 0.9187 -0.3551
vn -0.4075 0.8907 0.2014
vn 0.0406 0.7495 0.6607
vn 0.2485 0.8676 -0.4308
vn 0.4203 0.8763 0.2355
vn -0.2048 0.8880 -0.4118
vn 0.3294 0.9261 -0.1841
vn 0.1687 0.9141 -0.3688
vn -0.4597 0.6737 0.5786
vn 0.3666 0.9156 0.1649
vn -0.3666 0.6677 -0.6479
vn -0.3209 0.9278 -0.1902
vn 0.4788 0.6711 0.5660
vn 0.4085 0.8895 -0.2049
vn -0.2356 0.8763 0.4203
vn -0.2767 0.6798 0.6793
vn -0.0477 0.6700 0.7408
vn 0.6656 0.7376 -0.1138
vn -0.7089 0.6698 0.2212
vn 0.6639 0.7440 0.0757
vn -0.7118 0.6701 -0.2104
vn -0.7333 0.6798 -0.0094
vn 0.1722 0.9191 0.3544
vn -0.5860 0.6677 -0.4591
vn -0.0757 0.7440 0.6639
vn -0.0978 0.6703 -0.7356
vn -0.3552 0.9186 0.1734
vn 0.5620 0.6706 -0.4841
vn 0.3441 0.6722 -0.6556
vn 0.7088 0.6684 -0.2254
vn -0.1680 0.9207 0.3524
vn -0.1838 0.9263 -0.3288
vn 0.6551 0.6742 0.3409
vn 0.7411 0.6684 0.0630
vn 0.4100 0.8886 -0.2055
vn 0.2456 0.8680 0.4315
vn 0.0593 0.6677 0.7421
vn -0.4225 0.8758 -0.2333
vn 0.0391 0.6669 -0.7441
vn 0.7442 0.6669 0.0391
vn -0.2021 0.8916 0.4052
vn -0.4363 -0.8985 0.0488
vn 0.6636 -0.7469 0.0415
vn 0.1842 -0.9260 -0.3294
vn -0.3960 -0.9084 -0.1338
vn -0.3171 -0.9170 -0.2420
vn 0.1711 -0.9209 0.3504
vn 0.1510 -0.8825 -0.4453
vn -0.0416 -0.7471 0.6635
vn 0.0142 -0.9072 -0.4205
vn 0.2802 -0.8942 -0.3490
vn -0.3521 -0.9196 0.1744
vn 0.4235 -0.9028 -0.0748
vn -0.1739 -0.9299 0.3240
vn 0.4510 -0.8903 0.0633
vn 0.4039 -0.8908 0.2081
vn 0.3183 -0.8997 0.2987
vn -0.1741 -0.9182 -0.3558
vn -0.3305 -0.8987 0.2883
vn 0.1847 -0.9296 -0.3189
vn 0.2002 -0.8898 0.4101
vn -0.4063 -0.8911 -0.2022
vn -0.3496 -0.9177 0.1887
vn -0.4231 -0.8766 0.2292
vn 0.3635 -0.9057 -0.2183
vn -0.2028 -0.8887 -0.4112
vn 0.3203 -0.9283 -0.1887
vn 0.6630 -0.7469 0.0503
vn 0.1729 -0.9191 0.3541
vn -0.3531 -0.9192 0.1743
vn -0.4225 -0.8758 0.2333
vn 0.4282 -0.8694 0.2466
vn -0.2002 -0.8898 -0.4101
vn -0.2049 -0.8881 0.4115
vn -0.3613 -0.9164 -0.1725
vn -0.4081 -0.8897 -0.2047
vn 0.0593 -0.6677 -0.7420
vn 0.2466 -0.8694 -0.4282
vn 0.7420 -0.6677 0.0593
vn 0.0392 -0.6669 0.7442
vn -0.8171 -0.3922 0.4225
vn -0.6006 0.6791 0.4220
vn -0.9301 -0.3611 0.0678
vn 0.8323 -0.3774 -0.4059
vn 0.9253 -0.3729 -0.0684
vn 0.8796 -0.3916 0.2701
vn 0.0555 0.7474 -0.6620
vn -0.0555 -0.7474 -0.6620
vn 0.6615 0.7489 -0.0385
vn 0.3264 -0.9283 0.1781
vn 0.3228 -0.9297 0.1772
vn -0.0406 -0.7495 0.6607
vn -0.5918 -0.3968 0.7017
vn -0.2273 -0.8863 0.4036
vn -0.3427 -0.3889 0.8552
vn -0.1415 -0.8645 -0.4822
vn -0.4193 -0.3886 -0.8204
vn -0.0923 -0.3900 -0.9162
vn 0.1711 -0.3894 -0.9050
vn 0.4441 -0.4085 -0.7974
vn 0.6550 -0.3960 -0.6435
vn 0.7527 -0.3883 0.5316
vn 0.2538 -0.4163 0.8731
vn 0.2324 -0.8642 0.4462
vn 0.5632 -0.3919 0.7275
vn -0.0855 -0.3935 0.9154
vn 0.0463 -0.8641 0.5012
vn 0.4597 0.6990 0.5478
vn 0.2446 0.6990 0.6720
vn 0.3959 0.0796 0.9148
vn 0.6193 0.6990 -0.3576
vn 0.7043 0.6990 -0.1242
vn 0.8913 0.0796 -0.4463
vn 0.2446 0.6990 -0.6720
vn 0.4597 0.6990 -0.5478
vn 0.5943 0.0796 -0.8003
vn -0.4597 0.6990 -0.5478
vn -0.2446 0.6990 -0.6720
vn -0.3959 0.0796 -0.9148
vn -0.6193 0.6990 -0.3576
vn -0.8322 0.0796 -0.5488
vn -0.6193 0.6990 0.3576
vn -0.7043 0.6990 0.1242
vn -0.8913 0.0796 0.4463
vn -0.2446 0.6990 0.6720
vn -0.4596 0.6990 0.5478
vn -0.5943 0.0796 0.8003
vn -0.0000 0.6990 0.7151
vn -0.0592 0.0796 0.9951
vn 0.4168 0.6464 0.6390
vn -0.1111 0.7819 -0.6135
vn 0.0092 0.6587 0.7523
vn 0.7293 0.6419 0.2369
vn -0.4516 0.7849 -0.4242
vn -0.4177 0.6446 -0.6404
vn 0.0880 0.7903 0.6064
vn -0.0121 0.6586 -0.7524
vn -0.7276 0.6426 -0.2403
vn 0.4557 0.7911 0.4080
vn -0.7110 0.6419 0.2873
vn 0.6114 0.7911 0.0196
vn 0.4962 0.7849 -0.3711
vn -0.3838 0.6447 0.6611
vn 0.2306 0.7633 -0.6035
vn -0.5885 0.7788 0.2173
vn -0.7657 0.6428 0.0230
vn -0.6357 0.7618 -0.1249
vn -0.3233 0.7886 0.5231
vn -0.5850 0.6490 0.4864
vn 0.5570 -0.6464 0.5215
vn 0.1067 -0.6419 0.7594
vn 0.7393 -0.6587 0.1397
vn -0.7580 -0.6522 -0.0134
vn -0.6430 -0.6603 -0.3880
vn -0.6561 -0.6587 0.3682
vn 0.6223 0.6489 0.4378
vn 0.4254 -0.6524 0.6272
vn 0.6701 -0.6603 0.3392
vn 0.2852 0.6524 0.7022
vn 0.0183 -0.6489 0.7606
vn -0.7553 0.6551 -0.0166
vn -0.7167 -0.6461 -0.2627
vn -0.7303 -0.6380 0.2440
vn 0.4177 -0.6446 -0.6404
vn -0.1111 -0.7819 0.6134
vn 0.0121 -0.6587 -0.7523
vn 0.7276 -0.6426 -0.2403
vn -0.4516 -0.7849 0.4242
vn -0.4168 -0.6464 0.6390
vn 0.0880 -0.7903 -0.6064
vn -0.0092 -0.6587 0.7523
vn -0.7293 -0.6419 0.2369
vn 0.4557 -0.7911 -0.4080
vn -0.7132 -0.6399 -0.2862
vn 0.6114 -0.7911 -0.0196
vn 0.4962 -0.7849 0.3711
vn -0.3851 -0.6454 -0.6597
vn 0.2306 -0.7633 0.6035
vn -0.5885 -0.7788 -0.2173
vn -0.7657 -0.6428 -0.0230
vn -0.6357 -0.7618 0.1249
vn -0.3233 -0.7886 -0.5231
vn -0.5850 -0.6490 -0.4863
vn 0.7580 0.6521 -0.0134
vn 0.6430 0.6603 -0.3880
vn 0.6561 0.6587 0.3682
vn 0.7110 -0.6419 0.2873
vn -0.5569 0.6464 0.5215
vn -0.1067 0.6419 0.7594
vn -0.7393 0.6587 0.1397
vn 0.2420 0.8733 -0.4229
vn 0.1991 0.8959 0.3971
vn -0.3525 0.9206 -0.1682
vn 0.4225 0.8758 -0.2333
vn -0.2407 0.8711 0.4280
vn -0.0342 0.7525 0.6577
vn 0.3151 0.9329 0.1743
vn -0.4245 0.8760 0.2289
vn -0.7419 0.6690 0.0451
vn 0.3106 0.9322 -0.1855
vn -0.0637 0.6698 0.7398
vn -0.0536 0.7512 -0.6578
vn -0.2344 0.8700 0.4338
vn 0.4246 0.8760 -0.2289
vn -0.1732 0.9196 -0.3526
vn -0.6607 0.7495 -0.0406
vn 0.7420 0.6687 -0.0482
vn -0.1822 0.9279 0.3252
vn -0.3499 0.9207 0.1725
vn -0.7022 0.6713 -0.2372
vn 0.6586 0.7511 0.0453
vn 0.1718 0.9190 0.3549
vn -0.4730 0.6715 0.5704
vn 0.3607 0.9175 -0.1679
vn 0.1805 0.9276 -0.3269
vn -0.2313 0.6681 0.7072
vn 0.1262 0.7309 -0.6707
vn 0.7078 0.6715 0.2195
vn -0.6586 0.7511 -0.0453
vn -0.1718 0.9190 -0.3548
vn 0.7416 0.6686 -0.0545
vn -0.1838 0.9263 0.3288
vn -0.3614 0.9171 0.1683
vn 0.2223 0.6737 -0.7048
vn -0.1263 0.7309 0.6707
vn 0.4090 -0.8894 -0.2043
vn 0.2420 -0.8733 0.4229
vn 0.0603 0.6714 -0.7386
vn -0.0603 0.6714 0.7386
vn 0.4090 0.8894 0.2043
vn -0.1967 0.8929 -0.4050
vn -0.3284 -0.8998 -0.2874
vn 0.1839 -0.9263 0.3289
vn -0.4395 -0.8897 -0.1240
vn -0.2762 -0.9004 0.3360
vn 0.3526 -0.9216 -0.1624
vn -0.1274 -0.9158 0.3810
vn 0.0127 -0.9026 0.4302
vn -0.1838 -0.9263 -0.3288
vn 0.5058 -0.8617 0.0400
vn 0.3959 -0.9005 0.1800
vn -0.6588 -0.7510 0.0453
vn 0.4254 -0.8964 -0.1243
vn -0.1720 -0.9190 0.3548
vn 0.3709 -0.8997 -0.2301
vn 0.1330 -0.8949 -0.4260
vn -0.0752 -0.7421 0.6660
vn -0.0422 -0.9005 -0.4328
vn 0.3614 -0.9171 0.1684
vn 0.2292 -0.8766 -0.4231
vn -0.1802 -0.9156 -0.3595
vn -0.4058 -0.8916 0.2008
vn 0.1669 -0.9210 -0.3520
vn -0.4260 -0.8733 -0.2363
vn -0.3953 -0.8948 0.2073
vn 0.2344 -0.8700 0.4338
vn -0.3608 -0.9174 -0.1680
vn -0.1932 -0.8960 0.3998
vn 0.2333 -0.8779 0.4181
vn 0.3414 -0.8943 0.2892
vn 0.4246 -0.8760 0.2289
vn 0.3252 -0.8562 -0.4015
vn -0.3575 -0.9179 0.1720
vn -0.7392 -0.6710 -0.0586
vn -0.1822 -0.9279 -0.3252
vn 0.4063 -0.8911 -0.2022
vn 0.7420 -0.6687 0.0482
vn -0.6607 -0.7495 0.0406
vn 0.3106 -0.9322 0.1855
vn 0.1991 -0.8959 -0.3971
vn 0.3151 -0.9329 -0.1743
vn -0.3499 -0.9208 -0.1725
vn -0.1967 -0.8929 0.4050
vn 0.4225 -0.8758 0.2333
vn -0.2407 -0.8711 -0.4280
vn -0.0603 -0.6715 -0.7386
vn -0.9088 -0.4106 -0.0743
vn -0.7333 0.6798 0.0094
vn 0.7043 -0.3843 -0.5969
vn 0.4797 0.6694 -0.5673
vn 0.6623 0.6710 -0.3335
vn 0.4303 -0.4189 -0.7996
vn 0.0752 0.7422 0.6659
vn 0.2014 0.8907 -0.4075
vn 0.6588 -0.7509 -0.0453
vn -0.4005 0.8942 -0.1999
vn 0.1931 0.8960 0.3998
vn 0.0637 -0.6698 0.7398
vn 0.4063 0.8911 0.2022
vn 0.0603 -0.6714 0.7386
vn -0.8375 -0.3980 -0.3743
vn -0.8673 -0.4216 0.2647
vn -0.5136 -0.8564 0.0522
vn 0.3333 -0.3945 0.8563
vn 0.5868 -0.4137 0.6961
vn 0.8853 -0.3999 0.2375
vn 0.9053 -0.4129 -0.0998
vn 0.8515 -0.3851 -0.3559
vn 0.8322 0.0796 -0.5488
vn 0.8913 0.0796 0.4463
vn 0.7043 0.6990 0.1242
vn 0.6193 0.6990 0.3576
vn 0.0592 0.0796 0.9951
vn -0.4597 0.6990 0.5478
vn -0.8322 0.0796 0.5488
vn -0.8913 0.0796 -0.4463
vn -0.7043 0.6990 -0.1242
vn -0.0592 0.0796 -0.9951
vn -0.0000 0.6990 -0.7151
vn -0.2887 0.7911 0.5393
vn 0.4928 0.6587 -0.5686
vn 0.1463 0.6496 -0.7461
vn -0.3227 0.7911 -0.5197
vn 0.0916 0.6446 0.7590
vn 0.4744 0.6586 0.5841
vn 0.0868 0.7911 -0.6055
vn -0.4029 0.6426 0.6517
vn 0.4557 0.7911 -0.4080
vn -0.7150 0.6480 0.2624
vn 0.6114 0.7911 -0.0196
vn -0.7372 0.6606 -0.1418
vn -0.2431 0.6603 -0.7106
vn 0.1255 0.7911 0.5987
vn -0.5720 -0.6522 0.4975
vn -0.2431 -0.6603 0.7106
vn -0.7373 -0.6606 0.1418
vn -0.5720 0.6522 -0.4975
vn -0.4029 -0.6426 -0.6517
vn -0.7150 -0.6480 -0.2625
vn 0.5220 -0.8336 -0.1808
vn 0.6640 0.0050 -0.7478
vn 0.7632 -0.6462 0.0069
vn 0.2355 -0.6529 -0.7199
vn 0.0351 0.8356 -0.5483
vn 0.5496 -0.0029 -0.8354
vn -0.2840 -0.6500 0.7049
vn -0.4927 0.6386 0.5912
vn -0.6015 -0.6573 0.4541
vn 0.2043 -0.6380 0.7425
vn 0.1386 0.0048 0.9903
vn 0.7541 0.6482 0.1058
vn 0.6162 -0.6457 0.4510
vn 0.4744 -0.6587 -0.5841
vn -0.3227 -0.7911 0.5197
vn 0.0917 -0.6446 -0.7590
vn 0.0869 -0.7911 0.6055
vn 0.4557 -0.7911 0.4080
vn -0.7150 -0.6480 -0.2624
vn 0.6101 -0.7922 0.0170
vn -0.7372 -0.6606 0.1418
vn -0.3866 -0.6383 -0.6656
vn -0.4128 -0.7618 -0.4992
vn -0.1101 -0.7707 -0.6276
vn 0.2180 -0.7627 -0.6089
vn 0.1530 -0.6420 -0.7512
vn -0.7373 0.6606 -0.1418
vn 0.1794 0.6525 -0.7363
vn 0.2086 -0.6602 -0.7216
vn 0.0431 -0.0153 -0.9990
vn 0.7407 0.6564 -0.1433
vn 0.7407 -0.6564 0.1433
vn 0.7099 -0.6636 -0.2359
vn 0.1427 0.6564 0.7408
vn 0.0719 -0.0116 0.9973
vn 0.2450 -0.6658 0.7047
vn -0.2321 0.6654 0.7095
vn -0.3391 -0.6694 0.6611
vn -0.1225 -0.8940 0.4309
vn -0.8553 0.0113 0.5181
vn -0.5699 -0.6675 0.4792
vn -0.7407 0.6564 0.1433
vn -0.7407 -0.6564 -0.1433
vn -0.7119 -0.6653 0.2250
vn 0.0128 -0.9957 -0.0917
vn 0.0026 -0.9939 0.1105
vn 0.0193 -0.9944 0.1036
vn -0.0498 -0.9931 0.1058
vn -0.1337 -0.9906 0.0305
vn -0.1281 -0.9816 0.1413
vn -0.3161 -0.7822 0.5369
vn -0.0498 -0.9931 -0.1058
vn -0.5690 -0.7709 0.2864
vn -0.3165 -0.7821 -0.5369
vn -0.0786 -0.7333 -0.6753
vn -0.0226 -0.9937 -0.1101
vn 0.2481 -0.7706 0.5870
vn 0.5170 -0.7941 0.3195
vn -0.0226 -0.9937 0.1101
vn 0.6563 -0.7545 -0.0000
vn 0.5170 -0.7941 -0.3194
vn 0.5933 0.2839 -0.7532
vn 0.1068 -0.7474 0.6558
vn 0.4710 -0.7906 0.3912
vn -0.7880 -0.6152 -0.0229
vn -0.1681 -0.6903 0.7037
vn -0.1429 -0.9490 -0.2809
vn -0.5567 -0.8190 0.1389
vn -0.5729 -0.8196 -0.0000
vn -0.2243 -0.9745 0.0006
vn -0.2156 -0.9737 0.0739
vn -0.3878 -0.6448 -0.6587
vn -0.0849 -0.6843 -0.7242
vn -0.7472 -0.6646 -0.0000
vn 0.0477 -0.6914 -0.7209
vn -0.0845 -0.6825 0.7260
vn -0.0252 -0.9995 -0.0212
vn -0.0359 -0.9935 0.1081
vn -0.0359 -0.9935 -0.1081
vn -0.0794 -0.7316 0.6771
vn 0.0455 -0.7235 0.6888
vn -0.5690 -0.7709 -0.2864
vn 0.6560 -0.6367 -0.4053
vn 0.7467 -0.6652 -0.0000
vn 0.2949 -0.6530 -0.6976
vn -0.6555 -0.7552 -0.0000
vn 0.0432 -0.6920 0.7206
vn 0.0413 -0.7229 -0.6897
vn -0.5870 -0.7706 -0.2481
vn 0.1101 -0.9937 0.0226
vn -0.3195 -0.7941 -0.5170
vn -0.6420 -0.4226 0.6398
vn 0.0257 -0.6136 0.7892
vn 0.6942 -0.6955 0.1852
vn 0.5703 -0.7004 -0.4293
vn -0.6570 -0.7465 -0.1055
vn 0.2639 -0.9577 -0.1144
vn -0.2599 -0.9549 0.1435
vn -0.5719 -0.6995 -0.4285
vn 0.7088 -0.6863 0.1632
vn -0.6540 -0.3931 0.6463
vn 0.4167 -0.5487 0.7248
vn 0.1120 -0.9936 0.0109
vn -0.0000 -0.7545 -0.6563
vn -0.1115 -0.9937 0.0105
vn -0.1101 -0.9937 0.0226
vn 0.7242 -0.6843 0.0849
vn -0.7260 -0.6825 0.0845
vn 0.7209 -0.6914 -0.0477
vn 0.6753 -0.7333 0.0786
vn -0.1081 -0.9935 0.0359
vn -0.1058 -0.9931 0.0498
vn 0.6897 -0.7229 -0.0413
vn -0.6888 -0.7235 -0.0455
vn 0.1081 -0.9935 0.0359
vn 0.3406 -0.6528 0.6767
vn -0.0000 -0.6646 0.7472
vn 0.6587 -0.6448 0.3878
vn -0.0000 -0.6652 -0.7467
vn 0.4053 -0.6367 -0.6560
vn 0.6976 -0.6530 -0.2949
vn 0.0212 -0.9995 0.0252
vn -0.2864 -0.7709 0.5690
vn -0.0000 -0.7552 0.6555
vn -0.3406 -0.6528 0.6767
vn -0.6585 -0.6448 0.3882
vn -0.6771 -0.7316 0.0794
vn -0.2481 -0.7706 0.5870
vn 0.0226 -0.9937 -0.1101
vn -0.5170 -0.7941 0.3195
vn -0.6563 -0.7545 -0.0000
vn 0.0225 -0.9937 0.1101
vn -0.5170 -0.7941 -0.3194
vn 0.6394 -0.4232 0.6419
vn 0.7881 -0.6151 -0.0223
vn 0.1677 -0.6907 -0.7034
vn -0.1059 -0.7467 0.6567
vn -0.1141 -0.9562 -0.2697
vn -0.4290 -0.7003 -0.5705
vn 0.1431 -0.9587 0.2458
vn -0.5283 -0.8325 -0.1669
vn -0.1108 -0.9308 0.3484
vn -0.1077 -0.7461 -0.6570
vn -0.4284 -0.7024 0.5684
vn 0.6464 -0.3932 0.6539
vn 0.7259 -0.5499 -0.4130
vn 0.1418 -0.9354 -0.3239
vn 0.0359 -0.9935 -0.1081
vn 0.0794 -0.7316 0.6771
vn 0.0499 -0.9932 -0.1056
vn 0.0109 -0.9937 0.1116
vn 0.0849 -0.6843 -0.7242
vn 0.0845 -0.6825 0.7260
vn -0.0477 -0.6914 -0.7209
vn 0.6767 -0.6528 -0.3406
vn 0.7472 -0.6646 -0.0000
vn 0.3878 -0.6448 -0.6587
vn -0.7467 -0.6652 -0.0000
vn -0.6560 -0.6367 -0.4053
vn -0.2949 -0.6530 -0.6976
vn 0.0252 -0.9995 -0.0212
vn 0.5690 -0.7709 0.2864
vn 0.6555 -0.7552 -0.0000
vn 0.6767 -0.6528 0.3406
vn 0.3882 -0.6448 0.6585
vn -0.0413 -0.7229 -0.6897
vn 0.0786 -0.7333 -0.6753
vn -0.0455 -0.7235 0.6888
vn 0.0921 -0.9956 0.0168
vn -0.1105 -0.9939 0.0029
vn -0.1011 -0.9946 0.0230
vn -0.1058 -0.9931 -0.0498
vn -0.0319 -0.9902 -0.1357
vn -0.1414 -0.9816 -0.1280
vn -0.5369 -0.7822 -0.3161
vn 0.1058 -0.9931 -0.0498
vn -0.2864 -0.7709 -0.5690
vn 0.5369 -0.7821 -0.3165
vn 0.6753 -0.7333 -0.0786
vn 0.1101 -0.9937 -0.0226
vn -0.5872 -0.7708 0.2473
vn -0.3195 -0.7941 0.5170
vn 0.8560 -0.4917 -0.1594
vn -0.6478 -0.4079 -0.6434
vn -0.7063 -0.6887 -0.1641
vn 0.6424 -0.4231 -0.6390
vn -0.7036 -0.6904 -0.1680
vn 0.2898 -0.9463 -0.1431
vn 0.6540 -0.7487 0.1082
vn -0.5709 -0.7002 0.4288
vn 0.0855 -0.8491 0.5213
vn 0.2373 -0.5938 -0.7688
vn -0.6537 -0.3931 -0.6466
vn -0.7083 -0.6867 -0.1635
vn 0.6468 -0.4085 -0.6441
vn -0.0730 -0.9876 0.1386
vn -0.6558 -0.7474 0.1068
vn 0.2587 -0.8277 0.4979
vn -0.6395 -0.4268 -0.6394
vn -0.5770 -0.6816 0.4500
vn 0.4389 -0.7632 0.4741
vn 0.6506 -0.7522 0.1045
vn -0.6417 -0.7590 0.1103
vn -0.1116 -0.9937 -0.0105
vn 0.3194 -0.7941 0.5170
vn -0.1101 -0.9937 -0.0226
vn 0.0212 -0.9995 -0.0252
vn 0.1081 -0.9935 -0.0359
vn -0.6771 -0.7316 -0.0794
vn -0.6910 -0.7216 0.0423
vn 0.2864 -0.7709 -0.5690
vn 0.4053 -0.6367 0.6560
vn -0.0000 -0.6652 0.7467
vn 0.6976 -0.6530 0.2949
vn 0.7209 -0.6914 0.0477
vn -0.7221 -0.6902 0.0465
vn -0.7260 -0.6825 -0.0845
vn -0.6585 -0.6448 -0.3882
vn -0.0000 -0.6646 -0.7472
vn -0.0000 -0.7552 -0.6555
vn 0.1121 -0.9936 -0.0109
vn -0.0000 -0.7545 0.6563
vn -0.6976 -0.6530 0.2950
vn 0.6897 -0.7229 0.0413
vn -0.0633 -0.9892 -0.1320
vn -0.0006 -0.9927 -0.1209
vn -0.0743 -0.9962 -0.0449
vn 0.0733 -0.9963 -0.0455
vn 0.0453 -0.9963 -0.0731
vn -0.0739 -0.9962 0.0453
vn -0.0453 -0.9962 0.0742
vn -0.0002 -0.9926 0.1218
vn -0.0000 -1.0000 -0.0000
vn -0.4686 -0.4476 0.7617
vn -0.4701 -0.5851 0.6608
vn -0.5180 -0.4471 0.7293
vn 0.2756 -0.4474 0.8508
vn 0.2004 -0.4500 0.8703
vn 0.2502 -0.5835 0.7726
vn -0.5025 -0.4495 0.7385
vn -0.6598 -0.4498 0.6019
vn -0.4574 -0.5813 0.6730
vn -0.0187 -0.4555 -0.8900
vn -0.1435 -0.5828 -0.7999
vn -0.1608 -0.4488 -0.8790
vn 0.1057 -0.4506 -0.8865
vn 0.1258 -0.7130 -0.6897
vn -0.6514 -0.4455 -0.6142
vn -0.4804 -0.5860 -0.6525
vn -0.5303 -0.4469 -0.7204
vn 0.1309 -0.8081 0.5743
vn 0.1821 -0.8104 0.5569
vn 0.1813 -0.5823 0.7925
vn -0.7171 -0.5805 0.3857
vn -0.7890 -0.5816 0.1981
vn -0.5567 -0.8190 -0.1389
vn -0.7890 -0.5816 -0.1981
vn -0.7171 -0.5805 -0.3857
vn 0.2501 -0.5834 -0.7727
vn 0.1287 -0.8092 -0.5733
vn 0.1825 -0.5834 -0.7914
vn -0.5326 -0.5325 0.6578
vn 0.5517 -0.5691 0.6098
vn 0.0421 -0.9426 0.3312
vn 0.0057 -0.9919 0.1266
vn -0.0122 -0.9431 0.3322
vn -0.2600 -0.5885 0.7656
vn -0.1654 -0.5882 0.7916
vn -0.1865 -0.8148 0.5490
vn -0.0556 -0.8139 0.5783
vn -0.1186 -0.8146 0.5678
vn -0.0809 -0.5887 0.8043
vn 0.1645 -0.8151 0.5555
vn 0.0838 -0.8153 0.5730
vn 0.2267 -0.5874 0.7769
vn -0.3348 -0.8094 0.4825
vn -0.2209 -0.8070 0.5477
vn -0.3016 -0.5817 0.7554
vn -0.8135 -0.5816 -0.0000
vn -0.3335 -0.8089 -0.4843
vn -0.4386 -0.8152 -0.3783
vn -0.6006 -0.5804 -0.5499
vn -0.5318 -0.5349 -0.6566
vn -0.0566 -0.7189 -0.6928
vn 0.1646 -0.8153 -0.5552
vn 0.1820 -0.8104 -0.5569
vn -0.2514 -0.8145 -0.5229
vn -0.1865 -0.8148 -0.5490
vn -0.3504 -0.5882 -0.7289
vn -0.3046 -0.8137 -0.4951
vn -0.1391 -0.9848 -0.1038
vn -0.7004 -0.5098 -0.4995
vn 0.4930 -0.8247 -0.2772
vn 0.0082 -0.8148 0.5797
vn 0.0127 -0.5884 0.8085
vn 0.1213 -0.5895 0.7986
vn 0.0076 -0.8147 -0.5798
vn 0.0838 -0.8153 -0.5730
vn 0.1210 -0.5897 -0.7985
vn -0.1186 -0.8146 -0.5678
vn -0.0696 -0.9412 -0.3305
vn -0.0317 -0.9413 -0.3361
vn -0.0323 -0.9414 0.3356
vn -0.0105 -0.9937 0.1115
vn -0.0560 -0.8138 -0.5785
vn -0.1653 -0.5883 -0.7916
vn -0.6009 -0.5802 0.5498
vn 0.2034 -0.4478 -0.8707
vn -0.4685 -0.4476 -0.7617
vn -0.4241 -0.5873 -0.6894
vn -0.3874 -0.4478 -0.8058
vn -0.0696 -0.9413 0.3305
vn 0.0768 -0.9421 0.3263
vn 0.0878 -0.9384 0.3343
vn -0.0860 -0.9394 0.3318
vn -0.1013 -0.8064 0.5827
vn -0.0987 -0.8082 -0.5806
vn -0.0812 -0.9394 -0.3330
vn -0.2208 -0.8070 -0.5477
vn 0.0832 -0.9386 -0.3349
vn 0.0827 -0.9402 -0.3304
vn -0.1950 -0.9403 0.2790
vn -0.1953 -0.9401 -0.2793
vn -0.2109 -0.9359 -0.2821
vn -0.3464 -0.8125 -0.4688
vn 0.0023 -0.9131 -0.4078
vn 0.0078 -0.9417 0.3364
vn -0.5025 -0.8216 -0.2692
vn -0.2168 -0.9735 -0.0724
vn -0.1895 -0.9729 -0.1321
vn -0.1890 -0.9730 0.1326
vn -0.4392 -0.8152 0.3775
vn -0.3874 -0.4478 0.8058
vn -0.4241 -0.5873 0.6894
vn -0.2876 -0.4479 -0.8466
vn -0.1827 -0.4478 -0.8753
vn -0.2514 -0.8145 0.5229
vn -0.3045 -0.8137 0.4951
vn -0.1838 -0.9376 0.2951
vn -0.1495 -0.9394 0.3084
vn -0.1100 -0.9406 -0.3211
vn -0.1495 -0.9394 -0.3084
vn -0.1828 -0.4480 0.8751
vn -0.0872 -0.4528 0.8873
vn -0.0784 -0.5894 -0.8040
vn -0.0861 -0.4501 -0.8888
vn -0.1100 -0.9406 0.3211
vn -0.6610 -0.5850 0.4700
vn -0.7617 -0.4476 0.4686
vn -0.7293 -0.4468 0.5182
vn -0.8840 -0.4478 -0.1340
vn -0.7775 -0.5871 -0.2255
vn -0.8604 -0.4486 -0.2417
vn -0.8454 -0.4433 -0.2980
vn -0.7728 -0.5829 -0.2508
vn -0.8501 -0.4474 -0.2779
vn -0.7385 -0.4495 0.5025
vn -0.5488 -0.5812 0.6009
vn -0.6019 -0.4498 0.6598
vn 0.1981 -0.5816 0.7890
vn 0.4241 -0.4500 0.7859
vn 0.2174 -0.4500 0.8662
vn 0.7914 -0.5835 -0.1822
vn 0.8509 -0.4472 -0.2755
vn 0.8707 -0.4478 -0.2034
vn 0.7769 -0.5875 -0.2266
vn 0.8839 -0.4481 -0.1337
vn 0.8587 -0.4468 -0.2509
vn -0.6894 -0.5873 0.4241
vn -0.4753 -0.8115 0.3398
vn -0.4951 -0.8137 0.3046
vn -0.7289 -0.5882 0.3504
vn -0.5229 -0.8145 0.2514
vn -0.7656 -0.5885 0.2600
vn -0.5490 -0.8148 0.1865
vn -0.8054 -0.5877 0.0768
vn -0.7916 -0.5882 0.1654
vn -0.5787 -0.8137 0.0550
vn -0.5574 -0.8101 -0.1819
vn -0.5740 -0.8084 -0.1303
vn -0.7914 -0.5835 -0.1821
vn -0.7554 -0.5818 0.3016
vn -0.4819 -0.8115 0.3305
vn -0.6726 -0.5816 0.4575
vn -0.0000 -0.5816 0.8135
vn -0.1979 -0.5814 0.7891
vn 0.0016 -0.8193 0.5733
vn 0.7554 -0.5817 0.3016
vn 0.6733 -0.5811 0.4572
vn 0.5476 -0.8070 0.2210
vn 0.6918 -0.7113 -0.1241
vn 0.5806 -0.8082 0.0988
vn 0.6062 -0.5760 -0.5484
vn 0.6897 -0.7218 0.0582
vn 0.5734 -0.8091 -0.1287
vn 0.8085 -0.5883 -0.0131
vn 0.5719 -0.8157 -0.0869
vn 0.5798 -0.8147 -0.0076
vn 0.6894 -0.5873 0.4241
vn 0.7289 -0.5882 0.3504
vn 0.4991 -0.8116 0.3036
vn 0.5552 -0.5895 0.5867
vn 0.6524 -0.5857 0.4810
vn 0.3983 -0.8165 0.4180
vn 0.5742 -0.8165 0.0599
vn 0.3361 -0.9413 0.0317
vn 0.5674 -0.8150 0.1176
vn 0.5490 -0.8148 0.1865
vn 0.3211 -0.9406 0.1100
vn 0.5229 -0.8145 0.2514
vn -0.2859 -0.9359 0.2058
vn -0.2288 -0.9465 0.2274
vn -0.1880 -0.9740 0.1263
vn -0.8089 -0.5879 -0.0136
vn -0.5807 -0.8141 -0.0088
vn -0.6098 -0.5689 -0.5518
vn -0.5825 -0.8065 0.1015
vn -0.7999 -0.5827 0.1437
vn -0.6919 -0.7111 -0.1246
vn -0.3888 -0.8133 0.4329
vn 0.3859 -0.5809 0.7167
vn 0.1383 -0.8195 0.5562
vn 0.2701 -0.8211 0.5029
vn 0.7998 -0.5828 0.1436
vn 0.4666 -0.8122 0.3502
vn -0.5760 -0.6820 -0.4506
vn -0.4738 -0.8682 0.1478
vn -0.4141 -0.9037 -0.1087
vn -0.6478 -0.4079 0.6434
vn -0.8935 -0.4489 -0.0148
vn 0.7986 -0.5896 -0.1212
vn 0.8939 -0.4378 0.0965
vn 0.7923 -0.5877 0.1639
vn 0.8753 -0.4478 0.1826
vn -0.3356 -0.9415 0.0322
vn -0.5678 -0.8146 0.1186
vn -0.8707 -0.4478 -0.2034
vn 0.7726 -0.5836 -0.2501
vn 0.8924 -0.4510 -0.0156
vn -0.5731 -0.8152 -0.0837
vn -0.3262 -0.9422 -0.0769
vn -0.5554 -0.8150 -0.1651
vn -0.3322 -0.9431 0.0121
vn -0.6588 -0.5309 0.5330
vn -0.3315 -0.9425 -0.0426
vn -0.3332 -0.9389 0.0864
vn -0.5457 -0.8082 0.2215
vn 0.2784 -0.9410 0.1921
vn 0.3330 -0.9394 0.0812
vn 0.3192 -0.9466 -0.0448
vn 0.4082 -0.9129 -0.0007
vn 0.3020 -0.9306 0.2071
vn -0.3362 -0.9417 -0.0070
vn -0.3328 -0.9386 -0.0912
vn -0.1107 -0.9939 -0.0029
vn -0.5741 -0.6906 -0.4399
vn -0.8892 -0.4492 0.0864
vn -0.4104 -0.9055 -0.1082
vn -0.4759 -0.8669 0.1483
vn -0.6904 -0.7211 0.0581
vn 0.0692 -0.9734 0.2183
vn 0.1325 -0.9729 0.1896
vn 0.3779 -0.8163 0.4369
vn -0.1045 -0.9765 0.1885
vn -0.0253 -0.9740 0.2251
vn -0.1405 -0.8192 0.5560
vn -0.2617 -0.9159 0.3042
vn 0.4816 -0.8099 0.3349
vn -0.2011 -0.9691 0.1429
vn -0.3305 -0.9413 0.0696
vn -0.2949 -0.9379 0.1827
vn -0.1418 -0.9816 0.1279
vn 0.3305 -0.9412 0.0696
vn -0.8058 -0.4478 0.3874
vn -0.8466 -0.4479 0.2875
vn -0.8752 -0.4478 0.1828
vn 0.7656 -0.5885 0.2600
vn 0.8466 -0.4479 0.2875
vn -0.1342 -0.4481 0.8839
vn -0.2267 -0.5874 0.7769
vn -0.2507 -0.4469 0.8587
vn 0.1608 -0.4488 0.8790
vn 0.3016 -0.5817 0.7554
vn 0.3312 -0.4492 0.8298
vn 0.6598 -0.4498 0.6019
vn 0.7163 -0.5812 0.3862
vn 0.7859 -0.4500 0.4241
vn 0.7890 -0.5816 -0.1981
vn 0.7859 -0.4500 -0.4241
vn 0.8662 -0.4500 -0.2174
vn 0.6013 -0.5803 -0.5493
vn 0.5025 -0.4495 -0.7385
vn 0.6598 -0.4498 -0.6019
vn 0.1435 -0.5828 -0.7999
vn 0.0187 -0.4555 -0.8900
vn 0.1608 -0.4488 -0.8790
vn -0.1261 -0.7132 -0.6895
vn -0.1089 -0.4531 -0.8848
vn 0.0549 -0.7176 -0.6943
vn -0.2004 -0.4499 -0.8703
vn 0.4686 -0.4475 -0.7617
vn 0.4734 -0.5849 -0.6586
vn 0.5209 -0.4469 -0.7273
vn 0.4241 -0.5872 0.6894
vn 0.3373 -0.8099 0.4798
vn 0.3019 -0.8143 0.4958
vn 0.0768 -0.5877 0.8054
vn 0.1654 -0.5882 0.7916
vn 0.0552 -0.8139 0.5784
vn -0.1821 -0.8104 0.5569
vn -0.1305 -0.8081 0.5745
vn -0.1824 -0.5834 0.7914
vn 0.2186 -0.8076 0.5477
vn 0.3322 -0.8107 0.4821
vn 0.4576 -0.5816 0.6726
vn 0.5561 -0.8191 0.1408
vn 0.7890 -0.5816 0.1981
vn -0.5490 -0.5755 -0.6061
vn -0.1212 -0.5897 -0.7984
vn -0.1631 -0.8155 -0.5553
vn -0.0833 -0.8152 -0.5732
vn -0.0121 -0.5888 -0.8082
vn -0.0077 -0.8147 -0.5798
vn 0.4241 -0.5873 -0.6894
vn 0.3504 -0.5882 -0.7289
vn 0.3003 -0.8155 -0.4948
vn 0.5709 -0.5894 -0.5715
vn 0.4069 -0.8175 -0.4075
vn 0.0315 -0.9415 0.3355
vn 0.0560 -0.8138 -0.5785
vn 0.0317 -0.9413 -0.3361
vn 0.1186 -0.8146 -0.5678
vn 0.1865 -0.8148 -0.5490
vn 0.1100 -0.9406 -0.3211
vn 0.2515 -0.8145 -0.5229
vn 0.1953 -0.9333 0.3015
vn 0.2190 -0.9476 0.2327
vn 0.1221 -0.9757 0.1818
vn 0.1248 -0.9820 0.1420
vn 0.1100 -0.9406 0.3211
vn 0.0499 -0.9932 0.1056
vn 0.0359 -0.9935 0.1081
vn -0.0135 -0.5878 0.8089
vn -0.0092 -0.8142 0.5805
vn 0.4623 -0.5842 0.6671
vn 0.2600 -0.5885 0.7656
vn 0.1865 -0.8148 0.5490
vn -0.0838 -0.8153 0.5729
vn -0.1645 -0.8151 0.5555
vn -0.2502 -0.5835 0.7726
vn 0.4329 -0.8133 0.3888
vn 0.6009 -0.5812 0.5488
vn 0.7167 -0.5809 -0.3859
vn 0.5562 -0.8195 -0.1383
vn 0.5029 -0.8211 -0.2701
vn -0.2276 -0.5867 -0.7772
vn -0.1819 -0.8099 -0.5576
vn 0.3444 -0.8117 -0.4717
vn -0.0148 -0.4489 0.8935
vn -0.1213 -0.5895 0.7986
vn 0.1654 -0.5882 -0.7916
vn 0.0809 -0.5886 -0.8044
vn -0.2034 -0.4478 0.8707
vn 0.5025 -0.4495 0.7385
vn 0.8662 -0.4500 0.2174
vn 0.4572 -0.5811 -0.6733
vn -0.1812 -0.5825 -0.7924
vn 0.0872 -0.4532 -0.8871
vn 0.1828 -0.4480 -0.8751
vn -0.0141 -0.4500 -0.8929
vn -0.0768 -0.9421 0.3263
vn -0.0878 -0.9384 0.3343
vn 0.0106 -0.9432 0.3321
vn 0.0541 -0.9432 0.3279
vn 0.1034 -0.8073 0.5810
vn 0.1337 -0.9326 0.3352
vn 0.1459 -0.9699 0.1949
vn 0.2210 -0.8070 -0.5476
vn 0.1921 -0.9410 -0.2784
vn 0.0812 -0.9394 -0.3331
vn 0.2024 -0.9299 -0.3072
vn -0.0079 -0.9417 0.3364
vn -0.1279 -0.8101 -0.5721
vn -0.0870 -0.9386 -0.3340
vn 0.0696 -0.9412 -0.3305
vn -0.4399 -0.6907 0.5740
vn 0.6435 -0.4080 0.6477
vn -0.4503 -0.6816 0.5768
vn 0.0864 -0.4492 0.8892
vn 0.1452 -0.8990 0.4133
vn -0.1103 -0.9304 0.3495
vn 0.1454 -0.8978 0.4158
vn 0.2183 -0.9734 -0.0692
vn 0.1896 -0.9729 -0.1325
vn 0.4369 -0.8163 -0.3779
vn 0.1885 -0.9765 0.1045
vn 0.2251 -0.9740 0.0253
vn 0.3042 -0.9159 0.2617
vn 0.3349 -0.8099 -0.4816
vn 0.3504 -0.5882 0.7289
vn 0.3874 -0.4478 0.8058
vn 0.4686 -0.4476 0.7617
vn 0.3874 -0.4478 -0.8058
vn 0.2875 -0.4479 -0.8466
vn 0.2518 -0.8144 0.5229
vn 0.1500 -0.9395 0.3080
vn 0.1186 -0.8146 0.5678
vn 0.2600 -0.5885 -0.7656
vn 0.2875 -0.4479 0.8466
vn 0.1828 -0.4478 0.8752
vn 0.0695 -0.9412 0.3305
vn 0.1498 -0.9394 -0.3083
vn -0.8839 -0.4482 0.1335
vn -0.8601 -0.4495 0.2412
vn -0.7988 -0.5893 0.1212
vn -0.8861 -0.4513 0.1061
vn -0.8910 -0.4535 -0.0194
vn -0.6917 -0.7200 -0.0569
vn -0.8298 -0.4492 -0.3312
vn -0.7385 -0.4495 -0.5025
vn -0.7554 -0.5817 -0.3016
vn -0.0000 -0.4499 -0.8931
vn 0.2174 -0.4500 -0.8662
vn -0.0000 -0.5816 -0.8135
vn 0.8864 -0.4506 0.1062
vn 0.6916 -0.7114 0.1247
vn 0.8913 -0.4531 -0.0194
vn 0.8753 -0.4478 -0.1826
vn 0.7656 -0.5885 -0.2600
vn 0.7916 -0.5883 -0.1653
vn 0.8058 -0.4478 -0.3874
vn 0.6894 -0.5873 -0.4241
vn 0.7289 -0.5882 -0.3504
vn -0.5678 -0.8146 -0.1186
vn -0.5490 -0.8148 -0.1865
vn -0.7916 -0.5883 -0.1652
vn -0.5724 -0.8156 0.0844
vn -0.5798 -0.8147 0.0075
vn -0.5597 -0.8123 0.1644
vn -0.7770 -0.5870 0.2275
vn -0.5574 -0.8100 0.1820
vn -0.7727 -0.5830 0.2510
vn -0.1389 -0.8190 -0.5567
vn -0.3857 -0.5805 -0.7171
vn -0.1981 -0.5816 -0.7890
vn 0.5722 -0.8101 0.1279
vn 0.6563 -0.5359 -0.5311
vn 0.6921 -0.7196 -0.0570
vn 0.7985 -0.5897 0.1210
vn 0.5572 -0.8144 0.1621
vn 0.7769 -0.5875 0.2266
vn 0.5229 -0.8145 -0.2514
vn 0.3359 -0.9414 -0.0315
vn 0.5795 -0.8150 0.0084
vn 0.5788 -0.8136 -0.0554
vn 0.5678 -0.8146 -0.1186
vn 0.5490 -0.8148 -0.1865
vn 0.3305 -0.9413 -0.0696
vn -0.2696 -0.9445 -0.1875
vn -0.1664 -0.9730 -0.1597
vn -0.2556 -0.9357 -0.2430
vn -0.3358 -0.9414 -0.0324
vn -0.3267 -0.9429 0.0654
vn -0.3334 -0.9386 0.0890
vn -0.1266 -0.9919 0.0057
vn -0.3314 -0.9425 0.0424
vn -0.3319 -0.9432 -0.0122
vn 0.3192 -0.9466 0.0449
vn 0.3368 -0.9361 0.1018
vn -0.5785 -0.8138 -0.0553
vn -0.8042 -0.5887 -0.0812
vn -0.4825 -0.8094 -0.3348
vn -0.5477 -0.8070 -0.2209
vn -0.6730 -0.5813 -0.4574
vn 0.1387 -0.8191 -0.5566
vn -0.0000 -0.8196 -0.5729
vn 0.1980 -0.5815 -0.7891
vn 0.4843 -0.8089 -0.3335
vn 0.3786 -0.8151 -0.4386
vn 0.5499 -0.5804 -0.6006
vn 0.7914 -0.5835 0.1823
vn 0.4951 -0.8137 -0.3046
vn -0.8085 -0.5884 0.0127
vn -0.3361 -0.9418 0.0065
vn -0.8058 -0.4478 -0.3874
vn -0.7289 -0.5882 -0.3504
vn -0.6894 -0.5873 -0.4241
vn -0.8445 -0.4447 0.2983
vn -0.6910 -0.7119 0.1250
vn 0.3858 -0.5804 -0.7171
vn 0.4241 -0.4500 -0.7859
vn -0.5743 -0.8082 0.1304
vn -0.3318 -0.9394 -0.0860
vn -0.5826 -0.8064 -0.1015
vn 0.5805 -0.8082 -0.0987
vn 0.3330 -0.9394 -0.0812
vn 0.5477 -0.8070 -0.2208
vn 0.2949 -0.9379 -0.1827
vn -0.2790 -0.9403 -0.1950
vn 0.2793 -0.9401 -0.1952
vn 0.3337 -0.9386 0.0874
vn 0.5574 -0.8101 0.1820
vn 0.5719 -0.8157 0.0868
vn 0.4085 -0.9128 0.0007
vn 0.2850 -0.9357 -0.2081
vn 0.4737 -0.8118 -0.3415
vn 0.1325 -0.9730 -0.1888
vn 0.0740 -0.9735 -0.2162
vn -0.0739 -0.9737 -0.2156
vn -0.1326 -0.9730 -0.1890
vn -0.3775 -0.8152 -0.4392
vn -0.7617 -0.4476 -0.4686
vn 0.8466 -0.4479 -0.2875
vn -0.4951 -0.8137 -0.3045
vn -0.3084 -0.9394 -0.1495
vn -0.5229 -0.8145 -0.2514
vn 0.3211 -0.9406 -0.1100
vn -0.2951 -0.9377 -0.1836
vn 0.3084 -0.9394 -0.1495
vn -0.7656 -0.5885 -0.2600
vn 0.8886 -0.4506 -0.0861
vn -0.3305 -0.9412 -0.0696
vn -0.8466 -0.4479 -0.2875
vn -0.1081 -0.9935 -0.0359
vn -0.2601 0.1353 -0.9561
vn -0.0906 0.0312 -0.9954
vn -0.4610 0.2104 -0.8621
vn -0.0907 0.0312 0.9954
vn -0.2601 0.1353 0.9561
vn -0.4610 0.2104 0.8621
vn -0.1654 0.0870 -0.9824
vn 0.6815 -0.4039 -0.6102
vn -0.2464 0.1397 -0.9590
vn 0.6787 -0.1266 -0.7234
vn -0.1523 0.0878 -0.9844
vn 0.6649 -0.2054 -0.7182
vn -0.1266 0.0699 -0.9895
vn 0.6383 -0.2778 -0.7179
vn -0.1282 0.0486 -0.9906
vn -0.1938 0.6867 -0.7006
vn -0.5061 0.2867 -0.8134
vn -0.4391 0.2929 -0.8494
vn -0.6067 0.4181 -0.6761
vn -0.5435 0.3125 -0.7791
vn -0.7375 0.5252 -0.4246
vn -0.7593 0.4375 -0.4817
vn -0.7741 0.5510 -0.3117
vn -0.7862 0.4705 -0.4007
vn -0.8049 0.2897 -0.5178
vn -0.8160 0.3522 -0.4584
vn -0.5293 0.7820 -0.3290
vn -0.8667 0.4904 -0.0908
vn -0.8141 0.5807 0.0015
vn -0.7874 0.4661 0.4034
vn -0.8078 0.5788 0.1118
vn -0.8572 0.5149 -0.0019
vn -0.6068 0.4181 0.6760
vn -0.8007 0.4612 0.3823
vn -0.7723 0.5540 0.3108
vn -0.5435 0.3118 0.7794
vn -0.6830 0.4827 0.5483
vn -0.8160 0.3522 0.4584
vn -0.8049 0.2897 0.5178
vn -0.4221 0.2804 0.8621
vn -0.2464 0.1397 0.9590
vn -0.5183 0.2921 0.8038
vn -0.1654 0.0870 0.9824
vn -0.1937 0.6868 0.7006
vn -0.1282 0.0486 0.9905
vn -0.1264 0.0696 0.9895
vn 0.5756 0.5782 0.5782
vn -0.1531 0.0880 0.9843
vn 0.6786 -0.1270 0.7234
vn 0.6622 -0.2138 0.7182
vn 0.6381 -0.2783 0.7179
vn 0.5716 0.5794 -0.5809
vn -0.5179 -0.6625 -0.5411
vn -0.5250 0.3683 -0.7673
vn -0.1905 -0.6542 -0.7320
vn -0.6958 -0.6698 -0.2592
vn -0.7742 0.4110 -0.4814
vn -0.7096 -0.6607 0.2449
vn -0.8974 0.4247 0.1194
vn -0.7313 -0.6817 -0.0212
vn -0.5350 -0.6630 0.5237
vn -0.7731 0.4135 0.4811
vn -0.2154 -0.6536 0.7255
vn -0.5132 0.3672 0.7758
vn -0.1886 0.3222 -0.9277
vn -0.0874 0.8890 -0.4495
vn -0.0174 0.8690 -0.4945
vn -0.2302 0.9259 -0.2995
vn -0.1689 0.9080 -0.3835
vn -0.2999 0.9422 -0.1495
vn -0.2724 0.9337 -0.2323
vn 0.4504 0.8442 -0.2907
vn 0.7358 -0.0000 -0.6772
vn -0.0000 -0.0000 -1.0000
vn -0.0177 0.8703 -0.4922
vn 0.7302 -0.0000 -0.6832
vn -0.0862 0.8873 -0.4532
vn 0.7089 -0.0000 -0.7053
vn -0.1695 0.9094 -0.3799
vn 0.6968 -0.0000 -0.7173
vn -0.2295 0.9247 -0.3038
vn 0.6896 -0.0000 -0.7242
vn -0.2717 0.9350 -0.2281
vn 0.7369 -0.0000 -0.6760
vn -0.3000 0.9417 -0.1527
vn 0.8062 -0.0000 -0.5917
vn -0.3168 0.9454 -0.0765
vn 0.8536 -0.0000 -0.5209
vn -0.0000 -0.0000 -0.0000
vn -0.3182 0.9478 0.0185
vn -0.9553 -0.0000 -0.2957
vn -0.0000 -0.0000 1.0000
vn -0.3168 0.9454 0.0765
vn -0.9977 -0.0000 -0.0680
vn -0.3001 0.9416 0.1527
vn -0.9901 -0.0000 0.1402
vn -0.2716 0.9350 0.2282
vn -0.9477 -0.0000 0.3192
vn -0.2296 0.9247 0.3038
vn -0.8850 -0.0000 0.4656
vn -0.1695 0.9094 0.3799
vn -0.8156 -0.0000 0.5787
vn -0.0861 0.8873 0.4531
vn -0.7552 -0.0000 0.6555
vn -0.0176 0.8703 0.4923
vn -0.8833 -0.0000 0.4688
vn 0.0907 0.0312 -0.9954
vn 0.2601 0.1353 -0.9561
vn 0.4610 0.2104 -0.8621
vn -0.5965 -0.3578 0.7185
vn 0.0910 0.0316 0.9953
vn -0.5563 -0.4338 0.7088
vn -0.6821 -0.4030 -0.6103
vn 0.1654 0.0869 -0.9824
vn 0.2464 0.1397 -0.9590
vn 0.1523 0.0878 -0.9844
vn -0.6787 -0.1266 -0.7234
vn -0.6649 -0.2054 -0.7182
vn 0.1266 0.0699 -0.9895
vn -0.6383 -0.2778 -0.7179
vn 0.1282 0.0486 -0.9905
vn 0.1938 0.6867 -0.7006
vn 0.5061 0.2867 -0.8134
vn 0.4391 0.2929 -0.8494
vn 0.6066 0.4182 -0.6761
vn 0.5434 0.3125 -0.7791
vn 0.7313 0.5222 -0.4388
vn 0.7593 0.4375 -0.4817
vn 0.7793 0.5540 -0.2929
vn 0.7869 0.4688 -0.4013
vn 0.8161 0.3523 -0.4581
vn 0.8053 0.2897 -0.5172
vn 0.5293 0.7820 -0.3290
vn 0.8659 0.4916 -0.0921
vn 0.8118 0.5717 0.1186
vn 0.7998 0.4600 0.3856
vn 0.7207 0.5109 0.4685
vn 0.8097 0.5867 0.0136
vn 0.9624 0.2422 0.1226
vn 0.6048 0.7838 0.1411
vn 0.6269 0.7783 0.0345
vn 0.7086 0.4997 0.4982
vn 0.8184 0.2628 0.5110
vn 0.7928 0.2209 0.5680
vn 0.4948 0.7776 0.3879
vn 0.5654 0.7799 0.2687
vn 0.4339 0.2932 0.8519
vn 0.4800 0.3250 0.8149
vn 0.5326 0.3068 0.7888
vn 0.4685 0.1649 0.8679
vn 0.4609 0.2125 0.8616
vn 0.4103 0.1648 0.8970
vn 0.7976 0.2885 0.5297
vn 0.2921 0.7625 0.5772
vn 0.4075 0.7679 0.4941
vn 0.2539 0.1322 0.9582
vn 0.1421 0.0636 0.9878
vn 0.1308 0.0723 0.9888
vn 0.1397 0.0852 0.9865
vn 0.0438 0.7331 0.6787
vn 0.1617 0.7453 0.6468
vn -0.4896 -0.4996 0.7146
vn -0.3821 -0.5832 0.7169
vn -0.6636 -0.2131 0.7171
vn 0.5250 0.3683 -0.7673
vn 0.5179 -0.6625 -0.5411
vn 0.1905 -0.6542 -0.7320
vn 0.7742 0.4110 -0.4814
vn 0.6958 -0.6698 -0.2592
vn 0.7671 0.4098 0.4935
vn 0.5350 -0.6630 0.5236
vn 0.7072 -0.6670 0.2345
vn 0.5132 0.3671 0.7758
vn 0.2154 -0.6536 0.7255
vn 0.9568 -0.0000 -0.2907
vn 0.0177 0.8703 -0.4923
vn 0.8942 -0.0000 -0.4477
vn 0.0861 0.8873 -0.4531
vn 0.9489 -0.0000 -0.3156
vn 0.1695 0.9094 -0.3799
vn 0.9896 -0.0000 -0.1440
vn 0.2295 0.9247 -0.3038
vn 0.9996 -0.0000 0.0300
vn 0.2716 0.9350 -0.2281
vn 0.9798 -0.0000 0.2002
vn 0.3000 0.9416 -0.1527
vn 0.9316 -0.0000 0.3635
vn 0.3167 0.9454 -0.0765
vn 0.8558 -0.0000 0.5173
vn 0.3183 0.9478 -0.0186
vn -0.7951 -0.0000 0.6064
vn 0.3168 0.9454 0.0766
vn -0.8090 -0.0000 0.5878
vn 0.3000 0.9416 0.1526
vn -0.8128 -0.0000 0.5825
vn 0.2716 0.9350 0.2281
vn -0.8194 -0.0000 0.5732
vn 0.2295 0.9247 0.3038
vn -0.8329 -0.0000 0.5534
vn 0.1695 0.9094 0.3799
vn -0.8604 -0.0000 0.5097
vn 0.0861 0.8873 0.4531
vn -0.8718 -0.0000 0.4899
vn 0.0177 0.8702 0.4923
vn -0.8704 -0.0000 0.4923
vn -0.4504 0.8442 0.2907
vn 0.9561 0.1353 -0.2601
vn 0.9954 0.0312 -0.0907
vn 0.8621 0.2104 -0.4610
vn -0.9954 0.0312 -0.0907
vn -0.9561 0.1353 -0.2601
vn -0.8621 0.2104 -0.4610
vn 0.9824 0.0869 -0.1653
vn 0.6102 -0.4039 0.6815
vn 0.9590 0.1397 -0.2464
vn 0.7234 -0.1266 0.6787
vn 0.9844 0.0878 -0.1523
vn 0.7182 -0.2054 0.6649
vn 0.9895 0.0699 -0.1266
vn 0.7179 -0.2778 0.6383
vn 0.9905 0.0486 -0.1282
vn 0.7006 0.6867 -0.1938
vn 0.8038 0.2921 -0.5183
vn 0.8621 0.2804 -0.4221
vn 0.6760 0.4181 -0.6068
vn 0.7794 0.3118 -0.5434
vn 0.5483 0.4827 -0.6830
vn 0.3823 0.4612 -0.8007
vn 0.3108 0.5540 -0.7723
vn 0.4034 0.4661 -0.7874
vn 0.5178 0.2897 -0.8049
vn 0.4584 0.3522 -0.8160
vn 0.1118 0.5788 -0.8078
vn -0.0019 0.5149 -0.8572
vn -0.3117 0.5510 -0.7741
vn -0.0908 0.4904 -0.8667
vn 0.0015 0.5807 -0.8141
vn -0.4817 0.4375 -0.7593
vn -0.3290 0.7820 -0.5293
vn -0.6761 0.4182 -0.6067
vn -0.7791 0.3125 -0.5434
vn -0.4246 0.5252 -0.7375
vn -0.4007 0.4704 -0.7862
vn -0.4584 0.3522 -0.8160
vn -0.5178 0.2897 -0.8049
vn -0.8494 0.2929 -0.4391
vn -0.9590 0.1397 -0.2465
vn -0.8134 0.2867 -0.5061
vn -0.9824 0.0869 -0.1653
vn -0.7006 0.6868 -0.1938
vn -0.9905 0.0486 -0.1283
vn -0.9895 0.0696 -0.1264
vn -0.5782 0.5782 0.5756
vn -0.9843 0.0880 -0.1531
vn -0.7234 -0.1270 0.6786
vn -0.7182 -0.2138 0.6622
vn -0.7179 -0.2783 0.6381
vn 0.5809 0.5795 0.5716
vn 0.5411 -0.6625 -0.5179
vn 0.7673 0.3682 -0.5250
vn 0.7320 -0.6542 -0.1905
vn 0.2592 -0.6698 -0.6958
vn 0.4814 0.4110 -0.7742
vn 0.9277 0.3221 -0.1885
vn 0.4494 0.8890 -0.0873
vn 0.4944 0.8690 -0.0174
vn 0.2995 0.9259 -0.2302
vn 0.3835 0.9080 -0.1689
vn 0.1495 0.9422 -0.2999
vn 0.2323 0.9337 -0.2724
vn 0.4923 0.8703 -0.0177
vn -0.8579 -0.2580 0.4444
vn 0.4531 0.8873 -0.0861
vn -0.8498 -0.4749 0.2290
vn 0.3799 0.9094 -0.1695
vn -0.6896 -0.7239 0.0185
vn 0.3039 0.9247 -0.2295
vn -0.3475 -0.9211 -0.1758
vn 0.2281 0.9350 -0.2716
vn 0.1519 -0.9262 -0.3451
vn 0.1527 0.9416 -0.3000
vn 0.6401 -0.5987 -0.4815
vn 0.0765 0.9454 -0.3168
vn 0.7965 -0.1578 -0.5837
vn 0.0186 0.9478 -0.3182
vn 0.7827 -0.0000 -0.6224
vn -0.0186 0.9478 -0.3182
vn 0.7676 -0.0000 -0.6409
vn -0.0766 0.9454 -0.3167
vn 0.7368 -0.0000 -0.6761
vn -0.1526 0.9416 -0.3001
vn 0.7178 -0.0000 -0.6962
vn -0.2282 0.9350 -0.2716
vn 0.7043 -0.0000 -0.7099
vn -0.3038 0.9247 -0.2295
vn 0.7466 -0.0000 -0.6653
vn -0.3800 0.9093 -0.1695
vn 0.8060 -0.0000 -0.5919
vn -0.4531 0.8873 -0.0861
vn 0.8517 -0.0000 -0.5240
vn -0.2907 0.8442 0.4504
vn -0.9187 -0.0000 0.3949
vn 0.9954 0.0312 0.0906
vn 0.9560 0.1354 0.2601
vn 0.8621 0.2104 0.4610
vn -0.7185 -0.3578 -0.5965
vn -0.9953 0.0316 0.0910
vn -0.7088 -0.4338 -0.5563
vn 0.6102 -0.4039 -0.6815
vn 0.9824 0.0869 0.1653
vn 0.9590 0.1397 0.2464
vn 0.9844 0.0878 0.1523
vn 0.7234 -0.1266 -0.6787
vn 0.7182 -0.2054 -0.6649
vn 0.9895 0.0699 0.1266
vn 0.7179 -0.2778 -0.6383
vn 0.9906 0.0486 0.1282
vn 0.7006 0.6867 0.1938
vn 0.8134 0.2867 0.5061
vn 0.8494 0.2929 0.4391
vn 0.6761 0.4181 0.6067
vn 0.7791 0.3125 0.5434
vn 0.4388 0.5222 0.7313
vn 0.4817 0.4375 0.7593
vn 0.2929 0.5540 0.7793
vn 0.4012 0.4688 0.7869
vn 0.4581 0.3523 0.8161
vn 0.5172 0.2897 0.8054
vn 0.3290 0.7820 0.5293
vn 0.0921 0.4916 0.8659
vn -0.1186 0.5717 0.8118
vn -0.3856 0.4600 0.7998
vn -0.4685 0.5109 0.7207
vn -0.0136 0.5867 0.8097
vn -0.1226 0.2422 0.9624
vn -0.1411 0.7838 0.6048
vn -0.0345 0.7783 0.6269
vn -0.4982 0.4997 0.7086
vn -0.5110 0.2628 0.8184
vn -0.5680 0.2209 0.7928
vn -0.3879 0.7776 0.4948
vn -0.2687 0.7799 0.5654
vn -0.8519 0.2932 0.4339
vn -0.8149 0.3250 0.4800
vn -0.7888 0.3068 0.5326
vn -0.8679 0.1649 0.4685
vn -0.8616 0.2125 0.4609
vn -0.8969 0.1648 0.4103
vn -0.5297 0.2885 0.7976
vn -0.5772 0.7625 0.2921
vn -0.4942 0.7679 0.4075
vn -0.9582 0.1322 0.2539
vn -0.9878 0.0635 0.1420
vn -0.9888 0.0723 0.1308
vn -0.9865 0.0852 0.1397
vn -0.6787 0.7331 0.0438
vn -0.6468 0.7453 0.1617
vn -0.7146 -0.4996 -0.4896
vn -0.7169 -0.5832 -0.3820
vn -0.7170 -0.2131 -0.6636
vn -0.5782 0.5782 -0.5756
vn 0.5809 0.5794 -0.5717
vn 0.7673 0.3682 0.5250
vn 0.5411 -0.6625 0.5179
vn 0.7320 -0.6542 0.1905
vn 0.4814 0.4110 0.7742
vn 0.2592 -0.6698 0.6958
vn -0.7957 -0.0000 0.6057
vn 0.4531 0.8873 0.0861
vn -0.8026 -0.0000 0.5966
vn 0.3800 0.9093 0.1695
vn -0.8018 -0.0000 0.5976
vn 0.3038 0.9247 0.2295
vn -0.8186 -0.0000 0.5744
vn 0.2281 0.9350 0.2716
vn -0.8484 -0.0000 0.5294
vn 0.1527 0.9416 0.3000
vn -0.8960 -0.0000 0.4441
vn 0.0766 0.9454 0.3167
vn -0.9324 -0.0000 0.3613
vn 0.0186 0.9478 0.3182
vn -0.9480 -0.0000 0.3182
vn -0.0185 0.9478 0.3182
vn -0.9611 -0.0000 0.2763
vn -0.0766 0.9454 0.3167
vn -0.9802 -0.0000 0.1979
vn -0.1527 0.9416 0.3000
vn -0.9938 -0.0000 0.1110
vn -0.2281 0.9350 0.2716
vn -0.9999 -0.0000 0.0160
vn -0.3038 0.9247 0.2295
vn -0.9957 -0.0000 -0.0927
vn -0.3800 0.9093 0.1695
vn -0.9752 -0.0000 -0.2213
vn -0.4531 0.8873 0.0862
vn -0.9272 -0.0000 -0.3745
vn -0.4923 0.8702 0.0177
vn 0.8928 -0.0000 -0.4504
vn 0.2908 0.8441 -0.4504
vn 0.2538 0.6322 -0.7320
vn 0.4982 0.7588 0.4196
vn 0.7173 0.6544 0.2392
vn -0.1966 0.6685 0.7173
vn 0.1350 0.8573 -0.4967
vn -0.7219 0.6134 0.3204
vn 0.9682 0.2291 -0.1000
vn 0.6543 0.1533 -0.7405
vn -0.2523 0.6490 0.7178
vn -0.4177 0.5987 -0.6834
vn -0.7119 0.5081 -0.4848
vn -0.4589 0.5842 0.6694
vn -0.8878 0.3564 -0.2912
vn -0.0209 0.6208 -0.7837
vn -0.4164 0.8111 0.4108
vn 0.4868 0.7805 -0.3922
vn -0.9915 -0.0914 0.0929
vn -0.6808 0.0040 0.7325
vn 0.2825 -0.5478 0.7875
vn 0.0462 -0.7267 -0.6854
vn 0.3764 -0.5484 0.7467
vn 0.0057 -0.7526 -0.6584
vn 0.4693 -0.5651 0.6785
vn -0.4868 -0.7805 0.3922
vn 0.0209 -0.6208 0.7837
vn 0.4342 -0.8465 0.3083
vn 0.1679 -0.9183 -0.3584
vn -0.0745 -0.6858 -0.7240
vn 0.1825 -0.6295 0.7552
vn -0.1637 -0.7130 -0.6818
vn 0.2297 -0.6434 0.7303
vn -0.2472 -0.7523 -0.6107
vn 0.7219 -0.6134 -0.3204
vn 0.1966 -0.6685 -0.7173
vn -0.1281 -0.9682 -0.2148
vn 0.1358 -0.8821 0.4511
vn 0.0382 0.6207 -0.7831
vn 0.3487 -0.8291 -0.4371
vn -0.0400 0.8157 -0.5770
vn -0.2689 -0.9152 -0.3002
vn 0.2399 -0.8374 -0.4911
vn -0.4885 -0.7794 0.3923
vn -0.7232 0.6117 0.3206
vn -0.5481 0.7419 -0.3863
vn 0.7230 -0.6120 -0.3204
vn 0.3692 0.8965 -0.2450
vn 0.6579 -0.7413 -0.1325
vn -0.3795 -0.8950 0.2344
vn -0.0656 -0.8495 0.5235
vn 0.2691 0.9140 0.3035
vn 0.0379 -0.8176 0.5745
vn -0.2409 0.8380 0.4895
vn 0.5478 -0.7402 0.3898
vn 0.4888 0.7791 -0.3925
vn -0.6430 0.7529 0.1405
vn -0.3897 -0.6830 0.6178
vn -0.6020 0.5760 0.5530
vn 0.3897 0.6829 -0.6178
vn 0.6020 -0.5760 -0.5530
vn -0.3684 0.9240 -0.1022
vn 0.8202 0.2812 0.4981
vn 0.8837 0.3176 -0.3437
vn 0.4936 0.7279 -0.4759
vn 0.0664 0.8602 0.5056
vn -0.0664 0.8602 -0.5056
vn 0.6330 0.3845 -0.6719
vn -0.4981 0.7307 0.4669
vn -0.8285 0.2788 0.4857
vn -0.9099 0.2990 0.2876
vn -0.6213 0.3258 -0.7126
vn 0.1100 0.9115 -0.3963
vn -0.5333 0.2788 0.7986
vn 0.3544 0.7413 0.5700
vn 0.4669 0.7305 0.4984
vn -0.5056 0.8602 0.0664
vn 0.5056 0.8602 -0.0664
vn 0.6718 0.3846 0.6331
vn -0.4669 0.7307 -0.4981
vn -0.4866 0.2788 -0.8279
vn -0.3532 0.7417 -0.5702
vn 0.3976 0.7299 -0.5561
vn 0.7126 0.3258 -0.6213
vn 0.6609 0.6140 0.4315
vn -0.0422 0.9776 0.2063
vn 0.2125 0.9762 0.0433
vn -0.0076 0.9989 -0.0453
vn 0.0230 0.9915 0.1277
vn -0.1278 0.9915 0.0230
vn -0.0230 0.9915 -0.1278
vn 0.1278 0.9915 -0.0230
vn -0.0047 1.0000 0.0032
vn -0.0203 0.9996 -0.0209
vn -0.0401 0.9992 0.0066
vn 0.0046 1.0000 0.0041
vn -0.0209 0.9996 0.0203
vn 0.0060 0.9992 0.0389
vn 0.0035 1.0000 -0.0053
vn 0.0203 0.9996 0.0209
vn 0.0441 0.9990 -0.0070
vn -0.0040 1.0000 -0.0041
vn 0.0209 0.9996 -0.0203
vn 0.0888 0.9445 0.3162
vn 0.3163 0.9445 -0.0888
vn -0.0888 0.9445 -0.3163
vn -0.3162 0.9445 0.0888
vn 0.0408 0.9718 0.2324
vn 0.2220 0.9734 0.0564
vn 0.2324 0.9718 -0.0408
vn 0.0564 0.9734 -0.2220
vn -0.0408 0.9718 -0.2324
vn -0.2220 0.9734 -0.0564
vn -0.2324 0.9718 0.0408
vn -0.0564 0.9734 0.2220
vn 0.6871 0.6673 -0.2874
vn 0.2874 0.6673 -0.6871
vn -0.2874 0.6673 -0.6871
vn -0.6871 0.6673 0.2874
vn -0.2874 0.6673 0.6871
vn 0.5377 0.4494 0.7134
vn 0.4514 0.5869 0.6722
vn 0.4896 0.5851 0.6465
vn 0.3488 0.5882 0.7297
vn 0.3846 0.4521 0.8048
vn 0.4962 0.4518 0.7414
vn 0.2324 0.4526 0.8609
vn 0.3363 0.4509 0.8268
vn -0.1799 0.5896 0.7874
vn -0.1928 0.4539 0.8699
vn -0.2802 0.4525 0.8466
vn -0.1869 0.4515 0.8725
vn -0.2182 0.5858 0.7805
vn -0.2416 0.4526 0.8584
vn 0.2415 0.4525 0.8585
vn 0.2190 0.5857 0.7804
vn 0.0911 0.4511 0.8878
vn 0.4995 0.4526 0.7387
vn 0.3770 0.5825 0.7201
vn 0.4144 0.4523 0.7897
vn 0.3277 0.4524 0.8294
vn 0.5813 0.4526 0.6762
vn 0.7261 0.4526 0.5177
vn 0.6626 0.5834 0.4696
vn 0.6576 0.4525 0.6023
vn 0.8917 0.4527 -0.0000
vn 0.8066 0.5833 0.0954
vn 0.8852 0.4525 0.1084
vn 0.8852 0.4524 -0.1083
vn 0.7845 0.4526 -0.4240
vn 0.8314 0.4523 -0.3227
vn 0.6576 0.4526 -0.6023
vn 0.7260 0.4526 -0.5177
vn 0.4995 0.4525 -0.7387
vn 0.5814 0.4525 -0.6762
vn 0.3277 0.4524 -0.8294
vn 0.4144 0.4523 -0.7897
vn 0.1576 0.4520 -0.8780
vn 0.2189 0.5858 -0.7803
vn 0.2415 0.4525 -0.8584
vn -0.1858 0.4529 -0.8720
vn 0.0911 0.4508 -0.8879
vn 0.1427 0.5844 -0.7988
vn -0.2423 0.4532 -0.8578
vn -0.2467 0.4540 -0.8562
vn 0.2843 0.4523 -0.8453
vn 0.2108 0.5881 -0.7808
vn 0.2325 0.4523 -0.8610
vn 0.1642 0.5881 -0.7920
vn 0.1811 0.4523 -0.8733
vn 0.3360 0.4527 -0.8260
vn 0.3490 0.5879 -0.7298
vn 0.3046 0.5887 -0.7488
vn 0.2579 0.5881 -0.7666
vn 0.4665 0.4524 -0.7600
vn 0.3893 0.5877 -0.7093
vn 0.4288 0.4523 -0.7820
vn 0.4972 0.4518 -0.7407
vn 0.5196 0.4513 -0.7255
vn 0.4511 0.5869 -0.6724
vn 0.6315 0.4498 -0.6315
vn 0.5085 0.5857 -0.6311
vn 0.5584 0.4499 -0.6970
vn 0.3558 0.8097 0.4667
vn 0.2541 0.8113 0.5266
vn 0.1505 0.8136 0.5617
vn 0.1582 0.8082 0.5672
vn 0.8117 0.5841 0.0030
vn 0.1583 0.8095 -0.5654
vn -0.2193 0.5854 -0.7805
vn 0.1208 0.8120 -0.5711
vn 0.0819 0.9776 0.1937
vn -0.0523 0.9812 -0.1856
vn 0.1432 0.4517 -0.8806
vn -0.6315 0.4499 0.6315
vn -0.5029 0.5852 0.6361
vn -0.5542 0.4493 0.7007
vn -0.5195 0.4497 0.7266
vn -0.4933 0.4526 0.7428
vn -0.4292 0.4508 0.7827
vn -0.2844 0.4525 0.8452
vn -0.2325 0.4523 0.8610
vn -0.1643 0.5881 0.7919
vn -0.1811 0.4523 0.8733
vn 0.1915 0.4543 0.8700
vn 0.2461 0.4530 0.8568
vn 0.2554 0.5852 0.7696
vn 0.2807 0.4519 0.8467
vn 0.1971 0.5887 0.7839
vn 0.2801 0.4526 0.8466
vn 0.2188 0.5859 0.7802
vn 0.2416 0.4526 0.8584
vn 0.1868 0.4515 0.8725
vn -0.1576 0.4520 0.8780
vn -0.2189 0.5858 0.7803
vn -0.2416 0.4525 0.8584
vn -0.0911 0.4509 0.8879
vn -0.1426 0.5843 0.7989
vn -0.2969 0.5855 0.7543
vn -0.3277 0.4525 0.8294
vn -0.4143 0.4525 0.7897
vn -0.4995 0.4526 0.7387
vn -0.5814 0.4525 0.6762
vn -0.6576 0.4526 0.6023
vn -0.7261 0.4526 0.5177
vn -0.7845 0.4526 0.4240
vn -0.8314 0.4523 0.3227
vn -0.8852 0.4525 0.1082
vn -0.8916 0.4528 -0.0000
vn -0.8852 0.4524 -0.1083
vn -0.8652 0.4523 -0.2164
vn -0.8314 0.4523 -0.3228
vn -0.7261 0.4523 -0.5179
vn -0.6632 0.5826 -0.4698
vn -0.6577 0.4523 -0.6024
vn -0.5813 0.4525 -0.6763
vn -0.4995 0.4526 -0.7387
vn -0.4143 0.4525 -0.7897
vn -0.3278 0.4523 -0.8295
vn -0.2415 0.4524 -0.8585
vn -0.1572 0.4525 -0.8778
vn -0.0908 0.4529 -0.8869
vn -0.1423 0.5859 -0.7978
vn -0.0130 0.4504 -0.8927
vn 0.2773 0.4526 -0.8475
vn 0.2419 0.4506 -0.8593
vn 0.2177 0.4521 -0.8650
vn -0.4288 0.4523 -0.7820
vn -0.3846 0.4521 -0.8048
vn -0.2326 0.4506 -0.8619
vn -0.3363 0.4510 -0.8267
vn -0.3893 0.5877 -0.7092
vn -0.5742 0.4499 -0.6841
vn -0.5209 0.5860 -0.6207
vn -0.5284 0.4508 -0.7194
vn -0.5883 0.5872 -0.5560
vn -0.1208 0.8120 0.5711
vn -0.3306 0.8127 0.4798
vn -0.1038 0.8084 0.5794
vn -0.1585 0.8093 0.5656
vn -0.8111 0.5849 -0.0033
vn -0.2826 0.8114 -0.5116
vn -0.4023 0.9153 0.0205
vn -0.2601 0.8810 0.3953
vn -0.0832 0.9809 0.1761
vn -0.1603 0.9087 0.3855
vn 0.0499 0.9820 0.1822
vn -0.1069 0.9588 -0.2631
vn -0.1421 0.4530 -0.8801
vn 0.0834 0.4518 0.8882
vn -0.7267 0.4496 0.5194
vn -0.7006 0.4495 0.5541
vn -0.7429 0.4525 0.4934
vn -0.7601 0.4523 0.4665
vn -0.7297 0.5879 0.3493
vn -0.7819 0.4525 0.4288
vn -0.8046 0.4523 0.3848
vn -0.7489 0.5887 0.3042
vn -0.8691 0.4524 -0.2001
vn -0.7813 0.5845 -0.2189
vn -0.8584 0.4523 -0.2418
vn -0.8806 0.4554 -0.1310
vn -0.8474 0.4513 -0.2798
vn -0.8585 0.4524 0.2415
vn -0.8878 0.4511 0.0911
vn -0.7897 0.4525 0.4143
vn -0.8294 0.4523 0.3278
vn -0.6763 0.4525 0.5813
vn -0.7387 0.4526 0.4995
vn -0.5178 0.4525 0.7260
vn -0.3227 0.4524 0.8314
vn -0.2164 0.4523 0.8652
vn -0.0000 0.4528 0.8916
vn -0.1082 0.4525 0.8852
vn 0.1082 0.4525 0.8852
vn 0.4241 0.4525 0.7845
vn 0.3227 0.4522 0.8315
vn 0.6023 0.4525 0.6576
vn 0.5177 0.4526 0.7260
vn 0.7387 0.4526 0.4995
vn 0.6178 0.5840 0.5265
vn 0.6762 0.4525 0.5814
vn 0.5471 0.5833 0.6004
vn 0.8295 0.4522 0.3278
vn 0.7198 0.5835 0.3761
vn 0.7897 0.4523 0.4144
vn 0.8779 0.4523 0.1573
vn 0.8585 0.4524 0.2415
vn 0.8061 0.5863 0.0803
vn 0.8871 0.4526 0.0907
vn 0.7991 0.5841 0.1423
vn 0.8722 0.4526 -0.1858
vn 0.8467 0.4524 -0.2801
vn 0.8584 0.4525 -0.2418
vn 0.8465 0.4523 -0.2809
vn 0.7692 0.5851 -0.2570
vn 0.8560 0.4545 -0.2462
vn 0.8452 0.4526 0.2842
vn 0.8610 0.4523 0.2325
vn 0.8898 0.4560 -0.0176
vn 0.7918 0.5882 0.1645
vn 0.8733 0.4523 0.1811
vn 0.8044 0.4527 0.3848
vn 0.7490 0.5883 0.3047
vn 0.8259 0.4528 0.3359
vn 0.7819 0.4526 0.4288
vn 0.7398 0.4508 0.4995
vn -0.5617 0.8136 0.1504
vn -0.5670 0.8087 0.1562
vn 0.5807 0.8076 0.1028
vn 0.5712 0.8119 0.1210
vn -0.1928 0.9779 0.0809
vn -0.3719 0.9271 -0.0476
vn 0.1859 0.9812 -0.0524
vn 0.2179 0.9718 0.0903
vn 0.8808 0.4514 0.1432
vn -0.6501 0.4496 -0.6126
vn -0.6471 0.5848 -0.4892
vn -0.7133 0.4495 -0.5378
vn -0.7410 0.4522 -0.4963
vn -0.7819 0.4526 -0.4288
vn -0.7287 0.5895 -0.3486
vn -0.8044 0.4527 -0.3848
vn -0.8259 0.4530 -0.3358
vn -0.8453 0.4523 -0.2843
vn -0.8609 0.4525 -0.2325
vn -0.8733 0.4523 -0.1811
vn -0.8806 0.4519 -0.1425
vn -0.8700 0.4544 0.1915
vn -0.8886 0.4511 -0.0831
vn -0.8567 0.4534 0.2459
vn -0.7688 0.5872 0.2534
vn -0.8465 0.4524 0.2808
vn -0.8466 0.4523 0.2805
vn -0.7698 0.5847 0.2560
vn -0.7991 0.5842 -0.1423
vn -0.8779 0.4523 -0.1573
vn -0.8066 0.5857 -0.0797
vn -0.8585 0.4524 -0.2415
vn -0.8295 0.4523 -0.3278
vn -0.7897 0.4525 -0.4143
vn -0.7387 0.4526 -0.4995
vn -0.6179 0.5840 -0.5265
vn -0.6762 0.4525 -0.5814
vn -0.5467 0.5836 -0.6004
vn -0.6023 0.4525 -0.6576
vn -0.4744 0.5834 -0.6592
vn -0.5178 0.4525 -0.7260
vn -0.3835 0.5839 -0.7156
vn -0.4241 0.4524 -0.7845
vn -0.3227 0.4522 -0.8315
vn -0.0993 0.5825 -0.8068
vn 0.1089 0.4521 -0.8853
vn 0.2163 0.4526 -0.8651
vn 0.3228 0.4523 -0.8314
vn 0.6763 0.4525 -0.5813
vn 0.5183 0.4508 -0.7268
vn 0.7387 0.4526 -0.4995
vn 0.7198 0.5835 -0.3761
vn 0.7897 0.4523 -0.4144
vn 0.8295 0.4522 -0.3278
vn 0.8585 0.4524 -0.2415
vn 0.8879 0.4509 -0.0911
vn 0.8618 0.4508 -0.2326
vn 0.8593 0.4506 0.2420
vn 0.7489 0.5885 -0.3046
vn 0.8044 0.4527 -0.3848
vn 0.7820 0.4523 -0.4288
vn 0.6895 0.5878 -0.4232
vn 0.7601 0.4523 -0.4666
vn 0.6721 0.5871 -0.4513
vn 0.7407 0.4518 -0.4972
vn 0.6971 0.4498 -0.5584
vn 0.6325 0.5852 -0.5075
vn -0.4654 0.8109 -0.3548
vn -0.4832 0.8122 -0.3268
vn -0.2145 0.9143 -0.3437
vn -0.0484 0.9170 -0.3959
vn 0.5671 0.8087 -0.1562
vn 0.5633 0.8125 -0.1498
vn 0.5722 0.5873 -0.5724
vn -0.1628 0.9813 -0.1028
vn -0.3829 0.8789 -0.2846
vn 0.2788 0.7323 -0.6212
vn -0.3457 0.9074 -0.2388
vn -0.1821 0.9820 0.0493
vn 0.3728 0.9201 -0.1200
vn 0.1987 0.9767 -0.0809
vn 0.8799 0.4529 -0.1436
vn -0.7414 0.6446 0.1868
vn 0.4587 0.6936 -0.5554
vn 0.1526 0.6432 -0.7503
vn -0.7860 0.6176 -0.0289
vn -0.1006 0.5132 -0.8523
vn 0.7170 0.6546 -0.2396
vn -0.5281 0.8471 -0.0601
vn 0.5793 0.7077 0.4044
vn -0.5034 0.0699 -0.8612
vn -0.9505 0.0798 -0.3002
vn 0.7414 0.6446 -0.1868
vn -0.4587 0.6936 0.5554
vn -0.1526 0.6432 0.7503
vn 0.7860 0.6176 0.0289
vn 0.1006 0.5132 0.8523
vn -0.7170 0.6546 0.2396
vn 0.5281 0.8471 0.0601
vn -0.5793 0.7077 -0.4044
vn 0.5034 0.0699 0.8612
vn 0.9505 0.0799 0.3002
vn 0.6086 -0.6263 -0.4871
vn -0.6234 -0.6886 0.3704
vn 0.5322 -0.6404 -0.5537
vn -0.5813 -0.7088 0.3997
vn 0.4317 -0.6688 -0.6052
vn 0.5793 -0.7077 0.4044
vn 0.7170 -0.6546 -0.2396
vn 0.1175 -0.9213 -0.3706
vn -0.3734 -0.9141 0.1581
vn -0.6086 -0.6263 0.4871
vn 0.6234 -0.6886 -0.3704
vn -0.5322 -0.6404 0.5537
vn 0.5813 -0.7088 -0.3997
vn -0.4317 -0.6688 0.6052
vn -0.5793 -0.7077 -0.4044
vn -0.7170 -0.6546 0.2396
vn -0.1175 -0.9213 0.3706
vn 0.3734 -0.9141 -0.1581
vn -0.5230 -0.8522 0.0143
vn -0.1377 -0.8412 0.5229
vn -0.5260 0.8397 0.1354
vn -0.1370 0.8414 0.5227
vn -0.5263 -0.8392 0.1368
vn 0.5802 0.7062 0.4057
vn -0.5798 -0.7066 -0.4056
vn -0.3992 -0.8340 -0.3810
vn -0.3790 0.8326 -0.4039
vn 0.3939 0.8303 0.3943
vn 0.3796 -0.8411 0.3852
vn 0.5230 -0.8522 -0.0143
vn 0.1399 -0.8401 -0.5241
vn 0.5249 0.8406 -0.1335
vn 0.1410 0.8397 -0.5244
vn 0.5250 -0.8405 -0.1339
vn -0.5804 0.7060 -0.4058
vn 0.5801 -0.7064 0.4057
vn 0.7408 -0.6392 0.2067
vn 0.7408 0.6392 0.2067
vn -0.7408 0.6392 -0.2066
vn -0.7408 -0.6392 -0.2066
vn 0.7625 0.6446 0.0552
vn -0.5482 0.6936 -0.4674
vn 0.5096 0.8471 -0.1509
vn -0.2806 0.6432 -0.7124
vn -0.6936 0.6392 0.3322
vn -0.5003 0.7077 0.4988
vn -0.7625 0.6446 -0.0552
vn 0.5482 0.6936 0.4674
vn -0.5096 0.8471 0.1509
vn 0.2806 0.6432 0.7124
vn 0.6937 0.6392 -0.3321
vn 0.5003 0.7077 -0.4988
vn 0.6783 -0.6886 0.2565
vn -0.6840 -0.6263 -0.3740
vn -0.6203 -0.6404 -0.4529
vn 0.5175 -0.8522 -0.0767
vn -0.6936 -0.6392 0.3322
vn -0.7477 -0.6546 -0.1115
vn -0.6783 -0.6886 -0.2565
vn 0.6840 -0.6263 0.3740
vn 0.6203 -0.6404 0.4529
vn -0.5175 -0.8522 0.0767
vn 0.6936 -0.6392 -0.3321
vn 0.7477 -0.6546 0.1115
vn -0.0489 0.5132 -0.8568
vn -0.7477 0.6546 -0.1115
vn 0.0489 0.5132 0.8569
vn 0.7477 0.6546 0.1115
vn 0.2287 -0.8401 0.4919
vn 0.5415 0.8397 0.0420
vn 0.5420 -0.8392 0.0433
vn 0.3952 -0.9141 0.0908
vn -0.5009 -0.7063 0.5002
vn -0.5009 0.7063 0.5003
vn -0.5003 -0.7077 0.4988
vn 0.2300 0.8397 0.4919
vn 0.5008 0.7063 -0.5003
vn 0.5009 -0.7063 -0.5002
vn 0.3270 -0.8340 -0.4445
vn 0.3031 0.8326 -0.4636
vn -0.3031 0.8326 0.4636
vn -0.3269 -0.8340 0.4445
vn -0.2287 -0.8401 -0.4919
vn -0.5415 0.8396 -0.0420
vn -0.5420 -0.8392 -0.0433
vn -0.3953 -0.9141 -0.0908
vn 0.5003 -0.7077 -0.4989
vn -0.2300 0.8397 -0.4919
vn -0.0552 0.6446 0.7625
vn 0.4674 0.6936 -0.5482
vn 0.1509 0.8471 0.5096
vn 0.7124 0.6432 -0.2806
vn -0.3321 0.6392 -0.6937
vn -0.4988 0.7077 -0.5003
vn 0.0552 0.6446 -0.7625
vn -0.4674 0.6936 0.5482
vn -0.1509 0.8471 -0.5096
vn -0.7124 0.6432 0.2806
vn 0.3321 0.6392 0.6936
vn 0.4988 0.7077 0.5003
vn -0.2565 -0.6886 0.6783
vn 0.3740 -0.6263 -0.6840
vn 0.4529 -0.6404 -0.6203
vn 0.0767 -0.8522 0.5175
vn -0.3322 -0.6392 -0.6936
vn 0.1115 -0.6546 -0.7477
vn 0.2565 -0.6886 -0.6783
vn -0.3740 -0.6263 0.6840
vn -0.4529 -0.6404 0.6203
vn -0.0767 -0.8522 -0.5175
vn 0.3322 -0.6392 0.6936
vn -0.1115 -0.6546 0.7477
vn 0.8568 0.5132 -0.0489
vn 0.1115 0.6546 -0.7477
vn -0.8568 0.5132 0.0489
vn -0.1115 0.6546 0.7477
vn -0.4910 -0.8412 0.2265
vn -0.0420 0.8397 0.5415
vn -0.0433 -0.8392 0.5420
vn -0.0908 -0.9141 0.3952
vn -0.5003 -0.7062 -0.5009
vn -0.5003 0.7064 -0.5008
vn -0.4988 -0.7077 -0.5003
vn -0.4910 0.8414 0.2257
vn 0.5002 -0.7066 0.5005
vn 0.5004 0.7060 0.5011
vn 0.4445 -0.8340 0.3270
vn 0.4636 0.8326 0.3031
vn -0.4567 0.8303 -0.3195
vn -0.4453 -0.8411 -0.3070
vn 0.4919 -0.8401 -0.2287
vn 0.0403 0.8406 -0.5401
vn 0.0407 -0.8405 -0.5403
vn 0.0908 -0.9141 -0.3952
vn 0.4988 -0.7077 0.5003
vn 0.4919 0.8397 -0.2300
vn 0.6578 0.7512 0.0536
vn -0.0633 0.6703 0.7394
vn 0.0757 0.7440 -0.6639
vn -0.7388 0.6682 0.0880
vn -0.6514 0.6696 0.3569
vn 0.6634 0.7471 -0.0415
vn -0.0962 -0.9072 0.4096
vn 0.6640 -0.7439 -0.0757
vn -0.4166 -0.8977 0.1437
vn -0.4103 -0.9115 0.0277
vn 0.6656 -0.7376 0.1138
vn 0.1687 -0.9140 0.3689
vn -0.4415 -0.8952 -0.0607
vn -0.2022 -0.8911 0.4063
vn -0.3617 -0.9162 -0.1727
vn 0.3609 -0.9166 0.1719
vn -0.9256 -0.3682 0.0877
vn 0.9148 0.0796 -0.3959
vn 0.7636 0.0797 -0.6407
vn 0.1145 0.0796 -0.9902
vn -0.1731 0.0797 -0.9817
vn -0.1242 0.6990 -0.7043
vn -0.4463 0.0796 -0.8913
vn -0.8003 0.0796 -0.5943
vn -0.9367 0.0797 -0.3409
vn -0.6720 0.6990 -0.2446
vn -0.9951 0.0796 -0.0592
vn -0.7636 0.0797 0.6407
vn -0.5488 0.0796 0.8322
vn -0.1145 0.0796 0.9902
vn 0.1731 0.0797 0.9817
vn 0.1242 0.6990 0.7043
vn 0.4463 0.0796 0.8913
vn 0.3410 0.0785 0.9368
vn 0.9367 0.0797 0.3409
vn -0.6633 0.6454 0.3788
vn 0.6832 0.6437 0.3450
vn -0.2579 0.6454 -0.7190
vn -0.5531 0.7849 0.2793
vn -0.6145 0.7819 -0.1054
vn -0.3319 0.7633 0.5543
vn 0.5414 0.7819 0.3092
vn 0.6152 0.7849 -0.0733
vn 0.5015 0.7633 -0.4073
vn -0.7599 0.6437 -0.0905
vn -0.3658 0.6587 0.6575
vn 0.0146 0.6496 0.7601
vn 0.3865 0.6587 0.6455
vn 0.7528 0.6454 -0.1291
vn 0.5686 0.6587 -0.4928
vn 0.2211 0.6437 -0.7327
vn -0.5840 0.6587 -0.4744
vn -0.4394 0.6473 0.6228
vn -0.4287 -0.6477 0.6299
vn 0.2973 0.0065 0.9548
vn -0.7179 0.6446 0.2630
vn -0.0711 0.8653 -0.4962
vn -0.2396 -0.6396 -0.7304
vn -0.5381 -0.7827 -0.3127
vn -0.2275 -0.7911 -0.5678
vn 0.1790 -0.7849 -0.5932
vn 0.5658 -0.6611 0.4928
vn -0.5780 -0.6585 0.4820
vn -0.6525 -0.6400 -0.4057
vn 0.2844 -0.6407 -0.7132
vn -0.4112 0.8887 -0.2028
vn 0.4285 0.8726 -0.2345
vn 0.7443 0.6667 -0.0378
vn 0.4111 0.8885 0.2038
vn 0.3613 0.9171 -0.1683
vn -0.4652 0.6696 -0.5790
vn -0.6485 0.6680 -0.3649
vn -0.3503 0.9209 0.1709
vn -0.7198 0.6801 0.1394
vn 0.1657 0.9182 0.3597
vn -0.3539 0.6722 0.6503
vn 0.6708 -0.7308 -0.1262
vn -0.1263 -0.7307 -0.6709
vn 0.1138 -0.7375 0.6657
vn -0.3298 -0.8976 -0.2924
vn -0.7411 -0.6694 0.0513
vn -0.3594 -0.9178 0.1685
vn -0.9187 -0.3850 -0.0876
vn -0.9008 -0.3893 0.1925
vn -0.6348 -0.3989 0.6618
vn -0.4223 -0.3537 0.8346
vn 0.3827 -0.3909 0.8371
vn 0.6054 -0.3877 0.6951
vn 0.8297 -0.3523 0.4330
vn -0.8225 -0.3805 -0.4227
vn -0.7636 0.0797 -0.6407
vn -0.9148 0.0796 -0.3959
vn -0.6408 0.0785 -0.7637
vn 0.1731 0.0797 -0.9817
vn -0.1145 0.0796 -0.9902
vn 0.9367 0.0797 -0.3409
vn 0.8003 0.0796 -0.5943
vn 0.9818 0.0785 -0.1731
vn 0.7636 0.0797 0.6407
vn 0.9148 0.0796 0.3959
vn 0.6408 0.0785 0.7637
vn -0.1731 0.0797 0.9817
vn 0.1145 0.0796 0.9902
vn -0.9367 0.0797 0.3409
vn -0.8003 0.0796 0.5943
vn -0.1242 0.6990 -0.7042
vn 0.1242 0.6990 0.7042
vn 0.7534 0.6576 0.0012
vn -0.0146 0.6496 0.7601
vn -0.4745 0.6399 -0.6045
vn 0.0337 0.7841 0.6197
vn 0.0246 0.6396 -0.7683
vn -0.3141 0.7633 0.5646
vn 0.5230 0.7955 -0.3060
vn 0.3627 0.6604 0.6575
vn -0.3865 0.6587 0.6455
vn -0.6670 0.6486 0.3666
vn -0.7517 0.6595 -0.0060
vn -0.2594 0.6371 -0.7258
vn 0.2805 0.6392 -0.7161
vn 0.6507 0.6472 -0.3972
vn 0.4898 -0.6444 0.5873
vn 0.0251 -0.6399 0.7681
vn -0.5855 0.6566 -0.4755
vn -0.7436 -0.6510 -0.1528
vn -0.7457 0.6533 -0.1309
vn -0.7150 0.6594 0.2326
vn 0.0628 0.8592 0.5077
vn 0.6534 0.0045 0.7570
vn 0.4487 0.8675 -0.2149
vn 0.6656 -0.6496 0.3674
vn -0.0031 -0.6457 0.7635
vn 0.3141 -0.7633 0.5646
vn 0.6460 -0.7633 0.0103
vn 0.3865 -0.6587 0.6455
vn 0.7523 -0.6587 -0.0120
vn 0.6403 -0.6437 -0.4191
vn 0.2406 -0.6407 -0.7292
vn 0.4898 0.6444 -0.5873
vn -0.0379 0.6668 0.7443
vn 0.0475 0.6677 -0.7429
vn 0.7443 0.6668 0.0379
vn -0.3487 0.9220 -0.1683
vn -0.0415 0.7471 -0.6634
vn 0.1394 0.6801 -0.7198
vn 0.1138 -0.7376 -0.6656
vn -0.0757 -0.7439 -0.6640
vn 0.2305 0.6682 0.7074
vn -0.0989 -0.9087 0.4056
vn 0.3698 -0.9132 -0.1710
vn -0.2741 -0.8902 -0.3639
vn -0.3497 -0.9226 -0.1627
vn 0.2406 -0.8718 -0.4267
vn 0.0474 -0.6616 -0.7484
vn 0.4337 -0.8671 0.2450
vn -0.2436 -0.8660 0.4367
vn -0.0616 -0.6685 0.7412
vn 0.7412 -0.6685 0.0616
vn 0.2394 -0.8765 0.4177
vn -0.8854 -0.3770 -0.2720
vn -0.7073 -0.3821 -0.5947
vn 0.6407 0.0797 0.7636
vn 0.8322 0.0796 0.5488
vn 0.9902 0.0796 0.1145
vn 0.9817 0.0797 -0.1731
vn 0.9368 0.0785 -0.3409
vn 0.3409 0.0797 -0.9367
vn 0.0592 0.0796 -0.9951
vn -0.6407 0.0797 -0.7636
vn -0.9902 0.0796 -0.1145
vn -0.9817 0.0797 0.1731
vn -0.3409 0.0797 0.9367
vn 0.7042 0.6990 0.1242
vn 0.6044 0.6396 0.4750
vn -0.1748 0.6437 -0.7451
vn 0.7132 0.6399 -0.2862
vn 0.3851 0.6454 -0.6597
vn -0.6029 0.6407 -0.4755
vn -0.2430 0.6604 0.7105
vn 0.1748 0.6436 0.7451
vn 0.7683 0.6396 -0.0246
vn 0.5874 0.6454 -0.4882
vn 0.2461 0.6587 -0.7110
vn 0.4192 -0.6436 -0.6404
vn -0.3675 -0.6496 -0.6656
vn -0.3806 -0.6447 0.6629
vn 0.7586 0.6509 0.0299
vn -0.4187 -0.6456 0.6387
vn -0.0902 0.6603 0.7456
vn -0.4347 0.6533 0.6198
vn -0.6692 0.6599 0.3416
vn -0.4384 -0.6482 -0.6226
vn -0.6543 0.6603 -0.3687
vn -0.3964 0.6506 -0.6477
vn -0.0190 -0.6479 -0.7615
vn 0.0189 0.6479 -0.7615
vn 0.3964 -0.6506 -0.6477
vn 0.4259 0.6511 -0.6283
vn 0.6551 -0.6597 -0.3683
vn 0.6702 0.6597 -0.3401
vn 0.7564 -0.6539 -0.0164
vn 0.6044 -0.6396 -0.4750
vn -0.1748 -0.6436 0.7451
vn 0.3838 -0.6447 0.6611
vn -0.6029 -0.6407 0.4755
vn -0.2431 -0.6604 -0.7105
vn 0.1748 -0.6437 -0.7451
vn 0.7683 -0.6396 0.0246
vn 0.5874 -0.6454 0.4882
vn 0.2460 -0.6587 0.7110
vn 0.3675 0.6495 -0.6656
vn 0.3806 0.6447 0.6629
vn -0.4192 0.6436 -0.6404
vn -0.5628 0.6685 -0.4862
vn 0.4589 0.6736 0.5794
vn -0.3526 0.9216 -0.1623
vn 0.3575 0.9180 0.1719
vn -0.0617 0.6711 -0.7388
vn -0.3365 0.6680 -0.6637
vn -0.7124 0.6724 0.2010
vn 0.0460 0.6697 0.7412
vn -0.6122 0.6797 0.4039
vn 0.2775 0.6803 0.6784
vn 0.6075 0.6801 0.4104
vn 0.1263 -0.7307 0.6709
vn -0.1263 -0.7308 -0.6708
vn -0.0342 -0.7525 -0.6577
vn -0.1732 -0.9196 0.3526
vn -0.3525 -0.9206 0.1682
vn -0.0536 -0.7512 0.6578
vn -0.1259 -0.3571 -0.9255
vn -0.4478 -0.3869 -0.8061
vn -0.7292 -0.3524 -0.5866
vn -0.7523 -0.3984 0.5246
vn -0.5654 -0.3571 0.7435
vn -0.2538 -0.3863 0.8867
vn 0.1107 -0.3797 0.9184
vn 0.7742 -0.3860 0.5016
vn 0.1509 -0.3976 -0.9051
vn 0.6407 0.0797 -0.7636
vn 0.3959 0.0796 -0.9148
vn 0.7637 0.0785 -0.6408
vn 0.9817 0.0797 0.1731
vn 0.9902 0.0796 -0.1145
vn 0.3409 0.0797 0.9367
vn 0.5943 0.0796 0.8003
vn -0.6407 0.0797 0.7636
vn -0.3959 0.0796 0.9148
vn -0.9817 0.0797 -0.1731
vn -0.9902 0.0796 0.1145
vn -0.9368 0.0785 -0.3410
vn -0.3409 0.0797 -0.9367
vn -0.5943 0.0796 -0.8003
vn -0.1731 0.0785 -0.9818
vn 0.7042 0.6990 -0.1242
vn -0.5678 0.7911 0.2275
vn 0.7327 0.6436 -0.2211
vn -0.3628 0.6396 -0.6777
vn 0.1091 0.6396 0.7609
vn 0.7683 0.6396 0.0246
vn -0.5812 0.7911 -0.1907
vn 0.7190 0.6454 0.2578
vn 0.4809 0.7911 0.3780
vn -0.4055 0.6396 0.6530
vn -0.7304 0.6396 0.2396
vn -0.7135 0.6396 -0.2859
vn 0.1577 0.6396 -0.7523
vn 0.6044 0.6396 -0.4750
vn 0.5727 0.6396 0.5127
vn 0.7327 -0.6436 0.2211
vn 0.7190 -0.6454 -0.2578
vn 0.4928 -0.6586 0.5686
vn 0.1463 -0.6496 0.7461
vn -0.2432 0.6366 -0.7319
vn 0.5171 0.8519 -0.0828
vn 0.6400 0.0056 -0.7683
vn -0.6260 -0.6420 -0.4427
vn -0.6485 0.6420 -0.4090
vn -0.7677 -0.6394 0.0432
vn -0.7651 0.6347 0.1088
vn 0.3058 0.6542 0.6917
vn 0.5906 0.6595 0.4650
vn -0.1653 0.8675 0.4692
vn -0.3628 -0.6396 0.6777
vn 0.7681 -0.6399 -0.0219
vn 0.4928 -0.6587 0.5686
vn -0.5854 -0.7827 -0.2112
vn -0.5812 -0.7911 0.1907
vn 0.4845 -0.7887 -0.3785
vn -0.7297 -0.6395 -0.2420
vn -0.7135 -0.6396 0.2859
vn 0.1577 -0.6396 0.7523
vn 0.6044 -0.6396 0.4750
vn 0.5870 -0.6436 -0.4911
vn 0.4928 0.6586 -0.5686
vn 0.5480 0.6509 -0.5254
vn 0.5203 -0.6530 -0.5504
vn 0.5545 -0.6540 0.5146
vn 0.7099 0.6636 0.2359
vn 0.5146 0.6540 0.5545
vn -0.2326 0.8940 0.3829
vn -0.5480 -0.6509 -0.5254
vn -0.7099 0.6636 -0.2359
vn -0.5203 0.6530 -0.5504
vn -0.2086 0.6602 -0.7216
vn -0.2408 -0.8094 -0.5356
vn -0.1865 -0.9455 0.2668
vn -0.1326 -0.9892 0.0618
vn -0.1279 -0.9816 -0.1418
vn -0.1325 -0.9893 -0.0619
vn -0.1360 -0.9903 -0.0282
vn 0.0312 -0.9923 -0.1196
vn 0.0325 -0.9924 0.1184
vn 0.0016 -0.9915 -0.1297
vn -0.0470 -0.9909 0.1265
vn -0.0465 -0.9908 -0.1268
vn -0.0109 -0.9936 -0.1121
vn -0.1652 -0.6921 -0.7027
vn -0.1641 -0.6886 0.7063
vn -0.7124 -0.5529 0.4322
vn 0.1067 -0.7453 0.6581
vn 0.4825 -0.7831 0.3924
vn 0.5285 -0.8326 -0.1657
vn 0.5398 -0.8418 0.0086
vn 0.4292 -0.7004 -0.5703
vn 0.1189 -0.9753 -0.1861
vn 0.1103 -0.7589 0.6418
vn -0.1635 -0.6867 0.7083
vn 0.1082 -0.7487 -0.6541
vn -0.7393 -0.5672 0.3629
vn -0.7440 -0.5929 -0.3080
vn -0.7047 -0.5655 0.4285
vn -0.1574 -0.9875 -0.0014
vn -0.0197 -0.9996 0.0183
vn 0.2473 -0.7708 -0.5871
vn -0.1160 -0.9933 -0.0000
vn -0.0457 -0.9964 -0.0716
vn -0.6767 -0.6528 -0.3406
vn -0.3882 -0.6448 0.6585
vn 0.2940 -0.6529 0.6980
vn -0.6767 -0.6528 0.3406
vn 0.6560 -0.6367 0.4053
vn -0.1316 -0.9738 -0.1855
vn -0.0636 -0.9893 0.1317
vn 0.0636 -0.9893 0.1317
vn 0.1306 -0.9842 0.1193
vn 0.0296 -0.9900 0.1382
vn -0.1035 -0.9944 -0.0193
vn 0.1198 -0.9923 -0.0317
vn -0.1184 -0.9925 -0.0308
vn 0.0923 -0.9956 -0.0167
vn 0.1297 -0.9916 -0.0016
vn -0.1266 -0.9919 -0.0057
vn -0.1199 -0.9921 0.0367
vn -0.0320 -0.9902 0.1359
vn -0.0183 -0.9996 0.0197
vn -0.5369 -0.7822 0.3161
vn 0.1058 -0.9931 0.0498
vn 0.5369 -0.7821 0.3165
vn 0.2667 -0.5216 0.8104
vn 0.4629 -0.5351 0.7067
vn 0.9373 0.0737 -0.3407
vn 0.1950 -0.8302 -0.5223
vn 0.6579 -0.7450 -0.1103
vn 0.0018 -0.9867 0.1623
vn 0.2864 -0.7709 0.5690
vn 0.5871 -0.7708 -0.2473
vn 0.3195 -0.7941 -0.5170
vn -0.7206 -0.6920 -0.0432
vn 0.0723 -0.9963 0.0456
vn -0.6980 -0.6529 -0.2940
vn -0.4053 -0.6367 -0.6560
vn 0.1762 -0.9760 0.1282
vn 0.0450 -0.9962 0.0748
vn 0.1325 -0.9893 0.0619
vn 0.1325 -0.9893 -0.0619
vn 0.1243 -0.9820 -0.1420
vn 0.1360 -0.9903 -0.0282
vn -0.0193 -0.9944 0.1036
vn -0.0294 -0.9923 -0.1203
vn -0.0325 -0.9924 0.1184
vn -0.0026 -0.9939 0.1105
vn -0.0124 -0.9960 -0.0886
vn -0.0016 -0.9916 -0.1297
vn -0.0057 -0.9919 0.1266
vn 0.0378 -0.9907 0.1304
vn 0.1337 -0.9906 0.0305
vn 0.0197 -0.9996 0.0183
vn 0.2547 -0.7854 0.5641
vn 0.3161 -0.7822 0.5369
vn 0.3165 -0.7821 -0.5369
vn 0.0109 -0.9936 -0.1120
vn -0.4403 -0.6911 -0.5732
vn 0.7474 -0.5896 -0.3063
vn -0.1145 -0.9604 -0.2541
vn 0.5733 -0.8193 -0.0016
vn 0.1574 -0.9875 -0.0014
vn 0.5690 -0.7709 -0.2864
vn -0.2473 -0.7708 -0.5871
vn 0.1160 -0.9933 -0.0000
vn -0.0432 -0.6920 0.7206
vn -0.2940 -0.6529 0.6980
vn -0.6560 -0.6367 0.4053
vn 0.1214 -0.9777 -0.1714
vn 0.2243 -0.9482 -0.2251
vn 0.1417 -0.9816 -0.1279
vn 0.0634 -0.9892 -0.1319
vn 0.0293 -0.9900 -0.1378
vn 0.1204 -0.9923 0.0296
vn -0.1176 -0.9926 0.0311
vn 0.1297 -0.9915 0.0016
vn -0.1265 -0.9909 -0.0470
vn 0.1268 -0.9908 -0.0465
vn -0.5741 -0.6906 0.4399
vn -0.6581 -0.7453 0.1067
vn 0.0060 -0.9901 -0.1403
vn -0.0000 -0.9745 -0.2242
vn 0.0023 -0.9869 -0.1616
vn -0.0183 -0.9996 -0.0197
vn 0.6587 -0.6448 -0.3878
vn 0.7242 -0.6843 -0.0849
vn 0.5871 -0.7708 0.2473
vn 0.3406 -0.6528 -0.6767
vn -0.3406 -0.6528 -0.6767
vn -0.4053 -0.6367 0.6560
vn 0.1865 -0.9739 -0.1291
vn -0.6332 -0.4455 0.6329
vn 0.1343 -0.4481 0.8839
vn 0.2506 -0.4469 0.8587
vn -0.7859 -0.4500 0.4241
vn -0.8662 -0.4500 0.2174
vn 0.1090 -0.4532 0.8847
vn -0.0553 -0.7173 0.6946
vn -0.0189 -0.4551 0.8902
vn 0.1262 -0.7128 0.6899
vn -0.3312 -0.4492 0.8298
vn -0.8931 -0.4499 -0.0000
vn -0.8662 -0.4500 -0.2174
vn -0.7859 -0.4500 -0.4241
vn -0.6598 -0.4498 -0.6019
vn -0.5025 -0.4495 -0.7385
vn -0.4576 -0.5816 -0.6726
vn -0.3312 -0.4492 -0.8298
vn -0.3016 -0.5817 -0.7554
vn 0.2507 -0.4469 -0.8587
vn 0.2266 -0.5874 -0.7769
vn 0.2756 -0.4474 -0.8508
vn 0.1334 -0.4481 -0.8840
vn 0.0157 -0.4519 -0.8919
vn -0.3392 -0.8118 0.4753
vn -0.4084 -0.8165 0.4080
vn -0.5709 -0.5898 0.5711
vn -0.1434 -0.5828 0.7999
vn 0.5499 -0.5749 -0.6060
vn 0.0138 -0.5881 -0.8086
vn -0.5869 -0.5894 -0.5551
vn -0.4188 -0.8164 -0.3977
vn 0.0198 -0.9386 -0.3444
vn -0.1827 -0.9379 -0.2949
vn -0.5030 -0.8213 0.2692
vn 0.0137 -0.4483 0.8938
vn -0.1608 -0.4488 0.8790
vn -0.2875 -0.4479 0.8466
vn -0.3504 -0.5882 0.7289
vn -0.2600 -0.5885 -0.7656
vn -0.8854 -0.4526 -0.1058
vn -0.8910 -0.4537 0.0193
vn -0.8790 -0.4488 0.1608
vn -0.3863 -0.5811 0.7163
vn -0.8298 -0.4492 0.3312
vn -0.4241 -0.4500 0.7859
vn -0.0000 -0.4499 0.8931
vn 0.7385 -0.4495 0.5025
vn 0.5493 -0.5803 0.6013
vn 0.6019 -0.4498 0.6598
vn 0.8298 -0.4492 0.3312
vn 0.8790 -0.4488 0.1608
vn 0.8911 -0.4534 0.0193
vn 0.8854 -0.4526 -0.1059
vn 0.7617 -0.4475 0.4686
vn 0.6141 -0.4452 0.6516
vn 0.5579 -0.8098 -0.1816
vn 0.5575 -0.8140 -0.1631
vn 0.1265 -0.9909 0.0462
vn 0.3443 -0.9387 -0.0198
vn 0.3365 -0.9362 -0.1017
vn 0.3346 -0.9387 -0.0832
vn 0.3080 -0.9395 0.1501
vn 0.3793 -0.7951 -0.4732
vn -0.2692 -0.8175 0.5092
vn 0.6565 -0.5374 0.5292
vn -0.7986 -0.5896 -0.1209
vn -0.3084 -0.9394 0.1495
vn 0.8058 -0.4478 0.3874
vn -0.3211 -0.9406 0.1100
vn 0.8931 -0.4499 -0.0000
vn 0.8135 -0.5816 -0.0000
vn -0.2756 -0.4474 0.8508
vn -0.2502 -0.4466 -0.8590
vn -0.2503 -0.5836 -0.7725
vn 0.3312 -0.4492 -0.8298
vn -0.2756 -0.4474 -0.8508
vn -0.1339 -0.4479 -0.8840
vn 0.6332 -0.4454 -0.6330
vn 0.5329 -0.5319 0.6581
vn -0.1246 -0.7116 0.6914
vn -0.5526 -0.5683 0.6096
vn 0.1437 -0.5827 0.7999
vn 0.5313 -0.5355 -0.6565
vn -0.0024 -0.9131 -0.4077
vn -0.0421 -0.9425 0.3315
vn 0.0462 -0.9909 -0.1266
vn -0.0205 -0.9386 -0.3445
vn -0.0855 -0.9396 -0.3313
vn 0.5095 -0.8173 0.2691
vn 0.3016 -0.5817 -0.7554
vn 0.0987 -0.8082 -0.5805
vn -0.1064 -0.4505 0.8864
vn 0.0568 -0.7197 0.6920
vn 0.0196 -0.4530 0.8913
vn -0.6668 -0.5844 -0.4624
vn -0.7355 -0.4470 -0.5092
vn -0.7914 -0.5835 0.1823
vn -0.8501 -0.4474 0.2779
vn -0.8707 -0.4478 0.2034
vn -0.8790 -0.4488 -0.1608
vn -0.7999 -0.5827 -0.1437
vn -0.4241 -0.4500 -0.7859
vn -0.2174 -0.4500 -0.8662
vn -0.6019 -0.4498 -0.6598
vn 0.7385 -0.4495 -0.5025
vn 0.6726 -0.5816 -0.4576
vn 0.6019 -0.4498 -0.6598
vn 0.8298 -0.4492 -0.3312
vn 0.7554 -0.5817 -0.3016
vn 0.8790 -0.4488 -0.1608
vn 0.7999 -0.5827 -0.1437
vn 0.8508 -0.4474 0.2756
vn 0.7726 -0.5835 0.2502
vn 0.8707 -0.4477 0.2034
vn 0.8587 -0.4469 0.2507
vn 0.8840 -0.4481 0.1334
vn 0.6589 -0.5852 -0.4726
vn 0.7617 -0.4476 -0.4686
vn 0.7271 -0.4469 -0.5212
vn 0.8919 -0.4519 0.0157
vn -0.4800 -0.8111 -0.3343
vn -0.6090 -0.5700 0.5515
vn 0.6065 -0.5741 0.5501
vn 0.8086 -0.5881 0.0139
vn -0.6579 -0.5312 -0.5339
vn -0.3211 -0.9406 -0.1100
vn 0.3445 -0.9386 0.0205
vn -0.5498 -0.5802 -0.6009
vn 0.2693 -0.8214 -0.5028
vn -0.2692 -0.8213 -0.5030
vn -0.8938 -0.4483 0.0137
vn 0.8038 -0.5896 -0.0785
vn -0.8873 -0.4528 -0.0874
vn -0.8753 -0.4478 -0.1825
vn -0.5312 0.7812 0.3280
vn -0.5305 0.2685 -0.8040
vn 0.5564 -0.4339 -0.7087
vn 0.5964 -0.3578 -0.7185
vn -0.8029 0.4037 -0.4386
vn -0.8029 0.4037 0.4386
vn -0.5305 0.2685 0.8040
vn 0.5563 -0.4339 0.7087
vn 0.5964 -0.3578 0.7185
vn 0.3812 -0.5811 -0.7190
vn 0.4898 -0.4995 -0.7146
vn -0.0437 0.7330 -0.6789
vn -0.5058 0.1686 -0.8460
vn -0.1619 0.7458 -0.6462
vn -0.2917 0.7622 -0.5780
vn -0.4206 0.1674 -0.8917
vn -0.4075 0.7699 -0.4911
vn -0.8610 0.2346 -0.4512
vn -0.4925 0.7785 -0.3890
vn -0.8261 0.2623 -0.4987
vn -0.5648 0.7800 -0.2695
vn -0.6087 0.7813 -0.1379
vn -0.5662 0.8242 0.0019
vn -0.9701 0.2426 -0.0000
vn -0.6230 0.7813 -0.0365
vn -0.9600 0.2799 -0.0000
vn -0.9455 0.3255 -0.0000
vn -0.9218 0.3876 -0.0000
vn -0.8930 0.4500 -0.0000
vn -0.6230 0.7813 0.0364
vn -0.6087 0.7813 0.1379
vn -0.8610 0.2346 0.4512
vn -0.8261 0.2623 0.4987
vn -0.5648 0.7800 0.2695
vn -0.4925 0.7785 0.3890
vn -0.4076 0.7699 0.4910
vn -0.4206 0.1674 0.8917
vn -0.5058 0.1686 0.8460
vn -0.1619 0.7458 0.6462
vn -0.2917 0.7622 0.5779
vn 0.6781 -0.4061 0.6126
vn -0.0438 0.7330 0.6789
vn 0.3812 -0.5811 0.7190
vn 0.4898 -0.4995 0.7146
vn 0.3984 0.7860 0.4728
vn 0.3948 0.7901 -0.4688
vn 0.5748 -0.5769 -0.5804
vn 0.6498 0.1978 -0.7339
vn -0.8821 0.4336 -0.1842
vn -0.1684 0.3064 0.9369
vn 0.5750 -0.5772 0.5798
vn 0.6505 0.1980 0.7333
vn 0.1873 0.7675 0.6131
vn -0.3196 0.9443 -0.0785
vn -0.3190 0.9476 -0.0189
vn -0.3182 0.9446 0.0808
vn -0.3008 0.9420 0.1490
vn -0.3152 0.9489 0.0170
vn -0.2726 0.9333 0.2338
vn -0.2311 0.9258 0.2993
vn -0.1686 0.9075 0.3848
vn -0.0879 0.8891 0.4491
vn -0.0170 0.8695 0.4937
vn 0.4412 0.8510 0.2848
vn 0.4503 0.8442 -0.2907
vn -0.9568 -0.0000 -0.2907
vn -0.0410 0.7347 -0.6772
vn -0.8942 -0.0000 -0.4477
vn -0.1495 0.7483 -0.6463
vn -0.9489 -0.0000 -0.3156
vn -0.2760 0.7605 -0.5878
vn -0.9896 -0.0000 -0.1441
vn -0.3867 0.7698 -0.5077
vn -0.9996 -0.0000 0.0300
vn -0.4800 0.7770 -0.4074
vn -0.9798 -0.0000 0.2002
vn -0.5533 0.7819 -0.2872
vn -0.9316 -0.0000 0.3635
vn -0.6016 0.7847 -0.1493
vn -0.8558 -0.0000 0.5173
vn -0.6224 0.7818 -0.0383
vn 0.7951 -0.0000 0.6064
vn -0.6016 0.7847 0.1492
vn 0.8090 -0.0000 0.5878
vn -0.5533 0.7819 0.2873
vn 0.8128 -0.0000 0.5825
vn -0.4800 0.7769 0.4073
vn 0.8194 -0.0000 0.5732
vn -0.3867 0.7699 0.5077
vn 0.8329 -0.0000 0.5534
vn -0.2761 0.7605 0.5878
vn 0.8604 -0.0000 0.5096
vn -0.1495 0.7483 0.6463
vn 0.8718 -0.0000 0.4899
vn -0.0411 0.7346 0.6772
vn 0.8704 -0.0000 0.4923
vn 0.3949 0.7901 0.4688
vn -0.5730 0.5795 -0.5796
vn 0.1938 0.6867 0.7006
vn 0.5662 0.8242 0.0019
vn 0.5305 0.2684 -0.8041
vn -0.5964 -0.3578 -0.7185
vn -0.5564 -0.4339 -0.7087
vn 0.8573 0.5148 0.0041
vn 0.8030 0.4037 -0.4385
vn 0.8010 0.4036 0.4422
vn 0.8932 0.4497 0.0017
vn 0.7822 0.4667 0.4128
vn 0.5257 0.2660 0.8080
vn -0.3813 -0.5811 -0.7190
vn -0.4898 -0.4995 -0.7146
vn 0.0438 0.7330 -0.6789
vn -0.3984 0.7860 -0.4728
vn 0.1619 0.7458 -0.6462
vn 0.5058 0.1686 -0.8460
vn 0.2917 0.7621 -0.5780
vn 0.4206 0.1674 -0.8917
vn 0.4076 0.7699 -0.4910
vn 0.8701 0.2346 -0.4334
vn 0.4925 0.7785 -0.3890
vn 0.8265 0.2623 -0.4980
vn 0.5648 0.7800 -0.2695
vn 0.6053 0.7844 -0.1350
vn 0.6193 0.7842 -0.0384
vn 0.9594 0.2819 0.0041
vn 0.9456 0.3252 0.0058
vn 0.9220 0.3872 0.0027
vn 0.8129 0.3509 0.4648
vn 0.5312 0.7812 0.3279
vn 0.5194 0.2885 0.8044
vn 0.1661 0.0851 0.9824
vn 0.1665 0.0880 0.9821
vn -0.5731 0.5794 0.5796
vn -0.6806 -0.4037 0.6114
vn -0.6783 -0.1270 0.7237
vn -0.3948 0.7901 0.4688
vn -0.6379 -0.2785 0.7180
vn -0.5748 -0.5769 -0.5804
vn 0.1885 0.3222 -0.9277
vn 0.7282 -0.6853 -0.0089
vn 0.8811 0.4313 -0.1940
vn 0.8995 0.4368 0.0084
vn 0.8785 0.4339 0.2001
vn -0.5750 -0.5772 0.5798
vn 0.1684 0.3064 0.9369
vn -0.6505 0.1980 0.7333
vn -0.6498 0.1978 -0.7339
vn 0.0174 0.8690 -0.4945
vn -0.4413 0.8510 -0.2849
vn 0.1688 0.9080 -0.3835
vn 0.0873 0.8890 -0.4495
vn 0.2724 0.9337 -0.2324
vn 0.2302 0.9259 -0.2995
vn 0.3196 0.9443 -0.0785
vn 0.2999 0.9422 -0.1495
vn 0.3182 0.9478 -0.0192
vn 0.3182 0.9478 0.0192
vn 0.3203 0.9440 0.0794
vn 0.3008 0.9420 0.1490
vn 0.2726 0.9333 0.2337
vn 0.2311 0.9258 0.2993
vn 0.1687 0.9075 0.3848
vn 0.0880 0.8891 0.4491
vn 0.0170 0.8695 0.4937
vn -0.3949 0.7901 -0.4688
vn -0.7358 -0.0000 -0.6772
vn 0.0411 0.7346 -0.6773
vn -0.7302 -0.0000 -0.6832
vn 0.1495 0.7483 -0.6463
vn -0.7089 -0.0000 -0.7053
vn 0.2760 0.7605 -0.5877
vn -0.6968 -0.0000 -0.7173
vn 0.3867 0.7699 -0.5077
vn -0.6897 -0.0000 -0.7241
vn 0.4800 0.7769 -0.4074
vn -0.7369 -0.0000 -0.6760
vn 0.5533 0.7819 -0.2872
vn -0.8062 -0.0000 -0.5917
vn 0.6016 0.7847 -0.1493
vn -0.8536 -0.0000 -0.5209
vn 0.6224 0.7817 0.0383
vn 0.9553 -0.0000 -0.2956
vn 0.6016 0.7847 0.1493
vn 0.9977 -0.0000 -0.0680
vn 0.5533 0.7819 0.2872
vn 0.9901 -0.0000 0.1402
vn 0.4801 0.7769 0.4074
vn 0.9477 -0.0000 0.3192
vn 0.3867 0.7699 0.5077
vn 0.8850 -0.0000 0.4656
vn 0.2760 0.7605 0.5878
vn 0.8156 -0.0000 0.5787
vn 0.1495 0.7483 0.6463
vn 0.7552 -0.0000 0.6555
vn 0.0411 0.7346 0.6772
vn 0.8833 -0.0000 0.4688
vn 0.8040 0.2685 -0.5305
vn 0.7087 -0.4339 0.5564
vn 0.7185 -0.3578 0.5964
vn 0.4387 0.4037 -0.8028
vn -0.4387 0.4037 -0.8028
vn -0.8041 0.2684 -0.5305
vn -0.7087 -0.4339 0.5563
vn -0.7185 -0.3578 0.5964
vn 0.7190 -0.5811 0.3812
vn 0.7146 -0.4995 0.4898
vn 0.6789 0.7330 -0.0438
vn 0.8460 0.1686 -0.5058
vn 0.6462 0.7458 -0.1619
vn 0.5780 0.7621 -0.2917
vn 0.8917 0.1674 -0.4206
vn 0.3279 0.7812 -0.5313
vn 0.4910 0.7699 -0.4076
vn 0.4513 0.2346 -0.8610
vn 0.3890 0.7785 -0.4926
vn 0.4988 0.2623 -0.8261
vn 0.2695 0.7800 -0.5648
vn 0.0019 0.8242 -0.5662
vn 0.1379 0.7813 -0.6087
vn -0.0000 0.2426 -0.9701
vn 0.0365 0.7814 -0.6230
vn -0.0000 0.2799 -0.9600
vn -0.0000 0.3255 -0.9455
vn -0.0000 0.3876 -0.9218
vn -0.0000 0.4500 -0.8930
vn -0.0364 0.7813 -0.6230
vn -0.1379 0.7813 -0.6087
vn -0.4512 0.2346 -0.8610
vn -0.4987 0.2623 -0.8261
vn -0.2695 0.7800 -0.5648
vn -0.3890 0.7785 -0.4925
vn -0.4911 0.7699 -0.4075
vn -0.8917 0.1674 -0.4206
vn -0.8460 0.1686 -0.5058
vn -0.6462 0.7458 -0.1619
vn -0.5780 0.7621 -0.2917
vn -0.6126 -0.4061 0.6781
vn -0.6788 0.7330 -0.0438
vn -0.7190 -0.5811 0.3812
vn -0.7146 -0.4995 0.4898
vn -0.4688 0.7901 0.3949
vn 0.4729 0.7860 0.3983
vn 0.5804 -0.5769 0.5748
vn 0.7339 0.1978 0.6498
vn -0.2371 -0.6642 -0.7089
vn 0.1940 0.4313 -0.8811
vn 0.0061 -0.6842 -0.7293
vn -0.0212 0.4368 -0.8993
vn -0.3130 0.4229 -0.8504
vn -0.5151 -0.6644 -0.5415
vn -0.6385 0.3959 -0.6600
vn -0.8233 0.3543 -0.4434
vn -0.9406 0.3019 -0.1553
vn -0.5798 -0.5772 0.5750
vn -0.7333 0.1980 0.6505
vn -0.7219 -0.6567 -0.2181
vn 0.0785 0.9443 -0.3195
vn 0.0192 0.9478 -0.3183
vn -0.0212 0.9470 -0.3206
vn -0.0730 0.9455 -0.3174
vn -0.1574 0.9405 -0.3012
vn -0.2241 0.9356 -0.2727
vn -0.3054 0.9244 -0.2286
vn -0.3854 0.9068 -0.1706
vn -0.4491 0.8891 -0.0879
vn -0.4937 0.8695 -0.0170
vn -0.2848 0.8510 0.4412
vn 0.2907 0.8442 0.4503
vn -0.8675 -0.0000 -0.4975
vn 0.6463 0.7483 -0.1494
vn -0.8516 -0.0000 -0.5241
vn 0.5878 0.7605 -0.2761
vn -0.8298 -0.0000 -0.5580
vn 0.5077 0.7699 -0.3867
vn 0.4073 0.7770 -0.4800
vn -0.8488 -0.0000 -0.5287
vn 0.2872 0.7819 -0.5533
vn -0.8909 -0.0000 -0.4543
vn 0.1493 0.7848 -0.6016
vn -0.9300 -0.0000 -0.3677
vn 0.0383 0.7817 -0.6225
vn -0.9480 -0.0000 -0.3182
vn -0.0383 0.7818 -0.6224
vn -0.9635 -0.0000 -0.2677
vn -0.1493 0.7847 -0.6016
vn -0.9859 -0.0000 -0.1670
vn -0.2872 0.7819 -0.5533
vn -0.9985 -0.0000 -0.0548
vn -0.4074 0.7769 -0.4801
vn -0.9978 -0.0000 0.0662
vn -0.5077 0.7699 -0.3867
vn -0.9801 -0.0000 0.1986
vn -0.5877 0.7605 -0.2760
vn -0.9383 -0.0000 0.3457
vn -0.6462 0.7483 -0.1495
vn -0.8614 -0.0000 0.5079
vn -0.6773 0.7346 -0.0411
vn 0.8928 -0.0000 0.4504
vn 0.4688 0.7901 0.3949
vn -0.7006 0.6867 0.1938
vn -0.0019 0.8242 0.5663
vn 0.8040 0.2685 0.5305
vn 0.7185 -0.3578 -0.5964
vn 0.7087 -0.4339 -0.5563
vn -0.0041 0.5148 0.8573
vn 0.4384 0.4037 0.8030
vn -0.4422 0.4036 0.8010
vn -0.0017 0.4497 0.8932
vn -0.4127 0.4668 0.7822
vn -0.8080 0.2660 0.5257
vn 0.7190 -0.5811 -0.3812
vn 0.7146 -0.4995 -0.4898
vn 0.6789 0.7330 0.0438
vn 0.4688 0.7901 -0.3949
vn 0.6462 0.7458 0.1619
vn 0.8460 0.1686 0.5058
vn 0.5780 0.7621 0.2917
vn 0.8917 0.1674 0.4206
vn 0.4910 0.7699 0.4076
vn 0.4334 0.2346 0.8701
vn 0.3890 0.7785 0.4926
vn 0.4980 0.2624 0.8265
vn 0.2695 0.7800 0.5648
vn 0.1350 0.7844 0.6053
vn 0.0384 0.7842 0.6193
vn -0.0041 0.2819 0.9594
vn -0.0058 0.3252 0.9456
vn -0.0027 0.3872 0.9220
vn -0.4648 0.3509 0.8129
vn -0.3279 0.7812 0.5312
vn -0.8044 0.2885 0.5194
vn -0.9824 0.0851 0.1661
vn -0.9821 0.0880 0.1665
vn -0.6122 -0.4058 -0.6786
vn -0.7237 -0.1270 -0.6783
vn -0.4729 0.7860 -0.3983
vn -0.7180 -0.2785 -0.6379
vn 0.5804 -0.5769 -0.5748
vn 0.9277 0.3221 0.1885
vn -0.2372 -0.6642 0.7089
vn 0.0061 -0.6842 0.7293
vn 0.1940 0.4313 0.8811
vn -0.0212 0.4368 0.8993
vn -0.3130 0.4229 0.8504
vn -0.5151 -0.6644 0.5415
vn -0.6385 0.3959 0.6600
vn -0.8233 0.3543 0.4434
vn -0.7219 -0.6567 0.2181
vn -0.5798 -0.5772 -0.5750
vn -0.9406 0.3019 0.1553
vn -0.7333 0.1980 -0.6505
vn 0.7339 0.1978 -0.6498
vn 0.4945 0.8690 0.0174
vn 0.2907 0.8442 -0.4503
vn 0.3835 0.9080 0.1688
vn 0.4495 0.8890 0.0873
vn 0.2324 0.9337 0.2724
vn 0.2995 0.9259 0.2302
vn 0.0785 0.9443 0.3196
vn 0.1495 0.9422 0.2999
vn 0.0192 0.9478 0.3182
vn -0.0212 0.9470 0.3206
vn -0.0730 0.9455 0.3174
vn -0.1574 0.9405 0.3012
vn -0.2241 0.9356 0.2727
vn -0.3054 0.9244 0.2286
vn -0.3853 0.9069 0.1707
vn -0.4491 0.8891 0.0880
vn -0.4937 0.8695 0.0171
vn -0.2848 0.8510 -0.4412
vn 0.6772 0.7346 0.0411
vn 0.9554 -0.0000 -0.2954
vn 0.6463 0.7483 0.1495
vn 0.9966 -0.0000 -0.0830
vn 0.5878 0.7605 0.2760
vn 0.9936 -0.0000 0.1126
vn 0.5077 0.7699 0.3867
vn 0.9592 -0.0000 0.2828
vn 0.4073 0.7769 0.4801
vn 0.9065 -0.0000 0.4222
vn 0.2872 0.7819 0.5533
vn 0.8503 -0.0000 0.5263
vn 0.1493 0.7847 0.6016
vn 0.8020 -0.0000 0.5973
vn 0.0382 0.7818 0.6224
vn 0.7827 -0.0000 0.6224
vn -0.0383 0.7818 0.6224
vn 0.7772 -0.0000 0.6293
vn -0.1493 0.7847 0.6016
vn 0.7602 -0.0000 0.6497
vn -0.2873 0.7819 0.5533
vn 0.7411 -0.0000 0.6714
vn -0.4073 0.7770 0.4800
vn 0.7050 -0.0000 0.7092
vn -0.5076 0.7699 0.3867
vn 0.7246 -0.0000 0.6891
vn -0.5878 0.7605 0.2760
vn 0.7582 -0.0000 0.6520
vn -0.6463 0.7483 0.1495
vn 0.7794 -0.0000 0.6266
vn -0.4688 0.7901 -0.3949
vn -0.9187 -0.0000 -0.3949
vn 0.8652 0.4523 -0.2164
vn 0.3848 0.4523 -0.8046
vn -0.8652 0.4523 0.2164
vn -0.7846 0.4523 -0.4240
vn -0.8733 0.4523 0.1811
vn -0.6023 0.4523 0.6577
vn -0.4240 0.4523 0.7846
vn 0.2164 0.4523 0.8652
vn -0.7598 0.4523 -0.4670
vn -0.2164 0.4523 -0.8652
vn 0.7256 0.4511 -0.5197
vn 0.8634 0.0785 -0.4985
vn 0.6408 0.0785 -0.7637
vn -0.0000 0.0785 -0.9969
vn -0.3410 0.0785 -0.9368
vn -0.8634 0.0785 -0.4985
vn -0.9818 0.0785 -0.1731
vn -0.8633 0.0785 0.4985
vn -0.6408 0.0785 0.7637
vn -0.0000 0.0785 0.9969
vn 0.8633 0.0785 0.4985
vn 0.9818 0.0785 0.1731
vn -0.5013 0.6486 -0.5727
vn 0.3410 0.0785 -0.9368
vn -0.3410 0.0785 0.9368
vn -0.9818 0.0785 0.1731
vn -0.5706 -0.6592 -0.4898
vn 0.4985 0.0785 0.8634
vn 0.7637 0.0785 0.6408
vn 0.9969 0.0785 -0.0000
vn 0.4985 0.0785 -0.8633
vn 0.1731 0.0785 -0.9818
vn -0.4985 0.0785 -0.8633
vn -0.7637 0.0785 -0.6408
vn -0.9969 0.0785 -0.0000
vn -0.9368 0.0785 0.3410
vn -0.4985 0.0785 0.8633
vn -0.1731 0.0785 0.9818
vn 0.7178 -0.6444 -0.2637
vn -0.7178 0.6444 -0.2637
vn 0.9368 0.0785 0.3410
vn 0.4985 0.0785 0.8633
vn 0.1731 0.0785 0.9818
vn -0.7637 0.0785 0.6408
vn -0.2159 -0.6391 -0.7382
vn -0.2174 -0.4500 0.8662
vn 0.7207 -0.4469 0.5300
vn 0.5093 -0.4467 0.7356
vt 0.359278 0.527178
vt 0.395389 0.489726
vt 0.413068 0.545888
vt 0.422824 0.427490
vt 0.348541 0.452737
vt 0.411711 0.408862
vt 0.344180 0.480300
vt 0.355314 0.478405
vt 0.316965 0.492691
vt 0.301555 0.488623
vt 0.315985 0.501064
vt 0.283132 0.501064
vt 0.282198 0.495387
vt 0.227480 0.501064
vt 0.217414 0.499124
vt 0.225899 0.496706
vt 0.182255 0.501364
vt 0.159064 0.493030
vt 0.170282 0.501004
vt 0.093244 0.481841
vt 0.153524 0.510019
vt 0.100468 0.520026
vt 0.043937 0.518685
vt 0.028770 0.499567
vt 0.038976 0.522098
vt 0.034301 0.484662
vt 0.039097 0.480312
vt 0.033507 0.516140
vt 0.032281 0.487840
vt 0.029591 0.494264
vt 0.034393 0.519023
vt 0.038916 0.523467
vt 0.039116 0.523593
vt 0.026914 0.499571
vt 0.027569 0.495659
vt 0.027105 0.503337
vt 0.031582 0.486051
vt 0.030769 0.487646
vt 0.029187 0.490261
vt 0.039116 0.478707
vt 0.034335 0.482999
vt 0.039116 0.478535
vt 0.034214 0.519165
vt 0.030405 0.536318
vt 0.020695 0.527047
vt 0.024403 0.471066
vt 0.030457 0.465825
vt 0.037258 0.475927
vt 0.308880 0.516174
vt 0.336639 0.521742
vt 0.284134 0.476186
vt 0.223054 0.506384
vt 0.273448 0.511396
vt 0.219139 0.514218
vt 0.268391 0.521662
vt 0.185728 0.511046
vt 0.359267 0.474985
vt 0.359283 0.474948
vt 0.355073 0.523936
vt 0.340105 0.520922
vt 0.323291 0.518940
vt 0.287627 0.513230
vt 0.223100 0.496770
vt 0.223201 0.496358
vt 0.273448 0.490731
vt 0.294455 0.488045
vt 0.309220 0.485751
vt 0.323180 0.483210
vt 0.336640 0.480385
vt 0.331938 0.501064
vt 0.332951 0.513644
vt 0.293370 0.507525
vt 0.207332 0.501517
vt 0.212278 0.503910
vt 0.037264 0.526151
vt 0.029094 0.510659
vt 0.029038 0.506225
vt 0.027763 0.507457
vt 0.197266 0.536843
vt 0.190241 0.465582
vt 0.197264 0.465289
vt 0.190227 0.536519
vt 0.194687 0.473009
vt 0.187492 0.528819
vt 0.194697 0.529178
vt 0.173286 0.473720
vt 0.173205 0.528182
vt 0.180369 0.473607
vt 0.180384 0.528546
vt 0.176149 0.535899
vt 0.176156 0.466200
vt 0.183204 0.536231
vt 0.187556 0.473237
vt 0.211330 0.464662
vt 0.209000 0.529724
vt 0.211336 0.537469
vt 0.201779 0.529463
vt 0.201848 0.472655
vt 0.204292 0.537151
vt 0.183194 0.465900
vt 0.204079 0.503710
vt 0.028116 0.509120
vt 0.027344 0.496045
vt 0.026933 0.502871
vt 0.594682 0.521658
vt 0.604687 0.511713
vt 0.586809 0.546251
vt 0.596916 0.500598
vt 0.662834 0.458354
vt 0.599669 0.460525
vt 0.593297 0.412933
vt 0.668062 0.501064
vt 0.667048 0.488484
vt 0.684015 0.501064
vt 0.716869 0.501064
vt 0.706631 0.494603
vt 0.772520 0.501064
vt 0.792668 0.500610
vt 0.787723 0.498218
vt 0.817745 0.500764
vt 0.829716 0.501106
vt 0.848163 0.492367
vt 0.899532 0.482102
vt 0.863690 0.512413
vt 0.923820 0.522761
vt 0.956063 0.483442
vt 0.971230 0.502560
vt 0.961024 0.480030
vt 0.966493 0.485987
vt 0.965699 0.517465
vt 0.960903 0.521816
vt 0.967719 0.514288
vt 0.970409 0.507863
vt 0.960884 0.523421
vt 0.965619 0.519184
vt 0.960884 0.523593
vt 0.972431 0.495659
vt 0.973081 0.499495
vt 0.972895 0.503336
vt 0.968971 0.487355
vt 0.968418 0.486051
vt 0.970813 0.490261
vt 0.965591 0.483095
vt 0.961084 0.478660
vt 0.960884 0.478535
vt 0.975597 0.531061
vt 0.969543 0.536303
vt 0.969595 0.465810
vt 0.965750 0.482928
vt 0.979321 0.475099
vt 0.651586 0.549317
vt 0.578254 0.573622
vt 0.715864 0.525941
vt 0.640717 0.474948
vt 0.663361 0.480385
vt 0.690781 0.485751
vt 0.778646 0.496614
vt 0.726551 0.490731
vt 0.776500 0.506058
vt 0.812591 0.510953
vt 0.782044 0.514315
vt 0.640740 0.474955
vt 0.644571 0.477947
vt 0.644445 0.524023
vt 0.663360 0.521742
vt 0.640737 0.527174
vt 0.676819 0.518918
vt 0.690781 0.516377
vt 0.705545 0.514082
vt 0.726551 0.511397
vt 0.776799 0.505769
vt 0.774100 0.505422
vt 0.795922 0.498417
vt 0.712373 0.488898
vt 0.676709 0.483188
vt 0.659894 0.481206
vt 0.683034 0.509437
vt 0.698446 0.513504
vt 0.655847 0.521778
vt 0.717803 0.506740
vt 0.782586 0.503003
vt 0.970906 0.491469
vt 0.970962 0.495902
vt 0.795703 0.464966
vt 0.788663 0.537470
vt 0.788672 0.464651
vt 0.795715 0.537152
vt 0.826773 0.528185
vt 0.819627 0.473605
vt 0.819628 0.528474
vt 0.823842 0.466199
vt 0.816806 0.536232
vt 0.816809 0.465902
vt 0.823846 0.535910
vt 0.802740 0.536852
vt 0.805302 0.472968
vt 0.802733 0.465311
vt 0.812447 0.473276
vt 0.812454 0.528831
vt 0.809678 0.465589
vt 0.798164 0.472658
vt 0.798146 0.529483
vt 0.779955 0.487904
vt 0.731609 0.480465
vt 0.972656 0.496044
vt 0.973075 0.502731
vt 0.962762 0.526234
vt 0.527179 0.640717
vt 0.489816 0.604723
vt 0.545886 0.587888
vt 0.427562 0.578318
vt 0.452587 0.651199
vt 0.410367 0.590702
vt 0.492691 0.683035
vt 0.488623 0.698444
vt 0.480350 0.655847
vt 0.501064 0.684015
vt 0.501064 0.716868
vt 0.495388 0.717802
vt 0.501064 0.772522
vt 0.499124 0.782584
vt 0.496706 0.774099
vt 0.501365 0.817745
vt 0.493030 0.840936
vt 0.501004 0.829718
vt 0.481841 0.906757
vt 0.510019 0.846476
vt 0.520026 0.899532
vt 0.518685 0.956063
vt 0.496859 0.970704
vt 0.522098 0.961024
vt 0.484662 0.965699
vt 0.480312 0.960903
vt 0.516140 0.966493
vt 0.487841 0.967719
vt 0.519023 0.965607
vt 0.523467 0.961084
vt 0.523593 0.960884
vt 0.504324 0.972978
vt 0.506036 0.972470
vt 0.509029 0.971913
vt 0.493430 0.971579
vt 0.499756 0.972920
vt 0.493442 0.972021
vt 0.499381 0.973074
vt 0.478707 0.960884
vt 0.482767 0.965384
vt 0.478535 0.960884
vt 0.519165 0.965786
vt 0.536318 0.969595
vt 0.527516 0.978924
vt 0.471346 0.975886
vt 0.465825 0.969543
vt 0.476164 0.962631
vt 0.516179 0.691113
vt 0.521743 0.663360
vt 0.476186 0.715865
vt 0.506384 0.776947
vt 0.511398 0.726549
vt 0.514218 0.780862
vt 0.521663 0.731609
vt 0.511046 0.814272
vt 0.527172 0.640740
vt 0.524181 0.644570
vt 0.520922 0.659894
vt 0.518940 0.676708
vt 0.513230 0.712372
vt 0.496770 0.776902
vt 0.496359 0.776803
vt 0.490730 0.726546
vt 0.488045 0.705544
vt 0.485751 0.690781
vt 0.483209 0.676817
vt 0.480385 0.663361
vt 0.474953 0.640736
vt 0.478105 0.644445
vt 0.501064 0.668062
vt 0.513644 0.667049
vt 0.507525 0.706629
vt 0.501518 0.792668
vt 0.503910 0.787723
vt 0.526107 0.962708
vt 0.511562 0.970603
vt 0.506225 0.970962
vt 0.499511 0.972120
vt 0.487463 0.969112
vt 0.536847 0.802722
vt 0.465601 0.809755
vt 0.465288 0.802736
vt 0.536529 0.809777
vt 0.473009 0.805313
vt 0.528820 0.812487
vt 0.529179 0.805304
vt 0.473720 0.826714
vt 0.528182 0.826795
vt 0.473607 0.819631
vt 0.528550 0.819614
vt 0.535899 0.823851
vt 0.466200 0.823844
vt 0.536237 0.816776
vt 0.473239 0.812445
vt 0.464663 0.788670
vt 0.529724 0.791000
vt 0.537469 0.788664
vt 0.529477 0.798170
vt 0.472656 0.798149
vt 0.537151 0.795708
vt 0.465900 0.816805
vt 0.503710 0.795924
vt 0.492857 0.971836
vt 0.521658 0.406249
vt 0.511824 0.395399
vt 0.546251 0.414170
vt 0.500598 0.404015
vt 0.458354 0.337166
vt 0.460514 0.400927
vt 0.501064 0.331938
vt 0.488484 0.332952
vt 0.501064 0.315985
vt 0.501064 0.283131
vt 0.494603 0.293370
vt 0.501064 0.227481
vt 0.500610 0.207332
vt 0.498218 0.212276
vt 0.500764 0.182255
vt 0.501106 0.170284
vt 0.492367 0.151837
vt 0.482102 0.100468
vt 0.512414 0.136310
vt 0.522761 0.076180
vt 0.483442 0.043937
vt 0.502555 0.028851
vt 0.480030 0.038976
vt 0.485987 0.033507
vt 0.517465 0.034300
vt 0.521816 0.039097
vt 0.514288 0.032282
vt 0.507864 0.029591
vt 0.523421 0.039116
vt 0.519184 0.034381
vt 0.523593 0.039116
vt 0.508862 0.028225
vt 0.502484 0.026910
vt 0.509029 0.028087
vt 0.496519 0.027433
vt 0.502650 0.027341
vt 0.486315 0.031741
vt 0.490151 0.029238
vt 0.490607 0.029464
vt 0.483153 0.034360
vt 0.478660 0.038916
vt 0.478535 0.039116
vt 0.530782 0.024114
vt 0.536303 0.030457
vt 0.465810 0.030405
vt 0.482917 0.034262
vt 0.474915 0.020829
vt 0.526201 0.037258
vt 0.549178 0.348174
vt 0.573693 0.422886
vt 0.525942 0.284136
vt 0.474948 0.359283
vt 0.480386 0.336638
vt 0.485751 0.309221
vt 0.496614 0.221353
vt 0.490730 0.273450
vt 0.506058 0.223499
vt 0.510953 0.187409
vt 0.514315 0.217955
vt 0.474955 0.359260
vt 0.477947 0.355429
vt 0.524023 0.355555
vt 0.521742 0.336639
vt 0.527174 0.359263
vt 0.518919 0.323183
vt 0.516133 0.307748
vt 0.514082 0.294454
vt 0.511203 0.271783
vt 0.505769 0.223198
vt 0.505422 0.225901
vt 0.498417 0.204075
vt 0.488898 0.287627
vt 0.483187 0.323294
vt 0.481206 0.340106
vt 0.509437 0.316966
vt 0.513505 0.301555
vt 0.521778 0.344153
vt 0.506740 0.282197
vt 0.503003 0.217414
vt 0.495902 0.029038
vt 0.464967 0.204297
vt 0.537470 0.211337
vt 0.464651 0.211328
vt 0.537152 0.204285
vt 0.528185 0.173227
vt 0.473605 0.180370
vt 0.528474 0.180373
vt 0.466199 0.176158
vt 0.536232 0.183194
vt 0.465902 0.183191
vt 0.535910 0.176154
vt 0.536853 0.197263
vt 0.472968 0.194698
vt 0.465311 0.197267
vt 0.473276 0.187552
vt 0.528832 0.187548
vt 0.465589 0.190323
vt 0.472658 0.201836
vt 0.529484 0.201855
vt 0.487904 0.220044
vt 0.480465 0.268390
vt 0.503564 0.026976
vt 0.496038 0.027345
vt 0.490645 0.490645
vt 0.467592 0.471239
vt 0.495203 0.487628
vt 0.479539 0.594682
vt 0.454898 0.586809
vt 0.500598 0.596916
vt 0.454898 0.414170
vt 0.543994 0.478045
vt 0.543000 0.489575
vt 0.529824 0.467592
vt 0.510419 0.490645
vt 0.513436 0.495203
vt 0.457069 0.523018
vt 0.458064 0.511489
vt 0.471248 0.533477
vt 0.543774 0.662834
vt 0.589502 0.591848
vt 0.406249 0.479539
vt 0.414170 0.454897
vt 0.404015 0.500598
vt 0.586809 0.454897
vt 0.490645 0.510419
vt 0.487628 0.505861
vt 0.478045 0.457069
vt 0.489574 0.458064
vt 0.523018 0.543994
vt 0.511489 0.543000
vt 0.533472 0.529824
vt 0.510419 0.510419
vt 0.505861 0.513436
vt 0.337166 0.543774
vt 0.567250 0.433813
vt 0.567250 0.567250
vt 0.433813 0.567250
vt 0.433813 0.433813
vt 0.411635 0.521454
vt 0.409027 0.500532
vt 0.434667 0.500532
vt 0.420545 0.542453
vt 0.442543 0.530005
vt 0.479608 0.411631
vt 0.500532 0.409027
vt 0.500532 0.434667
vt 0.458611 0.420544
vt 0.471059 0.442543
vt 0.589449 0.479604
vt 0.592060 0.500532
vt 0.566397 0.500532
vt 0.580521 0.458610
vt 0.558519 0.471059
vt 0.521459 0.589444
vt 0.500532 0.592059
vt 0.500532 0.566397
vt 0.542453 0.580520
vt 0.530005 0.558519
vt 0.471097 0.558452
vt 0.451942 0.549122
vt 0.460124 0.540940
vt 0.436695 0.514890
vt 0.442611 0.471097
vt 0.451941 0.451941
vt 0.460124 0.460124
vt 0.486174 0.436695
vt 0.529967 0.442611
vt 0.549122 0.451941
vt 0.540940 0.460124
vt 0.564369 0.486174
vt 0.558452 0.529967
vt 0.549122 0.549122
vt 0.540940 0.540940
vt 0.514890 0.564369
vt 0.476602 0.548723
vt 0.452340 0.476602
vt 0.524462 0.452340
vt 0.548723 0.524462
vt 0.505861 0.487628
vt 0.513436 0.505861
vt 0.495203 0.513436
vt 0.500532 0.514559
vt 0.487628 0.495203
vt 0.500532 0.486505
vt 0.500532 0.486505
vt 0.486505 0.500532
vt 0.514559 0.500532
vt 0.514559 0.500532
vt 0.332694 0.575730
vt 0.346880 0.579413
vt 0.344816 0.582800
vt 0.334612 0.572219
vt 0.291983 0.553449
vt 0.307301 0.559199
vt 0.290684 0.557274
vt 0.238455 0.544903
vt 0.216175 0.541708
vt 0.239074 0.540949
vt 0.256746 0.548137
vt 0.257574 0.544223
vt 0.141220 0.543428
vt 0.134745 0.545468
vt 0.137200 0.540458
vt 0.071017 0.558735
vt 0.087402 0.554004
vt 0.089258 0.557750
vt 0.053466 0.552944
vt 0.061744 0.554045
vt 0.052722 0.556915
vt 0.003429 0.520252
vt 0.001465 0.514069
vt 0.005382 0.513084
vt 0.006149 0.526136
vt 0.009722 0.524210
vt 0.072493 0.447310
vt 0.061741 0.448049
vt 0.071021 0.443393
vt 0.119630 0.451387
vt 0.134712 0.456648
vt 0.133635 0.460393
vt 0.147137 0.460209
vt 0.153078 0.461351
vt 0.152462 0.465363
vt 0.166446 0.462538
vt 0.158436 0.466026
vt 0.158825 0.462014
vt 0.218031 0.460247
vt 0.217739 0.463524
vt 0.207565 0.460856
vt 0.239075 0.461183
vt 0.294458 0.546159
vt 0.310201 0.552099
vt 0.259165 0.536703
vt 0.275310 0.548413
vt 0.240244 0.533479
vt 0.217256 0.537348
vt 0.217057 0.530635
vt 0.167716 0.528498
vt 0.158428 0.536026
vt 0.153766 0.530362
vt 0.118330 0.546906
vt 0.113153 0.541479
vt 0.086723 0.546334
vt 0.102177 0.551403
vt 0.072418 0.547161
vt 0.062507 0.546330
vt 0.072383 0.554815
vt 0.038726 0.548826
vt 0.035638 0.539570
vt 0.040959 0.541039
vt 0.021301 0.538461
vt 0.016763 0.534101
vt 0.007282 0.518756
vt 0.012197 0.508702
vt 0.012667 0.490875
vt 0.004284 0.494993
vt 0.005345 0.489035
vt 0.007206 0.483342
vt 0.009722 0.477917
vt 0.012898 0.472792
vt 0.019023 0.477139
vt 0.016777 0.468040
vt 0.021288 0.463652
vt 0.038726 0.453302
vt 0.035638 0.462558
vt 0.032262 0.456210
vt 0.041050 0.460980
vt 0.086662 0.455747
vt 0.102413 0.450786
vt 0.100826 0.458313
vt 0.087447 0.448111
vt 0.113126 0.460622
vt 0.117989 0.455102
vt 0.135317 0.467603
vt 0.143586 0.463529
vt 0.144647 0.471712
vt 0.154334 0.472195
vt 0.166944 0.466588
vt 0.166637 0.474277
vt 0.217322 0.464824
vt 0.218184 0.471976
vt 0.350896 0.429304
vt 0.338294 0.436653
vt 0.346918 0.422776
vt 0.383165 0.406214
vt 0.362736 0.421665
vt 0.369624 0.407514
vt 0.216963 0.528411
vt 0.134850 0.469562
vt 0.112108 0.462920
vt 0.191635 0.473808
vt 0.218837 0.484290
vt 0.255075 0.478780
vt 0.240241 0.468624
vt 0.384439 0.407948
vt 0.395993 0.395993
vt 0.015248 0.518347
vt 0.030749 0.514747
vt 0.011580 0.498499
vt 0.015248 0.483781
vt 0.349332 0.557399
vt 0.358897 0.560264
vt 0.373739 0.572721
vt 0.151880 0.516575
vt 0.142055 0.515765
vt 0.168267 0.512517
vt 0.135734 0.520188
vt 0.103735 0.530224
vt 0.103636 0.527241
vt 0.077889 0.531273
vt 0.086643 0.533781
vt 0.071262 0.534646
vt 0.047648 0.530670
vt 0.053049 0.529062
vt 0.058736 0.533441
vt 0.038617 0.478792
vt 0.053059 0.473063
vt 0.047876 0.471420
vt 0.058721 0.469010
vt 0.077892 0.470855
vt 0.086657 0.468313
vt 0.071272 0.467559
vt 0.135307 0.481970
vt 0.134893 0.484827
vt 0.103611 0.471794
vt 0.165878 0.486693
vt 0.161460 0.489243
vt 0.152123 0.485644
vt 0.219304 0.487935
vt 0.256068 0.481558
vt 0.285515 0.473460
vt 0.298389 0.467732
vt 0.319859 0.461699
vt 0.410028 0.402646
vt 0.394577 0.416429
vt 0.404670 0.404670
vt 0.374463 0.428603
vt 0.360663 0.440708
vt 0.164689 0.526650
vt 0.147923 0.529223
vt 0.026475 0.542402
vt 0.026475 0.459726
vt 0.153720 0.474188
vt 0.167457 0.535187
vt 0.167582 0.515425
vt 0.168506 0.536369
vt 0.089260 0.444379
vt 0.204297 0.464969
vt 0.152462 0.536765
vt 0.154752 0.540583
vt 0.167606 0.539565
vt 0.215933 0.538484
vt 0.393365 0.586870
vt 0.365424 0.582391
vt 0.062503 0.455760
vt 0.054880 0.456732
vt 0.277333 0.461121
vt 0.350912 0.572795
vt 0.338295 0.565474
vt 0.298389 0.534396
vt 0.321729 0.543597
vt 0.256610 0.523633
vt 0.284115 0.528872
vt 0.218413 0.517634
vt 0.135461 0.532917
vt 0.111998 0.539235
vt 0.101032 0.543859
vt 0.054884 0.545375
vt 0.072420 0.455008
vt 0.294441 0.455919
vt 0.330050 0.454802
vt 0.310231 0.450103
vt 0.324757 0.443551
vt 0.350285 0.444030
vt 0.193050 0.537331
vt 0.653102 0.579384
vt 0.665386 0.572216
vt 0.655184 0.582800
vt 0.678547 0.565486
vt 0.694206 0.562886
vt 0.680257 0.569065
vt 0.783898 0.541702
vt 0.761545 0.544903
vt 0.760923 0.540938
vt 0.927506 0.554815
vt 0.928983 0.558735
vt 0.910742 0.557750
vt 0.938259 0.554079
vt 0.912605 0.448121
vt 0.897880 0.450687
vt 0.910744 0.444377
vt 0.888914 0.452860
vt 0.896731 0.446858
vt 0.880414 0.451371
vt 0.881670 0.455221
vt 0.846922 0.461351
vt 0.856357 0.463464
vt 0.847538 0.465362
vt 0.833571 0.462538
vt 0.841175 0.462014
vt 0.841567 0.466053
vt 0.782516 0.464297
vt 0.781969 0.460247
vt 0.792416 0.460851
vt 0.742418 0.457942
vt 0.724710 0.453645
vt 0.743254 0.453991
vt 0.709316 0.444854
vt 0.708030 0.448642
vt 0.692687 0.442959
vt 0.643726 0.411934
vt 0.655184 0.419327
vt 0.653082 0.422777
vt 0.637651 0.589514
vt 0.649104 0.572822
vt 0.675217 0.558522
vt 0.689811 0.552128
vt 0.708017 0.553449
vt 0.722667 0.541007
vt 0.724701 0.548449
vt 0.705542 0.546159
vt 0.847533 0.536798
vt 0.841561 0.536129
vt 0.846016 0.530337
vt 0.886874 0.541506
vt 0.881601 0.546876
vt 0.864683 0.534525
vt 0.897691 0.551396
vt 0.913218 0.546335
vt 0.912533 0.554021
vt 0.899174 0.543815
vt 0.973525 0.542402
vt 0.967719 0.545884
vt 0.964342 0.539532
vt 0.983223 0.534087
vt 0.978712 0.538475
vt 0.990278 0.524210
vt 0.987102 0.529335
vt 0.980977 0.524989
vt 0.994655 0.513093
vt 0.992794 0.518785
vt 0.987333 0.511252
vt 0.995696 0.507132
vt 0.995716 0.494993
vt 0.987761 0.493198
vt 0.994655 0.489035
vt 0.990329 0.477889
vt 0.992820 0.483331
vt 0.984668 0.483600
vt 0.978699 0.463666
vt 0.983266 0.468001
vt 0.961288 0.453266
vt 0.967720 0.456244
vt 0.958422 0.460397
vt 0.954209 0.450932
vt 0.938252 0.448122
vt 0.927535 0.454974
vt 0.927616 0.447309
vt 0.937493 0.455797
vt 0.887268 0.460467
vt 0.864540 0.469210
vt 0.866500 0.460495
vt 0.759765 0.468586
vt 0.740824 0.465475
vt 0.722691 0.461034
vt 0.675217 0.443605
vt 0.678532 0.436671
vt 0.705578 0.455863
vt 0.689755 0.450136
vt 0.637248 0.421688
vt 0.641458 0.415348
vt 0.649076 0.429351
vt 0.626017 0.413641
vt 0.615092 0.405285
vt 0.630511 0.407511
vt 0.865150 0.532565
vt 0.887892 0.539207
vt 0.962738 0.475973
vt 0.964097 0.463057
vt 0.913356 0.468302
vt 0.913273 0.455787
vt 0.852077 0.472904
vt 0.835186 0.475659
vt 0.845810 0.472177
vt 0.826669 0.473907
vt 0.833405 0.473767
vt 0.808365 0.473807
vt 0.971836 0.509271
vt 0.984751 0.518347
vt 0.969267 0.514721
vt 0.591282 0.598162
vt 0.612397 0.580767
vt 0.596390 0.596390
vt 0.745178 0.523313
vt 0.714485 0.528667
vt 0.743929 0.520570
vt 0.781851 0.517610
vt 0.864693 0.520157
vt 0.865107 0.517300
vt 0.896389 0.530333
vt 0.913335 0.533674
vt 0.922108 0.531273
vt 0.928732 0.534534
vt 0.946941 0.529064
vt 0.952124 0.530708
vt 0.941828 0.533255
vt 0.961383 0.523335
vt 0.953063 0.471806
vt 0.946950 0.473066
vt 0.941264 0.468687
vt 0.922111 0.470854
vt 0.928718 0.467522
vt 0.896364 0.474886
vt 0.896336 0.471930
vt 0.865039 0.484849
vt 0.864266 0.481939
vt 0.837450 0.489252
vt 0.834122 0.486694
vt 0.847745 0.485515
vt 0.780951 0.484318
vt 0.663526 0.451588
vt 0.649990 0.447455
vt 0.637026 0.436449
vt 0.615894 0.424679
vt 0.610533 0.417338
vt 0.832292 0.535515
vt 0.692717 0.559241
vt 0.855342 0.530466
vt 0.846263 0.528354
vt 0.973525 0.459726
vt 0.809780 0.536532
vt 0.782492 0.531515
vt 0.791000 0.529723
vt 0.805313 0.529106
vt 0.846922 0.540776
vt 0.832527 0.527857
vt 0.836714 0.512796
vt 0.832452 0.515437
vt 0.847943 0.516735
vt 0.759705 0.533162
vt 0.760921 0.461213
vt 0.781841 0.472038
vt 0.783022 0.529398
vt 0.832267 0.539562
vt 0.833349 0.465768
vt 0.833044 0.466909
vt 0.615087 0.596306
vt 0.701611 0.534396
vt 0.592844 0.403464
vt 0.605031 0.396033
vt 0.650116 0.557823
vt 0.661680 0.565428
vt 0.937497 0.546368
vt 0.927550 0.547114
vt 0.958951 0.541147
vt 0.952070 0.458360
vt 0.945116 0.456753
vt 0.887971 0.462898
vt 0.899166 0.458255
vt 0.744967 0.478781
vt 0.715885 0.473255
vt 0.701635 0.467655
vt 0.783229 0.537740
vt 0.553482 0.708028
vt 0.562887 0.694206
vt 0.557274 0.709316
vt 0.552309 0.725755
vt 0.540881 0.760916
vt 0.544903 0.761546
vt 0.537782 0.783174
vt 0.536119 0.841563
vt 0.539563 0.832122
vt 0.540114 0.841175
vt 0.543428 0.858780
vt 0.545468 0.865256
vt 0.540500 0.862916
vt 0.546949 0.881585
vt 0.554009 0.912611
vt 0.555286 0.896813
vt 0.557749 0.910741
vt 0.558735 0.928983
vt 0.552944 0.946534
vt 0.554045 0.938256
vt 0.556915 0.947278
vt 0.444377 0.910752
vt 0.447318 0.927522
vt 0.443394 0.929003
vt 0.460209 0.852863
vt 0.461538 0.845299
vt 0.465329 0.847533
vt 0.466053 0.841566
vt 0.460247 0.781969
vt 0.463524 0.782261
vt 0.460856 0.792436
vt 0.461132 0.760931
vt 0.407516 0.630508
vt 0.415269 0.641511
vt 0.404279 0.632881
vt 0.419328 0.655184
vt 0.422744 0.653102
vt 0.387826 0.613238
vt 0.399438 0.620045
vt 0.396425 0.622596
vt 0.390646 0.610418
vt 0.583733 0.634150
vt 0.602112 0.620006
vt 0.589543 0.637680
vt 0.610414 0.610413
vt 0.605070 0.605070
vt 0.572822 0.649104
vt 0.572185 0.665370
vt 0.565401 0.661665
vt 0.579384 0.653102
vt 0.546159 0.705542
vt 0.552051 0.689779
vt 0.536704 0.740835
vt 0.548413 0.724690
vt 0.544223 0.742426
vt 0.533404 0.759745
vt 0.530635 0.782943
vt 0.528383 0.832249
vt 0.530393 0.846496
vt 0.534452 0.864457
vt 0.537227 0.850189
vt 0.541654 0.887178
vt 0.546335 0.913275
vt 0.551396 0.897768
vt 0.547150 0.927531
vt 0.546330 0.937493
vt 0.554815 0.927619
vt 0.541730 0.958422
vt 0.551195 0.954209
vt 0.548862 0.961288
vt 0.545884 0.967720
vt 0.538462 0.978699
vt 0.534127 0.983266
vt 0.518799 0.984542
vt 0.529324 0.987086
vt 0.524238 0.990329
vt 0.518786 0.992794
vt 0.507132 0.995696
vt 0.501064 0.996069
vt 0.498882 0.988443
vt 0.509234 0.987705
vt 0.513093 0.994655
vt 0.488639 0.986623
vt 0.494996 0.995696
vt 0.489035 0.994655
vt 0.483331 0.992820
vt 0.477918 0.990278
vt 0.472792 0.987102
vt 0.478934 0.982098
vt 0.460427 0.958410
vt 0.450933 0.954209
vt 0.458332 0.952079
vt 0.453266 0.961288
vt 0.455024 0.927539
vt 0.455760 0.937497
vt 0.457684 0.899029
vt 0.452930 0.888933
vt 0.460639 0.886790
vt 0.450747 0.897579
vt 0.460514 0.866440
vt 0.468563 0.864395
vt 0.472144 0.845941
vt 0.466589 0.833056
vt 0.474265 0.833409
vt 0.448678 0.708017
vt 0.461121 0.722667
vt 0.453678 0.724701
vt 0.455997 0.705532
vt 0.443652 0.675194
vt 0.450029 0.689799
vt 0.436706 0.678515
vt 0.429305 0.649104
vt 0.429942 0.665370
vt 0.582276 0.632604
vt 0.528488 0.782857
vt 0.539071 0.964096
vt 0.457680 0.911614
vt 0.455721 0.913272
vt 0.462108 0.890827
vt 0.471662 0.855342
vt 0.470585 0.865172
vt 0.473808 0.808365
vt 0.484315 0.781178
vt 0.478815 0.745178
vt 0.471976 0.781816
vt 0.468965 0.759706
vt 0.514722 0.969266
vt 0.586863 0.607162
vt 0.557912 0.649716
vt 0.561203 0.639672
vt 0.573542 0.625379
vt 0.516711 0.847797
vt 0.515765 0.857944
vt 0.512517 0.831734
vt 0.520188 0.864250
vt 0.528768 0.890797
vt 0.527241 0.896364
vt 0.531683 0.901708
vt 0.531273 0.922110
vt 0.530671 0.952352
vt 0.529062 0.946950
vt 0.533441 0.941263
vt 0.478793 0.961383
vt 0.473063 0.946940
vt 0.470855 0.922107
vt 0.468454 0.913349
vt 0.467485 0.928737
vt 0.482064 0.864601
vt 0.484828 0.865107
vt 0.471792 0.896452
vt 0.486693 0.834121
vt 0.489243 0.838541
vt 0.485535 0.847770
vt 0.487935 0.780697
vt 0.477417 0.726877
vt 0.416472 0.605923
vt 0.403709 0.593526
vt 0.428044 0.624801
vt 0.439825 0.638008
vt 0.596286 0.615071
vt 0.526693 0.835545
vt 0.529223 0.852076
vt 0.532466 0.864758
vt 0.542402 0.973525
vt 0.462987 0.964134
vt 0.459726 0.973525
vt 0.474168 0.846352
vt 0.515376 0.832425
vt 0.463496 0.856454
vt 0.464825 0.782679
vt 0.464969 0.795703
vt 0.543805 0.677680
vt 0.534639 0.928701
vt 0.469453 0.944690
vt 0.472414 0.955770
vt 0.470262 0.709154
vt 0.458530 0.678270
vt 0.558523 0.675217
vt 0.523346 0.744967
vt 0.528873 0.715885
vt 0.534396 0.701611
vt 0.539263 0.888074
vt 0.543848 0.899076
vt 0.545375 0.945116
vt 0.444304 0.650114
vt 0.436700 0.661680
vt 0.421712 0.637233
vt 0.413704 0.625971
vt 0.405314 0.615067
vt 0.396018 0.605046
vt 0.517695 0.781612
vt 0.527193 0.804906
vt 0.541680 0.784129
vt 0.535605 0.832272
vt 0.448111 0.912551
vt 0.536148 0.158440
vt 0.539562 0.167861
vt 0.535516 0.167769
vt 0.540113 0.158825
vt 0.551395 0.102540
vt 0.553088 0.112154
vt 0.549198 0.111066
vt 0.555301 0.103112
vt 0.554821 0.072485
vt 0.558042 0.061349
vt 0.558736 0.071033
vt 0.501064 -0.000125
vt 0.507630 0.000276
vt 0.501064 0.003858
vt 0.477889 0.009671
vt 0.472772 0.012870
vt 0.475992 0.006149
vt 0.465309 0.013775
vt 0.468001 0.016735
vt 0.449183 0.053466
vt 0.448049 0.061741
vt 0.445213 0.052722
vt 0.443393 0.071017
vt 0.448131 0.087404
vt 0.444381 0.089277
vt 0.450747 0.102421
vt 0.452860 0.111086
vt 0.446842 0.103187
vt 0.451371 0.119586
vt 0.455221 0.118329
vt 0.457776 0.138287
vt 0.460459 0.133492
vt 0.463467 0.143575
vt 0.460209 0.147137
vt 0.461551 0.154815
vt 0.465324 0.152468
vt 0.462539 0.166392
vt 0.466051 0.158433
vt 0.464315 0.217494
vt 0.460247 0.218031
vt 0.460852 0.207586
vt 0.457905 0.257574
vt 0.453681 0.275300
vt 0.453991 0.256746
vt 0.448646 0.291972
vt 0.439241 0.305794
vt 0.444854 0.290684
vt 0.579384 0.346898
vt 0.588275 0.360524
vt 0.572822 0.350896
vt 0.572185 0.334630
vt 0.559131 0.307328
vt 0.546208 0.294441
vt 0.553486 0.291970
vt 0.551966 0.310255
vt 0.548413 0.275310
vt 0.536703 0.259165
vt 0.544223 0.257574
vt 0.540957 0.277347
vt 0.536798 0.152467
vt 0.529206 0.153575
vt 0.534593 0.135110
vt 0.538660 0.143575
vt 0.530416 0.144647
vt 0.543873 0.100834
vt 0.541504 0.113067
vt 0.551195 0.045790
vt 0.541729 0.041578
vt 0.548861 0.038712
vt 0.543796 0.047921
vt 0.542402 0.026475
vt 0.545884 0.032280
vt 0.539095 0.035890
vt 0.513093 0.005345
vt 0.518796 0.007180
vt 0.513489 0.013377
vt 0.489049 0.005401
vt 0.494993 0.004284
vt 0.498737 0.011566
vt 0.483342 0.007206
vt 0.481471 0.016317
vt 0.463666 0.021301
vt 0.460398 0.041578
vt 0.450932 0.045791
vt 0.453266 0.038712
vt 0.456753 0.054884
vt 0.455733 0.062501
vt 0.460502 0.112876
vt 0.468760 0.240262
vt 0.461214 0.239079
vt 0.465424 0.259165
vt 0.455969 0.294458
vt 0.450077 0.310221
vt 0.436724 0.321493
vt 0.436680 0.338310
vt 0.429909 0.334612
vt 0.413638 0.374114
vt 0.405272 0.385430
vt 0.407509 0.369620
vt 0.532565 0.134851
vt 0.539195 0.112149
vt 0.475964 0.037257
vt 0.463012 0.035879
vt 0.473808 0.191635
vt 0.488448 0.013437
vt 0.534396 0.298389
vt 0.540429 0.319858
vt 0.528667 0.285514
vt 0.523396 0.255180
vt 0.520569 0.256071
vt 0.520016 0.135536
vt 0.517300 0.134893
vt 0.530201 0.103821
vt 0.533622 0.086644
vt 0.531273 0.077893
vt 0.534534 0.071268
vt 0.529065 0.053059
vt 0.530708 0.047876
vt 0.533118 0.058721
vt 0.523335 0.038617
vt 0.471457 0.047648
vt 0.473066 0.053050
vt 0.468687 0.058736
vt 0.470855 0.077889
vt 0.468389 0.086657
vt 0.467506 0.071283
vt 0.474887 0.103636
vt 0.473287 0.109302
vt 0.470445 0.098292
vt 0.484849 0.134962
vt 0.481939 0.135734
vt 0.489253 0.162550
vt 0.486694 0.165878
vt 0.485618 0.152217
vt 0.484258 0.219069
vt 0.473552 0.289051
vt 0.444215 0.350285
vt 0.440614 0.360800
vt 0.428307 0.374993
vt 0.414733 0.393371
vt 0.527578 0.167576
vt 0.529288 0.166721
vt 0.459726 0.026475
vt 0.455800 0.086688
vt 0.458256 0.100834
vt 0.471812 0.154172
vt 0.471709 0.143187
vt 0.473805 0.153794
vt 0.474335 0.166620
vt 0.443791 0.324872
vt 0.536532 0.190221
vt 0.531515 0.217507
vt 0.529723 0.209000
vt 0.529106 0.194687
vt 0.540776 0.153078
vt 0.512796 0.163286
vt 0.515449 0.167588
vt 0.516558 0.152192
vt 0.466909 0.166955
vt 0.472038 0.218159
vt 0.529399 0.216968
vt 0.533458 0.240247
vt 0.537740 0.216772
vt 0.540938 0.239076
vt 0.557750 0.089259
vt 0.554017 0.087446
vt 0.465768 0.166651
vt 0.546333 0.086790
vt 0.546368 0.062503
vt 0.545395 0.054880
vt 0.454977 0.072462
vt 0.458323 0.322319
vt 0.421687 0.362751
vt 0.478415 0.257408
vt 0.557823 0.349884
vt 0.565428 0.338320
vt 0.547253 0.330082
vt 0.558475 0.324806
vt 0.547113 0.072451
vt 0.462739 0.111539
vt 0.468602 0.134697
vt 0.429305 0.350896
vt 0.517562 0.218443
vt 0.447313 0.072381
vt 0.000000 0.000000
vt 5.500000 0.333333
vt 5.500000 0.000000
vt 0.000000 0.333333
vt 5.634573 0.097834
vt 0.484297 0.611138
vt 0.566061 0.376642
vt 0.611756 0.484110
vt 0.915703 0.788862
vt 1.023358 0.833939
vt 0.789292 0.915572
vt 1.023554 0.566708
vt 0.877725 0.268595
vt 1.132157 0.524752
vt 0.268595 0.522275
vt 0.521414 0.268856
vt 0.375883 0.568564
vt 0.568564 1.024117
vt 0.522277 1.131405
vt 0.376642 0.833938
vt 0.923232 0.161070
vt 1.194975 0.205025
vt 0.161070 0.476769
vt 0.205025 0.205025
vt 0.476768 1.238930
vt 0.153678 1.132408
vt 1.239257 0.477845
vt 1.320186 0.382489
vt 1.386550 0.563437
vt 0.382487 0.079814
vt 0.476768 0.161070
vt 0.160744 0.922156
vt 0.029788 0.890422
vt 0.485974 1.363052
vt 0.311101 1.282029
vt 0.923233 1.238930
vt 1.132406 1.246324
vt 0.967879 1.346715
vt 0.915573 0.610708
vt 0.931494 0.681331
vt 0.789293 0.484428
vt 0.722757 0.468908
vt 0.484428 0.789293
vt 0.468505 0.718666
vt 0.611138 0.915703
vt 0.718667 0.931495
vt 1.357126 0.830711
vt 1.278736 0.746675
vt 1.362406 0.622901
vt 0.765359 1.363563
vt 0.922156 1.239257
vt 0.956398 1.318999
vt 0.653322 1.278736
vt 0.634645 0.036437
vt 0.477844 0.160743
vt 0.385686 0.111958
vt 0.893555 0.061937
vt 0.923233 0.161071
vt 0.746678 0.121264
vt 1.072233 0.142916
vt 1.239256 0.477845
vt 1.319000 0.443603
vt 1.282479 1.024724
vt 1.131144 0.878585
vt 1.238930 0.923232
vt 1.122994 1.215426
vt 0.385688 1.288043
vt 0.522275 1.131405
vt 0.161070 0.923232
vt 0.268856 0.878586
vt 0.192062 1.132116
vt 0.521416 0.268856
vt 0.226239 0.226238
vt 0.877725 0.268595
vt 1.215423 0.277002
vt 1.132156 0.524751
vt 1.023358 0.833939
vt 0.237010 0.737337
vt 0.376446 0.833293
vt 0.268595 0.522275
vt 0.376642 0.566062
vt 0.352759 0.671991
vt 0.484428 0.789293
vt 0.611398 0.915781
vt 0.568564 1.024117
vt 0.789293 0.915572
vt 0.915573 0.789292
vt 0.722757 0.931092
vt 0.484297 0.611138
vt 0.468505 0.718666
vt 0.681332 0.468505
vt 0.610707 0.484428
vt 0.788862 0.484297
vt 3.629930 0.000000
vt 3.513990 0.170000
vt 3.436117 0.000000
vt 3.848451 0.000000
vt 3.783906 0.170000
vt 4.260785 0.000000
vt 4.204413 0.170000
vt 4.042270 0.000000
vt 0.549779 0.000000
vt 0.493409 0.170000
vt 0.331260 0.000000
vt 1.786781 0.000000
vt 1.730408 0.170000
vt 1.568268 0.000000
vt 2.255486 0.000000
vt 2.139551 0.170000
vt 1.980592 0.000000
vt 2.474005 0.000000
vt 2.412556 0.170000
vt 3.217599 0.000000
vt 3.101661 0.170000
vt 2.942710 0.000000
vt 1.278736 0.746676
vt 1.238930 0.923232
vt 1.161377 0.753704
vt 1.131144 0.878586
vt 1.047242 0.728006
vt 1.047242 0.728006
vt 1.023554 0.566707
vt 0.659723 0.353967
vt 0.832903 0.376328
vt 0.740279 1.046033
vt 0.813803 0.127875
vt 0.662657 0.237011
vt 0.737344 1.162989
vt 0.237011 0.737338
vt 0.268856 0.878586
vt 0.737343 1.162989
vt 0.662657 0.237011
vt 0.878586 1.131144
vt 0.586198 1.272125
vt 0.740277 1.046033
vt 0.831437 0.375883
vt 0.833940 1.023358
vt 0.659721 0.353967
vt 1.297262 1.097042
vt 1.361949 0.976021
vt 1.099857 1.295381
vt 1.205932 1.208327
vt 0.838256 1.403740
vt 0.701693 1.417190
vt 0.423979 1.361949
vt 0.302958 1.297262
vt 0.191673 1.205933
vt 0.104619 1.099857
vt 0.102738 0.302958
vt 0.111960 0.385682
vt 0.038051 0.423979
vt 0.302959 0.102738
vt 0.423980 0.038051
vt 1.208328 0.194068
vt 1.295381 0.300144
vt 1.417190 0.698307
vt 1.403740 0.561745
vt 2.303835 1.000000
vt 2.164208 1.000000
vt 2.303835 0.880000
vt 0.907571 1.000000
vt 0.767945 1.000000
vt 0.767945 0.880000
vt 1.745329 1.000000
vt 1.605703 1.000000
vt 1.605703 0.880000
vt 1.884956 1.000000
vt 1.884956 0.880000
vt 0.126538 0.379826
vt 0.206485 0.393923
vt 0.261272 0.384263
vt 0.100000 0.370167
vt 0.206486 0.000000
vt 0.126538 0.014098
vt 0.078366 0.041910
vt 0.261275 0.009662
vt 0.331573 0.050249
vt 0.353209 0.068404
vt 1.110493 0.000000
vt 1.053719 0.700000
vt 0.970864 0.000000
vt 1.221730 0.000000
vt 1.193341 0.700000
vt 0.133105 0.000000
vt 0.076335 0.700000
vt -0.006520 0.000000
vt 0.272731 0.000000
vt 0.215959 0.700000
vt 0.412358 0.000000
vt 0.355585 0.700000
vt 0.551986 0.000000
vt 0.495214 0.700000
vt 0.691613 0.000000
vt 0.634838 0.700000
vt 0.831238 0.000000
vt 0.774463 0.700000
vt 0.914093 0.700000
vt 0.981568 1.000000
vt 0.941402 0.500000
vt 1.000000 0.500000
vt 0.902156 1.000000
vt 0.862182 0.500000
vt 0.825318 1.000000
vt 0.770168 0.500000
vt 0.729832 1.000000
vt 0.660350 0.500000
vt 0.604830 1.000000
vt 0.566598 0.500000
vt 0.496097 1.000000
vt 0.487185 0.500000
vt 0.198578 1.000000
vt 0.191596 0.500000
vt 0.301419 0.500000
vt 0.073579 1.000000
vt 0.018432 0.500000
vt 0.097844 0.500000
vt 0.392843 0.237553
vt 0.373817 0.289825
vt 0.392842 0.156369
vt 0.321634 0.352014
vt 0.068428 0.343675
vt 0.029426 0.295442
vt 0.004904 0.224775
vt 0.000000 0.196962
vt 0.373817 0.104099
vt 0.392843 0.237555
vt 0.206486 0.393923
vt 0.261270 0.384263
vt 0.300000 0.370167
vt 0.132633 0.382044
vt 0.004904 0.224777
vt 0.373817 0.104098
vt 1.012291 0.000000
vt 0.983905 0.700000
vt 0.901050 0.000000
vt 0.063296 0.000000
vt 0.006519 0.700000
vt -0.034907 0.000000
vt 0.202918 0.000000
vt 0.146144 0.700000
vt 0.342544 0.000000
vt 0.285773 0.700000
vt 0.482174 0.000000
vt 0.425399 0.700000
vt 0.621799 0.000000
vt 0.565024 0.700000
vt 0.761423 0.000000
vt 0.704651 0.700000
vt 0.844279 0.700000
vt 1.023554 0.566706
vt 0.788861 0.484297
vt 0.915572 0.610708
vt 0.375883 0.568562
vt 0.484297 0.611137
vt 0.610707 0.484428
vt 1.162184 0.654479
vt 1.047242 0.728002
vt 0.877725 0.268595
vt 0.831434 0.375882
vt 0.833939 1.023359
vt 1.023358 0.833940
vt 1.131405 0.877725
vt 1.320180 0.382477
vt 1.194975 0.205025
vt 1.238930 0.476769
vt 0.780553 0.007934
vt 0.632875 0.123278
vt 0.509578 0.029788
vt 0.476768 0.161070
vt 0.267590 0.153679
vt 0.091443 0.360732
vt 0.007933 0.619449
vt 0.123277 0.767117
vt 0.127875 0.586197
vt 0.029788 0.890421
vt 0.161070 0.923231
vt 0.153674 1.132402
vt 0.360735 1.308560
vt 0.653325 1.278736
vt 0.756007 1.394484
vt 0.922155 1.239257
vt 1.392067 0.780546
vt 1.276722 0.632873
vt 1.272125 0.813802
vt 0.915702 0.788862
vt 0.931495 0.681337
vt 0.681330 0.468506
vt 0.468504 0.718664
vt 0.484428 0.789292
vt 0.611137 0.915702
vt 0.718667 0.931495
vt 0.789291 0.915573
vt 1.215425 1.122994
vt 1.318999 0.956398
vt 0.923233 1.238930
vt 1.014319 1.288040
vt 0.476768 1.238930
vt 0.277004 1.215424
vt 0.506449 1.338063
vt 0.111960 1.014319
vt 0.160274 0.920609
vt 0.035280 0.753611
vt 0.121263 0.653329
vt 0.065364 0.495149
vt 0.161070 0.476768
vt 0.184572 0.277009
vt 0.632876 0.123278
vt 0.765356 0.036437
vt 0.569290 0.042874
vt 1.357126 0.569291
vt 1.276723 0.632880
vt 1.364720 0.753611
vt 0.878586 1.131144
vt 0.522276 1.131405
vt 0.268856 0.521415
vt 0.521415 0.268856
vt 0.375274 0.117523
vt 0.476768 0.161070
vt 0.877724 0.268595
vt 1.003909 0.106396
vt 1.288043 0.385687
vt 1.238930 0.476769
vt 1.131144 0.878586
vt 1.023358 0.833940
vt 0.376642 0.833939
vt 0.268437 0.877203
vt 0.353967 0.740274
vt 0.238622 0.646299
vt 0.375883 0.568563
vt 0.789292 0.915573
vt 0.833938 1.023359
vt 0.611396 0.915781
vt 0.484427 0.789292
vt 0.568562 1.024117
vt 0.831435 0.375882
vt 0.915572 0.610708
vt 1.023554 0.566706
vt 0.931495 0.681335
vt 0.484297 0.611137
vt 0.915703 0.788862
vt 0.722754 0.931092
vt 0.468505 0.718664
vt 0.726846 0.469311
vt 0.612375 0.483922
vt 0.789291 0.484427
vt 0.077879 0.170000
vt 0.193818 0.000000
vt 1.180627 0.170000
vt 1.293374 0.000000
vt 1.018486 0.000000
vt 1.452334 0.170000
vt 1.568260 0.000000
vt 1.725332 0.170000
vt 1.843151 0.000000
vt 2.002097 0.170000
vt 2.061671 0.000000
vt 2.417636 0.170000
vt 2.255484 0.000000
vt 1.047242 0.728003
vt 0.659721 0.353967
vt 0.566059 0.376643
vt 0.740277 1.046033
vt 0.767123 1.276722
vt 0.737341 1.162989
vt 0.662657 0.237011
vt 0.521414 0.268856
vt 0.737345 1.162989
vt 0.522277 1.131405
vt 0.353966 0.740273
vt 0.740277 1.046033
vt 0.659722 0.353967
vt 0.568563 1.024117
vt 1.325295 1.044595
vt 0.765359 1.363563
vt -0.003740 0.838256
vt -0.017190 0.701693
vt -0.009256 0.617757
vt -0.003079 0.558422
vt 0.036755 0.427107
vt 0.074708 0.355399
vt 0.701694 -0.017190
vt 0.838257 -0.003739
vt 0.976022 0.038051
vt 1.097042 0.102738
vt 2.164208 1.000000
vt 0.069813 1.000000
vt 0.209440 1.000000
vt 0.209440 0.880000
vt 0.488692 1.000000
vt 0.628318 1.000000
vt 0.628318 0.880000
vt 0.907571 1.000000
vt 1.047197 1.000000
vt 1.047197 0.880000
vt 1.326450 1.000000
vt 1.466076 1.000000
vt 1.466076 0.880000
vt 0.068429 0.343675
vt 0.032668 0.301057
vt 0.012061 0.265366
vt 0.132633 0.011879
vt 0.206485 0.000000
vt 0.078365 0.041910
vt 0.261273 0.009661
vt 0.300000 0.023756
vt 0.367332 0.301057
vt 0.331571 0.343675
vt 0.393970 0.231162
vt 0.029426 0.098480
vt 0.046791 0.068404
vt 0.004903 0.169154
vt 0.983901 0.700000
vt 0.901055 0.000000
vt 0.355580 0.700000
vt 0.383972 0.000000
vt 0.272737 0.000000
vt 0.844276 0.700000
vt 0.761422 0.000000
vt 0.941406 0.500000
vt 0.948585 1.000000
vt 0.582667 0.500000
vt 0.620907 1.000000
vt 0.691597 0.500000
vt 0.487183 0.500000
vt 0.527151 1.000000
vt 0.410349 0.500000
vt 0.433406 1.000000
vt 0.301415 0.500000
vt 0.339655 1.000000
vt 0.191595 0.500000
vt 0.229836 1.000000
vt 0.097847 0.500000
vt 0.137819 1.000000
vt 0.018434 0.500000
vt 0.058594 1.000000
vt 0.193515 0.393923
vt 0.206485 0.393923
vt 0.373818 0.289824
vt 0.321635 0.352013
vt 0.392844 0.237548
vt 0.026182 0.104099
vt 0.078366 0.041909
vt 0.007156 0.156376
vt 0.126541 0.014097
vt 0.206487 0.000000
vt 0.387938 0.128557
vt 0.392844 0.156379
vt 0.392845 0.237544
vt 0.321636 0.352012
vt 0.273462 0.014097
vt 0.321637 0.041912
vt 0.234730 0.000000
vt 0.373818 0.104101
vt 0.983900 0.700000
vt 0.901056 0.000000
vt 0.355581 0.700000
vt 0.412360 0.000000
vt 0.272736 0.000000
vt 0.495215 0.700000
vt 0.523599 0.000000
vt 0.376641 0.566063
vt 0.566706 0.376447
vt 0.484297 0.611138
vt 0.611138 0.915703
vt 0.376447 0.833295
vt 1.023358 0.566060
vt 0.877725 0.268595
vt 1.131144 0.521414
vt 0.833941 0.376643
vt 0.521412 0.268857
vt 0.662657 0.237011
vt 0.352758 0.671997
vt 0.268436 0.522797
vt 0.522276 1.131405
vt 0.268856 0.878585
vt 0.566061 1.023358
vt 0.671998 1.047242
vt 1.239257 0.477845
vt 1.246326 0.267598
vt 0.091443 0.360730
vt 1.024117 0.831438
vt 1.230677 1.151470
vt 0.878586 1.131144
vt 1.131404 0.877727
vt 1.346716 0.432122
vt 1.394484 0.643995
vt 0.914014 0.036944
vt 0.632877 0.123278
vt 0.509582 0.029787
vt 0.700000 0.000000
vt 0.267598 0.153673
vt 0.123277 0.767115
vt 0.007934 0.619445
vt 0.248537 1.230685
vt 0.079818 1.017520
vt 0.653327 1.278736
vt 0.485987 1.363056
vt 0.476769 1.238930
vt 0.922157 1.239256
vt 1.017512 1.320187
vt 0.756015 1.394483
vt 0.789294 0.915572
vt 0.916077 0.612374
vt 0.930690 0.726841
vt 0.788863 0.484298
vt 0.681335 0.468505
vt 0.468505 0.718663
vt 0.718663 0.931495
vt 0.915571 0.789294
vt 0.765350 1.363564
vt 0.653325 1.278736
vt 0.922157 1.239256
vt 0.495152 1.334637
vt 0.277012 1.215430
vt 0.065365 0.495146
vt 0.121263 0.653330
vt 0.030000 0.700000
vt 0.184575 0.277005
vt 0.622905 0.037593
vt 0.746676 0.121264
vt 0.477844 0.160744
vt 0.830711 0.042874
vt 1.003908 0.106395
vt 1.173761 0.226240
vt 0.923232 0.161071
vt 1.173761 1.173762
vt 0.832905 1.023672
vt 1.131144 0.878585
vt 0.878587 1.131144
vt 1.014324 1.288038
vt 0.522274 1.131405
vt 0.375276 0.117521
vt 0.878586 0.268856
vt 1.024117 0.831437
vt 0.737330 1.162990
vt 0.665864 1.046638
vt 0.376642 0.566061
vt 0.833941 0.376643
vt 0.611136 0.915702
vt 0.612374 0.483922
vt 0.484428 0.610707
vt 0.566705 0.376446
vt 0.915571 0.610706
vt 1.023357 0.566059
vt 0.718664 0.931495
vt 0.789294 0.915571
vt 0.469311 0.673154
vt 0.483922 0.787626
vt 0.726843 0.469311
vt 0.931495 0.681334
vt 4.179718 0.000000
vt 4.061878 0.170000
vt 3.985895 0.000000
vt 4.398229 0.000000
vt 4.338662 0.170000
vt 1.980605 0.000000
vt 1.867847 0.170000
vt 1.705716 0.000000
vt 2.255491 0.000000
vt 2.142742 0.170000
vt 2.530373 0.000000
vt 2.417632 0.170000
vt 1.046034 0.659727
vt 1.046033 0.659726
vt 0.728003 0.352758
vt 0.160743 0.922155
vt 0.376446 0.833293
vt 0.833296 1.023553
vt 1.282473 1.024734
vt 0.065365 0.904852
vt 0.036755 0.972892
vt -0.003079 0.841577
vt 0.191673 0.194067
vt 0.104619 0.300143
vt 1.361949 0.423980
vt 1.293608 0.396098
vt 1.297263 0.302959
vt 1.364720 0.646392
vt 2.164208 1.000000
vt 2.024582 1.000000
vt 2.024582 0.880000
vt 0.069813 1.000000
vt 0.488692 1.000000
vt 0.349066 1.000000
vt 0.349066 0.880000
vt 1.326450 1.000000
vt 1.745329 1.000000
vt 0.367328 0.301065
vt 0.395097 0.224770
vt 0.400000 0.196962
vt 0.261266 0.384265
vt 0.331567 0.343679
vt 0.032671 0.092861
vt 0.004903 0.169157
vt 0.138733 0.009659
vt 0.068429 0.050248
vt 0.273456 0.014095
vt 0.193515 0.000000
vt 0.321633 0.041909
vt 0.373814 0.104094
vt 0.138726 0.384262
vt 0.193510 0.393923
vt 0.234730 0.393923
vt 0.032669 0.301060
vt 0.068430 0.343676
vt 1.110489 0.000000
vt 1.053723 0.700000
vt 0.970864 0.000000
vt 1.193347 0.700000
vt 0.621798 0.000000
vt 0.565028 0.700000
vt 0.733038 0.000000
vt 0.704647 0.700000
vt 0.902341 1.000000
vt 0.847856 0.500000
vt 0.924681 0.500000
vt 0.808594 1.000000
vt 0.754096 0.500000
vt 0.495904 1.000000
vt 0.441408 0.500000
vt 0.551414 0.500000
vt 0.367329 0.301063
vt 0.395097 0.224770
vt 0.331570 0.343676
vt 0.032672 0.092858
vt 0.004903 0.169156
vt 0.068431 0.050246
vt 0.193517 0.000000
vt 0.321635 0.041910
vt 0.373815 0.104095
vt 0.138728 0.384263
vt 0.193512 0.393923
vt 0.032672 0.301064
vt 0.068433 0.343679
vt 1.151917 0.000000
vt 0.104720 0.000000
vt 0.076326 0.700000
vt -0.006520 0.000000
vt 0.482168 0.000000
vt 0.425405 0.700000
vt 0.342545 0.000000
vt 0.593412 0.000000
vt 0.916078 0.612374
vt 0.833939 0.376642
vt 0.788863 0.484297
vt 0.566707 0.376446
vt 0.484428 0.610707
vt 0.611138 0.915703
vt 0.483922 0.787625
vt 1.047242 0.728006
vt 1.162989 0.662661
vt 1.023554 0.566707
vt 0.877726 0.268595
vt 0.728004 0.352758
vt 0.662658 0.237011
vt 0.238623 0.646295
vt 0.353967 0.740277
vt 0.267844 0.875249
vt 0.522277 1.131405
vt 0.671997 1.047242
vt 0.737335 1.162990
vt 0.833294 1.023554
vt 1.023358 0.833939
vt 1.131405 0.877725
vt 0.914013 0.036944
vt 0.746675 0.121264
vt 0.923233 0.161071
vt 0.169318 0.248534
vt 0.161070 0.476768
vt 0.477844 0.160744
vt 0.036945 0.485984
vt 0.485987 1.363056
vt 0.653327 1.278736
vt 0.476769 1.238930
vt 0.756014 1.394483
vt 0.922157 1.239257
vt 1.238929 0.923233
vt 1.363054 0.914018
vt 0.610708 0.484427
vt 0.483922 0.787626
vt 0.789293 0.915572
vt 0.930689 0.726852
vt 0.681337 0.468505
vt 0.469311 0.673149
vt 0.718663 0.931495
vt 0.789292 0.915572
vt 0.915572 0.789292
vt 1.122992 1.215426
vt 0.922156 1.239256
vt 0.893556 1.338062
vt 0.184572 1.122990
vt 0.061937 0.893554
vt 0.123278 0.767129
vt 0.035280 0.646388
vt 0.477844 0.160743
vt 0.646394 0.035280
vt 0.443603 0.081001
vt 0.746674 0.121264
vt 0.893560 0.061939
vt 1.072233 0.142915
vt 1.338062 0.506443
vt 1.276722 0.632872
vt 1.363563 0.765355
vt 1.131406 0.877725
vt 1.288039 1.014319
vt 0.522795 1.131563
vt 0.385684 1.288041
vt 0.267843 0.875248
vt 0.268856 0.521414
vt 0.111958 0.385686
vt 0.277006 0.184572
vt 0.877725 0.268595
vt 1.215424 0.277004
vt 1.131143 0.521414
vt 0.833293 1.023554
vt 0.745510 1.162184
vt 0.671997 1.047242
vt 0.566061 1.023358
vt 0.566707 0.376446
vt 0.662661 0.237011
vt 0.728003 0.352758
vt 1.024117 0.831436
vt 0.915572 0.789293
vt 0.376446 0.833293
vt 0.376643 0.566059
vt 0.484428 0.610707
vt 0.718664 0.931495
vt 0.611137 0.915703
vt 0.681336 0.468505
vt 0.788862 0.484297
vt 0.916078 0.612377
vt 0.930689 0.726850
vt 4.338660 0.170000
vt 4.179719 0.000000
vt 2.689323 0.170000
vt 2.805266 0.000000
vt 2.530376 0.000000
vt 2.959234 0.170000
vt 3.080157 0.000000
vt 1.276722 0.632871
vt 1.162989 0.662659
vt 1.131145 0.521415
vt 0.521414 0.268856
vt 0.123279 0.767132
vt 0.268855 0.521415
vt 0.238623 0.646294
vt 0.469311 0.673148
vt 0.972892 1.363245
vt 0.841577 1.403079
vt 0.488784 1.381954
vt 0.634647 1.363563
vt 0.153944 0.240041
vt 0.504567 0.013258
vt 0.561744 -0.003740
vt 0.698308 -0.017190
vt 0.782244 -0.009256
vt 0.841578 -0.003079
vt 0.972893 0.036755
vt 1.331570 0.367143
vt 2.164208 1.000000
vt 0.488692 1.000000
vt 0.907571 1.000000
vt 1.326450 1.000000
vt 0.373814 0.289830
vt 0.353209 0.325519
vt 0.392843 0.237553
vt 0.032671 0.301063
vt 0.004904 0.224775
vt 0.046791 0.325519
vt 0.004904 0.169151
vt 0.032670 0.092862
vt 0.068427 0.050249
vt 0.138733 0.009659
vt 0.193515 0.000000
vt 0.392843 0.156377
vt 0.425400 0.700000
vt 0.482171 0.000000
vt 0.565028 0.700000
vt 0.774466 0.700000
vt 0.831239 0.000000
vt 0.691609 0.000000
vt 0.895168 0.500000
vt 0.917327 1.000000
vt 0.990986 0.500000
vt 0.799681 0.500000
vt 0.316599 0.500000
vt 0.354833 1.000000
vt 0.393429 0.500000
vt 0.207672 0.500000
vt 0.262808 1.000000
vt 0.018425 0.500000
vt 0.027146 1.000000
vt 0.097853 0.500000
vt 0.032671 0.301063
vt 0.004905 0.224779
vt 0.032669 0.092864
vt 0.068428 0.050248
vt 0.193515 0.000000
vt 0.370573 0.295445
vt 0.393970 0.231162
vt 0.392843 0.156377
vt 0.425398 0.700000
vt 0.482171 0.000000
vt 0.774466 0.700000
vt 0.831236 0.000000
vt 0.691609 0.000000
vt 0.964651 1.000000
vt 0.955933 0.500000
vt 0.777346 1.000000
vt 0.722655 0.500000
vt 0.799683 0.500000
vt 0.527347 1.000000
vt 0.487181 0.500000
vt 0.549681 0.500000
vt 0.450320 1.000000
vt 0.424685 0.500000
vt 0.370905 1.000000
vt 0.362187 0.500000
vt 0.277345 1.000000
vt 0.222654 0.500000
vt 0.299683 0.500000
vt -0.198397 0.356504
vt -0.134574 0.097834
vt -0.326043 0.873844
vt 5.500000 1.333333
vt 5.500000 2.000000
vt 5.500000 0.666667
vt -0.262220 0.615174
vt 5.762220 0.615180
vt 0.000000 0.666667
vt 5.698396 0.356507
vt 0.000000 2.000000
vt 5.826044 0.873853
vt 1.333333 0.100000
vt 0.666667 0.000000
vt 1.333333 0.000000
vt 2.000000 0.100000
vt 2.000000 0.000000
vt 0.000000 0.100000
vt 0.666667 0.100000
vt 1.677781 0.100000
vt 1.655552 0.000000
vt 1.677781 0.000000
vt 0.333333 0.100000
vt 0.333333 0.000000
vt 2.024502 0.000000
vt 1.999145 0.100000
vt 1.655552 0.100000
vt 1.906243 0.000000
vt 1.702896 0.100000
vt 1.683475 0.000000
vt 1.694828 0.000000
vt 1.991701 0.100000
vt 1.693332 0.100000
vt 5.500000 0.100000
vt 0.500000 0.500000
vt 0.406249 0.521658
vt 0.031004 0.514721
vt 0.028733 0.491700
vt 0.034262 0.482917
vt 0.293480 0.512371
vt 0.706519 0.489757
vt 0.209033 0.472317
vt 0.965786 0.519165
vt 0.969112 0.514665
vt 0.971915 0.508477
vt 0.790911 0.472176
vt 0.521658 0.594682
vt 0.515815 0.968260
vt 0.487407 0.969266
vt 0.482969 0.965792
vt 0.512371 0.706520
vt 0.489757 0.293480
vt 0.472317 0.790967
vt 0.519164 0.034214
vt 0.514543 0.030812
vt 0.514721 0.030734
vt 0.486051 0.031583
vt 0.472176 0.209089
vt 0.473907 0.173331
vt 0.479539 0.406249
vt 0.594682 0.479539
vt 0.479587 0.589515
vt 0.493277 0.547185
vt 0.547185 0.507787
vt 0.507787 0.453879
vt 0.453879 0.493277
vt 0.458624 0.580497
vt 0.437608 0.563456
vt 0.411556 0.479589
vt 0.420569 0.458625
vt 0.437608 0.437607
vt 0.521475 0.411559
vt 0.542439 0.420570
vt 0.563456 0.437608
vt 0.589513 0.521476
vt 0.580496 0.542440
vt 0.563456 0.563456
vt 0.485878 0.565498
vt 0.435566 0.485878
vt 0.515186 0.435566
vt 0.565498 0.515186
vt 0.492650 0.554707
vt 0.446811 0.512240
vt 0.446356 0.492650
vt 0.488823 0.446811
vt 0.508414 0.446356
vt 0.554252 0.488823
vt 0.554707 0.508413
vt 0.512241 0.554252
vt 0.377936 0.605170
vt 0.360519 0.588347
vt 0.380501 0.602141
vt 0.321468 0.565456
vt 0.319743 0.569066
vt 0.357956 0.591345
vt 0.274245 0.552309
vt 0.305794 0.562886
vt 0.146282 0.537971
vt 0.147137 0.541919
vt 0.119586 0.550756
vt 0.103268 0.555269
vt 0.111067 0.549198
vt 0.112154 0.553088
vt 0.044672 0.555077
vt 0.045790 0.551195
vt 0.061349 0.558042
vt 0.024185 0.545753
vt 0.032262 0.545918
vt 0.030384 0.549450
vt 0.037220 0.552573
vt 0.018642 0.541528
vt 0.009604 0.531673
vt 0.012898 0.529336
vt 0.013775 0.536819
vt -0.000125 0.501064
vt 0.004284 0.507134
vt 0.000276 0.507630
vt 0.000276 0.494498
vt 0.006149 0.475992
vt 0.003429 0.481875
vt 0.013775 0.465309
vt 0.009604 0.470454
vt 0.024185 0.456374
vt 0.018642 0.460600
vt 0.037220 0.449554
vt 0.030384 0.452677
vt 0.052722 0.445213
vt 0.045791 0.450933
vt 0.044673 0.447051
vt 0.103187 0.446842
vt 0.061349 0.444086
vt 0.053459 0.449146
vt 0.112154 0.449039
vt 0.141220 0.458700
vt 0.290684 0.444854
vt 0.275299 0.453678
vt 0.274245 0.449819
vt 0.257574 0.457905
vt 0.256746 0.453991
vt 0.305794 0.439241
vt 0.321468 0.436671
vt 0.307315 0.442965
vt 0.291970 0.448642
vt 0.344816 0.419328
vt 0.334612 0.429909
vt 0.332694 0.426397
vt 0.356274 0.411934
vt 0.367252 0.404279
vt 0.358481 0.415257
vt 0.387826 0.387826
vt 0.380503 0.399456
vt 0.377935 0.396425
vt 0.385428 0.596325
vt 0.324783 0.558522
vt 0.277324 0.541038
vt 0.047906 0.543849
vt 0.003931 0.501064
vt 0.047921 0.458332
vt 0.111066 0.452930
vt 0.259165 0.465424
vt 0.321834 0.540505
vt 0.103665 0.474891
vt 0.238455 0.457225
vt 0.613238 0.613238
vt 0.620029 0.602140
vt 0.622596 0.605170
vt 0.632881 0.597715
vt 0.643726 0.590193
vt 0.667306 0.575730
vt 0.709316 0.557274
vt 0.725755 0.552309
vt 0.742426 0.544223
vt 0.743254 0.548137
vt 0.852863 0.541919
vt 0.858780 0.543428
vt 0.866304 0.541643
vt 0.865288 0.545479
vt 0.856456 0.538690
vt 0.880412 0.550756
vt 0.888934 0.549198
vt 0.887846 0.553088
vt 0.896732 0.555269
vt 0.947278 0.556915
vt 0.954210 0.551195
vt 0.955328 0.555077
vt 0.938651 0.558042
vt 0.946541 0.552982
vt 0.961274 0.548825
vt 0.962780 0.552573
vt 0.969616 0.549450
vt 0.975815 0.545753
vt 0.981358 0.541527
vt 0.986225 0.536819
vt 0.990396 0.531673
vt 0.993851 0.526136
vt 0.996571 0.520252
vt 0.999725 0.507630
vt 1.000125 0.501064
vt 0.999725 0.494498
vt 0.998535 0.488059
vt 0.996571 0.481875
vt 0.990396 0.470454
vt 0.987134 0.472769
vt 0.986225 0.465308
vt 0.981358 0.460600
vt 0.975815 0.456374
vt 0.969616 0.452677
vt 0.962780 0.449554
vt 0.955327 0.447051
vt 0.947278 0.445213
vt 0.938651 0.444085
vt 0.946534 0.449183
vt 0.928992 0.443393
vt 0.865289 0.456648
vt 0.887846 0.449039
vt 0.855601 0.459511
vt 0.667305 0.426397
vt 0.680257 0.433062
vt 0.725755 0.449818
vt 0.694206 0.439241
vt 0.665388 0.429909
vt 0.622596 0.396425
vt 0.620025 0.399461
vt 0.632881 0.404279
vt 0.610422 0.390642
vt 0.740835 0.536703
vt 0.633143 0.583356
vt 0.945126 0.545426
vt 0.952079 0.543796
vt 0.996051 0.501064
vt 0.661705 0.436653
vt 0.988420 0.503628
vt 0.625821 0.573310
vt 0.665837 0.546704
vt 0.678270 0.543598
vt 0.896335 0.527236
vt 0.681031 0.461627
vt 0.761545 0.457225
vt 0.841175 0.540113
vt 0.597715 0.632881
vt 0.605171 0.622596
vt 0.590194 0.643726
vt 0.582800 0.655184
vt 0.565456 0.678532
vt 0.575731 0.667305
vt 0.569066 0.680257
vt 0.559163 0.692684
vt 0.541919 0.852863
vt 0.549235 0.888923
vt 0.553088 0.887846
vt 0.540777 0.846922
vt 0.550776 0.880470
vt 0.555077 0.955328
vt 0.558042 0.938651
vt 0.549451 0.969616
vt 0.552574 0.962780
vt 0.541528 0.981358
vt 0.545753 0.975815
vt 0.531673 0.990396
vt 0.520253 0.996571
vt 0.514069 0.998535
vt 0.501064 1.000125
vt 0.507630 0.999724
vt 0.494498 0.999724
vt 0.475992 0.993851
vt 0.481875 0.996571
vt 0.465309 0.986225
vt 0.470455 0.990396
vt 0.456375 0.975815
vt 0.463652 0.978712
vt 0.460600 0.981358
vt 0.468027 0.983237
vt 0.449554 0.962780
vt 0.456210 0.967737
vt 0.452677 0.969616
vt 0.445213 0.947278
vt 0.447051 0.955327
vt 0.448088 0.938255
vt 0.444086 0.938651
vt 0.449146 0.946541
vt 0.446842 0.896813
vt 0.451372 0.880413
vt 0.449040 0.887846
vt 0.456648 0.865289
vt 0.455238 0.881626
vt 0.458700 0.858780
vt 0.444854 0.709316
vt 0.449819 0.725755
vt 0.462539 0.833600
vt 0.457905 0.742426
vt 0.453991 0.743254
vt 0.433062 0.680257
vt 0.442965 0.692685
vt 0.439241 0.694206
vt 0.426397 0.667306
vt 0.411934 0.643726
vt 0.541039 0.722676
vt 0.543849 0.952094
vt 0.456702 0.945126
vt 0.465424 0.740835
vt 0.540506 0.678165
vt 0.533773 0.913342
vt 0.474891 0.896335
vt 0.461610 0.678137
vt 0.457225 0.761545
vt 0.613238 0.387826
vt 0.602140 0.380502
vt 0.605170 0.377935
vt 0.591339 0.357947
vt 0.575730 0.332694
vt 0.565422 0.321485
vt 0.569066 0.319743
vt 0.562886 0.305794
vt 0.557274 0.290684
vt 0.552309 0.274245
vt 0.548137 0.256746
vt 0.544903 0.238455
vt 0.541919 0.147137
vt 0.541682 0.215891
vt 0.543428 0.141220
vt 0.541614 0.133559
vt 0.545479 0.134712
vt 0.550756 0.119586
vt 0.546923 0.118290
vt 0.552982 0.053459
vt 0.556915 0.052722
vt 0.554040 0.061745
vt 0.555077 0.044672
vt 0.552573 0.037220
vt 0.549450 0.030384
vt 0.545753 0.024185
vt 0.538476 0.021288
vt 0.541527 0.018642
vt 0.534101 0.016762
vt 0.536819 0.013775
vt 0.529335 0.012898
vt 0.531673 0.009604
vt 0.524219 0.009704
vt 0.526136 0.006149
vt 0.520252 0.003429
vt 0.507139 0.004246
vt 0.494498 0.000276
vt 0.488059 0.001465
vt 0.481875 0.003429
vt 0.460600 0.018642
vt 0.470454 0.009604
vt 0.456374 0.024185
vt 0.456210 0.032262
vt 0.452677 0.030384
vt 0.449554 0.037220
vt 0.447051 0.044673
vt 0.444085 0.061349
vt 0.449819 0.274245
vt 0.449039 0.112154
vt 0.442965 0.307315
vt 0.433062 0.319743
vt 0.426397 0.332695
vt 0.422744 0.346898
vt 0.419328 0.344816
vt 0.415256 0.358480
vt 0.411934 0.356274
vt 0.396425 0.377935
vt 0.399455 0.380502
vt 0.596310 0.385441
vt 0.582317 0.365385
vt 0.522882 0.017707
vt 0.506213 0.011738
vt 0.458279 0.047906
vt 0.461141 0.277339
vt 0.390649 0.390649
vt 0.560152 0.358732
vt 0.586734 0.393474
vt 0.490235 0.029199
vt 0.572739 0.372994
vt 0.527237 0.103664
vt 0.470155 0.290370
vt 0.461622 0.321835
vt 0.457225 0.238455
vt 2.017966 0.100000
vt 1.904996 0.000000
vt 1.702905 0.000000
vt 1.683496 0.100000
vt 1.694801 0.100000
vt 1.693315 0.000000
vt 1.991367 0.100000
vt 2.006485 0.000000
vt -0.244259 0.990296
vt 0.000000 1.333333
vt 5.744258 0.990306
vt 2.026557 0.000000
vt 2.002958 0.100000
vt 1.940409 0.100000
vt 1.985644 0.000000
vt 1.702899 0.000000
vt 1.683497 0.100000
vt 1.683504 0.100000
vt 1.702904 0.000000
vt 2.015298 0.000000
vt 2.003751 0.100000
vt 1.905861 0.000000
vt 1.992444 0.100000
vt 1.702906 0.000000
vt 1.683504 0.100000
vt 1.694811 0.100000
vt 1.693323 0.000000
vt 0.353967 0.740277
vt 1.392066 0.780553
vt 0.836563 0.013450
vt 1.039261 0.091439
vt 0.643983 0.005517
vt 0.632874 0.123278
vt 0.007934 0.619446
vt 0.091437 0.360744
vt 0.121264 0.653325
vt 0.756009 1.394483
vt 0.767127 1.276722
vt 1.308560 1.039263
vt 0.569290 1.357126
vt 0.123278 0.767125
vt 0.081001 0.956398
vt 0.035280 0.753608
vt 0.042874 0.569289
vt 0.833940 1.023357
vt 0.566061 0.376642
vt 0.916078 0.612376
vt 3.298672 0.170000
vt 0.930689 0.726848
vt 3.985895 0.170000
vt 4.398229 0.170000
vt 0.056379 0.000000
vt 0.274889 0.170000
vt 0.077880 0.170000
vt 0.765105 0.170000
vt 1.018483 0.000000
vt 1.035006 0.170000
vt 1.293375 0.000000
vt 1.309897 0.170000
vt 1.511892 0.170000
vt 1.924226 0.170000
vt 2.692516 0.170000
vt 2.667821 0.000000
vt 2.886339 0.170000
vt 1.417190 0.701693
vt 1.097042 1.297262
vt 1.380510 0.915977
vt 1.249208 1.156118
vt 0.427108 1.363245
vt 0.895434 1.386742
vt 0.620927 1.409569
vt 0.237572 1.244031
vt 0.066084 1.028467
vt -0.017190 0.698307
vt 0.018047 0.488778
vt 0.427108 0.036755
vt 0.256636 0.140324
vt 1.162422 0.155965
vt 1.385815 0.501513
vt 0.775877 0.257115
vt 0.093582 0.651038
vt 0.093582 0.136808
vt 2.164208 0.000000
vt -0.069813 0.880000
vt 0.069813 0.000000
vt 0.488692 0.000000
vt 0.488692 1.000000
vt 0.907571 0.000000
vt 1.186824 0.880000
vt 1.326450 0.000000
vt 1.466076 0.000000
vt 1.745329 0.000000
vt 2.443461 1.000000
vt -0.069813 1.000000
vt 1.186824 1.000000
vt 0.367332 0.301058
vt 0.026183 0.289825
vt 0.273464 0.014098
vt 0.395096 0.169150
vt 0.392843 0.156372
vt 0.367330 0.301062
vt 0.026183 0.289825
vt 0.032669 0.301059
vt 0.004905 0.169144
vt 0.007157 0.156372
vt 0.395095 0.169147
vt 0.193514 0.393923
vt 0.007157 0.156371
vt 0.138726 0.009661
vt 0.402350 1.000000
vt 0.410153 0.500000
vt 0.026182 0.289824
vt 0.331572 0.050248
vt 0.367330 0.301060
vt -0.034907 0.700000
vt 0.308595 1.000000
vt 0.277617 0.487280
vt 0.113428 0.056124
vt 0.393373 0.064680
vt 0.000000 1.000000
vt 0.835324 0.471268
vt 0.846267 0.033635
vt 0.528938 0.334924
vt 0.193514 0.393923
vt 0.138724 0.009662
vt 0.032669 0.092864
vt 0.026184 0.104097
vt 0.126536 0.014099
vt 0.138729 0.009660
vt 0.261274 0.009661
vt 0.273461 0.014097
vt 0.032669 0.092864
vt 0.273463 0.014097
vt 1.123532 0.700000
vt 0.321634 0.352014
vt 0.068427 0.343674
vt 1.221730 0.700000
vt 1.131144 0.521415
vt 0.268219 0.523513
vt 0.237011 0.737342
vt 0.923232 0.161070
vt 1.132405 1.246324
vt 1.308557 1.039267
vt 1.238930 0.923231
vt 1.039265 0.091441
vt 0.563437 1.386550
vt 1.272125 0.813803
vt 0.586197 1.272125
vt 1.173762 0.226239
vt 1.162184 0.745519
vt 0.566060 0.376643
vt 3.239109 0.170000
vt 3.436117 0.170000
vt 3.629944 0.000000
vt 3.651442 0.170000
vt 3.848451 0.170000
vt 4.042264 0.000000
vt 4.063765 0.170000
vt 4.260785 0.170000
vt 4.317157 0.000000
vt 0.468712 0.000000
vt 0.488326 0.170000
vt 0.743590 0.000000
vt 0.765094 0.170000
vt 0.962113 0.170000
vt 2.199116 0.170000
vt 2.689323 0.170000
vt 2.667821 0.000000
vt 2.942705 0.000000
vt 2.962319 0.170000
vt 3.217607 0.000000
vt 1.403079 0.841577
vt 1.403740 0.838256
vt 1.208327 1.205932
vt 1.295381 1.099857
vt 0.620928 1.409569
vt 0.558423 1.403079
vt 0.252718 0.143540
vt 0.501506 0.014187
vt 0.919038 0.020418
vt 1.159958 0.153943
vt 1.363245 0.427108
vt 1.411361 0.639126
vt 0.775877 0.530731
vt 2.303835 0.000000
vt 0.628318 0.000000
vt 1.047197 0.000000
vt 2.443461 0.880000
vt 0.193515 0.393923
vt 0.392844 0.237549
vt 0.321634 0.352014
vt 0.193513 0.393923
vt 0.007156 0.156377
vt 0.370574 0.098481
vt 0.373816 0.104097
vt 0.026181 0.289822
vt 0.132632 0.011880
vt 0.273459 0.014096
vt 0.370575 0.098482
vt 1.123532 0.700000
vt 1.110494 0.000000
vt 0.321634 0.352014
vt 0.007156 0.156376
vt 0.133107 0.000000
vt 0.006520 0.700000
vt 0.146143 0.700000
vt 0.244346 0.700000
vt 0.495213 0.700000
vt 0.482175 0.000000
vt 0.634837 0.700000
vt 0.733038 0.700000
vt 0.856565 1.000000
vt 0.785342 0.500000
vt 0.777345 1.000000
vt 0.700318 1.000000
vt 0.017577 0.279651
vt 0.437314 0.398251
vt 0.290160 0.016617
vt 0.866343 0.046619
vt 0.835319 0.471270
vt 0.527830 0.175573
vt 0.026182 0.289824
vt 0.331572 0.050248
vt 0.032669 0.092864
vt 0.138727 0.009661
vt 1.123530 0.700000
vt 0.321635 0.352013
vt 0.007156 0.156375
vt 0.133105 0.000000
vt 0.006518 0.700000
vt 0.634839 0.700000
vt 0.621800 0.000000
vt 0.761424 0.000000
vt 0.774462 0.700000
vt 0.872664 0.700000
vt 1.162989 0.662661
vt 0.237817 0.745521
vt 0.737337 1.162989
vt 1.278736 0.746674
vt 1.088899 0.117971
vt 0.013450 0.836563
vt 1.276723 0.632881
vt 1.363057 0.914007
vt 0.142915 1.072232
vt 0.268219 0.876487
vt 0.237816 0.654481
vt 0.524752 0.267844
vt 1.132156 0.524751
vt 1.161379 0.753693
vt 0.753694 0.238621
vt 0.915702 0.788864
vt 3.371562 0.170000
vt 3.573562 0.000000
vt 3.573562 0.170000
vt 3.767374 0.000000
vt 3.783890 0.170000
vt 0.210335 0.170000
vt -0.000000 0.170000
vt 0.468702 0.000000
vt 0.488316 0.170000
vt 0.743588 0.000000
vt 0.768287 0.170000
vt 1.018483 0.000000
vt 1.039989 0.170000
vt 1.237002 0.000000
vt 1.237002 0.170000
vt 1.430825 0.000000
vt 1.452327 0.170000
vt 1.649337 0.170000
vt 2.611450 0.170000
vt 2.805263 0.000000
vt 2.826765 0.170000
vt 3.080169 0.000000
vt 3.096684 0.170000
vt 3.355039 0.000000
vt 1.363245 0.972892
vt 1.410057 0.774115
vt 1.249218 1.156106
vt 0.698307 1.417190
vt -0.003739 0.561743
vt 0.064586 1.025665
vt -0.011361 0.760880
vt 0.194068 0.191673
vt 0.074705 0.355405
vt 1.099858 0.104620
vt 0.919034 0.020417
vt 1.257649 0.254167
vt 1.384373 0.496757
vt 0.209440 0.000000
vt 0.078365 0.041910
vt 0.392845 0.237544
vt 0.126544 0.379828
vt 0.026185 0.289828
vt 0.321635 0.352013
vt 0.007155 0.156383
vt 0.206483 0.000000
vt 0.331569 0.050245
vt 0.076328 0.700000
vt 0.331575 0.050251
vt 0.032671 0.092861
vt 0.942478 0.700000
vt 0.202917 0.000000
vt 0.215955 0.700000
vt 0.314159 0.000000
vt 0.314159 0.700000
vt 0.412365 0.000000
vt 0.425402 0.700000
vt 0.844272 0.700000
vt 0.831235 0.000000
vt 0.988148 1.000000
vt 0.660343 0.500000
vt 0.731572 1.000000
vt 0.652340 1.000000
vt 0.575317 1.000000
vt 0.347659 0.500000
vt 0.419067 1.000000
vt 0.339659 1.000000
vt 0.254092 0.500000
vt 0.245906 1.000000
vt 0.160341 0.500000
vt 0.152338 1.000000
vt 0.080932 0.500000
vt 0.075318 1.000000
vt 0.471269 0.335319
vt 0.056134 0.386587
vt 0.243863 0.013266
vt 0.011853 0.500000
vt 0.012812 1.000000
vt 0.633682 0.458650
vt 0.986734 0.256137
vt 0.556131 0.113418
vt 0.078367 0.041909
vt 0.126546 0.379829
vt 0.026185 0.289829
vt 0.007155 0.156382
vt 0.206485 0.000000
vt 0.331571 0.050248
vt 0.373815 0.104094
vt 0.165270 0.393923
vt 0.100000 0.023756
vt 1.040683 0.000000
vt 1.053720 0.700000
vt 0.215954 0.700000
vt 0.844273 0.700000
vt 0.942478 0.000000
vt 1.151466 0.169318
vt 0.153676 1.132406
vt 0.161070 0.923232
vt 1.230680 1.151468
vt 1.238930 0.476768
vt 1.394483 0.643987
vt 1.320185 0.382486
vt 0.509581 0.029787
vt 0.005516 0.756010
vt 0.311101 0.117971
vt 0.053284 0.967879
vt 1.017514 1.320185
vt 0.352758 0.671993
vt 0.833939 0.376642
vt 1.023358 0.566061
vt 1.046033 0.659724
vt 3.629933 0.000000
vt 3.376549 0.170000
vt 3.649551 0.170000
vt 3.904826 0.000000
vt 3.926331 0.170000
vt 4.123340 0.170000
vt 0.210334 0.170000
vt 0.193815 0.000000
vt 0.412334 0.000000
vt 0.412334 0.170000
vt 0.606155 0.000000
vt 0.627657 0.170000
vt 0.881045 0.000000
vt 0.900660 0.170000
vt 1.155929 0.000000
vt 1.180625 0.170000
vt 1.374447 0.000000
vt 1.374447 0.170000
vt 1.568265 0.000000
vt 1.589768 0.170000
vt 1.786781 0.170000
vt 1.980606 0.000000
vt 2.005301 0.170000
vt 2.255490 0.000000
vt 2.280186 0.170000
vt 2.474005 0.170000
vt 3.355047 0.000000
vt 3.161229 0.170000
vt 0.976021 1.361949
vt 0.300143 1.295381
vt 0.760880 1.411361
vt 0.561744 1.403740
vt 0.102738 1.097042
vt 0.300143 0.104619
vt 1.159958 0.153943
vt 1.403079 0.558424
vt 0.600000 0.740333
vt 1.884956 0.000000
vt 0.273463 0.379826
vt 0.261266 0.384265
vt 0.026185 0.289828
vt 0.395096 0.169151
vt 0.206485 0.000000
vt 0.138728 0.384263
vt 0.126545 0.379828
vt 0.321637 0.041911
vt 0.367329 0.301063
vt 0.261272 0.384262
vt 0.126538 0.379826
vt 0.007156 0.156377
vt 0.078363 0.041912
vt 0.331573 0.050249
vt 1.082104 0.000000
vt 0.983905 0.700000
vt 1.082104 0.700000
vt 0.367331 0.301059
vt 0.138733 0.009658
vt 1.180310 0.000000
vt 1.193347 0.700000
vt 0.063291 0.000000
vt 0.076328 0.700000
vt 0.174533 0.000000
vt 0.174533 0.700000
vt 0.272736 0.000000
vt 0.285773 0.700000
vt 0.663225 0.700000
vt 0.970868 0.000000
vt 0.698587 1.000000
vt 1.000000 1.000000
vt 0.597660 0.500000
vt 0.589658 1.000000
vt 0.488921 0.500000
vt 0.479836 1.000000
vt 0.183403 1.000000
vt 0.106570 1.000000
vt 0.033635 0.346265
vt 0.471269 0.335319
vt 0.376425 0.049756
vt 0.977333 0.323376
vt 0.523920 0.311538
vt 0.601741 0.062693
vt 0.392844 0.237549
vt 0.026185 0.289828
vt 0.206485 0.000000
vt 0.273462 0.379826
vt 0.261267 0.384265
vt 0.138727 0.384262
vt 0.326604 0.046079
vt 0.331575 0.050251
vt 0.261272 0.384263
vt 0.126537 0.379826
vt 0.007156 0.156377
vt 0.078365 0.041910
vt 0.326605 0.046081
vt 0.983901 0.700000
vt 0.367329 0.301061
vt 0.138734 0.009658
vt 1.180309 0.000000
vt 1.193346 0.700000
vt 0.063290 0.000000
vt 0.076327 0.700000
vt 0.272732 0.000000
vt 0.285769 0.700000
vt 0.970864 0.000000
vt 0.870904 1.000000
vt 0.878903 0.500000
vt 0.629096 0.500000
vt 0.700317 1.000000
vt 0.621097 1.000000
vt 0.129095 0.500000
vt 0.200317 1.000000
vt 0.121096 1.000000
vt 0.044067 1.000000
vt 0.035348 0.500000
vt 0.022668 0.323379
vt 0.290517 0.016338
vt 0.421737 0.413057
vt 0.697794 0.480988
vt 0.983662 0.209487
vt 0.641140 0.037364
vt 0.001465 0.488059
vt 0.319743 0.433062
vt 0.998535 0.514068
vt 0.993851 0.475992
vt 0.548137 0.743254
vt 0.536819 0.986225
vt 0.526136 0.993851
vt 0.488059 0.998535
vt 0.582800 0.344816
vt 0.514068 0.001465
vt 0.404279 0.367252
vt 0.743603 0.000000
vt 0.558423 -0.003079
vt 0.330541 0.000000
vt 0.469459 0.000000
vt 0.600000 0.047513
vt 0.706418 0.136808
vt 0.800000 0.393923
vt 0.706418 0.651038
vt 0.469459 0.787846
vt 0.330541 0.787846
vt 0.200000 0.740333
vt 0.024123 0.530731
vt 0.000000 0.393923
vt 0.024123 0.257115
vt 0.200000 0.047513
vt 2.024582 0.000000
vt -0.069813 0.000000
vt 0.349066 0.000000
vt 0.767945 0.000000
vt 1.186824 0.000000
vt 1.605703 0.000000
vt 0.261271 0.384263
vt 0.126539 0.379826
vt 0.007157 0.156370
vt 0.078366 0.041909
vt 0.206487 0.000000
vt 0.395096 0.169149
vt 0.482421 0.220342
vt 0.462634 0.358864
vt 0.386623 0.443430
vt 0.145536 0.459730
vt 0.027833 0.324436
vt 0.028732 0.164680
vt 0.244151 0.012923
vt 0.613376 0.443430
vt 0.722383 0.487280
vt 0.931948 0.404789
vt 0.982422 0.279658
vt 0.950250 0.123585
vt 0.730799 0.011891
vt 0.623149 0.049629
vt 0.527831 0.175568
vt 1.110495 0.000000
vt 0.004904 0.224774
vt 0.032670 0.092862
vt 0.138728 0.009660
vt 0.331570 0.050247
vt 0.387939 0.128558
vt 0.392842 0.237553
vt 0.193514 0.393923
vt 0.068428 0.343675
vt 0.392843 0.237548
vt 0.331571 0.050248
vt 0.078365 0.041910
vt -0.006518 0.000000
vt 0.862181 0.500000
vt 0.153738 0.033633
vt 0.049753 0.123579
vt 0.068050 0.404787
vt 0.164681 0.471270
vt 0.324427 0.472171
vt 0.483663 0.290513
vt 0.477333 0.176623
vt 0.413060 0.078266
vt 0.623584 0.049751
vt 0.730796 0.011892
vt 0.971063 0.165077
vt 0.980990 0.302198
vt 0.931950 0.404787
vt 0.722380 0.487279
vt 0.613373 0.443427
vt 0.528939 0.334926
vt 0.026183 0.289826
vt 0.392843 0.237547
vt 0.078366 0.041909
vt 0.193814 0.000000
vt 1.205933 0.191674
vt 0.063290 0.000000
vt 0.138734 0.009658
vt 0.395096 0.169149
vt 0.367329 0.301063
vt 0.026185 0.289830
vt 0.987190 0.500000
vt 0.358862 0.037365
vt 0.443868 0.113416
vt 0.487280 0.222389
vt 0.386582 0.443868
vt 0.255843 0.487077
vt 0.141137 0.462634
vt 0.013265 0.256134
vt 0.049757 0.123574
vt 0.133681 0.041351
vt 0.513265 0.243869
vt 0.549757 0.376427
vt 0.744154 0.487077
vt 0.858865 0.462633
vt 0.943419 0.386637
vt 0.950244 0.123576
vt 0.824425 0.027829
vt 0.664684 0.028730
vt 0.367329 0.301061
vt 0.261267 0.384264
vt 0.068423 0.343670
vt 0.004904 0.224775
vt 0.691609 0.000000
vt 0.194067 1.208327
vt 0.038051 0.976021
vt 0.331575 0.050250
vt 0.007156 0.156375
vt 0.068425 0.343672
vt 0.261267 0.384265
vt 0.395095 0.169145
vt 0.273455 0.014094
vt 0.707672 0.500000
vt 0.220348 0.017577
vt 0.064682 0.106623
vt 0.011890 0.230810
vt 0.101743 0.437309
vt 0.209847 0.483385
vt 0.366350 0.453376
vt 0.472172 0.175576
vt 0.733748 0.016258
vt 0.886585 0.056132
vt 0.976080 0.188461
vt 0.893377 0.435319
vt 0.743863 0.486735
vt 0.613366 0.443423
vt 0.533636 0.153732
vt 0.126545 0.379829
vt 0.007157 0.156371
vt 0.068425 0.343673
vt 0.261267 0.384264
vt 0.395096 0.169149
vt 0.273455 0.014095
vt 0.302208 0.480988
vt 0.184713 0.479787
vt 0.086497 0.421775
vt 0.016338 0.209486
vt 0.078264 0.086942
vt 0.176626 0.022666
vt 0.413503 0.078226
vt 0.477332 0.176622
vt 0.483662 0.290514
vt 0.516338 0.290514
vt 0.578264 0.413058
vt 0.815287 0.479787
vt 0.913504 0.421774
vt 0.977332 0.323379
vt 0.921737 0.086943
vt 0.823375 0.022667
vt 0.730794 0.011892
vt 0.568056 0.095206
vt 0.522668 0.176622
s 1
usemtl Blades
f 1751/1253/1262 1761/1254/1263 1746/1255/1264
f 1785/1253/1265 1795/1254/1266 1780/1255/1267
f 1811/1253/1274 1821/1254/1275 1806/1255/1276
f 1845/1253/1277 1855/1254/1278 1840/1255/1279
f 21/1254/3163 18/2074/3164 5/2075/3165
f 12/2076/3166 16/2077/3167 8/2078/3168
f 21/1254/3163 11/1253/3169 6/1255/3170
f 49/2079/3171 51/2080/3172 52/2074/3173
f 55/1254/3174 52/2074/3173 39/2075/3175
f 46/2076/3176 50/2077/3177 42/2078/3178
f 55/1254/3174 45/1253/3179 40/1255/3180
f 1695/2079/3570 1697/2080/3571 1698/2074/3572
f 1701/1254/3573 1698/2074/3572 1685/2075/3574
f 1692/2076/3575 1696/2077/3576 1688/2078/3577
f 1701/1254/3573 1691/1253/3578 1686/1255/3579
f 1729/2079/3580 1731/2080/3581 1732/2074/3582
f 1735/1254/3583 1732/2074/3582 1719/2075/3584
f 1726/2076/3585 1730/2077/3586 1722/2078/3587
f 1735/1254/3583 1725/1253/3588 1720/1255/3589
f 1755/2079/3630 1757/2080/3631 1756/2077/3632
f 1761/1254/1263 1758/2074/3633 1755/2079/3630
f 1757/2080/3631 1747/2460/3634 1748/2078/3635
f 1789/2079/3636 1791/2080/3637 1790/2077/3638
f 1795/1254/1266 1792/2074/3639 1789/2079/3636
f 1791/2080/3637 1781/2460/3640 1782/2078/3641
f 1815/2079/3678 1817/2080/3679 1816/2077/3680
f 1821/1254/1275 1818/2074/3681 1815/2079/3678
f 1817/2080/3679 1807/2460/3682 1808/2078/3683
f 1849/2079/3684 1851/2080/3685 1850/2077/3686
f 1855/1254/1278 1852/2074/3687 1849/2079/3684
f 1851/2080/3685 1841/2460/3688 1842/2078/3689
f 15/2079/3199 17/2080/4338 18/2074/3164
f 1751/1253/1262 1745/2075/3654 1761/1254/1263
f 1785/1253/1265 1779/2075/3656 1795/1254/1266
f 1811/1253/1274 1805/2075/3702 1821/1254/1275
f 1845/1253/1277 1839/2075/3704 1855/1254/1278
f 21/1254/3163 15/2079/3199 18/2074/3164
f 8/2078/3168 7/2460/3219 12/2076/3166
f 12/2076/3166 17/2080/4338 16/2077/3167
f 21/1254/3163 5/2075/3165 11/1253/3169
f 49/2079/3171 50/2077/3177 51/2080/3172
f 55/1254/3174 49/2079/3171 52/2074/3173
f 42/2078/3178 41/2460/3220 46/2076/3176
f 46/2076/3176 51/2080/3172 50/2077/3177
f 55/1254/3174 39/2075/3175 45/1253/3179
f 1695/2079/3570 1696/2077/3576 1697/2080/3571
f 1701/1254/3573 1695/2079/3570 1698/2074/3572
f 1688/2078/3577 1687/2460/3627 1692/2076/3575
f 1692/2076/3575 1697/2080/3571 1696/2077/3576
f 1701/1254/3573 1685/2075/3574 1691/1253/3578
f 1729/2079/3580 1730/2077/3586 1731/2080/3581
f 1735/1254/3583 1729/2079/3580 1732/2074/3582
f 1722/2078/3587 1721/2460/3628 1726/2076/3585
f 1726/2076/3585 1731/2080/3581 1730/2077/3586
f 1735/1254/3583 1719/2075/3584 1725/1253/3588
f 1755/2079/3630 1758/2074/3633 1757/2080/3631
f 1761/1254/1263 1745/2075/3654 1758/2074/3633
f 1748/2078/3635 1756/2077/3632 1757/2080/3631
f 1757/2080/3631 1752/2076/3655 1747/2460/3634
f 1789/2079/3636 1792/2074/3639 1791/2080/3637
f 1795/1254/1266 1779/2075/3656 1792/2074/3639
f 1782/2078/3641 1790/2077/3638 1791/2080/3637
f 1791/2080/3637 1786/2076/3657 1781/2460/3640
f 1815/2079/3678 1818/2074/3681 1817/2080/3679
f 1821/1254/1275 1805/2075/3702 1818/2074/3681
f 1808/2078/3683 1816/2077/3680 1817/2080/3679
f 1817/2080/3679 1812/2076/3703 1807/2460/3682
f 1849/2079/3684 1852/2074/3687 1851/2080/3685
f 1855/1254/1278 1839/2075/3704 1852/2074/3687
f 1842/2078/3689 1850/2077/3686 1851/2080/3685
f 1851/2080/3685 1846/2076/3705 1841/2460/3688
f 15/2079/3199 16/2077/3167 17/2080/4338
usemtl Material.001
f 677/499/508 93/500/509 61/501/510
f 93/500/509 677/499/508 819/502/511
f 95/503/512 678/504/513 63/505/514
f 680/506/515 65/507/516 821/508/517
f 64/509/518 680/506/515 96/510/519
f 67/511/520 682/512/521 824/513/522
f 890/514/523 898/515/524 891/516/525
f 99/517/526 685/518/527 70/519/528
f 690/520/529 75/521/530 104/522/531
f 74/523/532 690/520/529 103/524/533
f 899/525/534 836/526/535 892/527/536
f 84/528/537 699/529/538 838/530/539
f 700/531/540 86/532/541 113/533/542
f 807/534/543 701/535/544 188/536/545
f 86/532/541 701/535/544 113/533/542
f 190/537/546 840/538/547 702/539/548
f 848/540/549 840/538/547 190/537/546
f 123/541/550 777/542/551 95/503/512
f 124/543/552 820/544/553 96/510/519
f 198/545/554 816/546/555 779/547/556
f 809/548/557 846/549/558 780/550/559
f 824/513/522 782/551/560 783/552/561
f 894/553/562 684/554/563 898/515/524
f 895/555/564 685/518/527 784/556/565
f 685/518/527 895/555/564 893/557/566
f 100/558/567 786/559/568 871/560/569
f 788/45/45 828/561/570 102/562/571
f 708/563/572 104/522/531 789/564/573
f 187/565/574 831/566/575 106/567/576
f 106/567/576 709/568/577 187/565/574
f 107/569/578 832/570/579 792/571/580
f 108/572/581 833/573/582 793/46/46
f 110/574/583 710/575/584 834/576/585
f 710/575/584 110/574/583 872/577/586
f 897/578/587 112/579/588 718/580/589
f 112/579/588 897/578/587 900/581/590
f 795/582/591 796/583/592 797/584/593
f 797/584/593 711/585/594 873/586/595
f 189/587/596 847/588/597 808/589/598
f 802/590/599 848/540/549 723/591/600
f 131/592/601 712/593/602 117/594/603
f 800/595/604 713/596/605 118/597/606
f 117/594/603 713/596/605 131/592/601
f 714/598/607 779/547/556 186/95/95
f 864/75/75 871/560/569 787/44/44
f 720/599/608 719/600/609 795/582/591
f 773/98/98 722/601/610 803/83/83
f 808/589/598 722/601/610 874/602/611
f 868/603/612 723/591/600 878/604/613
f 875/605/614 713/596/605 800/595/604
f 132/606/615 875/605/614 800/595/604
f 788/45/45 733/607/616 194/43/43
f 733/607/616 880/102/102 879/608/617
f 880/102/102 789/564/573 144/104/104
f 790/609/618 881/103/103 144/104/104
f 187/565/574 791/610/619 790/609/618
f 196/39/39 791/610/619 863/37/37
f 851/611/620 748/612/621 850/613/622
f 161/213/213 748/612/621 162/444/444
f 866/614/623 751/615/624 883/616/625
f 751/615/624 854/617/626 855/618/627
f 855/618/627 752/619/628 751/615/624
f 164/22/22 752/619/628 753/620/629
f 753/620/629 902/621/630 903/622/631
f 856/623/632 754/624/633 135/625/634
f 864/75/75 755/25/25 856/623/632
f 167/27/27 762/626/635 763/627/636
f 763/627/636 139/628/637 857/629/638
f 169/20/20 763/627/636 764/630/639
f 763/627/636 169/20/20 167/27/27
f 904/631/640 764/630/639 901/632/641
f 858/633/642 766/634/643 140/635/644
f 169/20/20 766/634/643 170/18/18
f 877/636/645 767/637/646 859/638/647
f 767/637/646 815/639/648 170/18/18
f 868/603/612 768/640/649 815/639/648
f 868/603/612 769/641/650 768/640/649
f 141/642/651 770/643/652 769/641/650
f 1449/644/653 772/645/654 172/646/655
f 143/6/6 772/645/654 1449/644/653
f 861/647/656 772/645/654 771/648/657
f 876/649/658 780/550/559 715/650/659
f 787/44/44 786/559/568 101/651/660
f 733/607/616 788/45/45 103/524/533
f 789/564/573 733/607/616 708/563/572
f 107/569/578 791/610/619 709/568/577
f 792/571/580 791/610/619 107/569/578
f 710/575/584 126/47/47 109/652/661
f 795/582/591 797/584/593 720/599/608
f 873/586/595 189/587/596 721/653/662
f 809/548/557 97/654/663 846/549/558
f 808/589/598 721/653/662 189/587/596
f 721/653/662 808/589/598 877/636/645
f 883/616/625 163/21/21 737/56/56
f 883/616/625 884/655/664 866/614/623
f 876/649/658 809/548/557 780/550/559
f 96/510/519 821/508/517 124/543/552
f 815/639/648 874/602/611 868/603/612
f 822/656/665 97/654/663 179/90/90
f 104/522/531 708/563/572 690/520/529
f 899/525/534 199/657/666 900/581/590
f 113/533/542 711/585/594 700/531/540
f 840/538/547 839/80/80 702/539/548
f 839/80/80 840/538/547 802/590/599
f 174/658/667 839/80/80 173/94/94
f 98/659/668 846/549/558 806/660/669
f 806/660/669 846/549/558 66/661/670
f 821/508/517 888/662/671 816/546/555
f 850/613/622 849/663/672 869/664/673
f 794/665/674 857/629/638 127/666/675
f 859/638/647 858/633/642 873/586/595
f 873/586/595 858/633/642 720/599/608
f 141/642/651 769/641/650 798/667/676
f 172/646/655 772/645/654 875/605/614
f 877/636/645 859/638/647 721/653/662
f 121/668/677 776/669/678 851/611/620
f 134/670/679 852/671/680 123/541/550
f 853/672/681 750/673/682 124/543/552
f 123/541/550 750/673/682 134/670/679
f 867/674/683 714/598/607 884/655/664
f 854/617/626 715/650/659 781/675/684
f 854/617/626 781/675/684 716/676/685
f 716/676/685 855/618/627 854/617/626
f 855/618/627 716/676/685 870/677/686
f 903/622/631 902/621/630 895/555/564
f 135/625/634 784/556/565 125/678/687
f 125/678/687 856/623/632 135/625/634
f 865/48/48 872/577/586 139/628/637
f 901/632/641 794/665/674 896/679/688
f 901/632/641 897/578/587 904/631/640
f 719/600/609 720/599/608 858/633/642
f 808/589/598 874/602/611 877/636/645
f 798/667/676 129/680/689 141/642/651
f 142/681/690 799/682/691 130/683/692
f 860/684/693 712/593/602 131/592/601
f 130/683/692 712/593/602 142/681/690
f 861/647/656 713/596/605 875/605/614
f 131/592/601 713/596/605 860/684/693
f 198/545/554 714/598/607 867/674/683
f 867/674/683 883/616/625 882/54/54
f 884/655/664 883/616/625 867/674/683
f 185/85/85 886/84/84 887/97/97
f 888/662/671 65/507/516 66/661/670
f 888/662/671 805/96/96 816/546/555
f 889/685/694 888/662/671 822/656/665
f 889/685/694 182/79/79 183/99/99
f 889/685/694 180/92/92 181/82/82
f 899/525/534 898/515/524 893/557/566
f 899/525/534 893/557/566 896/679/688
f 895/555/564 896/679/688 893/557/566
f 894/553/562 897/578/587 895/555/564
f 897/578/587 894/553/562 900/581/590
f 898/515/524 900/581/590 894/553/562
f 236/686/695 1041/687/696 202/688/697
f 237/689/698 907/690/699 203/691/700
f 1034/692/701 909/693/702 342/694/703
f 1116/695/704 1107/696/705 1108/697/706
f 1116/695/704 1049/698/707 1107/696/705
f 1117/699/708 1062/700/709 1109/701/710
f 1062/700/709 1063/702/711 223/703/712
f 224/704/713 1063/702/711 1012/705/714
f 227/706/715 926/707/716 256/708/717
f 228/709/718 927/710/719 1065/711/720
f 1067/712/721 338/713/722 928/714/723
f 257/715/724 929/716/725 229/717/726
f 230/718/727 929/716/725 258/719/728
f 258/719/728 930/720/729 230/718/727
f 932/721/730 232/722/731 260/723/732
f 236/686/695 1040/724/733 264/725/734
f 237/689/698 1041/687/696 265/726/735
f 264/725/734 1041/687/696 236/686/695
f 265/726/735 995/727/736 237/689/698
f 238/728/737 996/729/738 1043/730/739
f 996/729/738 238/728/737 266/731/740
f 241/732/741 1070/733/742 336/734/743
f 1000/735/744 331/736/745 999/737/746
f 1048/738/747 1112/739/748 1115/740/749
f 1112/739/748 1048/738/747 1094/741/750
f 244/742/751 1051/743/752 1002/744/753
f 245/745/754 1052/746/755 1003/146/146
f 246/747/756 1053/748/757 1004/749/758
f 247/750/759 1005/751/760 332/752/761
f 332/752/761 1054/753/762 247/750/759
f 1055/754/763 333/755/764 249/756/765
f 250/757/766 1056/758/767 1007/759/768
f 934/150/150 1058/760/769 251/761/770
f 253/762/771 1059/763/772 272/764/773
f 272/764/773 1060/765/774 253/762/771
f 1061/766/775 1111/767/776 255/768/777
f 1111/767/776 1061/766/775 1009/769/778
f 1011/770/779 1013/771/780 1064/772/781
f 257/715/724 1098/773/782 274/774/783
f 274/774/783 1015/775/784 257/715/724
f 930/720/729 276/776/785 259/777/786
f 275/778/787 930/720/729 258/719/728
f 276/776/785 930/720/729 1016/779/788
f 260/723/732 1018/780/789 1019/781/790
f 1018/780/789 260/723/732 277/782/791
f 278/783/792 1020/784/793 261/785/794
f 1093/786/795 938/787/796 1000/735/744
f 1097/788/797 1095/789/798 1008/148/148
f 1111/767/776 1119/790/799 1114/791/800
f 943/792/801 1033/793/802 337/794/803
f 1033/793/802 1025/795/804 1014/796/805
f 334/189/189 944/797/806 994/198/198
f 1084/798/807 271/799/808 343/800/809
f 295/142/142 1085/141/141 1007/759/768
f 934/150/150 1085/141/141 347/149/149
f 966/144/144 983/128/128 1097/788/797
f 1193/801/810 967/802/811 279/803/812
f 313/430/430 967/802/811 1193/801/810
f 1076/804/813 969/805/814 1037/806/815
f 970/161/161 1089/807/816 1076/804/813
f 1077/808/817 972/809/818 281/810/819
f 1078/811/820 974/812/821 282/813/822
f 317/125/125 975/814/823 974/812/821
f 975/814/823 317/125/125 319/131/131
f 975/814/823 283/815/824 1079/816/825
f 319/131/131 976/817/826 975/814/823
f 1097/788/797 983/128/128 1080/818/827
f 1080/818/827 984/819/828 288/820/829
f 985/821/830 1119/790/799 1118/822/831
f 321/123/123 986/823/832 985/821/830
f 1081/824/833 986/823/832 987/825/834
f 987/825/834 1082/826/835 1081/824/833
f 988/827/836 1088/828/837 345/829/838
f 1088/828/837 988/827/836 1096/830/839
f 1038/203/203 988/827/836 322/122/122
f 290/831/840 992/832/841 291/833/842
f 291/833/842 993/834/843 292/835/844
f 1026/188/188 1044/836/845 329/194/194
f 238/728/737 1042/837/846 995/727/736
f 998/838/847 336/734/743 1032/839/848
f 1000/735/744 999/737/746 1093/786/795
f 1002/744/753 270/147/147 244/742/751
f 1004/749/758 271/799/808 246/747/756
f 246/747/756 271/799/808 1005/751/760
f 1008/148/148 1095/789/798 252/840/849
f 324/184/184 325/197/197 1023/196/196
f 334/189/189 994/198/198 1066/200/200
f 1028/192/192 1027/199/199 1101/190/190
f 1027/199/199 1028/192/192 1105/841/850
f 1029/185/185 997/842/851 330/843/852
f 1104/195/195 1031/202/202 1102/844/853
f 206/845/854 1070/733/742 241/732/741
f 336/734/743 1044/836/845 268/846/855
f 1033/793/802 1014/796/805 337/794/803
f 316/124/124 971/847/856 315/160/160
f 1100/848/857 971/847/856 1087/849/858
f 336/734/743 1070/733/742 1044/836/845
f 342/694/703 1092/850/859 997/842/851
f 1072/851/860 1067/712/721 945/852/861
f 1076/804/813 937/853/862 1092/850/859
f 1076/804/813 1037/806/815 970/161/161
f 945/852/861 1098/773/782 1072/851/860
f 1044/836/845 1070/733/742 1103/854/863
f 326/193/193 1071/855/864 1024/856/865
f 324/184/184 1066/200/200 325/197/197
f 260/723/732 1019/781/790 932/721/730
f 279/803/812 967/802/811 1091/857/866
f 280/858/867 969/805/814 996/729/738
f 998/838/847 1077/808/817 1093/786/795
f 1087/849/858 1077/808/817 998/838/847
f 288/820/829 1118/822/831 1111/767/776
f 292/835/844 550/859/868 533/860/869
f 1100/848/857 1087/849/858 1032/839/848
f 1074/861/870 936/862/871 264/725/734
f 996/729/738 266/731/740 280/858/867
f 938/787/796 1093/786/795 1077/808/817
f 282/813/822 1001/863/872 1113/864/873
f 1086/207/207 940/865/874 283/815/824
f 272/764/773 1095/789/798 1080/818/827
f 1080/818/827 941/866/875 272/764/773
f 273/867/876 941/866/875 288/820/829
f 288/820/829 1009/769/778 273/867/876
f 1111/767/776 1009/769/778 288/820/829
f 1118/822/831 1119/790/799 1111/767/776
f 1081/824/833 942/868/877 1010/869/878
f 942/868/877 1081/824/833 1082/826/835
f 1082/826/835 1013/771/780 942/868/877
f 1082/826/835 943/792/801 1013/771/780
f 1096/830/839 1033/793/802 1088/828/837
f 1090/870/879 990/871/880 274/774/783
f 289/872/881 1016/779/788 275/778/787
f 1018/780/789 292/835/844 278/783/792
f 1018/780/789 277/782/791 291/833/842
f 292/835/844 1020/784/793 278/783/792
f 533/860/869 1020/784/793 292/835/844
f 274/774/783 1098/773/782 1090/870/879
f 1100/848/857 970/161/161 971/847/856
f 330/843/852 937/853/862 1031/202/202
f 240/873/882 1105/841/850 1044/836/845
f 1116/695/704 1117/699/708 255/768/777
f 1112/739/748 1114/791/800 1117/699/708
f 1117/699/708 1115/740/749 1112/739/748
f 384/874/883 1123/875/884 351/876/885
f 351/876/885 1124/877/886 384/874/883
f 1266/878/887 1125/879/888 1338/880/889
f 471/881/890 354/882/891 1249/883/892
f 356/884/893 1127/885/894 1269/886/895
f 1127/885/894 1128/887/896 1269/886/895
f 1350/888/897 358/889/898 1342/890/899
f 1341/891/900 1350/888/897 1342/890/899
f 386/892/901 1130/893/902 359/894/903
f 1144/895/904 1351/896/905 1343/897/906
f 1147/898/907 1148/899/908 400/900/909
f 1148/899/908 1285/901/910 400/900/909
f 466/902/911 1287/903/912 1149/904/913
f 1260/905/914 1287/903/912 466/902/911
f 405/906/915 1153/907/916 380/908/917
f 379/909/918 1153/907/916 404/910/919
f 381/911/920 1291/912/921 1650/913/922
f 1291/912/921 381/911/920 406/914/923
f 1219/915/924 1261/916/925 1262/917/926
f 235/918/927 1261/916/925 263/919/928
f 407/920/929 1263/921/930 1318/922/931
f 1263/921/930 407/920/929 382/923/932
f 409/924/933 1154/925/934 384/874/883
f 410/926/935 1265/927/936 385/928/937
f 1259/929/938 1338/880/889 1221/930/939
f 1338/880/889 1259/929/938 1266/878/887
f 1251/931/940 471/881/890 1222/932/941
f 1223/933/942 1268/934/943 1269/886/895
f 1269/886/895 1224/935/944 1223/933/942
f 1347/936/945 470/937/946 1350/888/897
f 1348/938/947 1130/893/902 1225/939/948
f 1130/893/902 1348/938/947 1344/940/949
f 412/941/950 1271/942/951 387/943/952
f 387/943/952 1272/944/953 412/941/950
f 1228/251/251 1273/945/954 389/946/955
f 1229/947/956 1274/948/957 390/949/958
f 389/946/955 1274/948/957 1228/251/251
f 390/949/958 1230/950/959 1229/947/956
f 1275/951/960 392/952/961 1232/953/962
f 1275/951/960 1231/954/963 391/955/964
f 1233/956/965 1276/957/966 393/958/967
f 392/952/961 1276/957/966 1232/953/962
f 393/958/967 1277/959/968 1233/956/965
f 394/960/969 1278/961/970 1234/962/971
f 414/963/972 1281/964/973 1162/965/974
f 1281/964/973 414/963/972 397/966/975
f 1349/967/976 1235/968/977 1351/896/905
f 1155/969/978 1283/970/979 1236/971/980
f 1283/970/979 1155/969/978 399/972/981
f 1236/971/980 1284/973/982 1237/974/983
f 465/975/984 1292/976/985 1250/977/986
f 1292/976/985 465/975/984 1285/901/910
f 402/978/987 1240/979/988 1288/980/989
f 1240/979/988 402/978/987 417/981/990
f 418/982/991 1241/983/992 403/984/993
f 419/985/994 1290/986/995 404/910/919
f 404/910/919 1153/907/916 419/985/994
f 407/920/929 1317/987/996 1219/915/924
f 1158/988/997 1221/930/939 463/303/303
f 1314/282/282 1320/989/998 1227/250/250
f 1346/990/999 1349/967/976 1345/991/1000
f 1155/969/978 1346/990/999 1345/991/1000
f 1236/971/980 1163/992/1001 1155/969/978
f 1238/993/1002 1164/994/1003 1237/974/983
f 1248/306/306 1165/995/1004 1245/291/291
f 1250/977/986 1165/995/1004 1324/996/1005
f 1316/997/1006 1166/998/1007 1253/999/1008
f 1328/1000/1009 1228/251/251 1229/947/956
f 1228/251/251 1328/1000/1009 474/249/249
f 1229/947/956 1329/241/241 1328/1000/1009
f 1231/954/963 1329/241/241 1229/947/956
f 1329/241/241 1231/954/963 1330/239/239
f 1293/1001/1010 1193/801/810 279/803/812
f 1295/1002/1011 1194/1003/1012 1294/1004/1013
f 313/430/430 1194/1003/1012 441/429/429
f 472/1005/1014 1197/1006/1015 1333/1007/1016
f 1197/1006/1015 1299/1008/1017 1300/1009/1018
f 1300/1009/1018 1198/1010/1019 1197/1006/1015
f 1198/1010/1019 1300/1009/1018 422/1011/1020
f 443/228/228 1198/1010/1019 1199/1012/1021
f 1301/1013/1022 1200/1014/1023 423/1015/1024
f 1314/282/282 1201/231/231 1301/1013/1022
f 446/233/233 1208/1016/1025 1209/1017/1026
f 448/226/226 1209/1017/1026 1210/1018/1027
f 1209/1017/1026 448/226/226 446/233/233
f 1304/1019/1028 1210/1018/1027 1354/1020/1029
f 1305/1021/1030 1212/1022/1031 1322/1023/1032
f 448/226/226 1212/1022/1031 449/224/224
f 1327/1024/1033 1213/1025/1034 473/1026/1035
f 1213/1025/1034 1258/1027/1036 449/224/224
f 1316/997/1006 1214/1028/1037 1258/1027/1036
f 161/213/213 1217/1029/1038 133/1030/1039
f 1309/1031/1040 1217/1029/1038 1216/1032/1041
f 1317/987/996 1157/1033/1042 1219/915/924
f 1326/1034/1043 1222/932/941 1159/1035/1044
f 1160/1036/1045 1159/1035/1044 1223/933/942
f 1223/933/942 1224/935/944 1160/1036/1045
f 1227/250/250 1320/989/998 388/1037/1046
f 1231/954/963 1229/947/956 1230/950/959
f 1232/953/962 1231/954/963 1275/951/960
f 1321/1038/1047 413/253/253 396/1039/1048
f 1238/993/1002 465/975/984 1323/1040/1049
f 400/900/909 1285/901/910 465/975/984
f 1250/977/986 1323/1040/1049 465/975/984
f 1323/1040/1049 1250/977/986 1327/1024/1033
f 1333/1007/1016 442/227/227 1182/262/262
f 1333/1007/1016 1298/1041/1050 472/1005/1014
f 1326/1034/1043 1251/931/940 1222/932/941
f 385/928/937 1266/878/887 410/926/935
f 1258/1027/1036 1324/996/1005 1316/997/1006
f 400/900/909 1239/1042/1051 1147/898/907
f 1287/903/912 1286/288/288 1149/904/913
f 1286/288/288 1287/903/912 1244/1043/1052
f 452/1044/1053 1286/288/288 451/302/302
f 1295/1002/1011 1294/1004/1013 1317/987/996
f 1296/1045/1054 1295/1002/1011 1318/922/931
f 423/1015/1024 1355/1046/1055 1348/938/947
f 1303/1047/1056 1302/1048/1057 414/963/972
f 1305/1021/1030 1322/1023/1032 1163/992/1001
f 473/1026/1035 1305/1021/1030 1238/993/1002
f 1238/993/1002 1305/1021/1030 1164/994/1003
f 417/981/990 1306/1049/1058 1240/979/988
f 1307/1050/1059 1306/1049/1058 417/981/990
f 1294/1004/1013 1157/1033/1042 1317/987/996
f 263/919/928 1157/1033/1042 279/803/812
f 1317/987/996 407/920/929 1295/1002/1011
f 1318/922/931 408/1051/1060 1296/1045/1054
f 1297/1052/1061 1196/1053/1062 410/926/935
f 409/924/933 1196/1053/1062 421/1054/1063
f 410/926/935 1259/929/938 1297/1052/1061
f 1299/1008/1017 1159/1035/1044 1160/1036/1045
f 1299/1008/1017 1160/1036/1045 1161/1055/1064
f 1161/1055/1064 1300/1009/1018 1299/1008/1017
f 422/1011/1020 1161/1055/1064 1319/1056/1065
f 423/1015/1024 1225/939/948 411/1057/1066
f 1348/938/947 1225/939/948 423/1015/1024
f 411/1057/1066 1301/1013/1022 423/1015/1024
f 412/941/950 1320/989/998 1301/1013/1022
f 1315/254/254 1321/1038/1047 1302/1048/1057
f 414/963/972 1162/965/974 1303/1047/1056
f 1354/1020/1029 1235/968/977 1349/967/976
f 1322/1023/1032 1346/990/999 1163/992/1001
f 1250/977/986 1324/996/1005 1327/1024/1033
f 1308/1058/1067 1167/1059/1068 419/985/994
f 1309/1031/1040 1168/1060/1069 420/1061/1070
f 133/1030/1039 1242/1062/1071 120/1063/1072
f 1327/1024/1033 473/1026/1035 1323/1040/1049
f 1297/1052/1061 1158/988/997 1334/1064/1073
f 1334/1064/1073 1333/1007/1016 1332/260/260
f 1298/1041/1050 1333/1007/1016 1334/1064/1073
f 1334/1064/1073 1158/988/997 1337/1065/1074
f 1337/1065/1074 1336/292/292 460/297/297
f 1337/1065/1074 462/305/305 461/293/293
f 1338/880/889 353/1066/1075 354/882/891
f 1339/287/287 1338/880/889 1267/1067/1076
f 1267/1067/1076 1340/300/300 1339/287/287
f 457/298/298 1340/300/300 1267/1067/1076
f 1144/895/904 1352/1068/1077 1351/896/905
f 1351/896/905 1350/888/897 1344/940/949
f 1352/1068/1077 1350/888/897 1351/896/905
f 1351/896/905 1344/940/949 1348/938/947
f 1348/938/947 1349/967/976 1351/896/905
f 1345/991/1000 1347/936/945 1350/888/897
f 610/1069/1078 479/1070/1079 1494/1071/1080
f 479/1070/1079 610/1069/1078 604/1072/1081
f 512/1073/1082 1364/1074/1083 1498/1075/1084
f 1364/1074/1083 512/1073/1082 483/1076/1085
f 1574/1077/1086 1365/1078/1087 1564/1079/1088
f 490/1080/1089 1371/1081/1090 519/1082/1091
f 521/1083/1092 1507/1084/1093 492/1085/1094
f 493/1086/1095 1507/1084/1093 522/1087/1096
f 525/1088/1097 1377/1089/1098 496/1090/1099
f 1567/1091/1100 1575/1092/1101 1566/1093/1102
f 526/1094/1103 1511/1095/1104 497/1096/1105
f 498/1097/1106 1511/1095/1104 1465/1098/1107
f 499/1099/1108 498/1097/1106 1512/1100/1109
f 499/1099/1108 1512/1100/1109 1513/1101/1110
f 1513/1101/1110 1378/1102/1111 499/1099/1108
f 1379/1103/1112 1378/1102/1111 527/1104/1113
f 500/1105/1114 1379/1103/1112 1514/1106/1115
f 1516/1107/1116 606/1108/1117 1380/1109/1118
f 528/1110/1119 1381/1111/1120 501/1112/1121
f 529/1113/1122 1382/1114/1123 502/1115/1124
f 506/1116/1125 1451/1117/1126 534/1118/1127
f 534/1118/1127 1490/1119/1128 506/1116/1125
f 1491/1120/1129 536/1121/1130 508/1122/1131
f 536/1121/1130 1491/1120/1129 1452/1123/1132
f 1492/1124/1133 537/1125/1134 509/1126/1135
f 537/1125/1134 1492/1124/1133 1547/1127/1136
f 511/1128/1137 610/1069/1078 1554/1129/1138
f 601/1130/1139 1495/1131/1140 1548/1132/1141
f 1498/1075/1084 1386/1133/1142 512/1073/1082
f 1386/1133/1142 1498/1075/1084 1454/1134/1143
f 1500/1135/1144 540/1136/1145 514/1137/1146
f 540/1136/1145 1500/1135/1144 1396/1138/1147
f 515/1139/1148 1501/1140/1149 1549/1141/1150
f 518/1142/1151 1504/1143/1152 1456/1144/1153
f 520/1145/1154 1506/1146/1155 1458/1147/1156
f 521/1083/1092 1388/1148/1157 603/1149/1158
f 522/1087/1096 1507/1084/1093 1459/357/357
f 603/1149/1158 1507/1084/1093 521/1083/1092
f 1459/357/357 1508/1150/1159 522/1087/1096
f 543/1151/1160 1510/1152/1161 524/1153/1162
f 544/1154/1163 1462/1155/1164 525/1088/1097
f 1512/1100/1109 1465/1098/1107 1464/1156/1165
f 1516/1107/1116 1555/1157/1166 1488/1158/1167
f 545/1159/1168 1381/1111/1120 528/1110/1119
f 546/1160/1169 1389/1161/1170 529/1113/1122
f 530/1162/1171 1467/1163/1172 1518/1164/1173
f 549/1165/1174 1469/1166/1175 532/1167/1176
f 1394/1168/1177 1395/1169/1178 1454/1134/1143
f 1542/1170/1179 1550/1171/1180 1460/355/355
f 1481/396/396 1399/1172/1181 1450/405/405
f 563/413/413 1458/1147/1156 562/412/412
f 1458/1147/1156 563/413/413 542/1173/1182
f 1459/357/357 603/1149/1158 614/356/356
f 1423/351/351 1439/333/333 1542/1170/1179
f 552/1174/1183 1425/1175/1184 1426/1176/1185
f 1525/1177/1186 1426/1176/1185 1486/1178/1187
f 1526/1179/1188 1429/1180/1189 1527/1181/1190
f 1576/1182/1191 1431/1183/1192 553/1184/1193
f 585/330/330 1432/1185/1194 1431/1183/1192
f 1432/1185/1194 585/330/330 587/336/336
f 1432/1185/1194 554/1186/1195 1528/1187/1196
f 587/336/336 1433/1188/1197 1432/1185/1194
f 1542/1170/1179 1439/333/333 1529/1189/1198
f 1529/1189/1198 1440/1190/1199 559/1191/1200
f 1441/1192/1201 560/1193/1202 1577/1194/1203
f 589/328/328 1442/1195/1204 1441/1192/1201
f 1442/1195/1204 1530/1196/1205 561/1197/1206
f 1530/1196/1205 1442/1195/1204 1443/1198/1207
f 1443/1198/1207 1531/1199/1208 1530/1196/1205
f 1444/1200/1209 1543/1201/1210 1532/1202/1211
f 1543/1201/1210 1444/1200/1209 1552/1203/1212
f 1487/410/410 1444/1200/1209 590/327/327
f 591/315/315 1446/1204/1213 1445/411/411
f 1535/1205/1214 1448/1206/1215 1536/1207/1216
f 143/6/6 1448/1206/1215 591/315/315
f 1537/1208/1217 1449/644/653 172/646/655
f 1475/395/395 1494/1071/1080 597/401/401
f 538/1209/1218 1554/1129/1138 600/1210/1219
f 1454/1134/1143 601/1130/1139 1394/1168/1177
f 1549/1141/1150 541/354/354 515/1139/1148
f 1458/1147/1156 542/1173/1182 520/1145/1154
f 520/1145/1154 542/1173/1182 1388/1148/1157
f 1460/355/355 1550/1171/1180 523/1211/1220
f 1572/1212/1221 1463/1213/1222 1575/1092/1101
f 605/1214/1223 1398/1215/1224 1551/1216/1225
f 1551/1216/1225 1482/1217/1226 605/1214/1223
f 1389/1161/1170 547/1218/1227 530/1162/1171
f 592/391/391 593/404/404 1472/403/403
f 1481/396/396 1450/405/405 1515/407/407
f 1477/399/399 1476/406/406 1560/397/397
f 1476/406/406 1477/399/399 598/1219/1228
f 1478/392/392 1453/1220/1229 599/1221/1230
f 1562/402/402 1480/409/409 1561/1222/1231
f 480/1223/1232 610/1069/1078 511/1128/1137
f 1554/1129/1138 1494/1071/1080 600/1210/1219
f 1494/1071/1080 1554/1129/1138 610/1069/1078
f 584/329/329 1428/1224/1233 583/368/368
f 1559/1225/1234 1428/1224/1233 613/1226/1235
f 605/1214/1223 1473/1227/1236 1514/1106/1115
f 1555/1157/1166 1516/1107/1116 1400/1228/1237
f 1525/1177/1186 1393/1229/1238 1392/1230/1239
f 1392/1230/1239 510/1231/1240 1493/1232/1241
f 1574/1077/1086 1565/1233/1242 1573/1234/1243
f 594/400/400 1521/1235/1244 1473/1227/1236
f 592/391/391 1515/407/407 593/404/404
f 552/1174/1183 1426/1176/1185 1547/1127/1136
f 1548/1132/1141 1526/1179/1188 1394/1168/1177
f 613/1226/1235 1526/1179/1188 1548/1132/1141
f 1526/1179/1188 1527/1181/1190 1395/1169/1178
f 1527/1181/1190 1576/1182/1191 1569/1236/1245
f 1387/1237/1246 1528/1187/1196 539/1238/1247
f 559/1191/1200 1577/1194/1203 1571/1239/1248
f 1534/1240/1249 1535/1205/1214 1467/1163/1172
f 1535/1205/1214 1536/1207/1216 1468/1241/1250
f 1532/1202/1211 1543/1201/1210 1551/1216/1225
f 1552/1203/1212 1545/1242/1251 1555/1157/1166
f 1524/1243/1252 1391/1244/1253 534/1118/1127
f 551/1245/1254 1452/1123/1132 535/1246/1255
f 1547/1127/1136 536/1121/1130 552/1174/1183
f 1395/1169/1178 1394/1168/1177 1526/1179/1188
f 1569/1236/1245 1386/1133/1142 1527/1181/1190
f 553/1184/1193 1387/1237/1246 1570/1247/1256
f 543/1151/1160 1550/1171/1180 1529/1189/1198
f 544/1154/1163 1529/1189/1198 559/1191/1200
f 559/1191/1200 1462/1155/1164 544/1154/1163
f 1571/1239/1248 1462/1155/1164 559/1191/1200
f 560/1193/1202 1463/1213/1222 1572/1212/1221
f 561/1197/1206 1397/1248/1257 1463/1213/1222
f 1466/1249/1258 1530/1196/1205 1531/1199/1208
f 1398/1215/1224 1466/1249/1258 1531/1199/1208
f 1552/1203/1212 1482/1217/1226 1543/1201/1210
f 1467/1163/1172 547/1218/1227 1534/1240/1249
f 1468/1241/1250 1536/1207/1216 549/1165/1174
f 1468/1241/1250 548/1250/1259 1535/1205/1214
f 132/606/615 1469/1166/1175 172/646/655
f 1536/1207/1216 1469/1166/1175 549/1165/1174
f 613/1226/1235 1554/1129/1138 538/1209/1218
f 545/1159/1168 1555/1157/1166 1545/1242/1251
f 1559/1225/1234 1427/369/369 1428/1224/1233
f 1559/1225/1234 1393/1229/1238 1544/1251/1260
f 599/1221/1230 1393/1229/1238 1480/409/409
f 510/1231/1240 598/1219/1228 1494/1071/1080
f 1574/1077/1086 1575/1092/1101 1568/1252/1261
f 1574/1077/1086 1568/1252/1261 1570/1247/1256
f 1571/1239/1248 1570/1247/1256 1568/1252/1261
f 1573/1234/1243 1572/1212/1221 1575/1092/1101
f 1741/1255/1268 1762/1256/1269 1749/1257/1270
f 1775/1255/1271 1796/1256/1272 1783/1257/1273
f 1801/1255/1280 1822/1256/1281 1809/1257/1282
f 1835/1255/1283 1856/1256/1284 1843/1257/1285
f 1861/1258/1286 1862/1291/1319 1869/1292/1320
f 1861/1258/1286 1863/1293/1321 1862/1291/1319
f 1861/1258/1286 1870/1294/1322 1863/1293/1321
f 1861/1258/1286 1864/1260/1288 1870/1294/1322
f 1861/1258/1286 1865/1295/1323 1871/1296/1324
f 1861/1258/1286 1866/1297/1325 1865/1295/1323
f 1861/1258/1286 1872/1298/1326 1866/1297/1325
f 1861/1258/1286 1867/1263/1291 1872/1298/1326
f 1861/1258/1286 1868/1261/1289 1867/1263/1291
f 1861/1258/1286 1869/1292/1320 1868/1261/1289
f 2006/1299/1327 1949/1300/1328 2005/1301/1329
f 2009/1302/1330 1952/1303/1331 2008/1304/1332
f 2009/1302/1330 1953/1305/1333 1952/1303/1331
f 2015/1306/1334 1963/1307/1335 1962/1308/1336
f 2016/1309/1337 1965/1310/1338 1964/1311/1339
f 1966/1312/1340 1965/1310/1338 2016/1309/1337
f 2005/1301/1329 1968/1313/1341 2017/1314/1342
f 2005/1301/1329 1949/1300/1328 1968/1313/1341
f 2007/1315/1343 1970/1316/1344 1950/1317/1345
f 1951/1318/1346 1970/1316/1344 2007/1315/1343
f 2011/1319/1347 1973/1320/1348 1954/1277/1349
f 1956/1321/1350 1974/1322/1351 1955/1323/1352
f 1962/1308/1336 1977/1324/1353 1961/1325/1354
f 1963/1307/1335 1977/1324/1353 1962/1308/1336
f 1966/1312/1340 1979/1326/1355 1965/1310/1338
f 1967/1327/1356 1979/1326/1355 1966/1312/1340
f 1967/1327/1356 1980/1328/1357 1979/1326/1355
f 1968/1313/1341 1980/1328/1357 1967/1327/1356
f 1951/1318/1346 1982/1329/1358 1970/1316/1344
f 1975/1330/1359 1987/1331/1360 1974/1322/1351
f 1976/1332/1361 1989/1333/1362 1988/1334/1363
f 1986/1335/1364 1998/1336/1365 1985/1337/1366
f 1996/1338/1367 1986/1335/1364 1995/1339/1368
f 1997/1340/1369 1986/1335/1364 1996/1338/1367
f 1998/1336/1365 1986/1335/1364 1997/1340/1369
f 2000/1341/1370 1986/1335/1364 1999/1342/1371
f 2002/1343/1372 1986/1335/1364 2001/1344/1373
f 2003/1345/1374 1986/1335/1364 2002/1343/1372
f 1915/1346/1308 1931/1347/1375 1914/1348/1309
f 1899/1349/1302 1932/1350/1376 1915/1346/1308
f 1917/1351/1377 1934/1352/1378 1916/1353/1379
f 1904/1354/1304 1937/1355/1380 1919/1356/1310
f 1924/1357/1315 1942/1358/1381 1923/1359/1306
f 1926/1360/1382 1944/1361/1383 1925/1362/1314
f 1927/1363/1318 1945/1364/1384 1926/1360/1382
f 1913/1365/1385 1948/1366/1386 1929/1367/1387
f 1897/1368/1388 1949/1300/1328 1898/1279/1307
f 1912/1369/1389 1968/1313/1341 1897/1368/1388
f 1885/1370/1390 1980/1328/1357 1896/1371/1391
f 1886/1266/1294 1969/1370/1392 1885/1370/1390
f 1873/1372/1393 1981/1373/1394 1874/1264/1292
f 1884/1262/1290 1993/1374/1395 1873/1372/1393
f 1876/1375/1396 1985/1337/1366 1877/1259/1287
f 1875/1376/1397 1984/1377/1398 1876/1375/1396
f 1900/1273/1301 1952/1303/1331 1901/1378/1399
f 1888/1379/1400 1972/1380/1401 1887/1265/1293
f 1889/1268/1296 1973/1320/1348 1888/1379/1400
f 1891/1381/1402 1975/1330/1359 1890/1267/1295
f 1892/1382/1403 1976/1332/1361 1891/1381/1402
f 1894/1383/1404 1978/1384/1405 1893/1271/1299
f 1895/1385/1406 1979/1326/1355 1894/1383/1404
f 1908/1277/1305 1963/1307/1335 1909/1386/1407
f 1871/1296/1324 1999/1342/1371 1861/1258/1286
f 1865/1295/1323 2000/1341/1370 1871/1296/1324
f 1882/1387/1408 1992/1388/1409 1883/1389/1410
f 1881/1270/1298 1991/1390/1411 1882/1387/1408
f 1872/1298/1326 2002/1343/1372 1866/1297/1325
f 1867/1263/1291 2003/1345/1374 1872/1298/1326
f 1932/1391/1376 2007/1315/1343 1931/1392/1375
f 1933/1393/1412 1951/1318/1346 1932/1394/1376
f 2009/1302/1330 1934/1395/1378 1935/1396/1413
f 2011/1319/1347 1936/1397/1414 1937/1398/1380
f 1955/1323/1352 1937/1399/1380 1938/1400/1415
f 1941/1401/1416 1960/1402/1417 1940/1403/1418
f 1962/1308/1336 1942/1404/1381 1943/1405/1419
f 1967/1327/1356 1946/1406/1420 1947/1407/1421
f 1930/1408/1422 2005/1301/1329 1948/1409/1386
f 2039/1410/1423 2038/1411/1424 2056/1412/1425
f 2047/1413/1426 2046/1414/1427 2061/1415/1428
f 2053/1416/1429 2052/1417/1430 2065/1418/1431
f 2036/1419/1432 2053/1416/1429 2054/1420/1433
f 2067/1431/1444 2076/1432/1445 2066/1433/1446
f 2068/1434/1447 2077/1435/1436 2067/1431/1444
f 2069/1436/1448 2078/1437/1434 2068/1438/1447
f 2070/1439/1449 2079/1440/1450 2069/1436/1448
f 2071/1441/1451 2080/1442/1452 2070/1439/1449
f 2072/1443/1453 2081/1444/1440 2071/1441/1451
f 2073/1445/1454 2082/1446/1438 2072/1443/1453
f 2074/1447/1455 2083/1448/1442 2073/1445/1454
f 2066/1433/1446 2075/1449/1456 2074/1447/1455
f 2128/1485/1491 2137/1486/1476 2127/1487/1492
f 2131/1488/1493 2139/1489/1494 2130/1490/1495
f 2132/1491/1445 2140/1492/1444 2131/1488/1493
f 2133/1493/1456 2141/1494/1446 2132/1491/1445
f 2134/1495/1442 2142/1496/1455 2133/1493/1456
f 2135/1497/1438 2143/1498/1454 2134/1495/1442
f 2136/1499/1496 2144/1500/1453 2135/1497/1438
f 2127/1487/1492 2145/1501/1451 2136/1499/1496
f 2167/1537/1535 2168/1538/1536 2169/1504/1499
f 2167/1537/1535 2169/1504/1499 2175/1503/1498
f 2167/1537/1535 2175/1503/1498 2176/1539/1537
f 2167/1537/1535 2176/1539/1537 2170/1507/1502
f 2167/1537/1535 2170/1507/1502 2171/1506/1501
f 2167/1537/1535 2171/1506/1501 2172/1540/1538
f 2167/1537/1535 2172/1540/1538 2173/1541/1539
f 2167/1537/1535 2173/1541/1539 2177/1542/1540
f 2167/1537/1535 2177/1542/1540 2178/1543/1541
f 2167/1537/1535 2178/1543/1541 2174/1544/1542
f 2257/1317/1543 2258/1545/1544 2312/1546/1545
f 2258/1545/1544 2259/1547/1546 2313/1548/1547
f 2262/1549/1548 2316/1550/1549 2315/1551/1550
f 2263/1552/1551 2264/1553/1552 2317/1554/1553
f 2265/1555/1554 2318/1556/1555 2317/1554/1553
f 2266/1557/1556 2267/1558/1557 2318/1556/1555
f 2269/1559/1558 2321/1560/1559 2320/1561/1560
f 2323/1562/1561 2255/1563/1562 2311/1564/1563
f 2277/1565/1564 2259/1547/1546 2258/1545/1544
f 2262/1549/1548 2279/1566/1565 2263/1552/1551
f 2266/1557/1556 2282/1567/1566 2267/1558/1557
f 2283/1568/1567 2319/1569/1568 2267/1558/1557
f 2283/1568/1567 2268/1570/1569 2319/1569/1568
f 2285/1571/1570 2272/1572/1571 2271/1310/1572
f 2273/1573/1573 2286/1328/1574 2274/1574/1575
f 2276/1575/1576 2288/1576/1577 2277/1565/1564
f 2279/1566/1565 2293/1577/1578 2280/1578/1579
f 2280/1578/1579 2294/1579/1580 2281/1580/1581
f 2281/1580/1581 2295/1581/1582 2282/1567/1566
f 2282/1567/1566 2295/1581/1582 2283/1568/1567
f 2288/1576/1577 2302/1582/1583 2289/1583/1584
f 2304/1584/1585 2292/1585/1586 2291/1586/1587
f 2298/1587/1588 2310/1588/1589 2299/1589/1590
f 2300/1590/1591 2306/1591/1592 2301/1592/1593
f 2301/1592/1593 2306/1591/1592 2302/1582/1583
f 2306/1591/1592 2303/1593/1594 2302/1582/1583
f 2306/1591/1592 2304/1584/1585 2303/1593/1594
f 2306/1591/1592 2292/1585/1586 2304/1584/1585
f 2292/1585/1586 2306/1591/1592 2305/1594/1595
f 2308/1595/1596 2307/1596/1597 2309/1597/1598
f 2310/1588/1589 2306/1591/1592 2300/1590/1591
f 2242/1598/1599 2226/1599/1517 2225/1253/1515
f 2247/1600/1600 2230/1601/1525 2229/1602/1522
f 2248/1603/1601 2231/1604/1527 2230/1601/1525
f 2249/1605/1602 2232/1606/1528 2231/1604/1527
f 2250/1607/1603 2233/1608/1604 2232/1606/1528
f 2252/1609/1605 2235/1363/1606 2234/1610/1530
f 2255/1563/1562 2220/1536/1534 2203/1535/1533
f 2287/1611/1607 2179/1509/1504 2180/1502/1497
f 2299/1589/1590 2190/1513/1509 2179/1509/1504
f 2300/1590/1591 2168/1538/1536 2167/1537/1535
f 2301/1592/1593 2169/1504/1499 2168/1538/1536
f 2291/1586/1587 2182/1612/1608 2183/1613/1609
f 2290/1614/1610 2181/1511/1506 2182/1612/1608
f 2303/1593/1594 2176/1539/1537 2175/1503/1498
f 2304/1584/1585 2170/1507/1502 2176/1539/1537
f 2260/1615/1611 2207/1378/1514 2208/1519/1516
f 2278/1616/1612 2194/1617/1613 2193/1510/1505
f 2279/1566/1565 2195/1618/1614 2194/1617/1613
f 2264/1553/1552 2210/1275/1521 2211/1526/1524
f 2284/1379/1615 2200/1619/1616 2199/1620/1617
f 2285/1571/1570 2201/1385/1508 2200/1619/1616
f 2305/1594/1595 2172/1540/1538 2171/1506/1501
f 2306/1591/1592 2173/1541/1539 2172/1540/1538
f 2295/1581/1582 2185/1621/1618 2186/1577/1619
f 2294/1579/1580 2184/1505/1500 2185/1621/1618
f 2298/1587/1588 2188/1622/1620 2189/1512/1507
f 2297/1623/1621 2187/1624/1622 2188/1622/1620
f 2238/1625/1623 2312/1546/1545 2258/1545/1544
f 2241/1395/1624 2314/1626/1625 2242/1396/1599
f 2246/1627/1626 2317/1554/1553 2247/1628/1600
f 2247/1629/1600 2317/1554/1553 2318/1556/1555
f 2247/1630/1600 2318/1556/1555 2248/1631/1601
f 2248/1632/1601 2318/1556/1555 2267/1558/1557
f 2249/1404/1602 2319/1569/1568 2250/1405/1603
f 2251/1633/1627 2321/1560/1559 2252/1634/1605
f 2252/1635/1605 2272/1572/1571 2253/1636/1628
f 2362/1412/1629 2344/1637/1630 2345/1410/1631
f 2347/1638/1632 2348/1639/1423 2364/1640/1633
f 2350/1641/1634 2351/1642/1432 2366/1643/1635
f 2353/1644/1430 2354/1645/1636 2368/1646/1637
f 2356/1647/1638 2357/1648/1639 2370/1649/1640
f 2359/1416/1427 2342/1419/1641 2360/1420/1642
f 2382/1664/1657 2373/1485/1658 2372/1665/1659
f 2387/1666/1660 2378/1667/1661 2377/1668/1662
f 2391/1669/1663 2372/1665/1659 2381/1670/1664
f 2445/1706/1662 2436/1485/1645 2435/1707/1660
f 2450/1708/1659 2441/1709/1663 2440/1710/1700
f 2451/1711/1664 2442/1712/1701 2441/1709/1663
f 2476/1754/1745 2478/1755/1746 2477/1756/1747
f 2476/1754/1745 2479/1757/1748 2478/1755/1746
f 2476/1754/1745 2480/1758/1324 2479/1757/1748
f 2476/1754/1745 2481/1507/1702 2480/1758/1324
f 2476/1754/1745 2482/1715/1705 2481/1507/1702
f 2476/1754/1745 2483/1759/1749 2482/1715/1705
f 2476/1754/1745 2484/1295/1707 2483/1759/1749
f 2476/1754/1745 2485/1716/1289 2484/1295/1707
f 2476/1754/1745 2486/1760/1750 2485/1716/1289
f 2476/1754/1745 2477/1756/1747 2487/1761/1751
f 2620/1762/1752 2568/1763/1753 2567/1764/1754
f 2621/1765/1755 2568/1763/1753 2620/1762/1752
f 2622/1766/1756 2569/1277/1757 2621/1765/1755
f 2626/1767/1758 2571/1768/1759 2625/1769/1760
f 2573/1770/1761 2572/1557/1762 2626/1767/1758
f 2627/1771/1763 2575/1772/1328 2574/1773/1764
f 2628/1774/1765 2575/1772/1328 2627/1771/1763
f 2629/1775/1766 2577/1776/1767 2576/1777/1768
f 2565/1778/1769 2582/1779/1770 2581/1780/1771
f 2567/1764/1754 2583/1781/1772 2566/1782/1773
f 2569/1277/1757 2622/1766/1756 2585/1783/1774
f 2573/1770/1761 2589/1784/1775 2588/1567/1776
f 2576/1777/1768 2577/1776/1767 2592/1785/1368
f 2582/1779/1770 2595/1786/1777 2581/1780/1771
f 2584/1787/1359 2582/1779/1770 2583/1781/1772
f 2584/1787/1359 2596/1788/1778 2582/1779/1770
f 2585/1783/1774 2596/1788/1778 2584/1787/1359
f 2585/1783/1774 2597/1728/1779 2596/1788/1778
f 2589/1784/1775 2600/1789/1780 2588/1567/1776
f 2577/1776/1767 2603/1790/1358 2592/1785/1368
f 2622/1766/1756 2609/1791/1781 2597/1728/1779
f 2600/1789/1780 2613/1792/1782 2612/1793/1783
f 2601/1794/1395 2613/1792/1782 2600/1789/1780
f 2603/1790/1358 2616/1795/1784 2615/1293/1368
f 2604/1796/1785 2616/1795/1784 2603/1790/1358
f 2608/1797/1371 2609/1791/1781 2607/1798/1786
f 2611/1799/1787 2609/1791/1781 2610/1800/1788
f 2614/1801/1789 2609/1791/1781 2613/1792/1782
f 2605/1802/1790 2609/1791/1781 2616/1795/1784
f 2532/1803/1729 2547/1804/1791 2531/1805/1792
f 2533/1806/1732 2548/1807/1793 2532/1803/1729
f 2540/1808/1740 2556/1809/1794 2539/1810/1738
f 2541/1811/1744 2557/1812/1795 2540/1808/1740
f 2542/1813/1743 2558/1814/1796 2541/1811/1744
f 2488/1815/1797 2595/1786/1777 2489/1718/1708
f 2510/1733/1722 2594/1816/1798 2488/1815/1797
f 2491/1817/1799 2596/1788/1778 2492/1714/1704
f 2491/1817/1799 2582/1779/1770 2596/1788/1778
f 2490/1721/1711 2582/1779/1770 2491/1817/1799
f 2480/1758/1324 2608/1797/1371 2479/1757/1748
f 2481/1507/1702 2609/1791/1781 2480/1758/1324
f 2514/1273/1718 2567/1764/1754 2515/1378/1728
f 2502/1723/1402 2584/1787/1359 2501/1719/1709
f 2503/1722/1712 2585/1783/1774 2502/1723/1402
f 2519/1557/1720 2570/1818/1800 2520/1526/1407
f 2524/1748/1388 2575/1772/1328 2525/1751/1742
f 2523/1750/1741 2574/1773/1764 2524/1748/1388
f 2493/1713/1703 2598/1819/1801 2494/1724/1713
f 2494/1724/1713 2599/1724/1802 2495/1717/1706
f 2497/1729/1393 2602/1817/1394 2498/1820/1292
f 2496/1728/1290 2601/1794/1395 2497/1729/1393
f 2546/1391/1803 2619/1821/1804 2545/1392/1805
f 2624/1822/1806 2551/1823/1807 2552/1824/1808
f 2626/1767/1758 2553/1630/1809 2554/1631/1810
f 2555/1825/1811 2573/1770/1761 2554/1826/1810
f 2629/1775/1766 2558/1635/1796 2559/1636/1812
f 2561/1827/1813 2578/1828/1814 2560/1829/1815
f 2544/1408/1816 2617/1830/1817 2561/1409/1813
f 2650/1831/1818 2649/1832/1819 2667/1833/1820
f 2654/1639/1821 2653/1834/1822 2670/1640/1823
f 2656/1835/1824 2655/1836/1825 2671/1837/1826
f 2659/1644/1827 2658/1414/1828 2673/1415/1829
f 2660/1645/1830 2659/1644/1827 2674/1646/1831
f 2663/1648/1832 2662/1838/1833 2676/1649/1834
f 2665/1839/1835 2664/1417/1836 2677/1418/1837
f 2648/1419/1838 2665/1839/1835 2666/1420/1839
f 2679/1858/1860 2690/1859/1840 2678/1860/1861
f 2680/1434/1862 2691/1861/1843 2679/1858/1860
f 2686/1862/1863 2696/1863/1848 2685/1712/1864
f 2687/1864/1865 2697/1865/1850 2686/1862/1863
f 2745/1434/1894 2755/1861/1877 2744/1887/1895
f 2746/1888/1896 2756/1889/1897 2745/1890/1894
f 2749/1891/1898 2759/1892/1879 2748/1893/1899
f 2750/1894/1900 2760/1863/1882 2749/1891/1898
f 2783/1899/1902 2784/1934/1938 2785/1895/1901
f 2783/1899/1902 2785/1895/1901 2786/1897/1535
f 2783/1899/1902 2786/1897/1535 2787/1935/1536
f 2783/1899/1902 2787/1935/1536 2788/1344/1499
f 2783/1899/1902 2789/1936/1939 2790/1901/1905
f 2783/1899/1902 2790/1901/1905 2794/1900/1904
f 2783/1899/1902 2794/1900/1904 2791/1937/1538
f 2783/1899/1902 2791/1937/1538 2792/1938/1940
f 2783/1899/1902 2792/1938/1940 2793/1939/1941
f 2783/1899/1902 2793/1939/1941 2784/1934/1938
f 2873/1940/1942 2874/1941/1943 2928/1942/1944
f 2877/1943/1945 2878/1321/1946 2931/1944/1947
f 2879/1945/1611 2932/1946/1948 2931/1944/1947
f 2884/1947/1949 2934/1948/1950 2933/1949/1951
f 2885/1950/1952 2935/1951/1953 2934/1948/1950
f 2886/1310/1954 2887/1952/1955 2935/1951/1953
f 2936/1953/1956 2870/1954/1957 2926/1955/1958
f 2872/1317/1959 2891/1956/1960 2927/1957/1961
f 2927/1957/1961 2891/1956/1960 2873/1940/1942
f 2892/1781/1962 2874/1941/1943 2873/1940/1942
f 2876/1277/1963 2894/1958/1964 2930/1959/1965
f 2895/1960/1966 2878/1321/1946 2877/1943/1945
f 2881/1557/1967 2897/1961/1968 2882/1962/1969
f 2882/1962/1969 2897/1961/1968 2883/1963/1970
f 2886/1310/1954 2900/1964/1971 2887/1952/1955
f 2888/1965/1972 2901/1966/1567 2889/1574/1973
f 2891/1956/1960 2904/1967/1590 2892/1781/1962
f 2904/1967/1590 2893/1968/1974 2892/1781/1962
f 2905/1969/1607 2894/1958/1964 2893/1968/1974
f 2894/1958/1964 2906/1970/1577 2895/1960/1966
f 2897/1961/1968 2910/1971/1975 2898/1568/1976
f 2910/1971/1975 2899/1972/1977 2898/1568/1976
f 2911/1973/1978 2900/1964/1971 2899/1972/1977
f 2903/1974/1979 2915/1975/1980 2904/1967/1590
f 2919/1932/1937 2907/1976/1981 2906/1970/1577
f 2909/1977/1982 2921/1978/1983 2910/1971/1975
f 2917/1979/1591 2916/1933/1589 2918/1980/1593
f 2923/1981/1595 2922/1931/1936 2924/1982/1984
f 2924/1982/1984 2922/1931/1936 2925/1983/1985
f 2925/1983/1985 2922/1931/1936 2914/1984/1986
f 2855/1985/1987 2837/1806/1988 2836/1986/1920
f 2867/1987/1989 2849/1988/1990 2848/1989/1991
f 2868/1990/1992 2850/1991/1934 2849/1988/1990
f 2870/1954/1957 2833/1536/1935 2819/1992/1993
f 2890/1993/1615 2807/1903/1616 2818/1916/1617
f 2891/1956/1960 2808/1994/1994 2807/1903/1616
f 2925/1983/1985 2784/1934/1938 2793/1939/1941
f 2914/1984/1986 2785/1895/1901 2784/1934/1938
f 2905/1969/1607 2798/1906/1504 2799/1898/1497
f 2904/1967/1590 2797/1896/1509 2798/1906/1504
f 2917/1979/1591 2787/1935/1536 2786/1897/1535
f 2918/1980/1593 2788/1344/1499 2787/1935/1536
f 2875/1763/1995 2823/1918/1921 2824/1922/1925
f 2874/1941/1943 2822/1919/1922 2823/1918/1921
f 2893/1968/1974 2810/1907/1909 2809/1905/1908
f 2894/1958/1964 2811/1995/1996 2810/1907/1909
f 2879/1945/1611 2826/1526/1927 2827/1996/1516
f 2895/1960/1966 2813/1908/1911 2812/1997/1997
f 2896/1998/1998 2814/1910/1913 2813/1908/1911
f 2899/1972/1977 2816/1913/1917 2815/1911/1914
f 2900/1964/1971 2817/1735/1999 2816/1913/1917
f 2885/1950/1952 2830/1925/1929 2831/1928/1932
f 2884/1947/1949 2829/1926/1930 2830/1925/1929
f 2919/1932/1937 2789/1936/1939 2783/1899/1902
f 2920/1999/2000 2790/1901/1905 2789/1936/1939
f 2911/1973/1978 2804/1912/1916 2805/1914/1918
f 2910/1971/1975 2803/1728/1915 2804/1912/1916
f 2923/1981/1595 2791/1937/1538 2794/1900/1904
f 2924/1982/1984 2792/1938/1940 2791/1937/1538
f 2854/2000/2001 2928/1942/1944 2855/2001/1987
f 2856/2002/2002 2929/2003/2003 2930/1959/1965
f 2861/1403/2004 2882/1962/1969 2862/1401/2005
f 2862/2004/2005 2882/1962/1969 2883/1963/1970
f 2864/2005/2006 2933/1949/1951 2934/1948/1950
f 2864/2006/2006 2934/1948/1950 2865/2007/2007
f 2865/2008/2007 2934/1948/1950 2935/1951/1953
f 2865/2009/2007 2935/1951/1953 2866/2010/2008
f 2868/2011/1992 2888/1965/1972 2936/1953/1956
f 2957/2012/1825 2958/1410/1821 2975/1412/2009
f 2977/1640/2010 2960/1834/2011 2961/1639/2012
f 2963/2013/1819 2964/1642/1838 2979/1643/2013
f 2966/2014/2014 2967/1645/1832 2981/1646/2015
f 2983/1649/2016 2969/2015/2017 2970/1648/1830
f 2973/1420/2018 2972/1839/1828 2955/1419/2019
f 3002/2028/2027 2992/2029/2034 2991/1667/2035
f 3003/2030/2029 2993/1894/2036 2992/2029/2034
f 3005/2031/2037 2995/2032/2038 2994/2033/2039
f 3062/2054/2038 3052/2055/2037 3051/1667/2032
f 3063/2030/2058 3053/1894/2066 3052/2055/2037
f 3065/2056/2034 3055/2057/2027 3054/2058/2029
f 3112/1253/2273 3144/1253/2274 3111/1253/2275
f 3117/1253/2276 3118/1253/2277 3147/1253/2278
f 3123/1253/2279 3124/1253/2280 3153/1253/2281
f 3134/1253/2282 3163/1253/2283 3133/1253/2284
f 3135/1253/2285 3285/1253/2286 3134/1253/2282
f 3807/1253/2287 3172/1253/2288 3143/1253/2289
f 3273/1253/2290 3272/1253/2291 3148/1253/2292
f 3288/1253/2107 3155/1253/2293 3156/1253/2294
f 3182/1253/2108 3288/1253/2107 3156/1253/2294
f 3183/1253/2295 3182/1253/2108 3158/1253/2296
f 3159/1253/2297 3183/1253/2295 3158/1253/2296
f 3166/1253/2298 3190/1253/2299 3165/1253/2300
f 3177/1253/2301 3178/1253/2302 3286/1253/2303
f 3232/1253/2304 3286/1253/2303 3205/1253/2305
f 3315/1253/2306 3292/1253/2307 3311/1253/2308
f 3282/1253/2309 3269/1253/2310 3145/1253/2311
f 3271/1253/2312 3270/1253/2313 3146/1253/2314
f 3147/1253/2278 3148/1253/2292 3272/1253/2291
f 3179/1253/2315 3275/1253/2316 3153/1253/2281
f 3152/1253/2317 3153/1253/2281 3275/1253/2316
f 3156/1253/2294 3157/1253/2318 3182/1253/2108
f 3157/1253/2318 3158/1253/2296 3182/1253/2108
f 3186/1253/2319 3185/1253/2320 3160/1253/2321
f 3190/1253/2299 3189/1253/2322 3164/1253/2323
f 3191/1253/2324 3277/1253/2325 3166/1253/2298
f 3296/1253/2326 3194/1253/2327 3308/1253/2328
f 3195/1253/2329 3296/1253/2326 3308/1253/2328
f 3246/1253/2330 3267/1253/2101 3252/1253/2331
f 3251/1253/2332 3252/1253/2331 3267/1253/2101
f 3176/1253/2333 3284/1253/2334 3268/1253/2335
f 3279/1253/2336 3192/1253/2337 3168/1253/2338
f 3278/1253/2339 3216/1253/2340 3215/1253/2341
f 3228/1253/2098 3281/1253/2342 3280/1253/2343
f 3278/1253/2339 3193/1253/2344 3266/1253/2345
f 3148/1253/2292 3147/1253/2278 3118/1253/2277
f 3154/1253/2346 3153/1253/2281 3124/1253/2280
f 3285/1253/2286 3135/1253/2285 3164/1253/2323
f 3166/1253/2298 3165/1253/2300 3136/1253/2347
f 3142/1253/2348 3171/1253/2349 3310/1253/2350
f 3269/1253/2310 3201/1253/2351 3311/1253/2308
f 3282/1253/2309 3281/1253/2342 3269/1253/2310
f 3203/1253/2352 3270/1253/2313 3271/1253/2312
f 3204/1253/2353 3272/1253/2291 3273/1253/2290
f 3205/1253/2305 3286/1253/2303 3178/1253/2302
f 3206/1253/2354 3274/1253/2355 3275/1253/2316
f 3188/1253/2356 3210/1253/2357 3187/1253/2358
f 3277/1253/2325 3212/1253/2359 3190/1253/2299
f 3192/1253/2337 3213/1253/2360 3191/1253/2324
f 3286/1253/2303 3273/1253/2290 3177/1253/2301
f 3207/1253/2361 3275/1253/2316 3179/1253/2315
f 3187/1253/2358 3209/1253/2362 3186/1253/2319
f 3219/1253/2363 3195/1253/2329 3196/1253/2364
f 3214/1253/2365 3192/1253/2337 3279/1253/2336
f 3176/1253/2333 3202/1253/2366 3281/1253/2342
f 3176/1253/2333 3281/1253/2342 3282/1253/2309
f 3184/1253/2367 3287/1253/2368 3183/1253/2295
f 3208/1253/2369 3287/1253/2368 3185/1253/2320
f 3290/1253/2110 3234/1253/2370 3180/1253/2371
f 3113/1253/2372 3307/1253/2373 3112/1253/2273
f 3309/1253/2374 3266/1253/2345 3294/1253/2375
f 3316/1253/2376 3175/1253/2377 3307/1253/2373
f 3227/1253/2089 3199/1253/2378 3304/1253/2087
f 3304/1253/2087 3317/1253/2379 3305/1253/2117
f 3239/1253/2095 3216/1253/2340 3217/1253/2380
f 3240/1253/2118 3217/1253/2380 3297/1253/2381
f 3269/1253/2310 3311/1253/2308 3292/1253/2307
f 3145/1253/2311 3293/1253/2382 3114/1253/2383
f 3199/1253/2378 3175/1253/2377 3316/1253/2376
f 3239/1253/2095 3215/1253/2341 3216/1253/2340
f 3170/1253/2384 3141/1253/2385 3266/1253/2345
f 3199/1253/2378 3316/1253/2376 3317/1253/2379
f 3200/1253/2386 3311/1253/2308 3201/1253/2351
f 3278/1253/2339 3266/1253/2345 3194/1253/2327
f 3269/1253/2310 3292/1253/2307 3145/1253/2311
f 3145/1253/2311 3292/1253/2307 3293/1253/2382
f 3378/1253/2387 3551/1253/2388 3344/1253/2389
f 3347/1253/2390 3384/1253/2391 3348/1253/2392
f 3349/1253/2393 3385/1253/2394 3350/1253/2395
f 3356/1253/2396 3392/1253/2397 3357/1253/2398
f 3396/1253/2399 3362/1253/2400 3361/1253/2401
f 3404/1253/2402 3370/1253/2403 3369/1253/2404
f 3406/1253/2405 3372/1253/2406 3371/1253/2407
f 3379/1253/2408 3414/1253/2409 3415/1253/2410
f 3380/1253/2411 3415/1253/2410 3552/1253/2412
f 3532/1253/2413 3552/1253/2412 3517/1253/2414
f 3381/1253/2415 3512/1253/2416 3416/1253/2417
f 3508/1253/2418 3419/1253/2419 3386/1253/2420
f 3390/1253/2421 3423/1253/2422 3391/1253/2423
f 3395/1253/2424 3394/1253/2425 3426/1253/2426
f 3400/1253/2427 3399/1253/2428 3431/1253/2429
f 3402/1253/2430 3432/1253/2431 3433/1253/2432
f 3404/1253/2402 3403/1253/2433 3434/1253/2434
f 3408/1253/2435 3523/1253/2436 3436/1253/2437
f 3411/1253/2438 3535/1253/2439 3522/1253/2440
f 3413/1253/2441 3412/1253/2442 3439/1253/2443
f 3437/1253/2444 3458/1253/2445 3515/1253/2446
f 3548/1253/2447 3538/1253/2448 3553/1253/2449
f 3440/1253/2450 3197/1253/2451 3470/1253/2452
f 3382/1253/2453 3496/1253/2135 3417/1253/2454
f 3416/1253/2417 3507/1253/2131 3381/1253/2415
f 3414/1253/2409 3379/1253/2408 3378/1253/2387
f 3386/1253/2420 3385/1253/2394 3508/1253/2418
f 3421/1253/2455 3519/1253/2456 3389/1253/2457
f 3389/1253/2457 3388/1253/2458 3421/1253/2455
f 3423/1253/2422 3424/1253/2459 3392/1253/2397
f 3397/1253/2460 3427/1253/2461 3428/1253/2462
f 3432/1253/2431 3402/1253/2430 3401/1253/2463
f 3522/1253/2440 3438/1253/2464 3412/1253/2442
f 3506/1253/2465 3499/1253/2466 3500/1253/2467
f 3499/1253/2466 3506/1253/2465 3505/1253/2468
f 3382/1253/2453 3347/1253/2390 3525/1253/2469
f 3523/1253/2436 3408/1253/2435 3407/1253/2470
f 3516/1253/2471 3513/1253/2472 3549/1253/2473
f 3515/1253/2446 3409/1253/2133 3437/1253/2444
f 3524/1253/2474 3416/1253/2417 3514/1253/2475
f 3524/1253/2474 3550/1253/2145 3472/1253/2144
f 3551/1253/2388 3378/1253/2387 3379/1253/2408
f 3385/1253/2394 3386/1253/2420 3351/1253/2476
f 3390/1253/2421 3391/1253/2423 3356/1253/2396
f 3362/1253/2400 3396/1253/2399 3397/1253/2460
f 3370/1253/2403 3404/1253/2402 3405/1253/2477
f 3372/1253/2406 3406/1253/2405 3407/1253/2470
f 3372/1253/2406 3407/1253/2470 3373/1253/2478
f 3373/1253/2478 3407/1253/2470 3408/1253/2435
f 3418/1253/2479 3444/1253/2480 3518/1253/2481
f 3447/1253/2482 3420/1253/2483 3446/1253/2484
f 3447/1253/2482 3448/1253/2485 3519/1253/2456
f 3519/1253/2456 3448/1253/2485 3422/1253/2486
f 3431/1253/2429 3451/1253/2487 3452/1253/2488
f 3456/1253/2489 3457/1253/2490 3523/1253/2436
f 3522/1253/2440 3461/1253/2491 3438/1253/2464
f 3418/1253/2479 3443/1253/2492 3444/1253/2480
f 3518/1253/2481 3445/1253/2493 3508/1253/2418
f 3548/1253/2447 3515/1253/2446 3538/1253/2448
f 3524/1253/2474 3472/1253/2144 3473/1253/2494
f 3473/1253/2494 3443/1253/2492 3524/1253/2474
f 3503/1253/2140 3443/1253/2492 3502/1253/2138
f 3504/1253/2495 3443/1253/2492 3503/1253/2140
f 3505/1253/2468 3443/1253/2492 3504/1253/2495
f 3506/1253/2465 3443/1253/2492 3505/1253/2468
f 3507/1253/2131 3443/1253/2492 3506/1253/2465
f 3496/1253/2135 3525/1253/2469 3346/1253/2496
f 3496/1253/2135 3346/1253/2496 3381/1253/2415
f 3500/1253/2467 3496/1253/2135 3501/1253/2137
f 3499/1253/2466 3496/1253/2135 3500/1253/2467
f 3498/1253/2497 3496/1253/2135 3499/1253/2466
f 3497/1253/2498 3496/1253/2135 3498/1253/2497
f 3388/1253/2458 3402/1253/2430 3421/1253/2455
f 3420/1253/2483 3403/1253/2433 3387/1253/2499
f 3526/1253/2500 3450/1253/2501 3429/1253/2502
f 3528/1253/2503 3478/1253/2504 3527/1253/2505
f 3423/1253/2422 3529/1253/2506 3424/1253/2459
f 3430/1253/2507 3429/1253/2502 3451/1253/2487
f 3529/1253/2506 3449/1253/2508 3528/1253/2503
f 3537/1253/2509 3514/1253/2475 3517/1253/2414
f 3441/1253/2510 3471/1253/2511 3545/1253/2151
f 3538/1253/2448 3515/1253/2446 3459/1253/2512
f 3345/1253/2513 3380/1253/2411 3530/1253/2514
f 3530/1253/2514 3512/1253/2416 3531/1253/2515
f 3531/1253/2515 3512/1253/2416 3346/1253/2496
f 3549/1253/2473 3410/1253/2516 3533/1253/2517
f 3380/1253/2411 3379/1253/2408 3415/1253/2410
f 3512/1253/2416 3532/1253/2413 3514/1253/2475
f 3535/1253/2439 3548/1253/2447 3553/1253/2449
f 3380/1253/2411 3552/1253/2412 3532/1253/2413
f 3548/1253/2447 3513/1253/2472 3515/1253/2446
f 3583/1253/2518 3618/1253/2519 3584/1253/2520
f 3589/1253/2521 3624/1253/2522 3590/1253/2523
f 3592/1253/2524 3627/1253/2525 3593/1253/2526
f 3630/1253/2527 3597/1253/2528 3596/1253/2529
f 3632/1253/2530 3599/1253/2531 3598/1253/2532
f 3635/1253/2533 3602/1253/2534 3601/1253/2535
f 3636/1253/2536 3603/1253/2537 3602/1253/2534
f 3637/1253/2538 3604/1253/2539 3603/1253/2537
f 3611/1253/2540 3645/1253/2541 3612/1253/2542
f 3614/1253/2543 3646/1253/2544 3749/1253/2545
f 3616/1253/2546 3746/1253/2547 3648/1253/2548
f 3752/1253/2549 3753/1253/2550 3620/1253/2551
f 3652/1253/2552 3653/1253/2553 3625/1253/2554
f 3627/1253/2525 3761/1253/2555 3628/1253/2556
f 3636/1253/2536 3635/1253/2533 3756/1253/2557
f 3641/1253/2558 3665/1253/2559 3757/1253/2560
f 3642/1253/2561 3641/1253/2558 3666/1253/2562
f 3784/1253/2563 3767/1253/2564 3668/1253/2565
f 3871/1253/2566 3645/1253/2541 3896/1253/2567
f 3648/1253/2548 3758/1253/2568 3739/1253/2173
f 3667/1253/2569 3689/1253/2570 3779/1253/2571
f 3740/1253/2572 3691/1253/2573 3769/1253/2574
f 3670/1253/2575 3462/1253/2576 3700/1253/2577
f 3670/1253/2575 3700/1253/2577 3701/1253/2578
f 3672/1253/2579 3776/1253/2580 3702/1253/2581
f 3617/1253/2582 3728/1253/2176 3649/1253/2583
f 3648/1253/2548 3739/1253/2173 3616/1253/2546
f 3646/1253/2544 3614/1253/2543 3613/1253/2584
f 3746/1253/2547 3764/1253/2585 3647/1253/2586
f 3750/1253/2587 3751/1253/2588 3618/1253/2519
f 3620/1253/2551 3619/1253/2589 3752/1253/2549
f 3625/1253/2554 3624/1253/2522 3652/1253/2552
f 3653/1253/2553 3654/1253/2590 3626/1253/2591
f 3631/1253/2592 3657/1253/2593 3658/1253/2594
f 3640/1253/2595 3664/1253/2596 3665/1253/2559
f 3665/1253/2559 3641/1253/2558 3640/1253/2595
f 3668/1253/2565 3669/1253/2597 3645/1253/2541
f 3617/1253/2582 3583/1253/2518 3760/1253/2598
f 3745/1253/2599 3617/1253/2582 3649/1253/2583
f 3748/1253/2600 3643/1253/2601 3667/1253/2569
f 3758/1253/2568 3703/1253/2171 3759/1253/2190
f 3619/1253/2589 3620/1253/2551 3586/1253/2602
f 3624/1253/2522 3625/1253/2554 3591/1253/2603
f 3627/1253/2525 3628/1253/2556 3594/1253/2604
f 3597/1253/2528 3630/1253/2527 3631/1253/2592
f 3599/1253/2531 3632/1253/2530 3633/1253/2605
f 3602/1253/2534 3635/1253/2533 3636/1253/2536
f 3603/1253/2537 3636/1253/2536 3637/1253/2538
f 3604/1253/2539 3637/1253/2538 3638/1253/2606
f 3609/1253/2607 3643/1253/2601 3778/1253/2608
f 3608/1253/2609 3641/1253/2558 3642/1253/2561
f 3750/1253/2587 3675/1253/2610 3751/1253/2588
f 3752/1253/2549 3676/1253/2611 3753/1253/2550
f 3678/1253/2612 3679/1253/2613 3651/1253/2614
f 3680/1253/2615 3681/1253/2616 3653/1253/2553
f 3755/1253/2617 3683/1253/2618 3684/1253/2619
f 3668/1253/2565 3693/1253/2620 3669/1253/2597
f 3750/1253/2587 3674/1253/2621 3675/1253/2610
f 3439/1253/2443 3670/1253/2575 3646/1253/2544
f 3651/1253/2614 3680/1253/2615 3652/1253/2552
f 3664/1253/2596 3663/1253/2622 3686/1253/2623
f 3779/1253/2571 3689/1253/2570 3690/1253/2624
f 3674/1253/2621 3649/1253/2583 3758/1253/2568
f 3735/1253/2184 3758/1253/2568 3734/1253/2183
f 3736/1253/2625 3758/1253/2568 3735/1253/2184
f 3737/1253/2626 3758/1253/2568 3736/1253/2625
f 3738/1253/2627 3758/1253/2568 3737/1253/2626
f 3739/1253/2173 3758/1253/2568 3738/1253/2627
f 3728/1253/2176 3582/1253/2628 3616/1253/2546
f 3732/1253/2181 3728/1253/2176 3733/1253/2179
f 3731/1253/2629 3728/1253/2176 3732/1253/2181
f 3730/1253/2630 3728/1253/2176 3731/1253/2629
f 3729/1253/2631 3728/1253/2176 3730/1253/2630
f 3710/1253/2632 3682/1253/2633 3659/1253/2634
f 3762/1253/2635 3709/1253/2636 3761/1253/2555
f 3653/1253/2553 3763/1253/2637 3654/1253/2590
f 3660/1253/2638 3659/1253/2634 3683/1253/2618
f 3763/1253/2637 3681/1253/2616 3762/1253/2635
f 3615/1253/2639 3580/1253/2640 3579/1253/2641
f 3767/1253/2564 3610/1253/2642 3766/1253/2643
f 3768/1253/2644 3614/1253/2543 3749/1253/2545
f 3671/1253/2645 3647/1253/2586 3768/1253/2644
f 3670/1253/2575 3701/1253/2578 3776/1253/2580
f 3717/1253/2187 3690/1253/2624 3716/1253/2168
f 3747/1253/2646 3746/1253/2547 3647/1253/2586
f 3779/1253/2571 3644/1253/2647 3748/1253/2600
f 3580/1253/2640 3615/1253/2639 3765/1253/2648
f 3581/1253/2649 3746/1253/2547 3582/1253/2628
f 3778/1253/2608 3644/1253/2647 3766/1253/2643
f 3673/1253/2650 3702/1253/2581 3703/1253/2171
f 3777/1253/2189 3692/1253/2651 3717/1253/2187
f 3615/1253/2639 3647/1253/2586 3764/1253/2585
f 3644/1253/2647 3740/1253/2572 3767/1253/2564
f 3778/1253/2608 3643/1253/2601 3748/1253/2600
f 3768/1253/2644 3670/1253/2575 3671/1253/2645
f 3779/1253/2571 3690/1253/2624 3691/1253/2573
f 3647/1253/2586 3615/1253/2639 3768/1253/2644
f 3810/1253/2652 3811/1253/2653 3971/1253/2654
f 3815/1253/2655 3816/1253/2656 3848/1253/2657
f 3818/1253/2658 3819/1253/2659 3851/1253/2660
f 3823/1253/2661 3824/1253/2662 3856/1253/2663
f 3831/1253/2664 3990/1253/2665 3830/1253/2666
f 3998/1253/2667 4000/1253/2668 3997/1253/2669
f 3999/1253/2670 3869/1253/2671 3970/1253/2672
f 3973/1253/2673 4001/1253/2674 3972/1253/2675
f 3968/1253/2676 3875/1253/2677 3971/1253/2654
f 3876/1253/2678 3968/1253/2676 3845/1253/2679
f 3877/1253/2680 3845/1253/2679 3846/1253/2681
f 3882/1253/2682 3854/1253/2683 3855/1253/2684
f 3969/1253/2685 3982/1253/2686 3863/1253/2687
f 3867/1253/2688 3891/1253/2689 3866/1253/2690
f 3869/1253/2671 4025/1253/2691 3970/1253/2672
f 3952/1253/2234 3916/1253/2692 3893/1253/2693
f 3894/1253/2694 3974/1253/2695 3916/1253/2692
f 3974/1253/2695 4017/1253/2696 4003/1253/2697
f 3898/1253/2698 3927/1253/2699 3897/1253/2700
f 3986/1253/2243 3985/1253/2701 3929/1253/2209
f 3930/1253/2210 3903/1253/2702 3904/1253/2703
f 3932/1253/2704 3991/1253/2705 3905/1253/2706
f 3914/1253/2707 3940/1253/2208 3913/1253/2708
f 3987/1253/2709 3973/1253/2673 3975/1253/2710
f 3971/1253/2654 3845/1253/2679 3968/1253/2676
f 3879/1253/2711 3980/1253/2712 3852/1253/2713
f 3884/1253/2714 3883/1253/2715 3857/1253/2716
f 3887/1253/2717 3886/1253/2718 3859/1253/2719
f 3863/1253/2687 3864/1253/2720 3969/1253/2685
f 3869/1253/2671 3984/1253/2721 4025/1253/2691
f 3875/1253/2677 3989/1253/2722 3971/1253/2654
f 3968/1253/2676 3902/1253/2723 3875/1253/2677
f 4015/1253/2245 3985/1253/2701 3986/1253/2243
f 3974/1253/2695 3894/1253/2694 3997/1253/2669
f 3993/1253/2724 3994/1253/2725 3844/1253/2726
f 3845/1253/2679 3971/1253/2654 3811/1253/2653
f 3845/1253/2679 3811/1253/2653 3812/1253/2727
f 3849/1253/2728 3848/1253/2657 3816/1253/2656
f 3852/1253/2713 3851/1253/2660 3819/1253/2659
f 3857/1253/2716 3856/1253/2663 3824/1253/2662
f 3859/1253/2719 3858/1253/2729 3825/1253/2730
f 3990/1253/2665 3831/1253/2664 3863/1253/2687
f 3864/1253/2720 3863/1253/2687 3831/1253/2664
f 3903/1253/2702 3968/1253/2676 3876/1253/2678
f 3904/1253/2703 3877/1253/2680 3977/1253/2731
f 3906/1253/2732 3979/1253/2733 3980/1253/2712
f 3889/1253/2734 3910/1253/2735 3888/1253/2736
f 3914/1253/2707 3913/1253/2708 3891/1253/2689
f 3984/1253/2721 3918/1253/2737 4025/1253/2691
f 3907/1253/2738 3980/1253/2712 3879/1253/2711
f 3888/1253/2736 3909/1253/2739 3887/1253/2717
f 3891/1253/2689 3912/1253/2740 3890/1253/2741
f 3914/1253/2707 3892/1253/2742 3915/1253/2743
f 3919/1253/2744 3984/1253/2721 3895/1253/2745
f 3896/1253/2567 3919/1253/2744 3895/1253/2745
f 4003/1253/2697 3916/1253/2692 3974/1253/2695
f 3902/1253/2723 3929/1253/2209 3985/1253/2701
f 3985/1253/2701 3987/1253/2709 3902/1253/2723
f 3908/1253/2746 3936/1253/2747 3886/1253/2718
f 3992/1253/2748 3934/1253/2749 3880/1253/2750
f 3993/1253/2724 3844/1253/2726 3809/1253/2751
f 3838/1253/2752 4000/1253/2668 3998/1253/2667
f 3874/1253/2753 3844/1253/2726 3994/1253/2725
f 4001/1253/2674 4002/1253/2754 4021/1253/2755
f 4025/1253/2691 3917/1253/2756 4017/1253/2696
f 3928/1253/2213 3899/1253/2757 4011/1253/2211
f 4013/1253/2247 3917/1253/2756 3983/1253/2758
f 3972/1253/2675 4001/1253/2674 3996/1253/2759
f 4000/1253/2668 3974/1253/2695 3997/1253/2669
f 3970/1253/2672 4017/1253/2696 4000/1253/2668
f 3998/1253/2667 3997/1253/2669 3837/1253/2760
f 3985/1253/2701 3901/1253/2761 3987/1253/2709
f 3899/1253/2757 3874/1253/2753 4021/1253/2755
f 3993/1253/2724 4018/1253/2762 3994/1253/2725
f 3874/1253/2753 3994/1253/2725 4021/1253/2755
f 4012/1253/2763 3901/1253/2761 4015/1253/2245
f 4022/1253/2219 3916/1253/2692 4003/1253/2697
f 4000/1253/2668 3999/1253/2670 3970/1253/2672
f 3899/1253/2757 4021/1253/2755 4002/1253/2754
f 4003/1253/2697 4017/1253/2696 3917/1253/2756
f 3941/1253/2215 3983/1253/2758 3918/1253/2737
f 4000/1253/2668 3838/1253/2752 3999/1253/2670
f 3918/1253/2737 3983/1253/2758 4025/1253/2691
f 3901/1253/2761 3973/1253/2673 3987/1253/2709
f 4051/1253/2816 4060/1253/2817 4050/1253/2818
f 4052/1253/2819 4061/1253/2820 4051/1253/2816
f 4054/1253/2821 4063/1253/2822 4053/1253/2823
f 4055/1253/2824 4064/1253/2825 4054/1253/2821
f 4056/1253/2826 4065/1253/2827 4055/1253/2824
f 4059/1253/2828 4070/1253/2829 4069/1253/2830
f 4060/1253/2817 4072/1253/2831 4071/1253/2832
f 4061/1253/2820 4074/1253/2833 4073/1253/2834
s 0
f 4068/1253/2835 4087/1253/2836 4086/1253/2837
f 4069/1253/2838 4088/1253/2839 4087/1253/2837
f 4070/1253/2840 4089/1253/2841 4088/1253/2837
f 4071/1253/2842 4090/1253/2843 4089/1253/2837
f 4072/1253/2844 4091/1253/2845 4090/1253/2837
f 4073/1253/2846 4092/1253/2847 4091/1253/2837
f 4074/1253/2848 4093/1253/2849 4092/1253/2837
f 4075/1253/2850 4094/1253/2851 4093/1253/2837
f 4076/1253/2852 4095/1253/2852 4094/1253/2852
f 4077/1253/2853 4096/1253/2854 4095/1253/2855
f 4078/1253/2856 4097/1253/2857 4096/1253/2855
f 4079/1253/2858 4098/1253/2859 4097/1253/2855
f 4080/1253/2860 4099/1253/2861 4098/1253/2855
f 4081/1253/2862 4100/1253/2863 4099/1253/2855
f 4082/1253/2864 4101/1253/2865 4100/1253/2855
f 4083/1253/2866 4102/1253/2867 4101/1253/2855
f 4084/1253/2868 4103/1253/2869 4102/1253/2855
f 4085/1253/2852 4086/1253/2852 4103/1253/2852
s 1
f 4195/1253/2928 4186/1253/2929 4185/1253/2930
f 4196/1253/2931 4187/1253/2932 4186/1253/2929
f 4200/1253/2933 4190/1253/2934 4189/1253/2935
f 4201/1253/2936 4191/1253/2937 4190/1253/2934
s 0
f 4204/1253/2938 4223/1253/2837 4205/1253/2939
f 4205/1253/2940 4224/1253/2837 4206/1253/2941
f 4206/1253/2942 4225/1253/2837 4207/1253/2943
f 4207/1253/2944 4226/1253/2837 4208/1253/2945
f 4208/1253/2946 4227/1253/2837 4209/1253/2947
f 4209/1253/2948 4228/1253/2837 4210/1253/2949
f 4210/1253/2950 4229/1253/2837 4211/1253/2951
f 4211/1253/2952 4230/1253/2837 4212/1253/2953
f 4212/1253/2852 4231/1253/2852 4213/1253/2852
f 4213/1253/2954 4232/1253/2855 4214/1253/2955
f 4214/1253/2956 4233/1253/2855 4215/1253/2957
f 4215/1253/2958 4234/1253/2855 4216/1253/2959
f 4216/1253/2960 4235/1253/2855 4217/1253/2961
f 4217/1253/2962 4236/1253/2855 4218/1253/2963
f 4218/1253/2964 4237/1253/2855 4219/1253/2965
f 4219/1253/2966 4238/1253/2855 4220/1253/2967
f 4220/1253/2968 4239/1253/2855 4221/1253/2969
f 4221/1253/2852 4222/1253/2852 4204/1253/2852
s 1
f 4322/1253/3022 4331/1253/3023 4321/1253/3024
f 4323/1253/3025 4332/1253/3026 4322/1253/3022
f 4330/1253/3027 4342/1253/3028 4341/1253/3029
f 4331/1253/3023 4344/1253/3030 4343/1253/3031
f 4332/1253/3026 4346/1253/3032 4345/1253/3033
s 0
f 4340/1253/2852 4359/1253/2852 4358/1253/2852
f 4341/1253/3034 4360/1253/3035 4359/1253/2837
f 4342/1253/3036 4361/1253/3037 4360/1253/2837
f 4343/1253/3038 4362/1253/3039 4361/1253/2837
f 4344/1253/3040 4363/1253/3041 4362/1253/2837
f 4345/1253/3042 4364/1253/3043 4363/1253/2837
f 4346/1253/3044 4365/1253/3045 4364/1253/2837
f 4347/1253/3046 4366/1253/3047 4365/1253/2837
f 4348/1253/3048 4367/1253/3049 4366/1253/2837
f 4349/1253/3050 4368/1253/3051 4367/1253/2837
f 4350/1253/3052 4369/1253/3053 4368/1253/2837
f 4351/1253/3054 4370/1253/3055 4369/1253/2837
f 4352/1253/3056 4371/1253/3057 4370/1253/2837
f 4353/1253/3058 4372/1253/3059 4371/1253/2837
f 4354/1253/3060 4373/1253/3061 4372/1253/2837
f 4355/1253/3062 4374/1253/3063 4373/1253/2837
f 4356/1253/2852 4375/1253/2852 4374/1253/2852
f 4357/1253/3064 4358/1253/3065 4375/1253/2855
s 1
f 4467/1253/3126 4458/1253/3127 4457/1253/3128
f 4468/1253/3129 4459/1253/3130 4458/1253/3127
s 0
f 4476/1253/2852 4495/1253/2852 4477/1253/2852
f 4477/1253/3131 4496/1253/2855 4478/1253/3132
f 4478/1253/3133 4497/1253/2855 4479/1253/3134
f 4479/1253/3135 4498/1253/2855 4480/1253/3136
f 4480/1253/3137 4499/1253/2855 4481/1253/3138
f 4481/1253/3139 4500/1253/2855 4482/1253/3140
f 4482/1253/3141 4501/1253/2855 4483/1253/3142
f 4483/1253/3143 4502/1253/2855 4484/1253/3144
f 4484/1253/3145 4503/1253/2855 4485/1253/3146
f 4485/1253/3147 4504/1253/2855 4486/1253/3148
f 4486/1253/3149 4505/1253/2855 4487/1253/3150
f 4487/1253/3151 4506/1253/2855 4488/1253/3152
f 4488/1253/3153 4507/1253/2855 4489/1253/3154
f 4489/1253/3155 4508/1253/2855 4490/1253/3156
f 4490/1253/3157 4509/1253/2855 4491/1253/3158
f 4491/1253/3159 4510/1253/2855 4492/1253/3160
f 4492/1253/2852 4511/1253/2852 4493/1253/2852
f 4493/1253/3161 4494/1253/2837 4476/1253/3162
s 1
f 19/2081/3181 14/2082/3182 20/2083/3183
f 20/2083/3183 22/1256/3184 9/1257/3185
f 4/2084/3186 19/2081/3181 3/2085/3187
f 1/1255/3188 22/1256/3184 2/1253/3189
f 53/2081/3190 48/2082/3191 54/2083/3192
f 54/2083/3192 56/1256/3193 43/1257/3194
f 38/2084/3195 53/2081/3190 37/2085/3196
f 35/1255/3197 56/1256/3193 36/1253/3198
f 18/2086/3164 19/2087/3181 20/2088/3183
f 5/2089/3165 20/2088/3183 9/2090/3185
f 19/2087/3181 12/2091/3166 3/1253/3187
f 52/2086/3173 53/2087/3190 54/2088/3192
f 39/2089/3175 54/2088/3192 43/2090/3194
f 37/1253/3196 51/2092/3172 46/2091/3176
f 15/2092/3199 13/2088/3200 16/2086/3167
f 33/2093/3201 31/2094/3202 32/2095/3203
f 14/2087/3182 21/2096/3163 22/2097/3184
f 22/2097/3184 6/2091/3170 2/1253/3189
f 4/2090/3186 32/2095/3203 31/2094/3202
f 24/2098/3204 8/2089/3168 25/2099/3205
f 33/2093/3201 16/2086/3167 34/2100/3206
f 23/2101/3207 16/2086/3167 13/2088/3200
f 29/2102/3208 32/2095/3203 28/2103/3209
f 34/2100/3206 27/2104/3210 31/2094/3202
f 49/2092/3171 47/2088/3211 50/2086/3177
f 60/2100/3212 58/2095/3213 59/2093/3214
f 48/2087/3191 55/2096/3174 56/2097/3193
f 56/2097/3193 40/2091/3180 36/1253/3198
f 38/2090/3195 58/2095/3213 57/2094/3215
f 26/2105/3216 38/2090/3195 42/2089/3178
f 59/2093/3214 50/2086/3177 60/2100/3212
f 25/2099/3205 47/2088/3211 24/2098/3204
f 59/2093/3214 27/2104/3210 30/2106/3217
f 28/2103/3209 60/2100/3212 29/2102/3208
f 11/2091/3169 2/1255/3189 6/2107/3170
f 11/2108/3169 9/2108/3185 1/1255/3188
f 45/2091/3179 36/1255/3198 40/2107/3180
f 45/2108/3179 43/2108/3194 35/1255/3197
f 8/2091/3168 10/1255/3218 7/2107/3219
f 7/2084/3219 3/2078/3187 12/2108/3166
f 41/2107/3220 38/1253/3195 44/1255/3221
f 46/2108/3176 44/2108/3221 37/2078/3196
f 675/2163/3281 818/2164/3282 817/2165/3283
f 817/2165/3283 381/911/920 675/2163/3281
f 94/2166/3284 677/499/508 62/2167/3285
f 61/501/510 93/500/509 676/2168/3286
f 818/2164/3282 676/2168/3286 93/500/509
f 679/2169/3287 96/510/519 820/544/553
f 1638/2170/3288 678/504/513 62/2167/3285
f 63/505/514 678/504/513 1638/2170/3288
f 94/2166/3284 62/2167/3285 678/504/513
f 95/503/512 679/2169/3287 820/544/553
f 67/511/520 823/2171/3289 681/2172/3290
f 98/659/668 681/2172/3290 823/2171/3289
f 782/551/560 682/512/521 68/2173/3291
f 69/2174/3292 825/2175/3293 683/2176/3294
f 825/2175/3293 68/2173/3291 683/2176/3294
f 891/516/525 684/554/563 69/2174/3292
f 686/2177/3295 100/558/567 826/2178/3296
f 1639/2179/3297 685/518/527 890/514/523
f 70/519/528 685/518/527 1639/2179/3297
f 893/557/566 890/514/523 685/518/527
f 826/2178/3296 70/519/528 686/2177/3295
f 72/2180/3298 827/2181/3299 687/2182/3300
f 827/2181/3299 71/2183/3301 687/2182/3300
f 688/2184/3302 102/562/571 828/561/570
f 828/561/570 72/2180/3298 688/2184/3302
f 689/2185/3303 103/524/533 829/2186/3304
f 829/2186/3304 73/2187/3305 689/2185/3303
f 76/2188/3306 830/2189/3307 691/2190/3308
f 691/2190/3308 104/522/531 75/521/530
f 692/2191/3309 106/567/576 831/566/575
f 831/566/575 76/2188/3306 692/2191/3309
f 78/2192/3310 709/568/577 693/2193/3311
f 106/567/576 693/2193/3311 709/568/577
f 79/2194/3312 832/570/579 694/2195/3313
f 694/2195/3313 107/569/578 78/2192/3310
f 80/2196/3314 833/573/582 695/2197/3315
f 695/2197/3315 108/572/581 79/2194/3312
f 81/2198/3316 834/576/585 696/2199/3317
f 834/576/585 80/2196/3314 696/2199/3317
f 82/2200/3318 835/2201/3319 697/2202/3320
f 697/2202/3320 110/574/583 81/2198/3316
f 112/579/588 199/657/666 83/2203/3321
f 1640/2204/3322 836/526/535 82/2200/3318
f 892/527/536 836/526/535 1640/2204/3322
f 111/2205/3323 82/2200/3318 836/526/535
f 199/657/666 899/525/534 892/527/536
f 796/583/592 698/2206/3324 84/528/537
f 698/2206/3324 112/579/588 83/2203/3321
f 85/2207/3325 838/530/539 699/529/538
f 88/2208/3326 841/2209/3327 703/2210/3328
f 711/585/594 85/2207/3325 700/531/540
f 86/532/541 188/536/545 701/535/544
f 847/588/597 807/534/543 702/539/548
f 703/2210/3328 114/2211/3329 87/2212/3330
f 704/2213/3331 116/2214/3332 842/2215/3333
f 704/2213/3331 115/2216/3334 88/2208/3326
f 90/2217/3335 843/2218/3336 705/2219/3337
f 116/2214/3332 705/2219/3337 843/2218/3336
f 118/597/606 706/2220/3338 91/2221/3339
f 844/2222/3340 90/2217/3335 706/2220/3338
f 92/2223/3341 845/2224/3342 707/2225/3343
f 707/2225/3343 118/597/606 91/2221/3339
f 817/2165/3283 869/664/673 775/2226/3344
f 775/2226/3344 406/914/923 817/2165/3283
f 818/2164/3282 121/668/677 869/664/673
f 776/669/678 94/2166/3284 122/2227/3345
f 121/668/677 819/502/511 776/669/678
f 94/2166/3284 777/542/551 122/2227/3345
f 95/503/512 777/542/551 678/504/513
f 778/2228/3346 95/503/512 820/544/553
f 124/543/552 778/2228/3346 820/544/553
f 823/2171/3289 781/675/684 715/650/659
f 780/550/559 846/549/558 98/659/668
f 715/650/659 98/659/668 823/2171/3289
f 825/2175/3293 870/677/686 783/552/561
f 783/552/561 781/675/684 824/513/522
f 685/518/527 125/678/687 784/556/565
f 782/551/560 825/2175/3293 783/552/561
f 100/558/567 785/2229/3347 826/2178/3296
f 785/2229/3347 99/517/526 826/2178/3296
f 105/2230/3348 789/564/573 830/2189/3307
f 101/651/660 786/559/568 827/2181/3299
f 100/558/567 827/2181/3299 786/559/568
f 103/524/533 788/45/45 829/2186/3304
f 102/562/571 829/2186/3304 788/45/45
f 717/2231/3349 110/574/583 835/2201/3319
f 789/564/573 104/522/531 830/2189/3307
f 187/565/574 790/609/618 831/566/575
f 105/2230/3348 831/566/575 790/609/618
f 792/571/580 832/570/579 108/572/581
f 793/46/46 833/573/582 109/652/661
f 834/576/585 710/575/584 109/652/661
f 111/2205/3323 127/666/675 835/2201/3319
f 717/2231/3349 835/2201/3319 127/666/675
f 836/526/535 896/679/688 794/665/674
f 127/666/675 836/526/535 794/665/674
f 837/2232/3350 718/580/589 112/579/588
f 796/583/592 795/582/591 837/2232/3350
f 113/533/542 873/586/595 711/585/594
f 797/584/593 838/530/539 711/585/594
f 797/584/593 796/583/592 838/530/539
f 841/2209/3327 129/680/689 798/667/676
f 114/2211/3329 128/2233/3351 848/540/549
f 878/604/613 848/540/549 128/2233/3351
f 723/591/600 848/540/549 878/604/613
f 128/2233/3351 841/2209/3327 798/667/676
f 842/2215/3333 130/683/692 799/682/691
f 129/680/689 842/2215/3333 799/682/691
f 130/683/692 843/2218/3336 712/593/602
f 117/594/603 712/593/602 843/2218/3336
f 845/2224/3342 132/606/615 800/595/604
f 118/597/606 713/596/605 844/2222/3340
f 117/594/603 844/2222/3340 713/596/605
f 881/103/103 791/610/619 196/39/39
f 845/2224/3342 800/595/604 118/597/606
f 781/675/684 783/552/561 716/676/685
f 870/677/686 716/676/685 783/552/561
f 787/44/44 871/560/569 786/559/568
f 710/575/584 872/577/586 126/47/47
f 865/48/48 126/47/47 872/577/586
f 795/582/591 719/600/609 718/580/589
f 804/86/86 722/601/610 808/589/598
f 178/88/88 722/601/610 804/86/86
f 178/88/88 177/93/93 722/601/610
f 177/93/93 803/83/83 722/601/610
f 773/98/98 801/2115/3228 722/601/610
f 723/591/600 722/601/610 801/2115/3228
f 874/602/611 722/601/610 723/591/600
f 194/43/43 733/607/616 879/608/617
f 880/102/102 733/607/616 789/564/573
f 144/104/104 789/564/573 790/609/618
f 792/571/580 197/2112/3225 791/610/619
f 762/626/635 168/40/40 865/48/48
f 863/37/37 791/610/619 197/2112/3225
f 133/1030/1039 850/613/622 748/612/621
f 851/611/620 749/2234/3352 748/612/621
f 161/213/213 133/1030/1039 748/612/621
f 749/2234/3352 134/670/679 750/673/682
f 162/444/444 748/612/621 749/2234/3352
f 750/673/682 162/444/444 749/2234/3352
f 902/621/630 752/619/628 855/618/627
f 853/672/681 814/55/55 750/673/682
f 883/616/625 751/615/624 163/21/21
f 866/614/623 854/617/626 751/615/624
f 164/22/22 163/21/21 751/615/624
f 751/615/624 752/619/628 164/22/22
f 753/620/629 135/625/634 754/624/633
f 165/23/23 164/22/22 753/620/629
f 165/23/23 753/620/629 754/624/633
f 857/629/638 764/630/639 763/627/636
f 165/23/23 754/624/633 755/25/25
f 856/623/632 755/25/25 754/624/633
f 763/627/636 762/626/635 139/628/637
f 865/48/48 139/628/637 762/626/635
f 904/631/640 765/2235/3353 764/630/639
f 169/20/20 764/630/639 765/2235/3353
f 766/634/643 859/638/647 767/637/646
f 140/635/644 766/634/643 765/2235/3353
f 169/20/20 765/2235/3353 766/634/643
f 815/639/648 877/636/645 874/602/611
f 170/18/18 766/634/643 767/637/646
f 771/648/657 142/681/690 860/684/693
f 815/639/648 768/640/649 736/51/51
f 768/640/649 769/641/650 736/51/51
f 171/5/5 736/51/51 770/643/652
f 769/641/650 770/643/652 736/51/51
f 770/643/652 771/648/657 171/5/5
f 114/2211/3329 810/2236/3354 87/2212/3330
f 143/6/6 171/5/5 771/648/657
f 860/684/693 861/647/656 771/648/657
f 771/648/657 772/645/654 143/6/6
f 97/654/663 809/548/557 179/90/90
f 779/547/556 816/546/555 805/96/96
f 894/553/562 870/677/686 684/554/563
f 788/45/45 787/44/44 828/561/570
f 101/651/660 828/561/570 787/44/44
f 103/524/533 708/563/572 733/607/616
f 187/565/574 709/568/577 791/610/619
f 108/572/581 793/46/46 792/571/580
f 109/652/661 126/47/47 793/46/46
f 720/599/608 797/584/593 873/586/595
f 723/591/600 801/2115/3228 802/590/599
f 173/94/94 802/590/599 801/2115/3228
f 173/94/94 839/80/80 802/590/599
f 773/98/98 803/83/83 175/81/81
f 174/658/667 773/98/98 175/81/81
f 774/91/91 804/86/86 847/588/597
f 808/589/598 847/588/597 804/86/86
f 177/93/93 176/100/100 839/80/80
f 178/88/88 176/100/100 177/93/93
f 885/87/87 179/90/90 809/548/557
f 886/84/84 181/82/82 184/89/89
f 180/92/92 184/89/89 181/82/82
f 805/96/96 186/95/95 779/547/556
f 182/79/79 185/85/85 183/99/99
f 887/97/97 183/99/99 185/85/85
f 113/533/542 701/535/544 189/587/596
f 189/587/596 701/535/544 847/588/597
f 821/508/517 65/507/516 888/662/671
f 853/672/681 882/54/54 814/55/55
f 190/537/546 810/2236/3354 848/540/549
f 124/543/552 821/508/517 198/545/554
f 779/547/556 714/598/607 198/545/554
f 850/613/622 121/668/677 851/611/620
f 198/545/554 821/508/517 816/546/555
f 96/510/519 680/506/515 821/508/517
f 846/549/558 822/656/665 66/661/670
f 846/549/558 97/654/663 822/656/665
f 103/524/533 690/520/529 708/563/572
f 84/528/537 838/530/539 796/583/592
f 174/658/667 175/81/81 839/80/80
f 176/100/100 774/91/91 839/80/80
f 847/588/597 839/80/80 774/91/91
f 702/539/548 839/80/80 847/588/597
f 848/540/549 802/590/599 840/538/547
f 807/534/543 847/588/597 701/535/544
f 849/663/672 120/1063/1072 775/2226/3344
f 198/545/554 867/674/683 853/672/681
f 864/75/75 856/623/632 871/560/569
f 127/666/675 857/629/638 139/628/637
f 901/632/641 857/629/638 794/665/674
f 719/600/609 858/633/642 140/635/644
f 798/667/676 769/641/650 868/603/612
f 142/681/690 770/643/652 799/682/691
f 799/682/691 770/643/652 141/642/651
f 875/605/614 772/645/654 861/647/656
f 876/649/658 866/614/623 884/655/664
f 869/664/673 849/663/672 775/2226/3344
f 122/2227/3345 851/611/620 776/669/678
f 870/677/686 902/621/630 855/618/627
f 123/541/550 852/671/680 777/542/551
f 777/542/551 852/671/680 122/2227/3345
f 124/543/552 750/673/682 778/2228/3346
f 123/541/550 778/2228/3346 750/673/682
f 124/543/552 198/545/554 853/672/681
f 866/614/623 715/650/659 854/617/626
f 784/556/565 903/622/631 895/555/564
f 718/580/589 904/631/640 897/578/587
f 871/560/569 856/623/632 785/2229/3347
f 125/678/687 785/2229/3347 856/623/632
f 139/628/637 717/2231/3349 127/666/675
f 139/628/637 872/577/586 717/2231/3349
f 822/656/665 180/92/92 889/685/694
f 140/635/644 718/580/589 719/600/609
f 721/653/662 859/638/647 873/586/595
f 868/603/612 874/602/611 723/591/600
f 868/603/612 128/2233/3351 798/667/676
f 141/642/651 129/680/689 799/682/691
f 142/681/690 712/593/602 860/684/693
f 860/684/693 713/596/605 861/647/656
f 132/606/615 172/646/655 875/605/614
f 715/650/659 866/614/623 876/649/658
f 868/603/612 878/604/613 128/2233/3351
f 737/56/56 882/54/54 883/616/625
f 884/655/664 714/598/607 887/97/97
f 876/649/658 885/87/87 809/548/557
f 876/649/658 884/655/664 885/87/87
f 184/89/89 885/87/87 886/84/84
f 884/655/664 886/84/84 885/87/87
f 884/655/664 887/97/97 886/84/84
f 186/95/95 887/97/97 714/598/607
f 66/661/670 822/656/665 888/662/671
f 183/99/99 805/96/96 889/685/694
f 888/662/671 889/685/694 805/96/96
f 181/82/82 182/79/79 889/685/694
f 200/2237/3355 1039/2238/3356 905/2239/3357
f 902/621/630 894/553/562 895/555/564
f 901/632/641 896/679/688 897/578/587
f 898/515/524 890/514/523 893/557/566
f 900/581/590 898/515/524 899/525/534
f 895/555/564 897/578/587 896/679/688
f 1039/2238/3356 201/2240/3358 905/2239/3357
f 236/686/695 906/2241/3359 1040/724/733
f 1040/724/733 906/2241/3359 201/2240/3358
f 237/689/698 1642/2242/3360 1041/687/696
f 202/688/697 1041/687/696 1642/2242/3360
f 1042/837/846 204/2243/3361 907/690/699
f 237/689/698 1042/837/846 907/690/699
f 204/2243/3361 1043/730/739 908/2244/3362
f 908/2244/3362 239/2245/3363 205/2246/3364
f 205/2246/3364 342/694/703 909/693/702
f 241/732/741 910/2247/3365 206/845/854
f 207/2248/3366 1046/2249/3367 911/2250/3368
f 1045/2251/3369 207/2248/3366 910/2247/3365
f 911/2250/3368 331/736/745 208/2252/3370
f 208/2252/3370 1047/2253/3371 912/2254/3372
f 1047/2253/3371 209/2255/3373 912/2254/3372
f 1108/697/706 1048/738/747 1115/740/749
f 210/2256/3374 1050/2257/3375 913/2258/3376
f 1107/696/705 1049/698/707 1643/2259/3377
f 242/2260/3378 210/2256/3374 1049/698/707
f 1643/2259/3377 1049/698/707 210/2256/3374
f 913/2258/3376 243/2261/3379 211/2262/3380
f 211/2262/3380 1051/743/752 914/2263/3381
f 914/2263/3381 244/742/751 212/2264/3382
f 212/2264/3382 1052/746/755 915/2265/3383
f 915/2265/3383 245/745/754 213/2266/3384
f 213/2266/3384 1053/748/757 916/2267/3385
f 916/2267/3385 246/747/756 214/2268/3386
f 214/2268/3386 1005/751/760 917/2269/3387
f 247/750/759 917/2269/3387 1005/751/760
f 918/2270/3388 247/750/759 1054/753/762
f 1054/753/762 216/2271/3389 918/2270/3388
f 216/2271/3389 1055/754/763 919/2272/3390
f 919/2272/3390 249/756/765 217/2273/3391
f 249/756/765 920/2274/3392 217/2273/3391
f 250/757/766 920/2274/3392 1056/758/767
f 921/2275/3393 250/757/766 1057/2276/3394
f 1057/2276/3394 219/2277/3395 921/2275/3393
f 922/2278/3396 251/761/770 1058/760/769
f 1058/760/769 220/2279/3397 922/2278/3396
f 923/2280/3398 252/840/849 1059/763/772
f 1059/763/772 221/2281/3399 923/2280/3398
f 924/2282/3400 253/762/771 1060/765/774
f 1060/765/774 222/2283/3401 924/2282/3400
f 925/2284/3402 254/2285/3403 1061/766/775
f 1061/766/775 1110/2286/3404 925/2284/3402
f 1012/705/714 225/2287/3405 224/704/713
f 1109/701/710 1110/2286/3404 1117/699/708
f 1109/701/710 1062/700/709 223/703/712
f 223/703/712 1063/702/711 1644/2288/3406
f 224/704/713 1644/2288/3406 1063/702/711
f 1064/772/781 226/2289/3407 225/2287/3405
f 256/708/717 927/710/719 227/706/715
f 227/706/715 226/2289/3407 926/707/716
f 259/777/786 931/2290/3408 231/2291/3409
f 228/709/718 1071/855/864 928/714/723
f 229/717/726 929/716/725 1645/2292/3410
f 230/718/727 1645/2292/3410 929/716/725
f 230/718/727 930/720/729 1646/2293/3411
f 259/777/786 231/2291/3409 930/720/729
f 1646/2293/3411 930/720/729 231/2291/3409
f 1068/2294/3412 232/722/731 931/2290/3408
f 933/2295/3413 261/785/794 1069/2296/3414
f 261/785/794 233/2297/3415 932/721/730
f 262/2298/3416 933/2295/3413 1069/2296/3414
f 1091/857/866 235/918/927 263/919/928
f 1039/2238/3356 1091/857/866 1040/724/733
f 267/2299/3417 1043/730/739 996/729/738
f 935/2300/3418 1040/724/733 1091/857/866
f 264/725/734 1040/724/733 935/2300/3418
f 264/725/734 936/862/871 1041/687/696
f 265/726/735 1041/687/696 936/862/871
f 266/731/740 238/728/737 995/727/736
f 998/838/847 241/732/741 336/734/743
f 342/694/703 997/842/851 240/873/882
f 1047/2253/3371 1094/741/750 1048/738/747
f 999/737/746 1045/2251/3369 998/838/847
f 999/737/746 1046/2249/3367 1045/2251/3369
f 999/737/746 331/736/745 1046/2249/3367
f 331/736/745 1000/735/744 1047/2253/3371
f 269/2301/3419 1049/698/707 1001/863/872
f 1049/698/707 1113/864/873 1001/863/872
f 939/2302/3420 243/2261/3379 1050/2257/3375
f 242/2260/3378 269/2301/3419 1050/2257/3375
f 939/2302/3420 1050/2257/3375 269/2301/3419
f 243/2261/3379 1002/744/753 1051/743/752
f 1057/2276/3394 1007/759/768 934/150/150
f 1003/146/146 1052/746/755 244/742/751
f 1004/749/758 1053/748/757 245/745/754
f 333/755/764 1055/754/763 248/2303/3421
f 249/756/765 333/755/764 1056/758/767
f 1007/759/768 1056/758/767 333/755/764
f 251/761/770 1057/2276/3394 934/150/150
f 941/866/875 254/2285/3403 1060/765/774
f 252/840/849 1095/789/798 1059/763/772
f 272/764/773 1059/763/772 1095/789/798
f 272/764/773 941/866/875 1060/765/774
f 1061/766/775 273/867/876 1009/769/778
f 1062/700/709 1114/791/800 1010/869/878
f 1063/702/711 1010/869/878 1011/770/779
f 1012/705/714 1063/702/711 1011/770/779
f 943/792/801 256/708/717 926/707/716
f 1064/772/781 1012/705/714 1011/770/779
f 926/707/716 1064/772/781 1013/771/780
f 1013/771/780 943/792/801 926/707/716
f 1065/711/720 1014/796/805 1024/856/865
f 1015/775/784 258/719/728 929/716/725
f 257/715/724 1072/851/860 1098/773/782
f 1017/2304/3422 259/777/786 276/776/785
f 257/715/724 1015/775/784 929/716/725
f 275/778/787 1016/779/788 930/720/729
f 1068/2294/3412 1017/2304/3422 260/723/732
f 262/2298/3416 1020/784/793 533/860/869
f 277/782/791 260/723/732 1017/2304/3422
f 1019/781/790 1018/780/789 261/785/794
f 278/783/792 261/785/794 1018/780/789
f 1096/830/839 1098/773/782 945/852/861
f 261/785/794 1020/784/793 1069/2296/3414
f 1000/735/744 938/787/796 1094/741/750
f 1086/207/207 270/147/147 940/865/874
f 1002/744/753 940/865/874 270/147/147
f 1010/869/878 942/868/877 1011/770/779
f 1013/771/780 1011/770/779 942/868/877
f 1033/793/802 944/797/806 1025/795/804
f 1033/793/802 1096/830/839 944/797/806
f 945/852/861 944/797/806 1096/830/839
f 1021/2119/3232 944/797/806 945/852/861
f 328/201/201 944/797/806 1021/2119/3232
f 328/201/201 1023/196/196 944/797/806
f 1023/196/196 994/198/198 944/797/806
f 1025/795/804 944/797/806 334/189/189
f 1004/749/758 1099/2116/3229 343/800/809
f 1004/749/758 343/800/809 271/799/808
f 332/752/761 294/206/206 1006/2305/3423
f 332/752/761 271/799/808 1084/798/807
f 1006/2305/3423 346/205/205 333/755/764
f 333/755/764 295/142/142 1007/759/768
f 967/802/811 1074/861/870 1073/2306/3424
f 1007/759/768 1085/141/141 934/150/150
f 968/2307/3425 280/858/867 1075/2308/3426
f 313/430/430 314/151/151 967/802/811
f 968/2307/3425 967/802/811 314/151/151
f 1075/2308/3426 1074/861/870 968/2307/3425
f 972/809/818 1087/849/858 971/847/856
f 314/151/151 954/153/153 968/2307/3425
f 969/805/814 968/2307/3425 954/153/153
f 1037/806/815 969/805/814 954/153/153
f 1078/811/820 973/2309/3427 974/812/821
f 316/124/124 972/809/818 971/847/856
f 281/810/819 972/809/818 973/2309/3427
f 316/124/124 973/2309/3427 972/809/818
f 973/2309/3427 317/125/125 974/812/821
f 1079/816/825 974/812/821 975/814/823
f 985/821/830 288/820/829 984/819/828
f 1086/207/207 283/815/824 976/817/826
f 975/814/823 976/817/826 283/815/824
f 1080/818/827 983/128/128 984/819/828
f 320/126/126 984/819/828 983/128/128
f 1119/790/799 986/823/832 1081/824/833
f 320/126/126 985/821/830 984/819/828
f 320/126/126 321/123/123 985/821/830
f 987/825/834 345/829/838 1082/826/835
f 987/825/834 986/823/832 321/123/123
f 321/123/123 322/122/122 987/825/834
f 1090/870/879 1038/203/203 989/204/204
f 988/827/836 987/825/834 322/122/122
f 1096/830/839 988/827/836 1038/203/203
f 990/871/880 323/109/109 991/2310/3428
f 1090/870/879 989/204/204 990/871/880
f 289/872/881 990/871/880 991/2310/3428
f 323/109/109 993/834/843 992/832/841
f 290/831/840 991/2310/3428 992/832/841
f 323/109/109 992/832/841 991/2310/3428
f 291/833/842 992/832/841 993/834/843
f 257/715/724 1035/2311/3429 1072/851/860
f 292/835/844 993/834/843 550/859/868
f 581/111/111 550/859/868 993/834/843
f 945/852/861 1067/712/721 1022/186/186
f 237/689/698 995/727/736 1042/837/846
f 1092/850/859 937/853/862 997/842/851
f 1093/786/795 999/737/746 998/838/847
f 244/742/751 270/147/147 1003/146/146
f 245/745/754 1003/146/146 1004/749/758
f 332/752/761 1005/751/760 271/799/808
f 248/2303/3421 1054/753/762 1006/2305/3423
f 332/752/761 1006/2305/3423 1054/753/762
f 248/2303/3421 1006/2305/3423 333/755/764
f 252/840/849 1058/760/769 1008/148/148
f 934/150/150 1008/148/148 1058/760/769
f 1022/186/186 1021/2119/3232 945/852/861
f 328/201/201 324/184/184 1023/196/196
f 327/191/191 326/193/193 1024/856/865
f 1024/856/865 1025/795/804 327/191/191
f 1024/856/865 1014/796/805 1025/795/804
f 326/193/193 334/189/189 1066/200/200
f 268/846/855 1044/836/845 1026/188/188
f 240/873/882 997/842/851 1029/185/185
f 330/843/852 997/842/851 937/853/862
f 1031/202/202 1104/195/195 1030/187/187
f 1103/854/863 1070/733/742 335/2312/3430
f 206/845/854 335/2312/3430 1070/733/742
f 337/794/803 1065/711/720 256/708/717
f 345/829/838 1088/828/837 1033/793/802
f 1032/839/848 336/734/743 268/846/855
f 342/694/703 240/873/882 1034/692/701
f 338/713/722 1067/712/721 1035/2311/3429
f 1072/851/860 1035/2311/3429 1067/712/721
f 342/694/703 267/2299/3417 1092/850/859
f 1073/2306/3424 264/725/734 935/2300/3418
f 970/161/161 1037/806/815 954/153/153
f 1067/712/721 928/714/723 1066/200/200
f 1071/855/864 1066/200/200 928/714/723
f 326/193/193 1066/200/200 1071/855/864
f 324/184/184 1022/186/186 1066/200/200
f 1067/712/721 1066/200/200 1022/186/186
f 932/721/730 1019/781/790 261/785/794
f 1065/711/720 1071/855/864 228/709/718
f 1065/711/720 1024/856/865 1071/855/864
f 1091/857/866 967/802/811 1073/2306/3424
f 996/729/738 969/805/814 1076/804/813
f 938/787/796 1077/808/817 281/810/819
f 1112/739/748 1078/811/820 282/813/822
f 282/813/822 1079/816/825 1001/863/872
f 1097/788/797 1080/818/827 1095/789/798
f 288/820/829 941/866/875 1080/818/827
f 1018/780/789 291/833/842 292/835/844
f 263/919/928 279/803/812 1091/857/866
f 1073/2306/3424 935/2300/3418 1091/857/866
f 1074/861/870 265/726/735 936/862/871
f 1094/741/750 1078/811/820 1112/739/748
f 995/727/736 1075/2308/3426 266/731/740
f 265/726/735 1075/2308/3426 995/727/736
f 280/858/867 266/731/740 1075/2308/3426
f 1076/804/813 267/2299/3417 996/729/738
f 1076/804/813 1092/850/859 267/2299/3417
f 268/846/855 1100/848/857 1032/839/848
f 1032/839/848 1087/849/858 998/838/847
f 281/810/819 1094/741/750 938/787/796
f 1079/816/825 939/2302/3420 269/2301/3419
f 1079/816/825 269/2301/3419 1001/863/872
f 1010/869/878 1119/790/799 1081/824/833
f 283/815/824 940/865/874 939/2302/3420
f 990/871/880 275/778/787 1015/775/784
f 345/829/838 943/792/801 1082/826/835
f 943/792/801 345/829/838 1033/793/802
f 991/2310/3428 276/776/785 1016/779/788
f 274/774/783 990/871/880 1015/775/784
f 289/872/881 991/2310/3428 1016/779/788
f 1017/2304/3422 291/833/842 277/782/791
f 290/831/840 1017/2304/3422 276/776/785
f 1029/185/185 1104/195/195 240/873/882
f 1076/804/813 1089/807/816 937/853/862
f 1100/848/857 1089/807/816 970/161/161
f 315/160/160 971/847/856 970/161/161
f 1089/807/816 1100/848/857 937/853/862
f 1100/848/857 268/846/855 1026/188/188
f 1100/848/857 1026/188/188 1101/190/190
f 1100/848/857 1101/190/190 1102/844/853
f 1027/199/199 1102/844/853 1101/190/190
f 1100/848/857 1102/844/853 937/853/862
f 1031/202/202 937/853/862 1102/844/853
f 1044/836/845 1103/854/863 240/873/882
f 1103/854/863 1034/692/701 240/873/882
f 1105/841/850 329/194/194 1044/836/845
f 240/873/882 1104/195/195 1105/841/850
f 1116/695/704 1111/767/776 1113/864/873
f 282/813/822 1113/864/873 1112/739/748
f 1116/695/704 1108/697/706 1115/740/749
f 1117/699/708 1110/2286/3404 255/768/777
f 1115/740/749 1117/699/708 1116/695/704
f 1114/791/800 1113/864/873 1111/767/776
f 348/2313/3431 1261/916/925 1120/2314/3432
f 1261/916/925 200/2237/3355 1120/2314/3432
f 382/923/932 1121/2315/3433 349/2316/3434
f 383/2317/3435 1122/2318/3436 350/2319/3437
f 348/2313/3431 1121/2315/3433 1262/917/926
f 1122/2318/3436 382/923/932 349/2316/3434
f 1123/875/884 383/2317/3435 350/2319/3437
f 384/874/883 1264/2320/3438 1123/875/884
f 1124/877/886 385/928/937 1265/927/936
f 385/928/937 1125/879/888 1266/878/887
f 384/874/883 1124/877/886 1265/927/936
f 1126/2321/3439 1269/886/895 1268/934/943
f 471/881/890 1267/1067/1076 354/882/891
f 358/889/898 1270/2322/3440 1129/2323/3441
f 355/2324/3442 1126/2321/3439 1268/934/943
f 1127/885/894 357/2325/3443 1128/887/896
f 1270/2322/3440 357/2325/3443 1129/2323/3441
f 1131/2326/3444 387/943/952 1271/942/951
f 1350/888/897 470/937/946 358/889/898
f 1648/2327/3445 1130/893/902 1341/891/900
f 359/894/903 1130/893/902 1648/2327/3445
f 1344/940/949 1341/891/900 1130/893/902
f 1271/942/951 359/894/903 1131/2326/3444
f 1132/2328/3446 388/1037/1046 1272/944/953
f 1272/944/953 360/2329/3447 1132/2328/3446
f 1133/2330/3448 389/946/955 1273/945/954
f 1273/945/954 361/2331/3449 1133/2330/3448
f 1134/2332/3450 390/949/958 1274/948/957
f 389/946/955 1134/2332/3450 1274/948/957
f 391/955/964 1135/2333/3451 364/2334/3452
f 390/949/958 1135/2333/3451 1230/950/959
f 365/2335/3453 1275/951/960 1136/2336/3454
f 1136/2336/3454 391/955/964 364/2334/3452
f 1137/2337/3455 393/958/967 1276/957/966
f 1276/957/966 365/2335/3453 1137/2337/3455
f 367/2338/3456 1277/959/968 1138/2339/3457
f 393/958/967 1138/2339/3457 1277/959/968
f 368/2340/3458 1278/961/970 1139/2341/3459
f 1139/2341/3459 394/960/969 367/2338/3456
f 369/2342/3460 1279/2343/3461 1140/2344/3462
f 1140/2344/3462 395/2345/3463 368/2340/3458
f 370/2346/3464 1280/2347/3465 1141/2348/3466
f 1280/2347/3465 369/2342/3460 1141/2348/3466
f 371/2349/3467 1281/964/973 1142/2350/3468
f 1142/2350/3468 397/966/975 370/2346/3464
f 1343/897/906 1282/2351/3469 1143/2352/3470
f 1143/2352/3470 398/2353/3471 371/2349/3467
f 399/972/981 1144/895/904 372/2354/3472
f 373/2355/3473 1283/970/979 1145/2356/3474
f 1145/2356/3474 399/972/981 372/2354/3472
f 1146/2357/3475 1156/2358/3476 373/2355/3473
f 374/2359/3477 1284/973/982 1146/2357/3475
f 377/2360/3478 1288/980/989 1150/2361/3479
f 1239/1042/1051 374/2359/3477 1147/898/907
f 375/2362/3480 1285/901/910 1148/899/908
f 1292/976/985 375/2362/3480 1149/904/913
f 1150/2361/3479 401/2363/3481 376/2364/3482
f 378/2365/3483 1289/2366/3484 1151/2367/3485
f 1289/2366/3484 377/2360/3478 1151/2367/3485
f 1152/2368/3486 404/910/919 1290/986/995
f 403/984/993 1152/2368/3486 1290/986/995
f 1219/915/924 382/923/932 407/920/929
f 379/909/918 1649/2369/3487 1153/907/916
f 380/908/917 1153/907/916 1649/2369/3487
f 1650/913/922 1291/912/921 380/908/917
f 405/906/915 380/908/917 1291/912/921
f 1219/915/924 1157/1033/1042 1261/916/925
f 263/919/928 1261/916/925 1157/1033/1042
f 408/1051/1060 1264/2320/3438 1154/925/934
f 383/2317/3435 408/1051/1060 1263/921/930
f 1318/922/931 1263/921/930 408/1051/1060
f 384/874/883 1154/925/934 1264/2320/3438
f 409/924/933 1265/927/936 1220/2370/3488
f 410/926/935 1220/2370/3488 1265/927/936
f 1270/2322/3440 1319/1056/1065 1224/935/944
f 1268/934/943 1222/932/941 471/881/890
f 1223/933/942 1159/1035/1044 1268/934/943
f 1222/932/941 1268/934/943 1159/1035/1044
f 1269/886/895 1128/887/896 1224/935/944
f 1130/893/902 411/1057/1066 1225/939/948
f 1128/887/896 1270/2322/3440 1224/935/944
f 1347/936/945 1319/1056/1065 470/937/946
f 1226/2371/3489 386/892/901 1271/942/951
f 412/941/950 1226/2371/3489 1271/942/951
f 395/2345/3463 1234/962/971 1278/961/970
f 388/1037/1046 1320/989/998 1272/944/953
f 412/941/950 1272/944/953 1320/989/998
f 391/955/964 1231/954/963 1230/950/959
f 1233/956/965 1277/959/968 394/960/969
f 1321/1038/1047 397/966/975 414/963/972
f 464/252/252 1279/2343/3461 396/1039/1048
f 464/252/252 395/2345/3463 1279/2343/3461
f 415/2372/3490 1282/2351/3469 1235/968/977
f 1280/2347/3465 1321/1038/1047 396/1039/1048
f 398/2353/3471 415/2372/3490 1281/964/973
f 1162/965/974 1281/964/973 415/2372/3490
f 1351/896/905 1235/968/977 1282/2351/3469
f 1352/1068/1077 1155/969/978 1345/991/1000
f 1238/993/1002 400/900/909 465/975/984
f 1156/2358/3476 1236/971/980 1283/970/979
f 1284/973/982 1236/971/980 1156/2358/3476
f 1237/974/983 1284/973/982 1239/1042/1051
f 1260/905/914 416/2373/3491 1253/999/1008
f 1237/974/983 1239/1042/1051 1238/993/1002
f 1253/999/1008 1244/1043/1052 1260/905/914
f 416/2373/3491 1288/980/989 1240/979/988
f 418/982/991 1290/986/995 1167/1059/1068
f 403/984/993 1241/983/992 1289/2366/3484
f 417/981/990 402/978/987 1241/983/992
f 1289/2366/3484 1241/983/992 402/978/987
f 419/985/994 1167/1059/1068 1290/986/995
f 1153/907/916 420/1061/1070 1168/1060/1069
f 406/914/923 1242/1062/1071 1291/912/921
f 419/985/994 1153/907/916 1168/1060/1069
f 1236/971/980 1164/994/1003 1163/992/1001
f 420/1061/1070 405/906/915 1242/1062/1071
f 1291/912/921 1242/1062/1071 405/906/915
f 1160/1036/1045 1224/935/944 1161/1055/1064
f 1319/1056/1065 1161/1055/1064 1224/935/944
f 1315/254/254 413/253/253 1321/1038/1047
f 1163/992/1001 1346/990/999 1155/969/978
f 1232/953/962 1330/239/239 1231/954/963
f 1246/294/294 1165/995/1004 1250/977/986
f 456/296/296 1165/995/1004 1246/294/294
f 456/296/296 455/301/301 1165/995/1004
f 455/301/301 1245/291/291 1165/995/1004
f 1248/306/306 1243/2126/3239 1165/995/1004
f 1166/998/1007 1165/995/1004 1243/2126/3239
f 1324/996/1005 1165/995/1004 1166/998/1007
f 1233/956/965 1310/245/245 1232/953/962
f 1234/962/971 1311/310/310 1233/956/965
f 1208/1016/1025 447/246/246 1315/254/254
f 464/252/252 1331/2123/3236 1234/962/971
f 1312/2122/3235 1234/962/971 1331/2123/3236
f 1193/801/810 1294/1004/1013 1194/1003/1012
f 1295/1002/1011 1195/2374/3492 1194/1003/1012
f 313/430/430 1193/801/810 1194/1003/1012
f 1195/2374/3492 421/1054/1063 1196/1053/1062
f 441/429/429 1194/1003/1012 1195/2374/3492
f 1196/1053/1062 441/429/429 1195/2374/3492
f 1353/2375/3493 1198/1010/1019 422/1011/1020
f 1297/1052/1061 1257/261/261 1196/1053/1062
f 1333/1007/1016 1197/1006/1015 442/227/227
f 472/1005/1014 1299/1008/1017 1197/1006/1015
f 443/228/228 442/227/227 1197/1006/1015
f 1197/1006/1015 1198/1010/1019 443/228/228
f 1199/1012/1021 423/1015/1024 1200/1014/1023
f 444/229/229 443/228/228 1199/1012/1021
f 1353/2375/3493 1355/1046/1055 1199/1012/1021
f 444/229/229 1199/1012/1021 1200/1014/1023
f 1354/1020/1029 1209/1017/1026 1303/1047/1056
f 444/229/229 1200/1014/1023 1201/231/231
f 1301/1013/1022 1201/231/231 1200/1014/1023
f 1209/1017/1026 1208/1016/1025 1302/1048/1057
f 1315/254/254 1302/1048/1057 1208/1016/1025
f 1302/1048/1057 1303/1047/1056 1209/1017/1026
f 1304/1019/1028 1211/2376/3494 1210/1018/1027
f 448/226/226 1210/1018/1027 1211/2376/3494
f 1212/1022/1031 473/1026/1035 1213/1025/1034
f 1322/1023/1032 1212/1022/1031 1211/2376/3494
f 448/226/226 1211/2376/3494 1212/1022/1031
f 1258/1027/1036 1327/1024/1033 1324/996/1005
f 449/224/224 1212/1022/1031 1213/1025/1034
f 1215/2377/3495 1306/1049/1058 1307/1050/1059
f 1258/1027/1036 1214/1028/1037 1181/257/257
f 1316/997/1006 1306/1049/1058 1214/1028/1037
f 450/212/212 1181/257/257 1215/2377/3495
f 1214/1028/1037 1215/2377/3495 1181/257/257
f 1215/2377/3495 1308/1058/1067 1216/1032/1041
f 1215/2377/3495 1216/1032/1041 450/212/212
f 401/2363/3481 1252/2378/3496 376/2364/3482
f 161/213/213 450/212/212 1216/1032/1041
f 1308/1058/1067 1309/1031/1040 1216/1032/1041
f 1216/1032/1041 1217/1029/1038 161/213/213
f 1267/1067/1076 1251/931/940 457/298/298
f 1221/930/939 1338/880/889 1247/304/304
f 1228/251/251 1227/250/250 1273/945/954
f 388/1037/1046 1273/945/954 1227/250/250
f 1229/947/956 1228/251/251 1274/948/957
f 1233/956/965 1232/953/962 1276/957/966
f 394/960/969 1234/962/971 1233/956/965
f 396/1039/1048 413/253/253 464/252/252
f 1166/998/1007 1243/2126/3239 1244/1043/1052
f 451/302/302 1244/1043/1052 1243/2126/3239
f 451/302/302 1286/288/288 1244/1043/1052
f 1248/306/306 1245/291/291 453/289/289
f 452/1044/1053 1248/306/306 453/289/289
f 1218/299/299 1246/294/294 1292/976/985
f 1250/977/986 1292/976/985 1246/294/294
f 455/301/301 454/308/308 1286/288/288
f 456/296/296 454/308/308 455/301/301
f 1335/295/295 457/298/298 1251/931/940
f 1336/292/292 458/290/290 460/297/297
f 1340/300/300 460/297/297 458/290/290
f 1247/304/304 463/303/303 1221/930/939
f 1339/287/287 461/293/293 459/307/307
f 462/305/305 459/307/307 461/293/293
f 471/881/890 1249/883/892 355/2324/3442
f 471/881/890 1251/931/940 1267/1067/1076
f 353/1066/1075 1338/880/889 1125/879/888
f 1297/1052/1061 1332/260/260 1257/261/261
f 466/902/911 1252/2378/3496 1260/905/914
f 410/926/935 1266/878/887 1259/929/938
f 1221/930/939 1158/988/997 1259/929/938
f 1297/1052/1061 1259/929/938 1158/988/997
f 1154/925/934 421/1054/1063 1296/1045/1054
f 452/1044/1053 453/289/289 1286/288/288
f 454/308/308 1218/299/299 1286/288/288
f 1292/976/985 1286/288/288 1218/299/299
f 1149/904/913 1286/288/288 1292/976/985
f 1260/905/914 1244/1043/1052 1287/903/912
f 355/2324/3442 1268/934/943 471/881/890
f 375/2362/3480 1292/976/985 1285/901/910
f 422/1011/1020 1300/1009/1018 1161/1055/1064
f 1314/282/282 1301/1013/1022 1320/989/998
f 1354/1020/1029 1303/1047/1056 1235/968/977
f 1240/979/988 1306/1049/1058 1316/997/1006
f 133/1030/1039 1217/1029/1038 1242/1062/1071
f 1242/1062/1071 1217/1029/1038 1309/1031/1040
f 1294/1004/1013 1293/1001/1010 1157/1033/1042
f 279/803/812 1157/1033/1042 1293/1001/1010
f 1295/1002/1011 407/920/929 1318/922/931
f 1319/1056/1065 1353/2375/3493 422/1011/1020
f 1296/1045/1054 408/1051/1060 1154/925/934
f 410/926/935 1196/1053/1062 1220/2370/3488
f 409/924/933 1220/2370/3488 1196/1053/1062
f 472/1005/1014 1298/1041/1050 1326/1034/1043
f 472/1005/1014 1159/1035/1044 1299/1008/1017
f 1308/1058/1067 418/982/991 1167/1059/1068
f 1353/2375/3493 1348/938/947 1355/1046/1055
f 412/941/950 1301/1013/1022 1226/2371/3489
f 411/1057/1066 1226/2371/3489 1301/1013/1022
f 1302/1048/1057 1321/1038/1047 414/963/972
f 1303/1047/1056 1162/965/974 415/2372/3490
f 1303/1047/1056 415/2372/3490 1235/968/977
f 1304/1019/1028 1354/1020/1029 1346/990/999
f 1304/1019/1028 1346/990/999 1322/1023/1032
f 1164/994/1003 1305/1021/1030 1163/992/1001
f 1323/1040/1049 473/1026/1035 1238/993/1002
f 1316/997/1006 1324/996/1005 1166/998/1007
f 1316/997/1006 416/2373/3491 1240/979/988
f 418/982/991 1307/1050/1059 1241/983/992
f 1241/983/992 1307/1050/1059 417/981/990
f 1309/1031/1040 419/985/994 1168/1060/1069
f 1347/936/945 1349/967/976 1348/938/947
f 1309/1031/1040 420/1061/1070 1242/1062/1071
f 1159/1035/1044 472/1005/1014 1326/1034/1043
f 1316/997/1006 1253/999/1008 416/2373/3491
f 1182/262/262 1332/260/260 1333/1007/1016
f 1298/1041/1050 1335/295/295 1326/1034/1043
f 1335/295/295 1334/1064/1073 1337/1065/1074
f 1298/1041/1050 1334/1064/1073 1335/295/295
f 1326/1034/1043 1335/295/295 1251/931/940
f 460/297/297 1335/295/295 1337/1065/1074
f 461/293/293 1336/292/292 1337/1065/1074
f 463/303/303 462/305/305 1158/988/997
f 1337/1065/1074 1158/988/997 462/305/305
f 354/882/891 1267/1067/1076 1338/880/889
f 459/307/307 1247/304/304 1339/287/287
f 1338/880/889 1339/287/287 1247/304/304
f 458/290/290 1339/287/287 1340/300/300
f 1353/2375/3493 1347/936/945 1348/938/947
f 1354/1020/1029 1349/967/976 1346/990/999
f 1350/888/897 1341/891/900 1344/940/949
f 234/2379/3497 1489/2380/3498 1356/2381/3499
f 1352/1068/1077 1345/991/1000 1350/888/897
f 1356/2381/3499 1451/1117/1126 1357/2382/3500
f 506/1116/1125 1357/2382/3500 1451/1117/1126
f 1358/2383/3501 506/1116/1125 1490/1119/1128
f 507/2384/3502 1358/2383/3501 1490/1119/1128
f 476/2385/3503 1491/1120/1129 1359/2386/3504
f 1359/2386/3504 508/1122/1131 477/2387/3505
f 508/1122/1131 1360/2388/3506 477/2387/3505
f 1360/2388/3506 509/1126/1135 478/2389/3507
f 509/1126/1135 1361/2390/3508 478/2389/3507
f 511/1128/1137 1362/2391/3509 480/1223/1232
f 1483/2392/3510 1361/2390/3508 1493/1232/1241
f 479/1070/1079 1483/2392/3510 510/1231/1240
f 481/2393/3511 1496/2394/3512 1363/2395/3513
f 1495/1131/1140 481/2393/3511 1362/2391/3509
f 1496/2394/3512 482/2396/3514 1363/2395/3513
f 1497/2397/3515 1364/1074/1083 482/2396/3514
f 512/1073/1082 1565/1233/1242 483/1076/1085
f 1365/1078/1087 513/2398/3516 484/2399/3517
f 1564/1079/1088 1565/1233/1242 1574/1077/1086
f 1574/1077/1086 1499/2400/3518 1365/1078/1087
f 484/2399/3517 1500/1135/1144 1366/2401/3519
f 1366/2401/3519 514/1137/1146 485/2402/3520
f 485/2402/3520 1501/1140/1149 1367/2403/3521
f 1367/2403/3521 515/1139/1148 486/2404/3522
f 486/2404/3522 1502/2405/3523 1368/2406/3524
f 1368/2406/3524 516/2407/3525 487/2408/3526
f 487/2408/3526 1503/2409/3527 1369/2410/3528
f 1369/2410/3528 517/2411/3529 488/2412/3530
f 488/2412/3530 1504/1143/1152 1370/2413/3531
f 518/1142/1151 1370/2413/3531 1504/1143/1152
f 1371/1081/1090 518/1142/1151 1505/2414/3532
f 1372/2415/3533 520/1145/1154 491/2416/3534
f 519/1082/1091 1371/1081/1090 1505/2414/3532
f 490/1080/1089 519/1082/1091 1372/2415/3533
f 1506/1146/1155 1372/2415/3533 519/1082/1091
f 491/2416/3534 1388/1148/1157 1373/2417/3535
f 521/1083/1092 1373/2417/3535 1388/1148/1157
f 1374/2418/3536 522/1087/1096 1508/1150/1159
f 492/1085/1094 1507/1084/1093 1652/2419/3537
f 493/1086/1095 1652/2419/3537 1507/1084/1093
f 1508/1150/1159 494/2420/3538 1374/2418/3536
f 494/2420/3538 1509/2421/3539 1375/2422/3540
f 1509/2421/3539 495/2423/3541 1375/2422/3540
f 1376/2424/3542 524/1153/1162 1510/1152/1161
f 1510/1152/1161 496/1090/1099 1376/2424/3542
f 1566/1093/1102 526/1094/1103 497/1096/1105
f 496/1090/1099 1377/1089/1098 1653/2425/3543
f 1568/1252/1261 1567/1091/1100 1377/1089/1098
f 1653/2425/3543 1377/1089/1098 1567/1091/1100
f 1381/1111/1120 502/1115/1124 1655/2426/3544
f 497/1096/1105 1511/1095/1104 1654/2427/3545
f 498/1097/1106 1654/2427/3545 1511/1095/1104
f 1512/1100/1109 498/1097/1106 1465/1098/1107
f 527/1104/1113 1378/1102/1111 1513/1101/1110
f 1514/1106/1115 1379/1103/1112 527/1104/1113
f 500/1105/1114 1521/1235/1244 1380/1109/1118
f 501/1112/1121 1381/1111/1120 1655/2426/3544
f 1517/2428/3546 503/2429/3547 1382/1114/1123
f 529/1113/1122 1517/2428/3546 1382/1114/1123
f 503/2429/3547 1518/1164/1173 1383/2430/3548
f 1383/2430/3548 531/2431/3549 504/2432/3550
f 504/2432/3550 1519/2433/3551 1384/2434/3552
f 532/1167/1176 1384/2434/3552 1519/2433/3551
f 1385/2435/3553 532/1167/1176 1520/2436/3554
f 1520/2436/3554 92/2223/3341 1385/2435/3553
f 1546/2437/3555 262/2298/3416 533/860/869
f 1489/2380/3498 1546/2437/3555 1451/1117/1126
f 535/1246/1255 1490/1119/1128 1391/1244/1253
f 1390/2438/3556 1451/1117/1126 1546/2437/3555
f 534/1118/1127 1451/1117/1126 1390/2438/3556
f 534/1118/1127 1391/1244/1253 1490/1119/1128
f 1491/1120/1129 535/1246/1255 1452/1123/1132
f 1454/1134/1143 1496/2394/3512 601/1130/1139
f 508/1122/1131 536/1121/1130 1492/1124/1133
f 1547/1127/1136 1492/1124/1133 536/1121/1130
f 1392/1230/1239 1453/1220/1229 510/1231/1240
f 511/1128/1137 1554/1129/1138 1495/1131/1140
f 1548/1132/1141 1495/1131/1140 1554/1129/1138
f 601/1130/1139 1496/2394/3512 1495/1131/1140
f 1573/1234/1243 1386/1133/1142 1569/1236/1245
f 1454/1134/1143 1498/1075/1084 1497/2397/3515
f 539/1238/1247 1499/2400/3518 1387/1237/1246
f 1499/2400/3518 1570/1247/1256 1387/1237/1246
f 516/2407/3525 1455/2439/3557 1503/2409/3527
f 513/2398/3516 539/1238/1247 1500/1135/1144
f 1396/1138/1147 1500/1135/1144 539/1238/1247
f 514/1137/1146 540/1136/1145 1501/1140/1149
f 1549/1141/1150 1501/1140/1149 540/1136/1145
f 602/353/353 1502/2405/3523 515/1139/1148
f 602/353/353 516/2407/3525 1502/2405/3523
f 1455/2439/3557 1504/1143/1152 517/2411/3529
f 1455/2439/3557 517/2411/3529 1503/2409/3527
f 1457/2440/3558 519/1082/1091 1505/2414/3532
f 518/1142/1151 1457/2440/3558 1505/2414/3532
f 543/1151/1160 1509/2421/3539 1550/1171/1180
f 519/1082/1091 1458/1147/1156 1506/1146/1155
f 603/1149/1158 1459/357/357 1507/1084/1093
f 1461/2441/3559 525/1088/1097 1510/1152/1161
f 523/1211/1220 1550/1171/1180 1509/2421/3539
f 543/1151/1160 1461/2441/3559 1510/1152/1161
f 1571/1239/1248 1377/1089/1098 1462/1155/1164
f 1511/1095/1104 1463/1213/1222 1464/1156/1165
f 525/1088/1097 1462/1155/1164 1377/1089/1098
f 1575/1092/1101 1463/1213/1222 526/1094/1103
f 1465/1098/1107 1511/1095/1104 1464/1156/1165
f 1398/1215/1224 527/1104/1113 1513/1101/1110
f 1513/1101/1110 1512/1100/1109 1466/1249/1258
f 1464/1156/1165 1466/1249/1258 1512/1100/1109
f 1466/1249/1258 1398/1215/1224 1513/1101/1110
f 1555/1157/1166 528/1110/1119 1488/1158/1167
f 605/1214/1223 1482/1217/1226 1473/1227/1236
f 546/1160/1169 1381/1111/1120 1553/2442/3560
f 545/1159/1168 1553/2442/3560 1381/1111/1120
f 548/1250/1259 1518/1164/1173 1467/1163/1172
f 1517/2428/3546 1389/1161/1170 530/1162/1171
f 529/1113/1122 1389/1161/1170 1517/2428/3546
f 1519/2433/3551 548/1250/1259 1468/1241/1250
f 1519/2433/3551 1468/1241/1250 532/1167/1176
f 1469/1166/1175 119/2443/3561 1520/2436/3554
f 549/1165/1174 532/1167/1176 1468/1241/1250
f 1455/2439/3557 1556/2127/3240 611/2129/3242
f 532/1167/1176 1469/1166/1175 1520/2436/3554
f 1454/1134/1143 1395/1169/1178 1386/1133/1142
f 1541/358/358 541/354/354 1549/1141/1150
f 1463/1213/1222 1397/1248/1257 1464/1156/1165
f 1466/1249/1258 1464/1156/1165 1397/1248/1257
f 1482/1217/1226 1399/1172/1181 1474/2132/3245
f 1482/1217/1226 1552/1203/1212 1399/1172/1181
f 1400/1228/1237 1399/1172/1181 1552/1203/1212
f 1470/2131/3244 1399/1172/1181 1400/1228/1237
f 596/408/408 1399/1172/1181 1470/2131/3244
f 596/408/408 1472/403/403 1399/1172/1181
f 1472/403/403 1450/405/405 1399/1172/1181
f 1474/2132/3245 1399/1172/1181 1481/396/396
f 1552/1203/1212 1555/1157/1166 1400/1228/1237
f 1457/2440/3558 1557/344/344 1458/1147/1156
f 1455/2439/3557 611/2129/3242 1456/1144/1153
f 1557/344/344 1456/1144/1153 611/2129/3242
f 1424/2444/3562 1522/2445/3563 550/859/868
f 1557/344/344 562/412/412 1458/1147/1156
f 542/1173/1182 563/413/413 1558/2446/3564
f 603/1149/1158 542/1173/1182 1558/2446/3564
f 1558/2446/3564 1540/2130/3243 603/1149/1158
f 614/356/356 603/1149/1158 1540/2130/3243
f 1424/2444/3562 551/1245/1254 1524/1243/1252
f 1424/2444/3562 550/859/868 581/111/111
f 1524/1243/1252 1523/2447/3565 1424/2444/3562
f 581/111/111 582/359/359 1424/2444/3562
f 1429/1180/1189 613/1226/1235 1428/1224/1233
f 1425/1175/1184 1424/2444/3562 582/359/359
f 582/359/359 1411/361/361 1425/1175/1184
f 1426/1176/1185 1425/1175/1184 1411/361/361
f 1486/1178/1187 1426/1176/1185 1411/361/361
f 1576/1182/1191 1430/2448/3566 1431/1183/1192
f 584/329/329 1429/1180/1189 1428/1224/1233
f 1527/1181/1190 1429/1180/1189 1430/2448/3566
f 584/329/329 1430/2448/3566 1429/1180/1189
f 1430/2448/3566 585/330/330 1431/1183/1192
f 1528/1187/1196 1431/1183/1192 1432/1185/1194
f 1441/1192/1201 559/1191/1200 1440/1190/1199
f 1541/358/358 554/1186/1195 1433/1188/1197
f 1432/1185/1194 1433/1188/1197 554/1186/1195
f 1529/1189/1198 1439/333/333 1440/1190/1199
f 588/331/331 1440/1190/1199 1439/333/333
f 560/1193/1202 1442/1195/1204 561/1197/1206
f 588/331/331 1441/1192/1201 1440/1190/1199
f 588/331/331 589/328/328 1441/1192/1201
f 1443/1198/1207 1532/1202/1211 1531/1199/1208
f 1443/1198/1207 1442/1195/1204 589/328/328
f 589/328/328 590/327/327 1443/1198/1207
f 1545/1242/1251 1487/410/410 1445/411/411
f 1444/1200/1209 1443/1198/1207 590/327/327
f 1552/1203/1212 1444/1200/1209 1487/410/410
f 1533/2449/3567 1445/411/411 1446/1204/1213
f 1447/2450/3568 1533/2449/3567 1446/1204/1213
f 1535/1205/1214 1447/2450/3568 1448/1206/1215
f 591/315/315 1447/2450/3568 1446/1204/1213
f 1449/644/653 1536/1207/1216 1448/1206/1215
f 591/315/315 1448/1206/1215 1447/2450/3568
f 606/1108/1117 1488/1158/1167 1484/2451/3569
f 143/6/6 1449/644/653 1448/1206/1215
f 1400/1228/1237 1516/1107/1116 1471/393/393
f 1392/1230/1239 1393/1229/1238 1453/1220/1229
f 1394/1168/1177 601/1130/1139 1548/1132/1141
f 515/1139/1148 541/354/354 602/353/353
f 603/1149/1158 1388/1148/1157 542/1173/1182
f 523/1211/1220 1508/1150/1159 1460/355/355
f 1459/357/357 1460/355/355 1508/1150/1159
f 530/1162/1171 547/1218/1227 1467/1163/1172
f 1471/393/393 1470/2131/3244 1400/1228/1237
f 596/408/408 592/391/391 1472/403/403
f 595/398/398 594/400/400 1473/1227/1236
f 1473/1227/1236 1474/2132/3245 595/398/398
f 1473/1227/1236 1482/1217/1226 1474/2132/3245
f 594/400/400 1481/396/396 1515/407/407
f 600/1210/1219 1494/1071/1080 1475/395/395
f 600/1210/1219 1475/395/395 538/1209/1218
f 510/1231/1240 1453/1220/1229 1478/392/392
f 599/1221/1230 1453/1220/1229 1393/1229/1238
f 1480/409/409 1562/402/402 1479/394/394
f 480/1223/1232 604/1072/1081 610/1069/1078
f 605/1214/1223 1514/1106/1115 527/1104/1113
f 1551/1216/1225 1543/1201/1210 1482/1217/1226
f 1493/1232/1241 510/1231/1240 1483/2392/3510
f 528/1110/1119 1484/2451/3569 1488/1158/1167
f 1486/1178/1187 1544/1251/1260 1525/1177/1186
f 509/1126/1135 537/1125/1134 1493/1232/1241
f 1392/1230/1239 1493/1232/1241 537/1125/1134
f 1427/369/369 1486/1178/1187 1411/361/361
f 1522/2445/3563 533/860/869 550/859/868
f 1516/1107/1116 1380/1109/1118 1515/407/407
f 1521/1235/1244 1515/407/407 1380/1109/1118
f 594/400/400 1515/407/407 1521/1235/1244
f 592/391/391 1471/393/393 1515/407/407
f 1516/1107/1116 1515/407/407 1471/393/393
f 1514/1106/1115 1521/1235/1244 500/1105/1114
f 1514/1106/1115 1473/1227/1236 1521/1235/1244
f 1546/2437/3555 1522/2445/3563 1523/2447/3565
f 1523/2447/3565 534/1118/1127 1390/2438/3556
f 1452/1123/1132 1425/1175/1184 552/1174/1183
f 551/1245/1254 1425/1175/1184 1452/1123/1132
f 1547/1127/1136 1426/1176/1185 1525/1177/1186
f 1569/1236/1245 1576/1182/1191 553/1184/1193
f 553/1184/1193 1528/1187/1196 1387/1237/1246
f 539/1238/1247 1528/1187/1196 554/1186/1195
f 1542/1170/1179 1529/1189/1198 1550/1171/1180
f 1571/1239/1248 1577/1194/1203 560/1193/1202
f 561/1197/1206 1530/1196/1205 1397/1248/1257
f 1523/2447/3565 1390/2438/3556 1546/2437/3555
f 551/1245/1254 1391/1244/1253 1524/1243/1252
f 554/1186/1195 1549/1141/1150 540/1136/1145
f 552/1174/1183 536/1121/1130 1452/1123/1132
f 1525/1177/1186 537/1125/1134 1547/1127/1136
f 1525/1177/1186 1392/1230/1239 537/1125/1134
f 613/1226/1235 538/1209/1218 1559/1225/1234
f 1554/1129/1138 613/1226/1235 1548/1132/1141
f 1527/1181/1190 1386/1133/1142 1395/1169/1178
f 554/1186/1195 1396/1138/1147 539/1238/1247
f 554/1186/1195 540/1136/1145 1396/1138/1147
f 1532/1202/1211 1398/1215/1224 1531/1199/1208
f 544/1154/1163 1461/2441/3559 1529/1189/1198
f 543/1151/1160 1529/1189/1198 1461/2441/3559
f 560/1193/1202 561/1197/1206 1463/1213/1222
f 1466/1249/1258 1397/1248/1257 1530/1196/1205
f 1553/2442/3560 1545/1242/1251 1533/2449/3567
f 546/1160/1169 1534/1240/1249 1389/1161/1170
f 546/1160/1169 1553/2442/3560 1533/2449/3567
f 1478/392/392 1562/402/402 510/1231/1240
f 1534/1240/1249 547/1218/1227 1389/1161/1170
f 1535/1205/1214 548/1250/1259 1467/1163/1172
f 1536/1207/1216 1537/1208/1217 1469/1166/1175
f 172/646/655 1469/1166/1175 1537/1208/1217
f 1525/1177/1186 1544/1251/1260 1393/1229/1238
f 1559/1225/1234 1544/1251/1260 1427/369/369
f 583/368/368 1428/1224/1233 1427/369/369
f 1559/1225/1234 538/1209/1218 1475/395/395
f 1559/1225/1234 1475/395/395 1560/397/397
f 1559/1225/1234 1560/397/397 1561/1222/1231
f 1476/406/406 1561/1222/1231 1560/397/397
f 1559/1225/1234 1561/1222/1231 1393/1229/1238
f 1480/409/409 1393/1229/1238 1561/1222/1231
f 510/1231/1240 1494/1071/1080 479/1070/1079
f 598/1219/1228 597/401/401 1494/1071/1080
f 510/1231/1240 1562/402/402 598/1219/1228
f 1572/1212/1221 1570/1247/1256 1571/1239/1248
f 553/1184/1193 1570/1247/1256 1569/1236/1245
f 560/1193/1202 1572/1212/1221 1571/1239/1248
f 1575/1092/1101 1567/1091/1100 1568/1252/1261
f 1573/1234/1243 1575/1092/1101 1574/1077/1086
f 1569/1236/1245 1572/1212/1221 1573/1234/1243
f 1699/2081/3590 1694/2082/3591 1700/2083/3592
f 1700/2083/3592 1702/1256/3593 1689/1257/3594
f 1684/2084/3595 1699/2081/3590 1683/2085/3596
f 1681/1255/3597 1702/1256/3593 1682/1253/3598
f 1733/2081/3599 1728/2082/3600 1734/2083/3601
f 1734/2083/3601 1736/1256/3602 1723/1257/3603
f 1718/2084/3604 1733/2081/3599 1717/2085/3605
f 1715/1255/3606 1736/1256/3602 1716/1253/3607
f 1698/2086/3572 1699/2087/3590 1700/2088/3592
f 1685/2089/3574 1700/2088/3592 1689/2090/3594
f 1697/2092/3571 1683/1253/3596 1699/2087/3590
f 1732/2086/3582 1733/2087/3599 1734/2088/3601
f 1719/2089/3584 1734/2088/3601 1723/2090/3603
f 1731/2092/3581 1717/1253/3605 1733/2087/3599
f 1695/2092/3570 1693/2088/3608 1696/2086/3576
f 1711/2094/3609 1713/2093/3610 1714/2100/3611
f 1694/2087/3591 1701/2096/3573 1702/2097/3593
f 1702/2097/3593 1686/2091/3579 1682/1253/3598
f 1684/2090/3595 1712/2095/3612 1711/2094/3609
f 1705/2452/3613 1684/2090/3595 1688/2089/3577
f 1713/2093/3610 1696/2086/3576 1714/2100/3611
f 1703/2453/3614 1696/2086/3576 1693/2088/3608
f 1713/2093/3610 1708/2454/3615 1709/2455/3616
f 1711/2094/3609 1710/2456/3617 1707/2457/3618
f 1729/2092/3580 1727/2088/3619 1730/2086/3586
f 1737/2094/3620 1739/2093/3621 1740/2100/3622
f 1728/2087/3600 1735/2096/3583 1736/2097/3602
f 1736/2097/3602 1720/2091/3589 1716/1253/3607
f 1718/2090/3604 1738/2095/3623 1737/2094/3620
f 1706/2458/3624 1718/2090/3604 1722/2089/3587
f 1739/2093/3621 1730/2086/3586 1740/2100/3622
f 1704/2459/3625 1730/2086/3586 1727/2088/3619
f 1738/2095/3623 1710/2456/3617 1739/2093/3621
f 1737/2094/3620 1709/2455/3616 1708/2454/3615
f 1691/2091/3578 1682/1255/3598 1686/2107/3579
f 1691/2108/3578 1689/2108/3594 1681/1255/3597
f 1725/2091/3588 1716/1255/3607 1720/2107/3589
f 1725/2108/3588 1723/2108/3603 1715/1255/3606
f 1688/2091/3577 1690/1255/3626 1687/2107/3627
f 1687/2084/3627 1683/2078/3596 1692/2108/3575
f 1718/1253/3604 1721/2107/3628 1722/2091/3587
f 1724/2108/3629 1726/2108/3585 1721/2084/3628
f 1754/2082/3642 1759/2081/3643 1760/2083/3644
f 1762/1256/1269 1760/2083/3644 1749/1257/1270
f 1753/2461/3645 1750/2462/3646 1743/2085/3647
f 1788/2082/3648 1793/2081/3649 1794/2083/3650
f 1796/1256/1272 1794/2083/3650 1783/1257/1273
f 1787/2461/3651 1784/2462/3652 1777/2085/3653
f 1758/2086/3633 1759/2087/3643 1757/2092/3631
f 1745/2089/3654 1760/2088/3644 1758/2086/3633
f 1757/2092/3631 1743/1253/3647 1752/2091/3655
f 1792/2086/3639 1793/2087/3649 1791/2092/3637
f 1779/2089/3656 1794/2088/3650 1792/2086/3639
f 1791/2092/3637 1777/1253/3653 1786/2091/3657
f 1753/2088/3645 1755/2092/3630 1756/2086/3632
f 1771/2094/3658 1773/2093/3659 1772/2095/3660
f 1761/2096/1263 1754/2087/3642 1762/2097/1269
f 1746/2091/1264 1762/2097/1269 1742/1253/3661
f 1748/2089/3635 1764/2463/3662 1765/2464/3663
f 1744/2090/3664 1771/2094/3658 1772/2095/3660
f 1756/2086/3632 1773/2093/3659 1774/2100/3665
f 1753/2088/3645 1766/2465/3666 1763/2466/3667
f 1768/2467/3668 1773/2093/3659 1769/2468/3669
f 1770/2469/3670 1771/2094/3658 1767/2470/3671
f 1787/2088/3651 1789/2092/3636 1790/2086/3638
f 1797/2094/3672 1799/2093/3673 1798/2095/3674
f 1795/2096/1266 1788/2087/3648 1796/2097/1272
f 1780/2091/1267 1796/2097/1272 1776/1253/3675
f 1782/2089/3641 1763/2466/3667 1766/2465/3666
f 1778/2090/3676 1797/2094/3672 1798/2095/3674
f 1790/2086/3638 1799/2093/3673 1800/2100/3677
f 1787/2088/3651 1765/2464/3663 1764/2463/3662
f 1767/2470/3671 1799/2093/3673 1770/2469/3670
f 1769/2468/3669 1797/2094/3672 1768/2467/3668
f 1742/1255/3661 1751/2091/1262 1746/2107/1264
f 1751/2108/1262 1749/2108/1270 1745/1253/3654
f 1776/1255/3675 1785/2091/1265 1780/2107/1267
f 1785/2108/1265 1783/2108/1273 1779/1253/3656
f 1744/1253/3664 1747/2107/3634 1750/1255/3646
f 1750/2108/3646 1752/2108/3655 1743/2078/3647
f 1778/1253/3676 1781/2107/3640 1784/1255/3652
f 1784/2108/3652 1786/2108/3657 1777/2078/3653
f 1814/2082/3690 1819/2081/3691 1820/2083/3692
f 1822/1256/1281 1820/2083/3692 1809/1257/1282
f 1813/2461/3693 1810/2462/3694 1803/2085/3695
f 1848/2082/3696 1853/2081/3697 1854/2083/3698
f 1856/1256/1284 1854/2083/3698 1843/1257/1285
f 1847/2461/3699 1844/2462/3700 1837/2085/3701
f 1818/2086/3681 1819/2087/3691 1817/2092/3679
f 1805/2089/3702 1820/2088/3692 1818/2086/3681
f 1817/2092/3679 1803/1253/3695 1812/2091/3703
f 1852/2086/3687 1853/2087/3697 1851/2092/3685
f 1839/2089/3704 1854/2088/3698 1852/2086/3687
f 1851/2092/3685 1837/1253/3701 1846/2091/3705
f 1813/2088/3693 1815/2092/3678 1816/2086/3680
f 1831/2094/3706 1833/2093/3707 1832/2095/3708
f 1821/2096/1275 1814/2087/3690 1822/2097/1281
f 1806/2091/1276 1822/2097/1281 1802/1253/3709
f 1808/2089/3683 1824/2471/3710 1825/2472/3711
f 1804/2090/3712 1831/2094/3706 1832/2095/3708
f 1816/2086/3680 1833/2093/3707 1834/2100/3713
f 1823/2473/3714 1816/2086/3680 1826/2474/3715
f 1828/2475/3716 1833/2093/3707 1829/2476/3717
f 1830/2477/3718 1831/2094/3706 1827/2478/3719
f 1847/2088/3699 1849/2092/3684 1850/2086/3686
f 1857/2094/3720 1859/2093/3721 1858/2095/3722
f 1855/2096/1278 1848/2087/3696 1856/2097/1284
f 1840/2091/1279 1856/2097/1284 1836/1253/3723
f 1826/2474/3715 1838/2090/3724 1823/2473/3714
f 1838/2090/3724 1857/2094/3720 1858/2095/3722
f 1850/2086/3686 1859/2093/3721 1860/2100/3725
f 1847/2088/3699 1825/2472/3711 1824/2471/3710
f 1858/2095/3722 1830/2477/3718 1827/2478/3719
f 1829/2476/3717 1857/2094/3720 1828/2475/3716
f 1802/1255/3709 1811/2091/1274 1806/2107/1276
f 1811/2108/1274 1809/2108/1282 1805/1253/3702
f 1836/1255/3723 1845/2091/1277 1840/2107/1279
f 1845/2108/1277 1843/2108/1285 1839/1253/3704
f 1810/1255/3694 1808/2091/3683 1807/2107/3682
f 1810/2108/3694 1812/2108/3703 1803/2078/3695
f 1841/2107/3688 1838/1253/3724 1842/2091/3689
f 1844/2108/3700 1846/2108/3705 1837/2078/3701
f 1950/1317/1345 2006/1299/1327 2007/1315/1343
f 1954/1277/1349 2010/2491/3732 2011/1319/1347
f 1951/1318/1346 2008/1304/1332 1952/1303/1331
f 2009/1302/1330 2010/2491/3732 1953/1305/1333
f 1957/2492/3733 2012/2493/3734 2013/2494/3735
f 1955/1323/1352 2012/2493/3734 1956/1321/1350
f 2013/2494/3735 1958/1526/3736 1957/2492/3733
f 1959/1557/3737 2014/2495/3738 1960/1402/1417
f 1973/1320/1348 1955/1323/1352 1987/1331/1360
f 2015/1306/1334 1964/1311/1339 1963/1307/1335
f 2015/1306/1334 2016/1309/1337 1964/1311/1339
f 2017/1314/1342 1968/1313/1341 1967/1327/1356
f 1951/1318/1346 1952/1303/1331 1971/1735/3739
f 1976/1332/1361 1961/1325/1354 1977/1324/1353
f 1955/1323/1352 1974/1322/1351 1987/1331/1360
f 1959/1557/3737 1960/1402/1417 1976/1332/1361
f 1982/1329/1358 1969/1370/1392 1970/1316/1344
f 1982/1329/1358 1971/1735/3739 1983/2496/3740
f 1971/1735/3739 1984/1377/1398 1983/2496/3740
f 1985/1337/1366 1972/1380/1401 1973/1320/1348
f 1985/1337/1366 1987/1331/1360 1986/1335/1364
f 1989/1333/1362 1977/1324/1353 1990/2497/3741
f 1975/1330/1359 1988/1334/1363 1987/1331/1360
f 1975/1330/1359 1976/1332/1361 1988/1334/1363
f 1991/1390/1411 1977/1324/1353 1978/1384/1405
f 1978/1384/1405 1992/1388/1409 1991/1390/1411
f 1979/1326/1355 1993/1374/1395 1992/1388/1409
f 1980/1328/1357 1981/1373/1394 1993/1374/1395
f 2003/1345/1374 1993/1374/1395 2004/2498/1782
f 1982/1329/1358 1996/1338/1367 1995/1339/1368
f 1982/1329/1358 1983/2496/3740 1996/1338/1367
f 1989/1333/1362 1990/2497/3741 2000/1341/1370
f 1990/2497/3741 2001/1344/1373 2000/1341/1370
f 1930/2499/1422 1914/1348/1309 1931/1347/1375
f 1994/2500/1789 1995/1339/1368 1986/1335/1364
f 2000/1341/1370 2001/1344/1373 1986/1335/1364
f 2003/1345/1374 2004/2498/1782 1986/1335/1364
f 2004/2498/1782 1994/2500/1789 1986/1335/1364
f 1899/1349/1302 1933/2501/1412 1932/1350/1376
f 1915/1346/1308 1932/1350/1376 1931/1347/1375
f 1917/1351/1377 1935/2502/1413 1934/1352/1378
f 1916/1353/1379 1934/1352/1378 1933/2501/1412
f 1918/2503/3727 1936/2504/1414 1935/2505/1413
f 1904/1354/1304 1938/2506/1415 1937/1355/1380
f 1919/1356/1310 1937/1355/1380 1936/2504/1414
f 1938/2506/1415 1921/2507/3729 1939/2508/3742
f 1939/2508/3742 1922/2509/1313 1940/2510/1418
f 1922/2509/1313 1941/2511/1416 1940/2510/1418
f 1924/1357/1315 1943/2512/1419 1942/1358/1381
f 1923/1359/1306 1942/1358/1381 1941/2511/1416
f 1927/1363/1318 1946/2513/1420 1945/1364/1384
f 1925/1362/1314 1944/1361/1383 1943/2512/1419
f 1926/1360/1382 1945/1364/1384 1944/1361/1383
f 1928/2514/1317 1947/2515/1421 1946/2513/1420
f 1886/1266/1294 1950/1317/1345 1970/1316/1344
f 1929/1367/1387 1948/1366/1386 1947/2515/1421
f 1913/1365/1385 1930/2499/1422 1948/1366/1386
f 1912/1369/1389 1980/1328/1357 1968/1313/1341
f 1898/1279/1307 1949/1300/1328 1950/1317/1345
f 1897/1368/1388 1968/1313/1341 1949/1300/1328
f 1884/1262/1290 2004/2498/1782 1993/1374/1395
f 1885/1370/1390 1969/1370/1392 1980/1328/1357
f 1886/1266/1294 1970/1316/1344 1969/1370/1392
f 1874/1264/1292 1981/1373/1394 1982/1329/1358
f 1873/1372/1393 1993/1374/1395 1981/1373/1394
f 2004/2498/1782 1869/1292/1320 1994/2500/1789
f 1994/2500/1789 1862/1291/1319 1995/1339/1368
f 1862/1291/1319 1982/1329/1358 1995/1339/1368
f 1983/2496/3740 1863/1293/1321 1996/1338/1367
f 1876/1375/1396 1984/1377/1398 1985/1337/1366
f 1875/1376/1397 1983/2496/3740 1984/1377/1398
f 1863/1293/1321 1997/1340/1369 1996/1338/1367
f 1997/1340/1369 1864/1260/1288 1998/1336/1365
f 1998/1336/1365 1877/1259/1287 1985/1337/1366
f 1973/1320/1348 1903/1283/1311 1954/1277/1349
f 1954/1277/1349 1902/2484/3728 1953/1305/1333
f 1953/1305/1333 1901/1378/1399 1952/1303/1331
f 1900/1273/1301 1971/1735/3739 1952/1303/1331
f 1892/1382/1403 1959/1557/3737 1976/1332/1361
f 1887/1265/1293 1972/1380/1401 1971/1735/3739
f 1888/1379/1400 1973/1320/1348 1972/1380/1401
f 1958/1526/3736 1906/2487/3731 1957/2492/3733
f 1907/1284/1312 1958/1526/3736 1959/1557/3737
f 1957/2492/3733 1905/1275/1303 1956/1321/1350
f 1956/1321/1350 1890/1267/1295 1974/1322/1351
f 1908/1277/1305 1977/1324/1353 1963/1307/1335
f 1890/1267/1295 1975/1330/1359 1974/1322/1351
f 1891/1381/1402 1976/1332/1361 1975/1330/1359
f 1979/1326/1355 1911/1288/1316 1965/1310/1338
f 1893/1271/1299 1978/1384/1405 1977/1324/1353
f 1894/1383/1404 1979/1326/1355 1978/1384/1405
f 1965/1310/1338 1910/2489/1735 1964/1311/1339
f 1964/1311/1339 1909/1386/1407 1963/1307/1335
f 1987/1331/1360 1861/1258/1286 1986/1335/1364
f 2000/1341/1370 1880/1272/1300 1989/1333/1362
f 1861/1258/1286 1999/1342/1371 1986/1335/1364
f 1871/1296/1324 2000/1341/1370 1999/1342/1371
f 1989/1333/1362 1879/2479/3726 1988/1334/1363
f 1988/1334/1363 1878/1269/1297 1987/1331/1360
f 1990/2497/3741 1866/1297/1325 2001/1344/1373
f 1882/1387/1408 1991/1390/1411 1992/1388/1409
f 1881/1270/1298 1990/2497/3741 1991/1390/1411
f 2003/1345/1374 1883/1389/1410 1992/1388/1409
f 1866/1297/1325 2002/1343/1372 2001/1344/1373
f 1872/1298/1326 2003/1345/1374 2002/1343/1372
f 1930/2516/1422 2006/1299/1327 2005/1301/1329
f 1933/2517/1412 2008/1304/1332 1951/1318/1346
f 1931/2518/1375 2007/1315/1343 2006/1299/1327
f 1932/2519/1376 1951/1318/1346 2007/1315/1343
f 2010/2491/3732 1936/2520/1414 2011/1319/1347
f 1934/2521/1378 2009/1302/1330 2008/1304/1332
f 2010/2491/3732 2009/1302/1330 1935/2522/1413
f 2012/2493/3734 1939/1824/3742 2013/2494/3735
f 1955/1323/1352 2011/1319/1347 1937/2523/1380
f 2012/2493/3734 1955/1323/1352 1938/2524/1415
f 1939/2525/3742 2014/2495/3738 2013/2494/3735
f 1941/1826/1416 1961/1325/1354 1960/1402/1417
f 1940/2526/1418 1960/1402/1417 2014/2495/3738
f 1943/2527/1419 2015/1306/1334 1962/1308/1336
f 1942/2528/1381 1962/1308/1336 1961/1325/1354
f 1944/1633/1383 2016/1309/1337 2015/1306/1334
f 1945/1635/1384 1966/1312/1340 2016/1309/1337
f 1947/1829/1421 2017/1314/1342 1967/1327/1356
f 1946/2529/1420 1967/1327/1356 1966/1312/1340
f 2005/1301/1329 2017/1314/1342 1948/2530/1386
f 2055/1833/3743 2020/2534/3744 2038/1411/1424
f 2020/2534/3744 2056/1412/1425 2038/1411/1424
f 2057/2535/3745 2023/2536/3746 2041/1638/3747
f 2023/2536/3746 2058/1640/3748 2041/1638/3747
f 2059/1837/3749 2026/2537/3750 2044/2538/3751
f 2026/2537/3750 2060/1643/3752 2044/2538/3751
f 2061/1415/1428 2029/2539/3753 2047/1413/1426
f 2029/2539/3753 2062/1646/3754 2047/1413/1426
f 2063/2540/3755 2032/2541/3756 2050/1838/3757
f 2064/1649/3758 2032/2541/3756 2033/2542/3759
f 2065/1418/1431 2035/2543/3760 2053/1416/1429
f 2035/2543/3760 2054/1420/1433 2053/1416/1429
f 2054/1420/1433 2037/1832/1634 2036/1419/1432
f 2056/1412/1425 2040/2544/1632 2039/1410/1423
f 2038/1411/1424 2037/1832/1634 2055/1833/3743
f 2042/1639/1631 2059/1837/3749 2043/1836/1630
f 2041/1638/3747 2040/2545/1632 2057/2535/3745
f 2058/1640/3748 2042/1639/1631 2041/1638/3747
f 2060/1643/3752 2046/1414/1427 2045/1642/1641
f 2044/2538/3751 2043/1836/1630 2059/1837/3749
f 2060/1643/3752 2045/1642/1641 2044/2538/3751
f 2062/1646/3754 2049/2546/1638 2048/1645/1639
f 2062/1646/3754 2048/1645/1639 2047/1413/1426
f 2051/1648/1636 2065/1418/1431 2052/1417/1430
f 2050/1838/3757 2049/2546/1638 2063/2540/3755
f 2064/1649/3758 2051/1648/1636 2050/1838/3757
f 2071/2563/1451 2067/2564/1444 2074/2565/1455
f 2066/1433/1446 2076/1432/1445 2075/1449/1456
f 2067/1431/1444 2077/1435/1436 2076/1432/1445
f 2068/1438/1447 2078/1437/1434 2077/2566/1436
f 2069/1436/1448 2079/1440/1450 2078/1437/1434
f 2070/1439/1449 2080/1442/1452 2079/1440/1450
f 2071/1441/1451 2081/1444/1440 2080/1442/1452
f 2072/1443/1453 2082/1446/1438 2081/1444/1440
f 2073/1445/1454 2083/1448/1442 2082/1446/1438
f 2074/1447/1455 2075/1449/1456 2083/1448/1442
f 2128/1485/1491 2138/2585/1479 2137/1486/1476
f 2130/1704/1495 2136/2586/1496 2134/2587/1442
f 2138/2585/1479 2130/1434/1495 2139/2588/1494
f 2131/1488/1493 2140/1492/1444 2139/1489/1494
f 2132/1491/1445 2141/1494/1446 2140/1492/1444
f 2133/1493/1456 2142/1496/1455 2141/1494/1446
f 2134/1495/1442 2143/1498/1454 2142/1496/1455
f 2135/1497/1438 2144/1500/1453 2143/1498/1454
f 2136/1499/1496 2145/1501/1451 2144/1500/1453
f 2127/1487/1492 2137/1486/1476 2145/1501/1451
f 2312/1546/1545 2256/2598/3802 2257/1317/1543
f 2255/1563/1562 2256/2598/3802 2311/1564/1563
f 2314/1626/1625 2259/1547/1546 2260/1615/1611
f 2261/2599/3803 2314/1626/1625 2260/1615/1611
f 2320/1561/1560 2268/1570/1569 2269/1559/1558
f 2315/1551/1550 2261/2599/3803 2262/1549/1548
f 2262/1549/1548 2263/1552/1551 2316/1550/1549
f 2317/1554/1553 2264/1553/1552 2265/1555/1554
f 2265/1555/1554 2266/1557/1556 2318/1556/1555
f 2272/1572/1571 2270/1378/3804 2271/1310/1572
f 2269/1559/1558 2270/1378/3804 2321/1560/1559
f 2323/1562/1561 2274/1574/1575 2255/1563/1562
f 2322/2600/3805 2272/1572/1571 2273/1573/1573
f 2258/1545/1544 2276/1575/1576 2277/1565/1564
f 2263/1552/1551 2280/1578/1579 2264/1553/1552
f 2286/1328/1574 2272/1572/1571 2298/1587/1588
f 2267/1558/1557 2282/1567/1566 2283/1568/1567
f 2285/1571/1570 2298/1587/1588 2272/1572/1571
f 2288/1576/1577 2275/2601/3806 2287/1611/1607
f 2290/1614/1610 2277/1565/1564 2289/1583/1584
f 2277/1565/1564 2288/1576/1577 2289/1583/1584
f 2291/1586/1587 2278/1616/1612 2290/1614/1610
f 2297/1623/1621 2283/1568/1567 2296/2602/3807
f 2291/1586/1587 2292/1585/1586 2279/1566/1565
f 2279/1566/1565 2292/1585/1586 2293/1577/1578
f 2280/1578/1579 2293/1577/1578 2294/1579/1580
f 2294/1579/1580 2295/1581/1582 2281/1580/1581
f 2295/1581/1582 2296/2602/3807 2283/1568/1567
f 2298/1587/1588 2284/1379/1615 2297/1623/1621
f 2287/1611/1607 2286/1328/1574 2299/1589/1590
f 2286/1328/1574 2298/1587/1588 2299/1589/1590
f 2296/2602/3807 2306/1591/1592 2307/1596/1597
f 2288/1576/1577 2301/1592/1593 2302/1582/1583
f 2309/1597/1598 2306/1591/1592 2310/1588/1589
f 2298/1587/1588 2309/1597/1598 2310/1588/1589
f 2222/1348/3799 2236/2603/3808 2237/2604/3809
f 2223/2605/1511 2237/2604/3809 2238/2606/1623
f 2205/1349/1512 2238/2606/1623 2239/2607/3810
f 2224/2608/3801 2239/2607/3810 2240/2609/3811
f 2224/2608/3801 2241/2610/1624 2225/2611/1515
f 2227/2612/1519 2243/2504/3812 2244/2613/3813
f 2241/2610/1624 2242/2502/1599 2225/2611/1515
f 2242/1598/1599 2243/2504/3812 2226/1599/1517
f 2228/2614/1520 2244/2613/3813 2245/2615/3814
f 2228/2614/1520 2246/2616/1626 2229/1602/1522
f 2233/1608/1604 2251/2617/1627 2234/1610/1530
f 2246/2616/1626 2247/1600/1600 2229/1602/1522
f 2247/1600/1600 2248/1603/1601 2230/1601/1525
f 2248/1603/1601 2249/1605/1602 2231/1604/1527
f 2249/1605/1602 2250/1607/1603 2232/1606/1528
f 2235/1363/1606 2253/2618/1628 2217/2619/3796
f 2251/2617/1627 2252/1609/1605 2234/1610/1530
f 2218/2620/3797 2253/2618/1628 2254/2621/3815
f 2221/2622/1532 2254/2621/3815 2236/2603/3808
f 2204/1517/1513 2276/1575/1576 2257/1317/1543
f 2204/1517/1513 2256/2598/3802 2203/1535/1533
f 2220/1536/1534 2274/1574/1575 2219/2595/3800
f 2256/2598/3802 2255/1563/1562 2203/1535/1533
f 2219/2595/3800 2286/1328/1574 2202/1514/1510
f 2191/1508/1503 2286/1328/1574 2275/2601/3806
f 2192/2589/3791 2275/2601/3806 2276/1575/1576
f 2190/1513/1509 2310/1588/1589 2167/1537/1535
f 2288/1576/1577 2287/1611/1607 2180/1502/1497
f 2287/1611/1607 2299/1589/1590 2179/1509/1504
f 2169/1504/1499 2288/1576/1577 2180/1502/1497
f 2310/1588/1589 2300/1590/1591 2167/1537/1535
f 2300/1590/1591 2301/1592/1593 2168/1538/1536
f 2175/1503/1498 2289/1583/1584 2302/1582/1583
f 2291/1586/1587 2290/1614/1610 2182/1612/1608
f 2290/1614/1610 2289/1583/1584 2181/1511/1506
f 2183/1613/1609 2304/1584/1585 2291/1586/1587
f 2302/1582/1583 2303/1593/1594 2175/1503/1498
f 2176/1539/1537 2303/1593/1594 2304/1584/1585
f 2209/1521/1518 2279/1566/1565 2262/1549/1548
f 2209/1521/1518 2261/2599/3803 2208/1519/1516
f 2207/1378/1514 2259/1547/1546 2206/2592/3795
f 2261/2599/3803 2260/1615/1611 2208/1519/1516
f 2193/1510/1505 2259/1547/1546 2277/1565/1564
f 2213/1528/1526 2282/1567/1566 2266/1557/1556
f 2277/1565/1564 2278/1616/1612 2193/1510/1505
f 2278/1616/1612 2279/1566/1565 2194/1617/1613
f 2212/1525/1523 2266/1557/1556 2265/1555/1554
f 2211/1526/1524 2265/1555/1554 2264/1553/1552
f 2280/1578/1579 2210/1275/1521 2264/1553/1552
f 2197/2591/3793 2280/1578/1579 2281/1580/1581
f 2198/1727/3794 2281/1580/1581 2282/1567/1566
f 2199/1620/1617 2268/1570/1569 2283/1568/1567
f 2201/1385/1508 2271/1310/1572 2216/1533/1531
f 2283/1568/1567 2284/1379/1615 2199/1620/1617
f 2284/1379/1615 2285/1571/1570 2200/1619/1616
f 2215/1531/1529 2270/1378/3804 2269/1559/1558
f 2271/1310/1572 2270/1378/3804 2216/1533/1531
f 2214/1277/3798 2269/1559/1558 2268/1570/1569
f 2171/1506/1501 2293/1577/1578 2292/1585/1586
f 2294/1579/1580 2293/1577/1578 2184/1505/1500
f 2186/1577/1619 2306/1591/1592 2295/1581/1582
f 2292/1585/1586 2305/1594/1595 2171/1506/1501
f 2305/1594/1595 2306/1591/1592 2172/1540/1538
f 2177/1542/1540 2296/2602/3807 2307/1596/1597
f 2295/1581/1582 2294/1579/1580 2185/1621/1618
f 2298/1587/1588 2297/1623/1621 2188/1622/1620
f 2297/1623/1621 2296/2602/3807 2187/1624/1622
f 2178/1543/1541 2307/1596/1597 2308/1595/1596
f 2174/1544/1542 2308/1595/1596 2309/1597/1598
f 2189/1512/1507 2309/1597/1598 2298/1587/1588
f 2312/1546/1545 2237/2623/3809 2311/1564/1563
f 2237/2624/3809 2236/2516/3808 2311/1564/1563
f 2313/1548/1547 2239/1394/3810 2258/1545/1544
f 2239/2625/3810 2238/2626/1623 2258/1545/1544
f 2313/1548/1547 2241/2001/1624 2240/2000/3811
f 2316/1550/1549 2243/1397/3812 2315/1551/1550
f 2242/2627/1599 2314/1626/1625 2315/1551/1550
f 2243/2520/3812 2242/2628/1599 2315/1551/1550
f 2263/1552/1551 2244/1399/3813 2316/1550/1549
f 2263/1552/1551 2246/1824/1626 2245/1823/3814
f 2320/1561/1560 2251/2007/1627 2250/2006/1603
f 2249/1825/1602 2248/1826/1601 2267/1558/1557
f 2249/2629/1602 2267/1558/1557 2319/1569/1568
f 2250/2630/1603 2319/1569/1568 2320/1561/1560
f 2322/2600/3805 2254/1407/3815 2253/1406/1628
f 2252/2631/1605 2321/1560/1559 2272/1572/1571
f 2253/2632/1628 2272/1572/1571 2322/2600/3805
f 2323/1562/1561 2254/2633/3815 2273/1573/1573
f 2236/2634/3808 2323/1562/1561 2311/1564/1563
f 2326/2534/3816 2361/1833/3817 2344/1637/1630
f 2326/2534/3816 2362/1412/1629 2327/2636/3818
f 2329/2536/3819 2363/2535/3820 2347/1638/1632
f 2364/1640/1633 2329/2536/3819 2347/1638/1632
f 2332/2537/3821 2365/1837/3822 2350/1641/1634
f 2332/2537/3821 2366/1643/1635 2333/2637/3823
f 2335/2539/3824 2367/1415/3825 2353/1644/1430
f 2335/2539/3824 2368/1646/1637 2336/2638/3826
f 2338/2541/3827 2369/2540/3828 2356/1647/1638
f 2370/1649/1640 2338/2541/3827 2356/1647/1638
f 2341/2543/3829 2371/1418/3830 2359/1416/1427
f 2360/1420/1642 2341/2543/3829 2359/1416/1427
f 2343/1832/3751 2360/1420/1642 2342/1419/1641
f 2345/1410/1631 2363/2639/3820 2362/1412/1629
f 2344/1637/1630 2361/1833/3817 2343/1832/3751
f 2349/1836/1424 2364/1640/1633 2348/1639/1423
f 2363/2535/3820 2346/2545/3831 2347/1638/1632
f 2351/1642/1432 2367/1415/3825 2366/1643/1635
f 2365/1837/3822 2349/1836/1424 2350/1641/1634
f 2354/1645/1636 2369/2540/3828 2368/1646/1637
f 2367/1415/3825 2352/1414/1429 2353/1644/1430
f 2358/1417/1426 2370/1649/1640 2357/1648/1639
f 2369/2540/3828 2355/2546/3832 2356/1647/1638
f 2359/1416/1427 2371/1418/3830 2358/1417/1426
f 2373/1485/1658 2383/2651/3835 2374/2652/1688
f 2381/2653/1664 2375/1654/1683 2377/2654/1662
f 2375/1434/1683 2383/2651/3835 2384/2588/3837
f 2376/2655/1687 2384/2656/3837 2385/2657/1643
f 2376/2655/1687 2386/2658/1645 2377/1668/1662
f 2378/1667/1661 2388/2659/1648 2379/2660/3847
f 2386/2658/1645 2387/1666/1660 2377/1668/1662
f 2380/1862/3848 2388/2659/1648 2389/2661/1647
f 2380/1862/3848 2390/2662/1650 2381/1670/1664
f 2390/2662/1650 2391/1669/1663 2381/1670/1664
f 2391/1669/1663 2382/1664/1657 2372/1665/1659
f 2436/1485/1645 2446/2677/1687 2437/2652/3864
f 2444/2678/1648 2438/1697/3837 2440/2679/1700
f 2438/1434/3837 2446/2677/1687 2447/2588/1683
f 2439/2680/3835 2447/2681/1683 2448/2657/1688
f 2439/2680/3835 2449/2658/1658 2440/1710/1700
f 2442/1712/1701 2452/2682/1692 2443/2683/1647
f 2449/2658/1658 2450/1708/1659 2440/1710/1700
f 2450/1708/1659 2451/1711/1664 2441/1709/1663
f 2444/2684/1648 2452/2682/1692 2453/2685/3847
f 2444/2684/1648 2454/2686/1661 2435/1707/1660
f 2454/2686/1661 2445/1706/1662 2435/1707/1660
f 2617/1830/1817 2563/2598/3871 2562/2693/3872
f 2618/1299/3874 2564/1317/3875 2563/2598/3871
f 2570/1818/1800 2625/1769/1760 2571/1768/1759
f 2619/1821/1804 2565/1778/1769 2564/1317/3875
f 2566/1782/1773 2620/1762/1752 2567/1764/1754
f 2621/1765/1755 2569/1277/1757 2568/1763/1753
f 2622/1766/1756 2623/2695/3876 2570/1818/1800
f 2623/2695/3876 2624/1822/1806 2570/1818/1800
f 2628/1774/1765 2576/1777/1768 2575/1772/1328
f 2626/1767/1758 2572/1557/1762 2571/1768/1759
f 2589/1784/1775 2627/1771/1763 2574/1773/1764
f 2579/1574/3877 2617/1830/1817 2562/2693/3872
f 2565/1778/1769 2583/1781/1772 2582/1779/1770
f 2564/1317/3875 2565/1778/1769 2581/1780/1771
f 2599/1724/1802 2586/2696/3878 2587/2697/3879
f 2570/1818/1800 2586/2696/3878 2622/1766/1756
f 2572/1557/1762 2573/1770/1761 2588/1567/1776
f 2574/1773/1764 2590/2698/3880 2589/1784/1775
f 2578/1828/1814 2593/2699/3881 2577/1776/1767
f 2578/1828/1814 2579/1574/3877 2593/2699/3881
f 2580/2700/3882 2595/1786/1777 2594/1816/1798
f 2580/2700/3882 2581/1780/1771 2595/1786/1777
f 2585/1783/1774 2622/1766/1756 2597/1728/1779
f 2622/1766/1756 2586/2696/3878 2598/1819/1801
f 2600/1789/1780 2587/2697/3879 2588/1567/1776
f 2602/1817/1394 2590/2698/3880 2591/2701/3883
f 2589/1784/1775 2601/1794/1395 2600/1789/1780
f 2589/1784/1775 2590/2698/3880 2601/1794/1395
f 2603/1790/1358 2591/2701/3883 2592/1785/1368
f 2603/1790/1358 2593/2699/3881 2604/1796/1785
f 2606/2702/3884 2582/1779/1770 2607/1798/1786
f 2593/2699/3881 2594/1816/1798 2604/1796/1785
f 2593/2699/3881 2580/2700/3882 2594/1816/1798
f 2544/2703/1816 2529/2704/1726 2545/2705/1805
f 2622/1766/1756 2610/1800/1788 2609/1791/1781
f 2622/1766/1756 2598/1819/1801 2610/1800/1788
f 2605/1802/1790 2606/2702/3884 2609/1791/1781
f 2606/2702/3884 2607/1798/1786 2609/1791/1781
f 2611/1799/1787 2612/1793/1783 2609/1791/1781
f 2612/1793/1783 2613/1792/1782 2609/1791/1781
f 2614/1801/1789 2615/1293/1368 2609/1791/1781
f 2615/1293/1368 2616/1795/1784 2609/1791/1781
f 2545/2705/1805 2530/2706/1719 2546/2707/1803
f 2546/2707/1803 2531/1805/1792 2547/1804/1791
f 2533/1253/1732 2549/2708/3885 2548/2709/1793
f 2532/1803/1729 2548/1807/1793 2547/1804/1791
f 2549/2708/3885 2535/2710/1734 2550/2711/3886
f 2550/2711/3886 2518/2712/1721 2551/2713/1807
f 2551/2713/1807 2536/2714/1736 2552/2715/1808
f 2552/2715/1808 2537/2716/3870 2553/2717/1809
f 2553/2717/1809 2538/2718/1739 2554/2719/1810
f 2538/2718/1739 2555/2720/1811 2554/2719/1810
f 2559/2721/1812 2526/2722/1723 2560/2723/1815
f 2539/1810/1738 2556/1809/1794 2555/2720/1811
f 2540/1808/1740 2557/1812/1795 2556/1809/1794
f 2541/1811/1744 2558/1814/1796 2557/1812/1795
f 2542/1813/1743 2559/2721/1812 2558/1814/1796
f 2560/2723/1815 2543/2724/3873 2561/2725/1813
f 2561/2725/1813 2528/2726/1727 2544/2703/1816
f 2500/1720/1710 2564/1317/3875 2581/1780/1771
f 2563/2598/3871 2512/2690/3869 2562/2693/3872
f 2513/1730/1717 2563/2598/3871 2564/1317/3875
f 2562/2693/3872 2527/2595/3868 2579/1574/3877
f 2527/2595/3868 2593/2699/3881 2579/1574/3877
f 2593/2699/3881 2499/2687/3865 2580/2700/3882
f 2580/2700/3882 2500/1720/1710 2581/1780/1771
f 2604/1796/1785 2487/1761/1751 2616/1795/1784
f 2488/1815/1797 2594/1816/1798 2595/1786/1777
f 2510/1733/1722 2604/1796/1785 2594/1816/1798
f 2616/1795/1784 2477/1756/1747 2605/1802/1790
f 2605/1802/1790 2478/1755/1746 2606/2702/3884
f 2606/2702/3884 2489/1718/1708 2595/1786/1777
f 2490/1721/1711 2607/1798/1786 2582/1779/1770
f 2492/1714/1704 2596/1788/1778 2597/1728/1779
f 2481/1507/1702 2597/1728/1779 2609/1791/1781
f 2479/1757/1748 2608/1797/1371 2607/1798/1786
f 2480/1758/1324 2609/1791/1781 2608/1797/1371
f 2585/1783/1774 2517/1570/1733 2569/1277/1757
f 2569/1277/1757 2516/1740/1730 2568/1763/1753
f 2568/1763/1753 2515/1378/1728 2567/1764/1754
f 2514/1273/1718 2583/1781/1772 2567/1764/1754
f 2506/1727/1716 2572/1557/1762 2588/1567/1776
f 2501/1719/1709 2584/1787/1359 2583/1781/1772
f 2502/1723/1402 2585/1783/1774 2584/1787/1359
f 2572/1557/1762 2521/1744/1735 2571/1768/1759
f 2571/1768/1759 2520/1526/1407 2570/1818/1800
f 2519/1557/1720 2586/2696/3878 2570/1818/1800
f 2586/2696/3878 2505/2688/3866 2587/2697/3879
f 2505/2688/3866 2588/1567/1776 2587/2697/3879
f 2523/1750/1741 2590/2698/3880 2574/1773/1764
f 2590/2698/3880 2508/2689/3867 2591/2701/3883
f 2591/2701/3883 2509/1735/1724 2592/1785/1368
f 2509/1735/1724 2576/1777/1768 2592/1785/1368
f 2493/1713/1703 2610/1800/1788 2598/1819/1801
f 2525/1751/1742 2575/1772/1328 2576/1777/1768
f 2524/1748/1388 2574/1773/1764 2575/1772/1328
f 2610/1800/1788 2483/1759/1749 2611/1799/1787
f 2611/1799/1787 2484/1295/1707 2612/1793/1783
f 2484/1295/1707 2600/1789/1780 2612/1793/1783
f 2496/1728/1290 2613/1792/1782 2601/1794/1395
f 2495/1717/1706 2599/1724/1802 2600/1789/1780
f 2494/1724/1713 2598/1819/1801 2599/1724/1802
f 2498/1820/1292 2602/1817/1394 2603/1790/1358
f 2497/1729/1393 2601/1794/1395 2602/1817/1394
f 2613/1792/1782 2486/1760/1750 2614/1801/1789
f 2614/1801/1789 2476/1754/1745 2615/1293/1368
f 2476/1754/1745 2603/1790/1358 2615/1293/1368
f 2618/1299/3874 2545/2727/1805 2619/1821/1804
f 2544/2728/1816 2618/1299/3874 2617/1830/1817
f 2565/1778/1769 2547/1393/1791 2566/1782/1773
f 2546/2729/1803 2565/1778/1769 2619/1821/1804
f 2547/2000/1791 2620/1762/1752 2566/1782/1773
f 2548/2730/1793 2621/1765/1755 2620/1762/1752
f 2621/1765/1755 2550/1398/3886 2622/1766/1756
f 2550/1399/3886 2623/2695/3876 2622/1766/1756
f 2625/1769/1760 2553/2731/1809 2626/1767/1758
f 2624/1822/1806 2623/2695/3876 2551/2732/1807
f 2625/1769/1760 2624/1822/1806 2552/2733/1808
f 2555/2734/1811 2589/1784/1775 2573/1770/1761
f 2554/2735/1810 2573/1770/1761 2626/1767/1758
f 2556/2527/1794 2627/1771/1763 2589/1784/1775
f 2557/1633/1795 2628/1774/1765 2627/1771/1763
f 2559/2736/1812 2577/1776/1767 2629/1775/1766
f 2629/1775/1766 2628/1774/1765 2558/2737/1796
f 2560/2738/1815 2578/1828/1814 2577/1776/1767
f 2561/2739/1813 2617/1830/1817 2578/1828/1814
f 2667/1833/1820 2632/2534/3887 2650/1831/1818
f 2632/2534/3887 2668/1412/3888 2650/1831/1818
f 2669/2535/3889 2635/2536/3890 2653/1834/1822
f 2670/1640/1823 2635/2536/3890 2636/2740/3891
f 2671/1837/1826 2638/2537/3892 2656/1835/1824
f 2638/2537/3892 2672/1643/3893 2656/1835/1824
f 2673/1415/1829 2641/2539/3894 2659/1644/1827
f 2641/2539/3894 2674/1646/1831 2659/1644/1827
f 2675/2540/3895 2644/2541/3896 2662/1838/1833
f 2644/2541/3896 2676/1649/1834 2662/1838/1833
f 2677/1418/1837 2647/2543/3897 2665/1839/1835
f 2647/2543/3897 2666/1420/1839 2665/1839/1835
f 2666/1420/1839 2649/1832/1819 2648/1419/1838
f 2651/1410/2012 2669/2639/3889 2652/2544/3898
f 2668/1412/3888 2651/1410/2012 2650/1831/1818
f 2670/1640/1823 2655/1836/1825 2654/1639/1821
f 2653/1834/1822 2652/2545/3898 2669/2535/3889
f 2672/1643/3893 2658/1414/1828 2657/1642/2019
f 2672/1643/3893 2657/1642/2019 2656/1835/1824
f 2660/1645/1830 2675/2540/3895 2661/2546/2017
f 2663/1648/1832 2677/1418/1837 2664/1417/1836
f 2662/1838/1833 2661/2546/2017 2675/2540/3895
f 2680/1490/1862 2692/2749/3901 2691/2566/1843
f 2679/2750/1860 2686/2643/1863 2682/2751/3909
f 2678/1860/1861 2690/1859/1840 2689/2752/1842
f 2679/1858/1860 2691/1861/1843 2690/1859/1840
f 2692/2749/3901 2682/2753/3909 2693/2754/3902
f 2693/2754/3902 2683/2755/1876 2694/2756/1847
f 2694/2756/1847 2684/2757/3910 2695/2758/1845
f 2695/2758/1845 2685/1712/1864 2696/1863/1848
f 2687/1864/1865 2698/2759/1853 2697/1865/1850
f 2686/1862/1863 2697/1865/1850 2696/1863/1848
f 2688/2760/3911 2689/2752/1842 2698/2759/1853
f 2743/2789/3936 2750/2790/1900 2746/2791/1896
f 2753/2752/1876 2743/2792/3936 2754/2793/1874
f 2754/2793/1874 2744/1887/1895 2755/1861/1877
f 2746/1888/1896 2757/2794/3929 2756/1889/1897
f 2745/1890/1894 2756/1889/1897 2755/2566/1877
f 2747/2753/3937 2758/2756/1881 2757/2794/3929
f 2750/1894/1900 2761/1865/1884 2760/1863/1882
f 2748/1893/1899 2759/1892/1879 2758/2756/1881
f 2749/1891/1898 2760/1863/1882 2759/1892/1879
f 2761/1865/1884 2752/2057/3938 2762/2795/1887
f 2762/2795/1887 2742/2796/1847 2753/2752/1876
f 2872/1317/1959 2926/1955/1958 2871/2598/3950
f 2926/1955/1958 2870/1954/1957 2871/2598/3950
f 2875/1763/1995 2928/1942/1944 2874/1941/1943
f 2929/2003/2003 2876/1277/1963 2930/1959/1965
f 2882/1962/1969 2880/1526/3951 2881/1557/1967
f 2878/1321/1946 2879/1945/1611 2931/1944/1947
f 2879/1945/1611 2880/1526/3951 2932/1946/1948
f 2877/1943/1945 2894/1958/1964 2895/1960/1966
f 2883/1963/1970 2884/1947/1949 2933/1949/1951
f 2934/1948/1950 2884/1947/1949 2885/1950/1952
f 2935/1951/1953 2885/1950/1952 2886/1310/1954
f 2888/1965/1972 2889/1574/1973 2936/1953/1956
f 2889/1574/1973 2870/1954/1957 2936/1953/1956
f 2891/1956/1960 2892/1781/1962 2873/1940/1942
f 2883/1963/1970 2898/1568/1976 2884/1947/1949
f 2888/1965/1972 2900/1964/1971 2901/1966/1567
f 2890/1993/1615 2903/1974/1979 2891/1956/1960
f 2895/1960/1966 2908/2809/3952 2896/1998/1998
f 2903/1974/1979 2904/1967/1590 2891/1956/1960
f 2893/1968/1974 2904/1967/1590 2905/1969/1607
f 2894/1958/1964 2905/1969/1607 2906/1970/1577
f 2895/1960/1966 2906/1970/1577 2907/1976/1981
f 2896/1998/1998 2909/1977/1982 2897/1961/1968
f 2901/1966/1567 2912/2810/3953 2913/2811/3954
f 2909/1977/1982 2910/1971/1975 2897/1961/1968
f 2899/1972/1977 2910/1971/1975 2911/1973/1978
f 2900/1964/1971 2911/1973/1978 2912/2810/3953
f 2901/1966/1567 2902/2812/3955 2890/1993/1615
f 2913/2811/3954 2924/1982/1984 2925/1983/1985
f 2915/1975/1980 2916/1933/1589 2904/1967/1590
f 2906/1970/1577 2918/1980/1593 2919/1932/1937
f 2910/1971/1975 2921/1978/1983 2922/1931/1936
f 2915/1975/1980 2922/1931/1936 2916/1933/1589
f 2921/1978/1983 2919/1932/1937 2922/1931/1936
f 2916/1933/1589 2919/1932/1937 2918/1980/1593
f 2835/2813/3944 2851/2814/3956 2852/2815/3957
f 2821/2816/3939 2852/2815/3957 2853/2817/3958
f 2821/2816/3939 2854/2818/2001 2836/1986/1920
f 2837/1253/1988 2856/2819/2002 2838/2820/3945
f 2854/2818/2001 2855/1985/1987 2836/1986/1920
f 2839/2821/3947 2856/2819/2002 2857/2822/3959
f 2840/2823/1923 2857/2822/3959 2858/2824/3960
f 2841/2825/1926 2858/2824/3960 2859/2826/3961
f 2842/2827/3946 2859/2826/3961 2860/2828/3962
f 2843/2829/3948 2860/2828/3962 2861/2830/2004
f 2844/2831/3940 2861/2830/2004 2862/2832/2005
f 2845/1357/3949 2862/2832/2005 2863/2833/3963
f 2846/2834/1928 2863/2833/3963 2864/2835/2006
f 2847/2836/1931 2864/2835/2006 2865/2837/2007
f 2847/2836/1931 2866/2838/2008 2848/1989/1991
f 2834/2839/3943 2869/2840/3964 2851/2814/3956
f 2866/2838/2008 2867/1987/1989 2848/1989/1991
f 2867/1987/1989 2868/1990/1992 2849/1988/1990
f 2868/1990/1992 2869/2840/3964 2850/1991/1934
f 2820/2801/3942 2891/1956/1960 2872/1317/1959
f 2820/2801/3942 2871/2598/3950 2819/1992/1993
f 2833/1536/1935 2889/1574/1973 2832/1929/1933
f 2871/2598/3950 2870/1954/1957 2819/1992/1993
f 2818/1916/1617 2889/1574/1973 2901/1966/1567
f 2795/1902/1906 2903/1974/1979 2902/2812/3955
f 2901/1966/1567 2890/1993/1615 2818/1916/1617
f 2890/1993/1615 2891/1956/1960 2807/1903/1616
f 2806/1915/1919 2902/2812/3955 2913/2811/3954
f 2806/1915/1919 2925/1983/1985 2793/1939/1941
f 2785/1895/1901 2903/1974/1979 2796/1904/1907
f 2925/1983/1985 2914/1984/1986 2784/1934/1938
f 2914/1984/1986 2915/1975/1980 2785/1895/1901
f 2797/1896/1509 2916/1933/1589 2786/1897/1535
f 2906/1970/1577 2905/1969/1607 2799/1898/1497
f 2905/1969/1607 2904/1967/1590 2798/1906/1504
f 2788/1344/1499 2906/1970/1577 2799/1898/1497
f 2916/1933/1589 2917/1979/1591 2786/1897/1535
f 2917/1979/1591 2918/1980/1593 2787/1935/1536
f 2824/1922/1925 2894/1958/1964 2876/1277/1963
f 2822/1919/1922 2892/1781/1962 2809/1905/1908
f 2876/1277/1963 2875/1763/1995 2824/1922/1925
f 2875/1763/1995 2874/1941/1943 2823/1918/1921
f 2814/1910/1913 2881/1557/1967 2828/2799/3941
f 2892/1781/1962 2893/1968/1974 2809/1905/1908
f 2810/1907/1909 2893/1968/1974 2894/1958/1964
f 2828/2799/3941 2880/1526/3951 2827/1996/1516
f 2826/1526/1927 2878/1321/1946 2825/1921/1924
f 2880/1526/3951 2879/1945/1611 2827/1996/1516
f 2825/1921/1924 2895/1960/1966 2812/1997/1997
f 2829/1926/1930 2898/1568/1976 2815/1911/1914
f 2895/1960/1966 2896/1998/1998 2813/1908/1911
f 2896/1998/1998 2897/1961/1968 2814/1910/1913
f 2817/1735/1999 2886/1310/1954 2831/1928/1932
f 2898/1568/1976 2899/1972/1977 2815/1911/1914
f 2899/1972/1977 2900/1964/1971 2816/1913/1917
f 2800/1269/1910 2919/1932/1937 2783/1899/1902
f 2886/1310/1954 2885/1950/1952 2831/1928/1932
f 2885/1950/1952 2884/1947/1949 2830/1925/1929
f 2790/1901/1905 2909/1977/1982 2802/1577/1903
f 2919/1932/1937 2920/1999/2000 2789/1936/1939
f 2920/1999/2000 2921/1978/1983 2790/1901/1905
f 2801/1909/1912 2909/1977/1982 2908/2809/3952
f 2800/1269/1910 2908/2809/3952 2907/1976/1981
f 2803/1728/1915 2922/1931/1936 2794/1900/1904
f 2912/2810/3953 2911/1973/1978 2805/1914/1918
f 2911/1973/1978 2910/1971/1975 2804/1912/1916
f 2792/1938/1940 2912/2810/3953 2805/1914/1918
f 2922/1931/1936 2923/1981/1595 2794/1900/1904
f 2923/1981/1595 2924/1982/1984 2791/1937/1538
f 2927/1957/1961 2851/2623/3956 2926/1955/1958
f 2873/1940/1942 2852/2626/3957 2927/1957/1961
f 2873/1940/1942 2854/2841/2001 2853/2517/3958
f 2877/1943/1945 2857/2842/3959 2930/1959/1965
f 2855/2843/1987 2928/1942/1944 2929/2003/2003
f 2856/2844/2002 2855/2730/1987 2929/2003/2003
f 2857/1398/3959 2856/1397/2002 2930/1959/1965
f 2931/1944/1947 2858/2845/3960 2877/1943/1945
f 2932/1946/1948 2859/1627/3961 2931/1944/1947
f 2861/1631/2004 2932/1946/1948 2882/1962/1969
f 2933/1949/1951 2863/1404/3963 2883/1963/1970
f 2863/2846/3963 2862/2734/2005 2883/1963/1970
f 2887/1952/1955 2866/1635/2008 2935/1951/1953
f 2926/1955/1958 2869/1409/3964 2936/1953/1956
f 2867/2847/1989 2887/1952/1955 2888/1965/1972
f 2868/1407/1992 2867/1406/1989 2888/1965/1972
f 2869/2848/3964 2868/2633/1992 2936/1953/1956
f 2939/2534/3965 2974/1833/3966 2957/2012/1825
f 2939/2534/3965 2975/1412/2009 2940/2636/3967
f 2942/2536/3968 2976/2535/3969 2960/1834/2011
f 2977/1640/2010 2942/2536/3968 2960/1834/2011
f 2945/2537/3970 2978/1837/3971 2963/2013/1819
f 2979/1643/2013 2945/2537/3970 2963/2013/1819
f 2948/2539/3972 2980/1415/3973 2966/2014/2014
f 2981/1646/2015 2948/2539/3972 2966/2014/2014
f 2951/2541/3974 2982/2540/3975 2969/2015/2017
f 2951/2541/3974 2983/1649/2016 2952/2542/3976
f 2954/2543/3977 2984/1418/3978 2972/1839/1828
f 2954/2543/3977 2973/1420/2018 2937/2850/3979
f 2955/1419/2019 2974/1833/3966 2973/1420/2018
f 2959/2544/3980 2975/1412/2009 2958/1410/1821
f 2974/1833/3966 2956/1832/1824 2957/2012/1825
f 2962/1836/1818 2977/1640/2010 2961/1639/2012
f 2976/2535/3969 2959/2545/3980 2960/1834/2011
f 2980/1415/3973 2964/1642/1838 2965/1414/1835
f 2963/2013/1819 2978/1837/3971 2962/1836/1818
f 2968/2546/1833 2981/1646/2015 2967/1645/1832
f 2980/1415/3973 2965/1414/1835 2966/2014/2014
f 2984/1418/3978 2970/1648/1830 2971/1417/1827
f 2982/2540/3975 2968/2546/1833 2969/2015/2017
f 2972/1839/1828 2984/1418/3978 2971/1417/1827
f 2986/2865/2053 2996/2866/2022 2997/2867/2021
f 2991/1652/2035 2995/2868/2038 2988/2869/3995
f 2987/2870/3996 2997/2867/2021 2998/2871/3982
f 2988/2872/3995 2998/2566/3982 2999/2873/3987
f 2989/2874/3997 2999/2873/3987 3000/2875/2025
f 2990/2876/3998 3000/2875/2025 3001/2877/2024
f 2991/1667/2035 3001/2877/2024 3002/2028/2027
f 2993/1894/2036 3004/2878/2031 2994/2033/2039
f 3002/2028/2027 3003/2030/2029 2992/2029/2034
f 2985/2879/2055 3006/2686/2032 2996/2866/2022
f 3004/2878/2031 3005/2031/2037 2994/2033/2039
f 3005/2031/2037 3006/2686/2032 2995/2032/2038
f 3046/2865/2025 3056/2907/3998 3057/2867/4011
f 3051/1652/2032 3055/2908/2027 3048/2909/3982
f 3047/2910/3987 3057/2867/4011 3058/2911/3995
f 3048/2912/3982 3058/2566/3995 3059/2913/3996
f 3049/2874/4020 3059/2913/3996 3060/2875/2053
f 3050/2914/2022 3060/2875/2053 3061/2915/2055
f 3051/1667/2032 3061/2915/2055 3062/2054/2038
f 3053/1894/2066 3064/2878/2060 3054/2058/2029
f 3062/2054/2038 3063/2030/2058 3052/2055/2037
f 3045/2916/2024 3066/2686/2035 3056/2907/3998
f 3064/2878/2060 3065/2056/2034 3054/2058/2029
f 3065/2056/2034 3066/2686/2035 3055/2057/2027
f 3144/1253/2274 3343/1253/4152 3111/1253/2275
f 3146/1253/2314 3115/1253/4153 3116/1253/4154
f 3147/1253/2278 3116/1253/4154 3117/1253/2276
f 3156/1253/2294 3125/1253/4155 3126/1253/4156
f 3118/1253/2277 3119/1253/4157 3149/1253/4158
f 3119/1253/4157 3120/1253/4159 3150/1253/4160
f 3122/1253/4161 3123/1253/2279 3153/1253/2281
f 3124/1253/2280 3125/1253/4155 3155/1253/2293
f 3156/1253/2294 3127/1253/4162 3157/1253/2318
f 3158/1253/2296 3127/1253/4162 3128/1253/4163
f 3158/1253/2296 3129/1253/4164 3159/1253/2297
f 3159/1253/2297 3130/1253/4165 3160/1253/2321
f 3160/1253/2321 3131/1253/4166 3161/1253/4167
f 3161/1253/4167 3132/1253/4168 3162/1253/4169
f 3162/1253/4169 3133/1253/2284 3163/1253/2283
f 3166/1253/2298 3138/1253/4170 3167/1253/4171
f 3137/1253/4172 3166/1253/2298 3136/1253/2347
f 3167/1253/4171 3139/1253/4173 3168/1253/2338
f 3148/1253/2292 3177/1253/2301 3273/1253/2290
f 3139/1253/4173 3140/1253/4174 3168/1253/2338
f 3142/1253/2348 3143/1253/2289 3172/1253/2288
f 3174/1253/4175 3173/1253/4176 3377/1253/4177
f 3268/1253/2335 3270/1253/2313 3176/1253/2333
f 3146/1253/2314 3270/1253/2313 3268/1253/2335
f 3150/1253/4160 3274/1253/2355 3178/1253/2302
f 3161/1253/4167 3187/1253/2358 3186/1253/2319
f 3275/1253/2316 3274/1253/2355 3151/1253/4178
f 3161/1253/4167 3186/1253/2319 3160/1253/2321
f 3187/1253/2358 3163/1253/2283 3188/1253/2356
f 3188/1253/2356 3285/1253/2286 3276/1253/4179
f 3191/1253/2324 3168/1253/2338 3192/1253/2337
f 3165/1253/2300 3190/1253/2299 3164/1253/2323
f 3167/1253/4171 3191/1253/2324 3166/1253/2298
f 3169/1253/4180 3279/1253/2336 3168/1253/2338
f 3171/1253/2349 3195/1253/2329 3308/1253/2328
f 3196/1253/2364 3195/1253/2329 3171/1253/2349
f 3842/1253/4181 3872/1253/4182 3196/1253/2364
f 3193/1253/2344 3253/1253/4050 3251/1253/2332
f 3202/1253/2366 3230/1253/2086 3229/1253/2085
f 3193/1253/2344 3278/1253/2339 3215/1253/2341
f 3199/1253/2378 3227/1253/2089 3198/1253/4032
f 3203/1253/2352 3231/1253/4038 3230/1253/2086
f 3286/1253/2303 3231/1253/4038 3204/1253/2353
f 3205/1253/2305 3233/1253/4040 3232/1253/2304
f 3233/1253/4040 3207/1253/2361 3234/1253/2370
f 3209/1253/2362 3235/1253/4041 3208/1253/2369
f 3210/1253/2357 3236/1253/4039 3235/1253/4041
f 3211/1253/4183 3237/1253/4037 3236/1253/4039
f 3237/1253/4037 3213/1253/2360 3238/1253/2084
f 3214/1253/2365 3226/1253/4042 3238/1253/2084
f 3297/1253/2381 3241/1253/4034 3306/1253/2091
f 3306/1253/2091 3240/1253/2118 3297/1253/2381
f 3218/1253/4184 3242/1253/4068 3241/1253/4034
f 3219/1253/2363 3927/1253/2699 3242/1253/4068
f 3243/1253/2106 3193/1253/2344 3248/1253/2104
f 3253/1253/4050 3169/1253/4180 3247/1253/4054
f 3262/1253/2103 3255/1253/4053 3261/1253/4055
f 3284/1253/2334 3176/1253/2333 3260/1253/4049
f 3257/1253/4044 3264/1253/4047 3258/1253/4046
f 3282/1253/2309 3145/1253/2311 3259/1253/2105
f 3307/1253/2373 3174/1253/4175 3144/1253/2274
f 3377/1253/4177 3144/1253/2274 3174/1253/4175
f 3154/1253/2346 3179/1253/2315 3153/1253/2281
f 3272/1253/2291 3271/1253/2312 3146/1253/2314
f 3146/1253/2314 3147/1253/2278 3272/1253/2291
f 3151/1253/4178 3152/1253/2317 3275/1253/2316
f 3155/1253/2293 3180/1253/2371 3154/1253/2346
f 3159/1253/2297 3185/1253/2320 3184/1253/2367
f 3288/1253/2107 3181/1253/4185 3155/1253/2293
f 3159/1253/2297 3184/1253/2367 3183/1253/2295
f 3245/1253/4043 3249/1253/4048 3250/1253/4056
f 3166/1253/2298 3277/1253/2325 3190/1253/2299
f 3171/1253/2349 3172/1253/2288 3196/1253/2364
f 3196/1253/2364 3172/1253/2288 3842/1253/4181
f 3283/1253/4186 3268/1253/2335 3284/1253/2334
f 3260/1253/4049 3254/1253/4052 3284/1253/2334
f 3259/1253/2105 3265/1253/4057 3282/1253/2309
f 3120/1253/4159 3151/1253/4178 3150/1253/4160
f 3238/1253/2084 3213/1253/2360 3214/1253/2365
f 3266/1253/2345 3193/1253/2344 3170/1253/2384
f 3112/1253/2273 3307/1253/2373 3144/1253/2274
f 3149/1253/4158 3148/1253/2292 3118/1253/2277
f 3150/1253/4160 3149/1253/4158 3119/1253/4157
f 3121/1253/4187 3152/1253/2317 3151/1253/4178
f 3135/1253/2285 3165/1253/2300 3164/1253/2323
f 3153/1253/2281 3152/1253/2317 3122/1253/4161
f 3155/1253/2293 3154/1253/2346 3124/1253/2280
f 3134/1253/2282 3285/1253/2286 3163/1253/2283
f 3245/1253/4043 3247/1253/4054 3140/1253/4174
f 3271/1253/2312 3204/1253/2353 3203/1253/2352
f 3172/1253/2288 3171/1253/2349 3142/1253/2348
f 3807/1253/2287 3842/1253/4181 3172/1253/2288
f 3140/1253/4174 3169/1253/4180 3168/1253/2338
f 3274/1253/2355 3205/1253/2305 3178/1253/2302
f 3286/1253/2303 3204/1253/2353 3273/1253/2290
f 3210/1253/2357 3276/1253/4179 3211/1253/4183
f 3207/1253/2361 3206/1253/2354 3275/1253/2316
f 3187/1253/2358 3210/1253/2357 3209/1253/2362
f 3189/1253/2322 3212/1253/2359 3211/1253/4183
f 3211/1253/4183 3276/1253/4179 3189/1253/2322
f 3212/1253/2359 3191/1253/2324 3213/1253/2360
f 3296/1253/2326 3218/1253/4184 3297/1253/2381
f 3214/1253/2365 3213/1253/2360 3192/1253/2337
f 3202/1253/2366 3270/1253/2313 3203/1253/2352
f 3219/1253/2363 3218/1253/4184 3195/1253/2329
f 3173/1253/4176 3198/1253/4032 3197/1253/2451
f 3174/1253/4175 3199/1253/2378 3198/1253/4032
f 3219/1253/2363 3872/1253/4182 3897/1253/2700
f 3194/1253/2327 3217/1253/2380 3278/1253/2339
f 3176/1253/2333 3261/1253/4055 3260/1253/4049
f 3280/1253/2343 3281/1253/2342 3202/1253/2366
f 3202/1253/2366 3229/1253/2085 3280/1253/2343
f 3114/1253/2383 3254/1253/4052 3255/1253/4053
f 3262/1253/2103 3261/1253/4055 3282/1253/2309
f 3263/1253/4045 3262/1253/2103 3282/1253/2309
f 3264/1253/4047 3263/1253/4045 3282/1253/2309
f 3265/1253/4057 3264/1253/4047 3282/1253/2309
f 3283/1253/4186 3284/1253/2334 3114/1253/2383
f 3259/1253/2105 3145/1253/2311 3114/1253/2383
f 3258/1253/4046 3259/1253/2105 3114/1253/2383
f 3257/1253/4044 3258/1253/4046 3114/1253/2383
f 3256/1253/2102 3257/1253/4044 3114/1253/2383
f 3255/1253/4053 3256/1253/2102 3114/1253/2383
f 3164/1253/2323 3150/1253/4160 3285/1253/2286
f 3276/1253/4179 3150/1253/4160 3178/1253/2302
f 3178/1253/2302 3189/1253/2322 3276/1253/4179
f 3201/1253/2351 3305/1253/2117 3200/1253/2386
f 3177/1253/2301 3149/1253/4158 3189/1253/2322
f 3149/1253/4158 3164/1253/2323 3189/1253/2322
f 3185/1253/2320 3287/1253/2368 3184/1253/2367
f 3288/1253/2107 3290/1253/2110 3181/1253/4185
f 3181/1253/4185 3290/1253/2110 3180/1253/2371
f 3180/1253/2371 3234/1253/2370 3207/1253/2361
f 3180/1253/2371 3207/1253/2361 3179/1253/2315
f 3209/1253/2362 3208/1253/2369 3185/1253/2320
f 3186/1253/2319 3209/1253/2362 3185/1253/2320
f 3291/1253/4188 3315/1253/2306 3314/1253/4189
f 3310/1253/2350 3308/1253/2328 3309/1253/2374
f 3239/1253/2095 3226/1253/4042 3215/1253/2341
f 3314/1253/4189 3316/1253/2376 3307/1253/2373
f 3311/1253/2308 3316/1253/2376 3314/1253/4189
f 3228/1253/2098 3201/1253/2351 3281/1253/2342
f 3292/1253/2307 3315/1253/2306 3291/1253/4188
f 3171/1253/2349 3308/1253/2328 3310/1253/2350
f 3281/1253/2342 3201/1253/2351 3269/1253/2310
f 3217/1253/2380 3216/1253/2340 3278/1253/2339
f 3297/1253/2381 3217/1253/2380 3296/1253/2326
f 3113/1253/2372 3291/1253/4188 3314/1253/4189
f 3291/1253/4188 3293/1253/2382 3292/1253/2307
f 3194/1253/2327 3266/1253/2345 3295/1253/4190
f 3316/1253/2376 3311/1253/2308 3317/1253/2379
f 3304/1253/2087 3199/1253/2378 3317/1253/2379
f 3305/1253/2117 3317/1253/2379 3200/1253/2386
f 3378/1253/2387 3343/1253/4152 3377/1253/4177
f 3240/1253/2118 3239/1253/2095 3217/1253/2380
f 3295/1253/4190 3266/1253/2345 3309/1253/2374
f 3295/1253/4190 3309/1253/2374 3308/1253/2328
f 3113/1253/2372 3314/1253/4189 3307/1253/2373
f 3308/1253/2328 3194/1253/2327 3295/1253/4190
f 3311/1253/2308 3200/1253/2386 3317/1253/2379
f 3315/1253/2306 3311/1253/2308 3314/1253/4189
f 3294/1253/2375 3266/1253/2345 3141/1253/2385
f 3296/1253/2326 3217/1253/2380 3194/1253/2327
f 3388/1253/2458 3352/1253/4191 3387/1253/2499
f 3530/1253/2514 3532/1253/2413 3512/1253/2416
f 3348/1253/2392 3384/1253/2391 3349/1253/2393
f 3350/1253/2395 3385/1253/2394 3351/1253/2476
f 3389/1253/2457 3353/1253/4192 3388/1253/2458
f 3390/1253/2421 3354/1253/4193 3389/1253/2457
f 3393/1253/4194 3357/1253/2398 3392/1253/2397
f 3355/1253/4195 3390/1253/2421 3356/1253/2396
f 3394/1253/2425 3358/1253/4196 3393/1253/4194
f 3360/1253/4197 3394/1253/2425 3395/1253/2424
f 3396/1253/2399 3360/1253/4197 3395/1253/2424
f 3364/1253/4198 3398/1253/4199 3399/1253/2428
f 3362/1253/2400 3398/1253/4199 3363/1253/4200
f 3365/1253/4201 3399/1253/2428 3400/1253/2427
f 3366/1253/4202 3400/1253/2427 3401/1253/2463
f 3367/1253/4203 3401/1253/2463 3402/1253/2430
f 3368/1253/4204 3402/1253/2430 3403/1253/2433
f 3412/1253/2442 3374/1253/4205 3411/1253/2438
f 3368/1253/4204 3404/1253/2402 3369/1253/2404
f 3370/1253/2403 3406/1253/2405 3371/1253/2407
f 3376/1253/4206 3412/1253/2442 3413/1253/2441
f 3384/1253/2391 3418/1253/2479 3518/1253/2481
f 3377/1253/4177 3173/1253/4176 3414/1253/2409
f 3387/1253/2499 3419/1253/2419 3420/1253/2483
f 3384/1253/2391 3518/1253/2481 3508/1253/2418
f 3427/1253/2461 3395/1253/2424 3426/1253/2426
f 3391/1253/2423 3423/1253/2422 3392/1253/2397
f 3434/1253/2434 3405/1253/2477 3404/1253/2402
f 3397/1253/2460 3396/1253/2399 3427/1253/2461
f 3432/1253/2431 3400/1253/2427 3431/1253/2429
f 3435/1253/4207 3406/1253/2405 3405/1253/2477
f 3521/1253/4208 3407/1253/2470 3406/1253/2405
f 3507/1253/2131 3524/1253/2474 3443/1253/2492
f 3411/1253/2438 3522/1253/2440 3412/1253/2442
f 3470/1253/2452 3441/1253/2510 3440/1253/2450
f 3521/1253/4208 3456/1253/2489 3523/1253/2436
f 3495/1253/2134 3437/1253/2444 3509/1253/4088
f 3474/1253/4073 3443/1253/2492 3473/1253/2494
f 3475/1253/4075 3444/1253/2480 3474/1253/4073
f 3446/1253/2484 3475/1253/4075 3476/1253/4078
f 3477/1253/4079 3447/1253/2482 3476/1253/4078
f 3476/1253/4078 3447/1253/2482 3446/1253/2484
f 3479/1253/4209 3451/1253/2487 3450/1253/2501
f 3449/1253/2508 3448/1253/2485 3477/1253/4079
f 3480/1253/4077 3452/1253/2488 3479/1253/4209
f 3481/1253/4074 3453/1253/4210 3480/1253/4077
f 3481/1253/4074 3455/1253/4211 3454/1253/4212
f 3483/1253/2142 3457/1253/2490 3482/1253/4076
f 3456/1253/2489 3455/1253/4211 3482/1253/4076
f 3486/1253/4071 3460/1253/4213 3485/1253/4083
f 3538/1253/2448 3547/1253/2129 3484/1253/2154
f 3408/1253/2435 3495/1253/2134 3491/1253/2136
f 3461/1253/2491 3486/1253/4071 3487/1253/4098
f 3461/1253/2491 3487/1253/4098 3462/1253/2576
f 3409/1253/2133 3492/1253/2132 3437/1253/2444
f 3504/1253/2495 3497/1253/2498 3498/1253/2497
f 3493/1253/4214 3490/1253/4087 3511/1253/2139
f 3422/1253/2486 3389/1253/2457 3519/1253/2456
f 3414/1253/2409 3378/1253/2387 3377/1253/4177
f 3416/1253/2417 3512/1253/2416 3514/1253/2475
f 3508/1253/2418 3385/1253/2394 3384/1253/2391
f 3393/1253/4194 3424/1253/2459 3425/1253/4215
f 3390/1253/2421 3422/1253/2486 3423/1253/2422
f 3394/1253/2425 3425/1253/4215 3527/1253/2505
f 3429/1253/2502 3397/1253/2460 3428/1253/2462
f 3426/1253/2426 3394/1253/2425 3527/1253/2505
f 3430/1253/2507 3398/1253/4199 3429/1253/2502
f 3489/1253/4085 3509/1253/4088 3488/1253/4089
f 3431/1253/2429 3399/1253/2428 3430/1253/2507
f 3400/1253/2427 3432/1253/2431 3401/1253/2463
f 3434/1253/2434 3403/1253/2433 3520/1253/4216
f 3515/1253/2446 3513/1253/2472 3409/1253/2133
f 3522/1253/2440 3535/1253/2439 3553/1253/2449
f 3439/1253/2443 3412/1253/2442 3438/1253/2464
f 3417/1253/2454 3383/1253/4217 3382/1253/2453
f 3511/1253/2139 3494/1253/2141 3493/1253/4214
f 3417/1253/2454 3496/1253/2135 3502/1253/2138
f 3381/1253/2415 3507/1253/2131 3501/1253/2137
f 3352/1253/4191 3386/1253/2420 3387/1253/2499
f 3523/1253/2436 3457/1253/2490 3436/1253/2437
f 3457/1253/2490 3456/1253/2489 3482/1253/4076
f 3512/1253/2416 3381/1253/2415 3346/1253/2496
f 3515/1253/2446 3458/1253/2445 3459/1253/2512
f 3380/1253/2411 3345/1253/2513 3379/1253/2408
f 3347/1253/2390 3383/1253/4217 3384/1253/2391
f 3349/1253/2393 3384/1253/2391 3385/1253/2394
f 3356/1253/2396 3391/1253/2423 3392/1253/2397
f 3398/1253/4199 3362/1253/2400 3397/1253/2460
f 3404/1253/2402 3368/1253/4204 3403/1253/2433
f 3406/1253/2405 3370/1253/2403 3405/1253/2477
f 3511/1253/2139 3488/1253/4089 3373/1253/2478
f 3446/1253/2484 3419/1253/2419 3445/1253/2493
f 3516/1253/2471 3409/1253/2133 3513/1253/2472
f 3347/1253/2390 3382/1253/2453 3383/1253/4217
f 3518/1253/2481 3444/1253/2480 3445/1253/2493
f 3449/1253/2508 3422/1253/2486 3448/1253/2485
f 3452/1253/2488 3433/1253/2432 3432/1253/2431
f 3432/1253/2431 3431/1253/2429 3452/1253/2488
f 3454/1253/4212 3520/1253/4216 3453/1253/4210
f 3520/1253/4216 3433/1253/2432 3453/1253/4210
f 3455/1253/4211 3435/1253/4207 3454/1253/4212
f 3435/1253/4207 3434/1253/2434 3454/1253/4212
f 3460/1253/4213 3522/1253/2440 3553/1253/2449
f 3553/1253/2449 3538/1253/2448 3460/1253/4213
f 3462/1253/2576 3438/1253/2464 3461/1253/2491
f 3440/1253/2450 3173/1253/4176 3197/1253/2451
f 3440/1253/2450 3415/1253/2410 3414/1253/2409
f 3388/1253/2458 3403/1253/2433 3402/1253/2430
f 3442/1253/4218 3552/1253/2412 3441/1253/2510
f 3417/1253/2454 3443/1253/2492 3418/1253/2479
f 3508/1253/2418 3445/1253/2493 3419/1253/2419
f 3447/1253/2482 3421/1253/2455 3420/1253/2483
f 3421/1253/2455 3447/1253/2482 3519/1253/2456
f 3431/1253/2429 3430/1253/2507 3451/1253/2487
f 3456/1253/2489 3521/1253/4208 3455/1253/4211
f 3502/1253/2138 3443/1253/2492 3417/1253/2454
f 3496/1253/2135 3382/1253/2453 3525/1253/2469
f 3501/1253/2137 3496/1253/2135 3381/1253/2415
f 3520/1253/4216 3421/1253/2455 3433/1253/2432
f 3421/1253/2455 3402/1253/2430 3433/1253/2432
f 3529/1253/2506 3425/1253/4215 3424/1253/2459
f 3420/1253/2483 3520/1253/4216 3403/1253/2433
f 3428/1253/2462 3427/1253/2461 3526/1253/2500
f 3428/1253/2462 3526/1253/2500 3429/1253/2502
f 3425/1253/4215 3528/1253/2503 3527/1253/2505
f 3534/1253/4219 3411/1253/2438 3374/1253/4205
f 3529/1253/2506 3423/1253/2422 3449/1253/2508
f 3429/1253/2502 3450/1253/2501 3451/1253/2487
f 3545/1253/2151 3536/1253/4220 3442/1253/4218
f 3548/1253/2447 3535/1253/2439 3410/1253/2516
f 3546/1253/2150 3537/1253/2509 3536/1253/4220
f 3458/1253/2445 3547/1253/2129 3459/1253/2512
f 3538/1253/2448 3485/1253/4083 3460/1253/4213
f 3547/1253/2129 3538/1253/2448 3459/1253/2512
f 3533/1253/2517 3535/1253/2439 3534/1253/4219
f 3513/1253/2472 3548/1253/2447 3410/1253/2516
f 3524/1253/2474 3537/1253/2509 3550/1253/2145
f 3513/1253/2472 3410/1253/2516 3549/1253/2473
f 3613/1253/2584 3376/1253/4206 3413/1253/2441
f 3441/1253/2510 3552/1253/2412 3415/1253/2410
f 3442/1253/4218 3441/1253/2510 3545/1253/2151
f 3514/1253/2475 3532/1253/2413 3517/1253/2414
f 3345/1253/2513 3551/1253/2388 3379/1253/2408
f 3530/1253/2514 3380/1253/2411 3532/1253/2413
f 3517/1253/2414 3552/1253/2412 3536/1253/4220
f 3536/1253/4220 3537/1253/2509 3517/1253/2414
f 3536/1253/4220 3552/1253/2412 3442/1253/4218
f 3524/1253/2474 3514/1253/2475 3537/1253/2509
f 3579/1253/2641 3613/1253/2584 3614/1253/2543
f 3619/1253/2589 3584/1253/2520 3618/1253/2519
f 3579/1253/2641 3614/1253/2543 3615/1253/2639
f 3630/1253/2527 3595/1253/4221 3629/1253/4222
f 3585/1253/4223 3619/1253/2589 3586/1253/2602
f 3590/1253/2523 3624/1253/2522 3591/1253/2603
f 3593/1253/2526 3627/1253/2525 3594/1253/2604
f 3594/1253/2604 3629/1253/4222 3595/1253/4221
f 3606/1253/4224 3639/1253/4225 3640/1253/2595
f 3597/1253/2528 3632/1253/2530 3598/1253/2532
f 3600/1253/4226 3635/1253/2533 3601/1253/2535
f 3604/1253/2539 3639/1253/4225 3605/1253/4227
f 3607/1253/4228 3640/1253/2595 3641/1253/2558
f 3841/1253/4229 3645/1253/2541 3871/1253/2566
f 3607/1253/4228 3641/1253/2558 3608/1253/2609
f 3766/1253/2643 3644/1253/2647 3767/1253/2564
f 3610/1253/2642 3767/1253/2564 3784/1253/2563
f 3754/1253/4230 3620/1253/2551 3753/1253/2550
f 3413/1253/2441 3439/1253/2443 3646/1253/2544
f 3745/1253/2599 3750/1253/2587 3618/1253/2519
f 3651/1253/2614 3622/1253/4231 3650/1253/4232
f 3761/1253/2555 3629/1253/4222 3628/1253/2556
f 3623/1253/4233 3651/1253/2614 3652/1253/2552
f 3625/1253/2554 3653/1253/2553 3626/1253/2591
f 3657/1253/2593 3629/1253/4222 3656/1253/4121
f 3662/1253/4234 3638/1253/2606 3637/1253/2538
f 3631/1253/2592 3630/1253/2527 3657/1253/2593
f 3663/1253/2622 3639/1253/4225 3638/1253/2606
f 3704/1253/4107 3758/1253/2568 3759/1253/2190
f 3640/1253/2595 3639/1253/4225 3664/1253/2596
f 3740/1253/2572 3644/1253/2647 3779/1253/2571
f 3784/1253/2563 3668/1253/2565 3645/1253/2541
f 3725/1253/4118 3688/1253/4235 3667/1253/2569
f 3705/1253/4104 3674/1253/2621 3704/1253/4107
f 3706/1253/4106 3675/1253/2610 3705/1253/4104
f 3677/1253/4236 3706/1253/4106 3707/1253/4110
f 3708/1253/4111 3678/1253/2612 3707/1253/4110
f 3707/1253/4110 3678/1253/2612 3677/1253/4236
f 3711/1253/4237 3683/1253/2618 3682/1253/2633
f 3680/1253/2615 3679/1253/2613 3708/1253/4111
f 3681/1253/2616 3680/1253/2615 3708/1253/4111
f 3712/1253/4109 3684/1253/2619 3711/1253/4237
f 3713/1253/4105 3685/1253/4238 3712/1253/4109
f 3713/1253/4105 3687/1253/4239 3686/1253/2623
f 3715/1253/4117 3688/1253/4235 3714/1253/4108
f 3667/1253/2569 3720/1253/2175 3724/1253/2174
f 3693/1253/2620 3777/1253/2189 3718/1253/4102
f 3693/1253/2620 3718/1253/4102 3719/1253/4129
f 3693/1253/2620 3719/1253/4129 3920/1253/4130
f 3642/1253/2561 3727/1253/2178 3723/1253/2177
f 3736/1253/2625 3729/1253/2631 3730/1253/2630
f 3731/1253/2629 3738/1253/2627 3737/1253/2626
f 3627/1253/2525 3654/1253/2590 3655/1253/4240
f 3646/1253/2544 3613/1253/2584 3413/1253/2441
f 3768/1253/2644 3615/1253/2639 3614/1253/2543
f 3648/1253/2548 3746/1253/2547 3747/1253/2646
f 3618/1253/2519 3751/1253/2588 3752/1253/2549
f 3752/1253/2549 3619/1253/2589 3618/1253/2519
f 3652/1253/2552 3624/1253/2522 3623/1253/4233
f 3659/1253/2634 3631/1253/2592 3658/1253/2594
f 3627/1253/2525 3655/1253/4240 3761/1253/2555
f 3660/1253/2638 3632/1253/2530 3659/1253/2634
f 3755/1253/2617 3633/1253/2605 3660/1253/2638
f 3755/1253/2617 3635/1253/2533 3634/1253/4241
f 3722/1253/4114 3741/1253/2180 3721/1253/2182
f 3756/1253/2557 3635/1253/2533 3661/1253/4242
f 3896/1253/2567 3645/1253/2541 3669/1253/2597
f 3725/1253/4118 3743/1253/2186 3726/1253/2185
f 3648/1253/2548 3673/1253/2650 3758/1253/2568
f 3649/1253/2583 3728/1253/2176 3734/1253/2183
f 3616/1253/2546 3739/1253/2173 3733/1253/2179
f 3688/1253/4235 3687/1253/4239 3714/1253/4108
f 3750/1253/2587 3745/1253/2599 3649/1253/2583
f 3666/1253/2562 3641/1253/2558 3757/1253/2560
f 3587/1253/4243 3620/1253/2551 3621/1253/4244
f 3779/1253/2571 3748/1253/2600 3667/1253/2569
f 3583/1253/2518 3745/1253/2599 3618/1253/2519
f 3621/1253/4244 3588/1253/4245 3587/1253/4243
f 3623/1253/4233 3588/1253/4245 3622/1253/4231
f 3626/1253/2591 3591/1253/2603 3625/1253/2554
f 3589/1253/2521 3623/1253/4233 3624/1253/2522
f 3633/1253/2605 3600/1253/4226 3599/1253/2531
f 3592/1253/2524 3626/1253/2591 3627/1253/2525
f 3629/1253/4222 3594/1253/2604 3628/1253/2556
f 3632/1253/2530 3597/1253/2528 3631/1253/2592
f 3635/1253/2533 3600/1253/4226 3634/1253/4241
f 3639/1253/4225 3604/1253/2539 3638/1253/2606
f 3721/1253/2182 3609/1253/2607 3642/1253/2561
f 3676/1253/2611 3751/1253/2588 3675/1253/2610
f 3611/1253/2540 3784/1253/2563 3645/1253/2541
f 3583/1253/2518 3617/1253/2582 3745/1253/2599
f 3616/1253/2546 3582/1253/2628 3746/1253/2547
f 3439/1253/2443 3462/1253/2576 3670/1253/2575
f 3647/1253/2586 3671/1253/2645 3672/1253/2579
f 3677/1253/4236 3753/1253/2550 3676/1253/2611
f 3754/1253/4230 3678/1253/2612 3650/1253/4232
f 3684/1253/2619 3756/1253/2557 3661/1253/4242
f 3651/1253/2614 3679/1253/2613 3680/1253/2615
f 3661/1253/4242 3755/1253/2617 3684/1253/2619
f 3686/1253/2623 3662/1253/4234 3685/1253/4238
f 3662/1253/4234 3756/1253/2557 3685/1253/4238
f 3920/1253/4130 3669/1253/2597 3693/1253/2620
f 3757/1253/2560 3665/1253/2559 3687/1253/4239
f 3757/1253/2560 3687/1253/4239 3688/1253/4235
f 3740/1253/2572 3779/1253/2571 3691/1253/2573
f 3769/1253/2574 3691/1253/2573 3692/1253/2651
f 3686/1253/2623 3665/1253/2559 3664/1253/2596
f 3749/1253/2545 3646/1253/2544 3670/1253/2575
f 3649/1253/2583 3674/1253/2621 3750/1253/2587
f 3650/1253/4232 3678/1253/2612 3651/1253/2614
f 3652/1253/2552 3680/1253/2615 3653/1253/2553
f 3755/1253/2617 3660/1253/2638 3683/1253/2618
f 3621/1253/4244 3636/1253/2536 3622/1253/4231
f 3688/1253/4235 3666/1253/2562 3757/1253/2560
f 3734/1253/2183 3758/1253/2568 3649/1253/2583
f 3728/1253/2176 3617/1253/2582 3760/1253/2598
f 3728/1253/2176 3760/1253/2598 3582/1253/2628
f 3733/1253/2179 3728/1253/2176 3616/1253/2546
f 3650/1253/4232 3636/1253/2536 3756/1253/2557
f 3754/1253/4230 3756/1253/2557 3662/1253/4234
f 3621/1253/4244 3662/1253/4234 3637/1253/2538
f 3763/1253/2637 3655/1253/4240 3654/1253/2590
f 3658/1253/2594 3657/1253/2593 3710/1253/2632
f 3658/1253/2594 3710/1253/2632 3659/1253/2634
f 3655/1253/4240 3762/1253/2635 3761/1253/2555
f 3689/1253/2570 3716/1253/2168 3690/1253/2624
f 3763/1253/2637 3653/1253/2553 3681/1253/2616
f 3659/1253/2634 3682/1253/2633 3683/1253/2618
f 3615/1253/2639 3764/1253/2585 3765/1253/2648
f 3746/1253/2547 3765/1253/2648 3764/1253/2585
f 3717/1253/2187 3692/1253/2651 3691/1253/2573
f 3777/1253/2189 3693/1253/2620 3692/1253/2651
f 3758/1253/2568 3673/1253/2650 3703/1253/2171
f 3670/1253/2575 3768/1253/2644 3749/1253/2545
f 3610/1253/2642 3784/1253/2563 3611/1253/2540
f 3668/1253/2565 3769/1253/2574 3693/1253/2620
f 3671/1253/2645 3670/1253/2575 3776/1253/2580
f 3717/1253/2187 3691/1253/2573 3690/1253/2624
f 3647/1253/2586 3673/1253/2650 3747/1253/2646
f 3672/1253/2579 3671/1253/2645 3776/1253/2580
f 3673/1253/2650 3672/1253/2579 3702/1253/2581
f 3740/1253/2572 3769/1253/2574 3767/1253/2564
f 3668/1253/2565 3767/1253/2564 3769/1253/2574
f 3748/1253/2600 3644/1253/2647 3778/1253/2608
f 3843/1253/4246 3809/1253/2751 3844/1253/2726
f 3692/1253/2651 3693/1253/2620 3769/1253/2574
f 3807/1253/2287 3808/1253/4247 3843/1253/4246
f 3847/1253/4248 3815/1253/2655 3848/1253/2657
f 3813/1253/4249 3814/1253/4250 3847/1253/4248
f 3851/1253/2660 3817/1253/4251 3818/1253/2658
f 3816/1253/2656 3817/1253/4251 3850/1253/4252
f 3855/1253/2684 3821/1253/4253 3822/1253/4254
f 3820/1253/4255 3821/1253/4253 3854/1253/2683
f 3855/1253/2684 3823/1253/2661 3856/1253/2663
f 3859/1253/2719 3827/1253/4256 3860/1253/4257
f 3826/1253/4258 3859/1253/2719 3825/1253/2730
f 3860/1253/4257 3828/1253/4259 3861/1253/4260
f 3861/1253/4260 3829/1253/4261 3862/1253/4262
f 3862/1253/4262 3830/1253/2666 3990/1253/2665
f 3864/1253/2720 3833/1253/4263 3865/1253/4264
f 3832/1253/4265 3864/1253/2720 3831/1253/2664
f 3865/1253/4264 3834/1253/4266 3866/1253/2690
f 3866/1253/2690 3835/1253/4267 3867/1253/2688
f 3870/1253/4268 3839/1253/4269 3840/1253/4270
f 3835/1253/4267 3836/1253/4271 3867/1253/2688
f 3870/1253/4268 3841/1253/4229 3871/1253/2566
f 3846/1253/2681 3977/1253/2731 3877/1253/2680
f 3873/1253/4272 3872/1253/4182 3842/1253/4181
f 3844/1253/2726 3874/1253/2753 3873/1253/4272
f 3848/1253/2657 3977/1253/2731 3847/1253/4248
f 3849/1253/2728 3979/1253/2733 3878/1253/4273
f 3850/1253/4252 3980/1253/2712 3979/1253/2733
f 3882/1253/2682 3856/1253/2663 3883/1253/2715
f 3852/1253/2713 3980/1253/2712 3851/1253/2660
f 3860/1253/4257 3888/1253/2736 3887/1253/2717
f 3857/1253/2716 3883/1253/2715 3856/1253/2663
f 3860/1253/4257 3887/1253/2717 3859/1253/2719
f 3888/1253/2736 3862/1253/4262 3889/1253/2734
f 3889/1253/2734 3990/1253/2665 3981/1253/4274
f 3890/1253/2741 3866/1253/2690 3891/1253/2689
f 3865/1253/4264 3890/1253/2741 3969/1253/2685
f 3868/1253/4275 3893/1253/2693 3867/1253/2688
f 4000/1253/2668 4017/1253/2696 3974/1253/2695
f 3970/1253/2672 4025/1253/2691 4017/1253/2696
f 3871/1253/2566 3896/1253/2567 3895/1253/2745
f 3978/1253/4276 3878/1253/4273 3905/1253/2706
f 3892/1253/2742 3893/1253/2693 3915/1253/2743
f 4011/1253/2211 3900/1253/4277 4012/1253/2763
f 3899/1253/2757 3928/1253/2213 3898/1253/2698
f 3903/1253/2702 3929/1253/2209 3902/1253/2723
f 3991/1253/2705 3931/1253/4135 3904/1253/2703
f 3931/1253/4135 3930/1253/2210 3904/1253/2703
f 3905/1253/2706 3933/1253/4137 3932/1253/2704
f 3933/1253/4137 3907/1253/2738 3934/1253/2749
f 3909/1253/2739 3937/1253/4138 3908/1253/2746
f 3910/1253/2735 3938/1253/4136 3937/1253/4138
f 3911/1253/4278 3939/1253/4134 3938/1253/4136
f 3939/1253/4134 3913/1253/2708 3940/1253/2208
f 3915/1253/2743 3926/1253/2260 3940/1253/2208
f 3918/1253/2737 3943/1253/4151 3942/1253/4131
f 3941/1253/2215 4013/1253/2247 3983/1253/2758
f 3942/1253/4131 3941/1253/2215 3918/1253/2737
f 3944/1253/2227 3894/1253/2694 3950/1253/2225
f 3920/1253/4130 3943/1253/4151 3919/1253/2744
f 3955/1253/2230 3868/1253/4275 3949/1253/2228
f 3964/1253/4139 3957/1253/2233 3963/1253/2232
f 3989/1253/2722 3875/1253/2677 3962/1253/2229
f 3959/1253/2224 3966/1253/2239 3960/1253/4140
f 3987/1253/2709 3975/1253/2710 3961/1253/2226
f 3853/1253/4279 3879/1253/2711 3852/1253/2713
f 3842/1253/4181 3843/1253/4246 3873/1253/4272
f 3873/1253/4272 3843/1253/4246 3844/1253/2726
f 3877/1253/2680 3876/1253/2678 3845/1253/2679
f 3854/1253/2683 3880/1253/2750 3853/1253/4279
f 3857/1253/2716 3885/1253/4280 3884/1253/2714
f 3882/1253/2682 3881/1253/4281 3854/1253/2683
f 3858/1253/2729 3886/1253/2718 3885/1253/4280
f 3946/1253/2222 3951/1253/2240 3952/1253/2234
f 3969/1253/2685 3864/1253/2720 3865/1253/4264
f 3867/1253/2688 3892/1253/2742 3891/1253/2689
f 3895/1253/2745 3984/1253/2721 3869/1253/2671
f 3869/1253/2671 3870/1253/4268 3895/1253/2745
f 3895/1253/2745 3870/1253/4268 3871/1253/2566
f 3953/1253/2237 3948/1253/4141 3947/1253/2235
f 3988/1253/4282 3971/1253/2654 3989/1253/2722
f 3962/1253/2229 3956/1253/2242 3989/1253/2722
f 3961/1253/2226 3967/1253/2238 3987/1253/2709
f 3812/1253/2727 3846/1253/2681 3845/1253/2679
f 3940/1253/2208 3914/1253/2707 3915/1253/2743
f 3893/1253/2693 3892/1253/2742 3867/1253/2688
f 3997/1253/2669 3894/1253/2694 4016/1253/4283
f 3843/1253/4246 3842/1253/4181 3807/1253/2287
f 3819/1253/2659 3853/1253/4279 3852/1253/2713
f 3847/1253/4248 3846/1253/2681 3813/1253/4249
f 3850/1253/4252 3849/1253/2728 3816/1253/2656
f 3857/1253/2716 3825/1253/2730 3858/1253/2729
f 3854/1253/2683 3853/1253/4279 3820/1253/4255
f 3945/1253/2241 3949/1253/2228 3836/1253/4271
f 3977/1253/2731 3991/1253/2705 3904/1253/2703
f 3836/1253/4271 3868/1253/4275 3867/1253/2688
f 3976/1253/4284 3975/1253/2710 3972/1253/2675
f 3904/1253/2703 3903/1253/2702 3876/1253/2678
f 3979/1253/2733 3905/1253/2706 3878/1253/4273
f 3910/1253/2735 3981/1253/4274 3911/1253/4278
f 3907/1253/2738 3906/1253/2732 3980/1253/2712
f 3888/1253/2736 3910/1253/2735 3909/1253/2739
f 3982/1253/2686 3912/1253/2740 3911/1253/4278
f 3911/1253/4278 3981/1253/4274 3982/1253/2686
f 3872/1253/4182 3898/1253/2698 3897/1253/2700
f 3891/1253/2689 3913/1253/2708 3912/1253/2740
f 3919/1253/2744 3918/1253/2737 3984/1253/2721
f 3896/1253/2567 3920/1253/4130 3919/1253/2744
f 3968/1253/2676 3903/1253/2702 3902/1253/2723
f 3873/1253/4272 3899/1253/2757 3898/1253/2698
f 3902/1253/2723 3967/1253/2238 3966/1253/2239
f 4001/1253/2674 3900/1253/4277 4002/1253/2754
f 3877/1253/2680 3904/1253/2703 3876/1253/2678
f 3905/1253/2706 3991/1253/2705 3978/1253/4276
f 3890/1253/2741 3912/1253/2740 3969/1253/2685
f 3892/1253/2742 3914/1253/2707 3891/1253/2689
f 3962/1253/2229 3875/1253/2677 3902/1253/2723
f 3963/1253/2232 3962/1253/2229 3902/1253/2723
f 3964/1253/4139 3963/1253/2232 3902/1253/2723
f 3965/1253/2223 3964/1253/4139 3902/1253/2723
f 3966/1253/2239 3965/1253/2223 3902/1253/2723
f 3976/1253/4284 3956/1253/2242 3957/1253/2233
f 3988/1253/4282 3989/1253/2722 3976/1253/4284
f 3961/1253/2226 3975/1253/2710 3976/1253/4284
f 3960/1253/4140 3961/1253/2226 3976/1253/4284
f 3959/1253/2224 3960/1253/4140 3976/1253/4284
f 3958/1253/2236 3959/1253/2224 3976/1253/4284
f 3957/1253/2233 3958/1253/2236 3976/1253/4284
f 3863/1253/2687 3849/1253/2728 3990/1253/2665
f 3981/1253/4274 3849/1253/2728 3878/1253/4273
f 3878/1253/4273 3982/1253/2686 3981/1253/4274
f 3982/1253/2686 3848/1253/2657 3863/1253/2687
f 4003/1253/2697 4013/1253/2247 4022/1253/2219
f 3885/1253/4280 3936/1253/2747 3884/1253/2714
f 3886/1253/2718 3936/1253/2747 3885/1253/4280
f 3882/1253/2682 3992/1253/2748 3881/1253/4281
f 3881/1253/4281 3992/1253/2748 3880/1253/2750
f 3880/1253/2750 3934/1253/2749 3907/1253/2738
f 3880/1253/2750 3907/1253/2738 3879/1253/2711
f 3909/1253/2739 3908/1253/2746 3886/1253/2718
f 3887/1253/2717 3909/1253/2739 3886/1253/2718
f 4012/1253/2763 3900/1253/4277 3901/1253/2761
f 4022/1253/2219 3926/1253/2260 3916/1253/2692
f 3975/1253/2710 3973/1253/2673 3972/1253/2675
f 4015/1253/2245 3901/1253/2761 3985/1253/2701
f 3997/1253/2669 4016/1253/4283 3837/1253/2760
f 3901/1253/2761 3900/1253/4277 3973/1253/2673
f 4018/1253/2762 3995/1253/4285 3996/1253/2759
f 3995/1253/4285 3976/1253/4284 3972/1253/2675
f 3999/1253/2670 3839/1253/4269 3869/1253/2671
f 4011/1253/2211 3899/1253/2757 4002/1253/2754
f 4021/1253/2755 3994/1253/2725 4001/1253/2674
f 3994/1253/2725 4018/1253/2762 3996/1253/2759
f 3995/1253/4285 3972/1253/2675 3996/1253/2759
f 4025/1253/2691 3983/1253/2758 3917/1253/2756
f 3996/1253/2759 4001/1253/2674 3994/1253/2725
f 3973/1253/2673 3900/1253/4277 4001/1253/2674
f 4049/1253/4332 4059/1253/2828 4058/1253/4333
f 4049/1253/4332 4054/1253/2821 4052/1253/2819
f 4062/1253/4334 4053/1253/2823 4063/1253/2822
f 4050/1253/2818 4060/1253/2817 4059/1253/2828
f 4051/1253/2816 4061/1253/2820 4060/1253/2817
f 4052/1253/2819 4062/1253/4334 4061/1253/2820
f 4066/1253/4335 4057/1253/4336 4067/1253/4337
f 4054/1253/2821 4064/1253/2825 4063/1253/2822
f 4055/1253/2824 4065/1253/2827 4064/1253/2825
f 4056/1253/2826 4066/1253/4335 4065/1253/2827
f 4057/1253/4336 4058/1253/4333 4067/1253/4337
f 4069/1253/2830 4058/1253/4333 4059/1253/2828
f 4071/1253/2832 4059/1253/2828 4060/1253/2817
f 4073/1253/2834 4060/1253/2817 4061/1253/2820
f 4075/1253/4339 4061/1253/2820 4062/1253/4334
f 4076/1253/4340 4062/1253/4334 4063/1253/2822
f 4078/1253/4341 4064/1253/2825 4079/1253/4342
f 4063/1253/2822 4077/1253/4343 4076/1253/4340
f 4063/1253/2822 4078/1253/4341 4077/1253/4343
f 4080/1253/4344 4065/1253/2827 4081/1253/4345
f 4064/1253/2825 4080/1253/4344 4079/1253/4342
f 4082/1253/4346 4066/1253/4335 4083/1253/4347
f 4065/1253/2827 4082/1253/4346 4081/1253/4345
f 4084/1253/4348 4067/1253/4337 4085/1253/4349
f 4066/1253/4335 4084/1253/4348 4083/1253/4347
f 4085/1253/4349 4058/1253/4333 4068/1253/4350
s 0
f 4068/1253/4351 4069/1253/2837 4087/1253/4352
f 4069/1253/4353 4070/1253/2837 4088/1253/4354
f 4070/1253/4355 4071/1253/2837 4089/1253/4356
f 4071/1253/4357 4072/1253/2837 4090/1253/4358
f 4072/1253/4359 4073/1253/2837 4091/1253/4360
f 4073/1253/4361 4074/1253/2837 4092/1253/4362
f 4074/1253/4363 4075/1253/2837 4093/1253/4364
f 4075/1253/4365 4076/1253/2837 4094/1253/4366
f 4076/1253/2852 4077/1253/2852 4095/1253/2852
f 4077/1253/4367 4078/1253/2855 4096/1253/4368
f 4078/1253/4369 4079/1253/2855 4097/1253/4370
f 4079/1253/4371 4080/1253/2855 4098/1253/4372
f 4080/1253/4373 4081/1253/2855 4099/1253/4374
f 4081/1253/4375 4082/1253/2855 4100/1253/4376
f 4082/1253/4377 4083/1253/2855 4101/1253/4378
f 4083/1253/4379 4084/1253/2855 4102/1253/4380
f 4084/1253/4381 4085/1253/2855 4103/1253/4382
f 4085/1253/2852 4068/1253/2852 4086/1253/2852
s 1
f 4184/1253/4423 4194/1253/4424 4185/1253/2930
f 4189/1253/2935 4184/1253/4423 4186/1253/2929
f 4188/1253/4425 4197/1253/4426 4198/1253/4427
f 4194/1253/4424 4195/1253/2928 4185/1253/2930
f 4195/1253/2928 4196/1253/2931 4186/1253/2929
f 4196/1253/2931 4197/1253/4426 4187/1253/2932
f 4188/1253/4425 4199/1253/4428 4189/1253/2935
f 4192/1253/4429 4202/1253/4430 4203/1253/4431
f 4199/1253/4428 4200/1253/2933 4189/1253/2935
f 4200/1253/2933 4201/1253/2936 4190/1253/2934
f 4201/1253/2936 4202/1253/4430 4191/1253/2937
f 4192/1253/4429 4193/1253/4432 4184/1253/4423
f 4205/1253/4433 4193/1253/4432 4204/1253/4434
f 4207/1253/4435 4194/1253/4424 4206/1253/4436
f 4194/1253/4424 4205/1253/4433 4206/1253/4436
f 4209/1253/4437 4195/1253/2928 4208/1253/4438
f 4195/1253/2928 4207/1253/4435 4208/1253/4438
f 4211/1253/4439 4196/1253/2931 4210/1253/4440
f 4196/1253/2931 4209/1253/4437 4210/1253/4440
f 4212/1253/4441 4197/1253/4426 4211/1253/4439
f 4199/1253/4428 4213/1253/4442 4214/1253/4443
f 4212/1253/4441 4213/1253/4442 4198/1253/4427
f 4200/1253/2933 4214/1253/4443 4215/1253/4444
f 4201/1253/2936 4216/1253/4445 4217/1253/4446
f 4215/1253/4444 4216/1253/4445 4200/1253/2933
f 4202/1253/4430 4218/1253/4447 4219/1253/4448
f 4217/1253/4446 4218/1253/4447 4201/1253/2936
f 4203/1253/4431 4220/1253/4449 4221/1253/2969
f 4219/1253/4448 4220/1253/4449 4202/1253/4430
f 4204/1253/4434 4203/1253/4431 4221/1253/2969
s 0
f 4204/1253/2837 4222/1253/4450 4223/1253/4451
f 4205/1253/2837 4223/1253/4452 4224/1253/4453
f 4206/1253/2837 4224/1253/4454 4225/1253/4455
f 4207/1253/2837 4225/1253/4456 4226/1253/4457
f 4208/1253/2837 4226/1253/4458 4227/1253/4459
f 4209/1253/2837 4227/1253/4460 4228/1253/4461
f 4210/1253/2837 4228/1253/4462 4229/1253/4463
f 4211/1253/2837 4229/1253/4464 4230/1253/4465
f 4212/1253/2852 4230/1253/2852 4231/1253/2852
f 4213/1253/2855 4231/1253/4466 4232/1253/4467
f 4214/1253/2855 4232/1253/4468 4233/1253/4469
f 4215/1253/2855 4233/1253/4470 4234/1253/4471
f 4216/1253/2855 4234/1253/4472 4235/1253/4473
f 4217/1253/2855 4235/1253/4474 4236/1253/4475
f 4218/1253/2855 4236/1253/4476 4237/1253/4477
f 4219/1253/2855 4237/1253/4478 4238/1253/4479
f 4220/1253/2855 4238/1253/4480 4239/1253/4481
f 4221/1253/2852 4239/1253/2852 4222/1253/2852
s 1
f 4320/1253/4528 4330/1253/3027 4329/1253/4529
f 4320/1253/4528 4325/1253/4530 4323/1253/3025
f 4333/1253/4531 4324/1253/4532 4334/1253/4533
f 4321/1253/3024 4331/1253/3023 4330/1253/3027
f 4322/1253/3022 4332/1253/3026 4331/1253/3023
f 4323/1253/3025 4333/1253/4531 4332/1253/3026
f 4334/1253/4533 4325/1253/4530 4335/1253/4534
f 4335/1253/4534 4326/1253/4535 4336/1253/4536
f 4326/1253/4535 4337/1253/4537 4336/1253/4536
f 4338/1253/4538 4328/1253/4539 4339/1253/4540
f 4327/1253/4541 4338/1253/4538 4337/1253/4537
f 4328/1253/4539 4329/1253/4529 4339/1253/4540
f 4341/1253/3029 4329/1253/4529 4330/1253/3027
f 4343/1253/3031 4330/1253/3027 4331/1253/3023
f 4345/1253/3033 4331/1253/3023 4332/1253/3026
f 4347/1253/4542 4332/1253/3026 4333/1253/4531
f 4348/1253/4543 4333/1253/4531 4334/1253/4533
f 4349/1253/4544 4335/1253/4534 4350/1253/4545
f 4334/1253/4533 4349/1253/4544 4348/1253/4543
f 4351/1253/4546 4336/1253/4536 4352/1253/4547
f 4335/1253/4534 4351/1253/4546 4350/1253/4545
f 4353/1253/4548 4337/1253/4537 4354/1253/4549
f 4336/1253/4536 4353/1253/4548 4352/1253/4547
f 4354/1253/4549 4338/1253/4538 4355/1253/4550
f 4356/1253/4551 4339/1253/4540 4357/1253/4552
f 4338/1253/4538 4356/1253/4551 4355/1253/4550
f 4357/1253/4552 4329/1253/4529 4340/1253/4553
s 0
f 4340/1253/2852 4341/1253/2852 4359/1253/2852
f 4341/1253/4554 4342/1253/2837 4360/1253/4555
f 4342/1253/4556 4343/1253/2837 4361/1253/4557
f 4343/1253/4558 4344/1253/2837 4362/1253/4559
f 4344/1253/4558 4345/1253/2837 4363/1253/4560
f 4345/1253/4561 4346/1253/2837 4364/1253/4562
f 4346/1253/4563 4347/1253/2837 4365/1253/4564
f 4347/1253/4565 4348/1253/2837 4366/1253/4566
f 4348/1253/4567 4349/1253/2837 4367/1253/4568
f 4349/1253/4569 4350/1253/2837 4368/1253/4570
f 4350/1253/4571 4351/1253/2837 4369/1253/4572
f 4351/1253/4573 4352/1253/2837 4370/1253/4574
f 4352/1253/4575 4353/1253/2837 4371/1253/4576
f 4353/1253/4577 4354/1253/2837 4372/1253/4578
f 4354/1253/4579 4355/1253/2837 4373/1253/4580
f 4355/1253/4581 4356/1253/2837 4374/1253/4582
f 4356/1253/2852 4357/1253/2852 4375/1253/2852
f 4357/1253/4583 4340/1253/2855 4358/1253/4584
s 1
f 4456/1253/4623 4466/1253/4624 4457/1253/3128
f 4461/1253/4625 4456/1253/4623 4458/1253/3127
f 4460/1253/4626 4469/1253/4627 4470/1253/4628
f 4466/1253/4624 4467/1253/3126 4457/1253/3128
f 4467/1253/3126 4468/1253/3129 4458/1253/3127
f 4468/1253/3129 4469/1253/4627 4459/1253/3130
f 4461/1253/4625 4470/1253/4628 4471/1253/4629
f 4462/1253/4630 4471/1253/4629 4472/1253/4631
f 4462/1253/4630 4473/1253/4632 4463/1253/4633
f 4464/1253/4634 4474/1253/4635 4475/1253/4636
f 4473/1253/4632 4474/1253/4635 4463/1253/4633
f 4464/1253/4634 4465/1253/4637 4456/1253/4623
f 4477/1253/4638 4465/1253/4637 4476/1253/4639
f 4479/1253/4640 4466/1253/4624 4478/1253/4641
f 4466/1253/4624 4477/1253/4638 4478/1253/4641
f 4481/1253/4642 4467/1253/3126 4480/1253/4643
f 4467/1253/3126 4479/1253/4640 4480/1253/4643
f 4483/1253/4644 4468/1253/3129 4482/1253/4645
f 4468/1253/3129 4481/1253/4642 4482/1253/4645
f 4484/1253/4646 4469/1253/4627 4483/1253/4644
f 4471/1253/4629 4485/1253/4647 4486/1253/4648
f 4484/1253/4646 4485/1253/4647 4470/1253/4628
f 4472/1253/4631 4487/1253/4649 4488/1253/4650
f 4486/1253/4648 4487/1253/4649 4471/1253/4629
f 4473/1253/4632 4489/1253/4651 4490/1253/4652
f 4488/1253/4650 4489/1253/4651 4472/1253/4631
f 4474/1253/4635 4490/1253/4652 4491/1253/4653
f 4475/1253/4636 4492/1253/4654 4493/1253/4655
f 4491/1253/4653 4492/1253/4654 4474/1253/4635
f 4465/1253/4637 4493/1253/4655 4476/1253/4639
s 0
f 4476/1253/2852 4494/1253/2852 4495/1253/2852
f 4477/1253/2855 4495/1253/4656 4496/1253/4657
f 4478/1253/2855 4496/1253/4658 4497/1253/4659
f 4479/1253/2855 4497/1253/4660 4498/1253/4661
f 4480/1253/2855 4498/1253/4662 4499/1253/4663
f 4481/1253/2855 4499/1253/4664 4500/1253/4665
f 4482/1253/2855 4500/1253/4666 4501/1253/4667
f 4483/1253/2855 4501/1253/4668 4502/1253/4669
f 4484/1253/2855 4502/1253/4670 4503/1253/4671
f 4485/1253/2855 4503/1253/4672 4504/1253/4673
f 4486/1253/2855 4504/1253/4674 4505/1253/4675
f 4487/1253/2855 4505/1253/4676 4506/1253/4677
f 4488/1253/2855 4506/1253/4678 4507/1253/4679
f 4489/1253/2855 4507/1253/4680 4508/1253/4681
f 4490/1253/2855 4508/1253/4682 4509/1253/4683
f 4491/1253/2855 4509/1253/4684 4510/1253/4685
f 4492/1253/2852 4510/1253/2852 4511/1253/2852
f 4493/1253/2837 4511/1253/4686 4494/1253/4687
s 1
f 1741/1255/1268 1742/1253/3661 1762/1256/1269
f 1775/1255/1271 1776/1253/3675 1796/1256/1272
f 1801/1255/1280 1802/1253/3709 1822/1256/1281
f 1835/1255/1283 1836/1253/3723 1856/1256/1284
f 3893/1253/2693 3955/1253/2230 3954/1253/2231
f 3954/1253/2231 3953/1253/2237 3952/1253/2234
f 3952/1253/2234 3951/1253/2240 3950/1253/2225
f 3950/1253/2225 3894/1253/2694 3916/1253/2692
f 3916/1253/2692 3915/1253/2743 3893/1253/2693
f 3893/1253/2693 3954/1253/2231 3952/1253/2234
f 3952/1253/2234 3950/1253/2225 3916/1253/2692
f 19/2081/3181 13/2461/3200 14/2082/3182
f 20/2083/3183 14/2082/3182 22/1256/3184
f 3/2085/3187 10/2462/3218 4/2084/3186
f 4/2084/3186 13/2461/3200 19/2081/3181
f 1/1255/3188 9/1257/3185 22/1256/3184
f 53/2081/3190 47/2461/3211 48/2082/3191
f 54/2083/3192 48/2082/3191 56/1256/3193
f 37/2085/3196 44/2462/3221 38/2084/3195
f 38/2084/3195 47/2461/3211 53/2081/3190
f 35/1255/3197 43/1257/3194 56/1256/3193
f 18/2086/3164 17/2092/4338 19/2087/3181
f 5/2089/3165 18/2086/3164 20/2088/3183
f 19/2087/3181 17/2092/4338 12/2091/3166
f 52/2086/3173 51/2092/3172 53/2087/3190
f 39/2089/3175 52/2086/3173 54/2088/3192
f 37/1253/3196 53/2087/3190 51/2092/3172
f 15/2092/3199 14/2087/3182 13/2088/3200
f 33/2093/3201 34/2100/3206 31/2094/3202
f 14/2087/3182 15/2092/3199 21/2096/3163
f 22/2097/3184 21/2096/3163 6/2091/3170
f 31/2094/3202 27/2104/3210 23/2101/3207
f 23/2101/3207 13/2088/3200 4/2090/3186
f 4/2090/3186 24/2098/3204 28/2103/3209
f 4/2090/3186 28/2103/3209 32/2095/3203
f 31/2094/3202 23/2101/3207 4/2090/3186
f 24/2098/3204 4/2090/3186 8/2089/3168
f 33/2093/3201 29/2102/3208 25/2099/3205
f 25/2099/3205 8/2089/3168 16/2086/3167
f 16/2086/3167 26/2105/3216 30/2106/3217
f 16/2086/3167 30/2106/3217 34/2100/3206
f 33/2093/3201 25/2099/3205 16/2086/3167
f 23/2101/3207 26/2105/3216 16/2086/3167
f 29/2102/3208 33/2093/3201 32/2095/3203
f 34/2100/3206 30/2106/3217 27/2104/3210
f 49/2092/3171 48/2087/3191 47/2088/3211
f 60/2100/3212 57/2094/3215 58/2095/3213
f 48/2087/3191 49/2092/3171 55/2096/3174
f 56/2097/3193 55/2096/3174 40/2091/3180
f 57/2094/3215 28/2103/3209 24/2098/3204
f 24/2098/3204 47/2088/3211 38/2090/3195
f 38/2090/3195 23/2101/3207 27/2104/3210
f 38/2090/3195 27/2104/3210 58/2095/3213
f 57/2094/3215 24/2098/3204 38/2090/3195
f 26/2105/3216 23/2101/3207 38/2090/3195
f 59/2093/3214 30/2106/3217 26/2105/3216
f 26/2105/3216 42/2089/3178 50/2086/3177
f 50/2086/3177 25/2099/3205 29/2102/3208
f 50/2086/3177 29/2102/3208 60/2100/3212
f 59/2093/3214 26/2105/3216 50/2086/3177
f 25/2099/3205 50/2086/3177 47/2088/3211
f 59/2093/3214 58/2095/3213 27/2104/3210
f 28/2103/3209 57/2094/3215 60/2100/3212
f 11/2091/3169 1/1253/3188 2/1255/3189
f 11/2108/3169 5/1253/3165 9/2108/3185
f 45/2091/3179 35/1253/3197 36/1255/3198
f 45/2108/3179 39/1253/3175 43/2108/3194
f 8/2091/3168 4/1253/3186 10/1255/3218
f 7/2084/3219 10/2108/3218 3/2078/3187
f 41/2107/3220 42/2091/3178 38/1253/3195
f 46/2108/3176 41/2084/3220 44/2108/3221
f 675/2163/3281 676/2168/3286 818/2164/3282
f 817/2165/3283 406/914/923 381/911/920
f 94/2166/3284 819/502/511 677/499/508
f 679/2169/3287 64/509/518 96/510/519
f 95/503/512 63/505/514 679/2169/3287
f 67/511/520 824/513/522 823/2171/3289
f 98/659/668 806/660/669 681/2172/3290
f 782/551/560 824/513/522 682/512/521
f 69/2174/3292 684/554/563 825/2175/3293
f 825/2175/3293 782/551/560 68/2173/3291
f 891/516/525 898/515/524 684/554/563
f 686/2177/3295 71/2183/3301 100/558/567
f 826/2178/3296 99/517/526 70/519/528
f 72/2180/3298 101/651/660 827/2181/3299
f 827/2181/3299 100/558/567 71/2183/3301
f 688/2184/3302 73/2187/3305 102/562/571
f 828/561/570 101/651/660 72/2180/3298
f 689/2185/3303 74/523/532 103/524/533
f 829/2186/3304 102/562/571 73/2187/3305
f 76/2188/3306 105/2230/3348 830/2189/3307
f 691/2190/3308 830/2189/3307 104/522/531
f 692/2191/3309 77/2933/4688 106/567/576
f 831/566/575 105/2230/3348 76/2188/3306
f 78/2192/3310 107/569/578 709/568/577
f 106/567/576 77/2933/4688 693/2193/3311
f 79/2194/3312 108/572/581 832/570/579
f 694/2195/3313 832/570/579 107/569/578
f 80/2196/3314 109/652/661 833/573/582
f 695/2197/3315 833/573/582 108/572/581
f 81/2198/3316 110/574/583 834/576/585
f 834/576/585 109/652/661 80/2196/3314
f 82/2200/3318 111/2205/3323 835/2201/3319
f 697/2202/3320 835/2201/3319 110/574/583
f 112/579/588 900/581/590 199/657/666
f 796/583/592 837/2232/3350 698/2206/3324
f 698/2206/3324 837/2232/3350 112/579/588
f 85/2207/3325 711/585/594 838/530/539
f 88/2208/3326 115/2216/3334 841/2209/3327
f 703/2210/3328 841/2209/3327 114/2211/3329
f 704/2213/3331 89/2934/4689 116/2214/3332
f 704/2213/3331 842/2215/3333 115/2216/3334
f 90/2217/3335 117/594/603 843/2218/3336
f 116/2214/3332 89/2934/4689 705/2219/3337
f 118/597/606 844/2222/3340 706/2220/3338
f 844/2222/3340 117/594/603 90/2217/3335
f 92/2223/3341 119/2443/3561 845/2224/3342
f 707/2225/3343 845/2224/3342 118/597/606
f 817/2165/3283 818/2164/3282 869/664/673
f 775/2226/3344 120/1063/1072 406/914/923
f 818/2164/3282 93/500/509 121/668/677
f 776/669/678 819/502/511 94/2166/3284
f 121/668/677 93/500/509 819/502/511
f 94/2166/3284 678/504/513 777/542/551
f 778/2228/3346 123/541/550 95/503/512
f 823/2171/3289 824/513/522 781/675/684
f 715/650/659 780/550/559 98/659/668
f 825/2175/3293 684/554/563 870/677/686
f 685/518/527 99/517/526 125/678/687
f 100/558/567 871/560/569 785/2229/3347
f 785/2229/3347 125/678/687 99/517/526
f 105/2230/3348 790/609/618 789/564/573
f 717/2231/3349 872/577/586 110/574/583
f 836/526/535 899/525/534 896/679/688
f 127/666/675 111/2205/3323 836/526/535
f 837/2232/3350 795/582/591 718/580/589
f 113/533/542 189/587/596 873/586/595
f 841/2209/3327 115/2216/3334 129/680/689
f 128/2233/3351 114/2211/3329 841/2209/3327
f 842/2215/3333 116/2214/3332 130/683/692
f 129/680/689 115/2216/3334 842/2215/3333
f 130/683/692 116/2214/3332 843/2218/3336
f 845/2224/3342 119/2443/3561 132/606/615
f 881/103/103 790/609/618 791/610/619
f 792/571/580 793/46/46 197/2112/3225
f 762/626/635 167/27/27 168/40/40
f 133/1030/1039 849/663/672 850/613/622
f 851/611/620 852/671/680 749/2234/3352
f 749/2234/3352 852/671/680 134/670/679
f 750/673/682 814/55/55 162/444/444
f 902/621/630 753/620/629 752/619/628
f 753/620/629 903/622/631 135/625/634
f 857/629/638 901/632/641 764/630/639
f 904/631/640 140/635/644 765/2235/3353
f 766/634/643 858/633/642 859/638/647
f 815/639/648 767/637/646 877/636/645
f 771/648/657 770/643/652 142/681/690
f 114/2211/3329 848/540/549 810/2236/3354
f 853/672/681 867/674/683 882/54/54
f 850/613/622 869/664/673 121/668/677
f 849/663/672 133/1030/1039 120/1063/1072
f 122/2227/3345 852/671/680 851/611/620
f 870/677/686 894/553/562 902/621/630
f 784/556/565 135/625/634 903/622/631
f 718/580/589 140/635/644 904/631/640
f 822/656/665 179/90/90 180/92/92
f 200/2237/3355 235/918/927 1039/2238/3356
f 1039/2238/3356 1040/724/733 201/2240/3358
f 236/686/695 202/688/697 906/2241/3359
f 237/689/698 203/691/700 1642/2242/3360
f 1042/837/846 238/728/737 204/2243/3361
f 204/2243/3361 238/728/737 1043/730/739
f 908/2244/3362 1043/730/739 239/2245/3363
f 205/2246/3364 239/2245/3363 342/694/703
f 241/732/741 1045/2251/3369 910/2247/3365
f 207/2248/3366 1045/2251/3369 1046/2249/3367
f 911/2250/3368 1046/2249/3367 331/736/745
f 208/2252/3370 331/736/745 1047/2253/3371
f 1047/2253/3371 1048/738/747 209/2255/3373
f 1108/697/706 209/2255/3373 1048/738/747
f 210/2256/3374 242/2260/3378 1050/2257/3375
f 913/2258/3376 1050/2257/3375 243/2261/3379
f 211/2262/3380 243/2261/3379 1051/743/752
f 914/2263/3381 1051/743/752 244/742/751
f 212/2264/3382 244/742/751 1052/746/755
f 915/2265/3383 1052/746/755 245/745/754
f 213/2266/3384 245/745/754 1053/748/757
f 916/2267/3385 1053/748/757 246/747/756
f 214/2268/3386 246/747/756 1005/751/760
f 247/750/759 215/2935/4690 917/2269/3387
f 918/2270/3388 215/2935/4690 247/750/759
f 1054/753/762 248/2303/3421 216/2271/3389
f 216/2271/3389 248/2303/3421 1055/754/763
f 919/2272/3390 1055/754/763 249/756/765
f 249/756/765 1056/758/767 920/2274/3392
f 250/757/766 218/2936/4691 920/2274/3392
f 921/2275/3393 218/2936/4691 250/757/766
f 1057/2276/3394 251/761/770 219/2277/3395
f 922/2278/3396 219/2277/3395 251/761/770
f 1058/760/769 252/840/849 220/2279/3397
f 923/2280/3398 220/2279/3397 252/840/849
f 1059/763/772 253/762/771 221/2281/3399
f 924/2282/3400 221/2281/3399 253/762/771
f 1060/765/774 254/2285/3403 222/2283/3401
f 925/2284/3402 222/2283/3401 254/2285/3403
f 1061/766/775 255/768/777 1110/2286/3404
f 1012/705/714 1064/772/781 225/2287/3405
f 1064/772/781 926/707/716 226/2289/3407
f 256/708/717 1065/711/720 927/710/719
f 259/777/786 1068/2294/3412 931/2290/3408
f 1068/2294/3412 260/723/732 232/722/731
f 933/2295/3413 233/2297/3415 261/785/794
f 262/2298/3416 234/2379/3497 933/2295/3413
f 1091/857/866 1039/2238/3356 235/918/927
f 267/2299/3417 239/2245/3363 1043/730/739
f 998/838/847 1045/2251/3369 241/732/741
f 1047/2253/3371 1000/735/744 1094/741/750
f 269/2301/3419 242/2260/3378 1049/698/707
f 1049/698/707 1116/695/704 1113/864/873
f 939/2302/3420 940/865/874 243/2261/3379
f 243/2261/3379 940/865/874 1002/744/753
f 1057/2276/3394 250/757/766 1007/759/768
f 941/866/875 273/867/876 254/2285/3403
f 1061/766/775 254/2285/3403 273/867/876
f 1062/700/709 1117/699/708 1114/791/800
f 1063/702/711 1062/700/709 1010/869/878
f 943/792/801 337/794/803 256/708/717
f 1065/711/720 337/794/803 1014/796/805
f 1015/775/784 275/778/787 258/719/728
f 1017/2304/3422 1068/2294/3412 259/777/786
f 262/2298/3416 1069/2296/3414 1020/784/793
f 1096/830/839 1090/870/879 1098/773/782
f 1004/749/758 1003/146/146 1099/2116/3229
f 332/752/761 1084/798/807 294/206/206
f 1006/2305/3423 294/206/206 346/205/205
f 333/755/764 346/205/205 295/142/142
f 967/802/811 968/2307/3425 1074/861/870
f 968/2307/3425 969/805/814 280/858/867
f 972/809/818 1077/808/817 1087/849/858
f 1078/811/820 281/810/819 973/2309/3427
f 973/2309/3427 316/124/124 317/125/125
f 1079/816/825 282/813/822 974/812/821
f 985/821/830 1118/822/831 288/820/829
f 1119/790/799 985/821/830 986/823/832
f 987/825/834 988/827/836 345/829/838
f 1090/870/879 1096/830/839 1038/203/203
f 990/871/880 989/204/204 323/109/109
f 323/109/109 581/111/111 993/834/843
f 257/715/724 229/717/726 1035/2311/3429
f 342/694/703 239/2245/3363 267/2299/3417
f 1073/2306/3424 1074/861/870 264/725/734
f 1074/861/870 1075/2308/3426 265/726/735
f 1094/741/750 281/810/819 1078/811/820
f 1079/816/825 283/815/824 939/2302/3420
f 1010/869/878 1114/791/800 1119/790/799
f 990/871/880 289/872/881 275/778/787
f 991/2310/3428 290/831/840 276/776/785
f 1017/2304/3422 290/831/840 291/833/842
f 1029/185/185 1030/187/187 1104/195/195
f 1105/841/850 1028/192/192 329/194/194
f 1116/695/704 255/768/777 1111/767/776
f 1114/791/800 1112/739/748 1113/864/873
f 348/2313/3431 1262/917/926 1261/916/925
f 1261/916/925 235/918/927 200/2237/3355
f 382/923/932 1262/917/926 1121/2315/3433
f 383/2317/3435 1263/921/930 1122/2318/3436
f 1122/2318/3436 1263/921/930 382/923/932
f 1123/875/884 1264/2320/3438 383/2317/3435
f 1124/877/886 352/2937/4692 385/928/937
f 385/928/937 352/2937/4692 1125/879/888
f 1126/2321/3439 356/884/893 1269/886/895
f 358/889/898 470/937/946 1270/2322/3440
f 1270/2322/3440 1128/887/896 357/2325/3443
f 1131/2326/3444 360/2329/3447 387/943/952
f 1271/942/951 386/892/901 359/894/903
f 1132/2328/3446 361/2331/3449 388/1037/1046
f 1272/944/953 387/943/952 360/2329/3447
f 1133/2330/3448 362/2938/4693 389/946/955
f 1273/945/954 388/1037/1046 361/2331/3449
f 1134/2332/3450 363/2939/4694 390/949/958
f 389/946/955 362/2938/4693 1134/2332/3450
f 391/955/964 1230/950/959 1135/2333/3451
f 390/949/958 363/2939/4694 1135/2333/3451
f 365/2335/3453 392/952/961 1275/951/960
f 1136/2336/3454 1275/951/960 391/955/964
f 1137/2337/3455 366/2940/4695 393/958/967
f 1276/957/966 392/952/961 365/2335/3453
f 367/2338/3456 394/960/969 1277/959/968
f 393/958/967 366/2940/4695 1138/2339/3457
f 368/2340/3458 395/2345/3463 1278/961/970
f 1139/2341/3459 1278/961/970 394/960/969
f 369/2342/3460 396/1039/1048 1279/2343/3461
f 1140/2344/3462 1279/2343/3461 395/2345/3463
f 370/2346/3464 397/966/975 1280/2347/3465
f 1280/2347/3465 396/1039/1048 369/2342/3460
f 371/2349/3467 398/2353/3471 1281/964/973
f 1142/2350/3468 1281/964/973 397/966/975
f 1343/897/906 1351/896/905 1282/2351/3469
f 1143/2352/3470 1282/2351/3469 398/2353/3471
f 399/972/981 1352/1068/1077 1144/895/904
f 373/2355/3473 1156/2358/3476 1283/970/979
f 1145/2356/3474 1283/970/979 399/972/981
f 1146/2357/3475 1284/973/982 1156/2358/3476
f 374/2359/3477 1239/1042/1051 1284/973/982
f 377/2360/3478 402/978/987 1288/980/989
f 1150/2361/3479 1288/980/989 401/2363/3481
f 378/2365/3483 403/984/993 1289/2366/3484
f 1289/2366/3484 402/978/987 377/2360/3478
f 1152/2368/3486 379/909/918 404/910/919
f 403/984/993 378/2365/3483 1152/2368/3486
f 1219/915/924 1262/917/926 382/923/932
f 408/1051/1060 383/2317/3435 1264/2320/3438
f 409/924/933 384/874/883 1265/927/936
f 1270/2322/3440 470/937/946 1319/1056/1065
f 1130/893/902 386/892/901 411/1057/1066
f 1226/2371/3489 411/1057/1066 386/892/901
f 395/2345/3463 464/252/252 1234/962/971
f 1321/1038/1047 1280/2347/3465 397/966/975
f 415/2372/3490 398/2353/3471 1282/2351/3469
f 1352/1068/1077 399/972/981 1155/969/978
f 1238/993/1002 1239/1042/1051 400/900/909
f 1260/905/914 401/2363/3481 416/2373/3491
f 1253/999/1008 1166/998/1007 1244/1043/1052
f 416/2373/3491 401/2363/3481 1288/980/989
f 418/982/991 403/984/993 1290/986/995
f 1153/907/916 405/906/915 420/1061/1070
f 406/914/923 120/1063/1072 1242/1062/1071
f 1236/971/980 1237/974/983 1164/994/1003
f 1232/953/962 1310/245/245 1330/239/239
f 1233/956/965 1311/310/310 1310/245/245
f 1234/962/971 1312/2122/3235 1311/310/310
f 1208/1016/1025 446/233/233 447/246/246
f 1193/801/810 1293/1001/1010 1294/1004/1013
f 1295/1002/1011 1296/1045/1054 1195/2374/3492
f 1195/2374/3492 1296/1045/1054 421/1054/1063
f 1196/1053/1062 1257/261/261 441/429/429
f 1353/2375/3493 1199/1012/1021 1198/1010/1019
f 1199/1012/1021 1355/1046/1055 423/1015/1024
f 1354/1020/1029 1210/1018/1027 1209/1017/1026
f 1304/1019/1028 1322/1023/1032 1211/2376/3494
f 1212/1022/1031 1305/1021/1030 473/1026/1035
f 1258/1027/1036 1213/1025/1034 1327/1024/1033
f 1215/2377/3495 1214/1028/1037 1306/1049/1058
f 1215/2377/3495 1307/1050/1059 1308/1058/1067
f 401/2363/3481 1260/905/914 1252/2378/3496
f 1297/1052/1061 1334/1064/1073 1332/260/260
f 1154/925/934 409/924/933 421/1054/1063
f 1319/1056/1065 1347/936/945 1353/2375/3493
f 1308/1058/1067 1307/1050/1059 418/982/991
f 1309/1031/1040 1308/1058/1067 419/985/994
f 1347/936/945 1345/991/1000 1349/967/976
f 234/2379/3497 262/2298/3416 1489/2380/3498
f 1356/2381/3499 1489/2380/3498 1451/1117/1126
f 506/1116/1125 475/2941/4696 1357/2382/3500
f 1358/2383/3501 475/2941/4696 506/1116/1125
f 507/2384/3502 476/2385/3503 1358/2383/3501
f 476/2385/3503 507/2384/3502 1491/1120/1129
f 1359/2386/3504 1491/1120/1129 508/1122/1131
f 508/1122/1131 1492/1124/1133 1360/2388/3506
f 1360/2388/3506 1492/1124/1133 509/1126/1135
f 509/1126/1135 1493/1232/1241 1361/2390/3508
f 511/1128/1137 1495/1131/1140 1362/2391/3509
f 481/2393/3511 1495/1131/1140 1496/2394/3512
f 1496/2394/3512 1497/2397/3515 482/2396/3514
f 1497/2397/3515 1498/1075/1084 1364/1074/1083
f 512/1073/1082 1573/1234/1243 1565/1233/1242
f 1365/1078/1087 1499/2400/3518 513/2398/3516
f 484/2399/3517 513/2398/3516 1500/1135/1144
f 1366/2401/3519 1500/1135/1144 514/1137/1146
f 485/2402/3520 514/1137/1146 1501/1140/1149
f 1367/2403/3521 1501/1140/1149 515/1139/1148
f 486/2404/3522 515/1139/1148 1502/2405/3523
f 1368/2406/3524 1502/2405/3523 516/2407/3525
f 487/2408/3526 516/2407/3525 1503/2409/3527
f 1369/2410/3528 1503/2409/3527 517/2411/3529
f 488/2412/3530 517/2411/3529 1504/1143/1152
f 518/1142/1151 489/2942/4697 1370/2413/3531
f 1371/1081/1090 489/2942/4697 518/1142/1151
f 1372/2415/3533 1506/1146/1155 520/1145/1154
f 491/2416/3534 520/1145/1154 1388/1148/1157
f 521/1083/1092 492/1085/1094 1373/2417/3535
f 1374/2418/3536 493/1086/1095 522/1087/1096
f 1508/1150/1159 523/1211/1220 494/2420/3538
f 494/2420/3538 523/1211/1220 1509/2421/3539
f 1509/2421/3539 524/1153/1162 495/2423/3541
f 1376/2424/3542 495/2423/3541 524/1153/1162
f 1510/1152/1161 525/1088/1097 496/1090/1099
f 1566/1093/1102 1575/1092/1101 526/1094/1103
f 1381/1111/1120 529/1113/1122 502/1115/1124
f 1517/2428/3546 530/1162/1171 503/2429/3547
f 503/2429/3547 530/1162/1171 1518/1164/1173
f 1383/2430/3548 1518/1164/1173 531/2431/3549
f 504/2432/3550 531/2431/3549 1519/2433/3551
f 532/1167/1176 505/2943/4698 1384/2434/3552
f 1385/2435/3553 505/2943/4698 532/1167/1176
f 1520/2436/3554 119/2443/3561 92/2223/3341
f 1546/2437/3555 1489/2380/3498 262/2298/3416
f 535/1246/1255 507/2384/3502 1490/1119/1128
f 1491/1120/1129 507/2384/3502 535/1246/1255
f 1454/1134/1143 1497/2397/3515 1496/2394/3512
f 1573/1234/1243 512/1073/1082 1386/1133/1142
f 539/1238/1247 513/2398/3516 1499/2400/3518
f 1499/2400/3518 1574/1077/1086 1570/1247/1256
f 516/2407/3525 602/353/353 1455/2439/3557
f 1455/2439/3557 1456/1144/1153 1504/1143/1152
f 1457/2440/3558 1458/1147/1156 519/1082/1091
f 518/1142/1151 1456/1144/1153 1457/2440/3558
f 543/1151/1160 524/1153/1162 1509/2421/3539
f 1461/2441/3559 544/1154/1163 525/1088/1097
f 1571/1239/1248 1568/1252/1261 1377/1089/1098
f 1511/1095/1104 526/1094/1103 1463/1213/1222
f 1398/1215/1224 605/1214/1223 527/1104/1113
f 1555/1157/1166 545/1159/1168 528/1110/1119
f 546/1160/1169 529/1113/1122 1381/1111/1120
f 548/1250/1259 531/2431/3549 1518/1164/1173
f 1519/2433/3551 531/2431/3549 548/1250/1259
f 1469/1166/1175 132/606/615 119/2443/3561
f 1455/2439/3557 602/353/353 1556/2127/3240
f 1457/2440/3558 1456/1144/1153 1557/344/344
f 1424/2444/3562 1523/2447/3565 1522/2445/3563
f 1424/2444/3562 1425/1175/1184 551/1245/1254
f 1429/1180/1189 1526/1179/1188 613/1226/1235
f 1576/1182/1191 1527/1181/1190 1430/2448/3566
f 1430/2448/3566 584/329/329 585/330/330
f 1528/1187/1196 553/1184/1193 1431/1183/1192
f 1441/1192/1201 1577/1194/1203 559/1191/1200
f 560/1193/1202 1441/1192/1201 1442/1195/1204
f 1443/1198/1207 1444/1200/1209 1532/1202/1211
f 1545/1242/1251 1552/1203/1212 1487/410/410
f 1533/2449/3567 1545/1242/1251 1445/411/411
f 1447/2450/3568 1534/1240/1249 1533/2449/3567
f 1535/1205/1214 1534/1240/1249 1447/2450/3568
f 1449/644/653 1537/1208/1217 1536/1207/1216
f 606/1108/1117 1516/1107/1116 1488/1158/1167
f 528/1110/1119 501/1112/1121 1484/2451/3569
f 1486/1178/1187 1427/369/369 1544/1251/1260
f 1522/2445/3563 1546/2437/3555 533/860/869
f 1523/2447/3565 1524/1243/1252 534/1118/1127
f 551/1245/1254 535/1246/1255 1391/1244/1253
f 554/1186/1195 1541/358/358 1549/1141/1150
f 1532/1202/1211 1551/1216/1225 1398/1215/1224
f 1553/2442/3560 545/1159/1168 1545/1242/1251
f 546/1160/1169 1533/2449/3567 1534/1240/1249
f 1478/392/392 1479/394/394 1562/402/402
f 598/1219/1228 1477/399/399 597/401/401
f 1572/1212/1221 1569/1236/1245 1570/1247/1256
f 1699/2081/3590 1693/2461/3608 1694/2082/3591
f 1700/2083/3592 1694/2082/3591 1702/1256/3593
f 1683/2085/3596 1690/2462/3626 1684/2084/3595
f 1684/2084/3595 1693/2461/3608 1699/2081/3590
f 1681/1255/3597 1689/1257/3594 1702/1256/3593
f 1733/2081/3599 1727/2461/3619 1728/2082/3600
f 1734/2083/3601 1728/2082/3600 1736/1256/3602
f 1717/2085/3605 1724/2462/3629 1718/2084/3604
f 1718/2084/3604 1727/2461/3619 1733/2081/3599
f 1715/1255/3606 1723/1257/3603 1736/1256/3602
f 1698/2086/3572 1697/2092/3571 1699/2087/3590
f 1685/2089/3574 1698/2086/3572 1700/2088/3592
f 1697/2092/3571 1692/2091/3575 1683/1253/3596
f 1732/2086/3582 1731/2092/3581 1733/2087/3599
f 1719/2089/3584 1732/2086/3582 1734/2088/3601
f 1731/2092/3581 1726/2091/3585 1717/1253/3605
f 1695/2092/3570 1694/2087/3591 1693/2088/3608
f 1711/2094/3609 1712/2095/3612 1713/2093/3610
f 1694/2087/3591 1695/2092/3570 1701/2096/3573
f 1702/2097/3593 1701/2096/3573 1686/2091/3579
f 1711/2094/3609 1707/2457/3618 1703/2453/3614
f 1703/2453/3614 1693/2088/3608 1684/2090/3595
f 1684/2090/3595 1704/2459/3625 1708/2454/3615
f 1684/2090/3595 1708/2454/3615 1712/2095/3612
f 1711/2094/3609 1703/2453/3614 1684/2090/3595
f 1705/2452/3613 1704/2459/3625 1684/2090/3595
f 1713/2093/3610 1709/2455/3616 1705/2452/3613
f 1705/2452/3613 1688/2089/3577 1696/2086/3576
f 1696/2086/3576 1706/2458/3624 1710/2456/3617
f 1696/2086/3576 1710/2456/3617 1714/2100/3611
f 1713/2093/3610 1705/2452/3613 1696/2086/3576
f 1703/2453/3614 1706/2458/3624 1696/2086/3576
f 1713/2093/3610 1712/2095/3612 1708/2454/3615
f 1711/2094/3609 1714/2100/3611 1710/2456/3617
f 1729/2092/3580 1728/2087/3600 1727/2088/3619
f 1737/2094/3620 1738/2095/3623 1739/2093/3621
f 1728/2087/3600 1729/2092/3580 1735/2096/3583
f 1736/2097/3602 1735/2096/3583 1720/2091/3589
f 1737/2094/3620 1708/2454/3615 1704/2459/3625
f 1704/2459/3625 1727/2088/3619 1718/2090/3604
f 1718/2090/3604 1703/2453/3614 1707/2457/3618
f 1718/2090/3604 1707/2457/3618 1738/2095/3623
f 1737/2094/3620 1704/2459/3625 1718/2090/3604
f 1706/2458/3624 1703/2453/3614 1718/2090/3604
f 1739/2093/3621 1710/2456/3617 1706/2458/3624
f 1706/2458/3624 1722/2089/3587 1730/2086/3586
f 1730/2086/3586 1705/2452/3613 1709/2455/3616
f 1730/2086/3586 1709/2455/3616 1740/2100/3622
f 1739/2093/3621 1706/2458/3624 1730/2086/3586
f 1704/2459/3625 1705/2452/3613 1730/2086/3586
f 1738/2095/3623 1707/2457/3618 1710/2456/3617
f 1737/2094/3620 1740/2100/3622 1709/2455/3616
f 1691/2091/3578 1681/1253/3597 1682/1255/3598
f 1691/2108/3578 1685/1253/3574 1689/2108/3594
f 1725/2091/3588 1715/1253/3606 1716/1255/3607
f 1725/2108/3588 1719/1253/3584 1723/2108/3603
f 1688/2091/3577 1684/1253/3595 1690/1255/3626
f 1687/2084/3627 1690/2108/3626 1683/2078/3596
f 1718/1253/3604 1724/1255/3629 1721/2107/3628
f 1724/2108/3629 1717/2078/3605 1726/2108/3585
f 1754/2082/3642 1753/2461/3645 1759/2081/3643
f 1762/1256/1269 1754/2082/3642 1760/2083/3644
f 1743/2085/3647 1759/2081/3643 1753/2461/3645
f 1753/2461/3645 1744/2084/3664 1750/2462/3646
f 1788/2082/3648 1787/2461/3651 1793/2081/3649
f 1796/1256/1272 1788/2082/3648 1794/2083/3650
f 1777/2085/3653 1793/2081/3649 1787/2461/3651
f 1787/2461/3651 1778/2084/3676 1784/2462/3652
f 1758/2086/3633 1760/2088/3644 1759/2087/3643
f 1745/2089/3654 1749/2090/1270 1760/2088/3644
f 1757/2092/3631 1759/2087/3643 1743/1253/3647
f 1792/2086/3639 1794/2088/3650 1793/2087/3649
f 1779/2089/3656 1783/2090/1273 1794/2088/3650
f 1791/2092/3637 1793/2087/3649 1777/1253/3653
f 1753/2088/3645 1754/2087/3642 1755/2092/3630
f 1771/2094/3658 1774/2100/3665 1773/2093/3659
f 1761/2096/1263 1755/2092/3630 1754/2087/3642
f 1746/2091/1264 1761/2096/1263 1762/2097/1269
f 1748/2089/3635 1744/2090/3664 1764/2463/3662
f 1768/2467/3668 1764/2463/3662 1744/2090/3664
f 1744/2090/3664 1753/2088/3645 1763/2466/3667
f 1763/2466/3667 1767/2470/3671 1771/2094/3658
f 1772/2095/3660 1768/2467/3668 1744/2090/3664
f 1744/2090/3664 1763/2466/3667 1771/2094/3658
f 1770/2469/3670 1766/2465/3666 1756/2086/3632
f 1756/2086/3632 1748/2089/3635 1765/2464/3663
f 1765/2464/3663 1769/2468/3669 1773/2093/3659
f 1774/2100/3665 1770/2469/3670 1756/2086/3632
f 1756/2086/3632 1765/2464/3663 1773/2093/3659
f 1753/2088/3645 1756/2086/3632 1766/2465/3666
f 1768/2467/3668 1772/2095/3660 1773/2093/3659
f 1770/2469/3670 1774/2100/3665 1771/2094/3658
f 1787/2088/3651 1788/2087/3648 1789/2092/3636
f 1797/2094/3672 1800/2100/3677 1799/2093/3673
f 1795/2096/1266 1789/2092/3636 1788/2087/3648
f 1780/2091/1267 1795/2096/1266 1796/2097/1272
f 1782/2089/3641 1778/2090/3676 1763/2466/3667
f 1767/2470/3671 1763/2466/3667 1778/2090/3676
f 1778/2090/3676 1787/2088/3651 1764/2463/3662
f 1764/2463/3662 1768/2467/3668 1797/2094/3672
f 1798/2095/3674 1767/2470/3671 1778/2090/3676
f 1778/2090/3676 1764/2463/3662 1797/2094/3672
f 1769/2468/3669 1765/2464/3663 1790/2086/3638
f 1790/2086/3638 1782/2089/3641 1766/2465/3666
f 1766/2465/3666 1770/2469/3670 1799/2093/3673
f 1800/2100/3677 1769/2468/3669 1790/2086/3638
f 1790/2086/3638 1766/2465/3666 1799/2093/3673
f 1787/2088/3651 1790/2086/3638 1765/2464/3663
f 1767/2470/3671 1798/2095/3674 1799/2093/3673
f 1769/2468/3669 1800/2100/3677 1797/2094/3672
f 1742/1255/3661 1741/1253/1268 1751/2091/1262
f 1751/2108/1262 1741/1255/1268 1749/2108/1270
f 1776/1255/3675 1775/1253/1271 1785/2091/1265
f 1785/2108/1265 1775/1255/1271 1783/2108/1273
f 1744/1253/3664 1748/2091/3635 1747/2107/3634
f 1750/2108/3646 1747/2084/3634 1752/2108/3655
f 1778/1253/3676 1782/2091/3641 1781/2107/3640
f 1784/2108/3652 1781/2084/3640 1786/2108/3657
f 1814/2082/3690 1813/2461/3693 1819/2081/3691
f 1822/1256/1281 1814/2082/3690 1820/2083/3692
f 1803/2085/3695 1819/2081/3691 1813/2461/3693
f 1813/2461/3693 1804/2084/3712 1810/2462/3694
f 1848/2082/3696 1847/2461/3699 1853/2081/3697
f 1856/1256/1284 1848/2082/3696 1854/2083/3698
f 1837/2085/3701 1853/2081/3697 1847/2461/3699
f 1847/2461/3699 1838/2084/3724 1844/2462/3700
f 1818/2086/3681 1820/2088/3692 1819/2087/3691
f 1805/2089/3702 1809/2090/1282 1820/2088/3692
f 1817/2092/3679 1819/2087/3691 1803/1253/3695
f 1852/2086/3687 1854/2088/3698 1853/2087/3697
f 1839/2089/3704 1843/2090/1285 1854/2088/3698
f 1851/2092/3685 1853/2087/3697 1837/1253/3701
f 1813/2088/3693 1814/2087/3690 1815/2092/3678
f 1831/2094/3706 1834/2100/3713 1833/2093/3707
f 1821/2096/1275 1815/2092/3678 1814/2087/3690
f 1806/2091/1276 1821/2096/1275 1822/2097/1281
f 1808/2089/3683 1804/2090/3712 1824/2471/3710
f 1828/2475/3716 1824/2471/3710 1804/2090/3712
f 1804/2090/3712 1813/2088/3693 1823/2473/3714
f 1823/2473/3714 1827/2478/3719 1831/2094/3706
f 1832/2095/3708 1828/2475/3716 1804/2090/3712
f 1804/2090/3712 1823/2473/3714 1831/2094/3706
f 1830/2477/3718 1826/2474/3715 1816/2086/3680
f 1816/2086/3680 1808/2089/3683 1825/2472/3711
f 1825/2472/3711 1829/2476/3717 1833/2093/3707
f 1834/2100/3713 1830/2477/3718 1816/2086/3680
f 1816/2086/3680 1825/2472/3711 1833/2093/3707
f 1823/2473/3714 1813/2088/3693 1816/2086/3680
f 1828/2475/3716 1832/2095/3708 1833/2093/3707
f 1830/2477/3718 1834/2100/3713 1831/2094/3706
f 1847/2088/3699 1848/2087/3696 1849/2092/3684
f 1857/2094/3720 1860/2100/3725 1859/2093/3721
f 1855/2096/1278 1849/2092/3684 1848/2087/3696
f 1840/2091/1279 1855/2096/1278 1856/2097/1284
f 1826/2474/3715 1842/2089/3689 1838/2090/3724
f 1827/2478/3719 1823/2473/3714 1838/2090/3724
f 1838/2090/3724 1847/2088/3699 1824/2471/3710
f 1824/2471/3710 1828/2475/3716 1857/2094/3720
f 1858/2095/3722 1827/2478/3719 1838/2090/3724
f 1838/2090/3724 1824/2471/3710 1857/2094/3720
f 1829/2476/3717 1825/2472/3711 1850/2086/3686
f 1850/2086/3686 1842/2089/3689 1826/2474/3715
f 1826/2474/3715 1830/2477/3718 1859/2093/3721
f 1860/2100/3725 1829/2476/3717 1850/2086/3686
f 1850/2086/3686 1826/2474/3715 1859/2093/3721
f 1847/2088/3699 1850/2086/3686 1825/2472/3711
f 1858/2095/3722 1859/2093/3721 1830/2477/3718
f 1829/2476/3717 1860/2100/3725 1857/2094/3720
f 1802/1255/3709 1801/1253/1280 1811/2091/1274
f 1811/2108/1274 1801/1255/1280 1809/2108/1282
f 1836/1255/3723 1835/1253/1283 1845/2091/1277
f 1845/2108/1277 1835/1255/1283 1843/2108/1285
f 1810/1255/3694 1804/1253/3712 1808/2091/3683
f 1810/2108/3694 1807/2084/3682 1812/2108/3703
f 1841/2107/3688 1844/1255/3700 1838/1253/3724
f 1844/2108/3700 1841/2084/3688 1846/2108/3705
f 1950/1317/1345 1949/1300/1328 2006/1299/1327
f 1954/1277/1349 1953/1305/1333 2010/2491/3732
f 1957/2492/3733 1956/1321/1350 2012/2493/3734
f 2013/2494/3735 2014/2495/3738 1958/1526/3736
f 1959/1557/3737 1958/1526/3736 2014/2495/3738
f 1973/1320/1348 2011/1319/1347 1955/1323/1352
f 1976/1332/1361 1960/1402/1417 1961/1325/1354
f 1982/1329/1358 1981/1373/1394 1969/1370/1392
f 1982/1329/1358 1951/1318/1346 1971/1735/3739
f 1971/1735/3739 1972/1380/1401 1984/1377/1398
f 1985/1337/1366 1984/1377/1398 1972/1380/1401
f 1985/1337/1366 1973/1320/1348 1987/1331/1360
f 1989/1333/1362 1976/1332/1361 1977/1324/1353
f 1991/1390/1411 1990/2497/3741 1977/1324/1353
f 1978/1384/1405 1979/1326/1355 1992/1388/1409
f 1979/1326/1355 1980/1328/1357 1993/1374/1395
f 1980/1328/1357 1969/1370/1392 1981/1373/1394
f 2003/1345/1374 1992/1388/1409 1993/1374/1395
f 1930/2499/1422 1913/1365/1385 1914/1348/1309
f 1899/1349/1302 1916/1353/1379 1933/2501/1412
f 1917/1351/1377 1918/1806/3727 1935/2502/1413
f 1918/2503/3727 1919/1356/1310 1936/2504/1414
f 1904/1354/1304 1920/2944/3730 1938/2506/1415
f 1938/2506/1415 1920/2944/3730 1921/2507/3729
f 1939/2508/3742 1921/2507/3729 1922/2509/1313
f 1922/2509/1313 1923/1359/1306 1941/2511/1416
f 1924/1357/1315 1925/1362/1314 1943/2512/1419
f 1927/1363/1318 1928/2514/1317 1946/2513/1420
f 1928/2514/1317 1929/1367/1387 1947/2515/1421
f 1886/1266/1294 1898/1279/1307 1950/1317/1345
f 1912/1369/1389 1896/1371/1391 1980/1328/1357
f 1884/1262/1290 1868/1261/1289 2004/2498/1782
f 2004/2498/1782 1868/1261/1289 1869/1292/1320
f 1994/2500/1789 1869/1292/1320 1862/1291/1319
f 1862/1291/1319 1874/1264/1292 1982/1329/1358
f 1983/2496/3740 1875/1376/1397 1863/1293/1321
f 1863/1293/1321 1870/1294/1322 1997/1340/1369
f 1997/1340/1369 1870/1294/1322 1864/1260/1288
f 1998/1336/1365 1864/1260/1288 1877/1259/1287
f 1973/1320/1348 1889/1268/1296 1903/1283/1311
f 1954/1277/1349 1903/1283/1311 1902/2484/3728
f 1953/1305/1333 1902/2484/3728 1901/1378/1399
f 1900/1273/1301 1887/1265/1293 1971/1735/3739
f 1892/1382/1403 1907/1284/1312 1959/1557/3737
f 1958/1526/3736 1907/1284/1312 1906/2487/3731
f 1957/2492/3733 1906/2487/3731 1905/1275/1303
f 1956/1321/1350 1905/1275/1303 1890/1267/1295
f 1908/1277/1305 1893/1271/1299 1977/1324/1353
f 1979/1326/1355 1895/1385/1406 1911/1288/1316
f 1965/1310/1338 1911/1288/1316 1910/2489/1735
f 1964/1311/1339 1910/2489/1735 1909/1386/1407
f 1987/1331/1360 1878/1269/1297 1861/1258/1286
f 2000/1341/1370 1865/1295/1323 1880/1272/1300
f 1989/1333/1362 1880/1272/1300 1879/2479/3726
f 1988/1334/1363 1879/2479/3726 1878/1269/1297
f 1990/2497/3741 1881/1270/1298 1866/1297/1325
f 2003/1345/1374 1867/1263/1291 1883/1389/1410
f 1930/2516/1422 1931/2624/1375 2006/1299/1327
f 1933/2517/1412 1934/2841/1378 2008/1304/1332
f 2010/2491/3732 1935/2628/1413 1936/2520/1414
f 2012/2493/3734 1938/1823/1415 1939/1824/3742
f 1939/2525/3742 1940/2731/1418 2014/2495/3738
f 1941/1826/1416 1942/1825/1381 1961/1325/1354
f 1943/2527/1419 1944/2945/1383 2015/1306/1334
f 1944/1633/1383 1945/1634/1384 2016/1309/1337
f 1945/1635/1384 1946/1636/1420 1966/1312/1340
f 1947/1829/1421 1948/1827/1386 2017/1314/1342
f 2055/1833/3743 2019/2959/4699 2020/2534/3744
f 2020/2534/3744 2021/2636/4700 2056/1412/1425
f 2057/2535/3745 2022/2960/4701 2023/2536/3746
f 2023/2536/3746 2024/2740/4702 2058/1640/3748
f 2059/1837/3749 2025/2961/4703 2026/2537/3750
f 2026/2537/3750 2027/2637/4704 2060/1643/3752
f 2061/1415/1428 2028/2962/4705 2029/2539/3753
f 2029/2539/3753 2030/2638/4706 2062/1646/3754
f 2063/2540/3755 2031/2963/4707 2032/2541/3756
f 2064/1649/3758 2050/1838/3757 2032/2541/3756
f 2065/1418/1431 2034/2964/4708 2035/2543/3760
f 2035/2543/3760 2018/2850/4709 2054/1420/1433
f 2054/1420/1433 2055/1833/3743 2037/1832/1634
f 2056/1412/1425 2057/2639/3745 2040/2544/1632
f 2042/1639/1631 2058/1640/3748 2059/1837/3749
f 2060/1643/3752 2061/1415/1428 2046/1414/1427
f 2062/1646/3754 2063/2540/3755 2049/2546/1638
f 2051/1648/1636 2064/1649/3758 2065/1418/1431
f 2073/2965/1454 2072/2966/1453 2071/2563/1451
f 2071/2563/1451 2070/2967/1449 2069/2968/1448
f 2069/2968/1448 2068/2969/1447 2067/2564/1444
f 2067/2564/1444 2066/2970/1446 2074/2565/1455
f 2074/2565/1455 2073/2965/1454 2071/2563/1451
f 2071/2563/1451 2069/2968/1448 2067/2564/1444
f 2128/1485/1491 2129/2986/4710 2138/2585/1479
f 2134/2587/1442 2133/2987/1456 2132/2988/1445
f 2132/2988/1445 2131/2989/1493 2130/1704/1495
f 2130/1704/1495 2129/2990/4710 2128/2991/1491
f 2128/2991/1491 2127/2992/1492 2136/2586/1496
f 2136/2586/1496 2135/2993/1438 2134/2587/1442
f 2134/2587/1442 2132/2988/1445 2130/1704/1495
f 2130/1704/1495 2128/2991/1491 2136/2586/1496
f 2138/2585/1479 2129/2986/4710 2130/1434/1495
f 2312/1546/1545 2311/1564/1563 2256/2598/3802
f 2314/1626/1625 2313/1548/1547 2259/1547/1546
f 2261/2599/3803 2315/1551/1550 2314/1626/1625
f 2320/1561/1560 2319/1569/1568 2268/1570/1569
f 2272/1572/1571 2321/1560/1559 2270/1378/3804
f 2323/1562/1561 2273/1573/1573 2274/1574/1575
f 2258/1545/1544 2257/1317/1543 2276/1575/1576
f 2263/1552/1551 2279/1566/1565 2280/1578/1579
f 2286/1328/1574 2273/1573/1573 2272/1572/1571
f 2288/1576/1577 2276/1575/1576 2275/2601/3806
f 2290/1614/1610 2278/1616/1612 2277/1565/1564
f 2291/1586/1587 2279/1566/1565 2278/1616/1612
f 2297/1623/1621 2284/1379/1615 2283/1568/1567
f 2298/1587/1588 2285/1571/1570 2284/1379/1615
f 2287/1611/1607 2275/2601/3806 2286/1328/1574
f 2296/2602/3807 2295/1581/1582 2306/1591/1592
f 2309/1597/1598 2307/1596/1597 2306/1591/1592
f 2222/1348/3799 2221/2622/1532 2236/2603/3808
f 2223/2605/1511 2222/1348/3799 2237/2604/3809
f 2205/1349/1512 2223/2605/1511 2238/2606/1623
f 2224/2608/3801 2205/1349/1512 2239/2607/3810
f 2224/2608/3801 2240/2609/3811 2241/2610/1624
f 2227/2612/1519 2226/1599/1517 2243/2504/3812
f 2228/2614/1520 2227/2612/1519 2244/2613/3813
f 2228/2614/1520 2245/2615/3814 2246/2616/1626
f 2233/1608/1604 2250/1607/1603 2251/2617/1627
f 2235/1363/1606 2252/1609/1605 2253/2618/1628
f 2218/2620/3797 2217/2619/3796 2253/2618/1628
f 2221/2622/1532 2218/2620/3797 2254/2621/3815
f 2204/1517/1513 2192/2589/3791 2276/1575/1576
f 2204/1517/1513 2257/1317/1543 2256/2598/3802
f 2220/1536/1534 2255/1563/1562 2274/1574/1575
f 2219/2595/3800 2274/1574/1575 2286/1328/1574
f 2191/1508/1503 2202/1514/1510 2286/1328/1574
f 2192/2589/3791 2191/1508/1503 2275/2601/3806
f 2190/1513/1509 2299/1589/1590 2310/1588/1589
f 2169/1504/1499 2301/1592/1593 2288/1576/1577
f 2175/1503/1498 2181/1511/1506 2289/1583/1584
f 2183/1613/1609 2170/1507/1502 2304/1584/1585
f 2209/1521/1518 2195/1618/1614 2279/1566/1565
f 2209/1521/1518 2262/1549/1548 2261/2599/3803
f 2207/1378/1514 2260/1615/1611 2259/1547/1546
f 2193/1510/1505 2206/2592/3795 2259/1547/1546
f 2213/1528/1526 2198/1727/3794 2282/1567/1566
f 2212/1525/1523 2213/1528/1526 2266/1557/1556
f 2211/1526/1524 2212/1525/1523 2265/1555/1554
f 2280/1578/1579 2196/2590/3792 2210/1275/1521
f 2197/2591/3793 2196/2590/3792 2280/1578/1579
f 2198/1727/3794 2197/2591/3793 2281/1580/1581
f 2199/1620/1617 2214/1277/3798 2268/1570/1569
f 2201/1385/1508 2285/1571/1570 2271/1310/1572
f 2215/1531/1529 2216/1533/1531 2270/1378/3804
f 2214/1277/3798 2215/1531/1529 2269/1559/1558
f 2171/1506/1501 2184/1505/1500 2293/1577/1578
f 2186/1577/1619 2173/1541/1539 2306/1591/1592
f 2177/1542/1540 2187/1624/1622 2296/2602/3807
f 2178/1543/1541 2177/1542/1540 2307/1596/1597
f 2174/1544/1542 2178/1543/1541 2308/1595/1596
f 2189/1512/1507 2174/1544/1542 2309/1597/1598
f 2312/1546/1545 2238/2727/1623 2237/2623/3809
f 2313/1548/1547 2240/1393/3811 2239/1394/3810
f 2313/1548/1547 2314/1626/1625 2241/2001/1624
f 2316/1550/1549 2244/1398/3813 2243/1397/3812
f 2263/1552/1551 2245/1400/3814 2244/1399/3813
f 2263/1552/1551 2317/1554/1553 2246/1824/1626
f 2320/1561/1560 2321/1560/1559 2251/2007/1627
f 2322/2600/3805 2273/1573/1573 2254/1407/3815
f 2323/1562/1561 2236/2848/3808 2254/2633/3815
f 2326/2534/3816 2325/2959/4703 2361/1833/3817
f 2326/2534/3816 2344/1637/1630 2362/1412/1629
f 2329/2536/3819 2328/2960/4701 2363/2535/3820
f 2364/1640/1633 2330/2740/4711 2329/2536/3819
f 2332/2537/3821 2331/2961/4699 2365/1837/3822
f 2332/2537/3821 2350/1641/1634 2366/1643/1635
f 2335/2539/3824 2334/2962/4708 2367/1415/3825
f 2335/2539/3824 2353/1644/1430 2368/1646/1637
f 2338/2541/3827 2337/2963/4707 2369/2540/3828
f 2370/1649/1640 2339/2542/4712 2338/2541/3827
f 2341/2543/3829 2340/2964/4705 2371/1418/3830
f 2360/1420/1642 2324/2850/4713 2341/2543/3829
f 2343/1832/3751 2361/1833/3817 2360/1420/1642
f 2345/1410/1631 2346/2544/3831 2363/2639/3820
f 2349/1836/1424 2365/1837/3822 2364/1640/1633
f 2351/1642/1432 2352/1414/1429 2367/1415/3825
f 2354/1645/1636 2355/2546/3832 2369/2540/3828
f 2358/1417/1426 2371/1418/3830 2370/1649/1640
f 2373/1485/1658 2382/1664/1657 2383/2651/3835
f 2377/2654/1662 2378/1652/1661 2379/2994/3847
f 2379/2994/3847 2380/2643/3848 2381/2653/1664
f 2381/2653/1664 2372/2995/1659 2373/2991/1658
f 2373/2991/1658 2374/2996/1688 2375/1654/1683
f 2375/1654/1683 2376/2997/1687 2377/2654/1662
f 2377/2654/1662 2379/2994/3847 2381/2653/1664
f 2381/2653/1664 2373/2991/1658 2375/1654/1683
f 2375/1434/1683 2374/2652/1688 2383/2651/3835
f 2376/2655/1687 2375/2998/1683 2384/2656/3837
f 2376/2655/1687 2385/2657/1643 2386/2658/1645
f 2378/1667/1661 2387/1666/1660 2388/2659/1648
f 2380/1862/3848 2379/2660/3847 2388/2659/1648
f 2380/1862/3848 2389/2661/1647 2390/2662/1650
f 2436/1485/1645 2445/1706/1662 2446/2677/1687
f 2440/2679/1700 2441/3016/1663 2442/1424/1701
f 2442/1424/1701 2443/1688/1647 2444/2678/1648
f 2444/2678/1648 2435/3017/1660 2436/2991/1645
f 2436/2991/1645 2437/2996/3864 2438/1697/3837
f 2438/1697/3837 2439/3018/3835 2440/2679/1700
f 2440/2679/1700 2442/1424/1701 2444/2678/1648
f 2444/2678/1648 2436/2991/1645 2438/1697/3837
f 2438/1434/3837 2437/2652/3864 2446/2677/1687
f 2439/2680/3835 2438/1890/3837 2447/2681/1683
f 2439/2680/3835 2448/2657/1688 2449/2658/1658
f 2442/1712/1701 2451/1711/1664 2452/2682/1692
f 2444/2684/1648 2443/2683/1647 2452/2682/1692
f 2444/2684/1648 2453/2685/3847 2454/2686/1661
f 2617/1830/1817 2618/1299/3874 2563/2598/3871
f 2618/1299/3874 2619/1821/1804 2564/1317/3875
f 2570/1818/1800 2624/1822/1806 2625/1769/1760
f 2628/1774/1765 2629/1775/1766 2576/1777/1768
f 2579/1574/3877 2578/1828/1814 2617/1830/1817
f 2565/1778/1769 2566/1782/1773 2583/1781/1772
f 2599/1724/1802 2598/1819/1801 2586/2696/3878
f 2600/1789/1780 2599/1724/1802 2587/2697/3879
f 2602/1817/1394 2601/1794/1395 2590/2698/3880
f 2603/1790/1358 2602/1817/1394 2591/2701/3883
f 2603/1790/1358 2577/1776/1767 2593/2699/3881
f 2606/2702/3884 2595/1786/1777 2582/1779/1770
f 2544/2703/1816 2528/2726/1727 2529/2704/1726
f 2545/2705/1805 2529/2704/1726 2530/2706/1719
f 2546/2707/1803 2530/2706/1719 2531/1805/1792
f 2533/1253/1732 2534/3019/1731 2549/2708/3885
f 2549/2708/3885 2534/3019/1731 2535/2710/1734
f 2550/2711/3886 2535/2710/1734 2518/2712/1721
f 2551/2713/1807 2518/2712/1721 2536/2714/1736
f 2552/2715/1808 2536/2714/1736 2537/2716/3870
f 2553/2717/1809 2537/2716/3870 2538/2718/1739
f 2538/2718/1739 2539/1810/1738 2555/2720/1811
f 2559/2721/1812 2542/1813/1743 2526/2722/1723
f 2560/2723/1815 2526/2722/1723 2543/2724/3873
f 2561/2725/1813 2543/2724/3873 2528/2726/1727
f 2500/1720/1710 2513/1730/1717 2564/1317/3875
f 2563/2598/3871 2513/1730/1717 2512/2690/3869
f 2562/2693/3872 2512/2690/3869 2527/2595/3868
f 2527/2595/3868 2511/1736/1725 2593/2699/3881
f 2593/2699/3881 2511/1736/1725 2499/2687/3865
f 2580/2700/3882 2499/2687/3865 2500/1720/1710
f 2604/1796/1785 2510/1733/1722 2487/1761/1751
f 2616/1795/1784 2487/1761/1751 2477/1756/1747
f 2605/1802/1790 2477/1756/1747 2478/1755/1746
f 2606/2702/3884 2478/1755/1746 2489/1718/1708
f 2490/1721/1711 2479/1757/1748 2607/1798/1786
f 2481/1507/1702 2492/1714/1704 2597/1728/1779
f 2585/1783/1774 2503/1722/1712 2517/1570/1733
f 2569/1277/1757 2517/1570/1733 2516/1740/1730
f 2568/1763/1753 2516/1740/1730 2515/1378/1728
f 2514/1273/1718 2501/1719/1709 2583/1781/1772
f 2506/1727/1716 2522/1321/1737 2572/1557/1762
f 2572/1557/1762 2522/1321/1737 2521/1744/1735
f 2571/1768/1759 2521/1744/1735 2520/1526/1407
f 2519/1557/1720 2504/1725/1714 2586/2696/3878
f 2586/2696/3878 2504/1725/1714 2505/2688/3866
f 2505/2688/3866 2506/1727/1716 2588/1567/1776
f 2523/1750/1741 2507/1726/1715 2590/2698/3880
f 2590/2698/3880 2507/1726/1715 2508/2689/3867
f 2591/2701/3883 2508/2689/3867 2509/1735/1724
f 2509/1735/1724 2525/1751/1742 2576/1777/1768
f 2493/1713/1703 2482/1715/1705 2610/1800/1788
f 2610/1800/1788 2482/1715/1705 2483/1759/1749
f 2611/1799/1787 2483/1759/1749 2484/1295/1707
f 2484/1295/1707 2495/1717/1706 2600/1789/1780
f 2496/1728/1290 2485/1716/1289 2613/1792/1782
f 2613/1792/1782 2485/1716/1289 2486/1760/1750
f 2614/1801/1789 2486/1760/1750 2476/1754/1745
f 2476/1754/1745 2498/1820/1292 2603/1790/1358
f 2618/1299/3874 2544/2623/1816 2545/2727/1805
f 2565/1778/1769 2546/1394/1803 2547/1393/1791
f 2547/2000/1791 2548/2001/1793 2620/1762/1752
f 2548/2730/1793 2549/2844/3885 2621/1765/1755
f 2621/1765/1755 2549/1397/3885 2550/1398/3886
f 2550/1399/3886 2551/1400/1807 2623/2695/3876
f 2625/1769/1760 2552/2525/1808 2553/2731/1809
f 2555/2734/1811 2556/2846/1794 2589/1784/1775
f 2556/2527/1794 2557/2945/1795 2627/1771/1763
f 2557/1633/1795 2558/1634/1796 2628/1774/1765
f 2559/2736/1812 2560/3020/1815 2577/1776/1767
f 2667/1833/1820 2631/2959/4715 2632/2534/3887
f 2632/2534/3887 2633/2636/4716 2668/1412/3888
f 2669/2535/3889 2634/2960/4717 2635/2536/3890
f 2670/1640/1823 2653/1834/1822 2635/2536/3890
f 2671/1837/1826 2637/2961/4718 2638/2537/3892
f 2638/2537/3892 2639/2637/4719 2672/1643/3893
f 2673/1415/1829 2640/2962/4720 2641/2539/3894
f 2641/2539/3894 2642/2638/4721 2674/1646/1831
f 2675/2540/3895 2643/2963/4722 2644/2541/3896
f 2644/2541/3896 2645/2542/4723 2676/1649/1834
f 2677/1418/1837 2646/2964/4724 2647/2543/3897
f 2647/2543/3897 2630/2850/4725 2666/1420/1839
f 2666/1420/1839 2667/1833/1820 2649/1832/1819
f 2651/1410/2012 2668/1412/3888 2669/2639/3889
f 2670/1640/1823 2671/1837/1826 2655/1836/1825
f 2672/1643/3893 2673/1415/1829 2658/1414/1828
f 2660/1645/1830 2674/1646/1831 2675/2540/3895
f 2663/1648/1832 2676/1649/1834 2677/1418/1837
f 2680/1490/1862 2681/3021/4726 2692/2749/3901
f 2681/3022/4726 2680/1704/1862 2679/2750/1860
f 2679/2750/1860 2678/3023/1861 2688/3024/3911
f 2688/3024/3911 2687/1481/1865 2686/2643/1863
f 2686/2643/1863 2685/1424/1864 2684/3025/3910
f 2684/3025/3910 2683/1476/1876 2682/2751/3909
f 2682/2751/3909 2681/3022/4726 2679/2750/1860
f 2679/2750/1860 2688/3024/3911 2686/2643/1863
f 2686/2643/1863 2684/3025/3910 2682/2751/3909
f 2692/2749/3901 2681/3021/4726 2682/2753/3909
f 2693/2754/3902 2682/2753/3909 2683/2755/1876
f 2694/2756/1847 2683/2755/1876 2684/2757/3910
f 2695/2758/1845 2684/2757/3910 2685/1712/1864
f 2687/1864/1865 2688/2760/3911 2698/2759/1853
f 2688/2760/3911 2678/1860/1861 2689/2752/1842
f 2745/1697/1894 2744/1657/1895 2743/2789/3936
f 2743/2789/3936 2742/1842/1847 2752/3044/3938
f 2752/3044/3938 2751/3045/4727 2750/2790/1900
f 2750/2790/1900 2749/3046/1898 2748/3047/1899
f 2748/3047/1899 2747/2751/3937 2746/2791/1896
f 2746/2791/1896 2745/1697/1894 2743/2789/3936
f 2743/2789/3936 2752/3044/3938 2750/2790/1900
f 2750/2790/1900 2748/3047/1899 2746/2791/1896
f 2753/2752/1876 2742/2796/1847 2743/2792/3936
f 2754/2793/1874 2743/2792/3936 2744/1887/1895
f 2746/1888/1896 2747/2753/3937 2757/2794/3929
f 2747/2753/3937 2748/1893/1899 2758/2756/1881
f 2750/1894/1900 2751/3048/4727 2761/1865/1884
f 2761/1865/1884 2751/3048/4727 2752/2057/3938
f 2762/2795/1887 2752/2057/3938 2742/2796/1847
f 2872/1317/1959 2927/1957/1961 2926/1955/1958
f 2875/1763/1995 2929/2003/2003 2928/1942/1944
f 2929/2003/2003 2875/1763/1995 2876/1277/1963
f 2882/1962/1969 2932/1946/1948 2880/1526/3951
f 2877/1943/1945 2930/1959/1965 2894/1958/1964
f 2883/1963/1970 2897/1961/1968 2898/1568/1976
f 2888/1965/1972 2887/1952/1955 2900/1964/1971
f 2890/1993/1615 2902/2812/3955 2903/1974/1979
f 2895/1960/1966 2907/1976/1981 2908/2809/3952
f 2896/1998/1998 2908/2809/3952 2909/1977/1982
f 2901/1966/1567 2900/1964/1971 2912/2810/3953
f 2901/1966/1567 2913/2811/3954 2902/2812/3955
f 2913/2811/3954 2912/2810/3953 2924/1982/1984
f 2915/1975/1980 2914/1984/1986 2922/1931/1936
f 2921/1978/1983 2920/1999/2000 2919/1932/1937
f 2835/2813/3944 2834/2839/3943 2851/2814/3956
f 2821/2816/3939 2835/2813/3944 2852/2815/3957
f 2821/2816/3939 2853/2817/3958 2854/2818/2001
f 2837/1253/1988 2855/2709/1987 2856/2819/2002
f 2839/2821/3947 2838/2820/3945 2856/2819/2002
f 2840/2823/1923 2839/2821/3947 2857/2822/3959
f 2841/2825/1926 2840/2823/1923 2858/2824/3960
f 2842/2827/3946 2841/2825/1926 2859/2826/3961
f 2843/2829/3948 2842/2827/3946 2860/2828/3962
f 2844/2831/3940 2843/2829/3948 2861/2830/2004
f 2845/1357/3949 2844/2831/3940 2862/2832/2005
f 2846/2834/1928 2845/1357/3949 2863/2833/3963
f 2847/2836/1931 2846/2834/1928 2864/2835/2006
f 2847/2836/1931 2865/2837/2007 2866/2838/2008
f 2834/2839/3943 2850/1991/1934 2869/2840/3964
f 2820/2801/3942 2808/1994/1994 2891/1956/1960
f 2820/2801/3942 2872/1317/1959 2871/2598/3950
f 2833/1536/1935 2870/1954/1957 2889/1574/1973
f 2818/1916/1617 2832/1929/1933 2889/1574/1973
f 2795/1902/1906 2796/1904/1907 2903/1974/1979
f 2806/1915/1919 2795/1902/1906 2902/2812/3955
f 2806/1915/1919 2913/2811/3954 2925/1983/1985
f 2785/1895/1901 2915/1975/1980 2903/1974/1979
f 2797/1896/1509 2904/1967/1590 2916/1933/1589
f 2788/1344/1499 2918/1980/1593 2906/1970/1577
f 2824/1922/1925 2811/1995/1996 2894/1958/1964
f 2822/1919/1922 2874/1941/1943 2892/1781/1962
f 2814/1910/1913 2897/1961/1968 2881/1557/1967
f 2828/2799/3941 2881/1557/1967 2880/1526/3951
f 2826/1526/1927 2879/1945/1611 2878/1321/1946
f 2825/1921/1924 2878/1321/1946 2895/1960/1966
f 2829/1926/1930 2884/1947/1949 2898/1568/1976
f 2817/1735/1999 2900/1964/1971 2886/1310/1954
f 2800/1269/1910 2907/1976/1981 2919/1932/1937
f 2790/1901/1905 2921/1978/1983 2909/1977/1982
f 2801/1909/1912 2802/1577/1903 2909/1977/1982
f 2800/1269/1910 2801/1909/1912 2908/2809/3952
f 2803/1728/1915 2910/1971/1975 2922/1931/1936
f 2792/1938/1940 2924/1982/1984 2912/2810/3953
f 2927/1957/1961 2852/2727/3957 2851/2623/3956
f 2873/1940/1942 2853/2625/3958 2852/2626/3957
f 2873/1940/1942 2928/1942/1944 2854/2841/2001
f 2877/1943/1945 2858/3049/3960 2857/2842/3959
f 2931/1944/1947 2859/3050/3961 2858/2845/3960
f 2932/1946/1948 2860/1628/3962 2859/1627/3961
f 2861/1631/2004 2860/1630/3962 2932/1946/1948
f 2933/1949/1951 2864/1405/2006 2863/1404/3963
f 2887/1952/1955 2867/1636/1989 2866/1635/2008
f 2926/1955/1958 2851/1408/3956 2869/1409/3964
f 2939/2534/3965 2938/2959/4718 2974/1833/3966
f 2939/2534/3965 2957/2012/1825 2975/1412/2009
f 2942/2536/3968 2941/2960/4717 2976/2535/3969
f 2977/1640/2010 2943/2740/4728 2942/2536/3968
f 2945/2537/3970 2944/2961/4729 2978/1837/3971
f 2979/1643/2013 2946/2637/4730 2945/2537/3970
f 2948/2539/3972 2947/2962/4724 2980/1415/3973
f 2981/1646/2015 2949/2638/4731 2948/2539/3972
f 2951/2541/3974 2950/2963/4722 2982/2540/3975
f 2951/2541/3974 2969/2015/2017 2983/1649/2016
f 2954/2543/3977 2953/2964/4720 2984/1418/3978
f 2954/2543/3977 2972/1839/1828 2973/1420/2018
f 2955/1419/2019 2956/1832/1824 2974/1833/3966
f 2959/2544/3980 2976/2639/3969 2975/1412/2009
f 2962/1836/1818 2978/1837/3971 2977/1640/2010
f 2980/1415/3973 2979/1643/2013 2964/1642/1838
f 2968/2546/1833 2982/2540/3975 2981/1646/2015
f 2984/1418/3978 2983/1649/2016 2970/1648/1830
f 2986/2865/2053 2985/2879/2055 2996/2866/2022
f 2989/1662/3997 2990/3052/3998 2991/1652/2035
f 2991/1652/2035 2992/3053/2034 2993/2790/2036
f 2993/2790/2036 2994/3054/2039 2995/2868/2038
f 2995/2868/2038 2985/3055/2055 2986/1430/2053
f 2986/1430/2053 2987/3056/3996 2988/2869/3995
f 2988/2869/3995 2989/1662/3997 2991/1652/2035
f 2991/1652/2035 2993/2790/2036 2995/2868/2038
f 2995/2868/2038 2986/1430/2053 2988/2869/3995
f 2987/2870/3996 2986/2865/2053 2997/2867/2021
f 2988/2872/3995 2987/1490/3996 2998/2566/3982
f 2989/2874/3997 2988/2872/3995 2999/2873/3987
f 2990/2876/3998 2989/2874/3997 3000/2875/2025
f 2991/1667/2035 2990/2876/3998 3001/2877/2024
f 2993/1894/2036 3003/2030/2029 3004/2878/2031
f 2985/2879/2055 2995/2032/2038 3006/2686/2032
f 3046/2865/2025 3045/2916/2024 3056/2907/3998
f 3049/1662/4020 3050/3073/2022 3051/1652/2032
f 3051/1652/2032 3052/3074/2037 3053/2790/2066
f 3053/2790/2066 3054/3075/2029 3055/2908/2027
f 3055/2908/2027 3045/3076/2024 3046/1430/2025
f 3046/1430/2025 3047/3077/3987 3048/2909/3982
f 3048/2909/3982 3049/1662/4020 3051/1652/2032
f 3051/1652/2032 3053/2790/2066 3055/2908/2027
f 3055/2908/2027 3046/1430/2025 3048/2909/3982
f 3047/2910/3987 3046/2865/2025 3057/2867/4011
f 3048/2912/3982 3047/1490/3987 3058/2566/3995
f 3049/2874/4020 3048/2912/3982 3059/2913/3996
f 3050/2914/2022 3049/2874/4020 3060/2875/2053
f 3051/1667/2032 3050/2914/2022 3061/2915/2055
f 3053/1894/2066 3063/2030/2058 3064/2878/2060
f 3045/2916/2024 3055/2057/2027 3066/2686/2035
f 3144/1253/2274 3377/1253/4177 3343/1253/4152
f 3146/1253/2314 3268/1253/2335 3115/1253/4153
f 3147/1253/2278 3146/1253/2314 3116/1253/4154
f 3156/1253/2294 3155/1253/2293 3125/1253/4155
f 3156/1253/2294 3126/1253/4156 3127/1253/4162
f 3158/1253/2296 3157/1253/2318 3127/1253/4162
f 3158/1253/2296 3128/1253/4163 3129/1253/4164
f 3159/1253/2297 3129/1253/4164 3130/1253/4165
f 3160/1253/2321 3130/1253/4165 3131/1253/4166
f 3161/1253/4167 3131/1253/4166 3132/1253/4168
f 3162/1253/4169 3132/1253/4168 3133/1253/2284
f 3166/1253/2298 3137/1253/4172 3138/1253/4170
f 3167/1253/4171 3138/1253/4170 3139/1253/4173
f 3148/1253/2292 3149/1253/4158 3177/1253/2301
f 3150/1253/4160 3151/1253/4178 3274/1253/2355
f 3161/1253/4167 3162/1253/4169 3187/1253/2358
f 3187/1253/2358 3162/1253/4169 3163/1253/2283
f 3188/1253/2356 3163/1253/2283 3285/1253/2286
f 3191/1253/2324 3167/1253/4171 3168/1253/2338
f 3251/1253/2332 3250/1253/4056 3249/1253/4048
f 3249/1253/4048 3248/1253/2104 3193/1253/2344
f 3193/1253/2344 3215/1253/2341 3214/1253/2365
f 3214/1253/2365 3279/1253/2336 3253/1253/4050
f 3253/1253/4050 3252/1253/2331 3251/1253/2332
f 3251/1253/2332 3249/1253/4048 3193/1253/2344
f 3193/1253/2344 3214/1253/2365 3253/1253/4050
f 3202/1253/2366 3203/1253/2352 3230/1253/2086
f 3203/1253/2352 3204/1253/2353 3231/1253/4038
f 3286/1253/2303 3232/1253/2304 3231/1253/4038
f 3205/1253/2305 3206/1253/2354 3233/1253/4040
f 3233/1253/4040 3206/1253/2354 3207/1253/2361
f 3209/1253/2362 3210/1253/2357 3235/1253/4041
f 3210/1253/2357 3211/1253/4183 3236/1253/4039
f 3211/1253/4183 3212/1253/2359 3237/1253/4037
f 3237/1253/4037 3212/1253/2359 3213/1253/2360
f 3214/1253/2365 3215/1253/2341 3226/1253/4042
f 3297/1253/2381 3218/1253/4184 3241/1253/4034
f 3218/1253/4184 3219/1253/2363 3242/1253/4068
f 3219/1253/2363 3897/1253/2700 3927/1253/2699
f 3243/1253/2106 3170/1253/2384 3193/1253/2344
f 3253/1253/4050 3279/1253/2336 3169/1253/4180
f 3262/1253/2103 3256/1253/2102 3255/1253/4053
f 3257/1253/4044 3263/1253/4045 3264/1253/4047
f 3307/1253/2373 3175/1253/2377 3174/1253/4175
f 3154/1253/2346 3180/1253/2371 3179/1253/2315
f 3155/1253/2293 3181/1253/4185 3180/1253/2371
f 3159/1253/2297 3160/1253/2321 3185/1253/2320
f 3245/1253/4043 3244/1253/4051 3249/1253/4048
f 3283/1253/4186 3115/1253/4153 3268/1253/2335
f 3120/1253/4159 3121/1253/4187 3151/1253/4178
f 3121/1253/4187 3122/1253/4161 3152/1253/2317
f 3135/1253/2285 3136/1253/2347 3165/1253/2300
f 3170/1253/2384 3243/1253/2106 3244/1253/4051
f 3245/1253/4043 3267/1253/2101 3246/1253/2330
f 3170/1253/2384 3244/1253/4051 3245/1253/4043
f 3140/1253/4174 3141/1253/2385 3170/1253/2384
f 3247/1253/4054 3169/1253/4180 3140/1253/4174
f 3245/1253/4043 3246/1253/2330 3247/1253/4054
f 3140/1253/4174 3170/1253/2384 3245/1253/4043
f 3271/1253/2312 3272/1253/2291 3204/1253/2353
f 3274/1253/2355 3206/1253/2354 3205/1253/2305
f 3210/1253/2357 3188/1253/2356 3276/1253/4179
f 3189/1253/2322 3190/1253/2299 3212/1253/2359
f 3212/1253/2359 3277/1253/2325 3191/1253/2324
f 3296/1253/2326 3195/1253/2329 3218/1253/4184
f 3202/1253/2366 3176/1253/2333 3270/1253/2313
f 3173/1253/4176 3174/1253/4175 3198/1253/4032
f 3174/1253/4175 3175/1253/2377 3199/1253/2378
f 3219/1253/2363 3196/1253/2364 3872/1253/4182
f 3176/1253/2333 3282/1253/2309 3261/1253/4055
f 3114/1253/2383 3284/1253/2334 3254/1253/4052
f 3164/1253/2323 3149/1253/4158 3150/1253/4160
f 3276/1253/4179 3285/1253/2286 3150/1253/4160
f 3178/1253/2302 3177/1253/2301 3189/1253/2322
f 3201/1253/2351 3228/1253/2098 3305/1253/2117
f 3378/1253/2387 3344/1253/2389 3343/1253/4152
f 3388/1253/2458 3353/1253/4192 3352/1253/4191
f 3389/1253/2457 3354/1253/4193 3353/1253/4192
f 3390/1253/2421 3355/1253/4195 3354/1253/4193
f 3393/1253/4194 3358/1253/4196 3357/1253/2398
f 3394/1253/2425 3359/1253/4733 3358/1253/4196
f 3360/1253/4197 3359/1253/4733 3394/1253/2425
f 3396/1253/2399 3361/1253/2401 3360/1253/4197
f 3364/1253/4198 3363/1253/4200 3398/1253/4199
f 3365/1253/4201 3364/1253/4198 3399/1253/2428
f 3366/1253/4202 3365/1253/4201 3400/1253/2427
f 3367/1253/4203 3366/1253/4202 3401/1253/2463
f 3368/1253/4204 3367/1253/4203 3402/1253/2430
f 3412/1253/2442 3375/1253/4734 3374/1253/4205
f 3376/1253/4206 3375/1253/4734 3412/1253/2442
f 3384/1253/2391 3383/1253/4217 3418/1253/2479
f 3387/1253/2499 3386/1253/2420 3419/1253/2419
f 3427/1253/2461 3396/1253/2399 3395/1253/2424
f 3434/1253/2434 3435/1253/4207 3405/1253/2477
f 3435/1253/4207 3521/1253/4208 3406/1253/2405
f 3521/1253/4208 3523/1253/2436 3407/1253/2470
f 3507/1253/2131 3416/1253/2417 3524/1253/2474
f 3470/1253/2452 3471/1253/2511 3441/1253/2510
f 3509/1253/4088 3510/1253/4086 3493/1253/4214
f 3493/1253/4214 3494/1253/2141 3495/1253/2134
f 3495/1253/2134 3436/1253/2437 3457/1253/2490
f 3457/1253/2490 3458/1253/2445 3437/1253/2444
f 3437/1253/2444 3492/1253/2132 3509/1253/4088
f 3509/1253/4088 3493/1253/4214 3495/1253/2134
f 3495/1253/2134 3457/1253/2490 3437/1253/2444
f 3474/1253/4073 3444/1253/2480 3443/1253/2492
f 3475/1253/4075 3445/1253/2493 3444/1253/2480
f 3446/1253/2484 3445/1253/2493 3475/1253/4075
f 3477/1253/4079 3448/1253/2485 3447/1253/2482
f 3479/1253/4209 3452/1253/2488 3451/1253/2487
f 3480/1253/4077 3453/1253/4210 3452/1253/2488
f 3481/1253/4074 3454/1253/4212 3453/1253/4210
f 3481/1253/4074 3482/1253/4076 3455/1253/4211
f 3483/1253/2142 3458/1253/2445 3457/1253/2490
f 3486/1253/4071 3461/1253/2491 3460/1253/4213
f 3408/1253/2435 3436/1253/2437 3495/1253/2134
f 3504/1253/2495 3503/1253/2140 3497/1253/2498
f 3422/1253/2486 3390/1253/2421 3389/1253/2457
f 3393/1253/4194 3392/1253/2397 3424/1253/2459
f 3394/1253/2425 3393/1253/4194 3425/1253/4215
f 3429/1253/2502 3398/1253/4199 3397/1253/2460
f 3430/1253/2507 3399/1253/2428 3398/1253/4199
f 3489/1253/4085 3510/1253/4086 3509/1253/4088
f 3417/1253/2454 3418/1253/2479 3383/1253/4217
f 3352/1253/4191 3351/1253/2476 3386/1253/2420
f 3408/1253/2435 3491/1253/2136 3511/1253/2139
f 3511/1253/2139 3490/1253/4087 3489/1253/4085
f 3488/1253/4089 3409/1253/2133 3516/1253/2471
f 3511/1253/2139 3489/1253/4085 3488/1253/4089
f 3373/1253/2478 3408/1253/2435 3511/1253/2139
f 3488/1253/4089 3516/1253/2471 3373/1253/2478
f 3446/1253/2484 3420/1253/2483 3419/1253/2419
f 3449/1253/2508 3423/1253/2422 3422/1253/2486
f 3452/1253/2488 3453/1253/4210 3433/1253/2432
f 3454/1253/4212 3434/1253/2434 3520/1253/4216
f 3455/1253/4211 3521/1253/4208 3435/1253/4207
f 3460/1253/4213 3461/1253/2491 3522/1253/2440
f 3462/1253/2576 3439/1253/2443 3438/1253/2464
f 3440/1253/2450 3414/1253/2409 3173/1253/4176
f 3440/1253/2450 3441/1253/2510 3415/1253/2410
f 3388/1253/2458 3387/1253/2499 3403/1253/2433
f 3520/1253/4216 3420/1253/2483 3421/1253/2455
f 3529/1253/2506 3528/1253/2503 3425/1253/4215
f 3534/1253/4219 3535/1253/2439 3411/1253/2438
f 3545/1253/2151 3546/1253/2150 3536/1253/4220
f 3546/1253/2150 3550/1253/2145 3537/1253/2509
f 3458/1253/2445 3483/1253/2142 3547/1253/2129
f 3538/1253/2448 3484/1253/2154 3485/1253/4083
f 3533/1253/2517 3410/1253/2516 3535/1253/2439
f 3613/1253/2584 3578/1253/4735 3376/1253/4206
f 3579/1253/2641 3578/1253/4735 3613/1253/2584
f 3619/1253/2589 3585/1253/4223 3584/1253/2520
f 3630/1253/2527 3596/1253/2529 3595/1253/4221
f 3606/1253/4224 3605/1253/4227 3639/1253/4225
f 3607/1253/4228 3606/1253/4224 3640/1253/2595
f 3841/1253/4229 3612/1253/2542 3645/1253/2541
f 3754/1253/4230 3621/1253/4244 3620/1253/2551
f 3651/1253/2614 3623/1253/4233 3622/1253/4231
f 3761/1253/2555 3656/1253/4121 3629/1253/4222
f 3657/1253/2593 3630/1253/2527 3629/1253/4222
f 3662/1253/4234 3663/1253/2622 3638/1253/2606
f 3663/1253/2622 3664/1253/2596 3639/1253/4225
f 3704/1253/4107 3674/1253/2621 3758/1253/2568
f 3667/1253/2569 3724/1253/2174 3741/1253/2180
f 3741/1253/2180 3742/1253/4119 3725/1253/4118
f 3725/1253/4118 3726/1253/2185 3727/1253/2178
f 3727/1253/2178 3666/1253/2562 3688/1253/4235
f 3688/1253/4235 3689/1253/2570 3667/1253/2569
f 3667/1253/2569 3741/1253/2180 3725/1253/4118
f 3725/1253/4118 3727/1253/2178 3688/1253/4235
f 3705/1253/4104 3675/1253/2610 3674/1253/2621
f 3706/1253/4106 3676/1253/2611 3675/1253/2610
f 3677/1253/4236 3676/1253/2611 3706/1253/4106
f 3708/1253/4111 3679/1253/2613 3678/1253/2612
f 3711/1253/4237 3684/1253/2619 3683/1253/2618
f 3712/1253/4109 3685/1253/4238 3684/1253/2619
f 3713/1253/4105 3686/1253/2623 3685/1253/4238
f 3713/1253/4105 3714/1253/4108 3687/1253/4239
f 3715/1253/4117 3689/1253/2570 3688/1253/4235
f 3667/1253/2569 3643/1253/2601 3720/1253/2175
f 3642/1253/2561 3666/1253/2562 3727/1253/2178
f 3736/1253/2625 3735/1253/2184 3729/1253/2631
f 3731/1253/2629 3732/1253/2181 3738/1253/2627
f 3627/1253/2525 3626/1253/2591 3654/1253/2590
f 3659/1253/2634 3632/1253/2530 3631/1253/2592
f 3660/1253/2638 3633/1253/2605 3632/1253/2530
f 3755/1253/2617 3634/1253/4241 3633/1253/2605
f 3755/1253/2617 3661/1253/4242 3635/1253/2533
f 3722/1253/4114 3742/1253/4119 3741/1253/2180
f 3725/1253/4118 3744/1253/4120 3743/1253/2186
f 3648/1253/2548 3747/1253/2646 3673/1253/2650
f 3587/1253/4243 3586/1253/2602 3620/1253/2551
f 3621/1253/4244 3622/1253/4231 3588/1253/4245
f 3623/1253/4233 3589/1253/2521 3588/1253/4245
f 3626/1253/2591 3592/1253/2524 3591/1253/2603
f 3633/1253/2605 3634/1253/4241 3600/1253/4226
f 3642/1253/2561 3723/1253/2177 3743/1253/2186
f 3744/1253/4120 3722/1253/4114 3721/1253/2182
f 3642/1253/2561 3743/1253/2186 3744/1253/4120
f 3609/1253/2607 3608/1253/2609 3642/1253/2561
f 3720/1253/2175 3643/1253/2601 3609/1253/2607
f 3642/1253/2561 3744/1253/4120 3721/1253/2182
f 3721/1253/2182 3720/1253/2175 3609/1253/2607
f 3676/1253/2611 3752/1253/2549 3751/1253/2588
f 3677/1253/4236 3754/1253/4230 3753/1253/2550
f 3754/1253/4230 3677/1253/4236 3678/1253/2612
f 3684/1253/2619 3685/1253/4238 3756/1253/2557
f 3686/1253/2623 3663/1253/2622 3662/1253/4234
f 3920/1253/4130 3896/1253/2567 3669/1253/2597
f 3686/1253/2623 3687/1253/4239 3665/1253/2559
f 3621/1253/4244 3637/1253/2538 3636/1253/2536
f 3650/1253/4232 3622/1253/4231 3636/1253/2536
f 3754/1253/4230 3650/1253/4232 3756/1253/2557
f 3621/1253/4244 3754/1253/4230 3662/1253/4234
f 3763/1253/2637 3762/1253/2635 3655/1253/4240
f 3689/1253/2570 3715/1253/4117 3716/1253/2168
f 3746/1253/2547 3581/1253/2649 3765/1253/2648
f 3647/1253/2586 3672/1253/2579 3673/1253/2650
f 3843/1253/4246 3808/1253/4247 3809/1253/2751
f 3847/1253/4248 3814/1253/4250 3815/1253/2655
f 3851/1253/2660 3850/1253/4252 3817/1253/4251
f 3855/1253/2684 3854/1253/2683 3821/1253/4253
f 3855/1253/2684 3822/1253/4254 3823/1253/2661
f 3859/1253/2719 3826/1253/4258 3827/1253/4256
f 3860/1253/4257 3827/1253/4256 3828/1253/4259
f 3861/1253/4260 3828/1253/4259 3829/1253/4261
f 3862/1253/4262 3829/1253/4261 3830/1253/2666
f 3864/1253/2720 3832/1253/4265 3833/1253/4263
f 3865/1253/4264 3833/1253/4263 3834/1253/4266
f 3866/1253/2690 3834/1253/4266 3835/1253/4267
f 3870/1253/4268 3869/1253/2671 3839/1253/4269
f 3870/1253/4268 3840/1253/4270 3841/1253/4229
f 3846/1253/2681 3847/1253/4248 3977/1253/2731
f 3848/1253/2657 3978/1253/4276 3977/1253/2731
f 3849/1253/2728 3850/1253/4252 3979/1253/2733
f 3850/1253/4252 3851/1253/2660 3980/1253/2712
f 3882/1253/2682 3855/1253/2684 3856/1253/2663
f 3860/1253/4257 3861/1253/4260 3888/1253/2736
f 3888/1253/2736 3861/1253/4260 3862/1253/4262
f 3889/1253/2734 3862/1253/4262 3990/1253/2665
f 3890/1253/2741 3865/1253/4264 3866/1253/2690
f 4011/1253/2211 4002/1253/2754 3900/1253/4277
f 3903/1253/2702 3930/1253/2210 3929/1253/2209
f 3991/1253/2705 3932/1253/2704 3931/1253/4135
f 3905/1253/2706 3906/1253/2732 3933/1253/4137
f 3933/1253/4137 3906/1253/2732 3907/1253/2738
f 3909/1253/2739 3910/1253/2735 3937/1253/4138
f 3910/1253/2735 3911/1253/4278 3938/1253/4136
f 3911/1253/4278 3912/1253/2740 3939/1253/4134
f 3939/1253/4134 3912/1253/2740 3913/1253/2708
f 3915/1253/2743 3916/1253/2692 3926/1253/2260
f 3918/1253/2737 3919/1253/2744 3943/1253/4151
f 3944/1253/2227 4016/1253/4283 3894/1253/2694
f 3955/1253/2230 3893/1253/2693 3868/1253/4275
f 3964/1253/4139 3958/1253/2236 3957/1253/2233
f 3959/1253/2224 3965/1253/2223 3966/1253/2239
f 3853/1253/4279 3880/1253/2750 3879/1253/2711
f 3854/1253/2683 3881/1253/4281 3880/1253/2750
f 3857/1253/2716 3858/1253/2729 3885/1253/4280
f 3858/1253/2729 3859/1253/2719 3886/1253/2718
f 3946/1253/2222 3945/1253/2241 3951/1253/2240
f 3953/1253/2237 3954/1253/2231 3948/1253/4141
f 3988/1253/4282 3810/1253/2652 3971/1253/2654
f 3812/1253/2727 3813/1253/4249 3846/1253/2681
f 3819/1253/2659 3820/1253/4255 3853/1253/4279
f 3857/1253/2716 3824/1253/2662 3825/1253/2730
f 3836/1253/4271 3837/1253/2760 4016/1253/4283
f 4016/1253/4283 3944/1253/2227 3945/1253/2241
f 3945/1253/2241 3946/1253/2222 3947/1253/2235
f 3947/1253/2235 3948/1253/4141 3949/1253/2228
f 3949/1253/2228 3868/1253/4275 3836/1253/4271
f 3836/1253/4271 4016/1253/4283 3945/1253/2241
f 3945/1253/2241 3947/1253/2235 3949/1253/2228
f 3977/1253/2731 3978/1253/4276 3991/1253/2705
f 3979/1253/2733 3906/1253/2732 3905/1253/2706
f 3910/1253/2735 3889/1253/2734 3981/1253/4274
f 3982/1253/2686 3969/1253/2685 3912/1253/2740
f 3872/1253/4182 3873/1253/4272 3898/1253/2698
f 3873/1253/4272 3874/1253/2753 3899/1253/2757
f 3902/1253/2723 3987/1253/2709 3967/1253/2238
f 3976/1253/4284 3989/1253/2722 3956/1253/2242
f 3863/1253/2687 3848/1253/2657 3849/1253/2728
f 3981/1253/4274 3990/1253/2665 3849/1253/2728
f 3878/1253/4273 3978/1253/4276 3982/1253/2686
f 3982/1253/2686 3978/1253/4276 3848/1253/2657
f 4003/1253/2697 3917/1253/2756 4013/1253/2247
f 4049/1253/4332 4050/1253/2818 4059/1253/2828
f 4051/1253/2816 4050/1253/2818 4049/1253/4332
f 4049/1253/4332 4057/1253/4336 4056/1253/2826
f 4056/1253/2826 4055/1253/2824 4054/1253/2821
f 4054/1253/2821 4053/1253/2823 4052/1253/2819
f 4052/1253/2819 4051/1253/2816 4049/1253/4332
f 4049/1253/4332 4056/1253/2826 4054/1253/2821
f 4062/1253/4334 4052/1253/2819 4053/1253/2823
f 4066/1253/4335 4056/1253/2826 4057/1253/4336
f 4057/1253/4336 4049/1253/4332 4058/1253/4333
f 4069/1253/2830 4068/1253/4350 4058/1253/4333
f 4071/1253/2832 4070/1253/2829 4059/1253/2828
f 4073/1253/2834 4072/1253/2831 4060/1253/2817
f 4075/1253/4339 4074/1253/2833 4061/1253/2820
f 4076/1253/4340 4075/1253/4339 4062/1253/4334
f 4078/1253/4341 4063/1253/2822 4064/1253/2825
f 4080/1253/4344 4064/1253/2825 4065/1253/2827
f 4082/1253/4346 4065/1253/2827 4066/1253/4335
f 4084/1253/4348 4066/1253/4335 4067/1253/4337
f 4085/1253/4349 4067/1253/4337 4058/1253/4333
f 4184/1253/4423 4193/1253/4432 4194/1253/4424
f 4187/1253/2932 4188/1253/4425 4189/1253/2935
f 4189/1253/2935 4190/1253/2934 4191/1253/2937
f 4191/1253/2937 4192/1253/4429 4184/1253/4423
f 4184/1253/4423 4185/1253/2930 4186/1253/2929
f 4186/1253/2929 4187/1253/2932 4189/1253/2935
f 4189/1253/2935 4191/1253/2937 4184/1253/4423
f 4188/1253/4425 4187/1253/2932 4197/1253/4426
f 4188/1253/4425 4198/1253/4427 4199/1253/4428
f 4192/1253/4429 4191/1253/2937 4202/1253/4430
f 4192/1253/4429 4203/1253/4431 4193/1253/4432
f 4205/1253/4433 4194/1253/4424 4193/1253/4432
f 4207/1253/4435 4195/1253/2928 4194/1253/4424
f 4209/1253/4437 4196/1253/2931 4195/1253/2928
f 4211/1253/4439 4197/1253/4426 4196/1253/2931
f 4212/1253/4441 4198/1253/4427 4197/1253/4426
f 4199/1253/4428 4198/1253/4427 4213/1253/4442
f 4200/1253/2933 4199/1253/4428 4214/1253/4443
f 4201/1253/2936 4200/1253/2933 4216/1253/4445
f 4202/1253/4430 4201/1253/2936 4218/1253/4447
f 4203/1253/4431 4202/1253/4430 4220/1253/4449
f 4204/1253/4434 4193/1253/4432 4203/1253/4431
f 4320/1253/4528 4321/1253/3024 4330/1253/3027
f 4322/1253/3022 4321/1253/3024 4320/1253/4528
f 4320/1253/4528 4328/1253/4539 4327/1253/4541
f 4327/1253/4541 4326/1253/4535 4325/1253/4530
f 4325/1253/4530 4324/1253/4532 4323/1253/3025
f 4323/1253/3025 4322/1253/3022 4320/1253/4528
f 4320/1253/4528 4327/1253/4541 4325/1253/4530
f 4333/1253/4531 4323/1253/3025 4324/1253/4532
f 4334/1253/4533 4324/1253/4532 4325/1253/4530
f 4335/1253/4534 4325/1253/4530 4326/1253/4535
f 4326/1253/4535 4327/1253/4541 4337/1253/4537
f 4338/1253/4538 4327/1253/4541 4328/1253/4539
f 4328/1253/4539 4320/1253/4528 4329/1253/4529
f 4341/1253/3029 4340/1253/4553 4329/1253/4529
f 4343/1253/3031 4342/1253/3028 4330/1253/3027
f 4345/1253/3033 4344/1253/3030 4331/1253/3023
f 4347/1253/4542 4346/1253/3032 4332/1253/3026
f 4348/1253/4543 4347/1253/4542 4333/1253/4531
f 4349/1253/4544 4334/1253/4533 4335/1253/4534
f 4351/1253/4546 4335/1253/4534 4336/1253/4536
f 4353/1253/4548 4336/1253/4536 4337/1253/4537
f 4354/1253/4549 4337/1253/4537 4338/1253/4538
f 4356/1253/4551 4338/1253/4538 4339/1253/4540
f 4357/1253/4552 4339/1253/4540 4329/1253/4529
f 4456/1253/4623 4465/1253/4637 4466/1253/4624
f 4459/1253/3130 4460/1253/4626 4461/1253/4625
f 4461/1253/4625 4462/1253/4630 4463/1253/4633
f 4463/1253/4633 4464/1253/4634 4456/1253/4623
f 4456/1253/4623 4457/1253/3128 4458/1253/3127
f 4458/1253/3127 4459/1253/3130 4461/1253/4625
f 4461/1253/4625 4463/1253/4633 4456/1253/4623
f 4460/1253/4626 4459/1253/3130 4469/1253/4627
f 4461/1253/4625 4460/1253/4626 4470/1253/4628
f 4462/1253/4630 4461/1253/4625 4471/1253/4629
f 4462/1253/4630 4472/1253/4631 4473/1253/4632
f 4464/1253/4634 4463/1253/4633 4474/1253/4635
f 4464/1253/4634 4475/1253/4636 4465/1253/4637
f 4477/1253/4638 4466/1253/4624 4465/1253/4637
f 4479/1253/4640 4467/1253/3126 4466/1253/4624
f 4481/1253/4642 4468/1253/3129 4467/1253/3126
f 4483/1253/4644 4469/1253/4627 4468/1253/3129
f 4484/1253/4646 4470/1253/4628 4469/1253/4627
f 4471/1253/4629 4470/1253/4628 4485/1253/4647
f 4472/1253/4631 4471/1253/4629 4487/1253/4649
f 4473/1253/4632 4472/1253/4631 4489/1253/4651
f 4474/1253/4635 4473/1253/4632 4490/1253/4652
f 4475/1253/4636 4474/1253/4635 4492/1253/4654
f 4465/1253/4637 4475/1253/4636 4493/1253/4655
usemtl 01_-_Default
f 145/1/1 724/2/2 623/3/3
f 1593/4/4 171/5/5 143/6/6
f 158/7/7 153/8/8 725/9/9
f 725/9/9 157/10/10 158/7/7
f 725/9/9 1641/11/11 160/12/12
f 160/12/12 726/13/13 725/9/9
f 726/13/13 160/12/12 193/14/14
f 193/14/14 727/15/15 726/13/13
f 192/16/16 727/15/15 156/17/17
f 170/18/18 728/19/19 169/20/20
f 728/19/19 163/21/21 164/22/22
f 728/19/19 164/22/22 165/23/23
f 758/24/24 165/23/23 755/25/25
f 758/24/24 761/26/26 167/27/27
f 166/28/28 758/24/24 755/25/25
f 758/24/24 760/29/29 761/26/26
f 760/29/29 758/24/24 759/30/30
f 862/31/31 747/32/32 734/33/33
f 195/34/34 137/35/35 730/36/36
f 863/37/37 138/38/38 196/39/39
f 168/40/40 732/41/41 735/42/42
f 194/43/43 787/44/44 788/45/45
f 734/33/33 787/44/44 194/43/43
f 735/42/42 793/46/46 126/47/47
f 865/48/48 735/42/42 126/47/47
f 145/1/1 1589/49/49 147/50/50
f 171/5/5 1593/4/4 736/51/51
f 1589/49/49 152/52/52 150/53/53
f 882/54/54 152/52/52 814/55/55
f 152/52/52 737/56/56 728/19/19
f 737/56/56 152/52/52 882/54/54
f 145/1/1 743/57/57 146/58/58
f 153/8/8 743/57/57 744/59/59
f 744/59/59 145/1/1 154/60/60
f 1589/49/49 738/61/61 147/50/50
f 150/53/53 739/62/62 1589/49/49
f 811/63/63 812/64/64 728/19/19
f 156/17/17 812/64/64 192/16/16
f 812/64/64 811/63/63 151/65/65
f 741/66/66 151/65/65 149/67/67
f 742/68/68 149/67/67 148/69/69
f 148/69/69 743/57/57 742/68/68
f 743/57/57 148/69/69 146/58/58
f 159/70/70 745/71/71 1641/11/11
f 160/12/12 746/72/72 193/14/14
f 813/73/73 191/74/74 156/17/17
f 747/32/32 755/25/25 864/75/75
f 166/28/28 756/76/76 757/77/77
f 730/36/36 757/77/77 136/78/78
f 182/79/79 839/80/80 175/81/81
f 181/82/82 839/80/80 182/79/79
f 803/83/83 886/84/84 185/85/85
f 804/86/86 885/87/87 178/88/88
f 178/88/88 885/87/87 184/89/89
f 179/90/90 774/91/91 180/92/92
f 177/93/93 181/82/82 886/84/84
f 173/94/94 186/95/95 805/96/96
f 887/97/97 773/98/98 183/99/99
f 804/86/86 179/90/90 885/87/87
f 184/89/89 176/100/100 178/88/88
f 176/100/100 184/89/89 180/92/92
f 152/52/52 740/101/101 150/53/53
f 880/102/102 730/36/36 136/78/78
f 195/34/34 881/103/103 137/35/35
f 881/103/103 196/39/39 137/35/35
f 735/42/42 865/48/48 168/40/40
f 144/104/104 881/103/103 195/34/34
f 153/8/8 744/59/59 159/70/70
f 1663/105/105 1584/106/106 624/107/107
f 625/108/108 1584/106/106 1663/105/105
f 323/109/109 946/110/110 581/111/111
f 311/112/112 947/113/113 1647/114/114
f 312/115/115 948/116/116 341/117/117
f 1036/118/118 340/119/119 308/120/120
f 949/121/121 322/122/122 321/123/123
f 316/124/124 949/121/121 317/125/125
f 949/121/121 321/123/123 320/126/126
f 980/127/127 320/126/126 983/128/128
f 287/129/129 980/127/127 983/128/128
f 980/127/127 977/130/130 319/131/131
f 978/132/132 980/127/127 979/133/133
f 980/127/127 978/132/132 977/130/130
f 318/134/134 1083/135/135 293/136/136
f 286/137/137 951/138/138 950/139/139
f 952/140/140 1085/141/141 295/142/142
f 953/143/143 966/144/144 344/145/145
f 293/136/136 1003/146/146 270/147/147
f 344/145/145 1008/148/148 347/149/149
f 347/149/149 1008/148/148 934/150/150
f 314/151/151 1591/152/152 954/153/153
f 296/154/154 946/110/110 298/155/155
f 298/155/155 946/110/110 300/156/156
f 300/156/156 304/157/157 302/158/158
f 303/159/159 315/160/160 970/161/161
f 962/162/162 305/163/163 306/164/164
f 297/165/165 955/166/166 956/167/167
f 956/167/167 299/168/168 297/165/165
f 957/169/169 301/170/170 299/168/168
f 303/159/159 958/171/171 949/121/121
f 308/120/120 958/171/171 339/172/172
f 304/157/157 959/173/173 302/158/158
f 302/158/158 960/174/174 300/156/156
f 300/156/156 961/175/175 298/155/155
f 305/163/163 962/162/162 310/176/176
f 298/155/155 962/162/162 296/154/154
f 963/177/177 1647/114/114 312/115/115
f 963/177/177 307/178/178 1106/179/179
f 312/115/115 964/180/180 963/177/177
f 964/180/180 312/115/115 341/117/117
f 341/117/117 965/181/181 964/180/180
f 339/172/172 965/181/181 308/120/120
f 287/129/129 982/182/182 981/183/183
f 324/184/184 1029/185/185 1022/186/186
f 1030/187/187 1029/185/185 324/184/184
f 1026/188/188 334/189/189 1101/190/190
f 327/191/191 1028/192/192 326/193/193
f 329/194/194 1028/192/192 327/191/191
f 1104/195/195 1023/196/196 325/197/197
f 994/198/198 1027/199/199 1066/200/200
f 328/201/201 1031/202/202 324/184/184
f 1101/190/190 334/189/189 1028/192/192
f 315/160/160 949/121/121 316/124/124
f 1038/203/203 304/157/157 989/204/204
f 958/171/171 303/159/159 301/170/170
f 346/205/205 951/138/138 286/137/137
f 951/138/138 346/205/205 294/206/206
f 295/142/142 346/205/205 286/137/137
f 293/136/136 1086/207/207 318/134/134
f 306/164/164 305/163/163 311/112/112
f 426/208/208 1169/209/209 617/210/210
f 1592/211/211 450/212/212 161/213/213
f 1171/214/214 438/215/215 1170/216/216
f 1171/214/214 1651/217/217 440/218/218
f 440/218/218 1172/219/219 1171/214/214
f 1172/219/219 440/218/218 469/220/220
f 469/220/220 1173/221/221 1172/219/219
f 468/222/222 1173/221/221 437/223/223
f 449/224/224 1174/225/225 448/226/226
f 1174/225/225 442/227/227 443/228/228
f 1174/225/225 443/228/228 444/229/229
f 1175/230/230 444/229/229 1201/231/231
f 1175/230/230 1207/232/232 446/233/233
f 445/234/234 1175/230/230 1201/231/231
f 1175/230/230 1206/235/235 1207/232/232
f 1176/236/236 1192/237/237 1325/238/238
f 1330/239/239 1178/240/240 1329/241/241
f 1205/242/242 424/243/243 1179/244/244
f 1179/244/244 424/243/243 1310/245/245
f 447/246/246 1313/247/247 1180/248/248
f 474/249/249 1227/250/250 1228/251/251
f 1325/238/238 1227/250/250 474/249/249
f 1180/248/248 464/252/252 413/253/253
f 1315/254/254 1180/248/248 413/253/253
f 426/208/208 1583/255/255 427/256/256
f 450/212/212 1592/211/211 1181/257/257
f 1583/255/255 432/258/258 430/259/259
f 1332/260/260 432/258/258 1257/261/261
f 432/258/258 1182/262/262 1174/225/225
f 1182/262/262 432/258/258 1332/260/260
f 427/256/256 1183/263/263 426/208/208
f 434/264/264 1183/263/263 435/265/265
f 1583/255/255 1184/266/266 427/256/256
f 430/259/259 1185/267/267 1583/255/255
f 1254/268/268 1255/269/269 1174/225/225
f 437/223/223 1255/269/269 468/222/222
f 1255/269/269 1254/268/268 431/270/270
f 1187/271/271 431/270/270 429/272/272
f 1188/273/273 429/272/272 428/274/274
f 428/274/274 1189/275/275 1188/273/273
f 433/276/276 434/264/264 439/277/277
f 439/277/277 1190/278/278 1651/217/217
f 440/218/218 1191/279/279 469/220/220
f 1256/280/280 467/281/281 437/223/223
f 1192/237/237 1201/231/231 1314/282/282
f 445/234/234 1202/283/283 1203/284/284
f 1203/284/284 1204/285/285 1175/230/230
f 1175/230/230 1204/285/285 1205/242/242
f 1206/235/235 1205/242/242 425/286/286
f 1339/287/287 1286/288/288 453/289/289
f 458/290/290 1286/288/288 1339/287/287
f 1245/291/291 1336/292/292 461/293/293
f 1246/294/294 1335/295/295 456/296/296
f 456/296/296 1335/295/295 460/297/297
f 457/298/298 1218/299/299 1340/300/300
f 455/301/301 458/290/290 1336/292/292
f 451/302/302 463/303/303 1247/304/304
f 462/305/305 1248/306/306 459/307/307
f 1246/294/294 457/298/298 1335/295/295
f 460/297/297 454/308/308 456/296/296
f 454/308/308 460/297/297 1340/300/300
f 432/258/258 1186/309/309 430/259/259
f 1330/239/239 1310/245/245 424/243/243
f 1179/244/244 1310/245/245 1311/310/310
f 1180/248/248 1315/254/254 447/246/246
f 1659/311/311 1579/312/312 618/313/313
f 619/314/314 1579/312/312 1659/311/311
f 591/315/315 1401/316/316 143/6/6
f 579/317/317 1402/318/318 1656/319/319
f 580/320/320 1403/321/321 609/322/322
f 1485/323/323 608/324/324 576/325/325
f 1404/326/326 590/327/327 589/328/328
f 584/329/329 1404/326/326 585/330/330
f 1404/326/326 589/328/328 588/331/331
f 1405/332/332 588/331/331 1439/333/333
f 558/334/334 1405/332/332 1439/333/333
f 1405/332/332 1434/335/335 587/336/336
f 1435/337/337 1405/332/332 1436/338/338
f 1405/332/332 1435/337/337 1434/335/335
f 586/339/339 1538/340/340 1410/341/341
f 556/342/342 1539/343/343 1557/344/344
f 1406/345/345 1539/343/343 1437/346/346
f 1408/347/347 1407/348/348 557/349/349
f 1409/350/350 1423/351/351 612/352/352
f 1410/341/341 602/353/353 541/354/354
f 612/352/352 1460/355/355 614/356/356
f 614/356/356 1460/355/355 1459/357/357
f 1541/358/358 1410/341/341 541/354/354
f 582/359/359 1590/360/360 1411/361/361
f 564/362/362 1401/316/316 566/363/363
f 566/363/363 1401/316/316 568/364/364
f 568/364/364 572/365/365 570/366/366
f 571/367/367 583/368/368 1427/369/369
f 1419/370/370 573/371/371 574/372/372
f 565/373/373 1412/374/374 1413/375/375
f 1413/375/375 567/376/376 565/373/373
f 567/376/376 1414/377/377 569/378/378
f 571/367/367 1415/379/379 1404/326/326
f 576/325/325 1415/379/379 607/380/380
f 572/365/365 1416/381/381 570/366/366
f 570/366/366 1417/382/382 568/364/364
f 568/364/364 1418/383/383 566/363/363
f 573/371/371 1419/370/370 578/384/384
f 566/363/363 1419/370/370 564/362/362
f 1420/385/385 1656/319/319 580/320/320
f 1420/385/385 575/386/386 1563/387/387
f 580/320/320 1421/388/388 1420/385/385
f 1421/388/388 580/320/320 609/322/322
f 609/322/322 1422/389/389 1421/388/388
f 607/380/380 1422/389/389 576/325/325
f 1436/338/338 1437/346/346 556/342/342
f 1438/390/390 1437/346/346 1405/332/332
f 1437/346/346 1438/390/390 1406/345/345
f 558/334/334 557/349/349 1438/390/390
f 592/391/391 1478/392/392 1471/393/393
f 1479/394/394 1478/392/392 592/391/391
f 1475/395/395 1481/396/396 1560/397/397
f 595/398/398 1477/399/399 594/400/400
f 597/401/401 1477/399/399 595/398/398
f 1562/402/402 1472/403/403 593/404/404
f 1450/405/405 1476/406/406 1515/407/407
f 596/408/408 1480/409/409 592/391/391
f 583/368/368 1404/326/326 584/329/329
f 1487/410/410 572/365/365 1445/411/411
f 1415/379/379 571/367/367 569/378/378
f 1557/344/344 1539/343/343 562/412/412
f 1410/341/341 1541/358/358 586/339/339
f 1539/343/343 563/413/413 562/412/412
f 574/372/372 573/371/371 579/317/317
f 673/414/414 1578/415/415 1680/416/416
f 1592/211/211 1169/209/209 1189/275/275
f 1657/417/417 1169/209/209 615/418/418
f 616/419/419 1169/209/209 1657/417/417
f 620/420/420 1593/4/4 1401/316/316
f 564/362/362 1579/312/312 1401/316/316
f 1590/360/360 1579/312/312 1412/374/374
f 660/421/421 1580/422/422 1581/423/423
f 671/424/424 1581/423/423 1679/425/425
f 656/426/426 1582/427/427 1585/428/428
f 426/208/208 1183/263/263 1189/275/275
f 1183/263/263 434/264/264 433/276/276
f 1169/209/209 426/208/208 1189/275/275
f 441/429/429 1583/255/255 313/430/430
f 1419/370/370 1412/374/374 564/362/362
f 1412/374/374 1579/312/312 564/362/362
f 1590/360/360 582/359/359 581/111/111
f 1593/4/4 724/2/2 146/58/58
f 1661/431/431 724/2/2 621/432/432
f 622/433/433 724/2/2 1661/431/431
f 626/434/434 1590/360/360 946/110/110
f 296/154/154 1584/106/106 946/110/110
f 1591/152/152 1584/106/106 955/166/166
f 669/435/435 1585/428/428 1678/436/436
f 658/437/437 1586/438/438 1578/415/415
f 662/439/439 1588/440/440 1587/441/441
f 667/442/442 1587/441/441 1635/443/443
f 962/162/162 955/166/166 296/154/154
f 1591/152/152 314/151/151 313/430/430
f 955/166/166 1584/106/106 296/154/154
f 146/58/58 724/2/2 145/1/1
f 162/444/444 1589/49/49 161/213/213
f 1590/360/360 1665/445/445 618/313/313
f 1665/445/445 1590/360/360 626/434/434
f 1591/152/152 1666/446/446 624/107/107
f 1666/446/446 1591/152/152 617/210/210
f 1592/211/211 1667/447/447 615/418/418
f 1667/447/447 1592/211/211 623/3/3
f 1593/4/4 1668/448/448 621/432/432
f 1668/448/448 1593/4/4 620/420/420
f 1596/449/449 634/450/450 646/451/451
f 633/452/452 1596/449/449 645/453/453
f 1599/454/454 637/455/455 649/456/456
f 636/457/457 1599/454/454 648/458/458
f 1602/459/459 640/460/460 652/461/461
f 639/462/462 1602/459/459 651/463/463
f 1605/464/464 631/465/465 643/466/466
f 642/467/467 1605/464/464 654/468/468
f 644/469/469 1607/470/470 1619/471/471
f 646/451/451 1608/472/472 1596/449/449
f 647/473/473 1610/474/474 1622/475/475
f 649/456/456 1611/476/476 1599/454/454
f 650/477/477 1613/478/478 1625/479/479
f 652/461/461 1614/480/480 1602/459/459
f 653/481/481 1616/482/482 1628/483/483
f 643/466/466 1617/484/484 1605/464/464
f 1619/471/471 1669/485/485 644/469/469
f 656/426/426 1619/471/471 645/453/453
f 1622/475/475 1670/486/486 647/473/473
f 658/437/437 1622/475/475 648/458/458
f 1625/479/479 1671/487/487 650/477/477
f 660/421/421 1625/479/479 651/463/463
f 1628/483/483 1672/488/488 653/481/481
f 662/439/439 1628/483/483 654/468/468
f 672/424/489 1630/425/490 1676/489/491
f 668/442/492 1631/490/493 667/442/442
f 1632/491/494 664/492/495 629/492/496
f 674/414/497 1633/493/498 673/414/414
f 1634/489/499 666/494/500 628/495/501
f 1635/443/443 668/442/492 667/442/442
f 664/492/495 1635/443/443 629/492/496
f 1636/436/502 630/496/503 665/496/504
f 669/435/435 1636/436/502 670/435/505
f 1630/425/490 627/497/506 663/498/507
f 671/424/424 1630/425/490 672/424/489
f 1861/1258/1286 1877/1259/1287 1864/1260/1288
f 1868/1261/1289 1884/1262/1290 1867/1263/1291
f 1874/1264/1292 1887/1265/1293 1886/1266/1294
f 1877/1259/1287 1890/1267/1295 1889/1268/1296
f 1878/1269/1297 1890/1267/1295 1877/1259/1287
f 1881/1270/1298 1893/1271/1299 1880/1272/1300
f 1887/1265/1293 1900/1273/1301 1899/1274/1302
f 1890/1267/1295 1905/1275/1303 1904/1276/1304
f 1893/1271/1299 1908/1277/1305 1923/1278/1306
f 1898/1279/1307 1915/1280/1308 1914/1281/1309
f 1899/1274/1302 1915/1280/1308 1898/1279/1307
f 1904/1276/1304 1919/1282/1310 1903/1283/1311
f 1907/1284/1312 1923/1278/1306 1922/1285/1313
f 1908/1277/1305 1925/1286/1314 1924/1287/1315
f 1911/1288/1316 1928/1289/1317 1927/1290/1318
f 2078/1421/1434 2087/1422/1435 2077/1423/1436
f 2078/1421/1434 2088/1424/1437 2087/1422/1435
f 2082/1425/1438 2092/1426/1439 2081/1427/1440
f 2082/1425/1438 2093/1428/1441 2092/1426/1439
f 2083/1429/1442 2094/1430/1443 2093/1428/1441
f 2107/1450/1457 2108/1451/1458 2106/1452/1459
f 2109/1453/1460 2110/1454/1461 2108/1451/1458
f 2111/1455/1462 2112/1456/1463 2110/1454/1464
f 2113/1457/1465 2114/1458/1466 2112/1456/1463
f 2115/1459/1467 2116/1460/1468 2114/1458/1466
f 2117/1461/1469 2118/1462/1470 2116/1460/1468
f 2123/1463/1471 2124/1464/1472 2121/1465/1473
f 2126/1466/1474 2106/1467/1459 2125/1468/1475
f 2137/1469/1476 2147/1470/1477 2146/1471/1478
f 2138/1472/1479 2147/1470/1477 2137/1469/1476
f 2140/1473/1444 2151/1474/1480 2150/1424/1481
f 2141/1475/1446 2152/1476/1482 2151/1474/1480
f 2145/1477/1451 2146/1471/1478 2156/1430/1483
f 2137/1469/1476 2146/1471/1478 2145/1477/1451
f 2147/1470/1477 2157/1478/1484 2146/1471/1478
f 2149/1479/1485 2159/1480/1486 2148/1481/1487
f 2150/1424/1481 2160/1482/1488 2149/1479/1485
f 2152/1476/1482 2162/1483/1489 2151/1474/1480
f 2146/1471/1478 2166/1484/1490 2156/1430/1483
f 2180/1502/1497 2175/1503/1498 2169/1504/1499
f 2184/1505/1500 2171/1506/1501 2170/1507/1502
f 2191/1508/1503 2180/1502/1497 2179/1509/1504
f 2193/1510/1505 2181/1511/1506 2180/1502/1497
f 2189/1512/1507 2201/1385/1508 2190/1513/1509
f 2190/1513/1509 2202/1514/1510 2179/1509/1504
f 2223/1515/1511 2205/1516/1512 2204/1517/1513
f 2207/1378/1514 2225/1518/1515 2208/1519/1516
f 2208/1519/1516 2226/1520/1517 2209/1521/1518
f 2227/1522/1519 2228/1523/1520 2210/1275/1521
f 2229/1524/1522 2212/1525/1523 2211/1526/1524
f 2212/1525/1523 2230/1527/1525 2213/1528/1526
f 2213/1528/1526 2231/1529/1527 2232/1530/1528
f 2215/1531/1529 2234/1532/1530 2216/1533/1531
f 2221/1534/1532 2203/1535/1533 2220/1536/1534
f 2385/1650/1643 2396/1651/1644 2386/1652/1645
f 2399/1653/1646 2389/1654/1647 2388/1655/1648
f 2389/1654/1647 2400/1656/1649 2390/1657/1650
f 2403/1658/1651 2393/1659/1652 2392/1660/1653
f 2409/1661/1654 2398/1662/1655 2397/1663/1656
f 2414/1671/1665 2415/1672/1666 2413/1452/1667
f 2423/1673/1668 2422/1674/1669 2420/1675/1670
f 2425/1676/1671 2424/1677/1672 2423/1673/1668
f 2427/1678/1673 2426/1679/1674 2425/1676/1671
f 2429/1680/1675 2428/1681/1676 2427/1678/1673
f 2431/1682/1677 2430/1683/1678 2429/1680/1675
f 2433/1684/1679 2432/1685/1680 2431/1682/1677
f 2413/1686/1681 2434/1687/1682 2433/1684/1679
f 2447/1688/1683 2457/1481/1684 2458/1689/1685
f 2456/1690/1686 2446/1691/1687 2445/1692/1662
f 2448/1650/1688 2460/1651/1689 2449/1652/1658
f 2462/1693/1690 2451/1694/1664 2450/1695/1659
f 2463/1696/1691 2452/1697/1692 2451/1694/1664
f 2454/1698/1661 2455/1699/1693 2445/1692/1662
f 2466/1700/1694 2456/1690/1686 2455/1699/1693
f 2467/1701/1695 2457/1481/1684 2456/1690/1686
f 2474/1702/1696 2465/1703/1697 2464/1704/1698
f 2475/1705/1699 2455/1699/1693 2465/1703/1697
f 2481/1507/1702 2493/1713/1703 2492/1714/1704
f 2482/1715/1705 2493/1713/1703 2481/1507/1702
f 2485/1716/1289 2495/1717/1706 2484/1295/1707
f 2489/1718/1708 2501/1719/1709 2500/1720/1710
f 2490/1721/1711 2501/1719/1709 2489/1718/1708
f 2492/1714/1704 2503/1722/1712 2502/1723/1402
f 2494/1724/1713 2504/1725/1714 2493/1713/1703
f 2495/1717/1706 2507/1726/1715 2506/1727/1716
f 2496/1728/1290 2507/1726/1715 2495/1717/1706
f 2497/1729/1393 2507/1726/1715 2496/1728/1290
f 2501/1719/1709 2513/1730/1717 2500/1720/1710
f 2501/1719/1709 2514/1273/1718 2530/1731/1719
f 2504/1725/1714 2519/1557/1720 2518/1732/1721
f 2510/1733/1722 2526/1734/1723 2509/1735/1724
f 2511/1736/1725 2526/1734/1723 2510/1733/1722
f 2513/1730/1717 2529/1737/1726 2528/1738/1727
f 2513/1730/1717 2530/1731/1719 2529/1737/1726
f 2515/1378/1728 2532/1739/1729 2514/1273/1718
f 2516/1740/1730 2534/1741/1731 2533/1742/1732
f 2517/1570/1733 2535/1743/1734 2534/1741/1731
f 2521/1744/1735 2536/1745/1736 2520/1526/1407
f 2522/1321/1737 2539/1746/1738 2538/1747/1739
f 2524/1748/1388 2540/1749/1740 2523/1750/1741
f 2525/1751/1742 2542/1752/1743 2541/1753/1744
f 2690/1840/1840 2699/1841/1841 2689/1842/1842
f 2691/1843/1843 2700/1844/1844 2690/1840/1840
f 2695/1845/1845 2704/1846/1846 2694/1476/1847
f 2696/1847/1848 2705/1848/1849 2695/1845/1845
f 2697/1849/1850 2706/1850/1851 2696/1847/1848
f 2697/1849/1850 2707/1851/1852 2706/1850/1851
f 2698/1852/1853 2708/1698/1854 2707/1851/1852
f 2702/1853/1855 2711/1854/1856 2701/1855/1857
f 2703/1856/1858 2712/1857/1859 2702/1853/1855
f 2722/1866/1866 2723/1867/1867 2721/1868/1868
f 2724/1869/1869 2726/1870/1870 2723/1867/1867
f 2731/1871/1871 2732/1872/1872 2730/1873/1873
f 2754/1874/1874 2763/1875/1875 2753/1842/1876
f 2755/1843/1877 2764/1876/1878 2754/1874/1874
f 2759/1877/1879 2768/1878/1880 2758/1476/1881
f 2760/1847/1882 2769/1879/1883 2759/1877/1879
f 2761/1849/1884 2770/1880/1885 2760/1847/1882
f 2761/1849/1884 2771/1881/1886 2770/1880/1885
f 2762/1882/1887 2772/1698/1888 2771/1881/1886
f 2766/1883/1889 2775/1884/1890 2765/1855/1891
f 2767/1885/1892 2776/1886/1893 2766/1883/1889
f 2785/1895/1901 2797/1896/1509 2786/1897/1535
f 2799/1898/1497 2783/1899/1902 2788/1344/1499
f 2802/1577/1903 2794/1900/1904 2790/1901/1905
f 2795/1902/1906 2807/1903/1616 2796/1904/1907
f 2797/1896/1509 2809/1905/1908 2798/1906/1504
f 2810/1907/1909 2799/1898/1497 2798/1906/1504
f 2800/1269/1910 2813/1908/1911 2801/1909/1912
f 2801/1909/1912 2814/1910/1913 2802/1577/1903
f 2815/1911/1914 2803/1728/1915 2802/1577/1903
f 2803/1728/1915 2815/1911/1914 2804/1912/1916
f 2804/1912/1916 2816/1913/1917 2805/1914/1918
f 2806/1915/1919 2818/1916/1617 2795/1902/1906
f 2836/1917/1920 2823/1918/1921 2822/1919/1922
f 2840/1920/1923 2825/1921/1924 2824/1922/1925
f 2841/1923/1926 2826/1526/1927 2825/1921/1924
f 2846/1924/1928 2830/1925/1929 2829/1926/1930
f 2830/1925/1929 2847/1927/1931 2831/1928/1932
f 2832/1929/1933 2850/1930/1934 2833/1536/1935
f 2922/1931/1936 2919/1932/1937 2916/1933/1589
f 3008/2016/2020 2997/2017/2021 2996/2018/2022
f 3011/2019/2023 3001/2020/2024 3000/2021/2025
f 3012/2022/2026 3002/2023/2027 3001/2020/2024
f 3013/2024/2028 3003/2025/2029 3002/2023/2027
f 3003/2025/2029 3014/2026/2030 3004/1704/2031
f 3006/1698/2032 3007/2027/2033 2996/2018/2022
f 3028/2034/2040 3027/2035/2041 3025/2036/2042
f 3030/2037/2043 3029/1869/2044 3028/2034/2045
f 3039/2038/2046 3038/2039/2047 3037/2040/2048
f 3041/2041/2049 3040/2042/2050 3039/2038/2046
f 3025/2043/2042 3026/2044/2051 3043/2045/2052
f 3060/2021/2053 3071/2046/2054 3061/2047/2055
f 3072/2022/2056 3062/2048/2038 3061/2047/2055
f 3073/2049/2057 3063/2025/2058 3062/2048/2038
f 3074/2050/2059 3064/1704/2060 3063/2025/2058
f 3078/2051/2061 3068/2017/2062 3067/2052/2063
f 3076/1698/2064 3077/2053/2065 3067/2052/2063
f 3087/2059/2067 3088/2060/2068 3086/1452/2069
f 3092/2061/2070 3093/2062/2071 3091/2063/2072
f 3098/2064/2073 3099/2065/2074 3097/2066/2075
f 3100/2067/2076 3101/2068/2077 3099/2065/2078
f 3102/2069/2079 3103/2070/2080 3101/2068/2077
f 3105/2071/2081 3106/2072/2082 3104/2073/2083
f 192/16/16 726/13/13 727/15/15
f 622/433/433 1662/2109/3222 724/2/2
f 623/3/3 724/2/2 1662/2109/3222
f 159/70/70 725/9/9 153/8/8
f 159/70/70 1641/11/11 725/9/9
f 725/9/9 726/13/13 157/10/10
f 194/43/43 729/2110/3223 862/31/31
f 193/14/14 813/73/73 727/15/15
f 156/17/17 727/15/15 813/73/73
f 728/19/19 758/24/24 169/20/20
f 165/23/23 758/24/24 728/19/19
f 167/27/27 169/20/20 758/24/24
f 166/28/28 757/77/77 758/24/24
f 879/608/617 756/76/76 729/2110/3223
f 863/37/37 732/41/41 138/38/38
f 136/78/78 756/76/76 880/102/102
f 196/39/39 731/2111/3224 137/35/35
f 138/38/38 731/2111/3224 196/39/39
f 1589/49/49 814/55/55 152/52/52
f 735/42/42 197/2112/3225 793/46/46
f 864/75/75 787/44/44 734/33/33
f 736/51/51 1593/4/4 148/69/69
f 146/58/58 148/69/69 1593/4/4
f 728/19/19 815/639/648 811/63/63
f 148/69/69 149/67/67 736/51/51
f 811/63/63 736/51/51 151/65/65
f 149/67/67 151/65/65 736/51/51
f 155/2113/3226 738/61/61 739/62/62
f 744/59/59 743/57/57 145/1/1
f 147/50/50 738/61/61 145/1/1
f 154/60/60 145/1/1 738/61/61
f 739/62/62 738/61/61 1589/49/49
f 191/74/74 739/62/62 740/101/101
f 740/101/101 739/62/62 150/53/53
f 745/71/71 155/2113/3226 746/72/72
f 152/52/52 728/19/19 740/101/101
f 156/17/17 740/101/101 728/19/19
f 156/17/17 191/74/74 740/101/101
f 728/19/19 812/64/64 156/17/17
f 151/65/65 741/66/66 812/64/64
f 812/64/64 741/66/66 157/10/10
f 149/67/67 742/68/68 741/66/66
f 158/7/7 157/10/10 742/68/68
f 741/66/66 742/68/68 157/10/10
f 153/8/8 158/7/7 743/57/57
f 742/68/68 743/57/57 158/7/7
f 746/72/72 1641/11/11 745/71/71
f 746/72/72 191/74/74 813/73/73
f 862/31/31 755/25/25 747/32/32
f 193/14/14 746/72/72 813/73/73
f 731/2111/3224 760/29/29 759/30/30
f 166/28/28 862/31/31 729/2110/3223
f 166/28/28 729/2110/3223 756/76/76
f 136/78/78 757/77/77 756/76/76
f 730/36/36 758/24/24 757/77/77
f 730/36/36 137/35/35 758/24/24
f 759/30/30 758/24/24 137/35/35
f 137/35/35 731/2111/3224 759/30/30
f 138/38/38 761/26/26 760/29/29
f 732/41/41 167/27/27 761/26/26
f 947/113/113 309/2114/3227 948/116/116
f 175/81/81 803/83/83 185/85/85
f 177/93/93 886/84/84 803/83/83
f 174/658/667 173/94/94 805/96/96
f 183/99/99 174/658/667 805/96/96
f 801/2115/3228 773/98/98 186/95/95
f 186/95/95 773/98/98 887/97/97
f 180/92/92 774/91/91 176/100/100
f 182/79/79 175/81/81 185/85/85
f 181/82/82 177/93/93 839/80/80
f 801/2115/3228 186/95/95 173/94/94
f 183/99/99 773/98/98 174/658/667
f 179/90/90 804/86/86 774/91/91
f 163/21/21 728/19/19 737/56/56
f 815/639/648 736/51/51 811/63/63
f 157/10/10 192/16/16 812/64/64
f 194/43/43 862/31/31 734/33/33
f 144/104/104 730/36/36 880/102/102
f 195/34/34 730/36/36 144/104/104
f 732/41/41 197/2112/3225 735/42/42
f 734/33/33 747/32/32 864/75/75
f 154/60/60 745/71/71 744/59/59
f 159/70/70 744/59/59 745/71/71
f 310/176/176 947/113/113 305/163/163
f 311/112/112 305/163/163 947/113/113
f 948/116/116 1647/114/114 947/113/113
f 948/116/116 340/119/119 1036/118/118
f 1099/2116/3229 284/2117/3230 343/800/809
f 341/117/117 948/116/116 1036/118/118
f 320/126/126 980/127/127 949/121/121
f 319/131/131 317/125/125 980/127/127
f 949/121/121 980/127/127 317/125/125
f 287/129/129 981/183/183 980/127/127
f 1084/798/807 284/2117/3230 285/2118/3231
f 953/143/143 1085/141/141 952/140/140
f 295/142/142 982/182/182 952/140/140
f 286/137/137 982/182/182 295/142/142
f 946/110/110 989/204/204 304/157/157
f 293/136/136 1099/2116/3229 1003/146/146
f 270/147/147 1086/207/207 293/136/136
f 1097/788/797 1008/148/148 344/145/145
f 955/166/166 297/165/165 1591/152/152
f 954/153/153 1591/152/152 297/165/165
f 297/165/165 299/168/168 954/153/153
f 300/156/156 946/110/110 304/157/157
f 1038/203/203 949/121/121 304/157/157
f 299/168/168 301/170/170 954/153/153
f 303/159/159 954/153/153 301/170/170
f 970/161/161 954/153/153 303/159/159
f 303/159/159 949/121/121 315/160/160
f 309/2114/3227 961/175/175 960/174/174
f 306/164/164 1106/179/179 955/166/166
f 956/167/167 955/166/166 1106/179/179
f 1106/179/179 307/178/178 956/167/167
f 957/169/169 956/167/167 307/178/178
f 299/168/168 956/167/167 957/169/169
f 958/171/171 957/169/169 307/178/178
f 301/170/170 957/169/169 958/171/171
f 307/178/178 339/172/172 958/171/171
f 949/121/121 958/171/171 308/120/120
f 308/120/120 959/173/173 949/121/121
f 308/120/120 340/119/119 959/173/173
f 304/157/157 949/121/121 959/173/173
f 960/174/174 961/175/175 300/156/156
f 339/172/172 964/180/180 965/181/181
f 298/155/155 961/175/175 962/162/162
f 310/176/176 962/162/162 961/175/175
f 311/112/112 1647/114/114 963/177/177
f 963/177/177 964/180/180 307/178/178
f 976/817/826 318/134/134 1086/207/207
f 341/117/117 1036/118/118 965/181/181
f 308/120/120 965/181/181 1036/118/118
f 1083/135/135 319/131/131 977/130/130
f 284/2117/3230 977/130/130 978/132/132
f 284/2117/3230 979/133/133 285/2118/3231
f 950/139/139 979/133/133 980/127/127
f 286/137/137 980/127/127 981/183/183
f 953/143/143 983/128/128 966/144/144
f 286/137/137 981/183/183 982/182/182
f 287/129/129 952/140/140 982/182/182
f 287/129/129 953/143/143 952/140/140
f 325/197/197 1105/841/850 1104/195/195
f 1102/844/853 994/198/198 1023/196/196
f 328/201/201 330/843/852 1031/202/202
f 1029/185/185 1021/2119/3232 1022/186/186
f 1025/795/804 334/189/189 1026/188/188
f 1026/188/188 329/194/194 327/191/191
f 1102/844/853 1023/196/196 1104/195/195
f 1027/199/199 1105/841/850 1066/200/200
f 340/119/119 960/174/174 959/173/173
f 1031/202/202 1030/187/187 324/184/184
f 1025/795/804 1026/188/188 327/191/191
f 326/193/193 1028/192/192 334/189/189
f 959/173/173 960/174/174 302/158/158
f 294/206/206 285/2118/3231 950/139/139
f 293/136/136 1083/135/135 1099/2116/3229
f 294/206/206 950/139/139 951/138/138
f 1106/179/179 311/112/112 963/177/177
f 344/145/145 347/149/149 953/143/143
f 344/145/145 966/144/144 1097/788/797
f 1170/216/216 439/277/277 1171/214/214
f 616/419/419 1658/2120/3233 1169/209/209
f 617/210/210 1169/209/209 1658/2120/3233
f 468/222/222 1172/219/219 1173/221/221
f 439/277/277 1651/217/217 1171/214/214
f 1171/214/214 1172/219/219 438/215/215
f 474/249/249 1177/2121/3234 1176/236/236
f 469/220/220 1256/280/280 1173/221/221
f 437/223/223 1173/221/221 1256/280/280
f 1174/225/225 1175/230/230 448/226/226
f 444/229/229 1175/230/230 1174/225/225
f 446/233/233 448/226/226 1175/230/230
f 445/234/234 1203/284/284 1175/230/230
f 1179/244/244 1312/2122/3235 425/286/286
f 1328/1000/1009 1202/283/283 1177/2121/3234
f 1328/1000/1009 1329/241/241 1202/283/283
f 1329/241/241 1178/240/240 1202/283/283
f 424/243/243 1178/240/240 1330/239/239
f 425/286/286 1205/242/242 1179/244/244
f 1331/2123/3236 425/286/286 1312/2122/3235
f 1583/255/255 1257/261/261 432/258/258
f 1180/248/248 1331/2123/3236 464/252/252
f 1314/282/282 1227/250/250 1325/238/238
f 1181/257/257 1592/211/211 428/274/274
f 1189/275/275 428/274/274 1592/211/211
f 1174/225/225 1258/1027/1036 1254/268/268
f 428/274/274 429/272/272 1181/257/257
f 1254/268/268 1181/257/257 431/270/270
f 429/272/272 431/270/270 1181/257/257
f 436/2124/3237 1184/266/266 1185/267/267
f 433/276/276 1189/275/275 1183/263/263
f 427/256/256 1184/266/266 1183/263/263
f 435/265/265 1183/263/263 1184/266/266
f 1185/267/267 1184/266/266 1583/255/255
f 467/281/281 1185/267/267 1186/309/309
f 1186/309/309 1185/267/267 430/259/259
f 1190/278/278 436/2124/3237 1191/279/279
f 432/258/258 1174/225/225 1186/309/309
f 437/223/223 1186/309/309 1174/225/225
f 437/223/223 467/281/281 1186/309/309
f 1174/225/225 1255/269/269 437/223/223
f 431/270/270 1187/271/271 1255/269/269
f 1255/269/269 1187/271/271 438/215/215
f 429/272/272 1188/273/273 1187/271/271
f 1170/216/216 438/215/215 1188/273/273
f 1187/271/271 1188/273/273 438/215/215
f 433/276/276 1170/216/216 1189/275/275
f 1188/273/273 1189/275/275 1170/216/216
f 1191/279/279 1651/217/217 1190/278/278
f 1191/279/279 467/281/281 1256/280/280
f 1176/236/236 1201/231/231 1192/237/237
f 469/220/220 1191/279/279 1256/280/280
f 1178/240/240 1204/285/285 1203/284/284
f 445/234/234 1176/236/236 1177/2121/3234
f 445/234/234 1177/2121/3234 1202/283/283
f 1178/240/240 1203/284/284 1202/283/283
f 425/286/286 1207/232/232 1206/235/235
f 1205/242/242 1204/285/285 424/243/243
f 1206/235/235 1175/230/230 1205/242/242
f 1313/247/247 446/233/233 1207/232/232
f 1402/318/318 577/2125/3238 1403/321/321
f 455/301/301 1336/292/292 1245/291/291
f 452/1044/1053 451/302/302 1247/304/304
f 459/307/307 452/1044/1053 1247/304/304
f 1243/2126/3239 1248/306/306 463/303/303
f 463/303/303 1248/306/306 462/305/305
f 1340/300/300 1218/299/299 454/308/308
f 1339/287/287 1245/291/291 461/293/293
f 453/289/289 1245/291/291 1339/287/287
f 455/301/301 1286/288/288 458/290/290
f 1243/2126/3239 463/303/303 451/302/302
f 459/307/307 1248/306/306 452/1044/1053
f 457/298/298 1246/294/294 1218/299/299
f 442/227/227 1174/225/225 1182/262/262
f 1258/1027/1036 1181/257/257 1254/268/268
f 438/215/215 468/222/222 1255/269/269
f 474/249/249 1176/236/236 1325/238/238
f 1180/248/248 1313/247/247 1331/2123/3236
f 1325/238/238 1192/237/237 1314/282/282
f 435/265/265 1190/278/278 434/264/264
f 439/277/277 434/264/264 1190/278/278
f 578/384/384 1402/318/318 573/371/371
f 579/317/317 573/371/371 1402/318/318
f 1403/321/321 1656/319/319 1402/318/318
f 1403/321/321 608/324/324 1485/323/323
f 1556/2127/3240 555/2128/3241 611/2129/3242
f 609/322/322 1403/321/321 1485/323/323
f 588/331/331 1405/332/332 1404/326/326
f 587/336/336 585/330/330 1405/332/332
f 1404/326/326 1405/332/332 585/330/330
f 558/334/334 1438/390/390 1405/332/332
f 556/342/342 611/2129/3242 555/2128/3241
f 1407/348/348 563/413/413 1406/345/345
f 556/342/342 1437/346/346 1539/343/343
f 1409/350/350 1540/2130/3243 1408/347/347
f 557/349/349 1407/348/348 1406/345/345
f 1540/2130/3243 1407/348/348 1408/347/347
f 1401/316/316 1445/411/411 572/365/365
f 1410/341/341 1556/2127/3240 602/353/353
f 1542/1170/1179 1460/355/355 612/352/352
f 1412/374/374 565/373/373 1590/360/360
f 1411/361/361 1590/360/360 565/373/373
f 565/373/373 567/376/376 1411/361/361
f 568/364/364 1401/316/316 572/365/365
f 1487/410/410 1404/326/326 572/365/365
f 567/376/376 569/378/378 1411/361/361
f 571/367/367 1411/361/361 569/378/378
f 1427/369/369 1411/361/361 571/367/367
f 571/367/367 1404/326/326 583/368/368
f 577/2125/3238 1418/383/383 1417/382/382
f 574/372/372 1563/387/387 1412/374/374
f 1413/375/375 1412/374/374 1563/387/387
f 1563/387/387 575/386/386 1413/375/375
f 1414/377/377 1413/375/375 575/386/386
f 567/376/376 1413/375/375 1414/377/377
f 1415/379/379 1414/377/377 575/386/386
f 569/378/378 1414/377/377 1415/379/379
f 575/386/386 607/380/380 1415/379/379
f 1404/326/326 1415/379/379 576/325/325
f 576/325/325 1416/381/381 1404/326/326
f 576/325/325 608/324/324 1416/381/381
f 572/365/365 1404/326/326 1416/381/381
f 1417/382/382 1418/383/383 568/364/364
f 607/380/380 1421/388/388 1422/389/389
f 566/363/363 1418/383/383 1419/370/370
f 578/384/384 1419/370/370 1418/383/383
f 579/317/317 1656/319/319 1420/385/385
f 1420/385/385 1421/388/388 575/386/386
f 1433/1188/1197 586/339/339 1541/358/358
f 609/322/322 1485/323/323 1422/389/389
f 576/325/325 1422/389/389 1485/323/323
f 1538/340/340 587/336/336 1434/335/335
f 555/2128/3241 1434/335/335 1435/337/337
f 555/2128/3241 1436/338/338 556/342/342
f 1409/350/350 1439/333/333 1423/351/351
f 1436/338/338 1405/332/332 1437/346/346
f 1406/345/345 1438/390/390 557/349/349
f 558/334/334 1408/347/347 557/349/349
f 558/334/334 1409/350/350 1408/347/347
f 593/404/404 598/1219/1228 1562/402/402
f 1561/1222/1231 1450/405/405 1472/403/403
f 596/408/408 599/1221/1230 1480/409/409
f 1478/392/392 1470/2131/3244 1471/393/393
f 1474/2132/3245 1481/396/396 1475/395/395
f 1475/395/395 597/401/401 595/398/398
f 1561/1222/1231 1472/403/403 1562/402/402
f 1515/407/407 1476/406/406 598/1219/1228
f 608/324/324 1417/382/382 1416/381/381
f 1480/409/409 1479/394/394 592/391/391
f 1474/2132/3245 1475/395/395 595/398/398
f 1560/397/397 1481/396/396 1477/399/399
f 1477/399/399 1481/396/396 594/400/400
f 1416/381/381 1417/382/382 570/366/366
f 1563/387/387 579/317/317 1420/385/385
f 1410/341/341 1538/340/340 1556/2127/3240
f 1406/345/345 563/413/413 1539/343/343
f 612/352/352 614/356/356 1409/350/350
f 612/352/352 1423/351/351 1542/1170/1179
f 426/208/208 1591/152/152 1583/255/255
f 1680/416/416 1578/415/415 628/495/501
f 673/414/414 1633/493/498 1578/415/415
f 630/496/503 1578/415/415 1633/493/498
f 615/418/418 1169/209/209 1592/211/211
f 313/430/430 1583/255/255 1591/152/152
f 1660/2133/3246 1401/316/316 1579/312/312
f 143/6/6 1401/316/316 1593/4/4
f 619/314/314 1660/2133/3246 1579/312/312
f 145/1/1 1592/211/211 1589/49/49
f 618/313/313 1579/312/312 1590/360/360
f 627/497/506 1581/423/423 1580/422/422
f 1679/425/425 1581/423/423 627/497/506
f 671/424/424 1634/489/499 1581/423/423
f 628/495/501 1581/423/423 1634/489/499
f 630/496/503 1585/428/428 1582/427/427
f 574/372/372 1412/374/374 1419/370/370
f 621/432/432 724/2/2 1593/4/4
f 161/213/213 1589/49/49 1592/211/211
f 1664/2134/3247 946/110/110 1584/106/106
f 581/111/111 946/110/110 1590/360/360
f 625/108/108 1664/2134/3247 1584/106/106
f 631/465/465 1657/417/417 1594/2135/3248
f 624/107/107 1584/106/106 1591/152/152
f 629/492/496 1588/440/440 1585/428/428
f 655/2136/3249 1585/428/428 1588/440/440
f 1678/436/436 1585/428/428 630/496/503
f 669/435/435 1632/491/494 1585/428/428
f 629/492/496 1585/428/428 1632/491/494
f 628/495/501 1578/415/415 1586/438/438
f 661/2137/3250 1587/441/441 1580/422/422
f 627/497/506 1580/422/422 1587/441/441
f 1587/441/441 1588/440/440 629/492/496
f 1635/443/443 1587/441/441 629/492/496
f 667/442/442 1631/490/493 1587/441/441
f 627/497/506 1587/441/441 1631/490/493
f 628/495/501 1586/438/438 1581/423/423
f 659/2138/3251 1581/423/423 1586/438/438
f 657/2139/3252 1578/415/415 1582/427/427
f 630/496/503 1582/427/427 1578/415/415
f 306/164/164 955/166/166 962/162/162
f 1594/2135/3248 615/418/418 632/2140/3253
f 632/2140/3253 1667/447/447 1595/2141/3254
f 1667/447/447 633/452/452 1595/2141/3254
f 1596/449/449 623/3/3 1662/2109/3222
f 1662/2109/3222 634/450/450 1596/449/449
f 634/450/450 1661/431/431 1597/2142/3255
f 1597/2142/3255 621/432/432 635/2143/3256
f 635/2143/3256 1668/448/448 1598/2144/3257
f 1668/448/448 636/457/457 1598/2144/3257
f 1599/454/454 620/420/420 1660/2133/3246
f 1660/2133/3246 637/455/455 1599/454/454
f 637/455/455 1659/311/311 1600/2145/3258
f 1600/2145/3258 618/313/313 638/2146/3259
f 638/2146/3259 1665/445/445 1601/2147/3260
f 1665/445/445 639/462/462 1601/2147/3260
f 1602/459/459 626/434/434 1664/2134/3247
f 1664/2134/3247 640/460/460 1602/459/459
f 640/460/460 1663/105/105 1603/2148/3261
f 1603/2148/3261 624/107/107 641/2149/3262
f 641/2149/3262 1666/446/446 1604/2150/3263
f 1666/446/446 642/467/467 1604/2150/3263
f 1605/464/464 617/210/210 1658/2120/3233
f 1658/2120/3233 631/465/465 1605/464/464
f 632/2140/3253 1606/2151/3264 1594/2135/3248
f 1606/2151/3264 631/465/465 1594/2135/3248
f 633/452/452 1607/470/470 1595/2141/3254
f 1607/470/470 632/2140/3253 1595/2141/3254
f 635/2143/3256 1609/2152/3265 1597/2142/3255
f 1609/2152/3265 634/450/450 1597/2142/3255
f 636/457/457 1610/474/474 1598/2144/3257
f 1610/474/474 635/2143/3256 1598/2144/3257
f 638/2146/3259 1612/2153/3266 1600/2145/3258
f 1612/2153/3266 637/455/455 1600/2145/3258
f 639/462/462 1613/478/478 1601/2147/3260
f 1613/478/478 638/2146/3259 1601/2147/3260
f 641/2149/3262 1615/2154/3267 1603/2148/3261
f 1615/2154/3267 640/460/460 1603/2148/3261
f 642/467/467 1616/482/482 1604/2150/3263
f 1616/482/482 641/2149/3262 1604/2150/3263
f 1606/2151/3264 1669/485/485 1618/2155/3268
f 645/453/453 1619/471/471 1607/470/470
f 645/453/453 1596/449/449 1608/472/472
f 648/458/458 1622/475/475 1610/474/474
f 648/458/458 1599/454/454 1611/476/476
f 651/463/463 1625/479/479 1613/478/478
f 651/463/463 1602/459/459 1614/480/480
f 654/468/468 1628/483/483 1616/482/482
f 654/468/468 1605/464/464 1617/484/484
f 643/466/466 1606/2151/3264 1618/2155/3268
f 1669/485/485 655/2136/3249 1618/2155/3268
f 1620/2156/3269 645/453/453 1608/472/472
f 656/426/426 1585/428/428 1619/471/471
f 1585/428/428 1669/485/485 1619/471/471
f 1620/2156/3269 646/451/451 1621/2157/3270
f 1620/2156/3269 657/2139/3252 1582/427/427
f 1609/2152/3265 1670/486/486 1621/2157/3270
f 656/426/426 1620/2156/3269 1582/427/427
f 646/451/451 1609/2152/3265 1621/2157/3270
f 1670/486/486 657/2139/3252 1621/2157/3270
f 1623/2158/3271 648/458/458 1611/476/476
f 658/437/437 1578/415/415 1622/475/475
f 1578/415/415 1670/486/486 1622/475/475
f 1623/2158/3271 649/456/456 1624/2159/3272
f 1623/2158/3271 659/2138/3251 1586/438/438
f 1612/2153/3266 1671/487/487 1624/2159/3272
f 658/437/437 1623/2158/3271 1586/438/438
f 649/456/456 1612/2153/3266 1624/2159/3272
f 1671/487/487 659/2138/3251 1624/2159/3272
f 1626/2160/3273 651/463/463 1614/480/480
f 660/421/421 1581/423/423 1625/479/479
f 1581/423/423 1671/487/487 1625/479/479
f 1626/2160/3273 652/461/461 1627/2161/3274
f 1626/2160/3273 661/2137/3250 1580/422/422
f 1615/2154/3267 1672/488/488 1627/2161/3274
f 660/421/421 1626/2160/3273 1580/422/422
f 652/461/461 1615/2154/3267 1627/2161/3274
f 1672/488/488 661/2137/3250 1627/2161/3274
f 1629/2162/3275 654/468/468 1617/484/484
f 662/439/439 1587/441/441 1628/483/483
f 1587/441/441 1672/488/488 1628/483/483
f 1629/2162/3275 643/466/466 1618/2155/3268
f 1629/2162/3275 655/2136/3249 1588/440/440
f 1673/490/3276 1677/443/3277 1630/425/490
f 662/439/439 1629/2162/3275 1588/440/440
f 663/498/507 1673/490/3276 1630/425/490
f 1677/443/3277 1674/491/3278 1630/425/490
f 1674/491/3278 1636/436/502 1630/425/490
f 1636/436/502 1675/493/3279 1630/425/490
f 1675/493/3279 1637/416/3280 1630/425/490
f 1637/416/3280 1676/489/491 1630/425/490
f 663/498/507 1631/490/493 1673/490/3276
f 1673/490/3276 1631/490/493 668/442/492
f 670/435/505 1632/491/494 669/435/435
f 1675/493/3279 630/496/503 1633/493/498
f 664/492/495 1632/491/494 1674/491/3278
f 1675/493/3279 1633/493/498 674/414/497
f 671/424/424 1676/489/491 1634/489/499
f 674/414/497 1680/416/416 1637/416/3280
f 666/494/500 1634/489/499 1676/489/491
f 1677/443/3277 1635/443/443 664/492/495
f 668/442/492 1635/443/443 1677/443/3277
f 1678/436/436 1636/436/502 669/435/435
f 630/496/503 1636/436/502 1678/436/436
f 1679/425/425 1630/425/490 671/424/424
f 627/497/506 1630/425/490 1679/425/425
f 628/495/501 1637/416/3280 1680/416/416
f 1880/1272/1300 1866/1297/1325 1881/1270/1298
f 1862/1291/1319 1863/1293/1321 1874/1264/1292
f 1863/1293/1321 1875/1376/1397 1874/1264/1292
f 1861/1258/1286 1878/1269/1297 1877/1259/1287
f 1873/1372/1393 1886/1266/1294 1885/1370/1390
f 1867/1263/1291 1884/1262/1290 1883/1389/1410
f 1888/1379/1400 1875/1376/1397 1876/1375/1396
f 1874/1264/1292 1875/1376/1397 1887/1265/1293
f 1889/1268/1296 1876/1375/1396 1877/1259/1287
f 1891/1381/1402 1878/1269/1297 1879/2479/3726
f 1879/2479/3726 1892/1382/1403 1891/1381/1402
f 1881/1270/1298 1894/1383/1404 1893/1271/1299
f 1880/1272/1300 1893/1271/1299 1892/1382/1403
f 1895/1385/1406 1882/1387/1408 1883/1389/1410
f 1883/1389/1410 1896/1371/1391 1895/1385/1406
f 1884/1262/1290 1885/1370/1390 1896/1371/1391
f 1886/1266/1294 1899/1274/1302 1898/1279/1307
f 1889/1268/1296 1904/1276/1304 1903/1283/1311
f 1892/1382/1403 1923/1278/1306 1907/1284/1312
f 1928/1289/1317 1895/1385/1406 1896/1371/1391
f 1897/1368/1388 1914/1281/1309 1913/2480/1385
f 1896/1371/1391 1912/1369/1389 1928/1289/1317
f 1900/1273/1301 1917/2481/1377 1916/2482/1379
f 1899/1274/1302 1900/1273/1301 1916/2482/1379
f 1918/2483/3727 1901/1378/1399 1902/2484/3728
f 1918/2483/3727 1903/1283/1311 1919/1282/1310
f 1905/1275/1303 1921/2485/3729 1920/2486/3730
f 1904/1276/1304 1905/1275/1303 1920/2486/3730
f 1922/1285/1313 1906/2487/3731 1907/1284/1312
f 1926/2488/1382 1909/1386/1407 1910/2489/1735
f 1908/1277/1305 1924/1287/1315 1923/1278/1306
f 1908/1277/1305 1909/1386/1407 1925/1286/1314
f 1910/2489/1735 1927/1290/1318 1926/2488/1382
f 1912/1369/1389 1913/2480/1385 1929/2490/1387
f 1912/1369/1389 1929/2490/1387 1928/1289/1317
f 2053/2531/1429 2043/2532/1630 2047/2533/1426
f 2096/2547/3761 2100/2548/3762 2104/2549/3763
f 2075/2550/1456 2085/1470/3764 2084/2551/3765
f 2086/1481/3766 2076/2552/1445 2077/1423/1436
f 2088/1424/1437 2079/2553/1450 2089/2554/3767
f 2077/1423/1436 2087/1422/1435 2086/1481/3766
f 2079/2553/1450 2090/2555/3768 2089/2554/3767
f 2080/2556/1452 2091/1662/3769 2090/2555/3768
f 2094/1430/1443 2075/2550/1456 2084/2551/3765
f 2081/1427/1440 2092/1426/1439 2091/1662/3769
f 2082/1425/1438 2083/1429/1442 2093/1428/1441
f 2095/2557/3770 2085/1470/3764 2096/2547/3761
f 2096/2547/3761 2086/1481/3766 2097/1481/3771
f 2097/1481/3771 2087/1422/1435 2098/2558/3772
f 2098/2558/3772 2088/1424/1437 2099/1424/3773
f 2099/1424/3773 2089/2554/3767 2100/2548/3762
f 2100/2548/3762 2090/2555/3768 2101/2559/3774
f 2101/2559/3774 2091/1662/3769 2102/1662/3775
f 2102/1662/3775 2092/1426/1439 2103/2560/3776
f 2103/2560/3776 2093/1428/1441 2104/2549/3763
f 2104/2549/3763 2094/1430/1443 2105/1430/3777
f 2105/1430/3777 2084/2551/3765 2095/2557/3770
f 2118/1462/1470 2120/2561/3778 2119/2562/3779
f 2107/1450/1457 2109/1453/1460 2108/1451/1458
f 2109/1453/1460 2111/1455/1462 2110/1454/1461
f 2111/1455/1462 2113/1457/1465 2112/1456/1463
f 2113/1457/1465 2115/1459/1467 2114/1458/1466
f 2115/1459/1467 2117/1461/3780 2116/1460/1468
f 2121/1465/1473 2120/2561/3778 2122/2567/3781
f 2125/1468/1475 2123/1463/1471 2126/1466/1474
f 2122/2567/3781 2123/1463/1471 2121/1465/1473
f 2107/2568/3782 2120/2569/3778 2115/2570/1467
f 2126/1466/1474 2107/2571/3782 2106/1467/1459
f 2108/2572/1458 2116/2573/1468 2124/2574/1472
f 2148/1481/1487 2139/2575/1494 2149/1479/1485
f 2160/1482/1488 2164/2576/3783 2166/1484/1490
f 2138/1472/1479 2148/1481/1487 2147/1470/1477
f 2150/1424/1481 2139/2575/1494 2140/1473/1444
f 2152/1476/1482 2142/2577/1455 2153/2578/3784
f 2140/1473/1444 2141/1475/1446 2151/1474/1480
f 2142/2577/1455 2154/2579/3785 2153/2578/3784
f 2143/2580/1454 2155/2581/3786 2154/2579/3785
f 2156/1430/1483 2144/2582/1453 2145/1477/1451
f 2158/2017/3787 2148/1481/1487 2159/1480/1486
f 2147/1470/1477 2158/2017/3787 2157/1478/1484
f 2161/2021/3788 2150/1424/1481 2151/1474/1480
f 2149/1479/1485 2160/1482/1488 2159/1480/1486
f 2152/1476/1482 2163/2583/3789 2162/1483/1489
f 2151/1474/1480 2162/1483/1489 2161/2021/3788
f 2163/2583/3789 2154/2579/3785 2164/2576/3783
f 2164/2576/3783 2155/2581/3786 2165/2584/3790
f 2165/2584/3790 2156/1430/1483 2166/1484/1490
f 2146/1471/1478 2157/1478/1484 2166/1484/1490
f 2177/1542/1540 2186/1577/1619 2187/1624/1622
f 2175/1503/1498 2180/1502/1497 2181/1511/1506
f 2170/1507/1502 2183/1613/1609 2184/1505/1500
f 2167/1537/1535 2189/1512/1507 2190/1513/1509
f 2194/1617/1613 2181/1511/1506 2193/1510/1505
f 2191/1508/1503 2192/2589/3791 2180/1502/1497
f 2192/2589/3791 2193/1510/1505 2180/1502/1497
f 2195/1618/1614 2182/1612/1608 2194/1617/1613
f 2184/1505/1500 2195/1618/1614 2196/2590/3792
f 2184/1505/1500 2197/2591/3793 2185/1621/1618
f 2185/1621/1618 2198/1727/3794 2186/1577/1619
f 2187/1624/1622 2198/1727/3794 2199/1620/1617
f 2200/1619/1616 2187/1624/1622 2199/1620/1617
f 2188/1622/1620 2201/1385/1508 2189/1512/1507
f 2193/1510/1505 2205/1516/1512 2206/2592/3795
f 2190/1513/1509 2201/1385/1508 2202/1514/1510
f 2202/1514/1510 2191/1508/1503 2179/1509/1504
f 2204/1517/1513 2205/1516/1512 2192/2589/3791
f 2196/2590/3792 2227/1522/1519 2210/1275/1521
f 2209/1521/1518 2227/1522/1519 2195/1618/1614
f 2198/1727/3794 2232/1530/1528 2199/1620/1617
f 2202/1514/1510 2217/2593/3796 2218/2594/3797
f 2199/1620/1617 2232/1530/1528 2214/1277/3798
f 2216/1533/1531 2217/2593/3796 2201/1385/1508
f 2204/1517/1513 2222/1281/3799 2223/1515/1511
f 2218/2594/3797 2219/2595/3800 2202/1514/1510
f 2203/1535/1533 2221/1534/1532 2222/1281/3799
f 2206/2592/3795 2225/1518/1515 2207/1378/1514
f 2205/1516/1512 2224/2596/3801 2206/2592/3795
f 2210/1275/1521 2229/1524/1522 2211/1526/1524
f 2225/1518/1515 2226/1520/1517 2208/1519/1516
f 2209/1521/1518 2226/1520/1517 2227/1522/1519
f 2233/2597/1604 2214/1277/3798 2232/1530/1528
f 2212/1525/1523 2229/1524/1522 2230/1527/1525
f 2230/1527/1525 2231/1529/1527 2213/1528/1526
f 2221/1534/1532 2219/2595/3800 2218/2594/3797
f 2233/2597/1604 2234/1532/1530 2215/1531/1529
f 2234/1532/1530 2235/1290/1606 2216/1533/1531
f 2235/1290/1606 2217/2593/3796 2216/1533/1531
f 2343/2635/3751 2353/2533/1430 2349/2532/1424
f 2402/1842/3833 2409/1661/1654 2405/2640/3834
f 2382/2641/1657 2393/1659/1652 2383/2642/3835
f 2383/2642/3835 2394/1689/3836 2384/2643/3837
f 2395/1424/3838 2384/2643/3837 2394/1689/3836
f 2397/1663/1656 2386/1652/1645 2396/1651/1644
f 2385/1650/1643 2395/1424/3838 2396/1651/1644
f 2387/2644/1660 2398/1662/1655 2388/1655/1648
f 2401/2645/3839 2390/1657/1650 2400/1656/1649
f 2398/1662/1655 2399/1653/1646 2388/1655/1648
f 2399/1653/1646 2400/1656/1649 2389/1654/1647
f 2392/1660/1653 2391/2646/1663 2401/2645/3839
f 2394/1689/3836 2404/1481/3840 2405/2640/3834
f 2402/1842/3833 2403/1658/1651 2392/1660/1653
f 2403/1658/1651 2404/1481/3840 2393/1659/1652
f 2395/1424/3838 2405/2640/3834 2406/1424/3841
f 2396/1651/1644 2406/1424/3841 2407/2647/3842
f 2396/1651/1644 2408/1476/3843 2397/1663/1656
f 2410/2648/3844 2398/1662/1655 2409/1661/1654
f 2408/1476/3843 2409/1661/1654 2397/1663/1656
f 2400/1656/1649 2410/2648/3844 2411/2649/3845
f 2401/2645/3839 2411/2649/3845 2412/2650/3846
f 2402/1842/3833 2401/2645/3839 2412/2650/3846
f 2414/1671/1665 2417/2663/3849 2415/1672/1666
f 2417/2663/3849 2418/2664/3850 2419/2665/3851
f 2418/2664/3850 2421/2666/3852 2419/2665/3851
f 2420/1675/1670 2422/1674/1669 2421/2666/3852
f 2423/1673/1668 2424/1677/1672 2422/1674/1669
f 2425/1676/1671 2426/1679/3853 2424/1677/1672
f 2427/1678/1673 2428/1681/3854 2426/1679/1674
f 2429/1680/1675 2430/1683/1678 2428/1681/1676
f 2431/1682/1677 2432/1685/3855 2430/1683/1678
f 2433/1684/1679 2434/1687/1682 2432/1685/1680
f 2430/2667/1678 2417/2668/3849 2424/2669/1672
f 2413/1686/1681 2415/2571/1666 2434/1687/1682
f 2423/2670/1668 2414/2671/1665 2429/2672/1675
f 2474/1702/1696 2470/2673/3856 2468/2640/3857
f 2455/1699/1693 2456/1690/1686 2445/1692/1662
f 2456/1690/1686 2457/1481/1684 2446/1691/1687
f 2459/1424/3858 2447/1688/1683 2458/1689/1685
f 2461/1476/3859 2449/1652/1658 2460/1651/1689
f 2448/1650/1688 2459/1424/3858 2460/1651/1689
f 2453/2674/3847 2464/1704/1698 2465/1703/1697
f 2461/1476/3859 2462/1693/1690 2450/1695/1659
f 2462/1693/1690 2463/1696/1691 2451/1694/1664
f 2463/1696/1691 2464/1704/1698 2452/1697/1692
f 2454/1698/1661 2465/1703/1697 2455/1699/1693
f 2457/1481/1684 2468/2640/3857 2458/1689/1685
f 2466/1700/1694 2467/1701/1695 2456/1690/1686
f 2459/1424/3858 2468/2640/3857 2469/1424/3860
f 2460/1651/1689 2469/1424/3860 2470/2673/3856
f 2461/1476/3859 2470/2673/3856 2471/1476/3861
f 2462/1693/1690 2471/1476/3861 2472/2675/3862
f 2463/1696/1691 2472/2675/3862 2473/2676/3863
f 2464/1704/1698 2473/2676/3863 2474/1702/1696
f 2474/1702/1696 2475/1705/1699 2465/1703/1697
f 2475/1705/1699 2466/1700/1694 2455/1699/1693
f 2489/1718/1708 2479/1757/1748 2490/1721/1711
f 2498/1820/1292 2487/1761/1751 2510/1733/1722
f 2485/1716/1289 2496/1728/1290 2495/1717/1706
f 2488/1815/1797 2500/1720/1710 2499/2687/3865
f 2503/1722/1712 2493/1713/1703 2504/1725/1714
f 2490/1721/1711 2491/1817/1799 2501/1719/1709
f 2491/1817/1799 2502/1723/1402 2501/1719/1709
f 2491/1817/1799 2492/1714/1704 2502/1723/1402
f 2510/1733/1722 2499/2687/3865 2511/1736/1725
f 2494/1724/1713 2505/2688/3866 2504/1725/1714
f 2494/1724/1713 2495/1717/1706 2505/2688/3866
f 2495/1717/1706 2506/1727/1716 2505/2688/3866
f 2497/1729/1393 2508/2689/3867 2507/1726/1715
f 2497/1729/1393 2498/1820/1292 2508/2689/3867
f 2498/1820/1292 2509/1735/1724 2508/2689/3867
f 2498/1820/1292 2510/1733/1722 2509/1735/1724
f 2539/1746/1738 2507/1726/1715 2523/1750/1741
f 2501/1719/1709 2530/1731/1719 2513/1730/1717
f 2503/1722/1712 2518/1732/1721 2517/1570/1733
f 2503/1722/1712 2504/1725/1714 2518/1732/1721
f 2506/1727/1716 2539/1746/1738 2522/1321/1737
f 2515/1378/1728 2533/1742/1732 2532/1739/1729
f 2509/1735/1724 2542/1752/1743 2525/1751/1742
f 2509/1735/1724 2526/1734/1723 2542/1752/1743
f 2511/1736/1725 2527/2595/3868 2526/1734/1723
f 2512/2690/3869 2513/1730/1717 2528/1738/1727
f 2514/1273/1718 2531/2691/1792 2530/1731/1719
f 2514/1273/1718 2532/1739/1729 2531/2691/1792
f 2519/1557/1720 2536/1745/1736 2518/1732/1721
f 2516/1740/1730 2517/1570/1733 2534/1741/1731
f 2517/1570/1733 2518/1732/1721 2535/1743/1734
f 2537/2692/3870 2522/1321/1737 2538/1747/1739
f 2521/1744/1735 2537/2692/3870 2536/1745/1736
f 2523/1750/1741 2540/1749/1740 2539/1746/1738
f 2524/1748/1388 2541/1753/1744 2540/1749/1740
f 2524/1748/1388 2525/1751/1742 2541/1753/1744
f 2526/1734/1723 2527/2595/3868 2543/2694/3873
f 2527/2595/3868 2512/2690/3869 2543/2694/3873
f 2512/2690/3869 2528/1738/1727 2543/2694/3873
f 2665/2531/1835 2655/2532/1825 2659/2533/1827
f 2715/2741/3899 2709/2742/3900 2711/1854/1856
f 2701/1855/1857 2692/2743/3901 2702/1853/1855
f 2690/1840/1840 2700/1844/1844 2699/1841/1841
f 2691/1843/1843 2701/1855/1857 2700/1844/1844
f 2703/1856/1858 2692/2743/3901 2693/2744/3902
f 2703/1856/1858 2694/1476/1847 2704/1846/1846
f 2708/1698/1854 2689/1842/1842 2699/1841/1841
f 2695/1845/1845 2705/1848/1849 2704/1846/1846
f 2696/1847/1848 2706/1850/1851 2705/1848/1849
f 2697/1849/1850 2698/1852/1853 2707/1851/1852
f 2709/2742/3900 2700/1844/1844 2710/2745/3903
f 2710/2745/3903 2701/1855/1857 2711/1854/1856
f 2713/1652/3904 2704/1846/1846 2714/2746/3905
f 2702/1853/1855 2712/1857/1859 2711/1854/1856
f 2703/1856/1858 2713/1652/3904 2712/1857/1859
f 2714/2746/3905 2705/1848/1849 2715/2741/3899
f 2715/2741/3899 2706/1850/1851 2716/2747/3906
f 2716/2747/3906 2707/1851/1852 2717/2748/3907
f 2717/2748/3907 2708/1698/1854 2718/1698/3908
f 2718/1698/3908 2699/1841/1841 2709/2742/3900
f 2721/1868/1868 2720/2761/3912 2722/1866/1866
f 2727/2762/3913 2725/2763/3914 2728/2764/3915
f 2722/1866/1866 2724/1869/1869 2723/1867/1867
f 2724/1869/1869 2725/2763/3914 2726/1870/1870
f 2727/2762/3913 2729/2765/3916 2730/1873/1873
f 2734/2766/3917 2733/2767/3918 2735/2768/3919
f 2729/2765/3916 2731/1871/1871 2730/1873/1873
f 2731/1871/1871 2733/2767/3918 2732/1872/1872
f 2737/2769/3920 2735/2768/3919 2736/2770/3921
f 2738/2771/3922 2736/2770/3921 2739/2772/3923
f 2740/2773/3924 2739/2772/3923 2741/2774/3925
f 2724/2775/1869 2739/2776/3923 2731/2777/1871
f 2719/2778/3926 2741/2774/3925 2720/2779/3912
f 2740/2780/3924 2726/2781/1870 2734/2782/3917
f 2779/2783/3927 2773/1700/3928 2775/1884/1890
f 2765/1855/1891 2756/2784/1897 2766/1883/1889
f 2754/1874/1874 2764/1876/1878 2763/1875/1875
f 2755/1843/1877 2765/1855/1891 2764/1876/1878
f 2767/1885/1892 2756/2784/1897 2757/2785/3929
f 2767/1885/1892 2758/1476/1881 2768/1878/1880
f 2772/1698/1888 2753/1842/1876 2763/1875/1875
f 2759/1877/1879 2769/1879/1883 2768/1878/1880
f 2760/1847/1882 2770/1880/1885 2769/1879/1883
f 2761/1849/1884 2762/1882/1887 2771/1881/1886
f 2773/1700/3928 2764/1876/1878 2774/1701/3930
f 2774/1701/3930 2765/1855/1891 2775/1884/1890
f 2777/1652/3931 2768/1878/1880 2778/2786/3932
f 2766/1883/1889 2776/1886/1893 2775/1884/1890
f 2767/1885/1892 2777/1652/3931 2776/1886/1893
f 2778/2786/3932 2769/1879/1883 2779/2783/3927
f 2779/2783/3927 2770/1880/1885 2780/2787/3933
f 2780/2787/3933 2771/1881/1886 2781/2788/3934
f 2781/2788/3934 2772/1698/1888 2782/1698/3935
f 2782/1698/3935 2763/1875/1875 2773/1700/3928
f 2792/1938/1940 2806/1915/1919 2793/1939/1941
f 2796/1904/1907 2797/1896/1509 2785/1895/1901
f 2783/1899/1902 2799/1898/1497 2800/1269/1910
f 2802/1577/1903 2803/1728/1915 2794/1900/1904
f 2797/1896/1509 2808/1994/1994 2809/1905/1908
f 2796/1904/1907 2807/1903/1616 2808/1994/1994
f 2799/1898/1497 2812/1997/1997 2800/1269/1910
f 2809/1905/1908 2810/1907/1909 2798/1906/1504
f 2810/1907/1909 2811/1995/1996 2799/1898/1497
f 2806/1915/1919 2817/1735/1999 2818/1916/1617
f 2812/1997/1997 2813/1908/1911 2800/1269/1910
f 2813/1908/1911 2814/1910/1913 2801/1909/1912
f 2802/1577/1903 2814/1910/1913 2815/1911/1914
f 2815/1911/1914 2816/1913/1917 2804/1912/1916
f 2816/1913/1917 2817/1735/1999 2805/1914/1918
f 2808/1994/1994 2821/2797/3939 2809/1905/1908
f 2818/1916/1617 2807/1903/1616 2795/1902/1906
f 2825/1921/1924 2811/1995/1996 2824/1922/1925
f 2809/1905/1908 2821/2797/3939 2822/1919/1922
f 2815/1911/1914 2844/2798/3940 2829/1926/1930
f 2828/2799/3941 2844/2798/3940 2814/1910/1913
f 2849/2800/1990 2817/1735/1999 2831/1928/1932
f 2820/2801/3942 2834/2802/3943 2835/2803/3944
f 2849/2800/1990 2832/1929/1933 2818/1916/1617
f 2838/2804/3945 2823/1918/1921 2837/1742/1988
f 2820/2801/3942 2835/2803/3944 2821/2797/3939
f 2821/2797/3939 2836/1917/1920 2822/1919/1922
f 2836/1917/1920 2837/1742/1988 2823/1918/1921
f 2842/2805/3946 2826/1526/1927 2841/1923/1926
f 2838/2804/3945 2839/2806/3947 2824/1922/1925
f 2824/1922/1925 2839/2806/3947 2840/1920/1923
f 2840/1920/1923 2841/1923/1926 2825/1921/1924
f 2843/2807/3948 2827/1996/1516 2842/2805/3946
f 2834/2802/3943 2833/1536/1935 2850/1930/1934
f 2843/2807/3948 2844/2798/3940 2828/2799/3941
f 2844/2798/3940 2845/1287/3949 2829/1926/1930
f 2829/1926/1930 2845/1287/3949 2846/1924/1928
f 2846/1924/1928 2847/1927/1931 2830/1925/1929
f 2831/1928/1932 2847/1927/1931 2848/2808/1991
f 2831/1928/1932 2848/2808/1991 2849/2800/1990
f 2832/1929/1933 2849/2800/1990 2850/1930/1934
f 2966/2533/2014 2958/2849/1821 2972/2531/1828
f 2997/2017/2021 3009/2851/3981 2998/2852/3982
f 3020/2853/3983 3016/2854/3984 3023/2855/3985
f 3007/2027/2033 3008/2016/2020 2996/2018/2022
f 2998/2852/3982 3010/2856/3986 2999/2857/3987
f 3000/2021/2025 3010/2856/3986 3011/2019/2023
f 3015/2858/3988 3004/1704/2031 3014/2026/2030
f 3001/2020/2024 3011/2019/2023 3012/2022/2026
f 3002/2023/2027 3012/2022/2026 3013/2024/2028
f 3013/2024/2028 3014/2026/2030 3003/2025/2029
f 3006/1698/2032 3015/2858/3988 3007/2027/2033
f 3008/2016/2020 3016/2854/3984 3017/2859/3989
f 3009/2851/3981 3017/2859/3989 3018/2860/3990
f 3010/2856/3986 3018/2860/3990 3019/2861/3991
f 3011/2019/2023 3019/2861/3991 3020/2853/3983
f 3012/2022/2026 3020/2853/3983 3021/2862/3992
f 3013/2024/2028 3021/2862/3992 3022/2863/3993
f 3014/2026/2030 3022/2863/3993 3023/2855/3985
f 3015/2858/3988 3023/2855/3985 3024/2864/3994
f 3007/2027/2033 3024/2864/3994 3016/2854/3984
f 3030/2037/2043 3032/2880/3999 3029/1869/2044
f 3025/2036/2042 3027/2035/4000 3026/2881/2051
f 3028/2034/2040 3029/1869/4001 3027/2035/2041
f 3032/2880/3999 3033/2882/4002 3034/2883/4003
f 3034/2883/4003 3035/2884/4004 3036/2885/4005
f 3036/2885/4005 3037/2040/2048 3038/2039/2047
f 3042/2886/4006 3043/2045/2052 3044/2887/4007
f 3039/2038/2046 3040/2042/4008 3038/2039/2047
f 3041/2041/2049 3042/2886/4006 3040/2042/2050
f 3042/2888/4006 3029/2889/2044 3034/2890/4003
f 3043/2045/2052 3026/2044/2051 3044/2887/4007
f 3030/2891/2043 3041/2892/2049 3037/2893/2048
f 3068/2017/2062 3056/2894/3998 3067/2052/2063
f 3081/2895/4009 3077/2053/2065 3084/2896/4010
f 3057/2017/4011 3069/2897/4012 3058/2898/3995
f 3070/2899/4013 3058/2898/3995 3069/2897/4012
f 3060/2021/2053 3070/2899/4013 3071/2046/2054
f 3064/1704/2060 3075/2900/4014 3065/2901/2034
f 3061/2047/2055 3071/2046/2054 3072/2022/2056
f 3072/2022/2056 3073/2049/2057 3062/2048/2038
f 3063/2025/2058 3073/2049/2057 3074/2050/2059
f 3076/1698/2064 3065/2901/2034 3075/2900/4014
f 3067/2052/2063 3066/1698/2035 3076/1698/2064
f 3068/2017/2062 3079/2902/4015 3069/2897/4012
f 3067/2052/2063 3077/2053/2065 3078/2051/2061
f 3070/2899/4013 3079/2902/4015 3080/2903/4016
f 3071/2046/2054 3080/2903/4016 3081/2895/4009
f 3072/2022/2056 3081/2895/4009 3082/2904/4017
f 3073/2049/2057 3082/2904/4017 3083/2905/4018
f 3074/2050/2059 3083/2905/4018 3084/2896/4010
f 3075/2900/4014 3084/2896/4010 3085/2906/4019
f 3076/1698/2064 3085/2906/4019 3077/2053/2065
f 3088/2060/2068 3090/2917/4021 3089/2918/4022
f 3091/2063/2072 3090/2917/4021 3092/2061/2070
f 3096/2919/4023 3094/2920/4024 3095/2921/4025
f 3092/2061/2070 3094/2920/4024 3093/2062/2071
f 3097/2066/2075 3095/2921/4025 3098/2064/2073
f 3104/2073/2083 3102/2069/2079 3105/2071/2081
f 3098/2064/2073 3100/2067/2076 3099/2065/2074
f 3100/2067/2076 3102/2069/4026 3101/2068/2077
f 3109/2922/4027 3107/2923/4028 3108/2924/4029
f 3105/2071/2081 3107/2923/4028 3106/2072/2082
f 3109/2922/4027 3110/2925/4030 3086/2926/4031
f 3107/2927/4028 3098/2928/2073 3090/2929/4021
f 3110/2925/4030 3087/2571/2067 3086/2926/4031
f 3086/2930/4031 3093/2931/2071 3101/2932/2077
f 2447/1688/1683 2446/1691/1687 2457/1481/1684
f 192/16/16 157/10/10 726/13/13
f 194/43/43 879/608/617 729/2110/3223
f 879/608/617 880/102/102 756/76/76
f 863/37/37 197/2112/3225 732/41/41
f 1589/49/49 162/444/444 814/55/55
f 728/19/19 170/18/18 815/639/648
f 155/2113/3226 154/60/60 738/61/61
f 191/74/74 155/2113/3226 739/62/62
f 745/71/71 154/60/60 155/2113/3226
f 746/72/72 160/12/12 1641/11/11
f 746/72/72 155/2113/3226 191/74/74
f 862/31/31 166/28/28 755/25/25
f 731/2111/3224 138/38/38 760/29/29
f 138/38/38 732/41/41 761/26/26
f 732/41/41 168/40/40 167/27/27
f 947/113/113 310/176/176 309/2114/3227
f 948/116/116 312/115/115 1647/114/114
f 948/116/116 309/2114/3227 340/119/119
f 1099/2116/3229 1083/135/135 284/2117/3230
f 1084/798/807 343/800/809 284/2117/3230
f 953/143/143 347/149/149 1085/141/141
f 946/110/110 323/109/109 989/204/204
f 1038/203/203 322/122/122 949/121/121
f 309/2114/3227 310/176/176 961/175/175
f 339/172/172 307/178/178 964/180/180
f 976/817/826 319/131/131 318/134/134
f 1083/135/135 318/134/134 319/131/131
f 284/2117/3230 1083/135/135 977/130/130
f 284/2117/3230 978/132/132 979/133/133
f 950/139/139 285/2118/3231 979/133/133
f 286/137/137 950/139/139 980/127/127
f 953/143/143 287/129/129 983/128/128
f 325/197/197 1066/200/200 1105/841/850
f 1102/844/853 1027/199/199 994/198/198
f 328/201/201 1021/2119/3232 330/843/852
f 1029/185/185 330/843/852 1021/2119/3232
f 340/119/119 309/2114/3227 960/174/174
f 294/206/206 1084/798/807 285/2118/3231
f 1106/179/179 306/164/164 311/112/112
f 1170/216/216 433/276/276 439/277/277
f 468/222/222 438/215/215 1172/219/219
f 474/249/249 1328/1000/1009 1177/2121/3234
f 1179/244/244 1311/310/310 1312/2122/3235
f 1331/2123/3236 1313/247/247 425/286/286
f 1583/255/255 441/429/429 1257/261/261
f 1174/225/225 449/224/224 1258/1027/1036
f 436/2124/3237 435/265/265 1184/266/266
f 467/281/281 436/2124/3237 1185/267/267
f 1190/278/278 435/265/265 436/2124/3237
f 1191/279/279 440/218/218 1651/217/217
f 1191/279/279 436/2124/3237 467/281/281
f 1176/236/236 445/234/234 1201/231/231
f 1178/240/240 424/243/243 1204/285/285
f 425/286/286 1313/247/247 1207/232/232
f 1313/247/247 447/246/246 446/233/233
f 1402/318/318 578/384/384 577/2125/3238
f 1403/321/321 580/320/320 1656/319/319
f 1403/321/321 577/2125/3238 608/324/324
f 1556/2127/3240 1538/340/340 555/2128/3241
f 556/342/342 1557/344/344 611/2129/3242
f 1407/348/348 1558/2446/3564 563/413/413
f 1409/350/350 614/356/356 1540/2130/3243
f 1540/2130/3243 1558/2446/3564 1407/348/348
f 1401/316/316 591/315/315 1445/411/411
f 1487/410/410 590/327/327 1404/326/326
f 577/2125/3238 578/384/384 1418/383/383
f 607/380/380 575/386/386 1421/388/388
f 1433/1188/1197 587/336/336 586/339/339
f 1538/340/340 586/339/339 587/336/336
f 555/2128/3241 1538/340/340 1434/335/335
f 555/2128/3241 1435/337/337 1436/338/338
f 1409/350/350 558/334/334 1439/333/333
f 593/404/404 1515/407/407 598/1219/1228
f 1561/1222/1231 1476/406/406 1450/405/405
f 596/408/408 1470/2131/3244 599/1221/1230
f 1478/392/392 599/1221/1230 1470/2131/3244
f 608/324/324 577/2125/3238 1417/382/382
f 1563/387/387 574/372/372 579/317/317
f 426/208/208 617/210/210 1591/152/152
f 1660/2133/3246 620/420/420 1401/316/316
f 145/1/1 623/3/3 1592/211/211
f 1664/2134/3247 626/434/434 946/110/110
f 631/465/465 616/419/419 1657/417/417
f 1594/2135/3248 1657/417/417 615/418/418
f 632/2140/3253 615/418/418 1667/447/447
f 1667/447/447 623/3/3 633/452/452
f 1596/449/449 633/452/452 623/3/3
f 1662/2109/3222 622/433/433 634/450/450
f 634/450/450 622/433/433 1661/431/431
f 1597/2142/3255 1661/431/431 621/432/432
f 635/2143/3256 621/432/432 1668/448/448
f 1668/448/448 620/420/420 636/457/457
f 1599/454/454 636/457/457 620/420/420
f 1660/2133/3246 619/314/314 637/455/455
f 637/455/455 619/314/314 1659/311/311
f 1600/2145/3258 1659/311/311 618/313/313
f 638/2146/3259 618/313/313 1665/445/445
f 1665/445/445 626/434/434 639/462/462
f 1602/459/459 639/462/462 626/434/434
f 1664/2134/3247 625/108/108 640/460/460
f 640/460/460 625/108/108 1663/105/105
f 1603/2148/3261 1663/105/105 624/107/107
f 641/2149/3262 624/107/107 1666/446/446
f 1666/446/446 617/210/210 642/467/467
f 1605/464/464 642/467/467 617/210/210
f 1658/2120/3233 616/419/419 631/465/465
f 632/2140/3253 644/469/469 1606/2151/3264
f 1606/2151/3264 643/466/466 631/465/465
f 633/452/452 645/453/453 1607/470/470
f 1607/470/470 644/469/469 632/2140/3253
f 635/2143/3256 647/473/473 1609/2152/3265
f 1609/2152/3265 646/451/451 634/450/450
f 636/457/457 648/458/458 1610/474/474
f 1610/474/474 647/473/473 635/2143/3256
f 638/2146/3259 650/477/477 1612/2153/3266
f 1612/2153/3266 649/456/456 637/455/455
f 639/462/462 651/463/463 1613/478/478
f 1613/478/478 650/477/477 638/2146/3259
f 641/2149/3262 653/481/481 1615/2154/3267
f 1615/2154/3267 652/461/461 640/460/460
f 642/467/467 654/468/468 1616/482/482
f 1616/482/482 653/481/481 641/2149/3262
f 1606/2151/3264 644/469/469 1669/485/485
f 1669/485/485 1585/428/428 655/2136/3249
f 1620/2156/3269 656/426/426 645/453/453
f 1620/2156/3269 1608/472/472 646/451/451
f 1620/2156/3269 1621/2157/3270 657/2139/3252
f 1609/2152/3265 647/473/473 1670/486/486
f 1670/486/486 1578/415/415 657/2139/3252
f 1623/2158/3271 658/437/437 648/458/458
f 1623/2158/3271 1611/476/476 649/456/456
f 1623/2158/3271 1624/2159/3272 659/2138/3251
f 1612/2153/3266 650/477/477 1671/487/487
f 1671/487/487 1581/423/423 659/2138/3251
f 1626/2160/3273 660/421/421 651/463/463
f 1626/2160/3273 1614/480/480 652/461/461
f 1626/2160/3273 1627/2161/3274 661/2137/3250
f 1615/2154/3267 653/481/481 1672/488/488
f 1672/488/488 1587/441/441 661/2137/3250
f 1629/2162/3275 662/439/439 654/468/468
f 1629/2162/3275 1617/484/484 643/466/466
f 1629/2162/3275 1618/2155/3268 655/2136/3249
f 1673/490/3276 668/442/492 1677/443/3277
f 1677/443/3277 664/492/495 1674/491/3278
f 1674/491/3278 670/435/505 1636/436/502
f 1636/436/502 665/496/504 1675/493/3279
f 1675/493/3279 674/414/497 1637/416/3280
f 1637/416/3280 666/494/500 1676/489/491
f 663/498/507 627/497/506 1631/490/493
f 670/435/505 1674/491/3278 1632/491/494
f 1675/493/3279 665/496/504 630/496/503
f 671/424/424 672/424/489 1676/489/491
f 674/414/497 673/414/414 1680/416/416
f 628/495/501 666/494/500 1637/416/3280
f 1880/1272/1300 1865/1295/1323 1866/1297/1325
f 1873/1372/1393 1874/1264/1292 1886/1266/1294
f 1888/1379/1400 1887/1265/1293 1875/1376/1397
f 1889/1268/1296 1888/1379/1400 1876/1375/1396
f 1891/1381/1402 1890/1267/1295 1878/1269/1297
f 1879/2479/3726 1880/1272/1300 1892/1382/1403
f 1881/1270/1298 1882/1387/1408 1894/1383/1404
f 1895/1385/1406 1894/1383/1404 1882/1387/1408
f 1883/1389/1410 1884/1262/1290 1896/1371/1391
f 1884/1262/1290 1873/1372/1393 1885/1370/1390
f 1886/1266/1294 1887/1265/1293 1899/1274/1302
f 1889/1268/1296 1890/1267/1295 1904/1276/1304
f 1892/1382/1403 1893/1271/1299 1923/1278/1306
f 1928/1289/1317 1911/1288/1316 1895/1385/1406
f 1897/1368/1388 1898/1279/1307 1914/1281/1309
f 1900/1273/1301 1901/1378/1399 1917/2481/1377
f 1918/2483/3727 1917/2481/1377 1901/1378/1399
f 1918/2483/3727 1902/2484/3728 1903/1283/1311
f 1905/1275/1303 1906/2487/3731 1921/2485/3729
f 1922/1285/1313 1921/2485/3729 1906/2487/3731
f 1926/2488/1382 1925/1286/1314 1909/1386/1407
f 1910/2489/1735 1911/1288/1316 1927/1290/1318
f 1912/1369/1389 1897/1368/1388 1913/2480/1385
f 2049/2946/1638 2050/2947/3757 2051/2948/1636
f 2051/2948/1636 2052/2949/1430 2053/2531/1429
f 2053/2531/1429 2036/2950/1432 2037/2635/1634
f 2037/2635/1634 2038/2951/1424 2039/2849/1423
f 2039/2849/1423 2040/2952/1632 2041/2953/3747
f 2041/2953/3747 2042/2954/1631 2043/2532/1630
f 2043/2532/1630 2044/2955/3751 2045/2956/1641
f 2045/2956/1641 2046/2957/1427 2047/2533/1426
f 2047/2533/1426 2048/2958/1639 2049/2946/1638
f 2049/2946/1638 2051/2948/1636 2053/2531/1429
f 2053/2531/1429 2037/2635/1634 2039/2849/1423
f 2039/2849/1423 2041/2953/3747 2043/2532/1630
f 2043/2532/1630 2045/2956/1641 2047/2533/1426
f 2047/2533/1426 2049/2946/1638 2053/2531/1429
f 2053/2531/1429 2039/2849/1423 2043/2532/1630
f 2105/1430/3777 2095/2557/3770 2096/2547/3761
f 2096/2547/3761 2097/1481/3771 2098/2558/3772
f 2098/2558/3772 2099/1424/3773 2100/2548/3762
f 2100/2548/3762 2101/2559/3774 2102/1662/3775
f 2102/1662/3775 2103/2560/3776 2104/2549/3763
f 2104/2549/3763 2105/1430/3777 2096/2547/3761
f 2096/2547/3761 2098/2558/3772 2100/2548/3762
f 2100/2548/3762 2102/1662/3775 2104/2549/3763
f 2075/2550/1456 2076/2552/1445 2085/1470/3764
f 2086/1481/3766 2085/1470/3764 2076/2552/1445
f 2088/1424/1437 2078/1421/1434 2079/2553/1450
f 2079/2553/1450 2080/2556/1452 2090/2555/3768
f 2080/2556/1452 2081/1427/1440 2091/1662/3769
f 2094/1430/1443 2083/1429/1442 2075/2550/1456
f 2095/2557/3770 2084/2551/3765 2085/1470/3764
f 2096/2547/3761 2085/1470/3764 2086/1481/3766
f 2097/1481/3771 2086/1481/3766 2087/1422/1435
f 2098/2558/3772 2087/1422/1435 2088/1424/1437
f 2099/1424/3773 2088/1424/1437 2089/2554/3767
f 2100/2548/3762 2089/2554/3767 2090/2555/3768
f 2101/2559/3774 2090/2555/3768 2091/1662/3769
f 2102/1662/3775 2091/1662/3769 2092/1426/1439
f 2103/2560/3776 2092/1426/1439 2093/1428/1441
f 2104/2549/3763 2093/1428/1441 2094/1430/1443
f 2105/1430/3777 2094/1430/1443 2084/2551/3765
f 2118/1462/1470 2117/1461/1469 2120/2561/3778
f 2121/1465/1473 2119/2562/3779 2120/2561/3778
f 2125/1468/1475 2124/1464/1472 2123/1463/1471
f 2115/2570/1467 2113/2971/1465 2111/2972/1462
f 2111/2972/1462 2109/2973/1460 2107/2568/3782
f 2107/2568/3782 2126/2974/1474 2123/2975/1471
f 2123/2975/1471 2122/2976/3781 2120/2569/3778
f 2120/2569/3778 2117/2977/1469 2115/2570/1467
f 2115/2570/1467 2111/2972/1462 2107/2568/3782
f 2107/2568/3782 2123/2975/1471 2120/2569/3778
f 2125/2978/1475 2106/2979/1459 2108/2572/1458
f 2108/2572/1458 2110/2980/1464 2112/2981/1463
f 2112/2981/1463 2114/2982/1466 2116/2573/1468
f 2116/2573/1468 2118/2983/1470 2119/2984/3779
f 2119/2984/3779 2121/2985/1473 2124/2574/1472
f 2124/2574/1472 2125/2978/1475 2108/2572/1458
f 2108/2572/1458 2112/2981/1463 2116/2573/1468
f 2116/2573/1468 2119/2984/3779 2124/2574/1472
f 2148/1481/1487 2138/1472/1479 2139/2575/1494
f 2166/1484/1490 2157/1478/1484 2158/2017/3787
f 2158/2017/3787 2159/1480/1486 2160/1482/1488
f 2160/1482/1488 2161/2021/3788 2162/1483/1489
f 2162/1483/1489 2163/2583/3789 2164/2576/3783
f 2164/2576/3783 2165/2584/3790 2166/1484/1490
f 2166/1484/1490 2158/2017/3787 2160/1482/1488
f 2160/1482/1488 2162/1483/1489 2164/2576/3783
f 2150/1424/1481 2149/1479/1485 2139/2575/1494
f 2152/1476/1482 2141/1475/1446 2142/2577/1455
f 2142/2577/1455 2143/2580/1454 2154/2579/3785
f 2143/2580/1454 2144/2582/1453 2155/2581/3786
f 2156/1430/1483 2155/2581/3786 2144/2582/1453
f 2158/2017/3787 2147/1470/1477 2148/1481/1487
f 2161/2021/3788 2160/1482/1488 2150/1424/1481
f 2152/1476/1482 2153/2578/3784 2163/2583/3789
f 2163/2583/3789 2153/2578/3784 2154/2579/3785
f 2164/2576/3783 2154/2579/3785 2155/2581/3786
f 2165/2584/3790 2155/2581/3786 2156/1430/1483
f 2177/1542/1540 2173/1541/1539 2186/1577/1619
f 2167/1537/1535 2174/1544/1542 2189/1512/1507
f 2194/1617/1613 2182/1612/1608 2181/1511/1506
f 2195/1618/1614 2183/1613/1609 2182/1612/1608
f 2184/1505/1500 2183/1613/1609 2195/1618/1614
f 2184/1505/1500 2196/2590/3792 2197/2591/3793
f 2185/1621/1618 2197/2591/3793 2198/1727/3794
f 2187/1624/1622 2186/1577/1619 2198/1727/3794
f 2200/1619/1616 2188/1622/1620 2187/1624/1622
f 2188/1622/1620 2200/1619/1616 2201/1385/1508
f 2193/1510/1505 2192/2589/3791 2205/1516/1512
f 2196/2590/3792 2195/1618/1614 2227/1522/1519
f 2198/1727/3794 2213/1528/1526 2232/1530/1528
f 2202/1514/1510 2201/1385/1508 2217/2593/3796
f 2204/1517/1513 2203/1535/1533 2222/1281/3799
f 2206/2592/3795 2224/2596/3801 2225/1518/1515
f 2210/1275/1521 2228/1523/1520 2229/1524/1522
f 2233/2597/1604 2215/1531/1529 2214/1277/3798
f 2221/1534/1532 2220/1536/1534 2219/2595/3800
f 2347/2953/1632 2346/2952/3831 2345/2849/1631
f 2345/2849/1631 2344/2951/1630 2343/2635/3751
f 2343/2635/3751 2342/2950/1641 2359/2531/1427
f 2359/2531/1427 2358/2949/1426 2357/2948/1639
f 2357/2948/1639 2356/2947/1638 2355/2946/3832
f 2355/2946/3832 2354/2958/1636 2353/2533/1430
f 2353/2533/1430 2352/2957/1429 2351/2956/1432
f 2351/2956/1432 2350/2955/1634 2349/2532/1424
f 2349/2532/1424 2348/2954/1423 2347/2953/1632
f 2347/2953/1632 2345/2849/1631 2343/2635/3751
f 2343/2635/3751 2359/2531/1427 2357/2948/1639
f 2357/2948/1639 2355/2946/3832 2353/2533/1430
f 2353/2533/1430 2351/2956/1432 2349/2532/1424
f 2349/2532/1424 2347/2953/1632 2343/2635/3751
f 2343/2635/3751 2357/2948/1639 2353/2533/1430
f 2404/1481/3840 2403/1658/1651 2402/1842/3833
f 2402/1842/3833 2412/2650/3846 2411/2649/3845
f 2411/2649/3845 2410/2648/3844 2409/1661/1654
f 2409/1661/1654 2408/1476/3843 2407/2647/3842
f 2407/2647/3842 2406/1424/3841 2405/2640/3834
f 2405/2640/3834 2404/1481/3840 2402/1842/3833
f 2402/1842/3833 2411/2649/3845 2409/1661/1654
f 2409/1661/1654 2407/2647/3842 2405/2640/3834
f 2382/2641/1657 2392/1660/1653 2393/1659/1652
f 2383/2642/3835 2393/1659/1652 2394/1689/3836
f 2395/1424/3838 2385/1650/1643 2384/2643/3837
f 2397/1663/1656 2387/2644/1660 2386/1652/1645
f 2387/2644/1660 2397/1663/1656 2398/1662/1655
f 2401/2645/3839 2391/2646/1663 2390/1657/1650
f 2392/1660/1653 2382/2641/1657 2391/2646/1663
f 2394/1689/3836 2393/1659/1652 2404/1481/3840
f 2395/1424/3838 2394/1689/3836 2405/2640/3834
f 2396/1651/1644 2395/1424/3838 2406/1424/3841
f 2396/1651/1644 2407/2647/3842 2408/1476/3843
f 2410/2648/3844 2399/1653/1646 2398/1662/1655
f 2400/1656/1649 2399/1653/1646 2410/2648/3844
f 2401/2645/3839 2400/1656/1649 2411/2649/3845
f 2402/1842/3833 2392/1660/1653 2401/2645/3839
f 2414/1671/1665 2416/2999/4714 2417/2663/3849
f 2417/2663/3849 2416/2999/4714 2418/2664/3850
f 2418/2664/3850 2420/1675/1670 2421/2666/3852
f 2426/3000/3853 2428/3001/1676 2430/2667/1678
f 2430/2667/1678 2432/3002/3855 2434/3003/1682
f 2434/3003/1682 2415/3004/1666 2417/2668/3849
f 2417/2668/3849 2419/3005/3851 2421/3006/3852
f 2421/3006/3852 2422/3007/1669 2424/2669/1672
f 2424/2669/1672 2426/3000/3853 2430/2667/1678
f 2430/2667/1678 2434/3003/1682 2417/2668/3849
f 2417/2668/3849 2421/3006/3852 2424/2669/1672
f 2427/3008/1673 2425/3009/1671 2423/2670/1668
f 2423/2670/1668 2420/3010/1670 2418/3011/3850
f 2418/3011/3850 2416/3012/4714 2414/2671/1665
f 2414/2671/1665 2413/3013/1681 2433/3014/1679
f 2433/3014/1679 2431/3015/1677 2429/2672/1675
f 2429/2672/1675 2427/3008/1673 2423/2670/1668
f 2423/2670/1668 2418/3011/3850 2414/2671/1665
f 2414/2671/1665 2433/3014/1679 2429/2672/1675
f 2468/2640/3857 2467/1701/1695 2466/1700/1694
f 2466/1700/1694 2475/1705/1699 2474/1702/1696
f 2474/1702/1696 2473/2676/3863 2472/2675/3862
f 2472/2675/3862 2471/1476/3861 2470/2673/3856
f 2470/2673/3856 2469/1424/3860 2468/2640/3857
f 2468/2640/3857 2466/1700/1694 2474/1702/1696
f 2474/1702/1696 2472/2675/3862 2470/2673/3856
f 2459/1424/3858 2448/1650/1688 2447/1688/1683
f 2461/1476/3859 2450/1695/1659 2449/1652/1658
f 2453/2674/3847 2452/1697/1692 2464/1704/1698
f 2454/1698/1661 2453/2674/3847 2465/1703/1697
f 2457/1481/1684 2467/1701/1695 2468/2640/3857
f 2459/1424/3858 2458/1689/1685 2468/2640/3857
f 2460/1651/1689 2459/1424/3858 2469/1424/3860
f 2461/1476/3859 2460/1651/1689 2470/2673/3856
f 2462/1693/1690 2461/1476/3859 2471/1476/3861
f 2463/1696/1691 2462/1693/1690 2472/2675/3862
f 2464/1704/1698 2463/1696/1691 2473/2676/3863
f 2489/1718/1708 2478/1755/1746 2479/1757/1748
f 2498/1820/1292 2476/1754/1745 2487/1761/1751
f 2488/1815/1797 2489/1718/1708 2500/1720/1710
f 2503/1722/1712 2492/1714/1704 2493/1713/1703
f 2510/1733/1722 2488/1815/1797 2499/2687/3865
f 2539/1746/1738 2506/1727/1716 2507/1726/1715
f 2515/1378/1728 2516/1740/1730 2533/1742/1732
f 2519/1557/1720 2520/1526/1407 2536/1745/1736
f 2537/2692/3870 2521/1744/1735 2522/1321/1737
f 2661/2946/2017 2662/2947/1833 2663/2948/1832
f 2663/2948/1832 2664/2949/1836 2665/2531/1835
f 2665/2531/1835 2648/2950/1838 2649/2635/1819
f 2649/2635/1819 2650/2951/1818 2651/2849/2012
f 2651/2849/2012 2652/2952/3898 2653/2953/1822
f 2653/2953/1822 2654/2954/1821 2655/2532/1825
f 2655/2532/1825 2656/2955/1824 2657/2956/2019
f 2657/2956/2019 2658/2957/1828 2659/2533/1827
f 2659/2533/1827 2660/2958/1830 2661/2946/2017
f 2661/2946/2017 2663/2948/1832 2665/2531/1835
f 2665/2531/1835 2649/2635/1819 2651/2849/2012
f 2651/2849/2012 2653/2953/1822 2655/2532/1825
f 2655/2532/1825 2657/2956/2019 2659/2533/1827
f 2659/2533/1827 2661/2946/2017 2665/2531/1835
f 2665/2531/1835 2651/2849/2012 2655/2532/1825
f 2711/1854/1856 2712/1857/1859 2713/1652/3904
f 2713/1652/3904 2714/2746/3905 2715/2741/3899
f 2715/2741/3899 2716/2747/3906 2717/2748/3907
f 2717/2748/3907 2718/1698/3908 2709/2742/3900
f 2709/2742/3900 2710/2745/3903 2711/1854/1856
f 2711/1854/1856 2713/1652/3904 2715/2741/3899
f 2715/2741/3899 2717/2748/3907 2709/2742/3900
f 2701/1855/1857 2691/1843/1843 2692/2743/3901
f 2703/1856/1858 2702/1853/1855 2692/2743/3901
f 2703/1856/1858 2693/2744/3902 2694/1476/1847
f 2708/1698/1854 2698/1852/1853 2689/1842/1842
f 2709/2742/3900 2699/1841/1841 2700/1844/1844
f 2710/2745/3903 2700/1844/1844 2701/1855/1857
f 2713/1652/3904 2703/1856/1858 2704/1846/1846
f 2714/2746/3905 2704/1846/1846 2705/1848/1849
f 2715/2741/3899 2705/1848/1849 2706/1850/1851
f 2716/2747/3906 2706/1850/1851 2707/1851/1852
f 2717/2748/3907 2707/1851/1852 2708/1698/1854
f 2718/1698/3908 2708/1698/1854 2699/1841/1841
f 2721/1868/1868 2719/3026/3926 2720/2761/3912
f 2727/2762/3913 2726/1870/1870 2725/2763/3914
f 2727/2762/3913 2728/2764/3915 2729/2765/3916
f 2734/2766/3917 2732/1872/1872 2733/2767/3918
f 2737/2769/3920 2734/2766/3917 2735/2768/3919
f 2738/2771/3922 2737/2769/3920 2736/2770/3921
f 2740/2773/3924 2738/2771/3922 2739/2772/3923
f 2731/2777/1871 2729/3027/3916 2728/3028/3915
f 2728/3028/3915 2725/3029/3914 2724/2775/1869
f 2724/2775/1869 2722/3030/1866 2720/3031/3912
f 2720/3031/3912 2741/3032/3925 2739/2776/3923
f 2739/2776/3923 2736/3033/3921 2735/3034/3919
f 2735/3034/3919 2733/3035/3918 2731/2777/1871
f 2731/2777/1871 2728/3028/3915 2724/2775/1869
f 2724/2775/1869 2720/3031/3912 2739/2776/3923
f 2739/2776/3923 2735/3034/3919 2731/2777/1871
f 2719/2778/3926 2740/2773/3924 2741/2774/3925
f 2737/3036/3920 2738/3037/3922 2740/2780/3924
f 2740/2780/3924 2719/3038/3926 2721/3039/1868
f 2721/3039/1868 2723/3040/1867 2726/2781/1870
f 2726/2781/1870 2727/3041/3913 2730/3042/1873
f 2730/3042/1873 2732/3043/1872 2734/2782/3917
f 2734/2782/3917 2737/3036/3920 2740/2780/3924
f 2740/2780/3924 2721/3039/1868 2726/2781/1870
f 2726/2781/1870 2730/3042/1873 2734/2782/3917
f 2775/1884/1890 2776/1886/1893 2777/1652/3931
f 2777/1652/3931 2778/2786/3932 2779/2783/3927
f 2779/2783/3927 2780/2787/3933 2781/2788/3934
f 2781/2788/3934 2782/1698/3935 2773/1700/3928
f 2773/1700/3928 2774/1701/3930 2775/1884/1890
f 2775/1884/1890 2777/1652/3931 2779/2783/3927
f 2779/2783/3927 2781/2788/3934 2773/1700/3928
f 2765/1855/1891 2755/1843/1877 2756/2784/1897
f 2767/1885/1892 2766/1883/1889 2756/2784/1897
f 2767/1885/1892 2757/2785/3929 2758/1476/1881
f 2772/1698/1888 2762/1882/1887 2753/1842/1876
f 2773/1700/3928 2763/1875/1875 2764/1876/1878
f 2774/1701/3930 2764/1876/1878 2765/1855/1891
f 2777/1652/3931 2767/1885/1892 2768/1878/1880
f 2778/2786/3932 2768/1878/1880 2769/1879/1883
f 2779/2783/3927 2769/1879/1883 2770/1880/1885
f 2780/2787/3933 2770/1880/1885 2771/1881/1886
f 2781/2788/3934 2771/1881/1886 2772/1698/1888
f 2782/1698/3935 2772/1698/1888 2763/1875/1875
f 2792/1938/1940 2805/1914/1918 2806/1915/1919
f 2797/1896/1509 2796/1904/1907 2808/1994/1994
f 2799/1898/1497 2811/1995/1996 2812/1997/1997
f 2806/1915/1919 2805/1914/1918 2817/1735/1999
f 2808/1994/1994 2820/2801/3942 2821/2797/3939
f 2825/1921/1924 2812/1997/1997 2811/1995/1996
f 2815/1911/1914 2814/1910/1913 2844/2798/3940
f 2849/2800/1990 2818/1916/1617 2817/1735/1999
f 2820/2801/3942 2819/1992/1993 2834/2802/3943
f 2838/2804/3945 2824/1922/1925 2823/1918/1921
f 2842/2805/3946 2827/1996/1516 2826/1526/1927
f 2843/2807/3948 2828/2799/3941 2827/1996/1516
f 2834/2802/3943 2819/1992/1993 2833/1536/1935
f 2970/2948/1830 2969/2947/2017 2968/2946/1833
f 2968/2946/1833 2967/2958/1832 2966/2533/2014
f 2966/2533/2014 2965/2957/1835 2964/2956/1838
f 2964/2956/1838 2963/2955/1819 2962/2532/1818
f 2962/2532/1818 2961/2954/2012 2960/2953/2011
f 2960/2953/2011 2959/2952/3980 2958/2849/1821
f 2958/2849/1821 2957/2951/1825 2956/2635/1824
f 2956/2635/1824 2955/2950/2019 2972/2531/1828
f 2972/2531/1828 2971/2949/1827 2970/2948/1830
f 2970/2948/1830 2968/2946/1833 2966/2533/2014
f 2966/2533/2014 2964/2956/1838 2962/2532/1818
f 2962/2532/1818 2960/2953/2011 2958/2849/1821
f 2958/2849/1821 2956/2635/1824 2972/2531/1828
f 2972/2531/1828 2970/2948/1830 2966/2533/2014
f 2966/2533/2014 2962/2532/1818 2958/2849/1821
f 2997/2017/2021 3008/2016/2020 3009/2851/3981
f 3022/2863/3993 3021/2862/3992 3020/2853/3983
f 3020/2853/3983 3019/2861/3991 3018/2860/3990
f 3018/2860/3990 3017/2859/3989 3016/2854/3984
f 3016/2854/3984 3024/2864/3994 3023/2855/3985
f 3023/2855/3985 3022/2863/3993 3020/2853/3983
f 3020/2853/3983 3018/2860/3990 3016/2854/3984
f 2998/2852/3982 3009/2851/3981 3010/2856/3986
f 3000/2021/2025 2999/2857/3987 3010/2856/3986
f 3015/2858/3988 3005/3051/2037 3004/1704/2031
f 3006/1698/2032 3005/3051/2037 3015/2858/3988
f 3008/2016/2020 3007/2027/2033 3016/2854/3984
f 3009/2851/3981 3008/2016/2020 3017/2859/3989
f 3010/2856/3986 3009/2851/3981 3018/2860/3990
f 3011/2019/2023 3010/2856/3986 3019/2861/3991
f 3012/2022/2026 3011/2019/2023 3020/2853/3983
f 3013/2024/2028 3012/2022/2026 3021/2862/3992
f 3014/2026/2030 3013/2024/2028 3022/2863/3993
f 3015/2858/3988 3014/2026/2030 3023/2855/3985
f 3007/2027/2033 3015/2858/3988 3024/2864/3994
f 3030/2037/2043 3031/3057/4732 3032/2880/3999
f 3032/2880/3999 3031/3057/4732 3033/2882/4002
f 3034/2883/4003 3033/2882/4002 3035/2884/4004
f 3036/2885/4005 3035/2884/4004 3037/2040/2048
f 3042/2886/4006 3041/2041/2049 3043/2045/2052
f 3034/2890/4003 3036/3058/4005 3038/3059/2047
f 3038/3059/2047 3040/3060/4008 3042/2888/4006
f 3042/2888/4006 3044/3061/4007 3026/3062/2051
f 3026/3062/2051 3027/3063/4000 3029/2889/2044
f 3029/2889/2044 3032/3064/3999 3034/2890/4003
f 3034/2890/4003 3038/3059/2047 3042/2888/4006
f 3042/2888/4006 3026/3062/2051 3029/2889/2044
f 3037/2893/2048 3035/3065/4004 3033/3066/4002
f 3033/3066/4002 3031/3067/4732 3030/2891/2043
f 3030/2891/2043 3028/3068/2040 3025/3069/2042
f 3025/3069/2042 3043/3070/2052 3041/2892/2049
f 3041/2892/2049 3039/3071/2046 3037/2893/2048
f 3037/2893/2048 3033/3066/4002 3030/2891/2043
f 3030/2891/2043 3025/3069/2042 3041/2892/2049
f 3068/2017/2062 3057/2017/4011 3056/2894/3998
f 3083/2905/4018 3082/2904/4017 3081/2895/4009
f 3081/2895/4009 3080/2903/4016 3079/2902/4015
f 3079/2902/4015 3078/2051/2061 3077/2053/2065
f 3077/2053/2065 3085/2906/4019 3084/2896/4010
f 3084/2896/4010 3083/2905/4018 3081/2895/4009
f 3081/2895/4009 3079/2902/4015 3077/2053/2065
f 3057/2017/4011 3068/2017/2062 3069/2897/4012
f 3070/2899/4013 3059/3072/3996 3058/2898/3995
f 3060/2021/2053 3059/3072/3996 3070/2899/4013
f 3064/1704/2060 3074/2050/2059 3075/2900/4014
f 3076/1698/2064 3066/1698/2035 3065/2901/2034
f 3067/2052/2063 3056/2894/3998 3066/1698/2035
f 3068/2017/2062 3078/2051/2061 3079/2902/4015
f 3070/2899/4013 3069/2897/4012 3079/2902/4015
f 3071/2046/2054 3070/2899/4013 3080/2903/4016
f 3072/2022/2056 3071/2046/2054 3081/2895/4009
f 3073/2049/2057 3072/2022/2056 3082/2904/4017
f 3074/2050/2059 3073/2049/2057 3083/2905/4018
f 3075/2900/4014 3074/2050/2059 3084/2896/4010
f 3076/1698/2064 3075/2900/4014 3085/2906/4019
f 3088/2060/2068 3087/2059/2067 3090/2917/4021
f 3091/2063/2072 3089/2918/4022 3090/2917/4021
f 3096/2919/4023 3093/2062/2071 3094/2920/4024
f 3097/2066/2075 3096/2919/4023 3095/2921/4025
f 3104/2073/2083 3103/2070/2080 3102/2069/2079
f 3109/2922/4027 3106/2072/2082 3107/2923/4028
f 3109/2922/4027 3108/2924/4029 3110/2925/4030
f 3090/2929/4021 3087/3078/2067 3110/3079/4030
f 3110/3079/4030 3108/3080/4029 3107/2927/4028
f 3107/2927/4028 3105/3081/2081 3102/3082/4026
f 3102/3082/4026 3100/3083/2076 3098/2928/2073
f 3098/2928/2073 3095/3084/4025 3094/3085/4024
f 3094/3085/4024 3092/3086/2070 3090/2929/4021
f 3090/2929/4021 3110/3079/4030 3107/2927/4028
f 3107/2927/4028 3102/3082/4026 3098/2928/2073
f 3098/2928/2073 3094/3085/4024 3090/2929/4021
f 3106/3087/2082 3109/3088/4027 3086/2930/4031
f 3086/2930/4031 3088/3089/2068 3089/3090/4022
f 3089/3090/4022 3091/3091/2072 3093/2931/2071
f 3093/2931/2071 3096/3092/4023 3097/3093/2075
f 3097/3093/2075 3099/3094/2078 3101/2932/2077
f 3101/2932/2077 3103/3095/2080 3104/3096/2083
f 3104/3096/2083 3106/3087/2082 3086/2930/4031
f 3086/2930/4031 3089/3090/4022 3093/2931/2071
f 3093/2931/2071 3097/3093/2075 3101/2932/2077
f 3101/2932/2077 3104/3096/2083 3086/2930/4031
usemtl 02_-_Default
f 3238/1253/2084 3229/1253/2085 3230/1253/2086
f 3304/1253/2087 3220/1253/2088 3227/1253/2089
f 3223/1253/2090 3306/1253/2091 3318/1253/2092
f 3222/1253/2093 3304/1253/2087 3300/1253/2094
f 3239/1253/2095 3319/1253/2096 3225/1253/2097
f 3228/1253/2098 3323/1253/2099 3224/1253/2100
f 3267/1253/2101 3256/1253/2102 3262/1253/2103
f 3248/1253/2104 3259/1253/2105 3243/1253/2106
f 3288/1253/2107 3182/1253/2108 3289/1253/2109
f 3289/1253/2109 3290/1253/2110 3288/1253/2107
f 3331/1253/2111 3326/1253/2112 3325/1253/2113
f 3326/1253/2112 3329/1253/2114 3336/1253/2115
f 3306/1253/2091 3299/1253/2116 3318/1253/2092
f 3305/1253/2117 3300/1253/2094 3304/1253/2087
f 3240/1253/2118 3301/1253/2119 3303/1253/2120
f 3239/1253/2095 3303/1253/2120 3319/1253/2096
f 3304/1253/2087 3222/1253/2093 3312/1253/2121
f 3333/1253/2122 3328/1253/2123 3332/1253/2124
f 3318/1253/2092 3299/1253/2116 3327/1253/2125
f 3324/1253/2126 3336/1253/2115 3329/1253/2114
f 3302/1253/2127 3329/1253/2114 3300/1253/2094
f 3301/1253/2119 3336/1253/2115 3303/1253/2120
f 3557/1253/2128 3547/1253/2129 3468/1253/2130
f 3507/1253/2131 3492/1253/2132 3409/1253/2133
f 3495/1253/2134 3496/1253/2135 3491/1253/2136
f 3409/1253/2133 3501/1253/2137 3507/1253/2131
f 3496/1253/2135 3495/1253/2134 3502/1253/2138
f 3511/1253/2139 3503/1253/2140 3494/1253/2141
f 3483/1253/2142 3469/1253/2143 3547/1253/2129
f 3469/1253/2143 3472/1253/2144 3550/1253/2145
f 3561/1253/2146 3571/1253/2147 3560/1253/2148
f 3541/1253/2149 3546/1253/2150 3545/1253/2151
f 3543/1253/2152 3550/1253/2145 3546/1253/2150
f 3547/1253/2129 3544/1253/2153 3484/1253/2154
f 3564/1253/2155 3559/1253/2156 3565/1253/2157
f 3563/1253/2158 3567/1253/2159 3566/1253/2160
f 3540/1253/2161 3556/1253/2162 3562/1253/2163
f 3559/1253/2156 3573/1253/2164 3572/1253/2165
f 3560/1253/2148 3543/1253/2152 3541/1253/2149
f 3571/1253/2147 3542/1253/2166 3544/1253/2153
f 3783/1253/2167 3716/1253/2168 3699/1253/2169
f 3787/1253/2170 3703/1253/2171 3698/1253/2172
f 3739/1253/2173 3724/1253/2174 3720/1253/2175
f 3728/1253/2176 3723/1253/2177 3727/1253/2178
f 3739/1253/2173 3720/1253/2175 3733/1253/2179
f 3741/1253/2180 3732/1253/2181 3721/1253/2182
f 3727/1253/2178 3734/1253/2183 3728/1253/2176
f 3735/1253/2184 3726/1253/2185 3743/1253/2186
f 3717/1253/2187 3773/1253/2188 3777/1253/2189
f 3787/1253/2170 3759/1253/2190 3703/1253/2171
f 3790/1253/2191 3800/1253/2192 3789/1253/2193
f 3793/1253/2194 3788/1253/2195 3794/1253/2196
f 3792/1253/2197 3796/1253/2198 3795/1253/2199
f 3771/1253/2200 3782/1253/2201 3791/1253/2202
f 3788/1253/2195 3802/1253/2203 3801/1253/2204
f 3789/1253/2193 3774/1253/2205 3772/1253/2206
f 3800/1253/2192 3773/1253/2188 3775/1253/2207
f 3940/1253/2208 3929/1253/2209 3930/1253/2210
f 4011/1253/2211 3921/1253/2212 3928/1253/2213
f 3924/1253/2214 3941/1253/2215 4023/1253/2216
f 3923/1253/2217 4011/1253/2211 4006/1253/2218
f 4022/1253/2219 4024/1253/2220 3925/1253/2221
f 3946/1253/2222 3965/1253/2223 3959/1253/2224
f 3950/1253/2225 3961/1253/2226 3944/1253/2227
f 3949/1253/2228 3962/1253/2229 3955/1253/2230
f 3954/1253/2231 3963/1253/2232 3957/1253/2233
f 3952/1253/2234 3965/1253/2223 3946/1253/2222
f 3947/1253/2235 3958/1253/2236 3953/1253/2237
f 3950/1253/2225 3967/1253/2238 3961/1253/2226
f 3966/1253/2239 3951/1253/2240 3945/1253/2241
f 3949/1253/2228 3956/1253/2242 3962/1253/2229
f 3986/1253/2243 4010/1253/2244 4015/1253/2245
f 3941/1253/2215 4005/1253/2246 4023/1253/2216
f 4013/1253/2247 4007/1253/2248 4009/1253/2249
f 4022/1253/2219 4009/1253/2249 4024/1253/2220
f 4011/1253/2211 3923/1253/2217 4019/1253/2250
f 4036/1253/2251 4031/1253/2252 4035/1253/2253
f 4034/1253/2254 4028/1253/2255 4039/1253/2256
f 4039/1253/2256 4040/1253/2257 4027/1253/2258
f 4023/1253/2216 4005/1253/2246 4030/1253/2259
f 3926/1253/2260 4014/1253/2261 3940/1253/2208
f 4038/1253/2262 4028/1253/2255 4031/1253/2252
f 4008/1253/2263 4034/1253/2254 4006/1253/2218
f 4007/1253/2248 4039/1253/2256 4009/1253/2249
f 4042/1253/2264 4047/1253/2265 4045/1253/2266
f 4043/1253/2267 3804/1253/2268 4047/1253/2265
f 3577/1253/2269 3342/1253/2270 4046/1253/2271
f 3321/1253/2272 4047/1253/2265 3804/1253/2268
f 4125/1253/2764 4121/1253/2765 4128/1253/2766
f 4172/1253/2767 4169/1253/2768 4161/1253/2769
f 4124/1253/2770 4118/1253/2771 4123/1253/2772
f 4111/1253/2773 4119/1253/2774 4112/1253/2775
f 4112/1253/2775 4120/1253/2776 4113/1253/2777
f 4122/1253/2778 4121/1253/2765 4125/1253/2764
f 4105/1253/2779 4124/1253/2770 4130/1253/2780
f 4123/1253/2772 4122/1253/2778 4129/1253/2781
f 4120/1253/2776 4128/1253/2766 4121/1253/2765
f 4130/1253/2780 4123/1253/2772 4133/1253/2782
f 4129/1253/2781 4125/1253/2764 4132/1253/2783
f 4133/1253/2782 4129/1253/2781 4137/1253/2784
f 4138/1253/2785 4133/1253/2782 4142/1253/2786
f 4137/1253/2784 4132/1253/2783 4141/1253/2787
f 4136/1253/2788 4139/1253/2789 4128/1253/2766
f 4106/1253/2790 4138/1253/2785 4143/1253/2791
f 4143/1253/2791 4142/1253/2786 4151/1253/2792
f 4157/1253/2793 4150/1253/2794 4149/1253/2795
f 4164/1253/2796 4159/1253/2797 4158/1253/2798
f 4163/1253/2799 4160/1253/2800 4157/1253/2793
f 4155/1253/2801 4154/1253/2802 4161/1253/2769
f 4167/1253/2803 4164/1253/2796 4160/1253/2800
f 4170/1253/2804 4168/1253/2805 4164/1253/2796
f 4169/1253/2768 4167/1253/2803 4163/1253/2799
f 4174/1253/2806 4109/1253/2807 4168/1253/2805
f 4173/1253/2808 4170/1253/2804 4167/1253/2803
f 4161/1253/2769 4175/1253/2809 4172/1253/2767
f 4172/1253/2767 4173/1253/2808 4169/1253/2768
f 4110/1253/2810 4109/1253/2807 4174/1253/2806
f 4171/1253/2811 4176/1253/2812 4177/1253/2813
f 4175/1253/2809 4177/1253/2813 4178/1253/2814
f 4104/1253/2815 4110/1253/2810 4118/1253/2771
f 4257/1253/2870 4261/1253/2871 4264/1253/2872
f 4315/1253/2873 4308/1253/2874 4316/1253/2875
f 4254/1253/2876 4260/1253/2877 4259/1253/2878
f 4255/1253/2879 4247/1253/2880 4248/1253/2881
f 4256/1253/2882 4248/1253/2881 4249/1253/2883
f 4257/1253/2870 4258/1253/2884 4261/1253/2871
f 4260/1253/2877 4241/1253/2885 4266/1253/2886
f 4258/1253/2884 4259/1253/2878 4265/1253/2887
f 4264/1253/2872 4256/1253/2882 4257/1253/2870
f 4259/1253/2878 4266/1253/2886 4269/1253/2888
f 4261/1253/2871 4265/1253/2887 4268/1253/2889
f 4265/1253/2887 4269/1253/2888 4273/1253/2890
f 4269/1253/2888 4274/1253/2891 4278/1253/2892
f 4268/1253/2889 4273/1253/2890 4277/1253/2893
f 4275/1253/2894 4272/1253/2895 4264/1253/2872
f 4274/1253/2891 4242/1253/2896 4279/1253/2897
f 4278/1253/2892 4279/1253/2897 4287/1253/2898
f 4287/1253/2898 4279/1253/2897 4294/1253/2899
f 4293/1253/2900 4286/1253/2901 4287/1253/2898
f 4280/1253/2902 4232/1253/2903 4231/1253/2904
f 4293/1253/2900 4287/1253/2898 4296/1253/2905
f 4288/1253/2906 4295/1253/2907 4280/1253/2902
f 4295/1253/2907 4234/1253/2908 4233/1253/2909
f 4302/1253/2910 4296/1253/2905 4303/1253/2911
f 4299/1253/2912 4293/1253/2900 4302/1253/2910
f 4288/1253/2906 4300/1253/2913 4295/1253/2907
f 4297/1253/2914 4301/1253/2915 4289/1253/2916
f 4300/1253/2913 4236/1253/2917 4235/1253/2918
f 4305/1253/2919 4302/1253/2910 4309/1253/2920
f 4297/1253/2914 4307/1253/2921 4301/1253/2915
f 4306/1253/2922 4238/1253/2923 4237/1253/2924
f 4317/1253/2925 4309/1253/2920 4318/1253/2926
f 4307/1253/2921 4313/1253/2927 4306/1253/2922
f 4397/1253/2970 4393/1253/2971 4400/1253/2972
f 4444/1253/2973 4441/1253/2974 4433/1253/2975
f 4396/1253/2976 4390/1253/2977 4395/1253/2978
f 4383/1253/2979 4391/1253/2980 4384/1253/2981
f 4384/1253/2981 4392/1253/2982 4385/1253/2983
f 4394/1253/2984 4393/1253/2971 4397/1253/2970
f 4377/1253/2985 4396/1253/2976 4402/1253/2986
f 4395/1253/2978 4394/1253/2984 4401/1253/2987
f 4392/1253/2982 4400/1253/2972 4393/1253/2971
f 4402/1253/2986 4395/1253/2978 4405/1253/2988
f 4401/1253/2987 4397/1253/2970 4404/1253/2989
f 4405/1253/2988 4401/1253/2987 4409/1253/2990
f 4410/1253/2991 4405/1253/2988 4414/1253/2992
f 4409/1253/2990 4404/1253/2989 4413/1253/2993
f 4408/1253/2994 4411/1253/2995 4400/1253/2972
f 4415/1253/2996 4413/1253/2993 4421/1253/2997
f 4431/1253/2998 4423/1253/2999 4422/1253/3000
f 4432/1253/3001 4380/1253/3002 4423/1253/2999
f 4436/1253/3003 4432/1253/3001 4431/1253/2998
f 4435/1253/3004 4430/1253/3005 4429/1253/3006
f 4427/1253/3007 4426/1253/3008 4433/1253/2975
f 4439/1253/3009 4436/1253/3003 4430/1253/3005
f 4442/1253/3010 4440/1253/3011 4436/1253/3003
f 4441/1253/2974 4439/1253/3009 4435/1253/3004
f 4446/1253/3012 4381/1253/3013 4440/1253/3011
f 4445/1253/3014 4442/1253/3010 4439/1253/3009
f 4433/1253/2975 4447/1253/3015 4444/1253/2973
f 4444/1253/2973 4445/1253/3014 4441/1253/2974
f 4382/1253/3016 4381/1253/3013 4446/1253/3012
f 4443/1253/3017 4448/1253/3018 4449/1253/3019
f 4447/1253/3015 4449/1253/3019 4450/1253/3020
f 4376/1253/3021 4382/1253/3016 4390/1253/2977
f 4529/1253/3066 4533/1253/3067 4536/1253/3068
f 4587/1253/3069 4580/1253/3070 4588/1253/3071
f 4526/1253/3072 4532/1253/3073 4531/1253/3074
f 4527/1253/3075 4519/1253/3076 4520/1253/3077
f 4528/1253/3078 4520/1253/3077 4521/1253/3079
f 4529/1253/3066 4530/1253/3080 4533/1253/3067
f 4532/1253/3073 4513/1253/3081 4538/1253/3082
f 4530/1253/3080 4531/1253/3074 4537/1253/3083
f 4536/1253/3068 4528/1253/3078 4529/1253/3066
f 4531/1253/3074 4538/1253/3082 4541/1253/3084
f 4533/1253/3067 4537/1253/3083 4540/1253/3085
f 4537/1253/3083 4541/1253/3084 4545/1253/3086
f 4541/1253/3084 4546/1253/3087 4550/1253/3088
f 4540/1253/3085 4545/1253/3086 4549/1253/3089
f 4547/1253/3090 4544/1253/3091 4536/1253/3068
f 4546/1253/3087 4514/1253/3092 4551/1253/3093
f 4550/1253/3088 4551/1253/3093 4559/1253/3094
f 4559/1253/3094 4551/1253/3093 4566/1253/3095
f 4565/1253/3096 4558/1253/3097 4559/1253/3094
f 4552/1253/3098 4504/1253/3099 4503/1253/3100
f 4565/1253/3096 4559/1253/3094 4568/1253/3101
f 4560/1253/3102 4567/1253/3103 4552/1253/3098
f 4567/1253/3103 4506/1253/3104 4505/1253/3105
f 4574/1253/3106 4568/1253/3101 4575/1253/3107
f 4571/1253/3108 4565/1253/3096 4574/1253/3106
f 4560/1253/3102 4572/1253/3109 4567/1253/3103
f 4569/1253/3110 4573/1253/3111 4561/1253/3112
f 4572/1253/3109 4508/1253/3113 4507/1253/3114
f 4577/1253/3115 4574/1253/3106 4581/1253/3116
f 4569/1253/3110 4579/1253/3117 4573/1253/3111
f 4578/1253/3118 4510/1253/3119 4509/1253/3120
f 4589/1253/3121 4581/1253/3116 4590/1253/3122
f 4579/1253/3117 4585/1253/3123 4578/1253/3118
f 4518/1253/3124 4512/1253/3125 4526/1253/3072
f 3342/1253/2270 3198/1253/4032 3339/1253/4033
f 3241/1253/4034 3341/1253/4035 3221/1253/4036
f 3237/1253/4037 3230/1253/2086 3231/1253/4038
f 3236/1253/4039 3231/1253/4038 3232/1253/2304
f 3236/1253/4039 3233/1253/4040 3235/1253/4041
f 3208/1253/2369 3233/1253/4040 3234/1253/2370
f 3290/1253/2110 3287/1253/2368 3208/1253/2369
f 3226/1253/4042 3229/1253/2085 3238/1253/2084
f 3256/1253/2102 3245/1253/4043 3257/1253/4044
f 3263/1253/4045 3251/1253/2332 3262/1253/2103
f 3245/1253/4043 3263/1253/4045 3257/1253/4044
f 3258/1253/4046 3243/1253/2106 3259/1253/2105
f 3264/1253/4047 3248/1253/2104 3249/1253/4048
f 3260/1253/4049 3252/1253/2331 3253/1253/4050
f 3244/1253/4051 3258/1253/4046 3264/1253/4047
f 3254/1253/4052 3246/1253/2330 3255/1253/4053
f 3253/1253/4050 3247/1253/4054 3260/1253/4049
f 3183/1253/2295 3289/1253/2109 3182/1253/2108
f 3252/1253/2331 3261/1253/4055 3255/1253/4053
f 3245/1253/4043 3250/1253/4056 3263/1253/4045
f 3262/1253/2103 3251/1253/2332 3267/1253/2101
f 3248/1253/2104 3265/1253/4057 3259/1253/2105
f 3264/1253/4047 3249/1253/4048 3244/1253/4051
f 3247/1253/4054 3254/1253/4052 3260/1253/4049
f 3255/1253/4053 3246/1253/2330 3252/1253/2331
f 3226/1253/4042 3239/1253/2095 3323/1253/2099
f 3322/1253/4058 3298/1253/4059 3299/1253/2116
f 3221/1253/4036 3306/1253/2091 3241/1253/4034
f 3304/1253/2087 3312/1253/2121 3298/1253/4059
f 3302/1253/2127 3228/1253/2098 3313/1253/4060
f 3323/1253/2099 3280/1253/2343 3226/1253/4042
f 3239/1253/2095 3240/1253/2118 3303/1253/2120
f 3298/1253/4059 3327/1253/2125 3299/1253/2116
f 3301/1253/2119 3306/1253/2091 3223/1253/2090
f 3332/1253/2124 3328/1253/2123 3329/1253/2114
f 3305/1253/2117 3302/1253/2127 3300/1253/2094
f 3320/1253/4061 3340/1253/4062 3321/1253/2272
f 3228/1253/2098 3224/1253/2100 3313/1253/4060
f 3239/1253/2095 3225/1253/2097 3323/1253/2099
f 3330/1253/4063 3331/1253/2111 3325/1253/2113
f 3220/1253/2088 3320/1253/4061 3339/1253/4033
f 3337/1253/4064 3326/1253/2112 3336/1253/2115
f 3299/1253/2116 3221/1253/4036 3322/1253/4058
f 3329/1253/2114 3335/1253/4065 3324/1253/2126
f 3312/1253/2121 3331/1253/2111 3330/1253/4063
f 3325/1253/2113 3337/1253/4064 3338/1253/4066
f 3334/1253/4067 3335/1253/4065 3328/1253/2123
f 3222/1253/2093 3326/1253/2112 3331/1253/2111
f 3329/1253/2114 3313/1253/4060 3332/1253/2124
f 3300/1253/2094 3329/1253/2114 3326/1253/2112
f 3313/1253/4060 3333/1253/2122 3332/1253/2124
f 3224/1253/2100 3328/1253/2123 3333/1253/2122
f 3323/1253/2099 3334/1253/4067 3328/1253/2123
f 3225/1253/2097 3335/1253/4065 3334/1253/4067
f 3335/1253/4065 3303/1253/2120 3324/1253/2126
f 3301/1253/2119 3337/1253/4064 3336/1253/2115
f 3303/1253/2120 3336/1253/2115 3324/1253/2126
f 3223/1253/2090 3338/1253/4066 3337/1253/4064
f 3338/1253/4066 3327/1253/2125 3325/1253/2113
f 3327/1253/2125 3330/1253/4063 3325/1253/2113
f 3342/1253/2270 3320/1253/4061 3321/1253/2272
f 3340/1253/4062 3242/1253/4068 3927/1253/2699
f 3221/1253/4036 3320/1253/4061 3322/1253/4058
f 3227/1253/2089 3339/1253/4033 3198/1253/4032
f 3470/1253/2452 3577/1253/2269 3574/1253/4069
f 3576/1253/4070 3486/1253/4071 3464/1253/4072
f 3474/1253/4073 3481/1253/4074 3475/1253/4075
f 3474/1253/4073 3473/1253/2494 3482/1253/4076
f 3475/1253/4075 3480/1253/4077 3476/1253/4078
f 3480/1253/4077 3477/1253/4079 3476/1253/4078
f 3477/1253/4079 3450/1253/2501 3449/1253/2508
f 3526/1253/2500 3528/1253/2503 3450/1253/2501
f 3450/1253/2501 3528/1253/2503 3449/1253/2508
f 3545/1253/2151 3463/1253/4080 3539/1253/4081
f 3472/1253/2144 3482/1253/4076 3473/1253/2494
f 3466/1253/4082 3556/1253/2162 3485/1253/4083
f 3465/1253/4084 3541/1253/2149 3545/1253/2151
f 3489/1253/4085 3498/1253/2497 3499/1253/2466
f 3469/1253/2143 3483/1253/2142 3482/1253/4076
f 3504/1253/2495 3510/1253/4086 3505/1253/2468
f 3490/1253/4087 3504/1253/2495 3498/1253/2497
f 3409/1253/2133 3500/1253/2467 3501/1253/2137
f 3509/1253/4088 3507/1253/2131 3506/1253/2465
f 3495/1253/2134 3503/1253/2140 3502/1253/2138
f 3497/1253/2498 3491/1253/2136 3496/1253/2135
f 3488/1253/4089 3506/1253/2465 3500/1253/2467
f 3497/1253/2498 3503/1253/2140 3511/1253/2139
f 3499/1253/2466 3505/1253/2468 3510/1253/4086
f 3499/1253/2466 3510/1253/4086 3489/1253/4085
f 3526/1253/2500 3426/1253/2426 3478/1253/2504
f 3539/1253/4081 3558/1253/4090 3540/1253/2161
f 3527/1253/2505 3478/1253/2504 3426/1253/2426
f 3464/1253/4072 3485/1253/4083 3540/1253/2161
f 3565/1253/2157 3559/1253/2156 3561/1253/2146
f 3539/1253/4081 3554/1253/4091 3545/1253/2151
f 3539/1253/4081 3562/1253/2163 3554/1253/4091
f 3543/1253/2152 3555/1253/4092 3550/1253/2145
f 3542/1253/2166 3484/1253/2154 3544/1253/2153
f 3560/1253/2148 3563/1253/2158 3566/1253/2160
f 3485/1253/4083 3556/1253/2162 3540/1253/2161
f 3463/1253/4080 4046/1253/2271 3558/1253/4090
f 3547/1253/2129 3557/1253/2128 3544/1253/2153
f 3467/1253/4093 3469/1253/2143 3550/1253/2145
f 3545/1253/2151 3554/1253/4091 3465/1253/4084
f 3541/1253/2149 3543/1253/2152 3546/1253/2150
f 3485/1253/4083 3542/1253/2166 3466/1253/4082
f 3555/1253/4092 3467/1253/4093 3550/1253/2145
f 3469/1253/2143 3468/1253/2130 3547/1253/2129
f 3560/1253/2148 3571/1253/2147 3570/1253/4094
f 4046/1253/2271 3575/1253/4095 3576/1253/4070
f 3572/1253/2165 3561/1253/2146 3559/1253/2156
f 3558/1253/4090 3464/1253/4072 3540/1253/2161
f 3569/1253/4096 3560/1253/2148 3570/1253/4094
f 3554/1253/4091 3565/1253/2157 3465/1253/4084
f 3563/1253/2158 3569/1253/4096 3568/1253/4097
f 3465/1253/4084 3561/1253/2146 3541/1253/2149
f 3555/1253/4092 3560/1253/2148 3566/1253/2160
f 3561/1253/2146 3560/1253/2148 3541/1253/2149
f 3555/1253/4092 3567/1253/2159 3467/1253/4093
f 3469/1253/2143 3567/1253/2159 3563/1253/2158
f 3469/1253/2143 3568/1253/4097 3468/1253/2130
f 3468/1253/2130 3569/1253/4096 3557/1253/2128
f 3544/1253/2153 3569/1253/4096 3570/1253/4094
f 3542/1253/2166 3572/1253/2165 3466/1253/4082
f 3570/1253/4094 3571/1253/2147 3544/1253/2153
f 3466/1253/4082 3573/1253/2164 3556/1253/2162
f 3562/1253/2163 3573/1253/2164 3559/1253/2156
f 3562/1253/2163 3564/1253/2155 3554/1253/4091
f 3487/1253/4098 3575/1253/4095 3462/1253/2576
f 3574/1253/4069 3577/1253/2269 4046/1253/2271
f 4046/1253/2271 3464/1253/4072 3558/1253/4090
f 3471/1253/2511 3574/1253/4069 3463/1253/4080
f 3700/1253/2577 3806/1253/4099 3803/1253/4100
f 3805/1253/4101 3718/1253/4102 3695/1253/4103
f 3705/1253/4104 3713/1253/4105 3706/1253/4106
f 3705/1253/4104 3704/1253/4107 3714/1253/4108
f 3706/1253/4106 3712/1253/4109 3707/1253/4110
f 3712/1253/4109 3708/1253/4111 3707/1253/4110
f 3708/1253/4111 3682/1253/2633 3681/1253/2616
f 3710/1253/2632 3762/1253/2635 3682/1253/2633
f 3682/1253/2633 3762/1253/2635 3681/1253/2616
f 3776/1253/2580 3694/1253/4112 3770/1253/4113
f 3722/1253/4114 3730/1253/2630 3731/1253/2629
f 3697/1253/4115 3782/1253/2201 3777/1253/2189
f 3696/1253/4116 3772/1253/2206 3776/1253/2580
f 3704/1253/4107 3759/1253/2190 3714/1253/4108
f 3759/1253/2190 3715/1253/4117 3714/1253/4108
f 3725/1253/4118 3737/1253/2626 3736/1253/2625
f 3731/1253/2629 3737/1253/2626 3742/1253/4119
f 3733/1253/2179 3721/1253/2182 3732/1253/2181
f 3736/1253/2625 3730/1253/2630 3744/1253/4120
f 3741/1253/2180 3739/1253/2173 3738/1253/2627
f 3727/1253/2178 3735/1253/2184 3734/1253/2183
f 3738/1253/2627 3732/1253/2181 3741/1253/2180
f 3723/1253/2177 3729/1253/2631 3743/1253/2186
f 3787/1253/2170 3715/1253/4117 3759/1253/2190
f 3729/1253/2631 3735/1253/2184 3743/1253/2186
f 3731/1253/2629 3742/1253/4119 3722/1253/4114
f 3736/1253/2625 3744/1253/4120 3725/1253/4118
f 3710/1253/2632 3656/1253/4121 3709/1253/2636
f 3770/1253/4113 3786/1253/4122 3771/1253/2200
f 3761/1253/2555 3709/1253/2636 3656/1253/4121
f 3695/1253/4103 3777/1253/2189 3771/1253/2200
f 3794/1253/2196 3788/1253/2195 3790/1253/2191
f 3770/1253/4113 3780/1253/4123 3776/1253/2580
f 3703/1253/2171 3774/1253/2205 3781/1253/4124
f 3770/1253/4113 3791/1253/2202 3780/1253/4123
f 3716/1253/2168 3787/1253/2170 3699/1253/2169
f 3775/1253/2207 3716/1253/2168 3783/1253/2167
f 3789/1253/2193 3792/1253/2197 3795/1253/2199
f 3777/1253/2189 3782/1253/2201 3771/1253/2200
f 3717/1253/2187 3775/1253/2207 3773/1253/2188
f 3702/1253/2581 3772/1253/2206 3774/1253/2205
f 3776/1253/2580 3780/1253/4123 3696/1253/4116
f 3785/1253/4125 3804/1253/2268 3805/1253/4101
f 3777/1253/2189 3773/1253/2188 3697/1253/4115
f 3781/1253/4124 3698/1253/2172 3703/1253/2171
f 3789/1253/2193 3800/1253/2192 3799/1253/4126
f 3694/1253/4112 3785/1253/4125 3786/1253/4122
f 3801/1253/2204 3790/1253/2191 3788/1253/2195
f 3786/1253/4122 3695/1253/4103 3771/1253/2200
f 3798/1253/4127 3789/1253/2193 3799/1253/4126
f 3780/1253/4123 3794/1253/2196 3696/1253/4116
f 3792/1253/2197 3798/1253/4127 3797/1253/4128
f 3696/1253/4116 3790/1253/2191 3772/1253/2206
f 3781/1253/4124 3789/1253/2193 3795/1253/2199
f 3790/1253/2191 3789/1253/2193 3772/1253/2206
f 3781/1253/4124 3796/1253/2198 3698/1253/2172
f 3787/1253/2170 3796/1253/2198 3792/1253/2197
f 3787/1253/2170 3797/1253/4128 3699/1253/2169
f 3699/1253/2169 3798/1253/4127 3783/1253/2167
f 3775/1253/2207 3798/1253/4127 3799/1253/4126
f 3773/1253/2188 3801/1253/2204 3697/1253/4115
f 3799/1253/4126 3800/1253/2192 3775/1253/2207
f 3697/1253/4115 3802/1253/2203 3782/1253/2201
f 3782/1253/2201 3788/1253/2195 3791/1253/2202
f 3791/1253/2202 3793/1253/2194 3780/1253/4123
f 3785/1253/4125 3806/1253/4099 3321/1253/2272
f 3719/1253/4129 3804/1253/2268 3920/1253/4130
f 3785/1253/4125 3695/1253/4103 3786/1253/4122
f 3701/1253/2578 3803/1253/4100 3694/1253/4112
f 4045/1253/2266 3898/1253/2698 4042/1253/2264
f 3942/1253/4131 4044/1253/4132 3922/1253/4133
f 3939/1253/4134 3930/1253/2210 3931/1253/4135
f 3939/1253/4134 3932/1253/2704 3938/1253/4136
f 3938/1253/4136 3933/1253/4137 3937/1253/4138
f 3908/1253/2746 3933/1253/4137 3934/1253/2749
f 3992/1253/2748 3936/1253/2747 3908/1253/2746
f 3958/1253/2236 3946/1253/2222 3959/1253/2224
f 3986/1253/2243 3929/1253/2209 3940/1253/2208
f 3952/1253/2234 3964/1253/4139 3965/1253/2223
f 3960/1253/4140 3944/1253/2227 3961/1253/2226
f 3953/1253/2237 3958/1253/2236 3964/1253/4139
f 3950/1253/2225 3966/1253/2239 3967/1253/2238
f 3962/1253/2229 3954/1253/2231 3955/1253/2230
f 3945/1253/2241 3960/1253/4140 3966/1253/2239
f 3956/1253/2242 3948/1253/4141 3957/1253/2233
f 3884/1253/2714 3935/1253/4142 3883/1253/2715
f 3957/1253/2233 3948/1253/4141 3954/1253/2231
f 3926/1253/2260 4022/1253/2219 4014/1253/2261
f 3882/1253/2682 3935/1253/4142 3992/1253/2748
f 4026/1253/4143 4004/1253/4144 4005/1253/2246
f 4039/1253/2256 4033/1253/4145 4029/1253/4146
f 3922/1253/4133 3941/1253/2215 3942/1253/4131
f 4011/1253/2211 4019/1253/2250 4004/1253/4144
f 4008/1253/2263 4015/1253/2245 4020/1253/4147
f 4004/1253/4144 4030/1253/2259 4005/1253/2246
f 4022/1253/2219 4013/1253/2247 4009/1253/2249
f 4014/1253/2261 3986/1253/2243 3940/1253/2208
f 4028/1253/2255 4035/1253/2253 4031/1253/2252
f 4006/1253/2218 4012/1253/2763 4008/1253/2263
f 4029/1253/4146 4034/1253/2254 4039/1253/2256
f 4007/1253/2248 3941/1253/2215 3924/1253/2214
f 3921/1253/2212 4047/1253/2265 4042/1253/2264
f 4015/1253/2245 4010/1253/2244 4020/1253/4147
f 4032/1253/4148 4033/1253/4145 4027/1253/2258
f 4044/1253/4132 4043/1253/2267 4047/1253/2265
f 4019/1253/2250 4033/1253/4145 4032/1253/4148
f 4005/1253/2246 3922/1253/4133 4026/1253/4143
f 4014/1253/2261 4022/1253/2219 3925/1253/2221
f 4027/1253/2258 4040/1253/2257 4041/1253/4149
f 4037/1253/4150 4038/1253/2262 4031/1253/2252
f 3923/1253/2217 4029/1253/4146 4033/1253/4145
f 4034/1253/2254 4020/1253/4147 4035/1253/2253
f 4006/1253/2218 4034/1253/2254 4029/1253/4146
f 4020/1253/4147 4036/1253/2251 4035/1253/2253
f 4010/1253/2244 4031/1253/2252 4036/1253/2251
f 4014/1253/2261 4037/1253/4150 4031/1253/2252
f 3925/1253/2221 4038/1253/2262 4037/1253/4150
f 4028/1253/2255 4024/1253/2220 4009/1253/2249
f 4007/1253/2248 4040/1253/2257 4039/1253/2256
f 4009/1253/2249 4039/1253/2256 4028/1253/2255
f 3924/1253/2214 4041/1253/4149 4040/1253/2257
f 4041/1253/4149 4030/1253/2259 4027/1253/2258
f 4032/1253/4148 4030/1253/2259 4019/1253/2250
f 4043/1253/2267 3943/1253/4151 3920/1253/4130
f 3922/1253/4133 4047/1253/2265 4026/1253/4143
f 3928/1253/2213 4042/1253/2264 3898/1253/2698
f 3340/1253/4062 4045/1253/2266 3321/1253/2272
f 4048/1253/2272 4046/1253/2271 3321/1253/2272
f 4043/1253/2267 3920/1253/4130 3804/1253/2268
f 4045/1253/2266 4047/1253/2265 3321/1253/2272
f 3575/1253/4095 3806/1253/4099 3462/1253/2576
f 4046/1253/2271 3342/1253/2270 3321/1253/2272
f 3577/1253/2269 3197/1253/2451 3342/1253/2270
f 3321/1253/2272 3806/1253/4099 4048/1253/2272
f 4108/1253/4286 4110/1253/2810 4105/1253/2779
f 4131/1253/4287 4125/1253/2764 4128/1253/2766
f 4121/1253/2765 4115/1253/4288 4114/1253/4289
f 4131/1253/4287 4141/1253/2787 4132/1253/2783
f 4140/1253/4290 4149/1253/2795 4141/1253/2787
f 4149/1253/2795 4156/1253/4291 4157/1253/2793
f 4157/1253/2793 4162/1253/4292 4163/1253/2799
f 4162/1253/4292 4169/1253/2768 4163/1253/2799
f 4114/1253/4289 4180/1253/4293 4179/1253/4294
f 4179/1253/4294 4180/1253/4293 4172/1253/2767
f 4124/1253/2770 4104/1253/2815 4118/1253/2771
f 4117/1253/4295 4123/1253/2772 4118/1253/2771
f 4115/1253/4288 4122/1253/2778 4116/1253/4296
f 4122/1253/2778 4117/1253/4295 4116/1253/4296
f 4111/1253/2773 4087/1253/4297 4119/1253/2774
f 4121/1253/2765 4113/1253/2777 4120/1253/2776
f 4112/1253/2775 4119/1253/2774 4120/1253/2776
f 4126/1253/4298 4088/1253/4299 4089/1253/4300
f 4087/1253/4297 4088/1253/4299 4119/1253/2774
f 4130/1253/2780 4124/1253/2770 4123/1253/2772
f 4129/1253/2781 4122/1253/2778 4125/1253/2764
f 4120/1253/2776 4127/1253/4301 4128/1253/2766
f 4119/1253/2774 4126/1253/4298 4127/1253/4301
f 4130/1253/2780 4106/1253/2790 4105/1253/2779
f 4133/1253/2782 4123/1253/2772 4129/1253/2781
f 4089/1253/4300 4090/1253/4302 4126/1253/4298
f 4134/1253/4303 4090/1253/4302 4091/1253/4304
f 4138/1253/2785 4130/1253/2780 4133/1253/2782
f 4137/1253/2784 4129/1253/2781 4132/1253/2783
f 4127/1253/4301 4135/1253/4305 4136/1253/2788
f 4126/1253/4298 4134/1253/4303 4135/1253/4305
f 4140/1253/4290 4128/1253/2766 4139/1253/2789
f 4127/1253/4301 4136/1253/2788 4128/1253/2766
f 4142/1253/2786 4133/1253/2782 4137/1253/2784
f 4091/1253/4304 4092/1253/4306 4134/1253/4303
f 4137/1253/2784 4151/1253/2792 4142/1253/2786
f 4143/1253/2791 4138/1253/2785 4142/1253/2786
f 4092/1253/4306 4093/1253/4307 4134/1253/4303
f 4107/1253/4308 4106/1253/2790 4143/1253/2791
f 4141/1253/2787 4150/1253/2794 4137/1253/2784
f 4144/1253/4309 4093/1253/4307 4094/1253/4310
f 4145/1253/4311 4134/1253/4303 4144/1253/4309
f 4146/1253/4312 4135/1253/4305 4145/1253/4311
f 4147/1253/4313 4136/1253/2788 4146/1253/4312
f 4148/1253/4314 4139/1253/2789 4147/1253/4313
f 4107/1253/4308 4159/1253/2797 4108/1253/4286
f 4094/1253/4310 4095/1253/4315 4144/1253/4309
f 4151/1253/2792 4159/1253/2797 4143/1253/2791
f 4096/1253/4316 4144/1253/4309 4095/1253/4315
f 4150/1253/2794 4158/1253/2798 4151/1253/2792
f 4152/1253/4317 4145/1253/4311 4144/1253/4309
f 4153/1253/4318 4146/1253/4312 4145/1253/4311
f 4154/1253/2802 4147/1253/4313 4146/1253/4312
f 4155/1253/2801 4148/1253/4314 4147/1253/4313
f 4161/1253/2769 4156/1253/4291 4155/1253/2801
f 4160/1253/2800 4158/1253/2798 4150/1253/2794
f 4157/1253/2793 4160/1253/2800 4150/1253/2794
f 4152/1253/4317 4096/1253/4316 4097/1253/4319
f 4160/1253/2800 4164/1253/2796 4158/1253/2798
f 4152/1253/4317 4097/1253/4319 4098/1253/4320
f 4108/1253/4286 4168/1253/2805 4109/1253/2807
f 4099/1253/4321 4152/1253/4317 4098/1253/4320
f 4164/1253/2796 4168/1253/2805 4159/1253/2797
f 4163/1253/2799 4167/1253/2803 4160/1253/2800
f 4166/1253/4322 4153/1253/4318 4165/1253/4323
f 4153/1253/4318 4152/1253/4317 4165/1253/4323
f 4101/1253/4324 4165/1253/4323 4100/1253/4325
f 4161/1253/2769 4154/1253/2802 4166/1253/4322
f 4167/1253/2803 4170/1253/2804 4164/1253/2796
f 4165/1253/4323 4099/1253/4321 4100/1253/4325
f 4170/1253/2804 4174/1253/2806 4168/1253/2805
f 4169/1253/2768 4173/1253/2808 4167/1253/2803
f 4175/1253/2809 4166/1253/4322 4171/1253/2811
f 4166/1253/4322 4165/1253/4323 4171/1253/2811
f 4174/1253/2806 4183/1253/4326 4110/1253/2810
f 4171/1253/2811 4101/1253/4324 4102/1253/4327
f 4170/1253/2804 4182/1253/4328 4183/1253/4326
f 4173/1253/2808 4180/1253/4293 4181/1253/4329
f 4181/1253/4329 4182/1253/4328 4173/1253/2808
f 4176/1253/2812 4102/1253/4327 4103/1253/4330
f 4178/1253/2814 4172/1253/2767 4175/1253/2809
f 4175/1253/2809 4171/1253/2811 4177/1253/2813
f 4117/1253/4295 4183/1253/4326 4182/1253/4328
f 4118/1253/2771 4110/1253/2810 4183/1253/4326
f 4182/1253/4328 4116/1253/4296 4117/1253/4295
f 4115/1253/4288 4181/1253/4329 4180/1253/4293
f 4111/1253/2773 4103/1253/4330 4086/1253/4331
f 4112/1253/2775 4176/1253/2812 4111/1253/2773
f 4113/1253/2777 4177/1253/2813 4112/1253/2775
f 4179/1253/4294 4113/1253/2777 4114/1253/4289
f 4240/1253/4383 4245/1253/4384 4243/1253/4385
f 4267/1253/4386 4261/1253/2871 4268/1253/2889
f 4250/1253/4387 4251/1253/4388 4257/1253/2870
f 4277/1253/2893 4267/1253/4386 4268/1253/2889
f 4285/1253/4389 4276/1253/4390 4277/1253/2893
f 4285/1253/4389 4291/1253/4391 4284/1253/4392
f 4292/1253/4393 4298/1253/4394 4291/1253/4391
f 4305/1253/2919 4298/1253/4394 4299/1253/2912
f 4250/1253/4387 4316/1253/2875 4251/1253/4388
f 4308/1253/2874 4297/1253/2914 4305/1253/2919
f 4260/1253/2877 4240/1253/4383 4241/1253/2885
f 4259/1253/2878 4253/1253/4395 4254/1253/2876
f 4258/1253/2884 4251/1253/4388 4252/1253/4396
f 4252/1253/4396 4253/1253/4395 4258/1253/2884
f 4247/1253/2880 4223/1253/4397 4222/1253/4398
f 4249/1253/2883 4257/1253/2870 4256/1253/2882
f 4256/1253/2882 4255/1253/2879 4248/1253/2881
f 4224/1253/4399 4262/1253/4400 4225/1253/4401
f 4255/1253/2879 4224/1253/4399 4223/1253/4397
f 4259/1253/2878 4260/1253/2877 4266/1253/2886
f 4261/1253/2871 4258/1253/2884 4265/1253/2887
f 4256/1253/2882 4263/1253/4402 4255/1253/2879
f 4263/1253/4402 4262/1253/4400 4255/1253/2879
f 4242/1253/2896 4266/1253/2886 4241/1253/2885
f 4265/1253/2887 4259/1253/2878 4269/1253/2888
f 4262/1253/4400 4226/1253/4403 4225/1253/4401
f 4226/1253/4403 4270/1253/4404 4227/1253/4405
f 4269/1253/2888 4266/1253/2886 4274/1253/2891
f 4268/1253/2889 4265/1253/2887 4273/1253/2890
f 4263/1253/4402 4271/1253/4406 4262/1253/4400
f 4271/1253/4406 4270/1253/4404 4262/1253/4400
f 4264/1253/2872 4276/1253/4390 4275/1253/2894
f 4264/1253/2872 4272/1253/2895 4263/1253/4402
f 4273/1253/2890 4269/1253/2888 4278/1253/2892
f 4270/1253/4404 4228/1253/4407 4227/1253/4405
f 4287/1253/2898 4273/1253/2890 4278/1253/2892
f 4278/1253/2892 4274/1253/2891 4279/1253/2897
f 4270/1253/4404 4229/1253/4408 4228/1253/4407
f 4279/1253/2897 4242/1253/2896 4243/1253/4385
f 4286/1253/2901 4277/1253/2893 4273/1253/2890
f 4229/1253/4408 4280/1253/2902 4230/1253/4409
f 4270/1253/4404 4281/1253/4410 4280/1253/2902
f 4271/1253/4406 4282/1253/4411 4281/1253/4410
f 4272/1253/2895 4283/1253/4412 4282/1253/4411
f 4275/1253/2894 4284/1253/4392 4283/1253/4412
f 4243/1253/4385 4294/1253/2899 4279/1253/2897
f 4280/1253/2902 4231/1253/2904 4230/1253/4409
f 4286/1253/2901 4292/1253/4393 4285/1253/4389
f 4288/1253/2906 4282/1253/4411 4289/1253/2916
f 4281/1253/4410 4288/1253/2906 4280/1253/2902
f 4289/1253/2916 4283/1253/4412 4290/1253/4413
f 4290/1253/4413 4284/1253/4392 4291/1253/4391
f 4233/1253/2909 4280/1253/2902 4295/1253/2907
f 4296/1253/2905 4287/1253/2898 4294/1253/2899
f 4297/1253/2914 4291/1253/4391 4298/1253/4394
f 4299/1253/2912 4292/1253/4393 4293/1253/2900
f 4290/1253/4413 4297/1253/2914 4289/1253/2916
f 4244/1253/4414 4304/1253/4415 4294/1253/2899
f 4294/1253/2899 4303/1253/2911 4296/1253/2905
f 4235/1253/2918 4295/1253/2907 4300/1253/2913
f 4302/1253/2910 4293/1253/2900 4296/1253/2905
f 4288/1253/2906 4301/1253/2915 4300/1253/2913
f 4304/1253/4415 4310/1253/4416 4303/1253/2911
f 4305/1253/2919 4299/1253/2912 4302/1253/2910
f 4311/1253/4417 4304/1253/4415 4245/1253/4384
f 4303/1253/2911 4309/1253/2920 4302/1253/2910
f 4237/1253/2924 4300/1253/2913 4306/1253/2922
f 4306/1253/2922 4301/1253/2915 4307/1253/2921
f 4246/1253/4418 4311/1253/4417 4245/1253/4384
f 4297/1253/2914 4308/1253/2874 4307/1253/2921
f 4308/1253/2874 4305/1253/2919 4309/1253/2920
f 4310/1253/4416 4318/1253/2926 4309/1253/2920
f 4319/1253/4419 4310/1253/4416 4311/1253/4417
f 4309/1253/2920 4316/1253/2875 4308/1253/2874
f 4238/1253/2923 4312/1253/4420 4239/1253/4421
f 4314/1253/4422 4308/1253/2874 4315/1253/2873
f 4306/1253/2922 4313/1253/2927 4312/1253/4420
f 4307/1253/2921 4314/1253/4422 4313/1253/2927
f 4246/1253/4418 4254/1253/2876 4319/1253/4419
f 4253/1253/4395 4319/1253/4419 4254/1253/2876
f 4318/1253/2926 4252/1253/4396 4317/1253/2925
f 4251/1253/4388 4317/1253/2925 4252/1253/4396
f 4312/1253/4420 4222/1253/4398 4239/1253/4421
f 4312/1253/4420 4248/1253/2881 4247/1253/2880
f 4313/1253/2927 4249/1253/2883 4248/1253/2881
f 4315/1253/2873 4249/1253/2883 4314/1253/4422
f 4380/1253/3002 4382/1253/3016 4377/1253/2985
f 4403/1253/4482 4397/1253/2970 4400/1253/2972
f 4393/1253/2971 4387/1253/4483 4386/1253/4484
f 4403/1253/4482 4413/1253/2993 4404/1253/2989
f 4412/1253/4485 4421/1253/2997 4413/1253/2993
f 4421/1253/2997 4428/1253/4486 4429/1253/3006
f 4429/1253/3006 4434/1253/4487 4435/1253/3004
f 4434/1253/4487 4441/1253/2974 4435/1253/3004
f 4386/1253/4484 4452/1253/4488 4451/1253/4489
f 4451/1253/4489 4452/1253/4488 4444/1253/2973
f 4396/1253/2976 4376/1253/3021 4390/1253/2977
f 4389/1253/4490 4395/1253/2978 4390/1253/2977
f 4387/1253/4483 4394/1253/2984 4388/1253/4491
f 4394/1253/2984 4389/1253/4490 4388/1253/4491
f 4383/1253/2979 4359/1253/4492 4391/1253/2980
f 4393/1253/2971 4385/1253/2983 4392/1253/2982
f 4384/1253/2981 4391/1253/2980 4392/1253/2982
f 4398/1253/4493 4360/1253/4494 4361/1253/4495
f 4359/1253/4492 4360/1253/4494 4391/1253/2980
f 4402/1253/2986 4396/1253/2976 4395/1253/2978
f 4401/1253/2987 4394/1253/2984 4397/1253/2970
f 4392/1253/2982 4399/1253/4496 4400/1253/2972
f 4391/1253/2980 4398/1253/4493 4399/1253/4496
f 4402/1253/2986 4378/1253/4497 4377/1253/2985
f 4405/1253/2988 4395/1253/2978 4401/1253/2987
f 4361/1253/4495 4362/1253/4498 4398/1253/4493
f 4406/1253/4499 4362/1253/4498 4363/1253/4500
f 4410/1253/2991 4402/1253/2986 4405/1253/2988
f 4409/1253/2990 4401/1253/2987 4404/1253/2989
f 4399/1253/4496 4407/1253/4501 4408/1253/2994
f 4398/1253/4493 4406/1253/4499 4407/1253/4501
f 4412/1253/4485 4400/1253/2972 4411/1253/2995
f 4399/1253/4496 4408/1253/2994 4400/1253/2972
f 4414/1253/2992 4405/1253/2988 4409/1253/2990
f 4363/1253/4500 4364/1253/4502 4406/1253/4499
f 4410/1253/2991 4379/1253/4503 4378/1253/4497
f 4415/1253/2996 4414/1253/2992 4409/1253/2990
f 4415/1253/2996 4409/1253/2990 4413/1253/2993
f 4364/1253/4502 4365/1253/4504 4406/1253/4499
f 4422/1253/3000 4410/1253/2991 4414/1253/2992
f 4416/1253/4505 4365/1253/4504 4366/1253/4506
f 4422/1253/3000 4414/1253/2992 4415/1253/2996
f 4417/1253/4507 4406/1253/4499 4416/1253/4505
f 4418/1253/4508 4407/1253/4501 4417/1253/4507
f 4419/1253/4509 4408/1253/2994 4418/1253/4508
f 4420/1253/4510 4411/1253/2995 4419/1253/4509
f 4422/1253/3000 4430/1253/3005 4431/1253/2998
f 4366/1253/4506 4367/1253/4511 4416/1253/4505
f 4423/1253/2999 4380/1253/3002 4379/1253/4503
f 4415/1253/2996 4429/1253/3006 4430/1253/3005
f 4368/1253/4512 4416/1253/4505 4367/1253/4511
f 4424/1253/4513 4417/1253/4507 4416/1253/4505
f 4425/1253/4514 4418/1253/4508 4417/1253/4507
f 4426/1253/3008 4419/1253/4509 4418/1253/4508
f 4427/1253/3007 4420/1253/4510 4419/1253/4509
f 4433/1253/2975 4428/1253/4486 4427/1253/3007
f 4431/1253/2998 4432/1253/3001 4423/1253/2999
f 4424/1253/4513 4368/1253/4512 4369/1253/4515
f 4430/1253/3005 4436/1253/3003 4431/1253/2998
f 4424/1253/4513 4369/1253/4515 4370/1253/4516
f 4380/1253/3002 4440/1253/3011 4381/1253/3013
f 4371/1253/4517 4424/1253/4513 4370/1253/4516
f 4436/1253/3003 4440/1253/3011 4432/1253/3001
f 4435/1253/3004 4439/1253/3009 4430/1253/3005
f 4438/1253/4518 4425/1253/4514 4437/1253/4519
f 4425/1253/4514 4424/1253/4513 4437/1253/4519
f 4373/1253/4520 4437/1253/4519 4372/1253/4521
f 4433/1253/2975 4426/1253/3008 4438/1253/4518
f 4439/1253/3009 4442/1253/3010 4436/1253/3003
f 4437/1253/4519 4371/1253/4517 4372/1253/4521
f 4442/1253/3010 4446/1253/3012 4440/1253/3011
f 4441/1253/2974 4445/1253/3014 4439/1253/3009
f 4447/1253/3015 4438/1253/4518 4443/1253/3017
f 4438/1253/4518 4437/1253/4519 4443/1253/3017
f 4446/1253/3012 4455/1253/4522 4382/1253/3016
f 4443/1253/3017 4373/1253/4520 4374/1253/4523
f 4442/1253/3010 4454/1253/4524 4455/1253/4522
f 4445/1253/3014 4452/1253/4488 4453/1253/4525
f 4453/1253/4525 4454/1253/4524 4445/1253/3014
f 4448/1253/3018 4374/1253/4523 4375/1253/4526
f 4450/1253/3020 4444/1253/2973 4447/1253/3015
f 4447/1253/3015 4443/1253/3017 4449/1253/3019
f 4389/1253/4490 4455/1253/4522 4454/1253/4524
f 4390/1253/2977 4382/1253/3016 4455/1253/4522
f 4388/1253/4491 4454/1253/4524 4453/1253/4525
f 4453/1253/4525 4387/1253/4483 4388/1253/4491
f 4448/1253/3018 4358/1253/4527 4383/1253/2979
f 4384/1253/2981 4448/1253/3018 4383/1253/2979
f 4385/1253/2983 4449/1253/3019 4384/1253/2981
f 4451/1253/4489 4385/1253/2983 4386/1253/4484
f 4512/1253/3125 4517/1253/4585 4515/1253/4586
f 4539/1253/4587 4533/1253/3067 4540/1253/3085
f 4522/1253/4588 4523/1253/4589 4529/1253/3066
f 4549/1253/3089 4539/1253/4587 4540/1253/3085
f 4557/1253/4590 4548/1253/4591 4549/1253/3089
f 4557/1253/4590 4563/1253/4592 4556/1253/4593
f 4564/1253/4594 4570/1253/4595 4563/1253/4592
f 4577/1253/3115 4570/1253/4595 4571/1253/3108
f 4588/1253/3071 4522/1253/4588 4587/1253/3069
f 4580/1253/3070 4569/1253/3110 4577/1253/3115
f 4532/1253/3073 4512/1253/3125 4513/1253/3081
f 4531/1253/3074 4525/1253/4596 4526/1253/3072
f 4530/1253/3080 4523/1253/4589 4524/1253/4597
f 4524/1253/4597 4525/1253/4596 4530/1253/3080
f 4519/1253/3076 4495/1253/4598 4494/1253/4599
f 4521/1253/3079 4529/1253/3066 4528/1253/3078
f 4528/1253/3078 4527/1253/3075 4520/1253/3077
f 4496/1253/4600 4534/1253/4601 4497/1253/4602
f 4527/1253/3075 4496/1253/4600 4495/1253/4598
f 4531/1253/3074 4532/1253/3073 4538/1253/3082
f 4533/1253/3067 4530/1253/3080 4537/1253/3083
f 4528/1253/3078 4535/1253/4603 4527/1253/3075
f 4535/1253/4603 4534/1253/4601 4527/1253/3075
f 4514/1253/3092 4538/1253/3082 4513/1253/3081
f 4537/1253/3083 4531/1253/3074 4541/1253/3084
f 4534/1253/4601 4498/1253/4604 4497/1253/4602
f 4498/1253/4604 4542/1253/4605 4499/1253/4606
f 4541/1253/3084 4538/1253/3082 4546/1253/3087
f 4540/1253/3085 4537/1253/3083 4545/1253/3086
f 4535/1253/4603 4543/1253/4607 4534/1253/4601
f 4543/1253/4607 4542/1253/4605 4534/1253/4601
f 4536/1253/3068 4548/1253/4591 4547/1253/3090
f 4536/1253/3068 4544/1253/3091 4535/1253/4603
f 4545/1253/3086 4541/1253/3084 4550/1253/3088
f 4542/1253/4605 4500/1253/4608 4499/1253/4606
f 4559/1253/3094 4545/1253/3086 4550/1253/3088
f 4550/1253/3088 4546/1253/3087 4551/1253/3093
f 4542/1253/4605 4501/1253/4609 4500/1253/4608
f 4551/1253/3093 4514/1253/3092 4515/1253/4586
f 4558/1253/3097 4549/1253/3089 4545/1253/3086
f 4501/1253/4609 4552/1253/3098 4502/1253/4610
f 4542/1253/4605 4553/1253/4611 4552/1253/3098
f 4543/1253/4607 4554/1253/4612 4553/1253/4611
f 4544/1253/3091 4555/1253/4613 4554/1253/4612
f 4547/1253/3090 4556/1253/4593 4555/1253/4613
f 4515/1253/4586 4566/1253/3095 4551/1253/3093
f 4552/1253/3098 4503/1253/3100 4502/1253/4610
f 4558/1253/3097 4564/1253/4594 4557/1253/4590
f 4560/1253/3102 4554/1253/4612 4561/1253/3112
f 4553/1253/4611 4560/1253/3102 4552/1253/3098
f 4561/1253/3112 4555/1253/4613 4562/1253/4614
f 4562/1253/4614 4556/1253/4593 4563/1253/4592
f 4505/1253/3105 4552/1253/3098 4567/1253/3103
f 4568/1253/3101 4559/1253/3094 4566/1253/3095
f 4569/1253/3110 4563/1253/4592 4570/1253/4595
f 4571/1253/3108 4564/1253/4594 4565/1253/3096
f 4562/1253/4614 4569/1253/3110 4561/1253/3112
f 4516/1253/4615 4576/1253/4616 4566/1253/3095
f 4566/1253/3095 4575/1253/3107 4568/1253/3101
f 4507/1253/3114 4567/1253/3103 4572/1253/3109
f 4574/1253/3106 4565/1253/3096 4568/1253/3101
f 4560/1253/3102 4573/1253/3111 4572/1253/3109
f 4576/1253/4616 4582/1253/4617 4575/1253/3107
f 4577/1253/3115 4571/1253/3108 4574/1253/3106
f 4583/1253/4618 4576/1253/4616 4517/1253/4585
f 4575/1253/3107 4581/1253/3116 4574/1253/3106
f 4509/1253/3120 4572/1253/3109 4578/1253/3118
f 4578/1253/3118 4573/1253/3111 4579/1253/3117
f 4583/1253/4618 4591/1253/4619 4582/1253/4617
f 4569/1253/3110 4580/1253/3070 4579/1253/3117
f 4580/1253/3070 4577/1253/3115 4581/1253/3116
f 4518/1253/3124 4583/1253/4618 4517/1253/4585
f 4582/1253/4617 4590/1253/3122 4581/1253/3116
f 4581/1253/3116 4588/1253/3071 4580/1253/3070
f 4510/1253/3119 4584/1253/4620 4511/1253/4621
f 4586/1253/4622 4580/1253/3070 4587/1253/3069
f 4578/1253/3118 4585/1253/3123 4584/1253/4620
f 4579/1253/3117 4586/1253/4622 4585/1253/3123
f 4525/1253/4596 4591/1253/4619 4526/1253/3072
f 4591/1253/4619 4518/1253/3124 4526/1253/3072
f 4524/1253/4597 4590/1253/3122 4525/1253/4596
f 4523/1253/4589 4589/1253/3121 4524/1253/4597
f 4511/1253/4621 4519/1253/3076 4494/1253/4599
f 4584/1253/4620 4520/1253/3077 4519/1253/3076
f 4585/1253/3123 4521/1253/3079 4520/1253/3077
f 4587/1253/3069 4521/1253/3079 4586/1253/4622
f 3304/1253/2087 3298/1253/4059 3220/1253/2088
f 4011/1253/2211 4004/1253/4144 3921/1253/2212
f 3342/1253/2270 3197/1253/2451 3198/1253/4032
f 3241/1253/4034 3242/1253/4068 3341/1253/4035
f 3237/1253/4037 3238/1253/2084 3230/1253/2086
f 3236/1253/4039 3237/1253/4037 3231/1253/4038
f 3236/1253/4039 3232/1253/2304 3233/1253/4040
f 3208/1253/2369 3235/1253/4041 3233/1253/4040
f 3208/1253/2369 3234/1253/2370 3290/1253/2110
f 3290/1253/2110 3289/1253/2109 3287/1253/2368
f 3226/1253/4042 3280/1253/2343 3229/1253/2085
f 3256/1253/2102 3267/1253/2101 3245/1253/4043
f 3263/1253/4045 3250/1253/4056 3251/1253/2332
f 3258/1253/4046 3244/1253/4051 3243/1253/2106
f 3264/1253/4047 3265/1253/4057 3248/1253/2104
f 3260/1253/4049 3261/1253/4055 3252/1253/2331
f 3254/1253/4052 3247/1253/4054 3246/1253/2330
f 3183/1253/2295 3287/1253/2368 3289/1253/2109
f 3322/1253/4058 3220/1253/2088 3298/1253/4059
f 3221/1253/4036 3299/1253/2116 3306/1253/2091
f 3302/1253/2127 3305/1253/2117 3228/1253/2098
f 3323/1253/2099 3228/1253/2098 3280/1253/2343
f 3298/1253/4059 3312/1253/2121 3327/1253/2125
f 3301/1253/2119 3240/1253/2118 3306/1253/2091
f 3320/1253/4061 3341/1253/4035 3340/1253/4062
f 3220/1253/2088 3322/1253/4058 3320/1253/4061
f 3337/1253/4064 3325/1253/2113 3326/1253/2112
f 3329/1253/2114 3328/1253/2123 3335/1253/4065
f 3312/1253/2121 3222/1253/2093 3331/1253/2111
f 3222/1253/2093 3300/1253/2094 3326/1253/2112
f 3329/1253/2114 3302/1253/2127 3313/1253/4060
f 3313/1253/4060 3224/1253/2100 3333/1253/2122
f 3224/1253/2100 3323/1253/2099 3328/1253/2123
f 3323/1253/2099 3225/1253/2097 3334/1253/4067
f 3225/1253/2097 3319/1253/2096 3335/1253/4065
f 3335/1253/4065 3319/1253/2096 3303/1253/2120
f 3301/1253/2119 3223/1253/2090 3337/1253/4064
f 3223/1253/2090 3318/1253/2092 3338/1253/4066
f 3338/1253/4066 3318/1253/2092 3327/1253/2125
f 3327/1253/2125 3312/1253/2121 3330/1253/4063
f 3342/1253/2270 3339/1253/4033 3320/1253/4061
f 3340/1253/4062 3341/1253/4035 3242/1253/4068
f 3221/1253/4036 3341/1253/4035 3320/1253/4061
f 3227/1253/2089 3220/1253/2088 3339/1253/4033
f 3470/1253/2452 3197/1253/2451 3577/1253/2269
f 3576/1253/4070 3487/1253/4098 3486/1253/4071
f 3474/1253/4073 3482/1253/4076 3481/1253/4074
f 3475/1253/4075 3481/1253/4074 3480/1253/4077
f 3480/1253/4077 3479/1253/4209 3477/1253/4079
f 3477/1253/4079 3479/1253/4209 3450/1253/2501
f 3526/1253/2500 3478/1253/2504 3528/1253/2503
f 3545/1253/2151 3471/1253/2511 3463/1253/4080
f 3472/1253/2144 3469/1253/2143 3482/1253/4076
f 3489/1253/4085 3490/1253/4087 3498/1253/2497
f 3504/1253/2495 3493/1253/4214 3510/1253/4086
f 3490/1253/4087 3493/1253/4214 3504/1253/2495
f 3409/1253/2133 3488/1253/4089 3500/1253/2467
f 3509/1253/4088 3492/1253/2132 3507/1253/2131
f 3495/1253/2134 3494/1253/2141 3503/1253/2140
f 3497/1253/2498 3511/1253/2139 3491/1253/2136
f 3488/1253/4089 3509/1253/4088 3506/1253/2465
f 3526/1253/2500 3427/1253/2461 3426/1253/2426
f 3539/1253/4081 3463/1253/4080 3558/1253/4090
f 3464/1253/4072 3486/1253/4071 3485/1253/4083
f 3539/1253/4081 3540/1253/2161 3562/1253/2163
f 3542/1253/2166 3485/1253/4083 3484/1253/2154
f 3463/1253/4080 3574/1253/4069 4046/1253/2271
f 3572/1253/2165 3571/1253/2147 3561/1253/2146
f 3569/1253/4096 3563/1253/2158 3560/1253/2148
f 3554/1253/4091 3564/1253/2155 3565/1253/2157
f 3465/1253/4084 3565/1253/2157 3561/1253/2146
f 3555/1253/4092 3543/1253/2152 3560/1253/2148
f 3555/1253/4092 3566/1253/2160 3567/1253/2159
f 3469/1253/2143 3467/1253/4093 3567/1253/2159
f 3469/1253/2143 3563/1253/2158 3568/1253/4097
f 3468/1253/2130 3568/1253/4097 3569/1253/4096
f 3544/1253/2153 3557/1253/2128 3569/1253/4096
f 3542/1253/2166 3571/1253/2147 3572/1253/2165
f 3466/1253/4082 3572/1253/2165 3573/1253/2164
f 3562/1253/2163 3556/1253/2162 3573/1253/2164
f 3562/1253/2163 3559/1253/2156 3564/1253/2155
f 3487/1253/4098 3576/1253/4070 3575/1253/4095
f 4046/1253/2271 3576/1253/4070 3464/1253/4072
f 3471/1253/2511 3470/1253/2452 3574/1253/4069
f 3700/1253/2577 3462/1253/2576 3806/1253/4099
f 3805/1253/4101 3719/1253/4129 3718/1253/4102
f 3705/1253/4104 3714/1253/4108 3713/1253/4105
f 3706/1253/4106 3713/1253/4105 3712/1253/4109
f 3712/1253/4109 3711/1253/4237 3708/1253/4111
f 3708/1253/4111 3711/1253/4237 3682/1253/2633
f 3710/1253/2632 3709/1253/2636 3762/1253/2635
f 3776/1253/2580 3701/1253/2578 3694/1253/4112
f 3722/1253/4114 3744/1253/4120 3730/1253/2630
f 3725/1253/4118 3742/1253/4119 3737/1253/2626
f 3733/1253/2179 3720/1253/2175 3721/1253/2182
f 3741/1253/2180 3724/1253/2174 3739/1253/2173
f 3727/1253/2178 3726/1253/2185 3735/1253/2184
f 3723/1253/2177 3728/1253/2176 3729/1253/2631
f 3787/1253/2170 3716/1253/2168 3715/1253/4117
f 3710/1253/2632 3657/1253/2593 3656/1253/4121
f 3770/1253/4113 3694/1253/4112 3786/1253/4122
f 3695/1253/4103 3718/1253/4102 3777/1253/2189
f 3703/1253/2171 3702/1253/2581 3774/1253/2205
f 3770/1253/4113 3771/1253/2200 3791/1253/2202
f 3775/1253/2207 3717/1253/2187 3716/1253/2168
f 3702/1253/2581 3776/1253/2580 3772/1253/2206
f 3785/1253/4125 3321/1253/2272 3804/1253/2268
f 3694/1253/4112 3803/1253/4100 3785/1253/4125
f 3801/1253/2204 3800/1253/2192 3790/1253/2191
f 3798/1253/4127 3792/1253/2197 3789/1253/2193
f 3780/1253/4123 3793/1253/2194 3794/1253/2196
f 3696/1253/4116 3794/1253/2196 3790/1253/2191
f 3781/1253/4124 3774/1253/2205 3789/1253/2193
f 3781/1253/4124 3795/1253/2199 3796/1253/2198
f 3787/1253/2170 3698/1253/2172 3796/1253/2198
f 3787/1253/2170 3792/1253/2197 3797/1253/4128
f 3699/1253/2169 3797/1253/4128 3798/1253/4127
f 3775/1253/2207 3783/1253/2167 3798/1253/4127
f 3773/1253/2188 3800/1253/2192 3801/1253/2204
f 3697/1253/4115 3801/1253/2204 3802/1253/2203
f 3782/1253/2201 3802/1253/2203 3788/1253/2195
f 3791/1253/2202 3788/1253/2195 3793/1253/2194
f 3785/1253/4125 3803/1253/4100 3806/1253/4099
f 3719/1253/4129 3805/1253/4101 3804/1253/2268
f 3785/1253/4125 3805/1253/4101 3695/1253/4103
f 3701/1253/2578 3700/1253/2577 3803/1253/4100
f 4045/1253/2266 3927/1253/2699 3898/1253/2698
f 3942/1253/4131 3943/1253/4151 4044/1253/4132
f 3939/1253/4134 3940/1253/2208 3930/1253/2210
f 3939/1253/4134 3931/1253/4135 3932/1253/2704
f 3938/1253/4136 3932/1253/2704 3933/1253/4137
f 3908/1253/2746 3937/1253/4138 3933/1253/4137
f 3908/1253/2746 3934/1253/2749 3992/1253/2748
f 3992/1253/2748 3935/1253/4142 3936/1253/2747
f 3958/1253/2236 3947/1253/2235 3946/1253/2222
f 3952/1253/2234 3953/1253/2237 3964/1253/4139
f 3960/1253/4140 3945/1253/2241 3944/1253/2227
f 3950/1253/2225 3951/1253/2240 3966/1253/2239
f 3962/1253/2229 3963/1253/2232 3954/1253/2231
f 3956/1253/2242 3949/1253/2228 3948/1253/4141
f 3884/1253/2714 3936/1253/2747 3935/1253/4142
f 3882/1253/2682 3883/1253/2715 3935/1253/4142
f 4026/1253/4143 3921/1253/2212 4004/1253/4144
f 4039/1253/2256 4027/1253/2258 4033/1253/4145
f 3922/1253/4133 4005/1253/2246 3941/1253/2215
f 4008/1253/2263 4012/1253/2763 4015/1253/2245
f 4004/1253/4144 4019/1253/2250 4030/1253/2259
f 4014/1253/2261 4010/1253/2244 3986/1253/2243
f 4028/1253/2255 4034/1253/2254 4035/1253/2253
f 4006/1253/2218 4011/1253/2211 4012/1253/2763
f 4007/1253/2248 4013/1253/2247 3941/1253/2215
f 3921/1253/2212 4026/1253/4143 4047/1253/2265
f 4019/1253/2250 3923/1253/2217 4033/1253/4145
f 3923/1253/2217 4006/1253/2218 4029/1253/4146
f 4034/1253/2254 4008/1253/2263 4020/1253/4147
f 4020/1253/4147 4010/1253/2244 4036/1253/2251
f 4010/1253/2244 4014/1253/2261 4031/1253/2252
f 4014/1253/2261 3925/1253/2221 4037/1253/4150
f 3925/1253/2221 4024/1253/2220 4038/1253/2262
f 4028/1253/2255 4038/1253/2262 4024/1253/2220
f 4007/1253/2248 3924/1253/2214 4040/1253/2257
f 3924/1253/2214 4023/1253/2216 4041/1253/4149
f 4041/1253/4149 4023/1253/2216 4030/1253/2259
f 4032/1253/4148 4027/1253/2258 4030/1253/2259
f 4043/1253/2267 4044/1253/4132 3943/1253/4151
f 3922/1253/4133 4044/1253/4132 4047/1253/2265
f 3928/1253/2213 3921/1253/2212 4042/1253/2264
f 3340/1253/4062 3927/1253/2699 4045/1253/2266
f 4048/1253/2272 3575/1253/4095 4046/1253/2271
f 3575/1253/4095 4048/1253/2272 3806/1253/4099
f 4106/1253/2790 4107/1253/4308 4108/1253/4286
f 4108/1253/4286 4109/1253/2807 4110/1253/2810
f 4110/1253/2810 4104/1253/2815 4105/1253/2779
f 4105/1253/2779 4106/1253/2790 4108/1253/4286
f 4131/1253/4287 4132/1253/2783 4125/1253/2764
f 4131/1253/4287 4140/1253/4290 4141/1253/2787
f 4140/1253/4290 4148/1253/4314 4149/1253/2795
f 4149/1253/2795 4148/1253/4314 4156/1253/4291
f 4157/1253/2793 4156/1253/4291 4162/1253/4292
f 4162/1253/4292 4161/1253/2769 4169/1253/2768
f 4114/1253/4289 4115/1253/4288 4180/1253/4293
f 4124/1253/2770 4105/1253/2779 4104/1253/2815
f 4117/1253/4295 4122/1253/2778 4123/1253/2772
f 4115/1253/4288 4121/1253/2765 4122/1253/2778
f 4111/1253/2773 4086/1253/4331 4087/1253/4297
f 4121/1253/2765 4114/1253/4289 4113/1253/2777
f 4126/1253/4298 4119/1253/2774 4088/1253/4299
f 4120/1253/2776 4119/1253/2774 4127/1253/4301
f 4130/1253/2780 4138/1253/2785 4106/1253/2790
f 4134/1253/4303 4126/1253/4298 4090/1253/4302
f 4127/1253/4301 4126/1253/4298 4135/1253/4305
f 4140/1253/4290 4131/1253/4287 4128/1253/2766
f 4137/1253/2784 4150/1253/2794 4151/1253/2792
f 4141/1253/2787 4149/1253/2795 4150/1253/2794
f 4144/1253/4309 4134/1253/4303 4093/1253/4307
f 4145/1253/4311 4135/1253/4305 4134/1253/4303
f 4146/1253/4312 4136/1253/2788 4135/1253/4305
f 4147/1253/4313 4139/1253/2789 4136/1253/2788
f 4148/1253/4314 4140/1253/4290 4139/1253/2789
f 4107/1253/4308 4143/1253/2791 4159/1253/2797
f 4151/1253/2792 4158/1253/2798 4159/1253/2797
f 4096/1253/4316 4152/1253/4317 4144/1253/4309
f 4152/1253/4317 4153/1253/4318 4145/1253/4311
f 4153/1253/4318 4154/1253/2802 4146/1253/4312
f 4154/1253/2802 4155/1253/2801 4147/1253/4313
f 4155/1253/2801 4156/1253/4291 4148/1253/4314
f 4161/1253/2769 4162/1253/4292 4156/1253/4291
f 4108/1253/4286 4159/1253/2797 4168/1253/2805
f 4099/1253/4321 4165/1253/4323 4152/1253/4317
f 4166/1253/4322 4154/1253/2802 4153/1253/4318
f 4101/1253/4324 4171/1253/2811 4165/1253/4323
f 4175/1253/2809 4161/1253/2769 4166/1253/4322
f 4174/1253/2806 4170/1253/2804 4183/1253/4326
f 4170/1253/2804 4173/1253/2808 4182/1253/4328
f 4173/1253/2808 4172/1253/2767 4180/1253/4293
f 4176/1253/2812 4171/1253/2811 4102/1253/4327
f 4178/1253/2814 4179/1253/4294 4172/1253/2767
f 4117/1253/4295 4118/1253/2771 4183/1253/4326
f 4182/1253/4328 4181/1253/4329 4116/1253/4296
f 4115/1253/4288 4116/1253/4296 4181/1253/4329
f 4111/1253/2773 4176/1253/2812 4103/1253/4330
f 4112/1253/2775 4177/1253/2813 4176/1253/2812
f 4113/1253/2777 4178/1253/2814 4177/1253/2813
f 4179/1253/4294 4178/1253/2814 4113/1253/2777
f 4242/1253/2896 4241/1253/2885 4240/1253/4383
f 4240/1253/4383 4246/1253/4418 4245/1253/4384
f 4245/1253/4384 4244/1253/4414 4243/1253/4385
f 4243/1253/4385 4242/1253/2896 4240/1253/4383
f 4267/1253/4386 4264/1253/2872 4261/1253/2871
f 4277/1253/2893 4276/1253/4390 4267/1253/4386
f 4285/1253/4389 4284/1253/4392 4276/1253/4390
f 4285/1253/4389 4292/1253/4393 4291/1253/4391
f 4292/1253/4393 4299/1253/2912 4298/1253/4394
f 4305/1253/2919 4297/1253/2914 4298/1253/4394
f 4250/1253/4387 4315/1253/2873 4316/1253/2875
f 4260/1253/2877 4254/1253/2876 4240/1253/4383
f 4259/1253/2878 4258/1253/2884 4253/1253/4395
f 4258/1253/2884 4257/1253/2870 4251/1253/4388
f 4247/1253/2880 4255/1253/2879 4223/1253/4397
f 4249/1253/2883 4250/1253/4387 4257/1253/2870
f 4224/1253/4399 4255/1253/2879 4262/1253/4400
f 4256/1253/2882 4264/1253/2872 4263/1253/4402
f 4242/1253/2896 4274/1253/2891 4266/1253/2886
f 4226/1253/4403 4262/1253/4400 4270/1253/4404
f 4263/1253/4402 4272/1253/2895 4271/1253/4406
f 4264/1253/2872 4267/1253/4386 4276/1253/4390
f 4287/1253/2898 4286/1253/2901 4273/1253/2890
f 4286/1253/2901 4285/1253/4389 4277/1253/2893
f 4229/1253/4408 4270/1253/4404 4280/1253/2902
f 4270/1253/4404 4271/1253/4406 4281/1253/4410
f 4271/1253/4406 4272/1253/2895 4282/1253/4411
f 4272/1253/2895 4275/1253/2894 4283/1253/4412
f 4275/1253/2894 4276/1253/4390 4284/1253/4392
f 4243/1253/4385 4244/1253/4414 4294/1253/2899
f 4286/1253/2901 4293/1253/2900 4292/1253/4393
f 4288/1253/2906 4281/1253/4410 4282/1253/4411
f 4289/1253/2916 4282/1253/4411 4283/1253/4412
f 4290/1253/4413 4283/1253/4412 4284/1253/4392
f 4233/1253/2909 4232/1253/2903 4280/1253/2902
f 4297/1253/2914 4290/1253/4413 4291/1253/4391
f 4244/1253/4414 4245/1253/4384 4304/1253/4415
f 4294/1253/2899 4304/1253/4415 4303/1253/2911
f 4235/1253/2918 4234/1253/2908 4295/1253/2907
f 4288/1253/2906 4289/1253/2916 4301/1253/2915
f 4304/1253/4415 4311/1253/4417 4310/1253/4416
f 4303/1253/2911 4310/1253/4416 4309/1253/2920
f 4237/1253/2924 4236/1253/2917 4300/1253/2913
f 4306/1253/2922 4300/1253/2913 4301/1253/2915
f 4246/1253/4418 4319/1253/4419 4311/1253/4417
f 4310/1253/4416 4319/1253/4419 4318/1253/2926
f 4309/1253/2920 4317/1253/2925 4316/1253/2875
f 4238/1253/2923 4306/1253/2922 4312/1253/4420
f 4314/1253/4422 4307/1253/2921 4308/1253/2874
f 4246/1253/4418 4240/1253/4383 4254/1253/2876
f 4253/1253/4395 4318/1253/2926 4319/1253/4419
f 4318/1253/2926 4253/1253/4395 4252/1253/4396
f 4251/1253/4388 4316/1253/2875 4317/1253/2925
f 4312/1253/4420 4247/1253/2880 4222/1253/4398
f 4312/1253/4420 4313/1253/2927 4248/1253/2881
f 4313/1253/2927 4314/1253/4422 4249/1253/2883
f 4315/1253/2873 4250/1253/4387 4249/1253/2883
f 4378/1253/4497 4379/1253/4503 4380/1253/3002
f 4380/1253/3002 4381/1253/3013 4382/1253/3016
f 4382/1253/3016 4376/1253/3021 4377/1253/2985
f 4377/1253/2985 4378/1253/4497 4380/1253/3002
f 4403/1253/4482 4404/1253/2989 4397/1253/2970
f 4403/1253/4482 4412/1253/4485 4413/1253/2993
f 4412/1253/4485 4420/1253/4510 4421/1253/2997
f 4421/1253/2997 4420/1253/4510 4428/1253/4486
f 4429/1253/3006 4428/1253/4486 4434/1253/4487
f 4434/1253/4487 4433/1253/2975 4441/1253/2974
f 4386/1253/4484 4387/1253/4483 4452/1253/4488
f 4396/1253/2976 4377/1253/2985 4376/1253/3021
f 4389/1253/4490 4394/1253/2984 4395/1253/2978
f 4387/1253/4483 4393/1253/2971 4394/1253/2984
f 4383/1253/2979 4358/1253/4527 4359/1253/4492
f 4393/1253/2971 4386/1253/4484 4385/1253/2983
f 4398/1253/4493 4391/1253/2980 4360/1253/4494
f 4392/1253/2982 4391/1253/2980 4399/1253/4496
f 4402/1253/2986 4410/1253/2991 4378/1253/4497
f 4406/1253/4499 4398/1253/4493 4362/1253/4498
f 4399/1253/4496 4398/1253/4493 4407/1253/4501
f 4412/1253/4485 4403/1253/4482 4400/1253/2972
f 4410/1253/2991 4423/1253/2999 4379/1253/4503
f 4422/1253/3000 4423/1253/2999 4410/1253/2991
f 4416/1253/4505 4406/1253/4499 4365/1253/4504
f 4417/1253/4507 4407/1253/4501 4406/1253/4499
f 4418/1253/4508 4408/1253/2994 4407/1253/4501
f 4419/1253/4509 4411/1253/2995 4408/1253/2994
f 4420/1253/4510 4412/1253/4485 4411/1253/2995
f 4422/1253/3000 4415/1253/2996 4430/1253/3005
f 4415/1253/2996 4421/1253/2997 4429/1253/3006
f 4368/1253/4512 4424/1253/4513 4416/1253/4505
f 4424/1253/4513 4425/1253/4514 4417/1253/4507
f 4425/1253/4514 4426/1253/3008 4418/1253/4508
f 4426/1253/3008 4427/1253/3007 4419/1253/4509
f 4427/1253/3007 4428/1253/4486 4420/1253/4510
f 4433/1253/2975 4434/1253/4487 4428/1253/4486
f 4380/1253/3002 4432/1253/3001 4440/1253/3011
f 4371/1253/4517 4437/1253/4519 4424/1253/4513
f 4438/1253/4518 4426/1253/3008 4425/1253/4514
f 4373/1253/4520 4443/1253/3017 4437/1253/4519
f 4447/1253/3015 4433/1253/2975 4438/1253/4518
f 4446/1253/3012 4442/1253/3010 4455/1253/4522
f 4442/1253/3010 4445/1253/3014 4454/1253/4524
f 4445/1253/3014 4444/1253/2973 4452/1253/4488
f 4448/1253/3018 4443/1253/3017 4374/1253/4523
f 4450/1253/3020 4451/1253/4489 4444/1253/2973
f 4389/1253/4490 4390/1253/2977 4455/1253/4522
f 4388/1253/4491 4389/1253/4490 4454/1253/4524
f 4453/1253/4525 4452/1253/4488 4387/1253/4483
f 4448/1253/3018 4375/1253/4526 4358/1253/4527
f 4384/1253/2981 4449/1253/3019 4448/1253/3018
f 4385/1253/2983 4450/1253/3020 4449/1253/3019
f 4451/1253/4489 4450/1253/3020 4385/1253/2983
f 4514/1253/3092 4513/1253/3081 4512/1253/3125
f 4512/1253/3125 4518/1253/3124 4517/1253/4585
f 4517/1253/4585 4516/1253/4615 4515/1253/4586
f 4515/1253/4586 4514/1253/3092 4512/1253/3125
f 4539/1253/4587 4536/1253/3068 4533/1253/3067
f 4549/1253/3089 4548/1253/4591 4539/1253/4587
f 4557/1253/4590 4556/1253/4593 4548/1253/4591
f 4557/1253/4590 4564/1253/4594 4563/1253/4592
f 4564/1253/4594 4571/1253/3108 4570/1253/4595
f 4577/1253/3115 4569/1253/3110 4570/1253/4595
f 4588/1253/3071 4523/1253/4589 4522/1253/4588
f 4532/1253/3073 4526/1253/3072 4512/1253/3125
f 4531/1253/3074 4530/1253/3080 4525/1253/4596
f 4530/1253/3080 4529/1253/3066 4523/1253/4589
f 4519/1253/3076 4527/1253/3075 4495/1253/4598
f 4521/1253/3079 4522/1253/4588 4529/1253/3066
f 4496/1253/4600 4527/1253/3075 4534/1253/4601
f 4528/1253/3078 4536/1253/3068 4535/1253/4603
f 4514/1253/3092 4546/1253/3087 4538/1253/3082
f 4498/1253/4604 4534/1253/4601 4542/1253/4605
f 4535/1253/4603 4544/1253/3091 4543/1253/4607
f 4536/1253/3068 4539/1253/4587 4548/1253/4591
f 4559/1253/3094 4558/1253/3097 4545/1253/3086
f 4558/1253/3097 4557/1253/4590 4549/1253/3089
f 4501/1253/4609 4542/1253/4605 4552/1253/3098
f 4542/1253/4605 4543/1253/4607 4553/1253/4611
f 4543/1253/4607 4544/1253/3091 4554/1253/4612
f 4544/1253/3091 4547/1253/3090 4555/1253/4613
f 4547/1253/3090 4548/1253/4591 4556/1253/4593
f 4515/1253/4586 4516/1253/4615 4566/1253/3095
f 4558/1253/3097 4565/1253/3096 4564/1253/4594
f 4560/1253/3102 4553/1253/4611 4554/1253/4612
f 4561/1253/3112 4554/1253/4612 4555/1253/4613
f 4562/1253/4614 4555/1253/4613 4556/1253/4593
f 4505/1253/3105 4504/1253/3099 4552/1253/3098
f 4569/1253/3110 4562/1253/4614 4563/1253/4592
f 4516/1253/4615 4517/1253/4585 4576/1253/4616
f 4566/1253/3095 4576/1253/4616 4575/1253/3107
f 4507/1253/3114 4506/1253/3104 4567/1253/3103
f 4560/1253/3102 4561/1253/3112 4573/1253/3111
f 4576/1253/4616 4583/1253/4618 4582/1253/4617
f 4575/1253/3107 4582/1253/4617 4581/1253/3116
f 4509/1253/3120 4508/1253/3113 4572/1253/3109
f 4578/1253/3118 4572/1253/3109 4573/1253/3111
f 4583/1253/4618 4518/1253/3124 4591/1253/4619
f 4582/1253/4617 4591/1253/4619 4590/1253/3122
f 4581/1253/3116 4589/1253/3121 4588/1253/3071
f 4510/1253/3119 4578/1253/3118 4584/1253/4620
f 4586/1253/4622 4579/1253/3117 4580/1253/3070
f 4525/1253/4596 4590/1253/3122 4591/1253/4619
f 4524/1253/4597 4589/1253/3121 4590/1253/3122
f 4523/1253/4589 4588/1253/3071 4589/1253/3121
f 4511/1253/4621 4584/1253/4620 4519/1253/3076
f 4584/1253/4620 4585/1253/3123 4520/1253/3077
f 4585/1253/3123 4586/1253/4622 4521/1253/3079
f 4587/1253/3069 4522/1253/4588 4521/1253/3079
