# Blender 4.5.2 LTS
# www.blender.org
mtllib pataT_left.mtl
o pataT_left
v 0.566115 3.044410 -0.791561
v 0.562874 3.015780 -0.867291
v 0.645610 3.055390 -0.789891
v 0.561621 2.990760 -0.944281
v 0.640075 3.021410 -0.863251
v 0.726866 3.087150 -0.795651
v 0.498290 2.981600 -1.111471
v 0.565362 2.971070 -1.021671
v 0.636361 2.986830 -0.935751
v 0.741908 3.042370 -0.859721
v 0.804460 3.113080 -0.796641
v 0.435292 3.006390 -1.200441
v 0.851156 3.202360 -0.748051
v 0.369468 3.033900 -1.286931
v 0.503023 2.970910 -1.191131
v 0.569237 2.949920 -1.098371
v 0.638757 2.952210 -1.007921
v 0.705728 2.986550 -0.926001
v 0.825578 3.057080 -0.850281
v 0.877124 3.141600 -0.799341
v 0.438015 2.999600 -1.280341
v 0.916496 3.239620 -0.762441
v 0.371389 3.031200 -1.367081
v 0.504179 2.961180 -1.271061
v 0.571156 2.930580 -1.175671
v 0.639889 2.914660 -1.079131
v 0.710658 2.935550 -0.988391
v 0.771541 2.987280 -0.912001
v 0.844250 2.997730 -0.900871
v 0.899429 3.082100 -0.850831
v 0.944613 3.176600 -0.813251
v 0.439616 2.993350 -1.360881
v 0.957153 3.325830 -0.739381
v 0.981872 3.273920 -0.783941
v 0.994013 3.414360 -0.711911
v 0.371841 3.027600 -1.449971
v 0.504728 2.951670 -1.350921
v 0.565862 2.917840 -1.256181
v 0.642211 2.878610 -1.150741
v 0.711932 2.882710 -1.053811
v 0.782004 2.927480 -0.967271
v 0.858011 2.937530 -0.953451
v 0.918337 3.022130 -0.901401
v 0.968458 3.115710 -0.862551
v 1.008960 3.214400 -0.832811
v 0.439183 2.985920 -1.445661
v 1.040970 3.313930 -0.811221
v 1.019210 3.364220 -0.760241
v 1.049390 3.462750 -0.730271
v 0.370152 3.023960 -1.534271
v 0.563968 2.905590 -1.336241
v 0.502528 2.939680 -1.433461
v 0.712455 2.835300 -1.123331
v 0.612446 2.877840 -1.239111
v 0.653534 2.839730 -1.219801
v 0.788678 2.864170 -1.032951
v 0.868683 2.865550 -1.022331
v 0.933498 2.963700 -0.953221
v 0.989445 3.055810 -0.912541
v 1.030830 3.156680 -0.884521
v 1.061490 3.261290 -0.864691
v 0.435495 2.977280 -1.537421
v 1.087210 3.364720 -0.844251
v 1.069070 3.413500 -0.787091
v 1.091590 3.516510 -0.759631
v 0.561901 2.889310 -1.413851
v 0.615138 2.857150 -1.316971
v 0.709519 2.795410 -1.193941
v 0.793326 2.804290 -1.099781
v 0.659016 2.807160 -1.290621
v 0.876328 2.790150 -1.090591
v 0.945886 2.906740 -1.001571
v 1.006910 2.998580 -0.963801
v 1.050550 3.099780 -0.937421
v 1.080920 3.206940 -0.919031
v 1.104750 3.314340 -0.901001
v 0.429678 2.969980 -1.621951
v 1.125610 3.419870 -0.879401
v 1.108410 3.468300 -0.819821
v 1.126190 3.571150 -0.791961
v 0.497814 2.930460 -1.490911
v 0.553941 2.872750 -1.486661
v 0.613136 2.832390 -1.395551
v 0.706249 2.760270 -1.262591
v 0.801036 2.747860 -1.160311
v 0.660203 2.775180 -1.368551
v 0.956424 2.792650 -1.092731
v 0.952159 2.853120 -1.046761
v 0.882988 2.729520 -1.144911
v 1.023470 2.940540 -1.013251
v 1.068800 3.043410 -0.990581
v 1.099870 3.152000 -0.973211
v 1.122850 3.261830 -0.957001
v 1.142260 3.370890 -0.938831
v 0.421186 2.962420 -1.702091
v 0.484391 2.910650 -1.625381
v 0.493101 2.921250 -1.548361
v 1.158810 3.478230 -0.916601
v 1.142900 3.525090 -0.854601
v 0.355520 3.014270 -1.777161
v 0.544689 2.857950 -1.555161
v 0.604717 2.810390 -1.473711
v 0.705712 2.726460 -1.326901
v 0.657215 2.735890 -1.460541
v 0.960577 2.730310 -1.141211
v 1.028640 2.812870 -1.104441
v 1.035120 2.881640 -1.061591
v 0.889916 2.675350 -1.202711
v 0.817928 2.693140 -1.217931
v 1.088670 2.987000 -1.041781
v 1.119570 3.096160 -1.026391
v 1.141920 3.208170 -1.012321
v 1.159650 3.320030 -0.997011
v 1.174570 3.430330 -0.978001
v 0.409598 2.954200 -1.780361
v 0.473233 2.900440 -1.703431
v 0.533440 2.845700 -1.626781
v 1.186010 3.538680 -0.955391
v 1.171270 3.584030 -0.891551
v 0.291614 3.069780 -1.850161
v 0.349634 3.011500 -1.856041
v 0.590630 2.794120 -1.548381
v 0.759077 2.681160 -1.299751
v 0.757828 2.722880 -1.238841
v 0.629614 2.739480 -1.539321
v 0.706853 2.667050 -1.447931
v 0.706324 2.697270 -1.385381
v 0.966550 2.671500 -1.195291
v 1.032130 2.749850 -1.153041
v 0.893050 2.623930 -1.262131
v 0.821470 2.646230 -1.277951
v 1.108920 2.930370 -1.093181
v 1.140800 3.039820 -1.078331
v 1.161120 3.153060 -1.066781
v 1.178420 3.267340 -1.053001
v 1.189690 3.381400 -1.038691
v 1.197640 3.492890 -1.019501
v 0.459325 2.891330 -1.781131
v 0.400694 2.949110 -1.858811
v 0.520649 2.833730 -1.703101
v 0.579057 2.778800 -1.622711
v 1.203320 3.601690 -0.996461
v 0.290839 3.069230 -1.929141
v 0.345177 3.008430 -1.934331
v 0.759092 2.645360 -1.362781
v 0.621559 2.717960 -1.614361
v 0.708941 2.634410 -1.515401
v 0.664185 2.691570 -1.530291
v 0.760171 2.611780 -1.428341
v 0.971470 2.616820 -1.253781
v 1.042160 2.687750 -1.203751
v 1.075620 2.836010 -1.119911
v 1.093940 2.780670 -1.175071
v 0.821487 2.603320 -1.340511
v 0.893397 2.576220 -1.324441
v 1.162060 2.983470 -1.130921
v 1.129440 2.876200 -1.148671
v 1.181810 3.097150 -1.119951
v 1.196320 3.212920 -1.108401
v 1.205780 3.330560 -1.097541
v 1.207900 3.446150 -1.083151
v 1.211900 3.557550 -1.062621
v 0.504899 2.825950 -1.780371
v 0.446226 2.884540 -1.859401
v 0.392489 2.945360 -1.936731
v 0.568433 2.764360 -1.699351
v 0.249183 3.117130 -2.002141
v 0.296498 3.066810 -2.008021
v 0.343294 3.007470 -2.012261
v 0.616821 2.695750 -1.691721
v 0.664866 2.659820 -1.602011
v 0.761475 2.579630 -1.496491
v 0.711316 2.603670 -1.585151
v 0.821673 2.566890 -1.407681
v 0.972934 2.569420 -1.319041
v 1.049130 2.630360 -1.261271
v 1.107960 2.722070 -1.228601
v 1.146660 2.823430 -1.206781
v 0.892762 2.536780 -1.392511
v 1.176760 2.929430 -1.188491
v 1.200400 3.041420 -1.174121
v 1.214330 3.156600 -1.163111
v 1.221240 3.277420 -1.155101
v 1.221760 3.398160 -1.144841
v 1.220970 3.512440 -1.127491
v 0.489740 2.820050 -1.858281
v 0.559112 2.748700 -1.777271
v 0.437774 2.881450 -1.937791
v 0.388999 2.944540 -2.014661
v 0.249711 3.126810 -2.080231
v 0.298618 3.071440 -2.086231
v 0.344808 3.010680 -2.090461
v 0.663417 2.632870 -1.679531
v 0.614176 2.672440 -1.771641
v 0.822398 2.533760 -1.477671
v 0.763878 2.548960 -1.565741
v 0.712131 2.574750 -1.658491
v 0.970906 2.527260 -1.387691
v 1.050450 2.582990 -1.327671
v 1.114090 2.668960 -1.289121
v 1.158630 2.769960 -1.264691
v 1.188350 2.877200 -1.247601
v 0.891999 2.501180 -1.462841
v 1.211970 2.988000 -1.232211
v 1.226980 3.102080 -1.220101
v 1.233040 3.220180 -1.210711
v 1.234510 3.350280 -1.207211
v 1.231150 3.467060 -1.192061
v 1.229040 3.579300 -1.170671
v 0.478765 2.816830 -1.937211
v 0.531596 2.761670 -1.856861
v 0.431820 2.879840 -2.015761
v 0.388114 2.946420 -2.092521
v 0.251657 3.138590 -2.157931
v 0.301250 3.079320 -2.164481
v 0.346746 3.015940 -2.168971
v 0.662000 2.606240 -1.766221
v 0.569527 2.709360 -1.854701
v 0.612988 2.649980 -1.851721
v 0.823469 2.501490 -1.547711
v 0.765205 2.519270 -1.634391
v 0.968557 2.488890 -1.457761
v 1.047730 2.543340 -1.398361
v 1.117430 2.619540 -1.353131
v 1.164120 2.719770 -1.326291
v 1.198220 2.826030 -1.307331
v 1.221090 2.936500 -1.292151
v 0.891290 2.466200 -1.533311
v 1.236390 3.049550 -1.279001
v 1.242490 3.163710 -1.266531
v 1.244510 3.295230 -1.264601
v 1.241500 3.423160 -1.257611
v 1.236940 3.535310 -1.236401
v 0.472985 2.814410 -2.015181
v 0.522179 2.754740 -1.935561
v 0.429755 2.880470 -2.093461
v 0.389336 2.950110 -2.170611
v 0.256380 3.153340 -2.235691
v 0.305602 3.089940 -2.243321
v 0.351463 3.023150 -2.247121
v 0.658415 2.585770 -1.846911
v 0.565002 2.695990 -1.933661
v 0.608049 2.635540 -1.930411
v 0.824216 2.469300 -1.617281
v 0.711560 2.554960 -1.717281
v 0.765384 2.492320 -1.701211
v 1.045900 2.501210 -1.466411
v 0.966848 2.449810 -1.526981
v 1.115810 2.576730 -1.421121
v 1.169140 2.670940 -1.388951
v 1.203340 2.776960 -1.368681
v 1.228970 2.886360 -1.352011
v 1.243490 2.998970 -1.339161
v 0.889569 2.428050 -1.601661
v 1.250400 3.112010 -1.325741
v 1.251880 3.226510 -1.312351
v 1.250970 3.382040 -1.324121
v 1.244990 3.492320 -1.302451
v 1.239710 3.603070 -1.279061
v 0.470603 2.813830 -2.092651
v 0.515462 2.750570 -2.013971
v 0.430660 2.883380 -2.171001
v 0.392992 2.955860 -2.248011
v 0.263286 3.168800 -2.313641
v 0.313659 3.098860 -2.320661
v 0.358620 3.030470 -2.324361
v 0.651242 2.573030 -1.926371
v 0.707038 2.516410 -1.843921
v 0.710988 2.535170 -1.776061
v 0.602337 2.627140 -2.009361
v 0.559186 2.689110 -2.012111
v 0.823396 2.437250 -1.685821
v 0.764292 2.468100 -1.766791
v 1.044230 2.458490 -1.534111
v 1.113880 2.534160 -1.488801
v 0.964935 2.407070 -1.594001
v 1.169220 2.626220 -1.454621
v 1.208570 2.729080 -1.430371
v 1.235390 2.837850 -1.413061
v 1.251100 2.949580 -1.399211
v 1.257940 3.062320 -1.386111
v 0.887274 2.390460 -1.670311
v 1.259930 3.174400 -1.371441
v 1.256300 3.282550 -1.351401
v 1.258040 3.342260 -1.391811
v 1.251550 3.450070 -1.368581
v 1.246190 3.560090 -1.344751
v 0.470952 2.815400 -2.170141
v 0.512484 2.748220 -2.091781
v 0.433997 2.887500 -2.247421
v 0.399426 2.962320 -2.325021
v 0.279550 3.176550 -2.391671
v 0.327992 3.105670 -2.398801
v 0.369259 3.038510 -2.401521
v 0.643052 2.563510 -2.005251
v 0.698691 2.502220 -1.920261
v 0.761282 2.443650 -1.836461
v 0.555378 2.684030 -2.089651
v 0.597740 2.619900 -2.087241
v 0.821708 2.407430 -1.753991
v 1.042160 2.415280 -1.601401
v 1.111540 2.491790 -1.556381
v 1.167350 2.583280 -1.521401
v 0.962175 2.362640 -1.660521
v 1.209280 2.683910 -1.494211
v 1.239960 2.791010 -1.474511
v 1.257230 2.901930 -1.460251
v 1.263300 3.014480 -1.447551
v 1.265510 3.126340 -1.432831
v 0.886093 2.356790 -1.740611
v 1.263080 3.236280 -1.414951
v 1.263050 3.299340 -1.457341
v 1.256950 3.407650 -1.434561
v 1.250440 3.517220 -1.410721
v 0.473543 2.818750 -2.246851
v 0.511875 2.748120 -2.168511
v 0.440210 2.893430 -2.323751
v 0.410577 2.970170 -2.400731
v 0.264522 3.235770 -2.464711
v 0.206166 3.398030 -2.575171
v 0.346398 3.114090 -2.478451
v 0.385121 3.046890 -2.479591
v 0.682933 2.500600 -1.999961
v 0.637400 2.554900 -2.083571
v 0.760564 2.416080 -1.910071
v 0.819664 2.379360 -1.825011
v 0.596318 2.615810 -2.164461
v 0.554497 2.682160 -2.166581
v 1.041650 2.368600 -1.667241
v 1.110410 2.447310 -1.622981
v 1.166210 2.539650 -1.587781
v 1.209760 2.639620 -1.559001
v 0.960891 2.324670 -1.730911
v 1.242510 2.745420 -1.536921
v 1.262520 2.855700 -1.521501
v 1.269180 2.967990 -1.509221
v 1.270300 3.080020 -1.495451
v 1.267870 3.190620 -1.478131
v 0.883312 2.325790 -1.812321
v 1.266250 3.255750 -1.522621
v 1.260300 3.364880 -1.500511
v 1.253830 3.474490 -1.476711
v 1.247580 3.585070 -1.451681
v 0.480466 2.824300 -2.322031
v 0.514440 2.750270 -2.245231
v 0.449860 2.900440 -2.399041
v 0.425132 2.978830 -2.477331
v 0.305813 3.178880 -2.474341
v 0.298393 3.260580 -2.557691
v 0.260763 3.330700 -2.573391
v 0.232143 3.437620 -2.637141
v 0.369943 3.127620 -2.556681
v 0.406115 3.057770 -2.556821
v 0.675744 2.489660 -2.078461
v 0.634494 2.547930 -2.161861
v 0.720152 2.443740 -1.993551
v 0.761390 2.385250 -1.984961
v 0.818502 2.352560 -1.898171
v 0.556641 2.682740 -2.243431
v 0.595238 2.613610 -2.241311
v 1.112340 2.400260 -1.688011
v 1.042080 2.323920 -1.735171
v 1.165070 2.496170 -1.654301
v 1.208850 2.596330 -1.624411
v 1.243720 2.700720 -1.599911
v 0.957984 2.292550 -1.804811
v 1.266210 2.810130 -1.582831
v 1.275010 2.922410 -1.571051
v 1.274710 3.034810 -1.558691
v 1.271650 3.145800 -1.542281
v 0.880086 2.300040 -1.886621
v 1.268710 3.212430 -1.588401
v 1.262040 3.322090 -1.566471
v 1.255300 3.431950 -1.542761
v 1.249810 3.542100 -1.517861
v 0.490660 2.831720 -2.396511
v 0.519953 2.754530 -2.320071
v 0.463435 2.909090 -2.473721
v 0.443328 2.987670 -2.553971
v 0.334406 3.195560 -2.555421
v 0.215387 3.530230 -2.695961
v 0.266138 3.478830 -2.695661
v 0.445961 3.077380 -2.621771
v 0.409851 3.147460 -2.623771
v 0.714655 2.425450 -2.072721
v 0.670816 2.479920 -2.157991
v 0.632387 2.543740 -2.239551
v 0.756762 2.362240 -2.063111
v 0.814366 2.326560 -1.972711
v 0.560765 2.685570 -2.318611
v 0.598388 2.614850 -2.317441
v 1.166600 2.451060 -1.720231
v 1.114970 2.354020 -1.755011
v 1.039210 2.285480 -1.807601
v 1.207730 2.553100 -1.690301
v 1.242360 2.657450 -1.663881
v 1.266630 2.765530 -1.643631
v 0.953471 2.266090 -1.880251
v 1.278570 2.877330 -1.631411
v 1.278290 2.990290 -1.621631
v 1.274610 3.102120 -1.607611
v 0.877018 2.277380 -1.961651
v 1.270800 3.169810 -1.654931
v 1.263480 3.279790 -1.632821
v 1.255750 3.389500 -1.608931
v 1.249540 3.499690 -1.584061
v 1.245210 3.610150 -1.558311
v 0.503202 2.839690 -2.469661
v 0.529724 2.761260 -2.393841
v 0.483431 2.919060 -2.546711
v 0.482512 3.006420 -2.620661
v 0.370470 3.214660 -2.631051
v 0.336069 3.282890 -2.634121
v 0.263596 3.575150 -2.742811
v 0.313876 3.522210 -2.741081
v 0.309033 3.428960 -2.692981
v 0.272393 3.394350 -2.633441
v 0.462010 3.172490 -2.677091
v 0.500712 3.103330 -2.667701
v 0.707810 2.412250 -2.154011
v 0.667786 2.473260 -2.237391
v 0.632017 2.541680 -2.316311
v 0.746224 2.346840 -2.148321
v 0.809421 2.301750 -2.047441
v 0.568241 2.690550 -2.392831
v 0.604299 2.618520 -2.392081
v 1.168990 2.407620 -1.787131
v 1.206900 2.510850 -1.756931
v 1.112130 2.316690 -1.827601
v 1.033610 2.259100 -1.884771
v 1.241310 2.614730 -1.728701
v 1.266570 2.722040 -1.705901
v 1.278380 2.832760 -1.689761
v 0.949371 2.245860 -1.956801
v 1.279520 2.946720 -1.684861
v 1.276040 3.059250 -1.674071
v 0.871967 2.251340 -2.034891
v 1.265110 3.238050 -1.700181
v 1.271340 3.128210 -1.723011
v 1.257000 3.347620 -1.675661
v 1.248890 3.457550 -1.650371
v 1.243870 3.567810 -1.624531
v 0.526847 2.851640 -2.539121
v 0.543494 2.769810 -2.466071
v 0.520422 2.935730 -2.613101
v 0.539773 3.034410 -2.659951
v 0.422651 3.241690 -2.686901
v 0.300118 3.350450 -2.633911
v 0.385907 3.311140 -2.688401
v 0.368797 3.567140 -2.778781
v 0.359861 3.467080 -2.739421
v 0.346897 3.373870 -2.690831
v 0.528936 3.205200 -2.703231
v 0.566250 3.134610 -2.695111
v 0.701900 2.402340 -2.235351
v 0.665848 2.468900 -2.315371
v 0.635934 2.544470 -2.392031
v 0.799251 2.281600 -2.119001
v 0.736289 2.334820 -2.235661
v 0.581553 2.698810 -2.463611
v 0.614940 2.625940 -2.464561
v 1.166940 2.369000 -1.857641
v 1.208040 2.469320 -1.823921
v 1.239850 2.573350 -1.794681
v 1.106970 2.286220 -1.902861
v 1.027080 2.237940 -1.961721
v 1.262850 2.680180 -1.769421
v 1.276060 2.789240 -1.748311
v 1.274560 2.910030 -1.768591
v 0.942908 2.218580 -2.029771
v 1.275030 3.017820 -1.741761
v 0.867832 2.222690 -2.104381
v 1.265230 3.197330 -1.768961
v 1.258430 3.306630 -1.743001
v 1.269010 3.087960 -1.792921
v 1.249390 3.416130 -1.717291
v 1.241980 3.526040 -1.690961
v 0.566549 2.782200 -2.533901
v 0.562837 2.870010 -2.597621
v 0.577350 2.964920 -2.654801
v 0.604398 3.066450 -2.683801
v 0.486649 3.276190 -2.718321
v 0.444275 3.347080 -2.726201
v 0.429270 3.615290 -2.800661
v 0.417160 3.509100 -2.772391
v 0.402777 3.409150 -2.734401
v 0.598514 3.234700 -2.721251
v 0.635805 3.167630 -2.707361
v 0.699310 2.396620 -2.314921
v 0.668212 2.470380 -2.391321
v 0.644576 2.551060 -2.465741
v 0.811643 2.234680 -2.172751
v 0.778033 2.284750 -2.164531
v 0.730609 2.323840 -2.314871
v 0.766888 2.267200 -2.237151
v 0.636358 2.640000 -2.534911
v 0.602431 2.711360 -2.532561
v 1.162750 2.336450 -1.930851
v 1.206920 2.431080 -1.893211
v 1.239830 2.533280 -1.861841
v 1.261050 2.639270 -1.834111
v 1.099400 2.259400 -1.978231
v 1.019570 2.211870 -2.035441
v 1.272310 2.747310 -1.809251
v 1.274110 2.856920 -1.787291
v 1.267580 2.981320 -1.822591
v 0.937748 2.191480 -2.101111
v 0.862797 2.189580 -2.170481
v 1.262190 3.157110 -1.838491
v 1.258180 3.266130 -1.811461
v 1.249860 3.375220 -1.784451
v 1.261060 3.049530 -1.867091
v 1.240970 3.484780 -1.757721
v 1.236180 3.594540 -1.730941
v 0.601477 2.800780 -2.594171
v 0.616825 2.896580 -2.643901
v 0.642529 2.998340 -2.674121
v 0.672735 3.099930 -2.696801
v 0.555953 3.307490 -2.737941
v 0.504639 3.389160 -2.753661
v 0.478928 3.556610 -2.789181
v 0.463421 3.451630 -2.761471
v 0.670194 3.264690 -2.727151
v 0.705742 3.200620 -2.711671
v 0.699305 2.396210 -2.392191
v 0.673255 2.475870 -2.465611
v 0.663597 2.566230 -2.541621
v 0.801526 2.206220 -2.239671
v 0.728263 2.319780 -2.392841
v 0.759766 2.251770 -2.314041
v 0.673468 2.661990 -2.597501
v 0.640793 2.732520 -2.592181
v 1.156380 2.306280 -2.004751
v 1.203800 2.396320 -1.964731
v 1.236770 2.495930 -1.930351
v 1.258810 2.600390 -1.900281
v 1.268630 2.707310 -1.872991
v 1.092180 2.231300 -2.051511
v 1.013240 2.183660 -2.106681
v 1.268930 2.814680 -1.845241
v 1.262300 2.880870 -1.876011
v 1.256720 2.945650 -1.904701
v 0.932065 2.158270 -2.168411
v 0.854864 2.154670 -2.236341
v 1.253770 3.117980 -1.910021
v 1.253550 3.226250 -1.880671
v 1.248580 3.335110 -1.852241
v 1.239780 3.444130 -1.824651
v 1.250280 3.012090 -1.942281
v 1.232160 3.553550 -1.797191
v 0.656625 2.829150 -2.635401
v 0.681167 2.930340 -2.664381
v 0.709917 3.031590 -2.685251
v 0.742006 3.134120 -2.698521
v 0.635314 3.325440 -2.742711
v 0.566044 3.436500 -2.771021
v 0.602396 3.380710 -2.756631
v 0.542522 3.604120 -2.801101
v 0.524683 3.495560 -2.784231
v 0.739151 3.299650 -2.719191
v 0.773103 3.236220 -2.699411
v 0.700911 2.400190 -2.467291
v 0.684408 2.489980 -2.549581
v 0.701602 2.590300 -2.610101
v 0.793652 2.182100 -2.311441
v 0.728779 2.323330 -2.469891
v 0.757481 2.243500 -2.392631
v 0.695095 2.760850 -2.633051
v 0.725770 2.689500 -2.644501
v 1.199180 2.363990 -2.037101
v 1.150790 2.274710 -2.077511
v 1.233190 2.461500 -2.000761
v 1.254050 2.564030 -1.968671
v 1.265000 2.669280 -1.938351
v 1.264140 2.775610 -1.908811
v 1.086990 2.199440 -2.121831
v 1.007410 2.146540 -2.173021
v 1.255910 2.843130 -1.942881
v 1.248380 2.909400 -1.976721
v 0.922488 2.116760 -2.232321
v 0.843258 2.120160 -2.304861
v 1.242770 3.079750 -1.982111
v 1.244590 3.186970 -1.950771
v 1.242870 3.295500 -1.920801
v 1.237080 3.404190 -1.891941
v 1.228090 3.513150 -1.863681
v 1.240130 2.975520 -2.014671
v 0.719158 2.860590 -2.658311
v 0.747922 2.962460 -2.675821
v 0.778451 3.065780 -2.683611
v 0.807978 3.169590 -2.681231
v 0.705253 3.361590 -2.740011
v 0.631525 3.481780 -2.775791
v 0.669750 3.421590 -2.758421
v 0.588748 3.542840 -2.789411
v 0.836026 3.272890 -2.673891
v 0.803173 3.337580 -2.697641
v 0.706959 2.410470 -2.537231
v 0.725315 2.519620 -2.633811
v 0.752879 2.618230 -2.660211
v 0.787067 2.167410 -2.390181
v 0.753594 2.246290 -2.473861
v 0.729736 2.333850 -2.544511
v 0.755202 2.789730 -2.661421
v 0.787520 2.718340 -2.673501
v 1.228490 2.428890 -2.072821
v 1.195150 2.331040 -2.108921
v 1.149400 2.237970 -2.146521
v 1.249120 2.530470 -2.038111
v 1.260290 2.634040 -2.006021
v 1.260780 2.738640 -1.974871
v 1.083650 2.158530 -2.187021
v 1.000190 2.099670 -2.233821
v 1.251430 2.807140 -2.009041
v 1.241240 2.875240 -2.043201
v 0.911617 2.076560 -2.299441
v 0.829430 2.094040 -2.382171
v 1.230720 3.041620 -2.055891
v 1.232970 3.148200 -2.022471
v 1.233280 3.256350 -1.990141
v 1.229750 3.364950 -1.959591
v 1.221790 3.473380 -1.930281
v 1.216010 3.582160 -1.901931
v 1.229850 2.940360 -2.084841
v 0.784748 2.891290 -2.670491
v 0.815140 2.994910 -2.671091
v 0.844263 3.100400 -2.664201
v 0.869057 3.205930 -2.651231
v 0.770455 3.401010 -2.723381
v 0.696770 3.526250 -2.768371
v 0.735628 3.463630 -2.747411
v 0.654033 3.589440 -2.785881
v 0.860200 3.375720 -2.662961
v 0.891229 3.309890 -2.635801
v 0.776846 2.546840 -2.680091
v 0.719269 2.425980 -2.598541
v 0.749324 2.448640 -2.655431
v 0.815958 2.646670 -2.690581
v 0.779469 2.167570 -2.476311
v 0.752035 2.257090 -2.555301
v 0.737377 2.351410 -2.614871
v 0.820715 2.819270 -2.673601
v 0.854561 2.747100 -2.684211
v 1.225810 2.395310 -2.144621
v 1.245950 2.497750 -2.109971
v 1.194950 2.293300 -2.178711
v 1.149210 2.196020 -2.212611
v 1.255530 2.600670 -2.075351
v 1.256560 2.704250 -2.041641
v 1.080180 2.112270 -2.248631
v 0.990807 2.055290 -2.297411
v 1.246290 2.773800 -2.075411
v 1.233980 2.843560 -2.107401
v 0.893528 2.036510 -2.369811
v 0.810142 2.087000 -2.472721
v 1.214900 2.999920 -2.138781
v 1.219480 3.109630 -2.095171
v 1.221330 3.217530 -2.060361
v 1.218770 3.326180 -2.027961
v 1.212560 3.434130 -1.997061
v 1.206500 3.542510 -1.967901
v 1.222430 2.917310 -2.131651
v 0.851737 2.921710 -2.664231
v 0.879767 3.027420 -2.650231
v 0.903743 3.135970 -2.631981
v 0.922793 3.242360 -2.610951
v 0.829825 3.440820 -2.692801
v 0.760925 3.570220 -2.749991
v 0.798638 3.505560 -2.723301
v 0.940775 3.346550 -2.590881
v 0.911914 3.413550 -2.620421
v 0.800328 2.475270 -2.699521
v 0.841655 2.574680 -2.708641
v 0.766873 2.376620 -2.676591
v 0.884827 2.674820 -2.700601
v 0.768601 2.180430 -2.574091
v 0.755034 2.276740 -2.633251
v 0.887765 2.847930 -2.663601
v 0.923036 2.774000 -2.671901
v 1.244710 2.465090 -2.181911
v 1.226090 2.357890 -2.214551
v 1.252850 2.568810 -2.147041
v 1.197240 2.249780 -2.245081
v 1.148900 2.149290 -2.275191
v 1.251800 2.671380 -2.110591
v 1.072920 2.062060 -2.307271
v 0.976658 2.003810 -2.358541
v 1.240340 2.742050 -2.143631
v 1.225630 2.813120 -2.173611
v 1.202650 3.070000 -2.171691
v 1.207550 3.179270 -2.131591
v 1.206260 3.287650 -2.096791
v 1.200200 3.395420 -2.064191
v 1.194220 3.503370 -2.033651
v 1.210880 2.885740 -2.198561
v 0.916275 2.950340 -2.639821
v 0.938480 3.060360 -2.614071
v 0.955185 3.173100 -2.589221
v 0.970711 3.278710 -2.564171
v 0.883379 3.479660 -2.652591
v 0.853393 3.546050 -2.685701
v 0.819665 3.612770 -2.717571
v 0.956881 3.450620 -2.571021
v 0.984172 3.382970 -2.539731
v 0.863812 2.501940 -2.727611
v 0.816644 2.404250 -2.723391
v 0.911505 2.601470 -2.718901
v 0.780172 2.304150 -2.699161
v 0.955825 2.701550 -2.687971
v 0.769357 2.203490 -2.657601
v 0.952093 2.873440 -2.635721
v 0.986250 2.798050 -2.639621
v 1.249470 2.538670 -2.220161
v 1.244620 2.429500 -2.252151
v 1.230250 2.316010 -2.281961
v 1.247740 2.640630 -2.182631
v 1.197110 2.200580 -2.308331
v 1.148120 2.097550 -2.334421
v 1.063580 2.007170 -2.361241
v 0.870770 2.021750 -2.428231
v 0.933293 1.942150 -2.443651
v 1.233690 2.711640 -2.215041
v 1.216040 2.782700 -2.243391
v 1.189270 3.141160 -2.203751
v 1.182570 3.033130 -2.246581
v 1.197000 2.960190 -2.220611
v 1.192040 3.249680 -2.166251
v 1.187040 3.357360 -2.131641
v 1.180000 3.464670 -2.099571
v 1.176770 3.572440 -2.069761
v 1.197240 2.854740 -2.269081
v 0.974433 2.977070 -2.598361
v 0.987497 3.099100 -2.568041
v 1.000000 3.210310 -2.539041
v 1.012270 3.314770 -2.510911
v 0.930720 3.517700 -2.605341
v 0.904062 3.585270 -2.640841
v 1.021870 3.419240 -2.484291
v 0.996684 3.487080 -2.516991
v 0.934157 2.527650 -2.737771
v 0.883858 2.428710 -2.744141
v 0.830558 2.332460 -2.746031
v 0.983764 2.627510 -2.707521
v 0.789671 2.233100 -2.726901
v 1.020420 2.723590 -2.648601
v 0.785504 2.106330 -2.607051
v 0.784116 2.131960 -2.685481
v 1.007900 2.896600 -2.590401
v 1.039090 2.818900 -2.590271
v 1.247580 2.510050 -2.292891
v 1.242040 2.612020 -2.256901
v 1.244400 2.385880 -2.318401
v 1.228720 2.263490 -2.344151
v 1.201060 2.152950 -2.372291
v 1.134480 2.032230 -2.381981
v 1.061640 1.949710 -2.409821
v 0.976672 1.949110 -2.413741
v 0.848011 2.007000 -2.486651
v 0.884458 1.925890 -2.513441
v 1.225560 2.683700 -2.289831
v 1.204220 2.755170 -2.317021
v 0.797823 2.096670 -2.539891
v 0.822793 2.015720 -2.561051
v 1.172580 3.212650 -2.235271
v 1.167140 3.104930 -2.274781
v 1.178270 2.927270 -2.293251
v 1.159990 2.999690 -2.318101
v 1.171230 3.319860 -2.199261
v 1.164980 3.426720 -2.165611
v 1.159630 3.533750 -2.134241
v 1.180750 2.826500 -2.340671
v 1.028070 2.997730 -2.543871
v 1.027820 3.142110 -2.516341
v 1.039290 3.246390 -2.483391
v 1.047810 3.350670 -2.453461
v 0.971828 3.554820 -2.551521
v 1.030340 3.523370 -2.457991
v 1.053570 3.455040 -2.424421
v 0.954132 2.452620 -2.755821
v 1.003960 2.549880 -2.726831
v 0.899042 2.357520 -2.769431
v 0.840219 2.263140 -2.776681
v 1.056060 2.650400 -2.659011
v 0.802825 2.162640 -2.755671
v 1.070900 2.742560 -2.593311
v 0.798256 2.061370 -2.715761
v 0.804160 2.034620 -2.637331
v 1.057400 2.918630 -2.531101
v 1.081650 2.839540 -2.529471
v 1.246500 2.449080 -2.347791
v 1.234500 2.586890 -2.333751
v 1.247140 2.351830 -2.388441
v 1.227080 2.208480 -2.404901
v 1.171680 2.059870 -2.403301
v 1.208670 2.110210 -2.439621
v 1.131620 1.972280 -2.431531
v 0.981484 1.895930 -2.459741
v 1.063960 1.892630 -2.456671
v 0.844669 1.941680 -2.585491
v 1.213450 2.657480 -2.369081
v 1.187850 2.729750 -2.391551
v 1.148940 3.176380 -2.303111
v 1.151700 3.283100 -2.266361
v 1.141070 3.071050 -2.343471
v 1.156880 2.897680 -2.364101
v 1.134220 2.969140 -2.387661
v 1.148340 3.389540 -2.231911
v 1.142410 3.495920 -2.199271
v 1.160780 2.801820 -2.410041
v 1.051930 3.078220 -2.496081
v 1.064940 3.177750 -2.457501
v 1.073810 3.281770 -2.424101
v 1.078650 3.386360 -2.392771
v 1.007090 3.591170 -2.492661
v 1.057590 3.559260 -2.395741
v 1.079650 3.491030 -2.361911
v 0.972900 2.377820 -2.772581
v 1.025670 2.472780 -2.744031
v 1.061490 2.567160 -2.698221
v 0.910667 2.289180 -2.803821
v 0.848354 2.196190 -2.812931
v 1.106480 2.668320 -2.597501
v 0.809511 2.093730 -2.790101
v 1.109210 2.761370 -2.532761
v 0.822125 1.963640 -2.663901
v 0.810415 1.990610 -2.744481
v 1.244970 2.415340 -2.416461
v 1.242130 2.495530 -2.368191
v 1.225840 2.571430 -2.390801
v 1.246990 2.326760 -2.461801
v 1.243270 2.264520 -2.433611
v 1.231500 2.169850 -2.475091
v 1.183580 2.012500 -2.466851
v 1.216810 2.067730 -2.507921
v 1.139580 1.910170 -2.479791
v 0.984620 1.831720 -2.502061
v 1.068530 1.828500 -2.497831
v 0.861658 1.868300 -2.613121
v 0.908043 1.846530 -2.543041
v 1.195270 2.632960 -2.454571
v 1.167800 2.707110 -2.464041
v 1.120650 3.141780 -2.369171
v 1.127660 3.247250 -2.332201
v 1.128310 3.353000 -2.297621
v 1.111730 3.039900 -2.410731
v 1.128450 2.870320 -2.439121
v 1.100730 2.942160 -2.459901
v 1.124600 3.458800 -2.264631
v 1.121290 3.564670 -2.233491
v 1.137860 2.780920 -2.471511
v 1.075440 3.013540 -2.477931
v 1.089170 3.108960 -2.433751
v 1.098530 3.212340 -2.395961
v 1.103730 3.317250 -2.361861
v 1.103750 3.422400 -2.329511
v 1.101440 3.527520 -2.297851
v 1.080640 3.595390 -2.331931
v 1.045890 2.395990 -2.760341
v 0.987114 2.305980 -2.800941
v 1.087590 2.489300 -2.709531
v 0.922713 2.220730 -2.837351
v 0.857481 2.128590 -2.848311
v 1.141700 2.686330 -2.533331
v 1.143410 2.594910 -2.598681
v 1.103980 2.579840 -2.658021
v 0.819375 2.024090 -2.823671
v 1.105050 2.854930 -2.484301
v 0.826108 1.920030 -2.772081
v 0.836378 1.892960 -2.691731
v 1.239100 2.392580 -2.489041
v 1.233580 2.481980 -2.439671
v 1.217180 2.555970 -2.447851
v 1.240720 2.233890 -2.504601
v 1.239830 2.301420 -2.529531
v 1.230540 2.132890 -2.547181
v 1.193990 1.950540 -2.527441
v 1.223350 2.022990 -2.576051
v 1.146880 1.840150 -2.521701
v 0.991267 1.761370 -2.539581
v 1.072650 1.758880 -2.531771
v 0.870915 1.795480 -2.642071
v 0.918576 1.773400 -2.577351
v 1.173550 2.612000 -2.531341
v 1.110200 2.409970 -2.719961
v 1.062340 2.318420 -2.777511
v 0.999971 2.233320 -2.827651
v 1.135610 2.503920 -2.659401
v 0.933920 2.150270 -2.867361
v 0.866103 2.059740 -2.884991
v 1.173460 2.519210 -2.596761
v 0.832653 1.952390 -2.853261
v 0.842662 1.848910 -2.798381
v 0.848141 1.821050 -2.718691
v 1.219090 2.366240 -2.575721
v 1.220210 2.462120 -2.513331
v 1.198850 2.536270 -2.524981
v 1.229150 2.204710 -2.574631
v 1.222590 2.280890 -2.591641
v 1.222440 2.100650 -2.622141
v 1.148860 1.768120 -2.553961
v 1.203240 1.865760 -2.577881
v 1.072430 1.687350 -2.563301
v 0.994500 1.689390 -2.570791
v 0.877698 1.722630 -2.670501
v 0.924966 1.701780 -2.608791
v 1.158110 2.424300 -2.661001
v 1.131340 2.329790 -2.729051
v 1.074160 2.241440 -2.797671
v 1.013090 2.163160 -2.858371
v 0.943564 2.083560 -2.905071
v 0.878548 1.987600 -2.915651
v 1.197340 2.441760 -2.589901
v 0.853006 1.880660 -2.876881
v 0.858015 1.775990 -2.822851
v 0.857938 1.748280 -2.745561
v 1.197600 2.262780 -2.657631
v 1.211380 2.182810 -2.644781
v 1.219280 1.967930 -2.628891
v 1.198350 2.084680 -2.705581
v 1.203260 1.790840 -2.609741
v 1.145360 1.696630 -2.587551
v 1.216410 1.896620 -2.659851
v 1.072440 1.616760 -2.597731
v 0.995890 1.617870 -2.602821
v 0.881426 1.649320 -2.698411
v 0.929065 1.629910 -2.639451
v 1.180160 2.343320 -2.662721
v 1.086110 2.165640 -2.821271
v 1.026240 2.093250 -2.889541
v 0.955298 2.013420 -2.940281
v 0.891489 1.914180 -2.943391
v 0.869954 1.806930 -2.898701
v 0.869553 1.700690 -2.846891
v 0.865769 1.674180 -2.771701
v 1.182120 2.170900 -2.712991
v 1.157270 2.250590 -2.723431
v 1.193130 1.718330 -2.644061
v 1.214010 1.820160 -2.688311
v 1.140040 1.626780 -2.624021
v 1.203430 1.920670 -2.743681
v 1.203900 2.001470 -2.722721
v 0.998976 1.547050 -2.635921
v 1.074790 1.546430 -2.632731
v 0.888805 1.575740 -2.727501
v 0.933473 1.557910 -2.670111
v 1.098060 2.092340 -2.844961
v 1.115720 2.246020 -2.760551
v 1.141720 2.166140 -2.769411
v 1.039270 2.022450 -2.918701
v 0.967713 1.939350 -2.966671
v 0.905945 1.839270 -2.964891
v 0.884595 1.729430 -2.920351
v 0.875962 1.621870 -2.871451
v 0.869797 1.598420 -2.797771
v 1.155650 2.087720 -2.781621
v 1.183340 1.645510 -2.675671
v 1.205600 1.744420 -2.717331
v 1.200460 1.843280 -2.768341
v 1.140330 1.557250 -2.661601
v 1.169150 1.936150 -2.822001
v 1.165040 2.012000 -2.800581
v 1.003550 1.475040 -2.664731
v 1.081170 1.476240 -2.665291
v 0.935315 1.483730 -2.696091
v 0.889716 1.500310 -2.753091
v 1.108690 2.019240 -2.867641
v 1.051370 1.949620 -2.948361
v 0.978130 1.863720 -2.991481
v 0.918076 1.762310 -2.984501
v 0.892725 1.643900 -2.943531
v 0.876639 1.541840 -2.896521
v 0.872419 1.521070 -2.823441
v 1.176020 1.570520 -2.699041
v 1.201930 1.668430 -2.743241
v 1.196090 1.766800 -2.792531
v 1.171660 1.860040 -2.845311
v 1.155370 1.490640 -2.705381
v 1.118460 1.945840 -2.893151
v 1.008080 1.402300 -2.689941
v 1.085010 1.405830 -2.695421
v 0.891802 1.423740 -2.777011
v 0.938842 1.409270 -2.720751
v 1.058780 1.872780 -2.968871
v 0.987831 1.788280 -3.008561
v 0.928448 1.663220 -3.007121
v 0.891070 1.560860 -2.968741
v 0.874582 1.443280 -2.847791
v 0.874670 1.463260 -2.921011
v 1.202720 1.591920 -2.762991
v 1.196130 1.689950 -2.815621
v 1.170540 1.782940 -2.867811
v 1.124100 1.869940 -2.915141
v 1.154440 1.419440 -2.733821
v 1.012390 1.329020 -2.712711
v 1.088490 1.333500 -2.718291
v 0.896221 1.346260 -2.800041
v 0.943783 1.334210 -2.743291
v 1.065210 1.797120 -2.987621
v 0.994411 1.717760 -3.027951
v 0.927345 1.575290 -3.034411
v 0.885561 1.482480 -2.994821
v 0.872370 1.386980 -2.943101
v 0.875721 1.363750 -2.870311
v 1.199290 1.612880 -2.836281
v 1.201020 1.514760 -2.778671
v 1.169790 1.706100 -2.887431
v 1.127200 1.793720 -2.934401
v 1.156490 1.345360 -2.752621
v 1.200440 1.438880 -2.796861
v 1.092750 1.259340 -2.734451
v 1.017080 1.254900 -2.731101
v 0.897072 1.265930 -2.816351
v 0.946875 1.257670 -2.759581
v 1.068520 1.722300 -3.003131
v 0.926295 1.497070 -3.057901
v 0.998036 1.650970 -3.038891
v 0.999785 1.576040 -3.054681
v 0.881773 1.405320 -3.017141
v 0.875441 1.275680 -2.889721
v 0.870645 1.324020 -2.959091
v 1.205220 1.536090 -2.855021
v 1.171360 1.628650 -2.905711
v 1.127080 1.716600 -2.951781
v 1.159830 1.270260 -2.767971
v 1.200960 1.362700 -2.813541
v 1.208920 1.459000 -2.872171
v 1.022150 1.180150 -2.743641
v 1.098750 1.184720 -2.748321
v 0.896520 1.185520 -2.827821
v 0.949414 1.180810 -2.770531
v 1.069930 1.647950 -3.017961
v 1.000540 1.498010 -3.069831
v 0.925198 1.418910 -3.079531
v 1.070810 1.571450 -3.032551
v 0.879370 1.332820 -3.036801
v 1.176010 1.551770 -2.924421
v 1.128790 1.640070 -2.968941
v 1.165280 1.194170 -2.780031
v 1.203230 1.286070 -2.828021
v 1.209340 1.380990 -2.887901
v 1.180730 1.474750 -2.942831
v 1.106550 1.109080 -2.760021
v 1.028650 1.104680 -2.753201
v 0.872279 1.188370 -2.901991
v 0.895770 1.107780 -2.832541
v 0.953000 1.104670 -2.776951
v 1.072440 1.494000 -3.048761
v 1.001570 1.420330 -3.087781
v 0.929638 1.341120 -3.095301
v 1.130140 1.563220 -2.985321
v 0.882875 1.260350 -3.049841
v 0.870569 1.265350 -2.970761
v 1.169120 1.117020 -2.789131
v 1.209910 1.208650 -2.836531
v 1.214010 1.302930 -2.900591
v 1.186220 1.396720 -2.959541
v 1.134120 1.486280 -3.003581
v 1.036600 1.028190 -2.758301
v 1.117270 1.031950 -2.768901
v 0.869133 1.185560 -2.981421
v 0.870594 1.109860 -2.907751
v 0.900523 1.030680 -2.832891
v 0.959532 1.026790 -2.779431
v 1.075300 1.416120 -3.064201
v 1.006530 1.342840 -3.103461
v 0.935469 1.264260 -3.104741
v 0.887198 1.184390 -3.058231
v 1.202470 1.041150 -2.820711
v 1.213360 1.127860 -2.838311
v 1.221140 1.223200 -2.910441
v 1.192590 1.317330 -2.973581
v 1.138820 1.408400 -3.019291
v 1.044430 0.950010 -2.756291
v 1.124930 0.953740 -2.768851
v 0.868548 1.108460 -2.987601
v 0.872615 1.034380 -2.908631
v 0.910301 0.932760 -2.826631
v 0.967825 0.943090 -2.773871
v 1.081480 1.338740 -3.078421
v 1.012700 1.266640 -3.114261
v 0.938504 1.187430 -3.116031
v 0.889217 1.106450 -3.064291
v 1.196220 0.953310 -2.813311
v 1.228390 1.142810 -2.912621
v 1.202940 1.234220 -2.985311
v 1.146030 1.329680 -3.034211
v 1.129560 0.876640 -2.761141
v 1.052180 0.872220 -2.746721
v 0.870133 1.031130 -2.988321
v 0.877486 0.963740 -2.905701
v 0.921846 0.843600 -2.812501
v 0.976576 0.862080 -2.761781
v 1.088720 1.261780 -3.090981
v 1.018120 1.191660 -3.124181
v 0.943582 1.108260 -3.121531
v 0.894812 1.027170 -3.061471
v 1.196080 0.875540 -2.802771
v 1.230990 1.050960 -2.903971
v 1.228470 0.943730 -2.887141
v 1.209080 1.150010 -2.990051
v 1.155780 1.240180 -3.048851
v 1.060980 0.796000 -2.734641
v 1.134640 0.800350 -2.750501
v 0.878362 0.954240 -2.987991
v 0.929704 0.770650 -2.793021
v 0.985744 0.786920 -2.744491
v 0.885388 0.894440 -2.897951
v 0.897227 0.823120 -2.885091
v 1.095520 1.192820 -3.102531
v 1.023790 1.115980 -3.135141
v 0.951228 1.027480 -3.115861
v 0.895701 0.950020 -3.037831
v 1.198680 0.799890 -2.788111
v 1.229770 0.867050 -2.870501
v 1.215520 0.998810 -2.979571
v 1.214720 0.926120 -2.964901
v 1.214370 1.071480 -2.988381
v 1.165300 1.143580 -3.058281
v 1.141260 0.723640 -2.736971
v 1.071720 0.719670 -2.721101
v 0.891179 0.877390 -2.985541
v 0.909001 0.751090 -2.864951
v 0.942789 0.697600 -2.772691
v 0.997734 0.711740 -2.727271
v 0.905506 0.803540 -2.967041
v 1.102550 1.127470 -3.110951
v 1.030010 1.035430 -3.135991
v 0.954110 0.947650 -3.095211
v 1.202190 0.723330 -2.773601
v 1.233070 0.792060 -2.851841
v 1.217610 0.850880 -2.944041
v 1.177160 0.907520 -3.032971
v 1.175330 0.985030 -3.050961
v 1.171330 1.063910 -3.059701
v 1.082310 0.641340 -2.701211
v 1.150670 0.645900 -2.719061
v 0.919525 0.730480 -2.941171
v 0.919870 0.679120 -2.839661
v 0.953123 0.617240 -2.743561
v 1.011410 0.633750 -2.706071
v 0.960842 0.793140 -3.034101
v 0.953842 0.869130 -3.066111
v 1.109410 1.049230 -3.114791
v 1.033300 0.954450 -3.117871
v 1.207770 0.643580 -2.757621
v 1.232020 0.715820 -2.833781
v 1.222770 0.777090 -2.921611
v 1.180020 0.831610 -3.008181
v 1.114570 0.889410 -3.078051
v 1.113310 0.968080 -3.103561
v 1.097360 0.563820 -2.673611
v 1.164760 0.568170 -2.694641
v 0.971720 0.719460 -3.002011
v 0.935523 0.659440 -2.910361
v 0.930545 0.608820 -2.813661
v 0.967222 0.517380 -2.702511
v 1.026930 0.549670 -2.674921
v 1.035750 0.874930 -3.093971
v 1.039710 0.797710 -3.062651
v 1.221770 0.561830 -2.736201
v 1.233570 0.631880 -2.831191
v 1.225470 0.704820 -2.894581
v 1.185520 0.757480 -2.981511
v 1.117910 0.812480 -3.050581
v 1.186120 0.496380 -2.663551
v 1.113380 0.492510 -2.640291
v 1.046930 0.724400 -3.026591
v 0.986487 0.649580 -2.963801
v 0.949489 0.589360 -2.878741
v 1.038660 0.477150 -2.638151
v 0.975726 0.446320 -2.665771
v 1.245600 0.488570 -2.709801
v 1.189960 0.685870 -2.950211
v 1.122820 0.737930 -3.019581
v 1.215710 0.431800 -2.627481
v 1.132390 0.429060 -2.601431
v 1.056300 0.654410 -2.987481
v 1.001450 0.581170 -2.925421
v 0.937327 0.544570 -2.787191
v 0.959383 0.519150 -2.848431
v 0.940317 0.476680 -2.756551
v 0.949821 0.406660 -2.722141
v 0.984553 0.379950 -2.629481
v 1.051020 0.414370 -2.599071
v 1.281120 0.426250 -2.676841
v 1.278020 0.463550 -2.773511
v 1.250610 0.534310 -2.799401
v 1.128460 0.667200 -2.982071
v 1.197760 0.618900 -2.914081
v 1.164510 0.357150 -2.568641
v 1.249520 0.360020 -2.598281
v 1.068310 0.585220 -2.947621
v 1.014740 0.509470 -2.892481
v 0.967596 0.447480 -2.817751
v 0.978111 0.375210 -2.786001
v 0.957175 0.335620 -2.688711
v 1.062710 0.352580 -2.563651
v 0.991347 0.319700 -2.584911
v 1.311050 0.398150 -2.745581
v 1.318830 0.363380 -2.644611
v 1.251520 0.423250 -2.829961
v 1.226240 0.493000 -2.855461
v 1.242090 0.583100 -2.815291
v 1.211160 0.556550 -2.882711
v 1.137290 0.598700 -2.944351
v 1.229140 0.298710 -2.504311
v 1.294260 0.311850 -2.544231
v 1.081950 0.514280 -2.914031
v 1.027820 0.437010 -2.860911
v 1.041640 0.363810 -2.829781
v 0.989524 0.301590 -2.751261
v 0.970771 0.270110 -2.645891
v 1.074320 0.301120 -2.517071
v 1.003450 0.264080 -2.535971
v 1.146200 0.321590 -2.531791
v 1.283580 0.353110 -2.809181
v 1.346130 0.333900 -2.713091
v 1.357930 0.310960 -2.598151
v 1.187070 0.388720 -2.855421
v 1.166310 0.460460 -2.881181
v 1.149940 0.529640 -2.913161
v 1.163110 0.286520 -2.471891
v 1.259620 0.257520 -2.438361
v 1.330280 0.263940 -2.484871
v 1.096830 0.441420 -2.883841
v 1.113480 0.367830 -2.855271
v 1.056370 0.289410 -2.797101
v 1.005550 0.233210 -2.709231
v 0.978151 0.207410 -2.597901
v 1.021140 0.212570 -2.483101
v 1.087730 0.261260 -2.458341
v 1.313540 0.281800 -2.782581
v 1.214000 0.315090 -2.834661
v 1.373280 0.267860 -2.675821
v 1.391190 0.254490 -2.549471
v 1.183720 0.244580 -2.407341
v 1.276540 0.185920 -2.400131
v 1.344540 0.190890 -2.448881
v 1.133140 0.293920 -2.824751
v 1.072760 0.217210 -2.759161
v 1.011740 0.162700 -2.668391
v 0.990452 0.148000 -2.545901
v 1.050870 0.160430 -2.433581
v 1.107010 0.213150 -2.403481
v 1.339740 0.211230 -2.746721
v 1.240430 0.240040 -2.810951
v 1.392060 0.205940 -2.630641
v 1.394520 0.181110 -2.512501
v 1.195650 0.174050 -2.378561
v 1.274390 0.098510 -2.405161
v 1.339950 0.106720 -2.442121
v 1.154450 0.221500 -2.791621
v 1.089190 0.149280 -2.716171
v 1.025430 0.098900 -2.617051
v 1.024440 0.097530 -2.491261
v 1.108920 0.103660 -2.397921
v 1.122350 0.150910 -2.386301
v 1.358300 0.147550 -2.697181
v 1.263080 0.165360 -2.776001
v 1.401150 0.144110 -2.582101
v 1.379200 0.115610 -2.484601
v 1.194880 0.097550 -2.391851
v 1.257660 0.040540 -2.464711
v 1.330560 0.045160 -2.493851
v 1.173880 0.152200 -2.751261
v 1.105300 0.086920 -2.665951
v 1.050770 0.051680 -2.558541
v 1.095650 0.054900 -2.444141
v 1.362210 0.099730 -2.636321
v 1.281660 0.097940 -2.724271
v 1.384500 0.082910 -2.536291
v 1.180680 0.040920 -2.446281
v 1.233050 0.044060 -2.547051
v 1.305210 0.052170 -2.570701
v 1.191240 0.091360 -2.698471
v 1.132750 0.054190 -2.598691
v 1.087710 0.041270 -2.501941
v 1.292510 0.067420 -2.648481
v 1.350360 0.065350 -2.575061
v 1.159460 0.038470 -2.523411
v 1.211790 0.060690 -2.626221
vn 0.0905 -0.8852 0.4563
vn -0.4126 -0.1441 0.8994
vn -0.5783 -0.1076 0.8087
vn -0.6266 -0.1190 0.7702
vn -0.7374 -0.1130 0.6659
vn -0.0938 -0.8894 0.4473
vn 0.0917 -0.7648 0.6377
vn -0.3516 0.0446 0.9351
vn -0.8324 -0.0530 0.5517
vn -0.3083 -0.8510 0.4251
vn -0.1059 -0.7943 0.5983
vn 0.1498 -0.6517 0.7436
vn -0.3056 0.1597 0.9387
vn -0.7454 -0.6500 0.1479
vn -0.5477 -0.8308 0.0987
vn -0.7510 -0.6278 0.2044
vn -0.9626 -0.0244 0.2698
vn -0.5742 -0.7959 0.1919
vn -0.7182 -0.6030 0.3472
vn -0.9428 -0.0221 0.3326
vn -0.4844 -0.7858 0.3846
vn -0.2858 -0.7625 0.5804
vn -0.0851 -0.6970 0.7120
vn 0.1008 -0.6409 0.7610
vn 0.3052 -0.5554 0.7735
vn 0.2128 -0.2794 0.9363
vn -0.0495 0.3763 0.9252
vn -0.0740 0.3608 0.9297
vn 0.4511 -0.4525 0.7692
vn -0.5209 -0.8508 0.0691
vn -0.9703 -0.0392 0.2388
vn -0.9697 -0.0354 0.2419
vn -0.5915 -0.7987 0.1108
vn -0.6346 -0.7607 0.1365
vn -0.6041 -0.7286 0.3227
vn -0.4144 -0.7391 0.5310
vn -0.1500 -0.7110 0.6870
vn 0.0779 -0.6636 0.7440
vn 0.2932 -0.5738 0.7647
vn 0.4635 -0.4710 0.7506
vn 0.5893 -0.3846 0.7105
vn 0.4521 -0.1671 0.8762
vn -0.9686 -0.0128 0.2483
vn -0.5717 -0.8148 0.0960
vn 0.0589 0.4168 0.9071
vn 0.6814 -0.3564 0.6393
vn 0.5602 -0.1532 0.8140
vn -0.6739 -0.7234 0.1504
vn -0.6407 -0.7524 0.1531
vn -0.5148 -0.7188 0.4673
vn -0.6947 -0.6945 0.1870
vn -0.6965 -0.6651 0.2693
vn -0.2253 -0.7224 0.6537
vn 0.0178 -0.6755 0.7372
vn 0.2841 -0.5924 0.7539
vn 0.4815 -0.4873 0.7285
vn 0.6376 -0.3778 0.6714
vn 0.7365 -0.3131 0.5996
vn -0.9633 -0.0196 0.2677
vn -0.9676 0.0124 0.2521
vn 0.7961 -0.2994 0.5258
vn 0.7555 -0.3369 0.5618
vn 0.2868 0.4698 0.8349
vn 0.1537 0.4589 0.8751
vn -0.7138 -0.6722 0.1966
vn -0.7468 -0.6388 0.1848
vn -0.6036 -0.6802 0.4159
vn -0.3204 -0.7179 0.6180
vn -0.7627 -0.6003 0.2406
vn -0.0761 -0.6761 0.7329
vn 0.2607 -0.6002 0.7561
vn 0.4877 -0.4923 0.7209
vn 0.6662 -0.3725 0.6461
vn 0.7691 -0.2890 0.5701
vn 0.8196 -0.2658 0.5076
vn 0.8560 -0.2533 0.4507
vn 0.8402 -0.2768 0.4664
vn 0.3795 0.5727 0.7266
vn -0.6737 -0.7185 0.1728
vn -0.7457 -0.6265 0.2268
vn -0.7787 -0.5866 0.2225
vn -0.6906 -0.6289 0.3571
vn -0.4105 -0.7052 0.5781
vn -0.7987 -0.5493 0.2458
vn 0.1709 -0.6035 0.7788
vn 0.2141 -0.5979 0.7725
vn -0.1494 -0.6982 0.7002
vn 0.4801 -0.4936 0.7251
vn 0.6714 -0.3643 0.6453
vn 0.7803 -0.2746 0.5619
vn 0.8305 -0.2367 0.5042
vn 0.8683 -0.2264 0.4414
vn 0.9000 -0.2064 0.3841
vn 0.8291 0.0575 0.5562
vn 0.3843 0.6175 0.6863
vn -0.9003 -0.3509 0.2577
vn -0.7748 -0.5925 0.2203
vn -0.7934 -0.5551 0.2499
vn -0.7476 -0.5891 0.3067
vn -0.8012 -0.5395 0.2587
vn 0.1191 -0.6436 0.7560
vn 0.3903 -0.5380 0.7472
vn 0.4646 -0.4963 0.7334
vn -0.2027 -0.7329 0.6494
vn -0.4226 -0.7176 0.5536
vn 0.6660 -0.3602 0.6532
vn 0.7795 -0.2587 0.5705
vn 0.8357 -0.2165 0.5048
vn 0.8774 -0.1903 0.4404
vn 0.9173 -0.1741 0.3582
vn -0.9493 0.1442 0.2793
vn -0.9471 0.1440 0.2867
vn -0.7722 -0.6047 0.1949
vn -0.9053 -0.3450 0.2477
vn -0.7935 -0.5703 0.2127
vn 0.8916 0.1506 0.4271
vn 0.4320 0.6812 0.5910
vn -0.8029 -0.5433 0.2452
vn -0.6293 -0.6607 0.4092
vn -0.5932 -0.6677 0.4498
vn -0.8060 -0.5347 0.2539
vn -0.7711 -0.5756 0.2722
vn -0.7684 -0.5737 0.2836
vn 0.0698 -0.6992 0.7115
vn 0.3866 -0.5581 0.7342
vn -0.2387 -0.7629 0.6008
vn -0.4571 -0.7235 0.5173
vn 0.6762 -0.3671 0.6387
vn 0.7814 -0.2475 0.5729
vn 0.8405 -0.1936 0.5060
vn 0.8867 -0.1591 0.4342
vn 0.9309 -0.1247 0.3434
vn 0.9598 -0.1129 0.2570
vn -0.7905 -0.5826 0.1889
vn -0.9162 -0.3398 0.2126
vn -0.9613 0.1478 0.2325
vn -0.9133 -0.3819 0.1415
vn -0.7847 -0.6091 0.1153
vn -0.8016 -0.5587 0.2129
vn -0.8091 -0.5412 0.2291
vn -0.9762 0.1327 0.1715
vn -0.7703 -0.6364 0.0400
vn -0.9739 0.1229 0.1910
vn -0.6644 -0.6570 0.3563
vn -0.8090 -0.5450 0.2203
vn -0.7674 -0.5889 0.2534
vn -0.7980 -0.5495 0.2473
vn -0.6815 -0.6603 0.3155
vn 0.0436 -0.7679 0.6391
vn 0.3891 -0.6055 0.6942
vn 0.5714 -0.4593 0.6801
vn 0.6072 -0.4607 0.6474
vn -0.4993 -0.7401 0.4505
vn -0.2603 -0.8077 0.5291
vn 0.8069 -0.2654 0.5277
vn 0.7214 -0.3682 0.5865
vn 0.8578 -0.1753 0.4832
vn 0.9002 -0.1320 0.4149
vn 0.9415 -0.0810 0.3272
vn 0.9680 -0.0662 0.2421
vn 0.4837 0.7712 0.4140
vn 0.4833 0.7643 0.4269
vn -0.8046 -0.5571 0.2057
vn -0.8114 -0.5660 0.1457
vn -0.8054 -0.5881 0.0737
vn -0.8089 -0.5491 0.2102
vn -0.9163 -0.4002 0.0162
vn -0.7959 -0.6054 -0.0103
vn -0.8033 -0.5594 0.2045
vn -0.7956 -0.5627 0.2243
vn -0.6888 -0.6649 0.2889
vn -0.7650 -0.5980 0.2390
vn -0.5286 -0.7566 0.3849
vn 0.0475 -0.8340 0.5498
vn 0.3930 -0.6927 0.6048
vn 0.6488 -0.4857 0.5858
vn 0.7714 -0.3602 0.5246
vn -0.2856 -0.8411 0.4593
vn 0.8436 -0.2817 0.4573
vn 0.8916 -0.1851 0.4133
vn 0.9231 -0.1130 0.3675
vn 0.9554 -0.0563 0.2899
vn 0.9734 -0.0237 0.2277
vn 0.9215 0.2713 0.2779
vn -0.8157 -0.5554 0.1618
vn -0.8040 -0.5611 0.1968
vn -0.8275 -0.5537 0.0929
vn -0.8221 -0.5690 0.0195
vn -0.7754 -0.6270 -0.0748
vn -0.8130 -0.5803 -0.0481
vn -0.7960 -0.5702 0.2030
vn -0.8021 -0.5645 0.1950
vn -0.5493 -0.7577 0.3524
vn -0.6973 -0.6610 0.2772
vn -0.7701 -0.5975 0.2233
vn 0.0424 -0.8677 0.4953
vn 0.3889 -0.7696 0.5064
vn 0.6763 -0.5424 0.4984
vn 0.8085 -0.3759 0.4528
vn 0.8722 -0.2750 0.4045
vn -0.3203 -0.8442 0.4297
vn 0.9182 -0.2001 0.3418
vn 0.9485 -0.1129 0.2959
vn 0.9683 -0.0453 0.2458
vn 0.9814 -0.0044 0.1921
vn 0.9867 -0.0027 0.1625
vn -0.8275 -0.5510 0.1079
vn -0.8061 -0.5677 0.1667
vn -0.8393 -0.5421 0.0416
vn -0.8356 -0.5488 -0.0244
vn -0.9853 0.1404 0.0970
vn -0.9863 0.1408 0.0859
vn -0.7910 -0.6022 -0.1082
vn -0.8252 -0.5591 -0.0808
vn -0.8025 -0.5660 0.1889
vn -0.8023 -0.5737 0.1651
vn -0.8075 -0.5658 0.1667
vn -0.5759 -0.7413 0.3447
vn -0.7121 -0.6489 0.2682
vn 0.0079 -0.8733 0.4871
vn 0.3749 -0.8012 0.4664
vn 0.6669 -0.6097 0.4284
vn 0.8256 -0.4049 0.3930
vn 0.8908 -0.2863 0.3529
vn 0.9317 -0.1977 0.3047
vn -0.3662 -0.8207 0.4386
vn 0.9626 -0.1187 0.2433
vn 0.9779 -0.0493 0.2034
vn 0.9868 0.0018 0.1617
vn 0.9905 0.0179 0.1361
vn 0.9244 0.3201 0.2073
vn 0.4776 0.8127 0.3338
vn -0.8389 -0.5412 0.0574
vn -0.8114 -0.5719 0.1205
vn -0.8485 -0.5292 -0.0063
vn -0.8443 -0.5324 -0.0611
vn -0.9859 0.1575 0.0563
vn -0.8053 -0.5758 -0.1410
vn -0.8338 -0.5398 -0.1154
vn -0.8101 -0.5595 0.1752
vn -0.8072 -0.5761 0.1289
vn -0.8162 -0.5607 0.1394
vn -0.6129 -0.7120 0.3427
vn -0.7775 -0.5921 0.2118
vn -0.7326 -0.6305 0.2566
vn 0.3550 -0.8036 0.4777
vn -0.0362 -0.8601 0.5088
vn 0.6425 -0.6566 0.3950
vn 0.8239 -0.4452 0.3507
vn 0.8973 -0.3060 0.3181
vn 0.9391 -0.2032 0.2772
vn 0.9688 -0.1185 0.2177
vn -0.4241 -0.7867 0.4486
vn 0.9833 -0.0562 0.1733
vn 0.9890 -0.0066 0.1479
vn 0.9939 0.0300 0.1060
vn 0.9952 0.0287 0.0941
vn -0.8482 -0.5295 0.0095
vn -0.8235 -0.5624 0.0742
vn -0.8545 -0.5173 -0.0466
vn -0.8492 -0.5187 -0.0987
vn -0.9821 0.1858 0.0323
vn -0.8172 -0.5489 -0.1757
vn -0.8383 -0.5229 -0.1545
vn -0.8235 -0.5449 0.1582
vn -0.8015 -0.5639 0.1991
vn -0.7879 -0.5800 0.2070
vn -0.8293 -0.5475 0.1117
vn -0.8183 -0.5673 0.0930
vn -0.6500 -0.6877 0.3235
vn -0.7517 -0.6120 0.2456
vn 0.3357 -0.8012 0.4953
vn 0.6296 -0.6646 0.4025
vn -0.0779 -0.8409 0.5356
vn 0.8116 -0.4916 0.3156
vn 0.8977 -0.3328 0.2888
vn 0.9421 -0.2186 0.2544
vn 0.9730 -0.1165 0.1994
vn 0.9871 -0.0578 0.1495
vn -0.4802 -0.7726 0.4153
vn 0.9926 -0.0114 0.1207
vn 0.9943 0.0219 0.1040
vn 0.9968 0.0382 0.0697
vn 0.9971 0.0422 0.0635
vn 0.4837 0.8349 0.2626
vn 0.4752 0.8346 0.2786
vn -0.8557 -0.5165 -0.0328
vn -0.8365 -0.5472 0.0283
vn -0.8569 -0.5084 -0.0855
vn -0.8498 -0.5072 -0.1432
vn -0.9780 0.2087 0.0082
vn -0.8251 -0.5193 -0.2224
vn -0.8381 -0.5062 -0.2033
vn -0.8398 -0.5259 0.1347
vn -0.8171 -0.5447 0.1887
vn -0.7662 -0.5992 0.2323
vn -0.8316 -0.5531 0.0501
vn -0.8444 -0.5308 0.0726
vn -0.6762 -0.6737 0.2979
vn 0.3180 -0.7878 0.5274
vn 0.6235 -0.6633 0.4138
vn 0.7985 -0.5121 0.3165
vn -0.1334 -0.8483 0.5125
vn 0.8913 -0.3693 0.2630
vn 0.9419 -0.2403 0.2346
vn 0.9754 -0.1216 0.1839
vn 0.9900 -0.0514 0.1311
vn 0.9955 -0.0118 0.0942
vn -0.5148 -0.7748 0.3670
vn 0.9971 0.0232 0.0725
vn 0.9985 0.0434 0.0344
vn 0.9982 0.0519 0.0316
vn 0.9284 0.3556 0.1078
vn -0.8591 -0.5055 -0.0805
vn -0.8460 -0.5329 -0.0178
vn -0.8541 -0.5030 -0.1322
vn -0.8458 -0.4972 -0.1933
vn -0.9733 0.2285 -0.0240
vn -0.8284 -0.4789 -0.2906
vn -0.8368 -0.4817 -0.2603
vn -0.8403 -0.5176 0.1612
vn -0.8581 -0.5039 0.0988
vn -0.7741 -0.5895 0.2308
vn -0.6916 -0.6688 0.2727
vn -0.8606 -0.5083 0.0327
vn -0.8452 -0.5344 0.0032
vn 0.2860 -0.7962 0.5331
vn 0.6181 -0.6488 0.4438
vn 0.7908 -0.5189 0.3245
vn 0.8825 -0.3936 0.2574
vn -0.1902 -0.8735 0.4481
vn 0.9391 -0.2675 0.2157
vn 0.9759 -0.1362 0.1702
vn 0.9920 -0.0433 0.1184
vn 0.9970 -0.0055 0.0766
vn 0.9986 0.0264 0.0468
vn -0.5319 -0.7826 0.3234
vn 0.9987 0.0501 0.0109
vn 0.9983 0.0575 0.0011
vn 0.9985 0.0555 0.0027
vn -0.8577 -0.4964 -0.1340
vn -0.8523 -0.5188 -0.0664
vn -0.8483 -0.4955 -0.1864
vn -0.8375 -0.4883 -0.2453
vn -0.9231 -0.2638 -0.2796
vn -0.7868 -0.4355 -0.4373
vn -0.7920 -0.4330 -0.4305
vn -0.8573 -0.4979 0.1307
vn -0.8750 -0.4800 0.0632
vn -0.8248 -0.5331 0.1882
vn -0.7816 -0.5819 0.2247
vn -0.6939 -0.6708 0.2620
vn -0.8582 -0.5116 -0.0426
vn -0.8782 -0.4782 -0.0078
vn 0.6141 -0.6416 0.4595
vn 0.2428 -0.8455 0.4755
vn 0.7944 -0.5048 0.3378
vn 0.8787 -0.4050 0.2526
vn 0.9359 -0.2901 0.1999
vn -0.2309 -0.8988 0.3725
vn 0.9764 -0.1583 0.1468
vn 0.9943 -0.0430 0.0975
vn 0.9982 0.0060 0.0596
vn 0.9990 0.0331 0.0304
vn -0.5343 -0.7964 0.2834
vn 0.9983 0.0579 -0.0018
vn 0.9977 0.0651 -0.0160
vn 0.9978 0.0621 -0.0248
vn 0.9313 0.3610 0.0479
vn 0.4780 0.8553 0.2000
vn -0.8496 -0.4954 -0.1809
vn -0.8576 -0.4999 -0.1211
vn -0.8300 -0.4966 -0.2541
vn -0.7853 -0.4604 -0.4140
vn -0.7791 -0.4489 -0.4376
vn -0.9509 0.2730 -0.1462
vn -0.9204 -0.1047 -0.3768
vn -0.6300 -0.3672 -0.6843
vn -0.6494 -0.4010 -0.6461
vn -0.8434 -0.5108 0.1666
vn -0.8777 -0.4695 0.0960
vn -0.8908 -0.4535 0.0294
vn -0.8015 -0.5590 0.2122
vn -0.6926 -0.6718 0.2627
vn -0.8682 -0.4870 -0.0949
vn -0.8926 -0.4464 -0.0630
vn 0.8070 -0.4817 0.3416
vn 0.6106 -0.6811 0.4040
vn 0.1999 -0.9045 0.3767
vn 0.8813 -0.4007 0.2507
vn 0.9351 -0.3035 0.1831
vn 0.9769 -0.1756 0.1214
vn -0.2458 -0.9217 0.3000
vn 0.9970 -0.0538 0.0565
vn 0.9995 0.0141 0.0295
vn 0.9992 0.0388 0.0118
vn -0.5260 -0.7982 0.2934
vn 0.9981 0.0590 -0.0157
vn 0.9972 0.0722 -0.0205
vn 0.9968 0.0729 -0.0341
vn 0.9974 0.0574 -0.0426
vn -0.8242 -0.4974 -0.2707
vn -0.8562 -0.4836 -0.1819
vn -0.7589 -0.4991 -0.4183
vn -0.6016 -0.3764 -0.7045
vn -0.6724 -0.4057 -0.6191
vn -0.6775 -0.3954 -0.6202
vn -0.7691 0.3673 -0.5231
vn -0.5827 -0.0866 -0.8081
vn -0.6645 -0.1497 -0.7321
vn -0.5078 -0.4310 -0.7460
vn -0.5912 -0.4922 -0.6389
vn -0.8876 0.2661 -0.3758
vn -0.4055 -0.3374 -0.8495
vn -0.3835 -0.2997 -0.8736
vn -0.8669 -0.4794 0.1368
vn -0.8949 -0.4421 0.0608
vn -0.9054 -0.4237 -0.0270
vn -0.8396 -0.5022 0.2071
vn -0.7045 -0.6561 0.2707
vn -0.8723 -0.4606 -0.1644
vn -0.8997 -0.4156 -0.1335
vn 0.8161 -0.4962 0.2962
vn 0.8897 -0.3833 0.2482
vn 0.5941 -0.7423 0.3098
vn 0.1643 -0.9420 0.2926
vn 0.9374 -0.3026 0.1724
vn 0.9781 -0.1855 0.0946
vn 0.9981 -0.0586 0.0208
vn -0.2427 -0.9195 0.3093
vn 0.9997 0.0094 -0.0215
vn 0.9991 0.0389 -0.0170
vn -0.5271 -0.7842 0.3275
vn 0.9971 0.0689 -0.0324
vn 0.9978 0.0511 -0.0416
vn 0.9960 0.0826 -0.0336
vn 0.9963 0.0717 -0.0478
vn 0.4845 0.8629 0.1437
vn 0.4821 0.8630 0.1506
vn -0.7481 -0.4910 -0.4464
vn -0.8354 -0.4712 -0.2831
vn -0.5741 -0.4366 -0.6927
vn -0.3441 -0.2789 -0.8966
vn -0.4452 -0.3335 -0.8310
vn -0.9143 0.2078 -0.3476
vn -0.6397 -0.4395 -0.6306
vn -0.4963 -0.3262 -0.8045
vn -0.3560 -0.3507 -0.8662
vn -0.5234 -0.3745 -0.7654
vn -0.1864 -0.2683 -0.9451
vn -0.1733 -0.2357 -0.9562
vn -0.8912 -0.4432 0.0964
vn -0.9081 -0.4187 0.0049
vn -0.9147 -0.3918 -0.0996
vn -0.7269 -0.6068 0.3216
vn -0.8895 -0.4333 0.1450
vn -0.8591 -0.4325 -0.2736
vn -0.8905 -0.3800 -0.2502
vn 0.8071 -0.5432 0.2311
vn 0.8981 -0.3814 0.2188
vn 0.9418 -0.2914 0.1675
vn 0.5598 -0.7907 0.2478
vn 0.1399 -0.9448 0.2963
vn 0.9802 -0.1824 0.0777
vn 0.9982 -0.0599 -0.0066
vn 0.9968 0.0132 -0.0789
vn -0.2382 -0.9025 0.3588
vn 0.9976 0.0267 -0.0644
vn -0.5243 -0.7616 0.3810
vn 0.9965 0.0581 -0.0604
vn 0.9955 0.0840 -0.0444
vn 0.9957 0.0322 -0.0868
vn 0.9949 0.0876 -0.0493
vn 0.9258 0.3780 0.0033
vn -0.7689 -0.4431 -0.4610
vn -0.5810 -0.4390 -0.6853
vn -0.3147 -0.3008 -0.9003
vn -0.1521 -0.2204 -0.9635
vn -0.2327 -0.2817 -0.9309
vn -0.2961 -0.2850 -0.9116
vn -0.2010 -0.2796 -0.9388
vn -0.6040 0.4523 -0.6562
vn -0.3288 -0.3227 -0.8875
vn -0.0543 -0.2363 -0.9702
vn -0.0351 -0.1963 -0.9799
vn -0.9127 -0.4068 0.0385
vn -0.9194 -0.3886 -0.0611
vn -0.9174 -0.3425 -0.2028
vn -0.7097 -0.5992 0.3706
vn -0.8103 -0.5148 0.2799
vn -0.9183 -0.3880 0.0792
vn -0.8646 -0.4543 0.2146
vn -0.8355 -0.3214 -0.4458
vn -0.7960 -0.3927 -0.4607
vn 0.7866 -0.5868 0.1922
vn 0.8992 -0.4025 0.1716
vn 0.9481 -0.2854 0.1404
vn 0.9834 -0.1674 0.0704
vn 0.5199 -0.8167 0.2503
vn 0.1227 -0.9297 0.3472
vn 0.9982 -0.0557 -0.0243
vn 0.9965 0.0178 -0.0816
vn 0.9933 0.0145 -0.1144
vn -0.2365 -0.8791 0.4139
vn -0.5191 -0.7327 0.4401
vn 0.9935 0.0425 -0.1060
vn 0.9941 0.0747 -0.0792
vn 0.9933 0.0957 -0.0654
vn 0.9915 0.0124 -0.1298
vn 0.9939 0.0829 -0.0722
vn -0.6037 -0.3754 -0.7033
vn -0.3261 -0.3115 -0.8925
vn -0.1332 -0.2090 -0.9688
vn -0.0133 -0.1766 -0.9842
vn -0.0872 -0.2601 -0.9616
vn -0.1478 -0.2607 -0.9540
vn -0.2773 0.0854 -0.9570
vn -0.5339 0.5218 -0.6654
vn -0.1830 -0.2686 -0.9457
vn 0.1050 -0.1950 -0.9752
vn 0.1343 -0.1505 -0.9794
vn -0.9280 -0.3721 -0.0215
vn -0.9310 -0.3377 -0.1387
vn -0.8813 -0.2530 -0.3992
vn -0.7607 -0.5658 0.3180
vn -0.9348 -0.3548 0.0147
vn -0.9062 -0.4023 0.1301
vn -0.7060 -0.2083 -0.6769
vn -0.6396 -0.3003 -0.7077
vn 0.7628 -0.6168 0.1940
vn 0.8931 -0.4270 0.1414
vn 0.9531 -0.2855 0.1005
vn 0.9859 -0.1615 0.0443
vn 0.9990 -0.0389 -0.0236
vn 0.4830 -0.8197 0.3079
vn 0.1008 -0.8996 0.4250
vn 0.9950 0.0264 -0.0962
vn 0.9919 0.0361 -0.1220
vn 0.9908 0.0230 -0.1332
vn -0.2526 -0.8249 0.5058
vn -0.5619 -0.6997 0.4413
vn 0.9885 0.0278 -0.1486
vn 0.9898 0.0592 -0.1293
vn 0.9903 0.0906 -0.1054
vn 0.9901 0.1022 -0.0963
vn 0.9883 0.0168 -0.1514
vn 0.4737 0.8741 0.1076
vn 0.4771 0.8708 0.1188
vn -0.3716 -0.2588 -0.8916
vn -0.1419 -0.1959 -0.9703
vn 0.0038 -0.1583 -0.9874
vn 0.1679 -0.1154 -0.9790
vn 0.0740 -0.2178 -0.9732
vn -0.0082 -0.2238 -0.9746
vn 0.0351 -0.2270 -0.9733
vn -0.0564 -0.2049 -0.9772
vn 0.2897 -0.1480 -0.9456
vn 0.3300 -0.0981 -0.9389
vn -0.9392 -0.3332 -0.0832
vn -0.9139 -0.2384 -0.3285
vn -0.7615 -0.1267 -0.6357
vn -0.8320 -0.5029 0.2343
vn -0.9470 -0.3191 -0.0365
vn -0.9320 -0.3575 0.0591
vn -0.4470 -0.1647 -0.8792
vn -0.5255 -0.0662 -0.8482
vn 0.8848 -0.4438 0.1418
vn 0.7404 -0.6228 0.2529
vn 0.9549 -0.2861 0.0797
vn 0.9870 -0.1599 0.0180
vn 0.9986 -0.0379 -0.0373
vn 0.9951 0.0454 -0.0878
vn 0.4449 -0.7996 0.4034
vn 0.0695 -0.8397 0.5385
vn 0.9914 0.0598 -0.1165
vn 0.9896 0.0478 -0.1353
vn -0.3058 -0.7854 0.5382
vn -0.6532 -0.6505 0.3876
vn 0.9850 0.0284 -0.1701
vn 0.9845 0.0477 -0.1688
vn 0.9845 0.0788 -0.1565
vn 0.9840 0.1085 -0.1413
vn 0.9068 0.4142 -0.0779
vn 0.9861 0.0389 -0.1617
vn -0.2005 -0.1416 -0.9694
vn 0.0024 -0.1147 -0.9934
vn 0.1959 -0.0853 -0.9769
vn 0.3646 -0.0511 -0.9297
vn 0.2395 -0.1756 -0.9549
vn 0.1381 -0.1676 -0.9761
vn 0.1856 -0.1807 -0.9659
vn -0.4438 0.5914 -0.6733
vn -0.1108 0.1466 -0.9830
vn 0.4988 -0.0516 -0.8652
vn 0.4681 -0.0996 -0.8781
vn -0.9425 -0.2873 -0.1710
vn -0.7784 -0.0723 -0.6236
vn -0.5619 0.0024 -0.8272
vn -0.8950 -0.4216 0.1458
vn -0.9517 -0.3064 0.0175
vn -0.9580 -0.2647 -0.1107
vn -0.2741 -0.0427 -0.9608
vn -0.3167 0.0526 -0.9471
vn 0.9536 -0.2887 0.0859
vn 0.8793 -0.4371 0.1891
vn 0.7161 -0.6098 0.3396
vn 0.9877 -0.1557 0.0170
vn 0.9980 -0.0424 -0.0472
vn 0.9947 0.0516 -0.0895
vn 0.4138 -0.7603 0.5007
vn 0.0226 -0.8102 0.5857
vn 0.9898 0.0828 -0.1162
vn 0.9865 0.0744 -0.1458
vn -0.3921 -0.7542 0.5268
vn -0.7712 -0.5577 0.3069
vn 0.9805 0.0402 -0.1923
vn 0.9803 0.0450 -0.1925
vn 0.9784 0.0727 -0.1934
vn 0.9755 0.1061 -0.1927
vn 0.9768 0.1131 -0.1820
vn 0.9824 0.0635 -0.1756
vn -0.0212 -0.0379 -0.9991
vn 0.2051 -0.0293 -0.9783
vn 0.3892 -0.0103 -0.9211
vn 0.5215 -0.0012 -0.8532
vn 0.4199 -0.1343 -0.8976
vn 0.0994 0.1794 -0.9787
vn 0.3491 -0.1375 -0.9270
vn 0.6044 -0.0586 -0.7945
vn 0.6237 -0.0113 -0.7816
vn -0.5621 0.0436 -0.8259
vn -0.9109 -0.1744 -0.3740
vn -0.7837 -0.0385 -0.6199
vn -0.3274 0.1073 -0.9388
vn -0.9387 -0.3326 0.0903
vn -0.9688 -0.2436 -0.0466
vn -0.9385 -0.1584 -0.3069
vn -0.0440 0.0655 -0.9969
vn -0.0577 0.1592 -0.9856
vn 0.9523 -0.2797 0.1220
vn 0.9881 -0.1510 0.0304
vn 0.8726 -0.4154 0.2570
vn 0.6939 -0.5937 0.4074
vn 0.9985 -0.0376 -0.0387
vn 0.9939 0.0528 -0.0964
vn 0.3863 -0.7369 0.5547
vn -0.0541 -0.7863 0.6154
vn 0.9862 0.0980 -0.1334
vn 0.9809 0.1007 -0.1662
vn -0.5317 -0.6705 0.5173
vn -0.8774 -0.4310 0.2106
vn 0.9721 0.0639 -0.2257
vn 0.9742 0.0475 -0.2208
vn 0.9737 0.0709 -0.2165
vn 0.9681 0.1072 -0.2264
vn 0.9655 0.1223 -0.2297
vn 0.4546 0.8904 0.0228
vn 0.4576 0.8892 -0.0033
vn 0.9760 0.0889 -0.1987
vn 0.2099 0.0500 -0.9765
vn 0.4073 0.0394 -0.9124
vn 0.5441 0.0436 -0.8379
vn 0.6399 0.0353 -0.7677
vn 0.5724 -0.0957 -0.8144
vn -0.2968 0.6468 -0.7025
vn -0.0063 0.7220 -0.6919
vn 0.5131 -0.0982 -0.8527
vn 0.7116 0.0180 -0.7023
vn 0.7000 -0.0284 -0.7136
vn -0.5513 0.0804 -0.8304
vn -0.3260 0.1347 -0.9357
vn -0.8067 -0.0027 -0.5909
vn -0.0676 0.2100 -0.9754
vn -0.9707 -0.2400 0.0077
vn -0.9626 -0.1336 -0.2356
vn 0.2162 0.1496 -0.9648
vn 0.2250 0.2467 -0.9426
vn 0.9897 -0.1354 0.0470
vn 0.9530 -0.2534 0.1663
vn 0.9991 -0.0241 -0.0337
vn 0.8634 -0.4057 0.2998
vn 0.6771 -0.5796 0.4534
vn 0.9933 0.0649 -0.0954
vn 0.3274 -0.7147 0.6181
vn -0.1808 -0.7185 0.6716
vn 0.9820 0.1206 -0.1453
vn 0.9732 0.1309 -0.1889
vn 0.9631 0.0576 -0.2629
vn 0.9657 0.0671 -0.2510
vn 0.9621 0.1107 -0.2493
vn 0.9565 0.1322 -0.2599
vn 0.8746 0.4341 -0.2157
vn 0.9656 0.1183 -0.2315
vn 0.4297 0.1114 -0.8961
vn 0.5754 0.0839 -0.8136
vn 0.6630 0.0737 -0.7450
vn 0.7268 0.0569 -0.6845
vn 0.6801 -0.0632 -0.7304
vn 0.5228 0.2667 -0.8096
vn 0.0588 0.7769 -0.6269
vn 0.7738 0.0016 -0.6335
vn 0.7820 0.0429 -0.6217
vn -0.3142 0.1523 -0.9371
vn -0.5498 0.1362 -0.8241
vn -0.0738 0.2223 -0.9722
vn -0.8421 0.0382 -0.5380
vn 0.2408 0.3034 -0.9219
vn -0.9746 -0.1218 -0.1879
vn 0.4523 0.2026 -0.8686
vn 0.4793 0.2880 -0.8291
vn 0.9992 0.0017 -0.0402
vn 0.9923 -0.1064 0.0630
vn 0.9560 -0.2311 0.1806
vn 0.9911 0.0848 -0.1024
vn 0.8577 -0.3993 0.3240
vn 0.6632 -0.5489 0.5088
vn 0.2454 -0.6739 0.6969
vn -0.6575 -0.6112 0.4407
vn -0.4972 -0.6304 0.5962
vn 0.9756 0.1494 -0.1610
vn 0.9623 0.1681 -0.2138
vn 0.9510 0.0679 -0.3016
vn 0.9465 0.0801 -0.3127
vn 0.9572 0.0971 -0.2726
vn 0.9515 0.1064 -0.2886
vn 0.9486 0.1414 -0.2832
vn 0.9485 0.1308 -0.2885
vn 0.9502 0.1594 -0.2679
vn 0.6076 0.1420 -0.7814
vn 0.6940 0.1023 -0.7127
vn 0.7498 0.0855 -0.6561
vn 0.7948 0.0741 -0.6023
vn 0.6614 0.3102 -0.6829
vn 0.8365 0.0637 -0.5443
vn 0.8309 0.0314 -0.5556
vn -0.0673 0.2175 -0.9737
vn -0.2892 0.1969 -0.9368
vn -0.5737 0.2092 -0.7919
vn 0.2374 0.3190 -0.9176
vn -0.8744 0.0583 -0.4817
vn 0.5154 0.3463 -0.7839
vn -0.9655 -0.2569 0.0416
vn -0.9800 -0.1315 -0.1494
vn 0.6392 0.2190 -0.7372
vn 0.6655 0.2883 -0.6884
vn 0.9976 0.0402 -0.0558
vn 0.9861 0.1115 -0.1235
vn 0.9941 -0.0857 0.0668
vn 0.9562 -0.2252 0.1872
vn 0.8693 -0.3615 0.3370
vn 0.5668 -0.5644 0.6001
vn 0.1907 -0.6337 0.7497
vn -0.1936 -0.6818 0.7055
vn -0.7940 -0.4992 0.3470
vn -0.7103 -0.4802 0.5146
vn 0.9646 0.1802 -0.1926
vn 0.9444 0.2082 -0.2545
vn -0.9322 -0.3366 0.1330
vn -0.9083 -0.3642 0.2058
vn 0.9347 0.0981 -0.3417
vn 0.9304 0.0800 -0.3578
vn 0.9381 0.1351 -0.3188
vn 0.9238 0.1117 -0.3663
vn 0.9368 0.1391 -0.3212
vn 0.9393 0.1480 -0.3094
vn 0.4257 0.9005 -0.0888
vn 0.4223 0.9011 -0.0981
vn 0.9264 0.2043 -0.3165
vn 0.7340 0.1474 -0.6630
vn 0.7747 0.1065 -0.6233
vn 0.8116 0.0921 -0.5769
vn 0.8434 0.0904 -0.5297
vn 0.2194 0.8204 -0.5280
vn 0.3493 0.8577 -0.3774
vn 0.7852 0.4011 -0.4718
vn 0.8790 0.0885 -0.4686
vn -0.0500 0.2235 -0.9734
vn 0.2289 0.2910 -0.9289
vn -0.2705 0.3007 -0.9146
vn -0.6068 0.2641 -0.7497
vn 0.5471 0.3787 -0.7465
vn -0.9033 0.0602 -0.4247
vn 0.6886 0.3446 -0.6380
vn -0.9855 -0.1405 -0.0949
vn -0.9607 -0.2664 0.0778
vn 0.7656 0.2009 -0.6111
vn 0.7804 0.2663 -0.5657
vn 0.9990 0.0288 -0.0348
vn 0.9762 0.1510 -0.1556
vn 0.9978 -0.0485 0.0448
vn 0.9535 -0.2330 0.1913
vn 0.7808 -0.4302 0.4531
vn 0.9091 -0.2931 0.2961
vn 0.5622 -0.5164 0.6459
vn -0.2795 -0.5904 0.7571
vn 0.1578 -0.5685 0.8074
vn -0.8947 -0.3518 0.2752
vn 0.9462 0.2189 -0.2383
vn 0.9176 0.2509 -0.3084
vn 0.9125 0.0943 -0.3981
vn 0.9200 0.1264 -0.3709
vn 0.9050 0.1019 -0.4130
vn 0.9096 0.1773 -0.3756
vn 0.8924 0.1460 -0.4271
vn 0.9278 0.1495 -0.3418
vn 0.8398 0.4609 -0.2869
vn 0.8928 0.2471 -0.3767
vn 0.7987 0.1218 -0.5893
vn 0.8302 0.1039 -0.5476
vn 0.8533 0.1017 -0.5114
vn 0.8801 0.1119 -0.4615
vn 0.3530 0.8787 -0.3213
vn 0.4074 0.8899 -0.2051
vn 0.9074 0.1096 -0.4058
vn -0.0013 0.2982 -0.9545
vn 0.2565 0.2614 -0.9305
vn 0.4859 0.3323 -0.8084
vn -0.2412 0.3774 -0.8941
vn -0.6159 0.2778 -0.7373
vn 0.7179 0.3775 -0.5849
vn -0.9229 0.0590 -0.3805
vn 0.7866 0.3238 -0.5257
vn -0.9581 -0.2622 0.1155
vn -0.9841 -0.1680 -0.0572
vn 0.9941 0.0747 -0.0787
vn 0.9850 0.1200 -0.1241
vn 0.9651 0.1805 -0.1896
vn 0.9987 0.0054 -0.0503
vn 0.9910 -0.1151 0.0689
vn 0.9790 -0.1717 0.1098
vn 0.8261 -0.3547 0.4379
vn 0.9548 -0.2027 0.2176
vn 0.5676 -0.4332 0.7001
vn -0.2953 -0.4878 0.8215
vn 0.1319 -0.4776 0.8686
vn -0.8937 -0.3030 0.3309
vn -0.6741 -0.4092 0.6149
vn 0.9155 0.2651 -0.3027
vn 0.8779 0.2991 -0.3740
vn 0.8852 0.1006 -0.4542
vn 0.8970 0.1111 -0.4278
vn 0.9110 0.1374 -0.3888
vn 0.8715 0.1265 -0.4738
vn 0.8645 0.2181 -0.4528
vn 0.8435 0.1765 -0.5072
vn 0.9238 0.1414 -0.3558
vn 0.8495 0.2900 -0.4407
vn 0.8240 0.1424 -0.5484
vn 0.8503 0.1130 -0.5140
vn 0.8673 0.1027 -0.4870
vn 0.8861 0.1187 -0.4480
vn 0.9065 0.1327 -0.4008
vn 0.8306 0.4478 -0.3311
vn 0.4010 0.8998 -0.1717
vn 0.3078 0.2735 -0.9113
vn 0.0862 0.3615 -0.9284
vn 0.5449 0.2759 -0.7918
vn -0.1869 0.3880 -0.9025
vn -0.6100 0.2961 -0.7350
vn 0.8138 0.3442 -0.4682
vn 0.7799 0.3430 -0.5236
vn 0.6687 0.3488 -0.6567
vn -0.9285 0.0111 -0.3711
vn 0.8288 0.2376 -0.5066
vn -0.9797 -0.1904 -0.0626
vn -0.9636 -0.2350 0.1270
vn 0.9753 0.1239 -0.1828
vn 0.9709 0.1624 -0.1760
vn 0.9475 0.2135 -0.2379
vn 0.9958 -0.0713 -0.0578
vn 0.9824 0.0352 -0.1836
vn 0.9970 -0.0773 -0.0099
vn 0.8748 -0.2544 0.4124
vn 0.9873 -0.1398 0.0761
vn 0.5577 -0.3607 0.7476
vn -0.2913 -0.4284 0.8553
vn 0.1185 -0.4208 0.8994
vn -0.8978 -0.2570 0.3577
vn -0.6662 -0.3640 0.6509
vn 0.8634 0.3095 -0.3984
vn 0.4006 0.9062 -0.1351
vn 0.6026 0.2565 -0.7557
vn 0.3920 0.2829 -0.8754
vn 0.1735 0.3810 -0.9081
vn 0.7333 0.2702 -0.6240
vn -0.1483 0.4182 -0.8962
vn -0.6135 0.2673 -0.7431
vn 0.8436 0.2642 -0.4675
vn -0.9261 -0.0594 -0.3726
vn -0.9797 -0.1766 -0.0952
vn -0.9747 -0.1955 0.1084
vn 0.9263 0.1537 -0.3440
vn 0.9424 0.1947 -0.2719
vn 0.9101 0.2466 -0.3330
vn 0.9815 0.0023 -0.1917
vn 0.9463 0.0747 -0.3146
vn 0.9853 0.0079 -0.1707
vn 0.5548 -0.3583 0.7509
vn 0.9047 -0.1671 0.3920
vn 0.1257 -0.4236 0.8971
vn -0.2956 -0.4000 0.8675
vn -0.9024 -0.2241 0.3680
vn -0.6620 -0.3297 0.6731
vn 0.7817 0.2294 -0.5799
vn 0.6611 0.2256 -0.7156
vn 0.4731 0.3128 -0.8236
vn 0.2353 0.4138 -0.8795
vn -0.1239 0.4240 -0.8972
vn -0.6269 0.1840 -0.7571
vn 0.8836 0.2098 -0.4185
vn -0.9259 -0.0943 -0.3658
vn -0.9833 -0.1307 -0.1268
vn -0.9856 -0.1513 0.0759
vn 0.8854 0.1315 -0.4459
vn 0.9398 0.0819 -0.3316
vn 0.9991 -0.0421 -0.0078
vn 0.9286 0.1127 -0.3536
vn 0.9072 -0.2130 0.3628
vn 0.5733 -0.3893 0.7210
vn 0.9999 -0.0167 0.0042
vn 0.1577 -0.4381 0.8850
vn -0.2882 -0.4098 0.8655
vn -0.9042 -0.2129 0.3702
vn -0.6578 -0.3285 0.6778
vn 0.8280 0.1904 -0.5274
vn 0.5400 0.3403 -0.7698
vn 0.3057 0.4191 -0.8549
vn -0.1048 0.3670 -0.9243
vn -0.6440 0.1195 -0.7557
vn -0.9315 -0.0790 -0.3550
vn -0.9870 -0.0681 -0.1456
vn -0.9923 -0.1098 0.0571
vn 0.8503 0.1613 -0.5010
vn 0.7602 0.1939 -0.6201
vn 0.9041 -0.2528 0.3446
vn 0.9980 -0.0592 -0.0236
vn 0.5908 -0.3785 0.7125
vn 0.9614 0.0715 -0.2659
vn 0.9529 0.1109 -0.2822
vn -0.2617 -0.3954 0.8804
vn 0.2017 -0.4178 0.8859
vn -0.9033 -0.1877 0.3859
vn -0.6492 -0.3080 0.6955
vn 0.6079 0.3283 -0.7229
vn 0.6400 0.2336 -0.7320
vn 0.7241 0.2436 -0.6453
vn 0.3691 0.3928 -0.8423
vn -0.0942 0.3020 -0.9486
vn -0.6607 0.0858 -0.7458
vn -0.9360 -0.0300 -0.3508
vn -0.9899 0.0008 -0.1417
vn -0.9954 -0.0702 0.0648
vn 0.7925 0.2283 -0.5656
vn 0.8907 -0.2251 0.3949
vn 0.9965 -0.0832 -0.0024
vn 0.9677 0.0417 -0.2487
vn 0.5992 -0.3382 0.7257
vn 0.8648 0.1753 -0.4706
vn 0.8328 0.2099 -0.5123
vn -0.2175 -0.3593 0.9075
vn 0.2601 -0.3739 0.8903
vn -0.6322 -0.2737 0.7248
vn -0.9019 -0.1569 0.4024
vn 0.6650 0.3149 -0.6773
vn 0.4058 0.3332 -0.8510
vn -0.0847 0.2437 -0.9661
vn -0.6733 0.0931 -0.7335
vn -0.9398 0.0563 -0.3371
vn -0.9931 0.0421 -0.1097
vn -0.9955 -0.0453 0.0836
vn 0.8566 -0.2059 0.4731
vn 0.9959 -0.0552 0.0712
vn 0.9737 0.0323 -0.2257
vn 0.8876 0.1346 -0.4405
vn 0.7021 -0.2674 0.6599
vn 0.7080 0.2730 -0.6513
vn -0.1809 -0.3235 0.9288
vn 0.2905 -0.3072 0.9062
vn -0.8961 -0.1622 0.4131
vn -0.6152 -0.2674 0.7416
vn 0.4322 0.2657 -0.8618
vn -0.0748 0.2203 -0.9726
vn -0.6650 0.1505 -0.7316
vn -0.9393 0.1259 -0.3191
vn -0.9929 -0.0465 0.1095
vn -0.9967 0.0444 -0.0676
vn 0.9848 -0.0571 0.1640
vn 0.9771 0.0617 -0.2037
vn 0.8965 0.1084 -0.4295
vn 0.7338 0.2133 -0.6450
vn 0.6848 -0.2128 0.6970
vn -0.1683 -0.2662 0.9491
vn 0.2842 -0.2296 0.9309
vn -0.8885 -0.1363 0.4382
vn -0.6031 -0.2285 0.7642
vn 0.4570 0.2274 -0.8599
vn -0.0619 0.1991 -0.9780
vn -0.6163 0.2212 -0.7558
vn -0.9369 0.1349 -0.3225
vn -0.9987 0.0337 -0.0376
vn -0.9886 -0.0394 0.1452
vn 0.9792 0.0831 -0.1848
vn 0.9609 -0.0834 0.2640
vn 0.8942 0.1157 -0.4324
vn 0.7474 0.1715 -0.6419
vn 0.6659 -0.1495 0.7309
vn 0.9423 -0.0787 0.3253
vn 0.2665 -0.1711 0.9485
vn -0.1603 -0.1995 0.9667
vn -0.8777 -0.0851 0.4716
vn -0.5835 -0.1640 0.7954
vn 0.4761 0.1972 -0.8570
vn -0.5580 0.2299 -0.7973
vn -0.0266 0.1976 -0.9799
vn 0.0162 0.2247 -0.9743
vn -0.9317 0.1123 -0.3454
vn -0.9857 -0.0143 0.1680
vn -0.9995 0.0117 -0.0292
vn 0.9847 0.0786 -0.1555
vn 0.8842 0.1409 -0.4454
vn 0.7511 0.1535 -0.6421
vn 0.6515 -0.0967 0.7524
vn 0.9341 -0.0504 0.3533
vn 0.9908 0.0562 -0.1234
vn -0.1390 -0.1486 0.9791
vn 0.2612 -0.1293 0.9566
vn -0.8652 -0.0489 0.4990
vn -0.5539 -0.1148 0.8246
vn 0.4755 0.1805 -0.8610
vn 0.0642 0.2264 -0.9719
vn -0.5150 0.2017 -0.8331
vn 0.4670 0.1887 -0.8639
vn -0.9171 0.0629 -0.3937
vn 0.8742 0.1562 -0.4598
vn 0.7418 0.1592 -0.6514
vn 0.6305 -0.0592 0.7740
vn 0.9272 -0.0021 0.3747
vn 0.9942 0.0565 -0.0914
vn 0.8740 0.1490 -0.4625
vn 0.2822 -0.0953 0.9546
vn -0.1054 -0.1024 0.9891
vn -0.9851 0.0022 0.1717
vn -0.8499 -0.0451 0.5250
vn -0.5189 -0.0824 0.8509
vn 0.4540 0.1981 -0.8687
vn 0.0915 0.2159 -0.9721
vn -0.4733 0.1338 -0.8707
vn 0.7227 0.1754 -0.6685
vn -0.8986 0.0297 -0.4377
vn -0.9985 0.0057 -0.0546
vn 0.6000 -0.0427 0.7989
vn 0.9147 0.0272 0.4031
vn 0.9947 0.0863 -0.0558
vn 0.8827 0.1432 -0.4476
vn 0.7039 0.1855 -0.6857
vn -0.0695 -0.0258 0.9973
vn 0.3268 -0.0216 0.9448
vn -0.9958 0.0119 -0.0909
vn -0.9844 -0.0153 0.1751
vn -0.8349 -0.0495 0.5481
vn -0.4896 -0.0350 0.8712
vn 0.4483 0.2005 -0.8711
vn 0.1006 0.1745 -0.9795
vn -0.4534 0.1012 -0.8856
vn -0.8841 0.0222 -0.4667
vn 0.7880 0.0020 0.6156
vn 0.8982 0.0203 0.4391
vn 0.9953 0.0898 -0.0358
vn 0.8917 0.1565 -0.4248
vn 0.6943 0.1851 -0.6955
vn -0.0419 0.0710 0.9966
vn 0.3491 0.0781 0.9338
vn -0.9925 -0.0123 -0.1219
vn -0.9819 -0.0544 0.1816
vn -0.8290 -0.0329 0.5582
vn -0.4740 0.0361 0.8798
vn 0.4434 0.1915 -0.8756
vn 0.0895 0.1503 -0.9846
vn -0.4593 0.0780 -0.8848
vn -0.8663 -0.0304 -0.4986
vn 0.7576 0.0622 0.6498
vn 0.9988 0.0491 -0.0079
vn 0.9019 0.1328 -0.4110
vn 0.6908 0.1942 -0.6965
vn 0.3532 0.1434 0.9245
vn -0.0151 0.1422 0.9897
vn -0.9877 -0.0668 -0.1410
vn -0.9796 -0.0905 0.1797
vn -0.8404 0.0017 0.5420
vn -0.4623 0.1052 0.8805
vn 0.4349 0.1806 -0.8822
vn 0.0735 0.1392 -0.9875
vn -0.4680 -0.0087 -0.8837
vn -0.8376 -0.1231 -0.5322
vn 0.7396 0.1285 0.6607
vn 0.9984 -0.0046 0.0567
vn 0.9939 0.0051 0.1098
vn 0.9156 0.0777 -0.3946
vn 0.7021 0.1658 -0.6925
vn 0.0192 0.1776 0.9839
vn 0.3551 0.1796 0.9174
vn -0.9790 -0.1266 -0.1596
vn -0.8409 0.0196 0.5408
vn -0.4321 0.1367 0.8914
vn -0.9786 -0.1249 0.1633
vn -0.9821 -0.1300 0.1361
vn 0.4369 0.1633 -0.8846
vn 0.0482 0.0641 -0.9968
vn -0.4657 -0.1550 -0.8712
vn -0.8354 -0.2101 -0.5078
vn 0.7254 0.1548 0.6707
vn 0.9891 0.0547 0.1367
vn 0.9398 -0.0488 -0.3381
vn 0.9432 -0.0680 -0.3252
vn 0.9290 0.0169 -0.3696
vn 0.7337 0.1040 -0.6715
vn 0.3661 0.2188 0.9045
vn 0.0493 0.2197 0.9743
vn -0.9207 -0.2353 -0.3113
vn -0.9847 -0.1352 0.1103
vn -0.8272 0.0400 0.5604
vn -0.3911 0.1698 0.9045
vn -0.9031 -0.2716 -0.3327
vn 0.4534 0.1092 -0.8846
vn 0.0213 -0.1026 -0.9945
vn -0.4903 -0.2764 -0.8266
vn 0.7425 0.1596 0.6506
vn 0.9852 0.0610 0.1604
vn 0.9433 -0.0537 -0.3275
vn 0.7624 -0.1628 -0.6262
vn 0.7723 -0.0957 -0.6280
vn 0.7616 0.0141 -0.6479
vn 0.0640 0.2968 0.9528
vn 0.3903 0.2923 0.8731
vn -0.8850 -0.3144 -0.3435
vn -0.9862 -0.1403 0.0885
vn -0.8005 0.1106 0.5890
vn -0.3495 0.2455 0.9042
vn -0.5408 -0.3822 -0.7493
vn -0.5352 -0.3418 -0.7725
vn 0.4647 -0.0240 -0.8852
vn -0.0062 -0.2568 -0.9664
vn 0.7708 0.2329 0.5929
vn 0.9842 0.0518 0.1695
vn 0.9433 -0.0689 -0.3248
vn 0.7470 -0.1811 -0.6397
vn 0.4326 -0.2701 -0.8602
vn 0.4536 -0.1808 -0.8727
vn 0.0780 0.3929 0.9163
vn 0.4090 0.3990 0.8207
vn -0.5121 -0.4453 -0.7344
vn -0.8579 -0.3488 -0.3774
vn -0.9914 -0.1149 0.0635
vn -0.7760 0.1821 0.6039
vn -0.3198 0.3361 0.8859
vn -0.0247 -0.3393 -0.9404
vn -0.0406 -0.3985 -0.9163
vn 0.7672 0.3694 0.5243
vn 0.9976 0.0556 -0.0417
vn 0.9461 -0.1028 -0.3072
vn 0.7276 -0.2184 -0.6503
vn 0.4058 -0.3140 -0.8583
vn 0.3979 0.5240 0.7530
vn 0.0792 0.4918 0.8671
vn -0.0468 -0.4568 -0.8883
vn -0.4816 -0.4885 -0.7277
vn -0.8333 -0.3385 -0.4370
vn -0.3137 0.4180 0.8526
vn -0.7638 0.2221 0.6061
vn 0.7290 0.5176 0.4479
vn 0.7176 -0.2700 -0.6420
vn 0.3707 -0.3707 -0.8516
vn 0.3794 0.5552 0.7402
vn 0.0974 0.5049 0.8576
vn -0.0502 -0.4962 -0.8668
vn -0.4606 -0.4640 -0.7567
vn -0.9956 -0.0884 0.0309
vn -0.8111 -0.3151 -0.4927
vn -0.9948 -0.0940 0.0390
vn -0.9940 -0.0984 0.0468
vn -0.7732 0.2452 0.5849
vn -0.2844 0.4522 0.8454
vn 0.6972 0.5838 0.4160
vn 0.9219 0.3505 -0.1649
vn 0.9695 0.2230 -0.1012
vn 0.3415 -0.4159 -0.8428
vn 0.7377 -0.2279 -0.6355
vn 0.1183 0.6450 0.7550
vn 0.3258 0.6883 0.6481
vn -0.0628 -0.4677 -0.8816
vn -0.4429 -0.4231 -0.7905
vn -0.7903 -0.3287 -0.5170
vn -0.7746 -0.3524 -0.5252
vn -0.9904 -0.1369 0.0178
vn -0.2591 0.5420 0.7994
vn -0.7785 0.2930 0.5550
vn 0.8974 0.3908 -0.2051
vn 0.6901 0.6432 0.3318
vn 0.6696 0.0226 -0.7424
vn 0.7165 -0.0653 -0.6945
vn 0.9877 0.1428 -0.0645
vn 0.7504 -0.1292 -0.6483
vn 0.3256 -0.3888 -0.8619
vn 0.1367 0.8339 0.5347
vn 0.3086 0.8094 0.4996
vn -0.0715 -0.4184 -0.9054
vn -0.4325 -0.4130 -0.8015
vn -0.4290 -0.4230 -0.7981
vn -0.7618 -0.4061 -0.5047
vn -0.9902 -0.1392 0.0066
vn -0.3139 0.6768 0.6659
vn -0.7859 0.3294 0.5232
vn -0.0246 0.7853 0.6186
vn 0.6574 0.0372 -0.7527
vn 0.9094 0.3440 -0.2340
vn 0.7262 0.6504 0.2227
vn 0.2476 -0.2338 -0.9402
vn 0.2998 -0.2854 -0.9103
vn 0.3165 -0.3358 -0.8872
vn -0.0524 0.8218 0.5674
vn 0.2584 0.6829 0.6833
vn 0.4902 0.6458 0.5854
vn -0.0794 -0.3899 -0.9174
vn -0.1107 -0.3788 -0.9188
vn -0.4315 -0.4665 -0.7721
vn -0.7578 -0.4295 -0.4912
vn -0.9901 -0.1361 0.0342
vn -0.7899 0.2538 0.5582
vn -0.4001 0.6529 0.6431
vn 0.6880 -0.0386 -0.7246
vn 0.1993 -0.2435 -0.9492
vn 0.9383 0.2242 -0.2634
vn 0.8574 0.4466 0.2557
vn -0.0005 0.6238 0.7816
vn 0.3846 0.2138 0.8980
vn 0.6439 0.2455 0.7247
vn -0.1581 -0.4091 -0.8987
vn -0.4305 -0.5143 -0.7417
vn -0.7482 -0.4663 -0.4720
vn -0.9581 -0.2405 0.1554
vn -0.7196 0.0130 0.6943
vn -0.3900 0.4169 0.8211
vn 0.7328 -0.1700 -0.6588
vn 0.1849 -0.3323 -0.9249
vn 0.9729 0.0449 -0.2270
vn 0.9245 0.1193 0.3620
vn 0.0728 0.1308 0.9887
vn 0.3417 -0.4026 0.8492
vn 0.6229 -0.3142 0.7164
vn -0.1967 -0.4792 -0.8554
vn -0.3980 -0.5887 -0.7036
vn -0.6818 -0.6447 -0.3457
vn -0.8195 -0.4409 0.3661
vn -0.3705 -0.3520 0.8595
vn -0.2902 0.0336 0.9564
vn 0.7606 -0.3715 -0.5324
vn 0.1985 -0.4838 -0.8524
vn 0.9731 -0.1955 -0.1218
vn 0.8515 -0.2262 0.4731
vn 0.0626 -0.4466 0.8925
vn 0.1686 -0.9223 0.3479
vn 0.4201 -0.8660 0.2714
vn -0.2040 -0.5914 -0.7801
vn -0.2856 -0.7830 -0.5526
vn -0.5131 -0.8510 -0.1119
vn -0.3993 -0.7576 0.5163
vn 0.7012 -0.5963 -0.3908
vn 0.2329 -0.7294 -0.6432
vn 0.8291 -0.5571 0.0476
vn 0.0041 -0.9058 0.4236
vn 0.0325 -0.9911 -0.1287
vn 0.2155 -0.9613 -0.1718
vn -0.1320 -0.8084 -0.5737
vn -0.1115 -0.9461 -0.3042
vn -0.3251 -0.9396 0.1072
vn 0.2283 -0.9007 -0.3698
vn 0.5431 -0.7961 -0.2670
vn -0.0233 -0.9977 -0.0644
vn -0.0194 -0.9544 -0.2979
vn -0.8971 0.2796 -0.3420
vt 0.136101 0.717706
vt 0.135558 0.722330
vt 0.131956 0.721758
vt 0.132426 0.717081
vt 0.132870 0.712390
vt 0.136759 0.713130
vt 0.140492 0.718610
vt 0.138526 0.722769
vt 0.133384 0.707768
vt 0.137724 0.708598
vt 0.140264 0.713966
vt 0.144210 0.719689
vt 0.141525 0.723383
vt 0.125003 0.693005
vt 0.129614 0.693289
vt 0.129570 0.697931
vt 0.124979 0.697599
vt 0.134368 0.698547
vt 0.133956 0.703167
vt 0.129315 0.702556
vt 0.138727 0.704075
vt 0.141941 0.709777
vt 0.143577 0.715041
vt 0.146898 0.716112
vt 0.737920 0.186352
vt 0.738592 0.190639
vt 0.735476 0.189656
vt 0.735002 0.185365
vt 0.742941 0.195588
vt 0.739242 0.194942
vt 0.742223 0.191247
vt 0.124951 0.688377
vt 0.120423 0.692807
vt 0.120270 0.688250
vt 0.129620 0.688651
vt 0.134188 0.693805
vt 0.139738 0.699555
vt 0.143483 0.705377
vt 0.145851 0.711159
vt 0.149361 0.712391
vt 0.147055 0.720301
vt 0.149775 0.716718
vt 0.741458 0.187031
vt 0.746080 0.191650
vt 0.746719 0.195792
vt 0.120062 0.683520
vt 0.124819 0.683485
vt 0.747192 0.199497
vt 0.750786 0.195864
vt 0.751061 0.199846
vt 0.134163 0.689109
vt 0.129561 0.683817
vt 0.144790 0.700815
vt 0.137909 0.694427
vt 0.141302 0.695178
vt 0.148009 0.706626
vt 0.151993 0.707578
vt 0.152252 0.713069
vt 0.737118 0.182084
vt 0.740691 0.182801
vt 0.745487 0.187405
vt 0.750449 0.191682
vt 0.124535 0.678169
vt 0.119744 0.678701
vt 0.755221 0.195936
vt 0.755325 0.200190
vt 0.755425 0.204437
vt 0.751327 0.203682
vt 0.134273 0.684497
vt 0.138401 0.689761
vt 0.145671 0.696277
vt 0.149947 0.702066
vt 0.142358 0.690762
vt 0.154590 0.702741
vt 0.154557 0.709624
vt 0.736337 0.177789
vt 0.740003 0.178578
vt 0.744916 0.183119
vt 0.750032 0.187401
vt 0.755016 0.191650
vt 0.759736 0.196009
vt 0.759773 0.200376
vt 0.759791 0.204768
vt 0.129390 0.680428
vt 0.134120 0.680128
vt 0.138793 0.684981
vt 0.146386 0.691913
vt 0.151950 0.697921
vt 0.143151 0.685935
vt 0.158487 0.702987
vt 0.156460 0.706378
vt 0.156706 0.698886
vt 0.735454 0.173701
vt 0.739201 0.174417
vt 0.744343 0.178831
vt 0.749573 0.183108
vt 0.754704 0.187339
vt 0.759655 0.191631
vt 0.764338 0.196062
vt 0.764260 0.200505
vt 0.764107 0.204953
vt 0.129219 0.677039
vt 0.133862 0.676020
vt 0.138774 0.680234
vt 0.147211 0.687824
vt 0.143919 0.680197
vt 0.160560 0.699428
vt 0.736169 0.166028
vt 0.738210 0.170268
vt 0.734485 0.169850
vt 0.733175 0.165746
vt 0.158606 0.694922
vt 0.154366 0.694001
vt 0.743748 0.174644
vt 0.749059 0.178840
vt 0.754340 0.183029
vt 0.759468 0.187260
vt 0.764346 0.191616
vt 0.124131 0.673270
vt 0.123621 0.668605
vt 0.128266 0.667915
vt 0.128812 0.672508
vt 0.133406 0.671762
vt 0.768942 0.196079
vt 0.768767 0.200571
vt 0.138298 0.675738
vt 0.151488 0.688972
vt 0.150297 0.692968
vt 0.142093 0.675679
vt 0.148730 0.680193
vt 0.147964 0.684130
vt 0.162582 0.695608
vt 0.731852 0.161459
vt 0.734803 0.161712
vt 0.160219 0.690888
vt 0.155847 0.689995
vt 0.743157 0.170442
vt 0.748522 0.174623
vt 0.753887 0.178719
vt 0.759163 0.182946
vt 0.764269 0.187172
vt 0.769032 0.191549
vt 0.127549 0.663344
vt 0.122987 0.664024
vt 0.118312 0.664786
vt 0.117779 0.660267
vt 0.122382 0.659486
vt 0.132845 0.667236
vt 0.137917 0.671284
vt 0.112625 0.656666
vt 0.117328 0.655783
vt 0.112978 0.661140
vt 0.152412 0.684931
vt 0.142090 0.671117
vt 0.149634 0.675951
vt 0.145444 0.675690
vt 0.153304 0.680780
vt 0.164396 0.691590
vt 0.733697 0.157343
vt 0.730904 0.157010
vt 0.738815 0.166127
vt 0.738351 0.161772
vt 0.157009 0.685885
vt 0.161559 0.686728
vt 0.748004 0.170374
vt 0.742810 0.166113
vt 0.753394 0.174452
vt 0.758739 0.178605
vt 0.764072 0.182763
vt 0.769031 0.187009
vt 0.773656 0.191437
vt 0.773500 0.196028
vt 0.131993 0.662700
vt 0.126792 0.658776
vt 0.121769 0.654999
vt 0.137544 0.666716
vt 0.112654 0.652200
vt 0.116938 0.651359
vt 0.142265 0.666428
vt 0.146230 0.671215
vt 0.154149 0.676503
vt 0.150479 0.671607
vt 0.157945 0.681601
vt 0.165768 0.687273
vt 0.167783 0.691672
vt 0.165772 0.695663
vt 0.737586 0.157383
vt 0.742528 0.161686
vt 0.162550 0.682350
vt 0.747588 0.165927
vt 0.752889 0.170135
vt 0.758210 0.174241
vt 0.763715 0.178347
vt 0.768999 0.182540
vt 0.773739 0.186882
vt 0.131105 0.658155
vt 0.137272 0.662064
vt 0.126143 0.654270
vt 0.121294 0.650570
vt 0.112276 0.647852
vt 0.116577 0.646990
vt 0.146726 0.666467
vt 0.142571 0.661588
vt 0.158786 0.677205
vt 0.154996 0.672189
vt 0.151171 0.667079
vt 0.166778 0.682820
vt 0.169142 0.687290
vt 0.732942 0.152770
vt 0.737100 0.152789
vt 0.742084 0.157230
vt 0.747228 0.161448
vt 0.163397 0.677896
vt 0.752443 0.165670
vt 0.757705 0.169801
vt 0.763024 0.173889
vt 0.768966 0.178036
vt 0.773827 0.182337
vt 0.130333 0.653606
vt 0.135135 0.657626
vt 0.125571 0.649818
vt 0.120859 0.646192
vt 0.108651 0.653011
vt 0.108027 0.648730
vt 0.111816 0.643547
vt 0.116168 0.642632
vt 0.147174 0.661205
vt 0.138770 0.657204
vt 0.142920 0.656757
vt 0.159616 0.672819
vt 0.155758 0.667917
vt 0.167640 0.678336
vt 0.170025 0.682753
vt 0.732783 0.148044
vt 0.736822 0.148126
vt 0.741749 0.152670
vt 0.746895 0.156966
vt 0.752084 0.161164
vt 0.164227 0.673441
vt 0.757274 0.165316
vt 0.762318 0.169436
vt 0.768386 0.173551
vt 0.774017 0.177790
vt 0.778453 0.182246
vt 0.778320 0.186813
vt 0.129797 0.649144
vt 0.134564 0.653047
vt 0.125119 0.645427
vt 0.120468 0.641834
vt 0.107405 0.644506
vt 0.111347 0.639253
vt 0.115833 0.638333
vt 0.147335 0.656357
vt 0.138656 0.652545
vt 0.142821 0.652096
vt 0.160429 0.668459
vt 0.151552 0.663489
vt 0.156380 0.663781
vt 0.171046 0.678335
vt 0.168561 0.673894
vt 0.736853 0.143451
vt 0.733016 0.143327
vt 0.741499 0.148097
vt 0.746596 0.152451
vt 0.751755 0.156700
vt 0.756916 0.160820
vt 0.165120 0.669060
vt 0.761899 0.164956
vt 0.766822 0.169117
vt 0.774343 0.173277
vt 0.778646 0.177693
vt 0.129370 0.644749
vt 0.134037 0.648533
vt 0.124741 0.641089
vt 0.120133 0.637553
vt 0.106822 0.640330
vt 0.111126 0.635036
vt 0.115621 0.634097
vt 0.147066 0.651666
vt 0.152073 0.655797
vt 0.151933 0.659900
vt 0.142483 0.647499
vt 0.138264 0.647995
vt 0.161164 0.664153
vt 0.156854 0.659746
vt 0.172096 0.673929
vt 0.733075 0.138669
vt 0.736878 0.138797
vt 0.169602 0.669525
vt 0.741411 0.143484
vt 0.746365 0.147955
vt 0.751504 0.152221
vt 0.756622 0.156368
vt 0.761599 0.160479
vt 0.165964 0.664667
vt 0.766384 0.164631
vt 0.770693 0.168910
vt 0.774710 0.168738
vt 0.778840 0.173155
vt 0.783080 0.177672
vt 0.782935 0.182212
vt 0.129009 0.640393
vt 0.133639 0.644092
vt 0.124448 0.636840
vt 0.119914 0.633315
vt 0.106324 0.636161
vt 0.111284 0.630772
vt 0.115558 0.629889
vt 0.146641 0.647047
vt 0.151806 0.651259
vt 0.157222 0.655468
vt 0.137916 0.643530
vt 0.142166 0.642982
vt 0.161782 0.659894
vt 0.173145 0.669539
vt 0.736900 0.134153
vt 0.733100 0.134011
vt 0.741394 0.138864
vt 0.170660 0.665159
vt 0.746217 0.143421
vt 0.751298 0.147767
vt 0.756403 0.151915
vt 0.761365 0.155998
vt 0.766144 0.160147
vt 0.166727 0.660239
vt 0.770629 0.164377
vt 0.774819 0.164204
vt 0.778994 0.168614
vt 0.783186 0.173115
vt 0.128703 0.636114
vt 0.133288 0.639753
vt 0.124238 0.632632
vt 0.119889 0.629188
vt 0.106548 0.631924
vt 0.111585 0.626461
vt 0.115741 0.625656
vt 0.150739 0.646668
vt 0.146315 0.642482
vt 0.157792 0.650936
vt 0.162313 0.655496
vt 0.141905 0.638558
vt 0.137610 0.639154
vt 0.174392 0.665190
vt 0.733081 0.129356
vt 0.736824 0.129497
vt 0.741350 0.134245
vt 0.746132 0.138866
vt 0.171560 0.660667
vt 0.751131 0.143297
vt 0.756236 0.147492
vt 0.761213 0.151548
vt 0.766002 0.155651
vt 0.770534 0.159874
vt 0.167316 0.655759
vt 0.774846 0.159655
vt 0.779083 0.164058
vt 0.783279 0.168558
vt 0.128547 0.631969
vt 0.133021 0.635457
vt 0.124169 0.628512
vt 0.120004 0.625037
vt 0.107430 0.627393
vt 0.111979 0.622320
vt 0.116099 0.621525
vt 0.150413 0.642056
vt 0.146072 0.637953
vt 0.154508 0.646422
vt 0.158541 0.646294
vt 0.162837 0.650998
vt 0.137373 0.634829
vt 0.141601 0.634182
vt 0.736653 0.124851
vt 0.732894 0.124673
vt 0.175611 0.660754
vt 0.741317 0.129623
vt 0.746080 0.134306
vt 0.750991 0.138821
vt 0.172171 0.656048
vt 0.756064 0.143080
vt 0.761106 0.147119
vt 0.765921 0.151158
vt 0.770484 0.155346
vt 0.167697 0.651202
vt 0.774883 0.155087
vt 0.779133 0.159495
vt 0.783337 0.163997
vt 0.787548 0.168571
vt 0.787488 0.173149
vt 0.128494 0.627903
vt 0.132839 0.631308
vt 0.124243 0.624465
vt 0.120293 0.620901
vt 0.107958 0.623154
vt 0.103524 0.628529
vt 0.103995 0.623749
vt 0.459564 0.741469
vt 0.463952 0.740260
vt 0.464072 0.743554
vt 0.459557 0.744760
vt 0.154508 0.641680
vt 0.150156 0.637411
vt 0.145779 0.633498
vt 0.158745 0.641551
vt 0.163180 0.646420
vt 0.137168 0.630636
vt 0.141395 0.629910
vt 0.741254 0.124990
vt 0.732885 0.119950
vt 0.736596 0.120134
vt 0.176439 0.656134
vt 0.746040 0.129723
vt 0.750885 0.134331
vt 0.755844 0.138713
vt 0.172506 0.651412
vt 0.760925 0.142769
vt 0.765844 0.146698
vt 0.770503 0.150791
vt 0.167981 0.646646
vt 0.774966 0.150502
vt 0.779210 0.154927
vt 0.783378 0.159430
vt 0.787575 0.164001
vt 0.128545 0.623929
vt 0.132791 0.627271
vt 0.124600 0.620557
vt 0.463996 0.736993
vt 0.459518 0.738130
vt 0.459295 0.747796
vt 0.464259 0.746761
vt 0.464259 0.749771
vt 0.459213 0.751003
vt 0.302179 0.774954
vt 0.305190 0.771885
vt 0.308210 0.774947
vt 0.305232 0.777912
vt 0.307806 0.780806
vt 0.305451 0.783428
vt 0.303040 0.780901
vt 0.316986 0.795692
vt 0.319294 0.799762
vt 0.315890 0.801733
vt 0.313716 0.797693
vt 0.154263 0.636882
vt 0.149892 0.632822
vt 0.145505 0.629132
vt 0.158372 0.636485
vt 0.163443 0.641844
vt 0.137062 0.626540
vt 0.141253 0.625766
vt 0.741317 0.120363
vt 0.746075 0.125135
vt 0.733222 0.115184
vt 0.736990 0.115394
vt 0.176711 0.651396
vt 0.750838 0.129818
vt 0.755708 0.134305
vt 0.760618 0.138522
vt 0.172651 0.646798
vt 0.765764 0.142245
vt 0.770557 0.146200
vt 0.168285 0.642137
vt 0.779348 0.150326
vt 0.775107 0.145867
vt 0.783482 0.154855
vt 0.787609 0.159432
vt 0.791808 0.164058
vt 0.791802 0.168630
vt 0.129033 0.620262
vt 0.132888 0.623362
vt 0.315562 0.807607
vt 0.318093 0.805814
vt 0.320359 0.809951
vt 0.317960 0.811622
vt 0.321629 0.803799
vt 0.311361 0.793759
vt 0.314639 0.791615
vt 0.304600 0.787724
vt 0.307124 0.785941
vt 0.309294 0.789813
vt 0.306827 0.791917
vt 0.312426 0.787617
vt 0.310974 0.778132
vt 0.310081 0.783991
vt 0.321064 0.793555
vt 0.323293 0.797692
vt 0.153955 0.632128
vt 0.149611 0.628349
vt 0.145288 0.624907
vt 0.163304 0.637488
vt 0.157908 0.631348
vt 0.137152 0.622707
vt 0.141231 0.621814
vt 0.741608 0.115689
vt 0.746200 0.120557
vt 0.750879 0.125286
vt 0.734195 0.110543
vt 0.737727 0.110723
vt 0.176764 0.646737
vt 0.755598 0.129873
vt 0.760315 0.134289
vt 0.766473 0.136966
vt 0.172928 0.642282
vt 0.770657 0.141584
vt 0.168737 0.637809
vt 0.779541 0.145681
vt 0.783649 0.150277
vt 0.775297 0.141172
vt 0.787722 0.154859
vt 0.791833 0.159490
vt 0.133339 0.619791
vt 0.125608 0.617184
vt 0.129969 0.617353
vt 0.323881 0.807841
vt 0.325562 0.801725
vt 0.318556 0.789317
vt 0.316023 0.785164
vt 0.314492 0.775384
vt 0.311598 0.771981
vt 0.313545 0.781512
vt 0.325278 0.791692
vt 0.327489 0.795691
vt 0.153680 0.627544
vt 0.149359 0.624088
vt 0.518943 0.935671
vt 0.523395 0.935627
vt 0.523535 0.939223
vt 0.519128 0.939353
vt 0.165252 0.633873
vt 0.161950 0.634869
vt 0.157656 0.626701
vt 0.161672 0.630484
vt 0.514697 0.940041
vt 0.519351 0.942860
vt 0.515014 0.943465
vt 0.742209 0.111060
vt 0.746493 0.115959
vt 0.751049 0.120740
vt 0.755613 0.125418
vt 0.735380 0.106068
vt 0.738578 0.106151
vt 0.176945 0.642191
vt 0.760124 0.129982
vt 0.764571 0.134419
vt 0.771229 0.136446
vt 0.173270 0.637866
vt 0.169308 0.633609
vt 0.779704 0.141004
vt 0.783834 0.145654
vt 0.787865 0.150290
vt 0.775567 0.136303
vt 0.791913 0.154925
vt 0.325193 0.817900
vt 0.322936 0.819614
vt 0.320556 0.815574
vt 0.322872 0.813892
vt 0.137484 0.619066
vt 0.326232 0.811880
vt 0.327835 0.805738
vt 0.329688 0.799689
vt 0.322758 0.787333
vt 0.319709 0.782475
vt 0.318231 0.772502
vt 0.315274 0.769006
vt 0.317247 0.778805
vt 0.329585 0.789935
vt 0.331687 0.793779
vt 0.153367 0.623173
vt 0.145189 0.620866
vt 0.149115 0.619984
vt 0.514212 0.936347
vt 0.165412 0.629667
vt 0.157345 0.622231
vt 0.161505 0.625902
vt 0.510510 0.941475
vt 0.510989 0.944892
vt 0.742890 0.106462
vt 0.746966 0.111349
vt 0.751314 0.116201
vt 0.755756 0.120950
vt 0.760108 0.125596
vt 0.739316 0.101643
vt 0.736218 0.101600
vt 0.177266 0.637760
vt 0.764241 0.130246
vt 0.768070 0.130720
vt 0.771796 0.131258
vt 0.173806 0.633594
vt 0.169794 0.629386
vt 0.779851 0.136243
vt 0.783966 0.140997
vt 0.788023 0.145708
vt 0.792022 0.150369
vt 0.775846 0.131404
vt 0.796072 0.155041
vt 0.796066 0.159582
vt 0.327559 0.821837
vt 0.325098 0.823690
vt 0.328608 0.815842
vt 0.330139 0.809745
vt 0.331899 0.803735
vt 0.333838 0.797737
vt 0.327525 0.786279
vt 0.323428 0.779597
vt 0.325579 0.782956
vt 0.320973 0.776062
vt 0.333690 0.788045
vt 0.335683 0.791899
vt 0.152999 0.618989
vt 0.513737 0.932403
vt 0.518846 0.931965
vt 0.509662 0.937874
vt 0.165518 0.625256
vt 0.156928 0.617927
vt 0.161335 0.621341
vt 0.329547 0.825821
vt 0.330922 0.819785
vt 0.332808 0.823748
vt 0.747543 0.106767
vt 0.743490 0.101880
vt 0.751758 0.111655
vt 0.756023 0.116441
vt 0.760233 0.121190
vt 0.764237 0.125892
vt 0.736910 0.097193
vt 0.739838 0.097175
vt 0.177929 0.633490
vt 0.768189 0.126239
vt 0.772093 0.126561
vt 0.174438 0.629386
vt 0.170073 0.625003
vt 0.779995 0.131472
vt 0.784050 0.136300
vt 0.788122 0.141088
vt 0.792139 0.145813
vt 0.796111 0.150505
vt 0.776097 0.126673
vt 0.332414 0.813812
vt 0.334165 0.807803
vt 0.335996 0.801820
vt 0.337737 0.795920
vt 0.331703 0.784264
vt 0.327357 0.776976
vt 0.329613 0.780620
vt 0.322067 0.769675
vt 0.324818 0.773321
vt 0.339376 0.790103
vt 0.337460 0.786133
vt 0.514445 0.928433
vt 0.518657 0.928203
vt 0.508210 0.934188
vt 0.334491 0.827658
vt 0.331284 0.829790
vt 0.165346 0.620582
vt 0.160706 0.616773
vt 0.518416 0.924374
vt 0.513988 0.924505
vt 0.334598 0.817840
vt 0.336584 0.821799
vt 0.752310 0.107079
vt 0.748088 0.102195
vt 0.743838 0.097340
vt 0.756447 0.111965
vt 0.760531 0.116750
vt 0.764439 0.121485
vt 0.180351 0.637423
vt 0.181269 0.633177
vt 0.178869 0.629395
vt 0.768412 0.121852
vt 0.772348 0.122205
vt 0.174949 0.625009
vt 0.169926 0.620227
vt 0.780170 0.126618
vt 0.784143 0.131531
vt 0.788174 0.136431
vt 0.792190 0.141244
vt 0.796130 0.145975
vt 0.776342 0.122093
vt 0.336373 0.811943
vt 0.338175 0.806021
vt 0.339879 0.800074
vt 0.341308 0.794191
vt 0.335557 0.782213
vt 0.331238 0.774535
vt 0.333523 0.778358
vt 0.340774 0.784351
vt 0.342572 0.788423
vt 0.504793 0.936250
vt 0.506021 0.939948
vt 0.510649 0.929110
vt 0.506878 0.930502
vt 0.338351 0.825718
vt 0.164599 0.615686
vt 0.513331 0.920538
vt 0.518130 0.920476
vt 0.509709 0.925162
vt 0.338553 0.816037
vt 0.340626 0.820058
vt 0.752858 0.102493
vt 0.757024 0.107401
vt 0.748441 0.097590
vt 0.739832 0.092690
vt 0.743885 0.092790
vt 0.760964 0.112286
vt 0.764760 0.117118
vt 0.182372 0.629060
vt 0.179608 0.625168
vt 0.768749 0.117534
vt 0.772645 0.118038
vt 0.175081 0.620420
vt 0.168817 0.614936
vt 0.780366 0.121191
vt 0.784231 0.126711
vt 0.788213 0.131732
vt 0.792198 0.136641
vt 0.796109 0.141442
vt 0.800167 0.150677
vt 0.800097 0.146171
vt 0.776511 0.119049
vt 0.340365 0.810293
vt 0.341984 0.804411
vt 0.343348 0.798413
vt 0.344409 0.792567
vt 0.339022 0.780291
vt 0.328712 0.770716
vt 0.335024 0.772243
vt 0.337224 0.776245
vt 0.345409 0.786836
vt 0.343747 0.782672
vt 0.334300 0.837406
vt 0.332786 0.833578
vt 0.335998 0.831529
vt 0.337475 0.835415
vt 0.339957 0.829643
vt 0.505654 0.926656
vt 0.342501 0.824020
vt 0.517927 0.916512
vt 0.512272 0.916434
vt 0.508655 0.921189
vt 0.342538 0.814530
vt 0.344691 0.818676
vt 0.757652 0.102841
vt 0.753241 0.097892
vt 0.761588 0.107758
vt 0.748482 0.092986
vt 0.739468 0.088219
vt 0.743603 0.088267
vt 0.765205 0.112687
vt 0.183431 0.625043
vt 0.180355 0.620964
vt 0.769196 0.113170
vt 0.773035 0.113805
vt 0.784306 0.121659
vt 0.788264 0.126994
vt 0.792194 0.132018
vt 0.796050 0.136898
vt 0.799978 0.141682
vt 0.776794 0.114736
vt 0.344160 0.808944
vt 0.345396 0.802944
vt 0.346305 0.796776
vt 0.347144 0.791018
vt 0.342113 0.778529
vt 0.340393 0.774360
vt 0.338446 0.770184
vt 0.346298 0.781109
vt 0.347861 0.785330
vt 0.341353 0.833601
vt 0.503598 0.932537
vt 0.502226 0.928709
vt 0.344167 0.828021
vt 0.504398 0.922707
vt 0.346717 0.822652
vt 0.507285 0.917202
vt 0.346312 0.813397
vt 0.348386 0.817676
vt 0.762317 0.103210
vt 0.758121 0.098280
vt 0.753434 0.093294
vt 0.765858 0.108171
vt 0.748110 0.088355
vt 0.742977 0.083755
vt 0.738742 0.083761
vt 0.184561 0.621218
vt 0.174192 0.616826
vt 0.179884 0.615147
vt 0.769784 0.108687
vt 0.773504 0.109392
vt 0.788244 0.122199
vt 0.784383 0.116761
vt 0.780571 0.115870
vt 0.792195 0.127375
vt 0.796011 0.132355
vt 0.799838 0.137192
vt 0.777163 0.110255
vt 0.347525 0.807890
vt 0.348199 0.801250
vt 0.348844 0.795214
vt 0.349479 0.789554
vt 0.344811 0.776888
vt 0.805588 0.116236
vt 0.804691 0.112259
vt 0.808115 0.112682
vt 0.809113 0.116603
vt 0.345593 0.832041
vt 0.342616 0.837612
vt 0.338534 0.839218
vt 0.500957 0.924808
vt 0.348461 0.826679
vt 0.502880 0.918742
vt 0.350475 0.821845
vt 0.510369 0.912388
vt 0.505698 0.913295
vt 0.586294 0.919635
vt 0.585348 0.915807
vt 0.589425 0.916263
vt 0.590237 0.920236
vt 0.763140 0.098732
vt 0.766638 0.103604
vt 0.758095 0.093670
vt 0.752843 0.088609
vt 0.747929 0.083751
vt 0.737610 0.079384
vt 0.741068 0.079363
vt 0.186168 0.617694
vt 0.181940 0.617111
vt 0.173302 0.613233
vt 0.177698 0.610783
vt 0.770553 0.104106
vt 0.774170 0.104869
vt 0.167599 0.611219
vt 0.171442 0.609041
vt 0.792103 0.122764
vt 0.788186 0.117504
vt 0.780795 0.111208
vt 0.784458 0.112126
vt 0.795941 0.127812
vt 0.799718 0.132716
vt 0.803845 0.141944
vt 0.803594 0.137515
vt 0.777624 0.105796
vt 0.349526 0.812589
vt 0.350585 0.807324
vt 0.350463 0.799372
vt 0.584061 0.931232
vt 0.586274 0.934105
vt 0.582317 0.934710
vt 0.580041 0.931990
vt 0.802104 0.115757
vt 0.801335 0.111699
vt 0.343298 0.772626
vt 0.811630 0.112942
vt 0.812696 0.116877
vt 0.809809 0.120743
vt 0.806189 0.120398
vt 0.346856 0.836139
vt 0.349742 0.830912
vt 0.343611 0.841410
vt 0.339446 0.843078
vt 0.499260 0.920923
vt 0.352656 0.825926
vt 0.501256 0.914864
vt 0.584556 0.911924
vt 0.588884 0.912203
vt 0.503973 0.909416
vt 0.508594 0.908520
vt 0.581782 0.919588
vt 0.580949 0.916047
vt 0.761950 0.094152
vt 0.767613 0.099010
vt 0.758695 0.089176
vt 0.752092 0.083920
vt 0.743867 0.079277
vt 0.748161 0.079142
vt 0.736371 0.075221
vt 0.739722 0.075073
vt 0.183751 0.613819
vt 0.187982 0.614291
vt 0.174888 0.606758
vt 0.771441 0.099344
vt 0.774853 0.100351
vt 0.166382 0.607502
vt 0.169565 0.604907
vt 0.791911 0.118221
vt 0.795801 0.123305
vt 0.788073 0.112984
vt 0.781055 0.106728
vt 0.784532 0.107665
vt 0.799604 0.128245
vt 0.803397 0.133085
vt 0.566169 0.912977
vt 0.570563 0.911147
vt 0.572364 0.914196
vt 0.568143 0.915729
vt 0.587721 0.923469
vt 0.583348 0.923091
vt 0.582020 0.928373
vt 0.580214 0.925754
vt 0.585853 0.927527
vt 0.577890 0.929282
vt 0.798650 0.115196
vt 0.797984 0.111066
vt 0.802654 0.119953
vt 0.813437 0.121018
vt 0.810236 0.125010
vt 0.806586 0.124677
vt 0.348043 0.840237
vt 0.351107 0.835138
vt 0.353108 0.830256
vt 0.344418 0.844943
vt 0.340125 0.846708
vt 0.497246 0.917110
vt 0.583720 0.907921
vt 0.588379 0.908088
vt 0.499371 0.910930
vt 0.580287 0.912281
vt 0.507044 0.904704
vt 0.502365 0.905505
vt 0.762423 0.089720
vt 0.764608 0.094545
vt 0.768412 0.095687
vt 0.759742 0.084781
vt 0.755929 0.084264
vt 0.752525 0.079284
vt 0.743872 0.074728
vt 0.748447 0.074494
vt 0.735199 0.071170
vt 0.738493 0.070817
vt 0.185862 0.610579
vt 0.190166 0.611124
vt 0.172705 0.602528
vt 0.178054 0.604283
vt 0.181383 0.608144
vt 0.568592 0.908247
vt 0.573619 0.906272
vt 0.574954 0.909612
vt 0.791633 0.113801
vt 0.795559 0.118872
vt 0.799421 0.123811
vt 0.787965 0.108607
vt 0.574871 0.917111
vt 0.576811 0.920127
vt 0.572063 0.921222
vt 0.570116 0.918498
vt 0.803229 0.128659
vt 0.576251 0.913092
vt 0.578537 0.923088
vt 0.575891 0.926582
vt 0.795178 0.114554
vt 0.794639 0.110340
vt 0.799122 0.119459
vt 0.803008 0.124268
vt 0.806858 0.129033
vt 0.810529 0.129348
vt 0.352381 0.839355
vt 0.348989 0.844037
vt 0.354720 0.834592
vt 0.345248 0.848491
vt 0.340728 0.850140
vt 0.495272 0.913283
vt 0.579345 0.908468
vt 0.582689 0.903955
vt 0.586928 0.903794
vt 0.497502 0.907012
vt 0.577910 0.916579
vt 0.500780 0.901668
vt 0.505462 0.900837
vt 0.763418 0.085414
vt 0.765932 0.090566
vt 0.769211 0.092363
vt 0.756591 0.079809
vt 0.760442 0.080632
vt 0.752965 0.074586
vt 0.743080 0.069876
vt 0.748586 0.069780
vt 0.733583 0.067192
vt 0.736692 0.066632
vt 0.695874 0.942675
vt 0.690899 0.943304
vt 0.690560 0.940438
vt 0.695411 0.939773
vt 0.175645 0.600066
vt 0.180812 0.601709
vt 0.184192 0.605268
vt 0.188371 0.607543
vt 0.578285 0.904763
vt 0.791317 0.109498
vt 0.573978 0.923927
vt 0.807106 0.133418
vt 0.356121 0.839020
vt 0.353431 0.843607
vt 0.349850 0.847902
vt 0.590042 0.900402
vt 0.590237 0.904280
vt 0.586052 0.899970
vt 0.346018 0.852194
vt 0.341387 0.853619
vt 0.493232 0.909370
vt 0.581682 0.900282
vt 0.495832 0.903062
vt 0.499262 0.897823
vt 0.503966 0.896867
vt 0.764338 0.080255
vt 0.766917 0.086270
vt 0.770190 0.087884
vt 0.757078 0.075414
vt 0.760956 0.076875
vt 0.753541 0.069866
vt 0.699868 0.940464
vt 0.700467 0.943524
vt 0.740899 0.064825
vt 0.694690 0.936731
vt 0.690042 0.937350
vt 0.508276 0.896300
vt 0.509857 0.900375
vt 0.183449 0.599153
vt 0.186756 0.602557
vt 0.190791 0.604827
vt 0.572583 0.903016
vt 0.577175 0.901394
vt 0.585439 0.896413
vt 0.589895 0.896647
vt 0.357430 0.843511
vt 0.354212 0.847790
vt 0.350736 0.851580
vt 0.346715 0.855596
vt 0.342021 0.857155
vt 0.491511 0.905374
vt 0.580583 0.896930
vt 0.494428 0.899262
vt 0.497872 0.893871
vt 0.502500 0.892817
vt 0.767742 0.081783
vt 0.575895 0.898366
vt 0.761516 0.072973
vt 0.757759 0.071215
vt 0.747536 0.065473
vt 0.754747 0.065169
vt 0.734381 0.062845
vt 0.738397 0.060963
vt 0.698941 0.937487
vt 0.745105 0.061755
vt 0.693972 0.933808
vt 0.689413 0.934314
vt 0.506755 0.892187
vt 0.185952 0.596608
vt 0.189218 0.599877
vt 0.193100 0.602064
vt 0.584845 0.892828
vt 0.589718 0.892957
vt 0.355010 0.851869
vt 0.351626 0.855239
vt 0.347531 0.859223
vt 0.342867 0.860946
vt 0.489959 0.901334
vt 0.579157 0.893899
vt 0.493178 0.895307
vt 0.496560 0.889727
vt 0.501105 0.888665
vt 0.764979 0.075119
vt 0.758571 0.067378
vt 0.761981 0.069209
vt 0.732006 0.058990
vt 0.735840 0.057018
vt 0.742372 0.058006
vt 0.726899 0.055803
vt 0.729751 0.055037
vt 0.729124 0.059660
vt 0.748435 0.058298
vt 0.751549 0.061801
vt 0.688885 0.931334
vt 0.693393 0.930901
vt 0.505302 0.888001
vt 0.188641 0.594008
vt 0.191699 0.597197
vt 0.195467 0.599256
vt 0.584017 0.889612
vt 0.588627 0.889433
vt 0.984032 0.608565
vt 0.983792 0.605061
vt 0.988606 0.605760
vt 0.988532 0.609480
vt 0.984303 0.612141
vt 0.981080 0.612315
vt 0.979563 0.608709
vt 0.352503 0.858970
vt 0.348364 0.863172
vt 0.343735 0.864843
vt 0.488760 0.897275
vt 0.491976 0.891107
vt 0.495290 0.885300
vt 0.499765 0.884360
vt 0.977857 0.612490
vt 0.975549 0.609651
vt 0.973644 0.606780
vt 0.978689 0.605416
vt 0.733195 0.053200
vt 0.739547 0.054232
vt 0.745531 0.054706
vt 0.724758 0.051934
vt 0.727676 0.051057
vt 0.750699 0.054779
vt 0.753462 0.058139
vt 0.688460 0.928182
vt 0.693067 0.927927
vt 0.503738 0.883853
vt 0.194145 0.594742
vt 0.191083 0.591554
vt 0.197964 0.596681
vt 0.983562 0.601644
vt 0.988587 0.602092
vt 0.353326 0.862812
vt 0.344677 0.868895
vt 0.349073 0.867227
vt 0.487707 0.893076
vt 0.490788 0.886344
vt 0.494062 0.880709
vt 0.498470 0.879946
vt 0.973267 0.603430
vt 0.978318 0.602099
vt 0.730260 0.049731
vt 0.736729 0.050619
vt 0.742621 0.051162
vt 0.747943 0.051312
vt 0.726272 0.046910
vt 0.722646 0.048203
vt 0.983487 0.598140
vt 0.978264 0.598859
vt 0.688048 0.924906
vt 0.692603 0.924894
vt 0.502462 0.879518
vt 0.193629 0.589184
vt 0.196690 0.592364
vt 0.684299 0.929678
vt 0.683818 0.926302
vt 0.988606 0.598374
vt 0.353843 0.866982
vt 0.345475 0.873083
vt 0.349718 0.871355
vt 0.486567 0.887601
vt 0.489588 0.881547
vt 0.497259 0.875508
vt 0.492894 0.876159
vt 0.733806 0.047310
vt 0.739766 0.047675
vt 0.745031 0.047843
vt 0.978354 0.595592
vt 0.983396 0.594827
vt 0.720390 0.044577
vt 0.723816 0.043328
vt 0.687633 0.921544
vt 0.692145 0.921589
vt 0.501273 0.875149
vt 0.196325 0.586861
vt 0.199334 0.590104
vt 0.683428 0.922838
vt 0.988370 0.595030
vt 0.354297 0.871104
vt 0.350181 0.875176
vt 0.346181 0.878503
vt 0.485254 0.882528
vt 0.488369 0.876941
vt 0.491864 0.871747
vt 0.496173 0.870969
vt 0.736901 0.044312
vt 0.730673 0.044174
vt 0.742053 0.044525
vt 0.978542 0.592444
vt 0.983284 0.591690
vt 0.717818 0.041251
vt 0.721007 0.040144
vt 0.727700 0.040957
vt 0.691759 0.918024
vt 0.687260 0.918033
vt 0.500112 0.870774
vt 0.198967 0.584866
vt 0.201961 0.588170
vt 0.682955 0.919155
vt 0.988109 0.591820
vt 0.354554 0.875213
vt 0.484133 0.878020
vt 0.346209 0.883230
vt 0.350443 0.878876
vt 0.350607 0.882987
vt 0.487346 0.872454
vt 0.495314 0.865952
vt 0.491144 0.868122
vt 0.734057 0.041062
vt 0.739061 0.041263
vt 0.978593 0.589399
vt 0.983210 0.588700
vt 0.695623 0.919112
vt 0.696066 0.922742
vt 0.724694 0.037810
vt 0.731098 0.037874
vt 0.686938 0.914347
vt 0.691486 0.914373
vt 0.499397 0.866225
vt 0.679736 0.921153
vt 0.679046 0.917166
vt 0.682477 0.915331
vt 0.357923 0.876121
vt 0.357865 0.871903
vt 0.354695 0.879301
vt 0.350711 0.887282
vt 0.346228 0.887444
vt 0.483122 0.873525
vt 0.354804 0.883515
vt 0.486448 0.868265
vt 0.736181 0.038008
vt 0.978486 0.586311
vt 0.983059 0.585677
vt 0.695316 0.915342
vt 0.718077 0.037105
vt 0.721642 0.034763
vt 0.727977 0.034717
vt 0.733288 0.034763
vt 0.691324 0.910609
vt 0.686713 0.910547
vt 0.494906 0.860974
vt 0.498983 0.861678
vt 0.678402 0.913162
vt 0.682092 0.911433
vt 0.358089 0.880309
vt 0.354964 0.887766
vt 0.350839 0.891527
vt 0.346238 0.891675
vt 0.482388 0.869179
vt 0.358231 0.884523
vt 0.485869 0.864215
vt 0.490644 0.864789
vt 0.982885 0.582685
vt 0.978281 0.583123
vt 0.694924 0.911453
vt 0.715053 0.034205
vt 0.718478 0.032003
vt 0.724862 0.031724
vt 0.730315 0.031574
vt 0.978059 0.579940
vt 0.982686 0.579534
vt 0.686592 0.906580
vt 0.691341 0.906686
vt 0.490287 0.860268
vt 0.498960 0.857319
vt 0.494835 0.856551
vt 0.678114 0.909064
vt 0.681892 0.907337
vt 0.355194 0.892050
vt 0.358537 0.888723
vt 0.351196 0.895787
vt 0.346565 0.895951
vt 0.482007 0.864946
vt 0.485564 0.860015
vt 0.696161 0.908039
vt 0.711852 0.031414
vt 0.714880 0.029462
vt 0.721642 0.028828
vt 0.727219 0.028479
vt 0.982339 0.576427
vt 0.977722 0.576765
vt 0.686493 0.902356
vt 0.691220 0.902508
vt 0.490174 0.855938
vt 0.494997 0.852387
vt 0.499126 0.853113
vt 0.678010 0.903684
vt 0.681799 0.902734
vt 0.358879 0.893004
vt 0.355620 0.896319
vt 0.346956 0.900243
vt 0.351612 0.900027
vt 0.481550 0.860659
vt 0.485430 0.855682
vt 0.695186 0.903235
vt 0.718164 0.026292
vt 0.723976 0.025398
vt 0.977218 0.573620
vt 0.981847 0.573242
vt 0.690971 0.898219
vt 0.686435 0.897973
vt 0.490356 0.851665
vt 0.495334 0.848562
vt 0.499686 0.847874
vt 0.678119 0.898574
vt 0.681792 0.898116
vt 0.359369 0.897344
vt 0.356105 0.900584
vt 0.351980 0.904206
vt 0.347186 0.904513
vt 0.481416 0.856310
vt 0.485779 0.851388
vt 0.694667 0.898864
vt 0.713720 0.023927
vt 0.710085 0.027650
vt 0.705655 0.025315
vt 0.708198 0.021479
vt 0.720372 0.022615
vt 0.976415 0.570319
vt 0.981125 0.569657
vt 0.686465 0.893609
vt 0.690772 0.893902
vt 0.490520 0.847531
vt 0.678160 0.894212
vt 0.681882 0.893683
vt 0.500660 0.843200
vt 0.495914 0.844891
vt 0.496753 0.841205
vt 0.360013 0.902303
vt 0.356560 0.904402
vt 0.352367 0.908415
vt 0.347522 0.908981
vt 0.481912 0.851985
vt 0.487400 0.847267
vt 0.694348 0.894496
vt 0.701740 0.023463
vt 0.704184 0.019967
vt 0.713221 0.018543
vt 0.709401 0.017048
vt 0.716818 0.020320
vt 0.975464 0.567383
vt 0.980109 0.566059
vt 0.690678 0.889487
vt 0.686618 0.889197
vt 0.490754 0.843488
vt 0.498023 0.837523
vt 0.501940 0.839400
vt 0.678516 0.889803
vt 0.682138 0.889239
vt 0.491903 0.839738
vt 0.357018 0.908048
vt 0.352759 0.913013
vt 0.347982 0.913664
vt 0.344452 0.918934
vt 0.344449 0.914262
vt 0.348114 0.918456
vt 0.694077 0.890079
vt 0.697864 0.021889
vt 0.700234 0.018614
vt 0.705364 0.015795
vt 0.709704 0.012986
vt 0.713785 0.014454
vt 0.717599 0.016415
vt 0.721095 0.018895
vt 0.360630 0.907725
vt 0.686784 0.884529
vt 0.690767 0.884902
vt 0.493486 0.836072
vt 0.499606 0.833863
vt 0.503209 0.835685
vt 0.678705 0.884809
vt 0.682497 0.884545
vt 0.487339 0.839642
vt 0.485303 0.843547
vt 0.357456 0.912481
vt 0.352922 0.917843
vt 0.483343 0.847729
vt 0.693913 0.885450
vt 0.693972 0.020283
vt 0.696142 0.017178
vt 0.701400 0.014670
vt 0.705517 0.011906
vt 0.361320 0.921504
vt 0.357697 0.922025
vt 0.357676 0.917246
vt 0.361244 0.916874
vt 0.361012 0.912267
vt 0.687264 0.879701
vt 0.691171 0.880143
vt 0.489327 0.835930
vt 0.495329 0.832582
vt 0.501228 0.830297
vt 0.505050 0.831574
vt 0.679042 0.878482
vt 0.682978 0.879283
vt 0.348380 0.927965
vt 0.348033 0.923266
vt 0.353019 0.922653
vt 0.353186 0.927414
vt 0.694264 0.880549
vt 0.689937 0.018660
vt 0.692222 0.014750
vt 0.697310 0.013812
vt 0.701418 0.010982
vt 0.361438 0.926118
vt 0.357837 0.926726
vt 0.692088 0.875509
vt 0.687881 0.875063
vt 0.353534 0.932004
vt 0.348958 0.932534
vt 0.349752 0.936954
vt 0.346546 0.936962
vt 0.345658 0.932556
vt 0.497241 0.829117
vt 0.683351 0.874517
vt 0.679235 0.873808
vt 0.695290 0.875939
vt 0.697270 0.010361
vt 0.361709 0.930651
vt 0.358061 0.931331
vt 0.693574 0.871104
vt 0.688765 0.870696
vt 0.354001 0.936439
vt 0.347310 0.941320
vt 0.350556 0.941292
vt 0.502904 0.827006
vt 0.499125 0.825570
vt 0.509890 0.822940
vt 0.507609 0.826516
vt 0.504883 0.823477
vt 0.507011 0.819960
vt 0.679478 0.869391
vt 0.683847 0.870210
vt 0.697127 0.871702
vt 0.907437 0.619393
vt 0.909022 0.616179
vt 0.913454 0.616700
vt 0.911914 0.619815
vt 0.358309 0.935789
vt 0.361903 0.935091
vt 0.693272 0.010132
vt 0.690329 0.865970
vt 0.695218 0.866462
vt 0.354625 0.940837
vt 0.351276 0.945757
vt 0.347833 0.945671
vt 0.501056 0.821917
vt 0.503023 0.818275
vt 0.509111 0.816346
vt 0.512125 0.819627
vt 0.684289 0.866044
vt 0.679695 0.865112
vt 0.905954 0.622840
vt 0.910684 0.623499
vt 0.699085 0.867444
vt 0.904390 0.616884
vt 0.905907 0.613793
vt 0.689690 0.014078
vt 0.689762 0.009827
vt 0.362285 0.939320
vt 0.358748 0.940123
vt 0.694100 0.861070
vt 0.697827 0.862436
vt 0.355364 0.945266
vt 0.348255 0.950109
vt 0.351988 0.950252
vt 0.352745 0.954783
vt 0.348812 0.954593
vt 0.505160 0.814591
vt 0.511671 0.813199
vt 0.514852 0.816672
vt 0.684867 0.862162
vt 0.680285 0.860951
vt 0.689194 0.863289
vt 0.902469 0.620113
vt 0.909348 0.627263
vt 0.904658 0.626519
vt 0.913177 0.625904
vt 0.913077 0.630511
vt 0.908926 0.631423
vt 0.365314 0.951448
vt 0.361529 0.953122
vt 0.360341 0.948731
vt 0.363855 0.947172
vt 0.686361 0.009288
vt 0.687158 0.013404
vt 0.363014 0.943234
vt 0.359434 0.944419
vt 0.690283 0.859937
vt 0.695984 0.857192
vt 0.699952 0.858334
vt 0.356187 0.949769
vt 0.357121 0.954296
vt 0.353553 0.959401
vt 0.349415 0.959188
vt 0.507654 0.811319
vt 0.514600 0.810139
vt 0.517758 0.814088
vt 0.681259 0.856890
vt 0.685707 0.858599
vt 0.900834 0.623472
vt 0.363101 0.957569
vt 0.367193 0.955697
vt 0.903736 0.630047
vt 0.913454 0.634918
vt 0.908642 0.635468
vt 0.691568 0.856094
vt 0.696680 0.852418
vt 0.700467 0.853547
vt 0.358231 0.958863
vt 0.354445 0.963951
vt 0.350274 0.963565
vt 0.510201 0.807762
vt 0.517695 0.807367
vt 0.520816 0.811849
vt 0.682922 0.852825
vt 0.686812 0.854665
vt 0.980192 0.900323
vt 0.975234 0.897676
vt 0.977939 0.895179
vt 0.982608 0.897821
vt 0.368930 0.960076
vt 0.364635 0.962129
vt 0.903513 0.633421
vt 0.982608 0.911470
vt 0.979551 0.914183
vt 0.978799 0.910086
vt 0.982057 0.907152
vt 0.691922 0.851622
vt 0.695880 0.847914
vt 0.699614 0.848946
vt 0.359431 0.963375
vt 0.350546 0.968047
vt 0.355324 0.968313
vt 0.513255 0.804765
vt 0.523535 0.809750
vt 0.520660 0.805463
vt 0.686151 0.848722
vt 0.687362 0.850893
vt 0.977986 0.903327
vt 0.973007 0.900946
vt 0.370416 0.964513
vt 0.365911 0.966790
vt 0.975668 0.906659
vt 0.975022 0.915721
vt 0.975464 0.912696
vt 0.691237 0.847887
vt 0.969516 0.916568
vt 0.970583 0.913831
vt 0.974034 0.918824
vt 0.360498 0.967787
vt 0.356163 0.972436
vt 0.351237 0.972263
vt 0.888544 0.618399
vt 0.884609 0.621577
vt 0.882149 0.617970
vt 0.886654 0.614756
vt 0.882602 0.625348
vt 0.888592 0.625556
vt 0.886686 0.628412
vt 0.971574 0.904846
vt 0.366895 0.971219
vt 0.371404 0.968704
vt 0.972862 0.910214
vt 0.896767 0.627772
vt 0.894469 0.631437
vt 0.890692 0.630514
vt 0.892973 0.627181
vt 0.896870 0.622788
vt 0.900226 0.623006
vt 0.900371 0.627702
vt 0.361405 0.971851
vt 0.892814 0.617916
vt 0.891492 0.613733
vt 0.889665 0.622229
vt 0.968423 0.901246
vt 0.968323 0.905635
vt 0.970588 0.908826
vt 0.969122 0.909906
vt 0.893359 0.622542
vt 0.896602 0.618063
vt 0.900371 0.618533
vt 0.895748 0.613750
vt 0.900019 0.614227
vt 0.301318 0.783837
vt 0.163218 0.610288
vt 0.772453 0.094305
vt 0.358986 0.848109
vt 0.356599 0.847950
vt 0.685845 0.017273
s 1
usemtl doguinho_texture
f 5/1/1 3/2/2 1/3/3 2/4/4
f 5/1/1 2/4/4 4/5/5 9/6/6
f 5/1/1 10/7/7 6/8/8 3/2/2
f 8/9/9 17/10/10 9/6/6 4/5/5
f 18/11/11 10/7/7 5/1/1 9/6/6
f 10/7/7 19/12/12 11/13/13 6/8/8
f 21/14/14 24/15/15 15/16/16 12/17/17
f 15/16/16 25/18/18 16/19/19 7/20/20
f 26/21/21 17/10/10 8/9/9 16/19/19
f 18/11/11 9/6/6 17/10/10 27/22/22
f 10/7/7 28/23/23 29/24/24 19/12/12
f 30/25/25 20/26/26 11/27/13 19/28/12
f 22/29/27 13/30/28 20/26/26 31/31/29
f 32/32/30 21/14/14 14/33/31 23/34/32
f 37/35/33 24/15/15 21/14/14 32/32/30
f 24/15/15 38/36/34 25/18/18 15/16/16
f 39/37/35 26/21/21 16/19/19 25/18/18
f 26/21/21 40/38/36 27/22/22 17/10/10
f 18/11/11 27/22/22 41/39/37 28/23/23
f 41/39/37 42/40/38 29/24/24 28/23/23
f 30/41/25 19/12/12 29/24/24 43/42/39
f 44/43/40 31/31/29 20/26/26 30/25/25
f 45/44/41 34/45/42 22/29/27 31/31/29
f 32/32/30 23/34/32 36/46/43 46/47/44
f 33/48/45 34/45/42 47/49/46 48/50/47
f 37/35/33 51/51/48 38/36/34 24/15/15
f 37/35/33 32/32/30 46/47/44 52/52/49
f 39/37/35 53/53/50 40/38/36 26/21/21
f 39/37/35 25/18/18 54/54/51 55/55/52
f 41/39/37 27/22/22 40/38/36 56/56/53
f 41/39/37 56/56/53 57/57/54 42/40/38
f 29/24/24 42/40/38 58/58/55 43/42/39
f 44/43/40 30/25/25 43/59/39 59/60/56
f 45/44/41 31/31/29 44/43/40 60/61/57
f 61/62/58 47/49/46 34/45/42 45/44/41
f 62/63/59 46/47/44 36/46/43 50/64/60
f 48/50/47 47/49/46 63/65/61 64/66/62
f 48/50/47 64/66/62 49/67/63 35/68/64
f 37/35/33 52/52/49 66/69/65 51/51/48
f 54/54/51 38/36/34 51/51/48 67/70/66
f 39/37/35 55/55/52 68/71/67 53/53/50
f 53/53/50 69/72/68 56/56/53 40/38/36
f 55/55/52 54/54/51 67/70/66 70/73/69
f 71/74/70 57/57/54 56/56/53 69/72/68
f 72/75/71 58/58/55 42/40/38 57/57/54
f 58/76/55 73/77/72 59/60/56 43/59/39
f 74/78/73 60/61/57 44/43/40 59/60/56
f 61/62/58 45/44/41 60/61/57 75/79/74
f 76/80/75 63/65/61 47/49/46 61/62/58
f 64/66/62 63/65/61 78/81/76 79/82/77
f 64/66/62 79/82/77 65/83/78 49/67/63
f 66/69/65 52/52/49 81/84/79 82/85/80
f 67/70/66 51/51/48 66/69/65 83/86/81
f 68/71/67 55/55/52 70/73/69 84/87/82
f 53/53/50 68/71/67 85/88/83 69/72/68
f 86/89/84 70/73/69 67/70/66 83/86/81
f 71/74/70 87/90/85 88/91/86 57/57/54
f 71/74/70 69/72/68 85/88/83 89/92/87
f 72/93/71 90/94/88 73/77/72 58/76/55
f 74/78/73 59/60/56 73/77/72 91/95/89
f 74/78/73 92/96/90 75/79/74 60/61/57
f 76/80/75 61/62/58 75/79/74 93/97/91
f 76/80/75 94/98/92 78/81/76 63/65/61
f 98/99/93 99/100/94 79/82/77 78/81/76
f 65/83/78 79/82/77 99/100/94 80/101/95
f 81/84/79 97/102/96 101/103/97 82/85/80
f 66/69/65 82/85/80 102/104/98 83/86/81
f 86/89/84 103/105/99 84/87/82 70/73/69
f 86/89/84 83/86/81 102/104/98 104/106/100
f 71/74/70 89/92/87 105/107/101 87/90/85
f 106/108/102 107/109/103 88/110/86 87/111/85
f 108/112/104 89/92/87 85/88/83 109/113/105
f 72/93/71 88/110/86 107/109/103 90/94/88
f 110/114/106 91/95/89 73/77/72 90/94/88
f 74/78/73 91/95/89 111/115/107 92/96/90
f 112/116/108 93/97/91 75/79/74 92/96/90
f 76/80/75 93/97/91 113/117/109 94/98/92
f 94/98/92 114/118/110 98/99/93 78/81/76
f 77/119/111 95/120/112 116/121/113 96/122/114
f 101/103/97 97/102/96 96/122/114 117/123/115
f 118/124/116 119/125/117 99/100/94 98/99/93
f 122/126/118 102/104/98 82/85/80 101/103/97
f 103/105/99 123/127/119 124/128/120 84/87/82
f 122/126/118 125/129/121 104/106/100 102/104/98
f 86/89/84 104/106/100 126/130/122 127/131/123
f 108/112/104 128/132/124 105/107/101 89/92/87
f 106/108/102 87/111/85 105/133/101 129/134/125
f 130/135/126 108/112/104 109/113/105 131/136/127
f 132/137/128 110/114/106 90/94/88 107/109/103
f 110/114/106 133/138/129 111/115/107 91/95/89
f 112/116/108 92/96/90 111/115/107 134/139/130
f 112/116/108 135/140/131 113/117/109 93/97/91
f 94/98/92 113/117/109 136/141/132 114/118/110
f 137/142/133 118/124/116 98/99/93 114/118/110
f 138/143/134 116/121/113 95/120/112 115/144/135
f 115/144/135 100/145/136 121/146/137 139/147/138
f 96/122/114 116/121/113 140/148/139 117/123/115
f 122/126/118 101/103/97 117/123/115 141/149/140
f 143/150/141 144/151/142 121/146/137 120/152/143
f 103/105/99 127/131/123 145/153/144 123/127/119
f 123/127/119 131/136/127 109/113/105 124/128/120
f 122/126/118 141/149/140 146/154/145 125/129/121
f 147/155/146 126/130/122 104/106/100 148/156/147
f 127/131/123 126/130/122 149/157/148 145/153/144
f 130/135/126 150/158/149 128/132/124 108/112/104
f 151/159/150 129/134/125 105/133/101 128/160/124
f 152/161/151 106/108/102 129/134/125 153/162/152
f 130/135/126 131/136/127 154/163/153 155/164/154
f 132/137/128 156/165/155 133/138/129 110/114/106
f 152/161/151 157/166/156 132/137/128 107/109/103
f 133/138/129 158/167/157 134/139/130 111/115/107
f 112/116/108 134/139/130 159/168/158 135/140/131
f 136/141/132 113/117/109 135/140/131 160/169/159
f 136/141/132 161/170/160 137/142/133 114/118/110
f 137/142/133 162/171/161 142/172/162 118/124/116
f 138/143/134 163/173/163 140/148/139 116/121/113
f 138/143/134 115/144/135 139/147/138 164/174/164
f 144/151/142 165/175/165 139/147/138 121/146/137
f 141/149/140 117/123/115 140/148/139 166/176/166
f 168/177/167 169/178/168 144/151/142 143/150/141
f 123/127/119 145/153/144 154/163/153 131/136/127
f 170/179/169 146/154/145 141/149/140 166/176/166
f 148/156/147 125/129/121 146/154/145 171/180/170
f 172/181/171 149/157/148 126/130/122 147/155/146
f 147/155/146 148/156/147 171/180/170 173/182/172
f 174/183/173 154/163/153 145/153/144 149/157/148
f 130/135/126 155/164/154 175/184/174 150/158/149
f 176/185/175 151/186/150 128/132/124 150/158/149
f 151/159/150 177/187/176 153/162/152 129/134/125
f 152/161/151 153/162/152 178/188/177 157/166/156
f 155/164/154 154/163/153 174/183/173 179/189/178
f 132/137/128 157/166/156 180/190/179 156/165/155
f 156/165/155 181/191/180 158/167/157 133/138/129
f 158/167/157 182/192/181 159/168/158 134/139/130
f 160/169/159 135/140/131 159/168/158 183/193/182
f 136/141/132 160/169/159 184/194/183 161/170/160
f 137/142/133 161/170/160 185/195/184 162/171/161
f 138/143/134 164/174/164 186/196/185 163/173/163
f 187/197/186 166/176/166 140/148/139 163/173/163
f 188/198/187 164/174/164 139/147/138 165/175/165
f 189/199/188 165/175/165 144/151/142 169/178/168
f 168/177/167 191/200/189 192/201/190 169/178/168
f 170/179/169 193/202/191 171/180/170 146/154/145
f 170/179/169 166/176/166 187/197/186 194/203/192
f 195/204/193 174/183/173 149/157/148 172/181/171
f 172/181/171 147/155/146 173/182/172 196/205/194
f 193/202/191 197/206/195 173/182/172 171/180/170
f 155/164/154 179/189/178 198/207/196 175/184/174
f 176/185/175 150/158/149 175/184/174 199/208/197
f 176/209/175 200/210/198 177/187/176 151/159/150
f 201/211/199 178/188/177 153/162/152 177/187/176
f 202/212/200 180/190/179 157/166/156 178/188/177
f 195/204/193 203/213/201 179/189/178 174/183/173
f 156/165/155 180/190/179 204/214/202 181/191/180
f 158/167/157 181/191/180 205/215/203 182/192/181
f 206/216/204 183/193/182 159/168/158 182/192/181
f 160/169/159 183/193/182 207/217/205 184/194/183
f 185/195/184 161/170/160 184/194/183 208/218/206
f 188/198/187 210/219/207 186/196/185 164/174/164
f 211/220/208 187/197/186 163/173/163 186/196/185
f 212/221/209 188/198/187 165/175/165 189/199/188
f 189/199/188 169/178/168 192/201/190 213/222/210
f 167/223/211 190/224/212 191/200/189 168/177/167
f 191/200/189 215/225/213 216/226/214 192/201/190
f 170/179/169 194/203/192 217/227/215 193/202/191
f 218/228/216 219/229/217 194/203/192 187/197/186
f 195/204/193 172/181/171 196/205/194 220/230/218
f 197/206/195 221/231/219 196/205/194 173/182/172
f 222/232/220 198/207/196 179/189/178 203/213/201
f 175/184/174 198/207/196 223/233/221 199/208/197
f 176/209/175 199/234/197 224/235/222 200/210/198
f 225/236/223 201/211/199 177/187/176 200/210/198
f 201/211/199 226/237/224 202/212/200 178/188/177
f 227/238/225 204/214/202 180/190/179 202/212/200
f 195/204/193 220/230/218 228/239/226 203/213/201
f 204/214/202 229/240/227 205/215/203 181/191/180
f 206/216/204 182/192/181 205/215/203 230/241/228
f 231/242/229 207/217/205 183/193/182 206/216/204
f 232/243/230 208/218/206 184/194/183 207/217/205
f 185/195/184 208/218/206 233/244/231 209/245/232
f 212/221/209 234/246/233 210/219/207 188/198/187
f 211/220/208 186/196/185 210/219/207 235/247/234
f 212/221/209 189/199/188 213/222/210 236/248/235
f 237/249/236 213/222/210 192/201/190 216/226/214
f 191/200/189 190/224/212 214/250/237 215/225/213
f 215/225/213 239/251/238 240/252/239 216/226/214
f 217/227/215 194/203/192 219/229/217 241/253/240
f 218/228/216 242/254/241 243/255/242 219/229/217
f 220/230/218 196/205/194 221/231/219 244/256/243
f 197/206/195 245/257/244 246/258/245 221/231/219
f 222/232/220 247/259/246 223/233/221 198/207/196
f 228/239/226 248/260/247 222/232/220 203/213/201
f 249/261/248 224/235/222 199/234/197 223/262/221
f 225/236/223 200/210/198 224/235/222 250/263/249
f 225/236/223 251/264/250 226/237/224 201/211/199
f 252/265/251 227/238/225 202/212/200 226/237/224
f 253/266/252 229/240/227 204/214/202 227/238/225
f 228/239/226 220/230/218 244/256/243 254/267/253
f 229/240/227 255/268/254 230/241/228 205/215/203
f 256/269/255 231/242/229 206/216/204 230/241/228
f 231/242/229 257/270/256 232/243/230 207/217/205
f 232/243/230 258/271/257 233/244/231 208/218/206
f 212/221/209 236/248/235 260/272/258 234/246/233
f 235/247/234 210/219/207 234/246/233 261/273/259
f 211/220/208 235/247/234 242/254/241 218/228/216
f 236/248/235 213/222/210 237/249/236 262/274/260
f 237/249/236 216/226/214 240/252/239 263/275/261
f 238/276/262 239/251/238 215/225/213 214/250/237
f 265/277/263 266/278/264 240/252/239 239/251/238
f 243/255/242 267/279/265 241/253/240 219/229/217
f 217/227/215 241/253/240 268/280/266 269/281/267
f 270/282/268 243/255/242 242/254/241 271/283/269
f 221/231/219 246/258/245 272/284/270 244/256/243
f 273/285/271 246/258/245 245/257/244 269/281/267
f 222/232/220 248/260/247 274/286/272 247/259/246
f 249/261/248 223/262/221 247/287/246 275/288/273
f 228/239/226 254/267/253 276/289/274 248/260/247
f 249/261/248 277/290/275 250/263/249 224/235/222
f 225/236/223 250/263/249 278/291/276 251/264/250
f 279/292/277 252/265/251 226/237/224 251/264/250
f 252/265/251 280/293/278 253/266/252 227/238/225
f 253/266/252 281/294/279 255/268/254 229/240/227
f 254/267/253 244/256/243 272/284/270 282/295/280
f 256/269/255 230/241/228 255/268/254 283/296/281
f 231/242/229 284/297/282 285/298/283 257/270/256
f 257/270/256 286/299/284 258/271/257 232/243/230
f 287/300/285 259/301/286 233/244/231 258/271/257
f 236/248/235 262/274/260 288/302/287 260/272/258
f 234/246/233 260/272/258 289/303/288 261/273/259
f 235/247/234 261/273/259 271/283/269 242/254/241
f 262/274/260 237/249/236 263/275/261 290/304/289
f 263/275/261 240/252/239 266/278/264 291/305/290
f 238/276/262 264/306/291 265/277/263 239/251/238
f 293/307/292 294/308/293 266/278/264 265/277/263
f 295/309/294 267/279/265 243/255/242 270/282/268
f 296/310/295 268/280/266 241/253/240 267/279/265
f 273/285/271 269/281/267 268/280/266 297/311/296
f 270/282/268 271/283/269 298/312/297 299/313/298
f 273/285/271 300/314/299 272/284/270 246/258/245
f 274/286/272 248/260/247 276/289/274 301/315/300
f 302/316/301 275/288/273 247/287/246 274/317/272
f 249/261/248 275/288/273 303/318/302 277/290/275
f 254/267/253 282/295/280 304/319/303 276/289/274
f 305/320/304 278/291/276 250/263/249 277/290/275
f 279/292/277 251/264/250 278/291/276 306/321/305
f 279/292/277 307/322/306 280/293/278 252/265/251
f 308/323/307 281/294/279 253/266/252 280/293/278
f 283/296/281 255/268/254 281/294/279 309/324/308
f 310/325/309 282/295/280 272/284/270 300/314/299
f 256/269/255 283/296/281 311/326/310 284/297/282
f 311/326/310 312/327/311 285/298/283 284/297/282
f 285/298/283 313/328/312 286/299/284 257/270/256
f 287/300/285 258/271/257 286/299/284 314/329/313
f 262/274/260 290/304/289 315/330/314 288/302/287
f 288/302/287 316/331/315 289/303/288 260/272/258
f 298/312/297 271/283/269 261/273/259 289/303/288
f 290/304/289 263/275/261 291/305/290 317/332/316
f 294/308/293 318/333/317 291/305/290 266/278/264
f 293/307/292 265/277/263 264/306/291 292/334/318
f 293/307/292 321/335/319 322/336/320 294/308/293
f 296/310/295 267/279/265 295/309/294 323/337/321
f 295/309/294 270/282/268 299/313/298 324/338/322
f 296/310/295 325/339/323 297/311/296 268/280/266
f 273/285/271 297/311/296 326/340/324 300/314/299
f 327/341/325 299/313/298 298/312/297 328/342/326
f 329/343/327 301/315/300 276/289/274 304/319/303
f 302/316/301 274/317/272 301/344/300 330/345/328
f 302/316/301 331/346/329 303/318/302 275/288/273
f 305/320/304 277/290/275 303/318/302 332/347/330
f 310/325/309 333/348/331 304/319/303 282/295/280
f 305/320/304 334/349/332 306/321/305 278/291/276
f 279/292/277 306/321/305 335/350/333 307/322/306
f 308/323/307 280/293/278 307/322/306 336/351/334
f 308/323/307 337/352/335 309/324/308 281/294/279
f 283/296/281 309/324/308 338/353/336 311/326/310
f 339/354/337 310/325/309 300/314/299 326/340/324
f 311/326/310 338/353/336 340/355/338 312/327/311
f 285/298/283 312/327/311 341/356/339 313/328/312
f 342/357/340 314/329/313 286/299/284 313/328/312
f 290/304/289 317/332/316 344/358/341 315/330/314
f 288/302/287 315/330/314 345/359/342 316/331/315
f 298/312/297 289/303/288 316/331/315 328/342/326
f 318/333/317 346/360/343 317/332/316 291/305/290
f 347/361/344 318/333/317 294/308/293 322/336/320
f 293/307/292 292/334/318 348/362/345 321/335/319
f 321/335/319 352/363/346 353/364/347 322/336/320
f 354/365/348 323/337/321 295/309/294 324/338/322
f 355/366/349 324/338/322 299/313/298 327/341/325
f 296/310/295 356/367/350 357/368/351 325/339/323
f 325/339/323 358/369/352 326/340/324 297/311/296
f 359/370/353 360/371/354 327/341/325 328/342/326
f 361/372/355 330/345/328 301/344/300 329/373/327
f 362/374/356 329/343/327 304/319/303 333/348/331
f 302/316/301 330/345/328 363/375/357 331/346/329
f 332/347/330 303/318/302 331/346/329 364/376/358
f 305/320/304 332/347/330 365/377/359 334/349/332
f 339/354/337 366/378/360 333/348/331 310/325/309
f 306/321/305 334/349/332 367/379/361 335/350/333
f 368/380/362 336/351/334 307/322/306 335/350/333
f 308/323/307 336/351/334 369/381/363 337/352/335
f 337/352/335 370/382/364 338/353/336 309/324/308
f 339/354/337 326/340/324 358/369/352 371/383/365
f 340/355/338 338/353/336 370/382/364 372/384/366
f 340/355/338 373/385/367 341/356/339 312/327/311
f 341/356/339 374/386/368 342/357/340 313/328/312
f 342/357/340 375/387/369 343/388/370 314/329/313
f 344/358/341 317/332/316 346/360/343 376/389/371
f 377/390/372 345/359/342 315/330/314 344/358/341
f 359/370/353 328/342/326 316/331/315 345/359/342
f 347/361/344 378/391/373 346/360/343 318/333/317
f 379/392/374 347/361/344 322/336/320 353/364/347
f 321/335/319 348/362/345 380/393/375 352/363/346
f 380/393/375 348/362/345 319/394/376 349/395/377
f 383/396/378 353/397/347 352/398/346 384/399/379
f 354/365/348 385/400/380 356/367/350 323/337/321
f 354/365/348 324/338/322 355/366/349 386/401/381
f 355/366/349 327/341/325 360/371/354 387/402/382
f 357/368/351 356/367/350 385/400/380 388/403/383
f 357/368/351 389/404/384 358/369/352 325/339/323
f 359/370/353 390/405/385 391/406/386 360/371/354
f 361/372/355 392/407/387 363/375/357 330/345/328
f 362/408/356 393/409/388 361/372/355 329/373/327
f 362/374/356 333/348/331 366/378/360 394/410/389
f 331/346/329 363/375/357 395/411/390 364/376/358
f 332/347/330 364/376/358 396/412/391 365/377/359
f 367/379/361 334/349/332 365/377/359 397/413/392
f 339/354/337 371/383/365 398/414/393 366/378/360
f 368/380/362 335/350/333 367/379/361 399/415/394
f 368/380/362 400/416/395 369/381/363 336/351/334
f 337/352/335 369/381/363 401/417/396 370/382/364
f 371/383/365 358/369/352 389/404/384 402/418/397
f 403/419/398 372/384/366 370/382/364 401/417/396
f 340/355/338 372/384/366 404/420/399 373/385/367
f 341/356/339 373/385/367 405/421/400 374/386/368
f 342/357/340 374/386/368 406/422/401 375/387/369
f 378/391/373 408/423/402 376/389/371 346/360/343
f 409/424/403 377/390/372 344/358/341 376/389/371
f 377/390/372 390/405/385 359/370/353 345/359/342
f 379/392/374 410/425/404 378/391/373 347/361/344
f 379/426/374 353/397/347 383/396/378 411/427/405
f 412/428/406 384/399/379 352/398/346 380/429/375
f 412/428/406 380/429/375 349/430/377 413/431/407
f 381/432/408 414/433/408 415/434/409 382/435/410
f 416/436/411 417/437/412 351/438/413 382/435/410
f 418/439/414 419/440/415 383/441/378 384/442/379
f 354/365/348 386/401/381 420/443/416 385/400/380
f 355/366/349 387/402/382 421/444/417 386/401/381
f 422/445/418 387/402/382 360/371/354 391/406/386
f 423/446/419 388/403/383 385/400/380 420/443/416
f 424/447/420 389/404/384 357/368/351 388/403/383
f 425/448/421 426/449/422 391/406/386 390/405/385
f 393/409/388 427/450/423 392/407/387 361/372/355
f 395/411/390 363/375/357 392/407/387 428/451/424
f 362/408/356 394/452/389 429/453/425 393/409/388
f 398/414/393 430/454/426 394/410/389 366/378/360
f 395/411/390 431/455/427 396/412/391 364/376/358
f 396/412/391 432/456/428 397/413/392 365/377/359
f 367/379/361 397/413/392 433/457/429 399/415/394
f 398/414/393 371/383/365 402/418/397 434/458/430
f 435/459/431 400/416/395 368/380/362 399/415/394
f 401/417/396 369/381/363 400/416/395 436/460/432
f 424/447/420 437/461/433 402/418/397 389/404/384
f 403/419/398 438/462/434 404/420/399 372/384/366
f 439/463/435 403/419/398 401/417/396 436/460/432
f 440/464/436 405/421/400 373/385/367 404/420/399
f 406/422/401 374/386/368 405/421/400 441/465/437
f 442/466/438 407/467/439 375/387/369 406/422/401
f 443/468/440 408/423/402 378/391/373 410/425/404
f 444/469/441 409/424/403 376/389/371 408/423/402
f 409/424/403 425/448/421 390/405/385 377/390/372
f 379/470/374 411/471/405 445/472/442 410/473/404
f 446/474/443 411/471/405 383/441/378 419/440/415
f 418/439/414 384/442/379 412/475/406 447/476/444
f 350/477/445 448/478/446 413/479/407 349/480/377
f 412/475/406 413/479/407 449/481/447 447/476/444
f 451/482/448 416/436/411 382/435/410 415/434/409
f 448/478/446 417/437/412 416/436/411 452/483/449
f 453/484/450 454/485/451 419/440/415 418/439/414
f 420/443/416 386/401/381 421/444/417 455/486/452
f 422/445/418 456/487/453 421/444/417 387/402/382
f 457/488/454 422/445/418 391/406/386 426/449/422
f 423/446/419 458/489/455 424/447/420 388/403/383
f 423/446/419 420/443/416 455/486/452 459/490/456
f 425/448/421 460/491/457 461/492/458 426/449/422
f 393/409/388 429/453/425 462/493/459 427/450/423
f 428/451/424 392/407/387 427/450/423 463/494/460
f 395/411/390 428/451/424 464/495/461 431/455/427
f 429/453/425 394/452/389 430/496/426 465/497/462
f 398/414/393 434/458/430 466/498/463 430/454/426
f 467/499/464 432/456/428 396/412/391 431/455/427
f 432/456/428 468/500/465 433/457/429 397/413/392
f 469/501/466 435/459/431 399/415/394 433/457/429
f 470/502/467 434/458/430 402/418/397 437/461/433
f 435/459/431 471/503/468 436/460/432 400/416/395
f 424/447/420 458/489/455 472/504/469 437/461/433
f 439/463/435 473/505/470 438/462/434 403/419/398
f 440/464/436 404/420/399 438/462/434 474/506/471
f 439/463/435 436/460/432 471/503/468 475/507/472
f 440/464/436 476/508/473 441/465/437 405/421/400
f 442/466/438 406/422/401 441/465/437 477/509/474
f 443/468/440 478/510/475 444/469/441 408/423/402
f 443/468/440 410/425/404 445/511/442 479/512/476
f 444/469/441 460/491/457 425/448/421 409/424/403
f 480/513/477 445/472/442 411/471/405 446/474/443
f 446/474/443 419/440/415 454/485/451 481/514/478
f 453/484/450 418/439/414 447/476/444 482/515/479
f 449/481/447 413/479/407 448/478/446 452/483/449
f 482/515/479 447/476/444 449/481/447 483/516/480
f 485/517/481 451/482/448 415/434/409 450/518/482
f 486/519/483 452/483/449 416/436/411 451/482/448
f 453/484/450 487/520/484 488/521/485 454/485/451
f 421/444/417 456/487/453 489/522/486 455/486/452
f 457/488/454 490/523/487 456/487/453 422/445/418
f 491/524/488 457/525/454 426/526/422 461/527/458
f 492/528/489 458/489/455 423/446/419 493/529/490
f 459/490/456 455/486/452 489/522/486 494/530/491
f 495/531/492 493/529/490 423/446/419 459/490/456
f 496/532/493 461/527/458 460/533/457 497/534/494
f 429/453/425 465/497/462 498/535/495 462/493/459
f 499/536/496 463/494/460 427/450/423 462/493/459
f 428/451/424 463/494/460 500/537/497 464/495/461
f 467/499/464 431/455/427 464/495/461 501/538/498
f 430/496/426 466/539/463 502/540/499 465/497/462
f 503/541/500 466/498/463 434/458/430 470/502/467
f 467/499/464 504/542/501 468/500/465 432/456/428
f 469/501/466 433/457/429 468/500/465 505/543/502
f 469/501/466 506/544/503 471/503/468 435/459/431
f 507/545/504 470/502/467 437/461/433 472/504/469
f 492/528/489 508/546/505 472/504/469 458/489/455
f 439/463/435 475/507/472 509/547/506 473/505/470
f 510/548/507 474/506/471 438/462/434 473/505/470
f 440/464/436 474/506/471 511/549/508 476/508/473
f 471/503/468 506/544/503 512/550/509 475/507/472
f 513/551/510 477/509/474 441/465/437 476/508/473
f 515/552/511 478/553/475 443/554/440 479/555/476
f 444/469/441 478/510/475 497/556/494 460/491/457
f 480/513/477 516/557/512 479/555/476 445/472/442
f 480/513/477 446/474/443 481/514/478 517/558/513
f 488/521/485 518/559/514 481/514/478 454/485/451
f 453/484/450 482/515/479 519/560/515 487/520/484
f 483/516/480 449/481/447 452/483/449 486/519/483
f 520/561/516 519/560/515 482/515/479 483/516/480
f 521/562/517 485/517/481 450/518/482 484/563/518
f 486/519/483 451/482/448 485/517/481 522/564/519
f 487/520/484 523/565/520 524/566/521 488/521/485
f 490/523/487 525/567/522 489/522/486 456/487/453
f 491/568/488 526/569/523 490/523/487 457/488/454
f 491/524/488 461/527/458 496/532/493 527/570/524
f 492/528/489 493/529/490 495/531/492 528/571/525
f 489/522/486 525/567/522 529/572/526 494/530/491
f 495/531/492 459/490/456 494/530/491 530/573/527
f 531/574/528 496/532/493 497/534/494 532/575/529
f 533/576/530 498/535/495 465/497/462 502/540/499
f 499/536/496 462/493/459 498/535/495 534/577/531
f 499/536/496 535/578/532 500/537/497 463/494/460
f 536/579/533 501/538/498 464/495/461 500/537/497
f 467/499/464 501/538/498 537/580/534 504/542/501
f 538/581/535 502/540/499 466/539/463 503/582/500
f 507/545/504 539/583/536 503/541/500 470/502/467
f 504/542/501 540/584/537 505/543/502 468/500/465
f 469/501/466 505/543/502 540/584/537 541/585/538
f 469/501/466 541/585/538 542/586/539 506/544/503
f 507/545/504 472/504/469 508/546/505 543/587/540
f 492/528/489 528/571/525 544/588/541 508/546/505
f 509/547/506 475/507/472 512/550/509 545/589/542
f 510/548/507 473/505/470 509/547/506 546/590/543
f 510/548/507 547/591/544 511/549/508 474/506/471
f 513/551/510 476/508/473 511/549/508 548/592/545
f 549/593/546 512/550/509 506/544/503 542/586/539
f 550/594/547 514/595/548 477/509/474 513/551/510
f 515/552/511 532/596/529 497/597/494 478/553/475
f 515/552/511 479/555/476 516/557/512 551/598/549
f 480/513/477 517/558/513 552/599/550 516/557/512
f 517/558/513 481/514/478 518/559/514 553/600/551
f 488/521/485 524/566/521 554/601/552 518/559/514
f 487/520/484 519/560/515 555/602/553 523/565/520
f 520/561/516 483/516/480 486/519/483 522/564/519
f 520/561/516 556/603/554 557/604/555 519/560/515
f 559/605/556 522/564/519 485/517/481 521/562/517
f 560/606/557 561/607/558 524/566/521 523/565/520
f 490/523/487 526/569/523 562/608/559 525/567/522
f 491/524/488 527/570/524 563/609/560 526/610/523
f 531/574/528 564/611/561 527/570/524 496/532/493
f 528/571/525 495/531/492 530/573/527 565/612/562
f 566/613/563 529/572/526 525/567/522 562/608/559
f 530/573/527 494/530/491 529/572/526 567/614/564
f 531/615/528 532/596/529 568/616/565 569/617/566
f 570/618/567 534/577/531 498/535/495 533/576/530
f 538/581/535 571/619/568 533/576/530 502/540/499
f 499/536/496 534/577/531 572/620/569 535/578/532
f 535/578/532 573/621/570 536/579/533 500/537/497
f 537/580/534 501/538/498 536/579/533 574/622/571
f 537/580/534 575/623/572 540/584/537 504/542/501
f 538/581/535 503/582/500 539/624/536 576/625/573
f 507/545/504 543/587/540 577/626/574 539/583/536
f 575/623/572 578/627/575 541/585/538 540/584/537
f 542/586/539 541/585/538 578/627/575 579/628/576
f 543/587/540 508/546/505 544/588/541 580/629/577
f 528/571/525 565/612/562 581/630/578 544/588/541
f 549/593/546 582/631/579 545/589/542 512/550/509
f 509/547/506 545/589/542 583/632/580 546/590/543
f 510/548/507 546/590/543 584/633/581 547/591/544
f 548/592/545 511/549/508 547/591/544 585/634/582
f 550/594/547 513/551/510 548/592/545 586/635/583
f 549/593/546 542/586/539 579/628/576 587/636/584
f 515/552/511 551/598/549 568/616/565 532/596/529
f 552/599/550 588/637/585 551/598/549 516/557/512
f 517/558/513 553/600/551 589/638/586 552/599/550
f 518/559/514 554/601/552 590/639/587 553/600/551
f 591/640/588 554/601/552 524/566/521 561/607/558
f 560/606/557 523/565/520 555/602/553 592/641/589
f 520/561/516 522/564/519 559/605/556 556/603/554
f 593/642/590 594/643/591 557/604/555 556/603/554
f 559/605/556 521/562/517 558/644/592 595/645/593
f 596/646/594 561/607/558 560/606/557 597/647/595
f 563/609/560 598/648/596 562/649/559 526/610/523
f 564/611/561 599/650/597 563/609/560 527/570/524
f 531/615/528 569/617/566 600/651/598 564/652/561
f 601/653/599 565/612/562 530/573/527 567/614/564
f 566/613/563 602/654/600 567/614/564 529/572/526
f 566/655/563 562/649/559 598/648/596 603/656/601
f 604/657/602 605/658/603 569/617/566 568/616/565
f 570/618/567 606/659/604 572/620/569 534/577/531
f 607/660/605 570/618/567 533/576/530 571/619/568
f 608/661/606 571/619/568 538/581/535 576/625/573
f 609/662/607 573/621/570 535/578/532 572/620/569
f 610/663/608 574/622/571 536/579/533 573/621/570
f 537/580/534 574/622/571 611/664/609 575/623/572
f 576/665/573 539/583/536 577/626/574 612/666/610
f 613/667/611 577/626/574 543/587/540 580/629/577
f 575/623/572 611/664/609 614/668/612 578/627/575
f 579/628/576 578/627/575 614/668/612 615/669/613
f 580/629/577 544/588/541 581/630/578 616/670/614
f 601/653/599 617/671/615 581/630/578 565/612/562
f 549/593/546 587/636/584 618/672/616 582/631/579
f 545/589/542 582/631/579 619/673/617 583/632/580
f 583/632/580 620/674/618 584/633/581 546/590/543
f 547/591/544 584/633/581 621/675/619 585/634/582
f 622/676/620 586/635/583 548/592/545 585/634/582
f 624/677/621 587/636/584 579/628/576 615/669/613
f 604/657/602 568/616/565 551/598/549 588/637/585
f 552/599/550 589/638/586 625/678/622 588/637/585
f 626/679/623 589/638/586 553/600/551 590/639/587
f 591/640/588 627/680/624 590/639/587 554/601/552
f 591/640/588 561/607/558 596/646/594 628/681/625
f 557/604/555 594/643/591 592/641/589 555/602/553
f 560/606/557 592/641/589 629/682/626 597/647/595
f 593/642/590 556/603/554 559/605/556 595/645/593
f 630/683/627 631/684/628 594/643/591 593/642/590
f 596/646/594 597/647/595 633/685/629 634/686/630
f 635/687/631 599/650/597 564/611/561 600/688/598
f 636/689/632 563/609/560 599/650/597 637/690/633
f 638/691/634 600/651/598 569/617/566 605/658/603
f 601/653/599 567/614/564 602/654/600 639/692/635
f 566/655/563 603/656/601 640/693/636 602/694/600
f 636/689/632 641/695/637 603/656/601 598/648/596
f 604/657/602 642/696/638 643/697/639 605/658/603
f 644/698/640 606/659/604 570/618/567 607/660/605
f 645/699/641 609/662/607 572/620/569 606/659/604
f 646/700/642 607/660/605 571/619/568 608/661/606
f 608/661/606 576/625/573 612/701/610 647/702/643
f 609/662/607 648/703/644 610/663/608 573/621/570
f 610/663/608 649/704/645 611/664/609 574/622/571
f 613/667/611 650/705/646 612/666/610 577/626/574
f 651/706/647 613/667/611 580/629/577 616/670/614
f 652/707/648 614/668/612 611/664/609 649/704/645
f 652/707/648 653/708/649 615/669/613 614/668/612
f 581/630/578 617/671/615 654/709/650 616/670/614
f 601/653/599 639/692/635 655/710/651 617/671/615
f 624/677/621 656/711/652 618/672/616 587/636/584
f 582/631/579 618/672/616 657/712/653 619/673/617
f 583/632/580 619/673/617 658/713/654 620/674/618
f 621/675/619 584/633/581 620/674/618 659/714/655
f 622/676/620 585/634/582 621/675/619 660/715/656
f 623/716/657 586/635/583 622/676/620 661/717/658
f 662/718/659 624/677/621 615/669/613 653/708/649
f 604/657/602 588/637/585 625/678/622 642/696/638
f 663/719/660 625/678/622 589/638/586 626/679/623
f 627/680/624 664/720/661 626/679/623 590/639/587
f 591/640/588 628/681/625 665/721/662 627/680/624
f 596/646/594 634/686/630 666/722/663 628/681/625
f 592/641/589 594/643/591 631/684/628 629/682/626
f 667/723/664 633/685/629 597/647/595 629/682/626
f 630/683/627 593/642/590 595/645/593 632/724/665
f 630/683/627 668/725/666 669/726/667 631/684/628
f 670/727/668 634/686/630 633/685/629 671/728/669
f 637/729/633 599/730/597 635/731/631 672/732/670
f 635/731/631 600/651/598 638/691/634 673/733/671
f 636/689/632 637/690/633 674/734/672 641/695/637
f 638/691/634 605/658/603 643/697/639 675/735/673
f 639/736/635 602/694/600 640/693/636 676/737/674
f 641/695/637 677/738/675 640/693/636 603/656/601
f 642/696/638 678/739/676 679/740/677 643/697/639
f 680/741/678 645/699/641 606/659/604 644/698/640
f 646/700/642 681/742/679 644/698/640 607/660/605
f 645/699/641 682/743/680 648/703/644 609/662/607
f 646/700/642 608/661/606 647/702/643 683/744/681
f 612/701/610 650/745/646 684/746/682 647/702/643
f 610/663/608 648/703/644 685/747/683 649/704/645
f 651/706/647 686/748/684 650/705/646 613/667/611
f 651/706/647 616/670/614 654/709/650 687/749/685
f 652/707/648 649/704/645 685/747/683 688/750/686
f 689/751/687 653/708/649 652/707/648 688/750/686
f 690/752/688 657/712/653 618/672/616 656/711/652
f 619/673/617 657/712/653 691/753/689 658/713/654
f 658/713/654 692/754/690 659/714/655 620/674/618
f 693/755/691 660/715/656 621/675/619 659/714/655
f 622/676/620 660/715/656 694/756/692 661/717/658
f 662/718/659 653/708/649 689/751/687 695/757/693
f 663/719/660 678/739/676 642/696/638 625/678/622
f 663/719/660 626/679/623 664/720/661 696/758/694
f 627/680/624 665/721/662 697/759/695 664/720/661
f 665/721/662 628/681/625 666/722/663 698/760/696
f 699/761/697 666/722/663 634/686/630 670/727/668
f 667/723/664 629/682/626 631/684/628 669/726/667
f 667/723/664 700/762/698 671/728/669 633/685/629
f 701/763/699 669/726/667 668/725/666 702/764/700
f 670/727/668 671/728/669 703/765/701 704/766/702
f 635/731/631 673/733/671 705/767/703 672/732/670
f 637/690/633 672/768/670 706/769/704 674/734/672
f 638/691/634 675/735/673 707/770/705 673/733/671
f 641/695/637 674/734/672 708/771/706 677/738/675
f 709/772/707 675/735/673 643/697/639 679/740/677
f 676/737/674 640/693/636 677/738/675 710/773/708
f 711/774/709 712/775/710 679/740/677 678/739/676
f 680/741/678 713/776/711 682/743/680 645/699/641
f 680/741/678 644/698/640 681/742/679 714/777/712
f 646/700/642 683/744/681 715/778/713 681/742/679
f 716/779/714 685/747/683 648/703/644 682/743/680
f 647/702/643 684/746/682 717/780/715 683/744/681
f 718/781/716 684/746/682 650/745/646 686/782/684
f 651/706/647 687/749/685 719/783/717 686/748/684
f 687/749/685 654/709/650 720/784/718 721/785/719
f 722/786/720 688/750/686 685/747/683 716/779/714
f 722/786/720 723/787/721 689/751/687 688/750/686
f 724/788/722 691/753/689 657/712/653 690/752/688
f 725/789/723 690/752/688 656/711/652 726/790/724
f 727/791/725 692/754/690 658/713/654 691/753/689
f 693/755/691 659/714/655 692/754/690 728/792/726
f 693/755/691 729/793/727 694/756/692 660/715/656
f 695/757/693 689/751/687 723/787/721 731/794/728
f 662/718/659 695/757/693 726/790/724 656/711/652
f 663/719/660 696/758/694 711/774/709 678/739/676
f 664/720/661 697/759/695 732/795/729 696/758/694
f 665/721/662 698/760/696 733/796/730 697/759/695
f 734/797/731 698/760/696 666/722/663 699/761/697
f 699/761/697 670/727/668 704/766/702 735/798/732
f 701/763/699 700/762/698 667/723/664 669/726/667
f 671/728/669 700/762/698 736/799/733 703/765/701
f 738/800/734 704/801/702 703/802/701 739/803/735
f 740/804/736 705/767/703 673/733/671 707/770/705
f 672/732/670 705/767/703 741/805/737 706/806/704
f 742/807/738 708/771/706 674/734/672 706/769/704
f 709/772/707 743/808/739 707/770/705 675/735/673
f 708/771/706 744/809/740 710/773/708 677/738/675
f 709/772/707 679/740/677 712/775/710 745/810/741
f 746/811/742 676/737/674 710/773/708 747/812/743
f 748/813/744 749/814/745 712/815/710 711/816/709
f 680/741/678 714/777/712 750/817/746 713/776/711
f 713/776/711 751/818/747 716/779/714 682/743/680
f 714/777/712 681/742/679 715/778/713 752/819/748
f 753/820/749 715/778/713 683/744/681 717/780/715
f 718/781/716 754/821/750 717/780/715 684/746/682
f 718/781/716 686/782/684 719/822/717 755/823/751
f 756/824/752 719/783/717 687/749/685 757/825/753
f 758/826/754 759/827/755 721/785/719 720/784/718
f 722/786/720 716/779/714 751/818/747 760/828/756
f 761/829/757 723/787/721 722/786/720 760/828/756
f 758/826/754 655/710/651 762/830/758 763/831/759
f 724/788/722 764/832/760 727/791/725 691/753/689
f 724/788/722 690/752/688 725/789/723 765/833/761
f 725/789/723 726/790/724 766/834/762 767/835/763
f 728/792/726 692/754/690 727/791/725 768/836/764
f 769/837/765 729/793/727 693/755/691 728/792/726
f 730/838/766 694/756/692 729/793/727 770/839/767
f 761/829/757 771/840/768 731/794/728 723/787/721
f 766/834/762 726/790/724 695/757/693 731/794/728
f 748/841/744 711/774/709 696/758/694 732/795/729
f 772/842/769 732/795/729 697/759/695 733/796/730
f 734/797/731 773/843/770 733/796/730 698/760/696
f 734/844/731 699/845/697 735/846/732 774/847/771
f 738/800/734 775/848/772 735/849/732 704/801/702
f 701/763/699 737/850/773 736/799/733 700/762/698
f 739/803/735 703/802/701 736/851/733 776/852/774
f 738/800/734 739/803/735 777/853/775 778/854/776
f 779/855/777 741/805/737 705/767/703 740/804/736
f 780/856/778 740/804/736 707/770/705 743/808/739
f 781/857/779 742/858/738 706/806/704 741/805/737
f 742/807/738 782/859/780 744/809/740 708/771/706
f 709/772/707 745/810/741 783/860/781 743/808/739
f 784/861/782 747/812/743 710/773/708 744/809/740
f 785/862/783 745/863/741 712/815/710 749/814/745
f 746/811/742 747/812/743 786/864/784 787/865/785
f 748/813/744 788/866/786 789/867/787 749/814/745
f 790/868/788 750/817/746 714/777/712 752/819/748
f 713/776/711 750/817/746 791/869/789 751/818/747
f 753/820/749 792/870/790 752/819/748 715/778/713
f 753/820/749 717/780/715 754/821/750 793/871/791
f 718/781/716 794/872/792 795/873/793 754/821/750
f 756/874/752 796/875/794 755/823/751 719/822/717
f 756/824/752 757/825/753 797/876/795 798/877/796
f 758/826/754 763/831/759 799/878/797 759/827/755
f 759/827/755 797/876/795 757/825/753 721/785/719
f 791/869/789 800/879/798 760/828/756 751/818/747
f 761/829/757 760/828/756 800/879/798 801/880/799
f 746/881/742 787/882/785 763/831/759 762/830/758
f 724/788/722 765/833/761 802/883/800 764/832/760
f 727/791/725 764/832/760 803/884/801 768/836/764
f 804/885/802 765/833/761 725/789/723 767/835/763
f 766/834/762 805/886/803 806/887/804 767/835/763
f 769/837/765 728/792/726 768/836/764 807/888/805
f 808/889/806 770/839/767 729/793/727 769/837/765
f 761/890/757 801/891/799 809/892/807 771/893/768
f 766/834/762 731/794/728 771/840/768 805/886/803
f 748/813/744 732/894/729 772/895/769 788/866/786
f 773/896/770 810/897/808 772/895/769 733/898/730
f 734/844/731 774/847/771 811/899/809 773/896/770
f 812/900/810 774/901/771 735/849/732 775/848/772
f 738/800/734 778/854/776 813/902/811 775/848/772
f 739/803/735 776/852/774 814/903/812 777/853/775
f 777/853/775 815/904/813 816/905/814 778/854/776
f 779/855/777 817/906/815 781/857/779 741/805/737
f 779/855/777 740/804/736 780/856/778 818/907/816
f 780/856/778 743/808/739 783/860/781 819/908/817
f 781/857/779 820/909/818 782/910/780 742/858/738
f 782/859/780 821/911/819 784/861/782 744/809/740
f 785/862/783 822/912/820 783/913/781 745/863/741
f 823/914/821 786/864/784 747/812/743 784/861/782
f 785/862/783 749/814/745 789/867/787 824/915/822
f 825/916/823 787/865/785 786/864/784 826/917/824
f 790/868/788 752/819/748 792/870/790 827/918/825
f 791/869/789 750/817/746 828/919/826 829/920/827
f 830/921/828 792/870/790 753/820/749 831/922/829
f 832/923/830 793/871/791 754/821/750 795/873/793
f 794/872/792 833/924/831 834/925/832 795/873/793
f 756/874/752 798/926/796 835/927/833 796/875/794
f 796/875/794 833/924/831 794/872/792 755/823/751
f 798/877/796 797/876/795 836/928/834 837/929/835
f 825/930/823 799/878/797 763/831/759 787/882/785
f 838/931/836 839/932/837 759/827/755 799/878/797
f 836/928/834 797/876/795 759/827/755 839/932/837
f 800/933/798 840/934/838 841/935/839 801/891/799
f 804/885/802 842/936/840 802/883/800 765/833/761
f 843/937/841 803/884/801 764/832/760 802/883/800
f 844/938/842 807/888/805 768/836/764 803/884/801
f 845/939/843 804/885/802 767/835/763 806/887/804
f 846/940/844 847/941/845 806/942/804 805/943/803
f 808/889/806 769/837/765 807/888/805 848/944/846
f 809/892/807 801/891/799 841/935/839 850/945/847
f 846/940/844 805/943/803 771/893/768 809/892/807
f 851/946/848 847/941/845 788/866/786 772/895/769
f 852/947/849 810/897/808 773/896/770 811/899/809
f 812/900/810 853/948/850 811/949/809 774/901/771
f 812/900/810 775/848/772 813/902/811 854/950/851
f 813/902/811 778/854/776 816/905/814 855/951/852
f 856/952/853 816/905/814 815/904/813 857/953/854
f 779/855/777 818/907/816 858/954/855 817/906/815
f 817/906/815 859/955/856 820/909/818 781/857/779
f 818/907/816 780/856/778 819/908/817 860/956/857
f 861/957/858 821/958/819 782/910/780 820/909/818
f 862/959/859 823/914/821 784/861/782 821/911/819
f 785/862/783 824/915/822 863/960/860 822/912/820
f 783/913/781 822/912/820 864/961/861 865/962/862
f 823/914/821 866/963/863 826/917/824 786/864/784
f 789/867/787 867/964/864 850/945/847 824/915/822
f 825/916/823 826/917/824 868/965/865 869/966/866
f 830/921/828 870/967/867 827/918/825 792/870/790
f 790/868/788 827/918/825 871/968/868 828/919/826
f 872/969/869 829/920/827 828/919/826 871/968/868
f 830/921/828 831/922/829 873/970/870 874/971/871
f 831/922/829 793/871/791 832/923/830 873/970/870
f 832/923/830 795/873/793 834/925/832 875/972/872
f 876/973/873 877/974/874 834/925/832 833/924/831
f 798/926/796 837/975/835 878/976/875 835/927/833
f 876/973/873 833/924/831 796/875/794 835/927/833
f 837/977/835 836/978/834 879/979/876 880/980/877
f 825/930/823 869/981/866 838/931/836 799/878/797
f 881/982/878 882/983/879 839/932/837 838/931/836
f 882/983/879 879/984/876 836/928/834 839/932/837
f 883/985/880 863/960/860 841/935/839 840/934/838
f 845/939/843 852/986/849 842/936/840 804/885/802
f 842/936/840 853/948/850 843/937/841 802/883/800
f 854/950/851 844/938/842 803/884/801 843/937/841
f 848/944/846 807/888/805 844/938/842 855/951/852
f 845/987/843 806/942/804 847/941/845 851/946/848
f 808/889/806 848/944/846 856/952/853 849/988/881
f 850/945/847 841/935/839 863/960/860 824/915/822
f 846/940/844 809/892/807 850/945/847 867/964/864
f 845/987/843 851/946/848 810/897/808 852/947/849
f 852/986/849 811/949/809 853/948/850 842/936/840
f 812/900/810 854/950/851 843/937/841 853/948/850
f 854/950/851 813/902/811 855/951/852 844/938/842
f 856/952/853 848/944/846 855/951/852 816/905/814
f 818/907/816 860/956/857 884/989/882 858/954/855
f 817/906/815 858/954/855 885/990/883 859/955/856
f 861/957/858 820/909/818 859/955/856 886/991/884
f 860/992/857 819/993/817 865/962/862 887/994/885
f 861/957/858 888/995/886 862/996/859 821/958/819
f 862/959/859 889/997/887 866/963/863 823/914/821
f 883/985/880 864/961/861 822/912/820 863/960/860
f 890/998/888 887/994/885 865/962/862 864/961/861
f 891/999/889 868/965/865 826/917/824 866/963/863
f 892/1000/890 893/1001/891 869/966/866 868/965/865
f 830/921/828 874/971/871 894/1002/892 870/967/867
f 827/918/825 870/967/867 895/1003/893 871/968/868
f 872/969/869 871/968/868 895/1003/893 896/1004/894
f 897/1005/895 898/1006/896 874/971/871 873/970/870
f 897/1005/895 873/970/870 832/923/830 875/972/872
f 899/1007/897 875/972/872 834/925/832 877/974/874
f 900/1008/898 878/1009/875 837/977/835 880/980/877
f 876/973/873 835/927/833 878/976/875 901/1010/899
f 902/1011/900 880/980/877 879/979/876 903/1012/901
f 881/1013/878 838/1014/836 869/966/866 893/1001/891
f 881/982/878 904/1015/902 905/1016/903 882/983/879
f 882/983/879 905/1016/903 903/1017/901 879/984/876
f 872/1018/869 896/1019/894 883/985/880 840/934/838
f 860/992/857 887/994/885 906/1020/904 884/1021/882
f 884/989/882 907/1022/905 885/990/883 858/954/855
f 886/991/884 859/955/856 885/990/883 908/1023/906
f 861/957/858 886/991/884 909/1024/907 888/995/886
f 888/995/886 910/1025/908 889/1026/887 862/996/859
f 891/999/889 866/963/863 889/997/887 911/1027/909
f 890/998/888 864/961/861 883/985/880 896/1019/894
f 890/998/888 912/1028/910 906/1020/904 887/994/885
f 892/1000/890 868/965/865 891/999/889 913/1029/911
f 914/1030/912 915/1031/913 893/1001/891 892/1000/890
f 912/1032/910 895/1003/893 870/967/867 894/1002/892
f 890/998/888 896/1019/894 895/1033/893 912/1028/910
f 916/1034/914 898/1006/896 897/1005/895 917/1035/915
f 897/1005/895 875/972/872 899/1007/897 917/1035/915
f 899/1007/897 877/974/874 918/1036/916 919/1037/917
f 900/1038/898 920/1039/918 901/1010/899 878/976/875
f 921/1040/919 900/1008/898 880/980/877 902/1011/900
f 876/973/873 901/1010/899 922/1041/920 918/1036/916
f 923/1042/921 902/1011/900 903/1012/901 924/1043/922
f 881/1013/878 893/1001/891 915/1031/913 904/1044/902
f 904/1015/902 925/1045/923 926/1046/924 905/1016/903
f 926/1046/924 924/1047/922 903/1017/901 905/1016/903
f 927/1048/925 907/1049/905 884/1021/882 906/1020/904
f 928/1050/926 909/1024/907 886/991/884 908/1023/906
f 888/995/886 909/1024/907 929/1051/927 910/1025/908
f 910/1025/908 930/1052/928 911/1053/909 889/1026/887
f 891/999/889 911/1027/909 931/1054/929 913/1029/911
f 927/1048/925 906/1020/904 912/1028/910 894/1055/892
f 914/1030/912 892/1000/890 913/1029/911 932/1056/930
f 914/1030/912 933/1057/931 934/1058/932 915/1031/913
f 927/1059/925 894/1002/892 898/1006/896 916/1034/914
f 916/1034/914 917/1035/915 935/1060/933 936/1061/934
f 899/1007/897 919/1037/917 935/1060/933 917/1035/915
f 921/1062/919 937/1063/935 920/1039/918 900/1038/898
f 922/1041/920 901/1010/899 920/1039/918 938/1064/936
f 923/1065/921 939/1066/937 921/1062/919 902/1067/900
f 940/1068/938 941/1069/939 918/1036/916 922/1041/920
f 923/1042/921 924/1043/922 942/1070/940 943/1071/941
f 904/1044/902 915/1031/913 934/1058/932 925/1072/923
f 926/1046/924 925/1045/923 944/1073/942 945/1074/943
f 926/1046/924 945/1074/943 942/1075/940 924/1047/922
f 927/1048/925 916/1076/914 936/1077/934 907/1049/905
f 928/1078/926 946/1079/944 929/1080/927 909/1081/907
f 928/1078/926 908/1082/906 947/1083/945 948/1084/946
f 910/1025/908 929/1051/927 949/1085/947 930/1052/928
f 930/1052/928 950/1086/948 931/1087/929 911/1053/909
f 932/1056/930 913/1029/911 931/1054/929 951/1088/949
f 914/1030/912 932/1056/930 952/1089/950 933/1057/931
f 953/1090/951 954/1091/952 934/1058/932 933/1057/931
f 936/1092/934 935/1093/933 948/1084/946 947/1083/945
f 948/1084/946 935/1093/933 919/1094/917 955/1095/953
f 921/1062/919 939/1066/937 956/1096/954 937/1063/935
f 957/1097/955 938/1064/936 920/1039/918 937/1063/935
f 940/1068/938 922/1041/920 938/1064/936 958/1098/956
f 923/1065/921 943/1099/941 959/1100/957 939/1066/937
f 940/1068/938 960/1101/958 961/1102/959 941/1069/939
f 943/1071/941 942/1070/940 962/1103/960 963/1104/961
f 925/1072/923 934/1058/932 954/1091/952 944/1105/942
f 964/1106/962 945/1074/943 944/1073/942 965/1107/963
f 964/1106/962 962/1108/960 942/1075/940 945/1074/943
f 928/1078/926 948/1084/946 955/1095/953 946/1079/944
f 966/1109/964 949/1110/947 929/1080/927 946/1079/944
f 930/1052/928 949/1085/947 967/1111/965 950/1086/948
f 951/1112/949 931/1087/929 950/1086/948 968/1113/966
f 952/1089/950 932/1056/930 951/1088/949 969/1114/967
f 953/1090/951 933/1057/931 952/1089/950 970/1115/968
f 953/1090/951 971/1116/969 972/1117/970 954/1091/952
f 955/1095/953 919/1094/917 941/1118/939 961/1119/959
f 939/1066/937 959/1100/957 973/1120/971 956/1096/954
f 974/1121/972 957/1097/955 937/1063/935 956/1096/954
f 957/1097/955 975/1122/973 958/1098/956 938/1064/936
f 940/1068/938 958/1098/956 976/1123/974 960/1101/958
f 977/1124/975 959/1100/957 943/1099/941 963/1125/961
f 978/1126/976 966/1109/964 961/1119/959 960/1127/958
f 979/1128/977 980/1129/978 963/1104/961 962/1103/960
f 944/1105/942 954/1091/952 972/1117/970 965/1130/963
f 981/1131/979 982/1132/980 964/1106/962 965/1107/963
f 979/1128/977 962/1103/960 964/1133/962 982/1134/980
f 966/1109/964 946/1079/944 955/1095/953 961/1119/959
f 978/1126/976 967/1135/965 949/1110/947 966/1109/964
f 983/1136/981 968/1113/966 950/1086/948 967/1111/965
f 969/1137/967 951/1112/949 968/1113/966 984/1138/982
f 952/1089/950 969/1114/967 985/1139/983 970/1115/968
f 953/1090/951 970/1115/968 986/1140/984 971/1116/969
f 987/1141/985 972/1117/970 971/1116/969 988/1142/986
f 989/1143/987 974/1121/972 956/1096/954 973/1120/971
f 974/1121/972 990/1144/988 975/1122/973 957/1097/955
f 976/1123/974 958/1098/956 975/1122/973 991/1145/989
f 976/1146/974 992/1147/990 978/1126/976 960/1127/958
f 977/1124/975 963/1125/961 980/1148/978 993/1149/991
f 994/1150/992 995/1151/993 980/1129/978 979/1128/977
f 987/1141/985 981/1152/979 965/1130/963 972/1117/970
f 996/1153/994 997/1154/995 982/1132/980 981/1131/979
f 994/1150/992 979/1128/977 982/1134/980 997/1155/995
f 978/1126/976 992/1147/990 983/1156/981 967/1135/965
f 983/1136/981 998/1157/996 984/1138/982 968/1113/966
f 969/1137/967 984/1138/982 999/1158/997 985/1159/983
f 1000/1160/998 986/1140/984 970/1115/968 985/1139/983
f 1001/1161/999 988/1142/986 971/1116/969 986/1140/984
f 987/1141/985 988/1142/986 1002/1162/1000 1003/1163/1001
f 989/1143/987 1004/1164/1002 990/1144/988 974/1121/972
f 989/1143/987 973/1120/971 977/1124/975 1005/1165/1003
f 975/1122/973 990/1144/988 1006/1166/1004 991/1145/989
f 976/1146/974 991/1167/989 1007/1168/1005 992/1147/990
f 980/1148/978 995/1169/993 1008/1170/1006 993/1149/991
f 1009/1171/1007 1005/1165/1003 977/1124/975 993/1149/991
f 1010/1172/1008 995/1151/993 994/1150/992 1011/1173/1009
f 996/1174/994 981/1152/979 987/1141/985 1003/1163/1001
f 1012/1175/1010 1013/1176/1011 997/1154/995 996/1153/994
f 994/1150/992 997/1155/995 1013/1177/1011 1011/1173/1009
f 983/1156/981 992/1147/990 1007/1168/1005 998/1178/996
f 999/1158/997 984/1138/982 998/1157/996 1014/1179/1012
f 1001/1161/999 986/1140/984 1000/1160/998 1015/1180/1013
f 1000/1181/998 985/1159/983 1016/1182/1014 1017/1183/1015
f 1018/1184/1016 1002/1162/1000 988/1142/986 1001/1161/999
f 1019/1185/1017 1003/1163/1001 1002/1162/1000 1020/1186/1018
f 989/1143/987 1005/1165/1003 1021/1187/1019 1004/1164/1002
f 1004/1164/1002 1022/1188/1020 1006/1166/1004 990/1144/988
f 991/1167/989 1006/1189/1004 1023/1190/1021 1007/1168/1005
f 1010/1172/1008 1024/1191/1022 1008/1192/1006 995/1151/993
f 1025/1193/1023 1009/1171/1007 993/1149/991 1008/1170/1006
f 1009/1171/1007 1026/1194/1024 1021/1187/1019 1005/1165/1003
f 1010/1172/1008 1011/1173/1009 1027/1195/1025 1028/1196/1026
f 1012/1197/1010 996/1174/994 1003/1163/1001 1019/1185/1017
f 1012/1198/1010 1029/1199/1027 1030/1200/1028 1013/1177/1011
f 1030/1200/1028 1027/1195/1025 1011/1173/1009 1013/1177/1011
f 1023/1201/1021 1014/1179/1012 998/1157/996 1007/1202/1005
f 1031/1203/1029 1016/1182/1014 999/1158/997 1014/1179/1012
f 1000/1181/998 1017/1183/1015 1032/1204/1030 1015/1205/1013
f 1018/1184/1016 1001/1161/999 1015/1180/1013 1033/1206/1031
f 1031/1203/1029 1034/1207/1032 1017/1183/1015 1016/1182/1014
f 1018/1184/1016 1035/1208/1033 1020/1186/1018 1002/1162/1000
f 1004/1164/1002 1021/1187/1019 1036/1209/1034 1022/1188/1020
f 1022/1210/1020 1037/1211/1035 1023/1190/1021 1006/1189/1004
f 1010/1172/1008 1028/1196/1026 1038/1212/1036 1024/1191/1022
f 1025/1193/1023 1008/1170/1006 1024/1213/1022 1039/1214/1037
f 1025/1193/1023 1040/1215/1038 1026/1194/1024 1009/1171/1007
f 1036/1209/1034 1021/1187/1019 1026/1194/1024 1041/1216/1039
f 1042/1217/1040 1028/1196/1026 1027/1195/1025 1043/1218/1041
f 1012/1197/1010 1019/1185/1017 1044/1219/1042 1029/1220/1027
f 1045/1221/1043 1046/1222/1044 1030/1200/1028 1029/1199/1027
f 1043/1218/1041 1027/1195/1025 1030/1200/1028 1046/1222/1044
f 1031/1203/1029 1014/1179/1012 1023/1201/1021 1037/1223/1035
f 1047/1224/1045 1032/1204/1030 1017/1183/1015 1034/1207/1032
f 1032/1204/1030 1048/1225/1046 1033/1226/1031 1015/1205/1013
f 1018/1184/1016 1033/1206/1031 1049/1227/1047 1035/1208/1033
f 1050/1228/1048 1034/1207/1032 1031/1203/1029 1037/1223/1035
f 1051/1229/1049 1052/1230/1050 1020/1186/1018 1035/1208/1033
f 1050/1231/1048 1037/1211/1035 1022/1210/1020 1036/1232/1034
f 1042/1217/1040 1053/1233/1051 1038/1212/1036 1028/1196/1026
f 1038/1234/1036 1054/1235/1052 1039/1214/1037 1024/1213/1022
f 1025/1193/1023 1039/1214/1037 1055/1236/1053 1040/1215/1038
f 1056/1237/1054 1041/1216/1039 1026/1194/1024 1040/1215/1038
f 1050/1231/1048 1036/1232/1034 1041/1238/1039 1057/1239/1055
f 1042/1217/1040 1043/1218/1041 1058/1240/1056 1059/1241/1057
f 1044/1219/1042 1019/1185/1017 1052/1230/1050 1060/1242/1058
f 1045/1243/1043 1029/1220/1027 1044/1219/1042 1061/1244/1059
f 1045/1221/1043 1062/1245/1060 1063/1246/1061 1046/1222/1044
f 1043/1218/1041 1046/1222/1044 1063/1246/1061 1058/1240/1056
f 1047/1224/1045 1064/1247/1062 1048/1225/1046 1032/1204/1030
f 1050/1228/1048 1057/1248/1055 1047/1224/1045 1034/1207/1032
f 1065/1249/1063 1049/1250/1047 1033/1226/1031 1048/1225/1046
f 1066/1251/1064 1051/1229/1049 1035/1208/1033 1049/1227/1047
f 1051/1229/1049 1067/1252/1065 1060/1242/1058 1052/1230/1050
f 1042/1217/1040 1059/1241/1057 1068/1253/1066 1053/1233/1051
f 1053/1254/1051 1069/1255/1067 1054/1235/1052 1038/1234/1036
f 1054/1235/1052 1070/1256/1068 1055/1236/1053 1039/1214/1037
f 1071/1257/1069 1056/1237/1054 1040/1215/1038 1055/1236/1053
f 1072/1258/1070 1057/1239/1055 1041/1238/1039 1056/1259/1054
f 1059/1241/1057 1058/1240/1056 1073/1260/1071 1074/1261/1072
f 1044/1219/1042 1060/1242/1058 1075/1262/1073 1061/1244/1059
f 1076/1263/1074 1062/1264/1060 1045/1243/1043 1061/1244/1059
f 1062/1245/1060 1077/1265/1075 1078/1266/1076 1063/1246/1061
f 1063/1246/1061 1078/1266/1076 1073/1260/1071 1058/1240/1056
f 1072/1267/1070 1064/1247/1062 1047/1224/1045 1057/1248/1055
f 1079/1268/1077 1065/1249/1063 1048/1225/1046 1064/1247/1062
f 1066/1269/1064 1049/1250/1047 1065/1249/1063 1080/1270/1078
f 1066/1251/1064 1081/1271/1079 1067/1252/1065 1051/1229/1049
f 1082/1272/1080 1075/1262/1073 1060/1242/1058 1067/1252/1065
f 1059/1241/1057 1074/1261/1072 1083/1273/1081 1068/1253/1066
f 1084/1274/1082 1070/1256/1068 1054/1235/1052 1069/1255/1067
f 1071/1257/1069 1055/1236/1053 1070/1256/1068 1085/1275/1083
f 1071/1276/1069 1086/1277/1084 1072/1258/1070 1056/1259/1054
f 1087/1278/1085 1074/1261/1072 1073/1260/1071 1088/1279/1086
f 1076/1263/1074 1061/1244/1059 1075/1262/1073 1089/1280/1087
f 1090/1281/1088 1077/1282/1075 1062/1264/1060 1076/1263/1074
f 1091/1283/1089 1092/1284/1090 1078/1266/1076 1077/1265/1075
f 1092/1284/1090 1088/1279/1086 1073/1260/1071 1078/1266/1076
f 1072/1267/1070 1086/1285/1084 1079/1268/1077 1064/1247/1062
f 1093/1286/1091 1080/1270/1078 1065/1249/1063 1079/1268/1077
f 1066/1269/1064 1080/1270/1078 1094/1287/1092 1081/1288/1079
f 1082/1272/1080 1067/1252/1065 1081/1271/1079 1095/1289/1093
f 1082/1272/1080 1096/1290/1094 1089/1280/1087 1075/1262/1073
f 1087/1278/1085 1097/1291/1095 1083/1273/1081 1074/1261/1072
f 1098/1292/1096 1068/1293/1066 1083/1294/1081 1099/1295/1097
f 1084/1274/1082 1100/1296/1098 1085/1275/1083 1070/1256/1068
f 1084/1274/1082 1069/1255/1067 1068/1293/1066 1098/1292/1096
f 1071/1276/1069 1085/1297/1083 1101/1298/1099 1086/1277/1084
f 1087/1278/1085 1088/1279/1086 1102/1299/1100 1103/1300/1101
f 1090/1281/1088 1076/1263/1074 1089/1280/1087 1104/1301/1102
f 1091/1283/1089 1105/1302/1103 1106/1303/1104 1092/1284/1090
f 1091/1304/1089 1077/1282/1075 1107/1305/1105 1108/1306/1106
f 1092/1284/1090 1106/1303/1104 1102/1299/1100 1088/1279/1086
f 1093/1286/1091 1079/1268/1077 1086/1285/1084 1101/1307/1099
f 1109/1308/1107 1094/1287/1092 1080/1270/1078 1093/1286/1091
f 1110/1309/1108 1095/1310/1093 1081/1288/1079 1094/1287/1092
f 1082/1272/1080 1095/1289/1093 1111/1311/1109 1096/1290/1094
f 1112/1312/1110 1104/1301/1102 1089/1280/1087 1096/1290/1094
f 1087/1278/1085 1103/1300/1101 1113/1313/1111 1097/1291/1095
f 1097/1314/1095 1114/1315/1112 1099/1295/1097 1083/1294/1081
f 1115/1316/1113 1098/1292/1096 1099/1295/1097 1116/1317/1114
f 1084/1274/1082 1098/1292/1096 1117/1318/1115 1100/1296/1098
f 1100/1319/1098 1118/1320/1116 1101/1298/1099 1085/1297/1083
f 1119/1321/1117 1103/1300/1101 1102/1299/1100 1120/1322/1118
f 1090/1281/1088 1104/1301/1102 1121/1323/1119 1107/1305/1105
f 1091/1304/1089 1108/1306/1106 1122/1324/1120 1105/1325/1103
f 1105/1302/1103 1123/1326/1121 1124/1327/1122 1106/1303/1104
f 1121/1323/1119 1125/1328/1123 1108/1306/1106 1107/1305/1105
f 1124/1327/1122 1120/1322/1118 1102/1299/1100 1106/1303/1104
f 1110/1309/1108 1094/1287/1092 1109/1308/1107 1126/1329/1124
f 1110/1309/1108 1127/1330/1125 1111/1331/1109 1095/1310/1093
f 1112/1332/1110 1096/1333/1094 1111/1331/1109 1128/1334/1126
f 1119/1321/1117 1129/1335/1127 1113/1313/1111 1103/1300/1101
f 1113/1336/1111 1130/1337/1128 1114/1315/1112 1097/1314/1095
f 1114/1315/1112 1131/1338/1129 1116/1317/1114 1099/1295/1097
f 1115/1316/1113 1116/1317/1114 1132/1339/1130 1133/1340/1131
f 1100/1296/1098 1117/1318/1115 1134/1341/1132 1118/1342/1116
f 1126/1329/1124 1109/1308/1107 1101/1307/1099 1118/1343/1116
f 1135/1344/1133 1136/1345/1134 1119/1321/1117 1120/1322/1118
f 1125/1328/1123 1137/1346/1135 1122/1324/1120 1108/1306/1106
f 1138/1347/1136 1123/1348/1121 1105/1325/1103 1122/1324/1120
f 1124/1327/1122 1123/1326/1121 1139/1349/1137 1140/1350/1138
f 1141/1351/1139 1125/1328/1123 1121/1323/1119 1142/1352/1140
f 1135/1344/1133 1120/1322/1118 1124/1327/1122 1140/1350/1138
f 1110/1309/1108 1126/1329/1124 1143/1353/1141 1127/1330/1125
f 1144/1354/1142 1128/1334/1126 1111/1331/1109 1127/1330/1125
f 1112/1312/1110 1128/1355/1126 1142/1352/1140 1121/1323/1119
f 1136/1345/1134 1145/1356/1143 1129/1335/1127 1119/1321/1117
f 1113/1336/1111 1129/1357/1127 1146/1358/1144 1130/1337/1128
f 1114/1315/1112 1130/1337/1128 1147/1359/1145 1131/1338/1129
f 1132/1339/1130 1116/1317/1114 1131/1338/1129 1148/1360/1146
f 1132/1361/1130 1149/1362/1147 1150/1363/1148 1133/1364/1131
f 1115/1316/1113 1133/1340/1131 1134/1341/1132 1117/1318/1115
f 1126/1329/1124 1118/1343/1116 1134/1365/1132 1143/1353/1141
f 1135/1344/1133 1151/1366/1149 1152/1367/1150 1136/1345/1134
f 1141/1351/1139 1153/1368/1151 1137/1346/1135 1125/1328/1123
f 1138/1347/1136 1122/1324/1120 1137/1346/1135 1154/1369/1152
f 1155/1370/1153 1139/1371/1137 1123/1348/1121 1138/1347/1136
f 1156/1372/1154 1157/1373/1155 1140/1350/1138 1139/1349/1137
f 1141/1374/1139 1142/1375/1140 1158/1376/1156 1159/1377/1157
f 1135/1344/1133 1140/1350/1138 1157/1373/1155 1151/1366/1149
f 1144/1354/1142 1127/1330/1125 1143/1353/1141 1150/1363/1148
f 1144/1354/1142 1158/1376/1156 1142/1375/1140 1128/1334/1126
f 1136/1345/1134 1152/1367/1150 1160/1378/1158 1145/1356/1143
f 1145/1379/1143 1161/1380/1159 1146/1358/1144 1129/1357/1127
f 1130/1337/1128 1146/1358/1144 1162/1381/1160 1147/1359/1145
f 1163/1382/1161 1148/1360/1146 1131/1338/1129 1147/1359/1145
f 1132/1361/1130 1148/1383/1146 1164/1384/1162 1149/1362/1147
f 1144/1354/1142 1150/1363/1148 1149/1362/1147 1158/1376/1156
f 1150/1363/1148 1143/1353/1141 1134/1365/1132 1133/1364/1131
f 1165/1385/1163 1152/1367/1150 1151/1366/1149 1166/1386/1164
f 1141/1374/1139 1159/1377/1157 1167/1387/1165 1153/1388/1151
f 1153/1388/1151 1168/1389/1166 1154/1390/1152 1137/1391/1135
f 1169/1392/1167 1155/1370/1153 1138/1347/1136 1154/1369/1152
f 1170/1393/1168 1157/1373/1155 1156/1372/1154 1171/1394/1169
f 1158/1376/1156 1149/1362/1147 1164/1384/1162 1159/1377/1157
f 1170/1393/1168 1166/1386/1164 1151/1366/1149 1157/1373/1155
f 1160/1378/1158 1152/1367/1150 1165/1385/1163 1172/1395/1170
f 1173/1396/1171 1163/1382/1161 1147/1359/1145 1162/1381/1160
f 1163/1397/1161 1174/1398/1172 1164/1384/1162 1148/1383/1146
f 1175/1399/1173 1165/1385/1163 1166/1386/1164 1176/1400/1174
f 1167/1387/1165 1159/1377/1157 1164/1384/1162 1174/1398/1172
f 1153/1388/1151 1167/1387/1165 1177/1401/1175 1168/1389/1166
f 1169/1402/1167 1154/1390/1152 1168/1389/1166 1178/1403/1176
f 1179/1404/1177 1155/1370/1153 1169/1392/1167 1180/1405/1178
f 1171/1406/1169 1156/1407/1154 1181/1408/1179 1182/1409/1180
f 1170/1393/1168 1171/1394/1169 1183/1410/1181 1184/1411/1182
f 1170/1393/1168 1184/1411/1182 1176/1400/1174 1166/1386/1164
f 1185/1412/1183 1172/1395/1170 1165/1385/1163 1175/1399/1173
f 1186/1413/1184 1187/1414/1185 1160/1415/1158 1172/1416/1170
f 1188/1417/1186 1174/1398/1172 1163/1397/1161 1173/1418/1171
f 1173/1396/1171 1162/1381/1160 1161/1380/1159 1189/1419/1187
f 1175/1399/1173 1176/1400/1174 1190/1420/1188 1191/1421/1189
f 1188/1417/1186 1177/1401/1175 1167/1387/1165 1174/1398/1172
f 1178/1403/1176 1168/1389/1166 1177/1401/1175 1192/1422/1190
f 1169/1402/1167 1178/1403/1176 1193/1423/1191 1180/1424/1178
f 1179/1404/1177 1180/1405/1178 1194/1425/1192 1181/1408/1179
f 1194/1425/1192 1195/1426/1193 1182/1409/1180 1181/1408/1179
f 1171/1406/1169 1182/1409/1180 1196/1427/1194 1183/1428/1181
f 1197/1429/1195 1184/1411/1182 1183/1410/1181 1198/1430/1196
f 1197/1429/1195 1190/1420/1188 1176/1400/1174 1184/1411/1182
f 1199/1431/1197 1186/1413/1184 1172/1416/1170 1185/1432/1183
f 1200/1433/1198 1185/1412/1183 1175/1399/1173 1191/1421/1189
f 1201/1434/1199 1202/1435/1200 1187/1414/1185 1186/1413/1184
f 1189/1419/1187 1161/1380/1159 1203/1436/1201 1204/1437/1202
f 1188/1417/1186 1173/1418/1171 1189/1438/1187 1205/1439/1203
f 1190/1420/1188 1206/1440/1204 1207/1441/1205 1191/1421/1189
f 1188/1417/1186 1205/1439/1203 1192/1422/1190 1177/1401/1175
f 1178/1403/1176 1192/1422/1190 1208/1442/1206 1193/1423/1191
f 1194/1443/1192 1180/1424/1178 1193/1423/1191 1209/1444/1207
f 1194/1443/1192 1209/1444/1207 1210/1445/1208 1195/1446/1193
f 1195/1426/1193 1211/1447/1209 1196/1427/1194 1182/1409/1180
f 1212/1448/1210 1198/1449/1196 1183/1428/1181 1196/1427/1194
f 1213/1450/1211 1197/1429/1195 1198/1430/1196 1214/1451/1212
f 1213/1450/1211 1215/1452/1213 1190/1420/1188 1197/1429/1195
f 1199/1431/1197 1216/1453/1214 1201/1434/1199 1186/1413/1184
f 1200/1454/1198 1217/1455/1215 1199/1431/1197 1185/1432/1183
f 1200/1454/1198 1191/1456/1189 1207/1457/1205 1218/1458/1216
f 1201/1459/1199 1219/1460/1217 1220/1461/1218 1202/1462/1200
f 1202/1463/1200 1204/1437/1202 1203/1436/1201 1187/1464/1185
f 1205/1439/1203 1189/1438/1187 1204/1465/1202 1221/1466/1219
f 1215/1452/1213 1222/1467/1220 1206/1440/1204 1190/1420/1188
f 1223/1468/1221 1224/1469/1222 1207/1441/1205 1206/1440/1204
f 1205/1439/1203 1221/1466/1219 1208/1442/1206 1192/1422/1190
f 1225/1470/1223 1209/1444/1207 1193/1423/1191 1208/1442/1206
f 1225/1470/1223 1226/1471/1224 1210/1445/1208 1209/1444/1207
f 1195/1446/1193 1210/1445/1208 1227/1472/1225 1211/1473/1209
f 1211/1447/1209 1228/1474/1226 1212/1448/1210 1196/1427/1194
f 1212/1448/1210 1229/1475/1227 1214/1476/1212 1198/1449/1196
f 1213/1450/1211 1214/1451/1212 1230/1477/1228 1231/1478/1229
f 1213/1450/1211 1231/1478/1229 1222/1467/1220 1215/1452/1213
f 1199/1431/1197 1217/1455/1215 1232/1479/1230 1216/1453/1214
f 1233/1480/1231 1219/1460/1217 1201/1459/1199 1216/1481/1214
f 1200/1454/1198 1218/1458/1216 1234/1482/1232 1217/1455/1215
f 1224/1483/1222 1235/1484/1233 1218/1458/1216 1207/1457/1205
f 1225/1470/1223 1220/1461/1218 1219/1460/1217 1226/1471/1224
f 1202/1462/1200 1220/1461/1218 1221/1466/1219 1204/1465/1202
f 1223/1468/1221 1206/1440/1204 1222/1467/1220 1236/1485/1234
f 1237/1486/1235 1238/1487/1236 1224/1469/1222 1223/1468/1221
f 1225/1470/1223 1208/1442/1206 1221/1466/1219 1220/1461/1218
f 1226/1471/1224 1239/1488/1237 1227/1472/1225 1210/1445/1208
f 1211/1473/1209 1227/1472/1225 1240/1489/1238 1228/1490/1226
f 1241/1491/1239 1229/1475/1227 1212/1448/1210 1228/1474/1226
f 1242/1492/1240 1230/1493/1228 1214/1476/1212 1229/1475/1227
f 1243/1494/1241 1244/1495/1242 1231/1478/1229 1230/1477/1228
f 1231/1478/1229 1244/1495/1242 1236/1485/1234 1222/1467/1220
f 1234/1496/1232 1245/1497/1243 1232/1498/1230 1217/1499/1215
f 1233/1480/1231 1216/1481/1214 1232/1500/1230 1246/1501/1244
f 1233/1480/1231 1239/1488/1237 1226/1471/1224 1219/1460/1217
f 1234/1482/1232 1218/1458/1216 1235/1484/1233 1247/1502/1245
f 1224/1503/1222 1238/1504/1236 1248/1505/1246 1235/1506/1233
f 1237/1486/1235 1223/1468/1221 1236/1485/1234 1249/1507/1247
f 1237/1486/1235 1250/1508/1248 1251/1509/1249 1238/1487/1236
f 1252/1510/1250 1240/1489/1238 1227/1472/1225 1239/1488/1237
f 1241/1511/1239 1228/1490/1226 1240/1489/1238 1253/1512/1251
f 1254/1513/1252 1242/1492/1240 1229/1475/1227 1241/1491/1239
f 1243/1514/1241 1230/1493/1228 1242/1492/1240 1255/1515/1253
f 1243/1494/1241 1256/1516/1254 1257/1517/1255 1244/1495/1242
f 1257/1517/1255 1249/1507/1247 1236/1485/1234 1244/1495/1242
f 1234/1496/1232 1247/1518/1245 1258/1519/1256 1245/1497/1243
f 1245/1520/1243 1259/1521/1257 1246/1501/1244 1232/1500/1230
f 1233/1480/1231 1246/1501/1244 1252/1510/1250 1239/1488/1237
f 1248/1505/1246 1260/1522/1258 1247/1518/1245 1235/1506/1233
f 1251/1523/1249 1261/1524/1259 1248/1505/1246 1238/1504/1236
f 1237/1486/1235 1249/1507/1247 1262/1525/1260 1250/1508/1248
f 1263/1526/1261 1264/1527/1262 1251/1523/1249 1250/1528/1248
f 1252/1510/1250 1265/1529/1263 1253/1512/1251 1240/1489/1238
f 1266/1530/1264 1254/1531/1252 1241/1511/1239 1253/1512/1251
f 1267/1532/1265 1255/1533/1253 1242/1534/1240 1254/1535/1252
f 1243/1536/1241 1255/1533/1253 1268/1537/1266 1256/1538/1254
f 1257/1517/1255 1256/1516/1254 1262/1525/1260 1249/1507/1247
f 1269/1539/1267 1258/1519/1256 1247/1518/1245 1260/1522/1258
f 1270/1540/1268 1259/1521/1257 1245/1520/1243 1258/1541/1256
f 1259/1521/1257 1265/1529/1263 1252/1510/1250 1246/1501/1244
f 1261/1524/1259 1271/1542/1269 1260/1522/1258 1248/1505/1246
f 1264/1527/1262 1271/1542/1269 1261/1524/1259 1251/1523/1249
f 1263/1543/1261 1250/1544/1248 1262/1545/1260 1272/1546/1270
f 1263/1543/1261 1273/1547/1271 1274/1548/1272 1264/1549/1262
f 1266/1530/1264 1253/1512/1251 1265/1529/1263 1275/1550/1273
f 1276/1551/1274 1267/1532/1265 1254/1535/1252 1266/1552/1264
f 1267/1532/1265 1277/1553/1275 1268/1537/1266 1255/1533/1253
f 1262/1545/1260 1256/1538/1254 1268/1537/1266 1272/1546/1270
f 1270/1554/1268 1258/1519/1256 1269/1539/1267 1278/1555/1276
f 1279/1556/1277 1269/1539/1267 1260/1522/1258 1271/1542/1269
f 1275/1550/1273 1265/1529/1263 1259/1521/1257 1270/1540/1268
f 1264/1527/1262 1274/1557/1272 1279/1556/1277 1271/1542/1269
f 1263/1543/1261 1272/1546/1270 1280/1558/1278 1273/1547/1271
f 1281/1559/1279 1278/1560/1276 1274/1548/1272 1273/1547/1271
f 1276/1551/1274 1266/1552/1264 1275/1561/1273 1281/1559/1279
f 1276/1551/1274 1280/1558/1278 1277/1553/1275 1267/1532/1265
f 1280/1558/1278 1272/1546/1270 1268/1537/1266 1277/1553/1275
f 1274/1557/1272 1278/1555/1276 1269/1539/1267 1279/1556/1277
f 1275/1561/1273 1270/1562/1268 1278/1560/1276 1281/1559/1279
f 1276/1551/1274 1281/1559/1279 1273/1547/1271 1280/1558/1278
f 10/7/7 18/11/11 28/23/23
f 25/18/18 38/36/34 54/54/51
f 46/47/44 62/63/59 97/102/96 81/84/79 52/52/49
f 57/57/54 88/91/86 72/75/71
f 68/71/67 84/87/82 124/128/120 109/113/105 85/88/83
f 86/89/84 127/131/123 103/105/99
f 106/108/102 152/161/151 107/109/103
f 104/106/100 125/129/121 148/156/147
f 193/202/191 217/227/215 269/281/267 245/257/244 197/206/195
f 187/197/186 211/220/208 218/228/216
f 231/242/229 256/269/255 284/297/282
f 296/310/295 323/337/321 356/367/350
f 320/1563/1280 351/438/413 417/437/412 448/478/446 350/477/445
f 519/560/515 557/604/555 555/602/553
f 563/609/560 636/689/632 598/648/596
f 617/671/615 655/710/651 758/826/754 720/784/718 654/709/650
f 639/692/635 676/1564/674 746/881/742 762/830/758 655/710/651
f 624/677/621 662/718/659 656/711/652
f 687/749/685 721/785/719 757/825/753
f 718/781/716 755/823/751 794/872/792
f 788/866/786 847/941/845 846/940/844 867/964/864 789/867/787
f 750/817/746 790/868/788 828/919/826
f 753/820/749 793/871/791 831/922/829
f 791/869/789 829/920/827 872/969/869 840/1565/838 800/879/798
f 772/895/769 810/897/808 851/946/848
f 783/913/781 865/962/862 819/993/817
f 876/973/873 918/1036/916 877/974/874
f 874/971/871 898/1006/896 894/1002/892
f 885/990/883 907/1022/905 936/1566/934 947/1567/945 908/1023/906
f 918/1036/916 941/1069/939 919/1037/917
f 959/1100/957 977/1124/975 973/1120/971
f 985/1159/983 999/1158/997 1016/1182/1014
f 1019/1185/1017 1020/1186/1018 1052/1230/1050
f 1053/1254/1051 1068/1293/1066 1069/1255/1067
f 1077/1282/1075 1090/1281/1088 1107/1305/1105
f 1093/1286/1091 1101/1307/1099 1109/1308/1107
f 1104/1301/1102 1112/1312/1110 1121/1323/1119
f 1098/1292/1096 1115/1316/1113 1117/1318/1115
f 1139/1371/1137 1155/1370/1153 1179/1404/1177 1181/1408/1179 1156/1407/1154
f 1145/1379/1143 1160/1568/1158 1187/1464/1185 1203/1436/1201 1161/1380/1159
f 1146/1358/1144 1161/1380/1159 1162/1381/1160
f 142/172/162 162/171/161 185/195/184 209/245/232 233/244/231 259/301/286 287/300/285 314/329/313 343/388/370 375/387/369 407/467/439 442/466/438 477/509/474 514/595/548 550/594/547 586/635/583 623/716/657 661/717/658 694/756/692 730/838/766 770/839/767 808/889/806 849/988/881 856/952/853 857/953/854 815/904/813 777/853/775 814/903/812 776/852/774 736/851/733 737/850/773 701/763/699 702/764/700 668/725/666 630/683/627 632/724/665 595/645/593 558/644/592 521/562/517 484/563/518 450/518/482 415/434/409 414/433/408 381/432/408 382/435/410 351/438/413 320/1563/1280 350/477/445 349/480/377 319/394/376 348/362/345 292/334/318 264/306/291 238/276/262 214/250/237 190/224/212 167/223/211 168/177/167 143/150/141 120/152/143 121/146/137 100/145/136 115/144/135 95/120/112 77/119/111 96/122/114 97/102/96 62/63/59 50/64/60 36/46/43 23/34/32 14/33/31 21/14/14 12/17/17 15/16/16 7/20/20 16/19/19 8/9/9 4/5/5 2/4/4 1/3/3 3/2/2 6/8/8 11/13/13 20/26/26 13/30/28 22/29/27 34/45/42 33/48/45 48/50/47 35/68/64 49/67/63 65/83/78 80/101/95 99/100/94 119/125/117 118/124/116
