# Blender 4.5.2 LTS
# www.blender.org
mtllib pataT_right.mtl
o pataT_Right
v -1.192110 3.687410 -0.906261
v -1.172170 3.615860 -0.877251
v -1.030060 3.353250 -0.777621
v -0.820518 3.111390 -0.801281
v -1.146240 3.545930 -0.848851
v -1.204470 3.656860 -0.983461
v -1.189230 3.583540 -0.952061
v -1.114870 3.477950 -0.821761
v -1.076880 3.413220 -0.797291
v -1.058000 3.309360 -0.838571
v -1.007330 3.251470 -0.819581
v -0.948786 3.200670 -0.809441
v -0.746751 3.080440 -0.807531
v -0.919426 3.101630 -0.850581
v -0.851064 3.062180 -0.850291
v -1.166910 3.510990 -0.921041
v -1.203510 3.552770 -1.028291
v -1.213190 3.627510 -1.060441
v -1.137560 3.440180 -0.891251
v -1.101540 3.372360 -0.862891
v -1.083300 3.263990 -0.899781
v -1.035920 3.204040 -0.876851
v -0.982440 3.148910 -0.858331
v -0.664606 3.048390 -0.812171
v -0.777919 3.038200 -0.862691
v -0.950745 3.049920 -0.898681
v -0.881839 3.010260 -0.897261
v -1.220220 3.702610 -1.091351
v -1.186990 3.478170 -0.994421
v -1.223630 3.599040 -1.137601
v -1.214470 3.523770 -1.105331
v -1.160320 3.403810 -0.960431
v -1.124470 3.331180 -0.928551
v -1.106310 3.217060 -0.960551
v -1.062300 3.155530 -0.933981
v -1.012560 3.098330 -0.911101
v -0.704603 3.021690 -0.876511
v -0.807984 2.983620 -0.908081
v -0.981315 2.998980 -0.949161
v -0.909325 2.959380 -0.946421
v -1.228210 3.674910 -1.168151
v -1.204460 3.448720 -1.069521
v -1.232910 3.571430 -1.215371
v -1.229370 3.495900 -1.182661
v -1.145200 3.284430 -0.991361
v -1.130310 3.168020 -1.018571
v -1.089180 3.106430 -0.990171
v -1.040580 3.049300 -0.965321
v -0.668338 3.014600 -0.881371
v -0.738722 2.974760 -0.927551
v -0.828312 2.928410 -0.957161
v -1.011720 2.950670 -0.999901
v -0.945115 2.913240 -0.994581
v -1.234750 3.647290 -1.244901
v -1.187540 3.378550 -1.035351
v -1.222570 3.421380 -1.147141
v -1.242630 3.543220 -1.292151
v -1.241710 3.467780 -1.260971
v -1.165240 3.231130 -1.049061
v -1.155070 3.119110 -1.075321
v -1.116830 3.056820 -1.044511
v -1.069260 2.999330 -1.018051
v -0.672285 2.974640 -0.948121
v -0.600793 2.976370 -0.964551
v -0.753582 2.917900 -0.980541
v -0.917727 2.899780 -0.995981
v -0.840507 2.873620 -1.009181
v -1.040620 2.901230 -1.050651
v -0.978953 2.867160 -1.041211
v -1.241710 3.619390 -1.320841
v -1.212280 3.354650 -1.111901
v -1.238140 3.392820 -1.225561
v -1.252510 3.440000 -1.339671
v -1.251240 3.515440 -1.368641
v -1.188290 3.183370 -1.106721
v -1.166370 3.331490 -1.013361
v -1.193580 3.294450 -1.080661
v -1.142080 3.007370 -1.099501
v -1.180040 3.070910 -1.130921
v -1.096560 2.949700 -1.071051
v -0.614797 2.947060 -1.035781
v -0.685304 2.927970 -1.010251
v -0.767501 2.861370 -1.039761
v -0.849264 2.827930 -1.054741
v -0.918104 2.843360 -1.041121
v -1.065660 2.850280 -1.101741
v -1.000440 2.814540 -1.088941
v -1.239650 3.696810 -1.347941
v -1.247480 3.591760 -1.396591
v -1.230130 3.320170 -1.185631
v -1.251560 3.365080 -1.307881
v -1.258880 3.412720 -1.418791
v -1.254530 3.487640 -1.446111
v -1.214990 3.250320 -1.143041
v -1.209580 3.137690 -1.165401
v -1.165410 2.957310 -1.154631
v -1.200260 3.023500 -1.188441
v -1.121780 2.898310 -1.124051
v -0.694166 2.876270 -1.072781
v -0.625678 2.910570 -1.105421
v -0.785745 2.799300 -1.107891
v -0.932239 2.792270 -1.085691
v -0.858927 2.787460 -1.092411
v -1.020140 2.759360 -1.138811
v -1.086240 2.796720 -1.154791
v -1.243150 3.668430 -1.423051
v -1.249850 3.563000 -1.472371
v -1.244930 3.286960 -1.261491
v -1.259450 3.338260 -1.389861
v -1.254490 3.460060 -1.522841
v -1.259750 3.385970 -1.496551
v -1.230250 3.207950 -1.203171
v -1.225460 3.093550 -1.224331
v -1.213450 2.978540 -1.249731
v -1.181070 2.909090 -1.213971
v -1.138470 2.847840 -1.182031
v -0.558026 2.947460 -1.130191
v -0.700572 2.831240 -1.142291
v -0.631591 2.876630 -1.177321
v -0.947058 2.735860 -1.134901
v -0.870983 2.730620 -1.144811
v -1.104490 2.741020 -1.208681
v -1.038790 2.701910 -1.190071
v -1.245590 3.638580 -1.497631
v -1.249330 3.534390 -1.548041
v -1.257340 3.266000 -1.364881
v -1.262640 3.311590 -1.468771
v -1.252390 3.433360 -1.598821
v -1.258290 3.359750 -1.573051
v -1.239920 3.164640 -1.257551
v -1.235380 3.051590 -1.285991
v -1.224770 2.934750 -1.313021
v -1.194410 2.859420 -1.273821
v -1.154560 2.794940 -1.238741
v -0.570356 2.922450 -1.203561
v -0.637747 2.847650 -1.250961
v -0.687255 2.802070 -1.222291
v -0.799683 2.743500 -1.167921
v -0.738374 2.767700 -1.194801
v -0.963378 2.678650 -1.185931
v -0.883792 2.673930 -1.198371
v -1.118760 2.689010 -1.267581
v -1.054720 2.647130 -1.246101
v -1.242220 3.717110 -1.522581
v -1.244990 3.609060 -1.572141
v -1.246650 3.507130 -1.623231
v -1.263040 3.237280 -1.441431
v -1.247360 3.232770 -1.280401
v -1.253550 3.196130 -1.344221
v -1.263510 3.285760 -1.545551
v -1.250990 3.407370 -1.674681
v -1.257390 3.334260 -1.649091
v -1.247920 3.124910 -1.318961
v -1.244900 3.011730 -1.350501
v -1.236130 2.895700 -1.379061
v -1.202240 2.810390 -1.335401
v -1.166690 2.744710 -1.299121
v -0.583652 2.899080 -1.277061
v -0.689498 2.764670 -1.295321
v -0.642540 2.817450 -1.324781
v -0.807367 2.689300 -1.229391
v -0.742734 2.720570 -1.263951
v -0.978609 2.624940 -1.240991
v -0.898331 2.622470 -1.252281
v -1.128700 2.642270 -1.331891
v -1.066660 2.598210 -1.308761
v -1.241690 3.682630 -1.595031
v -1.241780 3.580970 -1.646651
v -1.244210 3.480880 -1.698741
v -1.266740 3.210560 -1.516841
v -1.261640 3.162380 -1.413811
v -1.263160 3.261020 -1.621551
v -1.257310 3.309440 -1.725411
v -1.250150 3.382230 -1.750871
v -1.256750 3.087400 -1.384191
v -1.255880 2.975210 -1.417621
v -1.233320 2.821710 -1.428811
v -1.207970 2.760410 -1.396861
v -1.172600 2.699240 -1.363731
v -0.520655 2.945800 -1.296791
v -0.592952 2.872510 -1.350381
v -0.691056 2.727410 -1.369661
v -0.645232 2.784170 -1.398051
v -0.741349 2.676180 -1.341711
v -0.807728 2.634340 -1.310741
v -0.991651 2.575910 -1.300991
v -0.915275 2.578770 -1.309121
v -1.133330 2.601730 -1.401341
v -1.073000 2.559120 -1.379321
v -1.238350 3.653830 -1.668871
v -1.238110 3.554710 -1.721411
v -1.242000 3.455860 -1.774241
v -1.267560 3.131990 -1.486021
v -1.267560 3.187570 -1.592691
v -1.263190 3.237320 -1.697851
v -1.247830 3.357930 -1.827301
v -1.255990 3.284880 -1.802211
v -1.265210 3.051250 -1.452421
v -1.250020 2.871880 -1.453651
v -1.263230 2.941000 -1.486961
v -1.238770 2.778170 -1.493881
v -1.213570 2.716630 -1.462211
v -1.179690 2.656390 -1.430231
v -0.532033 2.923000 -1.370501
v -0.597799 2.842790 -1.422711
v -0.689762 2.691720 -1.444381
v -0.643433 2.751350 -1.470511
v -0.794925 2.592550 -1.398501
v -0.739125 2.637660 -1.418911
v -1.000840 2.534740 -1.368201
v -0.925794 2.537210 -1.371891
v -0.843495 2.600830 -1.326261
v -1.138170 2.563320 -1.471781
v -1.077950 2.520530 -1.449931
v -1.236710 3.724760 -1.690041
v -1.233370 3.628440 -1.743551
v -1.233570 3.529660 -1.796451
v -1.237430 3.431610 -1.850041
v -1.270260 3.105190 -1.559821
v -1.267870 3.165920 -1.668751
v -1.262230 3.212870 -1.774301
v -1.240890 3.333820 -1.903991
v -1.250050 3.259870 -1.880481
v -1.269650 3.013310 -1.520581
v -1.269780 2.906460 -1.556251
v -1.258220 2.840400 -1.524431
v -1.245280 2.740630 -1.562561
v -1.220160 2.677400 -1.530851
v -1.184780 2.617480 -1.500061
v -0.459643 2.975930 -1.389101
v -0.545233 2.897710 -1.443221
v -0.596479 2.811610 -1.494231
v -0.640114 2.719940 -1.542841
v -0.689339 2.658580 -1.517731
v -0.856496 2.558170 -1.383271
v -0.796104 2.555200 -1.471271
v -0.740119 2.602600 -1.493301
v -1.006740 2.496850 -1.438771
v -0.931108 2.498100 -1.441151
v -1.141490 2.526500 -1.543491
v -1.082250 2.482380 -1.521141
v -1.230970 3.701120 -1.765111
v -1.226070 3.603720 -1.818161
v -1.226890 3.505580 -1.871751
v -1.229020 3.407830 -1.926031
v -1.271100 3.102240 -1.642211
v -1.267320 3.142090 -1.743901
v -1.256990 3.186760 -1.854991
v -1.238510 3.234680 -1.959001
v -1.228370 3.309630 -1.980481
v -1.273890 2.974130 -1.587401
v -1.274200 2.872630 -1.625831
v -1.263260 2.806050 -1.594341
v -1.250970 2.705570 -1.633291
v -1.223370 2.641560 -1.601881
v -1.187480 2.581210 -1.571571
v -0.487462 2.946730 -1.459701
v -0.548956 2.869640 -1.514611
v -0.592690 2.783250 -1.566031
v -0.690499 2.625880 -1.591011
v -0.638065 2.691990 -1.616001
v -0.859754 2.518420 -1.452751
v -0.799119 2.520510 -1.544891
v -0.742969 2.569440 -1.567531
v -1.010470 2.459030 -1.510141
v -0.934485 2.459970 -1.512571
v -1.145290 2.489500 -1.615081
v -1.086270 2.444390 -1.592581
v -1.221480 3.677790 -1.839741
v -1.217000 3.579980 -1.892801
v -1.215990 3.481980 -1.946531
v -1.215210 3.384340 -2.000781
v -1.273190 3.042840 -1.617321
v -1.271360 3.073790 -1.713421
v -1.263440 3.117360 -1.819131
v -1.245380 3.158510 -1.940921
v -1.224150 3.210460 -2.035871
v -1.212890 3.286050 -2.055671
v -1.276950 2.939750 -1.656401
v -1.275890 2.840980 -1.696751
v -1.268280 2.772460 -1.665151
v -1.252770 2.672500 -1.706261
v -1.226320 2.607450 -1.674081
v -1.191050 2.545770 -1.643331
v -0.449464 2.975980 -1.469391
v -0.384966 3.019050 -1.482121
v -0.499235 2.920790 -1.532101
v -0.545484 2.844470 -1.586391
v -0.587418 2.758670 -1.639041
v -0.696788 2.592210 -1.662661
v -0.634164 2.669410 -1.690201
v -0.862557 2.482080 -1.525491
v -0.746652 2.537210 -1.640441
v -0.802292 2.487140 -1.618251
v -1.014540 2.417320 -1.579811
v -0.937260 2.420770 -1.583551
v -1.149420 2.453260 -1.686881
v -1.093060 2.402380 -1.661911
v -1.209290 3.654650 -1.913801
v -1.203790 3.556670 -1.966671
v -1.200140 3.458880 -2.020111
v -1.198720 3.361290 -2.074711
v -1.274470 3.006550 -1.685261
v -1.268200 3.048690 -1.784141
v -1.232210 3.134130 -2.017271
v -1.208990 3.187680 -2.110841
v -1.196730 3.263750 -2.129631
v -1.275310 2.909610 -1.726791
v -1.273740 2.810960 -1.769151
v -1.269180 2.740520 -1.738321
v -1.253280 2.641190 -1.781041
v -1.228130 2.575300 -1.746961
v -1.194440 2.512120 -1.715271
v -0.387041 3.012730 -1.560231
v -0.446375 2.967730 -1.547591
v -0.319775 3.057270 -1.492891
v -0.497456 2.901500 -1.604321
v -0.540171 2.822740 -1.657881
v -0.579843 2.741100 -1.712811
v -0.701696 2.561070 -1.734621
v -0.658765 2.613350 -1.753161
v -0.865040 2.446070 -1.598171
v -0.802500 2.453800 -1.690911
v -0.748952 2.506980 -1.713461
v -1.019380 2.369940 -1.646551
v -0.936664 2.375340 -1.651811
v -1.100410 2.363870 -1.733451
v -1.155180 2.419840 -1.759141
v -1.206620 3.729380 -1.935531
v -1.194150 3.631660 -1.987141
v -1.185890 3.533750 -2.039481
v -1.181920 3.436180 -2.093011
v -1.180690 3.339230 -2.147781
v -1.271930 2.978850 -1.755421
v -1.255880 3.098200 -1.876141
v -1.260890 3.025070 -1.851401
v -1.217820 3.110930 -2.092061
v -1.237590 3.056640 -2.001641
v -1.248320 3.079030 -1.933161
v -1.176580 3.242670 -2.201971
v -1.190360 3.166360 -2.183581
v -1.270430 2.881860 -1.797921
v -1.268420 2.710020 -1.814251
v -1.269260 2.782400 -1.843471
v -1.253320 2.611690 -1.855811
v -1.230020 2.546080 -1.817621
v -1.198350 2.480640 -1.786591
v -0.324252 3.053410 -1.571521
v -0.445782 2.953560 -1.622351
v -0.389292 3.002410 -1.639801
v -0.493881 2.883100 -1.674201
v -0.533276 2.804050 -1.729111
v -0.617414 2.666920 -1.771071
v -0.572391 2.725760 -1.787891
v -0.656504 2.592590 -1.827951
v -0.700881 2.535770 -1.807691
v -0.863932 2.407020 -1.668851
v -0.801116 2.423730 -1.763691
v -0.748693 2.478660 -1.786031
v -0.256043 3.089300 -1.579741
v -1.021560 2.331250 -1.719201
v -0.933497 2.336980 -1.723931
v -1.161460 2.389400 -1.831511
v -1.108180 2.333470 -1.808871
v -1.188450 3.706730 -2.008391
v -1.174500 3.608840 -2.059321
v -1.165560 3.511150 -2.111501
v -1.162520 3.414320 -2.165391
v -1.159990 3.318230 -2.219781
v -1.265200 2.953020 -1.825021
v -1.251910 3.002480 -1.916911
v -1.200600 3.089400 -2.164541
v -1.225090 3.033770 -2.074181
v -1.242540 2.979740 -1.984921
v -1.151750 3.222230 -2.272481
v -1.167370 3.146310 -2.254801
v -1.263050 2.855140 -1.869511
v -1.263120 2.754510 -1.920411
v -1.265110 2.680540 -1.893921
v -1.252900 2.592410 -1.910021
v -1.232350 2.521050 -1.882161
v -1.202650 2.452460 -1.856871
v -0.328775 3.047680 -1.652241
v -0.443544 2.939920 -1.686931
v -0.488080 2.866160 -1.741291
v -0.526613 2.786110 -1.802091
v -0.613099 2.649630 -1.847381
v -0.567712 2.708590 -1.864031
v -0.654548 2.572370 -1.903791
v -0.699324 2.512950 -1.880421
v -0.861220 2.373290 -1.741451
v -0.797649 2.395720 -1.836711
v -0.746172 2.453660 -1.858561
v -0.264253 3.088310 -1.659631
v -1.021800 2.292900 -1.792831
v -0.926205 2.302770 -1.797881
v -1.169020 2.360680 -1.904661
v -1.119230 2.304150 -1.884191
v -1.167130 3.684150 -2.080241
v -1.152080 3.586290 -2.130701
v -1.144440 3.489200 -2.183091
v -1.141060 3.393160 -2.236921
v -1.134670 3.297630 -2.290131
v -1.256650 2.928170 -1.894151
v -1.179690 3.069720 -2.236581
v -1.210100 3.012390 -2.146291
v -1.232370 2.956890 -2.055911
v -1.248490 2.903830 -1.964751
v -1.140000 3.127130 -2.324681
v -1.123840 3.202610 -2.342041
v -1.255910 2.828880 -1.943341
v -1.256370 2.728280 -1.998601
v -1.259600 2.651060 -1.979761
v -1.252490 2.573140 -1.964231
v -1.233770 2.496590 -1.949931
v -1.206040 2.426150 -1.927751
v -0.389114 2.987060 -1.736101
v -0.331833 3.039500 -1.736271
v -0.440625 2.926740 -1.746961
v -0.481693 2.848040 -1.812941
v -0.521667 2.768880 -1.877641
v -0.565665 2.692770 -1.942791
v -0.610375 2.632090 -1.926081
v -0.696995 2.494420 -1.950891
v -0.652370 2.554450 -1.985391
v -0.855698 2.343120 -1.815651
v -0.743273 2.431190 -1.930831
v -0.793966 2.371640 -1.910441
v -0.270107 3.083960 -1.740461
v -0.988118 2.260220 -1.868801
v -0.916785 2.277170 -1.875401
v -1.054570 2.270170 -1.871871
v -1.173100 2.335780 -1.979971
v -1.121680 2.281760 -1.962171
v -1.136910 3.737130 -2.172601
v -1.142880 3.661730 -2.151141
v -1.128880 3.564210 -2.201651
v -1.122220 3.467820 -2.254431
v -1.116220 3.372470 -2.307261
v -1.106180 3.277520 -2.359011
v -1.154750 3.051220 -2.307851
v -1.191560 2.993020 -2.218421
v -1.219570 2.935640 -2.128471
v -1.240010 2.880210 -2.037341
v -1.109760 3.108510 -2.393951
v -1.091560 3.183190 -2.409841
v -1.248590 2.804140 -2.018231
v -1.249640 2.704730 -2.076071
v -1.255120 2.627010 -2.059221
v -1.233820 2.473670 -2.022421
v -1.250940 2.548840 -2.042131
v -1.207890 2.402540 -2.001341
v -0.387489 2.974910 -1.819151
v -0.334188 3.032940 -1.820201
v -0.436151 2.911290 -1.818591
v -0.476763 2.831250 -1.888041
v -0.519237 2.753610 -1.955521
v -0.608464 2.615730 -2.012571
v -0.565221 2.679530 -2.023501
v -0.694250 2.479150 -2.018301
v -0.650911 2.547930 -2.015801
v -0.851264 2.319130 -1.891481
v -0.790452 2.348370 -1.984151
v -0.740269 2.411180 -2.003221
v -0.274766 3.082050 -1.821441
v -0.984020 2.234270 -1.945771
v -0.911094 2.253370 -1.952221
v -1.057260 2.245760 -1.949951
v -1.174160 2.313650 -2.056291
v -1.122690 2.258930 -2.039971
v -1.116870 3.639450 -2.221401
v -1.109340 3.714770 -2.242721
v -1.105180 3.542500 -2.272521
v -1.097720 3.446800 -2.324921
v -1.087510 3.351880 -2.376221
v -1.072990 3.257520 -2.426181
v -1.126770 3.033250 -2.378321
v -1.169920 2.975230 -2.291191
v -1.204280 2.916440 -2.201411
v -1.229640 2.858560 -2.110801
v -1.054130 3.164130 -2.474561
v -1.074680 3.090240 -2.460551
v -1.240090 2.781730 -2.093551
v -1.242360 2.684810 -2.153081
v -1.249840 2.606800 -2.137091
v -1.235740 2.452320 -2.101031
v -1.248340 2.528710 -2.120031
v -1.210600 2.380170 -2.076441
v -0.385001 2.963720 -1.899531
v -0.333048 3.026940 -1.901071
v -0.432425 2.896550 -1.895111
v -0.475640 2.816830 -1.965001
v -0.519790 2.741570 -2.034261
v -0.607096 2.601730 -2.099681
v -0.566019 2.668400 -2.105651
v -0.649583 2.535000 -2.096341
v -0.690564 2.464650 -2.090411
v -0.846629 2.294400 -1.966171
v -0.786348 2.322820 -2.057691
v -0.737130 2.390700 -2.076211
v -0.277764 3.083050 -1.901941
v -0.983240 2.215890 -2.023981
v -0.908511 2.230050 -2.028121
v -1.056840 2.224570 -2.027831
v -1.179660 2.290720 -2.129811
v -1.127200 2.231310 -2.116551
v -1.082240 3.692200 -2.312811
v -1.091810 3.617260 -2.292071
v -1.080740 3.521030 -2.343201
v -1.069800 3.425750 -2.394281
v -1.053860 3.331140 -2.443111
v -1.033650 3.237460 -2.490181
v -1.093260 3.015530 -2.447251
v -1.143630 2.957700 -2.364081
v -1.185540 2.899170 -2.274761
v -1.217040 2.839550 -2.184641
v -1.010890 3.144860 -2.536051
v -1.033330 3.071740 -2.523091
v -1.230470 2.762410 -2.168741
v -1.243950 2.591870 -2.216391
v -1.233600 2.670130 -2.230211
v -1.238360 2.432390 -2.197791
v -1.246890 2.512720 -2.203191
v -1.214650 2.363010 -2.143941
v -0.329826 3.026410 -1.980911
v -0.382679 2.957160 -1.978251
v -0.431725 2.883160 -1.972481
v -0.477301 2.805710 -2.042851
v -0.522753 2.732450 -2.113511
v -0.608368 2.593060 -2.178871
v -0.568242 2.660050 -2.184991
v -0.685220 2.453450 -2.165361
v -0.646384 2.523420 -2.172811
v -0.842678 2.269110 -2.040781
v -0.785441 2.295360 -2.131581
v -0.734616 2.370720 -2.150741
v -0.220560 3.138780 -1.980131
v -0.277556 3.086360 -1.981701
v -0.982189 2.185350 -2.096871
v -0.906610 2.203860 -2.102431
v -1.059670 2.193160 -2.101811
v -1.190540 2.271410 -2.202121
v -1.140950 2.197760 -2.192481
v -1.044200 3.743800 -2.403771
v -1.054960 3.669290 -2.383241
v -1.066290 3.595140 -2.362691
v -1.053150 3.499120 -2.413121
v -1.036170 3.403970 -2.461331
v -1.014380 3.310500 -2.506751
v -0.989006 3.217610 -2.550461
v -1.053380 2.997400 -2.511691
v -1.111630 2.940590 -2.437231
v -1.161930 2.882320 -2.350971
v -1.202420 2.823150 -2.258051
v -0.960446 3.124800 -2.591141
v -0.984300 3.051900 -2.579441
v -1.218730 2.746950 -2.243131
v -1.222270 2.658710 -2.305611
v -1.236040 2.580810 -2.294951
v -1.243540 2.501410 -2.285021
v -1.241420 2.421100 -2.280031
v -1.220260 2.350330 -2.206291
v -0.374111 2.966990 -2.057681
v -0.327573 3.034270 -2.060211
v -0.435312 2.870510 -2.050351
v -0.480779 2.796970 -2.121051
v -0.527399 2.726250 -2.191691
v -0.610040 2.585970 -2.257131
v -0.573559 2.655410 -2.262841
v -0.680891 2.448140 -2.243151
v -0.645807 2.516660 -2.250761
v -0.839645 2.242090 -2.115081
v -0.783236 2.267430 -2.205021
v -0.744487 2.326990 -2.220921
v -0.278944 3.094210 -2.060761
v -0.224425 3.149650 -2.058621
v -0.980438 2.149890 -2.165351
v -0.901347 2.169360 -2.171671
v -1.064180 2.155490 -2.171951
v -1.165630 2.169260 -2.279641
v -1.207640 2.259210 -2.276901
v -1.011950 3.720000 -2.472551
v -1.038290 3.572540 -2.432741
v -1.025030 3.646140 -2.452821
v -1.020280 3.476540 -2.480611
v -0.996606 3.382050 -2.524831
v -0.969260 3.289580 -2.566911
v -0.937467 3.197420 -2.605471
v -1.007020 2.978690 -2.570161
v -1.072730 2.923160 -2.504991
v -1.128840 2.865290 -2.434281
v -1.182910 2.808280 -2.335671
v -0.901877 3.102940 -2.636881
v -0.926818 3.030520 -2.624961
v -1.204730 2.734540 -2.315211
v -1.208040 2.651430 -2.380041
v -1.226200 2.575310 -2.374501
v -1.238190 2.497530 -2.364461
v -1.241480 2.418920 -2.355861
v -1.229200 2.340680 -2.278361
v -0.367466 2.980940 -2.136531
v -0.327362 3.041920 -2.138301
v -0.441041 2.860350 -2.127671
v -0.486677 2.791610 -2.198401
v -0.533666 2.722560 -2.269171
v -0.580175 2.652650 -2.339541
v -0.614190 2.581970 -2.334361
v -0.714319 2.383160 -2.233071
v -0.680256 2.442040 -2.321681
v -0.647292 2.511550 -2.328761
v -0.833469 2.211260 -2.187071
v -0.780733 2.243760 -2.280151
v -0.743692 2.308380 -2.298401
v -0.163077 3.199090 -2.054731
v -0.230628 3.162340 -2.136211
v -0.281892 3.103570 -2.138301
v -0.894375 2.129140 -2.237601
v -0.977352 2.106280 -2.228091
v -1.064150 2.113830 -2.237551
v -1.225570 2.260520 -2.353571
v -1.206980 2.185360 -2.364021
v -0.976499 3.695580 -2.540221
v -0.990754 3.621970 -2.520411
v -1.005170 3.548920 -2.500461
v -0.980674 3.453080 -2.544181
v -0.950444 3.360020 -2.584031
v -0.915578 3.270130 -2.621381
v -0.877105 3.175740 -2.651021
v -1.028940 2.904890 -2.565061
v -0.953101 2.958280 -2.618601
v -1.092340 2.848950 -2.504691
v -0.835107 3.078460 -2.668851
v -0.862215 3.006850 -2.657341
v -1.187620 2.725560 -2.382761
v -1.207920 2.574600 -2.456371
v -1.186840 2.647750 -2.453751
v -1.224350 2.498400 -2.455501
v -1.237330 2.421180 -2.428901
v -1.238700 2.339660 -2.352541
v -0.404712 2.918750 -2.054011
v -0.404227 2.921820 -2.132881
v -0.371309 2.984200 -2.213501
v -0.331355 3.048480 -2.215531
v -0.447614 2.856570 -2.204531
v -0.494747 2.789640 -2.275581
v -0.543619 2.722180 -2.345221
v -0.623043 2.581780 -2.411581
v -0.591490 2.653890 -2.415131
v -0.712163 2.373620 -2.312001
v -0.654155 2.510010 -2.407441
v -0.684434 2.438560 -2.401631
v -0.825109 2.179710 -2.258181
v -0.742633 2.297270 -2.380271
v -0.775481 2.227110 -2.360601
v -0.172121 3.216420 -2.132041
v -0.287330 3.111960 -2.215831
v -0.237991 3.173270 -2.213891
v -0.975234 2.061090 -2.290851
v -0.900431 2.080550 -2.302401
v -1.134980 2.089020 -2.324961
v -1.058700 2.064690 -2.294951
v -1.235460 2.269640 -2.430151
v -1.225120 2.189000 -2.444251
v -1.189990 2.118470 -2.386961
v -0.934653 3.669980 -2.604071
v -0.965475 3.524520 -2.564191
v -0.950190 3.596560 -2.584161
v -0.933875 3.428370 -2.602121
v -0.895982 3.339550 -2.637731
v -0.853507 3.249750 -2.667541
v -0.807765 3.150870 -2.682091
v -1.164060 2.799320 -2.389051
v -0.978596 2.885030 -2.615611
v -1.052220 2.830460 -2.565981
v -0.890223 2.935270 -2.652821
v -1.145220 2.790350 -2.442441
v -1.112050 2.779050 -2.510391
v -0.763251 3.051480 -2.685571
v -0.792459 2.980870 -2.674321
v -1.164780 2.718320 -2.449801
v -1.157220 2.647060 -2.525771
v -1.179740 2.575720 -2.536511
v -1.239960 2.345410 -2.427131
v -0.410210 2.920610 -2.209811
v -0.379092 2.987930 -2.290051
v -0.339052 3.054090 -2.292071
v -0.456019 2.855860 -2.281521
v -0.504074 2.789600 -2.351431
v -0.556459 2.724200 -2.420091
v -0.638507 2.587020 -2.488101
v -0.609973 2.659980 -2.488531
v -0.714615 2.367860 -2.392781
v -0.665833 2.514460 -2.487901
v -0.692170 2.441730 -2.482681
v -0.814306 2.157490 -2.334031
v -0.182734 3.229980 -2.210001
v -0.295787 3.120070 -2.292841
v -0.248422 3.184530 -2.290461
v -0.975624 2.008950 -2.347681
v -0.901881 2.030770 -2.367871
v -1.121070 2.025860 -2.373291
v -1.054220 2.009450 -2.349581
v -1.233970 2.282690 -2.506821
v -1.230890 2.200520 -2.522871
v -1.219550 2.137710 -2.465681
v -1.177450 2.052460 -2.421971
v -0.867926 3.717150 -2.681271
v -0.885938 3.642650 -2.662881
v -0.902309 3.568760 -2.642361
v -0.917792 3.497330 -2.621341
v -0.880028 3.402150 -2.654151
v -0.831915 3.325850 -2.686811
v -0.781859 3.224870 -2.700271
v -0.734424 3.122830 -2.698241
v -0.918115 2.862960 -2.651531
v -1.005210 2.810220 -2.619301
v -1.076350 2.758110 -2.572481
v -0.821153 2.909740 -2.668411
v -1.133920 2.713680 -2.516751
v -0.690132 3.023190 -2.682001
v -0.720648 2.952950 -2.671181
v -1.196640 2.500950 -2.550261
v -1.116850 2.649350 -2.591301
v -1.141740 2.576370 -2.605101
v -1.233120 2.356350 -2.499851
v -1.226890 2.425860 -2.493791
v -0.417934 2.921780 -2.286691
v -0.389601 2.991960 -2.366491
v -0.350198 3.059240 -2.368201
v -0.466287 2.857470 -2.357591
v -0.519026 2.792850 -2.426701
v -0.575350 2.729670 -2.493871
v -0.665835 2.599980 -2.561241
v -0.640764 2.672640 -2.557851
v -0.716042 2.366680 -2.473121
v -0.689700 2.527470 -2.566801
v -0.710831 2.454070 -2.576951
v -0.802193 2.146100 -2.408451
v -0.771605 2.222840 -2.413861
v -0.744530 2.293520 -2.467731
v -0.260309 3.195420 -2.367391
v -0.307525 3.127260 -2.368791
v -0.979087 1.955410 -2.405381
v -0.904441 1.977640 -2.435481
v -0.842944 2.077540 -2.393121
v -0.857368 2.119020 -2.318211
v -1.099610 1.960160 -2.414831
v -1.060470 1.954310 -2.403911
v -1.218400 2.305430 -2.579951
v -1.218960 2.224610 -2.594601
v -1.213970 2.086430 -2.487111
v -1.166840 1.985700 -2.459371
v -0.808030 3.687650 -2.731611
v -0.828944 3.612720 -2.713821
v -0.847617 3.537400 -2.692981
v -0.864355 3.465400 -2.671251
v -0.819371 3.375050 -2.698701
v -0.758818 3.303180 -2.721201
v -0.704901 3.195670 -2.716091
v -0.659855 3.094420 -2.694931
v -0.850137 2.838680 -2.667641
v -0.945724 2.789150 -2.656451
v -1.033630 2.730140 -2.628981
v -1.091990 2.713890 -2.579321
v -0.751419 2.883310 -2.664551
v -0.618791 2.994950 -2.665061
v -0.651417 2.925520 -2.654751
v -1.207410 2.425590 -2.562711
v -1.161000 2.501620 -2.619861
v -1.064920 2.649030 -2.646341
v -1.090190 2.573710 -2.663081
v -1.212900 2.365510 -2.571331
v -0.428142 2.924770 -2.362971
v -0.403106 2.996650 -2.442701
v -0.365694 3.065130 -2.443451
v -0.479786 2.860660 -2.433131
v -0.536880 2.797550 -2.500961
v -0.604039 2.739800 -2.564811
v -0.688082 2.693320 -2.608661
v -0.709712 2.620650 -2.621331
v -0.722052 2.371430 -2.539501
v -0.751284 2.476460 -2.648671
v -0.734013 2.549050 -2.630841
v -0.792712 2.144090 -2.479211
v -0.767728 2.218570 -2.467121
v -0.744407 2.297140 -2.547211
v -0.278112 3.204460 -2.442561
v -0.324256 3.132020 -2.443581
v -0.987117 1.896940 -2.458781
v -0.916368 1.914520 -2.490091
v -0.826114 2.066300 -2.474001
v -1.183930 2.329180 -2.646231
v -1.187850 2.248180 -2.660341
v -1.223450 2.120140 -2.555441
v -1.218000 2.144200 -2.611941
v -1.208720 2.017810 -2.525211
v -1.156870 1.917600 -2.496651
v -1.075560 1.896900 -2.457551
v -0.738847 3.655720 -2.769471
v -0.764599 3.580730 -2.752781
v -0.806827 3.424250 -2.710591
v -0.786542 3.503440 -2.732511
v -0.671317 3.268660 -2.734491
v -0.629153 3.166370 -2.710281
v -0.587475 3.065780 -2.678051
v -0.781238 2.813000 -2.664091
v -0.878048 2.766330 -2.674101
v -0.974480 2.713550 -2.668941
v -0.684210 2.855970 -2.647671
v -0.549984 2.966050 -2.640221
v -0.586090 2.898430 -2.627821
v -1.174240 2.420970 -2.632861
v -1.111200 2.499820 -2.680061
v -1.027460 2.565400 -2.706811
v -1.002820 2.639170 -2.688271
v -0.441310 2.928940 -2.438861
v -0.420948 3.002350 -2.518561
v -0.385170 3.071500 -2.517451
v -0.497785 2.865230 -2.508381
v -0.567730 2.807950 -2.571751
v -0.655210 2.762090 -2.612571
v -0.767183 2.644910 -2.664241
v -0.742327 2.716190 -2.651011
v -0.807945 2.501150 -2.700111
v -0.789250 2.573760 -2.681151
v -0.733662 2.381680 -2.603771
v -0.762219 2.403220 -2.675401
v -0.783461 2.153420 -2.552631
v -0.763251 2.223380 -2.550821
v -0.750934 2.307480 -2.623511
v -0.346854 3.137820 -2.516211
v -0.307272 3.202460 -2.515701
v -0.992670 1.834020 -2.504141
v -0.924620 1.848500 -2.536861
v -0.851711 2.005540 -2.498391
v -0.871428 1.935450 -2.537811
v -1.134930 2.345940 -2.705881
v -1.142490 2.268690 -2.720821
v -1.190690 2.169280 -2.676451
v -1.219460 2.054080 -2.605221
v -1.202770 1.948510 -2.560851
v -1.076300 1.832980 -2.500751
v -1.153310 1.848430 -2.531241
v -0.665515 3.622510 -2.793111
v -0.694885 3.547520 -2.777821
v -0.721051 3.470420 -2.759191
v -0.743044 3.388690 -2.739711
v -0.685199 3.363360 -2.752611
v -0.625765 3.337790 -2.754481
v -0.595415 3.238060 -2.726201
v -0.559824 3.139390 -2.689721
v -0.514340 3.035090 -2.650241
v -0.715694 2.787060 -2.643271
v -0.808274 2.741580 -2.672411
v -0.905267 2.693790 -2.689491
v -0.620985 2.830130 -2.618071
v -0.489357 2.942140 -2.589561
v -0.528814 2.874720 -2.580831
v -1.125240 2.423440 -2.693201
v -1.047110 2.492300 -2.724791
v -0.931213 2.621280 -2.708651
v -0.954575 2.547780 -2.727421
v -0.459210 2.933630 -2.514801
v -0.455838 3.013900 -2.592171
v -0.416169 3.082370 -2.587551
v -0.833929 2.669840 -2.686721
v -0.823930 2.427420 -2.722431
v -0.880192 2.524840 -2.722071
v -0.858125 2.598070 -2.705681
v -0.778110 2.328830 -2.699081
v -0.804659 2.085390 -2.555741
v -0.762576 2.232100 -2.632521
v -0.777474 2.168120 -2.627251
v -0.376072 3.147680 -2.585031
v -0.338833 3.212280 -2.584661
v -0.922804 1.782180 -2.579701
v -0.994972 1.767550 -2.543371
v -0.892048 1.865080 -2.580581
v -0.841956 1.952670 -2.597931
v -0.823788 2.021240 -2.571671
v -1.079600 2.283850 -2.766871
v -1.071700 2.353790 -2.751701
v -1.146570 2.192030 -2.737681
v -1.194900 2.090580 -2.692561
v -1.214670 1.982850 -2.638951
v -1.199910 1.877590 -2.593341
v -1.153950 1.777890 -2.562221
v -1.076290 1.765720 -2.537021
v -0.591617 3.588700 -2.801081
v -0.624444 3.514680 -2.788581
v -0.655241 3.439610 -2.771511
v -0.588396 3.409810 -2.771761
v -0.557717 3.309170 -2.742581
v -0.527934 3.210610 -2.707751
v -0.492850 3.111290 -2.662161
v -1.061790 2.419910 -2.740031
v -0.973503 2.473900 -2.749311
v -0.460530 3.097680 -2.649531
v -0.837784 2.353780 -2.750041
v -0.897447 2.450030 -2.744441
v -0.791048 2.253710 -2.727951
v -0.790108 2.108200 -2.632301
v -0.785854 2.145720 -2.700721
v -0.416063 3.163700 -2.645271
v -0.376480 3.230030 -2.648581
v -0.302542 3.275430 -2.583801
v -0.994983 1.699210 -2.577871
v -0.922975 1.711950 -2.610621
v -0.859476 1.881650 -2.624301
v -0.822510 1.974780 -2.671601
v -0.804545 2.043370 -2.648021
v -1.087850 2.210570 -2.788921
v -1.005950 2.293880 -2.794311
v -0.990318 2.390530 -2.767141
v -1.151460 2.116670 -2.759171
v -1.198180 2.015590 -2.716371
v -1.211820 1.910580 -2.668921
v -1.199850 1.805610 -2.623741
v -1.148760 1.708540 -2.596391
v -1.075190 1.696890 -2.569561
v -0.517226 3.554140 -2.797321
v -0.553280 3.482810 -2.784011
v -0.519846 3.379790 -2.758001
v -0.491657 3.280220 -2.723971
v -0.466775 3.184320 -2.684271
v -0.851986 2.277900 -2.777871
v -0.914166 2.370550 -2.765821
v -0.805753 2.177290 -2.762901
v -0.800881 2.071700 -2.722501
v -0.430218 3.253550 -2.694031
v -0.340564 3.297150 -2.648101
v -0.995372 1.629030 -2.608471
v -0.925588 1.641370 -2.641511
v -0.875740 1.736320 -2.673661
v -0.872034 1.807980 -2.646781
v -0.837956 1.905390 -2.697021
v -0.816350 2.001290 -2.747911
v -1.016050 2.221030 -2.820501
v -1.094860 2.137020 -2.814031
v -0.926741 2.294900 -2.798941
v -1.158050 2.043210 -2.785151
v -1.197030 1.941920 -2.743791
v -1.208150 1.838360 -2.698431
v -1.193660 1.735100 -2.656581
v -1.142610 1.639390 -2.631651
v -1.073070 1.626990 -2.602431
v -0.444923 3.519280 -2.780391
v -0.483141 3.450360 -2.768611
v -0.454371 3.350400 -2.734901
v -0.868242 2.201400 -2.797951
v -0.817936 2.103680 -2.793661
v -0.257558 3.424030 -2.650851
v -0.300729 3.361410 -2.648471
v -0.391970 3.321750 -2.700961
v -0.996361 1.557260 -2.638561
v -0.928990 1.569940 -2.671041
v -0.879331 1.664670 -2.701011
v -0.856842 1.763510 -2.748941
v -0.850212 1.834770 -2.723361
v -0.830821 1.931540 -2.775201
v -0.828282 2.032120 -2.823001
v -0.938259 2.220700 -2.827621
v -1.025160 2.150140 -2.852301
v -1.102770 2.064480 -2.842691
v -1.161710 1.969690 -2.812431
v -1.196600 1.869440 -2.772301
v -1.204230 1.766920 -2.728241
v -1.186170 1.665410 -2.690221
v -1.140590 1.568900 -2.665191
v -1.072900 1.556090 -2.633931
v -0.405496 3.587340 -2.790181
v -0.374299 3.484790 -2.753531
v -0.415729 3.418600 -2.744511
v -0.871348 2.134430 -2.843371
v -0.208573 3.483270 -2.657081
v -0.310345 3.453160 -2.709261
v -0.352014 3.388590 -2.704391
v -0.999132 1.483590 -2.666951
v -0.932093 1.494790 -2.698011
v -0.882967 1.592630 -2.726791
v -0.863874 1.691850 -2.773791
v -0.858532 1.790290 -2.825431
v -0.845903 1.861410 -2.801341
v -0.842500 1.960550 -2.850891
v -0.880269 2.062430 -2.878091
v -0.945383 2.151700 -2.865571
v -1.034070 2.079370 -2.886151
v -1.111070 1.992290 -2.872711
v -1.165240 1.896720 -2.841221
v -1.193160 1.796470 -2.799331
v -1.201230 1.695110 -2.758801
v -1.186030 1.593110 -2.722501
v -1.143290 1.494940 -2.693641
v -1.074640 1.483170 -2.662801
v -0.329705 3.547860 -2.763011
v -0.263343 3.513540 -2.717411
v -0.933985 1.413240 -2.722611
v -1.002280 1.407710 -2.692561
v -0.887511 1.518950 -2.751911
v -0.868093 1.620620 -2.797551
v -0.868326 1.718810 -2.848221
v -0.873245 1.816780 -2.900491
v -0.857013 1.888870 -2.877791
v -0.890137 1.989420 -2.909511
v -0.954205 2.081860 -2.904701
v -1.044040 2.007410 -2.919141
v -1.120140 1.919980 -2.903781
v -1.167880 1.822490 -2.866151
v -1.192480 1.722750 -2.824891
v -1.204430 1.623170 -2.790761
v -1.191420 1.515380 -2.752331
v -1.143800 1.420060 -2.721581
v -1.075690 1.409920 -2.691311
v -0.889119 1.427300 -2.779031
v -1.005760 1.331840 -2.713951
v -0.938839 1.333870 -2.745501
v -0.870800 1.548950 -2.820071
v -0.874482 1.646050 -2.870321
v -0.884342 1.743880 -2.921231
v -0.913441 1.840900 -2.963871
v -0.900153 1.916240 -2.940831
v -0.965019 2.007170 -2.935701
v -1.054690 1.934060 -2.950621
v -1.126260 1.843670 -2.928141
v -1.168650 1.745610 -2.886581
v -1.193380 1.650940 -2.857521
v -1.211010 1.540280 -2.825451
v -1.195210 1.434480 -2.778401
v -1.147560 1.344890 -2.742631
v -1.078330 1.335610 -2.714121
v -0.873122 1.480680 -2.840041
v -0.896556 1.339680 -2.804841
v -1.008770 1.257240 -2.732091
v -0.944517 1.259400 -2.763481
v -0.876542 1.574500 -2.892381
v -0.891342 1.670290 -2.942081
v -0.923752 1.765020 -2.983851
v -0.974069 1.933900 -2.967741
v -0.984424 1.857320 -2.995121
v -1.062230 1.856660 -2.974621
v -1.129770 1.764960 -2.945161
v -1.175910 1.667220 -2.899291
v -1.188600 1.589070 -2.900151
v -1.196060 1.357880 -2.800111
v -1.152320 1.269100 -2.758221
v -1.083090 1.260500 -2.729951
v -0.876860 1.503450 -2.913341
v -0.900257 1.266070 -2.819781
v -0.876913 1.348270 -2.876191
v -0.875268 1.416680 -2.858531
v -1.010450 1.182910 -2.746801
v -0.946016 1.185570 -2.777651
v -0.894354 1.597310 -2.963681
v -0.932297 1.690480 -3.003361
v -0.994562 1.778510 -3.011911
v -1.070430 1.777730 -2.993431
v -1.136860 1.686590 -2.959941
v -1.212440 1.493360 -2.840511
v -1.191920 1.524140 -2.916961
v -1.213740 1.370170 -2.874941
v -1.213870 1.446440 -2.855581
v -1.202630 1.281390 -2.814331
v -1.086130 1.184910 -2.742271
v -1.157050 1.192210 -2.769301
v -0.876084 1.432580 -2.933261
v -0.891160 1.524810 -2.986471
v -0.878987 1.275240 -2.889341
v -0.902176 1.191640 -2.826941
v -0.875476 1.360730 -2.951011
v -1.008570 1.107440 -2.756781
v -0.925808 1.112960 -2.805181
v -0.936264 1.616080 -3.024701
v -1.002850 1.700900 -3.029211
v -1.077460 1.698580 -3.008881
v -1.141660 1.609370 -2.972071
v -1.145190 1.535570 -2.985331
v -1.193950 1.454670 -2.934481
v -1.220290 1.294710 -2.889371
v -1.197520 1.380650 -2.952061
v -1.209380 1.204510 -2.825571
v -1.160360 1.113230 -2.777131
v -1.086760 1.108700 -2.752171
v -0.885372 1.451440 -3.009251
v -0.934731 1.541940 -3.047861
v -0.878371 1.199500 -2.894471
v -0.874603 1.285640 -2.964681
v -0.882892 1.374750 -3.025281
v -1.007350 1.031260 -2.762921
v -0.929601 1.033130 -2.802601
v -1.007930 1.623190 -3.044841
v -1.082130 1.620830 -3.024661
v -1.083550 1.543040 -3.037321
v -1.149560 1.462200 -3.002721
v -1.202350 1.304790 -2.966261
v -1.226650 1.218440 -2.900491
v -1.150700 1.386480 -3.016401
v -1.216040 1.121600 -2.831821
v -1.163070 1.034050 -2.779721
v -1.087660 1.032160 -2.758861
v -0.929584 1.466110 -3.072791
v -1.010130 1.546190 -3.063251
v -0.877640 1.123310 -2.889631
v -0.871229 1.207820 -2.971941
v -0.880946 1.295920 -3.042171
v -0.929612 1.385420 -3.084541
v -1.009790 0.953590 -2.761241
v -0.936506 0.947520 -2.796391
v -0.882305 1.043760 -2.881781
v -1.086080 1.467160 -3.053281
v -1.155520 1.310330 -3.030801
v -1.207220 1.229350 -2.976871
v -1.231810 1.139380 -2.907521
v -1.088200 1.390080 -3.067541
v -1.221420 1.033190 -2.831411
v -1.164830 0.956860 -2.778611
v -1.089560 0.956300 -2.758591
v -1.009900 1.468760 -3.080861
v -0.872417 1.129870 -2.972501
v -0.886406 1.215410 -3.049991
v -0.933063 1.304810 -3.096791
v -1.011210 1.390020 -3.095451
v -0.942851 0.865060 -2.783781
v -1.014360 0.875590 -2.750321
v -0.871054 1.053450 -2.970071
v -1.092020 1.312030 -3.081111
v -1.162250 1.233560 -3.043321
v -1.212090 1.157440 -2.984151
v -1.238310 1.025400 -2.908651
v -1.223330 0.953320 -2.827771
v -1.166940 0.880850 -2.771911
v -1.092770 0.880200 -2.749441
v -0.888437 1.134760 -3.054811
v -0.939818 1.223360 -3.105081
v -1.014250 1.310070 -3.105841
v -0.901143 0.846580 -2.852481
v -0.893741 0.928610 -2.868731
v -1.020120 0.798530 -2.734191
v -0.950503 0.782390 -2.764331
v -0.888023 0.986180 -2.875251
v -0.875939 0.980790 -2.962381
v -0.889556 1.054420 -3.055941
v -1.097430 1.233130 -3.092441
v -1.169190 1.156740 -3.052801
v -1.218040 1.087940 -2.987871
v -1.220500 1.012440 -2.985311
v -1.238760 0.945870 -2.902951
v -1.224220 0.876740 -2.820741
v -1.170010 0.805120 -2.760511
v -1.097530 0.804530 -2.738601
v -0.941754 1.141340 -3.115471
v -1.019290 1.229380 -3.115831
v -0.915438 0.751190 -2.826751
v -0.884019 0.910590 -2.951691
v -0.891409 0.838690 -2.935071
v -1.030540 0.721450 -2.720661
v -0.962980 0.704010 -2.744411
v -0.898163 0.976670 -3.046791
v -0.948934 1.057490 -3.118051
v -1.104540 1.153720 -3.102711
v -1.177410 1.079740 -3.058721
v -1.181110 1.001950 -3.054041
v -1.220690 0.936050 -2.975191
v -1.240980 0.868370 -2.889941
v -1.227690 0.799160 -2.806901
v -1.103800 0.729060 -2.724851
v -1.174300 0.729820 -2.746771
v -1.024930 1.147690 -3.126621
v -0.929599 0.676140 -2.802281
v -0.913574 0.713820 -2.895271
v -0.901888 0.774030 -2.916441
v -0.908595 0.901830 -3.032171
v -0.918246 0.828880 -3.012511
v -1.041550 0.646130 -2.702261
v -0.977120 0.628860 -2.723251
v -0.958388 0.975930 -3.109191
v -1.031980 1.065300 -3.135021
v -1.111660 1.073010 -3.109131
v -1.119080 0.992160 -3.104351
v -1.183630 0.925330 -3.038681
v -1.223260 0.861820 -2.955381
v -1.243600 0.782880 -2.874941
v -1.230500 0.720970 -2.792631
v -1.178190 0.654580 -2.731711
v -1.111230 0.654100 -2.707641
v -0.926939 0.647030 -2.869661
v -0.938245 0.602400 -2.776451
v -0.946693 0.692740 -2.958231
v -0.931422 0.759760 -2.986961
v -0.979584 0.823640 -3.063921
v -0.968379 0.898460 -3.088441
v -1.051140 0.573380 -2.678161
v -0.986592 0.556260 -2.696321
v -1.039620 0.982350 -3.127691
v -1.124650 0.914360 -3.085321
v -1.188580 0.852690 -3.015481
v -1.214240 0.747160 -2.943731
v -1.244050 0.699400 -2.858891
v -1.230810 0.643750 -2.778531
v -1.184770 0.581510 -2.710481
v -1.118890 0.581520 -2.684741
v -0.961909 0.624190 -2.926801
v -0.937486 0.573930 -2.839411
v -0.944499 0.529250 -2.745021
v -0.993799 0.752890 -3.034581
v -1.009080 0.684690 -3.000631
v -1.048280 0.903440 -3.106321
v -1.058730 0.828980 -3.079301
v -1.061190 0.504040 -2.648531
v -0.994734 0.485810 -2.665861
v -1.133050 0.839820 -3.061921
v -1.196810 0.788820 -2.983191
v -1.217570 0.671730 -2.914431
v -1.234860 0.613320 -2.858351
v -1.234080 0.569980 -2.758891
v -1.196050 0.512290 -2.681481
v -1.130800 0.512080 -2.655071
v -0.977700 0.553820 -2.893031
v -1.023660 0.617190 -2.963261
v -0.947026 0.499680 -2.808541
v -0.951975 0.457350 -2.712891
v -1.070690 0.758460 -3.048321
v -1.083610 0.690250 -3.014331
v -1.072130 0.438640 -2.611301
v -1.002850 0.418230 -2.631971
v -1.143170 0.771580 -3.030111
v -1.155170 0.707970 -2.994481
v -1.165920 0.643720 -2.957291
v -1.242090 0.541740 -2.832421
v -1.247080 0.502090 -2.729271
v -1.216230 0.449240 -2.644291
v -1.148270 0.448590 -2.615571
v -0.992748 0.481180 -2.860001
v -1.039690 0.547840 -2.926891
v -1.096880 0.624490 -2.974571
v -0.955605 0.425020 -2.778501
v -0.959689 0.386670 -2.680581
v -1.082240 0.373200 -2.571901
v -1.009970 0.353700 -2.594391
v -1.178360 0.577720 -2.918931
v -1.193240 0.507970 -2.885561
v -1.268090 0.440210 -2.693731
v -1.166020 0.380820 -2.580871
v -1.237820 0.382880 -2.610741
v -1.005840 0.406320 -2.829401
v -1.055980 0.476070 -2.892721
v -1.110610 0.556470 -2.937011
v -0.965628 0.352100 -2.747231
v -0.967759 0.319820 -2.646281
v -1.083840 0.310250 -2.525361
v -1.013880 0.292770 -2.548321
v -1.208600 0.434140 -2.857481
v -1.256220 0.466680 -2.814651
v -1.125410 0.485320 -2.902991
v -1.291420 0.417850 -2.753441
v -1.251650 0.484390 -2.771961
v -1.297010 0.383100 -2.655241
v -1.266990 0.332370 -2.564101
v -1.195880 0.326270 -2.533591
v -1.018760 0.332570 -2.798251
v -1.070970 0.401120 -2.861341
v -0.976589 0.282560 -2.712311
v -0.978740 0.257460 -2.606571
v -1.081950 0.260270 -2.463261
v -1.019180 0.233620 -2.500151
v -1.141840 0.411270 -2.871941
v -1.231910 0.358370 -2.839201
v -1.280580 0.389360 -2.805601
v -1.326440 0.360700 -2.716781
v -1.331010 0.332350 -2.611621
v -1.297790 0.288170 -2.507381
v -1.224300 0.285610 -2.469561
v -1.034040 0.262600 -2.763861
v -1.088510 0.327520 -2.830531
v -0.990959 0.217910 -2.675951
v -0.984257 0.198250 -2.564731
v -1.139860 0.318260 -2.529471
v -1.150450 0.277740 -2.452671
v -1.032260 0.171470 -2.459881
v -1.087400 0.198260 -2.412211
v -1.161990 0.336050 -2.845251
v -1.260620 0.283770 -2.820531
v -1.310750 0.321380 -2.777671
v -1.358280 0.302160 -2.676681
v -1.368370 0.286500 -2.559781
v -1.322180 0.230630 -2.455741
v -1.247620 0.231460 -2.407921
v -1.049940 0.197470 -2.725381
v -1.107210 0.257730 -2.795971
v -1.000560 0.159830 -2.636611
v -0.997180 0.140800 -2.526111
v -1.162750 0.220930 -2.391711
v -1.051180 0.103360 -2.444921
v -1.097930 0.119060 -2.397491
v -1.184090 0.263450 -2.816181
v -1.285100 0.211600 -2.784791
v -1.339900 0.254980 -2.743021
v -1.385420 0.244410 -2.634291
v -1.386210 0.221990 -2.518031
v -1.328890 0.152350 -2.436391
v -1.254580 0.143180 -2.391871
v -1.059420 0.135420 -2.685161
v -1.124750 0.190020 -2.757751
v -1.008100 0.107750 -2.592161
v -1.026600 0.083260 -2.502231
v -1.173260 0.131200 -2.385511
v -1.205050 0.193370 -2.779261
v -1.303320 0.141030 -2.740201
v -1.363230 0.190090 -2.700971
v -1.400440 0.185740 -2.592731
v -1.386060 0.149290 -2.499611
v -1.321080 0.073690 -2.444371
v -1.248850 0.056880 -2.425801
v -1.067500 0.080790 -2.636511
v -1.136660 0.127820 -2.712271
v -1.018210 0.077840 -2.546281
v -1.089460 0.041700 -2.508541
v -1.102090 0.059180 -2.438481
v -1.173380 0.054450 -2.427041
v -1.219180 0.127490 -2.733211
v -1.312230 0.084510 -2.674551
v -1.375290 0.129520 -2.648661
v -1.390030 0.139860 -2.585391
v -1.373650 0.078620 -2.502051
v -1.314630 0.046150 -2.514301
v -1.241180 0.041290 -2.510661
v -1.147140 0.077700 -2.656011
v -1.076420 0.049050 -2.575341
v -1.166390 0.038590 -2.508711
v -1.228900 0.076310 -2.670921
v -1.379630 0.093980 -2.578051
v -1.313820 0.060830 -2.592501
v -1.235840 0.055670 -2.591361
v -1.157180 0.053590 -2.585121
vn -0.4310 0.7236 0.5391
vn -0.4518 0.7378 0.5016
vn -0.9576 -0.1329 0.2555
vn -0.4385 0.6808 0.5867
vn -0.3967 0.6269 0.6706
vn -0.9227 -0.1835 0.3392
vn -0.9747 -0.0868 0.2058
vn -0.9268 0.2496 0.2807
vn -0.2827 0.4764 0.8325
vn -0.3522 0.5619 0.7485
vn -0.8777 -0.2403 0.4147
vn -0.8163 -0.3019 0.4925
vn -0.1943 0.4628 0.8649
vn -0.6572 -0.0997 0.7471
vn -0.7711 -0.3195 0.5507
vn -0.6723 -0.3670 0.6429
vn -0.0991 0.3630 0.9265
vn 0.0071 0.3632 0.9317
vn -0.4237 -0.1679 0.8901
vn -0.0968 -0.7064 0.7012
vn 0.4038 0.0161 0.9147
vn 0.3937 0.0880 0.9150
vn 0.0063 -0.3828 0.9238
vn 0.1422 0.2315 0.9624
vn -0.4162 -0.4999 0.7595
vn -0.2217 -0.5909 0.7757
vn -0.9461 -0.1310 0.2963
vn -0.9903 -0.0239 0.1370
vn -0.9820 -0.0379 0.1851
vn -0.8975 -0.2023 0.3919
vn -0.8435 -0.2629 0.4684
vn -0.7937 -0.2746 0.5428
vn -0.7187 -0.3231 0.6157
vn -0.5931 -0.4002 0.6986
vn 0.1250 -0.6580 0.7426
vn 0.4331 -0.0208 0.9011
vn -0.0198 -0.6656 0.7460
vn -0.4473 -0.4949 0.7450
vn -0.2394 -0.6003 0.7631
vn -0.4427 0.8056 0.3937
vn -0.4466 0.8112 0.3775
vn -0.9639 -0.0644 0.2584
vn -0.9924 0.0107 0.1222
vn -0.9858 0.0038 0.1679
vn -0.8529 -0.2223 0.4724
vn -0.8051 -0.2317 0.5460
vn -0.7395 -0.2833 0.6106
vn -0.6261 -0.3738 0.6843
vn 0.1351 -0.7330 0.6667
vn -0.0027 -0.6780 0.7350
vn -0.4738 -0.4765 0.7406
vn -0.3064 -0.5693 0.7629
vn -0.4360 0.8269 0.3553
vn -0.9234 -0.1349 0.3593
vn -0.9754 -0.0127 0.2202
vn -0.9939 0.0402 0.1023
vn -0.9902 0.0293 0.1367
vn -0.8561 -0.1860 0.4821
vn -0.8221 -0.2016 0.5324
vn -0.7569 -0.2586 0.6002
vn -0.6475 -0.3541 0.6748
vn 0.4644 -0.5536 0.6912
vn 0.6196 -0.0297 0.7844
vn 0.2314 -0.7242 0.6496
vn -0.1713 -0.6280 0.7591
vn 0.0379 -0.6934 0.7196
vn -0.5026 -0.4658 0.7283
vn -0.3258 -0.5609 0.7611
vn -0.9218 0.3480 0.1710
vn -0.9512 -0.0641 0.3019
vn -0.9845 0.0096 0.1749
vn -0.9950 0.0399 0.0915
vn -0.9968 0.0543 0.0595
vn -0.8771 -0.1576 0.4536
vn -0.8851 -0.1932 0.4235
vn -0.9065 -0.1342 0.4003
vn -0.7827 -0.2488 0.5705
vn -0.8527 -0.1876 0.4876
vn -0.6730 -0.3440 0.6549
vn 0.8069 -0.0475 0.5888
vn 0.7697 -0.0749 0.6340
vn 0.3562 -0.7784 0.5169
vn 0.2899 -0.7368 0.6108
vn 0.0963 -0.6972 0.7104
vn -0.1216 -0.6398 0.7589
vn -0.5412 -0.4688 0.6981
vn -0.3363 -0.5637 0.7544
vn -0.9977 0.0583 0.0342
vn -0.9715 -0.0257 0.2355
vn -0.9922 0.0148 0.1241
vn -0.9986 0.0427 0.0302
vn -0.9983 0.0575 0.0042
vn -0.9352 -0.0938 0.3416
vn -0.9121 -0.1340 0.3874
vn -0.8254 -0.2630 0.4995
vn -0.8957 -0.1929 0.4006
vn -0.7152 -0.3566 0.6011
vn 0.4767 -0.7436 0.4689
vn 0.7472 -0.5092 0.4270
vn 0.3585 -0.7226 0.5910
vn -0.1065 -0.6421 0.7592
vn 0.1503 -0.6913 0.7067
vn -0.3530 -0.5640 0.7465
vn -0.5858 -0.4592 0.6678
vn -0.4311 0.8547 0.2891
vn -0.4338 0.8584 0.2738
vn -0.9984 0.0564 -0.0070
vn -0.9850 -0.0132 0.1721
vn -0.9978 0.0153 0.0651
vn -0.9977 0.0580 -0.0340
vn -0.9987 0.0489 -0.0159
vn -0.9585 -0.0711 0.2762
vn -0.9467 -0.1256 0.2965
vn -0.9272 -0.1909 0.3223
vn -0.8635 -0.2679 0.4273
vn -0.7600 -0.3540 0.5451
vn 0.5659 -0.7153 0.4100
vn 0.6380 -0.7233 0.2643
vn -0.0923 -0.6490 0.7552
vn 0.1907 -0.6994 0.6888
vn -0.6327 -0.4614 0.6219
vn -0.3785 -0.5864 0.7162
vn -0.9403 0.3325 0.0726
vn -0.9980 0.0494 -0.0389
vn -0.9955 -0.0007 0.0951
vn -0.9994 0.0289 0.0174
vn -0.9969 0.0637 -0.0458
vn -0.9976 0.0602 -0.0330
vn -0.9755 -0.0675 0.2094
vn -0.9650 -0.1195 0.2335
vn -0.9422 -0.1793 0.2830
vn -0.8906 -0.2580 0.3745
vn -0.8011 -0.3427 0.4906
vn 0.9386 0.0238 0.3443
vn 0.9241 0.0072 0.3820
vn 0.7185 -0.6599 0.2198
vn 0.6952 -0.6503 0.3063
vn 0.4222 -0.7049 0.5699
vn 0.5815 -0.6823 0.4431
vn -0.0875 -0.6781 0.7297
vn 0.2292 -0.7236 0.6511
vn -0.6844 -0.4968 0.5337
vn -0.4176 -0.6402 0.6447
vn -0.9986 0.0365 -0.0392
vn -0.9970 0.0561 -0.0540
vn -0.9983 0.0134 0.0569
vn -0.9874 -0.0248 0.1564
vn -0.9923 -0.0196 0.1220
vn -0.9988 0.0472 -0.0105
vn -0.9962 0.0763 -0.0421
vn -0.9969 0.0736 -0.0295
vn -0.9844 -0.0581 0.1660
vn -0.9718 -0.1038 0.2119
vn -0.9520 -0.1772 0.2497
vn -0.9083 -0.2671 0.3220
vn -0.8376 -0.3629 0.4083
vn 0.8582 -0.4536 0.2405
vn 0.7472 -0.5990 0.2880
vn 0.7748 -0.5937 0.2174
vn 0.4772 -0.7085 0.5199
vn 0.6396 -0.6560 0.4007
vn -0.0927 -0.7372 0.6693
vn 0.2441 -0.7607 0.6015
vn -0.7168 -0.5425 0.4380
vn -0.4594 -0.7076 0.5368
vn -0.4474 0.8639 0.2312
vn -0.4907 0.8457 0.2095
vn -0.9975 0.0379 -0.0592
vn -0.9958 0.0716 -0.0568
vn -0.9993 0.0309 0.0201
vn -0.9951 -0.0024 0.0988
vn -0.9979 0.0620 -0.0201
vn -0.9964 0.0771 -0.0360
vn -0.9947 0.0886 -0.0524
vn -0.9880 -0.0406 0.1492
vn -0.9795 -0.0923 0.1792
vn -0.9425 -0.2241 0.2479
vn -0.9118 -0.2884 0.2921
vn -0.8514 -0.3905 0.3502
vn 0.7227 -0.6669 0.1812
vn 0.7786 -0.5616 0.2800
vn 0.8018 -0.5465 0.2418
vn 0.6853 -0.6328 0.3603
vn 0.5302 -0.7148 0.4559
vn -0.1132 -0.8069 0.5797
vn 0.2203 -0.8059 0.5495
vn -0.7190 -0.5795 0.3837
vn -0.4848 -0.7460 0.4567
vn -0.9510 0.3089 0.0109
vn -0.9957 0.0551 -0.0741
vn -0.9931 0.0898 -0.0750
vn -0.9983 0.0113 0.0567
vn -0.9990 0.0448 -0.0051
vn -0.9976 0.0635 -0.0291
vn -0.9912 0.0942 -0.0926
vn -0.9947 0.0737 -0.0715
vn -0.9936 -0.0280 0.1092
vn -0.9674 -0.1564 0.1990
vn -0.9871 -0.0788 0.1392
vn -0.9484 -0.2291 0.2192
vn -0.9129 -0.3065 0.2696
vn -0.8484 -0.4208 0.3211
vn 0.9487 0.0234 0.3154
vn 0.8370 -0.4990 0.2244
vn 0.7688 -0.6006 0.2195
vn 0.7893 -0.5517 0.2696
vn 0.8097 -0.5275 0.2570
vn 0.5953 -0.7074 0.3809
vn 0.7135 -0.6246 0.3175
vn -0.1428 -0.8517 0.5043
vn 0.1917 -0.8479 0.4944
vn 0.4374 -0.7587 0.4827
vn -0.7173 -0.5965 0.3601
vn -0.4915 -0.7523 0.4387
vn -0.9957 0.0269 -0.0890
vn -0.9921 0.0764 -0.1000
vn -0.9875 0.1039 -0.1188
vn -0.9993 0.0248 0.0262
vn -0.9984 0.0537 -0.0200
vn -0.9967 0.0578 -0.0570
vn -0.9836 0.0924 -0.1552
vn -0.9891 0.0648 -0.1320
vn -0.9971 -0.0157 0.0750
vn -0.9918 -0.0674 0.1087
vn -0.9742 -0.1532 0.1658
vn -0.9531 -0.2313 0.1952
vn -0.9131 -0.3297 0.2400
vn -0.8443 -0.4506 0.2901
vn 0.7046 -0.6868 0.1787
vn 0.7968 -0.5509 0.2483
vn 0.8096 -0.5338 0.2441
vn 0.7868 -0.5645 0.2497
vn 0.4261 -0.7868 0.4466
vn 0.6137 -0.7148 0.3352
vn 0.7251 -0.6301 0.2779
vn -0.1555 -0.8650 0.4770
vn 0.1782 -0.8692 0.4611
vn -0.7247 -0.5966 0.3448
vn -0.5016 -0.7500 0.4310
vn -0.4639 0.8662 0.1858
vn -0.4767 0.8644 0.1597
vn -0.9913 0.0460 -0.1237
vn -0.9848 0.0946 -0.1455
vn -0.9770 0.1114 -0.1821
vn -0.9991 0.0419 -0.0023
vn -0.9980 0.0476 -0.0420
vn -0.9924 0.0426 -0.1155
vn -0.9809 0.0623 -0.1842
vn -0.9734 0.0929 -0.2092
vn -0.9985 -0.0012 0.0551
vn -0.9957 -0.0601 0.0707
vn -0.9796 -0.1452 0.1386
vn -0.9565 -0.2434 0.1607
vn -0.9122 -0.3501 0.2128
vn -0.8455 -0.4610 0.2695
vn 0.9594 0.0092 0.2820
vn 0.8124 -0.5480 0.1993
vn 0.7589 -0.6124 0.2217
vn 0.8090 -0.5359 0.2415
vn 0.7825 -0.5799 0.2267
vn 0.8067 -0.5485 0.2200
vn 0.4340 -0.8039 0.4068
vn 0.6299 -0.7132 0.3075
vn 0.7285 -0.6361 0.2543
vn -0.1606 -0.8605 0.4835
vn 0.1898 -0.8682 0.4585
vn -0.7399 -0.5781 0.3440
vn -0.5303 -0.7178 0.4511
vn -0.4643 0.8781 0.1156
vn -0.9834 0.0665 -0.1691
vn -0.9722 0.1069 -0.2085
vn -0.9645 0.1188 -0.2359
vn -0.9994 0.0303 0.0170
vn -0.9988 0.0384 -0.0313
vn -0.9946 0.0303 -0.0990
vn -0.9859 0.0359 -0.1635
vn -0.9748 0.0691 -0.2122
vn -0.9660 0.1025 -0.2375
vn -0.9999 0.0050 0.0118
vn -0.9988 -0.0448 0.0174
vn -0.9859 -0.1373 0.0954
vn -0.9606 -0.2484 0.1246
vn -0.9172 -0.3500 0.1903
vn -0.8532 -0.4530 0.2586
vn 0.7089 -0.6822 0.1788
vn 0.7902 -0.5692 0.2271
vn 0.8122 -0.5393 0.2226
vn 0.7797 -0.5885 0.2140
vn 0.8025 -0.5617 0.2012
vn 0.4550 -0.8032 0.3846
vn 0.7372 -0.6301 0.2440
vn 0.6534 -0.6918 0.3075
vn -0.1661 -0.8319 0.5295
vn 0.2242 -0.8376 0.4982
vn -0.7660 -0.5509 0.3311
vn -0.5666 -0.6968 0.4397
vn -0.9322 0.3365 -0.1333
vn -0.9702 0.0788 -0.2293
vn -0.9579 0.1201 -0.2608
vn -0.9552 0.1317 -0.2649
vn -0.9992 0.0334 -0.0200
vn -0.9963 0.0250 -0.0820
vn -0.9807 0.0428 -0.1909
vn -0.9667 0.0747 -0.2448
vn -0.9564 0.1110 -0.2701
vn -0.9990 0.0105 -0.0441
vn -0.9992 -0.0214 -0.0342
vn -0.9907 -0.1273 0.0473
vn -0.9667 -0.2362 0.0982
vn -0.9268 -0.3355 0.1689
vn -0.8657 -0.4379 0.2425
vn 0.5856 -0.8075 0.0706
vn 0.9659 -0.0556 0.2529
vn 0.9613 -0.0125 0.2752
vn 0.6513 -0.7489 0.1222
vn 0.7507 -0.6307 0.1965
vn 0.8035 -0.5525 0.2217
vn 0.8096 -0.5491 0.2074
vn 0.7854 -0.5823 0.2098
vn 0.8020 -0.5653 0.1928
vn 0.4936 -0.7713 0.4018
vn 0.6854 -0.6630 0.3012
vn 0.7531 -0.6122 0.2409
vn -0.1731 -0.8373 0.5187
vn 0.2610 -0.8322 0.4892
vn -0.5900 -0.7081 0.3880
vn -0.7902 -0.5336 0.3015
vn -0.9697 0.0292 -0.2426
vn -0.9556 0.0909 -0.2802
vn -0.9475 0.1375 -0.2887
vn -0.9453 0.1416 -0.2939
vn -0.9971 0.0236 -0.0726
vn -0.9907 0.0201 -0.1346
vn -0.9919 0.0164 -0.1263
vn -0.9737 0.0508 -0.2219
vn -0.9848 0.0319 -0.1709
vn -0.9880 0.0271 -0.1522
vn -0.9395 0.1112 -0.3239
vn -0.9515 0.0786 -0.2975
vn -0.9956 0.0242 -0.0902
vn -0.9944 -0.1051 0.0123
vn -0.9977 0.0068 -0.0681
vn -0.9748 -0.2101 0.0746
vn -0.9371 -0.3131 0.1545
vn -0.8794 -0.4182 0.2275
vn 0.7817 -0.6121 0.1198
vn 0.9686 -0.0590 0.2414
vn 0.7013 -0.6962 0.1536
vn 0.6443 -0.7576 0.1048
vn 0.7779 -0.5945 0.2035
vn 0.8062 -0.5517 0.2138
vn 0.8097 -0.5583 0.1808
vn 0.8053 -0.5617 0.1898
vn 0.8091 -0.5601 0.1777
vn 0.7970 -0.5694 0.2012
vn 0.5411 -0.7427 0.3944
vn 0.7128 -0.6419 0.2827
vn 0.7696 -0.5937 0.2348
vn -0.1750 -0.8729 0.4555
vn 0.2918 -0.8517 0.4352
vn -0.8071 -0.5190 0.2815
vn -0.6099 -0.7036 0.3646
vn -0.4595 0.8878 0.0260
vn -0.4617 0.8870 -0.0097
vn -0.9555 0.0409 -0.2921
vn -0.9452 0.1102 -0.3073
vn -0.9381 0.1506 -0.3119
vn -0.9302 0.1383 -0.3400
vn -0.9931 0.0227 -0.1147
vn -0.9902 0.0232 -0.1379
vn -0.9613 0.0599 -0.2688
vn -0.9789 0.0472 -0.1990
vn -0.9879 0.0364 -0.1507
vn -0.9203 0.1095 -0.3755
vn -0.9319 0.0864 -0.3522
vn -0.9927 0.0437 -0.1121
vn -0.9958 0.0264 -0.0873
vn -0.9971 -0.0733 -0.0194
vn -0.9810 -0.1857 0.0567
vn -0.9470 -0.2913 0.1356
vn -0.8940 -0.3975 0.2068
vn 0.5721 -0.8190 0.0449
vn 0.7299 -0.6615 0.1721
vn 0.7944 -0.5711 0.2068
vn 0.8077 -0.5574 0.1924
vn 0.8113 -0.5612 0.1639
vn 0.8046 -0.5717 0.1609
vn 0.8202 -0.5500 0.1572
vn 0.8116 -0.5547 0.1834
vn 0.5830 -0.7306 0.3554
vn 0.7303 -0.6326 0.2579
vn 0.7854 -0.5792 0.2182
vn -0.1596 -0.8950 0.4166
vn 0.3351 -0.8571 0.3912
vn -0.8221 -0.5170 0.2383
vn -0.6318 -0.7122 0.3060
vn -0.4422 0.8946 -0.0651
vn -0.9448 0.0593 -0.3221
vn -0.9369 0.1289 -0.3250
vn -0.9261 0.1495 -0.3464
vn -0.9130 0.1279 -0.3874
vn -0.9909 0.0343 -0.1299
vn -0.9442 0.0761 -0.3204
vn -0.9684 0.0651 -0.2410
vn -0.9832 0.0553 -0.1737
vn -0.9897 0.0519 -0.1335
vn -0.9113 0.0985 -0.3997
vn -0.8996 0.1094 -0.4229
vn -0.9914 0.0582 -0.1173
vn -0.9939 0.0489 -0.0992
vn -0.9985 -0.0389 -0.0395
vn -0.9858 -0.1636 0.0373
vn -0.9554 -0.2761 0.1047
vn -0.9090 -0.3808 0.1695
vn 0.9720 -0.0706 0.2241
vn 0.9732 -0.0775 0.2163
vn 0.7049 -0.6996 0.1169
vn 0.6311 -0.7738 0.0543
vn 0.7596 -0.6273 0.1717
vn 0.8079 -0.5591 0.1862
vn 0.8092 -0.5666 0.1555
vn 0.8104 -0.5732 0.1213
vn 0.8190 -0.5572 0.1367
vn 0.8243 -0.5411 0.1666
vn 0.8300 -0.5377 0.1482
vn 0.6134 -0.7259 0.3111
vn 0.8002 -0.5663 0.1975
vn 0.7435 -0.6261 0.2350
vn 0.0482 -0.9376 0.3445
vn 0.3942 -0.8577 0.3300
vn -0.3409 -0.8784 0.3350
vn -0.8258 -0.5322 0.1868
vn -0.6324 -0.7387 0.2333
vn -0.8946 0.3264 -0.3052
vn -0.9380 0.0828 -0.3366
vn -0.9277 0.1353 -0.3479
vn -0.9114 0.1354 -0.3887
vn -0.8933 0.1173 -0.4339
vn -0.9242 0.0985 -0.3689
vn -0.9541 0.0889 -0.2860
vn -0.9747 0.0777 -0.2097
vn -0.9861 0.0700 -0.1504
vn -0.8831 0.1121 -0.4556
vn -0.8677 0.1118 -0.4843
vn -0.9887 0.0765 -0.1291
vn -0.9914 0.0718 -0.1096
vn -0.9983 -0.0060 -0.0579
vn -0.9630 -0.2565 0.0833
vn -0.9913 -0.1310 0.0125
vn -0.9185 -0.3704 0.1381
vn 0.9745 -0.0374 0.2212
vn 0.7581 -0.6430 0.1089
vn 0.6891 -0.7230 0.0484
vn 0.7948 -0.5860 0.1581
vn 0.8203 -0.5537 0.1433
vn 0.8151 -0.5695 0.1063
vn 0.8335 -0.5419 0.1081
vn 0.8233 -0.5614 0.0843
vn 0.8389 -0.5229 0.1509
vn 0.8399 -0.5266 0.1314
vn 0.6291 -0.7269 0.2755
vn 0.7535 -0.6141 0.2347
vn 0.8161 -0.5463 0.1886
vn 0.0489 -0.9572 0.2853
vn 0.4056 -0.8674 0.2882
vn -0.3315 -0.9051 0.2663
vn -0.8247 -0.5301 0.1972
vn -0.6302 -0.7312 0.2612
vn -0.9376 0.0256 -0.3467
vn -0.4224 0.8972 -0.1289
vn -0.4183 0.8995 -0.1263
vn -0.9320 0.0985 -0.3487
vn -0.9157 0.1248 -0.3819
vn -0.8902 0.1158 -0.4406
vn -0.8597 0.1060 -0.4997
vn -0.8977 0.1185 -0.4245
vn -0.9352 0.1160 -0.3345
vn -0.9627 0.1065 -0.2488
vn -0.9797 0.0925 -0.1781
vn -0.8222 0.1151 -0.5574
vn -0.8385 0.1211 -0.5312
vn -0.9844 0.0975 -0.1464
vn -0.9870 0.0999 -0.1256
vn -0.9970 0.0265 -0.0722
vn -0.9720 -0.2227 0.0747
vn -0.9959 -0.0905 -0.0012
vn -0.9239 -0.3570 0.1377
vn 0.9789 -0.0024 0.2043
vn 0.7925 -0.6032 0.0895
vn 0.7390 -0.6724 0.0408
vn 0.8192 -0.5605 0.1213
vn 0.8305 -0.5498 0.0894
vn 0.8240 -0.5633 0.0604
vn 0.8501 -0.5214 0.0735
vn 0.8401 -0.5405 0.0467
vn 0.8555 -0.5072 0.1043
vn 0.8543 -0.5009 0.1386
vn 0.6303 -0.7265 0.2736
vn 0.7673 -0.5981 0.2311
vn 0.8333 -0.5232 0.1783
vn 0.0471 -0.9475 0.3163
vn 0.3858 -0.8712 0.3036
vn -0.3229 -0.8950 0.3078
vn -0.8365 -0.4913 0.2428
vn -0.6443 -0.6831 0.3439
vn -0.4057 0.9051 -0.1269
vn -0.9348 0.0474 -0.3520
vn -0.9219 0.0980 -0.3748
vn -0.8950 0.1007 -0.4345
vn -0.8564 0.0934 -0.5078
vn -0.8134 0.0948 -0.5739
vn -0.8545 0.1308 -0.5027
vn -0.9086 0.1408 -0.3932
vn -0.9451 0.1400 -0.2952
vn -0.9702 0.1225 -0.2093
vn -0.7585 0.1075 -0.6428
vn -0.7733 0.1211 -0.6223
vn -0.9775 0.1269 -0.1688
vn -0.9933 0.0685 -0.0927
vn -0.9794 0.1338 -0.1512
vn -0.9845 -0.1626 0.0665
vn -0.9991 -0.0379 -0.0198
vn -0.9330 -0.3256 0.1532
vn 0.9811 0.0381 0.1897
vn 0.7742 -0.6329 -0.0020
vn 0.8170 -0.5750 0.0434
vn 0.8343 -0.5467 0.0713
vn 0.8378 -0.5444 0.0418
vn 0.8355 -0.5491 0.0191
vn 0.8686 -0.4942 0.0365
vn 0.8559 -0.5172 0.0031
vn 0.8713 -0.4778 0.1119
vn 0.8746 -0.4791 0.0743
vn 0.6259 -0.7287 0.2780
vn 0.7822 -0.5763 0.2369
vn 0.8533 -0.4947 0.1648
vn 0.0601 -0.9049 0.4213
vn 0.3849 -0.8411 0.3800
vn -0.3197 -0.8520 0.4146
vn -0.8665 -0.4204 0.2693
vn -0.6752 -0.6283 0.3865
vn -0.8608 0.3523 -0.3673
vn -0.9253 0.0589 -0.3747
vn -0.9011 0.0808 -0.4259
vn -0.8607 0.0706 -0.5043
vn -0.8117 0.0712 -0.5798
vn -0.7528 0.0776 -0.6537
vn -0.7909 0.1390 -0.5959
vn -0.8660 0.1625 -0.4729
vn -0.9180 0.1735 -0.3566
vn -0.9554 0.1589 -0.2488
vn -0.6615 0.0776 -0.7460
vn -0.6722 0.1084 -0.7324
vn -0.9663 0.1612 -0.2008
vn -0.9670 0.1764 -0.1836
vn -0.9856 0.1184 -0.1207
vn -0.9985 0.0231 -0.0500
vn -0.9954 -0.0874 0.0380
vn -0.9491 -0.2709 0.1607
vn 0.9117 -0.4101 0.0262
vn 0.8312 -0.5559 -0.0096
vn 0.7975 -0.6014 -0.0479
vn 0.8439 -0.5359 0.0251
vn 0.8437 -0.5368 -0.0030
vn 0.8477 -0.5299 -0.0248
vn 0.8865 -0.4627 -0.0040
vn 0.8715 -0.4888 -0.0410
vn 0.8902 -0.4510 0.0650
vn 0.8908 -0.4534 0.0297
vn 0.6304 -0.7100 0.3138
vn 0.8119 -0.5369 0.2291
vn 0.8692 -0.4697 0.1548
vn 0.9930 0.0533 0.1052
vn 0.7449 -0.6601 -0.0968
vn 0.8903 -0.4498 -0.0711
vn 0.0723 -0.8566 0.5110
vn 0.4108 -0.7872 0.4600
vn -0.3349 -0.8118 0.4783
vn -0.7471 -0.5183 0.4162
vn -0.9068 -0.3357 0.2551
vn -0.9037 0.0563 -0.4245
vn -0.8994 0.0392 -0.4353
vn -0.8654 0.0517 -0.4984
vn -0.8121 0.0435 -0.5820
vn -0.7483 0.0484 -0.6616
vn -0.6582 0.0451 -0.7515
vn -0.6938 0.1441 -0.7056
vn -0.8026 0.1831 -0.5678
vn -0.8736 0.2071 -0.4403
vn -0.9310 0.1998 -0.3055
vn -0.5184 0.0265 -0.8547
vn -0.5241 0.0760 -0.8482
vn -0.9491 0.1994 -0.2439
vn -0.9440 0.2283 -0.2382
vn -0.9693 0.1753 -0.1723
vn -0.9907 0.0871 -0.1045
vn -0.9998 -0.0038 -0.0203
vn -0.9702 -0.1966 0.1416
vn 0.8398 -0.5405 -0.0504
vn 0.8162 -0.5727 -0.0761
vn 0.8511 -0.5247 -0.0201
vn 0.8501 -0.5244 -0.0492
vn 0.8572 -0.5101 -0.0717
vn 0.8842 -0.4564 -0.0996
vn 0.8992 -0.4328 -0.0644
vn 0.8892 -0.4460 0.1021
vn 0.9058 -0.4237 0.0049
vn 0.9034 -0.4278 -0.0294
vn 0.6694 -0.6566 0.3475
vn 0.8573 -0.4809 0.1837
vn 0.8937 -0.4376 0.0990
vn 0.7088 -0.6848 -0.1694
vn 0.7726 -0.6240 -0.1170
vn 0.4661 -0.7455 0.4765
vn 0.0854 -0.8128 0.5763
vn -0.3367 -0.7555 0.5620
vn -0.9579 -0.2277 0.1748
vn -0.9034 -0.3235 0.2815
vn -0.3651 0.9024 -0.2288
vn -0.3704 0.9077 -0.1971
vn -0.8631 0.0315 -0.5041
vn -0.8666 0.0389 -0.4975
vn -0.8112 0.0232 -0.5843
vn -0.7439 0.0183 -0.6680
vn -0.6561 0.0141 -0.7546
vn -0.5161 -0.0093 -0.8565
vn -0.7118 0.1994 -0.6734
vn -0.5398 0.1321 -0.8314
vn -0.8084 0.2406 -0.5373
vn -0.3420 -0.0351 -0.9391
vn -0.3385 0.0171 -0.9408
vn -0.9225 0.2447 -0.2986
vn -0.9356 0.2351 -0.2633
vn -0.9042 0.2832 -0.3197
vn -0.9659 0.1584 -0.2049
vn -0.9936 0.0620 -0.0946
vn -0.9916 -0.1063 0.0738
vn 0.8451 -0.5344 0.0115
vn 0.8511 -0.5238 -0.0350
vn 0.8459 -0.5257 -0.0897
vn 0.8287 -0.5489 -0.1092
vn 0.8550 -0.5144 -0.0662
vn 0.8550 -0.5105 -0.0914
vn 0.8623 -0.4897 -0.1291
vn 0.9046 -0.3970 -0.1552
vn 0.8844 -0.4266 -0.1894
vn 0.9077 -0.4174 0.0429
vn 0.9126 -0.3935 -0.1114
vn 0.9202 -0.3865 -0.0621
vn 0.7348 -0.5989 0.3183
vn 0.9212 -0.3861 0.0477
vn 0.9031 -0.4085 0.1323
vn 0.9988 0.0386 0.0296
vn 0.9980 0.0514 0.0360
vn 0.7943 -0.5914 -0.1391
vn 0.9267 -0.3666 -0.0825
vn 0.1236 -0.7676 0.6289
vn 0.4963 -0.7031 0.5093
vn -0.6193 -0.5587 0.5516
vn -0.2792 -0.7028 0.6544
vn -0.9928 -0.1101 0.0464
vn -0.9754 -0.1783 0.1299
vn -0.8477 -0.3789 0.3713
vn -0.3365 0.8901 -0.3073
vn -0.8097 0.0083 -0.5868
vn -0.8073 0.0058 -0.5901
vn -0.7395 -0.0084 -0.6731
vn -0.6563 -0.0146 -0.7544
vn -0.5228 -0.0467 -0.8512
vn -0.3418 -0.0759 -0.9367
vn -0.9085 0.2260 -0.3514
vn -0.5575 0.1928 -0.8075
vn -0.7208 0.2651 -0.6404
vn -0.3303 0.0804 -0.9404
vn -0.8738 0.2597 -0.4111
vn -0.8119 0.2931 -0.5048
vn -0.1333 -0.1140 -0.9845
vn -0.1199 -0.0715 -0.9902
vn -0.8822 0.2900 -0.3710
vn -0.8421 0.3342 -0.4232
vn -0.8748 0.2927 -0.3861
vn -0.9993 -0.0198 -0.0307
vn 0.8538 -0.5149 -0.0772
vn 0.8493 -0.5122 -0.1275
vn 0.8358 -0.5299 -0.1433
vn 0.8567 -0.5050 -0.1050
vn 0.8531 -0.5013 -0.1448
vn 0.8565 -0.4737 -0.2052
vn 0.8931 -0.3413 -0.2932
vn 0.8575 -0.3977 -0.3263
vn 0.9243 -0.3814 -0.0111
vn 0.9134 -0.3342 -0.2322
vn 0.9356 -0.3158 -0.1577
vn 0.8194 -0.5084 0.2648
vn 0.9969 0.0661 0.0423
vn 0.8093 -0.5631 -0.1671
vn 0.9887 0.1434 0.0438
vn 0.1807 -0.7329 0.6559
vn 0.5520 -0.6656 0.5022
vn -0.5512 -0.5617 0.6170
vn -0.2072 -0.6838 0.6997
vn -0.9939 -0.0077 -0.1097
vn -0.9971 -0.0554 -0.0519
vn -0.9623 -0.2064 0.1773
vn -0.7999 -0.4000 0.4474
vn -0.2784 0.8710 -0.4048
vn -0.7333 -0.0298 -0.6793
vn -0.7367 -0.0267 -0.6757
vn -0.6531 -0.0365 -0.7564
vn -0.5315 -0.0719 -0.8440
vn -0.3425 -0.1193 -0.9319
vn -0.1379 -0.1513 -0.9788
vn -0.3284 0.1441 -0.9335
vn -0.5659 0.2651 -0.7807
vn -0.7242 0.3158 -0.6130
vn -0.0929 -0.0096 -0.9956
vn -0.8215 0.3315 -0.4640
vn 0.0625 -0.1921 -0.9794
vn 0.0791 -0.1581 -0.9843
vn -0.9039 0.2271 -0.3626
vn -0.7410 0.3666 -0.5627
vn -0.7695 0.3327 -0.5452
vn -0.9842 0.0605 -0.1664
vn -0.9703 0.1227 -0.2083
vn 0.8547 -0.5060 -0.1159
vn 0.8512 -0.4978 -0.1664
vn 0.8395 -0.5116 -0.1829
vn 0.8536 -0.4986 -0.1505
vn 0.8422 -0.4977 -0.2073
vn 0.8218 -0.4666 -0.3268
vn 0.8231 -0.2437 -0.5130
vn 0.7585 -0.3264 -0.5641
vn 0.9427 -0.3259 -0.0719
vn 0.8643 -0.2277 -0.4486
vn 0.9165 -0.1797 -0.3573
vn 0.8887 -0.4137 0.1976
vn 0.9250 -0.3675 0.0966
vn 0.9449 -0.3274 0.0011
vn 0.9867 0.1611 0.0202
vn 0.8179 -0.5383 -0.2030
vn 0.2267 -0.7017 0.6755
vn 0.6071 -0.6104 0.5088
vn 0.7728 -0.5377 0.3370
vn 0.6905 -0.6183 0.3753
vn -0.4601 -0.5718 0.6792
vn -0.1581 -0.6624 0.7323
vn -0.9465 0.0830 -0.3117
vn -0.9593 0.0497 -0.2781
vn -0.9522 -0.2179 0.2143
vn -0.7439 -0.4256 0.5153
vn -0.6095 0.2825 -0.7407
vn -0.0430 0.7798 -0.6246
vn -0.6053 -0.0409 -0.7949
vn -0.0886 0.8301 -0.5506
vn -0.6336 -0.0650 -0.7709
vn -0.6476 -0.0578 -0.7598
vn -0.5316 -0.0776 -0.8434
vn -0.3386 -0.1454 -0.9296
vn -0.1306 -0.1878 -0.9735
vn 0.0629 -0.2157 -0.9744
vn -0.0726 0.0671 -0.9951
vn -0.3261 0.2283 -0.9173
vn -0.5699 0.3380 -0.7490
vn -0.7260 0.3592 -0.5864
vn 0.1119 -0.1070 -0.9879
vn 0.1903 -0.2478 -0.9500
vn 0.2144 -0.2308 -0.9491
vn -0.9224 0.1631 -0.3501
vn -0.8028 0.2652 -0.5340
vn -0.5822 0.3699 -0.7240
vn -0.6064 0.3456 -0.7162
vn -0.9342 0.1237 -0.3347
vn 0.8531 -0.4980 -0.1555
vn 0.8507 -0.4798 -0.2145
vn 0.8407 -0.4877 -0.2352
vn 0.8428 -0.4981 -0.2040
vn 0.8094 -0.4928 -0.3193
vn 0.6911 -0.4171 -0.5903
vn 0.6034 -0.1887 -0.7748
vn 0.6847 -0.1160 -0.7196
vn 0.9543 -0.2602 -0.1470
vn 0.7808 -0.0026 -0.6248
vn 0.7318 -0.0867 -0.6760
vn 0.9283 -0.3514 0.1212
vn 0.9443 -0.3232 0.0617
vn 0.9655 -0.2526 -0.0640
vn 0.9831 0.1825 -0.0159
vn 0.8195 -0.5118 -0.2578
vn 0.2398 -0.6277 0.7406
vn 0.6146 -0.5448 0.5706
vn 0.8607 -0.4491 0.2397
vn -0.8496 0.1493 -0.5058
vn -0.8669 0.1269 -0.4821
vn -0.9977 -0.0663 -0.0146
vn -0.9709 0.0343 -0.2370
vn -0.9451 -0.2201 0.2415
vn -0.6853 -0.4116 0.6008
vn -0.2429 -0.5844 0.7743
vn 0.1216 0.7154 -0.6880
vn -0.4574 -0.0720 -0.8863
vn -0.5245 -0.0887 -0.8468
vn -0.4997 -0.0955 -0.8609
vn -0.1050 -0.2200 -0.9698
vn 0.0712 -0.2459 -0.9667
vn 0.2008 -0.2444 -0.9487
vn 0.1594 -0.0219 -0.9870
vn -0.0571 0.1633 -0.9849
vn -0.3292 0.3092 -0.8922
vn 0.2595 -0.1995 -0.9449
vn 0.3838 -0.3266 -0.8637
vn 0.3856 -0.3313 -0.8611
vn -0.8310 0.1923 -0.5220
vn -0.6388 0.2894 -0.7129
vn -0.3595 0.3274 -0.8738
vn -0.3401 0.3382 -0.8775
vn 0.8464 -0.4922 -0.2036
vn 0.8287 -0.4491 -0.3340
vn 0.8201 -0.4577 -0.3434
vn 0.8085 -0.4983 -0.3130
vn 0.6672 -0.4374 -0.6030
vn 0.4891 -0.2818 -0.8254
vn 0.4844 0.0185 -0.8747
vn 0.4329 -0.0426 -0.9005
vn 0.5174 0.1209 -0.8472
vn 0.5106 0.0530 -0.8582
vn 0.9413 -0.1455 -0.3046
vn 0.8084 0.0296 -0.5879
vn 0.9556 -0.2879 0.0624
vn 0.9665 -0.2567 0.0047
vn 0.9610 -0.1438 -0.2362
vn 0.8030 -0.4816 -0.3511
vn 0.9808 0.1696 -0.0967
vn 0.2559 -0.5346 0.8054
vn 0.6350 -0.4594 0.6211
vn 0.8265 -0.4442 0.3458
vn 0.8104 -0.4342 0.3933
vn -0.6969 0.1959 -0.6899
vn -0.7259 0.1964 -0.6591
vn -0.8909 0.1185 -0.4385
vn -0.9968 -0.0306 -0.0739
vn -0.9380 -0.2038 0.2804
vn -0.1905 -0.4962 0.8471
vn -0.6441 -0.3530 0.6786
vn 0.2789 0.6434 -0.7129
vn -0.2911 -0.1062 -0.9508
vn -0.3365 -0.1262 -0.9332
vn -0.3636 -0.1282 -0.9227
vn -0.1969 -0.1817 -0.9634
vn -0.0451 -0.2358 -0.9708
vn 0.0787 -0.2713 -0.9593
vn 0.1992 -0.2797 -0.9392
vn 0.4138 -0.3160 -0.8538
vn 0.3393 -0.1386 -0.9304
vn 0.2001 0.0765 -0.9768
vn -0.0452 0.2409 -0.9695
vn 0.4256 -0.3090 -0.8505
vn 0.6770 -0.4267 -0.5997
vn 0.6538 -0.4546 -0.6049
vn -0.6725 0.2234 -0.7055
vn -0.3877 0.2907 -0.8747
vn -0.0401 0.2607 -0.9646
vn -0.0394 0.2682 -0.9626
vn 0.8202 -0.4766 -0.3164
vn 0.7061 -0.4089 -0.5782
vn 0.7347 -0.4312 -0.5238
vn 0.2261 0.1430 -0.9635
vn 0.5023 0.1751 -0.8468
vn 0.2374 0.1959 -0.9514
vn 0.2350 0.1664 -0.9576
vn 0.8277 0.0290 -0.5605
vn 0.9386 -0.3191 0.1312
vn 0.9766 -0.1549 -0.1492
vn 0.9711 -0.2387 -0.0010
vn 0.7493 -0.4423 -0.4929
vn 0.8884 -0.1876 -0.4189
vn 0.6651 -0.3518 0.6588
vn 0.2745 -0.4539 0.8477
vn 0.8112 -0.3622 0.4591
vn 0.9065 -0.3423 0.2472
vn 0.9199 -0.3397 0.1957
vn -0.5030 0.2707 -0.8208
vn -0.4595 0.2353 -0.8565
vn -0.7599 0.2091 -0.6155
vn -0.9210 0.1249 -0.3690
vn -0.9985 -0.0217 -0.0508
vn -0.9356 -0.1659 0.3116
vn -0.6250 -0.3508 0.6973
vn -0.1489 -0.4498 0.8806
vn 0.4256 0.5742 -0.6994
vn -0.1191 -0.1476 -0.9818
vn -0.1604 -0.1643 -0.9733
vn 0.0090 -0.2095 -0.9778
vn 0.1039 -0.2725 -0.9565
vn 0.1916 -0.3129 -0.9303
vn 0.2931 -0.2914 -0.9106
vn -0.4204 0.2368 -0.8759
vn -0.0578 0.2591 -0.9641
vn 0.5249 -0.3605 -0.7710
vn 0.4892 0.2127 -0.8459
vn 0.2206 0.2260 -0.9488
vn 0.8327 0.0556 -0.5510
vn 0.9713 -0.2360 0.0307
vn 0.9754 -0.1182 -0.1861
vn 0.5967 -0.3790 -0.7073
vn 0.6300 -0.3850 -0.6744
vn 0.2780 -0.4053 0.8709
vn 0.6541 -0.3170 0.6867
vn 0.8992 -0.3081 0.3106
vn 0.9625 -0.2591 0.0808
vn 0.9653 -0.2544 0.0589
vn -0.5582 0.3049 -0.7716
vn -0.2036 0.3274 -0.9227
vn -0.1155 0.2595 -0.9588
vn -0.7910 0.2385 -0.5634
vn -0.9399 0.1247 -0.3178
vn -0.9993 -0.0194 -0.0317
vn -0.9354 -0.1781 0.3054
vn -0.6248 -0.3804 0.6819
vn -0.1448 -0.4350 0.8887
vn 0.5431 0.5002 -0.6744
vn 0.0383 -0.1956 -0.9799
vn 0.1445 -0.2490 -0.9577
vn 0.2282 -0.2936 -0.9283
vn 0.3394 -0.3417 -0.8764
vn 0.4901 0.2158 -0.8445
vn 0.1770 0.2785 -0.9440
vn 0.8300 0.0997 -0.5488
vn 0.9785 -0.1475 -0.1442
vn 0.4140 -0.3278 -0.8492
vn 0.7984 -0.1136 -0.5913
vn 0.9356 0.2734 -0.2233
vn 0.2717 -0.3887 0.8804
vn 0.6482 -0.3134 0.6940
vn 0.9101 -0.1958 0.3651
vn 0.9003 -0.2325 0.3680
vn 0.9677 -0.2323 0.0984
vn 0.9805 -0.1634 -0.1092
vn -0.2666 0.3852 -0.8835
vn -0.6112 0.3347 -0.7172
vn 0.1554 0.3098 -0.9380
vn -0.8191 0.2446 -0.5189
vn -0.9522 0.1056 -0.2866
vn -0.9990 -0.0328 -0.0314
vn -0.9292 -0.2181 0.2982
vn -0.6373 -0.3571 0.6828
vn -0.1679 -0.4165 0.8935
vn 0.4013 0.0135 -0.9158
vn 0.1632 -0.2423 -0.9564
vn 0.2756 -0.2823 -0.9189
vn 0.5162 0.2907 -0.8056
vn 0.8686 0.0891 -0.4874
vn 0.4629 -0.3308 -0.8223
vn 0.2660 -0.3677 0.8911
vn 0.6441 -0.2988 0.7041
vn 0.9139 -0.1903 0.3587
vn 0.9895 -0.1259 0.0713
vn 0.9797 -0.1753 0.0972
vn 0.9817 -0.1649 -0.0951
vn 0.8989 0.0264 -0.4374
vn 0.1497 0.3873 -0.9097
vn -0.3287 0.4286 -0.8416
vn -0.6523 0.3462 -0.6743
vn -0.8488 0.2294 -0.4764
vn -0.9622 0.0830 -0.2595
vn -0.9985 -0.0507 -0.0198
vn -0.9202 -0.1968 0.3383
vn -0.6416 -0.2907 0.7098
vn -0.1905 -0.3773 0.9063
vn 0.2991 -0.3238 -0.8976
vn 0.3013 -0.2941 -0.9070
vn 0.5553 0.3417 -0.7582
vn 0.4625 -0.4149 -0.7835
vn 0.8883 0.2404 -0.3913
vn 0.8813 0.2863 -0.3760
vn 0.4816 -0.3616 -0.7983
vn 0.2465 -0.3371 0.9086
vn 0.6347 -0.2662 0.7255
vn 0.9120 -0.1766 0.3703
vn 0.9943 -0.0965 0.0447
vn 0.9853 -0.1046 -0.1352
vn 0.9837 -0.1443 -0.1075
vn 0.9134 -0.0057 -0.4070
vn 0.5878 0.2620 -0.7654
vn 0.1253 0.4601 -0.8790
vn -0.3754 0.4244 -0.8240
vn -0.6874 0.3408 -0.6413
vn -0.8760 0.1974 -0.4401
vn -0.9688 0.0631 -0.2395
vn -0.9995 -0.0246 0.0221
vn -0.9089 -0.1343 0.3949
vn -0.6275 -0.2562 0.7353
vn -0.2022 -0.3452 0.9165
vn 0.6732 0.4360 -0.5973
vn 0.7363 0.3458 -0.5817
vn 0.8502 0.2517 -0.4624
vn 0.8929 0.2375 -0.3826
vn 0.6273 -0.2488 0.7380
vn 0.2211 -0.3022 0.9273
vn 0.9094 -0.1567 0.3854
vn 0.9969 -0.0648 0.0440
vn 0.9862 -0.0575 -0.1551
vn 0.9207 -0.0434 -0.3877
vn 0.9190 -0.0402 -0.3922
vn 0.6169 0.2181 -0.7562
vn 0.0992 0.4155 -0.9041
vn -0.3931 0.4096 -0.8232
vn -0.7150 0.2979 -0.6324
vn -0.8932 0.1453 -0.4256
vn -0.9716 0.0870 -0.2201
vn -0.9988 0.0216 0.0432
vn -0.8989 -0.1099 0.4241
vn -0.6089 -0.2311 0.7589
vn -0.2085 -0.3038 0.9297
vn 0.9070 -0.1526 0.3926
vn 0.2142 -0.2589 0.9419
vn 0.6294 -0.2343 0.7409
vn 0.9973 -0.0494 0.0551
vn 0.9875 -0.0093 -0.1574
vn 0.9230 -0.0038 -0.3849
vn 0.6510 0.1105 -0.7510
vn 0.6376 0.1708 -0.7512
vn 0.0987 0.3862 -0.9171
vn -0.4075 0.3635 -0.8377
vn -0.7349 0.2209 -0.6412
vn -0.8968 0.1402 -0.4196
vn -0.9660 0.1201 -0.2288
vn -0.9991 0.0386 0.0175
vn -0.8943 -0.1110 0.4336
vn -0.5989 -0.1613 0.7845
vn -0.2052 -0.2324 0.9507
vn 0.9965 -0.0417 0.0718
vn 0.8993 -0.1524 0.4099
vn 0.2299 -0.2094 0.9504
vn 0.6229 -0.1815 0.7610
vn 0.9894 0.0268 -0.1430
vn 0.9218 0.0465 -0.3850
vn 0.6496 0.1093 -0.7524
vn 0.1029 0.3406 -0.9346
vn 0.0935 0.2550 -0.9624
vn -0.4280 0.2764 -0.8605
vn -0.7489 0.1845 -0.6365
vn -0.8946 0.1508 -0.4207
vn -0.9237 0.1304 -0.3602
vn -0.8943 -0.0617 0.4433
vn -0.5853 -0.1014 0.8045
vn -0.1882 -0.1749 0.9664
vn 0.9935 0.0412 -0.1062
vn 0.8873 -0.1029 0.4496
vn 0.9900 -0.0550 0.1299
vn 0.9940 -0.0562 0.0941
vn 0.2559 -0.1630 0.9528
vn 0.6054 -0.1264 0.7858
vn 0.9206 0.1066 -0.3758
vn 0.6270 0.1466 -0.7651
vn 0.0765 0.2114 -0.9744
vn -0.4493 0.2251 -0.8645
vn -0.7597 0.1711 -0.6274
vn -0.9995 0.0310 0.0066
vn -0.9153 0.1317 -0.3807
vn -0.9990 0.0453 0.0066
vn -0.9998 0.0199 -0.0011
vn -0.8889 -0.0054 0.4580
vn -0.1624 -0.1346 0.9775
vn -0.5619 -0.0706 0.8242
vn 0.9973 0.0307 -0.0660
vn 0.9244 0.1493 -0.3511
vn 0.9850 -0.0286 0.1701
vn 0.8663 -0.0604 0.4958
vn 0.9992 0.0145 -0.0376
vn 0.2770 -0.0998 0.9557
vn 0.7189 -0.0528 0.6931
vn 0.5927 0.2050 -0.7789
vn 0.0459 0.2133 -0.9759
vn -0.4674 0.2053 -0.8599
vn -0.7601 0.1542 -0.6312
vn -0.7490 0.1682 -0.6408
vn -0.9136 0.1212 -0.3880
vn -0.9969 0.0782 0.0091
vn -0.9101 0.1246 -0.3951
vn -0.8825 0.0115 0.4702
vn -0.5254 -0.0355 0.8501
vn -0.1351 -0.0919 0.9866
vn 0.9294 0.1225 -0.3480
vn 0.5518 0.2557 -0.7938
vn 0.9763 -0.0142 0.2162
vn 0.9995 0.0106 -0.0293
vn 0.9278 0.0792 -0.3646
vn 0.2667 -0.0205 0.9635
vn 0.6925 -0.0146 0.7213
vn -0.0013 0.2250 -0.9744
vn -0.4826 0.1847 -0.8561
vn -0.4912 0.1897 -0.8501
vn -0.7359 0.1663 -0.6563
vn -0.9073 0.1331 -0.3988
vn -0.9972 0.0746 0.0004
vn -0.7253 0.1581 -0.6700
vn -0.8750 0.0304 0.4831
vn -0.4874 0.0070 0.8732
vn -0.1170 -0.0271 0.9928
vn 0.5181 0.2108 -0.8289
vn -0.0632 0.2402 -0.9687
vn 0.9615 -0.0208 0.2738
vn 0.9989 0.0012 -0.0476
vn 0.9090 0.0429 -0.4146
vn 0.4963 0.1398 -0.8568
vn 0.2470 0.0660 0.9668
vn 0.6817 0.0263 0.7312
vn 0.9483 -0.0322 0.3159
vn -0.4898 0.1862 -0.8517
vn -0.7183 0.1632 -0.6764
vn -0.9104 0.1183 -0.3964
vn -0.9978 0.0656 -0.0031
vn -0.4816 0.1679 -0.8602
vn -0.8669 0.0386 0.4969
vn -0.4718 0.0621 0.8795
vn -0.1169 0.0666 0.9909
vn -0.0999 0.2103 -0.9725
vn 0.9983 -0.0070 -0.0582
vn 0.8944 0.0128 -0.4471
vn 0.4651 0.0959 -0.8800
vn -0.1013 0.1612 -0.9817
vn 0.6828 0.0804 0.7262
vn 0.2286 0.1447 0.9627
vn 0.9972 -0.0483 -0.0573
vn -0.4635 0.1627 -0.8711
vn -0.7213 0.1505 -0.6761
vn -0.9157 0.1104 -0.3864
vn -0.9995 0.0284 -0.0118
vn -0.8613 0.0507 0.5056
vn -0.4718 0.1265 0.8726
vn -0.1353 0.1428 0.9805
vn 0.8898 0.0025 -0.4564
vn 0.4552 0.0755 -0.8872
vn -0.0868 0.1372 -0.9867
vn 0.9482 -0.0376 0.3155
vn 0.9449 -0.0435 0.3244
vn 0.2023 0.1677 0.9649
vn 0.6768 0.0821 0.7316
vn 0.9425 -0.0546 0.3296
vn 0.9922 -0.1105 -0.0578
vn 0.8788 -0.0762 -0.4710
vn -0.4475 0.1552 -0.8807
vn -0.7301 0.1314 -0.6706
vn -0.9266 0.0633 -0.3707
vn -0.9305 -0.0082 -0.3661
vn -0.9997 0.0070 -0.0230
vn -0.8564 0.0933 0.5079
vn -0.4702 0.1692 0.8662
vn -0.1561 0.1764 0.9719
vn 0.4741 0.0511 -0.8790
vn -0.0744 0.1314 -0.9885
vn 0.9487 -0.0689 0.3086
vn 0.9886 -0.1302 -0.0759
vn 0.9825 -0.1632 -0.0898
vn 0.1729 0.1872 0.9670
vn 0.6537 0.0911 0.7512
vn 0.8566 -0.1783 -0.4842
vn 0.4756 -0.0647 -0.8773
vn -0.4464 0.1348 -0.8846
vn -0.7461 0.0616 -0.6629
vn -0.7577 -0.0501 -0.6507
vn -0.9261 -0.0538 -0.3735
vn -0.9994 0.0064 -0.0326
vn -0.8523 0.1192 0.5093
vn -0.1694 0.2086 0.9632
vn -0.4811 0.1885 0.8562
vn -0.0631 0.1094 -0.9920
vn 0.9486 -0.0579 0.3111
vn 0.9620 -0.2425 -0.1255
vn 0.9715 -0.2135 -0.1032
vn 0.8321 -0.2340 -0.5029
vn 0.8024 -0.2939 -0.5194
vn 0.1576 0.2546 0.9541
vn 0.6209 0.1650 0.7663
vn 0.4627 -0.2090 -0.8616
vn -0.0547 0.0003 -0.9985
vn -0.4568 0.0469 -0.8884
vn -0.4677 -0.1011 -0.8781
vn -0.7617 -0.1228 -0.6362
vn -0.9227 -0.0774 -0.3776
vn -0.9978 -0.0056 -0.0656
vn -0.8680 0.0931 0.4878
vn -0.5089 0.2345 0.8283
vn -0.1841 0.2710 0.9448
vn 0.9556 -0.2452 -0.1636
vn 0.9509 -0.0060 0.3093
vn 0.7297 -0.4082 -0.5485
vn 0.7660 -0.3677 -0.5273
vn 0.4034 -0.3737 -0.8352
vn 0.4403 -0.3040 -0.8448
vn 0.1512 0.3357 0.9297
vn 0.5939 0.2405 0.7678
vn -0.0501 -0.1673 -0.9846
vn -0.4672 -0.2059 -0.8598
vn -0.7677 -0.1673 -0.6186
vn -0.8480 -0.1621 -0.5046
vn -0.9947 -0.0427 -0.0934
vn -0.8965 0.1142 0.4281
vn -0.5233 0.3430 0.7801
vn -0.1898 0.3613 0.9129
vn 0.6928 -0.4233 -0.5839
vn 0.9465 -0.2349 -0.2213
vn 0.9486 0.0297 0.3152
vn 0.3655 -0.4415 -0.8194
vn 0.3308 -0.4877 -0.8079
vn -0.0505 -0.2855 -0.9571
vn -0.0595 -0.3556 -0.9327
vn 0.1647 0.4197 0.8926
vn 0.5889 0.2868 0.7556
vn -0.4711 -0.2728 -0.8389
vn -0.7760 -0.2057 -0.5962
vn -0.8265 -0.1911 -0.5295
vn -0.9504 -0.0938 -0.2966
vn -0.9009 0.2401 0.3617
vn -0.4999 0.4861 0.7168
vn -0.1730 0.4788 0.8607
vn 0.6524 -0.4202 -0.6308
vn 0.2980 -0.4998 -0.8133
vn 0.9311 -0.2369 -0.2775
vn 0.9491 0.0352 0.3131
vn -0.0810 -0.4171 -0.9052
vn -0.1075 -0.4631 -0.8797
vn 0.1799 0.4684 0.8650
vn 0.6055 0.3210 0.7283
vn -0.5006 -0.3281 -0.8011
vn -0.5316 -0.3448 -0.7736
vn -0.5477 -0.3519 -0.7591
vn -0.9457 0.0234 -0.3243
vn -0.8423 0.4179 0.3403
vn -0.4614 0.5513 0.6952
vn -0.1665 0.5227 0.8361
vn 0.6166 -0.3993 -0.6785
vn 0.2737 -0.4756 -0.8360
vn -0.1281 -0.4726 -0.8719
vn 0.9165 -0.2500 -0.3123
vn 0.9565 0.0301 0.2901
vn 0.1854 0.5368 0.8231
vn 0.6386 0.3673 0.6762
vn -0.5707 -0.3064 -0.7619
vn -0.5611 -0.2183 -0.7984
vn -0.7477 0.5540 0.3660
vn -0.1404 0.5954 0.7911
vn -0.3828 0.6481 0.6583
vn 0.5890 -0.3930 -0.7061
vn 0.2643 -0.4355 -0.8605
vn -0.1360 -0.4318 -0.8917
vn 0.9008 -0.2849 -0.3276
vn 0.9691 0.0108 0.2465
vn 0.2846 0.6708 0.6849
vn 0.6948 0.4179 0.5853
vn -0.4791 -0.1370 -0.8670
vn -0.8736 0.1563 -0.4608
vn -0.1273 -0.3790 -0.9166
vn -0.9004 0.4218 -0.1064
vn -0.9561 0.2925 -0.0174
vn -0.6746 0.6397 0.3684
vn -0.2963 0.7871 0.5410
vn -0.0997 0.7868 0.6092
vn 0.5634 -0.4310 -0.7048
vn 0.2663 -0.4114 -0.8717
vn 0.8829 -0.3389 -0.3250
vn 0.9816 0.0061 0.1908
vn 0.4349 0.6208 0.6523
vn 0.7611 0.3439 0.5500
vn -0.0839 -0.3313 -0.9398
vn -0.3937 -0.1223 -0.9111
vn -0.7788 0.1706 -0.6037
vn -0.8972 0.4226 -0.1285
vn -0.6461 0.7050 0.2925
vn -0.3584 0.7621 0.5392
vn -0.1423 0.8079 0.5719
vn 0.5371 -0.4885 -0.6877
vn 0.2717 -0.4378 -0.8570
vn 0.8639 -0.3680 -0.3438
vn 0.9843 -0.0280 0.1742
vn 0.0577 0.7392 0.6710
vn 0.1335 0.7710 0.6227
vn 0.7908 0.0940 0.6048
vn 0.4897 0.2938 0.8209
vn -0.0076 -0.3374 -0.9413
vn -0.3791 -0.2240 -0.8978
vn -0.7976 0.0926 -0.5961
vn -0.9119 0.3748 -0.1673
vn -0.7304 0.6149 0.2973
vn -0.5423 0.4663 0.6988
vn -0.2745 0.4874 0.8289
vn 0.5158 -0.5276 -0.6749
vn 0.2804 -0.4951 -0.8224
vn 0.8553 -0.3900 -0.3410
vn 0.9551 -0.1470 0.2572
vn 0.1000 0.4280 0.8982
vn 0.7117 -0.3661 0.5995
vn 0.3997 -0.2292 0.8875
vn 0.0521 -0.4233 -0.9045
vn -0.3932 -0.3574 -0.8472
vn -0.8224 -0.0060 -0.5688
vn -0.9569 0.2374 -0.1674
vn -0.8580 0.3099 0.4096
vn -0.6098 0.0135 0.7925
vn -0.2913 -0.0723 0.9539
vn 0.4822 -0.5948 -0.6432
vn 0.2754 -0.5557 -0.7845
vn 0.8264 -0.5034 -0.2522
vn 0.7754 -0.5592 0.2933
vn 0.0425 -0.1807 0.9826
vn 0.0695 -0.5284 -0.8462
vn -0.3894 -0.5420 -0.7447
vn -0.8378 -0.1628 -0.5211
vn -0.9980 0.0177 -0.0605
vn -0.9012 -0.0413 0.4314
vn -0.4900 -0.5903 0.6415
vn -0.1949 -0.7370 0.6472
vn 0.3907 -0.7697 -0.5049
vn 0.2331 -0.6653 -0.7092
vn 0.7513 -0.6585 -0.0448
vn 0.2920 -0.9479 0.1273
vn 0.3054 -0.7788 0.5480
vn 0.0218 -0.7976 0.6027
vn 0.0579 -0.6765 -0.7342
vn -0.3612 -0.7919 -0.4923
vn -0.8194 -0.4190 -0.3911
vn -0.9821 -0.1853 -0.0351
vn -0.7810 -0.5651 0.2658
vn -0.2851 -0.9579 0.0352
vn -0.0743 -0.9971 0.0191
vn 0.1249 -0.8556 -0.5023
vn 0.2944 -0.9280 -0.2282
vn 0.0061 -0.9998 0.0180
vn 0.0116 -0.8813 -0.4724
vn -0.8070 -0.5715 -0.1486
vn -0.3064 -0.9211 -0.2402
vn -0.0299 -0.9728 -0.2298
vn 0.0193 -0.9668 -0.2547
vt 0.240827 0.403161
vt 0.239874 0.407869
vt 0.235728 0.407289
vt 0.236902 0.402715
vt 0.233192 0.402314
vt 0.231769 0.406759
vt 0.234712 0.411934
vt 0.239057 0.412567
vt 0.037855 0.719544
vt 0.033710 0.718872
vt 0.033542 0.714344
vt 0.037708 0.715187
vt 0.042262 0.720046
vt 0.042071 0.715897
vt 0.042060 0.711725
vt 0.046507 0.712413
vt 0.046597 0.716404
vt 0.051243 0.716540
vt 0.051080 0.712943
vt 0.064924 0.712062
vt 0.065306 0.715875
vt 0.060631 0.716337
vt 0.060537 0.712780
vt 0.055821 0.713008
vt 0.055776 0.709467
vt 0.060531 0.709301
vt 0.029776 0.718123
vt 0.029603 0.713489
vt 0.230489 0.411242
vt 0.238256 0.417252
vt 0.233871 0.416618
vt 0.033324 0.709853
vt 0.037656 0.710829
vt 0.042216 0.707565
vt 0.046563 0.708424
vt 0.051037 0.709157
vt 0.069066 0.711365
vt 0.070442 0.715525
vt 0.065048 0.708640
vt 0.055732 0.705804
vt 0.060644 0.705727
vt 0.243457 0.413140
vt 0.242743 0.417807
vt 0.029383 0.708819
vt 0.229469 0.415787
vt 0.237533 0.421966
vt 0.233017 0.421278
vt 0.037912 0.706567
vt 0.042405 0.703529
vt 0.046618 0.704479
vt 0.051041 0.705319
vt 0.068710 0.707709
vt 0.065662 0.705042
vt 0.055608 0.702162
vt 0.060191 0.702238
vt 0.242061 0.422479
vt 0.225495 0.415014
vt 0.226478 0.410598
vt 0.228585 0.420437
vt 0.236756 0.426630
vt 0.232213 0.426012
vt 0.038440 0.702508
vt 0.042557 0.699563
vt 0.046660 0.700628
vt 0.051050 0.701550
vt 0.071936 0.706822
vt 0.071087 0.711146
vt 0.069635 0.703890
vt 0.061996 0.702092
vt 0.066655 0.701316
vt 0.055597 0.698511
vt 0.059839 0.698844
vt 0.241345 0.427108
vt 0.224656 0.419516
vt 0.227694 0.425165
vt 0.231462 0.430771
vt 0.236021 0.431278
vt 0.038635 0.698513
vt 0.035202 0.705867
vt 0.034793 0.701454
vt 0.046813 0.696752
vt 0.042679 0.695671
vt 0.051115 0.697776
vt 0.075345 0.701738
vt 0.075370 0.706214
vt 0.072575 0.702631
vt 0.641260 0.824939
vt 0.643606 0.820934
vt 0.646348 0.822388
vt 0.643358 0.825929
vt 0.070569 0.699728
vt 0.067544 0.698093
vt 0.063661 0.698783
vt 0.055826 0.694836
vt 0.060316 0.695351
vt 0.240665 0.431728
vt 0.223334 0.424056
vt 0.221305 0.418769
vt 0.223035 0.414604
vt 0.226940 0.430112
vt 0.230832 0.435572
vt 0.235403 0.436011
vt 0.217967 0.418104
vt 0.219235 0.422797
vt 0.215604 0.421912
vt 0.038845 0.694496
vt 0.047081 0.692868
vt 0.043004 0.691701
vt 0.051342 0.693986
vt 0.648960 0.824420
vt 0.649373 0.818651
vt 0.652505 0.821368
vt 0.646328 0.816885
vt 0.071435 0.694970
vt 0.064466 0.695520
vt 0.068248 0.695381
vt 0.060957 0.691711
vt 0.056357 0.691035
vt 0.246005 0.427485
vt 0.245320 0.432093
vt 0.239990 0.436387
vt 0.222169 0.428715
vt 0.226342 0.435057
vt 0.234852 0.440719
vt 0.230323 0.440320
vt 0.217356 0.426708
vt 0.213405 0.425757
vt 0.211400 0.429624
vt 0.207574 0.428800
vt 0.209863 0.424989
vt 0.043582 0.687580
vt 0.047652 0.688803
vt 0.051943 0.689964
vt 0.652895 0.815228
vt 0.656270 0.818517
vt 0.649454 0.812342
vt 0.065394 0.691921
vt 0.069315 0.691607
vt 0.057070 0.687166
vt 0.061720 0.687967
vt 0.244569 0.436700
vt 0.239379 0.441053
vt 0.222076 0.434746
vt 0.225806 0.439855
vt 0.234382 0.445383
vt 0.229873 0.445002
vt 0.215462 0.430343
vt 0.205607 0.432827
vt 0.209668 0.433645
vt 0.044206 0.683369
vt 0.048385 0.684700
vt 0.052659 0.685983
vt 0.659036 0.821796
vt 0.655193 0.824309
vt 0.660177 0.815905
vt 0.657435 0.812893
vt 0.652229 0.808322
vt 0.654839 0.810436
vt 0.066266 0.688202
vt 0.070334 0.687767
vt 0.647451 0.810519
vt 0.649801 0.806575
vt 0.057839 0.683081
vt 0.062510 0.683999
vt 0.243894 0.441316
vt 0.238879 0.445685
vt 0.221347 0.439428
vt 0.219367 0.430566
vt 0.218030 0.434651
vt 0.225335 0.444534
vt 0.233936 0.450026
vt 0.229447 0.449645
vt 0.213888 0.434328
vt 0.208096 0.437797
vt 0.203767 0.436958
vt 0.044658 0.679066
vt 0.049364 0.680530
vt 0.053469 0.681847
vt 0.662887 0.819351
vt 0.661285 0.809913
vt 0.664103 0.813252
vt 0.655187 0.804486
vt 0.658349 0.806944
vt 0.067059 0.684307
vt 0.071091 0.683970
vt 0.652210 0.802611
vt 0.058625 0.678779
vt 0.063275 0.679753
vt 0.249289 0.436948
vt 0.248313 0.441521
vt 0.243351 0.445925
vt 0.238435 0.450318
vt 0.220754 0.444027
vt 0.216888 0.439004
vt 0.224939 0.449160
vt 0.229045 0.454289
vt 0.233529 0.454672
vt 0.212468 0.438489
vt 0.206713 0.442036
vt 0.202223 0.441173
vt 0.047046 0.675274
vt 0.050479 0.676363
vt 0.054412 0.677561
vt 0.666754 0.816812
vt 0.665222 0.806936
vt 0.667998 0.810480
vt 0.662459 0.803597
vt 0.659386 0.800495
vt 0.067784 0.680205
vt 0.071459 0.680102
vt 0.654661 0.798889
vt 0.059448 0.674291
vt 0.063960 0.675215
vt 0.247724 0.446104
vt 0.242920 0.450523
vt 0.238053 0.454931
vt 0.216008 0.443466
vt 0.220429 0.448613
vt 0.224596 0.453786
vt 0.233202 0.459327
vt 0.228688 0.458963
vt 0.211169 0.442800
vt 0.201578 0.445626
vt 0.205557 0.446387
vt 0.047946 0.670991
vt 0.051379 0.672060
vt 0.055201 0.673199
vt 0.665309 0.822794
vt 0.669204 0.820413
vt 0.670597 0.814202
vt 0.669233 0.804092
vt 0.671911 0.807829
vt 0.664253 0.797376
vt 0.666601 0.800588
vt 0.068411 0.675817
vt 0.072051 0.675954
vt 0.657319 0.795500
vt 0.659491 0.797823
vt 0.060185 0.669776
vt 0.064698 0.670687
vt 0.247367 0.450692
vt 0.242577 0.455124
vt 0.237765 0.459563
vt 0.215410 0.447983
vt 0.220192 0.453192
vt 0.224234 0.458436
vt 0.232979 0.464020
vt 0.228416 0.463752
vt 0.209850 0.447157
vt 0.204398 0.450744
vt 0.200574 0.450011
vt 0.197134 0.449338
vt 0.198822 0.445077
vt 0.048579 0.666579
vt 0.052064 0.667627
vt 0.055946 0.668711
vt 0.672994 0.817877
vt 0.674465 0.811641
vt 0.675851 0.805283
vt 0.673177 0.801386
vt 0.662221 0.794562
vt 0.668104 0.794421
vt 0.670568 0.797739
vt 0.069078 0.671296
vt 0.072793 0.671493
vt 0.660426 0.792271
vt 0.060940 0.665216
vt 0.065450 0.666134
vt 0.251942 0.446243
vt 0.251701 0.450831
vt 0.247091 0.455280
vt 0.242334 0.459738
vt 0.237580 0.464220
vt 0.216274 0.452636
vt 0.219839 0.457759
vt 0.223918 0.463374
vt 0.228248 0.468590
vt 0.232860 0.468735
vt 0.208449 0.451458
vt 0.203324 0.455119
vt 0.199463 0.454409
vt 0.195803 0.453706
vt 0.049162 0.662089
vt 0.052795 0.663120
vt 0.056714 0.664172
vt 0.671745 0.824382
vt 0.675177 0.821386
vt 0.676813 0.815388
vt 0.678408 0.809275
vt 0.677098 0.798674
vt 0.679853 0.802888
vt 0.665832 0.791482
vt 0.672002 0.791564
vt 0.674517 0.794958
vt 0.069847 0.666741
vt 0.073590 0.666932
vt 0.664001 0.789189
vt 0.061678 0.660659
vt 0.066210 0.661571
vt 0.251546 0.455412
vt 0.246905 0.459865
vt 0.242193 0.464339
vt 0.237503 0.468835
vt 0.212637 0.452114
vt 0.215600 0.457046
vt 0.219503 0.462362
vt 0.223676 0.468672
vt 0.228168 0.473337
vt 0.232816 0.473385
vt 0.207364 0.455816
vt 0.202441 0.459552
vt 0.198406 0.458846
vt 0.194650 0.458156
vt 0.049863 0.657514
vt 0.053476 0.658570
vt 0.057411 0.659627
vt 0.678963 0.818846
vt 0.680779 0.813187
vt 0.682475 0.807123
vt 0.680847 0.795834
vt 0.683987 0.800802
vt 0.669667 0.788551
vt 0.678387 0.792229
vt 0.675894 0.788777
vt 0.070736 0.662228
vt 0.074454 0.662384
vt 0.667736 0.786168
vt 0.062373 0.656098
vt 0.066975 0.657061
vt 0.251447 0.459973
vt 0.246814 0.464424
vt 0.242163 0.468893
vt 0.237493 0.473412
vt 0.211468 0.456452
vt 0.215173 0.461398
vt 0.223557 0.473386
vt 0.228159 0.477961
vt 0.232841 0.477951
vt 0.206624 0.460216
vt 0.201743 0.464066
vt 0.197552 0.463414
vt 0.193713 0.462724
vt 0.050562 0.652867
vt 0.054146 0.654013
vt 0.058056 0.655096
vt 0.682950 0.825536
vt 0.678526 0.826915
vt 0.676520 0.823548
vt 0.681003 0.822163
vt 0.682984 0.816921
vt 0.684785 0.811208
vt 0.686680 0.805381
vt 0.684655 0.793152
vt 0.686782 0.796528
vt 0.673506 0.785645
vt 0.679787 0.786057
vt 0.682300 0.789631
vt 0.071787 0.657801
vt 0.075705 0.657920
vt 0.671445 0.783108
vt 0.067586 0.652472
vt 0.062891 0.651543
vt 0.251406 0.464509
vt 0.246825 0.468945
vt 0.242193 0.473417
vt 0.237556 0.477935
vt 0.210878 0.460808
vt 0.219316 0.465883
vt 0.214865 0.465557
vt 0.223508 0.478002
vt 0.218973 0.473634
vt 0.219129 0.469404
vt 0.232991 0.482430
vt 0.228271 0.482458
vt 0.206089 0.464640
vt 0.196845 0.468124
vt 0.201196 0.468678
vt 0.192921 0.467375
vt 0.192239 0.472001
vt 0.188591 0.470972
vt 0.189347 0.466591
vt 0.054725 0.649621
vt 0.058606 0.650628
vt 0.684828 0.828760
vt 0.680384 0.830060
vt 0.685200 0.820458
vt 0.687420 0.823921
vt 0.686903 0.815109
vt 0.688824 0.809426
vt 0.688864 0.799950
vt 0.690979 0.803739
vt 0.690945 0.794501
vt 0.688658 0.790877
vt 0.677252 0.782670
vt 0.683739 0.783541
vt 0.686240 0.787190
vt 0.072657 0.653167
vt 0.076832 0.653343
vt 0.674987 0.779812
vt 0.063284 0.647019
vt 0.067891 0.647770
vt 0.255903 0.460093
vt 0.255934 0.464614
vt 0.251449 0.469003
vt 0.246891 0.473430
vt 0.242286 0.477907
vt 0.237718 0.482397
vt 0.210466 0.465128
vt 0.214625 0.469613
vt 0.223577 0.482479
vt 0.218876 0.478108
vt 0.214416 0.473814
vt 0.233246 0.486825
vt 0.228521 0.486876
vt 0.205666 0.469089
vt 0.200752 0.473437
vt 0.196291 0.473043
vt 0.191869 0.475327
vt 0.187981 0.474946
vt 0.055168 0.645628
vt 0.059032 0.646261
vt 0.689374 0.827333
vt 0.688837 0.818942
vt 0.690704 0.813452
vt 0.692968 0.807656
vt 0.693173 0.798129
vt 0.695285 0.801933
vt 0.695169 0.792483
vt 0.692673 0.788752
vt 0.681178 0.779985
vt 0.687751 0.781171
vt 0.690238 0.784970
vt 0.073608 0.648492
vt 0.078020 0.648736
vt 0.678850 0.776894
vt 0.063553 0.642469
vt 0.067997 0.643075
vt 0.256019 0.469095
vt 0.251551 0.473463
vt 0.247003 0.477886
vt 0.242448 0.482350
vt 0.237972 0.486788
vt 0.210138 0.469418
vt 0.223816 0.486925
vt 0.218905 0.482549
vt 0.214254 0.478187
vt 0.209850 0.473781
vt 0.228887 0.491230
vt 0.233596 0.491171
vt 0.205292 0.473655
vt 0.200427 0.478245
vt 0.195860 0.478321
vt 0.191500 0.478652
vt 0.187460 0.479097
vt 0.055624 0.641465
vt 0.059438 0.641889
vt 0.691050 0.830638
vt 0.686559 0.831871
vt 0.692845 0.821869
vt 0.694110 0.825761
vt 0.692225 0.817523
vt 0.694765 0.811685
vt 0.697243 0.805860
vt 0.699719 0.800115
vt 0.697597 0.796233
vt 0.696608 0.786901
vt 0.699749 0.790520
vt 0.685267 0.777524
vt 0.694248 0.782896
vt 0.691842 0.779007
vt 0.076051 0.643901
vt 0.079012 0.644052
vt 0.682913 0.774254
vt 0.072398 0.643584
vt 0.063859 0.637863
vt 0.068289 0.638358
vt 0.256158 0.473537
vt 0.251688 0.477897
vt 0.247165 0.482326
vt 0.242687 0.486738
vt 0.238297 0.491107
vt 0.224190 0.491334
vt 0.219115 0.486983
vt 0.214253 0.482640
vt 0.209633 0.478245
vt 0.229334 0.495559
vt 0.234020 0.495441
vt 0.205020 0.478259
vt 0.200241 0.482972
vt 0.195627 0.483154
vt 0.187112 0.483497
vt 0.191176 0.483385
vt 0.059819 0.637406
vt 0.056077 0.637061
vt 0.695597 0.829258
vt 0.697553 0.820185
vt 0.698864 0.824289
vt 0.696283 0.815863
vt 0.699018 0.809917
vt 0.701635 0.804090
vt 0.702470 0.794285
vt 0.704265 0.798381
vt 0.700400 0.785272
vt 0.701466 0.789809
vt 0.689491 0.775352
vt 0.695937 0.776883
vt 0.698289 0.780954
vt 0.076792 0.639220
vt 0.079762 0.639416
vt 0.687288 0.772069
vt 0.072745 0.638833
vt 0.064220 0.633249
vt 0.068669 0.633651
vt 0.256332 0.477952
vt 0.260712 0.473651
vt 0.260911 0.478067
vt 0.251856 0.482324
vt 0.247381 0.486726
vt 0.242991 0.491070
vt 0.238699 0.495355
vt 0.224643 0.495707
vt 0.219482 0.491446
vt 0.214419 0.487098
vt 0.209573 0.482741
vt 0.234527 0.499562
vt 0.229862 0.499760
vt 0.204904 0.482859
vt 0.200261 0.487622
vt 0.195602 0.487846
vt 0.186891 0.488206
vt 0.191102 0.488061
vt 0.056359 0.632325
vt 0.060111 0.632851
vt 0.700191 0.828030
vt 0.702127 0.818603
vt 0.703495 0.822953
vt 0.700619 0.814164
vt 0.703347 0.808180
vt 0.706066 0.802426
vt 0.707392 0.792445
vt 0.708897 0.796717
vt 0.706018 0.788109
vt 0.704484 0.783642
vt 0.693645 0.773159
vt 0.700010 0.774651
vt 0.702363 0.778981
vt 0.077111 0.634558
vt 0.080345 0.634825
vt 0.691588 0.769918
vt 0.073141 0.634150
vt 0.064397 0.628764
vt 0.069039 0.628935
vt 0.261088 0.482483
vt 0.256497 0.482382
vt 0.252048 0.486741
vt 0.247649 0.491082
vt 0.243358 0.495316
vt 0.239179 0.499462
vt 0.225200 0.500022
vt 0.219957 0.495938
vt 0.214765 0.491569
vt 0.209708 0.487230
vt 0.235096 0.503539
vt 0.230450 0.503774
vt 0.204980 0.487412
vt 0.195899 0.492542
vt 0.200601 0.492210
vt 0.186965 0.493907
vt 0.191302 0.492965
vt 0.182919 0.492059
vt 0.183091 0.488047
vt 0.060194 0.628790
vt 0.704806 0.826995
vt 0.708144 0.821963
vt 0.706644 0.817287
vt 0.704976 0.812469
vt 0.707719 0.806556
vt 0.710518 0.800866
vt 0.711868 0.790942
vt 0.713372 0.795211
vt 0.708784 0.782183
vt 0.710373 0.786570
vt 0.697780 0.770924
vt 0.704042 0.772251
vt 0.706521 0.777004
vt 0.077871 0.630034
vt 0.080996 0.630282
vt 0.695796 0.767746
vt 0.073731 0.629537
vt 0.064192 0.624374
vt 0.069148 0.624137
vt 0.261254 0.486923
vt 0.256674 0.486812
vt 0.252269 0.491140
vt 0.247960 0.495353
vt 0.243804 0.499412
vt 0.239729 0.503387
vt 0.225803 0.504128
vt 0.220571 0.500472
vt 0.215266 0.496222
vt 0.210021 0.491669
vt 0.235682 0.507210
vt 0.231036 0.507504
vt 0.205301 0.491875
vt 0.201149 0.496667
vt 0.196440 0.497151
vt 0.191780 0.497735
vt 0.187323 0.498663
vt 0.060073 0.625074
vt 0.709443 0.826154
vt 0.711436 0.816957
vt 0.712823 0.821410
vt 0.709309 0.810725
vt 0.712108 0.805020
vt 0.714912 0.799444
vt 0.716300 0.789528
vt 0.717752 0.793864
vt 0.713286 0.780984
vt 0.714821 0.785220
vt 0.701869 0.768582
vt 0.708062 0.769857
vt 0.710045 0.773577
vt 0.710604 0.830061
vt 0.714059 0.825534
vt 0.715180 0.829564
vt 0.078847 0.625696
vt 0.082112 0.625929
vt 0.699877 0.765427
vt 0.074462 0.625050
vt 0.068498 0.618727
vt 0.063430 0.619914
vt 0.256867 0.491231
vt 0.261448 0.491335
vt 0.252527 0.495443
vt 0.248336 0.499461
vt 0.244302 0.503350
vt 0.240329 0.507062
vt 0.226427 0.507945
vt 0.221236 0.504747
vt 0.216035 0.501330
vt 0.210569 0.496348
vt 0.235129 0.799687
vt 0.233616 0.803952
vt 0.230039 0.803212
vt 0.231487 0.798922
vt 0.205806 0.496176
vt 0.201972 0.501025
vt 0.197338 0.501744
vt 0.192678 0.502272
vt 0.188163 0.502941
vt 0.183102 0.499836
vt 0.182898 0.495707
vt 0.059644 0.620835
vt 0.716204 0.816820
vt 0.717402 0.820823
vt 0.713603 0.809082
vt 0.716444 0.803630
vt 0.719266 0.798135
vt 0.722065 0.792608
vt 0.720666 0.788245
vt 0.711664 0.777000
vt 0.717774 0.779663
vt 0.719257 0.783919
vt 0.705833 0.766127
vt 0.712222 0.767674
vt 0.714362 0.771602
vt 0.719688 0.829131
vt 0.718579 0.824986
vt 0.083517 0.621693
vt 0.080184 0.621579
vt 0.703638 0.762793
vt 0.075571 0.620784
vt 0.062170 0.615525
vt 0.065548 0.614003
vt 0.266036 0.491415
vt 0.265842 0.487025
vt 0.261647 0.495675
vt 0.257074 0.495563
vt 0.252819 0.499578
vt 0.248781 0.503367
vt 0.244978 0.506995
vt 0.232889 0.794620
vt 0.236638 0.795377
vt 0.221853 0.508633
vt 0.228667 0.807492
vt 0.232038 0.808144
vt 0.216746 0.505724
vt 0.239226 0.800756
vt 0.237584 0.804969
vt 0.206504 0.500190
vt 0.198698 0.506444
vt 0.203121 0.505328
vt 0.194154 0.507436
vt 0.189295 0.507022
vt 0.183798 0.503951
vt 0.179009 0.501090
vt 0.179699 0.505262
vt 0.710372 0.813841
vt 0.714959 0.813004
vt 0.720624 0.815935
vt 0.721865 0.820108
vt 0.717916 0.807770
vt 0.720771 0.802382
vt 0.723517 0.796951
vt 0.725000 0.787077
vt 0.726284 0.791491
vt 0.716164 0.775519
vt 0.723692 0.782698
vt 0.722301 0.778373
vt 0.709771 0.763685
vt 0.719004 0.769979
vt 0.716789 0.765851
vt 0.716240 0.833425
vt 0.720734 0.833190
vt 0.723055 0.824338
vt 0.724169 0.828581
vt 0.707179 0.759927
vt 0.705287 0.757251
vt 0.708534 0.754068
vt 0.710402 0.756381
vt 0.072498 0.615218
vt 0.077232 0.616904
vt 0.180978 0.509358
vt 0.176907 0.511407
vt 0.176048 0.507072
vt 0.068519 0.611880
vt 0.266245 0.495770
vt 0.257318 0.499721
vt 0.261852 0.499854
vt 0.253113 0.503457
vt 0.249407 0.506989
vt 0.238083 0.790971
vt 0.234230 0.790294
vt 0.240887 0.796479
vt 0.211123 0.499578
vt 0.226978 0.511268
vt 0.222391 0.512046
vt 0.217294 0.509660
vt 0.235907 0.809103
vt 0.211676 0.502809
vt 0.212568 0.506971
vt 0.243586 0.802138
vt 0.241818 0.806289
vt 0.207404 0.504182
vt 0.204581 0.509540
vt 0.200332 0.511075
vt 0.185036 0.508036
vt 0.719307 0.811840
vt 0.724970 0.815006
vt 0.726228 0.819282
vt 0.722239 0.806585
vt 0.725022 0.801231
vt 0.727681 0.795856
vt 0.729253 0.786084
vt 0.730323 0.790525
vt 0.720743 0.774129
vt 0.728216 0.781683
vt 0.726902 0.777357
vt 0.714099 0.761728
vt 0.725211 0.832715
vt 0.727457 0.823625
vt 0.728547 0.828005
vt 0.081526 0.617435
vt 0.711343 0.750541
vt 0.713716 0.752849
vt 0.075085 0.611697
vt 0.079059 0.613095
vt 0.182700 0.513466
vt 0.178426 0.515606
vt 0.064185 0.609443
vt 0.066076 0.607567
vt 0.071188 0.609069
vt 0.266467 0.499965
vt 0.262000 0.503800
vt 0.257483 0.503598
vt 0.253388 0.507068
vt 0.235436 0.786151
vt 0.239415 0.786415
vt 0.242475 0.792056
vt 0.245334 0.797928
vt 0.234247 0.813243
vt 0.230517 0.812357
vt 0.217780 0.513215
vt 0.212904 0.510963
vt 0.240097 0.810412
vt 0.208606 0.508176
vt 0.247965 0.803817
vt 0.246120 0.807943
vt 0.196043 0.512862
vt 0.206335 0.513406
vt 0.201988 0.515123
vt 0.186697 0.511984
vt 0.190582 0.510645
vt 0.723650 0.810771
vt 0.729275 0.814043
vt 0.730516 0.818370
vt 0.726504 0.805502
vt 0.729191 0.800156
vt 0.731730 0.794844
vt 0.733216 0.785321
vt 0.734016 0.789730
vt 0.725350 0.773009
vt 0.732560 0.780916
vt 0.732199 0.776455
vt 0.718459 0.760395
vt 0.719879 0.765014
vt 0.723993 0.768621
vt 0.732923 0.827376
vt 0.731745 0.822814
vt 0.082998 0.613523
vt 0.714147 0.746869
vt 0.717108 0.749090
vt 0.716401 0.756148
vt 0.712250 0.759055
vt 0.078161 0.608558
vt 0.080350 0.609259
vt 0.185190 0.517311
vt 0.180901 0.519332
vt 0.067966 0.605692
vt 0.073776 0.606104
vt 0.266665 0.503943
vt 0.240896 0.765244
vt 0.239609 0.769717
vt 0.236044 0.768548
vt 0.237159 0.764092
vt 0.261990 0.507413
vt 0.257407 0.507173
vt 0.236424 0.782397
vt 0.240190 0.783475
vt 0.243898 0.787356
vt 0.247138 0.793576
vt 0.249801 0.799612
vt 0.238372 0.814475
vt 0.228947 0.816585
vt 0.232621 0.817400
vt 0.212919 0.514787
vt 0.210239 0.511916
vt 0.244272 0.811988
vt 0.252200 0.805640
vt 0.250230 0.809713
vt 0.191825 0.514620
vt 0.197666 0.516953
vt 0.208041 0.516789
vt 0.203594 0.518703
vt 0.188508 0.515966
vt 0.727941 0.809760
vt 0.733531 0.813061
vt 0.734701 0.817427
vt 0.730708 0.804448
vt 0.733275 0.799117
vt 0.735523 0.793933
vt 0.247953 0.823485
vt 0.250652 0.825240
vt 0.249174 0.829350
vt 0.246707 0.827494
vt 0.729143 0.772298
vt 0.735985 0.775967
vt 0.735843 0.780409
vt 0.722656 0.759560
vt 0.722968 0.764176
vt 0.728616 0.767798
vt 0.737099 0.826559
vt 0.735876 0.821792
vt 0.084361 0.609530
vt 0.716596 0.742903
vt 0.719531 0.744785
vt 0.721200 0.754829
vt 0.188023 0.520866
vt 0.183650 0.522840
vt 0.174546 0.518668
vt 0.176699 0.521505
vt 0.070346 0.602640
vt 0.076377 0.603125
vt 0.081279 0.605395
vt 0.266783 0.507565
vt 0.245155 0.766675
vt 0.243581 0.771138
vt 0.240965 0.780535
vt 0.237398 0.778597
vt 0.238447 0.774247
vt 0.242225 0.775773
vt 0.249187 0.789211
vt 0.251669 0.795339
vt 0.254099 0.801457
vt 0.242498 0.816003
vt 0.236732 0.818532
vt 0.230948 0.821576
vt 0.227287 0.821049
vt 0.248259 0.813757
vt 0.256262 0.807587
vt 0.254077 0.811578
vt 0.193114 0.518806
vt 0.199313 0.520634
vt 0.227908 0.829614
vt 0.224025 0.829600
vt 0.225477 0.825486
vt 0.229318 0.825608
vt 0.732179 0.808760
vt 0.737717 0.812055
vt 0.738763 0.816450
vt 0.734846 0.803387
vt 0.737032 0.798182
vt 0.252859 0.821335
vt 0.249920 0.819520
vt 0.736269 0.784825
vt 0.243376 0.825617
vt 0.244814 0.821695
vt 0.244321 0.835424
vt 0.241062 0.833430
vt 0.242115 0.829492
vt 0.245291 0.831475
vt 0.732786 0.771803
vt 0.736722 0.771496
vt 0.727105 0.759294
vt 0.727905 0.763446
vt 0.733024 0.767250
vt 0.739811 0.820743
vt 0.740904 0.824961
vt 0.085677 0.605695
vt 0.718575 0.738847
vt 0.721527 0.740494
vt 0.721713 0.750778
vt 0.723090 0.746146
vt 0.190672 0.524236
vt 0.186446 0.526180
vt 0.179441 0.524900
vt 0.171607 0.522462
vt 0.168802 0.518583
vt 0.172005 0.515398
vt 0.072794 0.599721
vt 0.083183 0.602094
vt 0.078706 0.600258
vt 0.249624 0.768336
vt 0.247837 0.772783
vt 0.246232 0.777388
vt 0.244877 0.782268
vt 0.248386 0.783593
vt 0.251959 0.785052
vt 0.253721 0.791075
vt 0.255773 0.797129
vt 0.258412 0.803540
vt 0.246374 0.817736
vt 0.240915 0.819987
vt 0.235158 0.822502
vt 0.251972 0.815580
vt 0.259760 0.809530
vt 0.257385 0.813468
vt 0.194983 0.522427
vt 0.226796 0.833590
vt 0.222828 0.833632
vt 0.233671 0.826429
vt 0.232338 0.830418
vt 0.736359 0.807699
vt 0.741591 0.811068
vt 0.742482 0.815545
vt 0.738688 0.802378
vt 0.255041 0.817374
vt 0.239432 0.823924
vt 0.243755 0.839315
vt 0.240181 0.837395
vt 0.236787 0.831811
vt 0.238049 0.827811
vt 0.737205 0.766909
vt 0.726385 0.755210
vt 0.732709 0.762879
vt 0.731627 0.759238
vt 0.743471 0.819835
vt 0.744540 0.824004
vt 0.087299 0.602264
vt 0.723431 0.736430
vt 0.720212 0.734743
vt 0.724646 0.741440
vt 0.727120 0.746857
vt 0.726467 0.751209
vt 0.189109 0.528891
vt 0.192935 0.527045
vt 0.182345 0.528242
vt 0.175215 0.526950
vt 0.168195 0.525439
vt 0.165544 0.521644
vt 0.075155 0.596946
vt 0.080886 0.597558
vt 0.085264 0.599142
vt 0.254083 0.770205
vt 0.252096 0.774564
vt 0.250218 0.779034
vt 0.254232 0.780756
vt 0.256011 0.786841
vt 0.257720 0.792868
vt 0.259717 0.799059
vt 0.261762 0.805408
vt 0.740338 0.806624
vt 0.222039 0.837850
vt 0.225973 0.837557
vt 0.231280 0.834396
vt 0.261622 0.799986
vt 0.264113 0.801557
vt 0.242884 0.843303
vt 0.239443 0.841298
vt 0.235831 0.835837
vt 0.738021 0.762272
vt 0.731208 0.755726
vt 0.735553 0.756939
vt 0.746544 0.819162
vt 0.747872 0.823421
vt 0.716096 0.946516
vt 0.711226 0.945650
vt 0.711170 0.942862
vt 0.715867 0.943814
vt 0.721592 0.730642
vt 0.724584 0.732270
vt 0.727765 0.742385
vt 0.731837 0.747465
vt 0.731337 0.751780
vt 0.225425 0.841206
vt 0.221509 0.842139
vt 0.185178 0.531170
vt 0.229498 0.844184
vt 0.225009 0.845036
vt 0.230339 0.838961
vt 0.178358 0.530539
vt 0.171310 0.529381
vt 0.164640 0.528209
vt 0.162095 0.524536
vt 0.077420 0.594263
vt 0.083304 0.594719
vt 0.087468 0.596385
vt 0.258539 0.772245
vt 0.256356 0.776459
vt 0.258309 0.782645
vt 0.259925 0.788721
vt 0.261327 0.794648
vt 0.745588 0.814729
vt 0.238685 0.845326
vt 0.242204 0.847277
vt 0.234905 0.840142
vt 0.739152 0.757454
vt 0.735941 0.752412
vt 0.263531 0.790594
vt 0.266631 0.792455
vt 0.264262 0.796272
vt 0.748939 0.827702
vt 0.745554 0.828085
vt 0.715834 0.940930
vt 0.711227 0.939918
vt 0.722724 0.726485
vt 0.725700 0.728047
vt 0.729090 0.733663
vt 0.728231 0.737914
vt 0.732471 0.743132
vt 0.736565 0.748023
vt 0.228981 0.848058
vt 0.224591 0.848981
vt 0.181295 0.533631
vt 0.234259 0.844099
vt 0.174500 0.533050
vt 0.167612 0.532020
vt 0.161097 0.530958
vt 0.158506 0.527310
vt 0.079932 0.591487
vt 0.085758 0.591824
vt 0.089756 0.593598
vt 0.262834 0.774447
vt 0.260524 0.778505
vt 0.262176 0.784600
vt 0.241436 0.851257
vt 0.237782 0.849474
vt 0.740101 0.752888
vt 0.268768 0.788634
vt 0.265828 0.786631
vt 0.711346 0.936934
vt 0.715832 0.937859
vt 0.723805 0.722239
vt 0.726718 0.723780
vt 0.729978 0.729409
vt 0.733939 0.734513
vt 0.733191 0.738781
vt 0.737317 0.743665
vt 0.741012 0.748485
vt 0.233664 0.848023
vt 0.228538 0.851759
vt 0.224256 0.852908
vt 0.177496 0.536271
vt 0.170713 0.535651
vt 0.163978 0.534698
vt 0.157607 0.533713
vt 0.155150 0.530234
vt 0.082477 0.588683
vt 0.088058 0.588992
vt 0.091987 0.590868
vt 0.267000 0.776736
vt 0.264505 0.780607
vt 0.454346 0.747391
vt 0.449811 0.747390
vt 0.449760 0.744238
vt 0.454403 0.743520
vt 0.270717 0.779051
vt 0.273725 0.781375
vt 0.271144 0.784968
vt 0.268219 0.782784
vt 0.711371 0.933849
vt 0.715809 0.934687
vt 0.724746 0.717879
vt 0.727559 0.719352
vt 0.730771 0.725153
vt 0.734635 0.730225
vt 0.738571 0.734934
vt 0.737991 0.739290
vt 0.741786 0.744026
vt 0.449621 0.741175
vt 0.454337 0.740155
vt 0.233357 0.851548
vt 0.180226 0.538874
vt 0.183882 0.535976
vt 0.173725 0.538979
vt 0.166978 0.538330
vt 0.160358 0.537317
vt 0.154087 0.536511
vt 0.151875 0.533198
vt 0.084749 0.585889
vt 0.706886 0.931279
vt 0.711323 0.930583
vt 0.706980 0.934618
vt 0.265210 0.770460
vt 0.269686 0.773040
vt 0.458996 0.744190
vt 0.458996 0.747672
vt 0.273545 0.775524
vt 0.276666 0.777935
vt 0.715710 0.931361
vt 0.728223 0.714635
vt 0.725501 0.713429
vt 0.731499 0.720801
vt 0.735311 0.726027
vt 0.739112 0.730630
vt 0.742940 0.735111
vt 0.742498 0.739569
vt 0.449629 0.738253
vt 0.454204 0.736944
vt 0.237737 0.852803
vt 0.237313 0.856535
vt 0.232951 0.855109
vt 0.228113 0.855430
vt 0.176473 0.541736
vt 0.169946 0.541744
vt 0.163142 0.540816
vt 0.156624 0.539850
vt 0.150456 0.539353
vt 0.148294 0.536083
vt 0.086937 0.583139
vt 0.090260 0.586381
vt 0.706931 0.927899
vt 0.711321 0.927297
vt 0.715631 0.927854
vt 0.732221 0.715516
vt 0.719280 0.929407
vt 0.715580 0.924251
vt 0.719149 0.925639
vt 0.735932 0.721850
vt 0.739652 0.726334
vt 0.743332 0.730732
vt 0.746264 0.734827
vt 0.745791 0.739408
vt 0.744775 0.743917
vt 0.232405 0.859035
vt 0.236824 0.860361
vt 0.227622 0.859179
vt 0.172610 0.544530
vt 0.165919 0.544209
vt 0.159139 0.543100
vt 0.153054 0.542741
vt 0.144272 0.538880
vt 0.146187 0.542492
vt 0.089325 0.580564
vt 0.092604 0.583796
vt 0.706863 0.924324
vt 0.711295 0.923816
vt 0.736441 0.717896
vt 0.728767 0.710001
vt 0.732824 0.710354
vt 0.715585 0.920650
vt 0.718999 0.922017
vt 0.740256 0.722182
vt 0.743780 0.726393
vt 0.746596 0.730313
vt 0.231967 0.862869
vt 0.236327 0.864198
vt 0.235610 0.868248
vt 0.231438 0.866944
vt 0.227086 0.863023
vt 0.168490 0.546983
vt 0.161718 0.546314
vt 0.154827 0.544937
vt 0.150271 0.546077
vt 0.094824 0.581582
vt 0.091735 0.578307
vt 0.706801 0.920587
vt 0.711227 0.920122
vt 0.740825 0.718104
vt 0.732977 0.706151
vt 0.729060 0.705676
vt 0.737290 0.710272
vt 0.736906 0.714192
vt 0.715706 0.916999
vt 0.719134 0.918383
vt 0.744332 0.722152
vt 0.746937 0.725911
vt 0.230894 0.871262
vt 0.235063 0.872364
vt 0.226717 0.867183
vt 0.164207 0.549165
vt 0.157437 0.548268
vt 0.143758 0.544026
vt 0.146832 0.547966
vt 0.137365 0.547780
vt 0.136087 0.543874
vt 0.140059 0.541522
vt 0.141330 0.545560
vt 0.703158 0.922025
vt 0.703308 0.925844
vt 0.711300 0.916340
vt 0.706796 0.916694
vt 0.741351 0.714070
vt 0.745042 0.718039
vt 0.737366 0.706154
vt 0.729196 0.701514
vt 0.732697 0.702039
vt 0.741741 0.710007
vt 0.716094 0.913216
vt 0.720389 0.915297
vt 0.747448 0.721579
vt 0.230461 0.875507
vt 0.234621 0.876409
vt 0.226294 0.871486
vt 0.159893 0.551168
vt 0.153231 0.550069
vt 0.149253 0.551890
vt 0.143177 0.549969
vt 0.133251 0.549675
vt 0.131913 0.545771
vt 0.139242 0.552036
vt 0.703032 0.918118
vt 0.706921 0.912632
vt 0.711546 0.912493
vt 0.745780 0.713929
vt 0.469350 0.736971
vt 0.469174 0.740127
vt 0.464571 0.740353
vt 0.464812 0.737189
vt 0.736992 0.702046
vt 0.741869 0.705829
vt 0.746052 0.709665
vt 0.716490 0.909305
vt 0.720606 0.910957
vt 0.234458 0.880427
vt 0.230216 0.879777
vt 0.225933 0.875840
vt 0.155706 0.553183
vt 0.151542 0.555042
vt 0.145335 0.553932
vt 0.135136 0.553932
vt 0.129053 0.551396
vt 0.127676 0.547507
vt 0.141304 0.555818
vt 0.702998 0.913782
vt 0.707141 0.908449
vt 0.711813 0.908557
vt 0.469109 0.743398
vt 0.464409 0.743755
vt 0.234630 0.884412
vt 0.230152 0.883976
vt 0.730412 0.697657
vt 0.736041 0.698043
vt 0.741637 0.701634
vt 0.746348 0.705266
vt 0.469248 0.746414
vt 0.464682 0.746654
vt 0.716766 0.905112
vt 0.720711 0.906203
vt 0.734811 0.693797
vt 0.729496 0.693345
vt 0.225713 0.880110
vt 0.225679 0.884418
vt 0.147504 0.557051
vt 0.137185 0.557731
vt 0.131008 0.555622
vt 0.124674 0.552938
vt 0.123044 0.549053
vt 0.143385 0.558985
vt 0.703143 0.909019
vt 0.707448 0.904299
vt 0.712095 0.904495
vt 0.235023 0.888475
vt 0.230231 0.888210
vt 0.740955 0.697431
vt 0.746003 0.700752
vt 0.469350 0.749509
vt 0.464798 0.749454
vt 0.235071 0.892959
vt 0.230209 0.892551
vt 0.720903 0.901481
vt 0.717021 0.900680
vt 0.740149 0.693397
vt 0.225588 0.888581
vt 0.139171 0.560885
vt 0.132971 0.559537
vt 0.127032 0.557072
vt 0.118050 0.550315
vt 0.118265 0.554661
vt 0.225516 0.892830
vt 0.703482 0.904670
vt 0.707790 0.900088
vt 0.712400 0.900215
vt 0.745531 0.696334
vt 0.237601 0.903073
vt 0.234551 0.901996
vt 0.234915 0.897433
vt 0.237890 0.898557
vt 0.230073 0.897007
vt 0.726722 0.684337
vt 0.731094 0.683259
vt 0.732869 0.687582
vt 0.728275 0.688710
vt 0.717259 0.896174
vt 0.721096 0.896587
vt 0.733840 0.690689
vt 0.738987 0.689513
vt 0.744861 0.691998
vt 0.225342 0.897143
vt 0.225065 0.901528
vt 0.221043 0.902023
vt 0.221395 0.897773
vt 0.128711 0.561172
vt 0.123123 0.558281
vt 0.118872 0.559248
vt 0.113791 0.555523
vt 0.113555 0.551290
vt 0.703903 0.900432
vt 0.708127 0.895779
vt 0.712631 0.895908
vt 0.237509 0.907631
vt 0.234481 0.906571
vt 0.229815 0.901509
vt 0.724753 0.680016
vt 0.728559 0.678211
vt 0.737630 0.685739
vt 0.735925 0.681963
vt 0.717194 0.891682
vt 0.720989 0.891868
vt 0.743518 0.687789
vt 0.237462 0.912211
vt 0.234075 0.911335
vt 0.224684 0.905953
vt 0.220669 0.906309
vt 0.124371 0.562603
vt 0.119942 0.563477
vt 0.114521 0.559817
vt 0.109302 0.555935
vt 0.109218 0.552031
vt 0.704253 0.895968
vt 0.712805 0.891534
vt 0.708416 0.891432
vt 0.229524 0.906060
vt 0.726279 0.674238
vt 0.722730 0.675838
vt 0.732205 0.675368
vt 0.734127 0.678541
vt 0.741861 0.683772
vt 0.739940 0.679936
vt 0.717140 0.887173
vt 0.720781 0.887280
vt 0.236937 0.916755
vt 0.233501 0.916093
vt 0.229142 0.910676
vt 0.224292 0.910495
vt 0.220209 0.910644
vt 0.223851 0.915168
vt 0.219991 0.915142
vt 0.115466 0.563744
vt 0.110119 0.559798
vt 0.104689 0.552391
vt 0.104338 0.556353
vt 0.704649 0.891468
vt 0.708742 0.887063
vt 0.712946 0.887101
vt 0.729945 0.671867
vt 0.720641 0.671818
vt 0.724009 0.670458
vt 0.735196 0.672804
vt 0.737665 0.676313
vt 0.236287 0.921191
vt 0.235669 0.925576
vt 0.232136 0.925291
vt 0.232860 0.920747
vt 0.717220 0.882689
vt 0.720898 0.882743
vt 0.228681 0.915497
vt 0.219813 0.919691
vt 0.223481 0.919824
vt 0.111062 0.563497
vt 0.103817 0.560904
vt 0.100135 0.552740
vt 0.099515 0.556694
vt 0.705186 0.887046
vt 0.708969 0.882651
vt 0.713125 0.882669
vt 0.732559 0.669248
vt 0.727399 0.668141
vt 0.718306 0.668097
vt 0.721453 0.666826
vt 0.231217 0.929654
vt 0.234823 0.929804
vt 0.233841 0.933947
vt 0.230221 0.933922
vt 0.228119 0.920241
vt 0.227433 0.924792
vt 0.717317 0.878261
vt 0.721122 0.878254
vt 0.222928 0.924340
vt 0.219467 0.924098
vt 0.106962 0.562593
vt 0.099214 0.560367
vt 0.094936 0.557998
vt 0.095685 0.553098
vt 0.705593 0.882661
vt 0.708985 0.878232
vt 0.713113 0.878218
vt 0.729763 0.665614
vt 0.229257 0.938188
vt 0.232856 0.938208
vt 0.724821 0.664381
vt 0.715805 0.664562
vt 0.718852 0.663247
vt 0.226645 0.929161
vt 0.225790 0.933431
vt 0.717425 0.873868
vt 0.721370 0.873844
vt 0.222247 0.928588
vt 0.218897 0.928102
vt 0.221442 0.932613
vt 0.217751 0.930912
vt 0.217486 0.935546
vt 0.220707 0.936693
vt 0.090511 0.557570
vt 0.091297 0.553078
vt 0.705508 0.878284
vt 0.708539 0.873884
vt 0.712854 0.873821
vt 0.726999 0.661863
vt 0.231830 0.942597
vt 0.228210 0.942548
vt 0.224898 0.937623
vt 0.722300 0.660606
vt 0.713132 0.661224
vt 0.716248 0.659731
vt 0.717607 0.869434
vt 0.721703 0.869524
vt 0.099230 0.563479
vt 0.094853 0.562242
vt 0.090284 0.561327
vt 0.704988 0.874027
vt 0.712546 0.869298
vt 0.707986 0.869428
vt 0.724382 0.658000
vt 0.230852 0.947109
vt 0.227153 0.947022
vt 0.223985 0.941921
vt 0.719704 0.656913
vt 0.713558 0.656438
vt 0.710287 0.658116
vt 0.718355 0.865051
vt 0.722300 0.865239
vt 0.219869 0.940884
vt 0.085547 0.560766
vt 0.085861 0.557612
vt 0.218898 0.945234
vt 0.223018 0.946359
vt 0.081693 0.554711
vt 0.082632 0.551167
vt 0.086915 0.552356
vt 0.086388 0.554984
vt 0.704012 0.869891
vt 0.707051 0.865462
vt 0.711599 0.865097
vt 0.721746 0.654206
vt 0.229997 0.951722
vt 0.226183 0.951648
vt 0.716915 0.653430
vt 0.707028 0.655371
vt 0.710556 0.653401
vt 0.719415 0.861049
vt 0.722829 0.860990
vt 0.221962 0.950929
vt 0.217915 0.949759
vt 0.216483 0.954285
vt 0.213465 0.952868
vt 0.214934 0.948355
vt 0.077380 0.553309
vt 0.078419 0.549697
vt 0.080994 0.558118
vt 0.702762 0.865935
vt 0.706101 0.861597
vt 0.710852 0.861282
vt 0.718924 0.650611
vt 0.225061 0.956189
vt 0.229152 0.956277
vt 0.714040 0.650162
vt 0.707535 0.650662
vt 0.703644 0.652721
vt 0.714977 0.865074
vt 0.715419 0.861144
vt 0.722829 0.856685
vt 0.719982 0.856584
vt 0.220696 0.955517
vt 0.214725 0.958747
vt 0.211593 0.957052
vt 0.076290 0.557394
vt 0.073010 0.551754
vt 0.074391 0.547816
vt 0.701380 0.862032
vt 0.705539 0.857190
vt 0.710447 0.856846
vt 0.715901 0.647316
vt 0.228155 0.960651
vt 0.223859 0.960554
vt 0.711116 0.647375
vt 0.700583 0.649662
vt 0.704613 0.647837
vt 0.715667 0.856678
vt 0.698850 0.645848
vt 0.697315 0.650661
vt 0.695611 0.646410
vt 0.219305 0.959981
vt 0.213174 0.963259
vt 0.209763 0.961221
vt 0.071608 0.556276
vt 0.068747 0.550085
vt 0.070464 0.545383
vt 0.701129 0.857527
vt 0.705764 0.852540
vt 0.710672 0.851733
vt 0.712893 0.644329
vt 0.222715 0.964840
vt 0.227108 0.964793
vt 0.707980 0.645014
vt 0.702315 0.644504
vt 0.715581 0.851673
vt 0.719936 0.851952
vt 0.217961 0.964387
vt 0.211972 0.967778
vt 0.208261 0.965386
vt 0.067030 0.554754
vt 0.064683 0.548545
vt 0.066020 0.543904
vt 0.701718 0.853256
vt 0.706539 0.848595
vt 0.711075 0.847931
vt 0.709484 0.641875
vt 0.221888 0.968892
vt 0.226441 0.968780
vt 0.704925 0.643809
vt 0.701445 0.641006
vt 0.697384 0.642600
vt 0.719544 0.849624
vt 0.715508 0.848494
vt 0.216999 0.968655
vt 0.211267 0.971729
vt 0.207406 0.969420
vt 0.062783 0.552658
vt 0.061774 0.543955
vt 0.062262 0.548876
vt 0.927735 0.621286
vt 0.924321 0.624332
vt 0.922705 0.621503
vt 0.926572 0.618454
vt 0.928775 0.625102
vt 0.928443 0.628836
vt 0.923303 0.628475
vt 0.225833 0.972436
vt 0.221114 0.972373
vt 0.705546 0.640791
vt 0.927913 0.636184
vt 0.923618 0.635434
vt 0.923212 0.632200
vt 0.928172 0.632555
vt 0.216254 0.972264
vt 0.931935 0.620055
vt 0.935493 0.618716
vt 0.937502 0.623045
vt 0.933095 0.624209
vt 0.059840 0.549208
vt 0.058147 0.545214
vt 0.932900 0.628157
vt 0.932361 0.632070
vt 0.936091 0.631368
vt 0.934703 0.635243
vt 0.931648 0.636184
vt 0.937194 0.627363
vt 0.032492 0.705167
vt 0.645771 0.813351
vt 0.174456 0.513403
s 1
usemtl doguinho_texture.001
f 1/1/1 6/2/2 7/3/3 2/4/4
f 5/5/5 2/4/4 7/3/3 16/6/6
f 17/7/7 7/3/3 6/2/2 18/8/8
f 9/9/9 8/10/10 19/11/11 20/12/12
f 3/13/13 9/9/9 20/12/12 10/14/14
f 21/15/15 22/16/16 11/17/17 10/14/14
f 12/18/18 11/17/17 22/16/16 23/19/19
f 25/20/20 13/21/21 4/22/22 15/23/23
f 14/24/24 26/25/25 27/26/26 15/23/23
f 5/27/5 16/28/6 19/11/11 8/10/10
f 29/29/27 16/6/6 7/3/3 17/7/7
f 17/7/7 18/8/8 30/30/28 31/31/29
f 32/32/30 33/33/31 20/12/12 19/11/11
f 21/15/15 10/14/14 20/12/12 33/33/31
f 21/15/15 34/34/32 35/35/33 22/16/16
f 23/19/19 22/16/16 35/35/33 36/36/34
f 14/24/24 23/19/19 36/36/34 26/25/25
f 25/20/20 37/37/35 24/38/36 13/21/21
f 25/20/20 15/23/23 27/26/26 38/39/37
f 26/25/25 39/40/38 40/41/39 27/26/26
f 28/42/40 41/43/41 30/30/28 18/8/8
f 29/44/27 32/32/30 19/11/11 16/28/6
f 29/29/27 17/7/7 31/31/29 42/45/42
f 30/30/28 43/46/43 44/47/44 31/31/29
f 21/15/15 33/33/31 45/48/45 34/34/32
f 46/49/46 47/50/47 35/35/33 34/34/32
f 36/36/34 35/35/33 47/50/47 48/51/48
f 36/36/34 48/51/48 39/40/38 26/25/25
f 50/52/49 37/37/35 25/20/20 38/39/37
f 40/41/39 51/53/50 38/39/37 27/26/26
f 39/40/38 52/54/51 53/55/52 40/41/39
f 30/30/28 41/43/41 54/56/53 43/46/43
f 29/29/27 42/45/42 55/57/54 32/58/30
f 56/59/55 42/45/42 31/31/29 44/47/44
f 43/46/43 57/60/56 58/61/57 44/47/44
f 59/62/58 46/49/46 34/34/32 45/48/45
f 46/49/46 60/63/59 61/64/60 47/50/47
f 61/64/60 62/65/61 48/51/48 47/50/47
f 39/40/38 48/51/48 62/65/61 52/54/51
f 50/52/49 63/66/62 49/67/63 37/37/35
f 50/52/49 38/39/37 51/53/50 65/68/64
f 40/41/39 66/69/65 67/70/66 51/53/50
f 68/71/67 69/72/68 53/55/52 52/54/51
f 43/46/43 54/56/53 70/73/69 57/60/56
f 55/57/54 42/45/42 56/59/55 71/74/70
f 56/59/55 44/47/44 58/61/57 72/75/71
f 73/76/72 58/61/57 57/60/56 74/77/73
f 59/62/58 75/78/74 60/63/59 46/49/46
f 59/62/58 45/48/45 76/79/75 77/80/76
f 78/81/77 61/64/60 60/63/59 79/82/78
f 78/81/77 80/83/79 62/65/61 61/64/60
f 68/71/67 52/54/51 62/65/61 80/83/79
f 81/84/80 64/85/81 63/66/62 82/86/82
f 50/87/49 65/88/64 82/89/82 63/90/62
f 83/91/83 65/68/64 51/53/50 67/70/66
f 84/92/84 67/70/66 66/69/65 85/93/85
f 68/71/67 86/94/86 87/95/87 69/72/68
f 66/69/65 53/55/52 69/72/68 85/93/85
f 74/77/73 57/60/56 70/73/69 89/96/88
f 56/59/55 72/75/71 90/97/89 71/74/70
f 55/57/54 71/74/70 77/98/76 76/99/75
f 72/75/71 58/61/57 73/76/72 91/100/90
f 92/101/91 73/76/72 74/77/73 93/102/92
f 59/103/58 77/98/76 94/104/93 75/105/74
f 60/63/59 75/78/74 95/106/94 79/82/78
f 96/107/95 78/81/77 79/82/78 97/108/96
f 96/107/95 98/109/97 80/83/79 78/81/77
f 98/109/97 86/94/86 68/71/67 80/83/79
f 81/110/80 82/89/82 99/111/98 100/112/99
f 83/113/83 99/111/98 82/89/82 65/88/64
f 83/91/83 67/70/66 84/92/84 101/114/100
f 84/92/84 85/93/85 102/115/101 103/116/102
f 104/117/103 87/95/87 86/94/86 105/118/104
f 85/93/85 69/72/68 87/95/87 102/115/101
f 88/119/105 106/120/106 89/96/88 70/73/69
f 93/102/92 74/77/73 89/96/88 107/121/107
f 72/75/71 91/100/90 108/122/108 90/97/89
f 90/97/89 94/104/93 77/98/76 71/74/70
f 92/101/91 109/123/109 91/100/90 73/76/72
f 92/101/91 93/102/92 110/124/110 111/125/111
f 94/104/93 112/126/112 95/127/94 75/105/74
f 113/128/113 97/129/96 79/130/78 95/127/94
f 96/107/95 97/108/96 114/131/114 115/132/115
f 96/107/95 115/132/115 116/133/116 98/109/97
f 98/109/97 116/133/116 105/118/104 86/94/86
f 118/134/117 119/135/118 100/112/99 99/111/98
f 83/113/83 101/136/100 118/134/117 99/111/98
f 103/116/102 102/115/101 120/137/119 121/138/120
f 104/117/103 120/137/119 102/115/101 87/95/87
f 122/139/121 123/140/122 104/117/103 105/118/104
f 124/141/123 107/121/107 89/96/88 106/120/106
f 93/102/92 107/121/107 125/142/124 110/124/110
f 109/123/109 126/143/125 108/122/108 91/100/90
f 108/122/108 112/126/112 94/104/93 90/97/89
f 92/101/91 111/125/111 127/144/126 109/123/109
f 128/145/127 129/146/128 111/125/111 110/124/110
f 130/147/129 113/128/113 95/127/94 112/126/112
f 114/148/114 97/129/96 113/128/113 131/149/130
f 114/131/114 132/150/131 133/151/132 115/132/115
f 115/132/115 133/151/132 134/152/133 116/133/116
f 122/139/121 105/118/104 116/133/116 134/152/133
f 119/135/118 135/153/134 117/154/135 100/112/99
f 136/155/136 119/135/118 118/134/117 137/156/137
f 101/136/100 138/157/138 139/158/139 118/134/117
f 121/138/120 120/137/119 140/159/140 141/160/141
f 101/136/100 103/161/102 121/162/120 138/157/138
f 104/117/103 123/140/122 140/159/140 120/137/119
f 142/163/142 143/164/143 123/140/122 122/139/121
f 125/142/124 107/121/107 124/141/123 145/165/144
f 146/166/145 128/145/127 110/124/110 125/142/124
f 109/123/109 127/144/126 147/167/146 126/143/125
f 148/168/147 108/122/108 126/143/125 149/169/148
f 130/147/129 112/126/112 108/122/108 148/168/147
f 129/146/128 150/170/149 127/144/126 111/125/111
f 128/145/127 151/171/150 152/172/151 129/146/128
f 130/147/129 153/173/152 131/149/130 113/128/113
f 114/148/114 131/149/130 154/174/153 132/175/131
f 155/176/154 156/177/155 133/151/132 132/150/131
f 156/177/155 157/178/156 134/152/133 133/151/132
f 142/163/142 122/139/121 134/152/133 157/178/156
f 136/155/136 158/179/157 135/153/134 119/135/118
f 136/155/136 137/156/137 159/180/158 160/181/159
f 138/157/138 161/182/160 162/183/161 139/158/139
f 163/184/162 164/185/163 141/160/141 140/159/140
f 138/157/138 121/162/120 141/186/141 161/182/160
f 143/164/143 163/184/162 140/159/140 123/140/122
f 142/163/142 165/187/164 166/188/165 143/164/143
f 145/165/144 124/141/123 144/189/166 167/190/167
f 146/166/145 125/142/124 145/165/144 168/191/168
f 146/166/145 169/192/169 151/171/150 128/145/127
f 170/193/170 147/167/146 127/144/126 150/170/149
f 171/194/171 149/169/148 126/143/125 147/167/146
f 130/147/129 148/168/147 149/169/148 153/173/152
f 172/195/172 150/170/149 129/146/128 152/172/151
f 173/196/173 152/172/151 151/171/150 174/197/174
f 131/149/130 153/173/152 175/198/175 154/174/153
f 176/199/176 155/200/154 132/175/131 154/174/153
f 177/201/177 178/202/178 156/177/155 155/176/154
f 179/203/179 157/178/156 156/177/155 178/202/178
f 179/203/179 165/187/164 142/163/142 157/178/156
f 136/155/136 160/181/159 181/204/180 158/179/157
f 139/158/139 162/183/161 159/180/158 137/156/137
f 182/205/181 183/206/182 160/181/159 159/180/158
f 184/207/183 162/183/161 161/182/160 185/208/184
f 163/184/162 186/209/185 187/210/186 164/185/163
f 185/208/184 161/182/160 141/186/141 164/211/163
f 143/164/143 166/188/165 186/209/185 163/184/162
f 188/212/187 189/213/188 166/188/165 165/187/164
f 190/214/189 168/191/168 145/165/144 167/190/167
f 146/166/145 168/191/168 191/215/190 169/192/169
f 169/192/169 192/216/191 174/197/174 151/171/150
f 171/194/171 147/167/146 170/193/170 193/217/192
f 172/195/172 194/218/193 170/193/170 150/170/149
f 171/194/171 175/198/175 153/173/152 149/169/148
f 173/196/173 195/219/194 172/195/172 152/172/151
f 173/196/173 174/197/174 196/220/195 197/221/196
f 198/222/197 176/199/176 154/174/153 175/198/175
f 199/223/198 155/200/154 176/199/176 200/224/199
f 177/201/177 201/225/200 202/226/201 178/202/178
f 179/203/179 178/202/178 202/226/201 203/227/202
f 179/203/179 203/227/202 188/212/187 165/187/164
f 180/228/203 158/179/157 181/204/180 204/229/204
f 183/206/182 205/230/205 181/204/180 160/181/159
f 184/207/183 182/205/181 159/180/158 162/183/161
f 182/205/181 206/231/206 207/232/207 183/206/182
f 184/207/183 185/208/184 208/233/208 209/234/209
f 210/235/210 211/236/211 187/210/186 186/209/185
f 185/208/184 164/211/163 187/237/186 212/238/212
f 210/235/210 186/209/185 166/188/165 189/213/188
f 213/239/213 214/240/214 189/213/188 188/212/187
f 190/214/189 216/241/215 191/215/190 168/191/168
f 169/192/169 191/215/190 217/242/216 192/216/191
f 174/197/174 192/216/191 218/243/217 196/220/195
f 219/244/218 193/217/192 170/193/170 194/218/193
f 198/222/197 175/198/175 171/194/171 193/217/192
f 172/195/172 195/219/194 220/245/219 194/218/193
f 173/196/173 197/221/196 221/246/220 195/219/194
f 222/247/221 223/248/222 197/221/196 196/220/195
f 198/222/197 224/249/223 200/224/199 176/199/176
f 199/223/198 200/224/199 225/250/224 226/251/225
f 199/223/198 226/251/225 201/252/200 177/253/177
f 227/254/226 228/255/227 202/226/201 201/225/200
f 229/256/228 203/227/202 202/226/201 228/255/227
f 229/256/228 213/239/213 188/212/187 203/227/202
f 204/229/204 181/204/180 205/230/205 231/257/229
f 183/206/182 207/232/207 232/258/230 205/230/205
f 184/207/183 209/234/209 206/231/206 182/205/181
f 233/259/231 207/232/207 206/231/206 234/260/232
f 235/261/233 208/233/208 185/208/184 212/238/212
f 208/233/208 236/262/234 237/263/235 209/234/209
f 210/235/210 238/264/236 239/265/237 211/236/211
f 235/261/233 212/238/212 187/237/186 211/266/211
f 210/235/210 189/213/188 214/240/214 238/264/236
f 240/267/238 241/268/239 214/240/214 213/239/213
f 190/214/189 215/269/240 242/270/241 216/241/215
f 217/242/216 191/215/190 216/241/215 243/271/242
f 217/242/216 244/272/243 218/243/217 192/216/191
f 222/247/221 196/220/195 218/243/217 245/273/244
f 198/222/197 193/217/192 219/244/218 224/249/223
f 246/274/245 219/244/218 194/218/193 220/245/219
f 247/275/246 220/245/219 195/219/194 221/246/220
f 221/246/220 197/221/196 223/248/222 248/276/247
f 249/277/248 223/248/222 222/247/221 250/278/249
f 251/279/250 225/250/224 200/224/199 224/249/223
f 252/280/251 253/281/252 226/251/225 225/250/224
f 227/282/226 201/252/200 226/251/225 253/281/252
f 227/254/226 254/283/253 255/284/254 228/255/227
f 229/256/228 228/255/227 255/284/254 256/285/255
f 240/267/238 213/239/213 229/256/228 256/285/255
f 230/286/256 204/229/204 231/257/229 257/287/257
f 231/257/229 205/230/205 232/258/230 258/288/258
f 233/259/231 259/289/259 232/258/230 207/232/207
f 237/263/235 234/260/232 206/231/206 209/234/209
f 233/259/231 234/260/232 260/290/260 261/291/261
f 235/261/233 262/292/262 236/262/234 208/233/208
f 236/262/234 263/293/263 264/294/264 237/263/235
f 238/264/236 265/295/265 266/296/266 239/265/237
f 235/261/233 211/266/211 239/297/237 262/292/262
f 238/264/236 214/240/214 241/268/239 265/295/265
f 240/267/238 267/298/267 268/299/268 241/268/239
f 269/300/269 243/271/242 216/241/215 242/270/241
f 217/242/216 243/271/242 270/301/270 244/272/243
f 244/272/243 271/302/271 245/273/244 218/243/217
f 222/247/221 245/273/244 272/303/272 250/278/249
f 251/279/250 224/249/223 219/244/218 273/304/273
f 246/274/245 220/245/219 247/275/246 274/305/274
f 247/275/246 221/246/220 248/276/247 275/306/275
f 249/277/248 276/307/276 248/276/247 223/248/222
f 277/308/277 249/277/248 250/278/249 278/309/278
f 251/279/250 279/310/279 252/280/251 225/250/224
f 252/280/251 280/311/280 281/312/281 253/281/252
f 227/282/226 253/281/252 281/312/281 254/313/253
f 282/314/282 283/315/283 255/284/254 254/283/253
f 284/316/284 256/285/255 255/284/254 283/315/283
f 284/316/284 267/298/267 240/267/238 256/285/255
f 231/257/229 258/288/258 287/317/285 257/287/257
f 288/318/286 258/288/258 232/258/230 259/289/259
f 233/259/231 261/291/261 289/319/287 259/289/259
f 264/294/264 260/290/260 234/260/232 237/263/235
f 261/291/261 260/290/260 290/320/288 291/321/289
f 236/262/234 262/292/262 292/322/290 263/293/263
f 293/323/291 264/294/264 263/293/263 294/324/292
f 295/325/293 296/326/294 266/296/266 265/295/265
f 292/322/290 262/292/262 239/297/237 266/327/266
f 295/325/293 265/295/265 241/268/239 268/299/268
f 267/298/267 297/328/295 298/329/296 268/299/268
f 269/300/269 299/330/297 270/301/270 243/271/242
f 270/301/270 300/331/298 271/302/271 244/272/243
f 301/332/299 272/303/272 245/273/244 271/302/271
f 302/333/300 278/309/278 250/278/249 272/303/272
f 251/279/250 273/304/273 303/334/301 279/310/279
f 304/335/302 274/305/274 247/275/246 275/306/275
f 246/274/245 274/305/274 303/334/301 273/304/273
f 277/308/277 305/336/303 276/307/276 249/277/248
f 306/337/304 277/308/277 278/309/278 307/338/305
f 252/280/251 279/310/279 308/339/306 280/311/280
f 281/312/281 280/311/280 309/340/307 310/341/308
f 282/342/282 254/313/253 281/312/281 310/341/308
f 282/314/282 311/343/309 312/344/310 283/315/283
f 284/316/284 283/315/283 312/344/310 313/345/311
f 284/316/284 313/345/311 297/328/295 267/298/267
f 314/346/312 286/347/313 285/348/314 315/349/315
f 317/350/316 287/317/285 258/288/258 288/318/286
f 315/349/315 285/348/314 257/287/257 287/317/285
f 318/351/317 288/318/286 259/289/259 289/319/287
f 319/352/318 289/319/287 261/291/261 291/321/289
f 290/320/288 260/290/260 264/294/264 293/323/291
f 290/320/288 320/353/319 321/354/320 291/321/289
f 263/293/263 292/322/290 322/355/321 294/324/292
f 323/356/322 324/357/323 293/323/291 294/324/292
f 325/358/324 326/359/325 296/326/294 295/325/293
f 292/322/290 266/327/266 296/360/294 322/355/321
f 325/358/324 295/325/293 268/299/268 298/329/296
f 327/361/326 298/329/296 297/328/295 328/362/327
f 330/363/328 300/331/298 270/301/270 299/330/297
f 301/332/299 271/302/271 300/331/298 331/364/329
f 301/332/299 332/365/330 302/333/300 272/303/272
f 307/338/305 278/309/278 302/333/300 333/366/331
f 303/334/301 334/367/332 308/339/306 279/310/279
f 304/335/302 334/367/332 303/334/301 274/305/274
f 304/335/302 275/306/275 335/368/333 336/369/334
f 306/337/304 337/370/335 305/336/303 277/308/277
f 338/371/336 339/372/337 276/307/276 305/336/303
f 306/337/304 307/338/305 340/373/338 341/374/339
f 280/311/280 308/339/306 342/375/340 309/340/307
f 343/376/341 310/341/308 309/340/307 344/377/342
f 282/342/282 310/341/308 343/376/341 311/378/309
f 345/379/343 346/380/344 312/381/310 311/378/309
f 313/345/311 312/344/310 346/382/344 347/383/345
f 313/345/311 347/383/345 328/362/327 297/328/295
f 314/346/312 348/384/346 316/385/347 286/347/313
f 314/346/312 315/349/315 349/386/348 350/387/349
f 349/386/348 315/349/315 287/317/285 317/350/316
f 317/350/316 288/318/286 318/351/317 351/388/350
f 319/352/318 352/389/351 318/351/317 289/319/287
f 319/352/318 291/321/289 353/390/352 354/391/353
f 290/320/288 293/323/291 324/357/323 320/353/319
f 355/392/354 321/354/320 320/353/319 356/393/355
f 357/394/356 323/356/322 294/324/292 322/355/321
f 323/356/322 358/395/357 359/396/358 324/357/323
f 361/397/359 362/398/360 326/359/325 325/358/324
f 357/394/356 322/355/321 296/360/294 326/399/325
f 361/397/359 325/358/324 298/329/296 327/361/326
f 327/361/326 328/362/327 363/400/361 364/401/362
f 330/363/328 299/330/297 329/402/363 365/403/364
f 330/363/328 366/404/365 331/364/329 300/331/298
f 301/332/299 331/364/329 367/405/366 332/365/330
f 368/406/367 333/366/331 302/333/300 332/365/330
f 307/338/305 333/366/331 369/407/368 340/373/338
f 370/408/369 342/375/340 308/339/306 334/367/332
f 304/335/302 336/369/334 370/408/369 334/367/332
f 371/409/370 336/369/334 335/368/333 339/372/337
f 306/337/304 341/374/339 372/410/371 337/370/335
f 338/371/336 305/336/303 337/370/335 373/411/372
f 371/409/370 339/372/337 338/371/336 374/412/373
f 375/413/374 376/414/375 341/374/339 340/373/338
f 377/415/376 344/377/342 309/340/307 342/375/340
f 343/376/341 344/377/342 378/416/377 379/417/378
f 343/376/341 379/417/378 345/379/343 311/378/309
f 345/379/343 380/418/379 381/419/380 346/380/344
f 381/420/380 382/421/381 347/383/345 346/382/344
f 347/383/345 382/421/381 363/400/361 328/362/327
f 383/422/382 348/384/346 314/346/312 350/387/349
f 349/386/348 317/350/316 351/388/350 384/423/383
f 318/351/317 352/389/351 385/424/384 351/388/350
f 319/352/318 354/391/353 386/425/385 352/389/351
f 353/390/352 387/426/386 388/427/387 354/391/353
f 359/396/358 356/393/355 320/353/319 324/357/323
f 353/390/352 321/354/320 355/392/354 387/426/386
f 389/428/388 355/392/354 356/393/355 390/429/389
f 357/394/356 391/430/390 358/395/357 323/356/322
f 359/396/358 358/395/357 392/431/391 393/432/392
f 361/397/359 395/433/393 396/434/394 362/398/360
f 357/394/356 326/399/325 362/435/360 391/430/390
f 361/397/359 327/361/326 364/401/362 395/433/393
f 397/436/395 398/437/396 364/401/362 363/400/361
f 330/363/328 365/403/364 399/438/397 366/404/365
f 400/439/398 367/405/366 331/364/329 366/404/365
f 368/406/367 332/365/330 367/405/366 401/440/399
f 368/406/367 402/441/400 369/407/368 333/366/331
f 375/413/374 340/373/338 369/407/368 403/442/401
f 370/408/369 404/443/402 377/415/376 342/375/340
f 371/409/370 404/443/402 370/408/369 336/369/334
f 341/374/339 376/414/375 405/444/403 372/410/371
f 406/445/404 373/411/372 337/370/335 372/410/371
f 407/446/405 374/412/373 338/371/336 373/411/372
f 371/409/370 374/412/373 408/447/406 404/443/402
f 409/448/407 376/414/375 375/413/374 410/449/408
f 377/415/376 411/450/409 378/416/377 344/377/342
f 379/417/378 378/416/377 412/451/410 413/452/411
f 381/419/380 380/418/379 414/453/412 415/454/413
f 381/420/380 415/455/413 416/456/414 382/421/381
f 397/436/395 363/400/361 382/421/381 416/456/414
f 394/457/415 360/458/416 348/384/346 383/422/382
f 383/422/382 350/387/349 417/459/417 418/460/418
f 419/461/419 384/423/383 351/388/350 385/424/384
f 352/389/351 386/425/385 420/462/420 385/424/384
f 421/463/421 386/425/385 354/391/353 388/427/387
f 422/464/422 388/427/387 387/426/386 423/465/423
f 390/429/389 356/393/355 359/396/358 393/432/392
f 387/426/386 355/392/354 389/428/388 423/465/423
f 389/428/388 390/429/389 424/466/424 425/467/425
f 426/468/426 392/431/391 358/395/357 391/430/390
f 427/469/427 393/432/392 392/431/391 428/470/428
f 430/471/429 431/472/430 396/434/394 395/433/393
f 362/435/360 396/473/394 426/468/426 391/430/390
f 398/437/396 432/474/431 395/433/393 364/401/362
f 397/436/395 433/475/432 434/476/433 398/437/396
f 400/439/398 366/404/365 399/438/397 436/477/434
f 437/478/435 401/440/399 367/405/366 400/439/398
f 368/406/367 401/440/399 438/479/436 402/441/400
f 439/480/437 403/442/401 369/407/368 402/441/400
f 375/413/374 403/442/401 440/481/438 410/449/408
f 377/415/376 404/443/402 408/447/406 411/450/409
f 409/448/407 441/482/439 405/444/403 376/414/375
f 406/445/404 372/410/371 405/444/403 442/483/440
f 406/445/404 443/484/441 407/446/405 373/411/372
f 407/446/405 444/485/442 408/447/406 374/412/373
f 445/486/443 409/448/407 410/449/408 446/487/444
f 411/450/409 447/488/445 412/451/410 378/416/377
f 448/489/446 449/490/447 413/452/411 412/451/410
f 450/491/448 415/454/413 414/453/412 451/492/449
f 452/493/450 416/456/414 415/455/413 450/494/448
f 397/436/395 416/456/414 452/493/450 433/475/432
f 394/457/415 383/422/382 418/460/418 429/495/451
f 418/460/418 417/459/417 453/496/452 454/497/453
f 419/461/419 385/424/384 420/462/420 455/498/454
f 421/463/421 456/499/455 420/462/420 386/425/385
f 422/464/422 457/500/456 421/463/421 388/427/387
f 422/464/422 423/465/423 458/501/457 459/502/458
f 390/429/389 393/432/392 427/469/427 424/466/424
f 389/428/388 425/467/425 458/501/457 423/465/423
f 425/467/425 424/466/424 460/503/459 461/504/460
f 426/468/426 462/505/461 428/470/428 392/431/391
f 463/506/462 464/507/463 427/469/427 428/470/428
f 466/508/464 467/509/465 431/472/430 430/471/429
f 426/468/426 396/473/394 431/510/430 462/505/461
f 398/437/396 434/476/433 468/511/466 432/474/431
f 469/512/467 470/513/468 434/476/433 433/475/432
f 471/514/469 436/477/434 435/515/470 472/516/471
f 471/514/469 437/478/435 400/439/398 436/477/434
f 437/478/435 473/517/472 438/479/436 401/440/399
f 439/480/437 402/441/400 438/479/436 474/518/473
f 440/481/438 403/442/401 439/480/437 475/519/474
f 440/481/438 476/520/475 446/487/444 410/449/408
f 411/450/409 408/447/406 444/485/442 447/488/445
f 445/486/443 477/521/476 441/482/439 409/448/407
f 478/522/477 442/483/440 405/444/403 441/482/439
f 406/445/404 442/483/440 479/523/478 443/484/441
f 407/446/405 443/484/441 480/524/479 444/485/442
f 445/486/443 446/487/444 481/525/480 482/526/481
f 448/489/446 412/451/410 447/488/445 483/527/482
f 448/489/446 484/528/483 485/529/484 449/490/447
f 449/490/447 451/492/449 414/453/412 413/452/411
f 486/530/485 450/491/448 451/492/449 487/531/486
f 452/493/450 450/494/448 486/532/485 488/533/487
f 452/493/450 488/533/487 469/512/467 433/475/432
f 465/534/488 429/495/451 418/460/418 454/497/453
f 419/461/419 455/498/454 453/496/452 417/459/417
f 489/535/489 490/536/490 454/497/453 453/496/452
f 455/498/454 420/462/420 456/499/455 491/537/491
f 421/463/421 457/500/456 492/538/492 456/499/455
f 422/464/422 459/502/458 493/539/493 457/500/456
f 458/501/457 494/540/494 495/541/495 459/502/458
f 427/469/427 464/507/463 460/503/459 424/466/424
f 496/542/496 461/504/460 460/503/459 497/543/497
f 463/506/462 428/470/428 462/505/461 498/544/498
f 463/506/462 499/545/499 500/546/500 464/507/463
f 466/508/464 502/547/501 503/548/502 467/509/465
f 467/549/465 498/544/498 462/505/461 431/510/430
f 466/508/464 430/471/429 432/474/431 468/511/466
f 468/511/466 434/476/433 470/513/468 504/550/503
f 505/551/504 506/552/505 470/513/468 469/512/467
f 471/514/469 472/516/471 507/553/506 508/554/507
f 471/514/469 508/554/507 473/517/472 437/478/435
f 509/555/508 474/518/473 438/479/436 473/517/472
f 439/480/437 474/518/473 510/556/509 475/519/474
f 440/481/438 475/519/474 511/557/510 476/520/475
f 446/487/444 476/520/475 512/558/511 481/525/480
f 444/485/442 480/524/479 483/527/482 447/488/445
f 445/486/443 482/526/481 513/559/512 477/521/476
f 477/521/476 514/560/513 478/522/477 441/482/439
f 479/523/478 442/483/440 478/522/477 515/561/514
f 479/523/478 516/562/515 480/524/479 443/484/441
f 517/563/516 518/564/517 482/526/481 481/525/480
f 448/489/446 483/527/482 519/565/518 484/528/483
f 520/566/519 485/529/484 484/528/483 521/567/520
f 449/490/447 485/529/484 487/531/486 451/492/449
f 522/568/521 486/530/485 487/531/486 523/569/522
f 522/568/521 524/570/523 488/571/487 486/530/485
f 524/572/523 505/551/504 469/512/467 488/533/487
f 465/534/488 454/497/453 490/536/490 501/573/524
f 489/535/489 453/496/452 455/498/454 491/537/491
f 525/574/525 490/536/490 489/535/489 526/575/526
f 527/576/527 491/537/491 456/499/455 492/538/492
f 457/500/456 493/539/493 528/577/528 492/538/492
f 459/502/458 495/541/495 529/578/529 493/539/493
f 496/542/496 494/540/494 458/501/457 461/504/460
f 495/541/495 494/540/494 530/579/530 531/580/531
f 500/546/500 497/543/497 460/503/459 464/507/463
f 532/581/532 533/582/533 496/542/496 497/543/497
f 463/506/462 498/544/498 534/583/534 499/545/499
f 535/584/535 536/585/536 500/546/500 499/545/499
f 466/508/464 468/511/466 504/550/503 502/547/501
f 539/586/537 540/587/538 503/548/502 502/547/501
f 534/583/534 498/544/498 467/549/465 503/588/502
f 541/589/539 504/550/503 470/513/468 506/552/505
f 505/551/504 542/590/540 543/591/541 506/552/505
f 545/592/542 546/593/543 508/554/507 507/553/506
f 509/555/508 473/517/472 508/554/507 546/593/543
f 509/555/508 547/594/544 510/556/509 474/518/473
f 511/557/510 475/519/474 510/556/509 548/595/545
f 549/596/546 512/558/511 476/520/475 511/557/510
f 517/563/516 481/525/480 512/558/511 550/597/547
f 480/524/479 516/562/515 519/565/518 483/527/482
f 518/564/517 551/598/548 513/559/512 482/526/481
f 477/521/476 513/559/512 552/599/549 514/560/513
f 478/522/477 514/560/513 553/600/550 515/561/514
f 479/523/478 515/561/514 554/601/551 516/562/515
f 555/602/552 556/603/553 518/564/517 517/563/516
f 557/604/554 521/567/520 484/528/483 519/565/518
f 487/531/486 485/529/484 520/566/519 523/569/522
f 558/605/555 559/606/556 520/566/519 521/567/520
f 522/568/521 523/569/522 560/607/557 561/608/558
f 524/572/523 562/609/559 542/590/540 505/551/504
f 525/574/525 538/610/560 501/573/524 490/536/490
f 489/535/489 491/537/491 527/576/527 526/575/526
f 563/611/561 564/612/562 525/574/525 526/575/526
f 565/613/563 527/576/527 492/538/492 528/577/528
f 528/577/528 493/539/493 529/578/529 566/614/564
f 495/541/495 531/580/531 567/615/565 529/578/529
f 496/542/496 533/582/533 530/579/530 494/540/494
f 531/580/531 530/579/530 568/616/566 569/617/567
f 500/546/500 536/585/536 532/581/532 497/543/497
f 532/581/532 570/618/568 571/619/569 533/582/533
f 535/584/535 499/545/499 534/583/534 572/620/570
f 535/584/535 573/621/571 574/622/572 536/585/536
f 537/623/573 538/610/560 575/624/574 576/625/575
f 539/586/537 502/547/501 504/550/503 541/589/539
f 539/586/537 577/626/576 578/627/577 540/587/538
f 534/583/534 503/588/502 540/628/538 572/620/570
f 579/629/578 541/589/539 506/552/505 543/591/541
f 580/630/579 543/591/541 542/590/540 581/631/580
f 583/632/581 546/593/543 545/592/542 584/633/582
f 509/555/508 546/593/543 583/632/581 547/594/544
f 547/594/544 585/634/583 548/595/545 510/556/509
f 549/596/546 511/557/510 548/595/545 586/635/584
f 549/596/546 587/636/585 550/597/547 512/558/511
f 555/602/552 517/563/516 550/597/547 588/637/586
f 557/604/554 519/565/518 516/562/515 554/601/551
f 589/638/587 551/598/548 518/564/517 556/603/553
f 590/639/588 552/599/549 513/559/512 551/598/548
f 591/640/589 553/600/550 514/560/513 552/599/549
f 515/561/514 553/600/550 592/641/590 554/601/551
f 593/642/591 594/643/592 556/644/553 555/645/552
f 558/605/555 521/567/520 557/604/554 595/646/593
f 520/566/519 559/606/556 560/607/557 523/569/522
f 558/605/555 596/647/594 597/648/595 559/606/556
f 598/649/596 599/650/597 561/608/558 560/607/557
f 522/568/521 561/608/558 600/651/598 562/652/559
f 581/631/580 542/590/540 562/609/559 600/653/598
f 564/612/562 575/624/574 538/610/560 525/574/525
f 563/611/561 601/654/599 602/655/600 564/612/562
f 565/613/563 528/577/528 566/614/564 603/656/601
f 604/657/602 566/614/564 529/578/529 567/615/565
f 567/615/565 531/580/531 569/617/567 605/658/603
f 571/619/569 568/616/566 530/579/530 533/582/533
f 606/659/604 569/617/567 568/616/566 607/660/605
f 532/581/532 536/585/536 608/661/606 570/618/568
f 570/618/568 609/662/607 610/663/608 571/619/569
f 611/664/609 573/621/571 535/584/535 572/620/570
f 573/621/571 612/665/610 613/666/611 574/622/572
f 615/667/612 576/625/575 575/624/574 616/668/613
f 539/586/537 541/589/539 579/629/578 577/626/576
f 617/669/614 578/627/577 577/626/576 618/670/615
f 611/664/609 572/620/570 540/628/538 578/671/577
f 619/672/616 579/629/578 543/591/541 580/630/579
f 580/630/579 581/631/580 620/673/617 621/674/618
f 582/675/619 584/633/582 545/592/542 544/676/620
f 583/632/581 584/633/582 623/677/621 624/678/622
f 583/632/581 624/678/622 585/634/583 547/594/544
f 586/635/584 548/595/545 585/634/583 625/679/623
f 549/596/546 586/635/584 626/680/624 587/636/585
f 627/681/625 588/637/586 550/597/547 587/636/585
f 593/642/591 555/645/552 588/682/586 628/683/626
f 557/604/554 554/601/551 592/641/590 595/646/593
f 589/638/587 629/684/627 590/639/588 551/598/548
f 589/685/587 556/644/553 594/643/592 630/686/628
f 631/687/629 591/640/589 552/599/549 590/639/588
f 593/642/591 632/688/630 633/689/631 594/643/592
f 558/605/555 595/646/593 634/690/632 596/647/594
f 598/649/596 560/607/557 559/606/556 597/648/595
f 635/691/633 597/648/595 596/647/594 636/692/634
f 637/693/635 638/694/636 599/650/597 598/649/596
f 561/608/558 599/650/597 639/695/637 600/651/598
f 581/696/580 600/651/598 639/695/637 620/697/617
f 564/612/562 602/655/600 616/668/613 575/624/574
f 563/611/561 640/698/638 641/699/639 601/654/599
f 602/655/600 601/654/599 642/700/640 643/701/641
f 603/656/601 566/614/564 604/657/602 644/702/642
f 565/613/563 603/656/601 641/699/639 640/698/638
f 604/657/602 567/615/565 605/658/603 645/703/643
f 606/659/604 646/704/644 605/658/603 569/617/567
f 607/660/605 568/616/566 571/619/569 610/663/608
f 606/659/604 607/660/605 647/705/645 648/706/646
f 570/618/568 608/661/606 649/707/647 609/662/607
f 650/708/648 610/663/608 609/662/607 651/709/649
f 611/664/609 652/710/650 612/665/610 573/621/571
f 653/711/651 613/666/611 612/665/610 654/712/652
f 649/707/647 608/661/606 574/622/572 613/666/611
f 614/713/653 576/625/575 615/667/612 655/714/654
f 615/667/612 616/668/613 656/715/655 657/716/656
f 619/672/616 618/670/615 577/626/576 579/629/578
f 611/664/609 578/671/577 617/717/614 652/710/650
f 617/717/614 618/718/615 658/719/657 659/720/658
f 619/672/616 580/630/579 660/721/659 661/722/660
f 662/723/661 663/724/662 621/725/618 620/697/617
f 660/721/659 580/630/579 621/674/618 664/726/663
f 582/675/619 622/727/664 623/677/621 584/633/582
f 666/728/665 624/678/622 623/677/621 667/729/666
f 666/728/665 625/679/623 585/634/583 624/678/622
f 668/730/667 626/680/624 586/635/584 625/679/623
f 669/731/668 627/681/625 587/636/585 626/680/624
f 670/732/669 628/683/626 588/682/586 627/733/625
f 671/734/670 632/688/630 593/642/591 628/683/626
f 634/690/632 595/646/593 592/641/590 672/735/671
f 589/638/587 630/736/628 673/737/672 629/684/627
f 631/687/629 590/639/588 629/684/627 674/738/673
f 675/739/674 630/686/628 594/643/592 633/689/631
f 676/740/675 591/640/589 631/687/629 677/741/676
f 678/742/677 679/743/678 633/689/631 632/688/630
f 680/744/679 636/692/634 596/647/594 634/690/632
f 637/693/635 598/649/596 597/648/595 635/691/633
f 681/745/680 682/746/681 635/691/633 636/692/634
f 683/747/682 639/695/637 599/650/597 638/694/636
f 683/747/682 662/723/661 620/697/617 639/695/637
f 656/715/655 616/668/613 602/655/600 643/701/641
f 684/748/683 642/700/640 601/654/599 641/699/639
f 642/700/640 685/749/684 686/750/685 643/701/641
f 604/657/602 645/703/643 687/751/686 644/702/642
f 603/656/601 644/702/642 684/748/683 641/699/639
f 688/752/687 645/703/643 605/658/603 646/704/644
f 606/659/604 648/706/646 689/753/688 646/704/644
f 647/705/645 607/660/605 610/663/608 650/708/648
f 648/706/646 647/705/645 690/754/689 691/755/690
f 651/709/649 609/662/607 649/707/647 692/756/691
f 693/757/692 650/708/648 651/709/649 694/758/693
f 652/710/650 695/759/694 654/712/652 612/665/610
f 653/711/651 692/756/691 649/707/647 613/666/611
f 615/667/612 657/716/656 696/760/695 655/714/654
f 656/715/655 697/761/696 698/762/697 657/716/656
f 619/672/616 661/722/660 658/763/657 618/670/615
f 699/764/698 700/765/699 659/720/658 658/719/657
f 660/721/659 701/766/700 702/767/701 661/722/660
f 703/768/702 704/769/703 663/724/662 662/723/661
f 663/770/662 705/771/704 664/726/663 621/674/618
f 660/721/659 664/726/663 706/772/705 701/766/700
f 665/773/706 667/729/666 623/677/621 622/727/664
f 709/774/707 710/775/708 666/728/665 667/729/666
f 666/728/665 710/775/708 668/730/667 625/679/623
f 669/731/668 626/680/624 668/730/667 711/776/709
f 669/777/668 712/778/710 670/732/669 627/733/625
f 713/779/711 671/734/670 628/683/626 670/732/669
f 714/780/712 678/742/677 632/688/630 671/734/670
f 676/740/675 680/744/679 634/690/632 672/735/671
f 675/739/674 715/781/713 673/782/672 630/686/628
f 716/783/714 674/738/673 629/684/627 673/737/672
f 677/741/676 631/687/629 674/738/673 717/784/715
f 675/739/674 633/689/631 679/743/678 718/785/716
f 676/740/675 677/741/676 719/786/717 680/744/679
f 678/742/677 720/787/718 721/788/719 679/743/678
f 680/744/679 719/786/717 681/745/680 636/692/634
f 722/789/720 637/693/635 635/691/633 682/746/681
f 723/790/721 724/791/722 682/746/681 681/745/680
f 725/792/723 683/747/682 638/694/636 726/793/724
f 725/792/723 703/768/702 662/723/661 683/747/682
f 656/715/655 643/701/641 686/750/685 697/761/696
f 727/794/725 685/749/684 642/700/640 684/748/683
f 728/795/726 729/796/727 686/750/685 685/749/684
f 688/752/687 730/797/728 687/751/686 645/703/643
f 727/794/725 684/748/683 644/702/642 687/751/686
f 731/798/729 688/752/687 646/704/644 689/753/688
f 648/706/646 691/755/690 732/799/730 689/753/688
f 647/705/645 650/708/648 693/757/692 690/754/689
f 690/754/689 733/800/731 734/801/732 691/755/690
f 651/709/649 692/756/691 735/802/733 694/758/693
f 736/803/734 693/757/692 694/758/693 737/804/735
f 654/712/652 695/759/694 738/805/736 739/806/737
f 653/711/651 740/807/738 735/802/733 692/756/691
f 741/808/739 698/762/697 697/761/696 742/809/740
f 702/767/701 699/810/698 658/763/657 661/722/660
f 699/764/698 743/811/741 744/812/742 700/765/699
f 745/813/743 746/814/744 659/720/658 700/765/699
f 701/766/700 747/815/745 748/816/746 702/767/701
f 703/768/702 749/817/747 750/818/748 704/769/703
f 664/726/663 705/771/704 751/819/749 706/772/705
f 701/766/700 706/772/705 752/820/750 747/815/745
f 709/774/707 667/729/666 665/773/706 708/821/751
f 753/822/752 754/823/753 708/824/751 707/825/754
f 709/774/707 755/826/755 756/827/756 710/775/708
f 668/730/667 710/775/708 756/827/756 711/776/709
f 669/777/668 711/828/709 757/829/757 712/778/710
f 713/779/711 670/732/669 712/778/710 758/830/758
f 714/780/712 671/734/670 713/779/711 759/831/759
f 714/780/712 760/832/760 720/787/718 678/742/677
f 675/739/674 718/785/716 761/833/761 715/781/713
f 716/834/714 673/782/672 715/781/713 762/835/762
f 716/783/714 763/836/763 717/784/715 674/738/673
f 764/837/764 719/786/717 677/741/676 717/784/715
f 718/785/716 679/743/678 721/788/719 765/838/765
f 766/839/766 767/840/767 721/788/719 720/787/718
f 723/790/721 681/745/680 719/786/717 764/837/764
f 722/789/720 768/841/768 726/793/724 637/693/635
f 722/789/720 682/746/681 724/791/722 769/842/769
f 723/790/721 770/843/770 771/844/771 724/791/722
f 725/792/723 726/793/724 768/841/768 772/845/772
f 725/792/723 772/845/772 749/817/747 703/768/702
f 729/796/727 742/809/740 697/761/696 686/750/685
f 728/795/726 685/749/684 727/794/725 773/846/773
f 728/795/726 774/847/774 775/848/775 729/796/727
f 731/798/729 776/849/776 730/797/728 688/752/687
f 730/797/728 773/846/773 727/794/725 687/751/686
f 731/798/729 689/753/688 732/799/730 777/850/777
f 778/851/778 732/799/730 691/755/690 734/801/732
f 736/803/734 733/800/731 690/754/689 693/757/692
f 779/852/779 734/853/732 733/854/731 780/855/780
f 694/758/693 735/802/733 781/856/781 737/804/735
f 782/857/782 783/858/783 736/803/734 737/804/735
f 745/813/743 738/805/736 695/759/694 746/814/744
f 784/859/784 785/860/785 739/806/737 738/805/736
f 786/861/786 781/856/781 735/802/733 740/807/738
f 787/862/787 741/808/739 742/809/740 788/863/788
f 702/767/701 748/816/746 743/864/741 699/810/698
f 789/865/789 790/866/790 744/812/742 743/811/741
f 745/813/743 700/765/699 744/812/742 791/867/791
f 750/818/748 749/817/747 792/868/792 793/869/793
f 794/870/794 704/769/703 750/818/748 795/871/795
f 751/819/749 796/872/796 752/820/750 706/772/705
f 747/815/745 752/820/750 797/873/797 798/874/798
f 709/774/707 708/821/751 754/875/753 755/826/755
f 799/876/799 800/877/800 754/823/753 753/822/752
f 801/878/801 756/879/756 755/880/755 802/881/802
f 801/878/801 757/829/757 711/828/709 756/879/756
f 713/779/711 758/830/758 803/882/803 759/831/759
f 714/780/712 759/831/759 804/883/804 760/832/760
f 760/832/760 805/884/805 766/839/766 720/787/718
f 718/785/716 765/838/765 806/885/806 761/833/761
f 807/886/807 762/835/762 715/781/713 761/833/761
f 716/834/714 762/835/762 808/887/808 763/888/763
f 765/838/765 721/788/719 767/840/767 809/889/809
f 810/890/810 811/891/811 767/840/767 766/839/766
f 723/790/721 764/837/764 763/836/763 770/843/770
f 722/789/720 769/842/769 812/892/812 768/841/768
f 813/893/813 769/842/769 724/791/722 771/844/771
f 814/894/814 771/895/771 770/896/770 815/897/815
f 729/796/727 775/848/775 788/863/788 742/809/740
f 728/795/726 773/846/773 816/898/816 774/847/774
f 817/899/817 818/900/818 775/848/775 774/847/774
f 731/798/729 777/850/777 819/901/819 776/849/776
f 776/849/776 816/898/816 773/846/773 730/797/728
f 778/851/778 820/902/820 777/850/777 732/799/730
f 778/903/778 734/853/732 779/852/779 821/904/821
f 736/803/734 783/858/783 780/905/780 733/800/731
f 779/852/779 780/855/780 822/906/822 823/907/823
f 782/908/782 824/909/824 825/910/825 783/911/783
f 782/857/782 737/804/735 826/912/826 827/913/827
f 745/813/743 791/867/791 784/859/784 738/805/736
f 784/859/784 828/914/828 829/915/829 785/860/785
f 786/861/786 830/916/830 826/912/826 781/856/781
f 786/861/786 740/807/738 785/860/785 829/915/829
f 787/862/787 788/863/788 831/917/831 832/918/832
f 748/816/746 798/874/798 789/919/789 743/864/741
f 833/920/833 834/921/834 790/866/790 789/865/789
f 835/922/835 744/812/742 790/866/790 836/923/836
f 793/869/793 792/868/792 837/924/837 838/925/838
f 795/871/795 750/818/748 793/869/793 839/926/839
f 794/870/794 840/927/840 796/928/796 751/929/749
f 797/873/797 752/820/750 796/872/796 841/930/841
f 842/931/842 798/874/798 797/873/797 843/932/843
f 800/877/800 802/881/802 755/880/755 754/823/753
f 799/876/799 844/933/844 845/934/845 800/877/800
f 801/878/801 802/881/802 846/935/846 847/936/847
f 803/882/803 758/830/758 848/937/848 849/938/849
f 803/882/803 850/939/850 804/883/804 759/831/759
f 760/832/760 804/883/804 851/940/851 805/884/805
f 852/941/852 810/890/810 766/839/766 805/884/805
f 806/885/806 765/838/765 809/889/809 853/942/853
f 807/886/807 761/833/761 806/885/806 854/943/854
f 807/886/807 855/944/855 808/887/808 762/835/762
f 815/897/815 770/896/770 763/888/763 808/887/808
f 809/889/809 767/840/767 811/891/811 856/945/856
f 857/946/857 858/947/858 811/891/811 810/890/810
f 859/948/859 812/892/812 769/842/769 813/893/813
f 814/894/814 860/949/860 813/950/813 771/895/771
f 814/894/814 815/897/815 861/951/861 862/952/862
f 818/900/818 831/917/831 788/863/788 775/848/775
f 817/899/817 774/847/774 816/898/816 863/953/863
f 817/899/817 864/954/864 865/955/865 818/900/818
f 858/956/858 819/901/819 777/850/777 820/902/820
f 819/901/819 863/953/863 816/898/816 776/849/776
f 778/903/778 821/904/821 856/945/856 820/957/820
f 821/904/821 779/852/779 823/907/823 853/942/853
f 825/910/825 822/906/822 780/855/780 783/911/783
f 854/943/854 823/907/823 822/906/822 866/958/866
f 782/908/782 827/959/827 867/960/867 824/909/824
f 825/910/825 824/909/824 868/961/868 869/962/869
f 870/963/870 827/913/827 826/912/826 830/916/830
f 791/867/791 871/964/871 828/914/828 784/859/784
f 872/965/872 829/915/829 828/914/828 873/966/873
f 872/965/872 830/916/830 786/861/786 829/915/829
f 874/967/874 875/968/875 832/918/832 831/917/831
f 833/969/833 789/919/789 798/874/798 842/931/842
f 876/970/876 834/921/834 833/920/833 877/971/877
f 834/921/834 878/972/878 836/923/836 790/866/790
f 835/922/835 836/923/836 879/973/879 880/974/880
f 859/948/859 837/924/837 792/868/792 812/892/812
f 881/975/881 838/925/838 837/924/837 882/976/882
f 883/977/883 839/926/839 793/869/793 838/925/838
f 795/871/795 839/926/839 884/978/884 840/927/840
f 885/979/885 841/980/841 796/928/796 840/927/840
f 797/873/797 841/930/841 886/981/886 843/932/843
f 887/982/887 888/983/888 842/931/842 843/932/843
f 800/877/800 845/934/845 846/935/846 802/881/802
f 845/934/845 844/933/844 889/984/889 890/985/890
f 847/936/847 846/935/846 891/986/891 848/937/848
f 892/987/892 849/938/849 848/937/848 891/986/891
f 893/988/893 850/939/850 803/882/803 849/938/849
f 894/989/894 851/940/851 804/883/804 850/939/850
f 852/941/852 805/884/805 851/940/851 895/990/895
f 857/946/857 810/890/810 852/941/852 864/991/864
f 821/904/821 853/942/853 809/889/809 856/945/856
f 806/885/806 853/942/853 823/907/823 854/943/854
f 807/886/807 854/943/854 866/958/866 855/944/855
f 855/944/855 861/951/861 815/897/815 808/887/808
f 858/947/858 820/957/820 856/945/856 811/891/811
f 857/992/857 863/953/863 819/901/819 858/956/858
f 859/993/859 813/950/813 860/949/860 896/994/896
f 814/894/814 862/952/862 897/995/897 860/949/860
f 862/952/862 861/951/861 869/962/869 868/961/868
f 874/967/874 831/917/831 818/900/818 865/955/865
f 857/992/857 864/954/864 817/899/817 863/953/863
f 852/941/852 898/996/898 865/997/865 864/991/864
f 825/910/825 869/962/869 866/958/866 822/906/822
f 867/960/867 827/959/827 870/998/870 899/999/899
f 867/960/867 900/1000/900 868/961/868 824/909/824
f 901/1001/901 870/963/870 830/916/830 872/965/872
f 835/922/835 880/974/880 871/964/871 791/867/791
f 828/914/828 871/964/871 902/1002/902 873/966/873
f 872/965/872 873/966/873 902/1002/902 903/1003/903
f 874/967/874 904/1004/904 905/1005/905 875/968/875
f 833/1006/833 842/1007/842 888/1008/888 877/1009/877
f 907/1010/906 908/1011/907 876/970/876 877/971/877
f 879/973/879 836/923/836 878/972/878 909/1012/908
f 879/973/879 910/1013/909 911/1014/910 880/974/880
f 859/993/859 896/994/896 882/1015/882 837/1016/837
f 883/977/883 838/925/838 881/975/881 912/1017/911
f 913/1018/912 881/1019/881 882/1015/882 914/1020/913
f 883/977/883 915/1021/914 884/978/884 839/926/839
f 885/979/885 840/927/840 884/978/884 916/1022/915
f 885/979/885 917/1023/916 886/1024/886 841/980/841
f 887/982/887 843/932/843 886/981/886 918/1025/917
f 887/982/887 919/1026/918 920/1027/919 888/983/888
f 845/934/845 890/985/890 891/986/891 846/935/846
f 921/1028/920 922/1029/921 890/985/890 889/984/889
f 893/988/893 849/938/849 892/987/892 923/1030/922
f 892/987/892 891/986/891 890/985/890 922/1029/921
f 924/1031/923 894/989/894 850/939/850 893/988/893
f 894/989/894 925/1032/924 895/990/895 851/940/851
f 866/958/866 869/962/869 861/951/861 855/944/855
f 897/995/897 914/1020/913 896/994/896 860/949/860
f 897/995/897 862/952/862 868/961/868 900/1000/900
f 874/967/874 865/955/865 898/1033/898 904/1004/904
f 926/1034/925 899/999/899 870/998/870 901/1035/901
f 927/1036/926 900/1000/900 867/960/867 899/999/899
f 901/1001/901 872/965/872 903/1003/903 928/1037/927
f 880/974/880 911/1014/910 902/1002/902 871/964/871
f 911/1014/910 929/1038/928 903/1003/903 902/1002/902
f 925/1032/924 930/1039/929 905/1040/905 904/1041/904
f 931/1042/930 906/1043/931 875/968/875 905/1005/905
f 907/1044/906 877/1009/877 888/1008/888 920/1045/919
f 907/1010/906 932/1046/932 933/1047/933 908/1011/907
f 934/1048/934 935/1049/935 876/970/876 908/1011/907
f 879/973/879 909/1012/908 936/1050/936 910/1013/909
f 911/1014/910 910/1013/909 937/1051/937 929/1038/928
f 913/1018/912 938/1052/938 912/1053/911 881/1019/881
f 883/977/883 912/1017/911 939/1054/939 915/1021/914
f 913/1018/912 914/1020/913 927/1036/926 940/1055/940
f 941/1056/941 916/1022/915 884/978/884 915/1021/914
f 885/979/885 916/1022/915 942/1057/942 917/1023/916
f 943/1058/943 918/1059/917 886/1024/886 917/1023/916
f 887/982/887 918/1025/917 944/1060/944 919/1026/918
f 919/1026/918 945/1061/945 946/1062/946 920/1027/919
f 921/1028/920 947/1063/947 948/1064/948 922/1029/921
f 923/1030/922 892/987/892 922/1029/921 948/1064/948
f 924/1031/923 893/988/893 923/1030/922 949/1065/949
f 924/1031/923 930/1039/929 925/1032/924 894/989/894
f 925/1032/924 904/1041/904 898/996/898 895/990/895
f 897/995/897 900/1000/900 927/1036/926 914/1020/913
f 926/1034/925 940/1055/940 927/1036/926 899/999/899
f 926/1034/925 901/1035/901 928/1066/927 950/1067/950
f 929/1038/928 951/1068/951 928/1037/927 903/1003/903
f 931/1069/930 905/1040/905 930/1039/929 954/1070/952
f 907/1044/906 920/1045/919 946/1071/946 932/1072/932
f 932/1046/932 955/1073/953 956/1074/954 933/1047/933
f 934/1048/934 908/1011/907 933/1047/933 957/1075/955
f 934/1048/934 958/1076/956 959/1077/957 935/1049/935
f 935/1049/935 959/1077/957 936/1050/936 909/1012/908
f 937/1051/937 910/1013/909 936/1050/936 960/1078/958
f 937/1051/937 961/1079/959 951/1068/951 929/1038/928
f 913/1018/912 940/1055/940 962/1080/960 938/1052/938
f 938/1052/938 963/1081/961 939/1082/939 912/1053/911
f 941/1056/941 915/1021/914 939/1054/939 964/1083/962
f 941/1056/941 965/1084/963 942/1057/942 916/1022/915
f 966/1085/964 943/1058/943 917/1023/916 942/1057/942
f 967/1086/965 944/1087/944 918/1059/917 943/1058/943
f 919/1026/918 944/1060/944 968/1088/966 945/1061/945
f 969/1089/967 970/1090/968 946/1062/946 945/1061/945
f 972/1091/969 973/1092/970 948/1064/948 947/1063/947
f 973/1092/970 949/1065/949 923/1030/922 948/1064/948
f 924/1031/923 949/1065/949 954/1070/952 930/1039/929
f 926/1034/925 950/1067/950 962/1080/960 940/1055/940
f 950/1093/950 928/1094/927 951/1095/951 974/1096/971
f 976/1097/972 952/1098/973 953/1099/974 977/1100/975
f 931/1069/930 954/1070/952 977/1100/975 953/1099/974
f 932/1072/932 946/1071/946 970/1101/968 955/1102/953
f 955/1073/953 978/1103/976 979/1104/977 956/1074/954
f 957/1075/955 933/1047/933 956/1074/954 980/1105/978
f 934/1048/934 957/1075/955 981/1106/979 958/1076/956
f 958/1076/956 982/1107/980 983/1108/981 959/1077/957
f 936/1050/936 959/1077/957 983/1108/981 960/1078/958
f 937/1051/937 960/1078/958 984/1109/982 961/1079/959
f 951/1095/951 961/1110/959 985/1111/983 974/1096/971
f 938/1052/938 962/1080/960 986/1112/984 963/1081/961
f 987/1113/985 964/1083/962 939/1054/939 963/1114/961
f 941/1056/941 964/1083/962 988/1115/986 965/1084/963
f 966/1085/964 942/1057/942 965/1084/963 989/1116/987
f 967/1086/965 943/1058/943 966/1085/964 990/1117/988
f 967/1086/965 991/1118/989 968/1119/966 944/1087/944
f 969/1089/967 945/1061/945 968/1088/966 992/1120/990
f 993/1121/991 994/1122/992 970/1101/968 969/1123/967
f 972/1091/969 947/1063/947 971/1124/993 995/1125/994
f 976/1097/972 977/1100/975 973/1092/970 972/1091/969
f 973/1092/970 977/1100/975 954/1070/952 949/1065/949
f 950/1093/950 974/1096/971 986/1126/984 962/1127/960
f 976/1097/972 996/1128/995 975/1129/996 952/1098/973
f 955/1102/953 970/1101/968 994/1122/992 978/1130/976
f 997/1131/997 979/1104/977 978/1103/976 998/1132/998
f 956/1074/954 979/1104/977 999/1133/999 980/1105/978
f 957/1075/955 980/1105/978 1000/1134/1000 981/1106/979
f 1001/1135/1001 982/1107/980 958/1076/956 981/1106/979
f 1002/1136/1002 1003/1137/1003 983/1108/981 982/1107/980
f 1003/1137/1003 984/1109/982 960/1078/958 983/1108/981
f 961/1110/959 984/1138/982 1004/1139/1004 985/1111/983
f 986/1112/984 974/1140/971 985/1141/983 1005/1142/1005
f 987/1143/985 963/1081/961 986/1112/984 1005/1142/1005
f 987/1113/985 1006/1144/1006 988/1115/986 964/1083/962
f 988/1115/986 1007/1145/1007 989/1116/987 965/1084/963
f 966/1085/964 989/1116/987 1008/1146/1008 990/1117/988
f 967/1086/965 990/1117/988 1009/1147/1009 991/1118/989
f 1010/1148/1010 992/1149/990 968/1119/966 991/1118/989
f 1011/1150/1011 993/1151/991 969/1089/967 992/1120/990
f 993/1121/991 1012/1152/1012 1013/1153/1013 994/1122/992
f 976/1097/972 972/1091/969 995/1125/994 996/1128/995
f 978/1130/976 994/1122/992 1013/1153/1013 998/1154/998
f 1014/1155/1014 999/1133/999 979/1104/977 997/1131/997
f 997/1156/997 998/1154/998 1015/1157/1015 1016/1158/1016
f 1000/1134/1000 980/1105/978 999/1133/999 1017/1159/1017
f 1001/1135/1001 981/1106/979 1000/1134/1000 1018/1160/1018
f 1001/1135/1001 1019/1161/1019 1002/1136/1002 982/1107/980
f 1002/1136/1002 1020/1162/1020 1021/1163/1021 1003/1137/1003
f 1003/1137/1003 1021/1163/1021 1004/1164/1004 984/1109/982
f 1022/1165/1022 1005/1142/1005 985/1141/983 1004/1166/1004
f 987/1143/985 1005/1142/1005 1022/1165/1022 1006/1167/1006
f 1006/1144/1006 1023/1168/1023 1007/1145/1007 988/1115/986
f 1007/1145/1007 1024/1169/1024 1008/1146/1008 989/1116/987
f 990/1117/988 1008/1146/1008 1025/1170/1025 1009/1147/1009
f 1010/1148/1010 991/1118/989 1009/1147/1009 1026/1171/1026
f 1011/1172/1011 992/1149/990 1010/1148/1010 1027/1173/1027
f 1011/1150/1011 1028/1174/1028 1012/1175/1012 993/1151/991
f 1029/1176/1029 1030/1177/1030 1013/1153/1013 1012/1152/1012
f 998/1154/998 1013/1153/1013 1030/1177/1030 1015/1157/1015
f 1014/1155/1014 1031/1178/1031 1017/1159/1017 999/1133/999
f 1014/1155/1014 997/1131/997 1016/1179/1016 1032/1180/1032
f 1033/1181/1033 1034/1182/1034 1016/1158/1016 1015/1157/1015
f 1000/1134/1000 1017/1159/1017 1035/1183/1035 1018/1160/1018
f 1036/1184/1036 1019/1161/1019 1001/1135/1001 1018/1160/1018
f 1002/1136/1002 1019/1161/1019 1037/1185/1037 1020/1162/1020
f 1038/1186/1038 1021/1187/1021 1020/1188/1020 1039/1189/1039
f 1022/1165/1022 1004/1166/1004 1021/1187/1021 1038/1186/1038
f 1006/1167/1006 1022/1165/1022 1038/1186/1038 1023/1190/1023
f 1007/1145/1007 1023/1168/1023 1040/1191/1040 1024/1169/1024
f 1041/1192/1041 1025/1170/1025 1008/1146/1008 1024/1169/1024
f 1009/1147/1009 1025/1170/1025 1042/1193/1042 1026/1171/1026
f 1010/1148/1010 1026/1171/1026 1043/1194/1043 1027/1173/1027
f 1029/1195/1029 1012/1175/1012 1028/1174/1028 1044/1196/1044
f 1029/1176/1029 1045/1197/1045 1046/1198/1046 1030/1177/1030
f 1033/1181/1033 1015/1157/1015 1030/1177/1030 1046/1198/1046
f 1031/1178/1031 1047/1199/1047 1035/1183/1035 1017/1159/1017
f 1048/1200/1048 1032/1180/1032 1016/1179/1016 1034/1201/1034
f 1014/1155/1014 1032/1180/1032 1049/1202/1049 1050/1203/1050
f 1033/1181/1033 1051/1204/1051 1052/1205/1052 1034/1182/1034
f 1036/1184/1036 1018/1160/1018 1035/1183/1035 1053/1206/1053
f 1036/1184/1036 1054/1207/1054 1037/1185/1037 1019/1161/1019
f 1055/1208/1055 1039/1189/1039 1020/1188/1020 1037/1209/1037
f 1040/1210/1040 1023/1190/1023 1038/1186/1038 1039/1189/1039
f 1041/1192/1041 1024/1169/1024 1040/1191/1040 1056/1211/1056
f 1041/1192/1041 1057/1212/1057 1042/1193/1042 1025/1170/1025
f 1058/1213/1058 1027/1173/1027 1043/1194/1043 1059/1214/1059
f 1060/1215/1060 1044/1216/1044 1028/1217/1028 1061/1218/1061
f 1062/1219/1062 1045/1197/1045 1029/1176/1029 1044/1220/1044
f 1063/1221/1063 1046/1198/1046 1045/1197/1045 1064/1222/1064
f 1063/1221/1063 1051/1204/1051 1033/1181/1033 1046/1198/1046
f 1031/1178/1031 1050/1203/1050 1065/1223/1065 1047/1199/1047
f 1047/1199/1047 1066/1224/1066 1053/1206/1053 1035/1183/1035
f 1048/1200/1048 1067/1225/1067 1049/1202/1049 1032/1180/1032
f 1048/1200/1048 1034/1201/1034 1052/1226/1052 1068/1227/1068
f 1049/1202/1049 1069/1228/1069 1065/1223/1065 1050/1203/1050
f 1070/1229/1070 1071/1230/1071 1052/1205/1052 1051/1204/1051
f 1036/1184/1036 1053/1206/1053 1072/1231/1072 1054/1207/1054
f 1073/1232/1073 1055/1208/1055 1037/1209/1037 1054/1233/1054
f 1040/1210/1040 1039/1189/1039 1055/1208/1055 1056/1234/1056
f 1041/1192/1041 1056/1211/1056 1074/1235/1074 1057/1212/1057
f 1075/1236/1075 1043/1194/1043 1042/1193/1042 1057/1212/1057
f 1075/1236/1075 1076/1237/1076 1059/1214/1059 1043/1194/1043
f 1058/1213/1058 1059/1214/1059 1077/1238/1077 1061/1218/1061
f 1060/1215/1060 1078/1239/1078 1062/1240/1062 1044/1216/1044
f 1060/1215/1060 1061/1218/1061 1077/1238/1077 1079/1241/1079
f 1062/1219/1062 1080/1242/1080 1064/1222/1064 1045/1197/1045
f 1063/1221/1063 1064/1222/1064 1081/1243/1081 1082/1244/1082
f 1070/1229/1070 1051/1204/1051 1063/1221/1063 1082/1244/1082
f 1047/1199/1047 1065/1223/1065 1083/1245/1083 1066/1224/1066
f 1053/1246/1053 1066/1247/1066 1084/1248/1084 1072/1249/1072
f 1048/1200/1048 1068/1227/1068 1085/1250/1085 1067/1225/1067
f 1049/1202/1049 1067/1225/1067 1086/1251/1086 1069/1228/1069
f 1083/1245/1083 1065/1223/1065 1069/1228/1069 1087/1252/1087
f 1070/1229/1070 1088/1253/1088 1089/1254/1089 1071/1230/1071
f 1072/1255/1072 1090/1256/1090 1073/1232/1073 1054/1233/1054
f 1074/1257/1074 1056/1234/1056 1055/1208/1055 1073/1232/1073
f 1075/1236/1075 1057/1212/1057 1074/1235/1074 1091/1258/1091
f 1075/1236/1075 1091/1258/1091 1092/1259/1092 1076/1237/1076
f 1076/1237/1076 1093/1260/1093 1077/1238/1077 1059/1214/1059
f 1060/1215/1060 1079/1241/1079 1094/1261/1094 1078/1239/1078
f 1062/1240/1062 1078/1239/1078 1095/1262/1095 1080/1263/1080
f 1096/1264/1096 1079/1241/1079 1077/1238/1077 1093/1260/1093
f 1080/1242/1080 1097/1265/1097 1081/1243/1081 1064/1222/1064
f 1082/1244/1082 1081/1243/1081 1098/1266/1098 1099/1267/1099
f 1070/1229/1070 1082/1244/1082 1099/1267/1099 1088/1253/1088
f 1083/1268/1083 1100/1269/1100 1084/1248/1084 1066/1247/1066
f 1072/1255/1072 1084/1270/1084 1101/1271/1101 1090/1256/1090
f 1071/1272/1071 1102/1273/1102 1085/1250/1085 1068/1227/1068
f 1086/1251/1086 1067/1225/1067 1085/1250/1085 1103/1274/1103
f 1086/1251/1086 1104/1275/1104 1087/1252/1087 1069/1228/1069
f 1083/1268/1083 1087/1276/1087 1105/1277/1105 1100/1269/1100
f 1106/1278/1106 1107/1279/1107 1089/1254/1089 1088/1253/1088
f 1108/1280/1108 1102/1273/1102 1071/1272/1071 1089/1281/1089
f 1074/1257/1074 1073/1232/1073 1090/1256/1090 1091/1282/1091
f 1091/1282/1091 1090/1256/1090 1101/1271/1101 1092/1283/1092
f 1076/1237/1076 1092/1259/1092 1109/1284/1109 1093/1260/1093
f 1096/1264/1096 1110/1285/1110 1094/1261/1094 1079/1241/1079
f 1111/1286/1111 1095/1262/1095 1078/1239/1078 1094/1261/1094
f 1080/1263/1080 1095/1262/1095 1112/1287/1112 1097/1288/1097
f 1096/1264/1096 1093/1260/1093 1109/1284/1109 1113/1289/1113
f 1114/1290/1114 1098/1266/1098 1081/1243/1081 1097/1265/1097
f 1115/1291/1115 1116/1292/1116 1099/1267/1099 1098/1266/1098
f 1106/1278/1106 1088/1253/1088 1099/1267/1099 1116/1292/1116
f 1084/1270/1084 1100/1293/1100 1117/1294/1117 1101/1271/1101
f 1085/1250/1085 1102/1273/1102 1118/1295/1118 1103/1274/1103
f 1119/1296/1119 1104/1275/1104 1086/1251/1086 1103/1274/1103
f 1104/1297/1104 1120/1298/1120 1105/1277/1105 1087/1276/1087
f 1100/1293/1100 1105/1299/1105 1121/1300/1121 1117/1294/1117
f 1122/1301/1122 1107/1279/1107 1106/1278/1106 1123/1302/1123
f 1108/1280/1108 1124/1303/1124 1118/1295/1118 1102/1273/1102
f 1109/1304/1109 1092/1283/1092 1101/1271/1101 1117/1294/1117
f 1096/1264/1096 1113/1289/1113 1125/1305/1125 1110/1285/1110
f 1111/1286/1111 1094/1261/1094 1110/1285/1110 1126/1306/1126
f 1111/1286/1111 1127/1307/1127 1112/1287/1112 1095/1262/1095
f 1114/1308/1114 1097/1288/1097 1112/1287/1112 1128/1309/1128
f 1113/1310/1113 1109/1304/1109 1117/1294/1117 1121/1300/1121
f 1115/1291/1115 1098/1266/1098 1114/1290/1114 1129/1311/1129
f 1115/1291/1115 1130/1312/1130 1131/1313/1131 1116/1292/1116
f 1106/1278/1106 1116/1292/1116 1131/1313/1131 1123/1302/1123
f 1119/1296/1119 1103/1274/1103 1118/1295/1118 1132/1314/1132
f 1119/1315/1119 1133/1316/1133 1120/1317/1120 1104/1318/1104
f 1121/1300/1121 1105/1299/1105 1120/1317/1120 1134/1319/1134
f 1122/1320/1122 1135/1321/1135 1136/1322/1136 1107/1323/1107
f 1122/1301/1122 1123/1302/1123 1137/1324/1137 1138/1325/1138
f 1108/1280/1108 1139/1326/1139 1140/1327/1140 1124/1303/1124
f 1141/1328/1141 1132/1314/1132 1118/1295/1118 1124/1303/1124
f 1125/1329/1125 1113/1310/1113 1121/1300/1121 1134/1319/1134
f 1142/1330/1142 1126/1331/1126 1110/1332/1110 1125/1329/1125
f 1111/1286/1111 1126/1306/1126 1143/1333/1143 1127/1307/1127
f 1144/1334/1144 1145/1335/1145 1128/1309/1128 1112/1287/1112
f 1146/1336/1146 1129/1337/1129 1114/1308/1114 1128/1309/1128
f 1115/1291/1115 1129/1311/1129 1147/1338/1147 1130/1312/1130
f 1130/1312/1130 1148/1339/1148 1149/1340/1149 1131/1313/1131
f 1137/1324/1137 1123/1302/1123 1131/1313/1131 1149/1340/1149
f 1119/1315/1119 1132/1341/1132 1150/1342/1150 1133/1316/1133
f 1133/1316/1133 1151/1343/1151 1134/1319/1134 1120/1317/1120
f 1122/1320/1122 1138/1344/1138 1152/1345/1152 1135/1321/1135
f 1153/1346/1153 1136/1322/1136 1135/1321/1135 1154/1347/1154
f 1137/1324/1137 1155/1348/1155 1156/1349/1156 1138/1325/1138
f 1153/1346/1153 1140/1327/1140 1139/1326/1139 1136/1322/1136
f 1141/1328/1141 1124/1303/1124 1140/1327/1140 1157/1350/1157
f 1141/1351/1141 1158/1352/1158 1150/1342/1150 1132/1341/1132
f 1142/1330/1142 1125/1329/1125 1134/1319/1134 1151/1343/1151
f 1142/1330/1142 1159/1353/1159 1143/1354/1143 1126/1331/1126
f 1144/1334/1144 1127/1307/1127 1143/1333/1143 1160/1355/1160
f 1144/1334/1144 1160/1355/1160 1161/1356/1161 1145/1335/1145
f 1145/1335/1145 1162/1357/1162 1146/1336/1146 1128/1309/1128
f 1146/1336/1146 1163/1358/1163 1147/1359/1147 1129/1337/1129
f 1130/1312/1130 1147/1338/1147 1164/1360/1164 1148/1339/1148
f 1165/1361/1165 1149/1340/1149 1148/1339/1148 1166/1362/1166
f 1165/1361/1165 1155/1348/1155 1137/1324/1137 1149/1340/1149
f 1167/1363/1167 1151/1343/1151 1133/1316/1133 1150/1342/1150
f 1168/1364/1168 1152/1345/1152 1138/1344/1138 1156/1365/1156
f 1169/1366/1169 1170/1367/1170 1135/1321/1135 1152/1345/1152
f 1171/1368/1171 1153/1346/1153 1154/1347/1154 1172/1369/1172
f 1173/1370/1173 1174/1371/1174 1156/1349/1156 1155/1348/1155
f 1171/1368/1171 1157/1350/1157 1140/1327/1140 1153/1346/1153
f 1141/1351/1141 1157/1372/1157 1175/1373/1175 1158/1352/1158
f 1176/1374/1176 1167/1363/1167 1150/1342/1150 1158/1352/1158
f 1142/1330/1142 1151/1343/1151 1167/1363/1167 1159/1353/1159
f 1143/1354/1143 1159/1353/1159 1177/1375/1177 1160/1376/1160
f 1160/1376/1160 1177/1375/1177 1178/1377/1178 1161/1378/1161
f 1145/1335/1145 1161/1356/1161 1179/1379/1179 1162/1357/1162
f 1146/1336/1146 1162/1357/1162 1180/1380/1180 1163/1358/1163
f 1164/1381/1164 1147/1359/1147 1163/1358/1163 1181/1382/1181
f 1182/1383/1182 1166/1362/1166 1148/1339/1148 1164/1360/1164
f 1165/1361/1165 1166/1362/1166 1183/1384/1183 1184/1385/1184
f 1173/1370/1173 1155/1348/1155 1165/1361/1165 1184/1385/1184
f 1185/1386/1185 1169/1366/1169 1152/1345/1152 1168/1364/1168
f 1174/1387/1174 1186/1388/1186 1168/1364/1168 1156/1365/1156
f 1169/1366/1169 1187/1389/1187 1188/1390/1188 1170/1367/1170
f 1172/1369/1172 1154/1347/1154 1170/1367/1170 1188/1390/1188
f 1171/1391/1171 1172/1392/1172 1189/1393/1189 1190/1394/1190
f 1173/1370/1173 1191/1395/1191 1192/1396/1192 1174/1371/1174
f 1171/1391/1171 1190/1394/1190 1175/1373/1175 1157/1372/1157
f 1176/1374/1176 1158/1352/1158 1175/1373/1175 1193/1397/1193
f 1176/1374/1176 1177/1375/1177 1159/1353/1159 1167/1363/1167
f 1176/1374/1176 1193/1397/1193 1178/1377/1178 1177/1375/1177
f 1179/1398/1179 1161/1378/1161 1178/1377/1178 1194/1399/1194
f 1162/1357/1162 1179/1379/1179 1195/1400/1195 1180/1380/1180
f 1181/1382/1181 1163/1358/1163 1180/1380/1180 1196/1401/1196
f 1182/1402/1182 1164/1381/1164 1181/1382/1181 1197/1403/1197
f 1182/1383/1182 1198/1404/1198 1183/1384/1183 1166/1362/1166
f 1183/1384/1183 1199/1405/1199 1200/1406/1200 1184/1385/1184
f 1173/1370/1173 1184/1385/1184 1200/1406/1200 1191/1395/1191
f 1185/1386/1185 1201/1407/1201 1187/1389/1187 1169/1366/1169
f 1185/1386/1185 1168/1364/1168 1186/1388/1186 1202/1408/1202
f 1174/1387/1174 1192/1409/1192 1203/1410/1203 1186/1388/1186
f 1204/1411/1204 1188/1412/1188 1187/1413/1187 1205/1414/1205
f 1204/1411/1204 1189/1393/1189 1172/1392/1172 1188/1412/1188
f 1206/1415/1206 1190/1394/1190 1189/1393/1189 1207/1416/1207
f 1191/1395/1191 1208/1417/1208 1209/1418/1209 1192/1396/1192
f 1206/1415/1206 1193/1397/1193 1175/1373/1175 1190/1394/1190
f 1206/1415/1206 1194/1399/1194 1178/1377/1178 1193/1397/1193
f 1210/1419/1210 1195/1420/1195 1179/1398/1179 1194/1399/1194
f 1196/1401/1196 1180/1380/1180 1195/1400/1195 1211/1421/1211
f 1212/1422/1212 1197/1403/1197 1181/1382/1181 1196/1401/1196
f 1182/1402/1182 1197/1403/1197 1213/1423/1213 1198/1424/1198
f 1183/1384/1183 1198/1404/1198 1214/1425/1214 1199/1405/1199
f 1215/1426/1215 1216/1427/1216 1200/1406/1200 1199/1405/1199
f 1191/1395/1191 1200/1406/1200 1216/1427/1216 1208/1417/1208
f 1185/1386/1185 1202/1408/1202 1217/1428/1217 1201/1407/1201
f 1218/1429/1218 1205/1414/1205 1187/1413/1187 1201/1430/1201
f 1203/1410/1203 1219/1431/1219 1202/1408/1202 1186/1388/1186
f 1192/1409/1192 1209/1432/1209 1220/1433/1220 1203/1410/1203
f 1221/1434/1221 1204/1411/1204 1205/1414/1205 1222/1435/1222
f 1221/1434/1221 1207/1416/1207 1189/1393/1189 1204/1411/1204
f 1206/1415/1206 1207/1416/1207 1210/1419/1210 1194/1399/1194
f 1208/1417/1208 1223/1436/1223 1224/1437/1224 1209/1418/1209
f 1225/1438/1225 1211/1439/1211 1195/1420/1195 1210/1419/1210
f 1225/1438/1225 1226/1440/1226 1196/1441/1196 1211/1439/1211
f 1212/1442/1212 1196/1441/1196 1226/1440/1226 1227/1443/1227
f 1228/1444/1228 1214/1445/1214 1198/1424/1198 1213/1423/1213
f 1229/1446/1229 1215/1426/1215 1199/1405/1199 1214/1425/1214
f 1215/1426/1215 1230/1447/1230 1231/1448/1231 1216/1427/1216
f 1216/1427/1216 1231/1448/1231 1223/1436/1223 1208/1417/1208
f 1217/1428/1217 1202/1408/1202 1219/1431/1219 1232/1449/1232
f 1218/1429/1218 1201/1430/1201 1217/1450/1217 1233/1451/1233
f 1218/1429/1218 1234/1452/1234 1222/1435/1222 1205/1414/1205
f 1235/1453/1235 1219/1431/1219 1203/1410/1203 1220/1433/1220
f 1220/1433/1220 1209/1432/1209 1224/1454/1224 1236/1455/1236
f 1225/1438/1225 1221/1434/1221 1222/1435/1222 1226/1440/1226
f 1225/1438/1225 1210/1419/1210 1207/1416/1207 1221/1434/1221
f 1223/1436/1223 1237/1456/1237 1238/1457/1238 1224/1437/1224
f 1227/1443/1227 1226/1440/1226 1222/1435/1222 1234/1452/1234
f 1212/1422/1212 1227/1458/1227 1239/1459/1239 1213/1423/1213
f 1240/1460/1240 1228/1444/1228 1213/1423/1213 1239/1459/1239
f 1229/1446/1229 1241/1461/1241 1230/1447/1230 1215/1426/1215
f 1242/1462/1242 1231/1448/1231 1230/1447/1230 1243/1463/1243
f 1242/1462/1242 1237/1456/1237 1223/1436/1223 1231/1448/1231
f 1235/1453/1235 1244/1464/1244 1232/1449/1232 1219/1431/1219
f 1233/1451/1233 1217/1450/1217 1232/1465/1232 1245/1466/1245
f 1218/1429/1218 1233/1451/1233 1246/1467/1246 1234/1452/1234
f 1235/1453/1235 1220/1433/1220 1236/1455/1236 1247/1468/1247
f 1248/1469/1248 1236/1455/1236 1224/1454/1224 1238/1470/1238
f 1249/1471/1249 1250/1472/1250 1238/1457/1238 1237/1456/1237
f 1227/1443/1227 1234/1452/1234 1246/1467/1246 1239/1473/1239
f 1240/1460/1240 1251/1474/1251 1252/1475/1252 1228/1444/1228
f 1240/1476/1240 1239/1473/1239 1246/1467/1246 1253/1477/1253
f 1254/1478/1254 1241/1479/1241 1229/1480/1229 1255/1481/1255
f 1243/1463/1243 1230/1447/1230 1241/1461/1241 1256/1482/1256
f 1242/1462/1242 1243/1463/1243 1257/1483/1257 1258/1484/1258
f 1235/1453/1235 1247/1468/1247 1259/1485/1259 1244/1464/1244
f 1245/1466/1245 1232/1465/1232 1244/1486/1244 1260/1487/1260
f 1233/1451/1233 1245/1466/1245 1253/1477/1253 1246/1467/1246
f 1248/1469/1248 1261/1488/1261 1247/1468/1247 1236/1455/1236
f 1248/1469/1248 1238/1470/1238 1250/1489/1250 1262/1490/1262
f 1249/1471/1249 1263/1491/1263 1264/1492/1264 1250/1472/1250
f 1265/1493/1265 1251/1494/1251 1240/1476/1240 1253/1477/1253
f 1266/1495/1266 1267/1496/1267 1252/1497/1252 1251/1494/1251
f 1254/1478/1254 1268/1498/1268 1256/1499/1256 1241/1479/1241
f 1254/1478/1254 1255/1481/1255 1252/1475/1252 1267/1500/1267
f 1243/1463/1243 1256/1482/1256 1269/1501/1269 1257/1483/1257
f 1270/1502/1270 1271/1503/1271 1258/1484/1258 1257/1483/1257
f 1261/1488/1261 1272/1504/1272 1259/1485/1259 1247/1468/1247
f 1273/1505/1273 1260/1487/1260 1244/1486/1244 1259/1506/1259
f 1265/1493/1265 1253/1477/1253 1245/1466/1245 1260/1487/1260
f 1248/1469/1248 1262/1490/1262 1274/1507/1274 1261/1488/1261
f 1275/1508/1275 1262/1490/1262 1250/1489/1250 1264/1509/1264
f 1276/1510/1276 1277/1511/1277 1263/1491/1263 1249/1471/1249
f 1278/1512/1278 1264/1492/1264 1263/1491/1263 1279/1513/1279
f 1265/1493/1265 1280/1514/1280 1266/1495/1266 1251/1494/1251
f 1281/1515/1281 1282/1516/1282 1267/1496/1267 1266/1495/1266
f 1254/1478/1254 1267/1500/1267 1282/1517/1282 1268/1498/1268
f 1283/1518/1283 1269/1519/1269 1256/1499/1256 1268/1498/1268
f 1284/1520/1284 1270/1502/1270 1257/1483/1257 1269/1501/1269
f 1270/1502/1270 1285/1521/1285 1286/1522/1286 1271/1503/1271
f 1276/1510/1276 1258/1484/1258 1271/1503/1271 1277/1511/1277
f 1274/1507/1274 1287/1523/1287 1272/1504/1272 1261/1488/1261
f 1273/1505/1273 1259/1506/1259 1272/1524/1272 1288/1525/1288
f 1265/1493/1265 1260/1487/1260 1273/1505/1273 1280/1514/1280
f 1275/1508/1275 1289/1526/1289 1274/1507/1274 1262/1490/1262
f 1275/1508/1275 1264/1509/1264 1278/1527/1278 1290/1528/1290
f 1291/1529/1291 1279/1513/1279 1263/1491/1263 1277/1511/1277
f 1292/1530/1292 1278/1527/1278 1279/1531/1279 1293/1532/1293
f 1294/1533/1294 1281/1515/1281 1266/1495/1266 1280/1514/1280
f 1281/1515/1281 1295/1534/1295 1296/1535/1296 1282/1516/1282
f 1283/1518/1283 1268/1498/1268 1282/1517/1282 1296/1536/1296
f 1283/1518/1283 1297/1537/1297 1284/1538/1284 1269/1519/1269
f 1284/1520/1284 1298/1539/1298 1285/1521/1285 1270/1502/1270
f 1299/1540/1299 1300/1541/1300 1286/1522/1286 1285/1521/1285
f 1291/1529/1291 1277/1511/1277 1271/1503/1271 1286/1522/1286
f 1289/1526/1289 1301/1542/1301 1287/1523/1287 1274/1507/1274
f 1302/1543/1302 1288/1525/1288 1272/1524/1272 1287/1544/1287
f 1294/1533/1294 1280/1514/1280 1273/1505/1273 1288/1525/1288
f 1275/1508/1275 1290/1528/1290 1303/1545/1303 1289/1526/1289
f 1290/1528/1290 1278/1527/1278 1292/1530/1292 1304/1546/1304
f 1291/1529/1291 1305/1547/1305 1293/1548/1293 1279/1513/1279
f 1294/1533/1294 1306/1549/1306 1295/1534/1295 1281/1515/1281
f 1295/1534/1295 1307/1550/1307 1308/1551/1308 1296/1535/1296
f 1283/1518/1283 1296/1536/1296 1308/1552/1308 1297/1537/1297
f 1284/1538/1284 1297/1537/1297 1309/1553/1309 1298/1554/1298
f 1310/1555/1310 1299/1540/1299 1285/1521/1285 1298/1539/1298
f 1299/1540/1299 1311/1556/1311 1312/1557/1312 1300/1541/1300
f 1291/1529/1291 1286/1522/1286 1300/1541/1300 1305/1547/1305
f 1313/1558/1313 1301/1542/1301 1289/1526/1289 1303/1545/1303
f 1314/1559/1314 1302/1543/1302 1287/1544/1287 1301/1560/1301
f 1294/1533/1294 1288/1525/1288 1302/1543/1302 1306/1549/1306
f 1303/1545/1303 1290/1528/1290 1304/1546/1304 1315/1561/1315
f 1316/1562/1316 1304/1546/1304 1292/1530/1292 1317/1563/1317
f 1317/1564/1317 1293/1548/1293 1305/1547/1305 1318/1565/1318
f 1319/1566/1319 1307/1550/1307 1295/1534/1295 1306/1549/1306
f 1320/1567/1320 1321/1568/1321 1308/1551/1308 1307/1550/1307
f 1309/1553/1309 1297/1537/1297 1308/1552/1308 1321/1569/1321
f 1310/1570/1310 1298/1554/1298 1309/1553/1309 1322/1571/1322
f 1323/1572/1323 1311/1573/1311 1299/1574/1299 1310/1575/1310
f 1311/1573/1311 1324/1576/1324 1325/1577/1325 1312/1578/1312
f 1318/1565/1318 1305/1547/1305 1300/1541/1300 1312/1557/1312
f 1313/1579/1313 1326/1580/1326 1314/1559/1314 1301/1560/1301
f 1313/1558/1313 1303/1545/1303 1315/1561/1315 1327/1581/1327
f 1314/1559/1314 1319/1566/1319 1306/1549/1306 1302/1543/1302
f 1316/1562/1316 1327/1581/1327 1315/1561/1315 1304/1546/1304
f 1316/1582/1316 1317/1583/1317 1318/1584/1318 1328/1585/1328
f 1329/1586/1329 1320/1567/1320 1307/1550/1307 1319/1566/1319
f 1330/1587/1330 1321/1588/1321 1320/1589/1320 1331/1590/1331
f 1330/1591/1330 1322/1571/1322 1309/1553/1309 1321/1569/1321
f 1330/1591/1330 1323/1592/1323 1310/1570/1310 1322/1571/1322
f 1325/1577/1325 1324/1576/1324 1331/1590/1331 1332/1593/1332
f 1328/1585/1328 1318/1584/1318 1312/1578/1312 1325/1577/1325
f 1333/1594/1333 1326/1595/1326 1313/1596/1313 1327/1597/1327
f 1329/1586/1329 1319/1566/1319 1314/1559/1314 1326/1580/1326
f 1333/1594/1333 1327/1597/1327 1316/1582/1316 1328/1585/1328
f 1329/1598/1329 1332/1593/1332 1331/1590/1331 1320/1589/1320
f 1330/1587/1330 1331/1590/1331 1324/1576/1324 1323/1572/1323
f 1333/1594/1333 1328/1585/1328 1325/1577/1325 1332/1593/1332
f 1333/1594/1333 1332/1593/1332 1329/1598/1329 1326/1595/1326
f 32/32/30 55/1599/54 76/79/75 45/48/45 33/33/31
f 40/41/39 53/55/52 66/69/65
f 84/1600/84 103/161/102 101/136/100
f 118/134/117 139/158/139 137/156/137
f 155/200/154 199/223/198 177/253/177
f 219/244/218 246/274/245 273/304/273
f 248/276/247 276/307/276 339/372/337 335/368/333 275/306/275
f 291/321/289 321/354/320 353/390/352
f 349/386/348 384/423/383 419/461/419 417/459/417 350/387/349
f 345/379/343 379/417/378 413/452/411 414/453/412 380/418/379
f 395/433/393 432/474/431 430/471/429
f 425/467/425 461/504/460 458/501/457
f 522/568/521 562/652/559 524/570/523
f 526/575/526 527/576/527 565/613/563 640/698/638 563/611/561
f 536/585/536 574/622/572 608/661/606
f 553/600/550 591/640/589 676/740/675 672/735/671 592/641/590
f 637/693/635 726/793/724 638/694/636
f 653/711/651 654/712/652 739/806/737 785/860/785 740/807/738
f 617/717/614 659/720/658 746/814/744 695/759/694 652/710/650
f 663/724/662 704/769/703 794/870/794 751/929/749 705/1601/704
f 747/815/745 798/874/798 748/816/746
f 712/778/710 757/829/757 801/878/801 847/936/847 758/830/758
f 717/784/715 763/836/763 764/837/764
f 749/817/747 772/845/772 768/841/768 812/892/812 792/868/792
f 737/804/735 781/856/781 826/912/826
f 744/812/742 835/922/835 791/867/791
f 794/870/794 795/871/795 840/927/840
f 758/830/758 847/936/847 848/937/848
f 834/921/834 876/970/876 935/1049/935 909/1012/908 878/972/878
f 852/941/852 895/990/895 898/996/898
f 882/1015/882 896/994/896 914/1020/913
f 1011/1172/1011 1027/1173/1027 1058/1213/1058 1061/1218/1061 1028/1217/1028
f 1014/1155/1014 1050/1203/1050 1031/1178/1031
f 1026/1171/1026 1042/1193/1042 1043/1194/1043
f 1052/1226/1052 1071/1272/1071 1068/1227/1068
f 1089/1281/1089 1107/1323/1107 1136/1322/1136 1139/1326/1139 1108/1280/1108
f 1112/1287/1112 1127/1307/1127 1144/1334/1144
f 1135/1321/1135 1170/1367/1170 1154/1347/1154
f 1197/1403/1197 1212/1422/1212 1213/1423/1213
f 1214/1445/1214 1228/1444/1228 1252/1475/1252 1255/1481/1255 1229/1480/1229
f 1237/1456/1237 1242/1462/1242 1258/1484/1258 1276/1510/1276 1249/1471/1249
f 1292/1530/1292 1293/1532/1293 1317/1563/1317
f 1311/1573/1311 1323/1572/1323 1324/1576/1324
f 18/8/8 6/2/2 1/1/1 2/4/4 5/27/5 8/10/10 9/9/9 3/13/13 10/14/14 11/17/17 12/18/18 23/19/19 14/24/24 15/23/23 4/22/22 13/21/21 24/38/36 37/37/35 49/67/63 63/66/62 64/85/81 81/110/80 100/112/99 117/154/135 135/153/134 158/179/157 180/228/203 204/229/204 230/286/256 257/287/257 285/348/314 286/347/313 316/385/347 348/384/346 360/458/416 394/457/415 429/495/451 465/534/488 501/573/524 538/610/560 537/623/573 576/625/575 614/713/653 655/714/654 696/760/695 657/716/656 698/762/697 741/808/739 787/862/787 832/918/832 875/968/875 906/1043/931 931/1069/930 953/1099/974 952/1098/973 975/1129/996 996/1128/995 995/1125/994 971/1124/993 947/1063/947 921/1028/920 889/984/889 844/933/844 799/876/799 753/822/752 707/825/754 708/821/751 665/773/706 622/727/664 582/675/619 544/676/620 545/592/542 507/553/506 472/516/471 435/515/470 436/477/434 399/438/397 365/403/364 329/402/363 299/330/297 269/300/269 242/270/241 215/269/240 190/214/189 167/190/167 144/189/166 124/141/123 106/120/106 88/119/105 70/73/69 54/56/53 41/43/41 28/42/40
