# Blender 4.5.2 LTS
# www.blender.org
mtllib pataD_Right.mtl
o pataD_Right
v -1.124660 3.616540 2.881289
v -1.013560 3.598410 3.002269
v -1.291440 3.611480 2.513589
v -1.268670 3.600230 2.614869
v -1.229630 3.595670 2.712939
v -1.178690 3.601630 2.799759
v -1.077540 3.572960 2.921978
v -1.137190 3.554830 2.839069
v -0.956711 3.563650 3.038959
v -1.026740 3.531670 2.963949
v -1.274650 3.550020 2.558419
v -1.244370 3.541010 2.661489
v -1.194400 3.543430 2.754229
v -1.090970 3.509840 2.880639
v -1.151770 3.494770 2.794229
v -0.807958 3.581920 3.117716
v -0.895104 3.532750 3.072349
v -0.972107 3.494080 3.005429
v -1.041470 3.466270 2.924749
v -1.293400 3.568200 2.459829
v -1.277040 3.504980 2.496629
v -1.250640 3.489820 2.604399
v -1.210290 3.486430 2.705989
v -1.106500 3.448110 2.837149
v -1.166870 3.436650 2.747709
v -0.736588 3.561360 3.130365
v -0.826749 3.507170 3.097779
v -0.910883 3.460920 3.042199
v -0.986060 3.426790 2.967419
v -1.056960 3.403210 2.881958
v -0.663540 3.544040 3.135389
v -1.305920 3.594700 2.361639
v -1.280610 3.463220 2.426709
v -1.295030 3.528050 2.393299
v -1.255350 3.442490 2.540059
v -1.220060 3.432620 2.652179
v -1.121180 3.388800 2.790789
v -1.177830 3.381160 2.697209
v -0.754606 3.485510 3.114024
v -0.843833 3.433120 3.072839
v -0.923706 3.391840 3.005129
v -1.001820 3.361370 2.927069
v -1.073190 3.343340 2.835709
v -0.680154 3.467740 3.122715
v -0.588444 3.530880 3.128860
v -1.302700 3.559730 2.290059
v -1.262950 3.399140 2.462989
v -1.295600 3.490830 2.322549
v -1.283050 3.424130 2.354939
v -1.225690 3.382340 2.596129
v -1.135420 3.331860 2.741848
v -1.190680 3.326160 2.647398
v -0.771974 3.409670 3.094649
v -0.857910 3.361330 3.039789
v -0.938757 3.323030 2.968209
v -1.019440 3.298930 2.882239
v -1.088810 3.286380 2.785539
v -0.696345 3.391420 3.104849
v -0.603985 3.455140 3.116626
v -0.512857 3.517650 3.128887
v -1.294980 3.528130 2.220529
v -1.280240 3.573550 2.122679
v -1.266290 3.359300 2.386289
v -1.233910 3.334830 2.524249
v -1.290480 3.457720 2.252749
v -1.281320 3.388630 2.284499
v -1.148280 3.276240 2.691019
v -1.195880 3.274810 2.595669
v -0.786579 3.336230 3.064239
v -0.870849 3.290600 3.002549
v -0.953470 3.253350 2.932139
v -1.041760 3.242570 2.831069
v -1.104760 3.229250 2.735449
v -0.711570 3.316310 3.078539
v -0.619280 3.378390 3.104179
v -0.527949 3.444990 3.106108
v -0.436414 3.503710 3.130637
v -1.284460 3.500820 2.154369
v -1.261050 3.552540 2.063749
v -1.267220 3.321290 2.315249
v -1.248810 3.296510 2.415319
v -1.283160 3.428330 2.184569
v -1.276140 3.356650 2.214959
v -1.159170 3.222010 2.639479
v -1.199550 3.224700 2.543029
v -1.224790 3.282430 2.505469
v -0.800311 3.263030 3.029279
v -0.884875 3.217860 2.969529
v -0.998931 3.207250 2.869189
v -1.060160 3.185470 2.779989
v -1.119750 3.173260 2.683169
v -0.634343 3.301430 3.085968
v -0.726857 3.240420 3.048009
v -0.542775 3.370870 3.088339
v -0.450866 3.433200 3.102458
v -0.360012 3.490340 3.132484
v -1.268230 3.477050 2.088519
v -1.233890 3.533060 2.000159
v -1.249720 3.255800 2.347169
v -1.264110 3.286890 2.245129
v -1.227850 3.235620 2.447399
v -1.268840 3.402900 2.115869
v -1.265450 3.330300 2.144349
v -1.168690 3.170060 2.585119
v -1.203740 3.176290 2.484779
v -0.816109 3.188190 2.998349
v -0.956926 3.178710 2.900189
v -0.898401 3.144250 2.938049
v -1.015360 3.145370 2.823959
v -1.076170 3.127840 2.727789
v -1.132220 3.118710 2.628069
v -0.556879 3.294790 3.074129
v -0.650304 3.223900 3.059599
v -0.743731 3.162940 3.019238
v -0.466388 3.363960 3.072119
v -0.373659 3.422080 3.098679
v -0.283103 3.478890 3.131742
v -1.242090 3.455810 2.019209
v -1.189720 3.514370 1.934249
v -1.248200 3.218530 2.276819
v -1.230520 3.191890 2.381289
v -1.257060 3.257830 2.173028
v -1.247180 3.380960 2.046059
v -1.250800 3.306910 2.074959
v -1.174400 3.120310 2.526419
v -1.208700 3.130020 2.420398
v -0.832398 3.112620 2.969559
v -0.967473 3.108680 2.864709
v -0.912192 3.072730 2.904319
v -1.029950 3.084630 2.776189
v -1.091730 3.071160 2.673339
v -1.144400 3.065930 2.571109
v -0.571425 3.218690 3.055369
v -0.481521 3.292320 3.049309
v -0.668163 3.141850 3.030669
v -0.762034 3.084600 2.994029
v -0.388870 3.355940 3.062859
v -0.296400 3.412660 3.093959
v -1.200130 3.436080 1.945539
v -1.132970 3.498710 1.875539
v -1.251680 3.185830 2.202329
v -1.234430 3.150770 2.311289
v -1.250840 3.232920 2.101009
v -1.230510 3.287620 2.004709
v -1.218920 3.361240 1.972229
v -1.182970 3.071820 2.464629
v -1.215150 3.084630 2.349169
v -0.849154 3.038760 2.940299
v -0.926482 3.004100 2.868669
v -0.980652 3.043220 2.824239
v -1.047100 3.026590 2.724099
v -1.110300 3.014630 2.616609
v -1.155750 3.017020 2.512179
v -0.585164 3.151170 3.035729
v -0.494884 3.218170 3.034029
v -0.404857 3.288890 3.029869
v -0.687348 3.059750 3.008179
v -0.780465 3.007720 2.969388
v -0.311188 3.348080 3.054029
v -1.143490 3.419310 1.879779
v -1.070430 3.485200 1.826669
v -1.238230 3.115010 2.235309
v -1.246960 3.158950 2.127769
v -1.233080 3.212390 2.028639
v -1.196630 3.352050 1.933269
v -1.199920 3.272310 1.940599
v -1.193410 3.024210 2.397238
v -1.225890 3.041840 2.271749
v -0.865432 2.967110 2.907588
v -0.994648 2.980310 2.780739
v -0.939472 2.937620 2.830379
v -1.071990 2.967730 2.662419
v -1.126130 2.961770 2.556789
v -1.165750 2.972620 2.455259
v -0.507098 3.149270 3.020879
v -0.419789 3.217760 3.007419
v -0.326981 3.283120 3.016579
v -0.706631 2.980480 2.986929
v -0.611105 3.035180 3.004249
v -0.595068 3.105670 3.022299
v -0.798295 2.933130 2.941449
v -1.151360 3.338960 1.877949
v -1.082250 3.406380 1.829719
v -1.240610 3.085850 2.156769
v -1.234140 3.137640 2.052899
v -1.204950 3.194670 1.957859
v -1.158760 3.259430 1.881829
v -1.209680 2.967100 2.309669
v -1.234800 3.011310 2.189879
v -0.880683 2.898040 2.872599
v -1.009660 2.915230 2.736319
v -0.953077 2.872260 2.792739
v -1.095900 2.907700 2.601499
v -1.141030 2.913180 2.499169
v -0.432540 3.145340 2.993629
v -0.519675 3.084810 3.005629
v -0.342798 3.214600 2.985709
v -0.629021 2.958210 2.986709
v -0.725266 2.903900 2.963319
v -0.534353 3.014760 2.988849
v -0.815744 2.861450 2.909249
v -1.095690 3.328270 1.828279
v -1.233250 3.063130 2.079189
v -1.204760 3.118600 1.977269
v -1.161760 3.180300 1.888949
v -1.104830 3.249060 1.829399
v -1.224820 2.930170 2.235249
v -1.230740 2.989790 2.102809
v -0.895890 2.830060 2.836239
v -1.012290 2.855630 2.713938
v -0.967613 2.810010 2.754739
v -1.114160 2.854400 2.543249
v -1.036770 2.931290 2.704509
v -1.063590 2.855590 2.641699
v -1.155600 2.868300 2.441719
v -1.178390 2.934290 2.402749
v -0.444270 3.073240 2.983939
v -0.359058 3.144170 2.962229
v -0.264566 3.213640 2.963549
v -0.647430 2.880900 2.968789
v -0.551166 2.939870 2.973529
v -0.744102 2.830150 2.935479
v -0.457243 2.999070 2.971169
v -0.832344 2.791600 2.873589
v -1.214940 3.045530 2.007409
v -1.162580 3.100810 1.892209
v -1.110010 3.169100 1.832629
v -1.231550 2.919140 2.119069
v -1.192460 2.892700 2.344329
v -1.205740 2.851340 2.282089
v -1.216590 2.970350 2.025909
v -0.913962 2.764710 2.797109
v -1.027920 2.800690 2.675409
v -0.987738 2.750060 2.713428
v -1.085580 2.797420 2.586529
v -1.133900 2.805840 2.486009
v -1.173270 2.824640 2.382679
v -0.371948 3.068850 2.949499
v -0.282725 3.145700 2.929579
v -0.666980 2.805630 2.946208
v -0.568391 2.862950 2.957759
v -0.472474 2.924100 2.955779
v -0.762614 2.758770 2.902289
v -0.384035 2.991840 2.940588
v -0.850143 2.722520 2.836109
v -1.161450 3.020860 1.888399
v -1.188080 3.031680 1.947979
v -1.114700 3.090210 1.831529
v -1.053310 3.161120 1.785539
v -1.225980 2.848580 2.129559
v -1.226650 2.877330 2.190739
v -1.218700 2.897090 2.040369
v -1.215230 2.811680 2.218819
v -1.189910 2.782300 2.320459
v -1.194870 2.954920 1.958129
v -0.938097 2.702340 2.754009
v -1.052600 2.742420 2.629009
v -1.013170 2.691120 2.668459
v -1.107740 2.745660 2.531759
v -1.152430 2.760040 2.426039
v -0.302272 3.073830 2.904109
v -0.687580 2.732430 2.918599
v -0.588045 2.787300 2.939109
v -0.490216 2.848380 2.938229
v -0.398609 2.914990 2.925579
v -0.781552 2.688200 2.867309
v -0.324213 2.995110 2.892339
v -0.873621 2.654710 2.796189
v -1.119860 3.010180 1.828799
v -1.163640 2.941850 1.892929
v -1.059920 3.082480 1.780589
v -0.988655 3.155120 1.751579
v -1.215190 2.823920 2.057839
v -1.220870 2.777220 2.149619
v -1.197760 2.879160 1.969179
v -1.204370 2.741720 2.252228
v -1.170350 2.717180 2.362619
v -0.968098 2.643260 2.708629
v -1.075680 2.688610 2.576019
v -1.040460 2.632660 2.622059
v -1.129520 2.699330 2.471809
v -0.707931 2.660790 2.887099
v -0.609252 2.712950 2.916749
v -0.509955 2.772700 2.919579
v -0.414388 2.837370 2.908529
v -0.337865 2.916580 2.875359
v -0.801007 2.616850 2.833059
v -0.921282 2.601940 2.742309
v -1.064550 3.003320 1.779069
v -1.126430 2.931120 1.831719
v -1.167870 2.865130 1.901539
v -0.993666 3.076740 1.745989
v -0.920609 3.150660 1.722709
v -1.198280 2.804340 1.983869
v -1.213460 2.751140 2.075209
v -1.211810 2.705040 2.175858
v -1.187150 2.675180 2.292759
v -1.150350 2.655330 2.407479
v -0.999080 2.582870 2.663479
v -1.100380 2.638020 2.519569
v -1.063880 2.576370 2.571599
v -0.631066 2.639660 2.891098
v -0.727872 2.590910 2.855219
v -0.532276 2.698570 2.897339
v -0.435845 2.762220 2.886889
v -0.355530 2.838600 2.852729
v -0.297286 2.933610 2.815739
v -0.281212 3.006130 2.849389
v -0.885596 2.573160 2.765689
v -0.822106 2.540170 2.799319
v -0.954454 2.538250 2.699989
v -0.998671 2.998060 1.742669
v -1.073550 2.924390 1.778349
v -1.132210 2.852890 1.836369
v -1.172600 2.788050 1.912729
v -0.922730 3.072950 1.719359
v -1.196930 2.730130 2.000829
v -1.207970 2.676470 2.097469
v -1.200160 2.631340 2.205609
v -1.167630 2.613750 2.339219
v -1.125030 2.593600 2.455629
v -1.024890 2.522110 2.617748
v -0.554858 2.624380 2.875329
v -0.652982 2.568090 2.864169
v -0.748477 2.522790 2.827049
v -0.459675 2.688120 2.865149
v -0.377170 2.762840 2.828768
v -0.316637 2.850380 2.778749
v -0.252713 2.955850 2.763379
v -0.983088 2.471580 2.661139
v -0.906435 2.493610 2.733428
v -0.848179 3.071650 1.699609
v -0.925170 2.995020 1.719829
v -1.005700 2.919510 1.742689
v -1.080020 2.845430 1.781689
v -1.132070 2.775430 1.848119
v -1.170370 2.712480 1.929169
v -1.192330 2.655730 2.021019
v -1.202190 2.601100 2.119159
v -1.181260 2.574090 2.272719
v -1.147340 2.554780 2.383939
v -1.082840 2.517720 2.522329
v -1.048390 2.463470 2.571729
v -0.576797 2.549890 2.855289
v -0.483125 2.614020 2.843399
v -0.674653 2.498330 2.837989
v -0.836756 2.494440 2.779869
v -0.767906 2.462120 2.801399
v -0.401824 2.687940 2.806998
v -0.340121 2.770110 2.752748
v -0.271934 2.898160 2.716489
v -1.009740 2.408340 2.620059
v -0.933034 2.422920 2.697029
v -0.847728 2.994450 1.703379
v -0.928987 2.916980 1.720229
v -1.012930 2.840900 1.743089
v -1.085270 2.766080 1.787619
v -1.132870 2.698800 1.862359
v -1.166010 2.638510 1.948249
v -1.190960 2.582150 2.040249
v -1.197340 2.514980 2.140769
v -1.191130 2.544160 2.213919
v -1.163520 2.510750 2.315869
v -1.126470 2.504050 2.423959
v -1.103940 2.555660 2.488979
v -1.100280 2.459950 2.471959
v -1.070450 2.411500 2.521518
v -0.203129 2.922470 2.670529
v -0.599273 2.477080 2.832719
v -0.505086 2.538410 2.824378
v -0.426420 2.612010 2.788388
v -0.696356 2.430230 2.813019
v -0.851406 2.448710 2.760409
v -0.789547 2.399340 2.776149
v -0.366129 2.694880 2.734119
v -0.279710 2.862420 2.668799
v -0.321778 2.778900 2.664798
v -1.036500 2.359500 2.564829
v -0.959528 2.354280 2.662759
v -0.877542 2.375430 2.728009
v -0.769739 2.996840 1.686919
v -0.847970 2.916980 1.709489
v -0.934030 2.838610 1.721769
v -1.020100 2.761420 1.743489
v -1.085050 2.688210 1.801779
v -1.129710 2.623100 1.880349
v -1.164390 2.565180 1.966569
v -1.191850 2.512250 2.057569
v -1.177740 2.466000 2.244959
v -1.144640 2.449150 2.355659
v -1.108550 2.431990 2.443629
v -1.089620 2.365990 2.473199
v -0.621515 2.403930 2.812809
v -0.526846 2.462810 2.805919
v -0.448471 2.535910 2.770139
v -0.390518 2.618470 2.718158
v -0.719073 2.362550 2.786159
v -0.813651 2.331510 2.748169
v -0.347244 2.704540 2.654419
v -1.065640 2.313760 2.512369
v -0.905287 2.305960 2.696309
v -0.765794 2.921060 1.704309
v -0.849266 2.838620 1.713299
v -0.941627 2.759970 1.723609
v -1.022880 2.682130 1.754639
v -1.082510 2.611510 1.819149
v -1.126660 2.548950 1.898999
v -1.163680 2.493280 1.985269
v -1.192470 2.465950 2.152858
v -1.187550 2.446990 2.074989
v -1.159590 2.404820 2.294289
v -1.125960 2.384140 2.388819
v -1.107140 2.321040 2.422959
v -0.213347 2.878290 2.601469
v -0.548646 2.387710 2.787279
v -0.644925 2.333180 2.786849
v -0.468904 2.459350 2.752599
v -0.412892 2.540850 2.700729
v -0.371767 2.626690 2.643028
v -0.743776 2.293230 2.760269
v -0.839639 2.262690 2.718079
v -0.304191 2.785770 2.574009
v -0.337410 2.713280 2.575469
v -1.085610 2.264420 2.462149
v -1.039280 2.267720 2.549539
v -1.008490 2.322600 2.595039
v -0.931159 2.237340 2.663038
v -0.980479 2.285700 2.625249
v -0.688520 2.925190 1.686609
v -0.763877 2.840720 1.709119
v -0.851949 2.759890 1.717199
v -0.949088 2.680630 1.726039
v -1.021840 2.604810 1.770399
v -1.079140 2.536000 1.837689
v -1.125620 2.475860 1.917039
v -1.162540 2.423370 2.003159
v -1.185780 2.378740 2.092339
v -1.187610 2.416910 2.164949
v -1.143300 2.340450 2.332829
v -1.126800 2.276590 2.368249
v -0.572403 2.313840 2.763739
v -0.488890 2.382900 2.735579
v -0.669624 2.262320 2.760899
v -0.431968 2.464030 2.682319
v -0.393791 2.548300 2.625549
v -0.363093 2.632610 2.569829
v -0.768947 2.224070 2.731429
v -0.866683 2.193760 2.688069
v -0.330556 2.713130 2.496629
v -0.282872 2.784060 2.492789
v -1.060200 2.211520 2.502769
v -1.107340 2.216030 2.407639
v -1.003490 2.219400 2.588598
v -0.956133 2.170520 2.627019
v -0.608296 2.936030 1.678429
v -0.682316 2.849990 1.722589
v -0.756138 2.761710 1.721829
v -0.875677 2.680650 1.717639
v -0.954071 2.601840 1.737059
v -1.023070 2.528010 1.784589
v -1.081460 2.460950 1.852199
v -1.126280 2.403100 1.935049
v -1.164080 2.351850 2.022229
v -1.184770 2.306150 2.114859
v -1.181520 2.338960 2.184709
v -1.169440 2.375030 2.248279
v -1.159490 2.301720 2.275578
v -1.147370 2.232990 2.307569
v -0.213785 2.856020 2.546739
v -0.287485 2.826670 2.621109
v -0.283869 2.809520 2.568369
v -0.595601 2.241120 2.739359
v -0.510543 2.307350 2.715698
v -0.451070 2.387110 2.664649
v -0.694238 2.191040 2.733799
v -0.411393 2.470730 2.602479
v -0.384569 2.553770 2.554999
v -0.360335 2.633740 2.496699
v -0.795211 2.154230 2.701689
v -0.893424 2.125560 2.654428
v -0.325193 2.704310 2.418949
v -0.275424 2.765840 2.415009
v -1.083570 2.158820 2.451809
v -1.027520 2.158680 2.545659
v -1.132550 2.169420 2.347489
v -0.981884 2.106680 2.586759
v -0.519686 2.871180 1.720449
v -0.601306 2.861500 1.724109
v -0.677959 2.767210 1.739429
v -0.743853 2.682380 1.728899
v -0.819096 2.681010 1.719539
v -0.880918 2.601380 1.719759
v -0.957556 2.522890 1.743739
v -1.026220 2.450710 1.795879
v -1.083790 2.386350 1.868729
v -1.128910 2.330340 1.953879
v -1.167000 2.279390 2.043019
v -1.175190 2.265720 2.210669
v -1.182340 2.233610 2.140699
v -1.169280 2.194050 2.239769
v -0.214223 2.833760 2.491999
v -0.209917 2.809740 2.413208
v -0.131398 2.814270 2.334908
v -0.618745 2.167780 2.716069
v -0.529916 2.231430 2.696189
v -0.466280 2.309460 2.649209
v -0.426438 2.392780 2.586658
v -0.719250 2.120210 2.704998
v -0.398292 2.475670 2.507929
v -0.381281 2.554310 2.501019
v -0.356565 2.629910 2.421278
v -0.821774 2.084760 2.670238
v -0.919975 2.059760 2.616669
v -0.269178 2.750670 2.336959
v -0.320469 2.694280 2.340559
v -1.109040 2.113440 2.398239
v -1.053490 2.102880 2.497029
v -1.161960 2.123220 2.272249
v -1.010360 2.046980 2.541789
v -0.525502 2.808420 1.766289
v -0.603005 2.771690 1.763809
v -0.671293 2.685190 1.753519
v -0.737494 2.603610 1.736179
v -0.808507 2.602150 1.720939
v -0.883622 2.521810 1.722369
v -0.961312 2.444210 1.751499
v -1.030380 2.373980 1.808609
v -1.085940 2.312340 1.887159
v -1.132680 2.257160 1.974169
v -1.167590 2.206690 2.068139
v -1.180700 2.161050 2.168909
v -0.204370 2.791480 2.334589
v -0.125843 2.794840 2.257099
v -0.642207 2.094100 2.691959
v -0.549807 2.155840 2.676749
v -0.479942 2.231050 2.634349
v -0.436533 2.313220 2.573959
v -0.409574 2.396310 2.502029
v -0.744565 2.048990 2.674819
v -0.377819 2.554150 2.421529
v -0.355052 2.627150 2.342939
v -0.848554 2.016880 2.636509
v -0.950395 1.996360 2.578289
v -0.321645 2.690600 2.260998
v -0.266280 2.740880 2.257229
v -1.082820 2.053820 2.443299
v -1.179970 2.087990 2.198379
v -1.041710 1.989690 2.491469
v -0.449240 2.811170 1.776129
v -0.603408 2.688580 1.790329
v -0.666050 2.605980 1.760279
v -0.733837 2.525140 1.733959
v -0.807891 2.523050 1.717889
v -0.886779 2.442140 1.725909
v -0.965348 2.365790 1.761259
v -1.033120 2.297930 1.826769
v -1.090150 2.238620 1.907499
v -1.137830 2.184090 1.997409
v -1.171070 2.132950 2.095199
v -0.198698 2.774840 2.255908
v -0.119768 2.779740 2.178809
v -0.570503 2.080200 2.656949
v -0.666298 2.021660 2.664409
v -0.492806 2.152100 2.620619
v -0.447087 2.234270 2.561489
v -0.419079 2.317110 2.494009
v -0.399409 2.398210 2.420019
v -0.391222 2.476850 2.422389
v -0.768942 1.978800 2.643309
v -0.378018 2.553270 2.343269
v -0.361609 2.626620 2.264328
v -0.878037 1.951860 2.601938
v -0.980464 1.934110 2.537949
v -0.326697 2.691370 2.181929
v -0.264084 2.734210 2.175779
v -1.131660 2.080970 2.349138
v -1.112120 2.012140 2.387609
v -1.154280 2.048490 2.300039
v -1.175930 2.013220 2.229559
v -1.174950 2.058980 2.123559
v -1.085690 1.951650 2.424719
v -0.457088 2.760800 1.826199
v -0.530567 2.757540 1.799959
v -0.536176 2.693400 1.834239
v -0.603016 2.611300 1.804959
v -0.662317 2.527930 1.763529
v -0.731554 2.446310 1.728709
v -0.808858 2.443310 1.715459
v -0.891126 2.362210 1.727929
v -0.969547 2.287800 1.774949
v -1.039410 2.222460 1.845079
v -1.095560 2.164450 1.930429
v -1.142430 2.110040 2.023259
v -0.193250 2.762320 2.175909
v -0.112501 2.768780 2.099879
v -0.592149 2.005590 2.635769
v -0.510228 2.074900 2.604009
v -0.690730 1.950320 2.636449
v -0.457922 2.155190 2.547809
v -0.429695 2.238200 2.483009
v -0.410120 2.319520 2.414559
v -0.398606 2.400170 2.340069
v -0.390196 2.477770 2.342259
v -0.787729 1.906290 2.613559
v -0.385909 2.555150 2.264719
v -0.372205 2.629930 2.186789
v -0.917769 1.893860 2.565588
v -1.055480 1.902700 2.456189
v -1.006240 1.871760 2.499709
v -0.260638 2.731170 2.089939
v -0.329839 2.694490 2.107529
v -1.139150 1.975450 2.329749
v -1.172020 1.984390 2.154479
v -1.161340 1.940070 2.262938
v -1.147270 2.035580 2.049919
v -1.115430 1.907130 2.364789
v -0.384972 2.768190 1.844529
v -0.462839 2.707150 1.879449
v -0.546518 2.620400 1.859019
v -0.603481 2.533620 1.815309
v -0.662044 2.449130 1.765319
v -0.731048 2.365400 1.720859
v -0.811788 2.362250 1.711419
v -0.897240 2.281870 1.734869
v -0.977164 2.210050 1.792129
v -1.044480 2.147610 1.867249
v -1.101190 2.090330 1.955139
v -0.187045 2.754640 2.094969
v -0.103080 2.762860 2.021249
v -0.616223 1.931340 2.613089
v -0.529766 1.998440 2.585598
v -0.471797 2.077340 2.533209
v -0.713432 1.877450 2.610799
v -0.441374 2.159730 2.469419
v -0.422754 2.241750 2.406249
v -0.408771 2.321780 2.337429
v -0.410091 2.402630 2.262058
v -0.399802 2.479560 2.263108
v -0.400188 2.559450 2.185809
v -0.385136 2.637450 2.115029
v -0.948196 1.835310 2.532079
v -1.166470 1.909330 2.187679
v -1.149160 1.960350 2.079559
v -1.141360 1.868850 2.297749
v -1.106460 2.016080 1.981629
v -1.084830 1.844600 2.398998
v -0.393745 2.726820 1.908369
v -0.552063 2.543600 1.874649
v -0.603911 2.454900 1.819599
v -0.659876 2.369750 1.759299
v -0.732616 2.282890 1.718169
v -0.815924 2.280400 1.714369
v -0.904530 2.201560 1.748869
v -0.982661 2.133890 1.813299
v -1.049910 2.073120 1.892329
v -0.179308 2.753160 2.013739
v -0.639980 1.856820 2.591398
v -0.550629 1.922460 2.568758
v -0.486082 1.999290 2.518859
v -0.453164 2.081800 2.453418
v -0.804863 1.831150 2.587929
v -0.736014 1.802300 2.589389
v -0.436834 2.164080 2.392838
v -0.424377 2.244470 2.334279
v -0.421194 2.324700 2.261688
v -0.417175 2.483390 2.184808
v -0.429500 2.405490 2.184869
v -0.423269 2.566470 2.103539
v -0.331517 2.698670 2.073769
v -0.400167 2.647710 2.048519
v -1.021270 1.837320 2.476999
v -0.975394 1.780920 2.497789
v -0.861457 1.860390 2.581479
v -0.889691 1.796270 2.551699
v -0.254603 2.737860 2.006219
v -1.152690 1.836080 2.221079
v -1.147950 1.885020 2.109879
v -1.109430 1.940920 2.010039
v -1.115010 1.801150 2.334018
v -1.054200 1.999250 1.920779
v -1.048250 1.784090 2.429419
v -0.319957 2.743420 1.919339
v -0.399644 2.683470 1.976189
v -0.462509 2.649170 1.939239
v -0.555486 2.463610 1.883269
v -0.504514 2.634790 1.899129
v -0.507924 2.558950 1.935339
v -0.602934 2.375390 1.818759
v -0.659173 2.288290 1.754609
v -0.821756 2.198930 1.727469
v -0.736973 2.199200 1.725079
v -0.910255 2.124230 1.771809
v -0.988304 2.058710 1.837779
v -0.572214 1.845370 2.553989
v -0.662968 1.780170 2.574799
v -0.501353 1.920790 2.507059
v -0.462646 2.003240 2.441199
v -0.449814 2.086560 2.368239
v -0.828568 1.759850 2.563869
v -0.760412 1.727630 2.569999
v -0.440799 2.167100 2.330769
v -0.435074 2.246900 2.262549
v -0.442410 2.326740 2.186619
v -0.453642 2.405940 2.108339
v -0.441006 2.487230 2.104919
v -0.464077 2.575030 2.002589
v -0.328475 2.715830 1.994359
v -1.005480 1.726790 2.457749
v -0.919599 1.734370 2.520139
v -1.134540 1.764820 2.258169
v -1.141040 1.809870 2.141459
v -1.111550 1.865260 2.039019
v -1.058190 1.924960 1.948139
v -1.081880 1.737100 2.370198
v -0.992635 1.984820 1.867559
v -0.559914 2.383760 1.887929
v -0.512621 2.476580 1.952489
v -0.605236 2.295360 1.818989
v -0.661840 2.204840 1.758579
v -0.828720 2.118910 1.746779
v -0.744504 2.117040 1.740979
v -0.916637 2.047590 1.796899
v -0.593148 1.764870 2.543409
v -0.519050 1.842050 2.496989
v -0.687156 1.702210 2.561309
v -0.474474 1.924740 2.431599
v -0.462407 2.008610 2.357749
v -0.859097 1.691690 2.538829
v -0.790313 1.654020 2.551299
v -0.450238 2.169140 2.266249
v -0.454812 2.247590 2.189699
v -0.466497 2.326240 2.111919
v -0.473703 2.486720 2.025309
v -0.482425 2.403300 2.031599
v -1.042610 1.674790 2.402179
v -0.952174 1.675650 2.485829
v -1.131100 1.734300 2.170959
v -1.107260 1.698530 2.300219
v -1.111040 1.788860 2.066139
v -1.062630 1.849220 1.975199
v -0.997140 1.910980 1.895769
v -0.921349 1.973690 1.826999
v -0.518842 2.395230 1.959029
v -0.564797 2.304450 1.891289
v -0.607382 2.214690 1.822049
v -0.668119 2.122000 1.770989
v -0.754519 2.038020 1.765849
v -0.837410 2.040690 1.772009
v -0.616391 1.684920 2.531779
v -0.536327 1.758920 2.490379
v -0.488471 1.845550 2.425239
v -0.714704 1.624830 2.548159
v -0.472598 1.929790 2.350829
v -0.475941 2.012290 2.273458
v -0.463764 2.090810 2.273719
v -0.892573 1.628040 2.510089
v -0.826804 1.583340 2.527839
v -0.471103 2.169490 2.194339
v -0.480817 2.246620 2.116729
v -0.495427 2.322200 2.037349
v -1.074680 1.633040 2.337198
v -0.990022 1.622680 2.442309
v -1.105820 1.712320 2.090649
v -1.066480 1.772500 1.999019
v -1.003890 1.835380 1.919979
v -0.926872 1.900170 1.855739
v -0.844078 1.966530 1.802079
v -0.527392 2.314140 1.963489
v -0.566868 2.224720 1.894019
v -0.610712 2.133290 1.829629
v -0.677394 2.042040 1.791879
v -0.763656 1.962800 1.796279
v -0.641245 1.605650 2.520509
v -0.554969 1.673320 2.483159
v -0.501391 1.766610 2.420799
v -0.484001 1.852290 2.346359
v -0.745364 1.549920 2.530939
v -0.485906 1.933890 2.269339
v -0.496704 2.012320 2.188899
v -0.483869 2.091180 2.196969
v -0.873023 1.521210 2.499799
v -0.931181 1.573190 2.476758
v -0.495051 2.167960 2.122349
v -0.507254 2.242360 2.043859
v -1.091530 1.602780 2.272559
v -1.111510 1.677280 2.244059
v -1.040830 1.563790 2.364969
v -1.002640 1.607930 2.425989
v -1.067380 1.695620 2.020159
v -1.115760 1.656020 2.187909
v -1.097840 1.635540 2.112329
v -1.009430 1.759240 1.941499
v -0.933815 1.825180 1.879299
v -0.850815 1.893080 1.831209
v -0.539086 2.235000 1.970649
v -0.569878 2.144990 1.900809
v -0.617617 2.052300 1.843859
v -0.688429 1.965270 1.817519
v -0.772970 1.889360 1.827349
v -0.666796 1.528090 2.509319
v -0.578756 1.591860 2.473329
v -0.495189 1.776920 2.343489
v -0.495655 1.856290 2.266669
v -0.507852 1.933660 2.184268
v -0.924837 1.464710 2.463869
v -0.968728 1.531450 2.439279
v -0.505150 2.089000 2.127779
v -0.519571 2.163600 2.050879
v -1.066960 1.531790 2.300569
v -1.099120 1.579380 2.206449
v -1.007760 1.493310 2.390069
v -1.014800 1.682080 1.959409
v -1.065760 1.618500 2.041009
v -1.090770 1.558860 2.133419
v -0.940056 1.748910 1.899829
v -0.858457 1.817110 1.855359
v -0.543956 2.155540 1.976969
v -0.576570 2.065120 1.913109
v -0.628979 1.974870 1.865339
v -0.700423 1.890710 1.845869
v -0.781178 1.814810 1.853579
v -0.768647 1.468950 2.518259
v -0.688660 1.449660 2.503599
v -0.600968 1.513550 2.466669
v -0.518493 1.656390 2.415769
v -0.535229 1.579050 2.409899
v -0.509942 1.711500 2.418279
v -0.503397 1.709720 2.341889
v -0.504849 1.780720 2.266249
v -0.516875 1.856080 2.186769
v -0.535467 1.928630 2.095639
v -0.529438 2.006340 2.077519
v -0.833586 1.385660 2.494099
v -0.820835 1.495080 2.509029
v -0.975949 1.423300 2.414539
v -0.525867 2.084380 2.059689
v -1.080550 1.506330 2.230649
v -1.039070 1.462170 2.325989
v -0.945336 1.672000 1.918249
v -1.017580 1.604480 1.976979
v -1.063310 1.541440 2.061319
v -1.079540 1.483920 2.156669
v -0.863790 1.741810 1.877069
v -0.547485 2.076390 1.986679
v -0.584855 1.987180 1.929539
v -0.638701 1.898620 1.887299
v -0.709962 1.817140 1.873439
v -0.785079 1.739650 1.877859
v -0.784788 1.382650 2.507138
v -0.703513 1.370950 2.499079
v -0.620228 1.436580 2.462689
v -0.553168 1.501520 2.404639
v -0.521171 1.567460 2.330679
v -0.510804 1.642790 2.339349
v -0.512727 1.708040 2.267339
v -0.524652 1.779960 2.190089
v -0.542846 1.851740 2.107159
v -0.561617 1.920960 2.016699
v -0.553826 1.998510 2.001259
v -1.016490 1.391350 2.352229
v -0.882383 1.388660 2.481069
v -0.947279 1.349840 2.432049
v -1.060220 1.434420 2.256399
v -0.868011 1.665560 1.896809
v -0.949256 1.594790 1.934259
v -1.016330 1.527310 1.997059
v -1.058970 1.464840 2.082919
v -1.066890 1.410210 2.181489
v -0.593396 1.909640 1.946589
v -0.653927 1.824720 1.912809
v -0.702157 1.743880 1.906419
v -0.786786 1.664380 1.898839
v -0.788629 1.297300 2.505079
v -0.710792 1.292820 2.497579
v -0.633615 1.360160 2.462649
v -0.571361 1.425540 2.402409
v -0.534427 1.492240 2.327379
v -0.539843 1.557880 2.224279
v -0.522696 1.636150 2.263899
v -0.532253 1.705040 2.194849
v -0.550274 1.775010 2.115139
v -0.571218 1.843670 2.031349
v -1.040170 1.363970 2.282039
v -0.993495 1.320240 2.374938
v -0.933961 1.267710 2.441379
v -0.867848 1.290960 2.486199
v -0.871435 1.589000 1.913419
v -0.950783 1.517470 1.952049
v -1.015260 1.449890 2.017169
v -1.050590 1.389410 2.106529
v -1.049700 1.338640 2.207779
v -0.607364 1.833510 1.965329
v -0.706874 1.669250 1.928559
v -0.790154 1.587940 1.916369
v -0.785997 1.214820 2.510969
v -0.710222 1.213790 2.502038
v -0.642910 1.284290 2.461059
v -0.585142 1.350210 2.403779
v -0.546493 1.415840 2.329489
v -0.545492 1.483440 2.238849
v -0.538709 1.630760 2.204089
v -0.558670 1.699110 2.123039
v -0.581484 1.766070 2.041719
v -1.024070 1.293260 2.308999
v -0.975626 1.246750 2.395419
v -0.932851 1.185450 2.446028
v -0.862633 1.206730 2.490479
v -0.874103 1.512370 1.930209
v -0.950089 1.440280 1.972139
v -1.010080 1.373580 2.039639
v -1.038570 1.315680 2.132629
v -1.037170 1.267210 2.235339
v -0.621503 1.755830 1.975239
v -0.711525 1.592700 1.943939
v -0.635690 1.678780 1.983079
v -0.793345 1.512300 1.935169
v -0.782664 1.135320 2.518499
v -0.708289 1.134970 2.507099
v -0.644357 1.207090 2.465679
v -0.594852 1.274220 2.406629
v -0.558864 1.340470 2.334789
v -0.552634 1.407510 2.249999
v -0.571957 1.473420 2.159649
v -0.569025 1.548830 2.145109
v -0.563490 1.623330 2.131788
v -0.591276 1.689840 2.051719
v -1.006610 1.223510 2.338709
v -0.857864 1.127160 2.502519
v -0.925507 1.107540 2.457458
v -0.875262 1.435580 1.948888
v -0.947292 1.363530 1.993779
v -1.001780 1.298090 2.064119
v -1.025930 1.243570 2.160099
v -1.023670 1.196630 2.264338
v -0.645093 1.602300 1.995649
v -0.716410 1.516450 1.961299
v -0.795986 1.436890 1.955218
v -0.777468 1.057970 2.532019
v -0.702163 1.058220 2.522549
v -0.641809 1.128770 2.471148
v -0.598903 1.197200 2.409289
v -0.568102 1.264450 2.341588
v -0.559292 1.331890 2.260329
v -0.576383 1.398220 2.173918
v -0.609403 1.462790 2.090839
v -0.603746 1.537570 2.074659
v -0.598890 1.613720 2.062429
v -0.976469 1.081180 2.393169
v -0.987925 1.154730 2.371369
v -0.916830 1.031850 2.472479
v -0.851372 1.049330 2.513859
v -0.873393 1.359200 1.970049
v -0.941465 1.287270 2.016479
v -0.991598 1.224040 2.091569
v -1.014910 1.171970 2.188559
v -1.011590 1.124950 2.292039
v -0.650257 1.525830 2.009429
v -0.721058 1.441590 1.982078
v -0.796046 1.361740 1.976678
v -0.774840 0.981940 2.545689
v -0.700400 0.981440 2.534819
v -0.639411 1.049570 2.477049
v -0.593294 1.117480 2.406639
v -0.574453 1.188270 2.351779
v -0.565910 1.255620 2.272099
v -0.580645 1.321850 2.187929
v -0.612956 1.387650 2.107038
v -0.657652 1.451080 2.028739
v -0.965440 1.006830 2.411988
v -1.001360 1.051850 2.317139
v -0.847884 0.974010 2.531099
v -0.910227 0.957620 2.490669
v -0.868191 1.283140 1.992828
v -0.932509 1.211740 2.040989
v -0.977594 1.151730 2.120559
v -1.006930 1.098900 2.215299
v -0.725001 1.367980 2.004649
v -0.793421 1.286220 1.998849
v -0.772358 0.907460 2.564898
v -0.699384 0.905370 2.549309
v -0.637571 0.972190 2.491848
v -0.594599 1.037230 2.413509
v -0.572371 1.179010 2.288859
v -0.586451 1.245480 2.202989
v -0.616106 1.311270 2.122279
v -0.663638 1.376830 2.049089
v -0.986265 0.978540 2.338969
v -0.954538 0.932850 2.431389
v -0.995385 1.025530 2.240199
v -0.905117 0.883400 2.511229
v -0.843886 0.899290 2.547059
v -0.859178 1.208910 2.020099
v -0.919303 1.138300 2.069169
v -0.966656 1.078540 2.147269
v -0.726040 1.293170 2.025719
v -0.786265 1.211530 2.023389
v -0.770258 0.833950 2.583479
v -0.698721 0.830850 2.567819
v -0.637717 0.894360 2.506799
v -0.590018 0.958070 2.431749
v -0.573423 1.023920 2.338768
v -0.573998 1.103190 2.316429
v -0.590364 1.168280 2.220679
v -0.619350 1.234320 2.137589
v -0.666142 1.301570 2.067369
v -0.983477 0.951480 2.263439
v -0.975992 0.905350 2.361279
v -0.947995 0.860300 2.455099
v -0.961523 1.003560 2.170339
v -0.841416 0.827680 2.572659
v -0.902998 0.811880 2.537139
v -0.845394 1.134660 2.047199
v -0.909095 1.064450 2.095049
v -0.725406 1.217060 2.045789
v -0.760470 1.136970 2.053229
v -0.771570 0.764600 2.612108
v -0.698685 0.759540 2.594259
v -0.637447 0.819630 2.528439
v -0.590811 0.878150 2.450449
v -0.569640 0.940330 2.360419
v -0.585372 1.013690 2.261799
v -0.590436 1.091730 2.241189
v -0.624785 1.157800 2.155879
v -0.669117 1.225420 2.085139
v -0.954664 0.928460 2.193578
v -0.974824 0.877360 2.287709
v -0.968907 0.832690 2.386539
v -0.948425 0.789290 2.483088
v -0.903614 0.988530 2.117169
v -0.903257 0.742070 2.567289
v -0.842596 0.757920 2.602628
v -0.835937 1.058310 2.068579
v -0.753097 1.060970 2.077879
v -0.771856 0.700600 2.653779
v -0.698095 0.694140 2.633159
v -0.635242 0.746710 2.553439
v -0.591525 0.801790 2.472188
v -0.568669 0.855960 2.382979
v -0.583602 0.921990 2.287899
v -0.624472 1.005080 2.194429
v -0.627072 1.081360 2.175549
v -0.675226 1.147890 2.100009
v -0.945857 0.852660 2.216889
v -0.896514 0.913750 2.142299
v -0.967296 0.803530 2.312349
v -0.970075 0.761340 2.416819
v -0.947460 0.719430 2.515069
v -0.828887 0.981820 2.091679
v -0.846952 0.694230 2.646079
v -0.912418 0.678450 2.610819
v -0.748957 0.985330 2.101599
v -0.680078 1.070700 2.118319
v -0.770567 0.639320 2.705929
v -0.693468 0.637760 2.687949
v -0.627540 0.678640 2.587939
v -0.587506 0.727330 2.497128
v -0.567863 0.778250 2.405029
v -0.579280 0.830180 2.312049
v -0.621462 0.932730 2.215199
v -0.679368 0.994580 2.139279
v -0.889316 0.837070 2.164069
v -0.936650 0.776300 2.239849
v -0.822441 0.907070 2.117279
v -0.970545 0.731230 2.342638
v -0.974990 0.692920 2.452059
v -0.959130 0.654310 2.554909
v -0.919980 0.614930 2.656759
v -0.848681 0.631840 2.695428
v -0.744052 0.910810 2.124449
v -0.688170 0.582960 2.742548
v -0.768050 0.576860 2.757169
v -0.612375 0.616750 2.629599
v -0.581123 0.656510 2.525689
v -0.559350 0.703800 2.430339
v -0.572969 0.751030 2.333639
v -0.612766 0.799840 2.249919
v -0.617208 0.871940 2.230729
v -0.674746 0.920950 2.159209
v -0.882709 0.758890 2.183779
v -0.815430 0.832490 2.142469
v -0.932447 0.696710 2.254989
v -0.977598 0.662360 2.382349
v -0.983706 0.624870 2.488159
v -0.971564 0.589150 2.597929
v -0.852142 0.568560 2.747499
v -0.931275 0.550910 2.705789
v -0.739731 0.837500 2.150159
v -0.624481 0.571760 2.708068
v -0.565270 0.590860 2.560729
v -0.550356 0.632460 2.459409
v -0.566717 0.674870 2.358659
v -0.606373 0.723880 2.269899
v -0.671403 0.849630 2.181949
v -0.666750 0.776910 2.201869
v -0.809021 0.755370 2.163079
v -0.876407 0.680170 2.204379
v -0.959104 0.636390 2.321179
v -0.988776 0.593750 2.418879
v -0.996861 0.557580 2.528629
v -0.986191 0.523520 2.642768
v -0.734071 0.762340 2.170209
v -0.851228 0.503510 2.805659
v -0.765155 0.495190 2.818989
v -0.608226 0.513540 2.754349
v -0.680580 0.527560 2.784409
v -0.541562 0.527610 2.600888
v -0.579325 0.551930 2.662118
v -0.537685 0.565500 2.492979
v -0.556158 0.603060 2.386999
v -0.599753 0.646640 2.294309
v -0.659809 0.700000 2.219319
v -0.804324 0.675030 2.178409
v -0.927307 0.616420 2.270269
v -0.872260 0.600480 2.224238
v -0.969879 0.564250 2.352998
v -0.998073 0.525030 2.456378
v -1.011560 0.489560 2.569448
v -0.954775 0.489080 2.759418
v -1.003450 0.459070 2.698648
v -0.728274 0.682630 2.185879
v -0.857894 0.454410 2.879289
v -0.783817 0.445310 2.889399
v -0.555439 0.490010 2.706539
v -0.593406 0.458190 2.804119
v -0.672447 0.476270 2.828538
v -0.524988 0.500430 2.531008
v -0.518821 0.464610 2.646909
v -0.544537 0.533940 2.419899
v -0.590094 0.572120 2.320099
v -0.654602 0.621940 2.242508
v -0.799615 0.595080 2.203609
v -0.929062 0.540770 2.296638
v -0.868796 0.522920 2.253909
v -0.974777 0.494680 2.388059
v -1.007440 0.456020 2.496328
v -1.027200 0.416000 2.608649
v -1.020370 0.401360 2.767498
v -0.982953 0.437830 2.824008
v -0.723891 0.603750 2.210518
v -0.873300 0.424560 2.956449
v -0.801309 0.416770 2.967709
v -0.903001 0.496290 2.782538
v -0.924890 0.456140 2.860548
v -0.532843 0.427510 2.758628
v -0.656605 0.430260 2.888999
v -0.574677 0.408460 2.864789
v -0.742335 0.440430 2.893339
v -0.503066 0.437730 2.574039
v -0.528792 0.469470 2.458219
v -0.501425 0.397990 2.692799
v -0.580075 0.501950 2.353539
v -0.646783 0.545000 2.269109
v -0.795650 0.516750 2.230968
v -0.929771 0.467870 2.330539
v -0.866991 0.450320 2.289168
v -0.982662 0.425770 2.425749
v -1.017390 0.385450 2.534859
v -1.029150 0.340050 2.639709
v -1.026350 0.368740 2.705668
v -0.717228 0.524990 2.237009
v -0.946740 0.420880 2.935089
v -0.808884 0.387680 3.045459
v -0.889642 0.396710 3.034489
v -0.726860 0.407720 2.969049
v -0.525508 0.361570 2.806648
v -0.648421 0.394790 2.962898
v -0.577199 0.365180 2.938599
v -0.492871 0.370790 2.611679
v -0.511394 0.404740 2.500079
v -0.559758 0.436030 2.391109
v -0.507904 0.321350 2.730469
v -0.634261 0.470810 2.296829
v -0.793356 0.442400 2.266068
v -0.867788 0.380220 2.326828
v -0.932151 0.399520 2.368708
v -0.986211 0.359880 2.466599
v -1.013350 0.313820 2.570939
v -1.005300 0.276570 2.663019
v -1.022560 0.289740 2.734989
v -1.002010 0.392250 2.894339
v -0.712173 0.448600 2.266758
v -0.970127 0.384770 3.007339
v -0.727976 0.376300 3.045719
v -0.902864 0.339400 3.097118
v -0.819741 0.334320 3.115191
v -0.545387 0.284740 2.846458
v -0.552429 0.338840 2.912828
v -0.595725 0.301200 3.004468
v -0.648226 0.351420 3.037309
v -0.505094 0.341150 2.541978
v -0.542216 0.366440 2.442328
v -0.608668 0.406100 2.339238
v -0.552197 0.260860 2.768079
v -0.793222 0.372620 2.307389
v -0.868629 0.315860 2.367218
v -0.933857 0.336010 2.407318
v -0.980172 0.294690 2.505599
v -0.987187 0.276940 2.586118
v -0.966266 0.236270 2.757329
v -0.957171 0.233230 2.681718
v -1.027070 0.321850 2.806458
v -1.013980 0.340770 2.954978
v -0.713947 0.376370 2.304039
v -0.968583 0.319230 3.054368
v -0.736868 0.324320 3.101189
v -0.910637 0.270340 3.078969
v -0.832048 0.252500 3.102509
v -0.586828 0.261130 2.938758
v -0.595897 0.238100 2.864429
v -0.676914 0.279140 3.078528
v -0.656751 0.234170 3.023939
v -0.512741 0.298640 2.625859
v -0.519600 0.298290 2.554249
v -0.529960 0.311930 2.503058
v -0.590575 0.348150 2.387338
v -0.597082 0.234940 2.777869
v -0.560215 0.244960 2.697419
v -0.510322 0.310000 2.678159
v -0.793935 0.307060 2.350718
v -0.866875 0.261050 2.414299
v -0.910950 0.253410 2.477418
v -0.961026 0.240050 2.601299
v -0.975672 0.243660 2.833808
v -0.891831 0.210580 2.773038
v -0.884903 0.207430 2.696378
v -1.022650 0.357650 2.843868
v -1.021850 0.312710 2.884959
v -0.987402 0.274750 2.990418
v -0.718445 0.311650 2.349648
v -0.747014 0.248840 3.103488
v -0.913080 0.233860 3.009099
v -0.830725 0.215430 3.023499
v -0.654075 0.212510 2.948069
v -0.658061 0.206880 2.869148
v -0.743576 0.208900 3.030009
v -0.567762 0.242120 2.629148
v -0.574768 0.247000 2.556448
v -0.585576 0.305330 2.423498
v -0.580620 0.269270 2.486378
v -0.641967 0.209020 2.787659
v -0.793748 0.252060 2.403518
v -0.877859 0.207000 2.618908
v -0.899267 0.215160 2.850459
v -0.981859 0.251220 2.913009
v -0.805409 0.196040 2.703969
v -0.811519 0.197510 2.782649
v -0.719043 0.257300 2.403929
v -0.906364 0.221120 2.929668
v -0.824700 0.203850 2.941529
v -0.734966 0.194890 2.868119
v -0.739374 0.196730 2.948449
v -0.645006 0.217990 2.553918
v -0.642822 0.209810 2.630998
v -0.647103 0.241540 2.479858
v -0.648517 0.273970 2.412349
v -0.728681 0.193490 2.787838
v -0.638016 0.208510 2.707959
v -0.793480 0.215950 2.470978
v -0.866910 0.225450 2.472229
v -0.941468 0.237590 2.535299
v -0.871151 0.211570 2.543398
v -0.800577 0.196620 2.625748
v -0.818052 0.199000 2.861778
v -0.724245 0.194080 2.708318
v -0.647575 0.324960 2.359568
v -0.719039 0.223920 2.474468
v -0.720108 0.205550 2.551158
v -0.722361 0.197320 2.629678
v -0.796211 0.201420 2.548069
v -0.954990 0.281380 2.482609
vn -0.7584 -0.2362 0.6075
vn -0.3585 0.7982 0.4841
vn -0.3486 0.8242 0.4463
vn -0.7805 0.0014 0.6252
vn -0.3950 0.8343 0.3846
vn -0.8331 0.0306 0.5523
vn -0.7889 -0.2371 0.5670
vn -0.6323 -0.2515 0.7328
vn -0.1514 0.7442 0.6506
vn -0.1819 0.7891 0.5867
vn -0.6752 0.0091 0.7376
vn -0.7245 -0.2420 0.6454
vn -0.5647 0.8038 -0.1870
vn -0.6424 0.7460 -0.1753
vn -0.9692 -0.1782 0.1701
vn -0.9866 0.0824 0.1409
vn -0.9373 -0.2154 0.2742
vn -0.9391 0.0623 0.3381
vn -0.5637 0.8241 -0.0561
vn -0.4678 0.8528 0.2322
vn -0.8530 -0.2394 0.4637
vn -0.7733 -0.2418 0.5861
vn -0.8083 -0.2640 0.5263
vn -0.5384 -0.2618 0.8010
vn -0.0170 0.6906 0.7230
vn -0.6579 -0.2673 0.7041
vn -0.7433 -0.2512 0.6200
vn -0.9753 -0.1715 0.1390
vn -0.9925 0.1223 -0.0021
vn -0.9507 -0.2136 0.2248
vn -0.8889 -0.2575 0.3789
vn -0.7899 -0.2625 0.5542
vn -0.8366 -0.2727 0.4752
vn 0.3037 0.6579 0.6892
vn -0.1911 0.0717 0.9790
vn -0.2133 -0.1834 0.9596
vn 0.3359 0.6214 0.7078
vn -0.4184 -0.2596 0.8704
vn -0.5750 -0.2929 0.7639
vn -0.6832 -0.2646 0.6806
vn -0.7649 -0.2646 0.5872
vn -0.0593 -0.1822 0.9815
vn 0.4525 0.5696 0.6861
vn -0.9615 -0.2033 0.1847
vn -0.9912 -0.1289 0.0303
vn -0.9818 -0.1681 0.0885
vn -0.9191 -0.2445 0.3089
vn -0.5367 0.7859 -0.3070
vn -0.5507 0.7611 -0.3426
vn -0.8065 -0.2711 0.5254
vn -0.8706 -0.2671 0.4131
vn -0.2745 -0.2553 0.9271
vn -0.4719 -0.3130 0.8243
vn -0.5978 -0.2799 0.7512
vn -0.7202 -0.2596 0.6433
vn -0.7862 -0.2675 0.5571
vn -0.1203 -0.2429 0.9625
vn 0.0597 -0.2065 0.9766
vn 0.5309 0.5389 0.6540
vn -0.9705 -0.1986 0.1366
vn -0.9405 -0.2316 0.2488
vn -0.9926 -0.1156 -0.0371
vn -0.9868 -0.1597 0.0272
vn -0.5278 0.7471 -0.4040
vn -0.8286 -0.2735 0.4886
vn -0.8996 -0.2642 0.3477
vn -0.3354 -0.3232 0.8849
vn -0.4955 -0.2991 0.8155
vn -0.6322 -0.2616 0.7293
vn -0.7613 -0.2554 0.5960
vn -0.8068 -0.2657 0.5276
vn -0.1990 -0.3052 0.9313
vn 0.0537 -0.2294 0.9718
vn 0.0529 -0.2803 0.9585
vn 0.5313 0.5164 0.6716
vn -0.9778 -0.1937 0.0796
vn -0.9605 -0.2166 0.1746
vn -0.9881 -0.1044 -0.1129
vn -0.9876 -0.1493 -0.0484
vn -0.9141 0.2367 -0.3292
vn -0.8592 -0.2745 0.4318
vn -0.9196 -0.2530 0.3005
vn -0.9396 -0.2339 0.2498
vn -0.3790 -0.3088 0.8723
vn -0.5220 -0.2623 0.8116
vn -0.7203 -0.2538 0.6456
vn -0.7902 -0.2579 0.5560
vn -0.8306 -0.2704 0.4869
vn -0.0106 -0.2780 0.9605
vn -0.2565 -0.3047 0.9172
vn 0.1536 -0.2666 0.9515
vn 0.0014 -0.3768 0.9263
vn 0.5348 0.4742 0.6994
vn -0.4215 0.6987 -0.5781
vn -0.9582 -0.0486 -0.2821
vn -0.4141 0.7295 -0.5443
vn -0.9713 -0.2044 0.1215
vn -0.9850 -0.1715 0.0193
vn -0.9505 -0.2269 0.2123
vn -0.9728 -0.0915 -0.2129
vn -0.9843 -0.1188 -0.1308
vn -0.8905 -0.2669 0.3684
vn -0.9342 -0.2423 0.2617
vn -0.4128 -0.2581 0.8735
vn -0.6558 -0.2560 0.7102
vn -0.5676 -0.2450 0.7860
vn -0.7579 -0.2546 0.6007
vn -0.8108 -0.2630 0.5230
vn -0.8610 -0.2583 0.4382
vn 0.1861 -0.2666 0.9457
vn -0.0794 -0.3031 0.9497
vn -0.2889 -0.2582 0.9219
vn 0.1196 -0.3647 0.9234
vn -0.0109 -0.4536 0.8911
vn 0.5684 0.4116 0.7124
vn -0.9127 -0.0231 -0.4081
vn -0.3606 0.6587 -0.6604
vn -0.9824 -0.1660 0.0854
vn -0.9633 -0.2062 0.1715
vn -0.9918 -0.1197 -0.0447
vn -0.9471 -0.0517 -0.3166
vn -0.9726 -0.0708 -0.2213
vn -0.9161 -0.2438 0.3182
vn -0.9494 -0.2123 0.2315
vn -0.4584 -0.2315 0.8581
vn -0.7006 -0.2490 0.6687
vn -0.6202 -0.2421 0.7462
vn -0.7888 -0.2516 0.5607
vn -0.8339 -0.2424 0.4959
vn -0.8951 -0.2279 0.3831
vn 0.1440 -0.2834 0.9481
vn 0.2321 -0.3065 0.9231
vn -0.1179 -0.2702 0.9556
vn -0.3276 -0.2214 0.9185
vn 0.0648 -0.4584 0.8864
vn 0.5983 0.3935 0.6980
vn 0.6255 0.3651 0.6895
vn -0.2518 0.6268 -0.7374
vn -0.8224 0.0244 -0.5684
vn -0.9922 -0.1199 0.0328
vn -0.9758 -0.1625 0.1466
vn -0.9861 -0.0812 -0.1448
vn -0.9384 -0.0456 -0.3426
vn -0.9050 -0.0125 -0.4253
vn -0.9356 -0.2076 0.2857
vn -0.9650 -0.1588 0.2087
vn -0.5180 -0.2307 0.8237
vn -0.6686 -0.2473 0.7013
vn -0.7422 -0.2486 0.6224
vn -0.8104 -0.2265 0.5403
vn -0.8664 -0.2082 0.4540
vn -0.9208 -0.1962 0.3371
vn 0.0877 -0.2847 0.9546
vn 0.2736 -0.2620 0.9255
vn 0.1689 -0.3913 0.9046
vn -0.1434 -0.2316 0.9622
vn -0.3852 -0.2223 0.8956
vn 0.6711 0.3414 0.6581
vn -0.6893 0.0650 -0.7215
vn -0.1352 0.6080 -0.7824
vn -0.9878 -0.1174 0.1018
vn -0.9928 -0.0932 -0.0750
vn -0.9546 -0.0746 -0.2884
vn -0.8271 0.0226 -0.5616
vn -0.8657 -0.0290 -0.4998
vn -0.9511 -0.1543 0.2676
vn -0.9801 -0.0997 0.1718
vn -0.5767 -0.2443 0.7796
vn -0.7712 -0.2283 0.5942
vn -0.7049 -0.2404 0.6673
vn -0.8380 -0.1869 0.5127
vn -0.9010 -0.1786 0.3954
vn -0.9355 -0.1571 0.3165
vn 0.2454 -0.2482 0.9371
vn 0.2732 -0.3026 0.9131
vn 0.6884 0.3564 0.6318
vn -0.1897 -0.2289 0.9548
vn 0.0457 -0.2463 0.9681
vn 0.0582 -0.2679 0.9617
vn -0.4490 -0.2444 0.8594
vn -0.7180 0.0588 -0.6936
vn -0.0635 0.6103 -0.7896
vn -0.0797 0.6186 -0.7817
vn -0.9959 -0.0906 -0.0064
vn -0.9695 -0.0785 -0.2321
vn -0.8972 -0.0650 -0.4368
vn -0.7617 0.0020 -0.6480
vn -0.9648 -0.1014 0.2427
vn -0.9957 -0.0662 0.0641
vn -0.6202 -0.2508 0.7432
vn -0.7812 -0.2016 0.5908
vn -0.7258 -0.2219 0.6512
vn -0.8752 -0.1581 0.4572
vn -0.9230 -0.1406 0.3581
vn 0.3301 -0.2370 0.9137
vn 0.1928 -0.2479 0.9494
vn 0.4720 -0.1396 0.8705
vn 0.0171 -0.2352 0.9718
vn -0.2563 -0.2527 0.9330
vn 0.1561 -0.2416 0.9577
vn -0.5039 -0.2680 0.8211
vn -0.1040 0.6246 -0.7740
vn -0.9847 -0.0697 -0.1598
vn -0.9212 -0.0576 -0.3849
vn -0.8057 -0.0257 -0.5917
vn -0.1397 0.6104 -0.7797
vn -0.9845 -0.0732 0.1594
vn -0.9942 -0.0509 -0.0943
vn -0.6472 -0.2480 0.7209
vn -0.7818 -0.1871 0.5947
vn -0.7387 -0.2028 0.6428
vn -0.9039 -0.1246 0.4091
vn -0.8130 -0.1853 0.5521
vn -0.8376 -0.1560 0.5235
vn -0.9338 -0.1048 0.3420
vn -0.9423 -0.1223 0.3115
vn 0.3182 -0.2125 0.9239
vn 0.3708 -0.3124 0.8746
vn -0.0352 -0.2560 0.9660
vn 0.1407 -0.2378 0.9611
vn -0.3291 -0.2873 0.8995
vn 0.2784 -0.2284 0.9329
vn -0.5412 -0.2787 0.7934
vn -0.9500 -0.0423 -0.3093
vn -0.8433 -0.0033 -0.5374
vn -0.1804 0.6144 -0.7681
vn -0.9975 -0.0480 -0.0509
vn -0.9520 -0.0999 0.2893
vn -0.9667 -0.0882 0.2400
vn -0.9676 -0.0272 -0.2508
vn -0.6662 -0.2327 0.7086
vn -0.7953 -0.1615 0.5843
vn -0.7497 -0.1723 0.6390
vn -0.8690 -0.1269 0.4783
vn -0.9215 -0.0924 0.3772
vn -0.9439 -0.0873 0.3185
vn 0.4607 -0.2347 0.8559
vn 0.7975 0.3591 0.4849
vn 0.7845 0.3430 0.5166
vn -0.1060 -0.2960 0.9493
vn 0.1265 -0.2598 0.9573
vn 0.2565 -0.2525 0.9330
vn -0.3902 -0.3072 0.8680
vn 0.4874 -0.2366 0.8405
vn -0.5673 -0.2661 0.7793
vn -0.8630 0.0185 -0.5049
vn -0.9144 -0.0123 -0.4045
vn -0.5563 0.3201 -0.7668
vn -0.9971 -0.0718 -0.0268
vn -0.9919 -0.0699 0.1058
vn -0.9774 -0.0482 -0.2057
vn -0.9836 -0.0869 0.1580
vn -0.9579 -0.0844 0.2745
vn -0.9291 -0.0076 -0.3698
vn -0.6837 -0.1991 0.7021
vn -0.8234 -0.1348 0.5512
vn -0.7717 -0.1400 0.6204
vn -0.8941 -0.1062 0.4350
vn -0.9355 -0.0821 0.3438
vn 0.8194 0.4022 0.4085
vn -0.1817 -0.3248 0.9282
vn 0.0960 -0.3010 0.9488
vn 0.2537 -0.2835 0.9248
vn 0.4877 -0.2809 0.8266
vn -0.4315 -0.2997 0.8509
vn 0.7926 -0.0618 0.6066
vn -0.5915 -0.2273 0.7736
vn -0.7506 0.0460 -0.6592
vn -0.8804 0.0087 -0.4742
vn -0.9834 -0.0744 -0.1657
vn -0.9958 -0.0889 0.0197
vn -0.9442 -0.0328 -0.3278
vn -0.9754 -0.0914 0.2004
vn -0.9485 -0.0875 0.3045
vn -0.7070 -0.1578 0.6894
vn -0.8589 -0.1188 0.4982
vn -0.8120 -0.1252 0.5700
vn -0.9163 -0.0944 0.3891
vn -0.2449 -0.3283 0.9123
vn 0.0495 -0.3340 0.9413
vn 0.2543 -0.3255 0.9107
vn 0.4929 -0.3321 0.8042
vn 0.7263 -0.3170 0.6099
vn -0.4539 -0.2671 0.8501
vn -0.6549 -0.1689 0.7366
vn -0.3517 0.3017 -0.8862
vn -0.5766 0.0568 -0.8151
vn -0.7814 0.0280 -0.6234
vn -0.8946 -0.0191 -0.4464
vn 0.0664 0.5748 -0.8156
vn -0.4043 0.0627 -0.9125
vn 0.0498 0.5962 -0.8013
vn -0.9571 -0.0656 -0.2822
vn -0.9875 -0.0921 -0.1281
vn -0.9917 -0.1034 0.0762
vn -0.9652 -0.0993 0.2417
vn -0.9372 -0.0932 0.3362
vn -0.7485 -0.1324 0.6498
vn -0.8871 -0.1110 0.4480
vn -0.8513 -0.1195 0.5108
vn -0.0122 -0.3387 0.9408
vn -0.2858 -0.3043 0.9087
vn 0.2479 -0.3504 0.9032
vn 0.4986 -0.3754 0.7814
vn 0.7534 -0.3588 0.5511
vn 0.9339 -0.1205 0.3367
vn 0.9319 0.3152 0.1795
vn -0.5883 -0.1849 0.7872
vn -0.4639 -0.2307 0.8553
vn -0.6832 -0.1389 0.7169
vn -0.3880 0.0393 -0.9208
vn -0.5939 0.0378 -0.8037
vn -0.8068 -0.0164 -0.5906
vn -0.9040 -0.0707 -0.4217
vn -0.1179 0.2645 -0.9571
vn 0.1078 0.5694 -0.8150
vn -0.9615 -0.1049 -0.2538
vn -0.9911 -0.1053 -0.0816
vn -0.9865 -0.0949 0.1333
vn -0.9553 -0.0979 0.2790
vn -0.9149 -0.1098 0.3884
vn -0.7999 -0.1160 0.5888
vn 0.2265 -0.3423 0.9119
vn -0.0779 -0.3232 0.9431
vn -0.3117 -0.2760 0.9092
vn 0.4993 -0.3838 0.7768
vn 0.7586 -0.3897 0.5223
vn 0.8549 -0.3934 0.3382
vn -0.7243 -0.1207 0.6788
vn -0.6009 -0.1627 0.7826
vn -0.2529 -0.0028 -0.9675
vn -0.3795 0.0250 -0.9249
vn -0.6295 0.0001 -0.7770
vn -0.8234 -0.0784 -0.5620
vn -0.9100 -0.1247 -0.3953
vn -0.9647 -0.1111 -0.2388
vn -0.9965 -0.0768 -0.0318
vn -0.9673 -0.0938 0.2355
vn -0.9398 -0.1072 0.3245
vn -0.8799 -0.1112 0.4620
vn -0.8439 -0.1119 0.5246
vn 0.1819 -0.3323 0.9255
vn 0.4984 -0.3632 0.7872
vn -0.1314 -0.2996 0.9450
vn -0.4690 -0.2130 0.8571
vn -0.3297 -0.2601 0.9075
vn 0.7577 -0.3883 0.5245
vn 0.8823 -0.3759 0.2832
vn 0.9670 0.2490 0.0547
vn 0.9247 -0.2938 0.2421
vn -0.7791 -0.1287 0.6136
vn -0.6287 -0.1480 0.7634
vn 0.1958 0.5054 -0.8404
vn -0.0036 0.1685 -0.9857
vn -0.2108 -0.0098 -0.9775
vn -0.3868 0.0121 -0.9221
vn -0.6752 -0.0685 -0.7344
vn -0.8346 -0.1346 -0.5342
vn -0.9141 -0.1342 -0.3827
vn -0.9713 -0.0796 -0.2241
vn -0.9969 -0.0743 0.0242
vn -0.9840 -0.0786 0.1597
vn -0.9565 -0.0972 0.2752
vn -0.9221 -0.1117 0.3704
vn -0.8987 -0.1176 0.4225
vn -0.8998 -0.1096 0.4224
vn -0.8733 -0.1039 0.4760
vn 0.1289 -0.3192 0.9389
vn 0.4867 -0.3456 0.8023
vn 0.7563 -0.3650 0.5429
vn -0.1762 -0.2915 0.9402
vn -0.4821 -0.2051 0.8518
vn -0.3458 -0.2491 0.9046
vn 0.8906 -0.3580 0.2805
vn 0.7303 -0.6033 0.3205
vn 0.9035 -0.3947 0.1673
vn -0.8275 -0.1096 0.5506
vn -0.6838 -0.1475 0.7146
vn -0.5050 -0.1933 0.8412
vn -0.1161 -0.0677 -0.9909
vn -0.1805 -0.0105 -0.9835
vn -0.4238 -0.0415 -0.9048
vn -0.7031 -0.1447 -0.6962
vn -0.8401 -0.1606 -0.5182
vn -0.9135 -0.1132 -0.3908
vn -0.9761 -0.0853 -0.1998
vn -0.9735 -0.0814 0.2139
vn -0.9434 -0.0962 0.3174
vn -0.9172 -0.0998 0.3858
vn -0.9015 -0.0845 0.4244
vn 0.0750 -0.3288 0.9414
vn 0.4612 -0.3389 0.8200
vn 0.7550 -0.3429 0.5589
vn 0.8929 -0.3366 0.2989
vn -0.2033 -0.2902 0.9351
vn -0.3629 -0.2461 0.8987
vn 0.9302 -0.3399 0.1385
vn -0.8689 -0.0820 0.4881
vn -0.5392 -0.1879 0.8210
vn 0.2722 0.4232 -0.8642
vn 0.0974 0.0906 -0.9911
vn -0.0627 -0.0554 -0.9965
vn -0.1842 -0.0194 -0.9827
vn -0.4839 -0.1284 -0.8657
vn -0.7209 -0.1736 -0.6709
vn -0.8454 -0.1411 -0.5152
vn -0.9142 -0.1118 -0.3894
vn -0.9955 -0.0799 0.0519
vn -0.9819 -0.0880 -0.1680
vn -0.9563 -0.0743 0.2828
vn -0.9314 -0.0819 0.3548
vn -0.9192 -0.0695 0.3875
vn 0.4207 -0.3609 0.8323
vn 0.0337 -0.3485 0.9367
vn 0.7487 -0.3324 0.5735
vn 0.8963 -0.3139 0.3133
vn 0.9403 -0.3084 0.1441
vn -0.2221 -0.2895 0.9311
vn -0.3812 -0.2450 0.8914
vn 0.8548 -0.4890 0.1736
vn 0.9218 -0.3733 0.1046
vn -0.8997 -0.0714 0.4307
vn -0.8268 -0.0857 0.5559
vn -0.7915 -0.1187 0.5995
vn -0.5824 -0.1883 0.7908
vn -0.7278 -0.1302 0.6733
vn 0.0351 -0.1428 -0.9891
vn -0.0218 -0.0418 -0.9989
vn -0.2448 -0.0699 -0.9670
vn -0.5459 -0.1489 -0.8245
vn -0.7482 -0.1392 -0.6487
vn -0.8566 -0.1171 -0.5025
vn -0.9219 -0.1006 -0.3741
vn -0.9895 -0.0588 -0.1323
vn -0.9948 -0.0602 0.0818
vn -0.9453 -0.0570 0.3212
vn -0.9313 -0.0444 0.3616
vn 0.3698 -0.3852 0.8455
vn 0.7242 -0.3418 0.5989
vn 0.0048 -0.3448 0.9387
vn 0.8974 -0.2943 0.3287
vn 0.9466 -0.2809 0.1580
vn 0.9524 -0.2964 0.0715
vn -0.2422 -0.2960 0.9240
vn -0.4086 -0.2541 0.8766
vn 0.8886 -0.4429 0.1189
vn 0.7117 -0.6667 0.2216
vn -0.8642 -0.0844 0.4960
vn -0.9123 -0.0396 0.4076
vn -0.7589 -0.1197 0.6401
vn -0.6248 -0.1965 0.7556
vn 0.1024 -0.3022 -0.9477
vn 0.3784 0.2727 -0.8845
vn 0.1382 -0.0987 -0.9855
vn -0.0589 -0.0258 -0.9979
vn -0.3339 -0.0922 -0.9381
vn -0.6054 -0.1106 -0.7882
vn -0.7779 -0.1044 -0.6197
vn -0.8680 -0.1043 -0.4854
vn -0.9327 -0.0769 -0.3525
vn -0.9953 -0.0524 -0.0819
vn -0.9909 -0.0363 0.1297
vn -0.9716 -0.0511 0.2312
vn -0.9608 -0.0293 0.2758
vn -0.9460 -0.0095 0.3241
vn 0.9994 0.0311 -0.0133
vn 0.9955 -0.0368 0.0873
vn 0.7317 -0.6313 0.2570
vn 0.7084 -0.6598 0.2508
vn 0.3195 -0.3757 0.8699
vn 0.6781 -0.3456 0.6487
vn 0.8882 -0.2737 0.3690
vn -0.0325 -0.3455 0.9379
vn 0.9531 -0.2426 0.1813
vn 0.9644 -0.2518 0.0811
vn 0.9512 -0.3027 0.0597
vn -0.2613 -0.3036 0.9163
vn -0.4512 -0.2724 0.8498
vn 0.8547 -0.5048 0.1209
vn 0.6713 -0.7134 0.2009
vn -0.8829 -0.0521 0.4667
vn -0.7973 -0.1205 0.5914
vn -0.9258 -0.0009 0.3779
vn -0.6676 -0.1967 0.7181
vn 0.2664 -0.1687 -0.9490
vn 0.4198 0.2253 -0.8792
vn 0.2611 -0.1925 -0.9459
vn 0.2130 -0.0566 -0.9754
vn 0.0753 -0.0242 -0.9969
vn -0.1086 -0.0343 -0.9935
vn -0.4025 -0.0707 -0.9127
vn -0.6467 -0.0893 -0.7575
vn -0.7989 -0.1106 -0.5912
vn -0.8738 -0.0928 -0.4774
vn -0.9452 -0.0791 -0.3169
vn -0.9836 -0.0146 0.1797
vn -0.9988 -0.0382 -0.0314
vn -0.9729 0.0114 0.2310
vn 0.9994 -0.0334 -0.0121
vn 0.2606 -0.3688 0.8922
vn 0.6167 -0.3341 0.7128
vn 0.8634 -0.2541 0.4358
vn 0.9531 -0.1987 0.2284
vn -0.0743 -0.3506 0.9336
vn 0.9775 -0.1841 0.1030
vn 0.9726 -0.2263 0.0531
vn 0.9412 -0.3333 0.0558
vn -0.2928 -0.3190 0.9014
vn -0.4962 -0.2703 0.8251
vn 0.6300 -0.7613 0.1536
vn 0.8197 -0.5689 0.0669
vn 0.9978 -0.0382 -0.0538
vn -0.8971 -0.0193 0.4414
vn -0.8270 -0.0951 0.5541
vn -0.9556 0.0217 0.2938
vn -0.7144 -0.1720 0.6782
vn 0.3646 -0.2853 -0.8864
vn 0.2992 -0.3519 -0.8869
vn 0.4893 0.2066 -0.8473
vn 0.3819 -0.1162 -0.9169
vn 0.2647 -0.0122 -0.9643
vn 0.0987 -0.0037 -0.9951
vn -0.1707 -0.0258 -0.9850
vn -0.4547 -0.0674 -0.8881
vn -0.6764 -0.1128 -0.7278
vn -0.8092 -0.1102 -0.5772
vn -0.8808 -0.0928 -0.4644
vn -0.9589 -0.0737 -0.2738
vn -0.9998 -0.0079 0.0200
vn 0.1935 -0.3763 0.9061
vn 0.5474 -0.3390 0.7651
vn 0.8273 -0.2495 0.5033
vn 0.9450 -0.1791 0.2736
vn 0.9790 -0.1476 0.1409
vn -0.1131 -0.3596 0.9262
vn 0.9738 -0.2249 0.0332
vn 0.9253 -0.3791 -0.0081
vn -0.3292 -0.3179 0.8891
vn -0.5495 -0.2443 0.7990
vn 0.7033 -0.7004 0.1220
vn 0.7643 -0.6447 -0.0106
vn 0.5627 -0.8211 0.0964
vn -0.8507 -0.0632 0.5218
vn -0.9968 -0.0068 0.0795
vn -0.7592 -0.1350 0.6367
vn 0.4999 -0.2276 -0.8356
vn 0.4626 -0.0507 -0.8851
vn 0.2960 0.0313 -0.9547
vn 0.0713 0.0219 -0.9972
vn -0.2360 -0.0220 -0.9715
vn -0.5085 -0.0894 -0.8564
vn -0.7017 -0.1222 -0.7020
vn -0.8169 -0.1084 -0.5665
vn -0.8922 -0.0957 -0.4415
vn -0.9702 -0.0520 -0.2365
vn 0.9706 -0.2140 -0.1103
vn 0.9812 -0.1732 -0.0852
vn 0.3541 -0.9178 0.1797
vn 0.4798 -0.3599 0.8001
vn 0.1271 -0.3845 0.9143
vn 0.7846 -0.2737 0.5563
vn 0.9368 -0.1826 0.2984
vn 0.9769 -0.1496 0.1528
vn 0.9904 -0.1253 0.0586
vn 0.9882 -0.1469 0.0443
vn -0.1507 -0.3496 0.9247
vn 0.9717 -0.2316 -0.0456
vn 0.8978 -0.4298 -0.0957
vn -0.3619 -0.2814 0.8887
vn -0.6018 -0.2102 0.7705
vn 0.6891 -0.7227 -0.0537
vn 0.4732 -0.8791 0.0575
vn -0.9092 -0.0038 0.4163
vn -0.8769 -0.0466 0.4784
vn -0.9369 -0.0082 0.3494
vn -0.9874 -0.0515 0.1499
vn -0.9794 -0.0685 -0.1898
vn -0.8367 -0.0994 0.5385
vn 0.5729 0.1121 -0.8119
vn 0.4935 -0.3881 -0.7783
vn 0.3473 -0.5219 -0.7791
vn 0.5296 -0.4141 -0.7403
vn 0.6303 -0.1338 -0.7647
vn 0.5267 -0.0123 -0.8500
vn 0.3098 0.0586 -0.9490
vn 0.0166 0.0345 -0.9993
vn -0.3051 -0.0408 -0.9514
vn -0.5569 -0.1149 -0.8226
vn -0.7204 -0.1295 -0.6814
vn -0.8227 -0.1206 -0.5555
vn -0.9024 -0.0908 -0.4213
vn 0.2969 -0.9460 0.1303
vn 0.9521 -0.2466 -0.1808
vn 0.4142 -0.3749 0.8294
vn 0.7381 -0.3105 0.5990
vn 0.0733 -0.3657 0.9278
vn 0.9265 -0.2105 0.3120
vn 0.9764 -0.1626 0.1424
vn 0.9871 -0.1509 0.0530
vn 0.9903 -0.1215 -0.0681
vn 0.9886 -0.1390 -0.0581
vn -0.1870 -0.3001 0.9354
vn 0.9569 -0.2527 -0.1428
vn 0.8566 -0.4902 -0.1608
vn -0.4387 -0.2453 0.8645
vn -0.7676 -0.1509 0.6229
vn -0.6361 -0.1877 0.7485
vn 0.3706 -0.9286 -0.0172
vn 0.6062 -0.7863 -0.1193
vn -0.9132 -0.0603 0.4030
vn -0.9864 -0.1086 -0.1234
vn -0.9666 -0.1032 0.2344
vn -0.9105 -0.1156 -0.3971
vn -0.8779 -0.1114 0.4656
vn 0.4855 -0.6176 -0.6188
vn 0.7004 -0.2639 -0.6631
vn 0.7056 -0.0740 -0.7048
vn 0.5741 0.0323 -0.8182
vn 0.2915 0.0477 -0.9554
vn -0.0436 0.0099 -0.9990
vn -0.3583 -0.1002 -0.9282
vn -0.5844 -0.1520 -0.7971
vn -0.7296 -0.1561 -0.6658
vn -0.8253 -0.1333 -0.5487
vn 0.2361 -0.9695 0.0656
vn 0.9205 -0.2863 -0.2659
vn 0.3481 -0.3622 0.8646
vn 0.6889 -0.3250 0.6479
vn 0.9091 -0.2348 0.3440
vn 0.0356 -0.3124 0.9493
vn 0.9756 -0.1787 0.1278
vn 0.9844 -0.1739 0.0270
vn 0.9846 -0.1562 -0.0783
vn 0.9713 -0.1337 -0.1966
vn 0.9731 -0.1538 -0.1717
vn 0.9317 -0.2851 -0.2251
vn 0.7990 -0.5553 -0.2308
vn -0.5116 -0.2307 0.8277
vn -0.9884 -0.1489 -0.0310
vn -0.9243 -0.1445 -0.3531
vn -0.9372 -0.1370 0.3209
vn -0.8253 -0.1577 -0.5423
vn -0.8254 -0.1572 0.5422
vn 0.7061 0.0285 -0.7076
vn 0.5914 -0.5372 -0.6014
vn 0.7819 -0.1456 -0.6062
vn 0.7495 -0.0219 -0.6616
vn 0.6014 0.0449 -0.7977
vn 0.2508 -0.0424 -0.9671
vn -0.0959 -0.0787 -0.9923
vn -0.3880 -0.1753 -0.9048
vn -0.5911 -0.1972 -0.7821
vn -0.7293 -0.1866 -0.6583
vn 0.9046 -0.2566 -0.3403
vn 0.9096 -0.2602 -0.3240
vn 0.2926 -0.3095 0.9048
vn 0.6293 -0.3203 0.7081
vn 0.8836 -0.2417 0.4011
vn 0.9768 -0.1740 0.1248
vn -0.2033 -0.2593 0.9442
vn -0.0099 -0.2567 0.9664
vn 0.9856 -0.1689 -0.0015
vn 0.9783 -0.1861 -0.0915
vn 0.9649 -0.1567 -0.2107
vn 0.9513 -0.1742 -0.2544
vn 0.9508 -0.1485 -0.2718
vn 0.8946 -0.3186 -0.3133
vn 0.5169 -0.8375 -0.1773
vn 0.7262 -0.6118 -0.3135
vn -0.6877 -0.1942 0.6995
vn -0.5804 -0.2214 0.7836
vn -0.3318 -0.2539 0.9085
vn -0.3928 -0.2393 0.8880
vn 0.8981 -0.2089 -0.3870
vn -0.9816 -0.1770 0.0717
vn -0.9425 -0.1702 -0.2875
vn -0.8341 -0.1723 -0.5240
vn -0.8944 -0.1665 0.4152
vn -0.7271 -0.2067 -0.6547
vn -0.7539 -0.1928 0.6280
vn 0.5588 -0.7225 -0.4071
vn 0.6808 -0.5043 -0.5313
vn 0.8278 -0.0802 -0.5553
vn 0.6961 -0.3853 -0.6058
vn 0.8165 -0.2295 -0.5298
vn 0.7886 -0.0066 -0.6149
vn 0.6108 -0.0194 -0.7916
vn -0.1413 -0.1757 -0.9743
vn 0.2018 -0.1523 -0.9675
vn -0.4029 -0.2343 -0.8848
vn -0.5921 -0.2399 -0.7693
vn 0.5707 -0.2818 0.7713
vn 0.2390 -0.2570 0.9364
vn 0.8492 -0.2506 0.4649
vn 0.9761 -0.1660 0.1400
vn 0.9861 -0.1551 -0.0600
vn -0.2604 -0.2272 0.9384
vn -0.0754 -0.2188 0.9729
vn 0.9774 -0.1798 -0.1110
vn 0.9593 -0.1876 -0.2110
vn 0.9446 -0.1625 -0.2851
vn 0.9328 -0.1565 -0.3248
vn 0.9273 -0.1776 -0.3296
vn 0.8376 -0.3362 -0.4306
vn 0.6527 -0.6547 -0.3812
vn -0.6635 -0.2085 0.7186
vn -0.4701 -0.2169 0.8555
vn -0.9620 -0.2004 0.1855
vn -0.9611 -0.1932 -0.1974
vn -0.8578 -0.1744 -0.4835
vn -0.7303 -0.1974 -0.6539
vn -0.8347 -0.1936 0.5156
vn -0.5937 -0.2615 -0.7610
vn 0.7939 -0.0527 -0.6058
vn 0.8581 -0.0675 -0.5091
vn 0.8628 -0.1302 -0.4884
vn 0.8152 -0.0314 -0.5783
vn 0.5950 -0.1118 -0.7959
vn -0.1761 -0.2520 -0.9516
vn 0.1568 -0.2530 -0.9547
vn -0.4105 -0.2848 -0.8662
vn 0.5122 -0.2480 0.8223
vn 0.8168 -0.2357 0.5266
vn 0.1834 -0.2355 0.9544
vn 0.9688 -0.1821 0.1680
vn 0.9881 -0.1337 -0.0759
vn -0.3460 -0.2024 0.9162
vn -0.1595 -0.2067 0.9653
vn 0.9594 -0.1900 -0.2082
vn 0.9385 -0.1859 -0.2908
vn 0.9309 -0.1675 -0.3245
vn 0.8963 -0.1624 -0.4127
vn 0.9099 -0.1423 -0.3896
vn -0.7647 -0.2042 0.6112
vn -0.5602 -0.1997 0.8039
vn -0.9737 -0.2091 -0.0904
vn -0.9219 -0.2179 0.3203
vn -0.8906 -0.1783 -0.4183
vn -0.7537 -0.1745 -0.6336
vn -0.5942 -0.2298 -0.7708
vn -0.4108 -0.3101 -0.8574
vn 0.8835 -0.1128 -0.4546
vn 0.8847 -0.0729 -0.4603
vn 0.8175 -0.0729 -0.5713
vn 0.5533 -0.2121 -0.8055
vn 0.1197 -0.3373 -0.9338
vn -0.1956 -0.3185 -0.9275
vn 0.4575 -0.2536 0.8523
vn 0.7775 -0.2158 0.5907
vn 0.9604 -0.1857 0.2075
vn 0.1148 -0.2381 0.9644
vn 0.9885 -0.1322 -0.0735
vn 0.9710 -0.1287 -0.2013
vn 0.9661 -0.1607 -0.2019
vn -0.4378 -0.1857 0.8797
vn -0.2547 -0.1883 0.9485
vn 0.9405 -0.1839 -0.2857
vn 0.9290 -0.1830 -0.3217
vn 0.9161 -0.1615 -0.3671
vn -0.8701 -0.2156 0.4432
vn -0.6340 -0.1804 0.7520
vn -0.9209 -0.1825 -0.3445
vn -0.7882 -0.1576 -0.5948
vn -0.6092 -0.1904 -0.7698
vn -0.4163 -0.2716 -0.8677
vn -0.1984 -0.3470 -0.9166
vn 0.9026 -0.1283 -0.4110
vn 0.9042 -0.0728 -0.4208
vn 0.7994 -0.1442 -0.5833
vn 0.5014 -0.3040 -0.8100
vn 0.0947 -0.3781 -0.9209
vn 0.4070 -0.2601 0.8756
vn 0.7223 -0.2412 0.6482
vn 0.9530 -0.1703 0.2506
vn 0.9880 -0.1441 -0.0561
vn 0.0252 -0.2076 0.9779
vn 0.9722 -0.1181 -0.2021
vn 0.9576 -0.1208 -0.2616
vn 0.9515 -0.1467 -0.2705
vn -0.3776 -0.1461 0.9143
vn -0.5289 -0.1672 0.8320
vn 0.9369 -0.1656 -0.3078
vn 0.9244 -0.1643 -0.3442
vn -0.9416 -0.2077 0.2652
vn -0.9597 -0.2285 0.1637
vn -0.8228 -0.1973 0.5329
vn -0.7152 -0.1762 0.6764
vn -0.8277 -0.1550 -0.5393
vn -0.9797 -0.1996 -0.0173
vn -0.9458 -0.1757 -0.2730
vn -0.6292 -0.1632 -0.7599
vn -0.4173 -0.2260 -0.8802
vn -0.1906 -0.3200 -0.9280
vn 0.9260 -0.1185 -0.3584
vn 0.9081 -0.1021 -0.4060
vn 0.7672 -0.2290 -0.5991
vn 0.4506 -0.3555 -0.8189
vn 0.0948 -0.3633 -0.9268
vn 0.3600 -0.2172 0.9073
vn 0.6681 -0.2593 0.6975
vn 0.9902 -0.1346 -0.0361
vn 0.9721 -0.1212 -0.2010
vn 0.9561 -0.1198 -0.2674
vn -0.5337 -0.1088 0.8387
vn -0.6500 -0.1540 0.7442
vn 0.9489 -0.1266 -0.2890
vn 0.9407 -0.1323 -0.3123
vn -0.9114 -0.2061 0.3561
vn -0.9790 -0.1943 0.0624
vn -0.7825 -0.1531 0.6035
vn -0.6548 -0.1494 -0.7409
vn -0.8610 -0.1588 -0.4833
vn -0.9658 -0.1788 -0.1879
vn -0.4133 -0.2013 -0.8881
vn -0.1747 -0.2766 -0.9450
vn 0.9420 -0.0999 -0.3203
vn 0.8946 -0.1610 -0.4169
vn 0.7278 -0.2781 -0.6269
vn 0.4175 -0.3669 -0.8313
vn 0.1192 -0.3284 -0.9370
vn -0.0385 -0.1386 0.9896
vn 0.3160 -0.1446 0.9377
vn 0.6387 -0.2250 0.7358
vn 0.9242 -0.1977 0.3269
vn 0.8910 -0.2272 0.3930
vn 0.9460 -0.1633 0.2800
vn 0.9923 -0.1228 -0.0182
vn 0.9742 -0.1167 -0.1929
vn 0.9537 -0.1182 -0.2766
vn 0.9452 -0.1398 -0.2952
vn 0.9515 -0.1275 -0.2799
vn -0.2696 -0.0334 0.9624
vn -0.2440 -0.1575 0.9569
vn -0.7266 -0.1123 0.6778
vn 0.9513 -0.1135 -0.2866
vn -0.9671 -0.2003 0.1566
vn -0.8896 -0.1705 0.4237
vn -0.4078 -0.1816 -0.8948
vn -0.6815 -0.1689 -0.7120
vn -0.8852 -0.1688 -0.4334
vn -0.9770 -0.1919 -0.0924
vn -0.1521 -0.2527 -0.9555
vn 0.9418 -0.1188 -0.3144
vn 0.8740 -0.1988 -0.4434
vn 0.6875 -0.3135 -0.6550
vn 0.4152 -0.3418 -0.8431
vn 0.1577 -0.2947 -0.9425
vn -0.0767 -0.0608 0.9952
vn 0.2863 -0.0813 0.9547
vn 0.6261 -0.1613 0.7629
vn 0.8691 -0.2156 0.4452
vn 0.9860 -0.1649 0.0237
vn 0.9894 -0.1450 0.0038
vn 0.9755 -0.1134 -0.1884
vn 0.9517 -0.1166 -0.2840
vn 0.9385 -0.1370 -0.3170
vn 0.9212 -0.1757 -0.3473
vn 0.9332 -0.1495 -0.3267
vn -0.8662 -0.1230 0.4843
vn -0.4082 -0.0006 0.9129
vn -0.6750 -0.0631 0.7351
vn -0.9546 -0.1847 0.2337
vn -0.1325 -0.2227 -0.9658
vn -0.4137 -0.1883 -0.8907
vn -0.7030 -0.1905 -0.6852
vn -0.9067 -0.1950 -0.3740
vn -0.9788 -0.2047 -0.0087
vn 0.8469 -0.2377 -0.4756
vn 0.6556 -0.3150 -0.6863
vn 0.4924 -0.2843 -0.8226
vn 0.1839 -0.2453 -0.9519
vn -0.0789 0.0208 0.9967
vn 0.2876 0.0041 0.9578
vn 0.6177 -0.1011 0.7799
vn 0.8565 -0.1705 0.4871
vn 0.9835 -0.1661 0.0718
vn 0.9633 -0.1169 -0.2417
vn 0.9748 -0.1159 -0.1908
vn 0.9507 -0.1146 -0.2883
vn 0.9300 -0.1363 -0.3413
vn 0.9052 -0.1815 -0.3842
vn -0.9488 -0.1434 0.2813
vn -0.8357 -0.0735 0.5442
vn -0.6678 -0.0072 0.7443
vn -0.4089 0.0121 0.9125
vn -0.1202 -0.2122 -0.9698
vn -0.4305 -0.2139 -0.8769
vn -0.7215 -0.2192 -0.6568
vn -0.9228 -0.2322 -0.3075
vn -0.9808 -0.1902 0.0420
vn 0.8069 -0.2571 -0.5318
vn 0.4907 -0.2306 -0.8403
vn 0.1882 -0.2272 -0.9555
vn -0.0642 0.0764 0.9950
vn 0.3071 0.0683 0.9492
vn 0.6243 -0.0268 0.7807
vn 0.8499 -0.1151 0.5142
vn 0.9798 -0.1496 0.1329
vn 0.9699 -0.1259 -0.2084
vn 0.9518 -0.1077 -0.2871
vn 0.9230 -0.1297 -0.3622
vn 0.8883 -0.1727 -0.4255
vn -0.9399 -0.1012 0.3261
vn -0.8114 -0.0263 0.5839
vn -0.6916 0.0305 0.7216
vn -0.4089 0.0640 0.9103
vn -0.1148 -0.2316 -0.9660
vn -0.4457 -0.2435 -0.8614
vn -0.7414 -0.2613 -0.6181
vn -0.9345 -0.2488 -0.2546
vn -0.9845 -0.1608 0.0693
vn 0.7652 -0.2288 -0.6018
vn 0.4806 -0.2107 -0.8513
vn 0.7383 -0.1996 -0.6443
vn 0.1956 -0.2459 -0.9494
vn -0.0548 0.1312 0.9898
vn 0.3293 0.1254 0.9359
vn 0.6412 0.0447 0.7661
vn 0.8495 -0.0517 0.5251
vn 0.9758 -0.1179 0.1841
vn 0.9773 -0.1238 -0.1720
vn 0.9170 -0.1295 -0.3772
vn 0.9178 -0.1267 -0.3762
vn 0.9194 -0.1202 -0.3746
vn 0.8741 -0.1618 -0.4580
vn -0.9133 -0.0672 0.4017
vn -0.4067 0.1053 0.9075
vn -0.6876 0.0604 0.7236
vn -0.1141 -0.2581 -0.9594
vn -0.4599 -0.2779 -0.8434
vn -0.7633 -0.2947 -0.5749
vn -0.9408 -0.2490 -0.2300
vn -0.9846 -0.1383 0.1068
vn 0.7262 -0.1784 -0.6639
vn 0.4705 -0.2397 -0.8492
vn 0.2113 -0.2656 -0.9406
vn -0.0492 0.1741 0.9835
vn 0.3596 0.1689 0.9177
vn 0.6707 0.0827 0.7371
vn 0.8761 0.0121 0.4819
vn 0.9748 -0.0758 0.2100
vn 0.9834 -0.1176 -0.1384
vn 0.9195 -0.1266 -0.3721
vn 0.8392 -0.1707 -0.5164
vn 0.8537 -0.1568 -0.4966
vn 0.8652 -0.1455 -0.4799
vn -0.8827 -0.0125 0.4698
vn -0.8849 -0.0317 0.4646
vn -0.6869 0.0842 0.7219
vn -0.4041 0.1424 0.9036
vn -0.1170 -0.2820 -0.9523
vn -0.4708 -0.3172 -0.8233
vn -0.7774 -0.3273 -0.5372
vn -0.9458 -0.2324 -0.2270
vn -0.9842 -0.1089 0.1399
vn 0.7142 -0.2024 -0.6700
vn 0.4732 -0.2651 -0.8401
vn 0.2280 -0.2715 -0.9350
vn -0.0412 0.2005 0.9788
vn 0.3788 0.1794 0.9079
vn 0.7003 0.1265 0.7025
vn 0.9116 0.0376 0.4093
vn 0.9759 -0.0292 0.2164
vn 0.9874 -0.1073 -0.1167
vn 0.9237 -0.1273 -0.3613
vn 0.8255 -0.1597 -0.5414
vn 0.6975 -0.2305 -0.6784
vn -0.8851 -0.0101 0.4653
vn -0.9807 -0.1137 0.1593
vn -0.4015 0.1829 0.8974
vn -0.6918 0.1230 0.7115
vn -0.1128 -0.3148 -0.9424
vn -0.4755 -0.3651 -0.8004
vn -0.7798 -0.3250 -0.5351
vn -0.9537 -0.2036 -0.2215
vn 0.4811 -0.2538 -0.8391
vn 0.2236 -0.2784 -0.9341
vn -0.0159 0.2432 0.9698
vn 0.3935 0.2126 0.8944
vn 0.6973 0.1490 0.7012
vn 0.9072 0.0912 0.4108
vn 0.9953 -0.0688 -0.0680
vn 0.9268 -0.1359 -0.3501
vn 0.8197 -0.1537 -0.5518
vn 0.6808 -0.2131 -0.7008
vn -0.9805 -0.1094 0.1634
vn -0.8950 0.0298 0.4450
vn -0.9611 -0.1993 -0.1914
vn -0.6891 0.1899 0.6993
vn -0.3922 0.2353 0.8893
vn -0.1107 -0.3526 -0.9292
vn -0.4888 -0.3631 -0.7933
vn -0.7891 -0.2746 -0.5495
vn 0.4781 -0.2327 -0.8469
vn 0.2072 -0.2944 -0.9329
vn 0.0192 0.3219 0.9466
vn 0.4022 0.2791 0.8720
vn 0.6885 0.1681 0.7054
vn 0.8950 0.1164 0.4307
vn 0.9987 0.0343 0.0365
vn 0.9995 -0.0186 0.0272
vn 0.9302 -0.1242 -0.3454
vn 0.8189 -0.1667 -0.5492
vn 0.6671 -0.1921 -0.7198
vn -0.9696 -0.1848 -0.1601
vn -0.9854 -0.0659 0.1570
vn -0.8985 0.1095 0.4252
vn -0.8071 -0.2507 -0.5346
vn -0.3685 0.3249 0.8710
vn -0.6778 0.2687 0.6844
vn -0.1076 -0.3372 -0.9353
vn -0.5132 -0.3070 -0.8015
vn 0.4708 -0.2381 -0.8495
vn 0.2968 -0.2762 -0.9141
vn 0.0447 0.4627 0.8854
vn 0.4087 0.4021 0.8193
vn 0.6823 0.2278 0.6947
vn 0.8868 0.1133 0.4479
vn 0.9981 0.0388 0.0484
vn 0.9411 -0.0606 -0.3328
vn 0.9364 -0.0790 -0.3418
vn 0.8170 -0.1711 -0.5507
vn 0.6521 -0.2045 -0.7301
vn -0.8236 -0.2502 -0.5091
vn -0.9760 -0.1585 -0.1496
vn -0.9907 0.0126 0.1358
vn -0.8885 0.1846 0.4201
vn -0.5201 -0.2955 -0.8014
vn -0.6687 0.3919 0.6319
vn -0.3500 0.4623 0.8147
vn -0.1103 -0.3012 -0.9472
vn 0.3086 -0.2603 -0.9149
vn 0.0450 0.6034 0.7961
vn 0.4033 0.5582 0.7251
vn 0.6831 0.3195 0.6567
vn 0.8782 0.1674 0.4480
vn 0.9966 0.0392 0.0728
vn 0.9460 -0.0491 -0.3203
vn 0.8032 -0.1228 -0.5830
vn 0.8102 -0.1435 -0.5683
vn 0.6322 -0.2193 -0.7431
vn -0.8338 -0.2387 -0.4978
vn -0.5167 -0.3046 -0.8002
vn -0.9795 -0.0997 -0.1753
vn -0.9871 0.0970 0.1270
vn -0.8723 0.2856 0.3968
vn -0.1096 -0.3098 -0.9445
vn -0.3345 0.5731 0.7481
vn -0.6492 0.4916 0.5804
vn 0.3066 -0.2627 -0.9148
vn 0.6176 -0.2061 -0.7590
vn 0.0123 0.6562 0.7545
vn 0.3524 0.6669 0.6566
vn 0.6861 0.4522 0.5699
vn 0.8684 0.2417 0.4329
vn 0.9920 0.0863 0.0921
vn 0.9534 -0.0310 -0.3002
vn 0.8040 -0.1226 -0.5819
vn 0.6098 -0.1889 -0.7697
vn -0.5132 -0.2825 -0.8104
vn -0.8406 -0.1939 -0.5057
vn -0.1058 -0.3205 -0.9413
vn -0.9818 -0.0123 -0.1895
vn -0.9766 0.1699 0.1317
vn -0.8613 0.3694 0.3489
vn -0.6347 0.5201 0.5716
vn -0.3251 0.6056 0.7263
vn 0.2936 -0.2775 -0.9148
vn 0.2861 0.6617 0.6930
vn -0.0089 0.6406 0.7679
vn 0.6829 0.5636 0.4648
vn 0.8615 0.3338 0.3827
vn 0.9853 0.1417 0.0959
vn 0.9583 -0.0102 -0.2857
vn 0.8035 -0.0961 -0.5874
vn 0.8055 -0.1108 -0.5821
vn 0.5992 -0.1985 -0.7756
vn -0.5201 -0.2435 -0.8187
vn -0.0923 -0.2902 -0.9525
vn -0.8256 -0.1484 -0.5444
vn -0.9858 0.0511 -0.1597
vn -0.9694 0.2217 0.1051
vn -0.8583 0.3927 0.3302
vn -0.2975 0.6312 0.7163
vn -0.6090 0.5789 0.5422
vn 0.2862 -0.2615 -0.9218
vn 0.5674 0.6256 0.5354
vn 0.8611 0.4190 0.2880
vn 0.9776 0.1939 0.0823
vn 0.9581 0.0090 -0.2863
vn 0.8097 -0.0967 -0.5788
vn 0.5854 -0.1942 -0.7871
vn 0.5805 -0.1544 -0.7994
vn -0.0917 -0.2355 -0.9676
vn -0.5143 -0.2303 -0.8261
vn -0.9143 -0.0681 -0.3993
vn -0.9865 0.0625 -0.1513
vn -0.9708 0.2289 0.0713
vn -0.8603 0.4224 0.2855
vn 0.2882 -0.1984 -0.9368
vn -0.1750 0.7582 0.6281
vn 0.0268 0.7306 0.6823
vn 0.5468 0.6198 0.5629
vn 0.2521 0.6358 0.7295
vn 0.8709 0.4470 0.2042
vn 0.7518 0.5462 0.3695
vn 0.9702 0.2388 0.0402
vn 0.9564 0.0207 -0.2912
vn 0.8137 -0.1059 -0.5715
vn 0.5902 -0.1641 -0.7904
vn -0.0986 -0.2508 -0.9630
vn -0.7593 -0.1897 -0.6225
vn -0.4860 -0.2774 -0.8288
vn -0.9078 -0.1002 -0.4073
vn -0.9837 0.0440 -0.1746
vn -0.9748 0.2214 0.0280
vn -0.6065 0.6819 0.4087
vn -0.8875 0.4175 0.1951
vn 0.2930 -0.2178 -0.9310
vn -0.0579 0.8931 0.4460
vn 0.0499 0.8803 0.4717
vn 0.7597 0.5391 0.3636
vn 0.5473 0.6631 0.5107
vn 0.2376 0.7384 0.6312
vn 0.9630 0.2688 -0.0185
vn 0.9005 0.3991 0.1726
vn 0.9545 0.0418 -0.2952
vn 0.8160 -0.1105 -0.5674
vn 0.5919 -0.2009 -0.7806
vn -0.0944 -0.3129 -0.9451
vn -0.7331 -0.2474 -0.6335
vn -0.4635 -0.3515 -0.8134
vn -0.8944 -0.1456 -0.4230
vn -0.9764 0.0185 -0.2153
vn -0.9913 0.1318 -0.0068
vn -0.9344 0.3405 0.1046
vn -0.6936 0.6748 0.2522
vn 0.2930 -0.2765 -0.9153
vn -0.0491 0.9332 0.3559
vn 0.0799 0.9303 0.3580
vn -0.3723 0.7482 0.5492
vn -0.3203 0.8683 0.3788
vn 0.8273 0.4429 0.3456
vn 0.2664 0.8386 0.4751
vn 0.6707 0.6129 0.4177
vn 0.1052 0.8725 0.4771
vn 0.9755 0.2154 -0.0441
vn 0.9537 0.0643 -0.2937
vn 0.9697 0.1805 0.1645
vn 0.8257 -0.0969 -0.5558
vn 0.5897 -0.2154 -0.7784
vn -0.1041 -0.3743 -0.9214
vn -0.7061 -0.3039 -0.6396
vn -0.4472 -0.4105 -0.7947
vn -0.8781 -0.1807 -0.4430
vn -0.9667 -0.0838 -0.2418
vn -0.9885 -0.1458 -0.0407
vn -0.9981 0.0605 0.0112
vn 0.2761 -0.3133 -0.9086
vn -0.4038 0.8556 0.3239
vn 0.0695 0.8555 0.5131
vn -0.1639 0.8421 0.5139
vn 0.1553 0.9078 0.3895
vn 0.9462 0.1444 0.2895
vn 0.3747 0.8084 0.4540
vn 0.7546 0.4946 0.4311
vn 0.9995 -0.0268 -0.0173
vn 0.9584 -0.0009 -0.2853
vn 0.8399 -0.1136 -0.5307
vn 0.9576 -0.2455 0.1507
vn 0.5825 -0.2614 -0.7696
vn -0.1274 -0.4484 -0.8847
vn -0.4289 -0.4560 -0.7799
vn -0.6888 -0.3428 -0.6387
vn -0.8456 -0.2909 -0.4477
vn -0.9115 -0.3608 -0.1978
vn -0.8352 -0.5467 -0.0595
vn -0.9107 -0.4131 0.0024
vn -0.8084 0.5480 0.2149
vn 0.2410 -0.3978 -0.8852
vn -0.6206 0.6313 0.4651
vn 0.2416 0.7841 0.5716
vn -0.3344 0.3347 0.8810
vn -0.0299 0.3554 0.9342
vn 0.8971 -0.3857 0.2155
vn 0.9497 0.0095 0.3131
vn 0.8297 -0.0504 0.5560
vn 0.5522 0.4957 0.6703
vn 0.9567 -0.1940 -0.2172
vn 0.8395 -0.2534 -0.4807
vn 0.5921 -0.3100 -0.7439
vn 0.7479 -0.6539 0.1147
vn -0.1310 -0.5162 -0.8464
vn -0.4195 -0.5576 -0.7164
vn -0.6627 -0.4415 -0.6049
vn -0.7836 -0.5000 -0.3687
vn -0.7907 -0.5901 -0.1631
vn -0.5544 -0.8319 0.0236
vn -0.5138 -0.8571 -0.0363
vn -0.9860 -0.1583 0.0525
vn -0.9516 0.1449 0.2712
vn 0.1973 -0.4900 -0.8491
vn -0.7297 -0.0087 0.6837
vn 0.2601 0.3567 0.8973
vn -0.4394 -0.5326 0.7234
vn -0.1601 -0.5631 0.8108
vn 0.7815 -0.5649 0.2649
vn 0.6380 -0.7596 0.1267
vn 0.5407 -0.1773 0.8223
vn 0.5442 -0.6796 0.4920
vn 0.8758 -0.4819 -0.0258
vn 0.8216 -0.5418 -0.1775
vn 0.8043 -0.4583 -0.3783
vn 0.6215 -0.4104 -0.6673
vn 0.5247 -0.8478 0.0775
vn 0.6288 -0.7769 0.0336
vn 0.9160 -0.3969 0.0583
vn -0.1051 -0.6192 -0.7782
vn -0.3823 -0.7159 -0.5842
vn -0.5279 -0.7137 -0.4605
vn -0.5754 -0.8112 -0.1037
vn -0.6162 -0.7866 0.0389
vn -0.2534 -0.9672 0.0198
vn -0.2425 -0.9701 -0.0084
vn -0.9631 0.2406 0.1208
vn -0.9732 -0.2139 0.0848
vn -0.7876 -0.5107 0.3448
vn 0.1539 -0.6192 -0.7700
vn 0.1799 -0.5241 0.8324
vn -0.4025 -0.8618 0.3088
vn -0.1750 -0.9400 0.2927
vn 0.4161 -0.8910 0.1818
vn 0.3313 -0.9419 0.0559
vn 0.1185 -0.9276 0.3542
vn 0.5706 -0.8194 -0.0551
vn 0.5361 -0.8210 -0.1963
vn 0.6052 -0.5871 -0.5376
vn 0.5556 -0.7358 -0.3872
vn 0.3386 -0.9401 0.0382
vn -0.0578 -0.7930 -0.6065
vn -0.2404 -0.9693 -0.0509
vn -0.2767 -0.9602 0.0387
vn -0.6726 -0.7335 0.0984
vn -0.0832 -0.9965 -0.0039
vn -0.1054 -0.9943 0.0140
vn 0.1556 -0.8030 -0.5754
vn -0.3178 -0.9429 0.0995
vn -0.1497 -0.9848 0.0885
vn 0.0536 -0.9981 0.0294
vn 0.0626 -0.9918 0.1114
vn 0.2857 -0.9388 -0.1927
vn 0.2794 -0.9579 -0.0659
vn 0.3166 -0.8790 -0.3565
vn 0.3498 -0.7562 -0.5530
vn 0.0642 -0.9978 0.0139
vn 0.3134 -0.9496 0.0098
vn -0.0227 -0.9404 -0.3393
vn -0.2960 -0.8755 -0.3818
vn -0.5331 -0.8118 -0.2382
vn -0.2601 -0.9516 -0.1635
vn -0.0592 -0.9972 -0.0466
vn -0.1273 -0.9914 0.0307
vn 0.0732 -0.9973 -0.0109
vn 0.3733 -0.5745 -0.7284
vn 0.1593 -0.9281 -0.3365
vn 0.1231 -0.9787 -0.1640
vn 0.0873 -0.9944 -0.0601
vn -0.0322 -0.9900 -0.1376
vn 0.9925 0.0697 0.1004
vn -0.6451 -0.6152 -0.4533
vt 0.049455 0.928603
vt 0.048202 0.931841
vt 0.044236 0.929931
vt 0.045484 0.926665
vt 0.041697 0.924899
vt 0.042655 0.921480
vt 0.046563 0.923265
vt 0.056425 0.935937
vt 0.055023 0.938829
vt 0.050882 0.936986
vt 0.052281 0.933870
vt 0.053554 0.930717
vt 0.191332 0.212213
vt 0.189584 0.215857
vt 0.185949 0.214831
vt 0.187701 0.210714
vt 0.184267 0.209172
vt 0.186495 0.205248
vt 0.189876 0.206839
vt 0.038992 0.919701
vt 0.039856 0.916000
vt 0.043554 0.917924
vt 0.050549 0.925253
vt 0.047545 0.919794
vt 0.465944 0.782811
vt 0.464952 0.779534
vt 0.469045 0.777584
vt 0.470058 0.780663
vt 0.057805 0.932829
vt 0.054696 0.927388
vt 0.184458 0.219348
vt 0.188177 0.220171
vt 0.182375 0.213452
vt 0.044627 0.914121
vt 0.041003 0.912061
vt 0.051592 0.921776
vt 0.048629 0.916150
vt 0.459511 0.777294
vt 0.460564 0.780975
vt 0.456062 0.781976
vt 0.455096 0.778162
vt 0.461570 0.784495
vt 0.062230 0.934750
vt 0.060731 0.937825
vt 0.059022 0.929606
vt 0.055681 0.923904
vt 0.451516 0.782586
vt 0.450674 0.778676
vt 0.180808 0.218370
vt 0.187007 0.224684
vt 0.183160 0.223935
vt 0.042069 0.907771
vt 0.045780 0.910256
vt 0.192045 0.220890
vt 0.191084 0.225437
vt 0.052567 0.918188
vt 0.049606 0.912545
vt 0.457020 0.785717
vt 0.066666 0.936573
vt 0.065122 0.939462
vt 0.063610 0.931678
vt 0.060029 0.926161
vt 0.056583 0.920240
vt 0.452388 0.786378
vt 0.447042 0.782579
vt 0.446266 0.778698
vt 0.179513 0.223240
vt 0.177053 0.216063
vt 0.178929 0.211377
vt 0.186164 0.229115
vt 0.182126 0.228418
vt 0.190372 0.229846
vt 0.053560 0.914516
vt 0.046646 0.905522
vt 0.050834 0.908911
vt 0.462492 0.787694
vt 0.457940 0.789066
vt 0.068214 0.933466
vt 0.065039 0.928644
vt 0.060574 0.922421
vt 0.057475 0.916577
vt 0.453295 0.789911
vt 0.447803 0.786508
vt 0.442632 0.782345
vt 0.441760 0.778865
vt 0.178296 0.227778
vt 0.176023 0.222648
vt 0.185549 0.233412
vt 0.181344 0.232818
vt 0.189910 0.234017
vt 0.054601 0.910831
vt 0.052094 0.905249
vt 0.048761 0.903796
vt 0.071155 0.937915
vt 0.072755 0.934900
vt 0.069792 0.930566
vt 0.064041 0.924280
vt 0.061338 0.918692
vt 0.058368 0.912810
vt 0.448610 0.790319
vt 0.458856 0.792296
vt 0.454248 0.793393
vt 0.443429 0.786012
vt 0.438081 0.782343
vt 0.437184 0.779102
vt 0.194377 0.238455
vt 0.189752 0.238151
vt 0.194412 0.234733
vt 0.174620 0.227066
vt 0.177346 0.232235
vt 0.172667 0.221878
vt 0.174577 0.217946
vt 0.185298 0.237720
vt 0.180994 0.237225
vt 0.055623 0.907023
vt 0.171411 0.216846
vt 0.169393 0.220805
vt 0.463394 0.790735
vt 0.464310 0.793985
vt 0.459847 0.795716
vt 0.067211 0.925823
vt 0.071430 0.927744
vt 0.065087 0.920825
vt 0.062235 0.914903
vt 0.059326 0.908913
vt 0.444141 0.789858
vt 0.449552 0.793985
vt 0.455270 0.797010
vt 0.439069 0.785476
vt 0.433527 0.782302
vt 0.432610 0.779311
vt 0.189974 0.242497
vt 0.194644 0.242461
vt 0.173483 0.231569
vt 0.171037 0.226216
vt 0.176794 0.236745
vt 0.185399 0.242079
vt 0.180871 0.241542
vt 0.053247 0.901291
vt 0.056743 0.903015
vt 0.167555 0.225071
vt 0.465176 0.797312
vt 0.460841 0.799227
vt 0.068862 0.922835
vt 0.072976 0.924821
vt 0.066176 0.917251
vt 0.063113 0.911001
vt 0.060232 0.904935
vt 0.444925 0.793607
vt 0.439947 0.788902
vt 0.450618 0.797850
vt 0.456336 0.800763
vt 0.434565 0.785146
vt 0.428041 0.779357
vt 0.428986 0.782149
vt 0.195319 0.246682
vt 0.190647 0.247156
vt 0.172552 0.236207
vt 0.169576 0.230726
vt 0.176454 0.241185
vt 0.181097 0.245879
vt 0.185804 0.246668
vt 0.054266 0.897012
vt 0.057666 0.898837
vt 0.165824 0.229699
vt 0.461874 0.802639
vt 0.466089 0.800479
vt 0.074394 0.921826
vt 0.070209 0.919615
vt 0.067030 0.913457
vt 0.063826 0.906960
vt 0.061043 0.900902
vt 0.445702 0.796873
vt 0.440632 0.792615
vt 0.435616 0.788107
vt 0.451694 0.801870
vt 0.457408 0.804451
vt 0.094395 0.939475
vt 0.093155 0.942659
vt 0.089015 0.942731
vt 0.090303 0.939756
vt 0.191672 0.251410
vt 0.196319 0.250526
vt 0.168489 0.235491
vt 0.172106 0.240810
vt 0.176588 0.245644
vt 0.186230 0.249114
vt 0.181668 0.249871
vt 0.162307 0.228030
vt 0.164288 0.223607
vt 0.164229 0.234610
vt 0.078827 0.923783
vt 0.077396 0.926660
vt 0.071418 0.916255
vt 0.075793 0.918717
vt 0.067485 0.909079
vt 0.064541 0.902805
vt 0.159268 0.225706
vt 0.161197 0.221915
vt 0.441246 0.796088
vt 0.436480 0.791511
vt 0.430048 0.784815
vt 0.431141 0.787564
vt 0.452773 0.805766
vt 0.447151 0.802549
vt 0.446266 0.799074
vt 0.462923 0.805854
vt 0.458488 0.807939
vt 0.187102 0.252664
vt 0.978913 0.835406
vt 0.979841 0.830908
vt 0.983639 0.831296
vt 0.982783 0.835844
vt 0.167826 0.240310
vt 0.172131 0.245393
vt 0.177062 0.250032
vt 0.182514 0.253589
vt 0.159941 0.233691
vt 0.163405 0.239598
vt 0.080214 0.920816
vt 0.072644 0.912810
vt 0.077127 0.915657
vt 0.068031 0.904732
vt 0.155917 0.224273
vt 0.158165 0.220408
vt 0.437120 0.795161
vt 0.441919 0.799279
vt 0.432154 0.790649
vt 0.448119 0.806396
vt 0.453848 0.809462
vt 0.442713 0.802750
vt 0.463944 0.808873
vt 0.459600 0.811175
vt 0.984317 0.826751
vt 0.980848 0.826505
vt 0.167700 0.245035
vt 0.172618 0.250079
vt 0.177995 0.254351
vt 0.188241 0.255922
vt 0.183671 0.256986
vt 0.158545 0.238322
vt 0.163400 0.244818
vt 0.081561 0.917786
vt 0.074398 0.910734
vt 0.078311 0.912614
vt 0.152643 0.222833
vt 0.155209 0.218881
vt 0.070627 0.911115
vt 0.071540 0.906439
vt 0.153879 0.228075
vt 0.157567 0.229146
vt 0.437657 0.798878
vt 0.433110 0.794003
vt 0.449118 0.810256
vt 0.443599 0.806527
vt 0.454989 0.812915
vt 0.438294 0.802645
vt 0.086160 0.919645
vt 0.084818 0.922666
vt 0.167999 0.249421
vt 0.173547 0.255347
vt 0.179112 0.257966
vt 0.159275 0.244954
vt 0.155732 0.232956
vt 0.153975 0.236982
vt 0.163580 0.249494
vt 0.082666 0.914623
vt 0.075282 0.907755
vt 0.079125 0.909392
vt 0.072144 0.902449
vt 0.068646 0.900649
vt 0.150296 0.226649
vt 0.151866 0.231931
vt 0.433736 0.797832
vt 0.444267 0.580304
vt 0.446358 0.576237
vt 0.448379 0.577864
vt 0.446883 0.582025
vt 0.450241 0.813911
vt 0.444508 0.810405
vt 0.439088 0.806413
vt 0.460705 0.814230
vt 0.456176 0.816121
vt 0.434270 0.801831
vt 0.087410 0.916527
vt 0.169202 0.256757
vt 0.168518 0.253108
vt 0.174676 0.259176
vt 0.155355 0.245449
vt 0.156155 0.241591
vt 0.159309 0.249763
vt 0.152398 0.241061
vt 0.149988 0.235951
vt 0.164016 0.253643
vt 0.083354 0.911251
vt 0.075793 0.904249
vt 0.079626 0.905954
vt 0.146909 0.225132
vt 0.149512 0.221420
vt 0.148161 0.230583
vt 0.442677 0.584613
vt 0.445975 0.586378
vt 0.451486 0.817352
vt 0.445595 0.814169
vt 0.440050 0.810192
vt 0.435014 0.805703
vt 0.092098 0.918115
vt 0.090845 0.921117
vt 0.441896 0.589344
vt 0.445281 0.590806
vt 0.088325 0.913264
vt 0.170188 0.260491
vt 0.164737 0.257667
vt 0.155115 0.249894
vt 0.151261 0.245417
vt 0.159634 0.254136
vt 0.148326 0.240294
vt 0.146243 0.234671
vt 0.083630 0.907769
vt 0.076207 0.900437
vt 0.080013 0.902434
vt 0.072529 0.898568
vt 0.144680 0.229054
vt 0.452762 0.820622
vt 0.457409 0.819246
vt 0.446816 0.817792
vt 0.441141 0.813957
vt 0.435849 0.809579
vt 0.444248 0.595278
vt 0.440732 0.593888
vt 0.463465 0.820114
vt 0.458662 0.822433
vt 0.461903 0.817213
vt 0.087476 0.909313
vt 0.175977 0.262455
vt 0.171532 0.263693
vt 0.165655 0.261467
vt 0.160307 0.258303
vt 0.974646 0.817110
vt 0.975136 0.812710
vt 0.979202 0.812870
vt 0.978614 0.817288
vt 0.155305 0.254424
vt 0.150910 0.250015
vt 0.147121 0.245074
vt 0.144477 0.239112
vt 0.142654 0.233193
vt 0.083902 0.904279
vt 0.143831 0.223685
vt 0.141264 0.227459
vt 0.137921 0.225671
vt 0.140853 0.222140
vt 0.448112 0.821290
vt 0.454024 0.823787
vt 0.442428 0.817580
vt 0.437075 0.813263
vt 0.443103 0.599817
vt 0.439272 0.598487
vt 0.436897 0.592094
vt 0.439004 0.587825
vt 0.464202 0.823875
vt 0.459988 0.825928
vt 0.471999 0.821901
vt 0.468827 0.824773
vt 0.466653 0.822075
vt 0.469913 0.819458
vt 0.979685 0.808380
vt 0.975634 0.808267
vt 0.167004 0.264857
vt 0.161161 0.262338
vt 0.155814 0.258797
vt 0.970811 0.812559
vt 0.970489 0.816955
vt 0.151018 0.254587
vt 0.146612 0.249911
vt 0.142903 0.244571
vt 0.140881 0.237536
vt 0.139134 0.231560
vt 0.080503 0.898731
vt 0.084442 0.900773
vt 0.443727 0.821212
vt 0.449433 0.824669
vt 0.455293 0.826944
vt 0.438445 0.816905
vt 0.441745 0.604345
vt 0.437777 0.603052
vt 0.434583 0.597014
vt 0.088385 0.902720
vt 0.087761 0.905929
vt 0.465487 0.827553
vt 0.971166 0.808111
vt 0.976264 0.803803
vt 0.980431 0.803908
vt 0.162473 0.265808
vt 0.156737 0.262834
vt 0.151476 0.259014
vt 0.146744 0.254590
vt 0.142288 0.249851
vt 0.139264 0.241773
vt 0.137458 0.236025
vt 0.081299 0.895081
vt 0.085025 0.897288
vt 0.444967 0.824899
vt 0.439794 0.820545
vt 0.450738 0.827965
vt 0.460894 0.828041
vt 0.456493 0.829752
vt 0.440407 0.608867
vt 0.436442 0.607635
vt 0.432967 0.601863
vt 0.433474 0.589934
vt 0.430664 0.593468
vt 0.088985 0.899440
vt 0.467186 0.830709
vt 0.470686 0.827673
vt 0.966287 0.812465
vt 0.966478 0.808013
vt 0.971604 0.803661
vt 0.976907 0.799331
vt 0.981040 0.799382
vt 0.157912 0.266628
vt 0.152308 0.263173
vt 0.147235 0.259071
vt 0.142464 0.254616
vt 0.137354 0.249951
vt 0.138161 0.245455
vt 0.135569 0.240401
vt 0.134561 0.234658
vt 0.137033 0.230377
vt 0.132034 0.232776
vt 0.129320 0.230892
vt 0.131989 0.227432
vt 0.134931 0.229195
vt 0.446271 0.828445
vt 0.441020 0.824315
vt 0.439065 0.613381
vt 0.435289 0.612272
vt 0.452038 0.831201
vt 0.461800 0.830155
vt 0.457811 0.832697
vt 0.431829 0.606493
vt 0.427781 0.595569
vt 0.427625 0.600993
vt 0.089041 0.895553
vt 0.085441 0.893662
vt 0.472464 0.830328
vt 0.468864 0.833801
vt 0.463421 0.833534
vt 0.966719 0.803523
vt 0.972119 0.799183
vt 0.977549 0.794809
vt 0.981585 0.794801
vt 0.153436 0.266995
vt 0.147962 0.263310
vt 0.142985 0.259146
vt 0.138366 0.254682
vt 0.133715 0.244957
vt 0.132036 0.239197
vt 0.130686 0.234732
vt 0.127040 0.234166
vt 0.447533 0.832066
vt 0.442229 0.828095
vt 0.437866 0.617944
vt 0.434135 0.616864
vt 0.430830 0.611151
vt 0.453419 0.834379
vt 0.459286 0.835868
vt 0.426973 0.605564
vt 0.126569 0.229434
vt 0.124132 0.232887
vt 0.465143 0.836736
vt 0.961748 0.808083
vt 0.961771 0.803554
vt 0.967017 0.799010
vt 0.972789 0.794696
vt 0.977964 0.790168
vt 0.981826 0.790199
vt 0.149029 0.267179
vt 0.143690 0.263387
vt 0.138791 0.259174
vt 0.134589 0.250031
vt 0.134626 0.254702
vt 0.130070 0.243209
vt 0.128394 0.238414
vt 0.124848 0.237549
vt 0.443444 0.831845
vt 0.448934 0.835433
vt 0.436698 0.622503
vt 0.433006 0.621446
vt 0.429721 0.615833
vt 0.426241 0.610304
vt 0.454902 0.837681
vt 0.460890 0.839059
vt 0.422114 0.600243
vt 0.422240 0.604879
vt 0.121649 0.236320
vt 0.121639 0.231641
vt 0.124702 0.228451
vt 0.466774 0.839845
vt 0.470250 0.836778
vt 0.961886 0.798907
vt 0.967400 0.794479
vt 0.973455 0.790161
vt 0.981936 0.785622
vt 0.978160 0.785577
vt 0.144690 0.267284
vt 0.139445 0.263471
vt 0.134725 0.259219
vt 0.130671 0.254757
vt 0.131823 0.250112
vt 0.126348 0.242101
vt 0.122698 0.241162
vt 0.444830 0.835435
vt 0.431904 0.626013
vt 0.435522 0.627036
vt 0.450412 0.838815
vt 0.428528 0.620400
vt 0.425123 0.615019
vt 0.421849 0.609797
vt 0.456443 0.840912
vt 0.462555 0.842265
vt 0.417509 0.604740
vt 0.417106 0.599877
vt 0.118714 0.234977
vt 0.119238 0.239969
vt 0.474447 0.836479
vt 0.471756 0.839668
vt 0.472349 0.834339
vt 0.468387 0.842790
vt 0.957025 0.799034
vt 0.957076 0.803739
vt 0.961676 0.794231
vt 0.969033 0.790022
vt 0.974000 0.785557
vt 0.981997 0.781097
vt 0.978485 0.781041
vt 0.140316 0.267575
vt 0.135185 0.263541
vt 0.130503 0.259207
vt 0.126396 0.254582
vt 0.127388 0.250201
vt 0.128813 0.246172
vt 0.124614 0.245792
vt 0.120652 0.245092
vt 0.419936 0.594500
vt 0.423253 0.593285
vt 0.424899 0.597671
vt 0.421682 0.598521
vt 0.446196 0.838940
vt 0.434077 0.631544
vt 0.430652 0.630567
vt 0.427378 0.624973
vt 0.451895 0.842194
vt 0.423638 0.619595
vt 0.420882 0.614525
vt 0.417497 0.609676
vt 0.458056 0.844167
vt 0.464242 0.845350
vt 0.412829 0.605102
vt 0.412367 0.600703
vt 0.115988 0.238483
vt 0.983402 0.564784
vt 0.981253 0.561927
vt 0.985100 0.560724
vt 0.987135 0.563489
vt 0.116928 0.243888
vt 0.991282 0.561785
vt 0.989344 0.559070
vt 0.952150 0.799420
vt 0.952218 0.804195
vt 0.957040 0.794109
vt 0.961175 0.789585
vt 0.965651 0.789845
vt 0.969565 0.785488
vt 0.974441 0.780986
vt 0.146030 0.270696
vt 0.141555 0.271196
vt 0.135940 0.267747
vt 0.130876 0.263555
vt 0.126180 0.259105
vt 0.123138 0.249873
vt 0.122110 0.254229
vt 0.118928 0.249344
vt 0.416618 0.595714
vt 0.447545 0.842503
vt 0.432582 0.635977
vt 0.429399 0.635091
vt 0.426323 0.629502
vt 0.422558 0.624137
vt 0.453421 0.845513
vt 0.417938 0.619046
vt 0.417657 0.614424
vt 0.412983 0.609802
vt 0.459706 0.847366
vt 0.470101 0.845488
vt 0.465971 0.848213
vt 0.407634 0.601389
vt 0.408108 0.605542
vt 0.411827 0.596921
vt 0.113657 0.242013
vt 0.112919 0.236954
vt 0.115898 0.233548
vt 0.114749 0.248621
vt 0.982673 0.557973
vt 0.987037 0.556406
vt 0.947894 0.795692
vt 0.952623 0.793865
vt 0.947226 0.799756
vt 0.956906 0.789250
vt 0.961028 0.784987
vt 0.965232 0.785292
vt 0.969947 0.780923
vt 0.974901 0.776419
vt 0.978917 0.776513
vt 0.137073 0.271602
vt 0.131576 0.267804
vt 0.126503 0.263487
vt 0.121835 0.258777
vt 0.117778 0.253739
vt 0.448920 0.846068
vt 0.428156 0.639609
vt 0.431149 0.640443
vt 0.425285 0.634039
vt 0.421612 0.628659
vt 0.417406 0.623583
vt 0.454977 0.848826
vt 0.412918 0.614358
vt 0.408320 0.609918
vt 0.461398 0.850432
vt 0.991596 0.554173
vt 0.993632 0.556656
vt 0.407056 0.597790
vt 0.403393 0.605766
vt 0.402851 0.601857
vt 0.110311 0.240526
vt 0.113384 0.253180
vt 0.984351 0.553717
vt 0.979802 0.555364
vt 0.952956 0.788831
vt 0.956825 0.784636
vt 0.961011 0.780517
vt 0.965395 0.780805
vt 0.970360 0.776344
vt 0.979412 0.772005
vt 0.975383 0.771847
vt 0.132589 0.271701
vt 0.127164 0.267739
vt 0.122071 0.263244
vt 0.117350 0.258339
vt 0.118640 0.887794
vt 0.118046 0.892428
vt 0.115167 0.891801
vt 0.115670 0.887155
vt 0.429669 0.644934
vt 0.426899 0.644147
vt 0.450373 0.849495
vt 0.424305 0.638588
vt 0.420686 0.633159
vt 0.416734 0.628074
vt 0.412465 0.623262
vt 0.412813 0.618830
vt 0.456497 0.852047
vt 0.408282 0.614410
vt 0.403722 0.610087
vt 0.467942 0.850963
vt 0.463269 0.853346
vt 0.989471 0.551644
vt 0.402286 0.598568
vt 0.398759 0.605833
vt 0.397984 0.602170
vt 0.112039 0.245117
vt 0.108136 0.244099
vt 0.110421 0.248221
vt 0.108939 0.252570
vt 0.112829 0.257830
vt 0.106971 0.239018
vt 0.104847 0.243072
vt 0.943354 0.795503
vt 0.944125 0.792108
vt 0.948444 0.792437
vt 0.949065 0.788419
vt 0.953187 0.784257
vt 0.956820 0.780131
vt 0.961066 0.776064
vt 0.965657 0.776280
vt 0.970839 0.771771
vt 0.975888 0.767257
vt 0.979839 0.767473
vt 0.128064 0.271764
vt 0.122670 0.267528
vt 0.117562 0.262872
vt 0.116020 0.882490
vt 0.119113 0.883193
vt 0.446242 0.849188
vt 0.445008 0.845522
vt 0.423202 0.643140
vt 0.451854 0.852856
vt 0.419690 0.637671
vt 0.415895 0.632572
vt 0.411956 0.627750
vt 0.407730 0.623138
vt 0.408061 0.618757
vt 0.457659 0.855390
vt 0.403708 0.614477
vt 0.399237 0.610135
vt 0.465787 0.855918
vt 0.469917 0.853605
vt 0.983391 0.550048
vt 0.987603 0.549052
vt 0.397454 0.599128
vt 0.392858 0.602260
vt 0.394392 0.605731
vt 0.106309 0.247731
vt 0.108375 0.257226
vt 0.104763 0.251873
vt 0.113016 0.262460
vt 0.102560 0.246921
vt 0.944789 0.788484
vt 0.949961 0.784013
vt 0.953456 0.779710
vt 0.957020 0.775610
vt 0.961225 0.771527
vt 0.966035 0.771703
vt 0.971442 0.767126
vt 0.976608 0.762653
vt 0.980477 0.762983
vt 0.123549 0.271608
vt 0.118151 0.267215
vt 0.116243 0.877839
vt 0.119507 0.878616
vt 0.447636 0.852819
vt 0.425573 0.648650
vt 0.422014 0.647698
vt 0.418672 0.642183
vt 0.453203 0.856338
vt 0.414915 0.637070
vt 0.411299 0.632231
vt 0.407384 0.627599
vt 0.403222 0.623251
vt 0.403467 0.618866
vt 0.399179 0.614550
vt 0.395130 0.610005
vt 0.471617 0.856269
vt 0.467725 0.858517
vt 0.392577 0.599410
vt 0.103918 0.256516
vt 0.108448 0.261910
vt 0.100783 0.251097
vt 0.113611 0.266807
vt 0.980200 0.551461
vt 0.976976 0.548787
vt 0.980483 0.547020
vt 0.939849 0.792104
vt 0.940697 0.789076
vt 0.950549 0.779474
vt 0.953705 0.775168
vt 0.957081 0.771134
vt 0.961529 0.766848
vt 0.966510 0.767009
vt 0.972139 0.762410
vt 0.977210 0.758091
vt 0.981054 0.758483
vt 0.119010 0.271281
vt 0.116335 0.873261
vt 0.119841 0.874133
vt 0.449001 0.856485
vt 0.424181 0.653185
vt 0.420933 0.652258
vt 0.417671 0.646713
vt 0.413794 0.641541
vt 0.458672 0.858954
vt 0.454493 0.860035
vt 0.410354 0.636737
vt 0.407062 0.632118
vt 0.403021 0.627707
vt 0.399000 0.619031
vt 0.398836 0.623512
vt 0.394539 0.614665
vt 0.392423 0.605540
vt 0.391364 0.609772
vt 0.472619 0.857710
vt 0.469496 0.860853
vt 0.462181 0.857655
vt 0.463931 0.860618
vt 0.113336 0.876934
vt 0.113061 0.872318
vt 0.099721 0.255814
vt 0.103927 0.261340
vt 0.109041 0.266318
vt 0.099277 0.246110
vt 0.097105 0.250224
vt 0.114485 0.270763
vt 0.986470 0.547587
vt 0.984018 0.544991
vt 0.382128 0.607899
vt 0.383289 0.605352
vt 0.387203 0.607825
vt 0.385459 0.611031
vt 0.382318 0.623069
vt 0.378952 0.624580
vt 0.378976 0.620310
vt 0.382063 0.618666
vt 0.383410 0.612710
vt 0.385314 0.616888
vt 0.381362 0.614391
vt 0.953856 0.770633
vt 0.957240 0.766530
vt 0.967120 0.762231
vt 0.962036 0.762006
vt 0.972763 0.757762
vt 0.977829 0.753549
vt 0.981660 0.753974
vt 0.422844 0.657728
vt 0.419977 0.656893
vt 0.450259 0.860371
vt 0.416829 0.651290
vt 0.412875 0.645996
vt 0.408737 0.641211
vt 0.460069 0.862395
vt 0.455871 0.863764
vt 0.406725 0.636658
vt 0.402919 0.632216
vt 0.398774 0.628051
vt 0.394523 0.624006
vt 0.394497 0.619335
vt 0.388959 0.615077
vt 0.387754 0.604546
vt 0.987650 0.542793
vt 0.989869 0.545046
vt 0.465806 0.863435
vt 0.387870 0.601768
vt 0.095674 0.254901
vt 0.099513 0.260730
vt 0.104453 0.265810
vt 0.109956 0.270314
vt 0.977002 0.544212
vt 0.980712 0.542387
vt 0.978384 0.749019
vt 0.982208 0.749459
vt 0.383333 0.602869
vt 0.378609 0.628862
vt 0.382348 0.627486
vt 0.386077 0.621448
vt 0.954207 0.766066
vt 0.957635 0.761729
vt 0.967814 0.757473
vt 0.962758 0.757165
vt 0.973433 0.753132
vt 0.446415 0.859993
vt 0.445354 0.855783
vt 0.416110 0.655931
vt 0.451551 0.864405
vt 0.412132 0.650499
vt 0.407950 0.645700
vt 0.461891 0.865695
vt 0.457570 0.867491
vt 0.402996 0.636750
vt 0.398785 0.632602
vt 0.394565 0.628595
vt 0.390075 0.620064
vt 0.390228 0.624766
vt 0.984442 0.540270
vt 0.471498 0.863069
vt 0.467879 0.866040
vt 0.095161 0.260259
vt 0.973341 0.540901
vt 0.977123 0.539403
vt 0.099900 0.265431
vt 0.105342 0.269901
vt 0.978944 0.744509
vt 0.982736 0.744932
vt 0.974012 0.748599
vt 0.386229 0.625984
vt 0.382307 0.631883
vt 0.378357 0.633243
vt 0.374965 0.639357
vt 0.375005 0.634783
vt 0.378268 0.637655
vt 0.958273 0.756882
vt 0.963651 0.752413
vt 0.968626 0.752759
vt 0.447624 0.864168
vt 0.419250 0.661699
vt 0.415577 0.660801
vt 0.411598 0.655085
vt 0.453039 0.868439
vt 0.407350 0.650185
vt 0.403093 0.645791
vt 0.403280 0.641280
vt 0.463941 0.868693
vt 0.459717 0.871003
vt 0.398927 0.637178
vt 0.394694 0.633212
vt 0.390395 0.629434
vt 0.980867 0.537577
vt 0.988905 0.538355
vt 0.991588 0.540450
vt 0.095465 0.265228
vt 0.100727 0.269687
vt 0.979630 0.739950
vt 0.983293 0.740326
vt 0.974634 0.744105
vt 0.969323 0.748218
vt 0.386280 0.630556
vt 0.382202 0.636243
vt 0.954560 0.761432
vt 0.955001 0.756711
vt 0.959110 0.752118
vt 0.964499 0.747815
vt 0.448928 0.868326
vt 0.418485 0.666525
vt 0.415011 0.665834
vt 0.411169 0.659635
vt 0.406910 0.654624
vt 0.454763 0.872274
vt 0.402658 0.650248
vt 0.398273 0.646234
vt 0.398917 0.641691
vt 0.462517 0.874027
vt 0.466372 0.871157
vt 0.394874 0.637775
vt 0.390601 0.634009
vt 0.087391 0.256753
vt 0.088576 0.252779
vt 0.092019 0.253689
vt 0.091473 0.257126
vt 0.984295 0.535255
vt 0.987891 0.537686
vt 0.470379 0.868172
vt 0.096195 0.269643
vt 0.090926 0.260563
vt 0.091107 0.265202
vt 0.980236 0.735385
vt 0.983807 0.735697
vt 0.975327 0.739588
vt 0.970018 0.743728
vt 0.386526 0.635091
vt 0.382345 0.640623
vt 0.378456 0.642132
vt 0.955678 0.751952
vt 0.960060 0.747489
vt 0.965355 0.743312
vt 0.450277 0.872399
vt 0.417758 0.671349
vt 0.414351 0.670754
vt 0.406571 0.658943
vt 0.402310 0.654657
vt 0.397817 0.650731
vt 0.465749 0.876615
vt 0.468831 0.872821
vt 0.395003 0.642265
vt 0.390846 0.638537
vt 0.977731 0.534785
vt 0.980843 0.532711
vt 0.086787 0.260760
vt 0.987590 0.532820
vt 0.990767 0.534601
vt 0.471242 0.868688
vt 0.101850 0.273431
vt 0.097256 0.273546
vt 0.091703 0.269632
vt 0.086744 0.265203
vt 0.975972 0.735029
vt 0.970758 0.739150
vt 0.386660 0.639496
vt 0.382848 0.645089
vt 0.379071 0.646664
vt 0.956635 0.747332
vt 0.961071 0.742961
vt 0.966132 0.738795
vt 0.455982 0.876480
vt 0.451349 0.876613
vt 0.417047 0.676095
vt 0.413876 0.675469
vt 0.410630 0.665967
vt 0.410157 0.670512
vt 0.410899 0.662801
vt 0.406310 0.662757
vt 0.402098 0.658944
vt 0.397769 0.655123
vt 0.392799 0.651595
vt 0.391950 0.647260
vt 0.459770 0.880852
vt 0.459249 0.875253
vt 0.471514 0.874044
vt 0.469133 0.878096
vt 0.391141 0.642959
vt 0.082812 0.260598
vt 0.083601 0.256381
vt 0.983946 0.530481
vt 0.976554 0.730452
vt 0.980822 0.730800
vt 0.092692 0.273701
vt 0.087238 0.269656
vt 0.082532 0.265080
vt 0.971350 0.734630
vt 0.386983 0.643856
vt 0.383617 0.649486
vt 0.380168 0.651099
vt 0.957493 0.742769
vt 0.961930 0.738489
vt 0.966647 0.734251
vt 0.456745 0.880954
vt 0.451994 0.880819
vt 0.416625 0.680810
vt 0.413539 0.680048
vt 0.409729 0.675094
vt 0.405297 0.670838
vt 0.405987 0.666538
vt 0.401973 0.663047
vt 0.397763 0.659410
vt 0.393273 0.655915
vt 0.388332 0.652571
vt 0.387625 0.648207
vt 0.986902 0.528411
vt 0.990804 0.530418
vt 0.462795 0.880751
vt 0.466999 0.882199
vt 0.078916 0.260342
vt 0.079984 0.256153
vt 0.971871 0.730074
vt 0.977047 0.725881
vt 0.981254 0.726186
vt 0.088200 0.273733
vt 0.082819 0.269612
vt 0.078396 0.264860
vt 0.381283 0.655434
vt 0.384426 0.653866
vt 0.958686 0.738319
vt 0.961767 0.733922
vt 0.967019 0.729730
vt 0.456691 0.885490
vt 0.452162 0.885007
vt 0.448214 0.880089
vt 0.447694 0.875916
vt 0.409489 0.679596
vt 0.404952 0.675193
vt 0.399130 0.671756
vt 0.401602 0.667152
vt 0.397845 0.663628
vt 0.393537 0.660228
vt 0.389010 0.656961
vt 0.075096 0.260070
vt 0.076186 0.255866
vt 0.989718 0.526191
vt 0.993632 0.527752
vt 0.465825 0.886694
vt 0.461538 0.885975
vt 0.972335 0.725532
vt 0.977404 0.721276
vt 0.981451 0.721556
vt 0.083690 0.273765
vt 0.078520 0.269460
vt 0.074450 0.264551
vt 0.385389 0.658286
vt 0.382667 0.659761
vt 0.962322 0.729434
vt 0.967482 0.725184
vt 0.456182 0.890003
vt 0.451802 0.889319
vt 0.448510 0.884169
vt 0.413383 0.684472
vt 0.409425 0.683969
vt 0.404912 0.679587
vt 0.399777 0.675906
vt 0.398185 0.667787
vt 0.393809 0.664516
vt 0.389438 0.661381
vt 0.072425 0.255784
vt 0.071167 0.259704
vt 0.470218 0.882843
vt 0.468689 0.887091
vt 0.465419 0.891179
vt 0.460888 0.890528
vt 0.972755 0.720981
vt 0.977634 0.716647
vt 0.981660 0.716913
vt 0.079293 0.273672
vt 0.074354 0.269165
vt 0.070403 0.264142
vt 0.956050 0.738105
vt 0.957136 0.733605
vt 0.962855 0.724910
vt 0.958217 0.729164
vt 0.967937 0.720670
vt 0.455625 0.894389
vt 0.451356 0.893624
vt 0.448273 0.888401
vt 0.409409 0.688291
vt 0.413101 0.688778
vt 0.405067 0.683932
vt 0.400230 0.680169
vt 0.395289 0.677016
vt 0.394671 0.672872
vt 0.394099 0.668721
vt 0.389846 0.665717
vt 0.385825 0.662794
vt 0.067283 0.259178
vt 0.068460 0.255833
vt 0.460199 0.895007
vt 0.464591 0.895537
vt 0.973091 0.716396
vt 0.977743 0.712020
vt 0.981628 0.712294
vt 0.074977 0.273473
vt 0.070273 0.268772
vt 0.066404 0.263646
vt 0.959025 0.724688
vt 0.963408 0.720381
vt 0.386142 0.667269
vt 0.968363 0.716153
vt 0.454903 0.898779
vt 0.450561 0.898018
vt 0.447789 0.892683
vt 0.413112 0.692987
vt 0.409327 0.692546
vt 0.405281 0.688245
vt 0.400631 0.684405
vt 0.395905 0.681181
vt 0.391513 0.678395
vt 0.390772 0.674226
vt 0.390276 0.670000
vt 0.468176 0.895882
vt 0.469340 0.891556
vt 0.463654 0.899848
vt 0.459421 0.899365
vt 0.973252 0.711798
vt 0.977673 0.707400
vt 0.981413 0.707690
vt 0.070741 0.273096
vt 0.066175 0.268307
vt 0.062332 0.263231
vt 0.063439 0.258480
vt 0.386697 0.671610
vt 0.959583 0.720187
vt 0.963955 0.715895
vt 0.968638 0.711628
vt 0.454336 0.903121
vt 0.450057 0.902375
vt 0.447305 0.897023
vt 0.413132 0.697171
vt 0.408834 0.696740
vt 0.405669 0.692504
vt 0.401114 0.688675
vt 0.396500 0.685406
vt 0.392236 0.682538
vt 0.387286 0.675860
vt 0.388228 0.680064
vt 0.467065 0.900189
vt 0.058179 0.262972
vt 0.059327 0.258419
vt 0.458769 0.903742
vt 0.462811 0.904165
vt 0.973219 0.707190
vt 0.977419 0.702791
vt 0.981092 0.703131
vt 0.066656 0.272629
vt 0.061958 0.267942
vt 0.960289 0.715731
vt 0.964462 0.711458
vt 0.968755 0.707066
vt 0.453724 0.907503
vt 0.449576 0.906748
vt 0.446768 0.901468
vt 0.413177 0.701406
vt 0.408966 0.701112
vt 0.401891 0.692960
vt 0.397170 0.689665
vt 0.392893 0.686740
vt 0.389222 0.684211
vt 0.054151 0.262926
vt 0.055200 0.258535
vt 0.465957 0.904489
vt 0.057818 0.267706
vt 0.462032 0.908545
vt 0.458101 0.908054
vt 0.972968 0.702626
vt 0.976918 0.698249
vt 0.980543 0.698642
vt 0.062491 0.272285
vt 0.960913 0.711288
vt 0.964793 0.706959
vt 0.968607 0.702511
vt 0.453146 0.911823
vt 0.449079 0.911131
vt 0.446344 0.905954
vt 0.413759 0.705555
vt 0.409721 0.705298
vt 0.404301 0.701377
vt 0.403267 0.697099
vt 0.397977 0.693927
vt 0.393554 0.690974
vt 0.390057 0.688339
vt 0.053669 0.267575
vt 0.050029 0.262825
vt 0.051083 0.258612
vt 0.046905 0.258401
vt 0.048316 0.255158
vt 0.052575 0.255176
vt 0.058159 0.272138
vt 0.457434 0.912426
vt 0.461382 0.912921
vt 0.972431 0.698048
vt 0.976590 0.693718
vt 0.980172 0.694138
vt 0.961324 0.706799
vt 0.965024 0.702392
vt 0.967361 0.697847
vt 0.452678 0.916168
vt 0.448548 0.915522
vt 0.445837 0.910419
vt 0.410550 0.709641
vt 0.414368 0.709771
vt 0.405250 0.705820
vt 0.399814 0.702187
vt 0.398918 0.698072
vt 0.394412 0.695233
vt 0.958486 0.706600
vt 0.958936 0.702049
vt 0.961764 0.702266
vt 0.053852 0.271994
vt 0.049439 0.267368
vt 0.045836 0.262533
vt 0.042620 0.257888
vt 0.044080 0.254784
vt 0.976537 0.689125
vt 0.980141 0.689588
vt 0.460835 0.917316
vt 0.456943 0.916821
vt 0.972139 0.693425
vt 0.967204 0.693216
vt 0.452032 0.920509
vt 0.447874 0.919870
vt 0.445187 0.914849
vt 0.415379 0.713809
vt 0.411570 0.713789
vt 0.406275 0.710366
vt 0.401015 0.707112
vt 0.396145 0.703492
vt 0.395324 0.699419
vt 0.391522 0.696851
vt 0.390864 0.692524
vt 0.049544 0.271867
vt 0.976395 0.684558
vt 0.980007 0.685025
vt 0.045197 0.267130
vt 0.041488 0.261892
vt 0.039837 0.254133
vt 0.038375 0.257143
vt 0.971997 0.688783
vt 0.456520 0.921214
vt 0.460694 0.921742
vt 0.962385 0.697696
vt 0.967236 0.688625
vt 0.962942 0.693103
vt 0.451194 0.924926
vt 0.446828 0.924060
vt 0.444131 0.919191
vt 0.416579 0.717709
vt 0.412745 0.717733
vt 0.407295 0.714555
vt 0.402078 0.711989
vt 0.397089 0.707343
vt 0.959931 0.692925
vt 0.960041 0.688355
vt 0.963172 0.688526
vt 0.392374 0.701133
vt 0.976241 0.679920
vt 0.979759 0.680415
vt 0.045218 0.271770
vt 0.971895 0.684216
vt 0.040756 0.266492
vt 0.037166 0.260909
vt 0.034043 0.255815
vt 0.035590 0.252591
vt 0.460435 0.926204
vt 0.455884 0.925650
vt 0.967217 0.684105
vt 0.445751 0.928157
vt 0.450288 0.929377
vt 0.442581 0.923309
vt 0.418309 0.721228
vt 0.414125 0.721429
vt 0.408451 0.718401
vt 0.403016 0.716137
vt 0.398591 0.714349
vt 0.397753 0.710542
vt 0.960123 0.683987
vt 0.963157 0.684089
vt 0.976119 0.675220
vt 0.979488 0.675775
vt 0.971758 0.679660
vt 0.040713 0.272131
vt 0.036310 0.265253
vt 0.032778 0.259851
vt 0.029653 0.254305
vt 0.031351 0.250921
vt 0.455320 0.930206
vt 0.460361 0.930788
vt 0.967239 0.679625
vt 0.442315 0.927536
vt 0.949675 0.618729
vt 0.949052 0.621774
vt 0.943953 0.621304
vt 0.944986 0.618445
vt 0.409836 0.722070
vt 0.404169 0.720125
vt 0.399445 0.718323
vt 0.963223 0.679759
vt 0.960082 0.680333
vt 0.960071 0.675993
vt 0.963204 0.675374
vt 0.971648 0.675012
vt 0.976019 0.670480
vt 0.979498 0.671052
vt 0.036016 0.269171
vt 0.031837 0.264165
vt 0.028288 0.258512
vt 0.025171 0.252688
vt 0.026970 0.249064
vt 0.967167 0.675097
vt 0.454427 0.934960
vt 0.449181 0.935085
vt 0.440666 0.931553
vt 0.444669 0.931988
vt 0.942964 0.624656
vt 0.947411 0.625226
vt 0.415822 0.724642
vt 0.411471 0.725422
vt 0.405495 0.723785
vt 0.400555 0.722362
vt 0.959957 0.671417
vt 0.963051 0.670770
vt 0.971632 0.670242
vt 0.979455 0.666284
vt 0.976049 0.665700
vt 0.031415 0.268401
vt 0.027382 0.263035
vt 0.023724 0.257155
vt 0.022411 0.246847
vt 0.020563 0.250419
vt 0.967084 0.670356
vt 0.453876 0.939260
vt 0.449368 0.939441
vt 0.950961 0.628172
vt 0.946633 0.628737
vt 0.951313 0.624946
vt 0.439075 0.935504
vt 0.443546 0.935645
vt 0.417761 0.727557
vt 0.413375 0.728671
vt 0.942255 0.628197
vt 0.407091 0.727277
vt 0.401728 0.726188
vt 0.959848 0.666720
vt 0.963024 0.666043
vt 0.971647 0.665387
vt 0.979849 0.661682
vt 0.976147 0.660937
vt 0.027032 0.267446
vt 0.036186 0.272500
vt 0.031639 0.272140
vt 0.022879 0.261772
vt 0.018855 0.255965
vt 0.016168 0.247327
vt 0.018206 0.243832
vt 0.967114 0.665569
vt 0.636246 0.867873
vt 0.632261 0.867589
vt 0.631338 0.863709
vt 0.635397 0.863853
vt 0.457697 0.935202
vt 0.458030 0.939230
vt 0.950885 0.631441
vt 0.946197 0.632505
vt 0.441816 0.939327
vt 0.437159 0.939369
vt 0.446863 0.939493
vt 0.937925 0.626300
vt 0.938723 0.622914
vt 0.408988 0.730428
vt 0.941596 0.631560
vt 0.403367 0.729771
vt 0.962849 0.661336
vt 0.959554 0.662153
vt 0.971709 0.660604
vt 0.980199 0.657153
vt 0.976350 0.656402
vt 0.027169 0.271322
vt 0.022593 0.266316
vt 0.018297 0.260608
vt 0.014228 0.255346
vt 0.015032 0.251241
vt 0.460967 0.935444
vt 0.461772 0.939812
vt 0.967013 0.660762
vt 0.458414 0.942920
vt 0.453872 0.942673
vt 0.627267 0.863051
vt 0.628201 0.867408
vt 0.630996 0.859693
vt 0.635019 0.861612
vt 0.951313 0.635230
vt 0.945956 0.635532
vt 0.636246 0.852309
vt 0.634964 0.857010
vt 0.631123 0.855382
vt 0.632576 0.850993
vt 0.417399 0.734999
vt 0.415502 0.731595
vt 0.420056 0.730478
vt 0.422378 0.733711
vt 0.411079 0.733558
vt 0.405173 0.732902
vt 0.424393 0.737998
vt 0.426665 0.732788
vt 0.429207 0.736200
vt 0.959252 0.657751
vt 0.962390 0.656758
vt 0.971886 0.655969
vt 0.976709 0.651992
vt 0.980650 0.652842
vt 0.022863 0.270189
vt 0.018365 0.264989
vt 0.013963 0.259677
vt 0.010898 0.255121
vt 0.010372 0.250796
vt 0.014420 0.240464
vt 0.016577 0.238070
vt 0.019901 0.241844
vt 0.967012 0.656060
vt 0.458910 0.946616
vt 0.453920 0.946006
vt 0.626986 0.858645
vt 0.449010 0.946155
vt 0.453842 0.950547
vt 0.448732 0.950626
vt 0.431469 0.740785
vt 0.433261 0.734718
vt 0.435656 0.738008
vt 0.629741 0.849900
vt 0.627405 0.853925
vt 0.413276 0.736865
vt 0.407799 0.736293
vt 0.402435 0.735572
vt 0.400385 0.732619
vt 0.426803 0.742223
vt 0.972201 0.651534
vt 0.977065 0.647880
vt 0.981050 0.648801
vt 0.018833 0.268962
vt 0.014390 0.263810
vt 0.621372 0.932094
vt 0.622422 0.927916
vt 0.625731 0.928844
vt 0.623893 0.932842
vt 0.619332 0.922600
vt 0.623887 0.923878
vt 0.618608 0.926823
vt 0.011151 0.246290
vt 0.010572 0.237766
vt 0.013205 0.234429
vt 0.967435 0.651536
vt 0.458094 0.951145
vt 0.443955 0.950258
vt 0.444195 0.946191
vt 0.454246 0.953886
vt 0.449301 0.954799
vt 0.437224 0.742953
vt 0.432821 0.744394
vt 0.437500 0.737115
vt 0.441339 0.740976
vt 0.443937 0.739385
vt 0.446377 0.743913
vt 0.442802 0.745914
vt 0.440495 0.951738
vt 0.439490 0.946763
vt 0.418160 0.739331
vt 0.413980 0.739496
vt 0.411090 0.738980
vt 0.404913 0.738320
vt 0.961171 0.652521
vt 0.427694 0.744590
vt 0.422633 0.743255
vt 0.421276 0.738664
vt 0.972563 0.647322
vt 0.977263 0.644233
vt 0.980132 0.643251
vt 0.618850 0.931346
vt 0.620222 0.918287
vt 0.625380 0.919562
vt 0.614831 0.921253
vt 0.614208 0.925558
vt 0.012741 0.243688
vt 0.009754 0.242060
vt 0.007002 0.236916
vt 0.009020 0.232779
vt 0.968028 0.647358
vt 0.444262 0.954409
vt 0.617215 0.907865
vt 0.612574 0.906447
vt 0.614100 0.901625
vt 0.618515 0.903531
vt 0.438207 0.747028
vt 0.433549 0.747418
vt 0.448379 0.747058
vt 0.443853 0.749145
vt 0.418648 0.743571
vt 0.414423 0.743457
vt 0.406856 0.740531
vt 0.410406 0.742376
vt 0.428586 0.746956
vt 0.972874 0.643607
vt 0.613671 0.929881
vt 0.615530 0.916897
vt 0.624988 0.915157
vt 0.620967 0.913789
vt 0.609935 0.924484
vt 0.610465 0.920073
vt 0.622228 0.909230
vt 0.625731 0.910845
vt 0.622988 0.904997
vt 0.968389 0.643667
vt 0.608092 0.905314
vt 0.609807 0.900797
vt 0.616265 0.912422
vt 0.611692 0.911143
vt 0.606817 0.914533
vt 0.603463 0.913627
vt 0.603642 0.909066
vt 0.607279 0.910009
vt 0.604695 0.904586
vt 0.414802 0.746534
vt 0.419318 0.746931
vt 0.410520 0.745304
vt 0.406650 0.743579
vt 0.606277 0.919031
vt 0.602563 0.918066
vt 0.423828 0.746898
vt 0.609507 0.937366
vt 0.613438 0.937900
vt 0.614534 0.940832
vt 0.610614 0.940835
vt 0.617656 0.934920
vt 0.613328 0.934047
vt 0.609540 0.928860
vt 0.611017 0.915641
vt 0.605899 0.923485
vt 0.964151 0.644306
vt 0.963784 0.647788
vt 0.973178 0.640812
vt 0.968713 0.640995
vt 0.605734 0.932231
vt 0.602489 0.931239
vt 0.602275 0.926935
vt 0.605739 0.927887
vt 0.964378 0.641717
vt 0.960337 0.645779
vt 0.960402 0.648633
vt 0.602170 0.922545
vt 0.609315 0.933169
vt 0.606141 0.936383
vt 0.603236 0.935222
vt 0.427409 0.590675
vt 0.091789 0.896881
vt 0.094537 0.898210
vt 0.093461 0.901336
vt 0.945123 0.784522
vt 0.947542 0.784268
vt 0.069858 0.253185
vt 0.065278 0.254155
vt 0.634313 0.849042
vt 0.984317 0.649686
vt 0.982711 0.644930
vt 0.984259 0.645520
vt 0.621457 0.936412
vt 0.616574 0.937752
vt 0.619711 0.937604
s 1
usemtl doguinho_texture
f 14/1/1 7/2/2 1/3/3 8/4/4
f 6/5/5 13/6/6 15/7/7 8/4/4
f 18/8/8 9/9/9 2/10/10 10/11/11
f 14/1/1 19/12/12 10/11/11 7/2/2
f 3/13/13 20/14/14 21/15/15 11/16/16
f 11/16/16 22/17/17 12/18/18 4/19/19
f 13/6/6 5/20/20 12/21/18 23/22/21
f 14/1/1 8/4/4 15/7/7 24/23/22
f 13/6/6 23/22/21 25/24/23 15/7/7
f 28/25/24 17/26/25 9/27/9 18/28/8
f 29/29/26 18/8/8 10/11/11 19/12/12
f 14/1/1 24/23/22 30/30/27 19/12/12
f 33/31/28 21/15/15 20/14/14 34/32/29
f 21/15/15 35/33/30 22/17/17 11/16/16
f 36/34/31 23/22/21 12/21/18 22/35/17
f 15/7/7 25/24/23 37/36/32 24/23/22
f 36/34/31 38/37/33 25/24/23 23/22/21
f 16/38/34 27/39/35 39/40/36 26/41/37
f 28/25/24 40/42/38 27/39/35 17/26/25
f 29/29/26 41/43/39 28/44/24 18/8/8
f 29/29/26 19/12/12 30/30/27 42/45/40
f 43/46/41 30/30/27 24/23/22 37/36/32
f 26/41/37 39/40/36 44/47/42 31/48/43
f 33/31/28 47/49/44 35/33/30 21/15/15
f 48/50/45 49/51/46 33/31/28 34/32/29
f 36/34/31 22/35/17 35/52/30 50/53/47
f 32/54/48 46/55/49 48/50/45 34/32/29
f 37/36/32 25/24/23 38/37/33 51/56/50
f 36/34/31 50/53/47 52/57/51 38/37/33
f 40/42/38 53/58/52 39/40/36 27/39/35
f 28/44/24 41/43/39 54/59/53 40/60/38
f 29/29/26 42/45/40 55/61/54 41/43/39
f 42/45/40 30/30/27 43/46/41 56/62/55
f 43/46/41 37/36/32 51/56/50 57/63/56
f 44/47/42 39/40/36 53/58/52 58/64/57
f 44/47/42 59/65/58 45/66/59 31/48/43
f 33/31/28 49/51/46 63/67/60 47/49/44
f 64/68/61 50/69/47 35/33/30 47/49/44
f 48/50/45 65/70/62 66/71/63 49/51/46
f 61/72/64 65/70/62 48/50/45 46/55/49
f 38/37/33 52/57/51 67/73/65 51/56/50
f 64/74/61 68/75/66 52/57/51 50/53/47
f 40/42/38 54/76/53 69/77/67 53/58/52
f 54/59/53 41/43/39 55/61/54 70/78/68
f 71/79/69 55/61/54 42/45/40 56/62/55
f 43/46/41 57/63/56 72/80/70 56/62/55
f 73/81/71 57/63/56 51/56/50 67/73/65
f 74/82/72 58/64/57 53/58/52 69/77/67
f 44/47/42 58/64/57 75/83/73 59/65/58
f 59/65/58 76/84/74 60/85/75 45/66/59
f 80/86/76 63/67/60 49/51/46 66/71/63
f 64/68/61 47/49/44 63/67/60 81/87/77
f 82/88/78 83/89/79 66/71/63 65/70/62
f 61/72/64 78/90/80 82/88/78 65/70/62
f 84/91/81 67/73/65 52/57/51 68/75/66
f 85/92/82 68/75/66 64/74/61 86/93/83
f 69/94/67 54/59/53 70/78/68 87/95/84
f 71/79/69 88/96/85 70/78/68 55/61/54
f 71/79/69 56/62/55 72/80/70 89/97/86
f 72/80/70 57/63/56 73/81/71 90/98/87
f 91/99/88 73/81/71 67/73/65 84/91/81
f 92/100/89 75/83/73 58/64/57 74/82/72
f 74/82/72 69/77/67 87/101/84 93/102/90
f 59/65/58 75/83/73 94/103/91 76/84/74
f 95/104/92 77/105/93 60/85/75 76/84/74
f 79/106/94 97/107/95 78/90/80 62/108/96
f 80/86/76 99/109/97 81/87/77 63/67/60
f 80/86/76 66/71/63 83/89/79 100/110/98
f 64/68/61 81/87/77 101/111/99 86/112/83
f 102/113/100 103/114/101 83/89/79 82/88/78
f 102/113/100 82/88/78 78/90/80 97/107/95
f 85/92/82 104/115/102 84/91/81 68/75/66
f 85/116/82 86/112/83 101/111/99 105/117/103
f 87/101/84 70/118/68 88/119/85 106/120/104
f 71/79/69 107/121/105 108/122/106 88/96/85
f 109/123/107 89/97/86 72/80/70 90/98/87
f 91/99/88 110/124/108 90/98/87 73/81/71
f 104/115/102 111/125/109 91/99/88 84/91/81
f 92/100/89 112/126/110 94/103/91 75/83/73
f 92/100/89 74/82/72 93/102/90 113/127/111
f 114/128/112 93/102/90 87/101/84 106/120/104
f 95/104/92 76/84/74 94/103/91 115/129/113
f 95/104/92 116/130/114 96/131/115 77/105/93
f 118/132/116 97/107/95 79/106/94 98/133/117
f 80/86/76 100/110/98 120/134/118 99/109/97
f 81/87/77 99/109/97 121/135/119 101/111/99
f 100/110/98 83/89/79 103/114/101 122/136/120
f 102/113/100 123/137/121 124/138/122 103/114/101
f 118/132/116 123/137/121 102/113/100 97/107/95
f 85/92/82 105/139/103 125/140/123 104/115/102
f 126/141/124 105/117/103 101/111/99 121/135/119
f 108/142/106 127/143/125 106/120/104 88/119/85
f 128/144/126 129/145/127 108/122/106 107/121/105
f 109/123/107 128/144/126 107/121/105 89/97/86
f 130/146/128 109/123/107 90/98/87 110/124/108
f 91/99/88 111/125/109 131/147/129 110/124/108
f 104/115/102 125/140/123 132/148/130 111/125/109
f 92/100/89 113/127/111 133/149/131 112/126/110
f 112/126/110 134/150/132 115/129/113 94/103/91
f 114/128/112 135/151/133 113/127/111 93/102/90
f 114/128/112 106/120/104 127/143/125 136/152/134
f 137/153/135 116/130/114 95/104/92 115/129/113
f 117/154/136 96/131/115 116/130/114 138/155/137
f 118/132/116 98/133/117 119/156/138 139/157/139
f 141/158/140 120/134/118 100/110/98 122/136/120
f 120/134/118 142/159/141 121/135/119 99/109/97
f 103/114/101 124/138/122 143/160/142 122/136/120
f 144/161/143 124/138/122 123/137/121 145/162/144
f 118/132/116 139/157/139 145/162/144 123/137/121
f 126/163/124 146/164/145 125/140/123 105/139/103
f 126/141/124 121/135/119 142/159/141 147/165/146
f 148/166/147 127/143/125 108/142/106 129/167/127
f 149/168/148 129/145/127 128/144/126 150/169/149
f 130/146/128 150/169/149 128/144/126 109/123/107
f 130/146/128 110/124/108 131/147/129 151/170/150
f 111/125/109 132/148/130 152/171/151 131/147/129
f 125/140/123 146/164/145 153/172/152 132/148/130
f 154/173/153 133/149/131 113/127/111 135/151/133
f 133/149/131 155/174/154 134/150/132 112/126/110
f 156/175/155 137/153/135 115/129/113 134/150/132
f 114/128/112 136/152/134 157/176/156 135/151/133
f 136/152/134 127/143/125 148/166/147 158/177/157
f 159/178/158 138/179/137 116/180/114 137/181/135
f 160/182/159 139/157/139 119/156/138 140/183/160
f 141/158/140 162/184/161 142/159/141 120/134/118
f 163/185/162 141/158/140 122/136/120 143/160/142
f 164/186/163 143/160/142 124/138/122 144/161/143
f 144/161/143 145/162/144 165/187/164 166/188/165
f 126/141/124 147/165/146 167/189/166 146/190/145
f 168/191/167 147/165/146 142/159/141 162/184/161
f 149/168/148 169/192/168 148/193/147 129/145/127
f 149/168/148 150/169/149 170/194/169 171/195/170
f 130/146/128 151/170/150 170/194/169 150/169/149
f 172/196/171 151/170/150 131/147/129 152/171/151
f 132/148/130 153/172/152 173/197/172 152/171/151
f 167/189/166 174/198/173 153/199/152 146/190/145
f 175/200/174 155/174/154 133/149/131 154/173/153
f 176/201/175 156/175/155 134/150/132 155/174/154
f 159/202/158 137/153/135 156/175/155 177/203/176
f 178/204/177 157/176/156 136/152/134 158/177/157
f 135/151/133 157/176/156 179/205/178 180/206/179
f 169/207/168 181/208/180 158/177/157 148/166/147
f 182/209/181 165/187/164 139/157/139 160/182/159
f 161/210/182 183/211/183 160/212/159 140/213/160
f 163/185/162 184/214/184 162/184/161 141/158/140
f 163/185/162 143/160/142 164/186/163 185/215/185
f 164/186/163 144/161/143 166/188/165 186/216/186
f 182/209/181 187/217/187 166/188/165 165/187/164
f 168/191/167 188/218/188 167/189/166 147/165/146
f 168/191/167 162/184/161 184/214/184 189/219/189
f 149/168/148 171/195/170 190/220/190 169/192/168
f 171/195/170 170/194/169 191/221/191 192/222/192
f 172/196/171 152/171/151 173/197/172 193/223/193
f 153/199/152 174/198/173 194/224/194 173/225/172
f 175/200/174 195/226/195 176/201/175 155/174/154
f 196/227/196 175/200/174 154/173/153 180/206/179
f 176/201/175 197/228/197 177/203/176 156/175/155
f 178/204/177 198/229/198 179/205/178 157/176/156
f 178/204/177 158/177/157 181/208/180 199/230/199
f 200/231/200 196/227/196 180/206/179 179/205/178
f 169/207/168 190/232/190 201/233/201 181/208/180
f 182/234/181 160/212/159 183/211/183 202/235/202
f 163/185/162 185/215/185 203/236/203 184/214/184
f 164/186/163 186/216/186 204/237/204 185/215/185
f 205/238/205 186/216/186 166/188/165 187/217/187
f 182/209/181 202/239/202 206/240/206 187/217/187
f 168/191/167 189/219/189 207/241/207 188/218/188
f 184/214/184 203/236/203 208/242/208 189/219/189
f 209/243/209 190/220/190 171/195/170 192/222/192
f 192/222/192 191/221/191 210/244/210 211/245/211
f 212/246/212 193/247/193 173/225/172 194/224/194
f 213/248/213 172/196/171 193/223/193 214/249/214
f 215/250/215 194/224/194 174/198/173 216/251/216
f 217/252/217 195/226/195 175/200/174 196/227/196
f 218/253/218 197/228/197 176/201/175 195/226/195
f 178/204/177 199/230/199 220/254/219 198/229/198
f 200/231/200 179/205/178 198/229/198 221/255/220
f 222/256/221 199/230/199 181/208/180 201/233/201
f 217/252/217 196/227/196 200/231/200 223/257/222
f 209/243/209 224/258/223 201/259/201 190/220/190
f 203/236/203 185/215/185 204/237/204 225/260/224
f 226/261/225 204/237/204 186/216/186 205/238/205
f 205/238/205 187/217/187 206/240/206 227/262/226
f 228/263/227 207/241/207 189/219/189 208/242/208
f 229/264/228 188/218/188 207/241/207 230/265/229
f 231/266/230 208/242/208 203/236/203 225/260/224
f 209/243/209 192/222/192 211/245/211 232/267/231
f 210/244/210 233/268/232 234/269/233 211/245/211
f 235/270/234 214/249/214 193/223/193 212/271/212
f 215/250/215 236/272/235 212/246/212 194/224/194
f 213/248/213 214/249/214 233/268/232 210/244/210
f 237/273/236 215/250/215 216/251/216 229/264/228
f 217/252/217 238/274/237 218/253/218 195/226/195
f 239/275/238 219/276/239 197/277/197 218/278/218
f 222/256/221 240/279/240 220/254/219 199/230/199
f 221/255/220 198/229/198 220/254/219 241/280/241
f 223/257/222 200/231/200 221/255/220 242/281/242
f 222/256/221 201/233/201 224/282/223 243/283/243
f 244/284/244 238/274/237 217/252/217 223/257/222
f 209/243/209 232/267/231 245/285/245 224/258/223
f 226/261/225 246/286/246 247/287/247 204/237/204
f 226/261/225 205/238/205 227/262/226 248/288/248
f 228/263/227 250/289/249 251/290/250 207/241/207
f 228/263/227 208/242/208 231/266/230 252/291/251
f 253/292/252 230/265/229 207/241/207 251/290/250
f 254/293/253 237/273/236 229/264/228 230/265/229
f 231/266/230 225/260/224 247/287/247 255/294/254
f 232/267/231 211/245/211 234/269/233 256/295/255
f 257/296/256 258/297/257 234/269/233 233/268/232
f 257/296/256 233/268/232 214/249/214 235/270/234
f 259/298/258 235/299/234 212/246/212 236/272/235
f 237/273/236 260/300/259 236/272/235 215/250/215
f 261/301/260 239/275/238 218/278/218 238/302/237
f 222/256/221 243/283/243 262/303/261 240/279/240
f 240/279/240 263/304/262 241/280/241 220/254/219
f 264/305/263 242/281/242 221/255/220 241/280/241
f 244/284/244 223/257/222 242/281/242 265/306/264
f 266/307/265 243/308/243 224/258/223 245/285/245
f 267/309/266 261/301/260 238/302/237 244/310/244
f 268/311/267 245/285/245 232/267/231 256/295/255
f 226/261/225 248/288/248 269/312/268 246/286/246
f 270/313/269 255/294/254 247/287/247 246/286/246
f 228/263/227 252/291/251 273/314/270 250/289/249
f 253/292/252 251/290/250 250/289/249 274/315/271
f 231/266/230 255/294/254 275/316/272 252/291/251
f 254/293/253 230/265/229 253/292/252 276/317/273
f 254/293/253 277/318/274 260/300/259 237/273/236
f 278/319/275 256/295/255 234/269/233 258/297/257
f 257/296/256 279/320/276 280/321/277 258/297/257
f 257/296/256 235/270/234 259/322/258 279/320/276
f 259/298/258 236/272/235 260/300/259 281/323/278
f 282/324/279 262/303/261 243/283/243 266/325/265
f 262/303/261 283/326/280 263/304/262 240/279/240
f 264/305/263 241/280/241 263/304/262 284/327/281
f 264/305/263 285/328/282 265/306/264 242/281/242
f 267/309/266 244/310/244 265/329/264 286/330/283
f 268/331/267 287/332/284 266/325/265 245/333/245
f 268/311/267 256/295/255 278/319/275 288/334/285
f 248/288/248 271/335/286 289/336/287 269/312/268
f 270/313/269 246/286/246 269/312/268 290/337/288
f 270/313/269 291/338/289 275/316/272 255/294/254
f 272/339/290 292/340/291 271/341/286 249/342/292
f 273/314/270 252/291/251 275/316/272 294/343/293
f 273/314/270 295/344/294 274/315/271 250/289/249
f 253/292/252 274/315/271 296/345/295 276/317/273
f 254/293/253 276/317/273 297/346/296 277/318/274
f 277/318/274 298/347/297 281/323/278 260/300/259
f 299/348/298 278/319/275 258/297/257 280/321/277
f 279/349/276 300/350/299 301/351/300 280/352/277
f 279/349/276 259/298/258 281/323/278 300/350/299
f 302/353/301 283/326/280 262/303/261 282/324/279
f 303/354/302 282/324/279 266/325/265 287/332/284
f 283/326/280 304/355/303 284/327/281 263/304/262
f 305/356/304 285/328/282 264/305/263 284/327/281
f 286/330/283 265/329/264 285/357/282 306/358/305
f 267/309/266 286/330/283 307/359/306 308/360/307
f 268/331/267 309/361/308 310/362/309 287/332/284
f 299/363/298 311/364/310 288/365/285 278/366/275
f 289/367/287 271/341/286 292/340/291 312/368/311
f 289/336/287 313/369/312 290/337/288 269/312/268
f 270/313/269 290/337/288 314/370/313 291/338/289
f 294/343/293 275/316/272 291/338/289 315/371/314
f 316/372/315 292/340/291 272/339/290 293/373/316
f 273/314/270 294/343/293 317/374/317 295/344/294
f 296/345/295 274/315/271 295/344/294 318/375/318
f 297/346/296 276/317/273 296/345/295 319/376/319
f 297/346/296 320/377/320 298/347/297 277/318/274
f 321/378/321 300/350/299 281/323/278 298/347/297
f 299/348/298 280/321/277 301/379/300 322/380/322
f 302/353/301 323/381/323 304/355/303 283/326/280
f 303/354/302 324/382/324 302/353/301 282/324/279
f 303/354/302 287/332/284 310/362/309 325/383/325
f 305/356/304 284/327/281 304/355/303 326/384/326
f 305/385/304 327/386/327 306/358/305 285/357/282
f 286/330/283 306/358/305 328/387/328 307/359/306
f 299/348/298 322/380/322 330/388/329 311/389/310
f 309/361/308 288/365/285 311/364/310 331/390/330
f 312/368/311 292/340/291 316/372/315 333/391/331
f 334/392/332 313/393/312 289/367/287 312/368/311
f 314/370/313 290/337/288 313/369/312 335/394/333
f 336/395/334 315/371/314 291/338/289 314/370/313
f 294/343/293 315/371/314 337/396/335 317/374/317
f 317/374/317 338/397/336 318/375/318 295/344/294
f 296/345/295 318/375/318 339/398/337 319/376/319
f 297/346/296 319/376/319 340/399/338 320/377/320
f 321/378/321 298/347/297 320/377/320 341/400/339
f 342/401/340 343/402/341 322/380/322 301/379/300
f 302/353/301 324/382/324 344/403/342 323/381/323
f 326/384/326 304/355/303 323/381/323 345/404/343
f 303/354/302 325/383/325 346/405/344 324/382/324
f 325/383/325 310/362/309 347/406/345 348/407/346
f 305/385/304 326/408/326 349/409/347 327/386/327
f 306/358/305 327/386/327 350/410/348 328/387/328
f 329/411/349 307/359/306 328/387/328 351/412/350
f 322/380/322 343/402/341 352/413/351 330/388/329
f 353/414/352 331/390/330 311/364/310 330/415/329
f 332/416/353 354/417/354 333/391/331 316/372/315
f 334/392/332 312/368/311 333/391/331 355/418/355
f 356/419/356 335/420/333 313/393/312 334/392/332
f 336/395/334 314/370/313 335/394/333 357/421/357
f 336/395/334 358/422/358 337/396/335 315/371/314
f 317/374/317 337/396/335 359/423/359 338/397/336
f 339/398/337 318/375/318 338/397/336 360/424/360
f 339/398/337 361/425/361 362/426/362 319/376/319
f 320/377/320 340/399/338 363/427/363 341/400/339
f 321/378/321 341/400/339 364/428/364 365/429/365
f 366/430/366 367/431/367 343/432/341 342/433/340
f 344/403/342 324/382/324 346/405/344 369/434/368
f 370/435/369 345/404/343 323/381/323 344/403/342
f 349/409/347 326/408/326 345/436/343 371/437/370
f 325/383/325 348/407/346 372/438/371 346/405/344
f 373/439/372 374/440/373 348/407/346 347/406/345
f 349/409/347 375/441/374 350/410/348 327/386/327
f 376/442/375 328/387/328 350/410/348 377/443/376
f 378/444/377 352/413/351 343/402/341 367/445/367
f 353/414/352 330/415/329 352/446/351 379/447/378
f 373/439/372 331/390/330 353/414/352 380/448/379
f 382/449/380 355/418/355 333/391/331 354/417/354
f 356/419/356 334/392/332 355/418/355 383/450/381
f 384/451/382 357/452/357 335/420/333 356/419/356
f 336/395/334 357/421/357 385/453/383 358/422/358
f 337/396/335 358/422/358 386/454/384 359/423/359
f 387/455/385 360/424/360 338/397/336 359/423/359
f 388/456/386 361/425/361 339/398/337 360/424/360
f 389/457/387 363/427/363 340/399/338 362/426/362
f 341/400/339 363/427/363 390/458/388 364/428/364
f 366/430/366 342/433/340 365/429/365 364/428/364
f 366/430/366 391/459/389 392/460/390 367/431/367
f 393/461/391 369/434/368 346/405/344 372/438/371
f 370/435/369 344/403/342 369/434/368 394/462/392
f 370/463/369 395/464/393 371/437/370 345/436/343
f 349/409/347 371/437/370 396/465/394 375/441/374
f 348/407/346 374/440/373 397/466/395 372/438/371
f 373/439/372 380/448/379 398/467/396 374/440/373
f 375/441/374 399/468/397 377/443/376 350/410/348
f 378/469/377 367/431/367 392/460/390 400/470/398
f 353/414/352 379/447/378 401/471/399 380/448/379
f 381/472/400 402/473/401 382/449/380 354/417/354
f 382/449/380 403/474/402 383/450/381 355/418/355
f 384/451/382 356/419/356 383/450/381 404/475/403
f 384/451/382 405/476/404 385/477/383 357/452/357
f 406/478/405 386/454/384 358/422/358 385/453/383
f 407/479/406 387/455/385 359/423/359 386/454/384
f 387/455/385 408/480/407 388/456/386 360/424/360
f 409/481/408 361/425/361 388/456/386 410/482/409
f 411/483/410 390/458/388 363/427/363 389/457/387
f 391/459/389 364/428/364 390/458/388 412/484/411
f 391/459/389 412/484/411 413/485/412 392/460/390
f 393/461/391 415/486/413 394/462/392 369/434/368
f 393/461/391 372/438/371 397/466/395 416/487/414
f 370/463/369 394/488/392 417/489/415 395/464/393
f 396/465/394 371/437/370 395/464/393 418/490/416
f 375/441/374 396/465/394 419/491/417 399/468/397
f 420/492/418 397/466/395 374/440/373 398/467/396
f 421/493/419 398/467/396 380/448/379 401/471/399
f 422/494/420 377/443/376 399/468/397 423/495/421
f 424/496/422 400/470/398 392/460/390 413/485/412
f 378/469/377 400/470/398 425/497/423 426/498/424
f 427/499/425 401/471/399 379/447/378 428/500/426
f 382/449/380 402/473/401 430/501/427 403/474/402
f 404/475/403 383/450/381 403/474/402 431/502/428
f 384/451/382 404/475/403 432/503/429 405/476/404
f 406/504/405 385/477/383 405/476/404 433/505/430
f 407/479/406 386/454/384 406/478/405 434/506/431
f 407/479/406 435/507/432 408/480/407 387/455/385
f 436/508/433 410/482/409 388/456/386 408/480/407
f 409/481/408 410/482/409 437/509/434 438/510/435
f 411/483/410 439/511/436 412/484/411 390/458/388
f 412/484/411 439/511/436 440/512/437 413/485/412
f 393/461/391 416/487/414 441/513/438 415/486/413
f 442/514/439 417/489/415 394/488/392 415/515/413
f 420/492/418 443/516/440 416/487/414 397/466/395
f 418/490/416 395/464/393 417/489/415 444/517/441
f 419/491/417 396/465/394 418/490/416 445/518/442
f 446/519/443 423/495/421 399/468/397 419/491/417
f 420/492/418 398/467/396 421/493/419 447/520/444
f 421/493/419 401/471/399 427/499/425 448/521/445
f 422/494/420 423/495/421 449/522/446 450/523/447
f 424/496/422 451/524/448 425/497/423 400/470/398
f 424/496/422 413/485/412 440/512/437 452/525/449
f 425/526/423 453/527/450 428/500/426 426/528/424
f 454/529/451 427/499/425 428/500/426 453/527/450
f 456/530/452 430/501/427 402/473/401 429/531/453
f 457/532/454 431/502/428 403/474/402 430/501/427
f 458/533/455 432/503/429 404/475/403 431/502/428
f 433/505/430 405/476/404 432/503/429 459/534/456
f 434/535/431 406/504/405 433/505/430 460/536/457
f 407/479/406 434/506/431 461/537/458 435/507/432
f 436/508/433 408/480/407 435/507/432 462/538/459
f 463/539/460 437/509/434 410/482/409 436/508/433
f 464/540/461 465/541/462 438/510/435 437/509/434
f 438/510/435 465/541/462 466/542/463 389/457/387
f 411/483/410 466/542/463 467/543/464 439/511/436
f 467/543/464 468/544/465 440/512/437 439/511/436
f 469/545/466 414/546/467 470/547/468 471/548/469
f 443/516/440 472/549/470 441/513/438 416/487/414
f 442/514/439 415/515/413 441/550/438 473/551/471
f 442/514/439 474/552/472 444/517/441 417/489/415
f 420/492/418 447/520/444 475/553/473 443/516/440
f 418/490/416 444/517/441 476/554/474 445/518/442
f 446/519/443 419/491/417 445/518/442 477/555/475
f 446/519/443 478/556/476 449/522/446 423/495/421
f 421/493/419 448/521/445 479/557/477 447/520/444
f 454/529/451 480/558/478 448/521/445 427/499/425
f 450/523/447 449/522/446 481/559/479 482/560/480
f 424/496/422 452/525/449 483/561/481 451/524/448
f 425/562/423 451/563/448 484/564/482 453/565/450
f 485/566/483 452/525/449 440/512/437 468/544/465
f 454/567/451 453/565/450 484/564/482 486/568/484
f 488/569/485 456/530/452 429/531/453 455/570/486
f 456/530/452 489/571/487 457/532/454 430/501/427
f 457/532/454 490/572/488 491/573/489 431/502/428
f 458/533/455 492/574/490 459/534/456 432/503/429
f 433/505/430 459/534/456 493/575/491 460/536/457
f 434/506/431 460/576/457 494/577/492 461/537/458
f 462/538/459 435/507/432 461/537/458 495/578/493
f 463/539/460 436/508/433 462/538/459 496/579/494
f 463/539/460 497/580/495 464/540/461 437/509/434
f 498/581/496 465/541/462 464/540/461 499/582/497
f 467/543/464 466/542/463 465/541/462 498/581/496
f 467/543/464 498/581/496 500/583/498 468/544/465
f 501/584/499 469/545/466 471/548/469 450/523/447
f 443/516/440 475/553/473 504/585/500 472/549/470
f 441/550/438 472/586/470 505/587/501 473/551/471
f 442/514/439 473/551/471 506/588/502 474/552/472
f 474/552/472 507/589/503 476/554/474 444/517/441
f 479/557/477 508/590/504 475/553/473 447/520/444
f 476/554/474 509/591/505 477/555/475 445/518/442
f 446/519/443 477/555/475 510/592/506 478/556/476
f 478/556/476 511/593/507 481/559/479 449/522/446
f 480/558/478 512/594/508 479/557/477 448/521/445
f 454/529/451 486/595/484 513/596/509 480/558/478
f 514/597/510 482/560/480 481/559/479 515/598/511
f 501/584/499 450/523/447 482/560/480 502/599/512
f 485/566/483 516/600/513 483/561/481 452/525/449
f 517/601/514 484/602/482 451/524/448 483/561/481
f 485/566/483 468/544/465 500/583/498 518/603/515
f 486/568/484 484/564/482 517/604/514 519/605/516
f 520/606/517 521/607/518 488/569/485 487/608/519
f 521/607/518 489/571/487 456/530/452 488/569/485
f 457/532/454 489/571/487 522/609/520 490/572/488
f 490/572/488 523/610/521 524/611/522 491/573/489
f 458/533/455 491/573/489 524/611/522 492/574/490
f 525/612/523 493/575/491 459/534/456 492/574/490
f 493/575/491 526/613/524 494/614/492 460/536/457
f 527/615/525 495/578/493 461/537/458 494/577/492
f 496/579/494 462/538/459 495/578/493 528/616/526
f 463/539/460 496/579/494 529/617/527 497/580/495
f 464/540/461 497/580/495 530/618/528 499/582/497
f 498/581/496 499/582/497 531/619/529 500/583/498
f 534/620/530 504/585/500 475/553/473 508/590/504
f 535/621/531 505/587/501 472/586/470 504/622/500
f 536/623/532 506/588/502 473/551/471 505/587/501
f 474/552/472 506/588/502 537/624/533 507/589/503
f 538/625/534 509/591/505 476/554/474 507/589/503
f 539/626/535 508/590/504 479/557/477 512/594/508
f 540/627/536 511/593/507 478/556/476 510/592/506
f 541/628/537 515/598/511 481/559/479 511/593/507
f 480/558/478 513/596/509 542/629/538 512/594/508
f 486/568/484 519/605/516 543/630/539 513/631/509
f 514/597/510 532/632/540 502/599/512 482/560/480
f 514/597/510 515/598/511 544/633/541 545/634/542
f 517/601/514 483/561/481 516/600/513 546/635/543
f 547/636/544 518/603/515 500/583/498 531/619/529
f 548/637/545 519/605/516 517/604/514 546/638/543
f 521/607/518 550/639/546 522/609/520 489/571/487
f 551/640/547 523/610/521 490/572/488 522/609/520
f 552/641/548 553/642/549 524/611/522 523/610/521
f 525/612/523 492/574/490 524/611/522 553/642/549
f 525/612/523 554/643/550 526/613/524 493/575/491
f 527/644/525 494/614/492 526/613/524 555/645/551
f 527/615/525 556/646/552 528/616/526 495/578/493
f 529/617/527 496/579/494 528/616/526 557/647/553
f 529/617/527 558/648/554 530/618/528 497/580/495
f 530/618/528 559/649/555 531/619/529 499/582/497
f 533/650/556 503/651/557 532/652/540 560/653/558
f 534/654/530 562/655/559 535/621/531 504/622/500
f 539/626/535 563/656/560 534/620/530 508/590/504
f 535/621/531 564/657/561 536/623/532 505/587/501
f 536/623/532 565/658/562 537/624/533 506/588/502
f 566/659/563 538/625/534 507/589/503 537/624/533
f 538/625/534 567/660/564 568/661/565 509/591/505
f 539/626/535 512/594/508 542/629/538 569/662/566
f 570/663/567 541/628/537 511/593/507 540/627/536
f 540/627/536 510/592/506 509/591/505 568/661/565
f 541/628/537 571/664/568 544/633/541 515/598/511
f 543/665/539 572/666/569 542/629/538 513/596/509
f 548/637/545 573/667/570 543/630/539 519/605/516
f 514/597/510 545/634/542 560/668/558 532/632/540
f 545/634/542 544/633/541 574/669/571 575/670/572
f 546/635/543 516/600/513 576/671/573 577/672/574
f 578/673/575 518/603/515 547/636/544 579/674/576
f 547/636/544 531/619/529 559/649/555 580/675/577
f 548/676/545 546/635/543 577/672/574 581/677/578
f 520/606/517 549/678/579 582/679/580 583/680/581
f 521/607/518 583/680/581 584/681/582 550/639/546
f 551/640/547 522/609/520 550/639/546 585/682/583
f 552/641/548 523/610/521 551/640/547 586/683/584
f 552/641/548 587/684/585 588/685/586 553/642/549
f 525/612/523 553/642/549 588/685/586 554/643/550
f 589/686/587 555/645/551 526/613/524 554/643/550
f 590/687/588 556/688/552 527/644/525 555/645/551
f 557/647/553 528/616/526 556/646/552 591/689/589
f 529/617/527 557/647/553 592/690/590 558/648/554
f 593/691/591 559/649/555 530/618/528 558/648/554
f 533/650/556 560/653/558 594/692/592 561/693/593
f 534/620/530 563/656/560 596/694/594 562/695/559
f 597/696/595 564/657/561 535/621/531 562/655/559
f 539/626/535 569/662/566 598/697/596 563/656/560
f 536/623/532 564/657/561 599/698/597 565/658/562
f 566/659/563 537/624/533 565/658/562 600/699/598
f 601/700/599 567/660/564 538/625/534 566/659/563
f 602/701/600 603/702/601 568/661/565 567/660/564
f 604/703/602 569/662/566 542/629/538 572/666/569
f 570/663/567 605/704/603 571/664/568 541/628/537
f 570/663/567 540/627/536 568/661/565 603/702/601
f 571/664/568 606/705/604 574/669/571 544/633/541
f 607/706/605 572/666/569 543/665/539 573/707/570
f 548/637/545 608/708/606 609/709/607 573/667/570
f 545/634/542 575/670/572 594/710/592 560/668/558
f 610/711/608 575/670/572 574/669/571 611/712/609
f 576/671/573 578/673/575 612/713/610 577/672/574
f 613/714/611 579/674/576 547/636/544 580/675/577
f 578/673/575 579/674/576 614/715/612 612/713/610
f 593/691/591 615/716/613 580/675/577 559/649/555
f 577/672/574 612/713/610 616/717/614 581/677/578
f 618/718/615 584/681/582 583/680/581 582/679/580
f 585/682/583 550/639/546 584/681/582 619/719/616
f 620/720/617 586/683/584 551/640/547 585/682/583
f 552/641/548 586/683/584 621/721/618 587/684/585
f 622/722/619 623/723/620 588/685/586 587/684/585
f 623/723/620 589/686/587 554/643/550 588/685/586
f 590/687/588 555/645/551 589/686/587 624/724/621
f 590/687/588 625/725/622 591/726/589 556/688/552
f 557/647/553 591/689/589 626/727/623 592/690/590
f 627/728/624 593/691/591 558/648/554 592/690/590
f 628/729/625 595/730/626 561/693/593 594/692/592
f 563/656/560 598/697/596 630/731/627 596/694/594
f 597/696/595 562/655/559 596/732/594 631/733/628
f 597/696/595 632/734/629 599/698/597 564/657/561
f 604/703/602 633/735/630 598/697/596 569/662/566
f 565/658/562 599/698/597 634/736/631 600/699/598
f 601/700/599 566/659/563 600/699/598 635/737/632
f 601/700/599 636/738/633 602/701/600 567/660/564
f 602/701/600 637/739/634 638/740/635 603/702/601
f 570/663/567 603/702/601 638/740/635 605/704/603
f 571/664/568 605/704/603 639/741/636 606/705/604
f 640/742/637 611/712/609 574/669/571 606/705/604
f 607/706/605 573/707/570 609/743/607 641/744/638
f 610/711/608 628/745/625 594/710/592 575/670/572
f 642/746/639 614/715/612 579/674/576 613/714/611
f 643/747/640 613/714/611 580/675/577 615/716/613
f 616/717/614 612/713/610 614/715/612 644/748/641
f 627/728/624 645/749/642 615/716/613 593/691/591
f 581/750/578 616/751/614 646/752/643 608/708/606
f 617/753/644 647/754/645 618/718/615 582/679/580
f 648/755/646 620/720/617 585/682/583 619/719/616
f 620/720/617 649/756/647 621/721/618 586/683/584
f 650/757/648 622/722/619 587/684/585 621/721/618
f 651/758/649 652/759/650 623/723/620 622/722/619
f 652/759/650 624/724/621 589/686/587 623/723/620
f 590/687/588 624/724/621 653/760/651 625/725/622
f 654/761/652 626/762/623 591/726/589 625/725/622
f 626/727/623 655/763/653 627/728/624 592/690/590
f 628/729/625 656/764/654 629/765/655 595/730/626
f 657/766/656 630/731/627 598/697/596 633/735/630
f 596/732/594 630/767/627 658/768/657 631/733/628
f 597/696/595 631/733/628 659/769/658 632/734/629
f 660/770/659 634/736/631 599/698/597 632/734/629
f 604/703/602 661/771/660 662/772/661 633/735/630
f 635/737/632 600/699/598 634/736/631 663/773/662
f 601/700/599 635/737/632 664/774/663 636/738/633
f 602/701/600 636/738/633 665/775/664 637/739/634
f 666/776/665 638/740/635 637/739/634 667/777/666
f 605/704/603 638/740/635 666/776/665 639/741/636
f 639/741/636 668/778/667 640/742/637 606/705/604
f 669/779/668 611/712/609 640/742/637 670/780/669
f 671/781/670 672/782/671 641/744/638 609/743/607
f 673/783/672 607/706/605 641/744/638 674/784/673
f 610/785/608 675/786/674 656/764/654 628/729/625
f 676/787/675 644/748/641 614/715/612 642/746/639
f 642/746/639 613/714/611 643/747/640 677/788/676
f 643/747/640 615/716/613 645/749/642 678/789/677
f 646/790/643 616/717/614 644/748/641 679/791/678
f 680/792/679 645/749/642 627/728/624 655/763/653
f 671/793/670 608/708/606 646/752/643 681/794/680
f 618/795/615 647/796/645 683/797/681 684/798/682
f 685/799/683 649/800/647 620/801/617 648/802/646
f 686/803/684 687/804/685 648/802/646 619/805/616
f 688/806/686 650/757/648 621/721/618 649/756/647
f 651/758/649 622/722/619 650/757/648 689/807/687
f 690/808/688 652/759/650 651/758/649 691/809/689
f 653/760/651 624/724/621 652/759/650 690/808/688
f 654/761/652 625/725/622 653/760/651 692/810/690
f 654/761/652 693/811/691 655/812/653 626/762/623
f 657/813/656 694/814/692 658/768/657 630/767/627
f 657/766/656 633/735/630 662/772/661 695/815/693
f 659/769/658 631/733/628 658/768/657 696/816/694
f 660/770/659 632/734/629 659/769/658 697/817/695
f 660/770/659 698/818/696 663/773/662 634/736/631
f 699/819/697 700/820/698 662/772/661 661/771/660
f 635/737/632 663/773/662 701/821/699 664/774/663
f 636/738/633 664/774/663 702/822/700 665/775/664
f 703/823/701 667/777/666 637/739/634 665/775/664
f 666/776/665 667/777/666 704/824/702 705/825/703
f 666/776/665 705/825/703 668/778/667 639/741/636
f 640/742/637 668/778/667 706/826/704 670/780/669
f 669/779/668 670/780/669 683/797/681 707/827/705
f 671/793/670 681/794/680 708/828/706 672/829/671
f 709/830/707 674/784/673 641/744/638 672/782/671
f 699/819/697 661/771/660 673/783/672 674/784/673
f 610/711/608 669/779/668 707/827/705 675/831/674
f 676/787/675 710/832/708 679/791/678 644/748/641
f 711/833/709 676/787/675 642/746/639 677/788/676
f 643/747/640 678/789/677 712/834/710 677/788/676
f 680/792/679 713/835/711 678/789/677 645/749/642
f 681/794/680 646/752/643 679/836/678 714/837/712
f 693/811/691 715/838/713 680/839/679 655/812/653
f 707/827/705 683/797/681 647/796/645 682/840/714
f 706/826/704 684/798/682 683/797/681 670/780/669
f 688/841/686 649/800/647 685/799/683 716/842/715
f 685/799/683 648/802/646 687/804/685 717/843/716
f 706/826/704 687/804/685 686/803/684 684/798/682
f 688/806/686 718/844/717 689/807/687 650/757/648
f 719/845/718 691/809/689 651/758/649 689/807/687
f 720/846/719 690/808/688 691/809/689 721/847/720
f 692/810/690 653/760/651 690/808/688 720/846/719
f 654/761/652 692/810/690 722/848/721 693/811/691
f 657/766/656 695/815/693 723/849/722 694/850/692
f 724/851/723 696/816/694 658/768/657 694/814/692
f 725/852/724 695/815/693 662/772/661 700/820/698
f 659/769/658 696/816/694 726/853/725 697/817/695
f 660/770/659 697/817/695 727/854/726 698/818/696
f 699/819/697 728/855/727 729/856/728 700/820/698
f 701/821/699 730/857/729 702/822/700 664/774/663
f 731/858/730 703/823/701 665/775/664 702/822/700
f 732/859/731 704/824/702 667/777/666 703/823/701
f 733/860/732 705/825/703 704/824/702 734/861/733
f 733/860/732 706/826/704 668/778/667 705/825/703
f 681/794/680 714/837/712 735/862/734 708/828/706
f 708/863/706 736/864/735 709/830/707 672/782/671
f 699/819/697 674/784/673 709/830/707 728/855/727
f 711/833/709 737/865/736 710/832/708 676/787/675
f 714/837/712 679/836/678 710/866/708 738/867/737
f 739/868/738 711/833/709 677/788/676 712/834/710
f 712/834/710 678/789/677 713/835/711 740/869/739
f 715/838/713 741/870/740 713/871/711 680/839/679
f 693/811/691 722/848/721 742/872/741 715/838/713
f 743/873/742 716/842/715 685/799/683 717/843/716
f 688/841/686 716/842/715 744/874/743 718/875/717
f 733/860/732 717/843/716 687/804/685 706/826/704
f 719/876/718 689/877/687 718/875/717 745/878/744
f 719/845/718 746/879/745 721/847/720 691/809/689
f 720/846/719 721/847/720 747/880/746 748/881/747
f 692/810/690 720/846/719 748/881/747 722/848/721
f 725/852/724 749/882/748 723/849/722 695/815/693
f 724/851/723 694/814/692 723/883/722 750/884/749
f 724/851/723 751/885/750 726/853/725 696/816/694
f 725/852/724 700/820/698 729/856/728 752/886/751
f 697/817/695 726/853/725 753/887/752 727/854/726
f 754/888/753 755/889/754 698/818/696 727/854/726
f 729/856/728 728/855/727 756/890/755 757/891/756
f 701/821/699 698/818/696 755/889/754 730/857/729
f 731/858/730 702/822/700 730/857/729 758/892/757
f 732/859/731 703/823/701 731/858/730 759/893/758
f 732/859/731 760/894/759 734/861/733 704/824/702
f 733/860/732 734/861/733 743/873/742 717/843/716
f 714/837/712 738/867/737 761/895/760 735/862/734
f 762/896/761 736/897/735 708/828/706 735/862/734
f 728/855/727 709/830/707 736/864/735 756/890/755
f 739/868/738 763/898/762 737/865/736 711/833/709
f 739/868/738 712/834/710 740/869/739 764/899/763
f 765/900/764 740/901/739 713/871/711 741/870/740
f 766/902/765 741/870/740 715/838/713 742/872/741
f 767/903/766 742/872/741 722/848/721 748/881/747
f 768/904/767 744/874/743 716/842/715 743/873/742
f 718/875/717 744/874/743 769/905/768 745/878/744
f 719/845/718 745/906/744 770/907/769 746/879/745
f 771/908/770 747/880/746 721/847/720 746/879/745
f 772/909/771 767/903/766 748/881/747 747/880/746
f 725/852/724 752/886/751 773/910/772 749/882/748
f 723/883/722 749/911/748 774/912/773 750/884/749
f 724/851/723 750/884/749 775/913/774 751/885/750
f 751/885/750 776/914/775 753/887/752 726/853/725
f 729/856/728 757/891/756 777/915/776 752/886/751
f 754/888/753 727/854/726 753/887/752 778/916/777
f 754/888/753 779/917/778 780/918/779 755/889/754
f 781/919/780 757/891/756 756/890/755 782/920/781
f 758/892/757 730/857/729 755/889/754 780/918/779
f 731/858/730 758/892/757 783/921/782 759/893/758
f 732/859/731 759/893/758 784/922/783 760/894/759
f 768/904/767 743/873/742 734/861/733 760/894/759
f 785/923/784 761/924/760 738/925/737 786/926/785
f 787/927/786 788/928/787 735/862/734 761/895/760
f 762/929/761 782/920/781 756/890/755 736/864/735
f 739/868/738 764/899/763 789/930/788 763/898/762
f 790/931/789 737/865/736 763/898/762 791/932/790
f 792/933/791 764/934/763 740/901/739 765/900/764
f 766/902/765 793/935/792 765/900/764 741/870/740
f 766/902/765 742/872/741 767/903/766 794/936/793
f 768/904/767 795/937/794 769/905/768 744/874/743
f 796/938/795 770/939/769 745/878/744 769/905/768
f 771/908/770 746/879/745 770/907/769 797/940/796
f 798/941/797 772/909/771 747/880/746 771/908/770
f 794/936/793 767/903/766 772/909/771 799/942/798
f 752/886/751 777/915/776 800/943/799 773/910/772
f 774/912/773 749/911/748 773/944/772 801/945/800
f 751/885/750 775/913/774 802/946/801 776/914/775
f 803/947/802 778/916/777 753/887/752 776/914/775
f 754/888/753 778/916/777 804/948/803 779/917/778
f 805/949/804 781/919/780 782/920/781 806/950/805
f 758/892/757 780/918/779 807/951/806 783/921/782
f 808/952/807 784/922/783 759/893/758 783/921/782
f 768/904/767 760/894/759 784/922/783 795/937/794
f 787/927/786 761/895/760 785/953/784 809/954/808
f 790/931/789 810/955/809 785/923/784 786/926/785
f 787/927/786 811/956/810 806/957/805 788/928/787
f 762/929/761 788/958/787 806/950/805 782/920/781
f 792/959/791 812/960/811 789/930/788 764/899/763
f 813/961/812 791/932/790 763/898/762 789/930/788
f 790/931/789 791/932/790 814/962/813 810/955/809
f 792/933/791 765/900/764 793/935/792 815/963/814
f 766/902/765 794/936/793 816/964/815 793/935/792
f 796/938/795 769/905/768 795/937/794 817/965/816
f 796/938/795 818/966/817 797/967/796 770/939/769
f 798/941/797 771/908/770 797/940/796 819/968/818
f 798/941/797 820/969/819 799/942/798 772/909/771
f 794/936/793 799/942/798 821/970/820 816/964/815
f 777/915/776 822/971/821 823/972/822 800/943/799
f 773/944/772 800/973/799 824/974/823 801/945/800
f 825/975/824 774/912/773 801/945/800 826/976/825
f 827/977/826 828/978/827 802/946/801 775/913/774
f 803/947/802 776/914/775 802/946/801 829/979/828
f 803/947/802 830/980/829 804/948/803 778/916/777
f 831/981/830 832/982/831 779/917/778 804/948/803
f 805/949/804 833/983/832 834/984/833 781/919/780
f 805/949/804 806/950/805 811/985/810 835/986/834
f 807/951/806 836/987/835 808/952/807 783/921/782
f 808/952/807 817/965/816 795/937/794 784/922/783
f 785/923/784 810/955/809 837/988/836 809/989/808
f 787/927/786 809/954/808 838/990/837 811/956/810
f 792/933/791 815/963/814 839/991/838 812/992/811
f 812/960/811 840/993/839 813/961/812 789/930/788
f 813/961/812 841/994/840 814/962/813 791/932/790
f 842/995/841 837/988/836 810/955/809 814/962/813
f 843/996/842 815/963/814 793/935/792 816/964/815
f 796/938/795 817/965/816 844/997/843 818/966/817
f 845/998/844 819/999/818 797/967/796 818/966/817
f 798/941/797 819/968/818 846/1000/845 820/969/819
f 821/970/820 799/942/798 820/969/819 847/1001/846
f 848/1002/847 843/996/842 816/964/815 821/970/820
f 849/1003/848 850/1004/849 823/972/822 822/971/821
f 824/974/823 800/973/799 823/1005/822 851/1006/850
f 801/945/800 824/974/823 852/1007/851 826/976/825
f 825/975/824 826/976/825 853/1008/852 854/1009/853
f 825/975/824 854/1009/853 828/978/827 827/977/826
f 802/946/801 828/978/827 855/1010/854 829/979/828
f 803/947/802 829/979/828 856/1011/855 830/980/829
f 831/981/830 804/948/803 830/980/829 857/1012/856
f 831/981/830 858/1013/857 859/1014/858 832/982/831
f 834/984/833 833/983/832 849/1003/848 822/971/821
f 838/990/837 860/1015/859 835/1016/834 811/956/810
f 861/1017/860 805/949/804 835/986/834 862/1018/861
f 808/952/807 836/987/835 844/997/843 817/965/816
f 863/1019/862 838/1020/837 809/989/808 837/988/836
f 864/1021/863 839/991/838 815/963/814 843/996/842
f 812/992/811 839/991/838 865/1022/864 840/1023/839
f 866/1024/865 841/994/840 813/961/812 840/993/839
f 842/995/841 814/962/813 841/994/840 867/1025/866
f 863/1019/862 837/988/836 842/995/841 868/1026/867
f 845/998/844 818/966/817 844/997/843 859/1014/858
f 846/1027/845 819/999/818 845/998/844 869/1028/868
f 846/1000/845 870/1029/869 847/1001/846 820/969/819
f 848/1002/847 821/970/820 847/1001/846 871/1030/870
f 864/1021/863 843/996/842 848/1002/847 872/1031/871
f 849/1003/848 873/1032/872 874/1033/873 850/1004/849
f 875/1034/874 851/1035/850 823/972/822 850/1004/849
f 824/974/823 851/1006/850 876/1036/875 852/1007/851
f 826/976/825 852/1007/851 877/1037/876 853/1008/852
f 878/1038/877 879/1039/878 854/1009/853 853/1008/852
f 854/1009/853 879/1039/878 855/1010/854 828/978/827
f 855/1010/854 880/1040/879 856/1011/855 829/979/828
f 857/1012/856 830/980/829 856/1011/855 881/1041/880
f 831/981/830 857/1012/856 882/1042/881 858/1013/857
f 845/998/844 859/1014/858 858/1013/857 869/1028/868
f 844/997/843 836/987/835 832/982/831 859/1014/858
f 863/1019/862 883/1043/882 860/1044/859 838/1020/837
f 884/1045/883 862/1046/861 835/1016/834 860/1015/859
f 861/1017/860 862/1018/861 885/1047/884 886/1048/885
f 864/1021/863 887/1049/886 865/1022/864 839/991/838
f 888/1050/887 866/1051/865 840/1023/839 865/1022/864
f 866/1024/865 889/1052/888 867/1025/866 841/994/840
f 890/1053/889 868/1026/867 842/995/841 867/1025/866
f 863/1019/862 868/1026/867 891/1054/890 883/1043/882
f 846/1027/845 869/1028/868 892/1055/891 870/1056/869
f 893/1057/892 872/1031/871 848/1002/847 871/1030/870
f 864/1021/863 872/1031/871 894/1058/893 887/1049/886
f 895/1059/894 896/1060/895 874/1033/873 873/1032/872
f 897/1061/896 875/1034/874 850/1004/849 874/1033/873
f 875/1062/874 898/1063/897 876/1036/875 851/1006/850
f 852/1007/851 876/1036/875 899/1064/898 877/1037/876
f 878/1038/877 853/1008/852 877/1037/876 900/1065/899
f 855/1010/854 879/1039/878 901/1066/900 880/1040/879
f 856/1011/855 880/1040/879 902/1067/901 881/1041/880
f 903/1068/902 882/1042/881 857/1012/856 881/1041/880
f 882/1042/881 892/1055/891 869/1028/868 858/1013/857
f 884/1069/883 860/1044/859 883/1043/882 904/1070/903
f 884/1071/883 905/1072/904 885/1047/884 862/1018/861
f 886/1048/885 885/1047/884 906/1073/905 907/1074/906
f 888/1050/887 865/1022/864 887/1049/886 908/1075/907
f 888/1050/887 909/1076/908 889/1077/888 866/1051/865
f 890/1053/889 867/1025/866 889/1052/888 910/1078/909
f 890/1053/889 911/1079/910 891/1054/890 868/1026/867
f 891/1054/890 912/1080/911 904/1070/903 883/1043/882
f 871/1030/870 870/1029/869 892/1081/891 913/1082/912
f 893/1057/892 914/1083/913 894/1058/893 872/1031/871
f 893/1057/892 871/1030/870 913/1082/912 915/1084/914
f 908/1075/907 887/1049/886 894/1058/893 916/1085/915
f 917/1086/916 918/1087/917 896/1060/895 895/1059/894
f 897/1061/896 874/1033/873 896/1060/895 919/1088/918
f 886/1048/885 907/1074/906 895/1059/894 873/1032/872
f 920/1089/919 898/1063/897 875/1062/874 897/1090/896
f 921/1091/920 899/1064/898 876/1036/875 898/1063/897
f 877/1037/876 899/1064/898 922/1092/921 900/1065/899
f 878/1038/877 900/1065/899 923/1093/922 924/1094/923
f 925/1095/924 902/1067/901 880/1040/879 901/1066/900
f 903/1068/902 881/1041/880 902/1067/901 926/1096/925
f 903/1068/902 913/1097/912 892/1055/891 882/1042/881
f 884/1069/883 904/1070/903 927/1098/926 905/1099/904
f 928/1100/927 907/1074/906 906/1073/905 929/1101/928
f 888/1050/887 908/1075/907 930/1102/929 909/1076/908
f 909/1076/908 931/1103/930 910/1104/909 889/1077/888
f 890/1053/889 910/1078/909 932/1105/931 911/1079/910
f 891/1054/890 911/1079/910 933/1106/932 912/1080/911
f 934/1107/933 927/1098/926 904/1070/903 912/1080/911
f 893/1057/892 915/1084/914 935/1108/934 914/1083/913
f 936/1109/935 916/1085/915 894/1058/893 914/1083/913
f 915/1110/914 913/1097/912 903/1068/902 926/1096/925
f 908/1075/907 916/1085/915 937/1111/936 930/1102/929
f 917/1086/916 938/1112/937 939/1113/938 918/1087/917
f 919/1088/918 896/1060/895 918/1087/917 940/1114/939
f 928/1100/927 917/1086/916 895/1059/894 907/1074/906
f 920/1089/919 897/1090/896 919/1115/918 941/1116/940
f 920/1089/919 942/1117/941 921/1091/920 898/1063/897
f 921/1091/920 943/1118/942 922/1092/921 899/1064/898
f 923/1093/922 900/1065/899 922/1092/921 944/1119/943
f 923/1093/922 945/1120/944 946/1121/945 924/1094/923
f 878/1038/877 924/1094/923 925/1095/924 901/1066/900
f 947/1122/946 926/1096/925 902/1067/901 925/1095/924
f 948/1123/947 929/1101/928 906/1073/905 949/1124/948
f 928/1100/927 929/1101/928 950/1125/949 951/1126/950
f 909/1076/908 930/1102/929 952/1127/951 931/1103/930
f 953/1128/952 932/1129/931 910/1104/909 931/1103/930
f 933/1106/932 911/1079/910 932/1105/931 954/1130/953
f 934/1107/933 912/1080/911 933/1106/932 955/1131/954
f 956/1132/955 949/1133/948 927/1098/926 934/1107/933
f 915/1110/914 926/1096/925 947/1122/946 935/1134/934
f 936/1109/935 914/1083/913 935/1108/934 957/1135/956
f 936/1109/935 958/1136/957 937/1111/936 916/1085/915
f 952/1127/951 930/1102/929 937/1111/936 959/1137/958
f 928/1100/927 951/1126/950 938/1112/937 917/1086/916
f 960/1138/959 961/1139/960 939/1113/938 938/1112/937
f 962/1140/961 940/1114/939 918/1087/917 939/1113/938
f 941/1116/940 919/1115/918 940/1141/939 963/1142/962
f 920/1089/919 941/1116/940 964/1143/963 942/1117/941
f 921/1091/920 942/1117/941 965/1144/964 943/1118/942
f 966/1145/965 944/1119/943 922/1092/921 943/1118/942
f 923/1093/922 944/1119/943 967/1146/966 945/1120/944
f 957/1147/956 946/1121/945 945/1120/944 968/1148/967
f 924/1094/923 946/1121/945 947/1122/946 925/1095/924
f 948/1123/947 969/1149/968 950/1125/949 929/1101/928
f 956/1132/955 970/1150/969 948/1151/947 949/1133/948
f 971/1152/970 951/1126/950 950/1125/949 972/1153/971
f 953/1128/952 931/1103/930 952/1127/951 973/1154/972
f 953/1128/952 974/1155/973 954/1156/953 932/1129/931
f 933/1106/932 954/1130/953 975/1157/974 955/1131/954
f 956/1132/955 934/1107/933 955/1131/954 976/1158/975
f 935/1134/934 947/1122/946 946/1121/945 957/1147/956
f 936/1109/935 957/1135/956 968/1159/967 958/1136/957
f 977/1160/976 959/1137/958 937/1111/936 958/1136/957
f 952/1127/951 959/1137/958 978/1161/977 973/1154/972
f 960/1138/959 938/1112/937 951/1126/950 971/1152/970
f 960/1138/959 979/1162/978 980/1163/979 961/1139/960
f 962/1140/961 939/1113/938 961/1139/960 981/1164/980
f 962/1165/961 982/1166/981 963/1142/962 940/1141/939
f 942/1117/941 964/1143/963 983/1167/982 965/1144/964
f 966/1145/965 943/1118/942 965/1144/964 984/1168/983
f 985/1169/984 967/1146/966 944/1119/943 966/1145/965
f 945/1120/944 967/1146/966 986/1170/985 968/1148/967
f 948/1151/947 970/1150/969 987/1171/986 969/1172/968
f 972/1153/971 950/1125/949 969/1149/968 988/1173/987
f 956/1132/955 976/1158/975 989/1174/988 970/1150/969
f 971/1152/970 972/1153/971 990/1175/989 991/1176/990
f 953/1128/952 973/1154/972 992/1177/991 974/1155/973
f 954/1156/953 974/1155/973 993/1178/992 975/1179/974
f 994/1180/993 976/1158/975 955/1131/954 975/1157/974
f 977/1160/976 958/1136/957 968/1159/967 986/1181/985
f 977/1160/976 995/1182/994 978/1161/977 959/1137/958
f 992/1177/991 973/1154/972 978/1161/977 996/1183/995
f 960/1138/959 971/1152/970 991/1176/990 979/1162/978
f 997/1184/996 998/1185/997 980/1163/979 979/1162/978
f 999/1186/998 981/1164/980 961/1139/960 980/1163/979
f 962/1165/961 981/1187/980 1000/1188/999 982/1166/981
f 963/1142/962 982/1166/981 1001/1189/1000 1002/1190/1001
f 983/1167/982 1003/1191/1002 984/1168/983 965/1144/964
f 985/1169/984 966/1145/965 984/1168/983 1004/1192/1003
f 1005/1193/1004 986/1170/985 967/1146/966 985/1169/984
f 987/1171/986 970/1150/969 989/1174/988 1006/1194/1005
f 987/1171/986 1007/1195/1006 988/1196/987 969/1172/968
f 1008/1197/1007 990/1198/989 972/1199/971 988/1196/987
f 989/1174/988 976/1158/975 994/1180/993 1009/1200/1008
f 1010/1201/1009 991/1176/990 990/1175/989 1011/1202/1010
f 992/1177/991 1012/1203/1011 993/1178/992 974/1155/973
f 993/1178/992 1013/1204/1012 994/1205/993 975/1179/974
f 1005/1206/1004 995/1182/994 977/1160/976 986/1181/985
f 1014/1207/1013 996/1183/995 978/1161/977 995/1182/994
f 1015/1208/1014 1012/1203/1011 992/1177/991 996/1183/995
f 1010/1201/1009 997/1184/996 979/1162/978 991/1176/990
f 997/1184/996 1016/1209/1015 1017/1210/1016 998/1185/997
f 999/1186/998 980/1163/979 998/1185/997 1018/1211/1017
f 1019/1212/1018 1000/1188/999 981/1187/980 999/1213/998
f 1020/1214/1019 1001/1189/1000 982/1166/981 1000/1188/999
f 1021/1215/1020 1022/1216/1021 1002/1190/1001 1001/1189/1000
f 983/1167/982 1002/1190/1001 1022/1216/1021 1003/1191/1002
f 1023/1217/1022 1004/1192/1003 984/1168/983 1003/1191/1002
f 1005/1206/1004 985/1218/984 1004/1219/1003 1024/1220/1023
f 1025/1221/1024 1006/1194/1005 989/1174/988 1009/1200/1008
f 1026/1222/1025 1007/1195/1006 987/1171/986 1006/1194/1005
f 1008/1197/1007 988/1196/987 1007/1195/1006 1027/1223/1026
f 1008/1197/1007 1028/1224/1027 1011/1225/1010 990/1198/989
f 1029/1226/1028 1009/1227/1008 994/1205/993 1013/1204/1012
f 1010/1201/1009 1011/1202/1010 1030/1228/1029 1031/1229/1030
f 993/1178/992 1012/1203/1011 1032/1230/1031 1013/1204/1012
f 1005/1206/1004 1024/1220/1023 1014/1207/1013 995/1182/994
f 1033/1231/1032 1032/1230/1031 1012/1203/1011 1015/1208/1014
f 1010/1201/1009 1031/1229/1030 1016/1209/1015 997/1184/996
f 1034/1232/1033 1035/1233/1034 1017/1210/1016 1016/1209/1015
f 1036/1234/1035 1018/1211/1017 998/1185/997 1017/1210/1016
f 1019/1212/1018 999/1213/998 1018/1235/1017 1037/1236/1036
f 1020/1214/1019 1000/1188/999 1019/1212/1018 1038/1237/1037
f 1020/1214/1019 1039/1238/1038 1021/1215/1020 1001/1189/1000
f 1021/1215/1020 1040/1239/1039 1041/1240/1040 1022/1216/1021
f 1023/1217/1022 1003/1191/1002 1022/1216/1021 1041/1240/1040
f 1023/1217/1022 1042/1241/1041 1024/1242/1023 1004/1192/1003
f 1026/1222/1025 1006/1194/1005 1025/1221/1024 1043/1243/1042
f 1029/1226/1028 1044/1244/1043 1025/1245/1024 1009/1227/1008
f 1026/1222/1025 1045/1246/1044 1027/1223/1026 1007/1195/1006
f 1046/1247/1045 1028/1224/1027 1008/1197/1007 1027/1223/1026
f 1030/1248/1029 1011/1225/1010 1028/1224/1027 1047/1249/1046
f 1029/1226/1028 1013/1204/1012 1032/1230/1031 1048/1250/1047
f 1049/1251/1048 1031/1229/1030 1030/1228/1029 1050/1252/1049
f 1042/1253/1041 1015/1208/1014 1014/1207/1013 1024/1220/1023
f 1033/1231/1032 1051/1254/1050 1048/1250/1047 1032/1230/1031
f 1052/1255/1051 1033/1231/1032 1015/1208/1014 1042/1253/1041
f 1034/1232/1033 1016/1209/1015 1031/1229/1030 1049/1251/1048
f 1034/1232/1033 1053/1256/1052 1054/1257/1053 1035/1233/1034
f 1036/1234/1035 1017/1210/1016 1035/1233/1034 1055/1258/1054
f 1036/1259/1035 1056/1260/1055 1037/1236/1036 1018/1235/1017
f 1057/1261/1056 1038/1237/1037 1019/1212/1018 1037/1236/1036
f 1020/1214/1019 1038/1237/1037 1058/1262/1057 1039/1238/1038
f 1021/1215/1020 1039/1238/1038 1059/1263/1058 1040/1239/1039
f 1052/1255/1051 1041/1264/1040 1040/1265/1039 1060/1266/1059
f 1023/1217/1022 1041/1240/1040 1052/1267/1051 1042/1241/1041
f 1061/1268/1060 1043/1269/1042 1025/1245/1024 1044/1244/1043
f 1026/1222/1025 1043/1243/1042 1062/1270/1061 1045/1246/1044
f 1029/1226/1028 1048/1250/1047 1063/1271/1062 1044/1244/1043
f 1046/1247/1045 1027/1223/1026 1045/1246/1044 1064/1272/1063
f 1065/1273/1064 1047/1249/1046 1028/1224/1027 1046/1247/1045
f 1066/1274/1065 1050/1275/1049 1030/1248/1029 1047/1249/1046
f 1049/1251/1048 1050/1252/1049 1067/1276/1066 1068/1277/1067
f 1052/1255/1051 1060/1266/1059 1051/1254/1050 1033/1231/1032
f 1051/1254/1050 1069/1278/1068 1063/1271/1062 1048/1250/1047
f 1034/1232/1033 1049/1251/1048 1068/1277/1067 1053/1256/1052
f 1070/1279/1069 1054/1257/1053 1053/1256/1052 1071/1280/1070
f 1055/1258/1054 1035/1233/1034 1054/1257/1053 1072/1281/1071
f 1036/1259/1035 1055/1282/1054 1073/1283/1072 1056/1260/1055
f 1074/1284/1073 1057/1261/1056 1037/1236/1036 1056/1260/1055
f 1057/1261/1056 1075/1285/1074 1058/1262/1057 1038/1237/1037
f 1076/1286/1075 1077/1287/1076 1039/1238/1038 1058/1262/1057
f 1060/1266/1059 1040/1265/1039 1059/1288/1058 1078/1289/1077
f 1061/1268/1060 1079/1290/1078 1062/1291/1061 1043/1269/1042
f 1061/1268/1060 1044/1244/1043 1063/1271/1062 1080/1292/1079
f 1045/1246/1044 1062/1270/1061 1081/1293/1080 1064/1272/1063
f 1065/1273/1064 1046/1247/1045 1064/1272/1063 1082/1294/1081
f 1066/1274/1065 1047/1249/1046 1065/1273/1064 1083/1295/1082
f 1066/1274/1065 1084/1296/1083 1067/1297/1066 1050/1275/1049
f 1085/1298/1084 1068/1277/1067 1067/1276/1066 1086/1299/1085
f 1060/1266/1059 1078/1289/1077 1069/1278/1068 1051/1254/1050
f 1080/1292/1079 1063/1271/1062 1069/1278/1068 1087/1300/1086
f 1085/1298/1084 1071/1280/1070 1053/1256/1052 1068/1277/1067
f 1070/1279/1069 1088/1301/1087 1072/1281/1071 1054/1257/1053
f 1055/1302/1054 1072/1303/1071 1089/1304/1088 1073/1305/1072
f 1074/1284/1073 1056/1260/1055 1073/1283/1072 1090/1306/1089
f 1074/1284/1073 1091/1307/1090 1075/1285/1074 1057/1261/1056
f 1076/1286/1075 1058/1262/1057 1075/1285/1074 1092/1308/1091
f 1093/1309/1092 1077/1310/1076 1076/1311/1075 1094/1312/1093
f 1093/1309/1092 1078/1289/1077 1059/1288/1058 1077/1310/1076
f 1061/1268/1060 1080/1292/1079 1095/1313/1094 1079/1290/1078
f 1062/1291/1061 1079/1290/1078 1096/1314/1095 1081/1315/1080
f 1082/1294/1081 1064/1272/1063 1081/1293/1080 1097/1316/1096
f 1065/1273/1064 1082/1294/1081 1098/1317/1097 1083/1295/1082
f 1066/1274/1065 1083/1295/1082 1099/1318/1098 1084/1296/1083
f 1084/1296/1083 1100/1319/1099 1086/1320/1085 1067/1297/1066
f 1093/1309/1092 1087/1300/1086 1069/1278/1068 1078/1289/1077
f 1095/1313/1094 1080/1292/1079 1087/1300/1086 1101/1321/1100
f 1085/1298/1084 1102/1322/1101 1103/1323/1102 1071/1280/1070
f 1104/1324/1103 1088/1301/1087 1070/1279/1069 1105/1325/1104
f 1106/1326/1105 1089/1304/1088 1072/1303/1071 1107/1327/1106
f 1089/1328/1088 1108/1329/1107 1090/1306/1089 1073/1283/1072
f 1074/1284/1073 1090/1306/1089 1109/1330/1108 1091/1307/1090
f 1075/1285/1074 1091/1307/1090 1110/1331/1109 1092/1308/1091
f 1076/1311/1075 1092/1332/1091 1111/1333/1110 1094/1312/1093
f 1093/1309/1092 1094/1312/1093 1101/1321/1100 1087/1300/1086
f 1095/1313/1094 1112/1334/1111 1096/1314/1095 1079/1290/1078
f 1113/1335/1112 1081/1315/1080 1096/1314/1095 1114/1336/1113
f 1115/1337/1114 1098/1317/1097 1082/1294/1081 1097/1316/1096
f 1083/1295/1082 1098/1317/1097 1116/1338/1115 1099/1318/1098
f 1084/1296/1083 1099/1318/1098 1117/1339/1116 1100/1319/1099
f 1118/1340/1117 1086/1320/1085 1100/1319/1099 1119/1341/1118
f 1120/1342/1119 1112/1334/1111 1095/1313/1094 1101/1321/1100
f 1121/1343/1120 1122/1344/1121 1103/1323/1102 1102/1322/1101
f 1104/1345/1103 1123/1346/1122 1107/1327/1106 1088/1347/1087
f 1124/1348/1123 1104/1324/1103 1105/1325/1104 1125/1349/1124
f 1106/1350/1105 1126/1351/1125 1108/1329/1107 1089/1328/1088
f 1106/1326/1105 1107/1327/1106 1123/1346/1122 1127/1352/1126
f 1109/1330/1108 1090/1306/1089 1108/1329/1107 1128/1353/1127
f 1109/1330/1108 1129/1354/1128 1110/1331/1109 1091/1307/1090
f 1092/1332/1091 1110/1355/1109 1130/1356/1129 1111/1333/1110
f 1120/1342/1119 1101/1321/1100 1094/1312/1093 1111/1333/1110
f 1112/1334/1111 1131/1357/1130 1114/1336/1113 1096/1314/1095
f 1132/1358/1131 1113/1335/1112 1114/1336/1113 1133/1359/1132
f 1115/1337/1114 1134/1360/1133 1116/1338/1115 1098/1317/1097
f 1115/1337/1114 1097/1316/1096 1113/1361/1112 1132/1362/1131
f 1135/1363/1134 1117/1339/1116 1099/1318/1098 1116/1338/1115
f 1136/1364/1135 1119/1341/1118 1100/1319/1099 1117/1339/1116
f 1118/1340/1117 1119/1341/1118 1137/1365/1136 1138/1366/1137
f 1120/1342/1119 1139/1367/1138 1131/1357/1130 1112/1334/1111
f 1121/1368/1120 1140/1369/1139 1141/1370/1140 1122/1371/1121
f 1121/1343/1120 1102/1322/1101 1142/1372/1141 1143/1373/1142
f 1124/1374/1123 1144/1375/1143 1123/1346/1122 1104/1345/1103
f 1124/1348/1123 1125/1349/1124 1145/1376/1144 1146/1377/1145
f 1125/1349/1124 1103/1323/1102 1147/1378/1146 1145/1376/1144
f 1106/1326/1105 1127/1352/1126 1148/1379/1147 1126/1380/1125
f 1128/1353/1127 1108/1329/1107 1126/1351/1125 1149/1381/1148
f 1150/1382/1149 1127/1352/1126 1123/1346/1122 1144/1375/1143
f 1109/1330/1108 1128/1353/1127 1151/1383/1150 1129/1354/1128
f 1152/1384/1151 1130/1356/1129 1110/1355/1109 1129/1385/1128
f 1120/1342/1119 1111/1333/1110 1130/1356/1129 1139/1367/1138
f 1133/1359/1132 1114/1336/1113 1131/1357/1130 1153/1386/1152
f 1154/1387/1153 1132/1358/1131 1133/1359/1132 1155/1388/1154
f 1115/1337/1114 1132/1362/1131 1154/1389/1153 1134/1360/1133
f 1135/1363/1134 1116/1338/1115 1134/1360/1133 1156/1390/1155
f 1136/1364/1135 1117/1339/1116 1135/1363/1134 1157/1391/1156
f 1136/1364/1135 1158/1392/1157 1159/1393/1158 1119/1341/1118
f 1118/1394/1117 1138/1395/1137 1143/1373/1142 1142/1372/1141
f 1139/1367/1138 1160/1396/1159 1153/1386/1152 1131/1357/1130
f 1121/1343/1120 1143/1373/1142 1161/1397/1160 1140/1398/1139
f 1162/1399/1161 1141/1370/1140 1140/1369/1139 1163/1400/1162
f 1122/1371/1121 1141/1370/1140 1164/1401/1163 1147/1402/1146
f 1124/1374/1123 1146/1403/1145 1165/1404/1164 1144/1375/1143
f 1146/1405/1145 1145/1406/1144 1166/1407/1165 1167/1408/1166
f 1145/1406/1144 1147/1402/1146 1164/1401/1163 1166/1407/1165
f 1168/1409/1167 1148/1410/1147 1127/1411/1126 1150/1412/1149
f 1149/1381/1148 1126/1351/1125 1148/1410/1147 1169/1413/1168
f 1151/1383/1150 1128/1353/1127 1149/1381/1148 1170/1414/1169
f 1171/1415/1170 1150/1412/1149 1144/1416/1143 1165/1417/1164
f 1151/1418/1150 1172/1419/1171 1152/1384/1151 1129/1385/1128
f 1152/1384/1151 1160/1396/1159 1139/1367/1138 1130/1356/1129
f 1155/1388/1154 1133/1359/1132 1153/1386/1152 1173/1420/1172
f 1154/1387/1153 1155/1388/1154 1174/1421/1173 1175/1422/1174
f 1134/1360/1133 1154/1389/1153 1175/1423/1174 1156/1390/1155
f 1176/1424/1175 1157/1391/1156 1135/1363/1134 1156/1390/1155
f 1177/1425/1176 1158/1392/1157 1136/1364/1135 1157/1391/1156
f 1158/1392/1157 1178/1426/1177 1179/1427/1178 1159/1393/1158
f 1180/1428/1179 1161/1429/1160 1143/1430/1142 1138/1366/1137
f 1181/1431/1180 1173/1420/1172 1153/1386/1152 1160/1396/1159
f 1161/1397/1160 1182/1432/1181 1163/1433/1162 1140/1398/1139
f 1162/1399/1161 1183/1434/1182 1164/1401/1163 1141/1370/1140
f 1162/1435/1161 1163/1433/1162 1184/1436/1183 1185/1437/1184
f 1186/1438/1185 1165/1417/1164 1146/1439/1145 1187/1440/1186
f 1188/1441/1187 1167/1408/1166 1166/1407/1165 1189/1442/1188
f 1183/1434/1182 1189/1442/1188 1166/1407/1165 1164/1401/1163
f 1168/1409/1167 1190/1443/1189 1169/1413/1168 1148/1410/1147
f 1191/1444/1190 1170/1414/1169 1149/1381/1148 1169/1413/1168
f 1151/1383/1150 1170/1414/1169 1192/1445/1191 1172/1446/1171
f 1186/1438/1185 1193/1447/1192 1171/1415/1170 1165/1417/1164
f 1181/1431/1180 1160/1396/1159 1152/1384/1151 1172/1419/1171
f 1174/1421/1173 1155/1388/1154 1173/1420/1172 1194/1448/1193
f 1195/1449/1194 1196/1450/1195 1175/1422/1174 1174/1421/1173
f 1176/1424/1175 1156/1390/1155 1175/1423/1174 1196/1451/1195
f 1176/1424/1175 1197/1452/1196 1177/1425/1176 1157/1391/1156
f 1198/1453/1197 1178/1454/1177 1158/1455/1157 1177/1456/1176
f 1199/1457/1198 1179/1458/1178 1178/1454/1177 1200/1459/1199
f 1179/1427/1178 1201/1460/1200 1137/1365/1136 1159/1393/1158
f 1180/1428/1179 1202/1461/1201 1182/1462/1181 1161/1429/1160
f 1181/1431/1180 1203/1463/1202 1194/1448/1193 1173/1420/1172
f 1163/1433/1162 1182/1432/1181 1204/1464/1203 1184/1436/1183
f 1162/1435/1161 1185/1437/1184 1205/1465/1204 1183/1466/1182
f 1185/1437/1184 1184/1436/1183 1206/1467/1205 1207/1468/1206
f 1186/1438/1185 1187/1440/1186 1208/1469/1207 1209/1470/1208
f 1208/1469/1207 1187/1440/1186 1167/1471/1166 1188/1472/1187
f 1188/1472/1187 1189/1473/1188 1210/1474/1209 1211/1475/1210
f 1183/1466/1182 1205/1465/1204 1210/1476/1209 1189/1477/1188
f 1168/1409/1167 1212/1478/1211 1213/1479/1212 1190/1443/1189
f 1190/1443/1189 1214/1480/1213 1191/1444/1190 1169/1413/1168
f 1191/1444/1190 1215/1481/1214 1192/1445/1191 1170/1414/1169
f 1181/1431/1180 1172/1419/1171 1192/1482/1191 1203/1463/1202
f 1186/1438/1185 1209/1470/1208 1216/1483/1215 1193/1447/1192
f 1171/1415/1170 1193/1447/1192 1217/1484/1216 1218/1485/1217
f 1195/1449/1194 1174/1421/1173 1194/1448/1193 1219/1486/1218
f 1195/1449/1194 1220/1487/1219 1221/1488/1220 1196/1450/1195
f 1198/1453/1197 1222/1489/1221 1200/1459/1199 1178/1454/1177
f 1199/1457/1198 1223/1490/1222 1201/1491/1200 1179/1458/1178
f 1224/1492/1223 1199/1457/1198 1200/1459/1199 1225/1493/1224
f 1180/1428/1179 1226/1494/1225 1227/1495/1226 1202/1461/1201
f 1182/1462/1181 1202/1461/1201 1228/1496/1227 1204/1497/1203
f 1219/1486/1218 1194/1448/1193 1203/1463/1202 1229/1498/1228
f 1205/1465/1204 1185/1437/1184 1207/1468/1206 1230/1499/1229
f 1231/1500/1230 1232/1501/1231 1207/1502/1206 1206/1503/1205
f 1209/1470/1208 1208/1469/1207 1233/1504/1232 1234/1505/1233
f 1208/1469/1207 1188/1472/1187 1211/1475/1210 1233/1504/1232
f 1230/1506/1229 1235/1507/1234 1211/1475/1210 1210/1474/1209
f 1212/1478/1211 1236/1508/1235 1237/1509/1236 1213/1479/1212
f 1238/1510/1237 1191/1444/1190 1214/1480/1213 1239/1511/1238
f 1216/1483/1215 1209/1470/1208 1234/1505/1233 1240/1512/1239
f 1217/1484/1216 1236/1508/1235 1212/1478/1211 1218/1485/1217
f 1195/1449/1194 1219/1486/1218 1241/1513/1240 1220/1487/1219
f 1222/1489/1221 1242/1514/1241 1225/1493/1224 1200/1459/1199
f 1224/1492/1223 1243/1515/1242 1223/1490/1222 1199/1457/1198
f 1227/1516/1226 1201/1491/1200 1223/1490/1222 1244/1517/1243
f 1224/1492/1223 1225/1493/1224 1245/1518/1244 1246/1519/1245
f 1227/1516/1226 1244/1517/1243 1228/1520/1227 1202/1521/1201
f 1231/1500/1230 1206/1503/1205 1204/1522/1203 1228/1520/1227
f 1219/1486/1218 1229/1498/1228 1247/1523/1246 1241/1513/1240
f 1207/1502/1206 1232/1501/1231 1235/1524/1234 1230/1525/1229
f 1231/1500/1230 1248/1526/1247 1249/1527/1248 1232/1501/1231
f 1250/1528/1249 1234/1529/1233 1233/1530/1232 1251/1531/1250
f 1233/1530/1232 1211/1532/1210 1235/1524/1234 1251/1531/1250
f 1252/1533/1251 1237/1509/1236 1236/1508/1235 1253/1534/1252
f 1239/1511/1238 1214/1480/1213 1213/1479/1212 1237/1509/1236
f 1238/1510/1237 1239/1511/1238 1254/1535/1253 1255/1536/1254
f 1250/1528/1249 1256/1537/1255 1240/1538/1239 1234/1529/1233
f 1217/1484/1216 1257/1539/1256 1253/1534/1252 1236/1508/1235
f 1258/1540/1257 1259/1541/1258 1220/1542/1219 1241/1543/1240
f 1260/1544/1259 1261/1545/1260 1242/1514/1241 1222/1489/1221
f 1262/1546/1261 1245/1518/1244 1225/1493/1224 1242/1514/1241
f 1224/1492/1223 1246/1519/1245 1263/1547/1262 1243/1515/1242
f 1244/1517/1243 1223/1490/1222 1243/1515/1242 1248/1526/1247
f 1256/1537/1255 1246/1519/1245 1245/1518/1244 1264/1548/1263
f 1231/1500/1230 1228/1520/1227 1244/1517/1243 1248/1526/1247
f 1255/1549/1254 1247/1523/1246 1229/1498/1228 1265/1550/1264
f 1258/1551/1257 1241/1513/1240 1247/1523/1246 1266/1552/1265
f 1251/1531/1250 1235/1524/1234 1232/1501/1231 1249/1527/1248
f 1263/1547/1262 1249/1527/1248 1248/1526/1247 1243/1515/1242
f 1250/1528/1249 1251/1531/1250 1249/1527/1248 1263/1547/1262
f 1252/1533/1251 1254/1535/1253 1239/1511/1238 1237/1509/1236
f 1267/1553/1266 1252/1554/1251 1253/1555/1252 1268/1556/1267
f 1255/1549/1254 1254/1557/1253 1266/1552/1265 1247/1523/1246
f 1238/1558/1237 1255/1549/1254 1265/1550/1264 1215/1559/1214
f 1250/1528/1249 1263/1547/1262 1246/1519/1245 1256/1537/1255
f 1256/1537/1255 1264/1548/1263 1257/1560/1256 1240/1538/1239
f 1268/1556/1267 1253/1555/1252 1257/1560/1256 1264/1548/1263
f 1258/1540/1257 1269/1561/1268 1261/1545/1260 1259/1541/1258
f 1262/1546/1261 1242/1514/1241 1261/1545/1260 1269/1561/1268
f 1262/1546/1261 1268/1556/1267 1264/1548/1263 1245/1518/1244
f 1267/1553/1266 1269/1561/1268 1258/1540/1257 1266/1562/1265
f 1267/1553/1266 1266/1562/1265 1254/1563/1253 1252/1554/1251
f 1267/1553/1266 1268/1556/1267 1262/1546/1261 1269/1561/1268
f 71/79/69 89/97/86 107/121/105
f 139/157/139 165/187/164 145/162/144
f 135/151/133 180/206/179 154/173/153
f 151/170/150 172/196/171 213/248/213 191/221/191 170/194/169
f 167/189/166 188/218/188 229/264/228 216/251/216 174/198/173
f 191/221/191 213/248/213 210/244/210
f 204/237/204 247/287/247 225/260/224
f 268/331/267 288/365/285 309/361/308
f 300/350/299 321/378/321 365/429/365 342/433/340 301/351/300
f 309/361/308 331/390/330 373/439/372 347/406/345 310/362/309
f 319/376/319 362/426/362 340/399/338
f 328/387/328 376/442/375 351/412/350
f 361/425/361 409/481/408 438/510/435 389/457/387 362/426/362
f 351/412/350 376/442/375 470/547/468 414/546/467 368/1564/1269
f 376/442/375 377/443/376 422/494/420 471/548/469 470/547/468
f 352/413/351 378/444/377 426/1565/424 428/1566/426 379/1567/378
f 364/428/364 391/459/389 366/430/366
f 389/457/387 466/542/463 411/483/410
f 422/494/420 450/523/447 471/548/469
f 431/502/428 491/573/489 458/533/455
f 477/555/475 509/591/505 510/592/506
f 485/566/483 518/603/515 578/673/575 576/671/573 516/600/513
f 520/606/517 583/680/581 521/607/518
f 548/637/545 581/750/578 608/708/606
f 572/666/569 607/706/605 673/783/672 661/771/660 604/703/602
f 608/708/606 671/793/670 609/709/607
f 610/711/608 611/712/609 669/779/668
f 584/681/582 618/718/615 684/1568/682 686/1569/684 619/719/616
f 663/773/662 698/818/696 701/821/699
f 710/832/708 737/865/736 790/931/789 786/926/785 738/925/737
f 735/862/734 788/928/787 762/896/761
f 750/884/749 774/912/773 825/975/824 827/977/826 775/913/774
f 757/891/756 781/919/780 834/984/833 822/971/821 777/915/776
f 779/917/778 832/982/831 836/987/835 807/951/806 780/918/779
f 805/949/804 861/1017/860 833/983/832
f 833/983/832 861/1017/860 886/1048/885 873/1032/872 849/1003/848
f 847/1001/846 870/1029/869 871/1030/870
f 878/1038/877 901/1066/900 879/1039/878
f 885/1570/884 905/1099/904 927/1098/926 949/1133/948 906/1571/905
f 941/1116/940 963/1142/962 1002/1190/1001 983/1167/982 964/1143/963
f 996/1183/995 1014/1207/1013 1015/1208/1014
f 1039/1238/1038 1077/1287/1076 1059/1263/1058
f 1070/1279/1069 1071/1280/1070 1103/1323/1102 1125/1349/1124 1105/1325/1104
f 1085/1298/1084 1086/1299/1085 1118/1394/1117 1142/1372/1141 1102/1322/1101
f 1072/1303/1071 1088/1347/1087 1107/1327/1106
f 1081/1293/1080 1113/1361/1112 1097/1316/1096
f 1103/1323/1102 1122/1344/1121 1147/1378/1146
f 1119/1341/1118 1159/1393/1158 1137/1365/1136
f 1137/1365/1136 1201/1460/1200 1226/1494/1225 1180/1428/1179 1138/1366/1137
f 1146/1405/1145 1167/1408/1166 1187/1572/1186
f 1150/1412/1149 1171/1415/1170 1218/1485/1217 1212/1478/1211 1168/1409/1167
f 1176/1573/1175 1196/1450/1195 1221/1488/1220 1270/1574/1270 1197/1575/1196
f 1177/1456/1176 1197/1576/1196 1260/1544/1259 1222/1489/1221 1198/1453/1197
f 1201/1460/1200 1227/1495/1226 1226/1494/1225
f 1184/1436/1183 1204/1464/1203 1206/1467/1205
f 1205/1465/1204 1230/1499/1229 1210/1476/1209
f 1190/1443/1189 1213/1479/1212 1214/1480/1213
f 1191/1444/1190 1238/1510/1237 1215/1481/1214
f 1192/1482/1191 1215/1559/1214 1265/1550/1264 1229/1498/1228 1203/1463/1202
f 1193/1447/1192 1216/1483/1215 1240/1512/1239 1257/1539/1256 1217/1484/1216
f 1220/1542/1219 1259/1541/1258 1221/1577/1220
f 1197/1576/1196 1270/1578/1270 1260/1544/1259
f 1221/1577/1220 1259/1541/1258 1261/1545/1260 1260/1544/1259 1270/1578/1270
f 1/3/3 7/2/2 10/11/11 2/10/10 9/27/9 17/26/25 27/39/35 16/38/34 26/41/37 31/48/43 45/66/59 60/85/75 77/105/93 96/131/115 117/154/136 138/179/137 159/202/158 177/203/176 197/277/197 219/276/239 239/275/238 261/301/260 267/309/266 308/360/307 307/359/306 329/411/349 351/412/350 368/1564/1269 414/546/467 469/545/466 501/584/499 502/599/512 532/652/540 503/651/557 533/650/556 561/693/593 595/730/626 629/765/655 656/764/654 675/831/674 707/827/705 682/840/714 647/754/645 617/753/644 582/679/580 549/678/579 520/606/517 487/608/519 488/569/485 455/570/486 429/531/453 402/473/401 381/472/400 354/417/354 332/416/353 316/372/315 293/373/316 272/339/290 249/342/292 271/335/286 248/288/248 227/262/226 206/240/206 202/235/202 183/211/183 161/210/182 140/183/160 119/156/138 98/133/117 79/106/94 62/108/96 78/90/80 61/72/64 46/55/49 32/54/48 34/32/29 20/14/14 3/13/13 11/16/16 4/19/19 12/21/18 5/20/20 13/6/6 6/5/5 8/4/4
