# Blender 4.5.2 LTS
# www.blender.org
mtllib pataD_left.mtl
o pataD_left
v 0.219417 3.116470 2.877709
v 0.286490 3.102740 2.905039
v 0.352009 3.092410 2.941339
v 0.224518 3.052430 2.826939
v 0.566732 3.257630 3.039909
v 0.423456 3.090940 2.973189
v 0.638572 3.345620 3.062019
v 0.293537 3.027700 2.869439
v 0.351070 3.010500 2.923289
v 0.217104 2.997570 2.765309
v 0.574161 3.180770 3.019819
v 0.500841 3.095260 2.992339
v 0.646971 3.268860 3.040379
v 0.425543 3.010310 2.962909
v 0.717564 3.359970 3.053229
v 0.357007 2.930130 2.900479
v 0.305496 2.947590 2.833839
v 0.260749 2.977130 2.783099
v 0.211241 2.948770 2.699899
v 0.582016 3.104140 3.000699
v 0.654668 3.193730 3.014629
v 0.506510 3.017590 2.976939
v 0.724512 3.285860 3.023069
v 0.430578 2.930790 2.943919
v 0.791365 3.379630 3.028129
v 0.322035 2.866930 2.802379
v 0.370602 2.851260 2.877569
v 0.282734 2.903450 2.722209
v 0.200690 2.908890 2.630269
v 0.588788 3.027600 2.984429
v 0.664218 3.118210 2.994649
v 0.733257 3.212140 2.994599
v 0.514060 2.940790 2.959659
v 0.798134 3.305940 2.996899
v 0.441948 2.853690 2.922909
v 0.393594 2.775560 2.851129
v 0.348062 2.782610 2.788149
v 0.329782 2.788860 2.724699
v 0.275140 2.864880 2.640629
v 0.596261 2.951820 2.967699
v 0.672806 3.042440 2.977879
v 0.745224 3.137830 2.971259
v 0.806855 3.233350 2.965959
v 0.525082 2.864810 2.942269
v 0.864681 3.330510 2.960049
v 0.461164 2.778820 2.899119
v 0.365811 2.702860 2.749069
v 0.418635 2.700180 2.824559
v 0.320030 2.790140 2.650729
v 0.259374 2.836690 2.564209
v 0.605565 2.877180 2.951189
v 0.671770 2.964970 2.964509
v 0.761529 3.064600 2.948559
v 0.818455 3.160710 2.936949
v 0.873947 3.258180 2.928389
v 0.540397 2.790170 2.921769
v 0.925780 3.357710 2.917889
v 0.483707 2.704440 2.873899
v 0.392354 2.623540 2.735119
v 0.442875 2.625800 2.800549
v 0.309559 2.776730 2.571479
v 0.345156 2.708520 2.656059
v 0.680644 2.891960 2.946119
v 0.619355 2.804160 2.930659
v 0.833300 3.088570 2.908759
v 0.884126 3.186900 2.895939
v 0.933834 3.286840 2.883889
v 0.558575 2.716310 2.899459
v 0.507045 2.630550 2.849299
v 0.368566 2.627400 2.655039
v 0.418401 2.547650 2.720889
v 0.467426 2.550150 2.782169
v 0.338722 2.705180 2.575469
v 0.694302 2.822960 2.922499
v 0.745972 2.910640 2.924949
v 0.729274 2.978920 2.948309
v 0.635786 2.732530 2.905769
v 0.787257 2.994710 2.918769
v 0.850410 3.017220 2.875939
v 0.895702 3.116670 2.862679
v 0.942150 3.217040 2.848079
v 0.986222 3.319530 2.833909
v 0.579418 2.642370 2.875759
v 0.529750 2.555530 2.828429
v 0.359755 2.628870 2.574659
v 0.389348 2.549110 2.648199
v 0.439340 2.470090 2.709509
v 0.489808 2.472350 2.767919
v 0.327390 2.695830 2.494519
v 0.709342 2.754710 2.893819
v 0.760405 2.849140 2.899139
v 0.812106 2.910330 2.879679
v 0.654745 2.661870 2.876419
v 0.867234 2.943410 2.837119
v 0.907470 3.047030 2.827789
v 0.949517 3.149380 2.811679
v 0.992084 3.251870 2.794229
v 1.034180 3.354780 2.781649
v 0.601840 2.569370 2.849139
v 0.552142 2.479710 2.809449
v 0.352224 2.626040 2.494179
v 0.376835 2.550570 2.570799
v 0.406508 2.470780 2.639549
v 0.456837 2.391450 2.698919
v 0.509516 2.394370 2.753579
v 0.303437 2.701780 2.408809
v 0.725575 2.687190 2.860419
v 0.774467 2.785350 2.867979
v 0.674813 2.591760 2.844069
v 0.830790 2.827010 2.835389
v 0.882383 2.869410 2.795389
v 0.919357 2.977810 2.789209
v 0.956559 3.082420 2.776499
v 0.997988 3.185790 2.756789
v 1.042080 3.287830 2.738289
v 0.624756 2.495940 2.822659
v 0.575069 2.403200 2.789409
v 0.342499 2.621520 2.413639
v 0.371307 2.550670 2.492259
v 0.390851 2.472260 2.564699
v 0.422287 2.392700 2.630499
v 0.472031 2.312330 2.687659
v 0.527966 2.315650 2.739819
v 0.301237 2.691970 2.321779
v 0.253802 2.735580 2.224919
v 1.091060 3.325820 2.681729
v 0.744304 2.619060 2.827009
v 0.789301 2.719660 2.832439
v 0.696580 2.520370 2.813949
v 0.845438 2.758240 2.797089
v 0.896134 2.799710 2.754709
v 0.931079 2.908650 2.748499
v 0.964693 3.016030 2.739459
v 0.999154 3.122560 2.726669
v 1.053260 3.220870 2.685759
v 0.648251 2.422520 2.795319
v 0.598288 2.327080 2.767759
v 0.343425 2.620370 2.331319
v 0.367432 2.548630 2.412839
v 0.383717 2.473010 2.487409
v 0.402711 2.394250 2.557009
v 0.435786 2.314000 2.620699
v 0.489097 2.234550 2.672789
v 0.549279 2.238320 2.721289
v 0.312587 2.684980 2.240679
v 0.265904 2.730390 2.150319
v 1.099910 3.261950 2.625269
v 1.131660 3.368680 2.628139
v 0.764880 2.549630 2.793909
v 0.806819 2.652870 2.798329
v 0.719873 2.448600 2.784149
v 0.861976 2.691090 2.761189
v 0.911562 2.733160 2.718639
v 0.943625 2.840570 2.707249
v 0.975448 2.948440 2.698609
v 1.004170 3.058080 2.691449
v 1.038140 3.165740 2.681869
v 0.672117 2.349440 2.767659
v 0.622190 2.252610 2.742759
v 0.358221 2.621060 2.250609
v 0.372403 2.547630 2.332729
v 0.382228 2.472730 2.409269
v 0.393622 2.395600 2.480919
v 0.414543 2.316580 2.547909
v 0.449126 2.236190 2.607859
v 0.507523 2.156520 2.655759
v 0.571437 2.163270 2.698569
v 0.330045 2.685610 2.164399
v 0.280656 2.729040 2.075909
v 1.072240 3.151770 2.608089
v 1.105570 3.200680 2.563429
v 1.136750 3.308270 2.572929
v 0.787574 2.479420 2.762749
v 0.826596 2.584490 2.764319
v 0.743222 2.377110 2.754719
v 0.880920 2.623310 2.725959
v 0.928268 2.666770 2.684539
v 0.958581 2.777700 2.670539
v 0.991105 2.879570 2.654009
v 1.013020 2.992490 2.647529
v 1.039170 3.103910 2.646919
v 0.696057 2.276180 2.740999
v 0.645894 2.179290 2.716379
v 0.376599 2.622380 2.173169
v 0.387761 2.548730 2.253999
v 0.387159 2.472050 2.330529
v 0.392566 2.396230 2.404179
v 0.404340 2.319280 2.473249
v 0.426283 2.239700 2.535849
v 0.463080 2.158920 2.592279
v 0.527978 2.081820 2.634189
v 0.595196 2.090210 2.672069
v 0.348223 2.687130 2.089159
v 0.297813 2.733960 2.002409
v 1.079410 3.089700 2.551089
v 1.109170 3.141190 2.502939
v 1.138410 3.250120 2.514209
v 1.169090 3.356800 2.521029
v 0.810112 2.409060 2.732069
v 0.848823 2.514980 2.732009
v 0.767021 2.305240 2.726549
v 0.900967 2.555070 2.691809
v 0.946905 2.600170 2.649989
v 0.972076 2.720600 2.638189
v 1.016280 2.805670 2.592039
v 1.029970 2.925200 2.597799
v 1.048570 3.039060 2.599049
v 0.719583 2.204650 2.711719
v 0.669917 2.108060 2.686309
v 0.397112 2.624040 2.097219
v 0.405212 2.549660 2.175649
v 0.400941 2.472700 2.251889
v 0.397428 2.396270 2.326509
v 0.402432 2.320020 2.398249
v 0.416020 2.242840 2.465229
v 0.437791 2.163010 2.518349
v 0.477772 2.081980 2.574589
v 0.548795 2.007470 2.612549
v 0.618655 2.018100 2.645359
v 0.371408 2.691590 2.015739
v 0.316049 2.748390 1.930609
v 1.085960 3.029170 2.493019
v 1.111900 3.084400 2.443059
v 1.137130 3.194360 2.454089
v 1.167890 3.301670 2.463289
v 0.833037 2.338590 2.702039
v 0.870678 2.445200 2.699479
v 0.790152 2.234660 2.695169
v 0.921710 2.486310 2.657699
v 0.962718 2.533200 2.610159
v 0.986560 2.649040 2.605649
v 1.047220 2.861990 2.540419
v 1.058840 2.976320 2.544339
v 0.743533 2.134080 2.679899
v 0.693516 2.038150 2.654289
v 0.427507 2.551140 2.099689
v 0.424119 2.628270 2.023819
v 0.420165 2.473610 2.174249
v 0.409768 2.396520 2.248649
v 0.406830 2.320380 2.322449
v 0.415134 2.244060 2.394759
v 0.428731 2.165820 2.460349
v 0.449332 2.086530 2.499819
v 0.493174 2.005890 2.557319
v 0.642519 1.947080 2.618459
v 0.570827 1.934470 2.590879
v 0.409108 2.700330 1.947659
v 0.327939 2.774380 1.861669
v 1.094290 2.971680 2.433469
v 1.117040 3.028690 2.381999
v 1.139270 3.139390 2.393379
v 1.166740 3.247690 2.404809
v 1.194730 3.355030 2.413029
v 0.341952 2.839100 1.724519
v 0.335743 2.804550 1.793179
v 0.856076 2.268760 2.669809
v 0.891233 2.376340 2.665869
v 0.813046 2.165160 2.661459
v 0.938148 2.418750 2.621189
v 0.979812 2.464930 2.573549
v 1.002330 2.584350 2.562479
v 1.042590 2.748390 2.526469
v 1.062850 2.803450 2.479139
v 1.071200 2.916190 2.486569
v 0.767020 2.064750 2.646479
v 0.717355 1.968320 2.623659
v 0.457101 2.554310 2.026039
v 0.444329 2.474910 2.097749
v 0.464500 2.634790 1.955739
v 0.430014 2.397420 2.171369
v 0.419583 2.320710 2.245689
v 0.420076 2.245010 2.319979
v 0.427626 2.167910 2.400999
v 0.460976 2.009170 2.484419
v 0.511597 1.929890 2.541109
v 0.593302 1.861530 2.570509
v 0.665777 1.876590 2.592339
v 0.407205 2.753160 1.874559
v 1.105140 2.915670 2.373269
v 1.125100 2.976420 2.316729
v 1.139690 3.086880 2.331659
v 1.163870 3.196020 2.343819
v 1.189510 3.304170 2.354659
v 0.422215 2.890590 1.676879
v 0.420688 2.842070 1.741479
v 0.419267 2.795510 1.807669
v 0.877731 2.200400 2.633519
v 0.910044 2.308610 2.629079
v 0.836512 2.096670 2.625609
v 0.952936 2.352350 2.581469
v 0.990671 2.398230 2.533389
v 1.013210 2.520400 2.518449
v 1.018110 2.697000 2.567429
v 1.031290 2.638670 2.513299
v 1.056140 2.693400 2.466519
v 1.077480 2.748050 2.419729
v 1.084100 2.858780 2.427579
v 0.790644 1.996040 2.612429
v 0.740448 1.899780 2.593039
v 0.497384 2.556760 1.954139
v 0.475583 2.476270 2.023779
v 0.455748 2.398010 2.095639
v 0.461649 2.709980 1.889719
v 0.499017 2.635670 1.915849
v 0.441855 2.321530 2.170249
v 0.434664 2.245810 2.244919
v 0.435627 2.170170 2.320549
v 0.473398 1.931670 2.472329
v 0.440955 2.090980 2.408699
v 0.451246 2.014020 2.401049
v 0.529928 1.853990 2.527449
v 0.614571 1.787670 2.554189
v 0.689333 1.806380 2.568029
v 0.517890 2.715980 1.847119
v 1.111970 2.862150 2.324799
v 1.134110 2.929780 2.240969
v 1.143550 3.038690 2.265909
v 1.163090 3.146170 2.281969
v 1.187660 3.253790 2.294799
v 1.211740 3.361350 2.305039
v 0.425444 2.937360 1.613179
v 0.497825 2.900130 1.691099
v 0.499466 2.842070 1.746529
v 0.502667 2.782590 1.801899
v 0.899187 2.133890 2.593529
v 0.929455 2.242310 2.590299
v 0.859692 2.029530 2.587049
v 0.972215 2.286740 2.543139
v 1.000810 2.335310 2.490389
v 1.015320 2.444640 2.486269
v 1.044730 2.582610 2.460809
v 1.087340 2.695550 2.362699
v 1.068680 2.639700 2.410749
v 1.095130 2.804420 2.370999
v 0.813746 1.928750 2.578129
v 0.763036 1.832080 2.564279
v 0.514716 2.477490 1.952219
v 0.488609 2.398310 2.022069
v 0.470459 2.322220 2.096379
v 0.533535 2.636550 1.875959
v 0.458647 2.246410 2.171869
v 0.451068 2.171250 2.245019
v 0.448606 2.094280 2.320779
v 0.462342 1.936180 2.392009
v 0.487312 1.853870 2.461999
v 0.460490 2.018030 2.316619
v 0.548393 1.777960 2.515489
v 0.638900 1.714990 2.536889
v 0.713754 1.736430 2.546019
v 1.117980 2.812060 2.275219
v 1.128560 2.871030 2.247009
v 1.150330 2.995420 2.193239
v 1.162620 3.101670 2.218109
v 1.182830 3.207630 2.232809
v 1.206960 3.314480 2.246329
v 1.221930 3.377150 2.197139
v 0.499886 3.008810 1.578429
v 0.498226 2.954980 1.634759
v 0.574767 2.909020 1.697939
v 0.578502 2.844430 1.740149
v 0.592937 2.706540 1.804799
v 0.583378 2.778080 1.777859
v 0.921529 2.068470 2.550899
v 0.949844 2.177170 2.549749
v 0.884701 1.963280 2.547619
v 1.013000 2.274870 2.444589
v 0.986459 2.224150 2.498019
v 1.024170 2.383380 2.440779
v 1.030780 2.475700 2.457029
v 1.054580 2.534130 2.402309
v 1.104770 2.752580 2.315859
v 1.092440 2.646500 2.304079
v 1.076830 2.589790 2.352729
v 0.832660 1.863220 2.546489
v 0.786087 1.764650 2.537739
v 0.549726 2.557100 1.883979
v 0.560543 2.477180 1.882429
v 0.525772 2.398470 1.950079
v 0.502798 2.321910 2.023619
v 0.487102 2.247040 2.099839
v 0.601048 2.632280 1.817769
v 0.474933 2.172050 2.173839
v 0.465258 2.096290 2.242009
v 0.471017 1.940420 2.309069
v 0.473074 1.858230 2.384089
v 0.501865 1.776230 2.453619
v 0.479219 2.019470 2.233419
v 0.568792 1.701880 2.505009
v 0.666065 1.643700 2.519379
v 0.740980 1.666920 2.525299
v 1.121490 2.765500 2.215379
v 1.129850 2.827340 2.182959
v 1.139570 2.890600 2.153039
v 1.148920 2.957140 2.119139
v 1.162140 3.063790 2.153219
v 1.179090 3.167340 2.174399
v 1.200310 3.269690 2.184889
v 1.211880 3.336340 2.140059
v 1.219120 3.407000 2.097199
v 0.572225 2.970520 1.651599
v 0.570781 3.030920 1.604319
v 0.652666 2.919450 1.700869
v 0.657916 2.850430 1.730879
v 0.665804 2.705700 1.766989
v 0.662659 2.778680 1.752699
v 0.969286 2.114190 2.505299
v 0.946206 2.004200 2.506429
v 0.917388 1.895950 2.498879
v 1.033680 2.327670 2.388929
v 1.002450 2.164950 2.451729
v 1.025440 2.218850 2.395019
v 1.044800 2.433320 2.392939
v 1.063370 2.486830 2.344519
v 1.107880 2.704890 2.256799
v 1.079830 2.543390 2.294759
v 1.095600 2.599200 2.242309
v 0.846990 1.797620 2.518379
v 0.811470 1.697660 2.511789
v 0.608525 2.555400 1.822539
v 0.615279 2.477310 1.821189
v 0.569250 2.398020 1.881139
v 0.538100 2.321230 1.951319
v 0.515826 2.245630 2.026729
v 0.499744 2.171300 2.104539
v 0.669953 2.631060 1.776459
v 0.487139 2.096140 2.172839
v 0.491404 1.941860 2.227149
v 0.480951 1.862270 2.303209
v 0.485981 1.779940 2.376579
v 0.518522 1.698740 2.445029
v 0.507899 2.018760 2.138189
v 0.595681 1.629220 2.489039
v 0.692769 1.571260 2.504589
v 0.768981 1.597160 2.502779
v 1.118670 2.722340 2.150919
v 1.124360 2.787610 2.113049
v 1.132200 2.852520 2.078569
v 1.140400 2.921660 2.045619
v 1.157240 3.027470 2.085409
v 1.176580 3.137400 2.124059
v 1.190190 3.225690 2.115299
v 1.195990 3.297350 2.074029
v 1.199940 3.451750 2.007679
v 1.189960 3.527860 1.974139
v 1.201040 3.373470 2.039139
v 0.647272 2.986580 1.665939
v 0.642617 3.051920 1.627859
v 0.731455 2.932160 1.705989
v 0.739386 2.859070 1.723539
v 0.745104 2.784450 1.736679
v 0.744329 2.709480 1.744229
v 0.988922 2.053040 2.455299
v 0.973995 1.941030 2.453519
v 0.890368 1.828170 2.500029
v 1.046070 2.270840 2.333199
v 1.053430 2.382230 2.337629
v 1.019310 2.108260 2.403929
v 1.037370 2.170960 2.351389
v 1.068590 2.442220 2.290649
v 1.107750 2.658890 2.193379
v 1.083380 2.504190 2.243399
v 1.094380 2.546400 2.163389
v 0.871271 1.735150 2.486829
v 0.838629 1.632930 2.482309
v 0.673392 2.554990 1.776489
v 0.677413 2.477150 1.772189
v 0.617333 2.398220 1.815299
v 0.573386 2.319140 1.877699
v 0.545540 2.243660 1.952209
v 0.524779 2.169260 2.031879
v 0.508014 2.095340 2.112369
v 0.744073 2.633640 1.748459
v 0.516874 1.941180 2.144729
v 0.501573 1.864300 2.223789
v 0.490313 1.783640 2.297619
v 0.499055 1.701940 2.370049
v 0.540620 1.622810 2.435199
v 0.620583 1.555490 2.477859
v 0.719591 1.497940 2.488189
v 0.798684 1.526880 2.480989
v 1.110550 2.683060 2.083029
v 1.116930 2.749800 2.042419
v 1.121390 2.815850 2.000169
v 1.146010 2.993900 2.014489
v 1.124780 2.888690 1.968659
v 1.165300 3.101870 2.055849
v 1.171550 3.181690 2.031669
v 1.175090 3.261090 2.002989
v 1.163400 3.417270 1.943009
v 1.145530 3.493870 1.916859
v 1.169240 3.340180 1.973899
v 0.715357 3.071580 1.650439
v 0.722937 3.003180 1.682149
v 0.811564 2.947110 1.715109
v 0.823466 2.871710 1.723969
v 0.829948 2.794850 1.731559
v 0.825121 2.716910 1.734239
v 1.010310 1.994950 2.401539
v 0.961900 1.827980 2.431999
v 0.999728 1.881590 2.390849
v 0.919400 1.778120 2.461089
v 1.061220 2.333630 2.278079
v 1.047780 2.121440 2.305019
v 1.033780 2.054210 2.351799
v 1.074130 2.400490 2.232059
v 1.101630 2.615170 2.123439
v 0.897747 1.674390 2.451619
v 0.870336 1.569350 2.450859
v 0.747657 2.478670 1.740629
v 0.744929 2.556950 1.749169
v 0.677494 2.397830 1.762509
v 0.618122 2.317780 1.809139
v 0.577745 2.240930 1.877619
v 0.552317 2.166120 1.957029
v 0.530948 2.092890 2.040949
v 0.818456 2.638870 1.737399
v 0.526290 1.863490 2.147269
v 0.535435 2.016070 2.054929
v 0.542781 1.938730 2.067149
v 0.511811 1.785810 2.220339
v 0.503464 1.705270 2.293429
v 0.514902 1.623580 2.364409
v 0.565070 1.548390 2.424939
v 0.643749 1.481190 2.468549
v 1.097440 2.651990 2.018539
v 1.102470 2.721930 1.980929
v 1.097910 2.782450 1.916109
v 1.126610 2.964580 1.941329
v 1.150250 3.070010 1.986949
v 1.100550 2.860150 1.891299
v 1.146220 3.230340 1.932839
v 1.150050 3.149270 1.960549
v 1.116420 3.387670 1.886679
v 1.134670 3.309510 1.909249
v 0.785195 3.093410 1.679779
v 0.798331 3.021260 1.701549
v 0.889443 2.963590 1.730559
v 0.905161 2.886640 1.737009
v 0.920635 2.808370 1.737749
v 1.027480 1.939710 2.342549
v 0.986345 1.771910 2.374989
v 1.018800 1.827910 2.327969
v 0.947153 1.721070 2.416769
v 1.060280 2.215470 2.255839
v 1.069900 2.291040 2.211949
v 1.045810 2.001520 2.294399
v 1.056820 2.066770 2.250829
v 1.084200 2.470850 2.193099
v 1.076580 2.362920 2.170229
v 1.088010 2.508970 2.094989
v 1.090000 2.581620 2.057359
v 0.926885 1.616620 2.410819
v 0.823104 1.451320 2.461069
v 0.906249 1.513440 2.410709
v 0.750979 2.398670 1.731359
v 0.823754 2.480960 1.735059
v 0.819701 2.560380 1.737799
v 0.679252 2.316910 1.755199
v 0.620662 2.236900 1.806259
v 0.581336 2.161430 1.881959
v 0.556049 2.088570 1.966879
v 0.889533 2.644440 1.740099
v 0.881175 2.723310 1.740579
v 0.549916 1.861510 2.078849
v 0.536403 1.785250 2.146239
v 0.561783 2.011150 1.980219
v 0.570724 1.934140 1.995699
v 0.523191 1.706680 2.218839
v 0.515644 1.625780 2.291749
v 0.531570 1.545520 2.358789
v 0.585631 1.472580 2.417759
v 0.742822 1.420490 2.478669
v 0.663765 1.405700 2.464579
v 1.078540 2.625110 1.955389
v 1.088530 2.702180 1.931239
v 1.094230 2.938910 1.870999
v 1.124600 3.043070 1.916359
v 1.062300 2.757850 1.841159
v 1.059230 2.838860 1.821339
v 1.119920 3.122730 1.892139
v 1.107700 3.204230 1.869759
v 1.064930 3.360730 1.833899
v 1.039660 3.436340 1.816859
v 1.087910 3.283130 1.851869
v 0.771965 3.163360 1.654209
v 0.855765 3.114190 1.708409
v 0.873061 3.039660 1.722019
v 0.964790 2.981590 1.755209
v 0.982730 2.902820 1.761639
v 0.997441 2.822690 1.773489
v 1.038100 1.888830 2.278939
v 1.028400 1.780900 2.263179
v 1.005190 1.723010 2.316729
v 0.971050 1.669450 2.367009
v 1.067970 2.187000 2.181739
v 1.071840 2.256190 2.142919
v 1.051300 1.953150 2.232559
v 1.059550 2.019020 2.189829
v 1.081270 2.435840 2.132119
v 1.072220 2.329520 2.104189
v 1.074070 2.480160 2.030429
v 1.074960 2.552890 1.991379
v 0.956588 1.565340 2.362719
v 0.896516 1.415050 2.411569
v 0.932728 1.481260 2.373099
v 0.829018 2.400030 1.732609
v 0.755849 2.317060 1.730819
v 0.891639 2.564680 1.743479
v 0.895125 2.484510 1.749749
v 0.684738 2.234020 1.754839
v 0.623743 2.155150 1.812269
v 0.587457 2.082370 1.893269
v 0.937228 2.729710 1.746919
v 0.953822 2.651350 1.762639
v 0.559840 1.782450 2.089929
v 0.577807 1.856660 2.011369
v 0.548276 1.706350 2.142789
v 0.596404 2.004420 1.909829
v 0.605671 1.926530 1.927249
v 0.533629 1.627350 2.220209
v 0.529714 1.546790 2.291859
v 0.549809 1.468120 2.347469
v 0.600771 1.395970 2.416969
v 0.766480 1.342680 2.471419
v 0.680428 1.330680 2.465229
v 1.052130 2.601770 1.889109
v 1.058250 2.679100 1.863439
v 1.047110 2.919470 1.806579
v 1.086130 3.018870 1.850859
v 1.011690 2.741580 1.779939
v 1.055010 3.180620 1.816029
v 1.074500 3.099900 1.831339
v 1.005910 3.334550 1.789629
v 0.982591 3.408750 1.770889
v 1.032030 3.258490 1.802259
v 0.838638 3.186720 1.689169
v 0.925345 3.135960 1.738659
v 0.945965 3.059190 1.747329
v 1.032950 2.999140 1.794059
v 1.040830 1.844300 2.211529
v 0.991462 1.624930 2.316809
v 1.012940 1.695130 2.274699
v 1.063670 2.151990 2.112509
v 1.062200 2.222860 2.075529
v 1.051400 1.979110 2.121469
v 1.047520 1.911060 2.164069
v 1.063520 2.128540 2.213639
v 1.063500 2.085060 2.150159
v 1.072640 2.404740 2.067969
v 1.059790 2.298470 2.038789
v 1.051600 2.527050 1.921689
v 1.056700 2.455880 1.966999
v 0.938902 1.372510 2.362399
v 0.959206 1.449080 2.335489
v 0.782963 1.435910 2.469869
v 0.850352 1.354750 2.443369
v 0.900710 2.403970 1.755069
v 0.834768 2.319560 1.738069
v 0.762733 2.234560 1.733729
v 0.956470 2.571580 1.775899
v 0.959187 2.491400 1.786889
v 0.694491 2.152120 1.767229
v 0.633227 2.075650 1.829879
v 1.008310 2.663370 1.805949
v 0.583276 1.779640 2.033619
v 0.614231 1.849030 1.946459
v 0.556375 1.628120 2.146719
v 0.655980 1.919240 1.868699
v 0.645538 1.997290 1.849729
v 0.542210 1.548460 2.225589
v 0.550049 1.467550 2.293299
v 0.566531 1.389910 2.342049
v 0.615696 1.320520 2.418769
v 0.693680 1.256990 2.464529
v 0.773854 1.264880 2.470319
v 1.012470 2.583070 1.823909
v 0.993170 3.157920 1.772089
v 1.014850 3.079140 1.782109
v 0.968754 3.234070 1.761959
v 0.903989 3.210380 1.725439
v 1.031720 1.738790 2.192169
v 1.035950 1.804020 2.137769
v 0.983616 1.519880 2.299189
v 1.006380 1.589370 2.259069
v 1.020690 1.667260 2.232679
v 1.046780 2.189000 2.009229
v 1.049010 2.117490 2.045789
v 1.051860 2.047820 2.082699
v 1.035180 1.873150 2.091269
v 1.031730 1.943750 2.051699
v 1.058110 2.377730 2.003079
v 1.040800 2.266990 1.974429
v 1.004470 2.504070 1.844239
v 0.969278 1.337120 2.298969
v 0.985522 1.408800 2.265629
v 0.913732 1.302510 2.393209
v 0.961360 2.412070 1.797939
v 0.906791 2.325700 1.766849
v 0.843055 2.240050 1.748199
v 0.773485 2.153530 1.749729
v 0.704538 2.072720 1.787909
v 0.623694 1.772910 1.969279
v 0.667323 1.843200 1.891979
v 0.584427 1.702580 2.059539
v 0.591153 1.624630 2.074029
v 0.564405 1.547750 2.155529
v 0.716153 1.994390 1.810809
v 0.727806 1.918840 1.837609
v 0.550289 1.466980 2.239129
v 0.576216 1.311480 2.349299
v 0.626125 1.246430 2.423189
v 0.843099 1.260530 2.448869
v 0.700223 1.183210 2.470909
v 0.778487 1.187490 2.475149
v 1.014040 1.555940 2.195999
v 1.000590 1.482520 2.230579
v 1.021430 1.630490 2.161609
v 1.024030 2.084800 1.979559
v 1.021540 2.155270 1.945759
v 1.030160 2.014080 2.014349
v 1.004810 1.839600 2.017629
v 0.998222 1.913120 1.984089
v 1.037470 2.359000 1.938709
v 1.015450 2.224140 1.916649
v 1.034500 2.438170 1.911269
v 1.004830 2.423410 1.853839
v 0.952762 1.265790 2.330419
v 0.982371 1.304260 2.228859
v 0.991962 1.377620 2.195819
v 0.897747 1.226790 2.412149
v 0.964308 2.336090 1.815519
v 0.913985 2.249880 1.781879
v 0.851163 2.162230 1.764929
v 0.783760 2.075030 1.772129
v 0.678543 1.767600 1.917039
v 0.630263 1.696400 1.991229
v 0.738784 1.843830 1.863139
v 0.638123 1.620320 2.010189
v 0.596911 1.546970 2.086819
v 0.571888 1.465390 2.167969
v 0.794139 1.998730 1.799539
v 0.804591 1.926050 1.831719
v 0.566398 1.299890 2.267159
v 0.561716 1.382260 2.256699
v 0.583385 1.235390 2.358179
v 0.634194 1.172240 2.428289
v 0.834889 1.182010 2.458919
v 0.706045 1.108470 2.475129
v 0.785093 1.111090 2.478659
v 1.008920 1.763140 2.046559
v 1.025550 1.707970 2.129909
v 1.000480 1.451240 2.161129
v 1.007470 1.526460 2.126409
v 1.011650 1.602520 2.093399
v 0.978267 2.127620 1.887509
v 0.984195 2.057110 1.918719
v 0.991648 1.985250 1.950819
v 0.949668 1.887610 1.925769
v 0.957057 1.813380 1.955529
v 1.011050 2.285490 1.893509
v 0.974061 2.195690 1.858449
v 1.008350 2.347530 1.872839
v 0.938971 1.185980 2.358869
v 0.972636 1.230090 2.261149
v 0.978142 1.350100 2.122439
v 0.970867 1.276290 2.155719
v 0.882987 1.166170 2.426669
v 0.970479 2.263980 1.833799
v 0.918436 2.176870 1.806419
v 0.860618 2.086020 1.789509
v 0.747734 1.767610 1.885199
v 0.687793 1.692040 1.940679
v 0.815383 1.851340 1.858169
v 0.697371 1.616790 1.960909
v 0.643753 1.545150 2.026139
v 0.603093 1.470370 2.100889
v 0.585640 1.361760 2.172189
v 0.868367 2.013570 1.822359
v 0.878209 1.940340 1.853349
v 0.571150 1.221060 2.278309
v 0.587333 1.282210 2.183599
v 0.586774 1.160760 2.366909
v 0.639628 1.099550 2.439129
v 0.711083 1.034610 2.485719
v 0.787583 1.035820 2.490049
v 1.008070 1.680550 2.065579
v 0.965078 1.736150 1.979739
v 0.978461 1.425780 2.091029
v 0.979516 1.502120 2.058719
v 0.978437 1.579270 2.028419
v 0.932067 2.033070 1.864279
v 0.923687 2.104940 1.835029
v 0.940526 1.960930 1.896079
v 0.896337 1.792410 1.909539
v 0.887238 1.867030 1.882739
v 0.962573 1.153150 2.291649
v 0.968468 1.201340 2.187459
v 0.934337 1.329570 2.059089
v 0.931920 1.254920 2.091019
v 0.868228 1.105550 2.441199
v 0.757517 1.692330 1.909189
v 0.824009 1.777250 1.886689
v 0.767742 1.616840 1.929579
v 0.705775 1.541890 1.979629
v 0.649226 1.471800 2.042519
v 0.591044 1.205580 2.197809
v 0.575125 1.145220 2.289469
v 0.593228 1.086210 2.376869
v 0.645286 1.025850 2.448499
v 0.786880 0.959750 2.498119
v 0.713242 0.960100 2.496469
v 0.858310 1.028330 2.456479
v 0.972512 1.657520 2.002709
v 0.907345 1.715730 1.930729
v 0.933837 1.405430 2.028269
v 0.931778 1.482540 2.000549
v 0.926234 1.560830 1.976499
v 0.961013 1.125290 2.218999
v 0.922964 1.093160 2.385749
v 0.948777 1.072590 2.319449
v 0.930517 1.180020 2.122229
v 0.866385 1.243690 2.049449
v 0.866800 1.318360 2.019639
v 0.834691 1.701370 1.908479
v 0.777548 1.542210 1.950339
v 0.845597 1.625210 1.930549
v 0.711030 1.468910 1.997959
v 0.650630 1.403440 2.061239
v 0.606112 1.409860 2.115569
v 0.640834 1.264570 2.111939
v 0.640682 1.189510 2.130209
v 0.596032 1.128740 2.213119
v 0.578546 1.069400 2.303089
v 0.599614 1.011440 2.389549
v 0.649276 0.951580 2.461629
v 0.853520 0.950830 2.470029
v 0.715110 0.885980 2.510099
v 0.787300 0.884280 2.511539
v 0.907997 1.012810 2.404569
v 0.917790 1.638300 1.953189
v 0.865354 1.393950 1.992379
v 0.862776 1.471260 1.969239
v 0.855064 1.548980 1.951609
v 0.948012 1.049190 2.247669
v 0.928039 1.104140 2.151869
v 0.935239 0.992970 2.343299
v 0.865649 1.168410 2.077749
v 0.787077 1.317070 2.011899
v 0.787240 1.241600 2.034849
v 0.784443 1.468330 1.973059
v 0.711332 1.395800 2.014519
v 0.644371 1.335410 2.087249
v 0.615005 1.348590 2.129719
v 0.707331 1.249970 2.059019
v 0.708023 1.174630 2.081929
v 0.642853 1.112310 2.148469
v 0.599246 1.051830 2.230689
v 0.581732 0.994070 2.319569
v 0.600498 0.937060 2.407999
v 0.648065 0.880160 2.486989
v 0.857347 0.870830 2.479649
v 0.895923 0.935070 2.421219
v 0.716523 0.816310 2.544449
v 0.792475 0.811450 2.538729
v 0.786839 1.392680 1.990909
v 0.938545 0.971300 2.273879
v 0.918416 1.029340 2.181129
v 0.863976 1.092990 2.105429
v 0.918182 0.917640 2.369239
v 0.786380 1.166470 2.061609
v 0.709760 1.323840 2.036879
v 0.709180 1.098640 2.105329
v 0.644459 1.035120 2.169329
v 0.599183 0.975370 2.249779
v 0.582385 0.919210 2.340039
v 0.600374 0.865050 2.433659
v 0.646542 0.806760 2.516439
v 0.858026 0.794320 2.500079
v 0.907049 0.845070 2.408799
v 0.796914 0.741730 2.574909
v 0.717111 0.748030 2.583269
v 0.914524 0.951440 2.205479
v 0.926460 0.894880 2.302399
v 0.859965 1.017370 2.133619
v 0.786705 1.090300 2.086889
v 0.709622 1.021540 2.127209
v 0.644458 0.958600 2.192099
v 0.598478 0.899720 2.271179
v 0.581926 0.846790 2.365719
v 0.598204 0.791400 2.462249
v 0.646457 0.735620 2.556069
v 0.861920 0.721730 2.532009
v 0.899318 0.769690 2.437429
v 0.715327 0.683880 2.628129
v 0.801133 0.675160 2.618559
v 0.860540 0.938570 2.153529
v 0.907628 0.874240 2.234099
v 0.917465 0.818940 2.333299
v 0.786075 1.014000 2.112089
v 0.709306 0.945210 2.151739
v 0.642345 0.881960 2.213389
v 0.595698 0.825500 2.295459
v 0.579328 0.774600 2.393859
v 0.595093 0.710640 2.506729
v 0.641527 0.671280 2.602999
v 0.868229 0.648170 2.566819
v 0.898832 0.694790 2.467129
v 0.910936 0.743600 2.363719
v 0.708695 0.624480 2.682829
v 0.784960 0.614840 2.678579
v 0.856650 0.861290 2.180789
v 0.785935 0.935840 2.132209
v 0.900693 0.797470 2.262679
v 0.705904 0.867750 2.172849
v 0.639452 0.805890 2.235799
v 0.591904 0.754390 2.324489
v 0.571332 0.707390 2.427389
v 0.586734 0.641200 2.556369
v 0.637916 0.616110 2.650609
v 0.879731 0.574260 2.604189
v 0.829479 0.598670 2.653049
v 0.904619 0.621790 2.499539
v 0.911511 0.668910 2.393689
v 0.892828 0.720980 2.291799
v 0.703046 0.556700 2.748079
v 0.781107 0.550920 2.736869
v 0.852267 0.783620 2.207489
v 0.783125 0.859560 2.159659
v 0.701703 0.789990 2.192669
v 0.632574 0.732150 2.263249
v 0.579956 0.688070 2.354899
v 0.566639 0.664640 2.452999
v 0.553885 0.600940 2.499709
v 0.579935 0.584390 2.605989
v 0.911365 0.548100 2.533489
v 0.899393 0.499490 2.648808
v 0.848711 0.530350 2.705669
v 0.912404 0.594170 2.424429
v 0.892190 0.644560 2.321039
v 0.847417 0.705960 2.233299
v 0.705429 0.495640 2.808689
v 0.784824 0.492650 2.795319
v 0.630238 0.578970 2.692409
v 0.627034 0.527680 2.742319
v 0.779372 0.781500 2.181769
v 0.696580 0.713170 2.216349
v 0.618808 0.662590 2.291899
v 0.567863 0.621750 2.392119
v 0.549930 0.552960 2.438399
v 0.542027 0.541110 2.551539
v 0.569768 0.537890 2.657599
v 0.919692 0.474800 2.563809
v 0.914821 0.521590 2.455419
v 0.862361 0.475140 2.772439
v 0.930920 0.429430 2.745289
v 0.892566 0.570200 2.351009
v 0.846778 0.627630 2.259539
v 0.775046 0.702550 2.202959
v 0.625412 0.480140 2.807659
v 0.711486 0.448680 2.869049
v 0.791511 0.449950 2.861259
v 0.558468 0.490870 2.714478
v 0.683875 0.639150 2.241459
v 0.598927 0.593230 2.326809
v 0.532654 0.489300 2.491069
v 0.527650 0.488530 2.608339
v 0.932586 0.421110 2.665209
v 0.937735 0.399540 2.583999
v 0.920251 0.448120 2.482499
v 0.888646 0.497090 2.382779
v 0.943271 0.411420 2.832279
v 0.871084 0.442560 2.848579
v 0.846180 0.552690 2.290919
v 0.774100 0.623590 2.226749
v 0.632404 0.436510 2.872169
v 0.555264 0.441580 2.790829
v 0.720574 0.417140 2.939719
v 0.799546 0.422500 2.935709
v 0.512158 0.440640 2.666378
v 0.656036 0.573960 2.275949
v 0.509480 0.429270 2.557389
v 0.543703 0.437980 2.428059
v 0.571068 0.501900 2.380898
v 0.956751 0.341230 2.668839
v 0.937810 0.319600 2.596519
v 0.921696 0.375050 2.505279
v 0.891134 0.423450 2.407569
v 0.840076 0.479490 2.323169
v 0.963774 0.352240 2.745309
v 0.976412 0.343730 2.821719
v 0.879879 0.421640 2.928419
v 0.954718 0.394380 2.914359
v 0.778267 0.546430 2.254109
v 0.557003 0.405840 2.869769
v 0.644934 0.405850 2.940879
v 0.504313 0.402010 2.726629
v 0.805088 0.400490 3.013359
v 0.726851 0.389980 3.015219
v 0.491828 0.376270 2.620839
v 0.708422 0.556770 2.252549
v 0.635255 0.512250 2.306108
v 0.584997 0.547570 2.353849
v 0.526678 0.389860 2.484239
v 0.598050 0.380240 2.368479
v 0.615842 0.448530 2.334339
v 0.908338 0.251050 2.615959
v 0.930549 0.263870 2.684199
v 0.918894 0.298820 2.523649
v 0.884057 0.353260 2.435979
v 0.836309 0.406840 2.350099
v 0.773267 0.473720 2.285999
v 0.989488 0.313450 2.897019
v 0.944676 0.275380 2.756789
v 0.962126 0.278290 2.826419
v 0.888851 0.403640 3.008309
v 0.971463 0.374170 2.998419
v 0.501564 0.373060 2.785269
v 0.513296 0.342720 2.858859
v 0.578174 0.378290 2.939639
v 0.655023 0.377630 3.012059
v 0.488827 0.330050 2.687319
v 0.803209 0.368530 3.086379
v 0.723610 0.345990 3.084139
v 0.508077 0.354810 2.523069
v 0.501990 0.302030 2.583329
v 0.699166 0.485350 2.281269
v 0.552533 0.346960 2.436939
v 0.686425 0.414350 2.309419
v 0.674111 0.347010 2.348209
v 0.884212 0.236880 2.549679
v 0.840231 0.209920 2.639688
v 0.862014 0.219510 2.708399
v 0.879222 0.281560 2.458819
v 0.829273 0.337240 2.379939
v 0.764225 0.402510 2.316589
v 0.996591 0.307340 2.967819
v 0.906330 0.236900 2.845219
v 0.884109 0.228740 2.775419
v 0.892862 0.371510 3.080489
v 0.951660 0.311850 3.054879
v 0.522166 0.274440 2.837018
v 0.497778 0.296040 2.761239
v 0.543206 0.318580 2.932109
v 0.598976 0.348540 3.008799
v 0.644108 0.323110 3.062289
v 0.514141 0.255920 2.656229
v 0.728960 0.274670 3.106298
v 0.809612 0.302840 3.125553
v 0.542302 0.265800 2.565679
v 0.539053 0.296770 2.491219
v 0.755009 0.333830 2.350889
v 0.665914 0.283840 2.394879
v 0.595613 0.310890 2.410599
v 0.818521 0.205370 2.573219
v 0.844382 0.228660 2.489859
v 0.785831 0.196530 2.732479
v 0.763179 0.191280 2.662389
v 0.819230 0.271370 2.413289
v 0.951171 0.258510 2.991739
v 0.930567 0.244160 2.916609
v 0.833343 0.211480 2.871889
v 0.809091 0.204770 2.801319
v 0.883195 0.326270 3.106880
v 0.891804 0.269530 3.076919
v 0.578632 0.236380 2.899699
v 0.537652 0.232510 2.733869
v 0.566390 0.224740 2.811279
v 0.582877 0.305750 3.003599
v 0.662372 0.250020 3.050659
v 0.759642 0.222730 3.061979
v 0.821827 0.246860 3.091379
v 0.582614 0.229570 2.548028
v 0.591558 0.260320 2.471759
v 0.743353 0.270860 2.393719
v 0.660605 0.237540 2.458579
v 0.743479 0.193410 2.591179
v 0.805030 0.214990 2.494529
v 0.708326 0.188210 2.756948
v 0.684767 0.184800 2.683799
v 0.883326 0.235410 3.010549
v 0.858760 0.220410 2.940238
v 0.758399 0.198160 2.899959
v 0.732196 0.192550 2.829009
v 0.612452 0.236930 2.979019
v 0.631687 0.197430 2.783638
v 0.606540 0.198230 2.707349
v 0.717721 0.209950 3.004439
v 0.585841 0.208970 2.629089
v 0.658360 0.206500 2.531499
v 0.733776 0.225970 2.453569
v 0.665226 0.189720 2.608689
v 0.733160 0.201410 2.521069
v 0.812130 0.243180 2.453909
v 0.818395 0.220900 3.029649
v 0.788311 0.207240 2.967409
v 0.681224 0.200970 2.936549
v 0.655341 0.196630 2.860359
vn -0.6421 -0.3963 0.6563
vn -0.5802 -0.2517 0.7746
vn -0.7472 0.4057 0.5264
vn -0.8196 0.2989 0.4888
vn -0.8321 0.2720 0.4834
vn -0.8699 0.1826 0.4582
vn -0.6181 0.4645 0.6343
vn -0.3155 -0.2052 0.9265
vn -0.6489 -0.3018 0.6985
vn -0.7794 -0.3849 0.4944
vn -0.6635 -0.5430 0.5147
vn -0.4191 0.4933 0.7623
vn -0.3994 0.5093 0.7623
vn 0.1927 -0.2617 0.9457
vn 0.0070 -0.0075 0.9999
vn -0.1192 -0.2076 0.9709
vn -0.5161 0.4854 0.7057
vn 0.3240 -0.3065 0.8950
vn -0.2117 0.4926 0.8441
vn -0.3134 0.5168 0.7967
vn -0.3288 -0.2691 0.9053
vn -0.8458 -0.3634 0.3906
vn -0.6677 -0.3558 0.6539
vn -0.7570 -0.5344 0.3760
vn -0.9027 0.1567 0.4007
vn -0.9308 0.0853 0.3555
vn 0.0164 -0.2049 0.9786
vn -0.1427 0.0753 0.9869
vn 0.2151 -0.2135 0.9530
vn 0.3606 -0.2665 0.8939
vn -0.1127 -0.2375 0.9648
vn 0.3174 -0.0345 0.9477
vn -0.1647 0.5503 0.8185
vn -0.3485 -0.3279 0.8781
vn -0.6555 -0.4085 0.6352
vn -0.8440 -0.3711 0.3873
vn -0.9121 -0.3495 0.2143
vn -0.9166 -0.2922 0.2728
vn -0.9496 0.1007 0.2967
vn 0.0116 -0.2167 0.9762
vn 0.2354 -0.1791 0.9553
vn 0.3941 -0.2104 0.8947
vn 0.4896 -0.2668 0.8301
vn -0.1241 -0.2731 0.9540
vn -0.3686 -0.3792 0.8487
vn -0.8622 -0.3592 0.3571
vn -0.6467 -0.4145 0.6403
vn -0.8977 -0.3966 0.1918
vn 0.0256 -0.2494 0.9681
vn 0.2198 -0.1906 0.9567
vn 0.4374 -0.1759 0.8819
vn 0.5286 -0.2239 0.8188
vn 0.6050 -0.2585 0.7531
vn 0.0811 0.6302 0.7722
vn -0.1310 -0.3183 0.9389
vn -0.3907 -0.3949 0.8315
vn -0.8375 -0.3490 0.4206
vn -0.6437 -0.3858 0.6609
vn -0.9677 0.2178 0.1268
vn -0.9717 0.2196 0.0867
vn -0.9406 -0.3034 0.1521
vn 0.2387 -0.2389 0.9412
vn 0.0648 -0.2945 0.9534
vn 0.5837 -0.2005 0.7868
vn 0.6413 -0.2384 0.7293
vn 0.1137 0.6757 0.7284
vn 0.6278 0.0247 0.7780
vn -0.1230 -0.3463 0.9300
vn -0.3961 -0.3826 0.8347
vn -0.9397 -0.2858 0.1877
vn -0.8200 -0.3175 0.4762
vn -0.6347 -0.3438 0.6921
vn -0.9969 -0.0162 0.0772
vn 0.2976 -0.2812 0.9124
vn 0.4497 -0.2166 0.8665
vn 0.3941 -0.1840 0.9005
vn 0.1244 -0.3263 0.9370
vn 0.5360 -0.1859 0.8235
vn 0.6454 -0.2030 0.7363
vn 0.6888 -0.2185 0.6912
vn 0.7377 -0.2412 0.6305
vn -0.0839 -0.3576 0.9301
vn -0.3681 -0.3512 0.8609
vn -0.9591 -0.2611 0.1096
vn -0.9334 -0.2597 0.2476
vn -0.8064 -0.2732 0.5245
vn -0.6099 -0.3062 0.7309
vn 0.3591 -0.3122 0.8795
vn 0.5026 -0.2544 0.8262
vn 0.6134 -0.2162 0.7596
vn 0.1950 -0.3388 0.9204
vn 0.6978 -0.2155 0.6831
vn 0.7320 -0.2123 0.6473
vn 0.7697 -0.2255 0.5973
vn 0.3282 0.7213 0.6100
vn 0.7909 -0.2477 0.5596
vn -0.0176 -0.3412 0.9398
vn -0.3029 -0.3273 0.8951
vn -0.9643 0.2604 0.0477
vn -0.9460 -0.2993 0.1242
vn -0.9699 -0.2138 0.1161
vn -0.9257 -0.2280 0.3020
vn -0.7880 -0.2485 0.5633
vn -0.5594 -0.2887 0.7770
vn 0.4057 -0.3125 0.8589
vn 0.5441 -0.2787 0.7914
vn 0.2518 -0.3194 0.9135
vn 0.6615 -0.2429 0.7095
vn 0.7318 -0.2219 0.6444
vn 0.7634 -0.2122 0.6101
vn 0.7958 -0.2121 0.5672
vn 0.8097 -0.2368 0.5370
vn 0.7870 0.0327 0.6160
vn 0.3282 0.7462 0.5792
vn 0.0560 -0.3144 0.9476
vn -0.2128 -0.3143 0.9252
vn -0.9649 0.2627 0.0027
vn -0.9254 -0.3717 0.0738
vn -0.9734 -0.2169 0.0735
vn -0.9728 -0.1807 0.1452
vn -0.9164 -0.2099 0.3407
vn -0.7580 -0.2611 0.5977
vn -0.4857 -0.3053 0.8191
vn 0.4314 -0.2854 0.8558
vn 0.5681 -0.2675 0.7783
vn 0.2911 -0.2873 0.9125
vn 0.6771 -0.2262 0.7003
vn 0.7452 -0.1984 0.6366
vn 0.7802 -0.2067 0.5903
vn 0.8165 -0.2019 0.5409
vn 0.8288 -0.2220 0.5136
vn 0.8361 -0.2620 0.4820
vn 0.1242 -0.2987 0.9462
vn -0.1197 -0.3150 0.9415
vn -0.9735 0.2076 -0.0958
vn -0.8962 -0.4383 -0.0684
vn -0.9679 -0.2509 0.0106
vn -0.9858 -0.1572 0.0589
vn -0.9692 -0.1708 0.1772
vn -0.9041 -0.2139 0.3698
vn -0.7113 -0.2996 0.6358
vn -0.4014 -0.3431 0.8492
vn 0.8662 -0.2797 0.4140
vn 0.4769 0.7216 0.5018
vn 0.4479 -0.2509 0.8581
vn 0.5792 -0.2344 0.7808
vn 0.3207 -0.2685 0.9083
vn 0.6819 -0.1903 0.7062
vn 0.7497 -0.1614 0.6418
vn 0.7879 -0.1838 0.5877
vn 0.8277 -0.1807 0.5313
vn 0.8480 -0.2047 0.4889
vn 0.8440 -0.2424 0.4784
vn 0.1747 -0.2851 0.9425
vn -0.0441 -0.3310 0.9426
vn -0.9181 -0.3601 -0.1659
vn -0.8618 -0.4766 -0.1737
vn -0.9555 -0.2731 -0.1119
vn -0.9874 -0.1572 -0.0170
vn -0.9876 -0.1429 0.0648
vn -0.9632 -0.1771 0.2023
vn -0.8861 -0.2376 0.3979
vn -0.6483 -0.3414 0.6806
vn -0.3226 -0.3790 0.8673
vn -0.9829 -0.0003 -0.1842
vn -0.6772 -0.7194 -0.1542
vn -0.9850 0.0325 -0.1693
vn 0.8815 -0.2501 0.4005
vn 0.8968 -0.2743 0.3471
vn 0.4572 0.7809 0.4256
vn 0.9176 0.0020 0.3974
vn 0.4645 -0.2268 0.8560
vn 0.5887 -0.2005 0.7831
vn 0.3425 -0.2511 0.9053
vn 0.6892 -0.1593 0.7068
vn 0.7556 -0.1328 0.6414
vn 0.7956 -0.1494 0.5872
vn 0.8376 -0.1546 0.5240
vn 0.8673 -0.1691 0.4682
vn 0.8662 -0.2215 0.4480
vn 0.2125 -0.2891 0.9334
vn 0.0135 -0.3552 0.9347
vn -0.8433 -0.4905 -0.2194
vn -0.9405 -0.2742 -0.2004
vn -0.9814 -0.1523 -0.1166
vn -0.9913 -0.1300 -0.0195
vn -0.9851 -0.1546 0.0755
vn -0.9578 -0.1900 0.2158
vn -0.8615 -0.2659 0.4327
vn -0.5795 -0.3674 0.7274
vn -0.2480 -0.3999 0.8824
vn -0.9708 -0.0401 -0.2364
vn -0.6349 -0.7455 -0.2026
vn 0.9126 -0.2188 0.3454
vn 0.9233 -0.2468 0.2943
vn 0.9151 -0.2835 0.2867
vn 0.4871 -0.2124 0.8471
vn 0.6034 -0.1743 0.7782
vn 0.3678 -0.2517 0.8952
vn 0.7121 -0.1389 0.6882
vn 0.7795 -0.1306 0.6126
vn 0.8092 -0.1120 0.5767
vn 0.8658 -0.1150 0.4869
vn 0.8921 -0.1288 0.4331
vn 0.8934 -0.1884 0.4077
vn 0.2508 -0.3096 0.9172
vn 0.0640 -0.3740 0.9252
vn -0.8194 -0.5011 -0.2785
vn -0.9281 -0.2774 -0.2484
vn -0.9684 -0.1424 -0.2047
vn -0.9866 -0.1210 -0.1093
vn -0.9891 -0.1454 -0.0223
vn -0.9832 -0.1658 0.0763
vn -0.9565 -0.2025 0.2102
vn -0.8297 -0.2851 0.4798
vn -0.5094 -0.3719 0.7760
vn -0.1811 -0.3932 0.9015
vn -0.9388 -0.0696 -0.3373
vn -0.5755 -0.7568 -0.3100
vn 0.9365 -0.1787 0.3017
vn 0.9415 -0.2111 0.2628
vn 0.9300 -0.2662 0.2532
vn 0.9658 -0.0012 0.2593
vn 0.5453 0.7987 0.2543
vn 0.5238 -0.2085 0.8259
vn 0.6334 -0.1683 0.7553
vn 0.4008 -0.2734 0.8744
vn 0.7474 -0.1332 0.6509
vn 0.8178 -0.1274 0.5612
vn 0.8319 -0.1224 0.5412
vn 0.9204 -0.1007 0.3778
vn 0.9228 -0.1454 0.3569
vn 0.2858 -0.3259 0.9012
vn 0.1087 -0.3686 0.9232
vn -0.9029 -0.2862 -0.3209
vn -0.7696 -0.4997 -0.3975
vn -0.9518 -0.1479 -0.2688
vn -0.9710 -0.1173 -0.2083
vn -0.9826 -0.1458 -0.1148
vn -0.9851 -0.1689 -0.0319
vn -0.9803 -0.1803 0.0801
vn -0.9545 -0.2059 0.2157
vn -0.7880 -0.2970 0.5393
vn -0.1162 -0.3771 0.9189
vn -0.4372 -0.3639 0.8224
vn -0.8507 -0.1021 -0.5156
vn -0.5062 -0.7231 -0.4700
vn 0.9515 -0.1326 0.2775
vn 0.9569 -0.1649 0.2391
vn 0.9446 -0.2373 0.2267
vn 0.9425 -0.2634 0.2059
vn 0.5699 -0.2192 0.7919
vn 0.6823 -0.1686 0.7114
vn 0.4390 -0.2872 0.8513
vn 0.7846 -0.1464 0.6024
vn 0.8552 -0.1272 0.5025
vn 0.8737 -0.1321 0.4682
vn 0.9165 -0.1012 0.3870
vn 0.9426 -0.0861 0.3227
vn 0.9429 -0.1096 0.3146
vn 0.3193 -0.3286 0.8888
vn 0.1554 -0.3529 0.9226
vn -0.8599 -0.2801 -0.4267
vn -0.9249 -0.1605 -0.3446
vn -0.7098 -0.4522 -0.5401
vn -0.9479 -0.1298 -0.2910
vn -0.9618 -0.1564 -0.2245
vn -0.9742 -0.1845 -0.1301
vn -0.9837 -0.1783 -0.0222
vn -0.9468 -0.2036 0.2492
vn -0.7342 -0.3004 0.6089
vn -0.3631 -0.3281 0.8721
vn -0.0507 -0.3432 0.9379
vn -0.2647 -0.8033 -0.5335
vn -0.7568 -0.0684 -0.6501
vn 0.9634 -0.1019 0.2481
vn 0.9698 -0.1236 0.2105
vn 0.9591 -0.2002 0.2000
vn 0.9529 -0.2435 0.1806
vn 0.9860 0.0367 0.1624
vn 0.5748 0.8102 0.1143
vn -0.6613 -0.0640 -0.7474
vn -0.1032 -0.8054 -0.5837
vn -0.6099 -0.0279 -0.7920
vn -0.1370 -0.6403 -0.7558
vn 0.6114 -0.2273 0.7580
vn 0.7267 -0.1591 0.6683
vn 0.4843 -0.2899 0.8255
vn 0.8193 -0.1343 0.5574
vn 0.8874 -0.1243 0.4439
vn 0.9082 -0.1227 0.4001
vn 0.8755 -0.1232 0.4673
vn 0.9153 -0.1286 0.3817
vn 0.9403 -0.1113 0.3217
vn 0.9552 -0.0899 0.2821
vn 0.9542 -0.0902 0.2851
vn 0.3602 -0.3186 0.8768
vn 0.2049 -0.3296 0.9216
vn -0.8080 -0.2302 -0.5423
vn -0.8877 -0.1593 -0.4320
vn -0.9202 -0.1482 -0.3622
vn -0.4995 -0.6279 -0.5969
vn -0.6835 -0.3794 -0.6236
vn -0.9327 -0.1765 -0.3145
vn -0.9493 -0.1987 -0.2436
vn -0.9721 -0.1843 -0.1452
vn -0.9301 -0.2132 0.2990
vn -0.9858 -0.1681 -0.0014
vn -0.9893 -0.1458 0.0030
vn -0.6799 -0.2828 0.6766
vn -0.2843 -0.2967 0.9117
vn 0.0194 -0.3008 0.9535
vn -0.4789 -0.5047 -0.7183
vn 0.9712 -0.0859 0.2221
vn 0.9823 -0.1093 0.1524
vn 0.9725 -0.1556 0.1731
vn 0.9642 -0.2172 0.1520
vn 0.9634 -0.2345 0.1302
vn -0.4071 0.1166 -0.9059
vn 0.1693 -0.6916 -0.7022
vn -0.0179 -0.6846 -0.7287
vn -0.2300 -0.6476 -0.7264
vn 0.6504 -0.2297 0.7241
vn 0.7608 -0.1550 0.6302
vn 0.5289 -0.2778 0.8019
vn 0.8556 -0.1134 0.5050
vn 0.9174 -0.0973 0.3858
vn 0.9265 -0.1173 0.3574
vn 0.9353 -0.1299 0.3292
vn 0.9669 -0.1098 0.2302
vn 0.9534 -0.1203 0.2768
vn 0.9634 -0.0845 0.2544
vn 0.4076 -0.3016 0.8619
vn 0.2550 -0.2894 0.9226
vn -0.8467 -0.1323 -0.5153
vn -0.8918 -0.1484 -0.4274
vn -0.9105 -0.1868 -0.3690
vn -0.6560 -0.2996 -0.6928
vn -0.9228 -0.2040 -0.3270
vn -0.9493 -0.1857 -0.2536
vn -0.9757 -0.1563 -0.1536
vn -0.9891 -0.1465 0.0105
vn -0.9107 -0.2181 0.3507
vn -0.9781 -0.1322 -0.1608
vn -0.6243 -0.2736 0.7317
vn -0.2089 -0.2969 0.9318
vn 0.0822 -0.2669 0.9602
vn 0.9810 -0.0938 0.1700
vn 0.9859 -0.0828 0.1452
vn 0.9853 -0.1339 0.1066
vn 0.9762 -0.1788 0.1224
vn 0.9720 -0.2173 0.0896
vn 0.9963 0.0694 0.0497
vn 0.5721 0.8190 0.0431
vn -0.3356 0.1287 -0.9332
vn 0.1372 -0.4821 -0.8653
vn 0.1159 -0.5692 -0.8140
vn -0.0737 -0.5277 -0.8462
vn -0.4602 -0.3104 -0.8317
vn -0.2780 -0.4498 -0.8487
vn 0.6916 -0.2162 0.6891
vn 0.7960 -0.1537 0.5854
vn 0.5749 -0.2616 0.7753
vn 0.9383 -0.0752 0.3375
vn 0.8905 -0.1000 0.4438
vn 0.9433 -0.1057 0.3145
vn 0.9418 -0.1239 0.3124
vn 0.9538 -0.1355 0.2682
vn 0.9742 -0.1060 0.1994
vn 0.9777 -0.1286 0.1657
vn 0.9676 -0.1356 0.2128
vn 0.4422 -0.2674 0.8562
vn 0.3120 -0.2447 0.9180
vn -0.7478 -0.1580 -0.6448
vn -0.7916 -0.0796 -0.6059
vn -0.8676 -0.1158 -0.4835
vn -0.8990 -0.1658 -0.4054
vn -0.9156 -0.1886 -0.3551
vn -0.5775 -0.1751 -0.7974
vn -0.9303 -0.1746 -0.3227
vn -0.9555 -0.1513 -0.2532
vn -0.9777 -0.1197 -0.1726
vn -0.9874 -0.1548 0.0343
vn -0.8884 -0.2286 0.3982
vn -0.9577 -0.1316 -0.2561
vn -0.5550 -0.3091 0.7723
vn -0.1531 -0.2798 0.9478
vn 0.1513 -0.2405 0.9588
vn 0.9895 -0.1175 0.0837
vn 0.9926 -0.1098 0.0524
vn 0.9909 -0.1294 0.0364
vn 0.9908 -0.1352 0.0021
vn 0.9871 -0.1525 0.0494
vn 0.9808 -0.1842 0.0647
vn 0.9795 -0.2015 0.0091
vn 0.5637 0.8167 -0.1235
vn 0.9862 0.0954 -0.1352
vn 0.2762 -0.5799 -0.7664
vn -0.2091 0.2504 -0.9453
vn -0.2053 0.2817 -0.9373
vn 0.1061 -0.4221 -0.9003
vn -0.0649 -0.3600 -0.9307
vn -0.3503 -0.1755 -0.9201
vn -0.2235 -0.2707 -0.9364
vn 0.8297 -0.1379 0.5409
vn 0.7392 -0.1904 0.6460
vn 0.6462 -0.2271 0.7286
vn 0.9573 -0.0808 0.2777
vn 0.9121 -0.0725 0.4034
vn 0.9476 -0.0445 0.3163
vn 0.9570 -0.1131 0.2672
vn 0.9685 -0.1206 0.2178
vn 0.9827 -0.1316 0.1305
vn 0.9784 -0.1282 0.1620
vn 0.9860 -0.1283 0.1065
vn 0.4777 -0.2281 0.8484
vn 0.3854 -0.2182 0.8966
vn -0.6450 -0.0777 -0.7602
vn -0.6910 -0.0102 -0.7228
vn -0.8298 -0.0487 -0.5559
vn -0.8937 -0.1117 -0.4346
vn -0.9182 -0.1488 -0.3672
vn -0.9314 -0.1526 -0.3305
vn -0.4281 -0.0863 -0.8996
vn -0.9411 -0.1355 -0.3099
vn -0.9564 -0.1197 -0.2665
vn -0.9776 -0.1178 -0.1743
vn -0.9830 -0.1728 0.0616
vn -0.8515 -0.2699 0.4495
vn -0.9454 -0.1243 -0.3012
vn -0.4990 -0.3200 0.8054
vn -0.0927 -0.2436 0.9654
vn 0.2324 -0.2084 0.9500
vn 0.9913 -0.1314 0.0067
vn 0.9920 -0.1232 -0.0276
vn 0.9893 -0.1356 -0.0533
vn 0.9865 -0.1310 -0.0987
vn 0.9892 -0.1373 -0.0520
vn 0.9872 -0.1584 -0.0159
vn 0.9838 -0.1634 -0.0734
vn 0.9717 -0.1506 -0.1822
vn 0.9166 0.1297 -0.3782
vn 0.5166 0.7944 -0.3195
vn 0.2605 -0.4566 -0.8507
vn -0.2070 0.3610 -0.9093
vn 0.1331 -0.2665 -0.9546
vn -0.0034 -0.2141 -0.9768
vn -0.1073 -0.1458 -0.9835
vn -0.1890 -0.0871 -0.9781
vn 0.8637 -0.1137 0.4909
vn 0.8017 -0.1681 0.5737
vn 0.5912 -0.2139 0.7776
vn 0.9693 -0.0486 0.2410
vn 0.9695 -0.0933 0.2266
vn 0.9309 -0.0572 0.3609
vn 0.9615 -0.0274 0.2734
vn 0.9792 -0.1018 0.1754
vn 0.9888 -0.1384 0.0554
vn 0.9861 -0.1117 0.1227
vn 0.9932 -0.1153 0.0171
vn 0.5458 -0.2108 0.8110
vn 0.4680 -0.1879 0.8635
vn -0.4763 -0.0084 -0.8793
vn -0.5102 0.0547 -0.8583
vn -0.7297 0.0267 -0.6832
vn -0.8654 -0.0428 -0.4993
vn -0.9176 -0.1002 -0.3846
vn -0.9350 -0.1238 -0.3322
vn -0.9413 -0.1197 -0.3158
vn -0.2381 -0.0403 -0.9704
vn -0.9453 -0.1282 -0.3000
vn -0.9547 -0.1117 -0.2759
vn -0.9765 -0.1349 -0.1679
vn -0.9748 -0.2004 0.0981
vn -0.8006 -0.3035 0.5167
vn -0.4649 -0.2796 0.8401
vn -0.0201 -0.1806 0.9833
vn 0.3272 -0.1580 0.9317
vn 0.9857 -0.1520 -0.0728
vn 0.9845 -0.1404 -0.1051
vn 0.9794 -0.1359 -0.1493
vn 0.9797 -0.1200 -0.1604
vn 0.9701 -0.1130 -0.2149
vn 0.9837 -0.1328 -0.1209
vn 0.9725 -0.1205 -0.1993
vn 0.9503 -0.1003 -0.2946
vn 0.3393 0.7424 -0.5777
vn 0.7725 0.2254 -0.5937
vn 0.2900 0.7437 -0.6023
vn 0.2910 0.7431 -0.6026
vn 0.9049 -0.0848 -0.4171
vn -0.1623 0.4270 -0.8896
vn 0.2796 -0.3204 -0.9051
vn 0.1861 -0.1341 -0.9733
vn 0.0957 -0.0996 -0.9904
vn 0.0356 -0.0785 -0.9963
vn -0.0112 -0.0467 -0.9988
vn 0.9032 -0.1007 0.4173
vn 0.7749 -0.1933 0.6018
vn 0.8730 -0.1524 0.4633
vn 0.6658 -0.2071 0.7168
vn 0.9811 -0.0643 0.1826
vn 0.9759 -0.0287 0.2163
vn 0.9525 -0.0556 0.2994
vn 0.9896 -0.0811 0.1190
vn 0.9895 -0.1396 -0.0369
vn 0.6288 -0.1860 0.7550
vn 0.5625 -0.1504 0.8130
vn -0.2358 0.0755 -0.9689
vn -0.2543 0.0259 -0.9668
vn -0.5187 0.0636 -0.8526
vn -0.7512 0.0048 -0.6600
vn -0.8861 -0.0619 -0.4594
vn -0.9290 -0.1022 -0.3556
vn -0.9423 -0.1127 -0.3152
vn -0.0431 -0.0235 -0.9988
vn -0.9416 -0.1251 -0.3128
vn -0.9396 -0.1297 -0.3167
vn -0.9336 -0.1408 -0.3294
vn -0.9505 -0.1217 -0.2858
vn -0.9764 -0.1532 -0.1525
vn -0.9604 -0.2285 0.1597
vn -0.7649 -0.2871 0.5766
vn -0.4267 -0.2085 0.8800
vn 0.9727 -0.1719 -0.1561
vn 0.9692 -0.1648 -0.1831
vn 0.9416 -0.1420 -0.3053
vn 0.9480 -0.0917 -0.3047
vn 0.9665 -0.1041 -0.2345
vn 0.9170 -0.0872 -0.3893
vn 0.8990 -0.0454 -0.4356
vn 0.9426 -0.0840 -0.3230
vn 0.8336 -0.0161 -0.5522
vn 0.2302 0.0735 -0.9704
vn 0.2994 -0.1845 -0.9361
vn 0.2683 -0.0491 -0.9621
vn 0.2454 -0.0295 -0.9690
vn 0.2487 -0.0305 -0.9681
vn 0.9432 -0.1024 0.3162
vn 0.8597 -0.1720 0.4809
vn 0.9348 -0.1400 0.3263
vn 0.7547 -0.1846 0.6295
vn 0.9862 -0.0323 0.1621
vn 0.9935 -0.0478 0.1032
vn 0.9749 -0.0694 0.2117
vn 0.9894 -0.0455 0.1378
vn 0.9931 -0.0995 0.0615
vn 0.9976 -0.0628 0.0276
vn 0.9895 -0.1114 -0.0924
vn 0.9814 -0.1394 -0.1317
vn 0.7198 -0.1545 0.6768
vn 0.4591 -0.0725 0.8854
vn 0.6676 -0.1006 0.7377
vn -0.1839 0.0446 -0.9819
vn 0.0623 0.0309 -0.9976
vn -0.0163 0.0050 -0.9999
vn -0.4930 0.0077 -0.8700
vn -0.7428 -0.0624 -0.6666
vn -0.8865 -0.1096 -0.4496
vn -0.9272 -0.1227 -0.3539
vn 0.2037 -0.0473 -0.9779
vn 0.1295 -0.0578 -0.9899
vn -0.9266 -0.1466 -0.3462
vn -0.9335 -0.1289 -0.3346
vn -0.9157 -0.1582 -0.3695
vn -0.9037 -0.1727 -0.3917
vn -0.9513 -0.1315 -0.2788
vn -0.9784 -0.1626 -0.1275
vn -0.9424 -0.2507 0.2213
vn -0.7586 -0.2294 0.6099
vn 0.0505 -0.0890 0.9947
vn -0.3802 -0.1243 0.9165
vn 0.9510 -0.1790 -0.2520
vn 0.9438 -0.1760 -0.2799
vn 0.8703 -0.0473 -0.4903
vn 0.9139 -0.0788 -0.3981
vn 0.8337 -0.1379 -0.5347
vn 0.7727 -0.0557 -0.6323
vn 0.8660 -0.0491 -0.4977
vn 0.7951 -0.0017 -0.6065
vn 0.2472 0.7234 -0.6447
vn 0.7189 0.0277 -0.6946
vn 0.4128 -0.1105 -0.9041
vn 0.3253 -0.0777 -0.9424
vn 0.4128 -0.0078 -0.9108
vn 0.4554 -0.0106 -0.8902
vn 0.5284 -0.0222 -0.8487
vn 0.9764 -0.1073 0.1874
vn 0.9749 -0.1192 0.1880
vn 0.9260 -0.1387 0.3512
vn 0.8359 -0.1500 0.5279
vn 0.9985 -0.0403 0.0374
vn 0.9983 -0.0504 -0.0298
vn 0.9916 -0.0939 0.0892
vn 0.9968 -0.0780 0.0150
vn 0.9949 -0.0938 -0.0366
vn 0.9938 -0.0604 -0.0931
vn 0.9766 -0.1092 -0.1851
vn 0.9650 -0.1393 -0.2221
vn 0.8174 -0.1275 0.5619
vn 0.6636 -0.0107 0.7480
vn 0.7613 -0.0890 0.6423
vn 0.1549 -0.0086 -0.9879
vn -0.1127 -0.0254 -0.9933
vn 0.2734 -0.0504 -0.9606
vn 0.3594 -0.0379 -0.9324
vn -0.4432 -0.0978 -0.8911
vn -0.7095 -0.1647 -0.6852
vn -0.8643 -0.1734 -0.4721
vn 0.3263 -0.0813 -0.9418
vn 0.4626 -0.1142 -0.8792
vn -0.9188 -0.1428 -0.3680
vn -0.8906 -0.1835 -0.4161
vn -0.9285 -0.1290 -0.3483
vn -0.8377 -0.2096 -0.5043
vn -0.8166 -0.2243 -0.5319
vn -0.9545 -0.1320 -0.2675
vn -0.9788 -0.1908 -0.0743
vn -0.9458 -0.2250 0.2342
vn -0.7564 -0.1502 0.6366
vn 0.1187 -0.0218 0.9927
vn -0.3335 -0.0691 0.9402
vn 0.8923 -0.1847 -0.4120
vn 0.8656 -0.1889 -0.4638
vn 0.6970 -0.0180 -0.7168
vn 0.8078 -0.0418 -0.5879
vn 0.6177 -0.1114 -0.7785
vn 0.6524 0.0259 -0.7574
vn 0.7304 -0.0123 -0.6829
vn 0.4905 0.3203 -0.8104
vn 0.0770 0.6826 -0.7267
vn 0.0572 0.6858 -0.7256
vn 0.4549 0.3146 -0.8331
vn -0.0687 0.5600 -0.8257
vn -0.0628 0.5821 -0.8107
vn 0.4365 -0.0246 -0.8994
vn 0.4050 -0.0139 -0.9142
vn 0.6260 -0.0081 -0.7798
vn 0.9935 -0.1009 0.0517
vn 0.9033 -0.1219 0.4114
vn 0.9555 -0.1216 0.2688
vn 0.9925 -0.0585 -0.1074
vn 0.9859 -0.0592 -0.1568
vn 0.9861 -0.1036 -0.1297
vn 0.9936 -0.1014 -0.0500
vn 0.9955 -0.0371 0.0877
vn 0.9969 -0.0611 -0.0500
vn 0.9863 -0.0877 -0.1398
vn 0.9774 -0.0658 -0.2007
vn 0.9214 -0.1470 -0.3598
vn 0.9560 -0.1122 -0.2711
vn 0.8183 -0.0281 0.5740
vn 0.8626 -0.0718 0.5007
vn 0.2936 -0.1007 0.9506
vn 0.4906 0.0055 0.8714
vn 0.4434 -0.0631 -0.8941
vn 0.2357 -0.0697 -0.9693
vn -0.0486 -0.1220 -0.9913
vn 0.5729 -0.1107 -0.8121
vn 0.6471 -0.0897 -0.7571
vn -0.3842 -0.2222 -0.8961
vn -0.6671 -0.2494 -0.7020
vn 0.6987 -0.1728 -0.6942
vn -0.8789 -0.1840 -0.4402
vn -0.7898 -0.2484 -0.5608
vn -0.9253 -0.1294 -0.3564
vn -0.5809 -0.2960 -0.7583
vn -0.6250 -0.2785 -0.7293
vn -0.9629 -0.1471 -0.2264
vn -0.9818 -0.1900 -0.0032
vn -0.9565 -0.1429 0.2545
vn -0.7313 -0.0874 0.6765
vn -0.3099 -0.0016 0.9508
vn 0.1200 0.0389 0.9920
vn 0.7738 -0.1636 -0.6120
vn 0.5166 0.0214 -0.8560
vn 0.5563 0.0067 -0.8310
vn -0.0162 0.6600 -0.7511
vn -0.0597 0.6272 -0.7766
vn 0.9936 -0.1011 0.0511
vn 0.9884 -0.0957 -0.1180
vn 0.9142 -0.1087 0.3904
vn 0.9592 -0.1108 0.2601
vn 0.9821 -0.1012 0.1591
vn 0.9603 -0.0794 -0.2674
vn 0.9682 -0.0858 -0.2348
vn 0.9770 -0.0902 -0.1932
vn 0.9688 -0.1062 -0.2240
vn 0.9467 -0.1246 -0.2970
vn 0.9680 -0.0870 -0.2355
vn 0.9507 -0.0754 -0.3008
vn 0.8213 -0.1266 -0.5563
vn 0.9380 -0.0605 0.3414
vn 0.9611 -0.0868 0.2623
vn 0.7480 0.0029 0.6637
vn 0.6944 -0.0877 -0.7143
vn 0.5146 -0.1014 -0.8514
vn 0.3120 -0.1371 -0.9401
vn 0.0014 -0.2324 -0.9726
vn -0.3391 -0.2955 -0.8931
vn -0.7629 -0.2544 -0.5944
vn -0.5484 -0.3130 -0.7754
vn -0.8706 -0.1658 -0.4631
vn -0.8546 -0.1594 -0.4941
vn -0.9250 -0.1361 -0.3547
vn -0.2863 -0.3346 -0.8978
vn -0.2277 -0.3455 -0.9104
vn -0.9740 -0.1630 -0.1571
vn -0.9468 -0.0774 0.3123
vn -0.6998 -0.0295 0.7138
vn 0.4557 0.0480 0.8888
vn -0.3000 0.0455 0.9529
vn 0.1142 0.0683 0.9911
vn 0.9906 -0.1137 0.0758
vn 0.9784 -0.1119 0.1738
vn 0.9953 -0.0926 -0.0297
vn 0.9077 -0.1336 -0.3977
vn 0.8956 -0.1356 -0.4236
vn 0.9256 -0.1269 -0.3566
vn 0.8882 -0.1300 -0.4408
vn 0.8557 -0.1571 -0.4931
vn 0.9364 -0.0894 -0.3393
vn 0.8893 -0.1171 -0.4422
vn 0.9150 -0.0978 -0.3914
vn 0.8451 -0.0851 -0.5277
vn 0.9093 -0.0263 0.4153
vn 0.9920 -0.1065 0.0681
vn 0.9917 -0.1286 -0.0045
vn 0.7009 0.0303 0.7126
vn 0.7306 -0.1095 -0.6739
vn 0.5730 -0.1523 -0.8053
vn 0.3783 -0.2155 -0.9003
vn 0.0473 -0.3044 -0.9514
vn -0.5363 -0.3104 -0.7849
vn -0.7418 -0.2364 -0.6275
vn -0.1920 -0.3318 -0.9236
vn -0.7186 -0.2168 -0.6608
vn -0.8450 -0.1599 -0.5104
vn -0.9234 -0.1515 -0.3526
vn 0.1029 -0.3500 -0.9311
vn 0.1448 -0.3414 -0.9287
vn -0.9955 -0.0749 -0.0586
vn -0.9879 -0.1246 -0.0920
vn -0.9314 -0.0377 0.3620
vn -0.6788 0.0185 0.7341
vn 0.4253 0.0504 0.9036
vn -0.2870 0.0815 0.9545
vn 0.1880 0.0935 0.9777
vn 0.9170 -0.1000 -0.3863
vn 0.9883 -0.0843 -0.1274
vn 0.9857 -0.1415 -0.0917
vn 0.9728 -0.1475 -0.1785
vn 0.9570 -0.1131 -0.2673
vn 0.7850 -0.1932 -0.5886
vn 0.8033 -0.1812 -0.5674
vn 0.8269 -0.1689 -0.5364
vn 0.7064 -0.2009 -0.6787
vn 0.7347 -0.1632 -0.6584
vn 0.8816 -0.1080 -0.4594
vn 0.7745 -0.1839 -0.6053
vn 0.8636 -0.0984 -0.4945
vn 0.8727 -0.0100 0.4881
vn 0.9882 -0.0772 0.1325
vn 0.9250 -0.1969 -0.3250
vn 0.9425 -0.1883 -0.2762
vn 0.6474 0.0256 0.7618
vn 0.7609 -0.1413 -0.6333
vn 0.6249 -0.2115 -0.7515
vn 0.4326 -0.2713 -0.8598
vn -0.1826 -0.3181 -0.9303
vn -0.5280 -0.2902 -0.7981
vn 0.1734 -0.3125 -0.9340
vn -0.5090 -0.2677 -0.8181
vn -0.6962 -0.2046 -0.6880
vn -0.8349 -0.1707 -0.5232
vn -0.9162 -0.1294 -0.3793
vn 0.4613 -0.3009 -0.8347
vn 0.4737 -0.2815 -0.8345
vn -0.9970 -0.0658 -0.0400
vn -0.9080 -0.1079 -0.4048
vn -0.9217 -0.0135 0.3878
vn -0.6636 0.0446 0.7468
vn -0.2748 0.1201 0.9540
vn 0.1953 0.1329 0.9717
vn 0.9342 -0.0844 -0.3467
vn 0.7651 -0.1225 -0.6321
vn 0.9021 -0.1867 -0.3891
vn 0.8681 -0.1869 -0.4599
vn 0.8292 -0.1530 -0.5376
vn 0.6736 -0.2262 -0.7037
vn 0.6599 -0.2285 -0.7158
vn 0.6863 -0.2165 -0.6943
vn 0.4960 -0.2180 -0.8405
vn 0.4852 -0.2635 -0.8338
vn 0.9790 -0.0853 0.1853
vn 0.9586 -0.1662 -0.2314
vn 0.6965 -0.2836 -0.6591
vn 0.7213 -0.2860 -0.6308
vn 0.5993 0.0485 0.7990
vn -0.1836 -0.2971 -0.9370
vn 0.1866 -0.2799 -0.9417
vn -0.1779 -0.2799 -0.9434
vn -0.4803 -0.2573 -0.8385
vn -0.6867 -0.2008 -0.6986
vn -0.9079 -0.1206 -0.4014
vn -0.9971 -0.0653 -0.0392
vn -0.9122 -0.0026 0.4097
vn -0.6535 0.0838 0.7523
vn 0.1995 0.1435 0.9693
vn -0.2490 0.1670 0.9540
vn 0.5853 0.0865 0.8062
vn 0.7948 -0.1200 -0.5949
vn 0.5055 -0.1778 -0.8443
vn 0.6670 -0.2543 -0.7003
vn 0.6228 -0.2231 -0.7499
vn 0.5664 -0.1965 -0.8004
vn 0.9654 -0.1920 -0.1765
vn 0.8440 -0.0145 0.5361
vn 0.9708 -0.0962 0.2196
vn 0.7473 -0.2677 -0.6082
vn 0.3629 -0.3356 -0.8693
vn 0.3164 -0.3251 -0.8912
vn 0.1837 -0.2486 -0.9510
vn -0.1693 -0.2745 -0.9465
vn 0.1856 -0.2461 -0.9513
vn -0.4591 -0.2349 -0.8567
vn -0.6976 -0.2036 -0.6869
vn -0.8345 -0.1731 -0.5232
vn -0.7309 -0.1733 -0.6601
vn -0.7167 -0.1854 -0.6723
vn -0.9047 -0.1305 -0.4057
vn -0.9980 -0.0578 -0.0240
vn -0.9018 0.0418 0.4301
vn -0.6257 0.1748 0.7602
vn 0.6035 0.0980 0.7914
vn -0.1944 0.3050 0.9323
vn 0.2396 0.2596 0.9355
vn 0.8334 -0.0071 0.5527
vn 0.5267 -0.1862 -0.8294
vn 0.2602 -0.2913 -0.9206
vn 0.2197 -0.2530 -0.9422
vn 0.1986 -0.2410 -0.9500
vn 0.9723 -0.1859 -0.1414
vn 0.7716 -0.2871 -0.5676
vn 0.9630 -0.0972 0.2515
vn 0.3956 -0.3259 -0.8586
vn -0.1073 -0.2984 -0.9484
vn -0.0690 -0.3184 -0.9454
vn -0.1647 -0.2576 -0.9521
vn -0.4604 -0.2319 -0.8569
vn -0.7264 -0.1912 -0.6602
vn -0.8307 -0.1470 -0.5370
vn -0.4711 -0.2530 -0.8451
vn -0.4449 -0.2623 -0.8563
vn -0.7039 -0.1970 -0.6824
vn -0.9029 -0.1245 -0.4114
vn -0.9996 -0.0272 -0.0025
vn -0.8921 0.1201 0.4355
vn -0.5882 0.2817 0.7581
vn 0.6658 0.1605 0.7287
vn 0.8451 0.0300 0.5338
vn -0.1518 0.4394 0.8854
vn 0.3172 0.3968 0.8614
vn -0.1410 -0.2658 -0.9537
vn 0.9813 -0.1673 -0.0950
vn 0.8044 -0.2560 -0.5361
vn 0.4266 -0.3274 -0.8431
vn 0.9623 -0.0541 0.2665
vn -0.0388 -0.3243 -0.9452
vn -0.4713 -0.2489 -0.8461
vn -0.4162 -0.2630 -0.8704
vn -0.6950 -0.2014 -0.6902
vn -0.9047 -0.1124 -0.4109
vn -0.9999 0.0072 0.0105
vn -0.8838 0.1779 0.4328
vn -0.5810 0.3661 0.7269
vn 0.7179 0.2571 0.6469
vn 0.9353 0.0290 0.3527
vn 0.3759 0.4755 0.7954
vn -0.1281 0.5287 0.8391
vn 0.8404 -0.2279 -0.4917
vn 0.9879 -0.1500 -0.0399
vn 0.4664 -0.2842 -0.8377
vn -0.0054 -0.3176 -0.9482
vn -0.4028 -0.2610 -0.8773
vn -0.6900 -0.1905 -0.6983
vn -0.9109 -0.1021 -0.3998
vn -0.9992 0.0344 0.0226
vn -0.8765 0.2337 0.4208
vn -0.5674 0.4609 0.6824
vn 0.7547 0.3237 0.5707
vn 0.9407 0.0935 0.3262
vn -0.1126 0.6283 0.7698
vn 0.4268 0.5447 0.7219
vn 0.4989 -0.2754 -0.8217
vn 0.8679 -0.2415 -0.4341
vn 0.9937 -0.1115 -0.0146
vn 0.0150 -0.2894 -0.9571
vn -0.4001 -0.2542 -0.8805
vn -0.6961 -0.1740 -0.6965
vn -0.9206 -0.0939 -0.3790
vn -0.9953 0.0917 0.0298
vn -0.8468 0.3382 0.4105
vn -0.5487 0.5499 0.6298
vn 0.7894 0.3593 0.4978
vn 0.9491 0.1541 0.2749
vn 0.9979 -0.0577 -0.0282
vn -0.1067 0.6922 0.7137
vn 0.3345 0.6303 0.7006
vn 0.5245 -0.3079 -0.7938
vn 0.0224 -0.2903 -0.9567
vn 0.8885 -0.2235 -0.4008
vn -0.3910 -0.2364 -0.8895
vn -0.7144 -0.1769 -0.6770
vn -0.9315 -0.0458 -0.3609
vn -0.9865 0.1529 0.0580
vn -0.8154 0.4227 0.3955
vn -0.5284 0.6355 0.5630
vn 0.8317 0.3903 0.3949
vn 0.6357 0.5166 0.5736
vn 0.9588 0.1776 0.2216
vn 0.9985 -0.0050 -0.0540
vn 0.8997 -0.1864 -0.3947
vn -0.0735 0.7108 0.6995
vn 0.3000 0.6810 0.6680
vn 0.5635 -0.2927 -0.7725
vn 0.0428 -0.3008 -0.9527
vn -0.3919 -0.2347 -0.8896
vn -0.7381 -0.1517 -0.6574
vn -0.9455 0.0118 -0.3253
vn -0.9747 0.2107 0.0749
vn -0.9589 0.2679 0.0937
vn -0.7850 0.5000 0.3657
vn 0.9701 0.1894 0.1519
vn 0.8564 0.4587 0.2370
vn 0.5991 0.6304 0.4936
vn 0.9960 -0.0103 -0.0883
vn 0.9047 -0.1526 -0.3979
vn 0.6015 -0.2711 -0.7515
vn -0.0376 0.7741 0.6320
vn 0.2210 0.7851 0.5786
vn -0.4927 0.6671 0.5588
vn -0.4321 0.6974 0.5717
vn 0.0774 -0.2838 -0.9558
vn -0.4082 -0.2397 -0.8809
vn -0.7655 -0.1073 -0.6344
vn -0.9603 0.0584 -0.2729
vn -0.9687 0.1112 -0.2220
vn -0.9366 0.3342 0.1048
vn -0.7490 0.5624 0.3504
vn 0.9769 0.2100 0.0389
vn 0.9903 -0.0016 -0.1391
vn 0.4817 0.7848 0.3899
vn 0.8139 0.5754 0.0798
vn 0.8969 -0.1849 -0.4016
vn 0.6301 -0.2664 -0.7294
vn 0.0920 -0.2906 -0.9524
vn -0.3419 0.7669 0.5431
vn -0.0467 0.8674 0.4955
vn 0.0997 0.9013 0.4216
vn -0.7122 0.6005 0.3635
vn -0.4366 -0.2228 -0.8716
vn -0.8079 -0.0807 -0.5838
vn -0.9734 0.1545 -0.1694
vn -0.9124 0.3958 0.1047
vn 0.9511 0.3061 -0.0409
vn 0.9857 0.1339 -0.1021
vn 0.9779 -0.0101 -0.2091
vn 0.8794 -0.1767 -0.4421
vn 0.7243 0.6861 0.0680
vn 0.3188 0.9073 0.2743
vn 0.6463 -0.3116 -0.6965
vn 0.1295 -0.2908 -0.9480
vn -0.2664 0.8351 0.4812
vn -0.6536 0.6568 0.3761
vn -0.0924 0.9249 0.3688
vn -0.0008 0.9520 0.3062
vn -0.9102 0.3916 0.1345
vn -0.5793 -0.2037 -0.7893
vn -0.9747 0.1832 -0.1282
vn -0.9003 -0.0248 -0.4347
vn -0.8603 -0.0316 -0.5088
vn 0.9915 -0.0441 -0.1228
vn 0.9641 -0.2032 -0.1712
vn 0.9539 -0.0743 -0.2908
vn 0.8509 -0.1983 -0.4865
vn 0.6311 -0.3231 -0.7052
vn 0.9901 0.0849 -0.1116
vn 0.9830 0.1244 -0.1349
vn 0.2138 0.9524 0.2175
vn 0.6908 0.7202 0.0642
vn 0.2102 -0.3465 -0.9142
vn -0.6220 0.6618 0.4185
vn -0.2551 0.8736 0.4145
vn -0.9176 0.3569 0.1751
vn -0.0650 0.9323 0.3557
vn -0.1702 0.8843 0.4347
vn -0.9948 0.0893 -0.0500
vn -0.2462 -0.2936 -0.9237
vn -0.6005 -0.1944 -0.7757
vn -0.8341 -0.0554 -0.5489
vn -0.9258 -0.0104 -0.3778
vn -0.6275 -0.3011 -0.7181
vn -0.6153 -0.2118 -0.7593
vn 0.7281 -0.6779 -0.1016
vn 0.7838 -0.6150 -0.0868
vn 0.8942 -0.3338 -0.2983
vn 0.8092 -0.2539 -0.5299
vn 0.5900 -0.3429 -0.7310
vn 0.2382 -0.3915 -0.8888
vn 0.9823 -0.1562 -0.1032
vn 0.8141 -0.5696 -0.1129
vn 0.8147 -0.5609 -0.1470
vn 0.2387 0.9063 0.3489
vn 0.7791 0.5515 0.2979
vn -0.9325 0.2831 0.2241
vn -0.9283 0.1310 0.3479
vn -0.6090 0.6454 0.4611
vn -0.2901 0.7996 0.5258
vn -0.9956 -0.0897 0.0260
vn -0.1019 0.7188 0.6877
vn -0.3088 0.5401 0.7829
vn -0.9457 -0.1165 -0.3035
vn -0.9137 -0.3521 -0.2030
vn -0.2271 -0.3338 -0.9149
vn -0.7992 -0.2773 -0.5333
vn -0.2195 -0.3785 -0.8992
vn -0.2357 -0.4810 -0.8445
vn 0.6443 -0.7439 -0.1775
vn 0.3655 -0.9306 -0.0217
vn 0.4197 -0.9076 -0.0043
vn 0.7128 -0.4625 -0.5273
vn 0.5238 -0.4145 -0.7441
vn 0.2070 -0.4224 -0.8824
vn 0.9787 -0.1845 0.0903
vn 0.4817 -0.8753 -0.0418
vn 0.4487 -0.8933 -0.0271
vn 0.3602 0.5965 0.7172
vn 0.7627 -0.0535 0.6445
vn -0.8615 -0.4453 0.2439
vn -0.9481 -0.2923 0.1251
vn -0.8984 -0.0427 0.4372
vn -0.5719 0.5855 0.5746
vn -0.5187 0.2368 0.8215
vn -0.8015 -0.5913 -0.0899
vn -0.2926 -0.2860 0.9125
vn 0.0191 -0.0314 0.9993
vn -0.7169 -0.6414 -0.2732
vn -0.7770 -0.4825 -0.4043
vn 0.1393 -0.5074 -0.8504
vn -0.2558 -0.6552 -0.7108
vn -0.5306 -0.5371 -0.6557
vn 0.2815 -0.9557 -0.0854
vn 0.4989 -0.7795 -0.3789
vn 0.2045 -0.9785 0.0266
vn 0.1513 -0.9884 -0.0139
vn 0.3946 -0.6113 -0.6860
vn 0.6789 -0.6951 0.2365
vn 0.5368 -0.8436 -0.0104
vn 0.2519 -0.9676 0.0152
vn 0.2354 -0.9717 0.0203
vn 0.3697 0.0419 0.9282
vn 0.5035 -0.5586 0.6592
vn -0.6385 -0.7236 0.2621
vn -0.6635 -0.7460 0.0565
vn -0.5512 -0.8224 0.1405
vn -0.8046 -0.0176 0.5936
vn -0.4744 -0.5749 0.6666
vn -0.0535 -0.8629 0.5025
vn 0.1961 -0.7126 0.6736
vn -0.5082 -0.8127 -0.2852
vn -0.5142 -0.7198 -0.4663
vn 0.0496 -0.6908 -0.7214
vn -0.2587 -0.8321 -0.4907
vn 0.0803 -0.9917 -0.1006
vn 0.2598 -0.9090 -0.3259
vn 0.0125 -0.9990 0.0427
vn -0.0495 -0.9988 -0.0051
vn 0.3670 -0.8930 0.2606
vn 0.2738 -0.9600 0.0593
vn 0.0935 -0.9934 0.0668
vn 0.0586 -0.9973 0.0453
vn -0.5804 -0.7096 0.3995
vn -0.2403 -0.9673 0.0809
vn -0.3159 -0.9487 0.0148
vn -0.1351 -0.9429 0.3043
vn -0.4409 -0.8875 -0.1342
vn -0.2140 -0.9355 -0.2811
vn -0.0207 -0.8683 -0.4957
vn -0.1328 -0.9840 -0.1190
vn 0.0177 -0.9634 -0.2674
vn 0.3011 -0.7937 -0.5285
vn 0.2092 -0.9448 0.2521
vn 0.1282 -0.9851 0.1150
vn -0.1824 -0.9671 0.1773
vn -0.2087 -0.9719 0.1088
vt 0.134375 0.927263
vt 0.138039 0.930315
vt 0.135441 0.932437
vt 0.131682 0.930252
vt 0.127770 0.928613
vt 0.129937 0.924906
vt 0.393523 0.907314
vt 0.388989 0.907798
vt 0.388840 0.903823
vt 0.393625 0.903245
vt 0.140908 0.927972
vt 0.137481 0.924227
vt 0.134058 0.921570
vt 0.402485 0.915349
vt 0.402808 0.911727
vt 0.407519 0.912893
vt 0.407234 0.916293
vt 0.398549 0.903674
vt 0.398285 0.907453
vt 0.411652 0.917936
vt 0.411454 0.921185
vt 0.406868 0.919870
vt 0.389053 0.900068
vt 0.393819 0.899445
vt 0.140851 0.921436
vt 0.144107 0.925676
vt 0.137343 0.917232
vt 0.131130 0.920657
vt 0.132183 0.916282
vt 0.403486 0.904403
vt 0.403166 0.908097
vt 0.407968 0.909349
vt 0.411972 0.914677
vt 0.398905 0.899992
vt 0.628888 0.387368
vt 0.626536 0.383638
vt 0.629992 0.383205
vt 0.632297 0.386975
vt 0.147771 0.928568
vt 0.144733 0.930742
vt 0.147655 0.923263
vt 0.144888 0.919609
vt 0.143502 0.916031
vt 0.137901 0.912074
vt 0.132688 0.911769
vt 0.403842 0.900763
vt 0.408390 0.905715
vt 0.412532 0.911285
vt 0.624193 0.380010
vt 0.627775 0.379489
vt 0.394368 0.895848
vt 0.399466 0.896372
vt 0.151115 0.926299
vt 0.148256 0.916405
vt 0.151294 0.920854
vt 0.142662 0.911828
vt 0.404308 0.897186
vt 0.408275 0.901871
vt 0.413353 0.907955
vt 0.621745 0.376628
vt 0.625566 0.375877
vt 0.631640 0.378615
vt 0.633810 0.382357
vt 0.395354 0.892468
vt 0.400251 0.892912
vt 0.154601 0.923970
vt 0.152153 0.914663
vt 0.154870 0.918600
vt 0.137730 0.907312
vt 0.142252 0.907127
vt 0.146647 0.911139
vt 0.408697 0.898423
vt 0.405001 0.893808
vt 0.619429 0.373326
vt 0.623432 0.372332
vt 0.629563 0.374869
vt 0.637780 0.381308
vt 0.635719 0.377491
vt 0.396523 0.889162
vt 0.401188 0.889548
vt 0.158114 0.921686
vt 0.150502 0.910091
vt 0.155911 0.912949
vt 0.158528 0.916649
vt 0.146097 0.906514
vt 0.409349 0.895328
vt 0.412353 0.900189
vt 0.411519 0.903237
vt 0.405808 0.890614
vt 0.617704 0.369807
vt 0.621527 0.368589
vt 0.627593 0.371120
vt 0.633769 0.373618
vt 0.397744 0.885870
vt 0.402270 0.886223
vt 0.161648 0.919595
vt 0.916880 0.608328
vt 0.916053 0.604512
vt 0.920700 0.604208
vt 0.921598 0.608245
vt 0.154109 0.908740
vt 0.159481 0.911353
vt 0.162166 0.914894
vt 0.410035 0.892395
vt 0.413024 0.897548
vt 0.612657 0.367408
vt 0.615569 0.365383
vt 0.614715 0.370591
vt 0.406723 0.887583
vt 0.619683 0.364473
vt 0.625703 0.367309
vt 0.631912 0.369777
vt 0.639973 0.376193
vt 0.638180 0.372185
vt 0.398964 0.882432
vt 0.403418 0.883021
vt 0.165201 0.917598
vt 0.145502 0.901767
vt 0.149055 0.900915
vt 0.149676 0.905532
vt 0.919504 0.600307
vt 0.915063 0.600529
vt 0.157528 0.907272
vt 0.162920 0.909772
vt 0.165677 0.913119
vt 0.410747 0.889612
vt 0.609256 0.360864
vt 0.610934 0.364304
vt 0.607458 0.364437
vt 0.605523 0.360987
vt 0.407674 0.884655
vt 0.613494 0.360713
vt 0.617877 0.360202
vt 0.623947 0.363329
vt 0.630044 0.366018
vt 0.636393 0.368337
vt 0.642708 0.370684
vt 0.644310 0.374845
vt 0.400184 0.878906
vt 0.404596 0.879796
vt 0.168800 0.915535
vt 0.143750 0.896904
vt 0.148381 0.896263
vt 0.911355 0.604603
vt 0.910486 0.600808
vt 0.913968 0.596500
vt 0.918232 0.596346
vt 0.160869 0.905779
vt 0.166257 0.908138
vt 0.169152 0.911362
vt 0.411608 0.886808
vt 0.603792 0.357329
vt 0.607641 0.357152
vt 0.408748 0.881616
vt 0.611816 0.356770
vt 0.616206 0.356110
vt 0.622254 0.359245
vt 0.628283 0.362187
vt 0.634406 0.364921
vt 0.641460 0.366080
vt 0.401426 0.875370
vt 0.405800 0.876592
vt 0.397213 0.875419
vt 0.398251 0.871603
vt 0.402670 0.871893
vt 0.143599 0.891846
vt 0.148119 0.891600
vt 0.906658 0.604561
vt 0.905825 0.601004
vt 0.909482 0.596780
vt 0.916949 0.592376
vt 0.912799 0.592455
vt 0.164114 0.904226
vt 0.169627 0.906325
vt 0.172704 0.909367
vt 0.646283 0.364499
vt 0.647325 0.369211
vt 0.412582 0.883935
vt 0.602092 0.353661
vt 0.605996 0.353486
vt 0.409916 0.878556
vt 0.610184 0.353001
vt 0.614582 0.352347
vt 0.620646 0.355169
vt 0.626644 0.358141
vt 0.632605 0.361229
vt 0.638672 0.364154
vt 0.407024 0.873416
vt 0.403921 0.868582
vt 0.399412 0.867982
vt 0.144055 0.887217
vt 0.148492 0.887110
vt 0.151983 0.890824
vt 0.152041 0.895344
vt 0.904891 0.597110
vt 0.908405 0.592727
vt 0.911550 0.588436
vt 0.915637 0.588334
vt 0.167308 0.902512
vt 0.173065 0.904393
vt 0.176204 0.907168
vt 0.139840 0.882526
vt 0.144581 0.882988
vt 0.139380 0.886761
vt 0.641054 0.360193
vt 0.645447 0.359589
vt 0.651879 0.368004
vt 0.650870 0.363447
vt 0.413700 0.880987
vt 0.600367 0.349975
vt 0.604327 0.349784
vt 0.411091 0.875502
vt 0.608560 0.349254
vt 0.612935 0.348691
vt 0.619200 0.351486
vt 0.625174 0.353886
vt 0.631106 0.357085
vt 0.636891 0.360542
vt 0.408261 0.870208
vt 0.400582 0.864581
vt 0.405147 0.865363
vt 0.149037 0.882829
vt 0.896301 0.602138
vt 0.901058 0.601422
vt 0.901794 0.604907
vt 0.896921 0.605600
vt 0.900207 0.597538
vt 0.903900 0.593109
vt 0.907261 0.588755
vt 0.910134 0.584473
vt 0.914154 0.584352
vt 0.170504 0.900653
vt 0.176473 0.902257
vt 0.179702 0.904790
vt 0.140306 0.878365
vt 0.145119 0.878832
vt 0.640072 0.355504
vt 0.644605 0.354793
vt 0.649990 0.358773
vt 0.414814 0.878018
vt 0.598597 0.346368
vt 0.602613 0.346140
vt 0.412304 0.872402
vt 0.606909 0.345551
vt 0.611338 0.345013
vt 0.617854 0.348189
vt 0.624220 0.348651
vt 0.629894 0.352629
vt 0.635558 0.356227
vt 0.409447 0.867150
vt 0.401810 0.861379
vt 0.406355 0.862341
vt 0.149683 0.878645
vt 0.891547 0.602882
vt 0.892216 0.606378
vt 0.895465 0.598201
vt 0.899286 0.593570
vt 0.902866 0.589119
vt 0.906086 0.584795
vt 0.908401 0.580541
vt 0.912509 0.580424
vt 0.173716 0.898682
vt 0.179888 0.900123
vt 0.183153 0.902411
vt 0.140687 0.874349
vt 0.145816 0.874840
vt 0.639178 0.350806
vt 0.643848 0.350107
vt 0.649194 0.354093
vt 0.654603 0.357927
vt 0.655440 0.362469
vt 0.415956 0.875031
vt 0.596802 0.342780
vt 0.600885 0.342475
vt 0.413447 0.869440
vt 0.605249 0.341835
vt 0.609817 0.341053
vt 0.615869 0.344445
vt 0.629109 0.347920
vt 0.634549 0.351641
vt 0.410634 0.864202
vt 0.407519 0.859432
vt 0.403017 0.858232
vt 0.887584 0.607206
vt 0.886898 0.603733
vt 0.150578 0.874667
vt 0.890738 0.598972
vt 0.894598 0.594181
vt 0.898368 0.589580
vt 0.901954 0.585183
vt 0.905084 0.580808
vt 0.168797 0.896425
vt 0.171834 0.894400
vt 0.176938 0.896750
vt 0.186587 0.900037
vt 0.183319 0.898011
vt 0.140813 0.870562
vt 0.147116 0.871267
vt 0.638511 0.346134
vt 0.643234 0.345404
vt 0.648532 0.349420
vt 0.653842 0.353383
vt 0.591151 0.339194
vt 0.589381 0.335566
vt 0.593279 0.335575
vt 0.594991 0.339222
vt 0.599200 0.338781
vt 0.414553 0.866588
vt 0.603615 0.338024
vt 0.608168 0.337217
vt 0.614552 0.340389
vt 0.624169 0.343748
vt 0.628618 0.343155
vt 0.633802 0.346990
vt 0.411778 0.861355
vt 0.408710 0.856497
vt 0.404246 0.855148
vt 0.883067 0.608282
vt 0.882336 0.604798
vt 0.886040 0.599849
vt 0.152086 0.871075
vt 0.889884 0.594968
vt 0.893743 0.590198
vt 0.897516 0.585682
vt 0.901615 0.581186
vt 0.174918 0.892541
vt 0.180311 0.894891
vt 0.399750 0.854782
vt 0.400959 0.851442
vt 0.405445 0.852073
vt 0.144959 0.867838
vt 0.140252 0.867064
vt 0.637992 0.341484
vt 0.642974 0.340607
vt 0.647974 0.344766
vt 0.653223 0.348779
vt 0.658501 0.352702
vt 0.659217 0.357159
vt 0.892421 0.699782
vt 0.887589 0.698835
vt 0.888001 0.696311
vt 0.893015 0.696561
vt 0.888292 0.693544
vt 0.892948 0.693163
vt 0.587726 0.331855
vt 0.591724 0.331767
vt 0.597623 0.334958
vt 0.415671 0.863841
vt 0.602091 0.334083
vt 0.606552 0.333231
vt 0.613180 0.336296
vt 0.619982 0.344124
vt 0.619228 0.339711
vt 0.623754 0.339150
vt 0.628193 0.338575
vt 0.633230 0.342364
vt 0.412923 0.858556
vt 0.409855 0.853627
vt 0.878769 0.609702
vt 0.877781 0.606011
vt 0.881431 0.600847
vt 0.885212 0.595832
vt 0.896377 0.707135
vt 0.892710 0.703597
vt 0.895892 0.702131
vt 0.898502 0.706462
vt 0.889119 0.591009
vt 0.892979 0.586350
vt 0.896827 0.581840
vt 0.178059 0.890870
vt 0.904993 0.572652
vt 0.906608 0.576627
vt 0.901348 0.577154
vt 0.900203 0.573139
vt 0.183687 0.893177
vt 0.186775 0.895975
vt 0.402135 0.847956
vt 0.406678 0.848973
vt 0.899289 0.701026
vt 0.637140 0.337476
vt 0.643313 0.335467
vt 0.647819 0.340055
vt 0.652764 0.344195
vt 0.657932 0.348197
vt 0.892874 0.689671
vt 0.897310 0.688901
vt 0.897644 0.692818
vt 0.898079 0.696806
vt 0.586195 0.328072
vt 0.590362 0.327832
vt 0.596185 0.331083
vt 0.582449 0.327895
vt 0.580857 0.324194
vt 0.584801 0.324194
vt 0.600669 0.330250
vt 0.605178 0.329219
vt 0.610698 0.332400
vt 0.618536 0.335449
vt 0.627717 0.334185
vt 0.623248 0.334795
vt 0.632683 0.337943
vt 0.414033 0.855837
vt 0.410988 0.850758
vt 0.876896 0.601970
vt 0.880605 0.596799
vt 0.884533 0.591921
vt 0.900626 0.705789
vt 0.888480 0.587170
vt 0.892258 0.582542
vt 0.896132 0.577895
vt 0.898963 0.569097
vt 0.903564 0.568667
vt 0.181293 0.889300
vt 0.895185 0.573932
vt 0.396807 0.851733
vt 0.397859 0.848020
vt 0.403483 0.844569
vt 0.407985 0.845839
vt 0.636460 0.333515
vt 0.640285 0.333954
vt 0.648168 0.335163
vt 0.652619 0.339677
vt 0.657551 0.343705
vt 0.662652 0.347716
vt 0.663163 0.352066
vt 0.892910 0.686280
vt 0.897118 0.685147
vt 0.901842 0.688079
vt 0.902361 0.692209
vt 0.903897 0.700706
vt 0.902965 0.696382
vt 0.589150 0.323803
vt 0.594878 0.327158
vt 0.579326 0.320522
vt 0.583518 0.320307
vt 0.604053 0.325150
vt 0.599472 0.326156
vt 0.609446 0.328310
vt 0.613379 0.331953
vt 0.618290 0.331109
vt 0.632175 0.333666
vt 0.627336 0.329805
vt 0.622881 0.330429
vt 0.414918 0.853132
vt 0.412168 0.847855
vt 0.873211 0.607320
vt 0.872398 0.603122
vt 0.876053 0.597829
vt 0.879973 0.592841
vt 0.884003 0.588067
vt 0.904782 0.705036
vt 0.887871 0.583361
vt 0.891369 0.578686
vt 0.894039 0.569884
vt 0.897791 0.565036
vt 0.902224 0.564684
vt 0.184561 0.887846
vt 0.187081 0.891558
vt 0.890139 0.574750
vt 0.399041 0.844280
vt 0.404995 0.841273
vt 0.409469 0.842712
vt 0.636194 0.329146
vt 0.640225 0.329457
vt 0.644280 0.329940
vt 0.648597 0.330324
vt 0.652812 0.335309
vt 0.657360 0.339573
vt 0.662276 0.343287
vt 0.667384 0.347245
vt 0.666979 0.343141
vt 0.901420 0.684074
vt 0.897008 0.681445
vt 0.901071 0.680114
vt 0.906430 0.687121
vt 0.907085 0.691358
vt 0.908318 0.699959
vt 0.907739 0.695661
vt 0.593765 0.323103
vt 0.588103 0.319725
vt 0.577698 0.317022
vt 0.582646 0.315952
vt 0.608658 0.324077
vt 0.598508 0.322114
vt 0.603250 0.321031
vt 0.613682 0.327537
vt 0.618052 0.326836
vt 0.631824 0.329300
vt 0.622554 0.326156
vt 0.627085 0.325317
vt 0.415565 0.850324
vt 0.413491 0.844972
vt 0.869084 0.608592
vt 0.868331 0.604420
vt 0.871623 0.598926
vt 0.875412 0.593793
vt 0.879444 0.588862
vt 0.883575 0.584103
vt 0.902032 0.710318
vt 0.905658 0.709426
vt 0.908975 0.704291
vt 0.887110 0.579407
vt 0.889054 0.570727
vt 0.892993 0.565789
vt 0.900995 0.560713
vt 0.896621 0.560995
vt 0.187928 0.886390
vt 0.190580 0.890031
vt 0.884284 0.575688
vt 0.400552 0.840875
vt 0.406506 0.837853
vt 0.410982 0.839615
vt 0.636074 0.324630
vt 0.640365 0.324767
vt 0.644589 0.325068
vt 0.648970 0.325575
vt 0.653060 0.330829
vt 0.657433 0.336161
vt 0.662099 0.338467
vt 0.666790 0.338631
vt 0.671478 0.339245
vt 0.671707 0.343201
vt 0.905785 0.682937
vt 0.905201 0.678816
vt 0.911054 0.686053
vt 0.911913 0.690368
vt 0.912657 0.694733
vt 0.913025 0.699088
vt 0.592909 0.318831
vt 0.587434 0.315275
vt 0.575851 0.313678
vt 0.578841 0.313849
vt 0.608002 0.319628
vt 0.613191 0.323271
vt 0.597726 0.318077
vt 0.602633 0.317451
vt 0.617736 0.322828
vt 0.631605 0.324758
vt 0.622373 0.322431
vt 0.626993 0.319797
vt 0.416767 0.847805
vt 0.414885 0.842298
vt 0.906508 0.713821
vt 0.909613 0.708603
vt 0.910304 0.712964
vt 0.867342 0.600128
vt 0.870763 0.594673
vt 0.874790 0.589651
vt 0.879069 0.584794
vt 0.883367 0.580032
vt 0.913434 0.703452
vt 0.883981 0.571547
vt 0.888158 0.566655
vt 0.891964 0.561654
vt 0.895511 0.556968
vt 0.899737 0.556789
vt 0.191508 0.884908
vt 0.194265 0.888265
vt 0.401992 0.837296
vt 0.408010 0.834422
vt 0.412604 0.836481
vt 0.636111 0.320046
vt 0.640569 0.320094
vt 0.645000 0.320034
vt 0.653379 0.326258
vt 0.649395 0.320709
vt 0.657579 0.331664
vt 0.662143 0.332924
vt 0.666760 0.333939
vt 0.676018 0.340073
vt 0.675508 0.335697
vt 0.679413 0.336680
vt 0.680309 0.340701
vt 0.671153 0.334893
vt 0.909394 0.677579
vt 0.910181 0.681788
vt 0.915736 0.684895
vt 0.916861 0.689224
vt 0.917673 0.693650
vt 0.917824 0.698141
vt 0.592349 0.314471
vt 0.582571 0.310720
vt 0.587182 0.310448
vt 0.574488 0.310293
vt 0.578386 0.310494
vt 0.612922 0.318868
vt 0.601987 0.313682
vt 0.597140 0.313898
vt 0.617703 0.318675
vt 0.631546 0.319944
vt 0.570591 0.310182
vt 0.569129 0.306841
vt 0.573366 0.306787
vt 0.416529 0.839750
vt 0.914544 0.712166
vt 0.913920 0.707820
vt 0.910777 0.717369
vt 0.907091 0.718245
vt 0.866338 0.595741
vt 0.870104 0.590444
vt 0.874404 0.585480
vt 0.878948 0.580656
vt 0.917865 0.702651
vt 0.883438 0.567427
vt 0.879127 0.576439
vt 0.879174 0.572255
vt 0.887249 0.562535
vt 0.890988 0.557597
vt 0.186536 0.882115
vt 0.189904 0.880811
vt 0.195155 0.883432
vt 0.197907 0.886748
vt 0.403347 0.833636
vt 0.636308 0.315863
vt 0.640791 0.316153
vt 0.645433 0.314777
vt 0.653768 0.321678
vt 0.657826 0.327232
vt 0.649833 0.315929
vt 0.666770 0.329433
vt 0.662279 0.328343
vt 0.670866 0.330642
vt 0.913389 0.676308
vt 0.914547 0.680591
vt 0.920267 0.683733
vt 0.921632 0.688104
vt 0.923001 0.692487
vt 0.591978 0.309925
vt 0.582275 0.306271
vt 0.587046 0.305764
vt 0.577741 0.306655
vt 0.608109 0.314160
vt 0.613151 0.314326
vt 0.596718 0.309491
vt 0.601306 0.309363
vt 0.622366 0.318928
vt 0.617887 0.314478
vt 0.627173 0.315250
vt 0.631710 0.315611
vt 0.572614 0.303105
vt 0.567887 0.303452
vt 0.561009 0.300196
vt 0.567361 0.299882
vt 0.563323 0.303405
vt 0.915214 0.716598
vt 0.919084 0.711584
vt 0.918386 0.707116
vt 0.863723 0.601456
vt 0.862639 0.597066
vt 0.865508 0.591346
vt 0.869702 0.586110
vt 0.874341 0.581230
vt 0.922073 0.702002
vt 0.921124 0.697561
vt 0.879193 0.568075
vt 0.882674 0.563306
vt 0.874467 0.577006
vt 0.874695 0.572853
vt 0.886440 0.558391
vt 0.890159 0.553448
vt 0.894426 0.552967
vt 0.193302 0.879516
vt 0.198666 0.882094
vt 0.201489 0.885322
vt 0.409370 0.830599
vt 0.404566 0.829778
vt 0.636521 0.311854
vt 0.641046 0.313045
vt 0.653935 0.317306
vt 0.658100 0.322831
vt 0.645711 0.310197
vt 0.649980 0.311678
vt 0.662401 0.324047
vt 0.666552 0.325385
vt 0.674726 0.331848
vt 0.670270 0.326840
vt 0.917436 0.675086
vt 0.918870 0.679392
vt 0.924621 0.682600
vt 0.926130 0.687063
vt 0.927445 0.691681
vt 0.591794 0.305262
vt 0.587051 0.301156
vt 0.582215 0.301961
vt 0.577418 0.302699
vt 0.609207 0.309651
vt 0.613665 0.309854
vt 0.596475 0.304974
vt 0.601001 0.304898
vt 0.622515 0.314833
vt 0.618229 0.310177
vt 0.627456 0.311129
vt 0.632014 0.311419
vt 0.572394 0.299261
vt 0.562558 0.296890
vt 0.567632 0.297129
vt 0.919864 0.716136
vt 0.915970 0.721211
vt 0.911355 0.721884
vt 0.922647 0.706568
vt 0.923301 0.711183
vt 0.912155 0.726569
vt 0.908224 0.727308
vt 0.907607 0.722750
vt 0.865191 0.586870
vt 0.869692 0.581812
vt 0.924424 0.696982
vt 0.925834 0.701533
vt 0.879138 0.563848
vt 0.874946 0.568639
vt 0.881748 0.559193
vt 0.869976 0.577602
vt 0.870309 0.573398
vt 0.885807 0.554204
vt 0.889423 0.549353
vt 0.893339 0.548998
vt 0.196734 0.877914
vt 0.400396 0.830057
vt 0.399435 0.834068
vt 0.410776 0.826707
vt 0.405629 0.825826
vt 0.636814 0.307774
vt 0.641305 0.308883
vt 0.653863 0.313366
vt 0.658045 0.318722
vt 0.928746 0.696296
vt 0.930960 0.690981
vt 0.931571 0.695797
vt 0.928771 0.671493
vt 0.931691 0.670482
vt 0.932847 0.675309
vt 0.930369 0.676159
vt 0.928308 0.661393
vt 0.931138 0.660188
vt 0.932635 0.664795
vt 0.930091 0.665893
vt 0.925008 0.662688
vt 0.923225 0.658375
vt 0.926397 0.657028
vt 0.926979 0.667025
vt 0.912245 0.672109
vt 0.916033 0.670830
vt 0.921415 0.673831
vt 0.923069 0.678191
vt 0.928525 0.681688
vt 0.929803 0.686290
vt 0.591830 0.300577
vt 0.577355 0.298926
vt 0.582375 0.299057
vt 0.609572 0.305143
vt 0.613926 0.305471
vt 0.601023 0.300270
vt 0.596503 0.300289
vt 0.605439 0.309430
vt 0.605341 0.304963
vt 0.622806 0.310681
vt 0.618470 0.305951
vt 0.632367 0.307104
vt 0.627834 0.307192
vt 0.563074 0.293303
vt 0.567903 0.294376
vt 0.417855 0.832505
vt 0.413934 0.833000
vt 0.411652 0.831800
vt 0.415473 0.828357
vt 0.924084 0.715797
vt 0.920656 0.720747
vt 0.916846 0.725904
vt 0.926424 0.706207
vt 0.927024 0.710879
vt 0.913183 0.731319
vt 0.908863 0.732012
vt 0.865520 0.582579
vt 0.928945 0.701055
vt 0.875602 0.564390
vt 0.870756 0.569193
vt 0.881293 0.555012
vt 0.866379 0.574193
vt 0.865966 0.578393
vt 0.885428 0.549989
vt 0.888711 0.545352
vt 0.891907 0.545121
vt 0.201961 0.881085
vt 0.200141 0.876628
vt 0.401367 0.826048
vt 0.406477 0.821960
vt 0.411275 0.822605
vt 0.641130 0.305390
vt 0.636976 0.303843
vt 0.657587 0.315129
vt 0.662103 0.320189
vt 0.645607 0.306501
vt 0.925283 0.672609
vt 0.927009 0.677094
vt 0.923409 0.668287
vt 0.919739 0.669556
vt 0.587322 0.296370
vt 0.592075 0.295683
vt 0.572845 0.294823
vt 0.577803 0.295035
vt 0.582536 0.296154
vt 0.613994 0.301105
vt 0.609641 0.300740
vt 0.605377 0.300450
vt 0.596652 0.295488
vt 0.601025 0.295673
vt 0.623169 0.306597
vt 0.618505 0.301743
vt 0.632524 0.302411
vt 0.564067 0.289187
vt 0.568768 0.289780
vt 0.557723 0.296467
vt 0.558317 0.292606
vt 0.927586 0.715507
vt 0.924872 0.720352
vt 0.921586 0.725343
vt 0.917922 0.730639
vt 0.929620 0.705805
vt 0.929557 0.710569
vt 0.914199 0.736017
vt 0.909852 0.736685
vt 0.871419 0.565063
vt 0.867054 0.570100
vt 0.876511 0.560042
vt 0.876692 0.555802
vt 0.881110 0.550690
vt 0.912035 0.745904
vt 0.911000 0.741303
vt 0.915300 0.740672
vt 0.916380 0.745212
vt 0.885514 0.545584
vt 0.895000 0.541744
vt 0.890830 0.541143
vt 0.890556 0.536965
vt 0.894385 0.537852
vt 0.402095 0.822033
vt 0.415182 0.823163
vt 0.406993 0.817900
vt 0.411667 0.818378
vt 0.931491 0.680930
vt 0.578339 0.290921
vt 0.573586 0.290346
vt 0.582994 0.291519
vt 0.609534 0.296381
vt 0.613750 0.296850
vt 0.605363 0.295965
vt 0.596602 0.290719
vt 0.600854 0.291280
vt 0.623754 0.302771
vt 0.617666 0.297491
vt 0.628169 0.303819
vt 0.628515 0.300427
vt 0.559433 0.288511
vt 0.564969 0.284761
vt 0.569581 0.285397
vt 0.553031 0.293840
vt 0.553869 0.291179
vt 0.928165 0.720012
vt 0.628648 0.297168
vt 0.632595 0.299034
vt 0.925708 0.724799
vt 0.922485 0.729918
vt 0.918944 0.735305
vt 0.913105 0.750434
vt 0.914163 0.754960
vt 0.910768 0.755523
vt 0.909808 0.750984
vt 0.872052 0.560864
vt 0.917418 0.749711
vt 0.872502 0.556726
vt 0.876783 0.551567
vt 0.881129 0.546230
vt 0.919951 0.739901
vt 0.920934 0.744344
vt 0.885710 0.536539
vt 0.885784 0.541041
vt 0.890417 0.532862
vt 0.893972 0.533939
vt 0.402690 0.817986
vt 0.414863 0.818702
vt 0.407447 0.813834
vt 0.412162 0.814243
vt 0.592294 0.289831
vt 0.587627 0.292328
vt 0.574230 0.285955
vt 0.578917 0.286556
vt 0.583525 0.287257
vt 0.613204 0.292978
vt 0.609145 0.292391
vt 0.605034 0.291812
vt 0.600284 0.287452
vt 0.596132 0.286685
vt 0.621094 0.298203
vt 0.617125 0.293603
vt 0.624520 0.299064
vt 0.554562 0.287437
vt 0.560339 0.284062
vt 0.570193 0.280880
vt 0.565607 0.280250
vt 0.417426 0.818797
vt 0.418109 0.822431
vt 0.928912 0.724289
vt 0.624676 0.295729
vt 0.926347 0.729206
vt 0.923441 0.734482
vt 0.918349 0.754250
vt 0.911558 0.760089
vt 0.915105 0.759478
vt 0.921958 0.748837
vt 0.916071 0.763938
vt 0.912428 0.764591
vt 0.872800 0.552611
vt 0.876955 0.547393
vt 0.880443 0.540752
vt 0.924260 0.738933
vt 0.925212 0.743397
vt 0.885704 0.532230
vt 0.880473 0.536346
vt 0.893619 0.529975
vt 0.890314 0.528771
vt 0.403181 0.813879
vt 0.407913 0.809668
vt 0.412487 0.809972
vt 0.587884 0.288250
vt 0.592023 0.285553
vt 0.574644 0.281636
vt 0.579170 0.282370
vt 0.583622 0.283221
vt 0.608442 0.288788
vt 0.612446 0.289505
vt 0.604350 0.288189
vt 0.929655 0.746844
vt 0.930468 0.751364
vt 0.927040 0.752352
vt 0.926118 0.747852
vt 0.620939 0.294455
vt 0.929473 0.728433
vt 0.930062 0.732611
vt 0.927022 0.733593
vt 0.555627 0.283190
vt 0.561131 0.279525
vt 0.570117 0.276971
vt 0.565648 0.276265
vt 0.416744 0.815162
vt 0.919321 0.758753
vt 0.922846 0.753329
vt 0.920326 0.763225
vt 0.916967 0.768367
vt 0.913165 0.769019
vt 0.873140 0.548592
vt 0.927881 0.737967
vt 0.928742 0.742386
vt 0.880674 0.532125
vt 0.885729 0.528072
vt 0.399316 0.818552
vt 0.399861 0.814369
vt 0.403673 0.809751
vt 0.412591 0.805719
vt 0.408211 0.805450
vt 0.416371 0.810643
vt 0.587873 0.284316
vt 0.931345 0.755989
vt 0.928098 0.756897
vt 0.574539 0.277759
vt 0.578889 0.278733
vt 0.583100 0.279913
vt 0.556490 0.278740
vt 0.549084 0.285881
vt 0.550741 0.282061
vt 0.561213 0.275519
vt 0.931688 0.780173
vt 0.931914 0.784791
vt 0.928136 0.785299
vt 0.927787 0.780714
vt 0.923879 0.757836
vt 0.921301 0.767654
vt 0.924926 0.762362
vt 0.917665 0.772698
vt 0.913881 0.773348
vt 0.873691 0.544763
vt 0.877316 0.544045
vt 0.875663 0.536692
vt 0.876147 0.532467
vt 0.880926 0.527910
vt 0.885904 0.523893
vt 0.890257 0.524734
vt 0.400427 0.810113
vt 0.404101 0.805501
vt 0.416286 0.806172
vt 0.408518 0.801187
vt 0.412812 0.801382
vt 0.546694 0.288817
vt 0.542430 0.287184
vt 0.544451 0.284310
vt 0.932197 0.760683
vt 0.929124 0.761502
vt 0.932952 0.765394
vt 0.930029 0.766128
vt 0.931279 0.775513
vt 0.927317 0.776114
vt 0.926762 0.771468
vt 0.930765 0.770825
vt 0.925889 0.766887
vt 0.551803 0.277793
vt 0.556755 0.274662
vt 0.546023 0.280766
vt 0.928472 0.789904
vt 0.932203 0.789410
vt 0.923047 0.781107
vt 0.923447 0.785658
vt 0.922095 0.772078
vt 0.918071 0.777043
vt 0.914322 0.777441
vt 0.874738 0.540777
vt 0.877591 0.540765
vt 0.918586 0.785861
vt 0.919017 0.790401
vt 0.914828 0.790439
vt 0.914441 0.785962
vt 0.876595 0.528167
vt 0.881327 0.523648
vt 0.886252 0.519722
vt 0.890360 0.520671
vt 0.400722 0.805722
vt 0.404334 0.801103
vt 0.416677 0.801694
vt 0.540071 0.282721
vt 0.538327 0.285473
vt 0.408988 0.796691
vt 0.413441 0.796896
vt 0.922638 0.776571
vt 0.547190 0.276681
vt 0.552190 0.273795
vt 0.932437 0.794073
vt 0.928754 0.794514
vt 0.541357 0.279693
vt 0.923777 0.790238
vt 0.918348 0.781397
vt 0.914291 0.781636
vt 0.919478 0.794982
vt 0.915366 0.795025
vt 0.877200 0.523845
vt 0.881848 0.519344
vt 0.886861 0.515513
vt 0.890852 0.516502
vt 0.401022 0.801291
vt 0.404587 0.796505
vt 0.416980 0.797144
vt 0.534431 0.283521
vt 0.536549 0.279399
vt 0.414108 0.792369
vt 0.409450 0.792165
vt 0.547765 0.272610
vt 0.542514 0.275720
vt 0.932238 0.798706
vt 0.928897 0.799154
vt 0.924187 0.794854
vt 0.915866 0.799644
vt 0.919906 0.799612
vt 0.877937 0.519521
vt 0.882517 0.515061
vt 0.891795 0.512411
vt 0.887806 0.511392
vt 0.401229 0.796697
vt 0.405020 0.791805
vt 0.417577 0.792558
vt 0.532020 0.278489
vt 0.530296 0.282200
vt 0.409824 0.787712
vt 0.414828 0.787841
vt 0.932407 0.803432
vt 0.929346 0.803858
vt 0.543172 0.271647
vt 0.537861 0.274901
vt 0.924541 0.799482
vt 0.916262 0.804253
vt 0.920280 0.804232
vt 0.878603 0.515159
vt 0.883384 0.510806
vt 0.888915 0.507234
vt 0.892916 0.508177
vt 0.401536 0.791359
vt 0.405227 0.787281
vt 0.418345 0.787865
vt 0.526072 0.281579
vt 0.527653 0.277672
vt 0.533309 0.274086
vt 0.409999 0.783269
vt 0.414488 0.783187
vt 0.542974 0.268442
vt 0.547459 0.269464
vt 0.924943 0.804156
vt 0.538599 0.270695
vt 0.920482 0.808894
vt 0.916536 0.808864
vt 0.879347 0.510809
vt 0.884564 0.506681
vt 0.890426 0.503226
vt 0.894924 0.503460
vt 0.401570 0.786486
vt 0.405510 0.783238
vt 0.419446 0.783118
vt 0.416903 0.783096
vt 0.521773 0.281078
vt 0.523440 0.277068
vt 0.528968 0.273292
vt 0.534002 0.269776
vt 0.410338 0.778144
vt 0.414865 0.778433
vt 0.538477 0.267378
vt 0.925162 0.808819
vt 0.929507 0.808581
vt 0.920640 0.813563
vt 0.916758 0.813459
vt 0.880439 0.506490
vt 0.885932 0.502665
vt 0.891636 0.500663
vt 0.893992 0.496698
vt 0.897369 0.499245
vt 0.401685 0.782296
vt 0.517503 0.280711
vt 0.519171 0.276522
vt 0.688917 0.947051
vt 0.692229 0.945325
vt 0.695557 0.948032
vt 0.692462 0.950287
vt 0.524609 0.272535
vt 0.529574 0.268889
vt 0.533996 0.266270
vt 0.411104 0.773519
vt 0.415687 0.774012
vt 0.418599 0.778338
vt 0.405481 0.780273
vt 0.405806 0.776387
vt 0.929641 0.813323
vt 0.925345 0.813528
vt 0.920730 0.818226
vt 0.916720 0.817998
vt 0.881693 0.502270
vt 0.887702 0.498613
vt 0.890036 0.494276
vt 0.896672 0.492939
vt 0.899900 0.495755
vt 0.902658 0.492761
vt 0.904522 0.495961
vt 0.902289 0.498347
vt 0.513169 0.280704
vt 0.515067 0.275814
vt 0.520379 0.271862
vt 0.690051 0.953465
vt 0.685121 0.951847
vt 0.525244 0.268104
vt 0.529571 0.265176
vt 0.929750 0.818056
vt 0.925499 0.818280
vt 0.406366 0.772360
vt 0.412072 0.769669
vt 0.416741 0.770266
vt 0.420085 0.773935
vt 0.401516 0.774746
vt 0.401609 0.778597
vt 0.920350 0.822784
vt 0.916245 0.822347
vt 0.883369 0.497920
vt 0.892781 0.490202
vt 0.899723 0.489509
vt 0.509837 0.279236
vt 0.511408 0.274578
vt 0.516296 0.270979
vt 0.520816 0.267432
vt 0.683909 0.956619
vt 0.688584 0.957418
vt 0.525148 0.264440
vt 0.925852 0.823045
vt 0.930113 0.822811
vt 0.407426 0.768598
vt 0.402087 0.770369
vt 0.413302 0.766424
vt 0.417940 0.767149
vt 0.694585 0.954428
vt 0.692917 0.957665
vt 0.905732 0.489694
vt 0.902893 0.486311
vt 0.919000 0.827022
vt 0.915393 0.826787
vt 0.896408 0.486156
vt 0.888572 0.487878
vt 0.886069 0.492123
vt 0.506607 0.277061
vt 0.507338 0.272759
vt 0.512268 0.269882
vt 0.516725 0.266421
vt 0.520650 0.263782
vt 0.681067 0.951118
vt 0.680132 0.955414
vt 0.687468 0.961726
vt 0.682774 0.961120
vt 0.926493 0.827721
vt 0.930450 0.827430
vt 0.402963 0.766680
vt 0.408840 0.765460
vt 0.906202 0.483753
vt 0.909866 0.486556
vt 0.690661 0.965729
vt 0.691642 0.961582
vt 0.695557 0.961185
vt 0.694381 0.965152
vt 0.899875 0.482612
vt 0.922266 0.827471
vt 0.881205 0.494221
vt 0.884719 0.495022
vt 0.879740 0.498143
vt 0.891644 0.484648
vt 0.884149 0.485973
vt 0.882528 0.490222
vt 0.681115 0.946616
vt 0.684804 0.947235
vt 0.502888 0.271529
vt 0.501950 0.275372
vt 0.508125 0.268455
vt 0.512458 0.265661
vt 0.516392 0.262885
vt 0.930447 0.831988
vt 0.926554 0.832241
vt 0.678511 0.959379
vt 0.500630 0.279362
vt 0.504979 0.281204
vt 0.502583 0.284767
vt 0.499080 0.282955
vt 0.686432 0.966074
vt 0.681267 0.965731
vt 0.909450 0.481828
vt 0.913445 0.480019
vt 0.914217 0.484242
vt 0.404898 0.763720
vt 0.414406 0.763291
vt 0.410131 0.762385
vt 0.903450 0.479694
vt 0.419619 0.760871
vt 0.419016 0.764240
vt 0.414901 0.759365
vt 0.893811 0.482193
vt 0.896994 0.478887
vt 0.922071 0.831905
vt 0.918059 0.830978
vt 0.888302 0.482982
vt 0.921666 0.836325
vt 0.921247 0.840655
vt 0.916482 0.839379
vt 0.917214 0.835020
vt 0.503659 0.267736
vt 0.498663 0.271218
vt 0.497552 0.274984
vt 0.508342 0.264587
vt 0.512111 0.262214
vt 0.930589 0.836443
vt 0.926367 0.836682
vt 0.677937 0.963349
vt 0.495282 0.282433
vt 0.496482 0.278656
vt 0.685223 0.969776
vt 0.680371 0.968002
vt 0.911545 0.476524
vt 0.907459 0.477631
vt 0.917316 0.478886
vt 0.917936 0.482777
vt 0.406806 0.760656
vt 0.410006 0.758285
vt 0.900820 0.476220
vt 0.424874 0.761559
vt 0.423930 0.764893
vt 0.415492 0.755074
vt 0.420426 0.756501
vt 0.984980 0.889258
vt 0.988281 0.888403
vt 0.989563 0.891288
vt 0.985893 0.893236
vt 0.891216 0.479713
vt 0.926149 0.841022
vt 0.921038 0.844814
vt 0.916659 0.843810
vt 0.499941 0.267717
vt 0.504139 0.264391
vt 0.968863 0.882219
vt 0.968438 0.878011
vt 0.971447 0.877700
vt 0.972059 0.881958
vt 0.930232 0.844947
vt 0.930514 0.840774
vt 0.933598 0.840210
vt 0.933679 0.844571
vt 0.498551 0.294422
vt 0.493503 0.295247
vt 0.492928 0.290494
vt 0.496978 0.290954
vt 0.494040 0.286269
vt 0.499225 0.287613
vt 0.491579 0.282730
vt 0.492821 0.278952
vt 0.494099 0.298135
vt 0.490985 0.298027
vt 0.489469 0.294843
vt 0.987444 0.874080
vt 0.983644 0.870233
vt 0.988375 0.868096
vt 0.990352 0.872362
vt 0.989053 0.878450
vt 0.984779 0.880093
vt 0.983447 0.875464
vt 0.921090 0.478561
vt 0.921598 0.481187
vt 0.405843 0.758415
vt 0.411047 0.754721
vt 0.990352 0.882436
vt 0.986400 0.884542
vt 0.424590 0.758501
vt 0.975712 0.854319
vt 0.978569 0.856550
vt 0.975071 0.859155
vt 0.973017 0.856591
vt 0.981679 0.890114
vt 0.981983 0.894059
vt 0.916600 0.847393
vt 0.913223 0.845805
vt 0.913836 0.842272
vt 0.925738 0.845145
vt 0.920875 0.848189
vt 0.493964 0.275216
vt 0.972781 0.886184
vt 0.969470 0.886256
vt 0.502437 0.264071
vt 0.975033 0.877257
vt 0.975741 0.881682
vt 0.489691 0.290490
vt 0.490534 0.286470
vt 0.970265 0.869165
vt 0.973568 0.868532
vt 0.974338 0.872881
vt 0.970903 0.873480
vt 0.487601 0.297987
vt 0.486332 0.294630
vt 0.982364 0.865368
vt 0.986310 0.863722
vt 0.979198 0.876528
vt 0.980117 0.881113
vt 0.980705 0.860650
vt 0.984193 0.859573
vt 0.976414 0.862984
vt 0.981157 0.885674
vt 0.977773 0.894226
vt 0.977118 0.890397
vt 0.925319 0.848418
vt 0.976535 0.886102
vt 0.970119 0.890770
vt 0.973257 0.890192
vt 0.929899 0.847043
vt 0.486910 0.290772
vt 0.969274 0.860567
vt 0.972009 0.860339
vt 0.972724 0.864309
vt 0.969639 0.864942
vt 0.977579 0.867305
vt 0.978355 0.871936
vt 0.973789 0.893788
vt 0.929566 0.849138
vt 0.925306 0.850575
vt 0.414664 0.905006
vt 0.876136 0.610571
vt 0.873502 0.611439
vt 0.550282 0.289998
vt 0.931846 0.848107
s 1
usemtl doguinho_texture
f 8/1/1 9/2/2 3/3/3 2/4/4
f 1/5/5 4/6/6 8/1/1 2/4/4
f 6/7/7 3/8/3 9/9/2 14/10/8
f 16/11/9 9/2/2 8/1/1 17/12/10
f 17/12/10 8/1/1 4/6/6 18/13/11
f 5/14/12 11/15/13 21/16/14 13/17/15
f 6/7/7 14/10/8 22/18/16 12/19/17
f 13/17/15 23/20/18 15/21/19 7/22/20
f 16/23/9 24/24/21 14/10/8 9/9/2
f 26/25/22 27/26/23 16/11/9 17/12/10
f 26/25/22 17/12/10 18/13/11 28/27/24
f 18/13/11 10/28/25 19/29/26 28/27/24
f 12/19/17 22/18/16 30/30/27 20/31/28
f 11/15/13 20/31/28 31/32/29 21/16/14
f 13/17/15 21/16/14 32/33/30 23/20/18
f 24/24/21 33/34/31 22/18/16 14/10/8
f 15/35/19 23/36/18 34/37/32 25/38/33
f 16/11/9 27/26/23 35/39/34 24/40/21
f 36/41/35 27/26/23 26/25/22 37/42/36
f 37/42/36 26/25/22 28/27/24 38/43/37
f 39/44/38 28/27/24 19/29/26 29/45/39
f 22/18/16 33/34/31 40/46/40 30/30/27
f 20/31/28 30/30/27 41/47/41 31/32/29
f 32/33/30 21/16/14 31/32/29 42/48/42
f 34/37/32 23/36/18 32/49/30 43/50/43
f 24/24/21 35/51/34 44/52/44 33/34/31
f 36/41/35 46/53/45 35/39/34 27/26/23
f 36/41/35 37/42/36 47/54/46 48/55/47
f 39/44/38 49/56/48 38/43/37 28/27/24
f 51/57/49 40/46/40 33/34/31 44/52/44
f 52/58/50 41/47/41 30/30/27 40/46/40
f 53/59/51 42/48/42 31/32/29 41/47/41
f 32/49/30 42/60/42 54/61/52 43/50/43
f 34/37/32 43/50/43 55/62/53 45/63/54
f 46/64/45 56/65/55 44/52/44 35/51/34
f 36/41/35 48/55/47 58/66/56 46/53/45
f 47/54/46 59/67/57 60/68/58 48/55/47
f 50/69/59 61/70/60 49/56/48 39/44/38
f 47/54/46 38/43/37 49/56/48 62/71/61
f 52/58/50 40/46/40 51/57/49 63/72/62
f 64/73/63 51/57/49 44/52/44 56/65/55
f 53/74/51 65/75/64 54/61/52 42/60/42
f 66/76/65 55/62/53 43/50/43 54/61/52
f 57/77/66 45/63/54 55/62/53 67/78/67
f 46/64/45 58/79/56 68/80/68 56/65/55
f 69/81/69 58/66/56 48/55/47 60/68/58
f 47/54/46 62/71/61 70/82/70 59/67/57
f 60/68/58 59/67/57 71/83/71 72/84/72
f 61/70/60 73/85/73 62/71/61 49/56/48
f 64/73/63 74/86/74 63/72/62 51/57/49
f 52/58/50 63/72/62 75/87/75 76/88/76
f 77/89/77 64/73/63 56/65/55 68/80/68
f 53/74/51 78/90/78 79/91/79 65/75/64
f 66/76/65 54/61/52 65/75/64 80/92/80
f 66/76/65 81/93/81 67/78/67 55/62/53
f 69/94/69 83/95/82 68/80/68 58/79/56
f 69/81/69 60/68/58 72/84/72 84/96/83
f 73/97/73 85/98/84 70/99/70 62/100/61
f 86/101/85 71/83/71 59/67/57 70/82/70
f 71/83/71 87/102/86 88/103/87 72/84/72
f 77/89/77 90/104/88 74/86/74 64/73/63
f 91/105/89 75/87/75 63/72/62 74/86/74
f 75/106/75 92/107/90 78/90/78 76/108/76
f 77/89/77 68/80/68 83/95/82 93/109/91
f 92/107/90 94/110/92 79/91/79 78/90/78
f 80/92/80 65/75/64 79/91/79 95/111/93
f 66/76/65 80/92/80 96/112/94 81/93/81
f 82/113/95 67/78/67 81/93/81 97/114/96
f 69/94/69 84/115/83 99/116/97 83/95/82
f 84/96/83 72/84/72 88/103/87 100/117/98
f 73/85/73 89/118/99 101/119/100 85/120/84
f 86/121/85 70/99/70 85/98/84 102/122/101
f 86/101/85 103/123/102 87/102/86 71/83/71
f 104/124/103 105/125/104 88/103/87 87/102/86
f 77/89/77 93/109/91 107/126/105 90/104/88
f 108/127/106 91/128/89 74/129/74 90/130/88
f 109/131/107 93/109/91 83/95/82 99/116/97
f 92/107/90 110/132/108 111/133/109 94/110/92
f 112/134/110 95/111/93 79/91/79 94/110/92
f 80/92/80 95/111/93 113/135/111 96/112/94
f 81/93/81 96/112/94 114/136/112 97/114/96
f 82/113/95 97/114/96 115/137/113 98/138/114
f 84/115/83 100/139/98 116/140/115 99/116/97
f 100/117/98 88/103/87 105/125/104 117/141/116
f 101/119/100 89/118/99 106/142/117 118/143/118
f 85/98/84 101/144/100 119/145/119 102/122/101
f 86/121/85 102/122/101 120/146/120 103/147/102
f 121/148/121 104/124/103 87/102/86 103/123/102
f 104/124/103 122/149/122 123/150/123 105/125/104
f 109/131/107 127/151/124 107/126/105 93/109/91
f 108/127/106 90/130/88 107/152/105 128/153/125
f 108/127/106 110/132/108 92/107/90 91/128/89
f 109/131/107 99/116/97 116/140/115 129/154/126
f 110/132/108 130/155/127 131/156/128 111/133/109
f 112/134/110 94/110/92 111/133/109 132/157/129
f 112/134/110 133/158/130 113/135/111 95/111/93
f 113/135/111 134/159/131 114/136/112 96/112/94
f 97/114/96 114/136/112 135/160/132 115/137/113
f 116/140/115 100/139/98 117/161/116 136/162/133
f 117/161/116 105/163/104 123/164/123 137/165/134
f 124/166/135 138/167/136 118/143/118 106/142/117
f 101/144/100 118/168/118 139/169/137 119/145/119
f 102/122/101 119/145/119 140/170/138 120/146/120
f 121/171/121 103/147/102 120/146/120 141/172/139
f 121/148/121 142/173/140 122/149/122 104/124/103
f 122/149/122 143/174/141 144/175/142 123/150/123
f 135/160/132 147/176/143 126/177/144 115/137/113
f 109/131/107 129/154/126 149/178/145 127/151/124
f 127/179/124 150/180/146 128/153/125 107/152/105
f 108/127/106 128/153/125 130/155/127 110/132/108
f 129/154/126 116/140/115 136/162/133 151/181/147
f 152/182/148 153/183/149 131/156/128 130/155/127
f 131/156/128 154/184/150 132/157/129 111/133/109
f 112/134/110 132/157/129 155/185/151 133/158/130
f 156/186/152 134/159/131 113/135/111 133/158/130
f 134/159/131 157/187/153 135/160/132 114/136/112
f 158/188/154 136/162/133 117/161/116 137/165/134
f 159/189/155 137/165/134 123/164/123 144/190/142
f 124/166/135 145/191/156 160/192/157 138/167/136
f 118/143/118 138/167/136 161/193/158 139/194/137
f 162/195/159 140/170/138 119/145/119 139/169/137
f 163/196/160 141/172/139 120/146/120 140/170/138
f 121/171/121 141/172/139 164/197/161 142/198/140
f 122/149/122 142/173/140 165/199/162 143/174/141
f 166/200/163 167/201/164 144/175/142 143/174/141
f 146/202/165 168/203/166 145/191/156 125/204/167
f 135/160/132 170/205/168 171/206/169 147/176/143
f 148/207/170 126/177/144 147/176/143 172/208/171
f 149/178/145 129/154/126 151/181/147 173/209/172
f 127/179/124 149/210/145 174/211/173 150/180/146
f 128/153/125 150/180/146 152/182/148 130/155/127
f 175/212/174 151/181/147 136/162/133 158/188/154
f 152/182/148 176/213/175 177/214/176 153/183/149
f 131/156/128 153/183/149 178/215/177 154/184/150
f 154/184/150 179/216/178 155/185/151 132/157/129
f 156/186/152 133/158/130 155/185/151 180/217/179
f 156/186/152 181/218/180 157/187/153 134/159/131
f 135/160/132 157/187/153 181/218/180 170/205/168
f 182/219/181 158/188/154 137/165/134 159/189/155
f 159/189/155 144/190/142 167/220/164 183/221/182
f 145/191/156 168/203/166 184/222/183 160/192/157
f 185/223/184 161/224/158 138/225/136 160/226/157
f 162/195/159 139/169/137 161/224/158 186/227/185
f 163/196/160 140/170/138 162/195/159 187/228/186
f 163/196/160 188/229/187 164/197/161 141/172/139
f 164/197/161 189/230/188 165/231/162 142/198/140
f 166/200/163 143/174/141 165/199/162 190/232/189
f 191/233/190 192/234/191 167/201/164 166/200/163
f 146/202/165 169/235/192 193/236/193 168/203/166
f 170/205/168 195/237/194 196/238/195 171/206/169
f 197/239/196 172/208/171 147/176/143 171/206/169
f 175/212/174 199/240/197 173/209/172 151/181/147
f 149/210/145 173/241/172 200/242/198 174/211/173
f 152/182/148 150/180/146 174/211/173 176/213/175
f 182/219/181 201/243/199 175/212/174 158/188/154
f 202/244/200 203/245/201 177/214/176 176/213/175
f 177/214/176 204/246/202 178/215/177 153/183/149
f 154/184/150 178/215/177 205/247/203 179/216/178
f 179/216/178 206/248/204 180/217/179 155/185/151
f 156/186/152 180/217/179 207/249/205 181/218/180
f 170/205/168 181/218/180 207/249/205 195/237/194
f 182/219/181 159/189/155 183/221/182 208/250/206
f 183/221/182 167/220/164 192/251/191 209/252/207
f 210/253/208 184/222/183 168/203/166 193/236/193
f 211/254/209 185/223/184 160/226/157 184/255/183
f 185/223/184 212/256/210 186/227/185 161/224/158
f 162/195/159 186/227/185 213/257/211 187/228/186
f 163/196/160 187/228/186 214/258/212 188/229/187
f 188/229/187 215/259/213 189/230/188 164/197/161
f 216/260/214 190/261/189 165/231/162 189/230/188
f 191/233/190 166/200/163 190/232/189 217/262/215
f 191/233/190 218/263/216 219/264/217 192/234/191
f 194/265/218 220/266/219 193/236/193 169/235/192
f 195/237/194 222/267/220 223/268/221 196/238/195
f 197/239/196 171/206/169 196/238/195 224/269/222
f 197/239/196 225/270/223 198/271/224 172/208/171
f 201/243/199 226/272/225 199/240/197 175/212/174
f 173/241/172 199/273/197 227/274/226 200/242/198
f 200/242/198 202/244/200 176/213/175 174/211/173
f 182/219/181 208/250/206 228/275/227 201/243/199
f 202/244/200 229/276/228 230/277/229 203/245/201
f 177/214/176 203/245/201 231/278/230 204/246/202
f 179/216/178 205/247/203 232/279/231 206/248/204
f 207/249/205 180/217/179 206/248/204 233/280/232
f 195/237/194 207/249/205 233/280/232 222/267/220
f 183/221/182 209/252/207 234/281/233 208/250/206
f 235/282/234 209/252/207 192/251/191 219/283/217
f 211/254/209 184/255/183 210/284/208 236/285/235
f 210/253/208 193/236/193 220/266/219 237/286/236
f 211/254/209 238/287/237 212/256/210 185/223/184
f 186/227/185 212/256/210 239/288/238 213/257/211
f 240/289/239 214/258/212 187/228/186 213/257/211
f 241/290/240 215/259/213 188/229/187 214/258/212
f 216/260/214 189/230/188 215/259/213 242/291/241
f 216/292/214 243/293/242 217/262/215 190/232/189
f 191/233/190 217/262/215 244/294/243 218/263/216
f 245/295/244 219/264/217 218/263/216 246/296/245
f 194/265/218 221/297/246 247/298/247 220/266/219
f 249/299/248 250/300/249 223/268/221 222/267/220
f 251/301/250 224/269/222 196/238/195 223/268/221
f 252/302/251 225/270/223 197/239/196 224/269/222
f 201/303/199 228/304/227 256/305/252 226/306/225
f 226/306/225 257/307/253 227/274/226 199/273/197
f 200/242/198 227/274/226 229/276/228 202/244/200
f 234/281/233 258/308/254 228/275/227 208/250/206
f 259/309/255 260/310/256 230/277/229 229/276/228
f 230/277/229 261/311/257 231/278/230 203/245/201
f 205/247/203 262/312/258 263/313/259 232/279/231
f 264/314/260 233/280/232 206/248/204 232/279/231
f 249/299/248 222/267/220 233/280/232 264/314/260
f 235/282/234 265/315/261 234/281/233 209/252/207
f 266/316/262 235/282/234 219/283/217 245/317/244
f 210/284/208 237/318/236 267/319/263 236/285/235
f 211/254/209 236/285/235 268/320/264 238/287/237
f 269/321/265 237/286/236 220/266/219 247/298/247
f 212/256/210 238/287/237 270/322/266 239/288/238
f 240/289/239 213/257/211 239/288/238 271/323/267
f 241/290/240 214/258/212 240/289/239 272/324/268
f 241/290/240 273/325/269 242/291/241 215/259/213
f 274/326/270 244/294/243 217/262/215 243/293/242
f 244/294/243 275/327/271 246/296/245 218/263/216
f 245/317/244 246/328/245 276/329/272 277/330/273
f 278/331/274 247/298/247 221/297/246 248/332/275
f 249/299/248 279/333/276 280/334/277 250/300/249
f 281/335/278 251/301/250 223/268/221 250/300/249
f 252/302/251 224/269/222 251/301/250 282/336/279
f 252/302/251 283/337/280 253/338/281 225/270/223
f 278/339/274 248/340/275 255/341/282 286/342/283
f 286/342/283 255/341/282 254/343/284 285/344/285
f 256/305/252 228/304/227 258/345/254 287/346/286
f 226/306/225 256/305/252 288/347/287 257/307/253
f 257/307/253 259/309/255 229/276/228 227/274/226
f 265/315/261 289/348/288 258/308/254 234/281/233
f 259/309/255 290/349/289 291/350/290 260/310/256
f 292/351/291 261/311/257 230/277/229 260/310/256
f 293/352/292 231/278/230 261/311/257 294/353/293
f 293/352/292 262/312/258 205/247/203 204/246/202
f 295/354/294 296/355/295 263/313/259 262/312/258
f 297/356/296 264/314/260 232/279/231 263/313/259
f 249/299/248 264/314/260 297/356/296 279/333/276
f 266/316/262 298/357/297 265/315/261 235/282/234
f 266/316/262 245/317/244 277/330/273 299/358/298
f 267/319/263 237/318/236 269/359/265 300/360/299
f 267/319/263 301/361/300 268/320/264 236/285/235
f 302/362/301 270/322/266 238/287/237 268/320/264
f 269/363/265 247/364/247 303/365/302 304/366/303
f 305/367/304 271/323/267 239/288/238 270/322/266
f 240/289/239 271/323/267 306/368/305 272/324/268
f 241/290/240 272/324/268 307/369/306 273/325/269
f 274/326/270 308/370/307 275/327/271 244/294/243
f 274/371/270 243/372/242 309/373/308 310/374/309
f 311/375/310 276/376/272 246/296/245 275/327/271
f 276/329/272 312/377/311 313/378/312 277/330/273
f 278/339/274 314/379/313 303/365/302 247/364/247
f 315/380/314 316/381/315 280/334/277 279/333/276
f 281/335/278 250/300/249 280/334/277 317/382/316
f 281/335/278 318/383/317 282/336/279 251/301/250
f 252/302/251 282/336/279 319/384/318 283/337/280
f 284/385/319 322/386/320 323/387/321 285/344/285
f 278/339/274 286/342/283 324/388/322 314/379/313
f 286/342/283 285/344/285 323/387/321 324/388/322
f 287/346/286 258/345/254 289/389/288 325/390/323
f 256/305/252 287/346/286 326/391/324 288/347/287
f 257/307/253 288/347/287 290/349/289 259/309/255
f 265/392/261 298/393/297 327/394/325 289/389/288
f 328/395/326 329/396/327 291/350/290 290/349/289
f 330/397/328 292/351/291 260/310/256 291/350/290
f 294/353/293 261/311/257 292/351/291 331/398/329
f 293/352/292 294/353/293 295/354/294 262/312/258
f 332/399/330 296/355/295 295/354/294 333/400/331
f 334/401/332 297/356/296 263/313/259 296/355/295
f 315/380/314 279/333/276 297/356/296 334/401/332
f 266/316/262 299/358/298 335/402/333 298/357/297
f 277/330/273 313/378/312 336/403/334 299/358/298
f 267/319/263 300/360/299 337/404/335 301/361/300
f 302/362/301 268/320/264 301/361/300 338/405/336
f 302/362/301 339/406/337 305/367/304 270/322/266
f 314/379/313 340/407/338 304/366/303 303/365/302
f 341/408/339 306/368/305 271/323/267 305/367/304
f 307/369/306 272/324/268 306/368/305 342/409/340
f 343/410/341 309/373/308 273/325/269 307/369/306
f 274/371/270 310/374/309 344/411/342 308/412/307
f 308/370/307 345/413/343 311/375/310 275/327/271
f 310/374/309 309/373/308 343/410/341 346/414/344
f 311/415/310 347/416/345 312/377/311 276/329/272
f 348/417/346 349/418/347 313/378/312 312/377/311
f 350/419/348 351/420/349 316/381/315 315/380/314
f 316/381/315 352/421/350 317/382/316 280/334/277
f 281/335/278 317/382/316 353/422/351 318/383/317
f 318/383/317 354/423/352 319/384/318 282/336/279
f 355/424/353 320/425/354 283/337/280 319/384/318
f 284/385/319 321/426/355 358/427/356 322/386/320
f 359/428/357 360/429/358 323/387/321 322/386/320
f 361/430/359 314/379/313 324/388/322 362/431/360
f 324/388/322 323/387/321 360/429/358 362/431/360
f 363/432/361 325/390/323 289/389/288 327/394/325
f 287/346/286 325/390/323 364/433/362 326/391/324
f 328/395/326 290/349/289 288/347/287 326/391/324
f 335/434/333 365/435/363 327/394/325 298/393/297
f 366/436/364 329/396/327 328/395/326 367/437/365
f 368/438/366 330/397/328 291/350/290 329/396/327
f 369/439/367 370/440/368 331/398/329 292/351/291
f 294/353/293 331/398/329 333/400/331 295/354/294
f 334/401/332 296/355/295 332/399/330 371/441/369
f 372/442/370 332/399/330 333/400/331 373/443/371
f 350/419/348 315/380/314 334/401/332 371/441/369
f 374/444/372 335/402/333 299/358/298 336/403/334
f 375/445/373 336/403/334 313/378/312 349/418/347
f 337/404/335 300/360/299 376/446/374 377/447/375
f 338/405/336 301/361/300 337/404/335 378/448/376
f 302/362/301 338/405/336 379/449/377 339/406/337
f 341/408/339 305/367/304 339/406/337 380/450/378
f 381/451/379 340/407/338 314/379/313 361/430/359
f 342/409/340 306/368/305 341/408/339 382/452/380
f 343/410/341 307/369/306 342/409/340 383/453/381
f 310/374/309 346/414/344 384/454/382 344/411/342
f 308/412/307 344/411/342 385/455/383 345/456/343
f 311/375/310 345/413/343 386/457/384 347/458/345
f 343/410/341 383/453/381 387/459/385 346/414/344
f 348/417/346 312/377/311 347/416/345 388/460/386
f 348/417/346 389/461/387 390/462/388 349/418/347
f 350/419/348 391/463/389 392/464/390 351/420/349
f 316/381/315 351/420/349 392/464/390 393/465/391
f 316/381/315 393/465/391 394/466/392 352/421/350
f 352/421/350 395/467/393 353/422/351 317/382/316
f 318/383/317 353/422/351 396/468/394 354/423/352
f 355/424/353 319/384/318 354/423/352 397/469/395
f 356/470/396 355/424/353 397/469/395 398/471/397
f 400/472/398 358/427/356 357/473/399 401/474/400
f 359/428/357 322/386/320 358/427/356 400/472/398
f 402/475/401 403/476/402 360/429/358 359/428/357
f 404/477/403 361/430/359 362/431/360 405/478/404
f 405/478/404 362/431/360 360/429/358 403/476/402
f 406/479/405 364/433/362 325/390/323 363/432/361
f 363/432/361 327/394/325 365/435/363 407/480/406
f 328/395/326 326/391/324 364/433/362 367/437/365
f 374/481/372 408/482/407 365/435/363 335/434/333
f 366/436/364 409/483/408 368/438/366 329/396/327
f 366/436/364 367/437/365 410/484/409 411/485/410
f 368/438/366 412/486/411 369/439/367 330/397/328
f 413/487/412 370/440/368 369/439/367 412/486/411
f 370/440/368 373/443/371 333/400/331 331/398/329
f 372/442/370 414/488/413 371/441/369 332/399/330
f 372/442/370 373/443/371 415/489/414 416/490/415
f 350/419/348 371/441/369 414/488/413 391/463/389
f 374/444/372 336/403/334 375/445/373 417/491/416
f 375/445/373 349/418/347 390/462/388 418/492/417
f 376/446/374 419/493/418 420/494/419 377/447/375
f 337/404/335 377/447/375 421/495/420 378/448/376
f 338/405/336 378/448/376 422/496/421 379/449/377
f 339/406/337 379/449/377 423/497/422 380/450/378
f 424/498/423 382/452/380 341/408/339 380/450/378
f 376/499/374 340/407/338 381/451/379 419/500/418
f 404/477/403 425/501/424 381/451/379 361/430/359
f 383/453/381 342/409/340 382/452/380 426/502/425
f 384/454/382 346/414/344 387/459/385 427/503/426
f 384/454/382 428/504/427 385/455/383 344/411/342
f 386/505/384 345/456/343 385/455/383 429/506/428
f 386/457/384 430/507/429 388/508/386 347/458/345
f 387/459/385 383/453/381 426/502/425 431/509/430
f 348/417/346 388/460/386 432/510/431 389/461/387
f 433/511/432 434/512/433 390/462/388 389/461/387
f 391/463/389 435/513/434 436/514/435 392/464/390
f 436/514/435 437/515/436 393/465/391 392/464/390
f 438/516/437 394/466/392 393/465/391 437/515/436
f 352/421/350 394/466/392 439/517/438 395/467/393
f 353/422/351 395/467/393 440/518/439 396/468/394
f 441/519/440 397/469/395 354/423/352 396/468/394
f 441/519/440 442/520/441 398/471/397 397/469/395
f 442/520/441 445/521/442 399/522/443 398/471/397
f 446/523/444 400/472/398 401/474/400 447/524/445
f 446/523/444 402/475/401 359/428/357 400/472/398
f 402/475/401 448/525/446 449/526/447 403/476/402
f 450/527/448 451/528/449 404/477/403 405/478/404
f 450/527/448 405/478/404 403/476/402 449/526/447
f 406/479/405 410/484/409 367/437/365 364/433/362
f 406/479/405 363/432/361 407/480/406 452/529/450
f 408/482/407 453/530/451 407/480/406 365/435/363
f 374/481/372 417/531/416 454/532/452 408/482/407
f 366/436/364 411/485/410 455/533/453 409/483/408
f 368/438/366 409/483/408 456/534/454 412/486/411
f 410/484/409 457/535/455 458/536/456 411/485/410
f 413/487/412 415/489/414 373/443/371 370/440/368
f 413/487/412 412/486/411 456/534/454 459/537/457
f 372/442/370 416/490/415 460/538/458 414/488/413
f 416/490/415 415/489/414 461/539/459 462/540/460
f 460/538/458 435/513/434 391/463/389 414/488/413
f 463/541/461 417/491/416 375/445/373 418/492/417
f 464/542/462 418/492/417 390/462/388 434/512/433
f 420/543/419 419/500/418 465/544/463 466/545/464
f 377/447/375 420/494/419 467/546/465 421/495/420
f 422/496/421 378/448/376 421/495/420 468/547/466
f 379/449/377 422/496/421 469/548/467 423/497/422
f 424/498/423 380/450/378 423/497/422 470/549/468
f 424/498/423 471/550/469 426/502/425 382/452/380
f 381/451/379 425/501/424 465/544/463 419/500/418
f 404/477/403 451/528/449 472/551/470 425/501/424
f 473/552/471 427/503/426 387/459/385 431/509/430
f 384/454/382 427/503/426 474/553/472 428/504/427
f 428/504/427 475/554/473 429/506/428 385/455/383
f 386/505/384 429/506/428 476/555/474 430/556/429
f 477/557/475 432/558/431 388/508/386 430/507/429
f 433/511/432 389/461/387 432/510/431 478/559/476
f 433/511/432 479/560/477 480/561/478 434/512/433
f 436/514/435 435/513/434 481/562/479 482/563/480
f 436/514/435 482/563/480 483/564/481 437/515/436
f 438/516/437 484/565/482 439/517/438 394/466/392
f 438/516/437 437/515/436 483/564/481 485/566/483
f 439/517/438 486/567/484 440/518/439 395/467/393
f 441/519/440 487/568/485 488/569/486 442/520/441
f 443/570/487 489/571/488 490/572/489 444/573/490
f 442/520/441 488/569/486 491/574/491 445/521/442
f 446/523/444 447/524/445 492/575/492 493/576/493
f 446/523/444 493/576/493 448/525/446 402/475/401
f 448/525/446 494/577/494 495/578/495 449/526/447
f 450/527/448 496/579/496 497/580/497 451/528/449
f 450/527/448 449/526/447 495/578/495 496/579/496
f 406/479/405 452/529/450 457/535/455 410/484/409
f 498/581/498 452/529/450 407/480/406 453/530/451
f 499/582/499 500/583/500 453/530/451 408/482/407
f 463/584/461 501/585/501 454/532/452 417/531/416
f 499/582/499 408/482/407 454/532/452 501/585/501
f 502/586/502 456/534/454 409/483/408 455/533/453
f 503/587/503 458/536/456 457/535/455 504/588/504
f 413/487/412 459/537/457 461/539/459 415/489/414
f 502/586/502 505/589/505 459/537/457 456/534/454
f 460/538/458 416/490/415 462/540/460 506/590/506
f 460/538/458 506/590/506 481/562/479 435/513/434
f 463/584/461 418/591/417 464/592/462 507/593/507
f 508/594/508 464/542/462 434/512/433 480/561/478
f 509/595/509 466/545/464 465/544/463 510/596/510
f 511/597/511 467/598/465 420/543/419 466/545/464
f 467/546/465 512/599/512 468/547/466 421/495/420
f 513/600/513 469/548/467 422/496/421 468/547/466
f 514/601/514 470/549/468 423/497/422 469/548/467
f 424/498/423 470/549/468 515/602/515 471/550/469
f 472/551/470 510/596/510 465/544/463 425/501/424
f 497/580/497 516/603/516 472/551/470 451/528/449
f 474/553/472 427/503/426 473/552/471 517/604/517
f 473/552/471 431/509/430 518/605/518 519/606/519
f 428/504/427 474/553/472 520/607/520 475/554/473
f 475/554/473 521/608/521 476/555/474 429/506/428
f 477/557/475 430/507/429 476/609/474 522/610/522
f 477/557/475 523/611/523 478/612/476 432/558/431
f 433/511/432 478/559/476 524/613/524 479/560/477
f 525/614/525 526/615/526 482/563/480 481/562/479
f 526/615/526 527/616/527 483/564/481 482/563/480
f 438/516/437 485/566/483 528/617/528 484/565/482
f 439/517/438 484/565/482 529/618/529 486/567/484
f 530/619/530 485/566/483 483/564/481 527/616/527
f 441/519/440 440/518/439 486/567/484 487/568/485
f 531/620/531 488/569/486 487/568/485 532/621/532
f 443/570/487 445/521/442 491/574/491 489/571/488
f 531/620/531 534/622/533 491/574/491 488/569/486
f 493/576/493 492/575/492 535/623/534 536/624/535
f 448/525/446 493/576/493 536/624/535 494/577/494
f 494/577/494 537/625/536 538/626/537 495/578/495
f 539/627/538 496/579/496 495/578/495 538/626/537
f 498/581/498 504/588/504 457/535/455 452/529/450
f 498/581/498 453/530/451 500/583/500 540/628/539
f 499/582/499 541/629/540 542/630/541 500/583/500
f 463/584/461 507/593/507 543/631/542 501/585/501
f 499/582/499 501/585/501 543/631/542 541/629/540
f 502/586/502 455/533/453 544/632/543 545/633/544
f 503/587/503 544/632/543 455/533/453 458/536/456
f 503/587/503 504/588/504 546/634/545 547/635/546
f 459/537/457 505/589/505 548/636/547 461/539/459
f 549/637/548 505/589/505 502/586/502 545/633/544
f 550/638/549 551/639/550 506/590/506 462/540/460
f 525/614/525 481/562/479 506/590/506 551/639/550
f 552/640/551 507/593/507 464/592/462 508/641/508
f 553/642/552 554/643/553 508/641/508 480/644/478
f 509/595/509 555/645/554 511/597/511 466/545/464
f 556/646/555 509/595/509 510/596/510 557/647/556
f 511/648/511 558/649/557 512/599/512 467/546/465
f 513/600/513 468/547/466 512/599/512 559/650/558
f 513/600/513 560/651/559 514/601/514 469/548/467
f 514/601/514 561/652/560 515/602/515 470/549/468
f 471/550/469 515/602/515 518/605/518 431/509/430
f 472/551/470 516/603/516 557/647/556 510/596/510
f 562/653/561 516/603/516 497/580/497 563/654/562
f 564/655/563 517/604/517 473/552/471 519/606/519
f 474/553/472 517/604/517 565/656/564 520/607/520
f 566/657/565 567/658/566 519/606/519 518/605/518
f 475/554/473 520/607/520 568/659/567 521/608/521
f 569/660/568 522/661/522 476/555/474 521/608/521
f 477/557/475 522/610/522 570/662/569 523/611/523
f 571/663/570 524/664/524 478/612/476 523/611/523
f 572/665/571 479/560/477 524/613/524 573/666/572
f 525/614/525 574/667/573 575/668/574 526/615/526
f 530/619/530 576/669/575 528/617/528 485/566/483
f 484/565/482 528/617/528 577/670/576 529/618/529
f 532/621/532 487/568/485 486/567/484 529/618/529
f 530/619/530 527/616/527 578/671/577 579/672/578
f 531/620/531 532/621/532 580/673/579 581/674/580
f 491/574/491 534/622/533 533/675/581 489/571/488
f 531/620/531 581/674/580 584/676/582 534/622/533
f 535/623/534 586/677/583 587/678/584 536/624/535
f 494/577/494 536/624/535 587/678/584 537/625/536
f 538/626/537 537/625/536 588/679/585 589/680/586
f 539/627/538 538/626/537 589/680/586 590/681/587
f 498/581/498 540/628/539 546/634/545 504/588/504
f 540/628/539 500/583/500 542/630/541 591/682/588
f 592/683/589 542/630/541 541/629/540 593/684/590
f 552/640/551 594/685/591 543/631/542 507/593/507
f 541/629/540 543/631/542 594/685/591 593/684/590
f 595/686/592 596/687/593 545/633/544 544/632/543
f 547/635/546 546/634/545 597/688/594 598/689/595
f 599/690/596 548/636/547 505/589/505 549/637/548
f 549/637/548 545/633/544 596/687/593 600/691/597
f 550/638/549 601/692/598 602/693/599 551/639/550
f 599/690/596 550/638/549 462/540/460 548/636/547
f 525/614/525 551/639/550 602/693/599 574/667/573
f 552/640/551 508/641/508 554/643/553 603/694/600
f 604/695/601 605/696/602 554/643/553 553/642/552
f 556/646/555 606/697/603 555/645/554 509/595/509
f 607/698/604 558/699/557 511/597/511 555/645/554
f 608/700/605 609/701/606 556/646/555 557/647/556
f 610/702/607 559/703/558 512/704/512 558/699/557
f 513/600/513 559/650/558 611/705/608 560/651/559
f 514/601/514 560/651/559 612/706/609 561/652/560
f 566/657/565 518/605/518 515/602/515 561/652/560
f 608/700/605 557/647/556 516/603/516 562/653/561
f 562/653/561 563/654/562 613/707/610 614/708/611
f 615/709/612 565/656/564 517/604/517 564/655/563
f 564/655/563 519/606/519 567/658/566 616/710/613
f 520/607/520 565/656/564 617/711/614 568/659/567
f 566/657/565 618/712/615 619/713/616 567/658/566
f 569/660/568 521/608/521 568/659/567 620/714/617
f 569/660/568 621/715/618 570/716/569 522/661/522
f 570/662/569 622/717/619 571/663/570 523/611/523
f 623/718/620 573/666/572 524/613/524 571/719/570
f 624/720/621 572/665/571 573/666/572 625/721/622
f 574/667/573 626/722/623 627/723/624 575/668/574
f 530/619/530 579/672/578 628/724/625 576/669/575
f 576/669/575 629/725/626 577/670/576 528/617/528
f 532/621/532 529/618/529 577/670/576 580/673/579
f 575/668/574 627/723/624 578/671/577 527/616/527
f 630/726/627 590/681/587 579/727/578 578/728/577
f 631/729/628 581/730/580 580/731/579 632/732/629
f 582/733/630 533/734/581 534/735/533 584/736/582
f 582/733/630 633/737/631 634/738/632 583/739/632
f 635/740/633 584/736/582 581/730/580 631/729/628
f 535/623/534 585/741/634 636/742/635 586/677/583
f 637/743/636 638/744/637 587/678/584 586/677/583
f 638/744/637 588/679/585 537/625/536 587/678/584
f 639/745/638 628/746/625 589/680/586 588/679/585
f 579/727/578 590/681/587 589/680/586 628/746/625
f 630/726/627 613/707/610 539/627/538 590/681/587
f 540/628/539 591/682/588 597/688/594 546/634/545
f 592/683/589 640/747/639 591/682/588 542/630/541
f 552/640/551 603/694/600 641/748/640 594/685/591
f 641/748/640 642/749/641 593/684/590 594/685/591
f 595/686/592 643/750/642 644/751/643 596/687/593
f 645/752/644 598/689/595 597/688/594 646/753/645
f 647/754/646 547/635/546 598/689/595 648/755/647
f 599/690/596 549/637/548 600/691/597 649/756/648
f 650/757/649 600/691/597 596/687/593 644/751/643
f 599/690/596 649/756/648 601/692/598 550/638/549
f 651/758/650 602/693/599 601/692/598 652/759/651
f 651/758/650 626/722/623 574/667/573 602/693/599
f 653/760/652 654/761/653 605/696/602 604/695/601
f 604/762/601 553/763/552 655/764/654 656/765/655
f 556/646/555 609/701/606 657/766/656 606/697/603
f 607/698/604 555/645/554 606/697/603 658/767/657
f 607/698/604 659/768/658 610/702/607 558/699/557
f 608/700/605 660/769/659 661/770/660 609/701/606
f 610/702/607 662/771/661 611/772/608 559/703/558
f 611/705/608 663/773/662 612/706/609 560/651/559
f 566/657/565 561/652/560 612/706/609 618/712/615
f 608/700/605 562/653/561 614/708/611 660/769/659
f 630/726/627 664/774/663 614/708/611 613/707/610
f 615/709/612 564/655/563 616/710/613 665/775/664
f 616/710/613 567/658/566 619/713/616 666/776/665
f 620/714/617 568/659/567 617/711/614 667/777/666
f 668/778/667 619/713/616 618/712/615 669/779/668
f 569/660/568 620/714/617 670/780/669 621/715/618
f 570/716/569 621/715/618 671/781/670 622/782/619
f 623/783/620 571/663/570 622/717/619 672/784/671
f 623/718/620 673/785/672 625/721/622 573/666/572
f 624/720/621 656/765/655 655/764/654 572/665/571
f 624/720/621 625/721/622 674/786/673 675/787/674
f 664/788/663 627/723/624 626/722/623 676/789/675
f 639/790/638 629/725/626 576/669/575 628/724/625
f 580/673/579 577/670/576 629/725/626 632/791/629
f 630/792/627 578/671/577 627/723/624 664/788/663
f 677/793/676 631/729/628 632/732/629 678/794/677
f 582/733/630 584/736/582 635/740/633 633/737/631
f 677/793/676 679/795/678 635/740/633 631/729/628
f 636/742/635 680/796/679 637/743/636 586/677/583
f 677/793/676 678/794/677 638/744/637 637/743/636
f 639/745/638 588/679/585 638/744/637 678/794/677
f 591/682/588 640/747/639 646/753/645 597/688/594
f 681/797/680 682/798/681 640/747/639 592/683/589
f 683/799/682 684/800/683 641/748/640 603/694/600
f 685/801/684 642/749/641 641/748/640 684/800/683
f 647/754/646 648/755/647 643/750/642 595/686/592
f 686/802/685 644/751/643 643/750/642 687/803/686
f 645/752/644 688/804/687 648/755/647 598/689/595
f 689/805/688 690/806/689 645/752/644 646/753/645
f 650/757/649 691/807/690 649/756/648 600/691/597
f 650/757/649 644/751/643 686/802/685 692/808/691
f 691/807/690 652/759/651 601/692/598 649/756/648
f 651/758/650 693/809/692 676/789/675 626/722/623
f 653/760/652 694/810/693 695/811/694 654/761/653
f 653/760/652 604/695/601 656/812/655 696/813/695
f 697/814/696 657/766/656 609/701/606 661/770/660
f 657/766/656 698/815/697 658/767/657 606/697/603
f 607/698/604 658/767/657 699/816/698 659/768/658
f 610/702/607 659/768/658 700/817/699 662/771/661
f 661/770/660 660/769/659 676/818/675 693/819/692
f 611/772/608 662/771/661 701/820/700 663/821/662
f 612/706/609 663/773/662 669/779/668 618/712/615
f 664/774/663 676/818/675 660/769/659 614/708/611
f 616/710/613 666/776/665 702/822/701 665/775/664
f 668/778/667 703/823/702 666/776/665 619/713/616
f 704/824/703 705/825/704 667/777/666 617/711/614
f 706/826/705 670/780/669 620/714/617 667/777/666
f 668/827/667 669/828/668 707/829/706 708/830/707
f 709/831/708 671/781/670 621/715/618 670/780/669
f 623/832/620 672/833/671 710/834/709 673/835/672
f 625/721/622 673/785/672 711/836/710 674/786/673
f 624/720/621 675/787/674 712/837/711 656/765/655
f 675/787/674 674/786/673 713/838/712 714/839/713
f 639/745/638 678/794/677 632/732/629 629/840/626
f 680/796/679 679/795/678 677/793/676 637/743/636
f 689/805/688 646/753/645 640/747/639 682/798/681
f 715/841/714 684/800/683 683/799/682 716/842/715
f 715/841/714 717/843/716 685/801/684 684/800/683
f 643/750/642 648/755/647 688/804/687 687/803/686
f 686/802/685 687/803/686 718/844/717 719/845/718
f 645/752/644 690/806/689 720/846/719 688/804/687
f 721/847/720 722/848/721 690/806/689 689/805/688
f 650/757/649 692/808/691 723/849/722 691/807/690
f 724/850/723 692/808/691 686/802/685 719/845/718
f 725/851/724 652/759/651 691/807/690 723/849/722
f 651/758/650 725/851/724 726/852/725 693/809/692
f 653/760/652 696/813/695 727/853/726 694/810/693
f 694/810/693 728/854/727 729/855/728 695/811/694
f 654/761/653 695/811/694 716/842/715 683/799/682
f 696/813/695 656/812/655 712/856/711 730/857/729
f 731/858/730 698/815/697 657/766/656 697/814/696
f 697/859/696 661/860/660 693/809/692 726/852/725
f 732/861/731 699/816/698 658/767/657 698/815/697
f 699/816/698 733/862/732 700/817/699 659/768/658
f 700/817/699 734/863/733 701/820/700 662/771/661
f 707/829/706 669/828/668 663/821/662 701/820/700
f 703/864/702 735/865/734 702/866/701 666/867/665
f 736/868/735 704/824/703 665/775/664 702/822/701
f 668/827/667 708/830/707 737/869/736 703/864/702
f 736/868/735 738/870/737 705/825/704 704/824/703
f 706/826/705 667/777/666 705/825/704 739/871/738
f 709/831/708 670/780/669 706/826/705 740/872/739
f 707/829/706 741/873/740 742/874/741 708/830/707
f 743/875/742 710/834/709 672/833/671 744/876/743
f 710/834/709 745/877/744 711/878/710 673/835/672
f 746/879/745 713/838/712 674/786/673 711/836/710
f 747/880/746 712/837/711 675/787/674 714/839/713
f 748/881/747 749/882/748 714/839/713 713/838/712
f 721/847/720 689/805/688 682/798/681 750/883/749
f 681/797/680 685/801/684 717/843/716 751/884/750
f 715/841/714 716/842/715 752/885/751 753/886/752
f 715/841/714 753/886/752 754/887/753 717/843/716
f 688/804/687 720/846/719 718/844/717 687/803/686
f 755/888/754 719/845/718 718/844/717 756/889/755
f 722/848/721 757/890/756 720/846/719 690/806/689
f 758/891/757 722/848/721 721/847/720 759/892/758
f 724/850/723 760/893/759 723/849/722 692/808/691
f 724/850/723 719/845/718 755/888/754 761/894/760
f 762/895/761 726/852/725 725/851/724 723/849/722
f 696/813/695 730/857/729 763/896/762 727/853/726
f 694/810/693 727/853/726 764/897/763 728/854/727
f 765/898/764 729/855/728 728/854/727 766/899/765
f 729/855/728 752/885/751 716/842/715 695/811/694
f 747/880/746 767/900/766 730/901/729 712/837/711
f 732/861/731 698/815/697 731/858/730 768/902/767
f 731/903/730 697/859/696 726/852/725 762/895/761
f 732/861/731 769/904/768 733/862/732 699/816/698
f 770/905/769 734/863/733 700/817/699 733/862/732
f 707/829/706 701/820/700 734/863/733 741/873/740
f 771/906/770 735/865/734 703/864/702 737/869/736
f 736/907/735 702/866/701 735/865/734 772/908/771
f 773/909/772 737/869/736 708/830/707 742/874/741
f 736/907/735 772/908/771 774/910/773 738/911/737
f 739/871/738 705/825/704 738/870/737 775/912/774
f 776/913/775 740/872/739 706/826/705 739/871/738
f 709/831/708 740/872/739 777/914/776 744/876/743
f 778/915/777 779/916/778 742/874/741 741/873/740
f 743/875/742 780/917/779 745/877/744 710/834/709
f 743/875/742 744/876/743 777/914/776 781/918/780
f 746/919/745 711/878/710 745/877/744 782/920/781
f 748/881/747 713/838/712 746/879/745 783/921/782
f 784/922/783 785/923/784 749/882/748 748/881/747
f 682/798/681 751/884/750 786/924/785 750/883/749
f 721/847/720 750/883/749 787/925/786 759/892/758
f 754/887/753 786/924/785 751/884/750 717/843/716
f 788/926/787 789/927/788 753/886/752 752/885/751
f 754/887/753 753/886/752 789/927/788 790/928/789
f 757/890/756 756/889/755 718/844/717 720/846/719
f 791/929/790 792/930/791 755/888/754 756/889/755
f 758/891/757 793/931/792 757/890/756 722/848/721
f 758/932/757 759/933/758 794/934/793 795/935/794
f 724/850/723 761/894/760 768/936/767 760/893/759
f 769/904/768 761/937/760 755/938/754 792/939/791
f 796/940/795 764/897/763 727/853/726 763/896/762
f 797/941/796 766/899/765 728/854/727 764/897/763
f 765/898/764 788/926/787 752/885/751 729/855/728
f 798/942/797 765/898/764 766/899/765 799/943/798
f 747/880/746 749/882/748 800/944/799 767/900/766
f 731/903/730 762/895/761 760/893/759 768/936/767
f 732/861/731 768/902/767 761/937/760 769/904/768
f 770/905/769 733/862/732 769/904/768 792/939/791
f 778/915/777 741/873/740 734/863/733 770/905/769
f 771/906/770 801/945/800 772/908/771 735/865/734
f 771/906/770 737/869/736 773/909/772 802/946/801
f 773/909/772 742/874/741 779/916/778 795/935/794
f 803/947/802 774/910/773 772/908/771 801/945/800
f 738/911/737 774/910/773 804/948/803 775/949/774
f 776/913/775 739/871/738 775/912/774 805/950/804
f 778/915/777 791/951/790 793/952/792 779/916/778
f 743/875/742 781/918/780 806/953/805 780/917/779
f 807/954/806 782/920/781 745/877/744 780/917/779
f 746/879/745 782/955/781 808/956/807 783/921/782
f 784/922/783 748/881/747 783/921/782 809/957/808
f 810/958/809 785/923/784 784/922/783 811/959/810
f 785/923/784 812/960/811 800/944/799 749/882/748
f 813/961/812 787/925/786 750/883/749 786/924/785
f 759/933/758 787/962/786 814/963/813 794/934/793
f 754/887/753 790/928/789 813/961/812 786/924/785
f 815/964/814 816/965/815 789/927/788 788/926/787
f 790/928/789 789/927/788 816/965/815 817/966/816
f 757/890/756 793/931/792 791/929/790 756/889/755
f 778/915/777 770/905/769 792/939/791 791/951/790
f 758/932/757 795/935/794 779/916/778 793/952/792
f 794/934/793 802/946/801 773/909/772 795/935/794
f 797/941/796 764/897/763 796/940/795 818/967/817
f 796/940/795 763/896/762 819/968/818 820/969/819
f 797/941/796 821/970/820 799/943/798 766/899/765
f 815/964/814 788/926/787 765/898/764 798/942/797
f 798/971/797 799/972/798 822/973/821 823/974/822
f 771/906/770 802/946/801 824/975/823 801/945/800
f 803/947/802 825/976/824 804/948/803 774/910/773
f 803/947/802 801/945/800 824/975/823 826/977/825
f 775/949/774 804/948/803 827/978/826 805/979/804
f 776/913/775 805/950/804 828/980/827 829/981/828
f 781/918/780 830/982/829 831/983/830 806/953/805
f 807/954/806 780/917/779 806/953/805 832/984/831
f 807/954/806 833/985/832 808/986/807 782/920/781
f 809/957/808 783/921/782 808/956/807 834/987/833
f 784/922/783 809/957/808 835/988/834 811/959/810
f 810/958/809 836/989/835 812/960/811 785/923/784
f 810/958/809 811/959/810 837/990/836 838/991/837
f 819/968/818 800/992/799 812/993/811 839/994/838
f 813/995/812 840/996/839 814/963/813 787/962/786
f 794/934/793 814/963/813 824/975/823 802/946/801
f 813/995/812 790/997/789 817/998/816 840/996/839
f 815/999/814 841/1000/840 842/1001/841 816/1002/815
f 817/998/816 816/1002/815 842/1001/841 843/1003/842
f 796/940/795 820/969/819 844/1004/843 818/967/817
f 845/1005/844 821/970/820 797/941/796 818/967/817
f 846/1006/845 820/969/819 819/968/818 839/994/838
f 847/1007/846 822/973/821 799/972/798 821/1008/820
f 815/999/814 798/971/797 823/974/822 841/1000/840
f 848/1009/847 823/974/822 822/973/821 849/1010/848
f 803/947/802 826/977/825 843/1003/842 825/976/824
f 825/976/824 850/1011/849 827/978/826 804/948/803
f 814/963/813 840/996/839 826/977/825 824/975/823
f 851/1012/850 828/1013/827 805/979/804 827/978/826
f 852/1014/851 853/1015/852 829/981/828 828/980/827
f 854/1016/853 855/1017/854 831/1018/830 830/1019/829
f 832/984/831 806/953/805 831/983/830 856/1020/855
f 807/954/806 832/984/831 857/1021/856 833/985/832
f 858/1022/857 834/1023/833 808/986/807 833/985/832
f 809/957/808 834/987/833 859/1024/858 835/988/834
f 837/990/836 811/959/810 835/988/834 860/1025/859
f 810/958/809 838/991/837 861/1026/860 836/989/835
f 862/1027/861 839/994/838 812/993/811 836/1028/835
f 863/1029/862 864/1030/863 838/991/837 837/990/836
f 817/998/816 843/1003/842 826/977/825 840/996/839
f 841/1000/840 865/1031/864 850/1011/849 842/1001/841
f 825/976/824 843/1003/842 842/1001/841 850/1011/849
f 866/1032/865 844/1004/843 820/969/819 846/1006/845
f 845/1005/844 818/967/817 844/1004/843 867/1033/866
f 845/1034/844 868/1035/867 847/1007/846 821/1008/820
f 862/1027/861 869/1036/868 846/1006/845 839/994/838
f 870/1037/869 849/1010/848 822/973/821 847/1007/846
f 848/1009/847 865/1031/864 841/1000/840 823/974/822
f 871/1038/870 848/1009/847 849/1010/848 854/1016/853
f 851/1012/850 827/978/826 850/1011/849 865/1031/864
f 871/1038/870 852/1039/851 828/1013/827 851/1012/850
f 870/1037/869 855/1017/854 854/1016/853 849/1010/848
f 855/1017/854 872/1040/871 856/1041/855 831/1018/830
f 871/1038/870 854/1016/853 830/1019/829 852/1039/851
f 832/984/831 856/1020/855 873/1042/872 857/1021/856
f 858/1022/857 833/985/832 857/1021/856 874/1043/873
f 875/1044/874 859/1045/858 834/1023/833 858/1022/857
f 876/1046/875 860/1025/859 835/988/834 859/1024/858
f 863/1029/862 837/990/836 860/1025/859 877/1047/876
f 861/1026/860 838/991/837 864/1030/863 878/1048/877
f 862/1027/861 836/1028/835 861/1049/860 879/1050/878
f 880/1051/879 864/1030/863 863/1029/862 881/1052/880
f 882/1053/881 867/1033/866 844/1004/843 866/1032/865
f 866/1032/865 846/1006/845 869/1036/868 883/1054/882
f 845/1034/844 867/1055/866 884/1056/883 868/1035/867
f 870/1037/869 847/1007/846 868/1035/867 885/1057/884
f 871/1038/870 851/1012/850 865/1031/864 848/1009/847
f 870/1037/869 885/1057/884 872/1040/871 855/1017/854
f 873/1058/872 856/1041/855 872/1040/871 886/1059/885
f 887/1060/886 874/1043/873 857/1021/856 873/1042/872
f 888/1061/887 875/1044/874 858/1022/857 874/1043/873
f 876/1062/875 859/1045/858 875/1044/874 889/1063/888
f 876/1046/875 890/1064/889 877/1047/876 860/1025/859
f 863/1029/862 877/1047/876 891/1065/890 881/1052/880
f 880/1051/879 892/1066/891 878/1048/877 864/1030/863
f 893/1067/892 879/1050/878 861/1049/860 878/1068/877
f 880/1051/879 881/1052/880 894/1069/893 895/1070/894
f 882/1071/881 896/1072/895 884/1056/883 867/1055/866
f 882/1053/881 866/1032/865 883/1054/882 897/1073/896
f 883/1054/882 869/1036/868 879/1050/878 898/1074/897
f 868/1035/867 884/1056/883 899/1075/898 885/1057/884
f 885/1057/884 899/1075/898 886/1059/885 872/1040/871
f 887/1076/886 873/1058/872 886/1059/885 900/1077/899
f 888/1061/887 874/1043/873 887/1060/886 901/1078/900
f 888/1061/887 902/1079/901 889/1063/888 875/1044/874
f 876/1062/875 889/1063/888 903/1080/902 890/1081/889
f 890/1064/889 904/1082/903 891/1065/890 877/1047/876
f 891/1065/890 905/1083/904 894/1069/893 881/1052/880
f 880/1051/879 895/1070/894 906/1084/905 892/1066/891
f 893/1067/892 878/1068/877 892/1085/891 907/1086/906
f 893/1067/892 908/1087/907 898/1074/897 879/1050/878
f 895/1070/894 894/1069/893 909/1088/908 910/1089/909
f 882/1053/881 897/1073/896 911/1090/910 896/1091/895
f 899/1075/898 884/1056/883 896/1072/895 912/1092/911
f 883/1054/882 898/1074/897 913/1093/912 897/1073/896
f 886/1059/885 899/1075/898 912/1092/911 900/1077/899
f 887/1076/886 900/1077/899 914/1094/913 901/1095/900
f 888/1061/887 901/1078/900 915/1096/914 902/1079/901
f 889/1063/888 902/1079/901 916/1097/915 903/1080/902
f 890/1081/889 903/1080/902 917/1098/916 904/1099/903
f 904/1082/903 918/1100/917 905/1083/904 891/1065/890
f 905/1083/904 919/1101/918 909/1088/908 894/1069/893
f 920/1102/919 906/1084/905 895/1070/894 921/1103/920
f 906/1104/905 922/1105/921 907/1086/906 892/1085/891
f 893/1067/892 907/1086/906 923/1106/922 908/1087/907
f 908/1087/907 924/1107/923 913/1093/912 898/1074/897
f 925/1108/924 926/1109/925 910/1089/909 909/1088/908
f 927/1110/926 911/1090/910 897/1073/896 913/1093/912
f 928/1111/927 912/1092/911 896/1072/895 911/1112/910
f 914/1094/913 900/1077/899 912/1092/911 928/1111/927
f 929/1113/928 915/1114/914 901/1095/900 914/1094/913
f 915/1096/914 930/1115/929 916/1097/915 902/1079/901
f 903/1080/902 916/1097/915 931/1116/930 917/1098/916
f 932/1117/931 933/1118/932 918/1119/917 904/1099/903
f 905/1083/904 918/1100/917 934/1120/933 919/1101/918
f 920/1121/919 935/1122/934 922/1105/921 906/1104/905
f 936/1123/935 920/1124/919 921/1125/920 937/1126/936
f 938/1127/937 923/1106/922 907/1086/906 922/1105/921
f 939/1128/938 924/1107/923 908/1087/907 923/1106/922
f 924/1107/923 940/1129/939 927/1110/926 913/1093/912
f 925/1108/924 941/1130/940 942/1131/941 926/1109/925
f 921/1103/920 910/1089/909 926/1109/925 937/1132/936
f 925/1108/924 909/1088/908 943/1133/942 944/1134/943
f 928/1111/927 911/1112/910 927/1135/926 945/1136/944
f 929/1113/928 914/1094/913 928/1111/927 945/1136/944
f 946/1137/945 930/1138/929 915/1114/914 929/1113/928
f 916/1097/915 930/1115/929 947/1139/946 931/1116/930
f 932/1117/931 917/1098/916 931/1116/930 948/1140/947
f 932/1117/931 948/1140/947 949/1141/948 933/1118/932
f 918/1119/917 933/1118/932 950/1142/949 934/1143/933
f 951/1144/950 943/1145/942 919/1146/918 934/1143/933
f 936/1147/935 952/1148/951 935/1122/934 920/1121/919
f 953/1149/952 938/1127/937 922/1105/921 935/1122/934
f 936/1123/935 937/1126/936 954/1150/953 955/1151/954
f 938/1127/937 956/1152/955 939/1128/938 923/1106/922
f 939/1128/938 957/1153/956 940/1129/939 924/1107/923
f 945/1136/944 927/1135/926 940/1154/939 958/1155/957
f 959/1156/958 941/1130/940 925/1108/924 944/1134/943
f 941/1130/940 960/1157/959 961/1158/960 942/1131/941
f 942/1131/941 954/1159/953 937/1132/936 926/1109/925
f 962/1160/961 944/1134/943 943/1133/942 951/1161/950
f 946/1137/945 929/1113/928 945/1136/944 958/1155/957
f 963/1162/962 947/1163/946 930/1138/929 946/1137/945
f 948/1140/947 931/1116/930 947/1139/946 964/1164/963
f 965/1165/964 950/1142/949 933/1118/932 949/1141/948
f 966/1166/965 951/1144/950 934/1143/933 950/1142/949
f 936/1147/935 967/1167/966 968/1168/967 952/1148/951
f 953/1149/952 935/1122/934 952/1148/951 969/1169/968
f 953/1149/952 970/1170/969 956/1152/955 938/1127/937
f 971/1171/970 955/1151/954 954/1150/953 972/1172/971
f 939/1128/938 956/1152/955 973/1173/972 957/1153/956
f 974/1174/973 958/1155/957 940/1154/939 957/1175/956
f 959/1156/958 975/1176/974 960/1157/959 941/1130/940
f 959/1156/958 944/1134/943 962/1160/961 976/1177/975
f 960/1157/959 977/1178/976 978/1179/977 961/1158/960
f 942/1180/941 961/1181/960 972/1172/971 954/1150/953
f 962/1182/961 951/1144/950 966/1166/965 979/1183/978
f 974/1174/973 963/1162/962 946/1137/945 958/1155/957
f 963/1162/962 980/1184/979 964/1185/963 947/1163/946
f 966/1166/965 950/1142/949 965/1165/964 981/1186/980
f 982/1187/981 965/1165/964 949/1141/948 983/1188/982
f 968/1168/967 967/1167/966 984/1189/983 985/1190/984
f 969/1169/968 952/1148/951 968/1168/967 986/1191/985
f 953/1149/952 969/1169/968 987/1192/986 970/1170/969
f 973/1173/972 956/1152/955 970/1170/969 988/1193/987
f 989/1194/988 955/1151/954 971/1171/970 990/1195/989
f 991/1196/990 992/1197/991 971/1171/970 972/1172/971
f 993/1198/992 974/1174/973 957/1175/956 973/1199/972
f 959/1156/958 976/1177/975 994/1200/993 975/1176/974
f 975/1176/974 995/1201/994 977/1178/976 960/1157/959
f 962/1182/961 979/1183/978 996/1202/995 976/1203/975
f 997/1204/996 978/1205/977 977/1206/976 998/1207/997
f 991/1196/990 972/1172/971 961/1181/960 978/1205/977
f 966/1166/965 981/1186/980 999/1208/998 979/1183/978
f 993/1198/992 1000/1209/999 963/1162/962 974/1174/973
f 1001/1210/1000 1002/1211/1001 964/1164/963 980/1212/979
f 982/1187/981 1003/1213/1002 981/1186/980 965/1165/964
f 1004/1214/1003 982/1187/981 983/1188/982 1005/1215/1004
f 989/1194/988 984/1216/983 967/1217/966 955/1151/954
f 1006/1218/1005 985/1190/984 984/1189/983 1007/1219/1006
f 968/1168/967 985/1190/984 1008/1220/1007 986/1191/985
f 969/1169/968 986/1191/985 1009/1221/1008 987/1192/986
f 1010/1222/1009 988/1193/987 970/1170/969 987/1192/986
f 993/1198/992 973/1199/972 988/1223/987 1011/1224/1010
f 990/1195/989 971/1171/970 992/1197/991 1012/1225/1011
f 1013/1226/1012 989/1227/988 990/1228/989 1014/1229/1013
f 991/1196/990 1015/1230/1014 1016/1231/1015 992/1197/991
f 1017/1232/1016 1018/1233/1017 994/1234/993 976/1203/975
f 975/1176/974 994/1200/993 1019/1235/1018 995/1201/994
f 998/1236/997 977/1178/976 995/1201/994 1020/1237/1019
f 996/1202/995 979/1183/978 999/1208/998 1021/1238/1020
f 997/1204/996 1015/1230/1014 991/1196/990 978/1205/977
f 1022/1239/1021 997/1240/996 998/1236/997 1023/1241/1022
f 1024/1242/1023 1025/1243/1024 999/1208/998 981/1186/980
f 993/1198/992 1011/1224/1010 1026/1244/1025 1000/1209/999
f 1005/1215/1004 983/1188/982 1002/1211/1001 1001/1210/1000
f 1000/1209/999 1026/1244/1025 1001/1245/1000 980/1184/979
f 1004/1214/1003 1027/1246/1026 1003/1213/1002 982/1187/981
f 1028/1247/1027 1029/1248/1028 1004/1249/1003 1005/1250/1004
f 1013/1226/1012 1007/1219/1006 984/1189/983 989/1227/988
f 1006/1218/1005 1030/1251/1029 1008/1220/1007 985/1190/984
f 1031/1252/1030 1006/1218/1005 1007/1219/1006 1032/1253/1031
f 1033/1254/1032 1009/1221/1008 986/1191/985 1008/1220/1007
f 1010/1222/1009 987/1192/986 1009/1221/1008 1034/1255/1033
f 1010/1256/1009 1035/1257/1034 1011/1224/1010 988/1223/987
f 1016/1231/1015 1036/1258/1035 1012/1225/1011 992/1197/991
f 1013/1226/1012 1014/1229/1013 1037/1259/1036 1038/1260/1037
f 1016/1231/1015 1015/1230/1014 1039/1261/1038 1040/1262/1039
f 1041/1263/1040 1018/1233/1017 1017/1232/1016 1042/1264/1041
f 994/1234/993 1018/1233/1017 1043/1265/1042 1019/1266/1018
f 995/1201/994 1019/1235/1018 1044/1267/1043 1020/1237/1019
f 998/1236/997 1020/1237/1019 1045/1268/1044 1023/1241/1022
f 1046/1269/1045 1021/1238/1020 999/1208/998 1025/1243/1024
f 996/1202/995 1021/1238/1020 1042/1264/1041 1017/1232/1016
f 1022/1239/1021 1039/1270/1038 1015/1271/1014 997/1240/996
f 1022/1239/1021 1023/1241/1022 1047/1272/1046 1048/1273/1047
f 1049/1274/1048 1025/1275/1024 1024/1276/1023 1050/1277/1049
f 1035/1257/1034 1028/1247/1027 1026/1244/1025 1011/1224/1010
f 1028/1247/1027 1005/1250/1004 1001/1245/1000 1026/1244/1025
f 1024/1242/1023 1003/1213/1002 1027/1246/1026 1050/1278/1049
f 1035/1257/1034 1051/1279/1050 1029/1248/1028 1028/1247/1027
f 1004/1249/1003 1029/1248/1028 1052/1280/1051 1053/1281/1052
f 1013/1226/1012 1038/1260/1037 1032/1253/1031 1007/1219/1006
f 1031/1252/1030 1054/1282/1053 1030/1251/1029 1006/1218/1005
f 1055/1283/1054 1033/1254/1032 1008/1220/1007 1030/1251/1029
f 1031/1284/1030 1032/1285/1031 1056/1286/1055 1057/1287/1056
f 1058/1288/1057 1034/1289/1033 1009/1290/1008 1033/1291/1032
f 1010/1256/1009 1034/1289/1033 1051/1279/1050 1035/1257/1034
f 1016/1292/1015 1040/1293/1039 1059/1294/1058 1036/1295/1035
f 1036/1295/1035 1059/1294/1058 1060/1296/1059 1012/1297/1011
f 1037/1259/1036 1014/1229/1013 1012/1297/1011 1060/1296/1059
f 1061/1298/1060 1062/1299/1061 1038/1260/1037 1037/1259/1036
f 1039/1300/1038 1063/1301/1062 1064/1302/1063 1040/1293/1039
f 1041/1303/1040 1065/1304/1064 1043/1305/1042 1018/1306/1017
f 1041/1303/1040 1042/1307/1041 1066/1308/1065 1067/1309/1066
f 1068/1310/1067 1044/1311/1043 1019/1266/1018 1043/1265/1042
f 1068/1312/1067 1045/1268/1044 1020/1237/1019 1044/1267/1043
f 1045/1268/1044 1069/1313/1068 1047/1272/1046 1023/1241/1022
f 1066/1308/1065 1042/1307/1041 1021/1314/1020 1046/1315/1045
f 1022/1239/1021 1048/1273/1047 1063/1316/1062 1039/1270/1038
f 1048/1317/1047 1047/1318/1046 1070/1319/1069 1071/1320/1070
f 1072/1321/1071 1049/1274/1048 1050/1277/1049 1073/1322/1072
f 1073/1323/1072 1050/1324/1049 1027/1325/1026 1053/1281/1052
f 1051/1279/1050 1074/1326/1073 1052/1280/1051 1029/1248/1028
f 1073/1323/1072 1053/1281/1052 1052/1280/1051 1075/1327/1074
f 1062/1299/1061 1056/1328/1055 1032/1253/1031 1038/1260/1037
f 1031/1284/1030 1057/1287/1056 1076/1329/1075 1054/1330/1053
f 1055/1283/1054 1030/1251/1029 1054/1282/1053 1077/1331/1076
f 1056/1286/1055 1078/1332/1077 1079/1333/1078 1057/1287/1056
f 1058/1288/1057 1074/1326/1073 1051/1279/1050 1034/1289/1033
f 1040/1293/1039 1064/1302/1063 1080/1334/1079 1059/1294/1058
f 1060/1296/1059 1059/1294/1058 1080/1334/1079 1081/1335/1080
f 1061/1298/1060 1037/1259/1036 1060/1296/1059 1081/1335/1080
f 1061/1336/1060 1082/1337/1081 1083/1338/1082 1062/1339/1061
f 1048/1340/1047 1071/1341/1070 1064/1302/1063 1063/1301/1062
f 1065/1304/1064 1084/1342/1083 1068/1343/1067 1043/1305/1042
f 1085/1344/1084 1067/1309/1066 1066/1308/1065 1086/1345/1085
f 1068/1343/1067 1084/1342/1083 1069/1346/1068 1045/1347/1044
f 1047/1318/1046 1069/1346/1068 1087/1348/1086 1070/1319/1069
f 1086/1345/1085 1066/1308/1065 1046/1315/1045 1088/1349/1087
f 1072/1321/1071 1073/1322/1072 1075/1350/1074 1089/1351/1088
f 1090/1352/1089 1075/1327/1074 1052/1280/1051 1074/1326/1073
f 1083/1338/1082 1078/1332/1077 1056/1286/1055 1062/1339/1061
f 1091/1353/1090 1076/1329/1075 1057/1287/1056 1079/1333/1078
f 1077/1354/1076 1054/1330/1053 1076/1329/1075 1092/1355/1091
f 1085/1344/1084 1086/1345/1085 1079/1333/1078 1078/1332/1077
f 1058/1288/1057 1093/1356/1092 1090/1352/1089 1074/1326/1073
f 1080/1334/1079 1064/1302/1063 1071/1341/1070 1094/1357/1093
f 1080/1358/1079 1094/1359/1093 1095/1360/1094 1081/1361/1080
f 1061/1336/1060 1081/1361/1080 1095/1360/1094 1082/1337/1081
f 1083/1338/1082 1082/1337/1081 1096/1362/1095 1097/1363/1096
f 1097/1363/1096 1096/1362/1095 1084/1342/1083 1065/1304/1064
f 1085/1344/1084 1097/1363/1096 1065/1304/1064 1067/1309/1066
f 1084/1342/1083 1096/1362/1095 1087/1348/1086 1069/1346/1068
f 1070/1319/1069 1087/1348/1086 1095/1360/1094 1094/1359/1093
f 1086/1345/1085 1088/1349/1087 1091/1353/1090 1079/1333/1078
f 1090/1364/1089 1092/1355/1091 1089/1351/1088 1075/1350/1074
f 1088/1349/1087 1072/1321/1071 1089/1351/1088 1091/1353/1090
f 1085/1344/1084 1078/1332/1077 1083/1338/1082 1097/1363/1096
f 1091/1353/1090 1089/1351/1088 1092/1355/1091 1076/1329/1075
f 1077/1365/1076 1092/1366/1091 1090/1352/1089 1093/1356/1092
f 1096/1362/1095 1082/1337/1081 1095/1360/1094 1087/1348/1086
f 4/6/6 10/28/25 18/13/11
f 37/42/36 38/43/37 47/54/46
f 41/47/41 52/58/50 76/88/76 78/1367/78 53/59/51
f 75/106/75 91/128/89 92/107/90
f 178/215/177 204/246/202 205/247/203
f 204/246/202 231/278/230 293/352/292
f 216/260/214 242/291/241 273/325/269 309/373/308 243/372/242
f 269/359/265 304/1368/303 340/1369/338 376/446/374 300/360/299
f 292/351/291 330/397/328 369/439/367
f 426/502/425 471/550/469 431/509/430
f 396/468/394 440/518/439 441/519/440
f 411/485/410 458/536/456 455/533/453
f 461/539/459 548/636/547 462/540/460
f 479/560/477 572/665/571 655/764/654 553/763/552 480/561/478
f 496/579/496 539/627/538 613/707/610 563/654/562 497/580/497
f 526/615/526 575/668/574 527/616/527
f 503/587/503 547/635/546 647/754/646 595/686/592 544/632/543
f 592/683/589 593/684/590 642/749/641 685/801/684 681/797/680
f 554/643/553 605/696/602 654/761/653 683/799/682 603/694/600
f 565/656/564 615/709/612 665/775/664 704/824/703 617/711/614
f 651/758/650 652/759/651 725/851/724
f 622/782/619 671/781/670 709/831/708 744/876/743 672/833/671
f 681/797/680 751/884/750 682/798/681
f 714/839/713 749/882/748 747/880/746
f 723/849/722 760/893/759 762/895/761
f 730/857/729 767/1370/766 800/992/799 819/968/818 763/896/762
f 740/872/739 776/913/775 829/981/828 853/1015/852 777/914/776
f 777/914/776 853/1015/852 852/1014/851 830/982/829 781/918/780
f 862/1027/861 879/1050/878 869/1036/868
f 895/1070/894 910/1089/909 921/1103/920
f 904/1099/903 917/1098/916 932/1117/931
f 909/1088/908 919/1101/918 943/1133/942
f 948/1140/947 964/1164/963 1002/1211/1001 983/1188/982 949/1141/948
f 936/1123/935 955/1151/954 967/1217/966
f 963/1162/962 1000/1209/999 980/1184/979
f 976/1203/975 996/1202/995 1017/1232/1016
f 981/1186/980 1003/1213/1002 1024/1242/1023
f 990/1228/989 1012/1297/1011 1014/1229/1013
f 1004/1249/1003 1053/1281/1052 1027/1325/1026
f 1025/1275/1024 1049/1274/1048 1072/1321/1071 1088/1349/1087 1046/1315/1045
f 1033/1291/1032 1055/1371/1054 1077/1365/1076 1093/1356/1092 1058/1288/1057
f 1041/1303/1040 1067/1309/1066 1065/1304/1064
f 1070/1319/1069 1094/1359/1093 1071/1320/1070
f 2/4/4 3/8/3 6/7/7 12/19/17 20/31/28 11/15/13 5/14/12 13/17/15 7/22/20 15/35/19 25/38/33 34/37/32 45/63/54 57/77/66 67/78/67 82/113/95 98/138/114 115/137/113 126/177/144 148/207/170 172/208/171 198/271/224 225/270/223 253/338/281 283/337/280 320/425/354 355/424/353 356/470/396 398/471/397 399/522/443 445/521/442 443/570/487 444/573/490 490/572/489 489/571/488 533/734/581 582/733/630 583/739/632 634/738/632 633/737/631 635/740/633 679/795/678 680/796/679 636/742/635 585/741/634 535/623/534 492/575/492 447/524/445 401/474/400 357/473/399 358/427/356 321/426/355 284/385/319 285/344/285 254/343/284 255/341/282 248/332/275 221/297/246 194/265/218 169/235/192 146/202/165 125/204/167 145/191/156 124/166/135 106/142/117 89/118/99 73/85/73 61/70/60 50/69/59 39/44/38 29/45/39 19/29/26 10/28/25 4/6/6 1/5/5
