# Blender 4.5.2 LTS
# www.blender.org
mtllib casa brujas.blend_.mtl
o Cylinder
v 1.260505 -6.537619 -12.419163
v 7.104726 -6.591846 -12.432808
v 1.651312 27.701380 18.888624
v 7.495530 27.647154 18.874977
v 7.441981 29.259655 -10.462914
v 1.597760 29.313883 -10.449268
v -3.797512 29.241236 -8.203445
v -7.922470 29.052778 -4.067352
v -10.149120 28.777199 1.329321
v -10.138468 28.456453 7.164994
v -7.892141 28.139370 12.551233
v -3.752120 27.874224 16.668016
v 7.158275 -8.204348 16.905083
v 1.314057 -8.150122 16.918730
v -4.089375 -7.977277 14.698121
v -8.229396 -7.712132 10.581338
v -10.475722 -7.395049 5.195100
v -10.486375 -7.074302 -0.640574
v -8.259725 -6.798723 -6.037247
v -4.134767 -6.610264 -10.173340
vn 0.1969 -0.0556 0.9788
vn 0.0018 -0.0549 0.9985
vn 0.1933 0.0520 -0.9798
vn -0.0018 0.0549 -0.9985
vn 0.5571 -0.0508 0.8289
vn 0.8324 -0.0382 0.5528
vn 0.9811 -0.0198 0.1925
vn 0.9804 0.0016 -0.1971
vn 0.8304 0.0228 -0.5567
vn 0.5540 0.0405 -0.8315
vt 0.000075 0.177280
vt 0.111170 0.177280
vt 0.111170 0.989180
vt 0.000076 0.989180
vt 0.888830 0.177279
vt 0.999925 0.177279
vt 0.999924 0.989179
vt 0.888830 0.989179
vt 0.333358 0.177279
vt 0.444453 0.177279
vt 0.444453 0.989179
vt 0.333358 0.989179
vt 0.222264 0.177280
vt 0.222264 0.989180
vt 0.666641 0.177279
vt 0.777736 0.177279
vt 0.777736 0.989179
vt 0.666641 0.989179
vt 0.555547 0.177279
vt 0.555547 0.989179
s 1
usemtl Material.002
f 13/1/4 14/2/3 3/3/3 4/4/4
f 1/5/1 2/6/2 5/7/2 6/8/1
f 16/9/9 17/10/8 10/11/8 11/12/9
f 15/13/10 16/9/9 11/12/9 12/14/10
f 19/15/6 20/16/5 7/17/5 8/18/6
f 14/2/3 15/13/10 12/14/10 3/3/3
f 20/16/5 1/5/1 6/8/1 7/17/5
f 18/19/7 19/15/6 8/18/6 9/20/7
f 17/10/8 18/19/7 9/20/7 10/11/8
o Cube.001
v 2.823168 3.951772 -3.655201
v 2.829925 4.231359 -3.711309
v 2.837471 4.514576 -3.678250
v 2.838674 4.870790 -3.704791
v 2.846903 5.120690 -3.474436
v 2.857506 5.123061 -3.117358
v 2.861130 5.179095 -2.837699
v 2.859439 5.314513 -2.507100
v 2.858202 5.172673 -2.198130
v 2.858115 4.833732 -2.085389
v 2.852808 4.585145 -1.945608
v 2.846053 4.305558 -1.889501
v 2.838506 4.022339 -1.922560
v 2.821802 3.666404 -1.895854
v 2.813572 3.416503 -2.126210
v 2.818472 3.413855 -2.483453
v 2.814847 3.357821 -2.763112
v 2.801036 3.222683 -3.093546
v 2.802274 3.364523 -3.402515
v 2.817863 3.703186 -3.515422
v 2.742057 3.817649 -4.026656
v 2.751750 4.218732 -4.107144
v 2.762574 4.625023 -4.059720
v 2.753342 5.136638 -4.097829
v 2.765146 5.495135 -3.767372
v 2.791316 5.497925 -3.255091
v 2.796515 5.578310 -2.853905
v 2.783131 5.773181 -2.379680
v 2.781353 5.569706 -1.936447
v 2.792190 5.082867 -1.774677
v 2.784578 4.726256 -1.574155
v 2.774887 4.325173 -1.493666
v 2.764061 3.918882 -1.541090
v 2.729137 3.408885 -1.502815
v 2.717334 3.050388 -1.833273
v 2.735320 3.045979 -2.345720
v 2.730121 2.965595 -2.746906
v 2.699348 2.772343 -3.220967
v 2.701125 2.975820 -3.664199
v 2.734446 3.461040 -3.826134
v 2.955623 4.310844 -1.692425
v 2.946438 3.966089 -1.732666
v 2.992785 5.365800 -2.068291
v 2.970306 4.953778 -1.930875
v 2.969565 5.305973 -3.187067
v 2.973977 5.374180 -2.846644
v 2.945177 4.565278 -3.869827
v 2.969015 4.998324 -3.902313
v 2.921309 3.577591 -3.671619
v 2.927767 3.880188 -3.841770
v 2.917639 3.157186 -2.755851
v 2.923199 2.992124 -3.158260
v 2.948476 3.532255 -1.700338
v 2.938461 3.228057 -1.980745
v 2.963848 4.651179 -1.760723
v 2.994292 5.538457 -2.444393
v 2.979032 5.302525 -3.621907
v 2.935991 4.220523 -3.910068
v 2.924707 3.164782 -3.534360
v 2.922051 3.225395 -2.415428
v 2.961839 5.268301 -2.133495
v 2.921818 4.539143 -3.774276
v 2.900080 3.639603 -3.593759
v 2.949312 5.210672 -3.548455
v 2.899836 3.263717 -3.468721
v 2.898464 3.106468 -3.126186
v 2.912363 3.321345 -2.053762
v 2.922967 3.993430 -1.827851
v 2.944705 4.892970 -2.008369
v 2.940191 4.933623 -3.803836
v 2.953075 5.473714 -2.850513
v 2.949079 5.015791 -1.853014
v 2.923079 3.939953 -1.637116
v 2.896515 3.133155 -2.380812
v 2.921484 3.598395 -1.798380
v 2.963212 5.425550 -2.476031
v 2.908742 3.136205 -1.907292
v 2.892118 2.879216 -3.189897
v 2.902741 3.846387 -3.934450
v 2.942023 5.064464 -4.000355
v 2.893761 3.067283 -3.599563
v 2.911701 4.217095 -4.008844
v 2.952933 5.395812 -3.694924
v 2.969556 5.652802 -2.412320
v 2.921705 4.592618 -3.965012
v 2.948270 5.399417 -3.221317
v 2.967914 5.464736 -2.002652
v 2.933084 4.315477 -1.593284
v 2.942042 4.686185 -1.667677
v 2.919652 3.467552 -1.601861
v 2.891710 3.058859 -2.751616
v 2.895707 3.516783 -3.749115
v 2.843181 4.436313 -2.688413
v 2.839545 4.379963 -2.968622
v 2.836425 4.156724 -2.632306
v 2.832781 4.099916 -2.912035
v 2.944557 5.221905 -3.111662
v 2.902584 5.170191 -3.139110
v 2.943221 5.193358 -3.188714
v 2.954468 5.251436 -3.166600
v 2.932042 5.194039 -3.134553
v 2.873989 4.228086 -3.763860
v 2.912467 4.184378 -3.802743
v 2.927070 4.222357 -3.870826
v 2.915080 4.286212 -3.803800
v 2.901944 4.215777 -3.785305
v 2.900227 3.310668 -2.490466
v 2.861402 3.364462 -2.462393
v 2.901563 3.339214 -2.413415
v 2.909461 3.280644 -2.435678
v 2.889518 3.339134 -2.467397
v 2.906947 3.955974 -3.756907
v 2.866245 3.929236 -3.703820
v 2.905188 3.878939 -3.728336
v 2.914875 3.900887 -3.786757
v 2.894963 3.933283 -3.728643
v 2.891041 4.306538 -1.837642
v 2.932318 4.348195 -1.799384
v 2.946009 4.309488 -1.731525
v 2.929706 4.246363 -1.798327
v 2.919925 4.317383 -1.816641
v 2.906986 5.230144 -2.840183
v 2.947519 5.267681 -2.883197
v 2.963712 5.335256 -2.844967
v 2.948341 5.268718 -2.781340
v 2.935858 5.250633 -2.851988
v 2.858049 3.304484 -2.761322
v 2.897265 3.264892 -2.718930
v 2.909365 3.196587 -2.757382
v 2.896444 3.263855 -2.820792
v 2.886011 3.282532 -2.749960
v 2.937837 4.576599 -1.845221
v 2.897739 4.605392 -1.897683
v 2.939596 4.653634 -1.873791
v 2.949053 4.631194 -1.815519
v 2.926597 4.599870 -1.873313
v 2.905761 4.434702 -2.688901
v 2.946367 4.392854 -2.681042
v 2.946824 4.425430 -2.730009
v 2.934881 4.422011 -2.686692
v 2.935016 4.431581 -2.701083
v 2.902123 4.378353 -2.969110
v 2.944244 4.385484 -2.928653
v 2.942731 4.336514 -2.961197
v 2.931689 4.380049 -2.957407
v 2.931245 4.365650 -2.966956
v 2.899005 4.155115 -2.632794
v 2.940064 4.145766 -2.673884
v 2.941581 4.194823 -2.641302
v 2.928256 4.151867 -2.644949
v 2.928702 4.166310 -2.635378
v 2.937483 4.105516 -2.872079
v 2.895360 4.098307 -2.912524
v 2.937935 4.138002 -2.921085
v 2.924924 4.099954 -2.900809
v 2.925056 4.109476 -2.915226
v 2.863695 5.018649 -2.823480
v 2.860514 4.969443 -3.068862
v 2.903400 5.001449 -3.083870
v 2.929256 5.018126 -3.078506
v 2.940242 5.038273 -3.057307
v 2.942765 5.077305 -2.862638
v 2.932509 5.066793 -2.835702
v 2.907114 5.053341 -2.825277
v 2.906116 4.023176 -3.573229
v 2.896802 4.004852 -3.555328
v 2.874675 4.000576 -3.540012
v 2.880433 4.226033 -3.585361
v 2.902009 4.216553 -3.597847
v 2.910217 4.192912 -3.607337
v 2.843661 4.228259 -3.553803
v 2.838492 4.014340 -3.510811
v 2.886253 3.390828 -2.514046
v 2.864893 3.408902 -2.509894
v 2.831374 3.443908 -2.524760
v 2.828627 3.401415 -2.736645
v 2.930253 4.521913 -1.972176
v 2.926103 4.350193 -1.937716
v 2.916543 4.326824 -1.948312
v 2.894299 4.318466 -1.961733
v 2.857790 4.318009 -1.995545
v 2.862973 4.532442 -2.038578
v 2.899442 4.545483 -2.007334
v 2.921605 4.540431 -1.991167
v 2.862338 3.363620 -2.735404
v 2.883604 3.348182 -2.726778
v 2.892197 3.335989 -2.703385
v 2.894421 3.370391 -2.531821
vn 0.7833 -0.4539 0.4248
vn 0.7851 0.5674 0.2485
vn 0.9500 -0.0272 0.3110
vn 0.9343 -0.1110 0.3388
vn 0.8894 -0.4336 0.1450
vn 0.7388 -0.4745 -0.4786
vn 0.7964 -0.2060 0.5687
vn 0.8724 -0.4884 0.0179
vn 0.9164 -0.2545 -0.3091
vn 0.9407 -0.1549 -0.3018
vn 0.8315 0.3378 -0.4410
vn 0.7899 -0.5421 -0.2866
vn 0.9463 -0.0210 -0.3226
vn 0.9344 0.0638 -0.3506
vn 0.9082 0.3884 -0.1562
vn 0.8641 0.4445 0.2360
vn 0.8830 0.2744 -0.3809
vn 0.8963 0.4423 -0.0318
vn 0.9332 0.2065 0.2941
vn 0.9523 0.1064 0.2859
vn 0.5140 -0.3195 -0.7961
vn 0.5226 -0.0489 -0.8512
vn 0.4930 -0.0009 -0.8700
vn 0.5421 0.3387 -0.7691
vn 0.5517 0.7721 -0.3153
vn 0.5262 0.8456 -0.0897
vn 0.5228 0.8117 -0.2605
vn 0.5596 0.8280 0.0358
vn 0.5589 0.6249 0.5451
vn 0.5111 0.3292 0.7939
vn 0.5423 0.2939 0.7871
vn 0.5337 0.0234 0.8453
vn 0.5013 -0.0256 0.8649
vn 0.5268 -0.3667 0.7668
vn 0.5029 -0.8072 0.3091
vn 0.4701 -0.8787 0.0833
vn 0.4703 -0.8447 0.2555
vn 0.5039 -0.8625 -0.0469
vn 0.5112 -0.6529 -0.5590
vn 0.4807 -0.3558 -0.8014
vn 0.9996 -0.0258 0.0077
vn 0.9997 -0.0183 -0.0155
vn 0.9974 -0.0231 0.0685
vn 0.9993 -0.0341 -0.0161
vn 0.9993 -0.0368 0.0047
vn 0.9992 -0.0375 -0.0109
vn 0.9994 -0.0332 0.0010
vn 0.9962 -0.0546 -0.0676
vn 0.9999 -0.0169 0.0013
vn 0.9994 -0.0256 -0.0244
vn 0.9999 -0.0142 -0.0047
vn 0.9932 -0.1156 0.0170
vn 0.9986 0.0031 0.0529
vn 0.9947 -0.1024 0.0096
vn 0.9996 -0.0255 0.0097
vn 0.9974 0.0643 -0.0323
vn 0.9984 0.0508 -0.0249
vn 0.9994 -0.0256 -0.0223
vn 0.9961 -0.0278 -0.0834
vn 0.9997 -0.0148 -0.0203
vn 0.9087 -0.3069 -0.2831
vn 0.8899 -0.0349 0.4549
vn 0.8929 0.1661 0.4184
vn 0.9152 -0.3772 0.1415
vn 0.9274 0.2600 0.2688
vn 0.9378 0.3470 0.0066
vn 0.9312 0.3294 -0.1559
vn 0.8834 -0.0108 -0.4685
vn 0.8767 -0.2116 -0.4320
vn 0.9155 -0.1740 0.3628
vn 0.8270 0.5328 -0.1795
vn 0.8392 0.1971 0.5069
vn 0.8373 -0.0240 0.5462
vn 0.7939 -0.6063 0.0466
vn 0.9176 0.1265 -0.3768
vn 0.9186 -0.3947 -0.0213
vn 0.7501 -0.6216 0.2257
vn 0.7328 -0.6804 -0.0058
vn 0.8224 -0.2156 -0.5264
vn 0.8203 0.1681 -0.5467
vn 0.7866 -0.4287 -0.4443
vn 0.8306 -0.0444 -0.5551
vn 0.7824 0.5769 -0.2348
vn 0.7721 0.6355 -0.0032
vn 0.8301 -0.0185 -0.5573
vn 0.8274 0.5585 -0.0589
vn 0.8160 0.3836 0.4324
vn 0.8394 0.0007 0.5435
vn 0.8406 0.1720 0.5137
vn 0.8169 -0.2127 0.5360
vn 0.7968 -0.5804 0.1683
vn 0.8197 -0.2395 -0.5203
vn 0.5820 0.7374 0.3429
vn 0.6591 0.4920 -0.5688
vn 0.6367 -0.5323 0.5579
vn 0.5358 -0.7689 -0.3489
vn 0.9702 -0.2422 0.0032
vn 0.6343 -0.6589 -0.4043
vn 0.8453 -0.5328 0.0397
vn 0.9553 -0.2926 0.0427
vn 0.9185 -0.3300 -0.2179
vn 0.7310 0.5773 0.3638
vn 0.9836 0.0653 0.1684
vn 0.9631 -0.0102 0.2689
vn 0.9067 -0.0575 0.4177
vn 0.9142 0.3589 0.1883
vn 0.9704 0.2389 -0.0352
vn 0.6978 0.6737 0.2434
vn 0.8705 0.4893 -0.0528
vn 0.9683 0.2430 -0.0577
vn 0.9205 0.3777 0.1005
vn 0.9785 -0.0560 0.1983
vn 0.7373 -0.3341 0.5872
vn 0.9084 0.1661 0.3836
vn 0.9618 0.0646 0.2659
vn 0.8911 -0.2983 0.3419
vn 0.7055 -0.5770 -0.4116
vn 0.9739 -0.1168 -0.1947
vn 0.9581 -0.0392 -0.2837
vn 0.9020 0.0109 -0.4316
vn 0.8898 -0.3910 -0.2353
vn 0.6396 -0.4528 0.6212
vn 0.9704 -0.2327 0.0654
vn 0.9600 -0.2764 0.0443
vn 0.8340 -0.5296 0.1547
vn 0.9306 -0.2137 0.2972
vn 0.6884 0.5289 -0.4964
vn 0.9700 0.2302 -0.0786
vn 0.9722 0.2267 -0.0594
vn 0.8580 0.4856 -0.1676
vn 0.9241 0.2955 -0.2423
vn 0.9746 0.0007 -0.2241
vn 0.7508 0.2447 -0.6135
vn 0.8928 -0.2121 -0.3974
vn 0.9530 -0.1139 -0.2806
vn 0.8980 0.2227 -0.3794
vn 0.2232 0.8782 0.4229
vn 0.9930 0.1157 0.0251
vn 0.9888 0.0828 0.1240
vn 0.7561 0.6361 0.1539
vn 0.7481 0.4020 0.5280
vn 0.2037 0.6378 -0.7428
vn 0.9850 0.0105 -0.1721
vn 0.9903 0.1057 -0.0902
vn 0.7353 0.1555 -0.6596
vn 0.7359 0.5402 -0.4083
vn 0.1703 -0.6567 0.7346
vn 0.9851 -0.0644 0.1593
vn 0.9848 -0.1570 0.0739
vn 0.7326 -0.2000 0.6506
vn 0.7127 -0.5793 0.3955
vn 0.9808 -0.1366 -0.1392
vn 0.1664 -0.8901 -0.4244
vn 0.9851 -0.1672 -0.0415
vn 0.7143 -0.4469 -0.5387
vn 0.7191 -0.6745 -0.1670
vn 0.8085 0.1012 0.5797
vn 0.7849 -0.1381 -0.6040
vn 0.1267 -0.2460 -0.9610
vn 0.7358 -0.1708 -0.6553
vn 0.9815 -0.0595 -0.1819
vn 0.9855 0.0106 0.1694
vn 0.7415 0.0934 0.6645
vn 0.1580 0.1446 0.9768
vn 0.9810 -0.1909 0.0338
vn 0.7240 -0.6678 0.1730
vn 0.1636 -0.9481 0.2728
vn 0.2110 0.9710 -0.1126
vn 0.7367 0.6700 -0.0916
vn 0.9893 0.1426 -0.0307
vn 0.6559 0.7438 -0.1286
vn 0.6167 -0.7696 0.1655
vn 0.8228 0.2582 0.5063
vn 0.4060 0.4460 0.7977
vn 0.7595 0.2159 0.6136
vn 0.7660 -0.0620 -0.6398
vn 0.9899 0.1274 -0.0617
vn 0.9828 -0.1849 -0.0017
vn 0.7220 -0.6905 0.0447
vn 0.2034 -0.9771 0.0628
vn 0.6083 -0.7877 0.0979
vn 0.6482 0.7349 -0.1993
vn 0.2485 0.9154 -0.3167
vn 0.7720 0.6002 -0.2091
vn 0.3767 0.0828 -0.9226
vn 0.8021 0.0352 -0.5961
vn 0.9880 0.0354 -0.1501
vn 0.9919 0.0826 0.0968
vt 0.239970 0.698169
vt 0.239585 0.680822
vt 0.247769 0.679824
vt 0.247753 0.699330
vt 0.230528 0.647623
vt 0.222372 0.629304
vt 0.227383 0.620986
vt 0.237271 0.642462
vt 0.197006 0.629675
vt 0.184994 0.634569
vt 0.181499 0.626189
vt 0.194892 0.620463
vt 0.164410 0.651109
vt 0.163943 0.670789
vt 0.156121 0.669493
vt 0.156712 0.646777
vt 0.167647 0.705934
vt 0.173595 0.721510
vt 0.166725 0.726575
vt 0.159702 0.708976
vt 0.193512 0.746435
vt 0.207290 0.739578
vt 0.209321 0.748701
vt 0.192222 0.756502
vt 0.232141 0.730844
vt 0.239513 0.717847
vt 0.247183 0.722006
vt 0.237764 0.737931
vt 0.236358 0.663058
vt 0.244175 0.659895
vt 0.210782 0.622747
vt 0.211930 0.612595
vt 0.171919 0.638121
vt 0.166267 0.630884
vt 0.164387 0.688099
vt 0.156121 0.688962
vt 0.181880 0.739908
vt 0.176710 0.748125
vt 0.219195 0.734605
vt 0.222655 0.742872
vt 0.234989 0.681628
vt 0.232483 0.679698
vt 0.230490 0.668663
vt 0.231381 0.665780
vt 0.233262 0.664734
vt 0.236299 0.681334
vt 0.225693 0.653776
vt 0.219838 0.638337
vt 0.221135 0.633775
vt 0.228085 0.650746
vt 0.187582 0.641836
vt 0.186953 0.644774
vt 0.176742 0.645230
vt 0.174351 0.641528
vt 0.186694 0.639096
vt 0.169731 0.656611
vt 0.170175 0.672908
vt 0.167097 0.671867
vt 0.167064 0.653837
vt 0.182002 0.699181
vt 0.178351 0.701856
vt 0.176152 0.702138
vt 0.180488 0.698166
vt 0.225712 0.667349
vt 0.221745 0.657196
vt 0.229531 0.664446
vt 0.227867 0.667009
vt 0.227239 0.723817
vt 0.234171 0.712365
vt 0.236866 0.715132
vt 0.229690 0.727482
vt 0.226639 0.671695
vt 0.227985 0.679525
vt 0.209112 0.632742
vt 0.209875 0.627595
vt 0.190206 0.655139
vt 0.188496 0.649323
vt 0.188567 0.646753
vt 0.191496 0.653346
vt 0.174793 0.673834
vt 0.174935 0.685243
vt 0.173200 0.686322
vt 0.170600 0.683899
vt 0.178430 0.715329
vt 0.184414 0.730830
vt 0.183130 0.735411
vt 0.176053 0.718373
vt 0.212684 0.723225
vt 0.214527 0.725989
vt 0.207398 0.728913
vt 0.207721 0.725255
vt 0.233727 0.696017
vt 0.236817 0.697090
vt 0.223499 0.669488
vt 0.225134 0.670263
vt 0.208621 0.639109
vt 0.200538 0.645020
vt 0.199110 0.642665
vt 0.199989 0.639769
vt 0.169076 0.687368
vt 0.167707 0.687570
vt 0.195182 0.736410
vt 0.194431 0.741579
vt 0.206499 0.732514
vt 0.216523 0.727428
vt 0.217452 0.730132
vt 0.206766 0.734537
vt 0.186973 0.725338
vt 0.195629 0.730056
vt 0.217251 0.643803
vt 0.229809 0.709277
vt 0.229073 0.695081
vt 0.197556 0.634762
vt 0.170765 0.704218
vt 0.179641 0.650063
vt 0.174040 0.659705
vt 0.204221 0.729485
vt 0.177806 0.688935
vt 0.196954 0.681407
vt 0.198650 0.690448
vt 0.179176 0.696643
vt 0.197849 0.649235
vt 0.203739 0.676833
vt 0.197941 0.678982
vt 0.192508 0.651419
vt 0.172666 0.703175
vt 0.174447 0.704443
vt 0.233368 0.685055
vt 0.182389 0.711891
vt 0.205484 0.678329
vt 0.207066 0.687349
vt 0.206113 0.689736
vt 0.200362 0.691929
vt 0.224177 0.718987
vt 0.204478 0.722351
vt 0.197666 0.694803
vt 0.198556 0.693233
vt 0.205994 0.723888
vt 0.217028 0.724590
vt 0.171575 0.689271
vt 0.173573 0.700315
vt 0.203940 0.724091
vt 0.205155 0.726578
vt 0.178918 0.685222
vt 0.193781 0.677990
vt 0.195620 0.678970
vt 0.178395 0.686897
vt 0.215171 0.719818
vt 0.215483 0.722501
vt 0.197666 0.636795
vt 0.196717 0.640437
vt 0.189623 0.643329
vt 0.214071 0.718763
vt 0.213474 0.720809
vt 0.228999 0.683613
vt 0.230801 0.682599
vt 0.226421 0.683206
vt 0.210039 0.690749
vt 0.208273 0.689746
vt 0.227191 0.681636
vt 0.201448 0.651248
vt 0.206579 0.674000
vt 0.205648 0.675541
vt 0.199511 0.650146
vt 0.188945 0.645025
vt 0.172250 0.687611
vt 0.215185 0.724370
vt 0.174729 0.701458
vt 0.231808 0.681350
vt 0.197974 0.641381
vt 0.206182 0.727980
vt 0.229327 0.667568
vt 0.205382 0.676807
vt 0.204714 0.676312
vt 0.196866 0.679166
vt 0.196488 0.679985
vt 0.207111 0.689543
vt 0.207487 0.688748
vt 0.199439 0.692447
vt 0.198775 0.691968
vt 0.213031 0.722053
vt 0.225961 0.670908
vt 0.192153 0.652386
vt 0.206944 0.724644
vt 0.178124 0.687883
vt 0.227591 0.680634
vt 0.179769 0.697451
vt 0.198534 0.649678
s 1
usemtl Material.001
f 93/21/83 108/22/98 52/23/42 53/24/43
f 92/25/82 107/26/97 49/27/39 50/28/40
f 91/29/81 106/30/96 46/31/36 47/32/37
f 100/33/90 105/34/95 43/35/33 44/36/34
f 99/37/89 112/38/102 60/39/50 41/40/31
f 98/41/88 111/42/101 57/43/47 58/44/48
f 97/45/87 110/46/100 54/47/44 55/48/45
f 108/22/98 109/49/99 51/50/41 52/23/42
f 107/26/97 104/51/94 48/52/38 49/27/39
f 106/30/96 103/53/93 45/54/35 46/31/36
f 105/34/95 102/55/92 42/56/32 43/35/33
f 112/38/102 101/57/91 59/58/49 60/39/50
f 111/42/101 94/59/84 56/60/46 57/43/47
f 110/46/100 93/21/83 53/24/43 54/47/44
f 109/49/99 92/25/82 50/28/40 51/50/41
f 104/51/94 91/29/81 47/32/37 48/52/38
f 103/53/93 100/33/90 44/36/34 45/54/35
f 102/55/92 99/37/89 41/40/31 42/56/32
f 101/57/91 98/41/88 58/44/48 59/58/49
f 94/59/84 97/45/87 55/48/45 56/60/46
f 139/61/129 138/62/128 152/63/142 155/64/145 75/65/65 61/66/51
f 89/67/79 81/68/71 63/69/53 64/70/54
f 120/71/110 119/72/109 84/73/74 77/74/67 65/75/55
f 90/76/80 82/77/72 67/78/57 68/79/58
f 192/80/182 21/81/11 133/82/123 187/83/177
f 31/84/21 30/85/20 89/67/79 154/86/144 153/87/143
f 87/88/77 95/89/85 73/90/63 74/91/64
f 197/92/187 152/63/142 138/62/128 198/93/188
f 81/68/71 96/94/86 76/95/66 63/69/53
f 178/96/168 26/97/16 118/98/108 179/99/169
f 23/100/13 22/101/12 122/102/112 125/103/115 82/77/72
f 83/104/73 85/105/75 79/106/69 69/107/59
f 208/108/198 127/109/117 148/110/138 207/111/197
f 95/89/85 88/112/78 62/113/52 73/90/63
f 202/114/192 31/84/21 153/87/143 203/115/193
f 28/116/18 27/117/17 142/118/132 145/119/135 96/94/86
f 84/73/74 90/76/80 68/79/58 77/74/67
f 82/77/72 125/103/115 124/120/114 78/121/68 67/78/57
f 85/105/75 86/122/76 72/123/62 79/106/69
f 149/124/139 148/110/138 127/109/117 130/125/120 80/126/70 71/127/61
f 39/128/29 38/129/28 86/122/76 85/105/75
f 30/85/20 29/130/19 81/68/71 89/67/79
f 34/131/24 33/132/23 88/112/78 95/89/85
f 76/95/66 66/133/56 91/29/81 104/51/94
f 69/107/59 79/106/69 101/57/91 112/38/102
f 77/74/67 68/79/58 100/33/90 103/53/93
f 78/121/68 70/134/60 99/37/89 102/55/92
f 68/79/58 67/78/57 105/34/95 100/33/90
f 63/69/53 76/95/66 104/51/94 107/26/97
f 70/134/60 69/107/59 112/38/102 99/37/89
f 72/123/62 71/127/61 111/42/101 98/41/88
f 67/78/57 78/121/68 102/55/92 105/34/95
f 25/135/15 24/136/14 90/76/80 84/73/74
f 86/122/76 150/137/140 149/124/139 71/127/61 72/123/62
f 190/138/180 164/139/154 174/140/164 185/141/175
f 79/106/69 72/123/62 98/41/88 101/57/91
f 75/65/65 64/70/54 92/25/82 109/49/99
f 80/126/70 74/91/64 97/45/87 94/59/84
f 182/142/172 159/143/149 163/144/153 181/145/171
f 74/91/64 73/90/63 110/46/100 97/45/87
f 71/127/61 80/126/70 94/59/84 111/42/101
f 66/133/56 65/75/55 106/30/96 91/29/81
f 61/66/51 75/65/65 109/49/99 108/22/98
f 65/75/55 77/74/67 103/53/93 106/30/96
f 73/90/63 62/113/52 93/21/83 110/46/100
f 62/113/52 61/66/51 108/22/98 93/21/83
f 135/146/125 134/147/124 83/104/73 69/107/59 70/134/60
f 88/112/78 140/148/130 139/61/129 61/66/51 62/113/52
f 64/70/54 63/69/53 107/26/97 92/25/82
f 40/149/30 39/128/29 85/105/75 83/104/73
f 164/139/154 163/144/153 159/143/149 158/150/148 169/151/159 168/152/158 172/153/162 174/140/164
f 35/154/25 34/131/24 95/89/85 87/88/77
f 196/155/186 116/156/106 173/157/163 205/158/195
f 24/136/14 23/100/13 82/77/72 90/76/80
f 29/130/19 28/116/18 96/94/86 81/68/71
f 155/64/145 154/86/144 89/67/79 64/70/54 75/65/65
f 130/125/120 129/159/119 87/88/77 74/91/64 80/126/70
f 124/120/114 123/160/113 132/161/122 135/146/125 70/134/60 78/121/68
f 38/129/28 37/162/27 147/163/137 150/137/140 86/122/76
f 191/164/181 114/165/104 162/166/152 188/167/178
f 21/81/11 40/149/30 83/104/73 134/147/124 133/82/123
f 36/168/26 35/154/25 87/88/77 129/159/119 128/169/118
f 144/170/134 143/171/133 117/172/107 120/71/110 65/75/55 66/133/56
f 195/173/185 36/168/26 128/169/118 194/174/184
f 33/132/23 32/175/22 137/176/127 140/148/130 88/112/78
f 201/177/191 115/178/105 167/179/157 200/180/190
f 96/94/86 145/119/135 144/170/134 66/133/56 76/95/66
f 177/181/167 113/182/103 157/183/147 184/184/174
f 117/172/107 121/185/111 118/98/108 119/72/109 120/71/110
f 122/102/112 126/186/116 123/160/113 124/120/114 125/103/115
f 127/109/117 131/187/121 128/169/118 129/159/119 130/125/120
f 132/161/122 136/188/126 133/82/123 134/147/124 135/146/125
f 137/176/127 141/189/131 138/62/128 139/61/129 140/148/130
f 142/118/132 146/190/136 143/171/133 144/170/134 145/119/135
f 147/163/137 151/191/141 148/110/138 149/124/139 150/137/140
f 152/63/142 156/192/146 153/87/143 154/86/144 155/64/145
f 160/193/150 158/150/148 159/143/149 161/194/151
f 157/183/147 160/193/150 161/194/151
f 165/195/155 163/144/153 164/139/154 166/196/156
f 162/166/152 165/195/155 166/196/156
f 170/197/160 168/152/158 169/151/159 171/198/161
f 167/179/157 170/197/160 171/198/161
f 175/199/165 173/157/163 176/200/166
f 172/153/162 175/199/165 176/200/166 174/140/164
f 194/174/184 128/169/118 131/187/121 193/201/183
f 193/201/183 131/187/121 127/109/117 208/108/198
f 203/115/193 153/87/143 156/192/146 204/202/194
f 204/202/194 156/192/146 152/63/142 197/92/187
f 179/99/169 118/98/108 121/185/111 180/203/170
f 180/203/170 121/185/111 117/172/107 181/145/171
f 207/111/197 148/110/138 151/191/141 206/204/196
f 206/204/196 151/191/141 147/163/137 205/158/195
f 190/138/180 123/160/113 126/186/116 189/205/179
f 189/205/179 126/186/116 122/102/112 188/167/178
f 198/93/188 138/62/128 141/189/131 199/206/189
f 199/206/189 141/189/131 137/176/127 200/180/190
f 187/83/177 133/82/123 136/188/126 186/207/176
f 186/207/176 136/188/126 132/161/122 185/141/175
f 182/142/172 143/171/133 146/190/136 183/208/173
f 183/208/173 146/190/136 142/118/132 184/184/174
f 26/97/16 25/135/15 84/73/74 119/72/109 118/98/108
f 114/165/104 178/96/168 179/99/169 162/166/152
f 143/171/133 182/142/172 181/145/171 117/172/107
f 27/117/17 177/181/167 184/184/174 142/118/132
f 162/166/152 179/99/169 180/203/170 165/195/155
f 165/195/155 180/203/170 181/145/171 163/144/153
f 159/143/149 182/142/172 183/208/173 161/194/151
f 161/194/151 183/208/173 184/184/174 157/183/147
f 160/193/150 204/202/194 197/92/187 158/150/148
f 176/200/166 186/207/176 185/141/175 174/140/164
f 123/160/113 190/138/180 185/141/175 132/161/122
f 116/156/106 192/80/182 187/83/177 173/157/163
f 173/157/163 187/83/177 186/207/176 176/200/166
f 157/183/147 203/115/193 204/202/194 160/193/150
f 164/139/154 190/138/180 189/205/179 166/196/156
f 167/179/157 194/174/184 193/201/183 170/197/160
f 22/101/12 191/164/181 188/167/178 122/102/112
f 32/175/22 201/177/191 200/180/190 137/176/127
f 33/132/23 34/131/24 35/154/25 36/168/26 195/173/185 115/178/105 201/177/191 32/175/22
f 166/196/156 189/205/179 188/167/178 162/166/152
f 113/182/103 202/114/192 203/115/193 157/183/147
f 115/178/105 195/173/185 194/174/184 167/179/157
f 169/151/159 198/93/188 199/206/189 171/198/161
f 158/150/148 197/92/187 198/93/188 169/151/159
f 171/198/161 199/206/189 200/180/190 167/179/157
f 170/197/160 193/201/183 208/108/198 168/152/158
f 38/129/28 39/128/29 40/149/30 21/81/11 192/80/182 116/156/106 196/155/186 37/162/27
f 175/199/165 206/204/196 205/158/195 173/157/163
f 168/152/158 208/108/198 207/111/197 172/153/162
f 172/153/162 207/111/197 206/204/196 175/199/165
f 37/162/27 196/155/186 205/158/195 147/163/137
f 28/116/18 29/130/19 30/85/20 31/84/21 202/114/192 113/182/103 177/181/167 27/117/17
f 23/100/13 24/136/14 25/135/15 26/97/16 178/96/168 114/165/104 191/164/181 22/101/12
o Cube.002
v -2.546605 11.214063 3.356051
v -2.331256 11.200942 3.466689
v -2.405747 11.298502 3.305879
v -2.641840 11.200942 3.002089
v -2.546605 11.214063 2.462395
v -2.319421 11.307944 2.802211
v -2.405491 11.298612 2.475761
v -2.169398 11.396173 2.779552
v -2.092483 11.401719 3.046734
v -2.091990 11.401930 2.343663
v -1.865052 11.495706 2.588187
v -1.932793 11.493952 2.352307
v -1.933562 11.493622 2.984259
v -1.696957 11.591402 2.557015
v -1.638360 11.589375 2.737417
v -1.637374 11.589798 2.224931
v -1.410683 11.683467 2.374162
v -1.460096 11.689292 2.228853
v -1.461377 11.688742 2.662639
v -1.224516 11.786632 2.334478
v -1.184238 11.777031 2.428100
v -1.182759 11.777665 2.106200
v -0.930786 11.871348 2.141654
v -0.960899 11.884737 2.089169
v -0.678074 11.965348 2.016157
v -0.962604 11.884005 2.318811
v -0.678973 11.964962 2.076065
v -0.833598 11.870996 2.252082
v -0.758792 11.884005 2.318811
v -1.090719 11.786302 2.501829
v -0.612376 11.964962 2.076065
v -0.545779 11.964962 2.076065
v -0.479182 11.964962 2.076065
v -0.412584 11.964962 2.076065
v -0.637583 11.870996 2.252082
v -0.821587 11.786302 2.501829
v -0.554981 11.884005 2.318811
v -0.441567 11.870996 2.252082
v -0.666566 11.777031 2.428100
v -0.552456 11.786302 2.501829
v -0.805769 11.688742 2.662639
v -0.894975 11.589375 2.737417
v -0.623138 11.683203 2.582759
v -0.938402 11.683203 2.582759
v -1.133573 11.688742 2.662639
v -1.117754 11.591182 2.823449
v -1.223240 11.495547 2.892075
v -1.266667 11.589375 2.737417
v -1.488413 11.493622 2.984259
v -1.504231 11.591182 2.823449
v -1.651361 11.495547 2.892075
v -1.253667 11.683203 2.582759
v -1.917743 11.396063 3.145069
v -2.049055 11.307891 3.201392
v -1.607934 11.401719 3.046734
v -1.843252 11.298502 3.305879
v -1.413921 11.396063 3.145069
v -1.123384 11.401719 3.046734
v -1.508078 11.307891 3.201392
v -1.710088 11.200942 3.466689
v -1.280757 11.298502 3.305879
v -1.351793 11.214063 3.356051
v -0.967100 11.307891 3.201392
v -0.910099 11.396063 3.145069
v -0.718262 11.298502 3.305879
v -1.088920 11.200942 3.466689
v -0.754387 11.214063 3.356051
v -0.467752 11.200942 3.466689
v -0.156981 11.214063 3.356051
v -0.426122 11.307891 3.201392
v -0.155767 11.298502 3.305879
v -0.406277 11.396063 3.145069
v -0.154285 11.401719 3.046734
v -0.638835 11.401719 3.046734
v -0.366997 11.495547 2.892075
v -0.598113 11.493622 2.984259
v -0.152964 11.493622 2.984259
v -0.344800 11.591182 2.823449
v -0.151588 11.589375 2.737417
v -0.523281 11.589375 2.737417
v -0.307873 11.683203 2.582759
v -0.477964 11.688742 2.662639
v -0.150160 11.688742 2.662639
v -0.283324 11.786302 2.501829
v -0.148892 11.777031 2.428100
v -0.407729 11.777031 2.428100
v -0.245552 11.870996 2.252082
v -0.351168 11.884005 2.318811
v -0.212793 11.964962 2.076065
v -0.147356 11.884005 2.318811
v -0.146196 11.964962 2.076065
v -0.049536 11.870996 2.252082
v -0.014192 11.786302 2.501829
v -0.079599 11.964962 2.076065
v 0.056456 11.884005 2.318811
v -0.013002 11.964962 2.076065
v 0.109945 11.777031 2.428100
v 0.146479 11.870996 2.252082
v 0.260268 11.884005 2.318811
v 0.053596 11.964962 2.076065
v 0.254940 11.786302 2.501829
v 0.368781 11.777031 2.428100
v 0.322657 11.683203 2.582759
v 0.177645 11.688742 2.662639
v 0.505449 11.688742 2.662639
v 0.428154 11.591182 2.823449
v 0.591798 11.589375 2.737417
v 0.489245 11.495547 2.892075
v 0.220105 11.589375 2.737417
v 0.292186 11.493622 2.984259
v 0.041677 11.591182 2.823449
v 0.007392 11.683203 2.582759
v 0.061124 11.495547 2.892075
v 0.097546 11.396063 3.145069
v 0.330264 11.401719 3.046734
v 0.114856 11.307891 3.201392
v 0.153415 11.200942 3.466689
v 0.406728 11.298502 3.305879
v 0.440425 11.214063 3.356051
v 0.655834 11.307891 3.201392
v 0.969223 11.298502 3.305879
v 0.774583 11.200942 3.466689
v 0.601368 11.396063 3.145069
v 0.814814 11.401719 3.046734
v 1.105190 11.396063 3.145069
v 0.737336 11.493622 2.984259
v 0.917366 11.495547 2.892075
v 1.182485 11.493622 2.984259
v 0.814631 11.591182 2.823449
v 0.637921 11.683203 2.582759
v 0.963490 11.589375 2.737417
v 0.833253 11.688742 2.662639
v 1.201108 11.591182 2.823449
v 1.335183 11.589375 2.737417
v 1.345487 11.495547 2.892075
v 0.953186 11.683203 2.582759
v 1.161058 11.688742 2.662639
v 0.793203 11.786302 2.501829
v 0.886454 11.777031 2.428100
v 0.627618 11.777031 2.428100
v 0.538510 11.870996 2.252082
v 0.464079 11.884005 2.318811
v 0.667891 11.884005 2.318811
v 0.319984 11.964962 2.076065
v 0.386581 11.964962 2.076065
v 0.253387 11.964962 2.076065
v 0.186789 11.964962 2.076065
v 0.120193 11.964962 2.076065
v 0.342494 11.870996 2.252082
v 0.524071 11.786302 2.501829
v 0.385682 11.965348 2.016157
v 0.384782 11.965734 1.956250
v 0.635698 11.871348 2.141654
v 0.927000 11.786632 2.334478
v 0.666188 11.884737 2.089169
v 0.634059 11.872051 1.920796
v 0.884975 11.777665 2.106200
v 1.159776 11.689292 2.228853
v 0.925462 11.787292 1.999774
v 0.883496 11.778300 1.784299
v 1.108970 11.683996 1.956969
v 1.158494 11.689842 1.795066
v 1.392807 11.591842 2.024145
v 1.333211 11.590221 1.712446
v 1.334197 11.589798 2.224931
v 1.558438 11.496023 1.980409
v 1.626866 11.493952 2.352307
v 1.626096 11.494282 1.720355
v 1.860155 11.396392 2.048517
v 1.782926 11.402142 1.640593
v 2.007908 11.308049 2.003848
v 1.783420 11.401930 2.343663
v 2.093956 11.298612 2.475761
v 1.860667 11.396173 2.779552
v 1.783913 11.401719 3.046734
v 1.559178 11.495706 2.588187
v 2.008155 11.307944 2.802211
v 2.094213 11.298502 3.305879
v 2.327502 11.200942 3.002089
v 2.232643 11.214063 3.356051
v 2.232643 11.214063 2.462395
v 2.327502 11.200942 2.072888
v 2.232643 11.214063 1.568740
v 2.327502 11.200942 1.143688
v 2.093700 11.298722 1.645644
v 2.007662 11.308156 1.205485
v 1.859641 11.396612 1.317482
v 2.093444 11.298832 0.815526
v 1.782434 11.402353 0.937522
v 2.232643 11.214063 0.675084
v 2.007415 11.308261 0.407122
v 2.093188 11.298943 -0.014591
v 1.859130 11.396832 0.586447
v 2.327502 11.200942 0.214488
v 2.232643 11.214063 -0.218571
v 2.327502 11.200942 -0.714712
v 2.007168 11.308368 -0.391241
v 2.232643 11.214063 -1.112227
v 2.092931 11.299052 -0.844709
v 2.327502 11.200942 -1.643913
v 2.232643 11.214063 -2.005882
v 2.006923 11.308473 -1.189604
v 2.092675 11.299162 -1.674827
v 1.858104 11.397272 -0.875623
v 1.780956 11.402988 -1.171689
v 1.781448 11.402777 -0.468619
v 1.555482 11.497293 -0.450704
v 1.623023 11.495602 -0.807454
v 1.388707 11.593602 -0.107333
v 1.623792 11.495273 -0.175502
v 1.330253 11.591491 0.174989
v 1.556221 11.496975 0.157074
v 1.624560 11.494942 0.456451
v 1.389733 11.593162 0.425537
v 1.858617 11.397052 -0.144588
v 1.781940 11.402565 0.234452
v 1.331239 11.591067 0.687475
v 1.105273 11.685583 0.705390
v 1.155932 11.690942 0.927492
v 0.920849 11.789272 0.995661
v 1.154650 11.691492 0.493705
v 0.879060 11.780205 0.818597
v 1.104041 11.686112 0.288197
v 1.153369 11.692042 0.059919
v 0.919312 11.789932 0.660957
v 0.877581 11.780840 0.496696
v 0.627503 11.874866 1.037366
v 0.657666 11.888394 0.940958
v 0.659371 11.887662 1.170600
v 0.376687 11.969209 1.417085
v 0.375787 11.969596 1.357178
v 0.377586 11.968822 1.476993
v 0.378485 11.968437 1.536900
v 0.379385 11.968051 1.596807
v 0.629143 11.874162 1.258224
v 0.661075 11.886930 1.400243
v 0.880539 11.779570 1.140498
v 0.630782 11.873459 1.479081
v 0.662779 11.886199 1.629884
v 0.380285 11.967665 1.656714
v 0.922387 11.788612 1.330365
v 0.882018 11.778935 1.462398
v 1.106506 11.685055 1.122583
v 1.157214 11.690392 1.361279
v 1.390757 11.592722 0.958406
v 1.556960 11.496657 0.764852
v 1.332225 11.590645 1.199961
v 1.625328 11.494612 1.088403
v 1.391783 11.592281 1.491276
v 1.107738 11.684525 1.539776
v 1.557699 11.496340 1.372630
v 0.923925 11.787952 1.665069
v 0.632420 11.872755 1.699939
v 0.664483 11.885468 1.859527
v 0.382084 11.966893 1.776528
v 0.382984 11.966507 1.836436
v 0.381184 11.967278 1.716621
v 0.383883 11.966120 1.896343
v 0.374887 11.969981 1.297271
v 0.373988 11.970367 1.237364
v 0.625865 11.875569 0.816509
v 0.655962 11.889126 0.711316
v 0.917774 11.790592 0.326253
v 0.876103 11.781474 0.174796
v 1.102808 11.686641 -0.128997
v 1.152088 11.692593 -0.373868
v 1.387683 11.594042 -0.640203
v 1.329268 11.591914 -0.337496
v 1.328282 11.592338 -0.849982
v 1.554743 11.497609 -1.058482
v 1.622254 11.495933 -1.439406
v 1.857592 11.397492 -1.606658
v 1.780462 11.403200 -1.874760
v 2.006676 11.308578 -1.987967
v 2.092420 11.299272 -2.504944
v 2.327502 11.200942 -2.573113
v 2.232643 11.214063 -2.899537
v 2.327502 11.200942 -3.502313
v 2.232643 11.214063 -3.793193
v 2.006429 11.308684 -2.786330
v 2.092163 11.299382 -3.335062
v 1.857081 11.397712 -2.337693
v 1.779970 11.403412 -2.577830
v 1.554003 11.497928 -1.666260
v 1.621485 11.496262 -2.071359
v 1.386657 11.594482 -1.173072
v 1.327296 11.592760 -1.362468
v 1.101576 11.687170 -0.546190
v 1.150806 11.693142 -0.807655
v 0.916237 11.791252 -0.008451
v 0.874624 11.782109 -0.147105
v 0.624226 11.876273 0.595651
v 0.654258 11.889856 0.481674
v 0.373088 11.970754 1.177457
v 0.372189 11.971140 1.117549
v 0.307391 11.971140 1.117549
v 0.527037 11.876624 0.485222
v 0.242593 11.971140 1.117549
v 0.453855 11.889856 0.481674
v 0.177795 11.971140 1.117549
v 0.112997 11.971140 1.117549
v 0.334300 11.876624 0.485222
v 0.253451 11.889856 0.481674
v 0.516383 11.791582 -0.175803
v 0.362865 11.782109 -0.147105
v 0.618745 11.782109 -0.147105
v 0.631760 11.687434 -0.754786
v 0.809506 11.594702 -1.439507
v 0.825565 11.693142 -0.807655
v 0.500324 11.693142 -0.807655
v 0.587854 11.592760 -1.362468
v 0.318960 11.687434 -0.754786
v 0.425079 11.594702 -1.439507
v 0.250326 11.791582 -0.175803
v 0.175082 11.693142 -0.807655
v 0.106987 11.782109 -0.147105
v 0.006159 11.687434 -0.754786
v 0.218133 11.592760 -1.362468
v 0.290649 11.496262 -2.071359
v 0.040652 11.594702 -1.439507
v -0.151588 11.592760 -1.362468
v 0.060385 11.498086 -1.970149
v 0.097034 11.397821 -2.703211
v -0.152963 11.496262 -2.071359
v -0.154285 11.403412 -2.577830
v -0.366258 11.498086 -1.970149
v -0.596576 11.496262 -2.071359
v -0.405764 11.397821 -2.703211
v -0.343775 11.594702 -1.439507
v -0.521309 11.592760 -1.362468
v -0.306640 11.687434 -0.754786
v -0.475401 11.693142 -0.807655
v -0.150160 11.693142 -0.807655
v -0.281786 11.791582 -0.175803
v -0.148892 11.782109 -0.147105
v -0.243913 11.876624 0.485222
v -0.404771 11.782109 -0.147105
v -0.347760 11.889856 0.481674
v -0.547843 11.791582 -0.175803
v -0.660649 11.782109 -0.147105
v -0.436650 11.876624 0.485222
v -0.619440 11.687434 -0.754786
v -0.800643 11.693142 -0.807655
v -0.728202 11.594702 -1.439507
v -0.891031 11.592760 -1.362468
v -0.792901 11.498086 -1.970149
v -1.040188 11.496262 -2.071359
v -0.908561 11.397821 -2.703211
v -1.121412 11.403412 -2.577830
v -0.637849 11.403412 -2.577830
v -0.966361 11.308737 -3.185512
v -0.717750 11.299382 -3.335062
v -1.279732 11.299382 -3.335062
v -1.088920 11.200942 -3.966913
v -1.351793 11.214063 -3.793193
v -0.754387 11.214063 -3.793193
v -0.467752 11.200942 -3.966913
v -0.156981 11.214063 -3.793193
v -0.425875 11.308737 -3.185512
v -0.155767 11.299382 -3.335062
v 0.114610 11.308737 -3.185512
v 0.406216 11.299382 -3.335062
v 0.153415 11.200942 -3.966913
v 0.440425 11.214063 -3.793193
v 0.774583 11.200942 -3.966913
v 1.037831 11.214063 -3.793193
v 0.655095 11.308737 -3.185512
v 0.968198 11.299382 -3.335062
v 0.599831 11.397821 -2.703211
v 0.812843 11.403412 -2.577830
v 0.329279 11.403412 -2.577830
v 0.487027 11.498086 -1.970149
v 0.734261 11.496262 -2.071359
v 0.913670 11.498086 -1.970149
v 1.177873 11.496262 -2.071359
v 1.102628 11.397821 -2.703211
v 1.195579 11.308737 -3.185512
v 1.296406 11.403412 -2.577830
v 1.530181 11.299382 -3.335062
v 1.605426 11.397821 -2.703211
v 1.340312 11.498086 -1.970149
v 1.736064 11.308737 -3.185512
v 2.016918 11.200942 -3.966913
v 1.635237 11.214063 -3.793193
v 1.395751 11.200942 -3.966913
v 1.193932 11.594702 -1.439507
v 0.944560 11.687434 -0.754786
v 0.957576 11.592760 -1.362468
v 0.782439 11.791582 -0.175803
v -1.710088 11.200942 -3.966913
v -1.949199 11.214063 -3.793193
v -1.506845 11.308737 -3.185512
v -1.411358 11.397821 -2.703211
v -1.841714 11.299382 -3.335062
v -1.604976 11.403412 -2.577830
v -2.047329 11.308737 -3.185512
v -1.914156 11.397821 -2.703211
v -2.331256 11.200942 -3.966913
v -2.403697 11.299382 -3.335062
v -2.546605 11.214063 -3.793193
v -2.088539 11.403412 -2.577830
v -2.317696 11.308684 -2.786330
v -2.403954 11.299272 -2.504944
v -2.165810 11.397712 -2.337693
v -2.641840 11.200942 -3.502313
v -2.546605 11.214063 -2.899537
v -2.641840 11.200942 -2.573113
v -2.546605 11.214063 -2.005882
v -2.317942 11.308578 -1.987967
v -2.404210 11.299162 -1.674827
v -2.166323 11.397492 -1.606658
v -2.089525 11.402988 -1.171689
v -2.089032 11.403200 -1.874760
v -1.860615 11.497609 -1.058482
v -1.928949 11.495602 -0.807454
v -1.928180 11.495933 -1.439406
v -1.690807 11.594042 -0.640203
v -1.632445 11.591914 -0.337496
v -1.631460 11.592338 -0.849982
v -1.403289 11.686641 -0.128997
v -1.453689 11.692042 0.059918
v -1.452408 11.692593 -0.373868
v -1.215290 11.790592 0.326253
v -1.175365 11.780840 0.496696
v -1.173886 11.781474 0.174796
v -0.920953 11.875569 0.816509
v -0.952379 11.888394 0.940958
v -0.950675 11.889126 0.711316
v -0.667279 11.969981 1.297271
v -0.668179 11.969596 1.357178
v -0.666380 11.970367 1.237364
v -0.665481 11.970754 1.177457
v -0.664581 11.971140 1.117549
v -0.919314 11.876273 0.595651
v -0.948971 11.889856 0.481674
v -1.213753 11.791252 -0.008451
v -1.172408 11.782109 -0.147105
v -1.402057 11.687170 -0.546190
v -1.451126 11.693142 -0.807655
v -1.689782 11.594482 -1.173072
v -1.630473 11.592760 -1.362468
v -1.859876 11.497928 -1.666260
v -1.927412 11.496262 -2.071359
v -1.646186 11.498086 -1.970149
v -1.483800 11.496262 -2.071359
v -1.497056 11.594702 -1.439507
v -1.245041 11.687434 -0.754786
v -1.260752 11.592760 -1.362468
v -1.125885 11.693142 -0.807655
v -1.112629 11.594702 -1.439507
v -1.219543 11.498086 -1.970149
v -0.932240 11.687434 -0.754786
v -0.813899 11.791582 -0.175803
v -0.629388 11.876624 0.485222
v -0.916529 11.782109 -0.147105
v -0.748567 11.889856 0.481674
v -1.079955 11.791582 -0.175803
v -0.822126 11.876624 0.485222
v -0.599783 11.971140 1.117549
v -0.534984 11.971140 1.117549
v -0.470187 11.971140 1.117549
v -0.405388 11.971140 1.117549
v -0.340590 11.971140 1.117549
v -0.548163 11.889856 0.481674
v -0.275792 11.971140 1.117549
v -0.210994 11.971140 1.117549
v -0.146196 11.971140 1.117549
v -0.081397 11.971140 1.117549
v -0.147356 11.889856 0.481674
v -0.051175 11.876624 0.485222
v 0.053047 11.889856 0.481674
v -0.015730 11.791582 -0.175803
v -0.016600 11.971140 1.117549
v 0.141562 11.876624 0.485222
v 0.048198 11.971140 1.117549
v -0.669079 11.969209 1.417085
v -0.669978 11.968822 1.476993
v -0.922592 11.874866 1.037366
v -0.954083 11.887662 1.170600
v -1.216828 11.789932 0.660957
v -1.404521 11.686112 0.288197
v -1.176844 11.780205 0.818597
v -1.454970 11.691492 0.493705
v -1.218366 11.789272 0.995661
v -1.178323 11.779570 1.140498
v -0.924230 11.874162 1.258224
v -1.405754 11.685583 0.705390
v -1.456252 11.690942 0.927492
v -1.692857 11.593162 0.425536
v -1.634417 11.591067 0.687475
v -1.633431 11.591491 0.174989
v -1.862095 11.496975 0.157074
v -1.930487 11.494942 0.456450
v -1.929719 11.495273 -0.175502
v -2.167348 11.397052 -0.144588
v -2.090511 11.402565 0.234452
v -2.090018 11.402777 -0.468619
v -2.318435 11.308368 -0.391241
v -2.404722 11.298943 -0.014591
v -2.404466 11.299052 -0.844709
v -2.641840 11.200942 -0.714712
v -2.546605 11.214063 -0.218571
v -2.546605 11.214063 -1.112227
v -2.641840 11.200942 -1.643913
v -2.318189 11.308473 -1.189604
v -2.166836 11.397272 -0.875623
v -1.861355 11.497293 -0.450704
v -1.691832 11.593602 -0.107333
v -2.641840 11.200942 0.214488
v -2.318681 11.308261 0.407122
v -2.546605 11.214063 0.675084
v -2.404978 11.298832 0.815526
v -2.641840 11.200942 1.143688
v -2.546605 11.214063 1.568740
v -2.318928 11.308156 1.205485
v -2.168374 11.396612 1.317482
v -2.405235 11.298722 1.645644
v -2.091497 11.402142 1.640593
v -2.319175 11.308049 2.003848
v -2.168886 11.396392 2.048517
v -2.641840 11.200942 2.072888
v -1.864313 11.496023 1.980409
v -1.932025 11.494282 1.720355
v -1.695932 11.591842 2.024145
v -1.636388 11.590221 1.712446
v -1.409450 11.683996 1.956969
v -1.458814 11.689842 1.795066
v -1.222978 11.787292 1.999774
v -1.181280 11.778300 1.784299
v -0.929147 11.872051 1.920796
v -0.959195 11.885468 1.859527
v -0.676274 11.966120 1.896343
v -0.675375 11.966507 1.836436
v -0.677174 11.965734 1.956250
v -0.674476 11.966893 1.776528
v -0.927508 11.872755 1.699939
v -0.673576 11.967278 1.716621
v -0.957491 11.886199 1.629884
v -0.672676 11.967665 1.656714
v -0.671777 11.968051 1.596807
v -0.925869 11.873459 1.479081
v -1.219903 11.788612 1.330365
v -0.955787 11.886930 1.400243
v -1.406986 11.685055 1.122583
v -1.179802 11.778935 1.462398
v -1.457533 11.690392 1.361279
v -1.221440 11.787952 1.665069
v -1.408218 11.684525 1.539776
v -1.694906 11.592281 1.491276
v -1.863573 11.496340 1.372630
v -1.635402 11.590645 1.199960
v -1.931256 11.494612 1.088403
v -1.693881 11.592722 0.958406
v -1.862834 11.496657 0.764852
v -2.167861 11.396832 0.586447
v -2.091004 11.402353 0.937522
v -0.670877 11.968437 1.536900
v 2.016918 11.200942 3.466689
v 1.635237 11.214063 3.356051
v 1.737788 11.307891 3.201392
v 1.531717 11.298502 3.305879
v 1.609012 11.396063 3.145069
v 1.299363 11.401719 3.046734
v 1.196811 11.307891 3.201392
v 1.395751 11.200942 3.466689
v 1.037831 11.214063 3.356051
v 1.627635 11.493622 2.984259
v 1.393833 11.591402 2.557015
v 1.110202 11.683467 2.374162
v -0.279390 11.964962 2.076065
v -0.345987 11.964962 2.076065
v -0.731277 11.591182 2.823449
v -0.795119 11.495547 2.892075
v -1.043263 11.493622 2.984259
v -1.949199 11.214063 3.356051
v -0.925402 11.777031 2.428100
vn -0.8721 -0.1242 0.4733
vn -0.0000 -0.4816 0.8764
vn -0.2096 0.9416 0.2635
vn -0.9830 -0.1839 -0.0000
vn -0.8447 0.5352 -0.0000
vn -0.3819 0.9242 -0.0000
vn -0.2267 0.9440 0.2398
vn -0.2102 0.9417 0.2627
vn -0.2267 0.9440 0.2399
vn -0.2111 0.9418 0.2615
vn -0.3690 0.9294 0.0002
vn -0.2141 0.9482 0.2347
vn -0.3618 0.9323 0.0002
vn -0.3229 0.9463 0.0184
vn -0.3230 0.9462 0.0196
vn -0.2874 0.9554 0.0674
vn -0.1810 0.9558 0.2315
vn -0.0592 0.9510 0.3034
vn 0.0746 0.8630 0.4996
vn -0.0476 0.9193 0.3908
vn -0.0000 0.8669 0.4984
vn -0.1157 0.9515 0.2850
vn 0.1477 0.8625 0.4840
vn -0.1004 0.9388 0.3296
vn 0.1100 0.8971 0.4280
vn 0.0622 0.8794 0.4719
vn -0.0000 0.8671 0.4982
vn -0.0388 0.9122 0.4080
vn 0.0434 0.8930 0.4479
vn -0.0000 0.8710 0.4913
vn -0.0000 0.8672 0.4980
vn -0.0000 0.8550 0.5187
vn -0.0000 -0.4817 0.8764
vn -0.0000 -0.0899 0.9959
vn -0.0000 -0.4817 0.8763
vn -0.0000 -0.0994 0.9950
vn -0.0000 -0.4818 0.8763
vn -0.0000 -0.1026 0.9947
vn -0.0000 0.8672 0.4979
vn -0.0000 0.8709 0.4915
vn -0.0000 0.8709 0.4914
vn 0.0166 0.9014 0.4327
vn -0.0228 0.9060 0.4226
vn -0.0278 0.9171 0.3978
vn -0.0003 0.9034 0.4288
vn 0.0015 0.9286 0.3711
vn -0.0146 0.9016 0.4323
vn 0.0264 0.9169 0.3983
vn 0.0224 0.9059 0.4229
vn -0.0582 0.9207 0.3858
vn -0.0417 0.8936 0.4468
vn 0.0386 0.9119 0.4085
vn 0.0717 0.9256 0.3716
vn -0.0000 -0.0996 0.9950
vn 0.2290 0.9434 0.2401
vn 0.2134 0.9413 0.2615
vn 0.2162 0.9477 0.2348
vn -0.0000 0.8711 0.4912
vn -0.0735 0.8642 0.4978
vn 0.0476 0.9190 0.3913
vn 0.1828 0.9555 0.2314
vn 0.1159 0.9512 0.2861
vn 0.0623 0.9518 0.3004
vn -0.1456 0.8644 0.4812
vn 0.1002 0.9383 0.3308
vn -0.1077 0.8984 0.4258
vn -0.0609 0.8803 0.4704
vn 0.2897 0.9547 0.0678
vn 0.2978 0.9546 0.0103
vn 0.3258 0.9452 0.0184
vn 0.3727 0.9280 0.0001
vn 0.3259 0.9452 0.0196
vn 0.3314 0.9431 0.0270
vn 0.3653 0.9309 0.0002
vn 0.3858 0.9226 -0.0000
vn 0.3725 0.9280 0.0001
vn 0.3656 0.9308 0.0002
vn 0.2290 0.9434 0.2400
vn 0.2119 0.9411 0.2636
vn 0.9826 -0.1859 -0.0000
vn 0.8719 -0.1236 0.4738
vn 0.8501 0.5267 -0.0000
vn 0.9826 -0.1860 -0.0000
vn 0.8545 0.5194 -0.0000
vn 0.8562 0.5166 -0.0000
vn 0.3859 0.9226 -0.0000
vn 0.8552 0.5184 -0.0000
vn 0.8513 0.5247 -0.0000
vn 0.9826 -0.1858 -0.0000
vn 0.8445 0.5356 -0.0000
vn 0.3859 0.9225 -0.0000
vn 0.3723 0.9281 0.0001
vn 0.3661 0.9306 0.0002
vn 0.3724 0.9281 0.0001
vn 0.3662 0.9305 0.0002
vn 0.4048 0.9128 0.0550
vn 0.3091 0.9509 -0.0163
vn 0.3201 0.9473 -0.0114
vn 0.2918 0.9561 -0.0256
vn 0.4433 0.8904 0.1036
vn 0.3957 0.9138 0.0914
vn 0.3134 0.9495 -0.0123
vn 0.3531 0.9326 0.0751
vn 0.3816 0.9229 0.0505
vn 0.3288 0.9444 -0.0049
vn 0.3660 0.9306 0.0002
vn 0.3603 0.9318 0.0442
vn 0.3335 0.9428 0.0030
vn 0.3273 0.9449 0.0046
vn 0.3658 0.9307 0.0002
vn 0.3430 0.9386 0.0360
vn 0.3326 0.9430 0.0117
vn 0.3299 0.9437 0.0247
vn 0.3010 0.9531 0.0325
vn 0.3200 0.9458 0.0550
vn 0.3176 0.9471 0.0467
vn 0.2653 0.9635 -0.0359
vn 0.4923 0.8631 0.1123
vn 0.4283 0.9018 0.0579
vn 0.2970 0.9547 -0.0199
vn 0.3663 0.9305 0.0002
vn 0.9826 -0.1857 -0.0000
vn 0.8343 0.5513 -0.0000
vn 0.9826 -0.1856 -0.0000
vn 0.8155 -0.1110 -0.5680
vn 0.2047 0.9759 -0.0758
vn 0.1921 0.9780 -0.0808
vn 0.2043 0.9760 -0.0760
vn 0.1923 0.9780 -0.0808
vn 0.3860 0.9225 -0.0000
vn 0.2036 0.9761 -0.0762
vn 0.3726 0.9280 0.0001
vn 0.1891 0.9788 -0.0786
vn 0.4511 0.8905 0.0596
vn 0.1917 0.9792 -0.0665
vn 0.2359 0.9708 -0.0438
vn 0.3354 0.9420 0.0153
vn 0.0391 0.9913 -0.1255
vn -0.0056 0.9893 -0.1457
vn -0.0125 0.9902 -0.1392
vn 0.0185 0.9906 -0.1357
vn 0.0282 0.9908 -0.1323
vn -0.0088 0.9905 -0.1371
vn -0.0043 0.9895 -0.1448
vn 0.0125 0.9902 -0.1389
vn -0.0000 0.9885 -0.1511
vn -0.0000 0.9886 -0.1506
vn -0.0000 0.9881 -0.1539
vn 0.0011 0.9896 -0.1438
vn -0.0064 0.9900 -0.1408
vn 0.0029 0.9896 -0.1442
vn -0.0000 -0.1608 -0.9870
vn -0.0000 0.9179 -0.3968
vn -0.0000 0.9161 -0.4010
vn -0.0000 -0.1611 -0.9869
vn -0.0000 0.9155 -0.4024
vn -0.0000 0.9179 -0.3969
vn -0.0000 -0.1605 -0.9870
vn -0.0000 0.9208 -0.3899
vn -0.0000 -0.1606 -0.9870
vn -0.0000 0.9885 -0.1512
vn -0.0000 0.9209 -0.3898
vn -0.2025 0.9764 -0.0758
vn -0.8159 -0.1100 -0.5676
vn -0.1903 0.9784 -0.0807
vn -0.3820 0.9242 -0.0000
vn -0.9830 -0.1837 -0.0000
vn -0.8288 0.5595 -0.0000
vn -0.9830 -0.1838 -0.0000
vn -0.8391 0.5440 -0.0000
vn -0.3820 0.9241 -0.0000
vn -0.3821 0.9241 -0.0000
vn -0.3688 0.9295 0.0002
vn -0.3627 0.9319 0.0002
vn -0.3628 0.9319 0.0002
vn -0.4230 0.9043 0.0569
vn -0.3065 0.9517 -0.0162
vn -0.2945 0.9554 -0.0198
vn -0.2635 0.9640 -0.0356
vn -0.4375 0.8934 0.1018
vn -0.4854 0.8673 0.1103
vn -0.2344 0.9712 -0.0436
vn -0.3291 0.9442 0.0135
vn -0.4453 0.8935 0.0585
vn -0.1898 0.9796 -0.0665
vn -0.1873 0.9792 -0.0785
vn -0.2015 0.9765 -0.0762
vn -0.1904 0.9784 -0.0807
vn -0.2021 0.9764 -0.0760
vn 0.0045 0.9894 -0.1449
vn -0.0185 0.9906 -0.1357
vn 0.0059 0.9893 -0.1458
vn -0.0391 0.9913 -0.1254
vn 0.0130 0.9902 -0.1393
vn -0.0283 0.9908 -0.1322
vn 0.0093 0.9905 -0.1372
vn -0.0172 0.9904 -0.1369
vn -0.0126 0.9902 -0.1389
vn 0.0049 0.9907 -0.1358
vn -0.0058 0.9902 -0.1393
vn 0.0002 0.9908 -0.1352
vn 0.0057 0.9902 -0.1393
vn -0.0000 0.9899 -0.1415
vn -0.0008 0.9896 -0.1438
vn 0.0063 0.9900 -0.1409
vn -0.0045 0.9907 -0.1357
vn -0.0026 0.9896 -0.1441
vn 0.0171 0.9904 -0.1370
vn -0.2896 0.9568 -0.0253
vn -0.3911 0.9160 0.0899
vn -0.4001 0.9149 0.0541
vn -0.3173 0.9482 -0.0113
vn -0.3687 0.9295 0.0002
vn -0.3626 0.9319 0.0002
vn -0.3625 0.9320 0.0002
vn -0.3775 0.9247 0.0497
vn -0.9829 -0.1839 -0.0000
vn -0.8499 0.5269 -0.0000
vn -0.8460 0.5332 -0.0000
vn -0.9829 -0.1840 -0.0000
vn -0.8510 0.5252 -0.0000
vn -0.8493 0.5280 -0.0000
vn -0.3621 0.9322 0.0002
vn -0.3284 0.9441 0.0268
vn -0.3295 0.9441 0.0117
vn -0.3149 0.9480 0.0464
vn -0.2986 0.9538 0.0324
vn -0.2953 0.9554 0.0106
vn -0.3270 0.9447 0.0246
vn -0.3398 0.9398 0.0356
vn -0.3172 0.9468 0.0543
vn -0.3305 0.9438 0.0031
vn -0.3245 0.9459 0.0047
vn -0.3495 0.9340 0.0740
vn -0.3568 0.9332 0.0435
vn -0.3687 0.9296 0.0002
vn -0.3259 0.9454 -0.0048
vn -0.3623 0.9321 0.0002
vn -0.3109 0.9504 -0.0120
vn -0.0000 -0.0739 0.9973
vn -0.0000 -0.0902 0.9959
vn 0.2125 0.9412 0.2627
vn 0.0609 0.9200 0.3871
vn -0.0725 0.9260 0.3705
vn -0.0000 -0.0735 0.9973
vt 0.045110 0.745993
vt 0.039368 0.747120
vt 0.036133 0.745990
vt 0.034703 0.742428
vt 0.036136 0.737004
vt 0.034706 0.733086
vt 0.036139 0.728018
vt 0.034709 0.723743
vt 0.036142 0.719032
vt 0.034712 0.714401
vt 0.036145 0.710047
vt 0.034715 0.705058
vt 0.036147 0.701061
vt 0.034718 0.695716
vt 0.036150 0.692075
vt 0.034721 0.686373
vt 0.036153 0.683088
vt 0.034724 0.677029
vt 0.036156 0.674101
vt 0.039392 0.672346
vt 0.045132 0.674104
vt 0.052321 0.670593
vt 0.063090 0.674110
vt 0.063088 0.674111
vt 0.063085 0.674110
vt 0.080315 0.667091
vt 0.098991 0.674121
vt 0.104731 0.672365
vt 0.107974 0.674123
vt 0.109399 0.677052
vt 0.107971 0.683111
vt 0.109396 0.686396
vt 0.107968 0.692098
vt 0.109393 0.695740
vt 0.107965 0.701084
vt 0.109390 0.705083
vt 0.107962 0.710070
vt 0.109386 0.714426
vt 0.107959 0.719056
vt 0.109383 0.723768
vt 0.107956 0.728042
vt 0.109380 0.733111
vt 0.107953 0.737028
vt 0.109377 0.742454
vt 0.107950 0.746015
vt 0.096603 0.749961
vt 0.076530 0.746004
vt 0.068982 0.747977
vt 0.060820 0.745998
vt 0.051397 0.747970
vt 0.260248 0.346527
vt 0.272953 0.340692
vt 0.290858 0.351753
vt 0.269580 0.349612
vt 0.253833 0.360647
vt 0.273603 0.369770
vt 0.258202 0.382454
vt 0.268013 0.382572
vt 0.283889 0.371344
vt 0.287278 0.388916
vt 0.288910 0.360555
vt 0.299321 0.364525
vt 0.302289 0.380155
vt 0.298114 0.389322
vt 0.313549 0.382117
vt 0.315950 0.395322
vt 0.317168 0.374885
vt 0.328424 0.379389
vt 0.330386 0.390488
vt 0.327640 0.396062
vt 0.342373 0.392780
vt 0.343850 0.401591
vt 0.344568 0.389000
vt 0.357629 0.394745
vt 0.358680 0.401261
vt 0.357244 0.403329
vt 0.373198 0.406471
vt 0.373174 0.408748
vt 0.373205 0.404226
vt 0.364896 0.395951
vt 0.376918 0.404206
vt 0.350177 0.386628
vt 0.359699 0.387874
vt 0.369187 0.394217
vt 0.380687 0.404181
vt 0.375970 0.395722
vt 0.384488 0.404199
vt 0.380754 0.394180
vt 0.388298 0.404214
vt 0.365703 0.385906
vt 0.374431 0.387529
vt 0.387083 0.395854
vt 0.392108 0.404258
vt 0.380964 0.385870
vt 0.366367 0.377940
vt 0.376710 0.379829
vt 0.358709 0.380118
vt 0.360858 0.372182
vt 0.370318 0.369750
vt 0.347939 0.370309
vt 0.339236 0.373073
vt 0.347439 0.378579
vt 0.341277 0.364897
vt 0.351799 0.361815
vt 0.325581 0.363081
vt 0.315931 0.366485
vt 0.325241 0.371536
vt 0.340398 0.381004
vt 0.299385 0.356203
vt 0.317915 0.358066
vt 0.303088 0.347379
vt 0.323199 0.349416
vt 0.329363 0.354344
vt 0.346606 0.356486
vt 0.336619 0.345356
vt 0.296155 0.342911
vt 0.310266 0.338211
vt 0.331831 0.340514
vt 0.355295 0.347895
vt 0.359111 0.353132
vt 0.347423 0.336178
vt 0.369977 0.344329
vt 0.374967 0.355850
vt 0.367436 0.339170
vt 0.384530 0.335615
vt 0.387131 0.347664
vt 0.402897 0.339596
vt 0.402967 0.344902
vt 0.388547 0.353111
vt 0.403049 0.356455
vt 0.403123 0.362169
vt 0.390878 0.364216
vt 0.377672 0.361435
vt 0.392375 0.370066
vt 0.382154 0.372036
vt 0.403195 0.372749
vt 0.403270 0.378820
vt 0.394458 0.380209
vt 0.385002 0.378012
vt 0.396031 0.386350
vt 0.389006 0.387728
vt 0.403332 0.388368
vt 0.403408 0.394881
vt 0.398073 0.396228
vt 0.392281 0.394466
vt 0.399690 0.404355
vt 0.395911 0.404306
vt 0.403463 0.404328
vt 0.408723 0.396232
vt 0.407239 0.404362
vt 0.410648 0.386356
vt 0.417660 0.387735
vt 0.414536 0.394473
vt 0.411022 0.404312
vt 0.419715 0.395863
vt 0.414825 0.404263
vt 0.425716 0.385884
vt 0.432233 0.387544
vt 0.426064 0.394192
vt 0.418638 0.404218
vt 0.429817 0.379840
vt 0.440166 0.377961
vt 0.421536 0.378024
vt 0.424233 0.372043
vt 0.436070 0.369767
vt 0.445521 0.372199
vt 0.439992 0.364078
vt 0.454429 0.361838
vt 0.428568 0.361446
vt 0.415367 0.364218
vt 0.414018 0.370072
vt 0.412072 0.380211
vt 0.417541 0.353115
vt 0.431126 0.355854
vt 0.418815 0.347664
vt 0.435948 0.344334
vt 0.421238 0.335617
vt 0.438349 0.339167
vt 0.450639 0.347901
vt 0.446967 0.353146
vt 0.458335 0.336182
vt 0.473943 0.340522
vt 0.469294 0.345374
vt 0.459474 0.356503
vt 0.482722 0.349442
vt 0.476701 0.354377
vt 0.464946 0.364924
vt 0.458438 0.370339
vt 0.488151 0.358107
vt 0.480633 0.363125
vt 0.467130 0.373107
vt 0.447810 0.380139
vt 0.459085 0.378612
vt 0.490279 0.366538
vt 0.481122 0.371588
vt 0.466111 0.381042
vt 0.489187 0.374945
vt 0.478085 0.379443
vt 0.506881 0.364604
vt 0.456492 0.386657
vt 0.446959 0.387896
vt 0.462083 0.389032
vt 0.449184 0.394763
vt 0.441902 0.395968
vt 0.437632 0.394232
vt 0.430021 0.404212
vt 0.426251 0.404186
vt 0.433735 0.404232
vt 0.430830 0.395736
vt 0.422449 0.404204
vt 0.440974 0.385928
vt 0.448116 0.401278
vt 0.433741 0.406478
vt 0.449566 0.403347
vt 0.433765 0.408754
vt 0.464284 0.392816
vt 0.462795 0.401622
vt 0.448387 0.409568
vt 0.433756 0.411048
vt 0.464830 0.405743
vt 0.478859 0.396110
vt 0.476791 0.406715
vt 0.476116 0.390533
vt 0.463269 0.413977
vt 0.449764 0.411971
vt 0.479574 0.412908
vt 0.493807 0.403139
vt 0.491301 0.415443
vt 0.490398 0.395380
vt 0.505053 0.404254
vt 0.509258 0.414339
vt 0.508075 0.389396
vt 0.518773 0.388998
vt 0.523601 0.400518
vt 0.520122 0.416903
vt 0.533901 0.401751
vt 0.539542 0.415795
vt 0.537868 0.382669
vt 0.532305 0.369863
vt 0.522152 0.371432
vt 0.503916 0.380226
vt 0.536315 0.349710
vt 0.517148 0.360636
vt 0.545516 0.346625
vt 0.551903 0.360755
vt 0.547554 0.382557
vt 0.553835 0.397859
vt 0.549403 0.418323
vt 0.555918 0.435132
vt 0.535582 0.433620
vt 0.525137 0.429562
vt 0.551358 0.454377
vt 0.541309 0.449061
vt 0.521499 0.444939
vt 0.536998 0.465789
vt 0.526415 0.458853
vt 0.557740 0.472931
vt 0.552749 0.490893
vt 0.542592 0.482773
vt 0.522480 0.473201
vt 0.558965 0.511227
vt 0.537955 0.498339
vt 0.553608 0.527858
vt 0.543402 0.516894
vt 0.559648 0.549969
vt 0.538499 0.531270
vt 0.554009 0.565232
vt 0.543799 0.551393
vt 0.523394 0.530677
vt 0.527782 0.518394
vt 0.523097 0.501781
vt 0.512182 0.515781
vt 0.508228 0.501271
vt 0.511920 0.490013
vt 0.493408 0.496876
vt 0.496578 0.487521
vt 0.493269 0.476228
vt 0.507880 0.476660
vt 0.496292 0.466138
vt 0.527282 0.488454
vt 0.511380 0.464526
vt 0.492905 0.455793
vt 0.507241 0.452316
vt 0.478577 0.455445
vt 0.480952 0.446654
vt 0.481239 0.463775
vt 0.466238 0.444450
vt 0.464190 0.438820
vt 0.464342 0.451378
vt 0.478720 0.471982
vt 0.466313 0.457569
vt 0.481317 0.481071
vt 0.464299 0.464056
vt 0.450267 0.447264
vt 0.448990 0.443436
vt 0.450341 0.438323
vt 0.433459 0.431869
vt 0.433521 0.429557
vt 0.433579 0.427241
vt 0.448991 0.434861
vt 0.433626 0.424924
vt 0.450273 0.429440
vt 0.433668 0.422605
vt 0.448863 0.426343
vt 0.433698 0.420287
vt 0.465957 0.431447
vt 0.450074 0.420629
vt 0.433721 0.417971
vt 0.463839 0.426364
vt 0.478210 0.439070
vt 0.480412 0.429696
vt 0.492265 0.435561
vt 0.495745 0.444977
vt 0.510507 0.439306
vt 0.506263 0.428209
vt 0.494884 0.423989
vt 0.477582 0.422849
vt 0.465462 0.418540
vt 0.448614 0.417908
vt 0.433734 0.415659
vt 0.433762 0.413355
vt 0.448840 0.452066
vt 0.433400 0.434174
vt 0.450029 0.456269
vt 0.433340 0.436472
vt 0.466188 0.470825
vt 0.464067 0.476876
vt 0.478689 0.488689
vt 0.481248 0.498533
vt 0.496650 0.509128
vt 0.493352 0.517735
vt 0.508334 0.526141
vt 0.512212 0.541807
vt 0.527972 0.548650
vt 0.523420 0.559856
vt 0.538681 0.564542
vt 0.543825 0.586223
vt 0.559864 0.589125
vt 0.553937 0.602970
vt 0.559460 0.628486
vt 0.538533 0.598094
vt 0.553229 0.640719
vt 0.543595 0.621157
vt 0.523085 0.589325
vt 0.527865 0.579193
vt 0.512169 0.567994
vt 0.508265 0.551234
vt 0.493036 0.538833
vt 0.496498 0.530968
vt 0.481130 0.516115
vt 0.478559 0.505538
vt 0.463664 0.489850
vt 0.465878 0.484234
vt 0.449600 0.465355
vt 0.448516 0.460762
vt 0.433205 0.441041
vt 0.433270 0.438764
vt 0.442327 0.465572
vt 0.429513 0.441065
vt 0.438108 0.465645
vt 0.425804 0.441084
vt 0.431236 0.465791
vt 0.422078 0.441100
vt 0.426557 0.465831
vt 0.418349 0.441113
vt 0.448488 0.490464
vt 0.442452 0.491618
vt 0.433395 0.490849
vt 0.449930 0.515168
vt 0.442093 0.517330
vt 0.461595 0.516814
vt 0.470379 0.539713
vt 0.461428 0.543001
vt 0.447891 0.540311
vt 0.431215 0.515548
vt 0.426774 0.491930
vt 0.438058 0.543498
vt 0.425482 0.540648
vt 0.422630 0.517622
vt 0.418335 0.491048
vt 0.412525 0.515713
vt 0.411118 0.492053
vt 0.414752 0.543717
vt 0.430209 0.570025
vt 0.416066 0.566068
vt 0.442211 0.565818
vt 0.403108 0.540749
vt 0.403200 0.517708
vt 0.403017 0.570154
vt 0.432839 0.591596
vt 0.418497 0.596815
vt 0.402934 0.591743
vt 0.389973 0.566063
vt 0.391465 0.543711
vt 0.387358 0.596816
vt 0.373019 0.591594
vt 0.375821 0.570016
vt 0.380733 0.540636
vt 0.393867 0.515708
vt 0.383770 0.517612
vt 0.388230 0.491041
vt 0.395462 0.492049
vt 0.403282 0.491102
vt 0.397788 0.465970
vt 0.403375 0.465941
vt 0.391783 0.465924
vt 0.375177 0.515532
vt 0.379806 0.491918
vt 0.386634 0.465915
vt 0.373170 0.490834
vt 0.380199 0.465822
vt 0.364306 0.517308
vt 0.368156 0.543479
vt 0.358321 0.540285
vt 0.363820 0.565801
vt 0.348557 0.569582
vt 0.356172 0.596511
vt 0.343045 0.591130
vt 0.352214 0.617274
vt 0.332466 0.623136
vt 0.367701 0.623691
vt 0.365158 0.643630
vt 0.343963 0.650622
vt 0.327469 0.643036
vt 0.383202 0.651015
vt 0.386002 0.617605
vt 0.402785 0.643782
vt 0.402848 0.623850
vt 0.419702 0.617594
vt 0.422342 0.650980
vt 0.440378 0.643570
vt 0.437973 0.623663
vt 0.461504 0.650528
vt 0.453452 0.617250
vt 0.477967 0.642948
vt 0.473142 0.623103
vt 0.449662 0.596512
vt 0.462787 0.591144
vt 0.457460 0.569607
vt 0.468408 0.565282
vt 0.480896 0.595868
vt 0.492828 0.590387
vt 0.484788 0.568902
vt 0.487240 0.616559
vt 0.508366 0.622215
vt 0.521099 0.615599
vt 0.512270 0.594922
vt 0.494686 0.564495
vt 0.539838 0.648513
vt 0.515575 0.641982
vt 0.500664 0.649674
vt 0.484922 0.542226
vt 0.468682 0.514586
vt 0.458187 0.491088
vt 0.304653 0.649772
vt 0.318355 0.616564
vt 0.289701 0.642034
vt 0.297141 0.622202
vt 0.324898 0.595844
vt 0.312969 0.590336
vt 0.284401 0.615529
vt 0.293481 0.594837
vt 0.265263 0.648516
vt 0.261777 0.621016
vt 0.282686 0.589198
vt 0.251842 0.640627
vt 0.245604 0.628280
vt 0.267031 0.597913
vt 0.277928 0.579049
vt 0.251418 0.602689
vt 0.261784 0.586017
vt 0.282445 0.559730
vt 0.245604 0.588829
vt 0.267024 0.564371
vt 0.251561 0.565011
vt 0.261926 0.551221
vt 0.282536 0.530565
vt 0.277908 0.548519
vt 0.293911 0.515696
vt 0.297751 0.526057
vt 0.293836 0.541711
vt 0.312867 0.496822
vt 0.309606 0.509067
vt 0.312894 0.517675
vt 0.325126 0.481034
vt 0.327742 0.488652
vt 0.325173 0.498491
vt 0.342307 0.464035
vt 0.340416 0.470801
vt 0.342522 0.476851
vt 0.356518 0.447249
vt 0.357926 0.452052
vt 0.356743 0.456251
vt 0.373468 0.431864
vt 0.373525 0.434167
vt 0.373583 0.436464
vt 0.358235 0.460745
vt 0.373650 0.438753
vt 0.357153 0.465331
vt 0.373713 0.441030
vt 0.342903 0.489820
vt 0.340706 0.484205
vt 0.325268 0.516067
vt 0.327850 0.505495
vt 0.313173 0.538767
vt 0.309723 0.530899
vt 0.293820 0.567894
vt 0.297772 0.551143
vt 0.311320 0.564425
vt 0.321285 0.542169
vt 0.321213 0.568848
vt 0.335829 0.539669
vt 0.337708 0.514547
vt 0.344803 0.516779
vt 0.337610 0.565244
vt 0.344781 0.542966
vt 0.356461 0.515140
vt 0.364129 0.491599
vt 0.358078 0.490440
vt 0.375500 0.465779
vt 0.368648 0.465629
vt 0.348394 0.491061
vt 0.364407 0.465552
vt 0.377406 0.441057
vt 0.381116 0.441078
vt 0.384831 0.441095
vt 0.388550 0.441110
vt 0.392270 0.441122
vt 0.395990 0.441130
vt 0.399710 0.441136
vt 0.403429 0.441138
vt 0.408941 0.465972
vt 0.407160 0.441136
vt 0.414970 0.465927
vt 0.410890 0.441131
vt 0.420099 0.465922
vt 0.414620 0.441124
vt 0.357787 0.443425
vt 0.373408 0.429552
vt 0.356453 0.438310
vt 0.373353 0.427235
vt 0.340308 0.457548
vt 0.342277 0.451359
vt 0.327731 0.471950
vt 0.325222 0.463741
vt 0.340395 0.444429
vt 0.357792 0.434851
vt 0.327890 0.455414
vt 0.342439 0.438801
vt 0.356527 0.429428
vt 0.325524 0.446621
vt 0.310014 0.466088
vt 0.313413 0.455747
vt 0.313030 0.476179
vt 0.298271 0.476594
vt 0.294774 0.464459
vt 0.294208 0.489939
vt 0.278696 0.488358
vt 0.283527 0.473116
vt 0.282879 0.501684
vt 0.267881 0.498221
vt 0.263242 0.482659
vt 0.262389 0.516754
vt 0.246688 0.511065
vt 0.252952 0.490757
vt 0.252043 0.527688
vt 0.245938 0.549760
vt 0.267285 0.531127
vt 0.278155 0.518282
vt 0.297894 0.501197
vt 0.309705 0.487466
vt 0.247953 0.472801
vt 0.268871 0.465688
vt 0.254373 0.454263
vt 0.264550 0.448961
vt 0.249795 0.435020
vt 0.270305 0.433528
vt 0.256340 0.418218
vt 0.266327 0.415700
vt 0.280883 0.429482
vt 0.284529 0.444860
vt 0.285917 0.416825
vt 0.271995 0.401658
vt 0.282427 0.400434
vt 0.251887 0.397752
vt 0.301140 0.404185
vt 0.296919 0.414270
vt 0.312530 0.403081
vt 0.315036 0.415392
vt 0.329700 0.406673
vt 0.326914 0.412866
vt 0.341818 0.405711
vt 0.343368 0.413951
vt 0.358405 0.409553
vt 0.357040 0.411955
vt 0.373183 0.411041
vt 0.373177 0.413348
vt 0.358175 0.417896
vt 0.373203 0.415652
vt 0.356728 0.420617
vt 0.373216 0.417964
vt 0.357924 0.426332
vt 0.373238 0.420280
vt 0.373267 0.422599
vt 0.340684 0.431425
vt 0.342797 0.426343
vt 0.373307 0.424917
vt 0.328269 0.439038
vt 0.326073 0.429660
vt 0.328903 0.422813
vt 0.341183 0.418515
vt 0.314066 0.435514
vt 0.311447 0.423938
vt 0.299922 0.428146
vt 0.295663 0.439241
vt 0.298931 0.452254
vt 0.310576 0.444928
vt 0.279590 0.458769
vt 0.532793 0.340769
vt 0.515053 0.351815
vt 0.509610 0.342952
vt 0.502814 0.347429
vt 0.506668 0.356269
vt 0.495483 0.338241
vt 0.492800 0.382181
vt 0.366245 0.364067
s 1
usemtl Material.001
f 783/209/443 210/210/200 209/211/199 212/212/202 213/213/203 729/214/418 722/215/420 721/216/418 719/217/419 717/218/418 710/219/416 709/220/415 711/221/417 712/222/367 616/223/368 615/224/367 614/225/366 613/226/365 608/227/362 606/228/356 599/229/360 598/230/358 563/231/351 562/232/350 564/233/352 565/234/353 566/235/354 571/235/353 572/235/352 573/235/350 574/235/355 593/235/358 592/235/357 591/236/356 487/237/323 486/238/322 485/239/321 484/240/320 409/241/288 408/242/287 406/243/286 404/244/278 403/245/285 402/246/281 398/247/283 392/248/281 391/249/282 390/250/281 389/251/280 387/252/278 388/253/279 766/254/200 767/255/438 773/255/231 774/255/439 330/255/233 327/255/252 325/256/235 277/257/236 276/257/235 275/257/234 274/257/233 270/257/232 268/258/231
f 209/259/199 210/260/200 262/261/230 211/262/201
f 212/263/202 209/259/199 211/262/201 214/264/204
f 213/265/203 212/263/202 214/264/204 215/266/204
f 215/266/204 214/264/204 216/267/204 218/268/204
f 214/264/204 211/262/201 217/269/205 216/267/204
f 216/267/204 217/269/205 221/270/206 219/271/204
f 218/268/204 216/267/204 219/271/204 220/272/204
f 220/272/204 219/271/204 222/273/204 224/274/204
f 219/271/204 221/270/206 223/275/207 222/273/204
f 222/273/204 223/275/207 227/276/208 225/277/204
f 224/274/204 222/273/204 225/277/204 226/278/204
f 226/278/204 225/277/204 228/279/209 230/280/211
f 225/277/204 227/276/208 229/281/210 228/279/209
f 228/279/209 229/281/210 234/282/215 231/283/212
f 230/280/211 228/279/209 231/283/212 232/284/213
f 232/284/213 231/283/212 233/285/214 742/286/426
f 231/283/212 234/282/215 235/287/216 233/285/214
f 234/282/215 236/288/217 239/289/220 235/287/216
f 229/281/210 238/290/219 236/288/217 234/282/215
f 238/290/219 784/291/256 237/292/218 236/288/217
f 236/288/217 237/292/218 240/293/221 239/289/220
f 237/292/218 243/294/224 241/295/222 240/293/221
f 243/294/224 245/296/226 242/297/223 241/295/222
f 784/291/256 244/298/225 243/294/224 237/292/218
f 244/298/225 247/299/228 245/296/226 243/294/224
f 245/296/226 246/300/227 779/301/442 242/297/223
f 247/299/228 248/302/229 246/300/227 245/296/226
f 249/303/230 251/304/230 248/302/229 247/299/228
f 252/305/230 249/303/230 247/299/228 244/298/225
f 250/306/230 780/307/230 251/304/230 249/303/230
f 254/308/230 250/306/230 249/303/230 252/305/230
f 256/309/230 254/308/230 252/305/230 253/310/230
f 253/310/230 252/305/230 244/298/225 784/291/256
f 255/311/230 782/312/230 250/306/230 254/308/230
f 257/313/230 255/311/230 254/308/230 256/309/230
f 259/314/230 257/313/230 256/309/230 258/315/230
f 258/315/230 256/309/230 253/310/230 260/316/230
f 223/275/207 258/315/230 260/316/230 227/276/208
f 221/270/206 259/314/230 258/315/230 223/275/207
f 227/276/208 260/316/230 238/290/219 229/281/210
f 260/316/230 253/310/230 784/291/256 238/290/219
f 217/269/205 261/317/230 259/314/230 221/270/206
f 261/317/230 263/318/230 257/313/230 259/314/230
f 211/262/201 262/261/230 261/317/230 217/269/205
f 262/261/230 264/319/230 263/318/230 261/317/230
f 264/319/230 267/320/230 265/321/230 263/318/230
f 263/318/230 265/321/230 255/311/230 257/313/230
f 265/321/230 266/322/230 782/312/230 255/311/230
f 267/320/230 269/323/230 266/322/230 265/321/230
f 783/324/443 268/325/231 267/320/230 264/319/230
f 268/325/231 270/326/232 269/323/230 267/320/230
f 269/323/230 271/327/230 272/328/230 266/322/230
f 270/326/232 274/329/233 271/327/230 269/323/230
f 271/327/230 273/330/230 282/331/230 272/328/230
f 274/329/233 275/332/234 273/330/230 271/327/230
f 275/332/234 276/333/235 278/334/230 273/330/230
f 276/333/235 277/335/236 279/336/230 278/334/230
f 273/330/230 278/334/230 280/337/230 282/331/230
f 278/334/230 279/336/230 281/338/230 280/337/230
f 280/337/230 281/338/230 285/339/230 283/340/230
f 282/331/230 280/337/230 283/340/230 284/341/230
f 284/341/230 283/340/230 286/342/230 288/343/230
f 283/340/230 285/339/230 287/344/230 286/342/230
f 286/342/230 287/344/230 291/345/230 289/346/230
f 288/343/230 286/342/230 289/346/230 290/347/230
f 290/347/230 289/346/230 292/348/237 294/349/239
f 289/346/230 291/345/230 293/350/238 292/348/237
f 292/348/237 293/350/238 298/351/243 295/352/240
f 294/349/239 292/348/237 295/352/240 296/353/241
f 296/353/241 295/352/240 297/354/242 778/355/441
f 295/352/240 298/351/243 299/356/244 297/354/242
f 298/351/243 300/357/245 302/358/246 299/356/244
f 293/350/238 301/359/237 300/357/245 298/351/243
f 301/359/237 305/360/239 303/361/247 300/357/245
f 300/357/245 303/361/247 304/362/248 302/358/246
f 303/361/247 306/363/249 308/364/251 304/362/248
f 305/360/239 309/365/229 306/363/249 303/361/247
f 309/365/229 310/366/228 307/367/250 306/363/249
f 306/363/249 307/367/250 356/368/264 308/364/251
f 311/369/230 313/370/230 310/366/228 309/365/229
f 312/371/230 311/369/230 309/365/229 305/360/239
f 317/372/230 314/373/230 311/369/230 312/371/230
f 314/373/230 315/374/230 313/370/230 311/369/230
f 316/375/230 334/376/230 315/374/230 314/373/230
f 318/377/230 316/375/230 314/373/230 317/372/230
f 321/378/230 318/377/230 317/372/230 319/379/230
f 319/379/230 317/372/230 312/371/230 320/380/230
f 285/339/230 321/378/230 319/379/230 287/344/230
f 287/344/230 319/379/230 320/380/230 291/345/230
f 281/338/230 322/381/230 321/378/230 285/339/230
f 322/381/230 323/382/230 318/377/230 321/378/230
f 279/336/230 324/383/230 322/381/230 281/338/230
f 324/383/230 326/384/230 323/382/230 322/381/230
f 277/335/236 325/385/235 324/383/230 279/336/230
f 325/385/235 327/386/252 326/384/230 324/383/230
f 326/384/230 328/387/230 331/388/230 323/382/230
f 327/386/252 330/389/233 328/387/230 326/384/230
f 330/389/233 774/390/439 329/391/230 328/387/230
f 328/387/230 329/391/230 332/392/230 331/388/230
f 331/388/230 332/392/230 334/376/230 316/375/230
f 323/382/230 331/388/230 316/375/230 318/377/230
f 329/391/230 772/393/230 333/394/230 332/392/230
f 332/392/230 333/394/230 335/395/230 334/376/230
f 334/376/230 335/395/230 337/396/230 315/374/230
f 333/394/230 771/397/230 336/398/230 335/395/230
f 335/395/230 336/398/230 339/399/230 337/396/230
f 315/374/230 337/396/230 338/400/230 313/370/230
f 337/396/230 339/399/230 340/401/230 338/400/230
f 336/398/230 343/402/230 341/403/230 339/399/230
f 339/399/230 341/403/230 344/404/230 340/401/230
f 341/403/230 342/405/253 345/406/254 344/404/230
f 343/402/230 775/407/440 342/405/253 341/403/230
f 340/401/230 344/404/230 346/408/219 348/409/256
f 344/404/230 345/406/254 347/410/255 346/408/219
f 346/408/219 347/410/255 351/411/259 349/412/257
f 348/409/256 346/408/219 349/412/257 350/413/258
f 350/413/258 349/412/257 352/414/260 354/415/262
f 349/412/257 351/411/259 353/416/261 352/414/260
f 357/417/265 350/413/258 354/415/262 355/418/263
f 307/367/250 357/417/265 355/418/263 356/368/264
f 310/366/228 358/419/225 357/417/265 307/367/250
f 358/419/225 348/409/256 350/413/258 357/417/265
f 313/370/230 338/400/230 358/419/225 310/366/228
f 338/400/230 340/401/230 348/409/256 358/419/225
f 351/411/259 361/420/268 359/421/266 353/416/261
f 361/420/268 363/422/270 360/423/267 359/421/266
f 347/410/255 362/424/269 361/420/268 351/411/259
f 362/424/269 365/425/272 363/422/270 361/420/268
f 363/422/270 364/426/271 466/427/314 360/423/267
f 365/425/272 367/428/274 364/426/271 363/422/270
f 366/429/273 369/430/273 367/428/274 365/425/272
f 777/431/273 366/429/273 365/425/272 362/424/269
f 367/428/274 368/432/275 462/433/310 364/426/271
f 369/430/273 370/434/273 368/432/275 367/428/274
f 371/435/273 372/436/273 370/434/273 369/430/273
f 373/437/273 371/435/273 369/430/273 366/429/273
f 374/438/273 376/439/273 372/436/273 371/435/273
f 375/440/273 374/438/273 371/435/273 373/437/273
f 380/441/273 377/442/273 374/438/273 375/440/273
f 377/442/273 378/443/273 376/439/273 374/438/273
f 379/444/273 393/445/273 378/443/273 377/442/273
f 381/446/273 379/444/273 377/442/273 380/441/273
f 385/447/273 381/446/273 380/441/273 382/448/273
f 382/448/273 380/441/273 375/440/273 384/449/273
f 386/450/277 385/447/273 382/448/273 383/451/276
f 383/451/276 382/448/273 384/449/273 775/407/440
f 388/452/279 387/453/278 385/447/273 386/450/277
f 387/453/278 389/454/280 381/446/273 385/447/273
f 389/454/280 390/455/281 379/444/273 381/446/273
f 390/455/281 391/456/282 393/445/273 379/444/273
f 391/456/282 392/457/281 394/458/273 393/445/273
f 393/445/273 394/458/273 395/459/273 378/443/273
f 392/457/281 398/460/283 396/461/273 394/458/273
f 394/458/273 396/461/273 397/462/273 395/459/273
f 396/461/273 399/463/284 401/464/284 397/462/273
f 398/460/283 402/465/281 399/463/284 396/461/273
f 402/465/281 403/466/285 400/467/284 399/463/284
f 399/463/284 400/467/284 424/468/284 401/464/284
f 403/466/285 404/469/278 405/470/284 400/467/284
f 404/469/278 406/471/286 407/472/284 405/470/284
f 406/471/286 408/473/287 410/474/284 407/472/284
f 408/473/287 409/475/288 411/476/289 410/474/284
f 410/474/284 411/476/289 413/477/289 412/478/284
f 407/472/284 410/474/284 412/478/284 414/479/284
f 412/478/284 413/477/289 416/480/289 415/481/289
f 414/479/284 412/478/284 415/481/289 418/482/284
f 415/481/289 416/480/289 476/483/289 417/484/289
f 418/482/284 415/481/289 417/484/289 419/485/289
f 420/486/284 418/482/284 419/485/289 422/487/284
f 423/488/284 414/479/284 418/482/284 420/486/284
f 424/468/284 423/488/284 420/486/284 421/489/284
f 421/489/284 420/486/284 422/487/284 425/490/284
f 400/467/284 405/470/284 423/488/284 424/468/284
f 405/470/284 407/472/284 414/479/284 423/488/284
f 401/464/284 424/468/284 421/489/284 454/491/284
f 425/490/284 422/487/284 426/492/289 427/493/289
f 422/487/284 419/485/289 429/494/289 426/492/289
f 427/493/289 426/492/289 428/495/290 445/496/304
f 426/492/289 429/494/289 430/497/291 428/495/290
f 429/494/289 431/498/289 433/499/292 430/497/291
f 419/485/289 417/484/289 431/498/289 429/494/289
f 417/484/289 476/483/289 432/500/289 431/498/289
f 431/498/289 432/500/289 434/501/293 433/499/292
f 433/499/292 434/501/293 436/502/295 435/503/294
f 430/497/291 433/499/292 435/503/294 437/504/296
f 435/503/294 436/502/295 439/505/298 438/506/297
f 437/504/296 435/503/294 438/506/297 440/507/299
f 443/508/302 437/504/296 440/507/299 441/509/300
f 444/510/303 443/508/302 441/509/300 442/511/301
f 445/496/304 428/495/290 443/508/302 444/510/303
f 428/495/290 430/497/291 437/504/296 443/508/302
f 446/512/305 444/510/303 442/511/301 448/513/307
f 449/514/290 445/496/304 444/510/303 446/512/305
f 447/515/306 446/512/305 448/513/307 465/516/313
f 450/517/308 449/514/290 446/512/305 447/515/306
f 451/518/284 427/493/289 445/496/304 449/514/290
f 452/519/284 451/518/284 449/514/290 450/517/308
f 455/520/284 453/521/284 451/518/284 452/519/284
f 453/521/284 425/490/284 427/493/289 451/518/284
f 454/491/284 421/489/284 425/490/284 453/521/284
f 456/522/273 454/491/284 453/521/284 455/520/284
f 459/523/273 456/522/273 455/520/284 457/524/273
f 457/524/273 455/520/284 452/519/284 458/525/284
f 372/436/273 457/524/273 458/525/284 370/434/273
f 376/439/273 459/523/273 457/524/273 372/436/273
f 378/443/273 395/459/273 459/523/273 376/439/273
f 395/459/273 397/462/273 456/522/273 459/523/273
f 370/434/273 458/525/284 460/526/292 368/432/275
f 458/525/284 452/519/284 450/517/308 460/526/292
f 368/432/275 460/526/292 461/527/309 462/433/310
f 460/526/292 450/517/308 447/515/306 461/527/309
f 462/433/310 461/527/309 463/528/311 464/529/312
f 461/527/309 447/515/306 465/516/313 463/528/311
f 364/426/271 462/433/310 464/529/312 466/427/314
f 397/462/273 401/464/284 454/491/284 456/522/273
f 436/502/295 469/530/317 467/531/315 439/505/298
f 469/530/317 470/532/318 468/533/316 467/531/315
f 434/501/293 471/534/274 469/530/317 436/502/295
f 471/534/274 472/535/319 470/532/318 469/530/317
f 432/500/289 473/536/289 471/534/274 434/501/293
f 473/536/289 474/537/289 472/535/319 471/534/274
f 476/483/289 475/538/289 473/536/289 432/500/289
f 475/538/289 477/539/289 474/537/289 473/536/289
f 416/480/289 478/540/289 475/538/289 476/483/289
f 478/540/289 479/541/289 477/539/289 475/538/289
f 413/477/289 480/542/289 478/540/289 416/480/289
f 480/542/289 481/543/289 479/541/289 478/540/289
f 411/476/289 482/544/289 480/542/289 413/477/289
f 482/544/289 483/545/289 481/543/289 480/542/289
f 409/475/288 484/546/320 482/544/289 411/476/289
f 484/546/320 485/547/321 483/545/289 482/544/289
f 485/547/321 486/548/322 488/549/289 483/545/289
f 486/548/322 487/550/323 489/551/324 488/549/289
f 488/549/289 489/551/324 491/552/325 490/553/289
f 483/545/289 488/549/289 490/553/289 481/543/289
f 490/553/289 491/552/325 493/554/326 492/555/289
f 481/543/289 490/553/289 492/555/289 479/541/289
f 492/555/289 493/554/326 495/556/327 494/557/289
f 479/541/289 492/555/289 494/557/289 477/539/289
f 494/557/289 495/556/327 497/558/329 496/559/328
f 477/539/289 494/557/289 496/559/328 474/537/289
f 496/559/328 497/558/329 499/560/331 498/561/330
f 474/537/289 496/559/328 498/561/330 472/535/319
f 498/561/330 499/560/331 501/562/333 500/563/332
f 472/535/319 498/561/330 500/563/332 470/532/318
f 500/563/332 501/562/333 503/564/335 502/565/334
f 470/532/318 500/563/332 502/565/334 468/533/316
f 501/562/333 505/566/337 504/567/336 503/564/335
f 505/566/337 507/568/339 506/569/338 504/567/336
f 507/568/339 510/570/342 508/571/340 506/569/338
f 510/570/342 511/572/343 509/573/341 508/571/340
f 514/574/345 512/575/344 510/570/342 507/568/339
f 512/575/344 513/576/345 511/572/343 510/570/342
f 515/577/346 518/578/346 513/576/345 512/575/344
f 517/579/346 515/577/346 512/575/344 514/574/345
f 596/580/346 516/581/346 515/577/346 517/579/346
f 516/581/346 519/582/346 518/578/346 515/577/346
f 518/578/346 520/583/346 522/584/344 513/576/345
f 519/582/346 521/585/346 520/583/346 518/578/346
f 521/585/346 526/586/346 523/587/346 520/583/346
f 520/583/346 523/587/346 524/588/345 522/584/344
f 523/587/346 525/589/346 680/590/344 524/588/345
f 526/586/346 528/591/346 525/589/346 523/587/346
f 527/592/346 530/593/346 528/591/346 526/586/346
f 580/594/346 527/592/346 526/586/346 521/585/346
f 528/591/346 529/595/346 541/596/346 525/589/346
f 530/593/346 532/597/346 529/595/346 528/591/346
f 579/598/346 531/599/346 530/593/346 527/592/346
f 531/599/346 533/600/346 532/597/346 530/593/346
f 532/597/346 534/601/346 537/602/346 529/595/346
f 533/600/346 536/603/346 534/601/346 532/597/346
f 536/603/346 558/604/346 535/605/346 534/601/346
f 534/601/346 535/605/346 538/606/346 537/602/346
f 529/595/346 537/602/346 539/607/346 541/596/346
f 537/602/346 538/606/346 540/608/346 539/607/346
f 539/607/346 540/608/346 545/609/345 542/610/344
f 541/596/346 539/607/346 542/610/344 543/611/345
f 543/611/345 542/610/344 544/612/347 677/613/401
f 542/610/344 545/609/345 546/614/348 544/612/347
f 540/608/346 550/615/346 547/616/344 545/609/345
f 545/609/345 547/616/344 549/617/349 546/614/348
f 547/616/344 548/618/345 672/619/396 549/617/349
f 550/615/346 551/620/346 548/618/345 547/616/344
f 538/606/346 552/621/346 550/615/346 540/608/346
f 552/621/346 553/622/346 551/620/346 550/615/346
f 554/623/346 555/624/346 553/622/346 552/621/346
f 535/605/346 554/623/346 552/621/346 538/606/346
f 558/604/346 556/625/346 554/623/346 535/605/346
f 556/625/346 557/626/346 555/624/346 554/623/346
f 559/627/346 561/628/346 557/626/346 556/625/346
f 560/629/346 559/627/346 556/625/346 558/604/346
f 564/630/352 562/631/350 559/627/346 560/629/346
f 562/631/350 563/632/351 561/628/346 559/627/346
f 565/633/353 564/630/352 560/629/346 567/634/346
f 566/635/354 565/633/353 567/634/346 568/636/346
f 568/636/346 567/634/346 536/603/346 533/600/346
f 567/634/346 560/629/346 558/604/346 536/603/346
f 569/637/346 568/636/346 533/600/346 531/599/346
f 571/638/353 566/635/354 568/636/346 569/637/346
f 572/639/352 571/638/353 569/637/346 570/640/346
f 570/640/346 569/637/346 531/599/346 579/598/346
f 573/641/350 572/639/352 570/640/346 575/642/346
f 574/643/355 573/641/350 575/642/346 576/644/346
f 576/644/346 575/642/346 577/645/346 578/646/346
f 575/642/346 570/640/346 579/598/346 577/645/346
f 578/646/346 577/645/346 580/594/346 581/647/346
f 577/645/346 579/598/346 527/592/346 580/594/346
f 581/647/346 580/594/346 521/585/346 519/582/346
f 582/648/346 581/647/346 519/582/346 516/581/346
f 584/649/346 578/646/346 581/647/346 582/648/346
f 586/650/346 584/649/346 582/648/346 583/651/346
f 583/651/346 582/648/346 516/581/346 596/580/346
f 585/652/346 576/644/346 578/646/346 584/649/346
f 587/653/346 585/652/346 584/649/346 586/650/346
f 590/654/346 587/653/346 586/650/346 588/655/346
f 588/655/346 586/650/346 583/651/346 589/656/346
f 491/552/325 588/655/346 589/656/346 493/554/326
f 489/551/324 590/654/346 588/655/346 491/552/325
f 487/550/323 591/657/356 590/654/346 489/551/324
f 591/657/356 592/658/357 587/653/346 590/654/346
f 592/658/357 593/659/358 585/652/346 587/653/346
f 593/659/358 574/643/355 576/644/346 585/652/346
f 589/656/346 583/651/346 596/580/346 594/660/346
f 493/554/326 589/656/346 594/660/346 495/556/327
f 495/556/327 594/660/346 595/661/346 497/558/329
f 594/660/346 596/580/346 517/579/346 595/661/346
f 497/558/329 595/661/346 597/662/359 499/560/331
f 595/661/346 517/579/346 514/574/345 597/662/359
f 499/560/331 597/662/359 505/566/337 501/562/333
f 597/662/359 514/574/345 507/568/339 505/566/337
f 563/632/351 598/663/358 600/664/346 561/628/346
f 598/663/358 599/665/360 602/666/346 600/664/346
f 561/628/346 600/664/346 601/667/346 557/626/346
f 600/664/346 602/666/346 603/668/346 601/667/346
f 602/666/346 604/669/346 605/670/346 603/668/346
f 599/665/360 606/671/356 604/669/346 602/666/346
f 604/669/346 607/672/361 609/673/363 605/670/346
f 606/671/356 608/674/362 607/672/361 604/669/346
f 608/674/362 613/675/365 610/676/364 607/672/361
f 607/672/361 610/676/364 612/677/364 609/673/363
f 613/675/365 614/678/366 611/679/364 610/676/364
f 610/676/364 611/679/364 621/680/364 612/677/364
f 614/678/366 615/681/367 617/682/364 611/679/364
f 615/681/367 616/683/368 618/684/364 617/682/364
f 617/682/364 618/684/364 620/685/364 619/686/364
f 611/679/364 617/682/364 619/686/364 621/680/364
f 619/686/364 620/685/364 623/687/364 622/688/364
f 621/680/364 619/686/364 622/688/364 624/689/369
f 622/688/364 623/687/364 626/690/369 625/691/369
f 624/689/369 622/688/364 625/691/369 627/692/370
f 625/691/369 626/690/369 629/693/370 628/694/370
f 627/692/370 625/691/369 628/694/370 630/695/370
f 628/694/370 629/693/370 632/696/372 631/697/371
f 630/695/370 628/694/370 631/697/371 633/698/373
f 631/697/371 632/696/372 635/699/375 634/700/374
f 633/698/373 631/697/371 634/700/374 636/701/376
f 634/700/374 635/699/375 638/702/378 637/703/377
f 636/701/376 634/700/374 637/703/377 639/704/379
f 642/705/382 636/701/376 639/704/379 640/706/380
f 643/707/383 642/705/382 640/706/380 641/708/381
f 645/709/384 644/710/209 642/705/382 643/707/383
f 644/710/209 633/698/373 636/701/376 642/705/382
f 647/711/385 646/712/370 644/710/209 645/709/384
f 646/712/370 630/695/370 633/698/373 644/710/209
f 649/713/386 648/714/370 646/712/370 647/711/385
f 648/714/370 627/692/370 630/695/370 646/712/370
f 651/715/387 650/716/369 648/714/370 649/713/386
f 650/716/369 624/689/369 627/692/370 648/714/370
f 609/673/363 612/677/364 650/716/369 651/715/387
f 612/677/364 621/680/364 624/689/369 650/716/369
f 652/717/346 651/715/387 649/713/386 654/718/346
f 605/670/346 609/673/363 651/715/387 652/717/346
f 653/719/346 652/717/346 654/718/346 656/720/346
f 603/668/346 605/670/346 652/717/346 653/719/346
f 654/718/346 649/713/386 647/711/385 655/721/346
f 656/720/346 654/718/346 655/721/346 657/722/346
f 659/723/346 653/719/346 656/720/346 658/724/346
f 658/724/346 656/720/346 657/722/346 660/725/346
f 555/624/346 659/723/346 658/724/346 553/622/346
f 553/622/346 658/724/346 660/725/346 551/620/346
f 551/620/346 660/725/346 661/726/344 548/618/345
f 660/725/346 657/722/346 663/727/345 661/726/344
f 548/618/345 661/726/344 662/728/388 672/619/396
f 661/726/344 663/727/345 664/729/389 662/728/388
f 657/722/346 655/721/346 665/730/359 663/727/345
f 663/727/345 665/730/359 666/731/390 664/729/389
f 665/730/359 645/709/384 643/707/383 666/731/390
f 655/721/346 647/711/385 645/709/384 665/730/359
f 664/729/389 666/731/390 667/732/391 668/733/392
f 666/731/390 643/707/383 641/708/381 667/732/391
f 662/728/388 664/729/389 668/733/392 669/734/393
f 672/619/396 662/728/388 669/734/393 670/735/394
f 549/617/349 672/619/396 670/735/394 671/736/395
f 546/614/348 549/617/349 671/736/395 673/737/397
f 544/612/347 546/614/348 673/737/397 674/738/398
f 677/613/401 544/612/347 674/738/398 675/739/399
f 678/740/402 677/613/401 675/739/399 676/741/400
f 680/590/344 543/611/345 677/613/401 678/740/402
f 524/588/345 680/590/344 678/740/402 679/742/403
f 679/742/403 678/740/402 676/741/400 681/743/404
f 525/589/346 541/596/346 543/611/345 680/590/344
f 682/744/405 679/742/403 681/743/404 683/745/406
f 522/584/344 524/588/345 679/742/403 682/744/405
f 511/572/343 682/744/405 683/745/406 509/573/341
f 513/576/345 522/584/344 682/744/405 511/572/343
f 557/626/346 601/667/346 659/723/346 555/624/346
f 601/667/346 603/668/346 653/719/346 659/723/346
f 635/699/375 686/746/409 684/747/407 638/702/378
f 686/746/409 687/748/410 685/749/408 684/747/407
f 632/696/372 688/750/411 686/746/409 635/699/375
f 688/750/411 690/751/412 687/748/410 686/746/409
f 629/693/370 689/752/369 688/750/411 632/696/372
f 689/752/369 691/753/364 690/751/412 688/750/411
f 690/751/412 692/754/411 694/755/414 687/748/410
f 691/753/364 695/756/364 692/754/411 690/751/412
f 692/754/411 693/757/413 751/758/435 694/755/414
f 695/756/364 696/759/364 693/757/413 692/754/411
f 697/760/364 698/761/364 696/759/364 695/756/364
f 699/762/364 697/760/364 695/756/364 691/753/364
f 700/763/364 701/764/364 698/761/364 697/760/364
f 702/765/364 700/763/364 697/760/364 699/762/364
f 703/766/364 704/767/364 701/764/364 700/763/364
f 705/768/364 703/766/364 700/763/364 702/765/364
f 706/769/364 707/770/364 704/767/364 703/766/364
f 708/771/364 706/769/364 703/766/364 705/768/364
f 709/772/415 710/773/416 707/770/364 706/769/364
f 711/774/417 709/772/415 706/769/364 708/771/364
f 712/775/367 711/774/417 708/771/364 713/776/364
f 616/683/368 712/775/367 713/776/364 618/684/364
f 618/684/364 713/776/364 714/777/364 620/685/364
f 713/776/364 708/771/364 705/768/364 714/777/364
f 620/685/364 714/777/364 715/778/364 623/687/364
f 714/777/364 705/768/364 702/765/364 715/778/364
f 623/687/364 715/778/364 716/779/364 626/690/369
f 715/778/364 702/765/364 699/762/364 716/779/364
f 626/690/369 716/779/364 689/752/369 629/693/370
f 716/779/364 699/762/364 691/753/364 689/752/369
f 710/773/416 717/780/418 718/781/364 707/770/364
f 717/780/418 719/782/419 720/783/204 718/781/364
f 719/782/419 721/784/418 723/785/204 720/783/204
f 721/784/418 722/786/420 725/787/204 723/785/204
f 720/783/204 723/785/204 724/788/204 764/789/364
f 723/785/204 725/787/204 726/790/204 724/788/204
f 725/787/204 727/791/204 728/792/204 726/790/204
f 722/786/420 729/793/418 727/791/204 725/787/204
f 727/791/204 215/266/204 218/268/204 728/792/204
f 729/793/418 213/265/203 215/266/204 727/791/204
f 726/790/204 728/792/204 730/794/204 731/795/204
f 728/792/204 218/268/204 220/272/204 730/794/204
f 731/795/204 730/794/204 732/796/204 733/797/204
f 730/794/204 220/272/204 224/274/204 732/796/204
f 733/797/204 732/796/204 734/798/204 735/799/204
f 732/796/204 224/274/204 226/278/204 734/798/204
f 735/799/204 734/798/204 736/800/371 737/801/421
f 734/798/204 226/278/204 230/280/211 736/800/371
f 737/801/421 736/800/371 738/802/422 739/803/423
f 736/800/371 230/280/211 232/284/213 738/802/422
f 739/803/423 738/802/422 740/804/424 741/805/425
f 738/802/422 232/284/213 742/286/426 740/804/424
f 744/806/428 739/803/423 741/805/425 743/807/427
f 746/808/430 744/806/428 743/807/427 745/809/429
f 749/810/433 746/808/430 745/809/429 747/811/431
f 751/758/435 749/810/433 747/811/431 748/812/432
f 693/757/413 750/813/434 749/810/433 751/758/435
f 750/813/434 753/814/436 746/808/430 749/810/433
f 694/755/414 751/758/435 748/812/432 765/815/437
f 696/759/364 752/816/364 750/813/434 693/757/413
f 752/816/364 754/817/364 753/814/436 750/813/434
f 754/817/364 756/818/364 755/819/411 753/814/436
f 753/814/436 755/819/411 744/806/428 746/808/430
f 755/819/411 737/801/421 739/803/423 744/806/428
f 756/818/364 735/799/204 737/801/421 755/819/411
f 759/820/364 757/821/204 756/818/364 754/817/364
f 757/821/204 733/797/204 735/799/204 756/818/364
f 758/822/204 731/795/204 733/797/204 757/821/204
f 760/823/364 758/822/204 757/821/204 759/820/364
f 762/824/364 760/823/364 759/820/364 761/825/364
f 761/825/364 759/820/364 754/817/364 752/816/364
f 701/764/364 762/824/364 761/825/364 698/761/364
f 698/761/364 761/825/364 752/816/364 696/759/364
f 704/767/364 763/826/364 762/824/364 701/764/364
f 763/826/364 764/789/364 760/823/364 762/824/364
f 707/770/364 718/781/364 763/826/364 704/767/364
f 718/781/364 720/783/204 764/789/364 763/826/364
f 764/789/364 724/788/204 758/822/204 760/823/364
f 724/788/204 726/790/204 731/795/204 758/822/204
f 687/748/410 694/755/414 765/815/437 685/749/408
f 766/827/200 388/452/279 386/450/277 768/828/230
f 767/829/438 766/827/200 768/828/230 769/830/230
f 769/830/230 768/828/230 770/831/230 771/397/230
f 768/828/230 386/450/277 383/451/276 770/831/230
f 770/831/230 383/451/276 775/407/440 343/402/230
f 771/397/230 770/831/230 343/402/230 336/398/230
f 772/393/230 769/830/230 771/397/230 333/394/230
f 773/832/231 767/829/438 769/830/230 772/393/230
f 774/390/439 773/832/231 772/393/230 329/391/230
f 775/407/440 384/449/273 776/833/273 342/405/253
f 384/449/273 375/440/273 373/437/273 776/833/273
f 342/405/253 776/833/273 777/431/273 345/406/254
f 776/833/273 373/437/273 366/429/273 777/431/273
f 345/406/254 777/431/273 362/424/269 347/410/255
f 291/345/230 320/380/230 301/359/237 293/350/238
f 320/380/230 312/371/230 305/360/239 301/359/237
f 246/300/227 296/353/241 778/355/441 779/301/442
f 248/302/229 294/349/239 296/353/241 246/300/227
f 251/304/230 290/347/230 294/349/239 248/302/229
f 780/307/230 288/343/230 290/347/230 251/304/230
f 781/834/230 284/341/230 288/343/230 780/307/230
f 782/312/230 781/834/230 780/307/230 250/306/230
f 266/322/230 272/328/230 781/834/230 782/312/230
f 272/328/230 282/331/230 284/341/230 781/834/230
f 210/260/200 783/324/443 264/319/230 262/261/230
o Cube.003
v 1.930544 8.686342 -0.364026
v 1.935795 8.486751 -0.236452
v 1.940830 8.745538 -0.247240
v 1.967163 8.667066 -0.403387
v 1.990835 8.670367 -0.424227
v 2.001429 8.625758 -0.421450
v 1.971388 8.734169 -0.270892
v 1.984756 8.845343 0.244888
v 1.989581 8.737851 -0.283844
v 2.008963 8.855620 0.242059
v 1.996599 8.752553 -0.299568
v 2.018542 8.879477 0.235836
v 1.999898 8.688305 -0.448755
v 1.993410 8.891729 -0.335810
v 1.995608 8.875589 -0.497474
v 2.014813 9.042236 0.193266
v 1.985682 8.911441 -0.329029
v 2.004151 9.065659 0.187151
v 1.985658 8.902011 -0.484458
v 1.967411 8.919044 -0.319070
v 1.979494 9.074952 0.184834
v 1.961984 8.912129 -0.467188
v 1.936813 8.920941 -0.292922
v 1.925295 8.915595 -0.423662
v 1.927506 9.073883 0.185300
v 1.922015 9.558343 0.074524
v 1.913554 9.683217 0.027120
v 1.956358 9.585817 0.060486
v 1.949129 9.722989 0.006775
v 1.977164 9.600886 0.064097
v 2.003960 9.078053 0.194396
v 1.972645 9.744101 0.009373
v 1.985498 9.618997 0.080711
v 2.014167 9.084389 0.217961
v 1.981948 9.768744 0.027026
v 1.986076 9.660554 0.240325
v 1.982628 9.817489 0.214351
v 2.014756 9.126892 0.380828
v 1.977974 9.652711 0.263178
v 2.004720 9.132885 0.404555
v 1.973614 9.804376 0.241058
v 1.957425 9.641069 0.272510
v 1.980324 9.134908 0.414577
v 1.950453 9.786835 0.251870
v 1.922745 9.610730 0.275719
v 1.914386 9.742884 0.256421
v 1.928335 9.133838 0.415043
v 1.941025 9.244698 0.949434
v 1.930544 9.292322 1.024092
v 1.970779 9.258379 0.974655
v 1.967040 9.313084 1.062792
v 1.989365 9.255812 0.988251
v 2.004979 9.125627 0.416939
v 1.991199 9.310770 1.083198
v 1.997260 9.241695 1.004848
v 2.015642 9.102181 0.422964
v 2.001429 9.293243 1.107561
v 2.000484 9.100891 1.041476
v 2.005719 9.105960 1.156280
v 2.019361 8.939802 0.465204
v 1.993459 9.080665 1.033804
v 2.009782 8.915960 0.471480
v 1.996632 9.079145 1.143438
v 1.975327 9.072249 1.023113
v 1.985575 8.905656 0.474212
v 1.973087 9.068057 1.126591
v 1.945052 9.068871 0.995172
v 1.935795 9.063070 1.083727
v 1.933586 8.904586 0.474678
v 1.957074 8.318909 0.597252
v 1.947536 8.295447 0.632945
v 1.986246 8.291904 0.611146
v 1.985075 8.257180 0.652629
v 2.004672 8.277565 0.608502
v 2.009972 8.903530 0.464219
v 2.012242 8.260118 0.594699
v 2.009388 8.237053 0.649603
v 2.019379 8.212805 0.631780
v 2.028206 8.190858 0.678604
v 2.018699 8.164061 0.444455
v 2.008676 8.176784 0.417920
v 2.031392 8.106141 0.415737
v 2.011733 8.223492 0.454030
v 2.004129 8.232163 0.434078
v 2.019428 8.854843 0.278001
v 2.009223 8.848403 0.254462
v 2.020007 8.897577 0.440482
v 1.985885 8.243724 0.426248
v 1.956445 8.273669 0.423523
v 1.984622 8.193353 0.407530
v 2.018058 8.158396 0.360028
v 1.946703 8.235780 0.403644
v 1.944291 8.249875 0.167136
v 1.940531 8.336354 -0.053426
v 2.015903 8.170984 0.148810
v 2.011735 8.266858 -0.095713
v 2.036848 8.091051 0.130938
v 2.039787 8.073894 0.418833
v 2.032273 8.196320 -0.137546
v 2.018889 8.010318 0.113416
v 1.888170 7.928542 0.096349
v 2.022090 7.991629 0.427005
v 2.013906 8.124981 -0.179030
v 1.882778 8.052602 -0.220059
v 2.007625 8.324394 -0.421707
v 1.875982 8.268353 -0.482620
v 2.000663 8.589036 -0.590859
v 2.026507 8.379394 -0.360340
v 2.020116 8.622353 -0.515633
v 2.006484 8.433593 -0.298624
v 2.013724 8.901415 -0.588226
v 2.008615 8.641578 -0.470949
v 2.007959 9.189263 -0.571012
v 1.993703 8.893004 -0.669931
v 2.006251 8.904428 -0.555748
v 1.993822 8.960004 -0.503123
v 1.989592 9.171185 -0.490494
v 1.920558 9.152063 -0.409521
v 1.985425 9.415684 -0.394560
v 1.916799 9.372603 -0.322987
v 2.003383 9.457722 -0.465677
v 1.982748 9.618590 -0.227758
v 1.914386 9.555626 -0.172531
v 2.000446 9.680511 -0.282530
v 1.981948 9.741432 -0.035537
v 1.989024 9.791018 -0.019941
v 1.999434 9.835823 -0.039501
v 2.000446 9.908455 0.239623
v 1.978135 9.910806 -0.072234
v 1.844077 9.984745 -0.104512
v 1.979238 9.989920 0.231800
v 1.979238 9.741632 -0.336953
v 1.845270 9.801712 -0.390921
v 1.982438 9.498960 -0.536445
v 1.848731 9.539155 -0.606758
v 1.987421 9.206542 -0.651181
v 1.854123 9.222779 -0.730896
v 1.860919 8.883552 -0.751182
v 1.868451 8.554678 -0.665631
v 1.845270 10.070342 0.224433
v 1.982438 9.971231 0.545388
v 1.848731 10.050121 0.563715
v 2.003383 9.891298 0.527517
v 1.987421 9.856568 0.837835
v 1.854123 9.926064 0.880123
v 1.993703 9.657155 1.080513
v 2.007959 9.786029 0.796003
v 2.013724 9.602956 1.018796
v 1.989592 9.714691 0.754519
v 1.920558 9.642311 0.713490
v 1.994843 9.547956 0.957429
v 1.985425 9.810564 0.509995
v 1.916799 9.728789 0.492928
v 1.983269 9.823153 0.298776
v 1.993440 9.875889 0.242858
v 1.925295 9.491915 0.896516
v 1.999898 9.355790 1.080256
v 2.008616 9.340298 1.129614
v 2.020116 9.359996 1.174090
v 2.026507 9.080934 1.246683
v 2.000663 9.392512 1.249666
v 1.868451 9.423986 1.325697
v 2.007625 9.088544 1.328738
v 1.875983 9.095113 1.411248
v 2.013906 8.775006 1.309988
v 1.882778 8.755885 1.390961
v 2.032273 8.793085 1.229469
v 2.018890 8.482589 1.195251
v 1.888170 8.439508 1.266823
v 2.022090 8.239916 0.995759
v 2.036848 8.524627 1.124133
v 2.039787 8.301838 0.940987
v 2.015903 8.565866 1.053365
v 1.944291 8.606060 0.983052
v 2.018579 8.362958 0.886564
v 2.011736 8.810364 1.149301
v 1.940531 8.826600 1.069586
v 2.007505 9.021547 1.161929
v 2.018582 9.077604 1.214340
v 1.946703 8.423038 0.832596
v 2.019379 8.240116 0.694343
v 2.040799 8.146524 0.697957
v 2.023192 8.070743 0.731039
v 1.892825 7.993917 0.764577
v 1.891632 8.176952 1.050986
v 1.891632 7.908322 0.435631
v 1.860919 9.710313 1.142684
v 1.932768 8.844274 0.245355
vn 0.8106 -0.3818 0.4440
vn 0.9374 0.2392 0.2532
vn 0.6611 -0.7216 0.2055
vn 0.7561 -0.2531 0.6036
vn 0.9049 -0.2332 0.3560
vn 0.8988 0.2302 0.3730
vn 0.2081 -0.9224 0.3253
vn 0.2090 -0.9010 -0.3802
vn 0.7555 -0.6213 0.2080
vn 0.7508 -0.6470 -0.1330
vn 0.9888 -0.1433 0.0419
vn 0.9918 -0.1224 -0.0363
vn 0.9798 0.0010 0.2001
vn 0.9816 0.1866 -0.0409
vn 0.9796 0.1182 0.1625
vn 0.9840 0.1483 -0.0988
vn 0.7048 0.6972 -0.1309
vn 0.7089 0.5506 -0.4408
vn 0.8981 0.4077 0.1651
vn 0.1652 0.9720 -0.1673
vn 0.1732 0.5965 -0.7837
vn 0.7027 0.6320 0.3268
vn 0.6274 0.7604 -0.1678
vn 0.7541 0.6181 0.2220
vn 0.6497 0.4765 -0.5923
vn 0.7897 -0.1398 -0.5974
vn 0.7841 -0.5278 -0.3263
vn 0.1378 -0.2936 -0.9460
vn 0.7814 -0.5807 -0.2285
vn 0.7420 -0.1734 -0.6475
vn 0.7270 0.1510 -0.6698
vn 0.9327 -0.2980 -0.2031
vn 0.9832 -0.0238 -0.1809
vn 0.9836 0.0448 -0.1749
vn 0.9809 -0.1939 0.0140
vn 0.9839 0.0663 0.1662
vn 0.9801 -0.1826 0.0777
vn 0.9839 0.1365 0.1153
vn 0.7360 0.1651 0.6565
vn 0.7284 0.4662 0.5021
vn 0.9390 -0.1530 0.3080
vn 0.1512 0.2066 0.9667
vn 0.1833 0.9072 0.3785
vn 0.7928 -0.4082 0.4526
vn 0.8026 0.1676 0.5725
vn 0.8377 -0.2561 0.4824
vn 0.5386 0.7843 0.3080
vn 0.6228 0.7444 -0.2407
vn 0.8202 0.3418 -0.4587
vn 0.2058 0.9067 -0.3683
vn 0.7422 0.2334 -0.6282
vn 0.7440 0.6219 -0.2442
vn 0.7267 0.6768 0.1181
vn 0.8877 0.2390 -0.3935
vn 0.9828 0.1704 -0.0716
vn 0.9866 0.1624 0.0176
vn 0.9731 0.0333 -0.2278
vn 0.9903 -0.1385 0.0057
vn 0.9784 -0.0798 -0.1909
vn 0.9909 -0.1083 0.0802
vn 0.7534 -0.6526 0.0812
vn 0.7381 -0.5228 0.4265
vn 0.9084 -0.3589 -0.2145
vn 0.2490 -0.9615 0.1162
vn 0.2000 -0.5988 0.7755
vn 0.7304 -0.5693 -0.3775
vn 0.6502 -0.7474 0.1367
vn 0.8101 -0.5233 -0.2643
vn 0.6749 -0.4557 0.5804
vn 0.7437 0.2940 0.6004
vn 0.8471 0.5239 0.0890
vn 0.3851 0.5097 0.7694
vn 0.7493 0.6584 0.0705
vn 0.8093 0.3256 0.4889
vn 0.7409 -0.1275 0.6594
vn 0.9870 0.1335 0.0891
vn 0.9013 0.4260 0.0787
vn 0.9586 0.2801 -0.0506
vn 0.9564 0.2702 -0.1114
vn 0.9581 0.2702 -0.0951
vn 0.9090 0.3249 -0.2612
vn 0.9604 0.2763 -0.0361
vn 0.9852 0.0725 -0.1550
vn 0.8001 0.0384 -0.5987
vn 0.9862 -0.0990 -0.1325
vn 0.7344 -0.4432 -0.5141
vn 0.9871 -0.0073 0.1600
vn 0.3715 0.0460 -0.9273
vn 0.7682 -0.0606 -0.6373
vn 0.7604 0.5480 -0.3484
vn 0.8907 0.4546 -0.0049
vn 0.8741 0.3825 -0.2994
vn 0.9184 0.3886 0.0744
vn 0.9278 0.3268 0.1801
vn 0.8975 0.4336 0.0802
vn 0.8988 0.3887 0.2028
vn 0.9998 -0.0100 -0.0196
vn 0.9999 -0.0128 -0.0039
vn 0.9996 0.0025 -0.0285
vn 0.7989 -0.5853 -0.1386
vn 0.5385 -0.8237 -0.1776
vn 0.7973 -0.6011 0.0535
vn 0.8112 -0.4974 -0.3074
vn 0.5358 -0.7335 -0.4182
vn 0.8235 -0.3646 -0.4347
vn 0.5323 -0.5686 -0.6272
vn 0.8304 -0.2072 -0.5172
vn 0.9995 0.0142 -0.0292
vn 0.9995 0.0202 -0.0261
vn 0.9017 0.3050 0.3063
vn 0.9995 0.0209 -0.0236
vn 0.9580 0.1240 0.2584
vn 0.9995 0.0200 -0.0243
vn 0.8315 -0.0371 -0.5542
vn 0.9626 0.0496 0.2662
vn 0.9089 0.0086 0.4170
vn 0.9119 -0.0738 0.4036
vn 0.9496 -0.0437 0.3105
vn 0.9132 -0.1995 0.3554
vn 0.9484 -0.1424 0.2832
vn 0.9994 0.0224 -0.0275
vn 0.9137 -0.3032 0.2706
vn 0.9441 -0.2370 0.2292
vn 0.9991 0.0308 -0.0297
vn 0.9168 -0.3521 0.1884
vn 0.9685 -0.2306 0.0941
vn 0.9987 0.0437 -0.0262
vn 0.9985 0.0538 -0.0140
vn 0.7871 0.5656 -0.2460
vn 0.5156 0.7924 -0.3260
vn 0.7758 0.6276 -0.0662
vn 0.8042 0.4489 -0.3895
vn 0.5160 0.6575 -0.5490
vn 0.8184 0.3012 -0.4895
vn 0.5178 0.4543 -0.7249
vn 0.8275 0.1358 -0.5448
vn 0.5207 0.2012 -0.8297
vn 0.5243 -0.0745 -0.8482
vn 0.5283 -0.3411 -0.7775
vn 0.5163 0.8525 -0.0822
vn 0.7805 0.6127 0.1245
vn 0.5179 0.8393 0.1652
vn 0.9987 0.0513 0.0017
vn 0.7980 0.5270 0.2923
vn 0.5204 0.7519 0.4048
vn 0.8166 0.3964 0.4195
vn 0.9992 0.0391 0.0109
vn 0.9996 0.0275 0.0119
vn 0.9103 -0.3511 -0.2191
vn 0.9367 -0.2884 -0.1984
vn 0.9080 -0.2674 -0.3224
vn 0.9131 -0.3962 -0.0966
vn 0.9318 -0.3508 -0.0928
vn 0.9084 -0.4179 -0.0113
vn 0.9714 -0.2366 0.0188
vn 0.9413 -0.2006 -0.2715
vn 0.9009 -0.1929 -0.3889
vn 0.9576 -0.0845 -0.2754
vn 0.9997 0.0213 0.0091
vn 0.9998 0.0203 0.0067
vn 0.8304 0.2405 0.5027
vn 0.5279 0.3645 0.7671
vn 0.8382 0.0707 0.5407
vn 0.5320 0.0980 0.8410
vn 0.8402 -0.1028 0.5324
vn 0.5357 -0.1794 0.8251
vn 0.9998 0.0209 0.0074
vn 0.8360 -0.2695 0.4780
vn 0.5385 -0.4355 0.7214
vn 0.8252 -0.4194 0.3783
vn 0.9998 0.0182 0.0104
vn 0.9999 0.0098 0.0122
vn 0.8979 0.2365 -0.3714
vn 0.9375 0.1818 -0.2966
vn 0.8956 0.3400 -0.2868
vn 0.9009 0.1109 -0.4196
vn 0.9424 0.0834 -0.3239
vn 0.9010 0.0286 -0.4329
vn 0.9590 -0.0101 -0.2832
vn 0.9300 0.2760 -0.2428
vn 0.8980 0.3895 -0.2048
vn 1.0000 -0.0030 0.0085
vn 0.8096 -0.5382 0.2344
vn 0.5407 -0.7784 0.3190
vn 0.5402 -0.6417 0.5444
vn 0.5402 -0.8384 0.0723
vn 0.5239 0.5899 0.6145
vn 0.5624 -0.7646 -0.3149
vt 0.456295 0.698161
vt 0.465118 0.702987
vt 0.472416 0.711825
vt 0.477231 0.723276
vt 0.472959 0.726579
vt 0.454370 0.732477
vt 0.446606 0.699889
vt 0.447213 0.697939
vt 0.476615 0.707481
vt 0.481808 0.719897
vt 0.479849 0.722749
vt 0.474824 0.727702
vt 0.481568 0.723440
vt 0.475711 0.728492
vt 0.482959 0.724693
vt 0.483963 0.721245
vt 0.453388 0.734330
vt 0.453178 0.735837
vt 0.476423 0.729391
vt 0.453336 0.737648
vt 0.478055 0.738419
vt 0.455281 0.748326
vt 0.485485 0.737627
vt 0.484701 0.739636
vt 0.477681 0.739657
vt 0.455808 0.750013
vt 0.477392 0.740821
vt 0.456822 0.751215
vt 0.483610 0.741204
vt 0.476847 0.742830
vt 0.459039 0.752368
vt 0.481599 0.742540
vt 0.481840 0.756140
vt 0.478753 0.769240
vt 0.472785 0.779970
vt 0.465060 0.786895
vt 0.463378 0.780014
vt 0.461719 0.782041
vt 0.465059 0.789868
vt 0.464429 0.791887
vt 0.460868 0.783109
vt 0.455362 0.750996
vt 0.460359 0.784220
vt 0.454112 0.751263
vt 0.463408 0.793931
vt 0.453847 0.786934
vt 0.447214 0.754106
vt 0.454633 0.797373
vt 0.453090 0.796262
vt 0.453018 0.786439
vt 0.446085 0.754783
vt 0.451856 0.785873
vt 0.445024 0.755734
vt 0.451784 0.794752
vt 0.449536 0.784536
vt 0.444001 0.757556
vt 0.450472 0.791811
vt 0.441713 0.791463
vt 0.432954 0.786717
vt 0.425766 0.777883
vt 0.421144 0.766233
vt 0.423762 0.763603
vt 0.421748 0.762759
vt 0.418560 0.766793
vt 0.416803 0.766221
vt 0.420727 0.762055
vt 0.445285 0.754220
vt 0.419911 0.761187
vt 0.445148 0.752401
vt 0.415409 0.765007
vt 0.418329 0.751982
vt 0.443355 0.741721
vt 0.412935 0.752037
vt 0.413735 0.750037
vt 0.418789 0.750674
vt 0.442893 0.740067
vt 0.419233 0.749489
vt 0.441987 0.738886
vt 0.414910 0.748517
vt 0.420090 0.747594
vt 0.439865 0.737698
vt 0.417009 0.747268
vt 0.416898 0.733546
vt 0.420086 0.720433
vt 0.426045 0.709615
vt 0.434080 0.702625
vt 0.435115 0.703752
vt 0.435887 0.701563
vt 0.433687 0.699769
vt 0.433901 0.697614
vt 0.436435 0.700217
vt 0.443341 0.739119
vt 0.436898 0.698916
vt 0.444494 0.738848
vt 0.434816 0.695638
vt 0.431421 0.697445
vt 0.432510 0.693929
vt 0.444834 0.687893
vt 0.443620 0.692170
vt 0.431633 0.690711
vt 0.444578 0.685539
vt 0.442944 0.696425
vt 0.445059 0.693250
vt 0.443840 0.697139
vt 0.446187 0.694920
vt 0.447671 0.691511
vt 0.451316 0.735957
vt 0.452385 0.735293
vt 0.444897 0.698057
vt 0.457058 0.691661
vt 0.467770 0.697178
vt 0.457538 0.686171
vt 0.469458 0.692422
vt 0.444054 0.679732
vt 0.458135 0.680642
vt 0.471177 0.687610
vt 0.460391 0.669950
vt 0.476352 0.678508
vt 0.442854 0.668384
vt 0.482121 0.700138
vt 0.489671 0.693330
vt 0.479365 0.703845
vt 0.489829 0.717570
vt 0.499119 0.713447
vt 0.486187 0.719858
vt 0.488509 0.739731
vt 0.490154 0.739398
vt 0.494138 0.738548
vt 0.490827 0.758242
vt 0.494533 0.759268
vt 0.487185 0.757266
vt 0.486739 0.744012
vt 0.483469 0.772522
vt 0.486613 0.775260
vt 0.476093 0.784951
vt 0.478278 0.789220
vt 0.466851 0.792194
vt 0.465763 0.795770
vt 0.466629 0.799080
vt 0.453323 0.801780
vt 0.453556 0.804187
vt 0.468132 0.804552
vt 0.454067 0.810066
vt 0.480618 0.793557
vt 0.487442 0.801603
vt 0.472613 0.814864
vt 0.455382 0.821604
vt 0.489813 0.778055
vt 0.498343 0.783160
vt 0.504084 0.761121
vt 0.504084 0.737227
vt 0.439882 0.809082
vt 0.437759 0.819934
vt 0.440491 0.803536
vt 0.426841 0.802023
vt 0.421803 0.811256
vt 0.428557 0.797224
vt 0.416022 0.789455
vt 0.408614 0.796370
vt 0.418769 0.785777
vt 0.421543 0.782170
vt 0.430264 0.792485
vt 0.441001 0.798004
vt 0.450421 0.798105
vt 0.416634 0.769898
vt 0.414404 0.768479
vt 0.412187 0.769860
vt 0.409899 0.749871
vt 0.408326 0.750312
vt 0.408541 0.772089
vt 0.404376 0.751121
vt 0.399365 0.776319
vt 0.394518 0.752548
vt 0.404176 0.730353
vt 0.394704 0.728608
vt 0.407863 0.731388
vt 0.408933 0.711630
vt 0.400497 0.706686
vt 0.412120 0.714410
vt 0.417949 0.696202
vt 0.411226 0.688383
vt 0.420288 0.700454
vt 0.422575 0.704608
vt 0.415296 0.717146
vt 0.411511 0.732407
vt 0.411824 0.745641
vt 0.430160 0.685297
vt 0.425794 0.675197
s 1
usemtl Material.001
f 877/835/536 878/836/537 786/837/445 785/838/444 787/839/446 972/840/631 873/841/532 876/842/535
f 785/838/444 786/837/445 894/843/553 790/844/449 788/845/447
f 787/839/446 785/838/444 788/845/447 791/846/450
f 791/846/450 788/845/447 789/847/448 793/848/452
f 797/849/456 789/847/448 788/845/447 790/844/449 896/850/555
f 792/851/451 791/846/450 793/848/452 794/852/453
f 972/840/631 787/839/446 791/846/450 792/851/451
f 794/852/453 793/848/452 795/853/454 796/854/455
f 793/848/452 789/847/448 797/849/456 795/853/454
f 798/855/457 800/856/459 796/854/455 795/853/454
f 799/857/458 798/855/457 795/853/454 797/849/456
f 798/855/457 799/857/458 803/858/462 801/859/460
f 800/856/459 798/855/457 801/859/460 802/860/461
f 802/860/461 801/859/460 804/861/463 805/862/464
f 801/859/460 803/858/462 806/863/465 804/861/463
f 807/864/466 809/865/468 805/862/464 804/861/463
f 808/866/467 807/864/466 804/861/463 806/863/465
f 902/867/561 904/868/563 907/869/566 811/870/470 810/871/469 809/865/468 807/864/466 808/866/467
f 809/865/468 810/871/469 812/872/471 805/862/464
f 810/871/469 811/870/470 813/873/472 812/872/471
f 812/872/471 813/873/472 816/874/475 814/875/473
f 805/862/464 812/872/471 814/875/473 815/876/474
f 815/876/474 814/875/473 817/877/476 818/878/477
f 814/875/473 816/874/475 819/879/478 817/877/476
f 820/880/479 822/881/481 818/878/477 817/877/476
f 821/882/480 820/880/479 817/877/476 819/879/478
f 820/880/479 821/882/480 825/883/484 823/884/482
f 822/881/481 820/880/479 823/884/482 824/885/483
f 824/885/483 823/884/482 826/886/485 827/887/486
f 823/884/482 825/883/484 828/888/487 826/886/485
f 829/889/488 831/890/490 827/887/486 826/886/485
f 830/891/489 829/889/488 826/886/485 828/888/487
f 937/892/596 934/893/593 940/894/599 833/895/492 832/896/491 831/890/490 829/889/488 830/891/489
f 831/890/490 832/896/491 834/897/493 827/887/486
f 832/896/491 833/895/492 835/898/494 834/897/493
f 834/897/493 835/898/494 838/899/497 836/900/495
f 827/887/486 834/897/493 836/900/495 837/901/496
f 837/901/496 836/900/495 839/902/498 840/903/499
f 836/900/495 838/899/497 841/904/500 839/902/498
f 840/903/499 839/902/498 842/905/501 844/906/503
f 839/902/498 841/904/500 843/907/502 842/905/501
f 842/905/501 843/907/502 847/908/506 845/909/504
f 844/906/503 842/905/501 845/909/504 846/910/505
f 846/910/505 845/909/504 848/911/507 849/912/508
f 845/909/504 847/908/506 850/913/509 848/911/507
f 851/914/510 853/915/512 849/912/508 848/911/507
f 852/916/511 851/914/510 848/911/507 850/913/509
f 961/917/620 958/918/617 964/919/623 855/920/514 854/921/513 853/915/512 851/914/510 852/916/511
f 853/915/512 854/921/513 856/922/515 849/912/508
f 854/921/513 855/920/514 857/923/516 856/922/515
f 856/922/515 857/923/516 861/924/520 858/925/517
f 849/912/508 856/922/515 858/925/517 859/926/518
f 859/926/518 858/925/517 860/927/519 871/928/530
f 858/925/517 861/924/520 862/929/521 860/927/519
f 862/929/521 861/924/520 857/923/516 965/930/624 863/931/522
f 866/932/525 864/933/523 862/929/521 863/931/522 966/934/625 882/935/541
f 860/927/519 862/929/521 864/933/523 867/936/526
f 867/936/526 864/933/523 865/937/524 868/938/527
f 874/939/533 865/937/524 864/933/523 866/932/525 875/940/534
f 871/928/530 860/927/519 867/936/526 869/941/528
f 869/941/528 867/936/526 868/938/527 870/942/529
f 869/941/528 870/942/529 794/852/453 796/854/455
f 800/856/459 818/878/477 822/881/481 840/903/499 844/906/503 871/928/530 869/941/528 796/854/455
f 859/926/518 871/928/530 844/906/503 846/910/505
f 870/942/529 868/938/527 872/943/531 792/851/451
f 870/942/529 792/851/451 794/852/453
f 868/938/527 865/937/524 874/939/533 872/943/531
f 873/841/532 972/840/631 792/851/451 872/943/531
f 876/842/535 873/841/532 872/943/531 874/939/533
f 877/835/536 876/842/535 874/939/533 875/940/534 879/944/538
f 878/836/537 877/835/536 879/944/538 880/945/539
f 880/945/539 879/944/538 881/946/540 883/947/542
f 879/944/538 875/940/534 866/932/525 882/935/541 881/946/540
f 881/946/540 882/935/541 886/948/545 884/949/543
f 883/947/542 881/946/540 884/949/543 887/950/546
f 887/950/546 884/949/543 885/951/544 888/952/547
f 884/949/543 886/948/545 970/953/629 885/951/544
f 889/954/548 887/950/546 888/952/547 890/955/549
f 892/956/551 883/947/542 887/950/546 889/954/548
f 891/957/550 889/954/548 890/955/549 923/958/582
f 893/959/552 892/956/551 889/954/548 891/957/550
f 896/850/555 790/844/449 894/843/553 892/956/551 893/959/552
f 894/843/553 880/945/539 883/947/542 892/956/551
f 786/837/445 878/836/537 880/945/539 894/843/553
f 899/960/558 799/857/458 797/849/456 896/850/555 893/959/552 895/961/554
f 895/961/554 893/959/552 891/957/550 898/962/557
f 897/963/556 895/961/554 898/962/557 920/964/579
f 901/965/560 900/966/559 899/960/558 895/961/554 897/963/556
f 806/863/465 803/858/462 799/857/458 899/960/558 900/966/559
f 902/867/561 808/866/467 806/863/465 900/966/559 901/965/560
f 904/868/563 902/867/561 901/965/560 903/967/562
f 903/967/562 901/965/560 897/963/556 905/968/564
f 907/869/566 904/868/563 903/967/562 906/969/565
f 906/969/565 903/967/562 905/968/564 908/970/567
f 811/870/470 907/869/566 906/969/565 909/971/568 813/873/472
f 910/972/569 909/971/568 906/969/565 908/970/567 911/973/570
f 819/879/478 816/874/475 813/873/472 909/971/568 910/972/569
f 939/974/598 821/882/480 819/879/478 910/972/569 911/973/570 912/975/571
f 912/975/571 911/973/570 913/976/572 915/977/574
f 911/973/570 908/970/567 916/978/575 913/976/572
f 913/976/572 916/978/575 917/979/576 914/980/573
f 915/977/574 913/976/572 914/980/573 924/981/583
f 916/978/575 918/982/577 919/983/578 917/979/576
f 908/970/567 905/968/564 918/982/577 916/978/575
f 918/982/577 920/964/579 921/984/580 919/983/578
f 905/968/564 897/963/556 920/964/579 918/982/577
f 920/964/579 898/962/557 922/985/581 921/984/580
f 898/962/557 891/957/550 923/958/582 922/985/581
f 925/986/584 915/977/574 924/981/583 926/987/585
f 927/988/586 912/975/571 915/977/574 925/986/584
f 928/989/587 925/986/584 926/987/585 929/990/588
f 931/991/590 927/988/586 925/986/584 928/989/587
f 930/992/589 928/989/587 929/990/588 971/993/630
f 932/994/591 931/991/590 928/989/587 930/992/589
f 935/995/594 933/996/592 931/991/590 932/994/591
f 933/996/592 936/997/595 927/988/586 931/991/590
f 934/893/593 937/892/596 936/997/595 933/996/592
f 940/894/599 934/893/593 933/996/592 935/995/594
f 937/892/596 830/891/489 828/888/487 938/998/597 936/997/595
f 936/997/595 938/998/597 939/974/598 912/975/571 927/988/586
f 828/888/487 825/883/484 821/882/480 939/974/598 938/998/597
f 833/895/492 940/894/599 935/995/594 941/999/600 835/898/494
f 942/1000/601 941/999/600 935/995/594 932/994/591 943/1001/602
f 841/904/500 838/899/497 835/898/494 941/999/600 942/1000/601
f 963/1002/622 843/907/502 841/904/500 942/1000/601 943/1001/602 944/1003/603
f 944/1003/603 943/1001/602 945/1004/604 947/1005/606
f 943/1001/602 932/994/591 930/992/589 945/1004/604
f 945/1004/604 930/992/589 971/993/630 946/1006/605
f 947/1005/606 945/1004/604 946/1006/605 948/1007/607
f 949/1008/608 947/1005/606 948/1007/607 950/1009/609
f 951/1010/610 944/1003/603 947/1005/606 949/1008/608
f 952/1011/611 949/1008/608 950/1009/609 953/1012/612
f 955/1013/614 951/1010/610 949/1008/608 952/1011/611
f 954/1014/613 952/1011/611 953/1012/612 969/1015/628
f 956/1016/615 955/1013/614 952/1011/611 954/1014/613
f 959/1017/618 957/1018/616 955/1013/614 956/1016/615
f 957/1018/616 960/1019/619 951/1010/610 955/1013/614
f 964/919/623 958/918/617 957/1018/616 959/1017/618
f 958/918/617 961/917/620 960/1019/619 957/1018/616
f 961/917/620 852/916/511 850/913/509 962/1020/621 960/1019/619
f 960/1019/619 962/1020/621 963/1002/622 944/1003/603 951/1010/610
f 850/913/509 847/908/506 843/907/502 963/1002/622 962/1020/621
f 855/920/514 964/919/623 959/1017/618 965/930/624 857/923/516
f 863/931/522 965/930/624 959/1017/618 956/1016/615 966/934/625
f 966/934/625 956/1016/615 954/1014/613 967/1021/626
f 882/935/541 966/934/625 967/1021/626 886/948/545
f 967/1021/626 954/1014/613 969/1015/628 968/1022/627
f 886/948/545 967/1021/626 968/1022/627 970/953/629
f 849/912/508 859/926/518 846/910/505
f 837/901/496 840/903/499 822/881/481 824/885/483
f 827/887/486 837/901/496 824/885/483
f 815/876/474 818/878/477 800/856/459 802/860/461
f 805/862/464 815/876/474 802/860/461
o Cube.004
v 3.555321 1.239538 3.896339
v 3.385816 1.187808 4.003461
v 3.545196 1.234282 3.871829
v 3.625517 1.323791 3.864492
v 3.574243 1.232501 3.915728
v 3.596490 1.225479 3.933594
v 3.636903 1.317504 3.876567
v 3.423463 1.178305 4.041864
v 3.467781 1.168805 4.077323
v 3.315992 1.137609 4.134385
v 3.265056 1.146854 4.082348
v 3.375998 1.128363 4.182429
v 3.231697 1.092302 4.207637
v 3.170285 1.100919 4.144951
v 3.304053 1.083685 4.265512
v 3.165126 1.039567 4.265566
v 3.247229 1.031753 4.331207
v 3.095441 1.047381 4.194468
v 3.110537 0.978596 4.313074
v 3.034083 0.985484 4.235066
v 3.200622 0.971708 4.385094
v 3.067535 0.911186 4.350502
v 3.163896 0.905327 4.427556
v 2.985761 0.917044 4.267038
v 3.040143 0.837513 4.374339
v 2.954961 0.842251 4.287417
v 3.140517 0.832775 4.454585
v 3.024915 0.759476 4.387591
v 3.127518 0.755926 4.469615
v 2.937841 0.763026 4.298745
v 3.020328 0.678877 4.391580
v 2.932673 0.681212 4.302165
v 3.123614 0.676543 4.474129
v 3.021695 0.601667 4.390388
v 3.124787 0.600496 4.472773
v 2.934200 0.602838 4.301154
v 3.026068 0.533354 4.386581
v 2.939109 0.533467 4.297907
v 3.128525 0.533241 4.468450
v 3.031104 0.468857 4.382197
v 2.944767 0.467971 4.294163
v 3.132828 0.469744 4.463475
v 3.035727 0.402930 4.378176
v 2.949968 0.401036 4.290722
v 3.136771 0.404825 4.458918
v 3.041708 0.334848 4.372972
v 3.141871 0.337783 4.453019
v 2.956698 0.331914 4.286268
v 3.051592 0.264991 4.364370
v 2.967809 0.260997 4.278916
v 3.150310 0.268985 4.443264
v 3.066162 0.195805 4.351692
v 3.162741 0.200853 4.428891
v 2.984198 0.190757 4.268073
v 3.089853 0.128037 4.331080
v 3.010861 0.121933 4.250431
v 3.182942 0.134141 4.405535
v 3.134326 0.054123 4.292388
v 3.220876 0.061374 4.361676
v 3.060889 0.046872 4.217330
v 3.213265 -0.031657 4.223673
v 3.149545 -0.040164 4.158670
v 3.288299 -0.023147 4.283723
v 3.310566 -0.111546 4.138995
v 3.371188 -0.101934 4.187889
v 3.258590 -0.121116 4.086530
v 3.413749 -0.165330 4.049311
v 3.372696 -0.174901 4.011119
v 3.457789 -0.155338 4.087793
v 3.523775 -0.197107 3.954118
v 3.543297 -0.187859 3.989033
v 3.486066 -0.203146 3.936452
v 3.565963 -0.205276 3.884094
v 3.601515 -0.201401 3.921587
v 3.724261 -0.205694 3.779230
v 3.580180 -0.197107 4.002903
v 3.643472 -0.205276 3.951132
v 3.602499 -0.203146 4.037156
v 3.643819 -0.197107 4.032856
v 3.693294 -0.201401 3.964785
v 3.678578 -0.187859 4.052705
v 3.717360 -0.197107 4.045232
v 3.744529 -0.205276 3.968138
v 3.754306 -0.203146 4.062703
v 3.787299 -0.197107 4.037758
v 3.794157 -0.201401 3.954006
v 3.827248 -0.187859 4.036818
v 3.856564 -0.197107 4.010121
v 3.839710 -0.205276 3.930161
v 3.897286 -0.203146 4.005654
v 3.912437 -0.197107 3.967397
v 3.874736 -0.201401 3.892390
v 3.946020 -0.187859 3.945997
v 3.957259 -0.197107 3.907795
v 3.901303 -0.205276 3.848258
v 3.989809 -0.203146 3.882621
v 3.982800 -0.197107 3.842259
v 3.911570 -0.201401 3.797877
v 4.000312 -0.187859 3.806686
v 3.990128 -0.197107 3.768045
v 3.911374 -0.205276 3.746276
v 4.004937 -0.203146 3.729424
v 3.977899 -0.197107 3.698779
v 3.893934 -0.201401 3.697984
v 3.974316 -0.187859 3.659447
v 3.945600 -0.197107 3.631562
v 3.866990 -0.205276 3.653908
v 3.938264 -0.203146 3.590670
v 3.899162 -0.197107 3.578734
v 3.826962 -0.201401 3.621798
v 3.875602 -0.187859 3.547150
v 3.836640 -0.197107 3.538084
v 3.781074 -0.205276 3.598048
v 3.809203 -0.203146 3.506759
v 3.769514 -0.197107 3.517076
v 3.730154 -0.201404 3.591500
v 3.732910 -0.187859 3.502492
v 3.694971 -0.197111 3.514828
v 3.678602 -0.205384 3.594937
v 3.655328 -0.203157 3.502118
v 3.626648 -0.197255 3.531724
v 3.631154 -0.202817 3.615587
v 3.587593 -0.188365 3.538361
v 3.560581 -0.200231 3.567822
v 3.586086 -0.213860 3.643408
v 3.516977 -0.213396 3.575480
v 3.502631 -0.218783 3.612561
v 3.555427 -0.213860 3.684176
v 3.470989 -0.213396 3.636633
v 3.475733 -0.200231 3.680649
v 3.541206 -0.202817 3.735195
v 3.454925 -0.188364 3.714776
v 3.459387 -0.197254 3.754140
v 3.534536 -0.205384 3.786510
v 3.438904 -0.203157 3.789909
v 3.462116 -0.197111 3.824468
v 3.545540 -0.201404 3.836991
v 3.460793 -0.187859 3.864340
v 3.484963 -0.197107 3.895459
v 3.354102 -0.165330 3.959163
v 3.336390 -0.155338 3.904316
v 3.231153 -0.111546 4.018973
v 3.210380 -0.101934 3.944851
v 3.115163 -0.031657 4.075405
v 3.089763 -0.023147 3.983665
v 3.021052 0.054123 4.121190
v 2.991652 0.061374 4.015239
v 2.968050 0.128037 4.146993
v 2.936452 0.134141 4.033002
v 2.939816 0.195805 4.160738
v 2.907057 0.200853 4.042462
v 2.922449 0.264991 4.169190
v 2.888967 0.268985 4.048283
v 2.910668 0.334848 4.174924
v 2.876688 0.337782 4.052235
v 2.903539 0.402930 4.178394
v 2.869266 0.404825 4.054624
v 2.898030 0.468857 4.181076
v 2.863529 0.469744 4.056470
v 2.892026 0.533354 4.183997
v 2.857268 0.533241 4.058484
v 2.886812 0.601667 4.186533
v 2.851828 0.600496 4.060235
v 2.885181 0.678877 4.187325
v 2.850121 0.676543 4.060784
v 2.890645 0.759476 4.184664
v 2.855802 0.755926 4.058956
v 2.908797 0.837513 4.175830
v 2.874718 0.832775 4.052869
v 2.941447 0.911186 4.159939
v 2.908738 0.905327 4.041921
v 2.992710 0.978596 4.134996
v 2.962180 0.971708 4.024722
v 3.057781 1.039567 4.103331
v 3.030000 1.031753 4.002897
v 3.137133 1.092304 4.064717
v 3.112688 1.083688 3.976291
v 3.237605 1.137651 4.015915
v 3.217375 1.128448 3.942694
v 3.365692 1.178746 3.954553
v 3.350888 1.169681 3.900656
v 3.537774 1.229012 3.844854
v 3.331268 1.179171 3.847479
v 3.318876 1.188651 3.795248
v 3.190854 1.137692 3.870631
v 3.528034 1.235998 3.818082
v 3.521921 1.242941 3.791723
v 3.608895 1.327179 3.816831
v 3.638188 1.437893 3.836763
v 3.605677 1.333202 3.800483
v 3.614343 1.321024 3.833269
v 3.641733 1.430648 3.850404
v 3.619055 1.322433 3.849593
v 3.645941 1.427639 3.863660
v 3.651629 1.424372 3.875836
v 3.699091 1.527492 3.880884
v 3.744442 1.606634 3.900538
v 3.695837 1.531923 3.872631
v 3.702298 1.521522 3.888313
v 3.743020 1.596954 3.904261
v 3.708305 1.515991 3.894810
v 3.749655 1.597158 3.908417
v 3.660767 1.416991 3.886067
v 3.714260 1.508979 3.900475
v 3.671387 1.409516 3.895221
v 3.750201 1.587031 3.911481
v 3.722025 1.504918 3.905221
v 3.757747 1.588034 3.913990
v 3.682491 1.406737 3.903720
v 3.729604 1.499429 3.909027
v 3.760039 1.578121 3.916070
v 3.694391 1.404024 3.910565
v 3.738969 1.495092 3.911117
v 3.768094 1.579937 3.916825
v 3.708234 1.397638 3.914213
v 3.748130 1.489375 3.912271
v 3.722854 1.391460 3.916223
v 3.771928 1.570320 3.917548
v 3.758195 1.487242 3.912210
v 3.779956 1.573469 3.916721
v 3.737604 1.390370 3.917482
v 3.767875 1.483768 3.911194
v 3.784908 1.564772 3.915968
v 3.752220 1.389600 3.916975
v 3.777936 1.481951 3.908360
v 3.792424 1.569110 3.913684
v 3.766770 1.385471 3.913007
v 3.787584 1.478819 3.904584
v 3.798045 1.561322 3.911275
v 3.781152 1.381738 3.907295
v 3.797072 1.479611 3.899817
v 3.804602 1.567182 3.907934
v 3.795234 1.383304 3.900940
v 3.805970 1.479100 3.894182
v 3.808278 1.385301 3.893200
v 3.810386 1.560792 3.903984
v 3.813861 1.480396 3.887341
v 3.815561 1.567829 3.899910
v 3.819330 1.384031 3.882798
v 3.821136 1.480385 3.879652
v 3.820948 1.562657 3.894489
v 3.829304 1.383180 3.871038
v 3.827335 1.484247 3.871649
v 3.824510 1.571002 3.890189
v 3.838601 1.387597 3.858910
v 3.832797 1.486783 3.862945
v 3.829056 1.567342 3.883608
v 3.846245 1.392377 3.846161
v 3.836284 1.490879 3.854181
v 3.830769 1.576467 3.879514
v 3.850611 1.393738 3.832384
v 3.839017 1.493616 3.844734
v 3.853291 1.395367 3.818007
v 3.833968 1.573936 3.872076
v 3.840173 1.499800 3.835909
v 3.833883 1.583817 3.868652
v 3.855078 1.401998 3.803628
v 3.840545 1.504581 3.826577
v 3.835480 1.582513 3.860773
v 3.855065 1.408770 3.789555
v 3.838677 1.510348 3.818534
v 3.833619 1.592508 3.858435
v 3.851506 1.411765 3.776442
v 3.836019 1.514661 3.809998
v 3.833315 1.591874 3.850562
v 3.846130 1.414749 3.763643
v 3.831848 1.521741 3.803002
v 3.829992 1.601896 3.849593
v 3.839868 1.422315 3.751192
v 3.826957 1.527312 3.795668
v 3.832170 1.429705 3.739863
v 3.827789 1.601889 3.842128
v 3.820342 1.533134 3.790778
v 3.823282 1.611284 3.842808
v 3.821753 1.432865 3.731261
v 3.813016 1.537391 3.785557
v 3.819179 1.611250 3.836213
v 3.809904 1.435684 3.723775
v 3.804784 1.543683 3.782510
v 3.813970 1.619975 3.838562
v 3.797399 1.442632 3.716868
v 3.795991 1.548357 3.779217
v 3.808222 1.619828 3.833100
v 3.784227 1.449087 3.711554
v 3.786618 1.552603 3.778998
v 3.802768 1.627325 3.837186
v 3.770016 1.450892 3.709995
v 3.776706 1.555189 3.778527
v 3.755162 1.452077 3.710011
v 3.795675 1.626422 3.833205
v 3.766861 1.559235 3.780399
v 3.790481 1.632790 3.838772
v 3.740037 1.457033 3.710651
v 3.756662 1.561588 3.782015
v 3.782476 1.631107 3.836319
v 3.725194 1.461274 3.712870
v 3.747325 1.563087 3.786620
v 3.778049 1.635963 3.843203
v 3.711359 1.460599 3.718837
v 3.737661 1.562873 3.790956
v 3.769647 1.632971 3.842414
v 3.697838 1.459169 3.726355
v 3.729113 1.563895 3.797279
v 3.766366 1.636610 3.850159
v 3.684392 1.461598 3.734297
v 3.720330 1.563426 3.803193
v 3.671667 1.464474 3.743083
v 3.758043 1.632457 3.850845
v 3.713557 1.562562 3.811225
v 3.756295 1.634765 3.859093
v 3.661103 1.464309 3.754166
v 3.706806 1.559548 3.818938
v 3.748621 1.629151 3.861128
v 3.652602 1.460903 3.766694
v 3.702578 1.556265 3.828157
v 3.748648 1.630322 3.869404
v 3.646996 1.454532 3.780584
v 3.698224 1.551527 3.836846
v 3.742102 1.623300 3.872471
v 3.642524 1.448720 3.794817
v 3.696073 1.548391 3.846286
v 3.743914 1.623855 3.880280
v 3.638597 1.446992 3.808966
v 3.693911 1.543615 3.855082
v 3.636386 1.444721 3.822899
v 3.738806 1.615787 3.883980
v 3.694874 1.538565 3.864187
v 3.742477 1.615758 3.890912
v 3.739191 1.606589 3.894840
v 3.761269 1.635541 3.891674
v 3.761292 1.628926 3.898741
v 3.795504 1.629701 3.888014
v 3.763703 1.621793 3.904793
v 3.768331 1.614648 3.909378
v 3.774825 1.608044 3.912162
v 3.782710 1.602449 3.912933
v 3.791397 1.598298 3.911638
v 3.800243 1.595880 3.908368
v 3.808594 1.595393 3.903372
v 3.815826 1.596854 3.897014
v 3.821408 1.600175 3.889771
v 3.824920 1.605088 3.882177
v 3.826108 1.611251 3.874795
v 3.824878 1.618184 3.868175
v 3.821327 1.625396 3.862805
v 3.815713 1.632329 3.859087
v 3.808456 1.638492 3.857291
v 3.800092 1.643405 3.857558
v 3.791243 1.646726 3.859860
v 3.782565 1.648186 3.864033
v 3.774698 1.647702 3.869762
v 3.768231 1.645289 3.876626
v 3.763644 1.641126 3.884116
v 3.608268 1.331393 3.784107
v 3.526237 1.237527 3.765340
v 3.613042 1.329452 3.767372
v 3.534091 1.232177 3.738200
v 3.616858 1.335552 3.750067
v 3.539193 1.240154 3.709851
v 3.621711 1.343950 3.733230
v 3.545593 1.252312 3.682230
v 3.630573 1.347559 3.718282
v 3.559084 1.257067 3.657964
v 3.642845 1.345602 3.705863
v 3.578784 1.252909 3.638354
v 3.658076 1.338822 3.696716
v 3.603684 1.241336 3.624604
v 3.674066 1.334285 3.688381
v 3.629653 1.233925 3.611883
v 3.689256 1.337692 3.679222
v 3.653700 1.239803 3.596831
v 3.704713 1.340857 3.672204
v 3.678005 1.245708 3.585367
v 3.721753 1.336038 3.670710
v 3.705180 1.239201 3.583908
v 3.739489 1.330935 3.671277
v 3.733754 1.232595 3.585799
v 3.756890 1.333196 3.671108
v 3.761874 1.238173 3.585386
v 3.773386 1.335221 3.672963
v 3.788367 1.243670 3.588234
v 3.788496 1.329372 3.680280
v 3.812369 1.236791 3.600936
v 3.803106 1.323353 3.689760
v 3.835817 1.229854 3.617242
v 3.817631 1.324852 3.698612
v 3.859803 1.235157 3.631562
v 3.830319 1.326257 3.708768
v 3.880700 1.240430 3.647842
v 3.839146 1.319968 3.722799
v 3.894613 1.233392 3.671060
v 3.846419 1.313671 3.738466
v 3.906181 1.226354 3.697087
v 3.853797 1.315086 3.753728
v 3.918977 1.231627 3.721919
v 3.858938 1.316575 3.769193
v 3.928122 1.236929 3.746835
v 3.858955 1.310565 3.785888
v 3.927965 1.229992 3.773865
v 3.856818 1.304707 3.803210
v 3.924357 1.223113 3.802088
v 3.854856 1.306741 3.820407
v 3.922166 1.228610 3.830147
v 3.850909 1.308994 3.836646
v 3.916824 1.234188 3.856390
v 3.842156 1.303899 3.851176
v 3.902717 1.227583 3.879414
v 3.831275 1.299071 3.865145
v 3.885054 1.221075 3.901672
v 3.820500 1.302248 3.879236
v 3.868441 1.226986 3.924734
v 3.808571 1.305721 3.891486
v 3.850096 1.233005 3.944609
v 3.793639 1.301912 3.899656
v 3.826218 1.226864 3.956979
v 3.777227 1.298404 3.906235
v 3.799716 1.220834 3.966844
v 3.760732 1.302915 3.913086
v 3.773446 1.227227 3.978140
v 3.744249 1.307710 3.917746
v 3.747367 1.233724 3.985807
v 3.727533 1.305182 3.917210
v 3.720742 1.228047 3.983974
v 3.710410 1.302901 3.914518
v 3.693189 1.222460 3.978629
v 3.692955 1.308547 3.912101
v 3.664840 1.229263 3.974816
v 3.676672 1.314380 3.907781
v 3.638547 1.236136 3.967987
v 3.663083 1.312758 3.898729
v 3.617000 1.230785 3.952540
v 3.650280 1.311251 3.887581
v 3.508551 1.177879 4.115417
v 3.551276 1.186964 4.146486
v 3.431428 1.137568 4.234223
v 3.489502 1.146773 4.276466
v 3.370984 1.092301 4.328107
v 3.441098 1.100916 4.379180
v 3.323249 1.039567 4.402328
v 3.402879 1.047382 4.460375
v 3.284104 0.978596 4.463194
v 3.371548 0.985484 4.526943
v 3.253264 0.911186 4.511141
v 3.346873 0.917044 4.579369
v 3.233624 0.837513 4.541682
v 3.331146 0.842251 4.612783
v 3.222704 0.759476 4.558662
v 3.322404 0.763026 4.631357
v 3.219419 0.678877 4.563774
v 3.319765 0.681212 4.636965
v 3.220400 0.601667 4.562251
v 3.320545 0.602838 4.635307
v 3.223537 0.533354 4.557375
v 3.323051 0.533467 4.629982
v 3.227150 0.468857 4.551760
v 3.325940 0.467971 4.623844
v 3.230464 0.402930 4.546606
v 3.328596 0.401036 4.618201
v 3.234751 0.334848 4.539937
v 3.332033 0.331914 4.610899
v 3.241839 0.264991 4.528916
v 3.337707 0.260997 4.598845
v 3.252284 0.195805 4.512671
v 3.346075 0.190757 4.581064
v 3.269266 0.128037 4.486257
v 3.359690 0.121933 4.552137
v 3.301146 0.054123 4.436672
v 3.385236 0.046872 4.497861
v 3.357767 -0.031657 4.348654
v 3.430507 -0.040164 4.401677
v 3.427548 -0.111546 4.240174
v 3.486192 -0.121116 4.283385
v 3.501511 -0.165330 4.125217
v 3.544489 -0.174901 4.159704
v 3.599314 -0.165330 4.171249
v 3.656846 -0.155338 4.181482
v 3.557762 -0.111546 4.301461
v 3.634865 -0.101934 4.311992
v 3.518625 -0.031657 4.424365
v 3.613836 -0.023147 4.436941
v 3.486881 0.054123 4.524091
v 3.596732 0.061374 4.538579
v 3.468987 0.128037 4.580258
v 3.587109 0.134141 4.595762
v 3.459454 0.195805 4.610179
v 3.581984 0.200853 4.626215
v 3.453592 0.264991 4.628582
v 3.578831 0.268985 4.644954
v 3.449617 0.334848 4.641067
v 3.576690 0.337783 4.657674
v 3.447210 0.402930 4.648621
v 3.575396 0.404825 4.665363
v 3.445350 0.468857 4.654459
v 3.574396 0.469744 4.671306
v 3.443325 0.533354 4.660821
v 3.573305 0.533241 4.677792
v 3.441567 0.601667 4.666347
v 3.572356 0.600496 4.683428
v 3.441018 0.678877 4.668074
v 3.572058 0.676543 4.685196
v 3.442864 0.759476 4.662283
v 3.573049 0.755926 4.679310
v 3.448990 0.837513 4.643048
v 3.576347 0.832775 4.659715
v 3.460010 0.911186 4.608449
v 3.582277 0.905327 4.624473
v 3.477304 0.978596 4.554126
v 3.591594 0.971708 4.569110
v 3.499261 1.039567 4.485171
v 3.603417 1.031753 4.498852
v 3.526040 1.092299 4.401086
v 3.617833 1.083682 4.413197
v 3.559964 1.137531 4.294715
v 3.636101 1.128291 4.304839
v 3.603329 1.177502 4.159966
v 3.659554 1.168056 4.167466
v 3.714306 1.177201 4.178580
v 3.767081 1.186366 4.182682
v 3.710474 1.137502 4.320039
v 3.782145 1.146715 4.325702
v 3.707644 1.092298 4.431647
v 3.794187 1.100914 4.438599
v 3.705424 1.039567 4.519865
v 3.803721 1.047382 4.527831
v 3.703603 0.978596 4.592209
v 3.811539 0.985484 4.600987
v 3.702164 0.911186 4.649199
v 3.817696 0.917044 4.658601
v 3.701253 0.837513 4.685500
v 3.821620 0.842251 4.695323
v 3.700745 0.759476 4.705681
v 3.823801 0.763026 4.715735
v 3.700594 0.678877 4.711757
v 3.824460 0.681212 4.721897
v 3.700641 0.601667 4.709945
v 3.824265 0.602838 4.720077
v 3.700788 0.533354 4.704148
v 3.823640 0.533467 4.714224
v 3.700957 0.468857 4.697474
v 3.822919 0.467971 4.707479
v 3.701110 0.402930 4.691348
v 3.822256 0.401036 4.701277
v 3.701308 0.334848 4.683422
v 3.821399 0.331914 4.693253
v 3.701638 0.264991 4.670324
v 3.819983 0.260997 4.680005
v 3.702123 0.195805 4.651016
v 3.817895 0.190757 4.660465
v 3.702908 0.128037 4.619624
v 3.814498 0.121933 4.628675
v 3.704383 0.054123 4.560694
v 3.808123 0.046872 4.569027
v 3.707028 -0.031657 4.456071
v 3.796829 -0.040164 4.463324
v 3.710285 -0.111546 4.327128
v 3.782943 -0.121116 4.333324
v 3.713740 -0.165330 4.190505
v 3.768475 -0.174901 4.197398
v 3.821222 -0.165330 4.179020
v 3.875603 -0.155338 4.158105
v 3.853386 -0.111546 4.311836
v 3.924637 -0.101934 4.281027
v 3.883807 -0.031657 4.437180
v 3.971592 -0.023147 4.398711
v 3.908500 0.054123 4.538881
v 4.009787 0.061374 4.494439
v 3.922395 0.128037 4.596169
v 4.031276 0.134141 4.548297
v 3.929796 0.195805 4.626687
v 4.042720 0.200853 4.576979
v 3.934350 0.264991 4.645456
v 4.049763 0.268985 4.594629
v 3.937440 0.334848 4.658189
v 4.054543 0.337783 4.606608
v 3.939308 0.402930 4.665895
v 4.057432 0.404825 4.613851
v 3.940753 0.468857 4.671849
v 4.059666 0.469744 4.619449
v 3.942328 0.533354 4.678337
v 4.062103 0.533241 4.625558
v 3.943696 0.601667 4.683971
v 4.064221 0.600496 4.630866
v 3.944125 0.678877 4.685732
v 4.064886 0.676543 4.632531
v 3.942694 0.759476 4.679826
v 4.062674 0.755926 4.626988
v 3.937933 0.837513 4.660208
v 4.055310 0.832775 4.608531
v 3.929372 0.911186 4.624920
v 4.042066 0.905327 4.575338
v 3.915923 0.978596 4.569520
v 4.021261 0.971708 4.523194
v 3.898855 1.039567 4.499195
v 3.994858 1.031753 4.457022
v 3.878046 1.092298 4.413437
v 3.962669 1.083681 4.376346
v 3.851734 1.137483 4.304937
v 3.921952 1.128252 4.274282
v 3.818496 1.176998 4.167397
v 3.870369 1.167653 4.144839
v 3.923050 1.176908 4.125655
v 3.970395 1.186188 4.101508
v 3.993497 1.137474 4.248373
v 4.057779 1.146698 4.215720
v 4.049091 1.092297 4.345191
v 4.126747 1.100913 4.305908
v 4.093032 1.039567 4.421720
v 4.181258 1.047381 4.377195
v 4.129065 0.978596 4.484477
v 4.225949 0.985484 4.435639
v 4.157447 0.911186 4.533918
v 4.261144 0.917044 4.481667
v 4.175529 0.837513 4.565408
v 4.283577 0.842251 4.511004
v 4.185581 0.759476 4.582915
v 4.296047 0.763026 4.527312
v 4.188610 0.678877 4.588184
v 4.299811 0.681212 4.532234
v 4.187708 0.601667 4.586612
v 4.298698 0.602838 4.530779
v 4.184822 0.533354 4.581583
v 4.295123 0.533467 4.526104
v 4.181498 0.468857 4.575792
v 4.291003 0.467971 4.520715
v 4.178446 0.402930 4.570479
v 4.287214 0.401036 4.515760
v 4.174498 0.334848 4.563604
v 4.282312 0.331914 4.509350
v 4.167974 0.264991 4.552241
v 4.274220 0.260997 4.498767
v 4.158356 0.195805 4.535493
v 4.262283 0.190757 4.483156
v 4.142715 0.128037 4.508262
v 4.242862 0.121933 4.457760
v 4.113356 0.054123 4.457145
v 4.206424 0.046871 4.410107
v 4.061256 -0.031657 4.366378
v 4.141851 -0.040164 4.325661
v 3.997041 -0.111546 4.254519
v 4.062440 -0.121116 4.221807
v 3.928995 -0.165330 4.136019
v 3.979438 -0.174901 4.113225
v 4.014862 -0.165330 4.070359
v 4.050368 -0.155338 4.024468
v 4.111364 -0.111546 4.167100
v 4.156135 -0.101934 4.104008
v 4.202484 -0.031657 4.258386
v 4.257401 -0.023147 4.180161
v 4.276425 0.054123 4.332451
v 4.339775 0.061374 4.242107
v 4.318062 0.128037 4.374180
v 4.386120 0.134141 4.276960
v 4.340243 0.195805 4.396409
v 4.410800 0.200853 4.295521
v 4.353886 0.264991 4.410081
v 4.425988 0.268985 4.306941
v 4.363142 0.334848 4.419353
v 4.436296 0.337782 4.314694
v 4.368742 0.402930 4.424967
v 4.442529 0.404825 4.319381
v 4.373070 0.468857 4.429304
v 4.447345 0.469744 4.323003
v 4.377787 0.533354 4.434029
v 4.452602 0.533241 4.326956
v 4.381884 0.601667 4.438132
v 4.457170 0.600496 4.330391
v 4.383165 0.678877 4.439414
v 4.458602 0.676543 4.331469
v 4.378873 0.759476 4.435110
v 4.453833 0.755926 4.327882
v 4.364612 0.837513 4.420822
v 4.437951 0.832775 4.315938
v 4.338962 0.911186 4.395121
v 4.409389 0.905327 4.294458
v 4.298687 0.978596 4.354774
v 4.364520 0.971708 4.260716
v 4.247564 1.039567 4.303554
v 4.307578 1.031753 4.217896
v 4.185225 1.092297 4.241095
v 4.238156 1.083681 4.165689
v 4.106352 1.137477 4.162077
v 4.150322 1.128258 4.099657
v 4.006317 1.176938 4.061995
v 4.038846 1.167713 4.016030
v 4.074005 1.177086 3.972049
v 4.102024 1.186482 3.926601
v 4.198091 1.137491 4.040093
v 4.236149 1.146726 3.978544
v 4.295909 1.092298 4.093911
v 4.341949 1.100914 4.019743
v 4.373217 1.039567 4.136466
v 4.425564 1.047381 4.052328
v 4.436612 0.978596 4.171366
v 4.494116 0.985484 4.079043
v 4.486551 0.911186 4.198862
v 4.548103 0.917044 4.100083
v 4.518363 0.837513 4.216372
v 4.582513 0.842251 4.113493
v 4.536047 0.759475 4.226108
v 4.601640 0.763025 4.120948
v 4.541373 0.678877 4.229037
v 4.607414 0.681212 4.123198
v 4.539785 0.601667 4.228162
v 4.605708 0.602838 4.122533
v 4.534707 0.533354 4.225365
v 4.600224 0.533467 4.120396
v 4.528858 0.468857 4.222144
v 4.593903 0.467971 4.117932
v 4.523490 0.402930 4.219190
v 4.588092 0.401036 4.115667
v 4.516543 0.334848 4.215367
v 4.580573 0.331914 4.112737
v 4.505065 0.264991 4.209048
v 4.568159 0.260997 4.107900
v 4.488145 0.195805 4.199736
v 4.549849 0.190756 4.100763
v 4.460633 0.128037 4.184595
v 4.520060 0.121933 4.089154
v 4.408988 0.054123 4.156175
v 4.464167 0.046871 4.067372
v 4.317312 -0.031657 4.105693
v 4.365119 -0.040164 4.028771
v 4.204325 -0.111546 4.043486
v 4.243304 -0.121116 3.981301
v 4.084602 -0.165330 3.977621
v 4.115953 -0.174901 3.931693
v 4.123853 -0.165330 3.876905
v 4.130255 -0.155338 3.819482
v 4.256583 -0.111546 3.909393
v 4.261955 -0.101934 3.832477
v 4.381869 -0.031657 3.940041
v 4.388048 -0.023147 3.844927
v 4.483529 0.054123 3.964906
v 4.490615 0.061374 3.855056
v 4.540786 0.128037 3.978926
v 4.548322 0.134141 3.860754
v 4.571288 0.195805 3.986395
v 4.579053 0.200853 3.863788
v 4.590047 0.264991 3.990987
v 4.597964 0.268985 3.865656
v 4.602775 0.334848 3.994101
v 4.610801 0.337782 3.866923
v 4.610476 0.402930 3.995987
v 4.618560 0.404825 3.867689
v 4.616427 0.468857 3.997444
v 4.624558 0.469744 3.868282
v 4.622913 0.533354 3.999030
v 4.631103 0.533241 3.868928
v 4.628545 0.601667 4.000407
v 4.636791 0.600496 3.869489
v 4.630306 0.678877 4.000836
v 4.638575 0.676542 3.869666
v 4.624403 0.759475 3.999389
v 4.632636 0.755926 3.869079
v 4.604795 0.837513 3.994592
v 4.612860 0.832775 3.867127
v 4.569524 0.911186 3.985959
v 4.577296 0.905327 3.863615
v 4.514148 0.978596 3.972412
v 4.521427 0.971708 3.858098
v 4.443855 1.039567 3.955212
v 4.450526 1.031753 3.851096
v 4.358138 1.092299 3.934236
v 4.364085 1.083683 3.842562
v 4.249681 1.137516 3.907729
v 4.254720 1.128307 3.831806
v 4.112103 1.177341 3.874446
v 4.115931 1.168218 3.818545
v 4.123219 1.177683 3.762486
v 4.123641 1.187161 3.708885
v 4.264685 1.137549 3.755844
v 4.265322 1.146792 3.683228
v 4.376235 1.092300 3.750970
v 4.377135 1.100917 3.663422
v 4.464399 1.039567 3.747161
v 4.465509 1.047381 3.647816
v 4.536699 0.978596 3.744041
v 4.537961 0.985484 3.635025
v 4.593655 0.911186 3.741587
v 4.595020 0.917044 3.624951
v 4.629932 0.837513 3.740020
v 4.631389 0.842251 3.618530
v 4.650101 0.759475 3.739149
v 4.651605 0.763025 3.614960
v 4.656173 0.678877 3.738884
v 4.657708 0.681212 3.613883
v 4.654362 0.601667 3.738961
v 4.655904 0.602838 3.614202
v 4.648570 0.533354 3.739210
v 4.650108 0.533466 3.615225
v 4.641899 0.468857 3.739497
v 4.643427 0.467970 3.616405
v 4.635777 0.402930 3.739763
v 4.637286 0.401035 3.617489
v 4.627856 0.334848 3.740105
v 4.629338 0.331914 3.618892
v 4.614766 0.264991 3.740670
v 4.616219 0.260997 3.621208
v 4.595470 0.195805 3.741505
v 4.596867 0.190756 3.624625
v 4.564096 0.128037 3.742863
v 4.565382 0.121932 3.630184
v 4.505203 0.054123 3.745414
v 4.506309 0.046871 3.640613
v 4.400643 -0.031657 3.749915
v 4.401622 -0.040164 3.659096
v 4.271782 -0.111546 3.755474
v 4.272876 -0.121116 3.681834
v 4.135255 -0.165330 3.761432
v 4.138274 -0.174901 3.705657
v 4.116462 -0.165330 3.654985
v 4.092004 -0.155338 3.602830
v 4.246759 -0.111546 3.613750
v 4.211287 -0.101934 3.545493
v 4.369732 -0.031657 3.574837
v 4.325492 -0.023147 3.490614
v 4.469512 0.054123 3.543260
v 4.418391 0.061374 3.445976
v 4.525718 0.128037 3.525489
v 4.470657 0.134141 3.420861
v 4.557432 0.214006 3.518030
v 4.498491 0.227511 3.407486
v 4.586567 0.334848 3.506247
v 4.515619 0.268985 3.399256
v 4.414766 0.215052 3.583651
v 4.359773 0.227652 3.480510
v 4.375754 0.266349 3.472831
v 4.314774 0.232035 3.373990
v 4.271987 0.258895 3.268631
v 4.450262 0.232208 3.293321
v 4.404404 0.260997 3.180399
v 4.476026 0.334848 3.276197
v 4.527246 0.337782 3.393669
v 4.414411 0.331914 3.171603
v 4.482615 0.402930 3.271788
v 4.534273 0.404825 3.390292
v 4.420472 0.401035 3.166275
v 4.487708 0.468857 3.268381
v 4.425156 0.467970 3.162158
v 4.539705 0.469744 3.387682
v 4.493258 0.533354 3.264669
v 4.545634 0.533241 3.384834
v 4.430252 0.533466 3.157678
v 4.498078 0.601667 3.261447
v 4.434672 0.602837 3.153792
v 4.550786 0.600496 3.382358
v 4.490625 0.659858 3.266435
v 4.431394 0.763025 3.156675
v 4.529111 0.763777 3.392773
v 4.415975 0.842251 3.170228
v 4.447573 0.911186 3.295233
v 4.552402 0.653351 3.381582
v 4.436048 0.681211 3.152583
v 4.344495 0.669170 3.343882
v 4.377519 0.758341 3.452290
v 4.397504 0.663586 3.442687
v 4.450009 0.685490 3.542324
v 4.460130 0.754650 3.566707
v 4.613590 0.678877 3.497697
v 4.611862 0.601667 3.498245
v 4.625385 0.759475 3.526114
v 4.588548 0.837513 3.505616
v 4.553926 0.911186 3.516567
v 4.428520 0.821612 3.549119
v 4.496900 0.905327 3.408251
v 4.499573 0.978596 3.533765
v 4.446297 0.971708 3.432566
v 4.430577 1.039567 3.555591
v 4.382080 1.031753 3.463423
v 4.346439 1.092301 3.582208
v 4.303789 1.083686 3.501046
v 4.239990 1.137588 3.615949
v 4.204748 1.128384 3.548718
v 4.105056 1.178088 3.659360
v 4.079179 1.169022 3.609881
v 4.056362 1.178525 3.557984
v 4.028952 1.188029 3.511751
v 4.173892 1.137630 3.478385
v 4.136803 1.146876 3.415759
v 4.266679 1.092303 3.416219
v 4.222061 1.100920 3.340693
v 4.340030 1.039567 3.367154
v 4.289461 1.047381 3.281440
v 4.400183 0.978596 3.326923
v 4.344719 0.985484 3.232865
v 4.388237 0.917044 3.194611
v 4.259206 0.978596 3.166548
v 4.161005 0.971708 3.108020
v 4.296711 0.911185 3.123613
v 4.211595 1.039567 3.221047
v 4.122170 1.031753 3.167751
v 4.153536 1.092305 3.287508
v 4.074824 1.083689 3.240577
v 4.080101 1.137672 3.371692
v 4.014956 1.128468 3.332817
v 3.987226 1.178962 3.479360
v 3.939292 1.169889 3.450795
v 3.892900 1.179367 3.418085
v 3.845526 1.188832 3.392598
v 3.952144 1.137711 3.288503
v 3.888012 1.146953 3.254013
v 3.999142 1.092306 3.187125
v 3.921876 1.100923 3.145522
v 4.036322 1.039567 3.107089
v 3.948678 1.047381 3.059873
v 4.066814 0.978596 3.041461
v 3.970653 0.985484 2.989658
v 4.090839 0.911185 2.989761
v 4.191607 0.905327 3.060952
v 3.987959 0.917043 2.934362
v 4.106137 0.837513 2.956829
v 4.211087 0.763777 3.030991
v 3.998990 0.842251 2.899116
v 4.097053 0.759475 2.911935
v 4.014574 0.821612 3.078216
v 4.104630 0.758341 3.141853
v 4.006779 0.754650 3.039694
v 4.024068 0.685490 3.057776
v 4.116715 0.663586 3.123264
v 4.117202 0.678877 2.933008
v 4.225172 0.653350 3.009328
v 4.006973 0.681211 2.873610
v 4.116437 0.601667 2.934652
v 4.006426 0.602837 2.875359
v 4.224195 0.600496 3.010831
v 4.113993 0.533354 2.939910
v 4.221079 0.533241 3.015622
v 4.004668 0.533466 2.880976
v 4.111179 0.468857 2.945965
v 4.002642 0.467970 2.887450
v 4.217494 0.469743 3.021137
v 4.108598 0.402930 2.951522
v 4.214210 0.404825 3.026189
v 4.000779 0.401035 2.893402
v 4.105258 0.334848 2.958712
v 3.998369 0.331914 2.901104
v 4.209959 0.337782 3.032727
v 4.088233 0.214006 2.984273
v 3.988519 0.190756 2.932573
v 4.192570 0.227511 3.059472
v 4.078373 0.128037 3.016593
v 3.994389 0.260997 2.913818
v 4.202928 0.268985 3.043540
v 3.976990 0.215052 3.085640
v 4.074339 0.227652 3.155802
v 4.084004 0.266349 3.140938
v 4.170606 0.232035 3.209985
v 4.295745 0.232208 3.117544
v 4.319238 0.334848 3.097836
v 4.324455 0.402930 3.091866
v 4.328487 0.468857 3.087252
v 4.332880 0.533354 3.082223
v 4.336693 0.601667 3.077856
v 4.330791 0.659858 3.084608
v 4.207344 0.669170 3.187860
v 4.172625 0.198069 3.214374
v 4.258216 0.218232 3.280737
v 4.297910 0.195804 3.122248
v 4.389645 0.217414 3.193373
v 4.277245 0.128037 3.145893
v 4.365633 0.121932 3.214481
v 4.175737 0.134141 3.085362
v 4.238455 0.054123 3.190281
v 4.144129 0.061374 3.133977
v 4.320578 0.046871 3.254087
v 4.169609 -0.031657 3.269104
v 4.240736 -0.040165 3.324273
v 4.087948 -0.023147 3.220386
v 4.084755 -0.111546 3.366251
v 4.018883 -0.101934 3.326615
v 4.142544 -0.121116 3.410599
v 3.994840 -0.165330 3.469212
v 4.039900 -0.174901 3.500930
v 3.946752 -0.155338 3.437592
v 3.897559 -0.165330 3.405962
v 3.849475 -0.174901 3.377121
v 3.955086 -0.111546 3.281943
v 3.890257 -0.121116 3.246569
v 4.009435 -0.031657 3.164964
v 3.929302 -0.040165 3.121786
v 4.053543 0.054123 3.070057
v 3.961053 0.046871 3.020334
v 3.978970 0.121932 2.963084
v 3.857633 0.054123 3.008743
v 3.747685 0.061374 3.009901
v 3.839765 -0.031657 3.111862
v 3.867713 0.128037 2.950662
v 3.749431 0.134141 2.951940
v 3.873083 0.195804 2.919721
v 3.750362 0.200852 2.921074
v 3.876384 0.264991 2.900692
v 3.750934 0.268985 2.902079
v 3.878623 0.334848 2.887782
v 3.751323 0.337782 2.889186
v 3.879978 0.402930 2.879970
v 3.751558 0.404825 2.881392
v 3.881026 0.468857 2.873933
v 3.751740 0.469743 2.875368
v 3.882166 0.533354 2.867354
v 3.751938 0.533241 2.868794
v 3.883156 0.601667 2.861641
v 3.752110 0.600496 2.863082
v 3.883464 0.678877 2.859855
v 3.752164 0.676542 2.861289
v 3.882424 0.759475 2.865843
v 4.005122 0.763025 2.879524
v 3.751984 0.755926 2.867254
v 3.878975 0.837513 2.885733
v 3.751385 0.832775 2.887117
v 3.872769 0.911185 2.921511
v 3.750309 0.905327 2.922838
v 3.863033 0.978596 2.977683
v 3.748617 0.971708 2.978954
v 3.850669 1.039567 3.048985
v 3.746471 1.031753 3.050167
v 3.835593 1.092307 3.135939
v 3.743856 1.083692 3.136995
v 3.816567 1.137744 3.246077
v 3.740605 1.128534 3.246965
v 3.792921 1.179710 3.386856
v 3.736998 1.170569 3.387606
v 3.680428 1.179964 3.383523
v 3.626772 1.189337 3.386117
v 3.664008 1.137769 3.241485
v 3.591388 1.147002 3.245083
v 3.651519 1.092308 3.130391
v 3.563984 1.100925 3.134734
v 3.641702 1.039567 3.042687
v 3.542384 1.047381 3.047627
v 3.633656 0.978596 2.970769
v 3.524678 0.985484 2.976216
v 3.627320 0.911185 2.914113
v 3.510733 0.917044 2.919977
v 3.623280 0.837513 2.878027
v 3.501845 0.842251 2.884132
v 3.621036 0.759475 2.857964
v 3.496905 0.763025 2.864207
v 3.620357 0.678877 2.851925
v 3.495413 0.681211 2.858191
v 3.620558 0.601667 2.853726
v 3.495854 0.602837 2.859969
v 3.621201 0.533354 2.859488
v 3.497271 0.533466 2.865682
v 3.621943 0.468857 2.866124
v 3.498903 0.467970 2.872267
v 3.622625 0.402930 2.872213
v 3.500404 0.401035 2.878320
v 3.623508 0.334848 2.880092
v 3.502347 0.331914 2.886153
v 3.624964 0.264991 2.893113
v 3.505553 0.260997 2.899084
v 3.627114 0.195804 2.912308
v 3.510282 0.190756 2.918158
v 3.630610 0.128037 2.943515
v 3.517976 0.121932 2.949189
v 3.637174 0.054123 3.002097
v 3.532413 0.046871 3.007413
v 3.648800 -0.031657 3.106106
v 3.744580 -0.023147 3.112921
v 3.557997 -0.040165 3.110595
v 3.663142 -0.111546 3.234298
v 3.740763 -0.101934 3.239572
v 3.589470 -0.121116 3.237503
v 3.678417 -0.165330 3.370180
v 3.736792 -0.155338 3.371880
v 3.622443 -0.174901 3.370278
v 3.573493 -0.165344 3.396191
v 3.523125 -0.155575 3.424753
v 3.523450 -0.111554 3.268930
v 3.457749 -0.102134 3.309617
v 3.476232 -0.031663 3.148888
v 3.395168 -0.023319 3.199400
v 3.437918 0.054117 3.051496
v 3.344261 0.061231 3.109747
v 3.416353 0.128032 2.996633
v 3.315626 0.134019 3.059309
v 3.404865 0.195801 2.967407
v 3.300375 0.200751 3.032448
v 3.397798 0.264988 2.949432
v 3.290991 0.268905 3.015919
v 3.393002 0.334846 2.937238
v 3.284620 0.337724 3.004699
v 3.390102 0.402929 2.929859
v 3.280770 0.404788 2.997917
v 3.387860 0.468856 2.924157
v 3.277794 0.469726 2.992675
v 3.385416 0.533354 2.917944
v 3.274545 0.533242 2.986954
v 3.383293 0.601667 2.912548
v 3.271722 0.600518 2.981982
v 3.382628 0.678879 2.910861
v 3.270836 0.676589 2.980423
v 3.384850 0.759478 2.916518
v 3.273783 0.755997 2.985614
v 3.392238 0.837516 2.935305
v 3.283597 0.832870 3.002898
v 3.405526 0.911190 2.969099
v 3.301246 0.905446 3.033983
v 3.426393 0.978601 3.022152
v 3.328974 0.971847 3.082818
v 3.452878 1.039573 3.089499
v 3.364161 1.031911 3.144790
v 3.485176 1.092315 3.171630
v 3.407063 1.083867 3.220351
v 3.526112 1.137790 3.275675
v 3.461415 1.128751 3.316068
v 3.578711 1.180119 3.408779
v 3.531083 1.171061 3.438646
v 3.479614 1.182161 3.463677
v 3.430284 1.199578 3.490681
v 3.391757 1.139721 3.350098
v 3.325085 1.156888 3.386860
v 3.323101 1.094101 3.261445
v 3.242786 1.110095 3.305865
v 3.268902 1.041193 3.191472
v 3.177817 1.055698 3.241952
v 3.224458 0.980027 3.134093
v 3.124548 0.992811 3.189553
v 3.189443 0.912405 3.088884
v 3.082591 0.923279 3.148282
v 3.167144 0.838497 3.060096
v 3.055857 0.847291 3.121983
v 3.154746 0.760213 3.044089
v 3.040996 0.766799 3.107364
v 3.151016 0.679356 3.039274
v 3.036515 0.683673 3.102954
v 3.152129 0.601897 3.040713
v 3.037846 0.604042 3.104262
v 3.155692 0.533373 3.045313
v 3.042110 0.533571 3.108455
v 3.159793 0.468676 3.050607
v 3.047024 0.467037 3.113288
v 3.163555 0.402541 3.055465
v 3.051537 0.399035 3.117728
v 3.168423 0.334244 3.061749
v 3.057376 0.328811 3.123473
v 3.176470 0.264164 3.072139
v 3.067022 0.256759 3.132962
v 3.188330 0.194758 3.087450
v 3.081244 0.185397 3.146954
v 3.207612 0.126781 3.112342
v 3.104374 0.115485 3.169714
v 3.243808 0.052641 3.159068
v 3.147786 0.039235 3.212424
v 3.308093 -0.033424 3.242069
v 3.224779 -0.049212 3.288150
v 3.387320 -0.113589 3.344355
v 3.319470 -0.131464 3.381285
v 3.471289 -0.167647 3.452728
v 3.418543 -0.185867 3.478724
v 3.380364 -0.192665 3.520613
v 3.350716 -0.185867 3.568918
v 3.266290 -0.138101 3.434827
v 3.229610 -0.131464 3.500777
v 3.158835 -0.055055 3.354019
v 3.113854 -0.049212 3.435652
v 3.071676 0.034287 3.288474
v 3.019735 0.039235 3.382699
v 3.022541 0.111314 3.251523
v 2.966655 0.115485 3.352846
v 2.996365 0.181936 3.231838
v 2.938370 0.185397 3.336941
v 2.980270 0.254020 3.219735
v 2.920980 0.256759 3.327160
v 2.969355 0.326804 3.211526
v 2.909188 0.328811 3.320526
v 2.962745 0.397741 3.206556
v 2.902048 0.399035 3.316511
v 2.957638 0.466432 3.202715
v 2.896530 0.467037 3.313408
v 2.952078 0.533641 3.198534
v 2.890524 0.533571 3.310028
v 2.947251 0.604828 3.194904
v 2.885311 0.604042 3.307095
v 2.945744 0.685266 3.193770
v 2.883686 0.683673 3.306180
v 2.950814 0.769236 3.197584
v 2.889166 0.766799 3.309260
v 2.967632 0.850545 3.210231
v 2.907335 0.847291 3.319480
v 2.997890 0.927304 3.232986
v 2.940021 0.923279 3.337866
v 3.045375 0.997542 3.268695
v 2.991314 0.992811 3.366721
v 3.105663 1.061067 3.314033
v 3.056437 1.055698 3.403356
v 3.179192 1.116017 3.369330
v 3.135868 1.110095 3.448038
v 3.272333 1.163254 3.439426
v 3.236468 1.156873 3.504693
v 3.391318 1.206041 3.529428
v 3.364877 1.199430 3.577592
v 3.352600 1.181868 3.632450
v 3.342814 1.170627 3.688811
v 3.219651 1.139692 3.578945
v 3.206286 1.128709 3.655308
v 3.115483 1.094099 3.537525
v 3.099303 1.083865 3.629595
v 3.033219 1.041193 3.504873
v 3.014807 1.031911 3.609345
v 2.965759 0.980027 3.478098
v 2.945504 0.971847 3.592739
v 2.912610 0.912405 3.457005
v 2.890893 0.905446 3.579653
v 2.878764 0.838497 3.443571
v 2.856131 0.832870 3.571324
v 2.859945 0.760213 3.436102
v 2.836801 0.755997 3.566692
v 2.854284 0.679356 3.433855
v 2.830996 0.676589 3.565301
v 2.855975 0.601897 3.434525
v 2.832740 0.600518 3.565719
v 2.861382 0.533373 3.436671
v 2.838300 0.533243 3.567052
v 2.867608 0.468676 3.439142
v 2.844698 0.469726 3.568585
v 2.873318 0.402541 3.441409
v 2.850560 0.404788 3.569989
v 2.880707 0.334244 3.444341
v 2.858145 0.337724 3.571807
v 2.892921 0.264164 3.449189
v 2.870692 0.268905 3.574813
v 2.910923 0.194758 3.456334
v 2.889176 0.200751 3.579242
v 2.940187 0.126781 3.467951
v 2.919214 0.134020 3.586439
v 2.995124 0.052641 3.489757
v 2.975617 0.061231 3.599952
v 3.092705 -0.033424 3.528483
v 3.075877 -0.023319 3.623978
v 3.212960 -0.113589 3.576211
v 3.199132 -0.102134 3.653514
v 3.340379 -0.167647 3.626806
v 3.327889 -0.155575 3.684370
v 3.314426 -0.165344 3.740686
v 3.303116 -0.174901 3.794904
v 3.178276 -0.111554 3.727926
v 3.166406 -0.121116 3.800074
v 3.049847 -0.031663 3.715876
v 3.035748 -0.040164 3.805057
v 2.945646 0.054117 3.706097
v 2.929520 0.046871 3.809113
v 2.886954 0.128032 3.700603
v 2.869576 0.121933 3.811402
v 2.855687 0.195801 3.697677
v 2.837629 0.190756 3.812622
v 2.836458 0.264988 3.695876
v 2.817991 0.260997 3.813371
v 2.823412 0.334846 3.694653
v 2.804678 0.331914 3.813880
v 2.815518 0.402929 3.693915
v 2.796613 0.401036 3.814187
v 2.809417 0.468857 3.693343
v 2.790381 0.467971 3.814425
v 2.802770 0.533354 3.692720
v 2.783603 0.533467 3.814684
v 2.796997 0.601668 3.692177
v 2.777721 0.602838 3.814909
v 2.795192 0.678879 3.692007
v 2.775891 0.681212 3.814978
v 2.801244 0.759478 3.692571
v 2.782084 0.763025 3.814742
v 2.821343 0.837516 3.694456
v 2.802597 0.842251 3.813959
v 2.857497 0.911190 3.697843
v 2.839501 0.917044 3.812550
v 2.914257 0.978601 3.703167
v 2.897401 0.985484 3.810339
v 2.986308 1.039573 3.709922
v 2.970921 1.047381 3.807532
v 3.074175 1.092314 3.718160
v 3.060599 1.100923 3.804112
v 3.185434 1.137736 3.728670
v 3.174157 1.146936 3.799868
v 3.327322 1.179556 3.742823
v 3.080719 1.092305 3.889414
v 2.993737 1.039567 3.904320
v 2.922412 0.978596 3.916548
v 2.866223 0.911186 3.926184
v 2.830433 0.837513 3.932318
v 2.810536 0.759476 3.935730
v 2.804545 0.678877 3.936754
v 2.806331 0.601667 3.936446
v 2.812046 0.533354 3.935466
v 2.818627 0.468857 3.934337
v 2.824666 0.402930 3.933302
v 2.832481 0.334848 3.931964
v 2.845395 0.264991 3.929750
v 2.864431 0.195805 3.926488
v 2.895383 0.128037 3.921186
v 2.953486 0.054123 3.911234
v 3.056636 -0.031657 3.893539
v 3.183772 -0.111546 3.871742
v 3.318556 -0.165330 3.848707
v 3.794399 -0.165330 3.373677
v 3.817739 -0.111546 3.238958
v 4.066206 -0.165330 3.550398
v 4.179772 -0.111546 3.474342
v 4.286987 -0.031657 3.402634
v 4.373986 0.054123 3.344461
v 4.422981 0.128037 3.311682
v 4.449081 0.195804 3.294219
v 4.313672 0.198069 3.374829
v 4.606335 0.533354 3.499995
v 4.599969 0.468857 3.502010
v 4.594127 0.402930 3.503857
vn -0.4155 0.8625 0.2888
vn -0.2163 0.9668 0.1360
vn -0.5430 0.8390 0.0355
vn -0.7503 0.3961 0.5292
vn -0.2130 0.8283 0.5182
vn -0.3309 0.8582 0.3925
vn -0.5425 0.3720 0.7532
vn -0.0746 0.9437 0.3223
vn -0.1835 0.9578 0.2212
vn -0.1411 0.9327 0.3318
vn -0.2717 0.9474 0.1690
vn -0.2194 0.9414 0.2563
vn -0.2420 0.8858 0.3961
vn -0.3738 0.8971 0.2356
vn -0.2964 0.8910 0.3439
vn -0.3481 0.8067 0.4776
vn -0.3835 0.8097 0.4441
vn -0.4876 0.8167 0.3086
vn -0.4452 0.7017 0.5562
vn -0.5942 0.7107 0.3765
vn -0.4648 0.7032 0.5380
vn -0.5437 0.5443 0.6389
vn -0.5482 0.5444 0.6350
vn -0.7052 0.5516 0.4454
vn -0.6210 0.3456 0.7035
vn -0.7912 0.3515 0.5005
vn -0.6139 0.3447 0.7102
vn -0.6600 0.1622 0.7336
vn -0.6456 0.1611 0.7465
vn -0.8329 0.1659 0.5280
vn -0.6713 0.0256 0.7407
vn -0.8432 0.0269 0.5369
vn -0.6542 0.0250 0.7559
vn -0.6710 -0.0537 0.7395
vn -0.6536 -0.0539 0.7550
vn -0.8418 -0.0541 0.5370
vn -0.6686 -0.0931 0.7378
vn -0.8389 -0.0945 0.5361
vn -0.6518 -0.0931 0.7527
vn -0.6676 -0.0971 0.7382
vn -0.8383 -0.0987 0.5362
vn -0.6517 -0.0970 0.7523
vn -0.6667 -0.1033 0.7381
vn -0.8382 -0.1051 0.5352
vn -0.6512 -0.1031 0.7519
vn -0.6616 -0.1489 0.7350
vn -0.6473 -0.1484 0.7477
vn -0.8337 -0.1517 0.5310
vn -0.6491 -0.2249 0.7267
vn -0.8213 -0.2292 0.5224
vn -0.6378 -0.2243 0.7368
vn -0.6205 -0.3430 0.7052
vn -0.6147 -0.3420 0.7107
vn -0.7916 -0.3494 0.5013
vn -0.5524 -0.5219 0.6500
vn -0.7173 -0.5300 0.4524
vn -0.5576 -0.5215 0.6458
vn -0.4454 -0.6961 0.5631
vn -0.4680 -0.6976 0.5425
vn -0.5993 -0.7057 0.3779
vn -0.3402 -0.8042 0.4874
vn -0.4887 -0.8169 0.3064
vn -0.3851 -0.8079 0.4460
vn -0.2256 -0.8801 0.4177
vn -0.3008 -0.8874 0.3492
vn -0.3774 -0.8966 0.2316
vn -0.0913 -0.9378 0.3348
vn -0.2438 -0.9589 0.1451
vn -0.2063 -0.9494 0.2367
vn 0.0204 -0.9746 0.2229
vn -0.1352 -0.9787 0.1546
vn -0.1169 -0.9903 0.0746
vn -0.0268 -0.9994 0.0206
vn -0.0459 -0.9977 0.0490
vn 0.0083 -1.0000 0.0032
vn -0.2332 -0.9723 0.0163
vn -0.0098 -0.9995 0.0286
vn -0.0564 -0.9917 0.1159
vn 0.1282 -0.9747 0.1833
vn -0.0133 -0.9976 0.0684
vn -0.0346 -0.9791 0.2002
vn -0.1840 -0.9738 0.1337
vn 0.0018 -0.9996 0.0286
vn 0.0118 -0.9920 0.1260
vn 0.2081 -0.9736 0.0939
vn 0.0278 -0.9976 0.0631
vn 0.0742 -0.9790 0.1899
vn -0.0898 -0.9745 0.2054
vn 0.0162 -0.9995 0.0271
vn 0.0796 -0.9913 0.1051
vn 0.2303 -0.9725 -0.0331
vn 0.0540 -0.9978 0.0386
vn 0.1655 -0.9783 0.1246
vn 0.0253 -0.9745 0.2229
vn 0.0320 -0.9994 0.0142
vn 0.1332 -0.9898 0.0507
vn 0.1723 -0.9734 -0.1513
vn 0.0655 -0.9978 0.0062
vn 0.2095 -0.9776 0.0199
vn 0.1377 -0.9740 0.1799
vn 0.0350 -0.9994 -0.0072
vn 0.1427 -0.9894 -0.0262
vn 0.0662 -0.9741 -0.2162
vn 0.0597 -0.9978 -0.0279
vn 0.1875 -0.9780 -0.0913
vn 0.2176 -0.9728 0.0790
vn 0.0224 -0.9995 -0.0240
vn 0.1007 -0.9908 -0.0908
vn -0.0517 -0.9743 -0.2194
vn 0.0390 -0.9977 -0.0556
vn 0.1099 -0.9788 -0.1726
vn 0.2253 -0.9730 -0.0506
vn 0.0060 -0.9996 -0.0288
vn 0.0359 -0.9918 -0.1224
vn -0.1552 -0.9740 -0.1651
vn 0.0029 -0.9975 -0.0699
vn 0.0048 -0.9792 -0.2029
vn 0.1631 -0.9741 -0.1568
vn 0.0063 -0.9994 -0.0332
vn -0.0304 -0.9918 -0.1241
vn -0.2173 -0.9736 -0.0701
vn 0.0253 -0.9949 -0.0981
vn -0.0770 -0.9772 -0.1981
vn 0.1473 -0.9467 -0.2865
vn 0.0978 -0.9915 -0.0861
vn 0.0910 -0.9631 -0.2534
vn -0.0487 -0.9983 -0.0332
vn -0.0442 -0.9920 0.1180
vn -0.2265 -0.9630 0.1458
vn -0.2363 -0.9445 0.2281
vn -0.0888 -0.9945 0.0555
vn -0.2165 -0.9761 -0.0209
vn -0.1151 -0.9746 -0.1922
vn -0.0380 -0.9992 0.0140
vn -0.1464 -0.9892 0.0054
vn -0.0956 -0.9740 0.2053
vn -0.0626 -0.9978 0.0202
vn -0.1995 -0.9779 0.0628
vn -0.2036 -0.9725 -0.1128
vn -0.3452 -0.9375 -0.0447
vn -0.2998 -0.9493 0.0950
vn -0.4746 -0.8791 0.0450
vn -0.4393 -0.8872 0.1411
vn -0.5831 -0.8033 0.1213
vn -0.5613 -0.8077 0.1804
vn -0.6951 -0.6940 0.1877
vn -0.6831 -0.6965 0.2199
vn -0.8170 -0.5195 0.2502
vn -0.8132 -0.5198 0.2618
vn -0.8937 -0.3421 0.2902
vn -0.8949 -0.3413 0.2877
vn -0.9244 -0.2247 0.3084
vn -0.9279 -0.2241 0.2981
vn -0.9368 -0.1488 0.3167
vn -0.9416 -0.1483 0.3025
vn -0.9416 -0.1033 0.3205
vn -0.9470 -0.1031 0.3041
vn -0.9418 -0.0971 0.3217
vn -0.9477 -0.0970 0.3042
vn -0.9420 -0.0930 0.3225
vn -0.9480 -0.0931 0.3044
vn -0.9447 -0.0536 0.3237
vn -0.9507 -0.0540 0.3054
vn -0.9461 0.0257 0.3230
vn -0.9517 0.0249 0.3059
vn -0.9353 0.1618 0.3147
vn -0.9396 0.1605 0.3022
vn -0.8926 0.3443 0.2912
vn -0.8940 0.3436 0.2876
vn -0.8035 0.5417 0.2468
vn -0.7995 0.5426 0.2575
vn -0.6882 0.7001 0.1902
vn -0.6774 0.7026 0.2178
vn -0.5778 0.8053 0.1326
vn -0.5591 0.8094 0.1797
vn -0.4611 0.8848 0.0678
vn -0.4326 0.8908 0.1391
vn -0.3613 0.9324 0.0011
vn -0.3228 0.9407 0.1048
vn -0.3213 0.9458 -0.0481
vn -0.2780 0.9558 0.0953
vn -0.5024 0.8467 0.1753
vn -0.2376 0.9417 0.2382
vn -0.2616 0.9651 0.0127
vn -0.2961 0.9315 0.2114
vn -0.4640 0.8207 0.3334
vn -0.5021 0.8641 0.0343
vn -0.8353 0.4198 0.3551
vn -0.9009 0.2878 0.3248
vn -0.8906 0.4522 0.0492
vn -0.8365 0.4628 0.2935
vn -0.8927 0.2642 0.3651
vn -0.8554 0.4511 0.2546
vn -0.8730 0.2687 0.4070
vn -0.7754 0.2242 0.5904
vn -0.7970 0.3267 0.5080
vn -0.6199 0.4153 0.6658
vn -0.8269 0.3523 0.4383
vn -0.7121 0.2683 0.6488
vn -0.6636 0.2839 0.6921
vn -0.5980 0.1918 0.7782
vn -0.4537 0.2884 0.8432
vn -0.6311 0.1503 0.7610
vn -0.5228 0.1595 0.8374
vn -0.5862 0.1277 0.8000
vn -0.4770 0.1659 0.8631
vn -0.4451 0.1256 0.8866
vn -0.2740 0.1932 0.9421
vn -0.5305 0.1259 0.8383
vn -0.3060 0.0838 0.9483
vn -0.2599 0.0753 0.9627
vn -0.3600 0.0913 0.9285
vn -0.1591 0.0302 0.9868
vn -0.0557 0.1064 0.9928
vn -0.1745 0.0438 0.9837
vn -0.0612 0.0136 0.9980
vn -0.1037 0.0284 0.9942
vn -0.0268 -0.0017 0.9996
vn 0.0361 -0.0129 0.9993
vn 0.1399 0.0523 0.9888
vn -0.0256 0.0274 0.9993
vn 0.1754 -0.0280 0.9841
vn 0.1984 -0.0494 0.9789
vn 0.1512 0.0127 0.9884
vn 0.3072 -0.0541 0.9501
vn 0.3414 0.0155 0.9398
vn 0.3177 -0.0073 0.9482
vn 0.3994 -0.0525 0.9153
vn 0.4089 -0.0794 0.9091
vn 0.3891 -0.0146 0.9211
vn 0.4865 -0.0660 0.8712
vn 0.5105 0.0027 0.8599
vn 0.4611 -0.0112 0.8873
vn 0.5998 -0.0562 0.7981
vn 0.6052 -0.0064 0.7960
vn 0.5985 -0.0844 0.7967
vn 0.6997 -0.0598 0.7119
vn 0.6716 0.0092 0.7409
vn 0.7276 -0.0062 0.6860
vn 0.7662 -0.0416 0.6412
vn 0.7600 -0.0717 0.6459
vn 0.7796 -0.0084 0.6263
vn 0.8273 -0.0401 0.5603
vn 0.7972 0.0338 0.6027
vn 0.8262 0.0013 0.5634
vn 0.8978 -0.0056 0.4403
vn 0.8886 -0.0316 0.4576
vn 0.9124 0.0280 0.4083
vn 0.9510 0.0145 0.3088
vn 0.9017 0.0828 0.4244
vn 0.9685 0.0468 0.2447
vn 0.9741 0.0434 0.2219
vn 0.9847 0.0483 0.1675
vn 0.9692 0.0276 0.2448
vn 0.9912 0.0664 0.1145
vn 0.9599 0.1458 0.2396
vn 0.9931 0.0675 0.0958
vn 0.9921 0.1215 -0.0302
vn 0.9928 0.1191 0.0127
vn 0.9885 0.1208 -0.0906
vn 0.9664 0.1720 -0.1908
vn 0.9706 0.2400 0.0193
vn 0.9455 0.1614 -0.2829
vn 0.9434 0.2006 -0.2642
vn 0.9511 0.2228 -0.2140
vn 0.9225 0.1636 -0.3495
vn 0.8987 0.2432 -0.3651
vn 0.9244 0.3370 -0.1786
vn 0.8967 0.1887 -0.4005
vn 0.8139 0.3097 -0.4916
vn 0.7831 0.2613 -0.5644
vn 0.8377 0.3488 -0.4202
vn 0.6858 0.3772 -0.6225
vn 0.7963 0.4653 -0.3866
vn 0.6174 0.3116 -0.7223
vn 0.6298 0.3995 -0.6661
vn 0.6621 0.4638 -0.5887
vn 0.5787 0.3073 -0.7554
vn 0.5462 0.4378 -0.7141
vn 0.6255 0.5722 -0.5305
vn 0.5444 0.3291 -0.7716
vn 0.3850 0.5004 -0.7755
vn 0.4352 0.5749 -0.6929
vn 0.3358 0.4006 -0.8525
vn 0.1999 0.5486 -0.8118
vn 0.3635 0.6878 -0.6284
vn 0.0984 0.4322 -0.8964
vn 0.1275 0.5603 -0.8184
vn 0.0705 0.4207 -0.9044
vn 0.1824 0.6524 -0.7356
vn 0.0528 0.5811 -0.8121
vn 0.1238 0.7581 -0.6403
vn 0.0492 0.4381 -0.8976
vn -0.1373 0.6169 -0.7750
vn -0.0765 0.7107 -0.6994
vn -0.1936 0.4858 -0.8523
vn -0.3086 0.6287 -0.7138
vn -0.1664 0.8076 -0.5658
vn -0.4155 0.4816 -0.7716
vn -0.3794 0.6262 -0.6812
vn -0.3192 0.7272 -0.6077
vn -0.4268 0.4668 -0.7746
vn -0.4120 0.6335 -0.6549
vn -0.3711 0.8160 -0.4432
vn -0.3994 0.4821 -0.7798
vn -0.5333 0.6383 -0.5552
vn -0.5355 0.5066 -0.6757
vn -0.5120 0.7239 -0.4625
vn -0.6541 0.6266 -0.4238
vn -0.5648 0.7898 -0.2394
vn -0.7137 0.4985 -0.4921
vn -0.7705 0.5863 -0.2501
vn -0.7035 0.6730 -0.2286
vn -0.8472 0.4525 -0.2784
vn -0.8241 0.5498 -0.1365
vn -0.6926 0.7213 -0.0014
vn -0.9049 0.4016 -0.1408
vn -0.8501 0.5227 -0.0648
vn -0.8007 0.5988 -0.0182
vn -0.9078 0.3896 -0.1554
vn -0.8578 0.5139 -0.0115
vn -0.7348 0.6442 0.2124
vn -0.9051 0.4038 -0.1335
vn -0.8715 0.4602 0.1696
vn -0.9260 0.3656 0.0939
vn -0.8290 0.5114 0.2262
vn -0.8519 0.3908 0.3487
vn -0.7085 0.5241 0.4726
vn -0.7847 0.3931 0.4793
vn -0.3243 0.7694 0.5504
vn -0.2583 0.6616 0.7040
vn 0.4093 0.6926 0.5940
vn -0.1505 0.5603 0.8145
vn -0.0260 0.4728 0.8808
vn 0.1017 0.4028 0.9096
vn 0.2255 0.3495 0.9094
vn 0.3432 0.3126 0.8857
vn 0.4534 0.2896 0.8429
vn 0.5563 0.2808 0.7821
vn 0.6512 0.2854 0.7032
vn 0.7351 0.3070 0.6044
vn 0.8016 0.3484 0.4858
vn 0.8392 0.4141 0.3526
vn 0.8366 0.5028 0.2174
vn 0.7876 0.6084 0.0976
vn 0.6955 0.7185 0.0058
vn 0.5671 0.8220 -0.0519
vn 0.4118 0.9082 -0.0746
vn 0.2389 0.9692 -0.0599
vn 0.0604 0.9981 -0.0087
vn -0.1063 0.9910 0.0818
vn -0.2436 0.9461 0.2132
vn -0.3225 0.8688 0.3756
vn -0.8348 0.4928 -0.2455
vn -0.4784 0.8400 -0.2559
vn -0.8489 0.5050 -0.1562
vn -0.5281 0.8452 -0.0814
vn -0.8833 0.4670 -0.0411
vn -0.5905 0.7960 0.1326
vn -0.8411 0.5007 -0.2044
vn -0.5544 0.8317 0.0318
vn -0.6759 0.5431 -0.4983
vn -0.3843 0.8819 -0.2731
vn -0.4231 0.5335 -0.7324
vn -0.1248 0.8459 -0.5185
vn -0.2794 0.5160 -0.8097
vn -0.0319 0.8243 -0.5652
vn -0.4130 0.5388 -0.7343
vn -0.2487 0.8615 -0.4426
vn -0.4779 0.5252 -0.7041
vn -0.3885 0.8422 -0.3738
vn -0.2039 0.5168 -0.8315
vn -0.1173 0.8696 -0.4796
vn 0.1034 0.4973 -0.8614
vn 0.1797 0.8385 -0.5144
vn 0.0403 0.5195 -0.8535
vn 0.0285 0.8618 -0.5065
vn -0.0257 0.5110 -0.8592
vn -0.1287 0.8491 -0.5122
vn 0.2751 0.4800 -0.8330
vn 0.1618 0.8670 -0.4713
vn 0.5508 0.4504 -0.7026
vn 0.4352 0.8278 -0.3539
vn 0.5147 0.4780 -0.7117
vn 0.3146 0.8565 -0.4092
vn 0.4632 0.4645 -0.7548
vn 0.1696 0.8487 -0.5010
vn 0.7029 0.4120 -0.5798
vn 0.4040 0.8595 -0.3131
vn 0.8601 0.3916 -0.3270
vn 0.5711 0.8172 -0.0777
vn 0.8372 0.4300 -0.3380
vn 0.4942 0.8482 -0.1905
vn 0.8272 0.4041 -0.3903
vn 0.4180 0.8439 -0.3362
vn 0.9305 0.3442 -0.1250
vn 0.5028 0.8624 -0.0584
vn 0.9251 0.3434 0.1619
vn 0.5210 0.8230 0.2263
vn 0.9070 0.4008 0.1292
vn 0.5228 0.8494 0.0725
vn 0.9224 0.3718 0.1045
vn 0.5355 0.8412 -0.0744
vn 0.8706 0.3176 0.3759
vn 0.4607 0.8670 0.1900
vn 0.7207 0.3363 0.6062
vn 0.3175 0.8390 0.4420
vn 0.7310 0.3972 0.5549
vn 0.4101 0.8615 0.2994
vn 0.7493 0.3684 0.5503
vn 0.4995 0.8436 0.1973
vn 0.5643 0.3278 0.7577
vn 0.2991 0.8718 0.3879
vn 0.3259 0.3553 0.8761
vn 0.0496 0.8511 0.5227
vn 0.3619 0.3954 0.8442
vn 0.2036 0.8678 0.4534
vn 0.3887 0.3598 0.8482
vn 0.3385 0.8447 0.4146
vn 0.1245 0.3420 0.9314
vn 0.0641 0.8748 0.4802
vn -0.1518 0.3802 0.9124
vn -0.2167 0.8535 0.4738
vn -0.1199 0.4008 0.9083
vn -0.0696 0.8660 0.4952
vn -0.0825 0.3535 0.9318
vn 0.0856 0.8387 0.5379
vn -0.3584 0.3583 0.8620
vn -0.1928 0.8690 0.4557
vn -0.5947 0.4117 0.6905
vn -0.4355 0.8469 0.3052
vn -0.5712 0.4252 0.7021
vn -0.2955 0.9476 0.1214
vn -0.1103 0.9686 0.2227
vn -0.3055 0.9338 0.1862
vn -0.1416 0.9490 0.2817
vn -0.3565 0.8862 0.2958
vn -0.1943 0.8990 0.3926
vn -0.4226 0.8072 0.4121
vn -0.2529 0.8190 0.5151
vn -0.4872 0.7023 0.5191
vn -0.3079 0.7132 0.6297
vn -0.5562 0.5452 0.6272
vn -0.3653 0.5552 0.7472
vn -0.6098 0.3462 0.7130
vn -0.4096 0.3533 0.8411
vn -0.6342 0.1626 0.7559
vn -0.4307 0.1665 0.8870
vn -0.6391 0.0257 0.7687
vn -0.4353 0.0268 0.8999
vn -0.6375 -0.0536 0.7686
vn -0.4343 -0.0542 0.8991
vn -0.6358 -0.0931 0.7662
vn -0.4325 -0.0945 0.8967
vn -0.6360 -0.0971 0.7655
vn -0.4321 -0.0986 0.8964
vn -0.6364 -0.1033 0.7644
vn -0.4323 -0.1052 0.8956
vn -0.6344 -0.1490 0.7585
vn -0.4303 -0.1518 0.8898
vn -0.6281 -0.2251 0.7449
vn -0.4243 -0.2295 0.8760
vn -0.6113 -0.3434 0.7130
vn -0.4096 -0.3506 0.8422
vn -0.5660 -0.5229 0.6374
vn -0.3718 -0.5333 0.7598
vn -0.4940 -0.6970 0.5198
vn -0.3109 -0.7091 0.6329
vn -0.4334 -0.8047 0.4056
vn -0.2549 -0.8186 0.5147
vn -0.3797 -0.8807 0.2831
vn -0.1987 -0.8988 0.3907
vn -0.3164 -0.9381 0.1410
vn -0.1301 -0.9604 0.2464
vn 0.0939 -0.9384 0.3325
vn -0.0526 -0.9498 0.3084
vn 0.0230 -0.8813 0.4721
vn -0.0761 -0.8881 0.4533
vn -0.0386 -0.8051 0.5919
vn -0.0976 -0.8084 0.5804
vn -0.0888 -0.6978 0.7108
vn -0.1185 -0.6987 0.7055
vn -0.1348 -0.5236 0.8412
vn -0.1413 -0.5227 0.8407
vn -0.1644 -0.3436 0.9246
vn -0.1560 -0.3425 0.9265
vn -0.1779 -0.2251 0.9579
vn -0.1619 -0.2245 0.9609
vn -0.1843 -0.1490 0.9715
vn -0.1643 -0.1485 0.9752
vn -0.1872 -0.1034 0.9769
vn -0.1653 -0.1032 0.9808
vn -0.1881 -0.0971 0.9773
vn -0.1654 -0.0970 0.9814
vn -0.1890 -0.0931 0.9776
vn -0.1655 -0.0931 0.9818
vn -0.1900 -0.0537 0.9803
vn -0.1659 -0.0539 0.9847
vn -0.1894 0.0257 0.9816
vn -0.1660 0.0251 0.9858
vn -0.1832 0.1626 0.9695
vn -0.1638 0.1614 0.9732
vn -0.1656 0.3465 0.9233
vn -0.1557 0.3454 0.9255
vn -0.1330 0.5460 0.8271
vn -0.1389 0.5456 0.8264
vn -0.0923 0.7029 0.7053
vn -0.1178 0.7040 0.7004
vn -0.0503 0.8078 0.5874
vn -0.0971 0.8104 0.5778
vn -0.0019 0.8867 0.4622
vn -0.0750 0.8916 0.4467
vn 0.0513 0.9341 0.3533
vn -0.0548 0.9423 0.3302
vn 0.1033 0.9462 0.3065
vn -0.0422 0.9598 0.2775
vn -0.1899 0.9490 0.2517
vn 0.0298 0.9699 0.2415
vn -0.1637 0.9347 0.3155
vn 0.0348 0.9497 0.3111
vn -0.1500 0.8869 0.4370
vn 0.0479 0.8994 0.4346
vn -0.1453 0.8079 0.5711
vn 0.0626 0.8193 0.5699
vn -0.1443 0.7030 0.6964
vn 0.0763 0.7135 0.6965
vn -0.1461 0.5463 0.8248
vn 0.0907 0.5556 0.8265
vn -0.1469 0.3467 0.9264
vn 0.1017 0.3535 0.9299
vn -0.1453 0.1627 0.9759
vn 0.1070 0.1665 0.9802
vn -0.1431 0.0257 0.9894
vn 0.1081 0.0268 0.9938
vn -0.1420 -0.0537 0.9884
vn 0.1078 -0.0542 0.9927
vn -0.1420 -0.0931 0.9855
vn 0.1073 -0.0945 0.9897
vn -0.1426 -0.0971 0.9850
vn 0.1072 -0.0986 0.9893
vn -0.1434 -0.1034 0.9842
vn 0.1073 -0.1051 0.9887
vn -0.1445 -0.1490 0.9782
vn 0.1068 -0.1518 0.9826
vn -0.1462 -0.2252 0.9633
vn 0.1053 -0.2295 0.9676
vn -0.1483 -0.3438 0.9273
vn 0.1017 -0.3507 0.9310
vn -0.1491 -0.5239 0.8387
vn 0.0923 -0.5337 0.8406
vn -0.1496 -0.6980 0.7003
vn 0.0771 -0.7095 0.7004
vn -0.1579 -0.8052 0.5715
vn 0.0630 -0.8189 0.5705
vn -0.1768 -0.8814 0.4381
vn 0.0488 -0.8992 0.4347
vn -0.1979 -0.9383 0.2835
vn 0.0311 -0.9607 0.2758
vn 0.2500 -0.9388 0.2370
vn 0.1151 -0.9496 0.2914
vn 0.2630 -0.8816 0.3919
vn 0.1685 -0.8879 0.4282
vn 0.2735 -0.8054 0.5258
vn 0.2170 -0.8083 0.5473
vn 0.2931 -0.6981 0.6533
vn 0.2640 -0.6984 0.6652
vn 0.3221 -0.5238 0.7885
vn 0.3151 -0.5224 0.7923
vn 0.3401 -0.3438 0.8753
vn 0.3479 -0.3424 0.8728
vn 0.3456 -0.2252 0.9109
vn 0.3611 -0.2244 0.9051
vn 0.3471 -0.1491 0.9259
vn 0.3665 -0.1485 0.9185
vn 0.3472 -0.1034 0.9321
vn 0.3687 -0.1032 0.9238
vn 0.3466 -0.0971 0.9330
vn 0.3690 -0.0970 0.9243
vn 0.3461 -0.0931 0.9336
vn 0.3691 -0.0931 0.9247
vn 0.3468 -0.0537 0.9364
vn 0.3701 -0.0539 0.9274
vn 0.3482 0.0257 0.9371
vn 0.3704 0.0251 0.9285
vn 0.3476 0.1627 0.9234
vn 0.3655 0.1614 0.9167
vn 0.3387 0.3467 0.8747
vn 0.3474 0.3452 0.8719
vn 0.3163 0.5463 0.7756
vn 0.3097 0.5453 0.7789
vn 0.2871 0.7031 0.6505
vn 0.2625 0.7038 0.6601
vn 0.2614 0.8080 0.5280
vn 0.2162 0.8102 0.5448
vn 0.2373 0.8871 0.3960
vn 0.1665 0.8915 0.4214
vn 0.2253 0.9350 0.2739
vn 0.1220 0.9427 0.3104
vn 0.2423 0.9484 0.2046
vn 0.1029 0.9609 0.2569
vn -0.0345 0.9492 0.3127
vn 0.1542 0.9703 0.1865
vn 0.0241 0.9348 0.3543
vn 0.1973 0.9495 0.2439
vn 0.1000 0.8867 0.4514
vn 0.2735 0.8987 0.3429
vn 0.1742 0.8076 0.5634
vn 0.3573 0.8184 0.4500
vn 0.2407 0.7027 0.6695
vn 0.4356 0.7126 0.5500
vn 0.3067 0.5457 0.7798
vn 0.5172 0.5543 0.6521
vn 0.3591 0.3464 0.8667
vn 0.5803 0.3529 0.7339
vn 0.3862 0.1625 0.9080
vn 0.6107 0.1664 0.7742
vn 0.3947 0.0257 0.9184
vn 0.6177 0.0268 0.7860
vn 0.3950 -0.0537 0.9171
vn 0.6163 -0.0541 0.7856
vn 0.3933 -0.0931 0.9147
vn 0.6139 -0.0945 0.7837
vn 0.3923 -0.0971 0.9147
vn 0.6134 -0.0986 0.7836
vn 0.3914 -0.1034 0.9144
vn 0.6135 -0.1051 0.7827
vn 0.3875 -0.1490 0.9097
vn 0.6105 -0.1518 0.7773
vn 0.3784 -0.2252 0.8978
vn 0.6017 -0.2294 0.7650
vn 0.3582 -0.3436 0.8681
vn 0.5805 -0.3503 0.7350
vn 0.3115 -0.5233 0.7932
vn 0.5262 -0.5325 0.6629
vn 0.2385 -0.6975 0.6758
vn 0.4395 -0.7083 0.5524
vn 0.1638 -0.8050 0.5703
vn 0.3592 -0.8182 0.4490
vn 0.0775 -0.8810 0.4668
vn 0.2780 -0.8983 0.3404
vn -0.0228 -0.9382 0.3455
vn 0.1799 -0.9600 0.2147
vn 0.3370 -0.9385 0.0746
vn 0.2517 -0.9492 0.1890
vn 0.4290 -0.8808 0.2005
vn 0.3680 -0.8871 0.2786
vn 0.5072 -0.8048 0.3083
vn 0.4706 -0.8078 0.3550
vn 0.5908 -0.6965 0.4073
vn 0.5724 -0.6970 0.4319
vn 0.6858 -0.5222 0.5069
vn 0.6817 -0.5208 0.5138
vn 0.7457 -0.3433 0.5710
vn 0.7510 -0.3417 0.5650
vn 0.7688 -0.2251 0.5985
vn 0.7790 -0.2243 0.5856
vn 0.7779 -0.1490 0.6105
vn 0.7905 -0.1484 0.5942
vn 0.7811 -0.1034 0.6158
vn 0.7952 -0.1032 0.5975
vn 0.7810 -0.0971 0.6170
vn 0.7958 -0.0970 0.5978
vn 0.7809 -0.0931 0.6177
vn 0.7960 -0.0931 0.5981
vn 0.7831 -0.0536 0.6196
vn 0.7982 -0.0540 0.5999
vn 0.7847 0.0257 0.6194
vn 0.7991 0.0250 0.6007
vn 0.7772 0.1625 0.6079
vn 0.7887 0.1609 0.5934
vn 0.7444 0.3458 0.5712
vn 0.7501 0.3443 0.5647
vn 0.6742 0.5444 0.4990
vn 0.6702 0.5436 0.5052
vn 0.5840 0.7020 0.4076
vn 0.5681 0.7029 0.4280
vn 0.4984 0.8070 0.3167
vn 0.4688 0.8095 0.3535
vn 0.4092 0.8863 0.2167
vn 0.3622 0.8910 0.2737
vn 0.3346 0.9349 0.1183
vn 0.2660 0.9425 0.2023
vn 0.3098 0.9494 0.0512
vn 0.2199 0.9608 0.1691
vn 0.1339 0.9480 0.2887
vn 0.2299 0.9695 0.0855
vn 0.2065 0.9342 0.2908
vn 0.2983 0.9481 0.1100
vn 0.3219 0.8858 0.3341
vn 0.4154 0.8964 0.1549
vn 0.4435 0.8064 0.3912
vn 0.5422 0.8154 0.2026
vn 0.5552 0.7013 0.4471
vn 0.6605 0.7092 0.2467
vn 0.6693 0.5433 0.5068
vn 0.7834 0.5492 0.2912
vn 0.7583 0.3451 0.5530
vn 0.8780 0.3501 0.3264
vn 0.8027 0.1620 0.5739
vn 0.9242 0.1654 0.3441
vn 0.8153 0.0256 0.5785
vn 0.9363 0.0269 0.3501
vn 0.8148 -0.0537 0.5773
vn 0.9351 -0.0540 0.3504
vn 0.8120 -0.0931 0.5762
vn 0.9320 -0.0944 0.3499
vn 0.8111 -0.0971 0.5767
vn 0.9315 -0.0986 0.3500
vn 0.8103 -0.1034 0.5769
vn 0.9311 -0.1051 0.3493
vn 0.8046 -0.1489 0.5748
vn 0.9258 -0.1515 0.3464
vn 0.7907 -0.2249 0.5694
vn 0.9119 -0.2288 0.3407
vn 0.7582 -0.3427 0.5547
vn 0.8785 -0.3484 0.3270
vn 0.6802 -0.5210 0.5156
vn 0.7964 -0.5277 0.2956
vn 0.5572 -0.6954 0.4538
vn 0.6660 -0.7037 0.2476
vn 0.4378 -0.8041 0.4021
vn 0.5423 -0.8158 0.2008
vn 0.3112 -0.8800 0.3588
vn 0.4184 -0.8954 0.1521
vn 0.1616 -0.9379 0.3068
vn 0.2697 -0.9582 0.0956
vn 0.3278 -0.9379 -0.1136
vn 0.3138 -0.9490 0.0303
vn 0.4736 -0.8792 -0.0519
vn 0.4596 -0.8870 0.0451
vn 0.5955 -0.8034 0.0002
vn 0.5867 -0.8077 0.0578
vn 0.7193 -0.6935 0.0421
vn 0.7144 -0.6962 0.0705
vn 0.8514 -0.5187 0.0782
vn 0.8504 -0.5194 0.0840
vn 0.9343 -0.3418 0.1015
vn 0.9355 -0.3411 0.0923
vn 0.9679 -0.2247 0.1127
vn 0.9699 -0.2241 0.0956
vn 0.9818 -0.1488 0.1181
vn 0.9842 -0.1483 0.0970
vn 0.9873 -0.1033 0.1208
vn 0.9899 -0.1031 0.0975
vn 0.9878 -0.0971 0.1218
vn 0.9905 -0.0970 0.0976
vn 0.9881 -0.0931 0.1225
vn 0.9909 -0.0931 0.0976
vn 0.9909 -0.0536 0.1232
vn 0.9937 -0.0540 0.0980
vn 0.9922 0.0256 0.1223
vn 0.9949 0.0248 0.0981
vn 0.9799 0.1615 0.1167
vn 0.9823 0.1604 0.0969
vn 0.9334 0.3437 0.1026
vn 0.9347 0.3434 0.0923
vn 0.8376 0.5408 0.0774
vn 0.8362 0.5422 0.0826
vn 0.7128 0.6999 0.0456
vn 0.7082 0.7025 0.0698
vn 0.5928 0.8052 0.0120
vn 0.5846 0.8093 0.0576
vn 0.4647 0.8850 -0.0275
vn 0.4520 0.8909 0.0445
vn 0.3499 0.9340 -0.0726
vn 0.3337 0.9421 0.0336
vn 0.2934 0.9491 -0.1143
vn 0.2799 0.9595 0.0328
vn 0.2709 0.9458 0.1791
vn 0.2487 0.9679 -0.0359
vn 0.3305 0.9333 0.1405
vn 0.3163 0.9472 -0.0530
vn 0.4506 0.8849 0.1177
vn 0.4387 0.8955 -0.0749
vn 0.5839 0.8051 0.1039
vn 0.5721 0.8144 -0.0975
vn 0.7082 0.6997 0.0943
vn 0.6964 0.7079 -0.1183
vn 0.8368 0.5405 0.0870
vn 0.8254 0.5472 -0.1392
vn 0.9357 0.3435 0.0808
vn 0.9214 0.3593 -0.1477
vn 0.9840 0.1614 0.0759
vn 0.9748 0.1647 -0.1502
vn 0.9970 0.0256 0.0730
vn 0.9871 0.0148 -0.1594
vn 0.9960 -0.0536 0.0721
vn 0.9845 -0.0539 -0.1670
vn 0.9930 -0.0931 0.0723
vn 0.9815 -0.0944 -0.1668
vn 0.9926 -0.0971 0.0731
vn 0.9810 -0.0987 -0.1669
vn 0.9919 -0.1033 0.0738
vn 0.9804 -0.1051 -0.1665
vn 0.9860 -0.1487 0.0752
vn 0.9720 -0.1619 -0.1705
vn 0.9713 -0.2246 0.0778
vn 0.9560 -0.2358 -0.1745
vn 0.9363 -0.3416 0.0821
vn 0.9242 -0.3422 -0.1696
vn 0.8505 -0.5184 0.0889
vn 0.8428 -0.5173 -0.1487
vn 0.7139 -0.6932 0.0990
vn 0.7022 -0.7020 -0.1188
vn 0.5842 -0.8033 0.1159
vn 0.5714 -0.8150 -0.0966
vn 0.4545 -0.8792 0.1434
vn 0.4409 -0.8945 -0.0737
vn 0.2991 -0.9379 0.1755
vn 0.2841 -0.9576 -0.0472
vn 0.2182 -0.9375 -0.2710
vn 0.2836 -0.9491 -0.1368
vn 0.3756 -0.8793 -0.2930
vn 0.4155 -0.8870 -0.2014
vn 0.5079 -0.8035 -0.3106
vn 0.5310 -0.8077 -0.2562
vn 0.6353 -0.6942 -0.3382
vn 0.6462 -0.6966 -0.3117
vn 0.7797 -0.4898 -0.3902
vn 0.7911 -0.4850 -0.3727
vn 0.8271 -0.2964 -0.4776
vn 0.6230 0.7059 -0.3371
vn 0.8967 -0.1705 -0.4085
vn 0.6269 -0.6835 -0.3739
vn 0.1103 0.4712 -0.8751
vn 0.4535 0.7212 -0.5237
vn 0.3315 -0.8978 -0.2900
vn 0.3602 -0.8706 -0.3352
vn 0.3311 -0.9164 -0.2249
vn 0.4735 -0.8614 -0.1840
vn 0.5002 -0.7217 -0.4786
vn 0.8787 -0.1802 -0.4420
vn 0.8865 -0.1749 -0.4283
vn 0.7510 -0.1834 -0.6344
vn 0.8875 -0.1033 -0.4492
vn 0.8967 -0.1031 -0.4305
vn 0.7560 -0.1051 -0.6460
vn 0.8876 -0.0971 -0.4504
vn 0.7560 -0.0986 -0.6470
vn 0.8973 -0.0970 -0.4307
vn 0.8876 -0.0931 -0.4511
vn 0.8976 -0.0931 -0.4309
vn 0.7566 -0.0945 -0.6470
vn 0.8922 -0.0129 -0.4515
vn 0.7629 -0.0153 -0.6463
vn 0.8970 -0.0333 -0.4409
vn 0.9318 0.2666 -0.2464
vn 0.7753 0.2054 -0.5973
vn 0.8863 -0.4619 0.0323
vn 0.7530 0.2646 -0.6025
vn 0.8178 0.4494 -0.3594
vn 0.6235 0.6771 -0.3909
vn 0.7686 0.0659 -0.6364
vn 0.9103 0.2947 0.2907
vn 0.8581 -0.5134 0.0057
vn 0.4845 0.8091 -0.3325
vn 0.3274 0.7130 -0.6201
vn 0.3243 0.1008 -0.9406
vn 0.7287 0.3187 -0.6062
vn 0.9112 -0.0547 -0.4082
vn 0.6994 0.1545 -0.6978
vn 0.8183 0.0535 -0.5722
vn 0.7617 0.5138 -0.3946
vn 0.5483 -0.7859 -0.2858
vn 0.7845 0.4628 -0.4128
vn 0.6319 0.7005 -0.3318
vn 0.6411 0.7027 -0.3087
vn 0.5115 0.8056 -0.2988
vn 0.5291 0.8093 -0.2550
vn 0.3815 0.8851 -0.2665
vn 0.4091 0.8908 -0.1977
vn 0.2617 0.9333 -0.2460
vn 0.3041 0.9413 -0.1468
vn 0.1955 0.9478 -0.2519
vn 0.2622 0.9576 -0.1195
vn 0.3318 0.9433 0.0099
vn 0.2034 0.9662 -0.1585
vn 0.3568 0.9327 -0.0519
vn 0.2457 0.9475 -0.2045
vn 0.4454 0.8855 -0.1324
vn 0.3365 0.8977 -0.2844
vn 0.5522 0.8062 -0.2126
vn 0.4393 0.8176 -0.3722
vn 0.6538 0.7010 -0.2847
vn 0.5359 0.7117 -0.4543
vn 0.6753 0.4767 -0.5628
vn 0.3649 0.7021 -0.6115
vn 0.3865 0.7035 -0.5964
vn 0.4647 0.4572 -0.7583
vn 0.2792 0.8069 -0.5205
vn 0.3186 0.8099 -0.4925
vn 0.1849 0.8859 -0.4255
vn 0.2460 0.8910 -0.3816
vn 0.0948 0.9327 -0.3479
vn 0.1841 0.9405 -0.2855
vn 0.0381 0.9458 -0.3226
vn 0.1649 0.9557 -0.2438
vn 0.2917 0.9415 -0.1688
vn 0.0871 0.9649 -0.2479
vn 0.2796 0.9323 -0.2297
vn 0.1001 0.9475 -0.3036
vn 0.3124 0.8863 -0.3419
vn 0.1355 0.8989 -0.4166
vn 0.3620 0.8075 -0.4658
vn 0.1766 0.8192 -0.5457
vn 0.4116 0.7026 -0.5805
vn 0.2153 0.7134 -0.6668
vn 0.4901 0.5194 -0.7001
vn 0.5066 0.4674 -0.7245
vn 0.2557 0.5555 -0.7912
vn 0.6401 -0.1746 -0.7482
vn 0.0506 -0.4673 -0.8827
vn 0.2685 0.3753 -0.8871
vn 0.9549 0.1135 -0.2745
vn 0.6459 -0.7190 -0.2567
vn 0.1176 -0.5486 -0.8277
vn 0.9972 0.0720 0.0196
vn 0.7658 0.6355 -0.0982
vn 0.4212 0.8284 -0.3692
vn 0.6930 0.5652 -0.4476
vn 0.3857 0.7575 -0.5267
vn 0.2865 -0.0009 -0.9581
vn 0.5262 -0.0547 -0.8486
vn 0.3039 -0.0542 -0.9512
vn 0.5522 -0.0335 -0.8330
vn 0.5255 -0.0931 -0.8457
vn 0.5429 -0.0931 -0.8346
vn 0.3026 -0.0945 -0.9484
vn 0.5258 -0.0971 -0.8450
vn 0.3023 -0.0986 -0.9481
vn 0.5428 -0.0970 -0.8342
vn 0.5264 -0.1033 -0.8440
vn 0.5424 -0.1031 -0.8338
vn 0.3024 -0.1052 -0.9474
vn 0.5239 -0.1694 -0.8348
vn 0.3072 -0.1630 -0.9376
vn 0.5388 -0.1729 -0.8245
vn 0.6425 -0.2504 -0.7242
vn 0.3009 -0.3439 -0.8895
vn 0.4516 0.7813 -0.4308
vn 0.4901 -0.4961 -0.7167
vn 0.3097 -0.2359 -0.9211
vn 0.3159 -0.7524 -0.5781
vn 0.9709 0.2289 0.0710
vn 0.5080 0.7362 -0.4472
vn 0.4491 -0.8703 -0.2023
vn 0.3100 -0.8550 -0.4157
vn 0.2968 -0.8933 -0.3375
vn 0.5511 -0.1770 -0.8155
vn 0.5600 -0.1033 -0.8221
vn 0.5609 -0.0971 -0.8222
vn 0.5619 -0.0931 -0.8220
vn 0.5629 -0.0133 -0.8264
vn 0.4121 0.1769 -0.8938
vn -0.2720 0.4457 -0.8529
vn 0.5718 0.7498 -0.3330
vn 0.4113 0.8002 -0.4364
vn 0.4044 0.5975 -0.6924
vn 0.5888 0.6899 -0.4211
vn 0.4682 -0.4965 -0.7309
vn 0.6603 -0.5044 -0.5564
vn 0.4699 -0.4882 -0.7354
vn 0.3640 -0.6966 -0.6183
vn 0.3889 -0.6980 -0.6013
vn 0.5405 -0.7070 -0.4561
vn 0.2699 -0.8043 -0.5293
vn 0.4408 -0.8175 -0.3705
vn 0.3198 -0.8081 -0.4947
vn 0.1651 -0.8802 -0.4450
vn 0.2488 -0.8876 -0.3876
vn 0.3401 -0.8974 -0.2810
vn 0.0427 -0.9376 -0.3452
vn 0.2189 -0.9594 -0.1777
vn 0.1698 -0.9496 -0.2636
vn 0.2925 -0.9385 -0.1835
vn 0.0891 -0.9606 -0.2633
vn 0.3364 -0.8811 -0.3323
vn 0.1381 -0.8991 -0.4154
vn 0.3735 -0.8050 -0.4610
vn 0.1779 -0.8188 -0.5458
vn 0.4181 -0.6974 -0.5820
vn 0.2174 -0.7094 -0.6705
vn 0.2672 -0.5264 -0.8072
vn -0.0129 -0.6976 -0.7164
vn 0.0212 -0.6988 -0.7150
vn -0.0463 -0.8047 -0.5918
vn 0.0146 -0.5235 -0.8519
vn 0.0254 -0.5228 -0.8521
vn 0.0325 -0.3435 -0.9386
vn 0.0281 -0.3424 -0.9391
vn 0.0414 -0.2251 -0.9735
vn 0.0292 -0.2244 -0.9741
vn 0.0459 -0.1489 -0.9878
vn 0.0297 -0.1485 -0.9885
vn 0.0481 -0.1033 -0.9935
vn 0.0299 -0.1031 -0.9942
vn 0.0490 -0.0970 -0.9941
vn 0.0299 -0.0970 -0.9948
vn 0.0498 -0.0931 -0.9944
vn 0.0299 -0.0931 -0.9952
vn 0.0505 -0.0537 -0.9973
vn 0.0300 -0.0539 -0.9981
vn 0.0497 0.0257 -0.9984
vn 0.0300 0.0251 -0.9992
vn 0.0450 0.1626 -0.9857
vn 0.2669 0.1679 -0.9490
vn 0.0296 0.1614 -0.9864
vn 0.0339 0.3464 -0.9375
vn 0.0281 0.3454 -0.9381
vn 0.0150 0.5459 -0.8377
vn 0.0250 0.5457 -0.8376
vn -0.0083 0.7027 -0.7115
vn 0.0211 0.7040 -0.7099
vn -0.0337 0.8075 -0.5889
vn 0.0172 0.8104 -0.5857
vn -0.0643 0.8862 -0.4589
vn 0.0131 0.8912 -0.4533
vn -0.1007 0.9321 -0.3479
vn 0.0102 0.9400 -0.3409
vn -0.1375 0.9435 -0.3015
vn 0.0121 0.9543 -0.2987
vn 0.1602 0.9411 -0.2979
vn -0.0688 0.9641 -0.2565
vn 0.1211 0.9317 -0.3425
vn -0.0824 0.9472 -0.3099
vn 0.0911 0.8862 -0.4542
vn -0.1107 0.8989 -0.4239
vn 0.0687 0.8076 -0.5858
vn -0.1437 0.8192 -0.5552
vn 0.0511 0.7027 -0.7096
vn -0.1748 0.7135 -0.6785
vn 0.0356 0.5460 -0.8370
vn -0.2073 0.5556 -0.8052
vn 0.0229 0.3465 -0.9378
vn -0.2323 0.3535 -0.9061
vn 0.0148 0.1626 -0.9866
vn -0.2442 0.1666 -0.9553
vn 0.0109 0.0257 -0.9996
vn -0.2467 0.0268 -0.9687
vn 0.0100 -0.0536 -0.9985
vn -0.2461 -0.0542 -0.9677
vn 0.0104 -0.0931 -0.9956
vn -0.2450 -0.0945 -0.9649
vn 0.0112 -0.0970 -0.9952
vn -0.2447 -0.0987 -0.9646
vn 0.0121 -0.1033 -0.9946
vn -0.2449 -0.1052 -0.9638
vn 0.0140 -0.1489 -0.9887
vn -0.2439 -0.1519 -0.9578
vn 0.0176 -0.2251 -0.9742
vn -0.2405 -0.2296 -0.9431
vn 0.0243 -0.3435 -0.9388
vn -0.2323 -0.3507 -0.9072
vn 0.0369 -0.5235 -0.8512
vn -0.2110 -0.5337 -0.8189
vn 0.0559 -0.6977 -0.7143
vn -0.1766 -0.7095 -0.6823
vn 0.0813 -0.8048 -0.5879
vn 0.0172 -0.8084 -0.5884
vn -0.1450 -0.8189 -0.5554
vn 0.1177 -0.8810 -0.4582
vn 0.0130 -0.8882 -0.4593
vn -0.1134 -0.8992 -0.4227
vn 0.1588 -0.9381 -0.3077
vn 0.0084 -0.9499 -0.3125
vn -0.0743 -0.9606 -0.2678
vn -0.2817 -0.9383 -0.2006
vn -0.1371 -0.9485 -0.2857
vn -0.3175 -0.8809 -0.3510
vn -0.2130 -0.8870 -0.4096
vn -0.3467 -0.8048 -0.4818
vn -0.2793 -0.8076 -0.5194
vn -0.3839 -0.6973 -0.6053
vn -0.3427 -0.6976 -0.6293
vn -0.4317 -0.5232 -0.7348
vn -0.4109 -0.5215 -0.7478
vn -0.4616 -0.3434 -0.8179
vn -0.4547 -0.3418 -0.8225
vn -0.4720 -0.2250 -0.8524
vn -0.4726 -0.2241 -0.8523
vn -0.4756 -0.1489 -0.8670
vn -0.4799 -0.1483 -0.8647
vn -0.4765 -0.1033 -0.8731
vn -0.4830 -0.1030 -0.8695
vn -0.4759 -0.0970 -0.8741
vn -0.4835 -0.0969 -0.8700
vn -0.4755 -0.0931 -0.8748
vn -0.4836 -0.0930 -0.8703
vn -0.4766 -0.0536 -0.8775
vn -0.4849 -0.0539 -0.8729
vn -0.4781 0.0257 -0.8779
vn -0.4852 0.0250 -0.8740
vn -0.4757 0.1626 -0.8645
vn -0.4784 0.1610 -0.8633
vn -0.4600 0.3463 -0.8176
vn -0.4541 0.3446 -0.8216
vn -0.4240 0.5456 -0.7229
vn -0.4040 0.5445 -0.7351
vn -0.3774 0.7025 -0.6034
vn -0.3410 0.7031 -0.6241
vn -0.3347 0.8073 -0.4860
vn -0.2791 0.8095 -0.5165
vn -0.2926 0.8861 -0.3595
vn -0.2128 0.8905 -0.4022
vn -0.2662 0.9318 -0.2467
vn -0.1557 0.9393 -0.3057
vn -0.2770 0.9420 -0.1897
vn -0.1337 0.9535 -0.2702
vn 0.0538 0.9215 -0.3847
vn -0.0188 0.9408 -0.3385
vn -0.0142 0.9162 -0.4004
vn -0.0929 0.9287 -0.3589
vn -0.1042 0.8737 -0.4752
vn -0.1925 0.8838 -0.4264
vn -0.1944 0.7968 -0.5722
vn -0.2957 0.8061 -0.5126
vn -0.2752 0.6934 -0.6659
vn -0.3897 0.7021 -0.5960
vn -0.3548 0.5379 -0.7647
vn -0.4849 0.5456 -0.6835
vn -0.4184 0.3413 -0.8417
vn -0.5593 0.3470 -0.7528
vn -0.4518 0.1600 -0.8776
vn -0.5973 0.1632 -0.7853
vn -0.4630 0.0252 -0.8860
vn -0.6082 0.0261 -0.7934
vn -0.4637 -0.0532 -0.8844
vn -0.6079 -0.0536 -0.7922
vn -0.4618 -0.0921 -0.8822
vn -0.6052 -0.0932 -0.7906
vn -0.4605 -0.0960 -0.8824
vn -0.6038 -0.0973 -0.7912
vn -0.4591 -0.1021 -0.8825
vn -0.6030 -0.1036 -0.7910
vn -0.4539 -0.1470 -0.8788
vn -0.5981 -0.1494 -0.7874
vn -0.4424 -0.2221 -0.8689
vn -0.5857 -0.2257 -0.7785
vn -0.4171 -0.3385 -0.8435
vn -0.5580 -0.3443 -0.7550
vn -0.3598 -0.5153 -0.7778
vn -0.4924 -0.5235 -0.6953
vn -0.2712 -0.6872 -0.6740
vn -0.3887 -0.6967 -0.6029
vn -0.1795 -0.7921 -0.5833
vn -0.2850 -0.8035 -0.5227
vn -0.0724 -0.8631 -0.4998
vn -0.1704 -0.8791 -0.4451
vn 0.0526 -0.9139 -0.4025
vn -0.0346 -0.9377 -0.3457
vn -0.2142 -0.9637 -0.1593
vn -0.3538 -0.9330 0.0653
vn -0.3567 -0.8973 -0.2601
vn -0.4830 -0.8749 -0.0351
vn -0.4664 -0.8160 -0.3415
vn -0.5866 -0.8007 -0.1216
vn -0.5719 -0.7051 -0.4194
vn -0.6943 -0.6923 -0.1968
vn -0.6844 -0.5292 -0.5016
vn -0.8121 -0.5192 -0.2664
vn -0.7553 -0.3484 -0.5551
vn -0.8863 -0.3427 -0.3115
vn -0.7837 -0.2284 -0.5776
vn -0.9158 -0.2252 -0.3325
vn -0.7955 -0.1511 -0.5868
vn -0.9277 -0.1491 -0.3422
vn -0.7998 -0.1048 -0.5910
vn -0.9322 -0.1035 -0.3469
vn -0.8000 -0.0983 -0.5918
vn -0.9323 -0.0972 -0.3485
vn -0.8006 -0.0942 -0.5918
vn -0.9323 -0.0931 -0.3494
vn -0.8033 -0.0540 -0.5931
vn -0.9350 -0.0534 -0.3505
vn -0.8046 0.0266 -0.5932
vn -0.9366 0.0262 -0.3494
vn -0.7946 0.1652 -0.5842
vn -0.9264 0.1626 -0.3395
vn -0.7549 0.3507 -0.5542
vn -0.8851 0.3447 -0.3128
vn -0.6729 0.5510 -0.4936
vn -0.7988 0.5410 -0.2632
vn -0.5673 0.7100 -0.4172
vn -0.6869 0.6986 -0.2004
vn -0.4656 0.8161 -0.3424
vn -0.5804 0.8029 -0.1363
vn -0.3570 0.8965 -0.2622
vn -0.4686 0.8811 -0.0636
vn -0.2611 0.9465 -0.1897
vn -0.3753 0.9268 0.0130
vn -0.2061 0.9678 -0.1446
vn -0.3373 0.9379 0.0814
vn -0.3578 0.9200 0.1600
vn -0.2958 0.9540 -0.0482
vn -0.3887 0.9164 0.0953
vn -0.3354 0.9398 -0.0653
vn -0.4864 0.8732 0.0291
vn -0.4453 0.8904 -0.0939
vn -0.6049 0.7957 -0.0302
vn -0.5741 0.8091 -0.1255
vn -0.7173 0.6920 -0.0811
vn -0.6948 0.7023 -0.1549
vn -0.8349 0.5350 -0.1297
vn -0.8195 0.5422 -0.1853
vn -0.9254 0.3397 -0.1682
vn -0.9158 0.3433 -0.2086
vn -0.9688 0.1594 -0.1898
vn -0.9623 0.1603 -0.2200
vn -0.9798 0.0251 -0.1983
vn -0.9745 0.0248 -0.2230
vn -0.9785 -0.0531 -0.1995
vn -0.9734 -0.0540 -0.2227
vn -0.9758 -0.0921 -0.1984
vn -0.9706 -0.0931 -0.2220
vn -0.9756 -0.0960 -0.1973
vn -0.9703 -0.0969 -0.2217
vn -0.9753 -0.1021 -0.1958
vn -0.9697 -0.1030 -0.2216
vn -0.9704 -0.1469 -0.1918
vn -0.9641 -0.1482 -0.2202
vn -0.9577 -0.2218 -0.1835
vn -0.9502 -0.2239 -0.2166
vn -0.9265 -0.3375 -0.1664
vn -0.9167 -0.3409 -0.2085
vn -0.8486 -0.5126 -0.1308
vn -0.8335 -0.5193 -0.1884
vn -0.7245 -0.6851 -0.0757
vn -0.7008 -0.6961 -0.1561
vn -0.6106 -0.7918 -0.0131
vn -0.5767 -0.8074 -0.1250
vn -0.5010 -0.8631 0.0645
vn -0.4529 -0.8867 -0.0929
vn -0.3720 -0.9148 0.1575
vn -0.3129 -0.9483 -0.0525
vn -0.2716 -0.9374 -0.2178
vn -0.2889 -0.9573 0.0094
vn -0.4296 -0.8786 -0.2086
vn -0.4477 -0.8940 0.0152
vn -0.5620 -0.8028 -0.1991
vn -0.5796 -0.8146 0.0204
vn -0.6926 -0.6930 -0.2000
vn -0.7124 -0.7013 0.0253
vn -0.8293 -0.5183 -0.2088
vn -0.8506 -0.5250 0.0303
vn -0.9152 -0.3414 -0.2140
vn -0.9372 -0.3472 0.0334
vn -0.9506 -0.2244 -0.2147
vn -0.9729 -0.2285 0.0349
vn -0.9654 -0.1486 -0.2141
vn -0.9878 -0.1514 0.0355
vn -0.9715 -0.1032 -0.2135
vn -0.9938 -0.1051 0.0358
vn -0.9722 -0.0971 -0.2129
vn -0.9945 -0.0987 0.0359
vn -0.9728 -0.0930 -0.2121
vn -0.9949 -0.0944 0.0359
vn -0.9758 -0.0536 -0.2122
vn -0.9979 -0.0539 0.0359
vn -0.9767 0.0256 -0.2132
vn -0.9990 0.0269 0.0359
vn -0.9634 0.1613 -0.2141
vn -0.9857 0.1648 0.0352
vn -0.9149 0.3434 -0.2123
vn -0.9367 0.3485 0.0334
vn -0.8160 0.5405 -0.2048
vn -0.8370 0.5463 0.0299
vn -0.6877 0.6995 -0.1943
vn -0.7064 0.7073 0.0253
vn -0.5634 0.8048 -0.1866
vn -0.5807 0.8139 0.0207
vn -0.4300 0.8844 -0.1817
vn -0.4459 0.8950 0.0157
vn -0.3115 0.9317 -0.1868
vn -0.3245 0.9458 0.0115
vn -0.2543 0.9443 -0.2087
vn -0.4146 0.8845 0.2140
vn -0.5473 0.8050 0.2289
vn -0.6707 0.6997 0.2459
vn -0.7979 0.5409 0.2660
vn -0.8961 0.3437 0.2809
vn -0.9444 0.1614 0.2864
vn -0.9578 0.0256 0.2864
vn -0.9569 -0.0536 0.2854
vn -0.9539 -0.0930 0.2852
vn -0.9533 -0.0971 0.2859
vn -0.9525 -0.1033 0.2865
vn -0.9465 -0.1487 0.2865
vn -0.9316 -0.2245 0.2860
vn -0.8963 -0.3416 0.2826
vn -0.8109 -0.5187 0.2710
vn -0.6751 -0.6933 0.2519
vn -0.5451 -0.8029 0.2412
vn -0.4121 -0.8788 0.2407
vn -0.2534 -0.9374 0.2389
vn -0.1423 -0.9378 -0.3166
vn -0.0912 -0.8808 -0.4646
vn 0.3458 -0.9383 -0.0070
vn 0.4613 -0.8801 -0.1126
vn 0.5589 -0.8041 -0.2025
vn 0.6607 -0.6952 -0.2832
vn 0.7859 -0.4944 -0.3714
vn 0.7676 0.4752 -0.4301
vn 0.4747 0.7782 -0.4112
vn 0.9081 -0.0931 -0.4082
vn 0.9074 -0.0971 -0.4089
vn 0.9065 -0.1033 -0.4093
vt 0.034808 0.469797
vt 0.046147 0.480126
vt 0.044492 0.481278
vt 0.032037 0.471488
vt 0.038361 0.468660
vt 0.047918 0.479360
vt 0.166578 0.475167
vt 0.167594 0.474778
vt 0.171913 0.479403
vt 0.171095 0.479585
vt 0.168661 0.474073
vt 0.172603 0.478836
vt 0.042229 0.467795
vt 0.049909 0.478710
vt 0.169917 0.473345
vt 0.173418 0.478291
vt 0.032462 0.460262
vt 0.027579 0.461202
vt 0.037695 0.459686
vt 0.028535 0.452877
vt 0.022629 0.453429
vt 0.034770 0.452706
vt 0.025972 0.446178
vt 0.019335 0.446247
vt 0.032928 0.446460
vt 0.031846 0.440477
vt 0.024367 0.439723
vt 0.017220 0.439266
vt 0.023593 0.433517
vt 0.016136 0.432559
vt 0.031430 0.434716
vt 0.031725 0.429201
vt 0.023707 0.427596
vt 0.016067 0.426200
vt 0.024541 0.421784
vt 0.016836 0.419969
vt 0.032614 0.423781
vt 0.034046 0.418436
vt 0.026032 0.416045
vt 0.018356 0.413830
vt 0.027905 0.410686
vt 0.020307 0.408063
vt 0.035811 0.413462
vt 0.037606 0.409139
vt 0.029870 0.406032
vt 0.022416 0.403048
vt 0.031930 0.401702
vt 0.024646 0.398367
vt 0.039481 0.405128
vt 0.034188 0.397342
vt 0.027122 0.393667
vt 0.041537 0.401091
vt 0.036746 0.392949
vt 0.029945 0.388955
vt 0.043856 0.397008
vt 0.046517 0.392936
vt 0.039698 0.388601
vt 0.033218 0.384314
vt 0.042998 0.384467
vt 0.036901 0.379954
vt 0.049477 0.389027
vt 0.052885 0.385317
vt 0.046828 0.380608
vt 0.041187 0.375943
vt 0.052214 0.376577
vt 0.047241 0.371803
vt 0.057613 0.381327
vt 0.064881 0.376759
vt 0.060576 0.372149
vt 0.056709 0.367443
vt 0.070465 0.368687
vt 0.067836 0.364492
vt 0.073517 0.372845
vt 0.082072 0.370371
vt 0.080226 0.366990
vt 0.078474 0.363639
vt 0.090146 0.366670
vt 0.088219 0.364276
vt 0.090338 0.369080
vt 0.096048 0.368706
vt 0.095041 0.365378
vt 0.108140 0.369554
vt 0.097620 0.371885
vt 0.092354 0.371126
vt 0.099941 0.374778
vt 0.092822 0.373411
vt 0.095198 0.375046
vt 0.102528 0.377313
vt 0.096437 0.377367
vt 0.098785 0.378706
vt 0.105413 0.379260
vt 0.100186 0.380827
vt 0.102448 0.381571
vt 0.108343 0.380743
vt 0.104268 0.383473
vt 0.106464 0.383934
vt 0.111214 0.381411
vt 0.108374 0.385634
vt 0.110239 0.385385
vt 0.113942 0.381515
vt 0.112256 0.386566
vt 0.114016 0.386052
vt 0.116258 0.380649
vt 0.116110 0.387005
vt 0.117344 0.385709
vt 0.118226 0.379149
vt 0.119309 0.385864
vt 0.120384 0.384279
vt 0.119383 0.376745
vt 0.122374 0.384111
vt 0.122706 0.381775
vt 0.119918 0.373817
vt 0.124280 0.380594
vt 0.124233 0.377995
vt 0.014188 0.593861
vt 0.022023 0.601456
vt 0.020522 0.604538
vt 0.125614 0.376349
vt 0.024566 0.606688
vt 0.024159 0.609729
vt 0.023027 0.598044
vt 0.026105 0.604767
vt 0.026150 0.601845
vt 0.023274 0.594423
vt 0.027380 0.599716
vt 0.026816 0.597022
vt 0.023070 0.590864
vt 0.027472 0.594470
vt 0.026702 0.591943
vt 0.022216 0.587626
vt 0.027116 0.589352
vt 0.025921 0.587454
vt 0.021005 0.584528
vt 0.025824 0.584901
vt 0.024481 0.583140
vt 0.019319 0.582374
vt 0.024092 0.580374
vt 0.022654 0.579402
vt 0.017031 0.581156
vt 0.021922 0.577406
vt 0.019951 0.577258
vt 0.014728 0.580468
vt 0.018704 0.575630
vt 0.016921 0.575708
vt 0.012301 0.580957
vt 0.015544 0.574201
vt 0.013697 0.575374
vt 0.009937 0.582185
vt 0.011868 0.574871
vt 0.010131 0.576391
vt 0.089188 0.362272
vt 0.078001 0.360352
vt 0.008971 0.566676
vt 0.011775 0.565961
vt 0.009034 0.556719
vt 0.012875 0.556449
vt 0.066218 0.360352
vt 0.010607 0.546147
vt 0.015412 0.546618
vt 0.053838 0.362673
vt 0.013542 0.536614
vt 0.019045 0.538144
vt 0.043093 0.366906
vt 0.036150 0.371352
vt 0.016649 0.529983
vt 0.022364 0.532487
vt 0.019748 0.524920
vt 0.025380 0.528207
vt 0.031312 0.375716
vt 0.027244 0.380417
vt 0.023221 0.520289
vt 0.028611 0.524290
vt 0.027104 0.516004
vt 0.032147 0.520660
vt 0.023700 0.385377
vt 0.020692 0.390360
vt 0.031224 0.512189
vt 0.035852 0.517408
vt 0.035529 0.508829
vt 0.039701 0.514548
vt 0.018081 0.395288
vt 0.015747 0.400193
vt 0.040043 0.505870
vt 0.043719 0.512069
vt 0.045141 0.503105
vt 0.048195 0.509818
vt 0.013564 0.405470
vt 0.051266 0.500695
vt 0.053427 0.507688
vt 0.011439 0.411551
vt 0.057904 0.498899
vt 0.059066 0.506007
vt 0.009787 0.418166
vt 0.008971 0.425011
vt 0.064644 0.497906
vt 0.064821 0.504946
vt 0.071480 0.497692
vt 0.070734 0.504396
vt 0.009156 0.432094
vt 0.010580 0.439592
vt 0.078646 0.498315
vt 0.077098 0.504393
vt 0.085994 0.499902
vt 0.083864 0.505154
vt 0.013303 0.447286
vt 0.017456 0.455034
vt 0.093455 0.502517
vt 0.091048 0.506812
vt 0.101455 0.506403
vt 0.099121 0.509664
vt 0.023526 0.463093
vt 0.110445 0.511796
vt 0.108575 0.514045
vt 0.122696 0.519049
vt 0.121490 0.520463
vt 0.106717 0.516399
vt 0.096903 0.512943
vt 0.120358 0.521968
vt 0.105361 0.518732
vt 0.095445 0.516069
vt 0.119403 0.523637
vt 0.184080 0.360786
vt 0.185448 0.360352
vt 0.187246 0.368006
vt 0.186367 0.368453
vt 0.182918 0.361291
vt 0.185516 0.369040
vt 0.188810 0.375096
vt 0.188205 0.375639
vt 0.189451 0.374545
vt 0.186778 0.360562
vt 0.188184 0.367941
vt 0.190224 0.374263
vt 0.174384 0.484803
vt 0.173713 0.485137
vt 0.191803 0.379921
vt 0.191169 0.380175
vt 0.176637 0.490168
vt 0.176101 0.490737
vt 0.192221 0.384804
vt 0.191670 0.384462
vt 0.178712 0.494841
vt 0.178752 0.496004
vt 0.174972 0.484336
vt 0.177250 0.489752
vt 0.179426 0.494834
vt 0.177781 0.489232
vt 0.179539 0.493829
vt 0.175610 0.483851
vt 0.176337 0.483621
vt 0.178427 0.488944
vt 0.180231 0.493915
vt 0.178999 0.488548
vt 0.180448 0.493034
vt 0.177057 0.483386
vt 0.179626 0.488269
vt 0.181114 0.493174
vt 0.177824 0.482944
vt 0.180202 0.487892
vt 0.181403 0.492383
vt 0.178660 0.482506
vt 0.179538 0.482380
vt 0.180857 0.487745
vt 0.182036 0.492591
vt 0.181467 0.487494
vt 0.182378 0.491890
vt 0.180400 0.482283
vt 0.182101 0.487358
vt 0.182977 0.492155
vt 0.181266 0.481982
vt 0.182707 0.487120
vt 0.183358 0.491521
vt 0.182162 0.481715
vt 0.183347 0.487138
vt 0.183917 0.491871
vt 0.183064 0.481792
vt 0.183963 0.487049
vt 0.184331 0.491322
vt 0.183903 0.481910
vt 0.184677 0.481818
vt 0.184578 0.487085
vt 0.184841 0.491755
vt 0.185191 0.487011
vt 0.185276 0.491278
vt 0.185443 0.481762
vt 0.185780 0.487218
vt 0.185727 0.491820
vt 0.186177 0.482049
vt 0.186372 0.487314
vt 0.186181 0.491448
vt 0.186826 0.482363
vt 0.186934 0.487571
vt 0.186556 0.492082
vt 0.187476 0.482476
vt 0.187525 0.487706
vt 0.187016 0.491802
vt 0.188149 0.482612
vt 0.188741 0.483059
vt 0.188046 0.488080
vt 0.187308 0.492564
vt 0.188596 0.488413
vt 0.187785 0.492430
vt 0.189288 0.483476
vt 0.189100 0.488850
vt 0.188029 0.493138
vt 0.189895 0.483702
vt 0.189650 0.489180
vt 0.188533 0.493105
vt 0.190541 0.483951
vt 0.190124 0.489683
vt 0.188748 0.493838
vt 0.191104 0.484445
vt 0.190648 0.490062
vt 0.189312 0.493901
vt 0.191687 0.484888
vt 0.177036 0.385183
vt 0.177557 0.384674
vt 0.181712 0.388343
vt 0.181057 0.388673
vt 0.186203 0.391188
vt 0.185421 0.391518
vt 0.182256 0.387897
vt 0.186202 0.390620
vt 0.178089 0.384135
vt 0.182881 0.387576
vt 0.186836 0.390341
vt 0.178804 0.383732
vt 0.183404 0.387163
vt 0.186855 0.389821
vt 0.179487 0.383310
vt 0.183933 0.386787
vt 0.187373 0.389593
vt 0.180033 0.382737
vt 0.184376 0.386328
vt 0.187391 0.389092
vt 0.180576 0.382114
vt 0.181291 0.381633
vt 0.184900 0.385974
vt 0.187848 0.388920
vt 0.185351 0.385552
vt 0.187877 0.388423
vt 0.181976 0.381160
vt 0.185818 0.385155
vt 0.188287 0.388299
vt 0.182518 0.380533
vt 0.186219 0.384682
vt 0.188326 0.387768
vt 0.183071 0.379872
vt 0.186718 0.384312
vt 0.188722 0.387699
vt 0.183772 0.379378
vt 0.187155 0.383867
vt 0.188797 0.387125
vt 0.184478 0.378953
vt 0.185123 0.378455
vt 0.187651 0.383482
vt 0.189182 0.387109
vt 0.188065 0.382970
vt 0.189311 0.386459
vt 0.185684 0.377851
vt 0.188553 0.382515
vt 0.189698 0.386480
vt 0.186202 0.377140
vt 0.188997 0.381955
vt 0.189911 0.385744
vt 0.186775 0.376443
vt 0.189562 0.381580
vt 0.190340 0.385888
vt 0.187504 0.376016
vt 0.190058 0.381057
vt 0.190683 0.385079
vt 0.190652 0.380683
vt 0.191161 0.385314
vt 0.191308 0.387479
vt 0.190696 0.387576
vt 0.190383 0.390287
vt 0.192054 0.387558
vt 0.181047 0.497284
vt 0.181397 0.496407
vt 0.184713 0.497599
vt 0.181913 0.495642
vt 0.182540 0.495010
vt 0.183232 0.494521
vt 0.183953 0.494181
vt 0.184677 0.494000
vt 0.185378 0.493981
vt 0.186032 0.494134
vt 0.186619 0.494444
vt 0.187118 0.494896
vt 0.187523 0.495496
vt 0.187786 0.496313
vt 0.187964 0.391518
vt 0.188155 0.390823
vt 0.188372 0.390213
vt 0.188621 0.389678
vt 0.188895 0.389223
vt 0.189179 0.388834
vt 0.189472 0.388440
vt 0.189806 0.388090
vt 0.190205 0.387794
vt 0.184478 0.369274
vt 0.183466 0.369602
vt 0.181764 0.361563
vt 0.180505 0.361972
vt 0.182669 0.370375
vt 0.179475 0.362879
vt 0.181990 0.371297
vt 0.178533 0.363973
vt 0.181238 0.372111
vt 0.177659 0.364946
vt 0.180332 0.372716
vt 0.176520 0.365849
vt 0.175007 0.366786
vt 0.179275 0.373213
vt 0.178337 0.373843
vt 0.173672 0.367879
vt 0.177725 0.374737
vt 0.172862 0.369300
vt 0.177163 0.375637
vt 0.172152 0.370679
vt 0.176302 0.376341
vt 0.171029 0.371874
vt 0.175444 0.377083
vt 0.169887 0.373166
vt 0.169252 0.374721
vt 0.174937 0.378020
vt 0.174485 0.378912
vt 0.168721 0.376180
vt 0.173732 0.379584
vt 0.167867 0.377376
vt 0.173064 0.380287
vt 0.167055 0.378651
vt 0.172754 0.381109
vt 0.166762 0.380075
vt 0.172506 0.381859
vt 0.166578 0.381398
vt 0.195778 0.474684
vt 0.196372 0.475561
vt 0.193182 0.479685
vt 0.192708 0.479128
vt 0.192165 0.478601
vt 0.195089 0.473807
vt 0.194157 0.473286
vt 0.191441 0.478350
vt 0.190680 0.478134
vt 0.193268 0.472892
vt 0.190066 0.477495
vt 0.192534 0.472306
vt 0.189345 0.477039
vt 0.191655 0.471734
vt 0.190660 0.471600
vt 0.188520 0.476981
vt 0.187683 0.477014
vt 0.189717 0.471553
vt 0.186819 0.476609
vt 0.188670 0.471219
vt 0.185861 0.476321
vt 0.187440 0.470900
vt 0.186185 0.471069
vt 0.184889 0.476467
vt 0.183906 0.476686
vt 0.184946 0.471282
vt 0.182828 0.476486
vt 0.183521 0.471081
vt 0.181698 0.476366
vt 0.181917 0.470900
vt 0.180587 0.476696
vt 0.180338 0.471358
vt 0.179505 0.477083
vt 0.178843 0.471829
vt 0.178402 0.477068
vt 0.177286 0.471809
vt 0.177293 0.477096
vt 0.175650 0.471827
vt 0.174067 0.472427
vt 0.176233 0.477572
vt 0.175252 0.478083
vt 0.172643 0.473010
vt 0.174308 0.478138
vt 0.171291 0.473135
vt 0.049397 0.466835
vt 0.053771 0.478045
vt 0.051833 0.478301
vt 0.045858 0.467176
vt 0.042517 0.459272
vt 0.047066 0.459162
vt 0.045715 0.452948
vt 0.040455 0.452697
vt 0.039227 0.446907
vt 0.044999 0.447539
vt 0.038593 0.441392
vt 0.044742 0.442408
vt 0.038485 0.436085
vt 0.044891 0.437476
vt 0.045485 0.432701
vt 0.038925 0.430976
vt 0.039852 0.425912
vt 0.046481 0.427939
vt 0.047856 0.423166
vt 0.041234 0.420879
vt 0.042882 0.416150
vt 0.049440 0.418646
vt 0.051057 0.414697
vt 0.044574 0.412026
vt 0.046331 0.408187
vt 0.052717 0.411004
vt 0.054518 0.407281
vt 0.048257 0.404327
vt 0.050415 0.400427
vt 0.056516 0.403518
vt 0.052860 0.396537
vt 0.058753 0.399759
vt 0.055549 0.392804
vt 0.061180 0.396142
vt 0.063888 0.392676
vt 0.058590 0.389243
vt 0.062722 0.385337
vt 0.067530 0.388839
vt 0.073052 0.384113
vt 0.069034 0.380671
vt 0.076606 0.376404
vt 0.079659 0.379553
vt 0.086261 0.376044
vt 0.084247 0.373312
vt 0.088892 0.378663
vt 0.083076 0.382735
vt 0.091560 0.381379
vt 0.086739 0.385917
vt 0.081957 0.391109
vt 0.077378 0.387622
vt 0.072592 0.392460
vt 0.077931 0.396102
vt 0.075198 0.399977
vt 0.069401 0.396310
vt 0.067007 0.399731
vt 0.073093 0.403333
vt 0.064847 0.403242
vt 0.071161 0.406723
vt 0.062842 0.406843
vt 0.069354 0.410166
vt 0.067713 0.413554
vt 0.061038 0.410417
vt 0.059399 0.413929
vt 0.066219 0.416871
vt 0.064836 0.420150
vt 0.057876 0.417401
vt 0.056374 0.421116
vt 0.063451 0.423654
vt 0.062016 0.427666
vt 0.054848 0.425364
vt 0.053463 0.429870
vt 0.060670 0.431931
vt 0.059543 0.436206
vt 0.052381 0.434387
vt 0.051608 0.438920
vt 0.058622 0.440498
vt 0.057915 0.444914
vt 0.051183 0.443589
vt 0.051056 0.448446
vt 0.057401 0.449504
vt 0.051264 0.453576
vt 0.057090 0.454364
vt 0.051919 0.459491
vt 0.057010 0.459988
vt 0.057289 0.467017
vt 0.053252 0.466846
vt 0.055976 0.477891
vt 0.058327 0.477818
vt 0.061874 0.460567
vt 0.061167 0.467341
vt 0.060584 0.477944
vt 0.064789 0.467785
vt 0.062731 0.478214
vt 0.066318 0.461218
vt 0.067619 0.456135
vt 0.062618 0.455245
vt 0.063390 0.450681
vt 0.068789 0.451805
vt 0.069941 0.447735
vt 0.064241 0.446377
vt 0.065181 0.442235
vt 0.071102 0.443827
vt 0.066227 0.438182
vt 0.072246 0.439993
vt 0.067394 0.434119
vt 0.073458 0.436120
vt 0.074751 0.432190
vt 0.068694 0.430033
vt 0.070049 0.426161
vt 0.076062 0.428439
vt 0.077291 0.425121
vt 0.071339 0.422757
vt 0.072647 0.419573
vt 0.078520 0.422005
vt 0.079848 0.418849
vt 0.074051 0.416348
vt 0.075582 0.413054
vt 0.081276 0.415621
vt 0.082799 0.412331
vt 0.077244 0.409702
vt 0.078994 0.406396
vt 0.084371 0.409077
vt 0.080847 0.403100
vt 0.085995 0.405819
vt 0.083157 0.399218
vt 0.087966 0.401965
vt 0.090709 0.396738
vt 0.086488 0.394109
vt 0.090441 0.388645
vt 0.093915 0.391033
vt 0.097035 0.385770
vt 0.094425 0.383647
vt 0.099792 0.387534
vt 0.097285 0.393269
vt 0.102575 0.389402
vt 0.100807 0.395445
vt 0.098893 0.401676
vt 0.094731 0.399245
vt 0.092475 0.404609
vt 0.097154 0.407198
vt 0.090813 0.408516
vt 0.095792 0.411160
vt 0.089404 0.411759
vt 0.094565 0.414386
vt 0.093312 0.417525
vt 0.088010 0.414955
vt 0.086638 0.418157
vt 0.092064 0.420643
vt 0.090862 0.423658
vt 0.085337 0.421274
vt 0.084121 0.424308
vt 0.089732 0.426581
vt 0.088676 0.429456
vt 0.082981 0.427297
vt 0.081815 0.430467
vt 0.087593 0.432509
vt 0.086381 0.435957
vt 0.080550 0.434056
vt 0.079259 0.437820
vt 0.085108 0.439573
vt 0.083808 0.443145
vt 0.077988 0.441534
vt 0.076709 0.445219
vt 0.082432 0.446692
vt 0.075361 0.448989
vt 0.080890 0.450320
vt 0.073937 0.452915
vt 0.079198 0.454111
vt 0.077296 0.458171
vt 0.072402 0.457102
vt 0.070593 0.462033
vt 0.074954 0.462959
vt 0.071875 0.469095
vt 0.068314 0.468387
vt 0.064880 0.478536
vt 0.067061 0.478938
vt 0.079243 0.463926
vt 0.075364 0.469916
vt 0.069174 0.479504
vt 0.078522 0.470790
vt 0.071082 0.480095
vt 0.083068 0.464900
vt 0.086324 0.460388
vt 0.082094 0.459303
vt 0.084330 0.455407
vt 0.088829 0.456616
vt 0.090950 0.453127
vt 0.086261 0.451786
vt 0.087969 0.448335
vt 0.092788 0.449816
vt 0.094344 0.446578
vt 0.089435 0.444950
vt 0.090779 0.441520
vt 0.095746 0.443276
vt 0.092028 0.438003
vt 0.097041 0.439867
vt 0.093208 0.434625
vt 0.098226 0.436541
vt 0.099264 0.433556
vt 0.094253 0.431614
vt 0.095267 0.428766
vt 0.100260 0.430714
vt 0.101307 0.427814
vt 0.096352 0.425868
vt 0.097493 0.422878
vt 0.102385 0.424820
vt 0.103450 0.421725
vt 0.098651 0.419785
vt 0.099783 0.416671
vt 0.104453 0.418611
vt 0.105342 0.415394
vt 0.100840 0.413455
vt 0.101909 0.409463
vt 0.106178 0.411373
vt 0.103155 0.403798
vt 0.107051 0.405578
vt 0.104449 0.397307
vt 0.107802 0.398862
vt 0.108213 0.392237
vt 0.105497 0.390852
vt 0.110740 0.392989
vt 0.110847 0.400021
vt 0.113347 0.393784
vt 0.114014 0.401008
vt 0.110550 0.406995
vt 0.114172 0.408231
vt 0.109972 0.412968
vt 0.113922 0.414424
vt 0.113417 0.418679
vt 0.109296 0.417090
vt 0.108528 0.420355
vt 0.112744 0.422013
vt 0.111915 0.425184
vt 0.107629 0.423488
vt 0.106648 0.426578
vt 0.110991 0.428289
vt 0.110017 0.431254
vt 0.105636 0.429547
vt 0.104636 0.432407
vt 0.109041 0.434094
vt 0.108086 0.436858
vt 0.103665 0.435198
vt 0.102633 0.438125
vt 0.107052 0.439752
vt 0.101426 0.441374
vt 0.105827 0.442956
vt 0.100088 0.444713
vt 0.104449 0.446253
vt 0.102913 0.449445
vt 0.098617 0.447949
vt 0.096963 0.451132
vt 0.101164 0.452596
vt 0.099047 0.455848
vt 0.094994 0.454410
vt 0.092694 0.457870
vt 0.096559 0.459293
vt 0.093558 0.463045
vt 0.089947 0.461624
vt 0.086339 0.466113
vt 0.089576 0.467523
vt 0.083865 0.473193
vt 0.081231 0.471891
vt 0.072719 0.480757
vt 0.074273 0.481542
vt 0.092897 0.468956
vt 0.086543 0.474620
vt 0.075770 0.482487
vt 0.088895 0.476113
vt 0.077215 0.483602
vt 0.095789 0.470449
vt 0.100452 0.466009
vt 0.097247 0.464510
vt 0.100482 0.460806
vt 0.103879 0.462319
vt 0.106660 0.458964
vt 0.103133 0.457424
vt 0.105367 0.454262
vt 0.108974 0.455848
vt 0.110894 0.452870
vt 0.107198 0.451203
vt 0.108809 0.448085
vt 0.112605 0.449821
vt 0.114171 0.446604
vt 0.110261 0.444823
vt 0.111549 0.441604
vt 0.115574 0.443360
vt 0.112628 0.438666
vt 0.116756 0.440355
vt 0.113615 0.435836
vt 0.117807 0.437433
vt 0.118828 0.434395
vt 0.114609 0.432917
vt 0.115576 0.429869
vt 0.119781 0.431224
vt 0.120610 0.427920
vt 0.116456 0.426684
vt 0.117211 0.423446
vt 0.121266 0.424581
vt 0.121701 0.421107
vt 0.117770 0.420051
vt 0.118079 0.415705
vt 0.121869 0.416654
vt 0.121538 0.410011
vt 0.117994 0.409292
vt 0.117349 0.401773
vt 0.120442 0.402231
vt 0.116032 0.394187
vt 0.118593 0.394552
vt 0.120827 0.394015
vt 0.123237 0.402020
vt 0.123158 0.393409
vt 0.126187 0.401414
vt 0.128323 0.409721
vt 0.124804 0.410076
vt 0.125403 0.417037
vt 0.129338 0.417065
vt 0.129486 0.422164
vt 0.125343 0.421765
vt 0.124995 0.425453
vt 0.129241 0.426168
vt 0.128678 0.429967
vt 0.124406 0.428975
vt 0.123605 0.432432
vt 0.127858 0.433654
vt 0.126852 0.437119
vt 0.122657 0.435721
vt 0.121611 0.438841
vt 0.125741 0.440370
vt 0.120491 0.441823
vt 0.124526 0.443453
vt 0.119220 0.444865
vt 0.123148 0.446587
vt 0.121465 0.449961
vt 0.117688 0.448146
vt 0.115969 0.451409
vt 0.119571 0.453324
vt 0.117525 0.456539
vt 0.114109 0.454515
vt 0.112038 0.457567
vt 0.115257 0.459711
vt 0.112561 0.463043
vt 0.109571 0.460784
vt 0.106603 0.464217
vt 0.109337 0.466566
vt 0.105363 0.470368
vt 0.102937 0.467966
vt 0.097947 0.472411
vt 0.099976 0.474777
vt 0.092137 0.480055
vt 0.090599 0.477936
vt 0.078420 0.485034
vt 0.079455 0.486622
vt 0.102126 0.477214
vt 0.093715 0.482263
vt 0.080397 0.488288
vt 0.094942 0.484561
vt 0.081147 0.490108
vt 0.103888 0.479833
vt 0.107935 0.472866
vt 0.110134 0.475565
vt 0.112211 0.469046
vt 0.114740 0.471723
vt 0.118456 0.468081
vt 0.115671 0.465480
vt 0.118556 0.462097
vt 0.121508 0.464641
vt 0.124131 0.461383
vt 0.120985 0.458894
vt 0.123202 0.455637
vt 0.126548 0.458063
vt 0.128956 0.454547
vt 0.125309 0.452193
vt 0.127216 0.448682
vt 0.131158 0.450884
vt 0.133007 0.447378
vt 0.128796 0.445371
vt 0.130168 0.442075
vt 0.134626 0.443838
vt 0.131451 0.438566
vt 0.136065 0.440022
vt 0.132552 0.434801
vt 0.137323 0.435889
vt 0.138335 0.431414
vt 0.133415 0.430771
vt 0.133916 0.426612
vt 0.138760 0.426699
vt 0.138452 0.421878
vt 0.134003 0.422283
vt 0.133560 0.416859
vt 0.137678 0.416124
vt 0.135584 0.408058
vt 0.132037 0.409137
vt 0.129234 0.400554
vt 0.132066 0.399321
vt 0.127637 0.391299
vt 0.125428 0.392379
vt 0.129296 0.389130
vt 0.134657 0.397055
vt 0.131008 0.386676
vt 0.137273 0.394018
vt 0.142908 0.402574
vt 0.139134 0.405820
vt 0.142127 0.414209
vt 0.147130 0.411054
vt 0.149873 0.417576
vt 0.143776 0.420570
vt 0.145164 0.427721
vt 0.153131 0.425141
vt 0.170710 0.507836
vt 0.176155 0.510015
vt 0.175711 0.519036
vt 0.170632 0.517003
vt 0.142937 0.437289
vt 0.151798 0.434062
vt 0.149774 0.439462
vt 0.164323 0.508828
vt 0.164674 0.517927
vt 0.173915 0.552405
vt 0.168102 0.549500
vt 0.162475 0.551912
vt 0.167670 0.547228
vt 0.173516 0.547439
vt 0.179300 0.545171
vt 0.183565 0.547393
vt 0.190559 0.546775
vt 0.195280 0.552159
vt 0.189314 0.549589
vt 0.184838 0.552405
vt 0.179739 0.552258
vt 0.158551 0.511436
vt 0.159289 0.520360
vt 0.153011 0.512798
vt 0.154121 0.521630
vt 0.160537 0.433905
vt 0.156862 0.441938
vt 0.166484 0.439033
vt 0.164093 0.444595
vt 0.154647 0.446988
vt 0.147873 0.444260
vt 0.161751 0.449942
vt 0.152378 0.451700
vt 0.145891 0.448620
vt 0.159310 0.455054
vt 0.156643 0.459957
vt 0.149944 0.456117
vt 0.143747 0.452639
vt 0.147135 0.460549
vt 0.141279 0.456641
vt 0.153457 0.464992
vt 0.149250 0.470264
vt 0.144738 0.464278
vt 0.139255 0.459635
vt 0.144661 0.475227
vt 0.140235 0.479934
vt 0.205669 0.439995
vt 0.207692 0.448309
vt 0.198109 0.449262
vt 0.196373 0.442128
vt 0.131537 0.478125
vt 0.127969 0.472605
vt 0.134817 0.465726
vt 0.134934 0.484452
vt 0.206354 0.433959
vt 0.196961 0.436949
vt 0.206320 0.576456
vt 0.210791 0.575354
vt 0.213489 0.571869
vt 0.211441 0.566894
vt 0.208047 0.562939
vt 0.206320 0.570075
vt 0.206791 0.427705
vt 0.197336 0.431582
vt 0.205129 0.422845
vt 0.195910 0.427412
vt 0.135739 0.453368
vt 0.133219 0.457256
vt 0.129355 0.460062
vt 0.127527 0.464552
vt 0.201158 0.419237
vt 0.192502 0.424316
vt 0.124439 0.468011
vt 0.210883 0.455026
vt 0.200846 0.455026
vt 0.123699 0.476502
vt 0.120958 0.471682
vt 0.116736 0.475434
vt 0.118682 0.480280
vt 0.111572 0.479234
vt 0.112729 0.483863
vt 0.104754 0.483229
vt 0.105204 0.487309
vt 0.095407 0.490512
vt 0.095352 0.487337
vt 0.081380 0.492038
vt 0.081376 0.493944
vt 0.105490 0.491602
vt 0.095295 0.493743
vt 0.081202 0.495807
vt 0.094731 0.496965
vt 0.080808 0.497599
vt 0.105102 0.496054
vt 0.113915 0.494381
vt 0.113700 0.488892
vt 0.120479 0.485711
vt 0.121637 0.491905
vt 0.126386 0.482063
vt 0.128686 0.488555
vt 0.123244 0.598970
vt 0.126605 0.593672
vt 0.132188 0.598812
vt 0.128786 0.604721
vt 0.129495 0.587748
vt 0.134953 0.592124
vt 0.120966 0.588080
vt 0.124033 0.582905
vt 0.117519 0.592748
vt 0.126695 0.577150
vt 0.131809 0.581136
vt 0.136942 0.584626
vt 0.133538 0.573288
vt 0.138035 0.575771
vt 0.129048 0.570306
vt 0.131116 0.561824
vt 0.134602 0.563703
vt 0.138035 0.565167
vt 0.135138 0.550541
vt 0.136881 0.551171
vt 0.133311 0.549690
vt 0.124921 0.567314
vt 0.127873 0.559782
vt 0.131571 0.548629
vt 0.124905 0.557612
vt 0.129940 0.547467
vt 0.121250 0.564300
vt 0.118020 0.569476
vt 0.122075 0.573252
vt 0.119163 0.578215
vt 0.114902 0.573781
vt 0.111642 0.577683
vt 0.115997 0.582694
vt 0.112567 0.586760
vt 0.108217 0.581260
vt 0.108857 0.590400
vt 0.109862 0.599802
vt 0.104571 0.584528
vt 0.234553 0.468258
vt 0.239435 0.475149
vt 0.231633 0.476791
vt 0.227444 0.470878
vt 0.100603 0.587557
vt 0.103826 0.592565
vt 0.236508 0.500400
vt 0.234553 0.505181
vt 0.227444 0.502561
vt 0.229121 0.498459
vt 0.210620 0.542654
vt 0.209351 0.538409
vt 0.216596 0.538409
vt 0.225045 0.539802
vt 0.220008 0.543374
vt 0.213962 0.545576
vt 0.237931 0.495425
vt 0.230343 0.494190
vt 0.241931 0.489081
vt 0.233774 0.488746
vt 0.096003 0.599720
vt 0.100423 0.596945
vt 0.103574 0.604833
vt 0.100350 0.606865
vt 0.096368 0.590464
vt 0.092108 0.593073
vt 0.088174 0.595234
vt 0.091927 0.602044
vt 0.096124 0.609324
vt 0.087945 0.604129
vt 0.092018 0.611538
vt 0.084337 0.597176
vt 0.080310 0.599054
vt 0.083747 0.606166
vt 0.087714 0.613740
vt 0.079224 0.608147
vt 0.083107 0.615933
vt 0.076024 0.600829
vt 0.071453 0.602477
vt 0.070182 0.610887
vt 0.078096 0.618100
vt 0.066742 0.603697
vt 0.061939 0.604442
vt 0.063375 0.611677
vt 0.196153 0.524157
vt 0.200955 0.529470
vt 0.198848 0.537188
vt 0.194367 0.532231
vt 0.071801 0.620027
vt 0.064217 0.619800
vt 0.138129 0.529472
vt 0.143327 0.523156
vt 0.145088 0.531295
vt 0.140238 0.537188
vt 0.148337 0.518496
vt 0.149762 0.526947
vt 0.079349 0.626861
vt 0.087209 0.624065
vt 0.091075 0.631567
vt 0.085845 0.633853
vt 0.091971 0.621709
vt 0.096020 0.629137
vt 0.096469 0.619341
vt 0.100721 0.626664
vt 0.100798 0.616975
vt 0.105275 0.624181
vt 0.105270 0.614362
vt 0.109995 0.621405
vt 0.108810 0.611726
vt 0.115135 0.618027
vt 0.120235 0.614129
vt 0.124824 0.609779
vt 0.245677 0.482937
vt 0.236989 0.483474
vt 0.191548 0.518581
vt 0.190071 0.527028
vt 0.186980 0.513979
vt 0.185810 0.522735
vt 0.064149 0.628392
vt 0.069843 0.629226
vt 0.071504 0.637478
vt 0.063663 0.636286
vt 0.057424 0.626657
vt 0.056721 0.633967
vt 0.057669 0.618808
vt 0.049137 0.616588
vt 0.048550 0.623275
vt 0.047539 0.629546
vt 0.039365 0.618596
vt 0.038106 0.623577
vt 0.040306 0.613267
vt 0.032649 0.609246
vt 0.031499 0.613086
vt 0.030304 0.616814
vt 0.033223 0.605374
vt 0.040712 0.608172
vt 0.033726 0.601806
vt 0.040804 0.603455
vt 0.048769 0.604496
vt 0.049131 0.610289
vt 0.057184 0.611437
vt 0.056277 0.604777
vt 0.055189 0.598207
vt 0.060402 0.597396
vt 0.048192 0.598712
vt 0.053825 0.591594
vt 0.058625 0.590367
vt 0.047340 0.592845
vt 0.064757 0.596365
vt 0.062623 0.589168
vt 0.066520 0.587816
vt 0.069013 0.595080
vt 0.073184 0.593565
vt 0.070351 0.586325
vt 0.073998 0.584755
vt 0.077138 0.591914
vt 0.080878 0.590192
vt 0.077460 0.583128
vt 0.080798 0.581476
vt 0.084459 0.588404
vt 0.088160 0.586416
vt 0.084263 0.579629
vt 0.088097 0.577431
vt 0.092216 0.584041
vt 0.096319 0.581411
vt 0.092023 0.575008
vt 0.100194 0.578633
vt 0.095807 0.572499
vt 0.103857 0.575718
vt 0.099456 0.569903
vt 0.103038 0.567150
vt 0.107366 0.572560
vt 0.110790 0.569150
vt 0.106625 0.564220
vt 0.110276 0.561044
vt 0.114171 0.565410
vt 0.117802 0.560930
vt 0.114336 0.557279
vt 0.119269 0.552427
vt 0.122079 0.555137
vt 0.128333 0.546189
vt 0.126707 0.544763
vt 0.111064 0.553569
vt 0.116640 0.549572
vt 0.125234 0.543113
vt 0.114287 0.546812
vt 0.123904 0.541493
vt 0.108172 0.550099
vt 0.103437 0.552622
vt 0.106633 0.556650
vt 0.102770 0.559279
vt 0.099402 0.554798
vt 0.095607 0.556875
vt 0.099065 0.561742
vt 0.095436 0.564085
vt 0.091958 0.558897
vt 0.088404 0.560927
vt 0.091856 0.566395
vt 0.088189 0.568695
vt 0.084809 0.563000
vt 0.084408 0.570967
vt 0.081144 0.565140
vt 0.080730 0.573069
vt 0.077584 0.567158
vt 0.074378 0.568903
vt 0.077415 0.574866
vt 0.074230 0.576493
vt 0.071302 0.570500
vt 0.068120 0.572062
vt 0.070917 0.578056
vt 0.067455 0.579599
vt 0.064800 0.573593
vt 0.061379 0.575129
vt 0.063845 0.581086
vt 0.060201 0.582480
vt 0.057952 0.576611
vt 0.054496 0.578094
vt 0.056496 0.583814
vt 0.052074 0.585336
vt 0.050384 0.579890
vt 0.044774 0.582318
vt 0.046080 0.587270
vt 0.039429 0.589099
vt 0.040246 0.593798
vt 0.038535 0.584881
vt 0.033143 0.590621
vt 0.033664 0.594293
vt 0.032696 0.587209
vt 0.031856 0.584197
vt 0.037551 0.581063
vt 0.031010 0.581083
vt 0.036369 0.577222
vt 0.043489 0.577826
vt 0.042000 0.573346
vt 0.048814 0.574935
vt 0.047045 0.569964
vt 0.050765 0.567665
vt 0.052722 0.572892
vt 0.055999 0.571270
vt 0.053896 0.565925
vt 0.056997 0.564304
vt 0.059244 0.569706
vt 0.062485 0.568136
vt 0.060087 0.562711
vt 0.063078 0.561178
vt 0.065620 0.566595
vt 0.068634 0.565063
vt 0.065952 0.559670
vt 0.068736 0.558147
vt 0.071557 0.563512
vt 0.074618 0.561832
vt 0.071665 0.556508
vt 0.078047 0.559924
vt 0.074975 0.554665
vt 0.081624 0.557928
vt 0.078460 0.552764
vt 0.081965 0.550962
vt 0.085177 0.556007
vt 0.088748 0.554169
vt 0.085549 0.549283
vt 0.089370 0.547723
vt 0.092480 0.552382
vt 0.096421 0.550593
vt 0.093465 0.546206
vt 0.097958 0.544712
vt 0.100675 0.548764
vt 0.105728 0.546696
vt 0.103363 0.543114
vt 0.110406 0.541240
vt 0.112291 0.544091
vt 0.122730 0.539941
vt 0.121626 0.538306
vt 0.100942 0.539383
vt 0.108553 0.538186
vt 0.120631 0.536479
vt 0.106868 0.535044
vt 0.119759 0.534562
vt 0.098720 0.535717
vt 0.092723 0.536487
vt 0.095211 0.540507
vt 0.090540 0.541653
vt 0.087919 0.537359
vt 0.083669 0.538357
vt 0.086351 0.542884
vt 0.082498 0.544198
vt 0.079809 0.539471
vt 0.076271 0.540799
vt 0.078937 0.545703
vt 0.075476 0.547380
vt 0.072835 0.542331
vt 0.069423 0.544094
vt 0.072055 0.549223
vt 0.068803 0.551045
vt 0.066168 0.545879
vt 0.063273 0.547526
vt 0.065921 0.552687
vt 0.063180 0.554228
vt 0.060519 0.549098
vt 0.060351 0.555755
vt 0.057690 0.550679
vt 0.057421 0.557317
vt 0.054786 0.552314
vt 0.051844 0.554047
vt 0.054417 0.558960
vt 0.051425 0.560647
vt 0.048953 0.555838
vt 0.046100 0.557810
vt 0.048436 0.562498
vt 0.044928 0.565029
vt 0.042772 0.560525
vt 0.038247 0.564732
vt 0.040182 0.568873
vt 0.034856 0.573380
vt 0.033198 0.569779
vt 0.028517 0.575003
vt 0.029775 0.578054
vt 0.027090 0.572770
vt 0.031529 0.566853
vt 0.025627 0.570790
vt 0.029749 0.564391
vt 0.034397 0.558310
vt 0.036358 0.561265
vt 0.040760 0.556735
vt 0.038757 0.553459
vt 0.041946 0.550384
vt 0.043979 0.553846
vt 0.046726 0.551732
vt 0.044633 0.548113
vt 0.047379 0.546037
vt 0.049529 0.549804
vt 0.052415 0.547954
vt 0.050229 0.544062
vt 0.053085 0.542230
vt 0.055293 0.546221
vt 0.058124 0.544576
vt 0.055919 0.540518
vt 0.060902 0.542978
vt 0.058725 0.538898
vt 0.063832 0.541341
vt 0.061714 0.537283
vt 0.065077 0.535613
vt 0.067139 0.539612
vt 0.070587 0.537973
vt 0.068603 0.534063
vt 0.072146 0.532755
vt 0.074050 0.536568
vt 0.077618 0.535383
vt 0.075807 0.531669
vt 0.079843 0.530762
vt 0.081532 0.534403
vt 0.085883 0.533569
vt 0.084359 0.530037
vt 0.089534 0.529530
vt 0.090845 0.532905
vt 0.097095 0.532423
vt 0.096061 0.529300
vt 0.105671 0.532234
vt 0.104971 0.529579
vt 0.119133 0.532903
vt 0.118725 0.531119
vt 0.095723 0.526039
vt 0.104895 0.526774
vt 0.118715 0.529263
vt 0.104993 0.524050
vt 0.118839 0.527400
vt 0.095585 0.522717
vt 0.088886 0.526010
vt 0.088433 0.522317
vt 0.083417 0.526373
vt 0.082645 0.522460
vt 0.077559 0.522965
vt 0.078631 0.527018
vt 0.074345 0.527893
vt 0.072992 0.523749
vt 0.068876 0.524781
vt 0.070472 0.528955
vt 0.066751 0.530241
vt 0.064939 0.526060
vt 0.061088 0.527612
vt 0.063084 0.531770
vt 0.059623 0.533430
vt 0.057481 0.529313
vt 0.054343 0.530994
vt 0.056585 0.535050
vt 0.053748 0.536692
vt 0.051423 0.532699
vt 0.048506 0.534549
vt 0.050905 0.538459
vt 0.048042 0.540381
vt 0.045574 0.536581
vt 0.045181 0.542479
vt 0.042652 0.538824
vt 0.042414 0.544713
vt 0.039825 0.541231
vt 0.037035 0.543904
vt 0.039684 0.547173
vt 0.036424 0.550504
vt 0.033743 0.547556
vt 0.029425 0.553290
vt 0.032049 0.555747
vt 0.027513 0.562337
vt 0.025087 0.560428
vt 0.021493 0.567940
vt 0.023510 0.569382
vt 0.019313 0.566750
vt 0.022509 0.558546
vt 0.017152 0.565641
vt 0.019851 0.557068
vt 0.023658 0.548717
vt 0.026614 0.550786
vt 0.030839 0.544559
vt 0.027836 0.541993
vt 0.031083 0.537786
vt 0.034075 0.540631
vt 0.036852 0.537755
vt 0.033848 0.534678
vt 0.036734 0.531812
vt 0.039719 0.535137
vt 0.042737 0.532693
vt 0.039842 0.529083
vt 0.045814 0.530478
vt 0.043067 0.526579
vt 0.048912 0.528451
vt 0.046382 0.524336
vt 0.049772 0.522334
vt 0.052033 0.526604
vt 0.055397 0.524832
vt 0.053437 0.520472
vt 0.057601 0.518707
vt 0.059242 0.523088
vt 0.063303 0.521543
vt 0.061955 0.517240
vt 0.066260 0.516058
vt 0.067414 0.520315
vt 0.071686 0.519365
vt 0.070733 0.515185
vt 0.075727 0.514601
vt 0.076441 0.518706
vt 0.081769 0.518370
vt 0.081334 0.514426
vt 0.087832 0.518486
vt 0.087690 0.514812
vt 0.095295 0.519307
vt 0.105017 0.521292
vt 0.119007 0.525521
vt 0.088926 0.511033
vt 0.082169 0.510167
vt 0.076058 0.510019
vt 0.070511 0.510437
vt 0.065458 0.511203
vt 0.060562 0.512338
vt 0.055683 0.513844
vt 0.051078 0.515710
vt 0.047077 0.517705
vt 0.043427 0.519884
vt 0.039898 0.522392
vt 0.036487 0.525219
vt 0.033217 0.528331
vt 0.030202 0.531650
vt 0.027328 0.535244
vt 0.023996 0.540015
vt 0.019954 0.547466
vt 0.016636 0.556528
vt 0.014574 0.565735
vt 0.033690 0.598101
vt 0.040638 0.598693
vt 0.133500 0.380759
vt 0.132322 0.383752
vt 0.141555 0.386636
vt 0.139627 0.390547
vt 0.149594 0.394177
vt 0.146467 0.398732
vt 0.151936 0.407039
vt 0.156368 0.402156
vt 0.160950 0.408498
vt 0.155583 0.413431
vt 0.158714 0.418827
vt 0.165862 0.415445
vt 0.181819 0.511613
vt 0.180995 0.520527
vt 0.137880 0.449665
vt 0.139741 0.445915
vt 0.141420 0.441822
s 1
usemtl Material.001
f 974/1023/633 973/1024/632 975/1025/634 1152/1026/811
f 980/1027/639 977/1028/636 973/1024/632 974/1023/633
f 975/1029/634 973/1030/632 976/1031/635 1165/1032/824
f 973/1030/632 977/1033/636 979/1034/638 976/1031/635
f 981/1035/640 978/1036/637 977/1028/636 980/1027/639
f 977/1033/636 978/1037/637 1404/1038/1063 979/1034/638
f 982/1039/641 980/1027/639 974/1023/633 983/1040/642
f 984/1041/643 981/1035/640 980/1027/639 982/1039/641
f 985/1042/644 982/1039/641 983/1040/642 986/1043/645
f 987/1044/646 984/1041/643 982/1039/641 985/1042/644
f 988/1045/647 985/1042/644 986/1043/645 990/1046/649
f 989/1047/648 987/1044/646 985/1042/644 988/1045/647
f 993/1048/652 989/1047/648 988/1045/647 991/1049/650
f 991/1049/650 988/1045/647 990/1046/649 992/1050/651
f 994/1051/653 991/1049/650 992/1050/651 996/1052/655
f 995/1053/654 993/1048/652 991/1049/650 994/1051/653
f 999/1054/658 995/1053/654 994/1051/653 997/1055/656
f 997/1055/656 994/1051/653 996/1052/655 998/1056/657
f 1000/1057/659 997/1055/656 998/1056/657 1002/1058/661
f 1001/1059/660 999/1054/658 997/1055/656 1000/1057/659
f 1005/1060/664 1001/1059/660 1000/1057/659 1003/1061/662
f 1003/1061/662 1000/1057/659 1002/1058/661 1004/1062/663
f 1006/1063/665 1003/1061/662 1004/1062/663 1008/1064/667
f 1007/1065/666 1005/1060/664 1003/1061/662 1006/1063/665
f 1011/1066/670 1007/1065/666 1006/1063/665 1009/1067/668
f 1009/1067/668 1006/1063/665 1008/1064/667 1010/1068/669
f 1012/1069/671 1009/1067/668 1010/1068/669 1013/1070/672
f 1014/1071/673 1011/1066/670 1009/1067/668 1012/1069/671
f 1015/1072/674 1012/1069/671 1013/1070/672 1016/1073/675
f 1017/1074/676 1014/1071/673 1012/1069/671 1015/1072/674
f 1018/1075/677 1015/1072/674 1016/1073/675 1020/1076/679
f 1019/1077/678 1017/1074/676 1015/1072/674 1018/1075/677
f 1023/1078/682 1019/1077/678 1018/1075/677 1021/1079/680
f 1021/1079/680 1018/1075/677 1020/1076/679 1022/1080/681
f 1024/1081/683 1021/1079/680 1022/1080/681 1026/1082/685
f 1025/1083/684 1023/1078/682 1021/1079/680 1024/1081/683
f 1029/1084/688 1025/1083/684 1024/1081/683 1027/1085/686
f 1027/1085/686 1024/1081/683 1026/1082/685 1028/1086/687
f 1030/1087/689 1027/1085/686 1028/1086/687 1032/1088/691
f 1031/1089/690 1029/1084/688 1027/1085/686 1030/1087/689
f 1035/1090/694 1031/1089/690 1030/1087/689 1033/1091/692
f 1033/1091/692 1030/1087/689 1032/1088/691 1034/1092/693
f 1036/1093/695 1033/1091/692 1034/1092/693 1038/1094/697
f 1037/1095/696 1035/1090/694 1033/1091/692 1036/1093/695
f 1041/1096/700 1037/1095/696 1036/1093/695 1039/1097/698
f 1039/1097/698 1036/1093/695 1038/1094/697 1040/1098/699
f 1042/1099/701 1039/1097/698 1040/1098/699 1044/1100/703
f 1043/1101/702 1041/1096/700 1039/1097/698 1042/1099/701
f 1046/1102/705 1043/1101/702 1042/1099/701
f 1045/1103/704 1042/1099/701 1044/1100/703
f 1045/1103/704 1046/1102/705 1042/1099/701
f 1047/1104/706 1046/1102/705 1045/1103/704
f 1047/1104/706 1049/1105/708 1046/1102/705
f 1046/1102/705 1048/1106/707 1043/1101/702
f 1046/1102/705 1049/1105/708 1048/1106/707
f 1047/1104/706 1052/1107/711 1049/1105/708
f 1049/1105/708 1050/1108/709 1048/1106/707
f 1049/1105/708 1051/1109/710 1050/1108/709
f 1049/1105/708 1052/1107/711 1051/1109/710
f 1047/1104/706 1055/1110/714 1052/1107/711
f 1052/1107/711 1053/1111/712 1051/1109/710
f 1052/1107/711 1054/1112/713 1053/1111/712
f 1052/1107/711 1055/1110/714 1054/1112/713
f 1047/1104/706 1058/1113/717 1055/1110/714
f 1055/1110/714 1056/1114/715 1054/1112/713
f 1055/1110/714 1057/1115/716 1056/1114/715
f 1055/1110/714 1058/1113/717 1057/1115/716
f 1047/1104/706 1061/1116/720 1058/1113/717
f 1058/1113/717 1059/1117/718 1057/1115/716
f 1058/1113/717 1060/1118/719 1059/1117/718
f 1058/1113/717 1061/1116/720 1060/1118/719
f 1047/1104/706 1064/1119/723 1061/1116/720
f 1061/1116/720 1062/1120/721 1060/1118/719
f 1061/1116/720 1063/1121/722 1062/1120/721
f 1061/1116/720 1064/1119/723 1063/1121/722
f 1047/1104/706 1067/1122/726 1064/1119/723
f 1064/1119/723 1065/1123/724 1063/1121/722
f 1064/1119/723 1066/1124/725 1065/1123/724
f 1064/1119/723 1067/1122/726 1066/1124/725
f 1047/1104/706 1070/1125/729 1067/1122/726
f 1067/1122/726 1068/1126/727 1066/1124/725
f 1067/1122/726 1069/1127/728 1068/1126/727
f 1067/1122/726 1070/1125/729 1069/1127/728
f 1047/1104/706 1073/1128/732 1070/1125/729
f 1070/1125/729 1071/1129/730 1069/1127/728
f 1070/1125/729 1072/1130/731 1071/1129/730
f 1070/1125/729 1073/1128/732 1072/1130/731
f 1047/1104/706 1076/1131/735 1073/1128/732
f 1073/1128/732 1074/1132/733 1072/1130/731
f 1073/1128/732 1075/1133/734 1074/1132/733
f 1073/1128/732 1076/1131/735 1075/1133/734
f 1047/1104/706 1079/1134/738 1076/1131/735
f 1076/1131/735 1077/1135/736 1075/1133/734
f 1076/1131/735 1078/1136/737 1077/1135/736
f 1076/1131/735 1079/1134/738 1078/1136/737
f 1047/1137/706 1082/1138/741 1079/1139/738
f 1079/1134/738 1080/1140/739 1078/1136/737
f 1079/1139/738 1081/1141/740 1080/1142/739
f 1079/1139/738 1082/1138/741 1081/1141/740
f 1047/1137/706 1085/1143/744 1082/1138/741
f 1082/1138/741 1083/1144/742 1081/1141/740
f 1082/1138/741 1084/1145/743 1083/1144/742
f 1082/1138/741 1085/1143/744 1084/1145/743
f 1047/1137/706 1088/1146/747 1085/1143/744
f 1085/1143/744 1086/1147/745 1084/1145/743
f 1085/1143/744 1087/1148/746 1086/1147/745
f 1085/1143/744 1088/1146/747 1087/1148/746
f 1047/1137/706 1091/1149/750 1088/1146/747
f 1088/1146/747 1089/1150/748 1087/1148/746
f 1088/1146/747 1090/1151/749 1089/1150/748
f 1088/1146/747 1091/1149/750 1090/1151/749
f 1047/1137/706 1094/1152/753 1091/1149/750
f 1091/1149/750 1092/1153/751 1090/1151/749
f 1091/1149/750 1093/1154/752 1092/1153/751
f 1091/1149/750 1094/1152/753 1093/1154/752
f 1047/1137/706 1097/1155/756 1094/1152/753
f 1094/1152/753 1095/1156/754 1093/1154/752
f 1094/1152/753 1096/1157/755 1095/1156/754
f 1094/1152/753 1097/1155/756 1096/1157/755
f 1047/1137/706 1100/1158/759 1097/1155/756
f 1097/1155/756 1098/1159/757 1096/1157/755
f 1097/1155/756 1099/1160/758 1098/1159/757
f 1097/1155/756 1100/1158/759 1099/1160/758
f 1047/1137/706 1103/1161/762 1100/1158/759
f 1100/1158/759 1101/1162/760 1099/1160/758
f 1100/1158/759 1102/1163/761 1101/1162/760
f 1100/1158/759 1103/1161/762 1102/1163/761
f 1047/1137/706 1106/1164/765 1103/1161/762
f 1103/1161/762 1104/1165/763 1102/1163/761
f 1103/1161/762 1105/1166/764 1104/1165/763
f 1103/1161/762 1106/1164/765 1105/1166/764
f 1047/1137/706 1109/1167/768 1106/1164/765
f 1106/1164/765 1107/1168/766 1105/1166/764
f 1106/1164/765 1108/1169/767 1107/1168/766
f 1106/1164/765 1109/1167/768 1108/1169/767
f 1047/1137/706 1045/1170/704 1109/1167/768
f 1109/1167/768 1110/1171/769 1108/1169/767
f 1109/1167/768 1111/1172/770 1110/1171/769
f 1109/1167/768 1045/1170/704 1111/1172/770
f 1045/1103/704 1044/1100/703 1111/1173/770
f 1044/1100/703 1040/1098/699 1112/1174/771 1111/1173/770
f 1111/1172/770 1112/1175/771 1113/1176/772 1110/1171/769
f 1112/1175/771 1114/1177/773 1115/1178/774 1113/1176/772
f 1040/1098/699 1038/1094/697 1114/1179/773 1112/1174/771
f 1114/1177/773 1116/1180/775 1117/1181/776 1115/1178/774
f 1038/1094/697 1034/1092/693 1116/1182/775 1114/1179/773
f 1116/1180/775 1118/1183/777 1119/1184/778 1117/1181/776
f 1034/1092/693 1032/1088/691 1118/1185/777 1116/1182/775
f 1032/1088/691 1028/1086/687 1120/1186/779 1118/1185/777
f 1118/1183/777 1120/1187/779 1121/1188/780 1119/1184/778
f 1120/1187/779 1122/1189/781 1123/1190/782 1121/1188/780
f 1028/1086/687 1026/1082/685 1122/1191/781 1120/1186/779
f 1026/1082/685 1022/1080/681 1124/1192/783 1122/1191/781
f 1122/1189/781 1124/1193/783 1125/1194/784 1123/1190/782
f 1124/1193/783 1126/1195/785 1127/1196/786 1125/1194/784
f 1022/1080/681 1020/1076/679 1126/1197/785 1124/1192/783
f 1020/1076/679 1016/1073/675 1128/1198/787 1126/1197/785
f 1126/1195/785 1128/1199/787 1129/1200/788 1127/1196/786
f 1128/1199/787 1130/1201/789 1131/1202/790 1129/1200/788
f 1016/1073/675 1013/1070/672 1130/1203/789 1128/1198/787
f 1013/1070/672 1010/1068/669 1132/1204/791 1130/1203/789
f 1130/1201/789 1132/1205/791 1133/1206/792 1131/1202/790
f 1132/1205/791 1134/1207/793 1135/1208/794 1133/1206/792
f 1010/1068/669 1008/1064/667 1134/1209/793 1132/1204/791
f 1134/1207/793 1136/1210/795 1137/1211/796 1135/1208/794
f 1008/1064/667 1004/1062/663 1136/1212/795 1134/1209/793
f 1136/1210/795 1138/1213/797 1139/1214/798 1137/1211/796
f 1004/1062/663 1002/1058/661 1138/1215/797 1136/1212/795
f 1002/1058/661 998/1056/657 1140/1216/799 1138/1215/797
f 1138/1213/797 1140/1217/799 1141/1218/800 1139/1214/798
f 1140/1217/799 1142/1219/801 1143/1220/802 1141/1218/800
f 998/1056/657 996/1052/655 1142/1221/801 1140/1216/799
f 996/1052/655 992/1050/651 1144/1222/803 1142/1221/801
f 1142/1219/801 1144/1223/803 1145/1224/804 1143/1220/802
f 1144/1223/803 1146/1225/805 1147/1226/806 1145/1224/804
f 992/1050/651 990/1046/649 1146/1227/805 1144/1222/803
f 990/1046/649 986/1043/645 1148/1228/807 1146/1227/805
f 1146/1225/805 1148/1229/807 1149/1230/808 1147/1226/806
f 1148/1229/807 1150/1231/809 1151/1232/810 1149/1230/808
f 986/1043/645 983/1040/642 1150/1233/809 1148/1228/807
f 983/1040/642 974/1023/633 1152/1026/811 1150/1233/809
f 1150/1231/809 1152/1234/811 1153/1235/812 1151/1232/810
f 1152/1234/811 975/1236/634 1154/1237/813 1153/1235/812
f 1151/1232/810 1153/1235/812 1155/1238/814 1157/1239/816
f 1153/1235/812 1154/1237/813 1158/1240/817 1155/1238/814
f 1157/1239/816 1155/1238/814 1156/1241/815 2246/1242/1905
f 1155/1238/814 1158/1240/817 1159/1243/818 1156/1241/815
f 1158/1244/817 1154/1245/813 1163/1246/822 1160/1247/819
f 1159/1248/818 1158/1244/817 1160/1247/819 1162/1249/821
f 1162/1249/821 1160/1247/819 1161/1250/820 1297/1251/956
f 1160/1247/819 1163/1246/822 1164/1252/823 1161/1250/820
f 1154/1245/813 975/1253/634 1165/1254/824 1163/1246/822
f 1163/1246/822 1165/1254/824 1166/1255/825 1164/1252/823
f 1165/1032/824 976/1031/635 1167/1256/826 1166/1257/825
f 1164/1252/823 1166/1255/825 1168/1258/827 1170/1259/829
f 1166/1257/825 1167/1256/826 1171/1260/830 1168/1261/827
f 1170/1259/829 1168/1258/827 1169/1262/828 1301/1263/960
f 1168/1261/827 1171/1260/830 1172/1264/831 1169/1265/828
f 1167/1256/826 1175/1266/834 1173/1267/832 1171/1260/830
f 1171/1260/830 1173/1267/832 1174/1268/833 1172/1264/831
f 1173/1267/832 1176/1269/835 1178/1270/837 1174/1268/833
f 1175/1266/834 1177/1271/836 1176/1269/835 1173/1267/832
f 1177/1271/836 1181/1272/840 1179/1273/838 1176/1269/835
f 1176/1269/835 1179/1273/838 1180/1274/839 1178/1270/837
f 1179/1273/838 1182/1275/841 1183/1276/842 1180/1274/839
f 1181/1272/840 1184/1277/843 1182/1275/841 1179/1273/838
f 1182/1275/841 1185/1278/844 1186/1279/845 1183/1276/842
f 1184/1277/843 1187/1280/846 1185/1278/844 1182/1275/841
f 1185/1278/844 1188/1281/847 1190/1282/849 1186/1279/845
f 1187/1280/846 1189/1283/848 1188/1281/847 1185/1278/844
f 1189/1283/848 1193/1284/852 1191/1285/850 1188/1281/847
f 1188/1281/847 1191/1285/850 1192/1286/851 1190/1282/849
f 1191/1285/850 1194/1287/853 1195/1288/854 1192/1286/851
f 1193/1284/852 1196/1289/855 1194/1287/853 1191/1285/850
f 1194/1287/853 1197/1290/856 1198/1291/857 1195/1288/854
f 1196/1289/855 1199/1292/858 1197/1290/856 1194/1287/853
f 1197/1290/856 1200/1293/859 1201/1294/860 1198/1291/857
f 1199/1292/858 1202/1295/861 1200/1293/859 1197/1290/856
f 1200/1293/859 1203/1296/862 1204/1297/863 1201/1294/860
f 1202/1295/861 1205/1298/864 1203/1296/862 1200/1293/859
f 1203/1296/862 1206/1299/865 1208/1300/867 1204/1297/863
f 1205/1298/864 1207/1301/866 1206/1299/865 1203/1296/862
f 1207/1301/866 1211/1302/870 1209/1303/868 1206/1299/865
f 1206/1299/865 1209/1303/868 1210/1304/869 1208/1300/867
f 1209/1303/868 1212/1305/871 1213/1306/872 1210/1304/869
f 1211/1302/870 1214/1307/873 1212/1305/871 1209/1303/868
f 1212/1305/871 1215/1308/874 1216/1309/875 1213/1306/872
f 1214/1307/873 1217/1310/876 1215/1308/874 1212/1305/871
f 1215/1308/874 1218/1311/877 1219/1312/878 1216/1309/875
f 1217/1310/876 1220/1313/879 1218/1311/877 1215/1308/874
f 1218/1311/877 1221/1314/880 1222/1315/881 1219/1312/878
f 1220/1313/879 1223/1316/882 1221/1314/880 1218/1311/877
f 1221/1314/880 1224/1317/883 1226/1318/885 1222/1315/881
f 1223/1316/882 1225/1319/884 1224/1317/883 1221/1314/880
f 1225/1319/884 1229/1320/888 1227/1321/886 1224/1317/883
f 1224/1317/883 1227/1321/886 1228/1322/887 1226/1318/885
f 1227/1321/886 1230/1323/889 1231/1324/890 1228/1322/887
f 1229/1320/888 1232/1325/891 1230/1323/889 1227/1321/886
f 1230/1323/889 1233/1326/892 1234/1327/893 1231/1324/890
f 1232/1325/891 1235/1328/894 1233/1326/892 1230/1323/889
f 1233/1326/892 1236/1329/895 1237/1330/896 1234/1327/893
f 1235/1328/894 1238/1331/897 1236/1329/895 1233/1326/892
f 1236/1329/895 1239/1332/898 1240/1333/899 1237/1330/896
f 1238/1331/897 1241/1334/900 1239/1332/898 1236/1329/895
f 1239/1332/898 1242/1335/901 1244/1336/903 1240/1333/899
f 1241/1334/900 1243/1337/902 1242/1335/901 1239/1332/898
f 1243/1338/902 1247/1339/906 1245/1340/904 1242/1341/901
f 1242/1341/901 1245/1340/904 1246/1342/905 1244/1343/903
f 1245/1340/904 1248/1344/907 1249/1345/908 1246/1342/905
f 1247/1339/906 1250/1346/909 1248/1344/907 1245/1340/904
f 1248/1344/907 1251/1347/910 1252/1348/911 1249/1345/908
f 1250/1346/909 1253/1349/912 1251/1347/910 1248/1344/907
f 1251/1347/910 1254/1350/913 1255/1351/914 1252/1348/911
f 1253/1349/912 1256/1352/915 1254/1350/913 1251/1347/910
f 1254/1350/913 1257/1353/916 1258/1354/917 1255/1351/914
f 1256/1352/915 1259/1355/918 1257/1353/916 1254/1350/913
f 1257/1353/916 1260/1356/919 1262/1357/921 1258/1354/917
f 1259/1355/918 1261/1358/920 1260/1356/919 1257/1353/916
f 1261/1358/920 1265/1359/924 1263/1360/922 1260/1356/919
f 1260/1356/919 1263/1360/922 1264/1361/923 1262/1357/921
f 1263/1360/922 1266/1362/925 1267/1363/926 1264/1361/923
f 1265/1359/924 1268/1364/927 1266/1362/925 1263/1360/922
f 1266/1362/925 1269/1365/928 1270/1366/929 1267/1363/926
f 1268/1364/927 1271/1367/930 1269/1365/928 1266/1362/925
f 1269/1365/928 1272/1368/931 1273/1369/932 1270/1366/929
f 1271/1367/930 1274/1370/933 1272/1368/931 1269/1365/928
f 1272/1368/931 1275/1371/934 1276/1372/935 1273/1369/932
f 1274/1370/933 1277/1373/936 1275/1371/934 1272/1368/931
f 1275/1371/934 1278/1374/937 1280/1375/939 1276/1372/935
f 1277/1373/936 1279/1376/938 1278/1374/937 1275/1371/934
f 1279/1376/938 1283/1377/942 1281/1378/940 1278/1374/937
f 1278/1374/937 1281/1378/940 1282/1379/941 1280/1375/939
f 1281/1378/940 1284/1380/943 1285/1381/944 1282/1379/941
f 1283/1377/942 1286/1382/945 1284/1380/943 1281/1378/940
f 1284/1380/943 1287/1383/946 1288/1384/947 1285/1381/944
f 1286/1382/945 1289/1385/948 1287/1383/946 1284/1380/943
f 1287/1383/946 1290/1386/949 1291/1387/950 1288/1384/947
f 1289/1385/948 1292/1388/951 1290/1386/949 1287/1383/946
f 1290/1386/949 1293/1389/952 1294/1390/953 1291/1387/950
f 1292/1388/951 1295/1391/954 1293/1389/952 1290/1386/949
f 1293/1389/952 1296/1392/955 1298/1393/957 1294/1390/953
f 1295/1391/954 1297/1251/956 1296/1392/955 1293/1389/952
f 1297/1251/956 1161/1250/820 1299/1394/958 1296/1392/955
f 1296/1392/955 1299/1394/958 1300/1395/959 1298/1393/957
f 1299/1394/958 1170/1259/829 1301/1263/960 1300/1395/959
f 1161/1250/820 1164/1252/823 1170/1259/829 1299/1394/958
f 1301/1263/960 1303/1396/962 1300/1395/959
f 1300/1395/959 1302/1397/961 1298/1393/957
f 1300/1395/959 1303/1396/962 1302/1397/961
f 1169/1262/828 1303/1396/962 1301/1263/960
f 1303/1396/962 1304/1398/963 1302/1397/961
f 1305/1399/964 1304/1398/963 1303/1396/962
f 1169/1262/828 1305/1399/964 1303/1396/962
f 1174/1268/833 1305/1400/964 1172/1264/831
f 1172/1264/831 1305/1400/964 1169/1265/828
f 1306/1401/965 1304/1402/963 1305/1400/964
f 1174/1268/833 1306/1401/965 1305/1400/964
f 1180/1274/839 1306/1401/965 1178/1270/837
f 1178/1270/837 1306/1401/965 1174/1268/833
f 1307/1403/966 1304/1402/963 1306/1401/965
f 1180/1274/839 1307/1403/966 1306/1401/965
f 1186/1279/845 1307/1403/966 1183/1276/842
f 1183/1276/842 1307/1403/966 1180/1274/839
f 1308/1404/967 1304/1402/963 1307/1403/966
f 1186/1279/845 1308/1404/967 1307/1403/966
f 1192/1286/851 1308/1404/967 1190/1282/849
f 1190/1282/849 1308/1404/967 1186/1279/845
f 1309/1405/968 1304/1402/963 1308/1404/967
f 1192/1286/851 1309/1405/968 1308/1404/967
f 1198/1291/857 1309/1405/968 1195/1288/854
f 1195/1288/854 1309/1405/968 1192/1286/851
f 1310/1406/969 1304/1402/963 1309/1405/968
f 1198/1291/857 1310/1406/969 1309/1405/968
f 1204/1297/863 1310/1406/969 1201/1294/860
f 1201/1294/860 1310/1406/969 1198/1291/857
f 1311/1407/970 1304/1402/963 1310/1406/969
f 1204/1297/863 1311/1407/970 1310/1406/969
f 1210/1304/869 1311/1407/970 1208/1300/867
f 1208/1300/867 1311/1407/970 1204/1297/863
f 1312/1408/971 1304/1402/963 1311/1407/970
f 1210/1304/869 1312/1408/971 1311/1407/970
f 1216/1309/875 1312/1408/971 1213/1306/872
f 1213/1306/872 1312/1408/971 1210/1304/869
f 1313/1409/972 1304/1402/963 1312/1408/971
f 1216/1309/875 1313/1409/972 1312/1408/971
f 1222/1315/881 1313/1409/972 1219/1312/878
f 1219/1312/878 1313/1409/972 1216/1309/875
f 1314/1410/973 1304/1402/963 1313/1409/972
f 1222/1315/881 1314/1410/973 1313/1409/972
f 1228/1322/887 1314/1410/973 1226/1318/885
f 1226/1318/885 1314/1410/973 1222/1315/881
f 1315/1411/974 1304/1402/963 1314/1410/973
f 1228/1322/887 1315/1411/974 1314/1410/973
f 1234/1327/893 1315/1411/974 1231/1324/890
f 1231/1324/890 1315/1411/974 1228/1322/887
f 1316/1412/975 1304/1402/963 1315/1411/974
f 1234/1327/893 1316/1412/975 1315/1411/974
f 1240/1333/899 1316/1412/975 1237/1330/896
f 1237/1330/896 1316/1412/975 1234/1327/893
f 1317/1413/976 1304/1402/963 1316/1412/975
f 1240/1333/899 1317/1413/976 1316/1412/975
f 1246/1342/905 1317/1414/976 1244/1343/903
f 1244/1336/903 1317/1413/976 1240/1333/899
f 1318/1415/977 1304/1398/963 1317/1414/976
f 1246/1342/905 1318/1415/977 1317/1414/976
f 1252/1348/911 1318/1415/977 1249/1345/908
f 1249/1345/908 1318/1415/977 1246/1342/905
f 1319/1416/978 1304/1398/963 1318/1415/977
f 1252/1348/911 1319/1416/978 1318/1415/977
f 1258/1354/917 1319/1416/978 1255/1351/914
f 1255/1351/914 1319/1416/978 1252/1348/911
f 1320/1417/979 1304/1398/963 1319/1416/978
f 1258/1354/917 1320/1417/979 1319/1416/978
f 1264/1361/923 1320/1417/979 1262/1357/921
f 1262/1357/921 1320/1417/979 1258/1354/917
f 1321/1418/980 1304/1398/963 1320/1417/979
f 1264/1361/923 1321/1418/980 1320/1417/979
f 1270/1366/929 1321/1418/980 1267/1363/926
f 1267/1363/926 1321/1418/980 1264/1361/923
f 1322/1419/981 1304/1398/963 1321/1418/980
f 1270/1366/929 1322/1419/981 1321/1418/980
f 1276/1372/935 1322/1419/981 1273/1369/932
f 1273/1369/932 1322/1419/981 1270/1366/929
f 1323/1420/982 1304/1398/963 1322/1419/981
f 1276/1372/935 1323/1420/982 1322/1419/981
f 1282/1379/941 1323/1420/982 1280/1375/939
f 1280/1375/939 1323/1420/982 1276/1372/935
f 1324/1421/983 1304/1398/963 1323/1420/982
f 1282/1379/941 1324/1421/983 1323/1420/982
f 1288/1384/947 1324/1421/983 1285/1381/944
f 1285/1381/944 1324/1421/983 1282/1379/941
f 1325/1422/984 1304/1398/963 1324/1421/983
f 1288/1384/947 1325/1422/984 1324/1421/983
f 1294/1390/953 1325/1422/984 1291/1387/950
f 1291/1387/950 1325/1422/984 1288/1384/947
f 1302/1397/961 1304/1398/963 1325/1422/984
f 1294/1390/953 1302/1397/961 1325/1422/984
f 1298/1393/957 1302/1397/961 1294/1390/953
f 1326/1423/985 1162/1249/821 1297/1251/956 1295/1391/954
f 1328/1424/987 1326/1423/985 1295/1391/954 1292/1388/951
f 1327/1425/986 1159/1248/818 1162/1249/821 1326/1423/985
f 1329/1426/988 1327/1425/986 1326/1423/985 1328/1424/987
f 1330/1427/989 1328/1424/987 1292/1388/951 1289/1385/948
f 1331/1428/990 1329/1426/988 1328/1424/987 1330/1427/989
f 1332/1429/991 1330/1427/989 1289/1385/948 1286/1382/945
f 1333/1430/992 1331/1428/990 1330/1427/989 1332/1429/991
f 1334/1431/993 1332/1429/991 1286/1382/945 1283/1377/942
f 1335/1432/994 1333/1430/992 1332/1429/991 1334/1431/993
f 1336/1433/995 1334/1431/993 1283/1377/942 1279/1376/938
f 1337/1434/996 1335/1432/994 1334/1431/993 1336/1433/995
f 1339/1435/998 1337/1434/996 1336/1433/995 1338/1436/997
f 1338/1436/997 1336/1433/995 1279/1376/938 1277/1373/936
f 1340/1437/999 1338/1436/997 1277/1373/936 1274/1370/933
f 1341/1438/1000 1339/1435/998 1338/1436/997 1340/1437/999
f 1342/1439/1001 1340/1437/999 1274/1370/933 1271/1367/930
f 1343/1440/1002 1341/1438/1000 1340/1437/999 1342/1439/1001
f 1344/1441/1003 1342/1439/1001 1271/1367/930 1268/1364/927
f 1345/1442/1004 1343/1440/1002 1342/1439/1001 1344/1441/1003
f 1346/1443/1005 1344/1441/1003 1268/1364/927 1265/1359/924
f 1347/1444/1006 1345/1442/1004 1344/1441/1003 1346/1443/1005
f 1348/1445/1007 1346/1443/1005 1265/1359/924 1261/1358/920
f 1349/1446/1008 1347/1444/1006 1346/1443/1005 1348/1445/1007
f 1351/1447/1010 1349/1446/1008 1348/1445/1007 1350/1448/1009
f 1350/1448/1009 1348/1445/1007 1261/1358/920 1259/1355/918
f 1352/1449/1011 1350/1448/1009 1259/1355/918 1256/1352/915
f 1353/1450/1012 1351/1447/1010 1350/1448/1009 1352/1449/1011
f 1354/1451/1013 1352/1449/1011 1256/1352/915 1253/1349/912
f 1355/1452/1014 1353/1450/1012 1352/1449/1011 1354/1451/1013
f 1356/1453/1015 1354/1451/1013 1253/1349/912 1250/1346/909
f 1357/1454/1016 1355/1452/1014 1354/1451/1013 1356/1453/1015
f 1358/1455/1017 1356/1453/1015 1250/1346/909 1247/1339/906
f 1359/1456/1018 1357/1454/1016 1356/1453/1015 1358/1455/1017
f 1360/1457/1019 1358/1455/1017 1247/1339/906 1243/1338/902
f 1361/1458/1020 1359/1456/1018 1358/1455/1017 1360/1457/1019
f 1363/1459/1022 1361/1460/1020 1360/1461/1019 1362/1462/1021
f 1362/1462/1021 1360/1461/1019 1243/1337/902 1241/1334/900
f 1364/1463/1023 1362/1462/1021 1241/1334/900 1238/1331/897
f 1365/1464/1024 1363/1459/1022 1362/1462/1021 1364/1463/1023
f 1367/1465/1026 1365/1464/1024 1364/1463/1023 1366/1466/1025
f 1366/1466/1025 1364/1463/1023 1238/1331/897 1235/1328/894
f 1368/1467/1027 1366/1466/1025 1235/1328/894 1232/1325/891
f 1369/1468/1028 1367/1465/1026 1366/1466/1025 1368/1467/1027
f 1370/1469/1029 1368/1467/1027 1232/1325/891 1229/1320/888
f 1371/1470/1030 1369/1468/1028 1368/1467/1027 1370/1469/1029
f 1372/1471/1031 1370/1469/1029 1229/1320/888 1225/1319/884
f 1373/1472/1032 1371/1470/1030 1370/1469/1029 1372/1471/1031
f 1375/1473/1034 1373/1472/1032 1372/1471/1031 1374/1474/1033
f 1374/1474/1033 1372/1471/1031 1225/1319/884 1223/1316/882
f 1376/1475/1035 1374/1474/1033 1223/1316/882 1220/1313/879
f 1377/1476/1036 1375/1473/1034 1374/1474/1033 1376/1475/1035
f 1378/1477/1037 1376/1475/1035 1220/1313/879 1217/1310/876
f 1379/1478/1038 1377/1476/1036 1376/1475/1035 1378/1477/1037
f 1380/1479/1039 1378/1477/1037 1217/1310/876 1214/1307/873
f 1381/1480/1040 1379/1478/1038 1378/1477/1037 1380/1479/1039
f 1383/1481/1042 1381/1480/1040 1380/1479/1039 1382/1482/1041
f 1382/1482/1041 1380/1479/1039 1214/1307/873 1211/1302/870
f 1384/1483/1043 1382/1482/1041 1211/1302/870 1207/1301/866
f 1385/1484/1044 1383/1481/1042 1382/1482/1041 1384/1483/1043
f 1386/1485/1045 1384/1483/1043 1207/1301/866 1205/1298/864
f 1387/1486/1046 1385/1484/1044 1384/1483/1043 1386/1485/1045
f 1388/1487/1047 1386/1485/1045 1205/1298/864 1202/1295/861
f 1389/1488/1048 1387/1486/1046 1386/1485/1045 1388/1487/1047
f 1390/1489/1049 1388/1487/1047 1202/1295/861 1199/1292/858
f 1391/1490/1050 1389/1488/1048 1388/1487/1047 1390/1489/1049
f 1392/1491/1051 1390/1489/1049 1199/1292/858 1196/1289/855
f 1393/1492/1052 1391/1490/1050 1390/1489/1049 1392/1491/1051
f 1394/1493/1053 1392/1491/1051 1196/1289/855 1193/1284/852
f 1395/1494/1054 1393/1492/1052 1392/1491/1051 1394/1493/1053
f 1396/1495/1055 1394/1493/1053 1193/1284/852 1189/1283/848
f 1397/1496/1056 1395/1494/1054 1394/1493/1053 1396/1495/1055
f 1399/1497/1058 1397/1496/1056 1396/1495/1055 1398/1498/1057
f 1398/1498/1057 1396/1495/1055 1189/1283/848 1187/1280/846
f 1400/1499/1059 1398/1498/1057 1187/1280/846 1184/1277/843
f 1401/1500/1060 1399/1497/1058 1398/1498/1057 1400/1499/1059
f 1402/1501/1061 1400/1499/1059 1184/1277/843 1181/1272/840
f 1403/1502/1062 1401/1500/1060 1400/1499/1059 1402/1501/1061
f 1404/1038/1063 1402/1501/1061 1181/1272/840 1177/1271/836
f 978/1037/637 1403/1502/1062 1402/1501/1061 1404/1038/1063
f 979/1034/638 1404/1038/1063 1177/1271/836 1175/1266/834
f 1406/1503/1065 1401/1504/1060 1403/1505/1062 1405/1506/1064
f 1405/1506/1064 1403/1505/1062 978/1036/637 981/1035/640
f 1407/1507/1066 1405/1506/1064 981/1035/640 984/1041/643
f 1408/1508/1067 1406/1503/1065 1405/1506/1064 1407/1507/1066
f 1410/1509/1069 1408/1508/1067 1407/1507/1066 1409/1510/1068
f 1409/1510/1068 1407/1507/1066 984/1041/643 987/1044/646
f 1411/1511/1070 1409/1510/1068 987/1044/646 989/1047/648
f 1412/1512/1071 1410/1509/1069 1409/1510/1068 1411/1511/1070
f 1413/1513/1072 1411/1511/1070 989/1047/648 993/1048/652
f 1414/1514/1073 1412/1512/1071 1411/1511/1070 1413/1513/1072
f 1415/1515/1074 1413/1513/1072 993/1048/652 995/1053/654
f 1416/1516/1075 1414/1514/1073 1413/1513/1072 1415/1515/1074
f 1418/1517/1077 1416/1516/1075 1415/1515/1074 1417/1518/1076
f 1417/1518/1076 1415/1515/1074 995/1053/654 999/1054/658
f 1419/1519/1078 1417/1518/1076 999/1054/658 1001/1059/660
f 1420/1520/1079 1418/1517/1077 1417/1518/1076 1419/1519/1078
f 1422/1521/1081 1420/1520/1079 1419/1519/1078 1421/1522/1080
f 1421/1522/1080 1419/1519/1078 1001/1059/660 1005/1060/664
f 1423/1523/1082 1421/1522/1080 1005/1060/664 1007/1065/666
f 1424/1524/1083 1422/1521/1081 1421/1522/1080 1423/1523/1082
f 1426/1525/1085 1424/1524/1083 1423/1523/1082 1425/1526/1084
f 1425/1526/1084 1423/1523/1082 1007/1065/666 1011/1066/670
f 1427/1527/1086 1425/1526/1084 1011/1066/670 1014/1071/673
f 1428/1528/1087 1426/1525/1085 1425/1526/1084 1427/1527/1086
f 1430/1529/1089 1428/1528/1087 1427/1527/1086 1429/1530/1088
f 1429/1530/1088 1427/1527/1086 1014/1071/673 1017/1074/676
f 1431/1531/1090 1429/1530/1088 1017/1074/676 1019/1077/678
f 1432/1532/1091 1430/1529/1089 1429/1530/1088 1431/1531/1090
f 1433/1533/1092 1431/1531/1090 1019/1077/678 1023/1078/682
f 1434/1534/1093 1432/1532/1091 1431/1531/1090 1433/1533/1092
f 1435/1535/1094 1433/1533/1092 1023/1078/682 1025/1083/684
f 1436/1536/1095 1434/1534/1093 1433/1533/1092 1435/1535/1094
f 1438/1537/1097 1436/1536/1095 1435/1535/1094 1437/1538/1096
f 1437/1538/1096 1435/1535/1094 1025/1083/684 1029/1084/688
f 1439/1539/1098 1437/1538/1096 1029/1084/688 1031/1089/690
f 1440/1540/1099 1438/1537/1097 1437/1538/1096 1439/1539/1098
f 1442/1541/1101 1440/1540/1099 1439/1539/1098 1441/1542/1100
f 1441/1542/1100 1439/1539/1098 1031/1089/690 1035/1090/694
f 1443/1543/1102 1441/1542/1100 1035/1090/694 1037/1095/696
f 1444/1544/1103 1442/1541/1101 1441/1542/1100 1443/1543/1102
f 1446/1545/1105 1444/1544/1103 1443/1543/1102 1445/1546/1104
f 1445/1546/1104 1443/1543/1102 1037/1095/696 1041/1096/700
f 1048/1106/707 1445/1546/1104 1041/1096/700 1043/1101/702
f 1050/1108/709 1446/1545/1105 1445/1546/1104 1048/1106/707
f 1051/1109/710 1447/1547/1106 1446/1545/1105 1050/1108/709
f 1447/1547/1106 1449/1548/1108 1444/1544/1103 1446/1545/1105
f 1448/1549/1107 1450/1550/1109 1449/1548/1108 1447/1547/1106
f 1053/1111/712 1448/1549/1107 1447/1547/1106 1051/1109/710
f 1450/1550/1109 1452/1551/1111 1451/1552/1110 1449/1548/1108
f 1449/1548/1108 1451/1552/1110 1442/1541/1101 1444/1544/1103
f 1451/1552/1110 1453/1553/1112 1440/1540/1099 1442/1541/1101
f 1452/1551/1111 1454/1554/1113 1453/1553/1112 1451/1552/1110
f 1454/1554/1113 1456/1555/1115 1455/1556/1114 1453/1553/1112
f 1453/1553/1112 1455/1556/1114 1438/1537/1097 1440/1540/1099
f 1455/1556/1114 1457/1557/1116 1436/1536/1095 1438/1537/1097
f 1456/1555/1115 1458/1558/1117 1457/1557/1116 1455/1556/1114
f 1457/1557/1116 1459/1559/1118 1434/1534/1093 1436/1536/1095
f 1458/1558/1117 1460/1560/1119 1459/1559/1118 1457/1557/1116
f 1459/1559/1118 1461/1561/1120 1432/1532/1091 1434/1534/1093
f 1460/1560/1119 1462/1562/1121 1461/1561/1120 1459/1559/1118
f 1462/1562/1121 1464/1563/1123 1463/1564/1122 1461/1561/1120
f 1461/1561/1120 1463/1564/1122 1430/1529/1089 1432/1532/1091
f 1463/1564/1122 1465/1565/1124 1428/1528/1087 1430/1529/1089
f 1464/1563/1123 1466/1566/1125 1465/1565/1124 1463/1564/1122
f 1466/1566/1125 1468/1567/1127 1467/1568/1126 1465/1565/1124
f 1465/1565/1124 1467/1568/1126 1426/1525/1085 1428/1528/1087
f 1467/1568/1126 1469/1569/1128 1424/1524/1083 1426/1525/1085
f 1468/1567/1127 1470/1570/1129 1469/1569/1128 1467/1568/1126
f 1470/1570/1129 1472/1571/1131 1471/1572/1130 1469/1569/1128
f 1469/1569/1128 1471/1572/1130 1422/1521/1081 1424/1524/1083
f 1471/1572/1130 1473/1573/1132 1420/1520/1079 1422/1521/1081
f 1472/1571/1131 1474/1574/1133 1473/1573/1132 1471/1572/1130
f 1474/1574/1133 1476/1575/1135 1475/1576/1134 1473/1573/1132
f 1473/1573/1132 1475/1576/1134 1418/1517/1077 1420/1520/1079
f 1475/1576/1134 1477/1577/1136 1416/1516/1075 1418/1517/1077
f 1476/1575/1135 1478/1578/1137 1477/1577/1136 1475/1576/1134
f 1478/1578/1137 1480/1579/1139 1479/1580/1138 1477/1577/1136
f 1477/1577/1136 1479/1580/1138 1414/1514/1073 1416/1516/1075
f 1479/1580/1138 1481/1581/1140 1412/1512/1071 1414/1514/1073
f 1480/1579/1139 1482/1582/1141 1481/1581/1140 1479/1580/1138
f 1481/1581/1140 1483/1583/1142 1410/1509/1069 1412/1512/1071
f 1482/1582/1141 1484/1584/1143 1483/1583/1142 1481/1581/1140
f 1483/1583/1142 1485/1585/1144 1408/1508/1067 1410/1509/1069
f 1484/1584/1143 1486/1586/1145 1485/1585/1144 1483/1583/1142
f 1486/1586/1145 1488/1587/1147 1487/1588/1146 1485/1585/1144
f 1485/1585/1144 1487/1588/1146 1406/1503/1065 1408/1508/1067
f 1487/1588/1146 1399/1589/1058 1401/1504/1060 1406/1503/1065
f 1488/1587/1147 1397/1590/1056 1399/1589/1058 1487/1588/1146
f 1491/1591/1150 1489/1592/1148 1488/1587/1147 1486/1586/1145
f 1489/1592/1148 1395/1593/1054 1397/1590/1056 1488/1587/1147
f 1490/1594/1149 1393/1595/1052 1395/1593/1054 1489/1592/1148
f 1492/1596/1151 1490/1594/1149 1489/1592/1148 1491/1591/1150
f 1494/1597/1153 1492/1596/1151 1491/1591/1150 1493/1598/1152
f 1493/1598/1152 1491/1591/1150 1486/1586/1145 1484/1584/1143
f 1495/1599/1154 1493/1598/1152 1484/1584/1143 1482/1582/1141
f 1496/1600/1155 1494/1597/1153 1493/1598/1152 1495/1599/1154
f 1498/1601/1157 1496/1600/1155 1495/1599/1154 1497/1602/1156
f 1497/1602/1156 1495/1599/1154 1482/1582/1141 1480/1579/1139
f 1499/1603/1158 1497/1602/1156 1480/1579/1139 1478/1578/1137
f 1500/1604/1159 1498/1601/1157 1497/1602/1156 1499/1603/1158
f 1501/1605/1160 1499/1603/1158 1478/1578/1137 1476/1575/1135
f 1502/1606/1161 1500/1604/1159 1499/1603/1158 1501/1605/1160
f 1503/1607/1162 1501/1605/1160 1476/1575/1135 1474/1574/1133
f 1504/1608/1163 1502/1606/1161 1501/1605/1160 1503/1607/1162
f 1506/1609/1165 1504/1608/1163 1503/1607/1162 1505/1610/1164
f 1505/1610/1164 1503/1607/1162 1474/1574/1133 1472/1571/1131
f 1507/1611/1166 1505/1610/1164 1472/1571/1131 1470/1570/1129
f 1508/1612/1167 1506/1609/1165 1505/1610/1164 1507/1611/1166
f 1510/1613/1169 1508/1612/1167 1507/1611/1166 1509/1614/1168
f 1509/1614/1168 1507/1611/1166 1470/1570/1129 1468/1567/1127
f 1511/1615/1170 1509/1614/1168 1468/1567/1127 1466/1566/1125
f 1512/1616/1171 1510/1613/1169 1509/1614/1168 1511/1615/1170
f 1514/1617/1173 1512/1616/1171 1511/1615/1170 1513/1618/1172
f 1513/1618/1172 1511/1615/1170 1466/1566/1125 1464/1563/1123
f 1515/1619/1174 1513/1618/1172 1464/1563/1123 1462/1562/1121
f 1516/1620/1175 1514/1617/1173 1513/1618/1172 1515/1619/1174
f 1518/1621/1177 1516/1620/1175 1515/1619/1174 1517/1622/1176
f 1517/1622/1176 1515/1619/1174 1462/1562/1121 1460/1560/1119
f 1519/1623/1178 1517/1622/1176 1460/1560/1119 1458/1558/1117
f 1520/1624/1179 1518/1621/1177 1517/1622/1176 1519/1623/1178
f 1521/1625/1180 1519/1623/1178 1458/1558/1117 1456/1555/1115
f 1522/1626/1181 1520/1624/1179 1519/1623/1178 1521/1625/1180
f 1523/1627/1182 1521/1625/1180 1456/1555/1115 1454/1554/1113
f 1524/1628/1183 1522/1626/1181 1521/1625/1180 1523/1627/1182
f 1526/1629/1185 1524/1628/1183 1523/1627/1182 1525/1630/1184
f 1525/1630/1184 1523/1627/1182 1454/1554/1113 1452/1551/1111
f 1527/1631/1186 1525/1630/1184 1452/1551/1111 1450/1550/1109
f 1528/1632/1187 1526/1629/1185 1525/1630/1184 1527/1631/1186
f 1530/1633/1189 1528/1632/1187 1527/1631/1186 1529/1634/1188
f 1529/1634/1188 1527/1631/1186 1450/1550/1109 1448/1549/1107
f 1054/1112/713 1529/1634/1188 1448/1549/1107 1053/1111/712
f 1056/1114/715 1530/1633/1189 1529/1634/1188 1054/1112/713
f 1057/1115/716 1531/1635/1190 1530/1633/1189 1056/1114/715
f 1531/1635/1190 1533/1636/1192 1528/1632/1187 1530/1633/1189
f 1532/1637/1191 1534/1638/1193 1533/1636/1192 1531/1635/1190
f 1059/1117/718 1532/1637/1191 1531/1635/1190 1057/1115/716
f 1534/1638/1193 1536/1639/1195 1535/1640/1194 1533/1636/1192
f 1533/1636/1192 1535/1640/1194 1526/1629/1185 1528/1632/1187
f 1535/1640/1194 1537/1641/1196 1524/1628/1183 1526/1629/1185
f 1536/1639/1195 1538/1642/1197 1537/1641/1196 1535/1640/1194
f 1537/1641/1196 1539/1643/1198 1522/1626/1181 1524/1628/1183
f 1538/1642/1197 1540/1644/1199 1539/1643/1198 1537/1641/1196
f 1539/1643/1198 1541/1645/1200 1520/1624/1179 1522/1626/1181
f 1540/1644/1199 1542/1646/1201 1541/1645/1200 1539/1643/1198
f 1542/1646/1201 1544/1647/1203 1543/1648/1202 1541/1645/1200
f 1541/1645/1200 1543/1648/1202 1518/1621/1177 1520/1624/1179
f 1543/1648/1202 1545/1649/1204 1516/1620/1175 1518/1621/1177
f 1544/1647/1203 1546/1650/1205 1545/1649/1204 1543/1648/1202
f 1546/1650/1205 1548/1651/1207 1547/1652/1206 1545/1649/1204
f 1545/1649/1204 1547/1652/1206 1514/1617/1173 1516/1620/1175
f 1547/1652/1206 1549/1653/1208 1512/1616/1171 1514/1617/1173
f 1548/1651/1207 1550/1654/1209 1549/1653/1208 1547/1652/1206
f 1550/1654/1209 1552/1655/1211 1551/1656/1210 1549/1653/1208
f 1549/1653/1208 1551/1656/1210 1510/1613/1169 1512/1616/1171
f 1551/1656/1210 1553/1657/1212 1508/1612/1167 1510/1613/1169
f 1552/1655/1211 1554/1658/1213 1553/1657/1212 1551/1656/1210
f 1554/1658/1213 1556/1659/1215 1555/1660/1214 1553/1657/1212
f 1553/1657/1212 1555/1660/1214 1506/1609/1165 1508/1612/1167
f 1555/1660/1214 1557/1661/1216 1504/1608/1163 1506/1609/1165
f 1556/1659/1215 1558/1662/1217 1557/1661/1216 1555/1660/1214
f 1558/1662/1217 1560/1663/1219 1559/1664/1218 1557/1661/1216
f 1557/1661/1216 1559/1664/1218 1502/1606/1161 1504/1608/1163
f 1559/1664/1218 1561/1665/1220 1500/1604/1159 1502/1606/1161
f 1560/1663/1219 1562/1666/1221 1561/1665/1220 1559/1664/1218
f 1561/1665/1220 1563/1667/1222 1498/1601/1157 1500/1604/1159
f 1562/1666/1221 1564/1668/1223 1563/1667/1222 1561/1665/1220
f 1563/1667/1222 1565/1669/1224 1496/1600/1155 1498/1601/1157
f 1564/1668/1223 1566/1670/1225 1565/1669/1224 1563/1667/1222
f 1566/1670/1225 1568/1671/1227 1567/1672/1226 1565/1669/1224
f 1565/1669/1224 1567/1672/1226 1494/1597/1153 1496/1600/1155
f 1567/1672/1226 1569/1673/1228 1492/1596/1151 1494/1597/1153
f 1568/1671/1227 1570/1674/1229 1569/1673/1228 1567/1672/1226
f 1570/1674/1229 1572/1675/1231 1571/1676/1230 1569/1673/1228
f 1569/1673/1228 1571/1676/1230 1490/1594/1149 1492/1596/1151
f 1571/1676/1230 1391/1677/1050 1393/1595/1052 1490/1594/1149
f 1572/1675/1231 1389/1678/1048 1391/1677/1050 1571/1676/1230
f 1575/1679/1234 1573/1680/1232 1572/1675/1231 1570/1674/1229
f 1573/1680/1232 1387/1681/1046 1389/1678/1048 1572/1675/1231
f 1574/1682/1233 1385/1683/1044 1387/1681/1046 1573/1680/1232
f 1576/1684/1235 1574/1682/1233 1573/1680/1232 1575/1679/1234
f 1578/1685/1237 1576/1684/1235 1575/1679/1234 1577/1686/1236
f 1577/1686/1236 1575/1679/1234 1570/1674/1229 1568/1671/1227
f 1579/1687/1238 1577/1686/1236 1568/1671/1227 1566/1670/1225
f 1580/1688/1239 1578/1685/1237 1577/1686/1236 1579/1687/1238
f 1582/1689/1241 1580/1688/1239 1579/1687/1238 1581/1690/1240
f 1581/1690/1240 1579/1687/1238 1566/1670/1225 1564/1668/1223
f 1583/1691/1242 1581/1690/1240 1564/1668/1223 1562/1666/1221
f 1584/1692/1243 1582/1689/1241 1581/1690/1240 1583/1691/1242
f 1586/1693/1245 1584/1692/1243 1583/1691/1242 1585/1694/1244
f 1585/1694/1244 1583/1691/1242 1562/1666/1221 1560/1663/1219
f 1587/1695/1246 1585/1694/1244 1560/1663/1219 1558/1662/1217
f 1588/1696/1247 1586/1693/1245 1585/1694/1244 1587/1695/1246
f 1589/1697/1248 1587/1695/1246 1558/1662/1217 1556/1659/1215
f 1590/1698/1249 1588/1696/1247 1587/1695/1246 1589/1697/1248
f 1591/1699/1250 1589/1697/1248 1556/1659/1215 1554/1658/1213
f 1592/1700/1251 1590/1698/1249 1589/1697/1248 1591/1699/1250
f 1594/1701/1253 1592/1700/1251 1591/1699/1250 1593/1702/1252
f 1593/1702/1252 1591/1699/1250 1554/1658/1213 1552/1655/1211
f 1595/1703/1254 1593/1702/1252 1552/1655/1211 1550/1654/1209
f 1596/1704/1255 1594/1701/1253 1593/1702/1252 1595/1703/1254
f 1598/1705/1257 1596/1704/1255 1595/1703/1254 1597/1706/1256
f 1597/1706/1256 1595/1703/1254 1550/1654/1209 1548/1651/1207
f 1599/1707/1258 1597/1706/1256 1548/1651/1207 1546/1650/1205
f 1600/1708/1259 1598/1705/1257 1597/1706/1256 1599/1707/1258
f 1602/1709/1261 1600/1708/1259 1599/1707/1258 1601/1710/1260
f 1601/1710/1260 1599/1707/1258 1546/1650/1205 1544/1647/1203
f 1603/1711/1262 1601/1710/1260 1544/1647/1203 1542/1646/1201
f 1604/1712/1263 1602/1709/1261 1601/1710/1260 1603/1711/1262
f 1606/1713/1265 1604/1712/1263 1603/1711/1262 1605/1714/1264
f 1605/1714/1264 1603/1711/1262 1542/1646/1201 1540/1644/1199
f 1607/1715/1266 1605/1714/1264 1540/1644/1199 1538/1642/1197
f 1608/1716/1267 1606/1713/1265 1605/1714/1264 1607/1715/1266
f 1609/1717/1268 1607/1715/1266 1538/1642/1197 1536/1639/1195
f 1610/1718/1269 1608/1716/1267 1607/1715/1266 1609/1717/1268
f 1611/1719/1270 1609/1717/1268 1536/1639/1195 1534/1638/1193
f 1612/1720/1271 1610/1718/1269 1609/1717/1268 1611/1719/1270
f 1614/1721/1273 1612/1720/1271 1611/1719/1270 1613/1722/1272
f 1613/1722/1272 1611/1719/1270 1534/1638/1193 1532/1637/1191
f 1060/1118/719 1613/1722/1272 1532/1637/1191 1059/1117/718
f 1062/1120/721 1614/1721/1273 1613/1722/1272 1060/1118/719
f 1063/1121/722 1615/1723/1274 1614/1721/1273 1062/1120/721
f 1615/1723/1274 1617/1724/1276 1612/1720/1271 1614/1721/1273
f 1616/1725/1275 1618/1726/1277 1617/1724/1276 1615/1723/1274
f 1065/1123/724 1616/1725/1275 1615/1723/1274 1063/1121/722
f 1617/1724/1276 1619/1727/1278 1610/1718/1269 1612/1720/1271
f 1618/1726/1277 1620/1728/1279 1619/1727/1278 1617/1724/1276
f 1619/1727/1278 1621/1729/1280 1608/1716/1267 1610/1718/1269
f 1620/1728/1279 1622/1730/1281 1621/1729/1280 1619/1727/1278
f 1622/1730/1281 1624/1731/1283 1623/1732/1282 1621/1729/1280
f 1621/1729/1280 1623/1732/1282 1606/1713/1265 1608/1716/1267
f 1623/1732/1282 1625/1733/1284 1604/1712/1263 1606/1713/1265
f 1624/1731/1283 1626/1734/1285 1625/1733/1284 1623/1732/1282
f 1626/1734/1285 1628/1735/1287 1627/1736/1286 1625/1733/1284
f 1625/1733/1284 1627/1736/1286 1602/1709/1261 1604/1712/1263
f 1627/1736/1286 1629/1737/1288 1600/1708/1259 1602/1709/1261
f 1628/1735/1287 1630/1738/1289 1629/1737/1288 1627/1736/1286
f 1630/1738/1289 1632/1739/1291 1631/1740/1290 1629/1737/1288
f 1629/1737/1288 1631/1740/1290 1598/1705/1257 1600/1708/1259
f 1631/1740/1290 1633/1741/1292 1596/1704/1255 1598/1705/1257
f 1632/1739/1291 1634/1742/1293 1633/1741/1292 1631/1740/1290
f 1634/1742/1293 1636/1743/1295 1635/1744/1294 1633/1741/1292
f 1633/1741/1292 1635/1744/1294 1594/1701/1253 1596/1704/1255
f 1635/1744/1294 1637/1745/1296 1592/1700/1251 1594/1701/1253
f 1636/1743/1295 1638/1746/1297 1637/1745/1296 1635/1744/1294
f 1637/1745/1296 1639/1747/1298 1590/1698/1249 1592/1700/1251
f 1638/1746/1297 1640/1748/1299 1639/1747/1298 1637/1745/1296
f 1639/1747/1298 1641/1749/1300 1588/1696/1247 1590/1698/1249
f 1640/1748/1299 1642/1750/1301 1641/1749/1300 1639/1747/1298
f 1642/1750/1301 1644/1751/1303 1643/1752/1302 1641/1749/1300
f 1641/1749/1300 1643/1752/1302 1586/1693/1245 1588/1696/1247
f 1643/1752/1302 1645/1753/1304 1584/1692/1243 1586/1693/1245
f 1644/1751/1303 1646/1754/1305 1645/1753/1304 1643/1752/1302
f 1646/1754/1305 1648/1755/1307 1647/1756/1306 1645/1753/1304
f 1645/1753/1304 1647/1756/1306 1582/1689/1241 1584/1692/1243
f 1647/1756/1306 1649/1757/1308 1580/1688/1239 1582/1689/1241
f 1648/1755/1307 1650/1758/1309 1649/1757/1308 1647/1756/1306
f 1650/1758/1309 1652/1759/1311 1651/1760/1310 1649/1757/1308
f 1649/1757/1308 1651/1760/1310 1578/1685/1237 1580/1688/1239
f 1651/1760/1310 1653/1761/1312 1576/1684/1235 1578/1685/1237
f 1652/1759/1311 1654/1762/1313 1653/1761/1312 1651/1760/1310
f 1654/1762/1313 1656/1763/1315 1655/1764/1314 1653/1761/1312
f 1653/1761/1312 1655/1764/1314 1574/1682/1233 1576/1684/1235
f 1655/1764/1314 1383/1765/1042 1385/1683/1044 1574/1682/1233
f 1656/1763/1315 1381/1766/1040 1383/1765/1042 1655/1764/1314
f 1659/1767/1318 1657/1768/1316 1656/1763/1315 1654/1762/1313
f 1657/1768/1316 1379/1769/1038 1381/1766/1040 1656/1763/1315
f 1658/1770/1317 1377/1771/1036 1379/1769/1038 1657/1768/1316
f 1660/1772/1319 1658/1770/1317 1657/1768/1316 1659/1767/1318
f 1662/1773/1321 1660/1772/1319 1659/1767/1318 1661/1774/1320
f 1661/1774/1320 1659/1767/1318 1654/1762/1313 1652/1759/1311
f 1663/1775/1322 1661/1774/1320 1652/1759/1311 1650/1758/1309
f 1664/1776/1323 1662/1773/1321 1661/1774/1320 1663/1775/1322
f 1666/1777/1325 1664/1776/1323 1663/1775/1322 1665/1778/1324
f 1665/1778/1324 1663/1775/1322 1650/1758/1309 1648/1755/1307
f 1667/1779/1326 1665/1778/1324 1648/1755/1307 1646/1754/1305
f 1668/1780/1327 1666/1777/1325 1665/1778/1324 1667/1779/1326
f 1670/1781/1329 1668/1780/1327 1667/1779/1326 1669/1782/1328
f 1669/1782/1328 1667/1779/1326 1646/1754/1305 1644/1751/1303
f 1671/1783/1330 1669/1782/1328 1644/1751/1303 1642/1750/1301
f 1672/1784/1331 1670/1781/1329 1669/1782/1328 1671/1783/1330
f 1674/1785/1333 1672/1784/1331 1671/1783/1330 1673/1786/1332
f 1673/1786/1332 1671/1783/1330 1642/1750/1301 1640/1748/1299
f 1675/1787/1334 1673/1786/1332 1640/1748/1299 1638/1746/1297
f 1676/1788/1335 1674/1785/1333 1673/1786/1332 1675/1787/1334
f 1677/1789/1336 1675/1787/1334 1638/1746/1297 1636/1743/1295
f 1678/1790/1337 1676/1788/1335 1675/1787/1334 1677/1789/1336
f 1679/1791/1338 1677/1789/1336 1636/1743/1295 1634/1742/1293
f 1680/1792/1339 1678/1790/1337 1677/1789/1336 1679/1791/1338
f 1682/1793/1341 1680/1792/1339 1679/1791/1338 1681/1794/1340
f 1681/1794/1340 1679/1791/1338 1634/1742/1293 1632/1739/1291
f 1683/1795/1342 1681/1794/1340 1632/1739/1291 1630/1738/1289
f 1684/1796/1343 1682/1793/1341 1681/1794/1340 1683/1795/1342
f 1686/1797/1345 1684/1796/1343 1683/1795/1342 1685/1798/1344
f 1685/1798/1344 1683/1795/1342 1630/1738/1289 1628/1735/1287
f 1687/1799/1346 1685/1798/1344 1628/1735/1287 1626/1734/1285
f 1688/1800/1347 1686/1797/1345 1685/1798/1344 1687/1799/1346
f 1690/1801/1349 1688/1800/1347 1687/1799/1346 1689/1802/1348
f 1689/1802/1348 1687/1799/1346 1626/1734/1285 1624/1731/1283
f 1691/1803/1350 1689/1802/1348 1624/1731/1283 1622/1730/1281
f 1692/1804/1351 1690/1801/1349 1689/1802/1348 1691/1803/1350
f 1694/1805/1353 1692/1804/1351 1691/1803/1350 1693/1806/1352
f 1693/1806/1352 1691/1803/1350 1622/1730/1281 1620/1728/1279
f 1695/1807/1354 1693/1806/1352 1620/1728/1279 1618/1726/1277
f 1696/1808/1355 1694/1805/1353 1693/1806/1352 1695/1807/1354
f 1697/1809/1356 1695/1807/1354 1618/1726/1277 1616/1725/1275
f 1698/1810/1357 1696/1808/1355 1695/1807/1354 1697/1809/1356
f 1066/1124/725 1697/1809/1356 1616/1725/1275 1065/1123/724
f 1068/1126/727 1698/1810/1357 1697/1809/1356 1066/1124/725
f 1069/1127/728 1699/1811/1358 1698/1810/1357 1068/1126/727
f 1699/1811/1358 1701/1812/1360 1696/1808/1355 1698/1810/1357
f 1700/1813/1359 1702/1814/1361 1701/1812/1360 1699/1811/1358
f 1071/1129/730 1700/1813/1359 1699/1811/1358 1069/1127/728
f 1702/1814/1361 1704/1815/1363 1703/1816/1362 1701/1812/1360
f 1701/1812/1360 1703/1816/1362 1694/1805/1353 1696/1808/1355
f 1703/1816/1362 1705/1817/1364 1692/1804/1351 1694/1805/1353
f 1704/1815/1363 1706/1818/1365 1705/1817/1364 1703/1816/1362
f 1706/1818/1365 1708/1819/1367 1707/1820/1366 1705/1817/1364
f 1705/1817/1364 1707/1820/1366 1690/1801/1349 1692/1804/1351
f 1707/1820/1366 1709/1821/1368 1688/1800/1347 1690/1801/1349
f 1708/1819/1367 1710/1822/1369 1709/1821/1368 1707/1820/1366
f 1710/1822/1369 1712/1823/1371 1711/1824/1370 1709/1821/1368
f 1709/1821/1368 1711/1824/1370 1686/1797/1345 1688/1800/1347
f 1711/1824/1370 1713/1825/1372 1684/1796/1343 1686/1797/1345
f 1712/1823/1371 1714/1826/1373 1713/1825/1372 1711/1824/1370
f 1714/1826/1373 1716/1827/1375 1715/1828/1374 1713/1825/1372
f 1713/1825/1372 1715/1828/1374 1682/1793/1341 1684/1796/1343
f 1715/1828/1374 1717/1829/1376 1680/1792/1339 1682/1793/1341
f 1716/1827/1375 1718/1830/1377 1717/1829/1376 1715/1828/1374
f 1717/1829/1376 1719/1831/1378 1678/1790/1337 1680/1792/1339
f 1718/1830/1377 1720/1832/1379 1719/1831/1378 1717/1829/1376
f 1719/1831/1378 1721/1833/1380 1676/1788/1335 1678/1790/1337
f 1720/1832/1379 1722/1834/1381 1721/1833/1380 1719/1831/1378
f 1722/1834/1381 1724/1835/1383 1723/1836/1382 1721/1833/1380
f 1721/1833/1380 1723/1836/1382 1674/1785/1333 1676/1788/1335
f 1723/1836/1382 1725/1837/1384 1672/1784/1331 1674/1785/1333
f 1724/1835/1383 1726/1838/1385 1725/1837/1384 1723/1836/1382
f 1726/1838/1385 1728/1839/1387 1727/1840/1386 1725/1837/1384
f 1725/1837/1384 1727/1840/1386 1670/1781/1329 1672/1784/1331
f 1727/1840/1386 1729/1841/1388 1668/1780/1327 1670/1781/1329
f 1728/1839/1387 1730/1842/1389 1729/1841/1388 1727/1840/1386
f 1730/1842/1389 1732/1843/1391 1731/1844/1390 1729/1841/1388
f 1729/1841/1388 1731/1844/1390 1666/1777/1325 1668/1780/1327
f 1731/1844/1390 1733/1845/1392 1664/1776/1323 1666/1777/1325
f 1732/1843/1391 1734/1846/1393 1733/1845/1392 1731/1844/1390
f 1734/1846/1393 1736/1847/1395 1735/1848/1394 1733/1845/1392
f 1733/1845/1392 1735/1848/1394 1662/1773/1321 1664/1776/1323
f 1735/1848/1394 1737/1849/1396 1660/1772/1319 1662/1773/1321
f 1736/1847/1395 1738/1850/1397 1737/1849/1396 1735/1848/1394
f 1738/1850/1397 1740/1851/1399 1739/1852/1398 1737/1849/1396
f 1737/1849/1396 1739/1852/1398 1658/1770/1317 1660/1772/1319
f 1739/1852/1398 1375/1853/1034 1377/1771/1036 1658/1770/1317
f 1740/1851/1399 1373/1854/1032 1375/1853/1034 1739/1852/1398
f 1743/1855/1402 1741/1856/1400 1740/1851/1399 1738/1850/1397
f 1741/1856/1400 1371/1857/1030 1373/1854/1032 1740/1851/1399
f 1742/1858/1401 1369/1859/1028 1371/1857/1030 1741/1856/1400
f 1744/1860/1403 1742/1858/1401 1741/1856/1400 1743/1855/1402
f 1745/1861/1404 1743/1855/1402 1738/1850/1397 1736/1847/1395
f 1746/1862/1405 1744/1860/1403 1743/1855/1402 1745/1861/1404
f 1747/1863/1406 1745/1861/1404 1736/1847/1395 1734/1846/1393
f 1748/1864/1407 1746/1862/1405 1745/1861/1404 1747/1863/1406
f 1750/1865/1409 1748/1864/1407 1747/1863/1406 1749/1866/1408
f 1749/1866/1408 1747/1863/1406 1734/1846/1393 1732/1843/1391
f 1751/1867/1410 1749/1866/1408 1732/1843/1391 1730/1842/1389
f 1752/1868/1411 1750/1865/1409 1749/1866/1408 1751/1867/1410
f 1754/1869/1413 1752/1868/1411 1751/1867/1410 1753/1870/1412
f 1753/1870/1412 1751/1867/1410 1730/1842/1389 1728/1839/1387
f 1755/1871/1414 1753/1870/1412 1728/1839/1387 1726/1838/1385
f 1756/1872/1415 1754/1869/1413 1753/1870/1412 1755/1871/1414
f 1758/1873/1417 1756/1872/1415 1755/1871/1414 1757/1874/1416
f 1757/1874/1416 1755/1871/1414 1726/1838/1385 1724/1835/1383
f 1759/1875/1418 1757/1874/1416 1724/1835/1383 1722/1834/1381
f 1760/1876/1419 1758/1873/1417 1757/1874/1416 1759/1875/1418
f 1762/1877/1421 1760/1876/1419 1759/1875/1418 1761/1878/1420
f 1761/1878/1420 1759/1875/1418 1722/1834/1381 1720/1832/1379
f 1763/1879/1422 1761/1878/1420 1720/1832/1379 1718/1830/1377
f 1764/1880/1423 1762/1877/1421 1761/1878/1420 1763/1879/1422
f 1765/1881/1424 1763/1879/1422 1718/1830/1377 1716/1827/1375
f 1766/1882/1425 1764/1880/1423 1763/1879/1422 1765/1881/1424
f 1767/1883/1426 1765/1881/1424 1716/1827/1375 1714/1826/1373
f 1768/1884/1427 1766/1882/1425 1765/1881/1424 1767/1883/1426
f 1770/1885/1429 1768/1884/1427 1767/1883/1426 1769/1886/1428
f 1769/1886/1428 1767/1883/1426 1714/1826/1373 1712/1823/1371
f 1771/1887/1430 1769/1886/1428 1712/1823/1371 1710/1822/1369
f 1772/1888/1431 1770/1885/1429 1769/1886/1428 1771/1887/1430
f 1774/1889/1433 1772/1888/1431 1771/1887/1430 1773/1890/1432
f 1773/1890/1432 1771/1887/1430 1710/1822/1369 1708/1819/1367
f 1775/1891/1434 1773/1890/1432 1708/1819/1367 1706/1818/1365
f 1776/1892/1435 1774/1889/1433 1773/1890/1432 1775/1891/1434
f 1778/1893/1437 1776/1892/1435 1775/1891/1434 1777/1894/1436
f 1777/1894/1436 1775/1891/1434 1706/1818/1365 1704/1815/1363
f 1779/1895/1438 1777/1894/1436 1704/1815/1363 1702/1814/1361
f 1780/1896/1439 1778/1893/1437 1777/1894/1436 1779/1895/1438
f 1782/1897/1441 1780/1896/1439 1779/1895/1438 1781/1898/1440
f 1781/1898/1440 1779/1895/1438 1702/1814/1361 1700/1813/1359
f 1072/1130/731 1781/1898/1440 1700/1813/1359 1071/1129/730
f 1074/1132/733 1782/1897/1441 1781/1898/1440 1072/1130/731
f 1075/1133/734 1783/1899/1442 1782/1897/1441 1074/1132/733
f 1783/1899/1442 1785/1900/1444 1780/1896/1439 1782/1897/1441
f 1784/1901/1443 1786/1902/1445 1785/1900/1444 1783/1899/1442
f 1077/1135/736 1784/1901/1443 1783/1899/1442 1075/1133/734
f 1786/1902/1445 1788/1903/1447 1787/1904/1446 1785/1900/1444
f 1785/1900/1444 1787/1904/1446 1778/1893/1437 1780/1896/1439
f 1787/1904/1446 1789/1905/1448 1776/1892/1435 1778/1893/1437
f 1788/1903/1447 1790/1906/1449 1789/1905/1448 1787/1904/1446
f 1790/1906/1449 1792/1907/1451 1791/1908/1450 1789/1905/1448
f 1789/1905/1448 1791/1908/1450 1774/1889/1433 1776/1892/1435
f 1791/1908/1450 1793/1909/1452 1772/1888/1431 1774/1889/1433
f 1792/1907/1451 1794/1910/1453 1793/1909/1452 1791/1908/1450
f 1793/1911/1452 1794/1912/1453 1798/1913/1457 1797/1914/1456
f 1793/1909/1452 1795/1915/1454 1768/1884/1427 1770/1885/1429
f 1796/1916/1455 1805/1917/1464 1795/1915/1454 1793/1909/1452
f 1796/1918/1455 1793/1911/1452 1797/1914/1456 1799/1919/1458
f 1793/1909/1452 1770/1885/1429 1772/1888/1431
f 1928/1920/1587 1917/1921/1576 1916/1922/1575 1918/1923/1577 1919/1924/1578 1801/1925/1460 1800/1926/1459 1799/1927/1458 1797/1928/1456 1798/1929/1457 2275/1930/1934 1929/1931/1588
f 1802/1932/1461 1796/1918/1455 1799/1919/1458 1800/1933/1459
f 1803/1934/1462 1802/1932/1461 1800/1933/1459 1801/1935/1460
f 1802/1936/1461 1804/1937/1463 1805/1917/1464 1796/1916/1455
f 1803/1938/1462 1806/1939/1465 1804/1937/1463 1802/1936/1461
f 1804/1937/1463 1807/1940/1466 1808/1941/1467 1805/1917/1464
f 1806/1939/1465 1809/1942/1468 1807/1940/1466 1804/1937/1463
f 1807/1940/1466 1810/1943/1469 1812/1944/1471 1808/1941/1467
f 1809/1942/1468 1811/1945/1470 1810/1943/1469 1807/1940/1466
f 1811/1945/1470 1815/1946/1474 1813/1947/1472 1810/1943/1469
f 1810/1943/1469 1813/1947/1472 1814/1948/1473 1812/1944/1471
f 1813/1947/1472 1816/1949/1475 1818/1950/1477 1814/1948/1473
f 1815/1946/1474 1817/1951/1476 1816/1949/1475 1813/1947/1472
f 1817/1951/1476 1825/1952/1484 1819/1953/1478 1816/1949/1475
f 1816/1949/1475 1819/1953/1478 1824/1954/1483 1818/1950/1477
f 1825/1952/1484 1820/1955/1479 1819/1953/1478
f 1820/1955/1479 1822/1956/1481 1819/1953/1478
f 1819/1957/1478 1821/1958/1480 1827/1959/1486 1826/1960/1485
f 1819/1953/1478 1823/1961/1482 1837/1962/1496 1821/1963/1480
f 1822/1956/1481 1858/1964/1517 1823/1961/1482 1819/1953/1478
f 1824/1965/1483 1819/1957/1478 1826/1960/1485 1828/1966/1487
f 1836/1967/1495 1830/1968/1489 1829/1969/1488 1828/1970/1487 1826/1971/1485 1827/1972/1486
f 1831/1973/1490 1824/1965/1483 1828/1966/1487 1829/1974/1488
f 1833/1975/1492 1831/1973/1490 1829/1974/1488 1830/1976/1489
f 1832/1977/1491 1831/1978/1490 1758/1873/1417 1760/1876/1419
f 1831/1978/1490 1833/1979/1492 1756/1872/1415 1758/1873/1417
f 1818/1950/1477 1824/1954/1483 1831/1978/1490 1832/1977/1491
f 1833/1979/1492 1834/1980/1493 1754/1869/1413 1756/1872/1415
f 1834/1981/1493 1833/1975/1492 1830/1976/1489 1836/1982/1495
f 1834/1980/1493 1835/1983/1494 1752/1868/1411 1754/1869/1413
f 1821/1958/1480 1834/1984/1493 1836/1985/1495 1827/1959/1486
f 1821/1963/1480 1837/1962/1496 1835/1983/1494 1834/1980/1493
f 1837/1962/1496 1839/1986/1498 1838/1987/1497 1835/1983/1494
f 1835/1983/1494 1838/1987/1497 1750/1865/1409 1752/1868/1411
f 1838/1987/1497 1840/1988/1499 1748/1864/1407 1750/1865/1409
f 1839/1986/1498 1841/1989/1500 1840/1988/1499 1838/1987/1497
f 1840/1988/1499 1842/1990/1501 1746/1862/1405 1748/1864/1407
f 1841/1989/1500 1843/1991/1502 1842/1990/1501 1840/1988/1499
f 1842/1990/1501 1844/1992/1503 1744/1860/1403 1746/1862/1405
f 1843/1991/1502 1845/1993/1504 1844/1992/1503 1842/1990/1501
f 1845/1993/1504 1847/1994/1506 1846/1995/1505 1844/1992/1503
f 1844/1992/1503 1846/1995/1505 1742/1858/1401 1744/1860/1403
f 1846/1995/1505 1367/1996/1026 1369/1859/1028 1742/1858/1401
f 1847/1994/1506 1365/1997/1024 1367/1996/1026 1846/1995/1505
f 1850/1998/1509 1848/1999/1507 1847/1994/1506 1845/1993/1504
f 1848/1999/1507 1363/2000/1022 1365/1997/1024 1847/1994/1506
f 1849/2001/1508 1361/2002/1020 1363/2000/1022 1848/1999/1507
f 1851/2003/1510 1849/2001/1508 1848/1999/1507 1850/1998/1509
f 1853/2004/1512 1851/2003/1510 1850/1998/1509 1852/2005/1511
f 1852/2005/1511 1850/1998/1509 1845/1993/1504 1843/1991/1502
f 1854/2006/1513 1852/2005/1511 1843/1991/1502 1841/1989/1500
f 1855/2007/1514 1853/2004/1512 1852/2005/1511 1854/2006/1513
f 1856/2008/1515 1854/2006/1513 1841/1989/1500 1839/1986/1498
f 1857/2009/1516 1855/2007/1514 1854/2006/1513 1856/2008/1515
f 1823/1961/1482 1856/2008/1515 1839/1986/1498 1837/1962/1496
f 1858/1964/1517 1857/2009/1516 1856/2008/1515 1823/1961/1482
f 1861/2010/1520 1859/2011/1518 1857/2012/1516 1858/2013/1517
f 1859/2011/1518 1862/2014/1521 1855/2015/1514 1857/2012/1516
f 1860/2016/1519 1863/2017/1522 1862/2014/1521 1859/2011/1518
f 1881/2018/1540 1860/2016/1519 1859/2011/1518 1861/2010/1520
f 1863/2017/1522 1865/2019/1524 1864/2020/1523 1862/2014/1521
f 1862/2014/1521 1864/2020/1523 1853/2021/1512 1855/2015/1514
f 1864/2020/1523 1866/2022/1525 1851/2023/1510 1853/2021/1512
f 1865/2019/1524 1867/2024/1526 1866/2022/1525 1864/2020/1523
f 1867/2024/1526 1869/2025/1528 1868/2026/1527 1866/2022/1525
f 1866/2022/1525 1868/2026/1527 1849/2027/1508 1851/2023/1510
f 1868/2026/1527 1359/2028/1018 1361/2029/1020 1849/2027/1508
f 1869/2025/1528 1357/2030/1016 1359/2028/1018 1868/2026/1527
f 1872/2031/1531 1870/2032/1529 1869/2025/1528 1867/2024/1526
f 1870/2032/1529 1355/2033/1014 1357/2030/1016 1869/2025/1528
f 1871/2034/1530 1353/2035/1012 1355/2033/1014 1870/2032/1529
f 1873/2036/1532 1871/2034/1530 1870/2032/1529 1872/2031/1531
f 1875/2037/1534 1873/2036/1532 1872/2031/1531 1874/2038/1533
f 1874/2038/1533 1872/2031/1531 1867/2024/1526 1865/2019/1524
f 1876/2039/1535 1874/2038/1533 1865/2019/1524 1863/2017/1522
f 1877/2040/1536 1875/2037/1534 1874/2038/1533 1876/2039/1535
f 1879/2041/1538 1877/2040/1536 1876/2039/1535 1878/2042/1537
f 1878/2042/1537 1876/2039/1535 1863/2017/1522 1860/2016/1519
f 1880/2043/1539 1878/2042/1537 1860/2016/1519 1881/2018/1540
f 1882/2044/1541 1879/2041/1538 1878/2042/1537 1880/2043/1539
f 1883/2045/1542 1880/2043/1539 1881/2018/1540 1884/2046/1543
f 1885/2047/1544 1882/2044/1541 1880/2043/1539 1883/2045/1542
f 1883/2048/1542 1884/2049/1543 1888/2050/1547 1887/2051/1546
f 1978/2052/1637 1885/2047/1544 1883/2045/1542 1886/2053/1545
f 1886/2054/1545 1883/2055/1542 1887/2056/1546 1889/2057/1548
f 1889/2058/1548 1887/2059/1546 1888/2060/1547 1927/2061/1586 1891/2062/1550 1890/2063/1549
f 1892/2064/1551 1886/2054/1545 1889/2057/1548 1890/2065/1549
f 1893/2066/1552 1892/2064/1551 1890/2065/1549 1891/2067/1550
f 1895/2068/1554 1892/2069/1551 1893/2070/1552 1897/2071/1556
f 1894/2072/1553 1978/2052/1637 1886/2053/1545 1892/2069/1551
f 1896/2073/1555 1894/2072/1553 1892/2069/1551 1895/2068/1554
f 1900/2074/1559 1896/2073/1555 1895/2068/1554 1898/2075/1557
f 1898/2075/1557 1895/2068/1554 1897/2071/1556 1899/2076/1558
f 1901/2077/1560 1898/2075/1557 1899/2076/1558 1903/2078/1562
f 1902/2079/1561 1900/2074/1559 1898/2075/1557 1901/2077/1560
f 1906/2080/1565 1902/2079/1561 1901/2077/1560 1904/2081/1563
f 1904/2081/1563 1901/2077/1560 1903/2078/1562 1905/2082/1564
f 1907/2083/1566 1904/2081/1563 1905/2082/1564 1909/2084/1568
f 1908/2085/1567 1906/2080/1565 1904/2081/1563 1907/2083/1566
f 1914/2086/1573 1908/2085/1567 1907/2083/1566 1910/2087/1569
f 1910/2087/1569 1907/2083/1566 1909/2084/1568 1915/2088/1574
f 1911/2089/1570 1914/2086/1573 1910/2087/1569
f 1955/2090/1614 1911/2089/1570 1910/2087/1569 1913/2091/1572
f 1912/2092/1571 1910/2093/1569 1916/2094/1575 1917/2095/1576
f 1913/2091/1572 1910/2087/1569 1912/2096/1571 1934/2097/1593
f 1910/2098/1569 1915/2099/1574 1918/2100/1577 1916/2101/1575
f 1915/2099/1574 1920/2102/1579 1919/2103/1578 1918/2100/1577
f 1920/2102/1579 1803/1934/1462 1801/1935/1460 1919/2103/1578
f 1920/2104/1579 1921/2105/1580 1806/2106/1465 1803/2107/1462
f 1915/2088/1574 1909/2084/1568 1921/2105/1580 1920/2104/1579
f 1909/2084/1568 1905/2082/1564 1922/2108/1581 1921/2105/1580
f 1921/2105/1580 1922/2108/1581 1809/2109/1468 1806/2106/1465
f 1922/2108/1581 1923/2110/1582 1811/2111/1470 1809/2109/1468
f 1905/2082/1564 1903/2078/1562 1923/2110/1582 1922/2108/1581
f 1903/2078/1562 1899/2076/1558 1924/2112/1583 1923/2110/1582
f 1923/2110/1582 1924/2112/1583 1815/2113/1474 1811/2111/1470
f 1924/2112/1583 1925/2114/1584 1817/2115/1476 1815/2113/1474
f 1899/2076/1558 1897/2071/1556 1925/2114/1584 1924/2112/1583
f 1897/2071/1556 1893/2070/1552 1926/2116/1585 1925/2114/1584
f 1925/2114/1584 1926/2116/1585 1825/2117/1484 1817/2115/1476
f 1926/2116/1585 1820/2118/1479 1825/2117/1484
f 1926/2116/1585 1822/2119/1481 1820/2118/1479
f 1926/2120/1585 1893/2066/1552 1891/2067/1550 1927/2121/1586
f 1926/2116/1585 1861/2010/1520 1858/2013/1517 1822/2119/1481
f 1884/2046/1543 1881/2018/1540 1861/2010/1520 1926/2116/1585
f 1884/2049/1543 1926/2120/1585 1927/2121/1586 1888/2050/1547
f 1930/2122/1589 1912/2092/1571 1917/2095/1576 1928/2123/1587
f 1931/2124/1590 1930/2122/1589 1928/2123/1587 1929/2125/1588
f 1932/2126/1591 1930/2127/1589 1931/2128/1590 1933/2129/1592
f 1934/2097/1593 1912/2096/1571 1930/2127/1589 1932/2126/1591
f 1935/2130/1594 1932/2126/1591 1933/2129/1592 1937/2131/1596
f 1936/2132/1595 1934/2097/1593 1932/2126/1591 1935/2130/1594
f 1940/2133/1599 1936/2132/1595 1935/2130/1594 1938/2134/1597
f 1938/2134/1597 1935/2130/1594 1937/2131/1596 1939/2135/1598
f 1941/2136/1600 1938/2134/1597 1939/2135/1598 1943/2137/1602
f 1942/2138/1601 1940/2133/1599 1938/2134/1597 1941/2136/1600
f 1946/2139/1605 1942/2138/1601 1941/2136/1600 1944/2140/1603
f 1944/2140/1603 1941/2136/1600 1943/2137/1602 1945/2141/1604
f 1081/1141/740 1944/2140/1603 1945/2141/1604 1080/1142/739
f 1083/1144/742 1946/2139/1605 1944/2140/1603 1081/1141/740
f 1084/1145/743 1947/2142/1606 1946/2139/1605 1083/1144/742
f 1947/2142/1606 1949/2143/1608 1942/2138/1601 1946/2139/1605
f 1948/2144/1607 1950/2145/1609 1949/2143/1608 1947/2142/1606
f 1086/1147/745 1948/2144/1607 1947/2142/1606 1084/1145/743
f 1950/2145/1609 1952/2146/1611 1951/2147/1610 1949/2143/1608
f 1949/2143/1608 1951/2147/1610 1940/2133/1599 1942/2138/1601
f 1951/2147/1610 1953/2148/1612 1936/2132/1595 1940/2133/1599
f 1952/2146/1611 1954/2149/1613 1953/2148/1612 1951/2147/1610
f 1953/2148/1612 1913/2091/1572 1934/2097/1593 1936/2132/1595
f 1954/2149/1613 1955/2090/1614 1913/2091/1572 1953/2148/1612
f 1956/2150/1615 1959/2151/1618 1955/2090/1614 1954/2149/1613
f 1958/2152/1617 1956/2150/1615 1954/2149/1613 1952/2146/1611
f 1957/2153/1616 1960/2154/1619 1959/2151/1618 1956/2150/1615
f 2031/2155/1690 1957/2153/1616 1956/2150/1615 1958/2152/1617
f 1959/2151/1618 1961/2156/1620 1911/2089/1570 1955/2090/1614
f 1960/2154/1619 1962/2157/1621 1961/2156/1620 1959/2151/1618
f 1962/2157/1621 1964/2158/1623 1963/2159/1622 1961/2156/1620
f 1961/2156/1620 1963/2159/1622 1914/2086/1573 1911/2089/1570
f 1963/2159/1622 1965/2160/1624 1908/2085/1567 1914/2086/1573
f 1964/2158/1623 1966/2161/1625 1965/2160/1624 1963/2159/1622
f 1966/2161/1625 1968/2162/1627 1967/2163/1626 1965/2160/1624
f 1965/2160/1624 1967/2163/1626 1906/2080/1565 1908/2085/1567
f 1967/2163/1626 1969/2164/1628 1902/2079/1561 1906/2080/1565
f 1968/2162/1627 1970/2165/1629 1969/2164/1628 1967/2163/1626
f 1970/2165/1629 1972/2166/1631 1971/2167/1630 1969/2164/1628
f 1969/2164/1628 1971/2167/1630 1900/2074/1559 1902/2079/1561
f 1971/2167/1630 1973/2168/1632 1896/2073/1555 1900/2074/1559
f 1972/2166/1631 1974/2169/1633 1973/2168/1632 1971/2167/1630
f 1974/2169/1633 1976/2170/1635 1975/2171/1634 1973/2168/1632
f 1973/2168/1632 1975/2171/1634 1894/2072/1553 1896/2073/1555
f 1975/2171/1634 1977/2172/1636 1978/2052/1637 1894/2072/1553
f 1976/2170/1635 1979/2173/1638 1977/2172/1636 1975/2171/1634
f 1977/2172/1636 1980/2174/1639 1885/2047/1544 1978/2052/1637
f 1979/2173/1638 1981/2175/1640 1980/2174/1639 1977/2172/1636
f 1980/2174/1639 1982/2176/1641 1882/2044/1541 1885/2047/1544
f 1981/2175/1640 1983/2177/1642 1982/2176/1641 1980/2174/1639
f 1983/2177/1642 1985/2178/1644 1984/2179/1643 1982/2176/1641
f 1982/2176/1641 1984/2179/1643 1879/2041/1538 1882/2044/1541
f 1984/2179/1643 1986/2180/1645 1877/2040/1536 1879/2041/1538
f 1985/2178/1644 1987/2181/1646 1986/2180/1645 1984/2179/1643
f 1987/2181/1646 1989/2182/1648 1988/2183/1647 1986/2180/1645
f 1986/2180/1645 1988/2183/1647 1875/2037/1534 1877/2040/1536
f 1988/2183/1647 1990/2184/1649 1873/2036/1532 1875/2037/1534
f 1989/2182/1648 1991/2185/1650 1990/2184/1649 1988/2183/1647
f 1991/2185/1650 1993/2186/1652 1992/2187/1651 1990/2184/1649
f 1990/2184/1649 1992/2187/1651 1871/2034/1530 1873/2036/1532
f 1992/2187/1651 1351/2188/1010 1353/2035/1012 1871/2034/1530
f 1993/2186/1652 1349/2189/1008 1351/2188/1010 1992/2187/1651
f 1996/2190/1655 1994/2191/1653 1993/2186/1652 1991/2185/1650
f 1994/2191/1653 1347/2192/1006 1349/2189/1008 1993/2186/1652
f 1995/2193/1654 1345/2194/1004 1347/2192/1006 1994/2191/1653
f 1997/2195/1656 1995/2193/1654 1994/2191/1653 1996/2190/1655
f 1999/2196/1658 1997/2195/1656 1996/2190/1655 1998/2197/1657
f 1998/2197/1657 1996/2190/1655 1991/2185/1650 1989/2182/1648
f 2000/2198/1659 1998/2197/1657 1989/2182/1648 1987/2181/1646
f 2001/2199/1660 1999/2196/1658 1998/2197/1657 2000/2198/1659
f 2003/2200/1662 2001/2199/1660 2000/2198/1659 2002/2201/1661
f 2002/2201/1661 2000/2198/1659 1987/2181/1646 1985/2178/1644
f 2004/2202/1663 2002/2201/1661 1985/2178/1644 1983/2177/1642
f 2005/2203/1664 2003/2200/1662 2002/2201/1661 2004/2202/1663
f 2007/2204/1666 2005/2203/1664 2004/2202/1663 2006/2205/1665
f 2006/2205/1665 2004/2202/1663 1983/2177/1642 1981/2175/1640
f 2008/2206/1667 2006/2205/1665 1981/2175/1640 1979/2173/1638
f 2009/2207/1668 2007/2204/1666 2006/2205/1665 2008/2206/1667
f 2010/2208/1669 2008/2206/1667 1979/2173/1638 1976/2170/1635
f 2011/2209/1670 2009/2207/1668 2008/2206/1667 2010/2208/1669
f 2012/2210/1671 2010/2208/1669 1976/2170/1635 1974/2169/1633
f 2013/2211/1672 2011/2209/1670 2010/2208/1669 2012/2210/1671
f 2015/2212/1674 2013/2211/1672 2012/2210/1671 2014/2213/1673
f 2014/2213/1673 2012/2210/1671 1974/2169/1633 1972/2166/1631
f 2016/2214/1675 2014/2213/1673 1972/2166/1631 1970/2165/1629
f 2017/2215/1676 2015/2212/1674 2014/2213/1673 2016/2214/1675
f 2019/2216/1678 2017/2215/1676 2016/2214/1675 2018/2217/1677
f 2018/2217/1677 2016/2214/1675 1970/2165/1629 1968/2162/1627
f 2020/2218/1679 2018/2217/1677 1968/2162/1627 1966/2161/1625
f 2021/2219/1680 2019/2216/1678 2018/2217/1677 2020/2218/1679
f 2023/2220/1682 2021/2219/1680 2020/2218/1679 2022/2221/1681
f 2022/2221/1681 2020/2218/1679 1966/2161/1625 1964/2158/1623
f 2024/2222/1683 2022/2221/1681 1964/2158/1623 1962/2157/1621
f 2025/2223/1684 2023/2220/1682 2022/2221/1681 2024/2222/1683
f 2027/2224/1686 2025/2223/1684 2024/2222/1683 2026/2225/1685
f 2026/2225/1685 2024/2222/1683 1962/2157/1621 1960/2154/1619
f 2028/2226/1687 2026/2225/1685 1960/2154/1619 1957/2153/1616
f 2029/2227/1688 2027/2224/1686 2026/2225/1685 2028/2226/1687
f 2032/2228/1691 2029/2227/1688 2028/2226/1687 2030/2229/1689
f 2030/2229/1689 2028/2226/1687 1957/2153/1616 2031/2155/1690
f 2033/2230/1692 2030/2229/1689 2031/2155/1690 2034/2231/1693
f 2035/2232/1694 2032/2228/1691 2030/2229/1689 2033/2230/1692
f 2036/2233/1695 2033/2230/1692 2034/2231/1693 2037/2234/1696
f 2038/2235/1697 2035/2232/1694 2033/2230/1692 2036/2233/1695
f 1090/1151/749 2036/2233/1695 2037/2234/1696 1089/1150/748
f 1092/1153/751 2038/2235/1697 2036/2233/1695 1090/1151/749
f 1093/1154/752 2039/2236/1698 2038/2235/1697 1092/1153/751
f 2039/2236/1698 2041/2237/1700 2035/2232/1694 2038/2235/1697
f 2040/2238/1699 2042/2239/1701 2041/2237/1700 2039/2236/1698
f 1095/1156/754 2040/2238/1699 2039/2236/1698 1093/1154/752
f 2041/2237/1700 2043/2240/1702 2032/2228/1691 2035/2232/1694
f 2042/2239/1701 2044/2241/1703 2043/2240/1702 2041/2237/1700
f 2043/2240/1702 2045/2242/1704 2029/2227/1688 2032/2228/1691
f 2044/2241/1703 2046/2243/1705 2045/2242/1704 2043/2240/1702
f 2046/2243/1705 2048/2244/1707 2047/2245/1706 2045/2242/1704
f 2045/2242/1704 2047/2245/1706 2027/2224/1686 2029/2227/1688
f 2047/2245/1706 2049/2246/1708 2025/2223/1684 2027/2224/1686
f 2048/2244/1707 2050/2247/1709 2049/2246/1708 2047/2245/1706
f 2050/2247/1709 2052/2248/1711 2051/2249/1710 2049/2246/1708
f 2049/2246/1708 2051/2249/1710 2023/2220/1682 2025/2223/1684
f 2051/2249/1710 2053/2250/1712 2021/2219/1680 2023/2220/1682
f 2052/2248/1711 2054/2251/1713 2053/2250/1712 2051/2249/1710
f 2054/2251/1713 2056/2252/1715 2055/2253/1714 2053/2250/1712
f 2053/2250/1712 2055/2253/1714 2019/2216/1678 2021/2219/1680
f 2055/2253/1714 2057/2254/1716 2017/2215/1676 2019/2216/1678
f 2056/2252/1715 2058/2255/1717 2057/2254/1716 2055/2253/1714
f 2058/2255/1717 2060/2256/1719 2059/2257/1718 2057/2254/1716
f 2057/2254/1716 2059/2257/1718 2015/2212/1674 2017/2215/1676
f 2059/2257/1718 2061/2258/1720 2013/2211/1672 2015/2212/1674
f 2060/2256/1719 2062/2259/1721 2061/2258/1720 2059/2257/1718
f 2061/2258/1720 2063/2260/1722 2011/2209/1670 2013/2211/1672
f 2062/2259/1721 2064/2261/1723 2063/2260/1722 2061/2258/1720
f 2063/2260/1722 2065/2262/1724 2009/2207/1668 2011/2209/1670
f 2064/2261/1723 2066/2263/1725 2065/2262/1724 2063/2260/1722
f 2066/2263/1725 2068/2264/1727 2067/2265/1726 2065/2262/1724
f 2065/2262/1724 2067/2265/1726 2007/2204/1666 2009/2207/1668
f 2067/2265/1726 2069/2266/1728 2005/2203/1664 2007/2204/1666
f 2068/2264/1727 2070/2267/1729 2069/2266/1728 2067/2265/1726
f 2070/2267/1729 2072/2268/1731 2071/2269/1730 2069/2266/1728
f 2069/2266/1728 2071/2269/1730 2003/2200/1662 2005/2203/1664
f 2071/2269/1730 2073/2270/1732 2001/2199/1660 2003/2200/1662
f 2072/2268/1731 2074/2271/1733 2073/2270/1732 2071/2269/1730
f 2074/2271/1733 2076/2272/1735 2075/2273/1734 2073/2270/1732
f 2073/2270/1732 2075/2273/1734 1999/2196/1658 2001/2199/1660
f 2075/2273/1734 2077/2274/1736 1997/2195/1656 1999/2196/1658
f 2076/2272/1735 2078/2275/1737 2077/2274/1736 2075/2273/1734
f 2078/2275/1737 2080/2276/1739 2079/2277/1738 2077/2274/1736
f 2077/2274/1736 2079/2277/1738 1995/2193/1654 1997/2195/1656
f 2079/2277/1738 1343/2278/1002 1345/2194/1004 1995/2193/1654
f 2080/2276/1739 1341/2279/1000 1343/2278/1002 2079/2277/1738
f 2083/2280/1742 2081/2281/1740 2080/2276/1739 2078/2275/1737
f 2081/2281/1740 1339/2282/998 1341/2279/1000 2080/2276/1739
f 2082/2283/1741 1337/2284/996 1339/2282/998 2081/2281/1740
f 2084/2285/1743 2082/2283/1741 2081/2281/1740 2083/2280/1742
f 2086/2286/1745 2084/2285/1743 2083/2280/1742 2085/2287/1744
f 2085/2287/1744 2083/2280/1742 2078/2275/1737 2076/2272/1735
f 2087/2288/1746 2085/2287/1744 2076/2272/1735 2074/2271/1733
f 2088/2289/1747 2086/2286/1745 2085/2287/1744 2087/2288/1746
f 2090/2290/1749 2088/2289/1747 2087/2288/1746 2089/2291/1748
f 2089/2291/1748 2087/2288/1746 2074/2271/1733 2072/2268/1731
f 2091/2292/1750 2089/2291/1748 2072/2268/1731 2070/2267/1729
f 2092/2293/1751 2090/2290/1749 2089/2291/1748 2091/2292/1750
f 2094/2294/1753 2092/2293/1751 2091/2292/1750 2093/2295/1752
f 2093/2295/1752 2091/2292/1750 2070/2267/1729 2068/2264/1727
f 2095/2296/1754 2093/2295/1752 2068/2264/1727 2066/2263/1725
f 2096/2297/1755 2094/2294/1753 2093/2295/1752 2095/2296/1754
f 2098/2298/1757 2096/2297/1755 2095/2296/1754 2097/2299/1756
f 2097/2299/1756 2095/2296/1754 2066/2263/1725 2064/2261/1723
f 2099/2300/1758 2097/2299/1756 2064/2261/1723 2062/2259/1721
f 2100/2301/1759 2098/2298/1757 2097/2299/1756 2099/2300/1758
f 2102/2302/1761 2100/2301/1759 2099/2300/1758 2101/2303/1760
f 2101/2303/1760 2099/2300/1758 2062/2259/1721 2060/2256/1719
f 2103/2304/1762 2101/2303/1760 2060/2256/1719 2058/2255/1717
f 2104/2305/1763 2102/2302/1761 2101/2303/1760 2103/2304/1762
f 2105/2306/1764 2103/2304/1762 2058/2255/1717 2056/2252/1715
f 2106/2307/1765 2104/2305/1763 2103/2304/1762 2105/2306/1764
f 2107/2308/1766 2105/2306/1764 2056/2252/1715 2054/2251/1713
f 2108/2309/1767 2106/2307/1765 2105/2306/1764 2107/2308/1766
f 2110/2310/1769 2108/2309/1767 2107/2308/1766 2109/2311/1768
f 2109/2311/1768 2107/2308/1766 2054/2251/1713 2052/2248/1711
f 2111/2312/1770 2109/2311/1768 2052/2248/1711 2050/2247/1709
f 2112/2313/1771 2110/2310/1769 2109/2311/1768 2111/2312/1770
f 2114/2314/1773 2112/2313/1771 2111/2312/1770 2113/2315/1772
f 2113/2315/1772 2111/2312/1770 2050/2247/1709 2048/2244/1707
f 2115/2316/1774 2113/2315/1772 2048/2244/1707 2046/2243/1705
f 2116/2317/1775 2114/2314/1773 2113/2315/1772 2115/2316/1774
f 2118/2318/1777 2116/2317/1775 2115/2316/1774 2117/2319/1776
f 2117/2319/1776 2115/2316/1774 2046/2243/1705 2044/2241/1703
f 2119/2320/1778 2117/2319/1776 2044/2241/1703 2042/2239/1701
f 2120/2321/1779 2118/2318/1777 2117/2319/1776 2119/2320/1778
f 2122/2322/1781 2120/2321/1779 2119/2320/1778 2121/2323/1780
f 2121/2323/1780 2119/2320/1778 2042/2239/1701 2040/2238/1699
f 1096/1157/755 2121/2323/1780 2040/2238/1699 1095/1156/754
f 1098/1159/757 2122/2322/1781 2121/2323/1780 1096/1157/755
f 1099/1160/758 2123/2324/1782 2122/2322/1781 1098/1159/757
f 2123/2324/1782 2125/2325/1784 2120/2321/1779 2122/2322/1781
f 2124/2326/1783 2126/2327/1785 2125/2325/1784 2123/2324/1782
f 1101/1162/760 2124/2326/1783 2123/2324/1782 1099/1160/758
f 2126/2327/1785 2128/2328/1787 2127/2329/1786 2125/2325/1784
f 2125/2325/1784 2127/2329/1786 2118/2318/1777 2120/2321/1779
f 2127/2329/1786 2129/2330/1788 2116/2317/1775 2118/2318/1777
f 2128/2328/1787 2130/2331/1789 2129/2330/1788 2127/2329/1786
f 2130/2331/1789 2132/2332/1791 2131/2333/1790 2129/2330/1788
f 2129/2330/1788 2131/2333/1790 2114/2314/1773 2116/2317/1775
f 2131/2333/1790 2133/2334/1792 2112/2313/1771 2114/2314/1773
f 2132/2332/1791 2134/2335/1793 2133/2334/1792 2131/2333/1790
f 2134/2335/1793 2136/2336/1795 2135/2337/1794 2133/2334/1792
f 2133/2334/1792 2135/2337/1794 2110/2310/1769 2112/2313/1771
f 2135/2337/1794 2137/2338/1796 2108/2309/1767 2110/2310/1769
f 2136/2336/1795 2138/2339/1797 2137/2338/1796 2135/2337/1794
f 2138/2339/1797 2140/2340/1799 2139/2341/1798 2137/2338/1796
f 2137/2338/1796 2139/2341/1798 2106/2307/1765 2108/2309/1767
f 2139/2341/1798 2141/2342/1800 2104/2305/1763 2106/2307/1765
f 2140/2340/1799 2142/2343/1801 2141/2342/1800 2139/2341/1798
f 2141/2342/1800 2143/2344/1802 2102/2302/1761 2104/2305/1763
f 2142/2343/1801 2144/2345/1803 2143/2344/1802 2141/2342/1800
f 2143/2344/1802 2145/2346/1804 2100/2301/1759 2102/2302/1761
f 2144/2345/1803 2146/2347/1805 2145/2346/1804 2143/2344/1802
f 2146/2347/1805 2148/2348/1807 2147/2349/1806 2145/2346/1804
f 2145/2346/1804 2147/2349/1806 2098/2298/1757 2100/2301/1759
f 2147/2349/1806 2149/2350/1808 2096/2297/1755 2098/2298/1757
f 2148/2348/1807 2150/2351/1809 2149/2350/1808 2147/2349/1806
f 2150/2351/1809 2152/2352/1811 2151/2353/1810 2149/2350/1808
f 2149/2350/1808 2151/2353/1810 2094/2294/1753 2096/2297/1755
f 2151/2353/1810 2153/2354/1812 2092/2293/1751 2094/2294/1753
f 2152/2352/1811 2154/2355/1813 2153/2354/1812 2151/2353/1810
f 2154/2355/1813 2156/2356/1815 2155/2357/1814 2153/2354/1812
f 2153/2354/1812 2155/2357/1814 2090/2290/1749 2092/2293/1751
f 2155/2357/1814 2157/2358/1816 2088/2289/1747 2090/2290/1749
f 2156/2356/1815 2158/2359/1817 2157/2358/1816 2155/2357/1814
f 2158/2359/1817 2160/2360/1819 2159/2361/1818 2157/2358/1816
f 2157/2358/1816 2159/2361/1818 2086/2286/1745 2088/2289/1747
f 2159/2361/1818 2161/2362/1820 2084/2285/1743 2086/2286/1745
f 2160/2360/1819 2162/2363/1821 2161/2362/1820 2159/2361/1818
f 2161/2362/1820 2163/2364/1822 2082/2283/1741 2084/2285/1743
f 2162/2363/1821 2164/2365/1823 2163/2364/1822 2161/2362/1820
f 2163/2364/1822 1335/2366/994 1337/2284/996 2082/2283/1741
f 2164/2365/1823 1333/2367/992 1335/2366/994 2163/2364/1822
f 2167/2368/1826 2165/2369/1824 2164/2365/1823 2162/2363/1821
f 2165/2369/1824 1331/2370/990 1333/2367/992 2164/2365/1823
f 2166/2371/1825 1329/2372/988 1331/2370/990 2165/2369/1824
f 2168/2373/1827 2166/2371/1825 2165/2369/1824 2167/2368/1826
f 2169/2374/1828 2167/2368/1826 2162/2363/1821 2160/2360/1819
f 2170/2375/1829 2168/2373/1827 2167/2368/1826 2169/2374/1828
f 2171/2376/1830 2169/2374/1828 2160/2360/1819 2158/2359/1817
f 2172/2377/1831 2170/2375/1829 2169/2374/1828 2171/2376/1830
f 2174/2378/1833 2172/2377/1831 2171/2376/1830 2173/2379/1832
f 2173/2379/1832 2171/2376/1830 2158/2359/1817 2156/2356/1815
f 2175/2380/1834 2173/2379/1832 2156/2356/1815 2154/2355/1813
f 2176/2381/1835 2174/2378/1833 2173/2379/1832 2175/2380/1834
f 2178/2382/1837 2176/2381/1835 2175/2380/1834 2177/2383/1836
f 2177/2383/1836 2175/2380/1834 2154/2355/1813 2152/2352/1811
f 2179/2384/1838 2177/2383/1836 2152/2352/1811 2150/2351/1809
f 2180/2385/1839 2178/2382/1837 2177/2383/1836 2179/2384/1838
f 2182/2386/1841 2180/2385/1839 2179/2384/1838 2181/2387/1840
f 2181/2387/1840 2179/2384/1838 2150/2351/1809 2148/2348/1807
f 2183/2388/1842 2181/2387/1840 2148/2348/1807 2146/2347/1805
f 2184/2389/1843 2182/2386/1841 2181/2387/1840 2183/2388/1842
f 2186/2390/1845 2184/2389/1843 2183/2388/1842 2185/2391/1844
f 2185/2391/1844 2183/2388/1842 2146/2347/1805 2144/2345/1803
f 2187/2392/1846 2185/2391/1844 2144/2345/1803 2142/2343/1801
f 2188/2393/1847 2186/2390/1845 2185/2391/1844 2187/2392/1846
f 2190/2394/1849 2188/2393/1847 2187/2392/1846 2189/2395/1848
f 2189/2395/1848 2187/2392/1846 2142/2343/1801 2140/2340/1799
f 2191/2396/1850 2189/2395/1848 2140/2340/1799 2138/2339/1797
f 2192/2397/1851 2190/2394/1849 2189/2395/1848 2191/2396/1850
f 2193/2398/1852 2191/2396/1850 2138/2339/1797 2136/2336/1795
f 2194/2399/1853 2192/2397/1851 2191/2396/1850 2193/2398/1852
f 2195/2400/1854 2193/2398/1852 2136/2336/1795 2134/2335/1793
f 2196/2401/1855 2194/2399/1853 2193/2398/1852 2195/2400/1854
f 2198/2402/1857 2196/2401/1855 2195/2400/1854 2197/2403/1856
f 2197/2403/1856 2195/2400/1854 2134/2335/1793 2132/2332/1791
f 2199/2404/1858 2197/2403/1856 2132/2332/1791 2130/2331/1789
f 2200/2405/1859 2198/2402/1857 2197/2403/1856 2199/2404/1858
f 2202/2406/1861 2200/2405/1859 2199/2404/1858 2201/2407/1860
f 2201/2407/1860 2199/2404/1858 2130/2331/1789 2128/2328/1787
f 2203/2408/1862 2201/2407/1860 2128/2328/1787 2126/2327/1785
f 2204/2409/1863 2202/2406/1861 2201/2407/1860 2203/2408/1862
f 2206/2410/1865 2204/2409/1863 2203/2408/1862 2205/2411/1864
f 2205/2411/1864 2203/2408/1862 2126/2327/1785 2124/2326/1783
f 1102/1163/761 2205/2411/1864 2124/2326/1783 1101/1162/760
f 1104/1165/763 2206/2410/1865 2205/2411/1864 1102/1163/761
f 1105/1166/764 2207/2412/1866 2206/2410/1865 1104/1165/763
f 2207/2412/1866 2209/2413/1868 2204/2409/1863 2206/2410/1865
f 2208/2414/1867 2210/2415/1869 2209/2413/1868 2207/2412/1866
f 1107/1168/766 2208/2414/1867 2207/2412/1866 1105/1166/764
f 2210/2415/1869 2212/2416/1871 2211/2417/1870 2209/2413/1868
f 2209/2413/1868 2211/2417/1870 2202/2406/1861 2204/2409/1863
f 2211/2417/1870 2213/2418/1872 2200/2405/1859 2202/2406/1861
f 2212/2416/1871 2214/2419/1873 2213/2418/1872 2211/2417/1870
f 2214/2419/1873 2216/2420/1875 2215/2421/1874 2213/2418/1872
f 2213/2418/1872 2215/2421/1874 2198/2402/1857 2200/2405/1859
f 2215/2421/1874 2217/2422/1876 2196/2401/1855 2198/2402/1857
f 2216/2420/1875 2218/2423/1877 2217/2422/1876 2215/2421/1874
f 2218/2423/1877 2220/2424/1879 2219/2425/1878 2217/2422/1876
f 2217/2422/1876 2219/2425/1878 2194/2399/1853 2196/2401/1855
f 2219/2425/1878 2221/2426/1880 2192/2397/1851 2194/2399/1853
f 2220/2424/1879 2222/2427/1881 2221/2426/1880 2219/2425/1878
f 2221/2426/1880 2223/2428/1882 2190/2394/1849 2192/2397/1851
f 2222/2427/1881 2224/2429/1883 2223/2428/1882 2221/2426/1880
f 2223/2428/1882 2225/2430/1884 2188/2393/1847 2190/2394/1849
f 2224/2429/1883 2226/2431/1885 2225/2430/1884 2223/2428/1882
f 2226/2431/1885 2228/2432/1887 2227/2433/1886 2225/2430/1884
f 2225/2430/1884 2227/2433/1886 2186/2390/1845 2188/2393/1847
f 2227/2433/1886 2229/2434/1888 2184/2389/1843 2186/2390/1845
f 2228/2432/1887 2230/2435/1889 2229/2434/1888 2227/2433/1886
f 2230/2435/1889 2232/2436/1891 2231/2437/1890 2229/2434/1888
f 2229/2434/1888 2231/2437/1890 2182/2386/1841 2184/2389/1843
f 2231/2437/1890 2233/2438/1892 2180/2385/1839 2182/2386/1841
f 2232/2436/1891 2234/2439/1893 2233/2438/1892 2231/2437/1890
f 2234/2439/1893 2236/2440/1895 2235/2441/1894 2233/2438/1892
f 2233/2438/1892 2235/2441/1894 2178/2382/1837 2180/2385/1839
f 2235/2441/1894 2237/2442/1896 2176/2381/1835 2178/2382/1837
f 2236/2440/1895 2238/2443/1897 2237/2442/1896 2235/2441/1894
f 2238/2443/1897 2240/2444/1899 2239/2445/1898 2237/2442/1896
f 2237/2442/1896 2239/2445/1898 2174/2378/1833 2176/2381/1835
f 2239/2445/1898 2241/2446/1900 2172/2377/1831 2174/2378/1833
f 2240/2444/1899 2242/2447/1901 2241/2446/1900 2239/2445/1898
f 2241/2446/1900 2243/2448/1902 2170/2375/1829 2172/2377/1831
f 2242/2447/1901 2244/2449/1903 2243/2448/1902 2241/2446/1900
f 2243/2448/1902 2245/2450/1904 2168/2373/1827 2170/2375/1829
f 2244/2449/1903 2246/1242/1905 2245/2450/1904 2243/2448/1902
f 2246/1242/1905 1156/1241/815 2247/2451/1906 2245/2450/1904
f 2245/2450/1904 2247/2451/1906 2166/2371/1825 2168/2373/1827
f 2247/2451/1906 1327/2452/986 1329/2372/988 2166/2371/1825
f 1156/1241/815 1159/1243/818 1327/2452/986 2247/2451/1906
f 2248/2453/1907 1157/1239/816 2246/1242/1905 2244/2449/1903
f 2249/2454/1908 2248/2453/1907 2244/2449/1903 2242/2447/1901
f 1149/1230/808 1151/1232/810 1157/1239/816 2248/2453/1907
f 1147/1226/806 1149/1230/808 2248/2453/1907 2249/2454/1908
f 1145/1224/804 1147/1226/806 2249/2454/1908 2250/2455/1909
f 2250/2455/1909 2249/2454/1908 2242/2447/1901 2240/2444/1899
f 2251/2456/1910 2250/2455/1909 2240/2444/1899 2238/2443/1897
f 1143/1220/802 1145/1224/804 2250/2455/1909 2251/2456/1910
f 2252/2457/1911 2251/2456/1910 2238/2443/1897 2236/2440/1895
f 1141/1218/800 1143/1220/802 2251/2456/1910 2252/2457/1911
f 2253/2458/1912 2252/2457/1911 2236/2440/1895 2234/2439/1893
f 1139/1214/798 1141/1218/800 2252/2457/1911 2253/2458/1912
f 1137/1211/796 1139/1214/798 2253/2458/1912 2254/2459/1913
f 2254/2459/1913 2253/2458/1912 2234/2439/1893 2232/2436/1891
f 2255/2460/1914 2254/2459/1913 2232/2436/1891 2230/2435/1889
f 1135/1208/794 1137/1211/796 2254/2459/1913 2255/2460/1914
f 1133/1206/792 1135/1208/794 2255/2460/1914 2256/2461/1915
f 2256/2461/1915 2255/2460/1914 2230/2435/1889 2228/2432/1887
f 2257/2462/1916 2256/2461/1915 2228/2432/1887 2226/2431/1885
f 1131/1202/790 1133/1206/792 2256/2461/1915 2257/2462/1916
f 1129/1200/788 1131/1202/790 2257/2462/1916 2258/2463/1917
f 2258/2463/1917 2257/2462/1916 2226/2431/1885 2224/2429/1883
f 2259/2464/1918 2258/2463/1917 2224/2429/1883 2222/2427/1881
f 1127/1196/786 1129/1200/788 2258/2463/1917 2259/2464/1918
f 1125/1194/784 1127/1196/786 2259/2464/1918 2260/2465/1919
f 2260/2465/1919 2259/2464/1918 2222/2427/1881 2220/2424/1879
f 2261/2466/1920 2260/2465/1919 2220/2424/1879 2218/2423/1877
f 1123/1190/782 1125/1194/784 2260/2465/1919 2261/2466/1920
f 2262/2467/1921 2261/2466/1920 2218/2423/1877 2216/2420/1875
f 1121/1188/780 1123/1190/782 2261/2466/1920 2262/2467/1921
f 2263/2468/1922 2262/2467/1921 2216/2420/1875 2214/2419/1873
f 1119/1184/778 1121/1188/780 2262/2467/1921 2263/2468/1922
f 1117/1181/776 1119/1184/778 2263/2468/1922 2264/2469/1923
f 2264/2469/1923 2263/2468/1922 2214/2419/1873 2212/2416/1871
f 2265/2470/1924 2264/2469/1923 2212/2416/1871 2210/2415/1869
f 1115/1178/774 1117/1181/776 2264/2469/1923 2265/2470/1924
f 1113/1176/772 1115/1178/774 2265/2470/1924 2266/2471/1925
f 2266/2471/1925 2265/2470/1924 2210/2415/1869 2208/2414/1867
f 1108/1169/767 2266/2471/1925 2208/2414/1867 1107/1168/766
f 1110/1171/769 1113/1176/772 2266/2471/1925 1108/1169/767
f 1089/1150/748 2037/2234/1696 2267/2472/1926 1087/1148/746
f 2037/2234/1696 2034/2231/1693 2268/2473/1927 2267/2472/1926
f 1087/1148/746 2267/2472/1926 1948/2144/1607 1086/1147/745
f 2267/2472/1926 2268/2473/1927 1950/2145/1609 1948/2144/1607
f 2034/2231/1693 2031/2155/1690 1958/2152/1617 2268/2473/1927
f 2268/2473/1927 1958/2152/1617 1952/2146/1611 1950/2145/1609
f 1080/1140/739 1945/2474/1604 2269/2475/1928 1078/1136/737
f 1945/2474/1604 1943/2476/1602 2270/2477/1929 2269/2475/1928
f 1078/1136/737 2269/2475/1928 1784/1901/1443 1077/1135/736
f 2269/2475/1928 2270/2477/1929 1786/1902/1445 1784/1901/1443
f 1943/2476/1602 1939/2478/1598 2271/2479/1930 2270/2477/1929
f 2270/2477/1929 2271/2479/1930 1788/1903/1447 1786/1902/1445
f 2271/2479/1930 2272/2480/1931 1790/1906/1449 1788/1903/1447
f 1939/2478/1598 1937/2481/1596 2272/2480/1931 2271/2479/1930
f 1937/2481/1596 1933/2482/1592 2273/2483/1932 2272/2480/1931
f 2272/2480/1931 2273/2483/1932 1792/1907/1451 1790/1906/1449
f 2273/2483/1932 2274/2484/1933 1794/1910/1453 1792/1907/1451
f 1933/2482/1592 1931/2485/1590 2274/2484/1933 2273/2483/1932
f 2274/2486/1933 1931/2124/1590 1929/2125/1588 2275/2487/1934
f 1794/1912/1453 2274/2486/1933 2275/2487/1934 1798/1913/1457
f 1814/1948/1473 1818/1950/1477 1832/1977/1491 2276/2488/1935
f 2276/2488/1935 1832/1977/1491 1760/1876/1419 1762/1877/1421
f 2277/2489/1936 2276/2488/1935 1762/1877/1421 1764/1880/1423
f 1812/1944/1471 1814/1948/1473 2276/2488/1935 2277/2489/1936
f 1808/1941/1467 1812/1944/1471 2277/2489/1936 2278/2490/1937
f 2278/2490/1937 2277/2489/1936 1764/1880/1423 1766/1882/1425
f 1795/1915/1454 2278/2490/1937 1766/1882/1425 1768/1884/1427
f 1805/1917/1464 1808/1941/1467 2278/2490/1937 1795/1915/1454
f 976/1031/635 979/1034/638 1175/1266/834 1167/1256/826
o Cube.005
v 2.853840 3.180629 2.307468
v 2.858242 2.984483 2.338543
v 2.862463 3.186939 2.417056
v 2.884540 3.179020 2.270760
v 2.904386 3.188547 2.255855
v 2.913267 3.153341 2.243026
v 2.888082 3.186138 2.395069
v 2.899289 3.098554 2.828658
v 2.903335 3.193311 2.386354
v 2.919583 3.107400 2.829931
v 2.909218 3.209881 2.379203
v 2.927614 3.127818 2.833152
v 2.911983 3.210557 2.243026
v 2.906545 3.328973 2.398039
v 2.908387 3.370797 2.268411
v 2.924488 3.267153 2.855036
v 2.900065 3.341844 2.409861
v 2.915549 3.287200 2.858194
v 2.900045 3.386732 2.287274
v 2.884748 3.344345 2.420063
v 2.894877 3.295118 2.859530
v 2.880198 3.388714 2.303937
v 2.859095 3.337032 2.440790
v 2.849439 3.376777 2.338543
v 2.851293 3.294140 2.859530
v 2.846689 3.703530 2.936913
v 2.839596 3.815376 2.942375
v 2.875481 3.729348 2.935342
v 2.869420 3.852759 2.940084
v 2.892924 3.739716 2.943172
v 2.915389 3.294293 2.867918
v 2.889135 3.868109 2.949161
v 2.899911 3.748057 2.962011
v 2.923946 3.291257 2.888149
v 2.896935 3.881122 2.970991
v 2.900395 3.726450 3.098589
v 2.897505 3.855742 3.131271
v 2.924440 3.269285 3.027544
v 2.893603 3.712758 3.113518
v 2.916026 3.265932 3.047785
v 2.889948 3.836709 3.147393
v 2.876375 3.700685 3.116783
v 2.895574 3.264124 3.056163
v 2.870530 3.819605 3.149817
v 2.847301 3.676296 3.109072
v 2.840293 3.784309 3.138572
v 2.851988 3.263146 3.056163
v 2.862626 3.169080 3.503945
v 2.853840 3.180629 3.577282
v 2.887571 3.171132 3.527912
v 2.884437 3.183601 3.613981
v 2.903153 3.164599 3.537498
v 2.916244 3.256200 3.054865
v 2.904691 3.174978 3.628884
v 2.909772 3.148185 3.545516
v 2.925183 3.236166 3.051630
v 2.913267 3.153340 3.641725
v 2.912476 3.027713 3.526430
v 2.916863 2.993100 3.616339
v 2.928301 3.097234 3.029620
v 2.906586 3.014745 3.513750
v 2.920270 3.076810 3.026445
v 2.909245 2.976804 3.597478
v 2.891384 3.011866 3.502713
v 2.899976 3.067976 3.025088
v 2.889506 2.973936 3.580814
v 2.866002 3.018641 3.480112
v 2.858242 2.984482 3.546207
v 2.856390 3.066998 3.025088
v 2.876081 2.575881 2.922819
v 2.868085 2.545882 2.942374
v 2.900538 2.550472 2.924437
v 2.899556 2.509878 2.944663
v 2.915986 2.540341 2.917596
v 2.920429 3.069694 3.016697
v 2.922333 2.531566 2.901138
v 2.919940 2.495428 2.935587
v 2.928316 2.482775 2.913759
v 2.935717 2.450206 2.942374
v 2.927746 2.508155 2.753479
v 2.919343 2.526831 2.737358
v 2.938387 2.473286 2.711986
v 2.921906 2.550607 2.780771
v 2.915531 2.563962 2.768349
v 2.928357 3.094748 2.857287
v 2.919802 3.097694 2.837040
v 2.928843 3.073082 2.996462
v 2.900235 2.575471 2.766210
v 2.875554 2.599394 2.774161
v 2.899177 2.543047 2.734933
v 2.927209 2.532121 2.686710
v 2.867387 2.576949 2.746178
v 2.865364 2.667109 2.569186
v 2.862212 2.807535 2.428724
v 2.925402 2.612640 2.528643
v 2.921907 2.768322 2.372922
v 2.942962 2.557218 2.488101
v 2.945425 2.447469 2.703548
v 2.939126 2.728156 2.317120
v 2.927905 2.501064 2.447558
v 2.818314 2.443957 2.407015
v 2.930589 2.381521 2.682234
v 2.923727 2.687258 2.261318
v 2.813794 2.645406 2.205516
v 2.918462 2.921875 2.141745
v 2.808096 2.899247 2.076146
v 2.912625 3.181948 2.100543
v 2.934292 2.943550 2.207345
v 2.928934 3.182314 2.169518
v 2.917505 2.964493 2.272943
v 2.923575 3.421080 2.207345
v 2.919291 3.182098 2.210299
v 2.918742 3.636474 2.317121
v 2.906790 3.442024 2.141746
v 2.917310 3.412501 2.233310
v 2.906890 3.437551 2.292385
v 2.903343 3.595576 2.372923
v 2.845468 3.553724 2.428725
v 2.899850 3.751258 2.528644
v 2.842316 3.694150 2.569186
v 2.914906 3.807412 2.488101
v 2.897606 3.851212 2.724864
v 2.840293 3.784309 2.746178
v 2.912443 3.917161 2.703549
v 2.896935 3.881122 2.913760
v 2.902867 3.913990 2.942375
v 2.911594 3.954977 2.942375
v 2.912443 3.917160 3.181201
v 2.893739 4.023569 2.942375
v 2.781348 4.091207 2.942375
v 2.894663 3.982377 3.202516
v 2.894663 3.982377 2.682235
v 2.782348 4.046640 2.660920
v 2.897346 3.862833 2.447559
v 2.785250 3.917302 2.407016
v 2.901524 3.676641 2.261319
v 2.789771 3.715854 2.205517
v 2.795468 3.462014 2.076146
v 2.801782 3.180629 2.031568
v 2.782348 4.046640 3.223830
v 2.897346 3.862833 3.437191
v 2.785250 3.917302 3.477734
v 2.914906 3.807412 3.396649
v 2.901524 3.676641 3.623432
v 2.789771 3.715854 3.679234
v 2.906790 3.442024 3.743005
v 2.918742 3.636474 3.567630
v 2.923575 3.421080 3.677406
v 2.903343 3.595576 3.511827
v 2.845468 3.553724 3.456026
v 2.907745 3.399405 3.611807
v 2.899850 3.751258 3.356106
v 2.842316 3.694150 3.315564
v 2.898043 3.831777 3.198038
v 2.906569 3.891053 3.172763
v 2.849439 3.376777 3.546207
v 2.911983 3.210557 3.641725
v 2.919292 3.182098 3.674452
v 2.928934 3.182314 3.715232
v 2.934292 2.943549 3.677406
v 2.912625 3.181948 3.784207
v 2.801782 3.180629 3.853182
v 2.918462 2.921873 3.743005
v 2.808097 2.899245 3.808604
v 2.923727 2.687256 3.623431
v 2.813794 2.645405 3.679234
v 2.939126 2.728155 3.567629
v 2.927906 2.501063 3.437191
v 2.818314 2.443956 3.477734
v 2.930589 2.381520 3.202515
v 2.942962 2.557217 3.396648
v 2.945425 2.447469 3.181201
v 2.925402 2.612639 3.356106
v 2.865364 2.667108 3.315564
v 2.927645 2.512686 3.159886
v 2.921908 2.768321 3.511827
v 2.862212 2.807534 3.456025
v 2.918362 2.926347 3.592366
v 2.927648 2.951839 3.651439
v 2.867387 2.576949 3.138572
v 2.928316 2.482775 2.970990
v 2.946274 2.409652 2.942374
v 2.931513 2.340329 2.942374
v 2.822217 2.270051 2.942374
v 2.821217 2.314618 3.223829
v 2.821217 2.314619 2.660919
v 2.795468 3.462013 3.808604
v 2.855704 3.097576 2.828658
vn 0.7638 -0.5827 0.2778
vn 0.9436 0.1156 0.3104
vn 0.6407 -0.7621 -0.0937
vn 0.7311 -0.5391 0.4182
vn 0.9061 -0.3590 0.2236
vn 0.9044 0.0616 0.4222
vn 0.2054 -0.9762 -0.0694
vn 0.2002 -0.6770 -0.7082
vn 0.7514 -0.6574 -0.0569
vn 0.7420 -0.5549 -0.3762
vn 0.9893 -0.1451 -0.0167
vn 0.9909 -0.1106 -0.0771
vn 0.9816 -0.0681 0.1784
vn 0.9811 0.1903 0.0355
vn 0.9778 0.0557 0.2021
vn 0.9858 0.1635 -0.0384
vn 0.7081 0.6884 0.1570
vn 0.7185 0.6696 -0.1879
vn 0.8944 0.3093 0.3230
vn 0.1665 0.9582 0.2325
vn 0.1794 0.8707 -0.4580
vn 0.7230 0.3974 0.5651
vn 0.6267 0.7659 0.1434
vn 0.7944 0.4489 0.4090
vn 0.5587 0.7418 -0.3710
vn 0.7952 0.1115 -0.5960
vn 0.8178 -0.3222 -0.4769
vn 0.1397 0.1089 -0.9842
vn 0.7918 -0.4641 -0.3970
vn 0.7455 0.0995 -0.6590
vn 0.7276 0.4122 -0.5484
vn 0.9318 -0.1975 -0.3044
vn 0.9831 0.0506 -0.1760
vn 0.9829 0.1236 -0.1363
vn 0.9786 -0.1926 -0.0724
vn 0.9841 -0.0058 0.1778
vn 0.9816 -0.1908 -0.0093
vn 0.9843 0.0662 0.1636
vn 0.7341 -0.1110 0.6699
vn 0.7282 0.2199 0.6491
vn 0.9406 -0.2585 0.2203
vn 0.1500 -0.1972 0.9688
vn 0.1753 0.6830 0.7091
vn 0.7870 -0.5451 0.2888
vn 0.8046 -0.0757 0.5889
vn 0.8097 -0.4732 0.3470
vn 0.6274 0.5576 0.5435
vn 0.5960 0.8003 0.0651
vn 0.7798 0.5452 -0.3076
vn 0.2042 0.9787 0.0211
vn 0.7170 0.5293 -0.4536
vn 0.7403 0.6719 0.0230
vn 0.7169 0.5879 0.3747
vn 0.8868 0.3845 -0.2563
vn 0.9836 0.1806 0.0002
vn 0.9850 0.1548 0.0760
vn 0.9754 0.1126 -0.1898
vn 0.9899 -0.1335 -0.0484
vn 0.9771 -0.0075 -0.2128
vn 0.9922 -0.1189 0.0376
vn 0.7567 -0.6277 -0.1829
vn 0.7476 -0.6375 0.1864
vn 0.9061 -0.2402 -0.3482
vn 0.2485 -0.9296 -0.2720
vn 0.2079 -0.8677 0.4516
vn 0.7497 -0.3113 -0.5840
vn 0.6562 -0.7371 -0.1616
vn 0.8460 -0.3397 -0.4110
vn 0.5829 -0.7243 0.3682
vn 0.7664 0.0075 0.6424
vn 0.8639 0.4265 0.2680
vn 0.3815 0.1480 0.9124
vn 0.7582 0.5892 0.2793
vn 0.8130 0.0965 0.5742
vn 0.7416 -0.3859 0.5487
vn 0.9864 0.0880 0.1390
vn 0.9022 0.3623 0.2339
vn 0.9564 0.2837 0.0690
vn 0.9574 0.2887 0.0063
vn 0.9594 0.2810 0.0246
vn 0.9087 0.4008 -0.1168
vn 0.9603 0.2678 0.0781
vn 0.9859 0.1271 -0.1093
vn 0.7957 0.2816 -0.5362
vn 0.9859 -0.0255 -0.1652
vn 0.7339 -0.1948 -0.6508
vn 0.9871 -0.0828 0.1370
vn 0.3770 0.4247 -0.8231
vn 0.7557 0.2213 -0.6164
vn 0.7535 0.6412 -0.1452
vn 0.8969 0.4069 0.1730
vn 0.8556 0.5009 -0.1309
vn 0.9285 0.3048 0.2119
vn 0.9374 0.2130 0.2754
vn 0.8967 0.3680 0.2458
vn 0.8995 0.2735 0.3407
vn 0.9998 0.0082 -0.0207
vn 0.9999 -0.0049 -0.0144
vn 0.9996 0.0184 -0.0199
vn 0.8188 -0.4588 -0.3451
vn 0.5385 -0.6903 -0.4832
vn 0.8044 -0.5635 -0.1882
vn 0.8304 -0.3166 -0.4586
vn 0.5357 -0.5040 -0.6775
vn 0.8357 -0.1540 -0.5271
vn 0.5322 -0.2609 -0.8054
vn 0.8351 0.0183 -0.5497
vn 0.9996 0.0226 -0.0166
vn 0.9996 0.0224 -0.0150
vn 0.9032 0.1535 0.4008
vn 0.9996 0.0223 -0.0166
vn 0.9569 0.0113 0.2903
vn 0.9995 0.0265 -0.0199
vn 0.8290 0.1901 -0.5259
vn 0.9627 -0.0593 0.2639
vn 0.9048 -0.1619 0.3938
vn 0.9109 -0.2329 0.3407
vn 0.9451 -0.1691 0.2797
vn 0.9123 -0.3274 0.2458
vn 0.9408 -0.2613 0.2161
vn 0.9991 0.0367 -0.0207
vn 0.9141 -0.3847 0.1279
vn 0.9348 -0.3340 0.1206
vn 0.9987 0.0498 -0.0144
vn 0.9106 -0.4119 0.0324
vn 0.9694 -0.2455 -0.0063
vn 0.9984 0.0565 -0.0000
vn 0.9987 0.0498 0.0144
vn 0.7743 0.6328 -0.0000
vn 0.5156 0.8568 -0.0000
vn 0.7829 0.5935 0.1867
vn 0.7829 0.5935 -0.1867
vn 0.5161 0.8204 -0.2462
vn 0.8008 0.4911 -0.3429
vn 0.5177 0.7091 -0.4787
vn 0.8175 0.3512 -0.4565
vn 0.5205 0.5257 -0.6729
vn 0.5241 0.2852 -0.8025
vn 0.5282 0.0127 -0.8490
vn 0.5161 0.8204 0.2462
vn 0.8008 0.4911 0.3429
vn 0.5177 0.7091 0.4787
vn 0.9991 0.0367 0.0207
vn 0.8175 0.3512 0.4565
vn 0.5205 0.5257 0.6729
vn 0.8290 0.1901 0.5259
vn 0.9995 0.0265 0.0199
vn 0.9996 0.0223 0.0166
vn 0.9109 -0.2329 -0.3407
vn 0.9454 -0.1703 -0.2779
vn 0.9092 -0.1128 -0.4008
vn 0.9123 -0.3274 -0.2458
vn 0.9408 -0.2624 -0.2144
vn 0.9143 -0.3663 -0.1730
vn 0.9713 -0.2245 -0.0781
vn 0.9470 -0.0727 -0.3129
vn 0.9063 -0.0209 -0.4222
vn 0.9564 0.0317 -0.2903
vn 0.9996 0.0224 0.0150
vn 0.9996 0.0226 0.0166
vn 0.8351 0.0183 0.5497
vn 0.5282 0.0127 0.8490
vn 0.8357 -0.1540 0.5271
vn 0.5322 -0.2609 0.8054
vn 0.8304 -0.3166 0.4586
vn 0.5358 -0.5040 0.6775
vn 0.9996 0.0184 0.0199
vn 0.8188 -0.4588 0.3451
vn 0.5385 -0.6903 0.4832
vn 0.8044 -0.5635 0.1882
vn 0.9998 0.0082 0.0207
vn 0.9999 -0.0049 0.0144
vn 0.8967 0.3680 -0.2458
vn 0.9286 0.3032 -0.2137
vn 0.8959 0.4254 -0.1279
vn 0.8995 0.2735 -0.3407
vn 0.9373 0.2113 -0.2772
vn 0.8966 0.2023 -0.3938
vn 0.9591 0.1024 -0.2639
vn 0.9192 0.3756 -0.1182
vn 0.8912 0.4524 -0.0324
vn 0.9999 -0.0116 -0.0000
vn 0.7971 -0.6039 -0.0000
vn 0.5408 -0.8411 -0.0000
vn 0.5402 -0.8039 0.2489
vn 0.5402 -0.8039 -0.2489
vn 0.5241 0.2852 0.8025
vn 0.6518 -0.5289 -0.5435
vt 0.352353 0.962019
vt 0.345016 0.955581
vt 0.339203 0.946476
vt 0.335658 0.935954
vt 0.339359 0.934574
vt 0.355486 0.935823
vt 0.360756 0.963616
vt 0.360221 0.964877
vt 0.335351 0.948957
vt 0.331806 0.937577
vt 0.333630 0.935679
vt 0.338285 0.933238
vt 0.332343 0.934713
vt 0.337702 0.932413
vt 0.331216 0.933312
vt 0.330095 0.935759
vt 0.356757 0.934321
vt 0.357131 0.933129
vt 0.337091 0.931532
vt 0.357063 0.931678
vt 0.335952 0.923973
vt 0.355697 0.922723
vt 0.329728 0.922451
vt 0.330477 0.921099
vt 0.336280 0.923086
vt 0.355306 0.921250
vt 0.336741 0.922248
vt 0.354650 0.920133
vt 0.331631 0.920138
vt 0.337770 0.920841
vt 0.353257 0.918983
vt 0.333666 0.919587
vt 0.334151 0.909084
vt 0.337405 0.899890
vt 0.342890 0.893317
vt 0.349591 0.890253
vt 0.350703 0.896199
vt 0.352150 0.894549
vt 0.349781 0.887682
vt 0.350446 0.886140
vt 0.352916 0.893796
vt 0.355765 0.920561
vt 0.353430 0.893147
vt 0.356818 0.920720
vt 0.351372 0.884799
vt 0.359065 0.893150
vt 0.362793 0.920686
vt 0.358921 0.884705
vt 0.360177 0.885976
vt 0.359717 0.893833
vt 0.363807 0.920501
vt 0.360636 0.894423
vt 0.364847 0.919923
vt 0.361118 0.887369
vt 0.362471 0.895596
vt 0.366168 0.918444
vt 0.361961 0.889725
vt 0.369535 0.892622
vt 0.376833 0.899066
vt 0.382572 0.908214
vt 0.385900 0.918842
vt 0.383650 0.920028
vt 0.384869 0.921195
vt 0.387860 0.919052
vt 0.389207 0.919907
vt 0.385559 0.922001
vt 0.364416 0.921122
vt 0.386249 0.922908
vt 0.364456 0.922583
vt 0.390344 0.921252
vt 0.387345 0.930640
vt 0.365740 0.931530
vt 0.391812 0.932128
vt 0.391099 0.933478
vt 0.386946 0.931580
vt 0.366088 0.932976
vt 0.386378 0.932428
vt 0.366673 0.934068
vt 0.389960 0.934438
vt 0.385179 0.933741
vt 0.368004 0.935235
vt 0.387843 0.934876
vt 0.387168 0.945443
vt 0.383909 0.954708
vt 0.378428 0.961333
vt 0.371547 0.964449
vt 0.370612 0.963152
vt 0.369806 0.965019
vt 0.371648 0.967049
vt 0.371161 0.968672
vt 0.369220 0.966021
vt 0.365629 0.933640
vt 0.368714 0.966852
vt 0.364641 0.933492
vt 0.370316 0.969964
vt 0.373040 0.969436
vt 0.372157 0.971996
vt 0.361487 0.973060
vt 0.362716 0.970081
vt 0.372768 0.974823
vt 0.361591 0.974919
vt 0.363462 0.966883
vt 0.361516 0.968854
vt 0.362780 0.966028
vt 0.360810 0.967245
vt 0.359022 0.969540
vt 0.358692 0.933550
vt 0.357736 0.933729
vt 0.361999 0.965149
vt 0.351095 0.966934
vt 0.342264 0.959566
vt 0.350453 0.970916
vt 0.340582 0.962714
vt 0.361850 0.979590
vt 0.349785 0.974986
vt 0.338892 0.965909
vt 0.346743 0.983000
vt 0.333731 0.972210
vt 0.361247 0.988658
vt 0.330297 0.952926
vt 0.323438 0.957052
vt 0.332840 0.950917
vt 0.324920 0.936756
vt 0.316890 0.938534
vt 0.328156 0.936082
vt 0.327348 0.919936
vt 0.325943 0.919672
vt 0.322555 0.919114
vt 0.326740 0.905097
vt 0.323674 0.903128
vt 0.329789 0.907008
vt 0.329282 0.917322
vt 0.333802 0.896208
vt 0.331287 0.893063
vt 0.340616 0.888552
vt 0.338872 0.884394
vt 0.348507 0.885300
vt 0.349441 0.882687
vt 0.348809 0.879813
vt 0.360157 0.881638
vt 0.360043 0.879707
vt 0.347725 0.875071
vt 0.359806 0.875000
vt 0.337026 0.880247
vt 0.332367 0.872451
vt 0.345527 0.865776
vt 0.360379 0.865776
vt 0.328738 0.889866
vt 0.322271 0.884185
vt 0.316017 0.899950
vt 0.314276 0.918520
vt 0.371990 0.879662
vt 0.374987 0.871497
vt 0.371327 0.883762
vt 0.382927 0.888780
vt 0.388036 0.882369
vt 0.381242 0.891968
vt 0.391439 0.901766
vt 0.398216 0.897550
vt 0.388907 0.903772
vt 0.386389 0.905728
vt 0.379570 0.895103
vt 0.370747 0.887783
vt 0.362598 0.885193
vt 0.389745 0.916913
vt 0.391450 0.918818
vt 0.393422 0.918386
vt 0.394126 0.934582
vt 0.395535 0.934818
vt 0.396653 0.917760
vt 0.398915 0.935401
vt 0.404611 0.915888
vt 0.407173 0.935876
vt 0.397714 0.951437
vt 0.405380 0.954490
vt 0.394641 0.949460
vt 0.392641 0.964715
vt 0.399122 0.970253
vt 0.390082 0.961527
vt 0.384418 0.974325
vt 0.389085 0.981965
vt 0.382557 0.970207
vt 0.380790 0.966105
vt 0.387549 0.958387
vt 0.391585 0.947532
vt 0.392212 0.937056
vt 0.373841 0.979510
vt 0.376019 0.988643
s 1
usemtl Material.001
f 2371/2491/2030 2372/2492/2031 2280/2493/1939 2279/2494/1938 2281/2495/1940 2466/2496/2125 2367/2497/2026 2370/2498/2029
f 2279/2494/1938 2280/2493/1939 2388/2499/2047 2284/2500/1943 2282/2501/1941
f 2281/2495/1940 2279/2494/1938 2282/2501/1941 2285/2502/1944
f 2285/2502/1944 2282/2501/1941 2283/2503/1942 2287/2504/1946
f 2291/2505/1950 2283/2503/1942 2282/2501/1941 2284/2500/1943 2390/2506/2049
f 2286/2507/1945 2285/2502/1944 2287/2504/1946 2288/2508/1947
f 2466/2496/2125 2281/2495/1940 2285/2502/1944 2286/2507/1945
f 2288/2508/1947 2287/2504/1946 2289/2509/1948 2290/2510/1949
f 2287/2504/1946 2283/2503/1942 2291/2505/1950 2289/2509/1948
f 2292/2511/1951 2294/2512/1953 2290/2510/1949 2289/2509/1948
f 2293/2513/1952 2292/2511/1951 2289/2509/1948 2291/2505/1950
f 2292/2511/1951 2293/2513/1952 2297/2514/1956 2295/2515/1954
f 2294/2512/1953 2292/2511/1951 2295/2515/1954 2296/2516/1955
f 2296/2516/1955 2295/2515/1954 2298/2517/1957 2299/2518/1958
f 2295/2515/1954 2297/2514/1956 2300/2519/1959 2298/2517/1957
f 2301/2520/1960 2303/2521/1962 2299/2518/1958 2298/2517/1957
f 2302/2522/1961 2301/2520/1960 2298/2517/1957 2300/2519/1959
f 2396/2523/2055 2398/2524/2057 2401/2525/2060 2305/2526/1964 2304/2527/1963 2303/2521/1962 2301/2520/1960 2302/2522/1961
f 2303/2521/1962 2304/2527/1963 2306/2528/1965 2299/2518/1958
f 2304/2527/1963 2305/2526/1964 2307/2529/1966 2306/2528/1965
f 2306/2528/1965 2307/2529/1966 2310/2530/1969 2308/2531/1967
f 2299/2518/1958 2306/2528/1965 2308/2531/1967 2309/2532/1968
f 2309/2532/1968 2308/2531/1967 2311/2533/1970 2312/2534/1971
f 2308/2531/1967 2310/2530/1969 2313/2535/1972 2311/2533/1970
f 2314/2536/1973 2316/2537/1975 2312/2534/1971 2311/2533/1970
f 2315/2538/1974 2314/2536/1973 2311/2533/1970 2313/2535/1972
f 2314/2536/1973 2315/2538/1974 2319/2539/1978 2317/2540/1976
f 2316/2537/1975 2314/2536/1973 2317/2540/1976 2318/2541/1977
f 2318/2541/1977 2317/2540/1976 2320/2542/1979 2321/2543/1980
f 2317/2540/1976 2319/2539/1978 2322/2544/1981 2320/2542/1979
f 2323/2545/1982 2325/2546/1984 2321/2543/1980 2320/2542/1979
f 2324/2547/1983 2323/2545/1982 2320/2542/1979 2322/2544/1981
f 2431/2548/2090 2428/2549/2087 2434/2550/2093 2327/2551/1986 2326/2552/1985 2325/2546/1984 2323/2545/1982 2324/2547/1983
f 2325/2546/1984 2326/2552/1985 2328/2553/1987 2321/2543/1980
f 2326/2552/1985 2327/2551/1986 2329/2554/1988 2328/2553/1987
f 2328/2553/1987 2329/2554/1988 2332/2555/1991 2330/2556/1989
f 2321/2543/1980 2328/2553/1987 2330/2556/1989 2331/2557/1990
f 2331/2557/1990 2330/2556/1989 2333/2558/1992 2334/2559/1993
f 2330/2556/1989 2332/2555/1991 2335/2560/1994 2333/2558/1992
f 2334/2559/1993 2333/2558/1992 2336/2561/1995 2338/2562/1997
f 2333/2558/1992 2335/2560/1994 2337/2563/1996 2336/2561/1995
f 2336/2561/1995 2337/2563/1996 2341/2564/2000 2339/2565/1998
f 2338/2562/1997 2336/2561/1995 2339/2565/1998 2340/2566/1999
f 2340/2566/1999 2339/2565/1998 2342/2567/2001 2343/2568/2002
f 2339/2565/1998 2341/2564/2000 2344/2569/2003 2342/2567/2001
f 2345/2570/2004 2347/2571/2006 2343/2568/2002 2342/2567/2001
f 2346/2572/2005 2345/2570/2004 2342/2567/2001 2344/2569/2003
f 2455/2573/2114 2452/2574/2111 2458/2575/2117 2349/2576/2008 2348/2577/2007 2347/2571/2006 2345/2570/2004 2346/2572/2005
f 2347/2571/2006 2348/2577/2007 2350/2578/2009 2343/2568/2002
f 2348/2577/2007 2349/2576/2008 2351/2579/2010 2350/2578/2009
f 2350/2578/2009 2351/2579/2010 2355/2580/2014 2352/2581/2011
f 2343/2568/2002 2350/2578/2009 2352/2581/2011 2353/2582/2012
f 2353/2582/2012 2352/2581/2011 2354/2583/2013 2365/2584/2024
f 2352/2581/2011 2355/2580/2014 2356/2585/2015 2354/2583/2013
f 2356/2585/2015 2355/2580/2014 2351/2579/2010 2459/2586/2118 2357/2587/2016
f 2360/2588/2019 2358/2589/2017 2356/2585/2015 2357/2587/2016 2460/2590/2119 2376/2591/2035
f 2354/2583/2013 2356/2585/2015 2358/2589/2017 2361/2592/2020
f 2361/2592/2020 2358/2589/2017 2359/2593/2018 2362/2594/2021
f 2368/2595/2027 2359/2593/2018 2358/2589/2017 2360/2588/2019 2369/2596/2028
f 2365/2584/2024 2354/2583/2013 2361/2592/2020 2363/2597/2022
f 2363/2597/2022 2361/2592/2020 2362/2594/2021 2364/2598/2023
f 2363/2597/2022 2364/2598/2023 2288/2508/1947 2290/2510/1949
f 2294/2512/1953 2312/2534/1971 2316/2537/1975 2334/2559/1993 2338/2562/1997 2365/2584/2024 2363/2597/2022 2290/2510/1949
f 2353/2582/2012 2365/2584/2024 2338/2562/1997 2340/2566/1999
f 2364/2598/2023 2362/2594/2021 2366/2599/2025 2286/2507/1945
f 2364/2598/2023 2286/2507/1945 2288/2508/1947
f 2362/2594/2021 2359/2593/2018 2368/2595/2027 2366/2599/2025
f 2367/2497/2026 2466/2496/2125 2286/2507/1945 2366/2599/2025
f 2370/2498/2029 2367/2497/2026 2366/2599/2025 2368/2595/2027
f 2371/2491/2030 2370/2498/2029 2368/2595/2027 2369/2596/2028 2373/2600/2032
f 2372/2492/2031 2371/2491/2030 2373/2600/2032 2374/2601/2033
f 2374/2601/2033 2373/2600/2032 2375/2602/2034 2377/2603/2036
f 2373/2600/2032 2369/2596/2028 2360/2588/2019 2376/2591/2035 2375/2602/2034
f 2375/2602/2034 2376/2591/2035 2380/2604/2039 2378/2605/2037
f 2377/2603/2036 2375/2602/2034 2378/2605/2037 2381/2606/2040
f 2381/2606/2040 2378/2605/2037 2379/2607/2038 2382/2608/2041
f 2378/2605/2037 2380/2604/2039 2464/2609/2123 2379/2607/2038
f 2383/2610/2042 2381/2606/2040 2382/2608/2041 2384/2611/2043
f 2386/2612/2045 2377/2603/2036 2381/2606/2040 2383/2610/2042
f 2385/2613/2044 2383/2610/2042 2384/2611/2043 2417/2614/2076
f 2387/2615/2046 2386/2612/2045 2383/2610/2042 2385/2613/2044
f 2390/2506/2049 2284/2500/1943 2388/2499/2047 2386/2612/2045 2387/2615/2046
f 2388/2499/2047 2374/2601/2033 2377/2603/2036 2386/2612/2045
f 2280/2493/1939 2372/2492/2031 2374/2601/2033 2388/2499/2047
f 2393/2616/2052 2293/2513/1952 2291/2505/1950 2390/2506/2049 2387/2615/2046 2389/2617/2048
f 2389/2617/2048 2387/2615/2046 2385/2613/2044 2392/2618/2051
f 2391/2619/2050 2389/2617/2048 2392/2618/2051 2414/2620/2073
f 2395/2621/2054 2394/2622/2053 2393/2616/2052 2389/2617/2048 2391/2619/2050
f 2300/2519/1959 2297/2514/1956 2293/2513/1952 2393/2616/2052 2394/2622/2053
f 2396/2523/2055 2302/2522/1961 2300/2519/1959 2394/2622/2053 2395/2621/2054
f 2398/2524/2057 2396/2523/2055 2395/2621/2054 2397/2623/2056
f 2397/2623/2056 2395/2621/2054 2391/2619/2050 2399/2624/2058
f 2401/2525/2060 2398/2524/2057 2397/2623/2056 2400/2625/2059
f 2400/2625/2059 2397/2623/2056 2399/2624/2058 2402/2626/2061
f 2305/2526/1964 2401/2525/2060 2400/2625/2059 2403/2627/2062 2307/2529/1966
f 2404/2628/2063 2403/2627/2062 2400/2625/2059 2402/2626/2061 2405/2629/2064
f 2313/2535/1972 2310/2530/1969 2307/2529/1966 2403/2627/2062 2404/2628/2063
f 2433/2630/2092 2315/2538/1974 2313/2535/1972 2404/2628/2063 2405/2629/2064 2406/2631/2065
f 2406/2631/2065 2405/2629/2064 2407/2632/2066 2409/2633/2068
f 2405/2629/2064 2402/2626/2061 2410/2634/2069 2407/2632/2066
f 2407/2632/2066 2410/2634/2069 2411/2635/2070 2408/2636/2067
f 2409/2633/2068 2407/2632/2066 2408/2636/2067 2418/2637/2077
f 2410/2634/2069 2412/2638/2071 2413/2639/2072 2411/2635/2070
f 2402/2626/2061 2399/2624/2058 2412/2638/2071 2410/2634/2069
f 2412/2638/2071 2414/2620/2073 2415/2640/2074 2413/2639/2072
f 2399/2624/2058 2391/2619/2050 2414/2620/2073 2412/2638/2071
f 2414/2620/2073 2392/2618/2051 2416/2641/2075 2415/2640/2074
f 2392/2618/2051 2385/2613/2044 2417/2614/2076 2416/2641/2075
f 2419/2642/2078 2409/2633/2068 2418/2637/2077 2420/2643/2079
f 2421/2644/2080 2406/2631/2065 2409/2633/2068 2419/2642/2078
f 2422/2645/2081 2419/2642/2078 2420/2643/2079 2423/2646/2082
f 2425/2647/2084 2421/2644/2080 2419/2642/2078 2422/2645/2081
f 2424/2648/2083 2422/2645/2081 2423/2646/2082 2465/2649/2124
f 2426/2650/2085 2425/2647/2084 2422/2645/2081 2424/2648/2083
f 2429/2651/2088 2427/2652/2086 2425/2647/2084 2426/2650/2085
f 2427/2652/2086 2430/2653/2089 2421/2644/2080 2425/2647/2084
f 2428/2549/2087 2431/2548/2090 2430/2653/2089 2427/2652/2086
f 2434/2550/2093 2428/2549/2087 2427/2652/2086 2429/2651/2088
f 2431/2548/2090 2324/2547/1983 2322/2544/1981 2432/2654/2091 2430/2653/2089
f 2430/2653/2089 2432/2654/2091 2433/2630/2092 2406/2631/2065 2421/2644/2080
f 2322/2544/1981 2319/2539/1978 2315/2538/1974 2433/2630/2092 2432/2654/2091
f 2327/2551/1986 2434/2550/2093 2429/2651/2088 2435/2655/2094 2329/2554/1988
f 2436/2656/2095 2435/2655/2094 2429/2651/2088 2426/2650/2085 2437/2657/2096
f 2335/2560/1994 2332/2555/1991 2329/2554/1988 2435/2655/2094 2436/2656/2095
f 2457/2658/2116 2337/2563/1996 2335/2560/1994 2436/2656/2095 2437/2657/2096 2438/2659/2097
f 2438/2659/2097 2437/2657/2096 2439/2660/2098 2441/2661/2100
f 2437/2657/2096 2426/2650/2085 2424/2648/2083 2439/2660/2098
f 2439/2660/2098 2424/2648/2083 2465/2649/2124 2440/2662/2099
f 2441/2661/2100 2439/2660/2098 2440/2662/2099 2442/2663/2101
f 2443/2664/2102 2441/2661/2100 2442/2663/2101 2444/2665/2103
f 2445/2666/2104 2438/2659/2097 2441/2661/2100 2443/2664/2102
f 2446/2667/2105 2443/2664/2102 2444/2665/2103 2447/2668/2106
f 2449/2669/2108 2445/2666/2104 2443/2664/2102 2446/2667/2105
f 2448/2670/2107 2446/2667/2105 2447/2668/2106 2463/2671/2122
f 2450/2672/2109 2449/2669/2108 2446/2667/2105 2448/2670/2107
f 2453/2673/2112 2451/2674/2110 2449/2669/2108 2450/2672/2109
f 2451/2674/2110 2454/2675/2113 2445/2666/2104 2449/2669/2108
f 2458/2575/2117 2452/2574/2111 2451/2674/2110 2453/2673/2112
f 2452/2574/2111 2455/2573/2114 2454/2675/2113 2451/2674/2110
f 2455/2573/2114 2346/2572/2005 2344/2569/2003 2456/2676/2115 2454/2675/2113
f 2454/2675/2113 2456/2676/2115 2457/2658/2116 2438/2659/2097 2445/2666/2104
f 2344/2569/2003 2341/2564/2000 2337/2563/1996 2457/2658/2116 2456/2676/2115
f 2349/2576/2008 2458/2575/2117 2453/2673/2112 2459/2586/2118 2351/2579/2010
f 2357/2587/2016 2459/2586/2118 2453/2673/2112 2450/2672/2109 2460/2590/2119
f 2460/2590/2119 2450/2672/2109 2448/2670/2107 2461/2677/2120
f 2376/2591/2035 2460/2590/2119 2461/2677/2120 2380/2604/2039
f 2461/2677/2120 2448/2670/2107 2463/2671/2122 2462/2678/2121
f 2380/2604/2039 2461/2677/2120 2462/2678/2121 2464/2609/2123
f 2343/2568/2002 2353/2582/2012 2340/2566/1999
f 2331/2557/1990 2334/2559/1993 2316/2537/1975 2318/2541/1977
f 2321/2543/1980 2331/2557/1990 2318/2541/1977
f 2309/2532/1968 2312/2534/1971 2294/2512/1953 2296/2516/1955
f 2299/2518/1958 2309/2532/1968 2296/2516/1955
o Cube.006
v 3.197243 0.399576 -1.277646
v 3.595263 0.399576 -1.277646
v 3.197243 0.082440 -1.277646
v 3.197243 0.716712 -1.277646
v 2.799223 0.399576 -1.277646
v 2.799223 0.082440 -1.277646
v 2.799223 0.716712 -1.277646
v 2.799223 1.033849 -1.277646
v 3.197243 1.033849 -1.277646
v 2.799223 1.318487 -1.277646
v 3.197243 1.318487 -1.277646
v 2.799223 1.330924 -1.229574
v 3.197243 1.330924 -1.229574
v 2.799223 1.341467 -1.092677
v 3.197243 1.341467 -1.092677
v 2.799223 1.348512 -0.887795
v 3.197243 1.348512 -0.887795
v 2.799223 1.350985 -0.646121
v 3.197243 1.350985 -0.646121
v 2.799223 1.350985 0.596704
v 3.197243 1.350985 0.596704
v 2.799223 1.348512 0.838378
v 3.197243 1.348512 0.838378
v 2.799223 1.341467 1.043259
v 3.197243 1.341467 1.043259
v 2.799223 1.330924 1.180157
v 3.197243 1.330924 1.180157
v 2.799223 1.318487 1.228229
v 3.197243 1.318487 1.228229
v 2.799223 1.033849 1.228229
v 3.197243 1.033849 1.228229
v 2.799223 0.716712 1.228229
v 3.197243 0.716712 1.228229
v 2.799223 0.399576 1.228229
v 2.799223 0.082440 1.228229
v 3.197243 0.399576 1.228229
v 3.595263 0.399576 1.228229
v 3.197243 0.082440 1.228229
v 3.595263 0.082440 1.228229
v 3.993283 0.082440 1.228229
v 4.391303 0.082440 1.228229
v 3.993283 0.399576 1.228229
v 4.145298 0.399576 1.228229
v 3.993283 0.684214 1.228229
v 3.993283 0.696651 1.180157
v 3.747278 0.716712 1.228229
v 4.145298 0.684214 1.228229
v 4.239440 0.684214 1.180157
v 4.145298 0.696651 1.180157
v 4.238728 0.696557 1.150481
v 4.145298 0.707194 1.043259
v 4.145298 0.714239 0.838378
v 4.235784 0.707342 1.046137
v 3.993283 0.707194 1.043259
v 3.993283 0.714239 0.838378
v 3.921230 0.716712 1.043259
v 3.974557 0.716712 0.838378
v 3.841420 0.716712 1.180157
v 3.921230 1.001351 1.043259
v 3.841420 1.001351 1.180157
v 3.922351 1.013304 1.046137
v 3.974557 1.001351 0.838378
v 3.962996 1.013693 0.836548
v 3.993283 1.001351 0.596704
v 3.974557 1.013787 0.596704
v 3.993283 1.001351 -0.646121
v 3.993283 0.716712 0.596704
v 4.145298 0.716712 0.596704
v 3.993283 0.716712 -0.646121
v 3.993283 0.714239 -0.887795
v 3.974557 0.716712 -0.887795
v 4.145298 0.716712 -0.646121
v 4.239440 0.714239 -0.646121
v 4.145298 0.714239 -0.887795
v 4.238728 0.712712 -0.885966
v 4.145298 0.707194 -1.092677
v 4.145298 0.696651 -1.229574
v 4.235784 0.707342 -1.095554
v 3.993283 0.707194 -1.092677
v 3.993283 0.696651 -1.229574
v 3.921230 0.716712 -1.092677
v 3.841420 0.716712 -1.229574
v 3.921230 1.001351 -1.092677
v 3.974557 1.001351 -0.887795
v 3.922351 1.013304 -1.095554
v 3.841420 1.001351 -1.229574
v 3.840707 1.013693 -1.199899
v 3.747278 1.001351 -1.277646
v 3.747278 1.013787 -1.229574
v 3.595263 1.001351 -1.277646
v 3.747278 0.716712 -1.277646
v 3.993283 0.684214 -1.277646
v 3.595263 0.716712 -1.277646
v 4.145298 0.684214 -1.277646
v 3.993283 0.399576 -1.277646
v 3.993283 0.082440 -1.277646
v 4.145298 0.399576 -1.277646
v 4.391303 0.367078 -1.277646
v 4.239440 0.399576 -1.229574
v 4.319250 0.399576 -1.092677
v 4.391303 0.379514 -1.229574
v 4.239440 0.684214 -1.229574
v 4.238728 0.696557 -1.199898
v 4.319250 0.684214 -1.092677
v 4.372577 0.684214 -0.887795
v 4.320371 0.696168 -1.095554
v 4.361017 0.696557 -0.885966
v 4.305181 0.705335 -1.056559
v 4.320371 0.707342 -0.878409
v 4.319250 0.707194 -0.646121
v 4.372577 0.696651 -0.646121
v 4.319250 0.707194 0.596704
v 4.372577 0.696651 0.596704
v 4.320371 0.707342 0.828991
v 4.239440 0.714239 0.596704
v 4.238728 0.712712 0.836548
v 4.361017 0.696557 0.836548
v 4.305181 0.705335 1.007142
v 4.320371 0.696168 1.046137
v 4.319250 0.684214 1.043259
v 4.372577 0.684214 0.838378
v 4.319250 0.399576 1.043259
v 4.372577 0.399576 0.838378
v 4.239440 0.399576 1.180157
v 4.391303 0.390058 1.043259
v 4.391303 0.379514 1.180157
v 4.391303 0.397103 0.838378
v 4.543318 0.390058 1.043259
v 4.543318 0.397103 0.838378
v 4.633804 0.390206 1.046137
v 4.543318 0.379514 1.180157
v 4.636747 0.379420 1.150481
v 4.543318 0.367078 1.228229
v 4.637460 0.367078 1.180157
v 4.391303 0.367078 1.228229
v 4.543318 0.082440 1.228229
v 4.637460 0.082440 1.180157
v 4.717270 0.082440 1.043259
v 4.717270 0.367078 1.043259
v 4.770597 0.082440 0.838378
v 4.770597 0.367078 0.838378
v 4.789323 0.082440 0.596704
v 4.789323 0.367078 0.596704
v 4.789323 0.082440 -0.646121
v 4.789323 0.367078 -0.646121
v 4.770597 0.082440 -0.887795
v 4.770597 0.367078 -0.887795
v 4.717270 0.082440 -1.092677
v 4.717270 0.367078 -1.092677
v 4.637460 0.082440 -1.229574
v 4.637460 0.367078 -1.229574
v 4.543318 0.082440 -1.277646
v 4.543318 0.367078 -1.277646
v 4.391303 0.082440 -1.277646
v 4.543318 0.379514 -1.229574
v 4.636747 0.379420 -1.199898
v 4.543318 0.390058 -1.092677
v 4.633804 0.390206 -1.095554
v 4.543318 0.397103 -0.887795
v 4.391303 0.390058 -1.092677
v 4.391303 0.397103 -0.887795
v 4.391303 0.399576 -0.646121
v 4.372577 0.399576 -0.887795
v 4.543318 0.399576 -0.646121
v 4.391303 0.684214 -0.646121
v 4.391303 0.399576 0.596704
v 4.543318 0.399576 0.596704
v 4.391303 0.684214 0.596704
v 4.637460 0.397103 0.596704
v 4.636747 0.395575 0.836548
v 4.717270 0.390058 0.596704
v 4.637460 0.397103 -0.646121
v 4.636747 0.395575 -0.885966
v 4.717270 0.390058 -0.646121
v 4.718391 0.390206 -0.878409
v 4.770597 0.379514 -0.646121
v 4.759037 0.379420 -0.885966
v 4.770597 0.379514 0.596704
v 4.759037 0.379420 0.836548
v 4.718391 0.390206 0.828991
v 4.718391 0.379031 1.046137
v 4.703201 0.388199 1.007142
v 4.718391 0.379031 -1.095554
v 4.703201 0.388199 -1.056559
v 3.595263 0.082440 -1.277646
v 3.595263 1.013787 -1.229574
v 3.349258 1.033849 -1.277646
v 3.443401 1.033849 -1.229574
v 3.349258 1.318487 -1.277646
v 3.349258 1.330924 -1.229574
v 3.443401 1.318487 -1.229574
v 3.442688 1.330830 -1.199898
v 3.523211 1.318487 -1.092677
v 3.576538 1.318487 -0.887795
v 3.524331 1.330441 -1.095554
v 3.523211 1.033849 -1.092677
v 3.576538 1.033849 -0.887795
v 3.595263 1.024330 -1.092677
v 3.595263 1.031375 -0.887795
v 3.747278 1.024330 -1.092677
v 3.837764 1.024478 -1.095554
v 3.747278 1.031375 -0.887795
v 3.840707 1.029848 -0.885966
v 3.747278 1.033849 -0.646121
v 3.841420 1.031375 -0.646121
v 3.595263 1.033849 -0.646121
v 3.747278 1.033849 0.596704
v 3.747278 1.031375 0.838378
v 3.841420 1.031375 0.596704
v 3.595263 1.033849 0.596704
v 3.595263 1.031375 0.838378
v 3.576538 1.033849 0.838378
v 3.595263 1.318487 0.596704
v 3.576538 1.330924 0.596704
v 3.576538 1.318487 0.838378
v 3.595263 1.318487 -0.646121
v 3.576538 1.330924 -0.646121
v 3.564977 1.330830 -0.885966
v 3.523211 1.341467 -0.646121
v 3.443401 1.348512 -0.646121
v 3.524331 1.341615 -0.878409
v 3.523211 1.341467 0.596704
v 3.524331 1.341615 0.828991
v 3.443401 1.348512 0.596704
v 3.442688 1.346985 0.836548
v 3.349258 1.350985 0.596704
v 3.349258 1.348512 0.838378
v 3.349258 1.350985 -0.646121
v 3.349258 1.348512 -0.887795
v 3.442688 1.346985 -0.885966
v 3.349258 1.341467 -1.092677
v 3.439744 1.341615 -1.095554
v 3.509141 1.339608 -1.056559
v 3.349258 1.341467 1.043259
v 3.439744 1.341615 1.046137
v 3.349258 1.330924 1.180157
v 3.442688 1.330830 1.150481
v 3.349258 1.318487 1.228229
v 3.443401 1.318487 1.180157
v 3.349258 1.033849 1.228229
v 3.443401 1.033849 1.180157
v 3.595263 1.001351 1.228229
v 3.595263 1.013787 1.180157
v 3.747278 1.001351 1.228229
v 3.595263 0.716712 1.228229
v 3.747278 1.013787 1.180157
v 3.840707 1.013693 1.150481
v 3.747278 1.024330 1.043259
v 3.837764 1.024478 1.046137
v 3.595263 1.024330 1.043259
v 3.523211 1.033849 1.043259
v 3.523211 1.318487 1.043259
v 3.524331 1.330441 1.046137
v 3.509141 1.339608 1.007142
v 3.564977 1.330830 0.836548
v 3.840707 1.029848 0.836548
v 3.907161 1.022472 1.007142
v 3.922351 1.024478 0.828991
v 3.921230 1.024330 0.596704
v 3.921230 1.024330 -0.646121
v 3.922351 1.024478 -0.878409
v 3.974557 1.013787 -0.646121
v 3.962996 1.013693 -0.885966
v 3.907161 1.022472 -1.056559
vn -0.0000 -0.0000 -1.0000
vn -0.0000 0.7158 -0.6983
vn -0.0000 0.9867 -0.1628
vn -0.0000 0.9985 -0.0556
vn -0.0000 0.9998 -0.0223
vn -0.0000 1.0000 -0.0051
vn -0.0000 1.0000 0.0051
vn -0.0000 0.9998 0.0223
vn -0.0000 0.9985 0.0556
vn -0.0000 0.9867 0.1628
vn -0.0000 0.7158 0.6983
vn -0.0000 -0.0000 1.0000
vn 0.1314 0.0780 0.9883
vn 0.0453 0.6995 0.7132
vn 0.0651 0.9844 0.1633
vn 0.1701 0.6726 0.7202
vn 0.6011 0.4956 0.6269
vn 0.0373 0.9821 0.1847
vn 0.3074 0.9059 0.2913
vn 0.0049 0.9984 0.0570
vn 0.0072 0.9998 0.0208
vn 0.0545 0.9960 0.0706
vn 0.0656 0.9963 0.0555
vn 0.0657 0.9976 0.0223
vn 0.6455 0.7154 0.2675
vn 0.7127 0.6911 0.1197
vn 0.4551 0.7278 0.5130
vn 0.9024 0.2323 0.3630
vn 0.5723 0.7805 0.2516
vn 0.9385 0.3105 0.1508
vn 0.5679 0.8189 0.0834
vn 0.8951 0.4447 0.0326
vn 0.4137 0.9103 0.0118
vn 0.8951 0.4447 -0.0326
vn 0.6945 0.7189 0.0305
vn 0.0119 0.9999 0.0046
vn 0.6945 0.7189 -0.0305
vn 0.0657 0.9976 -0.0223
vn 0.7127 0.6911 -0.1197
vn 0.0119 0.9999 -0.0046
vn 0.0532 0.9986 -0.0028
vn 0.0072 0.9998 -0.0208
vn 0.0402 0.9991 -0.0158
vn 0.0049 0.9984 -0.0570
vn 0.0373 0.9821 -0.1847
vn 0.0545 0.9960 -0.0706
vn 0.0656 0.9963 -0.0555
vn 0.0651 0.9844 -0.1633
vn 0.6455 0.7154 -0.2675
vn 0.4551 0.7278 -0.5130
vn 0.9024 0.2323 -0.3630
vn 0.9385 0.3105 -0.1508
vn 0.5723 0.7805 -0.2516
vn 0.6011 0.4956 -0.6269
vn 0.3074 0.9059 -0.2913
vn 0.1701 0.6726 -0.7202
vn 0.0453 0.6995 -0.7132
vn 0.1314 0.0780 -0.9883
vn 0.5679 0.8189 -0.0834
vn 0.1730 0.9831 -0.0602
vn 0.1677 0.9857 -0.0191
vn 0.1451 0.9894 -0.0019
vn 0.4137 0.9103 -0.0118
vn 0.1451 0.9894 0.0019
vn 0.1677 0.9857 0.0191
vn 0.0532 0.9986 0.0028
vn 0.0402 0.9991 0.0158
vn 0.1730 0.9831 0.0602
vn 0.2410 -0.0000 0.9705
vn 0.7086 -0.0000 0.7056
vn 0.9270 -0.0000 0.3750
vn 0.9865 -0.0000 0.1637
vn 0.9993 -0.0000 0.0386
vn 0.9993 -0.0000 -0.0386
vn 0.9865 -0.0000 -0.1637
vn 0.9270 -0.0000 -0.3750
vn 0.7086 -0.0000 -0.7056
vn 0.2410 -0.0000 -0.9705
vn 0.1450 0.9894 0.0019
vn 0.1450 0.9894 -0.0019
vt 0.098114 0.927318
vt 0.079907 0.943255
vt 0.067257 0.928475
vt 0.085431 0.912868
vt 0.110870 0.941803
vt 0.092699 0.957853
vt 0.074323 0.974089
vt 0.061386 0.959447
vt 0.048423 0.944739
vt 0.035263 0.929981
vt 0.054947 0.913174
vt 0.022387 0.916012
vt 0.041921 0.898007
vt 0.048191 0.875460
vt 0.025388 0.877307
vt 0.025078 0.874343
vt 0.047903 0.872879
vt 0.024619 0.869014
vt 0.047410 0.867206
vt 0.024018 0.860976
vt 0.046652 0.859047
vt 0.023504 0.851544
vt 0.045897 0.849689
vt 0.044996 0.808043
vt 0.022387 0.806872
vt 0.022726 0.797512
vt 0.045425 0.798644
vt 0.023137 0.789507
vt 0.045870 0.790473
vt 0.023447 0.784177
vt 0.046088 0.784886
vt 0.023523 0.781201
vt 0.046196 0.782314
vt 0.165077 0.926372
vt 0.185230 0.911089
vt 0.174237 0.896624
vt 0.154102 0.911960
vt 0.177295 0.942433
vt 0.197460 0.927399
vt 0.189306 0.958250
vt 0.209176 0.943360
vt 0.220841 0.959040
vt 0.201134 0.973906
vt 0.229078 0.928904
vt 0.218389 0.912883
vt 0.240363 0.944399
vt 0.259268 0.930301
vt 0.248114 0.915239
vt 0.278098 0.916295
vt 0.268082 0.902829
vt 0.255300 0.909948
vt 0.238288 0.901851
vt 0.227318 0.906237
vt 0.245428 0.896578
vt 0.143888 0.779897
vt 0.133515 0.776762
vt 0.134374 0.774429
vt 0.144751 0.777555
vt 0.121914 0.772571
vt 0.116110 0.767159
vt 0.162013 0.764987
vt 0.167881 0.770762
vt 0.149639 0.781933
vt 0.149072 0.783205
vt 0.147567 0.787444
vt 0.141976 0.786002
vt 0.131531 0.783302
vt 0.140223 0.795132
vt 0.129815 0.793622
vt 0.146320 0.796100
vt 0.125971 0.781946
vt 0.128341 0.793471
vt 0.108082 0.789806
vt 0.110513 0.797711
vt 0.104592 0.783741
vt 0.107214 0.790083
vt 0.104073 0.784979
vt 0.109350 0.797822
vt 0.112120 0.808265
vt 0.110319 0.808326
vt 0.129185 0.805190
vt 0.112443 0.847974
vt 0.110656 0.847987
vt 0.130400 0.851458
vt 0.138875 0.806148
vt 0.139486 0.850714
vt 0.140759 0.861324
vt 0.130722 0.862709
vt 0.129288 0.862816
vt 0.111067 0.858492
vt 0.145142 0.806900
vt 0.145510 0.849902
vt 0.146719 0.860371
vt 0.147967 0.868875
vt 0.142476 0.870279
vt 0.132061 0.872786
vt 0.144357 0.876315
vt 0.133799 0.879339
vt 0.149458 0.873063
vt 0.126560 0.873885
vt 0.122014 0.883076
vt 0.105505 0.872344
vt 0.108829 0.866314
vt 0.107971 0.866057
vt 0.109919 0.858406
vt 0.104974 0.871134
vt 0.100850 0.876455
vt 0.100055 0.874208
vt 0.116189 0.888121
vt 0.089912 0.876990
vt 0.090641 0.879265
vt 0.092320 0.906819
vt 0.074181 0.900031
vt 0.081033 0.893998
vt 0.134594 0.881704
vt 0.116243 0.911359
vt 0.104818 0.898416
vt 0.063412 0.905549
vt 0.145209 0.878650
vt 0.123160 0.905254
vt 0.111731 0.892311
vt 0.128989 0.925802
vt 0.135666 0.896843
vt 0.147109 0.909801
vt 0.167314 0.885338
vt 0.179524 0.881307
vt 0.180388 0.883755
vt 0.161313 0.890658
vt 0.150021 0.874320
vt 0.153436 0.868008
vt 0.171935 0.875732
vt 0.177628 0.874527
vt 0.152540 0.867746
vt 0.155721 0.859849
vt 0.174663 0.864230
vt 0.154525 0.859763
vt 0.151489 0.866484
vt 0.151875 0.859547
vt 0.155269 0.848913
vt 0.151000 0.849241
vt 0.150801 0.807429
vt 0.155120 0.807567
vt 0.151591 0.796895
vt 0.154277 0.796653
vt 0.151157 0.789861
vt 0.152217 0.788576
vt 0.155486 0.796558
vt 0.153123 0.788306
vt 0.171830 0.780565
vt 0.173999 0.792516
vt 0.177533 0.782112
vt 0.175515 0.792702
vt 0.179778 0.775427
vt 0.188150 0.785176
vt 0.190340 0.779015
vt 0.186154 0.794453
vt 0.193756 0.786796
vt 0.192345 0.795532
vt 0.195393 0.782575
vt 0.191334 0.776663
vt 0.196004 0.781325
vt 0.180742 0.773043
vt 0.209563 0.766180
vt 0.213168 0.772923
vt 0.285289 0.910946
vt 0.275274 0.897480
vt 0.216586 0.781045
vt 0.199289 0.787782
vt 0.219607 0.791569
vt 0.201602 0.796056
vt 0.221469 0.803587
vt 0.203186 0.807219
vt 0.222793 0.854417
vt 0.203332 0.849884
vt 0.220060 0.866523
vt 0.201764 0.861098
vt 0.216272 0.876595
vt 0.199423 0.869307
vt 0.212043 0.884692
vt 0.196124 0.875698
vt 0.208445 0.890658
vt 0.191376 0.880365
vt 0.154029 0.903689
vt 0.142586 0.890731
vt 0.190421 0.877964
vt 0.195524 0.874449
vt 0.188346 0.871783
vt 0.193930 0.870243
vt 0.186488 0.862610
vt 0.192596 0.861603
vt 0.176147 0.864109
vt 0.175760 0.852468
vt 0.185154 0.851685
vt 0.157129 0.848903
vt 0.184637 0.805737
vt 0.174656 0.804622
vt 0.156986 0.807520
vt 0.191073 0.806559
vt 0.191370 0.850857
vt 0.197676 0.796387
vt 0.196872 0.807119
vt 0.197027 0.850201
vt 0.197859 0.860766
vt 0.201420 0.849887
vt 0.200552 0.861002
vt 0.201285 0.807265
vt 0.200386 0.796151
vt 0.198383 0.788035
vt 0.197307 0.789302
vt 0.198525 0.869051
vt 0.197465 0.867787
vt 0.072940 0.885097
vt 0.078592 0.880373
vt 0.058483 0.873602
vt 0.063111 0.869819
vt 0.049891 0.890731
vt 0.057859 0.871374
vt 0.062644 0.868655
vt 0.065579 0.863948
vt 0.066382 0.864206
vt 0.083074 0.871686
vt 0.068588 0.856898
vt 0.085788 0.861184
vt 0.067511 0.856808
vt 0.088331 0.870705
vt 0.087153 0.861093
vt 0.096732 0.859839
vt 0.098308 0.868410
vt 0.103577 0.867108
vt 0.102434 0.858957
vt 0.095559 0.849714
vt 0.101308 0.848942
vt 0.086912 0.850398
vt 0.100734 0.807794
vt 0.094742 0.807160
vt 0.085524 0.806414
vt 0.085863 0.795406
vt 0.095833 0.796617
vt 0.101693 0.797429
vt 0.084456 0.795299
vt 0.067735 0.799844
vt 0.069490 0.809678
vt 0.069925 0.847028
vt 0.068246 0.847042
vt 0.067808 0.809755
vt 0.066652 0.799984
vt 0.065133 0.856581
vt 0.064400 0.847350
vt 0.063932 0.809717
vt 0.059481 0.847959
vt 0.058904 0.809374
vt 0.060527 0.857250
vt 0.064258 0.800325
vt 0.059552 0.799878
vt 0.053389 0.808838
vt 0.054195 0.799355
vt 0.054108 0.848725
vt 0.055274 0.858012
vt 0.061446 0.864836
vt 0.056517 0.865871
vt 0.064660 0.862789
vt 0.055041 0.791368
vt 0.060109 0.792152
vt 0.056075 0.785671
vt 0.061129 0.788206
vt 0.056570 0.783342
vt 0.061546 0.786994
vt 0.071846 0.770501
vt 0.077636 0.775517
vt 0.192992 0.905188
vt 0.181958 0.890731
vt 0.089697 0.776887
vt 0.088939 0.779162
vt 0.206988 0.897166
vt 0.099008 0.781911
vt 0.099783 0.779634
vt 0.215269 0.890731
vt 0.102717 0.789089
vt 0.097314 0.787827
vt 0.087224 0.785502
vt 0.081862 0.784369
vt 0.065156 0.792546
vt 0.064352 0.792847
vt 0.063477 0.794069
vt 0.106218 0.791342
vt 0.106769 0.798100
vt 0.106162 0.808235
vt 0.106560 0.848308
vt 0.107377 0.858189
vt 0.106969 0.864839
s 1
usemtl Material.001
f 2468/2679/2126 2467/2680/2126 2470/2681/2126 2559/2682/2126
f 2468/2679/2126 2651/2683/2126 2469/2684/2126 2467/2680/2126
f 2467/2680/2126 2469/2684/2126 2472/2685/2126 2471/2686/2126
f 2467/2680/2126 2471/2686/2126 2473/2687/2126 2470/2681/2126
f 2470/2681/2126 2473/2687/2126 2474/2688/2126 2475/2689/2126
f 2475/2689/2126 2474/2688/2126 2476/2690/2127 2477/2691/2127
f 2477/2692/2127 2476/2693/2127 2478/2694/2128 2479/2695/2128
f 2479/2695/2128 2478/2694/2128 2480/2696/2129 2481/2697/2129
f 2481/2697/2129 2480/2696/2129 2482/2698/2130 2483/2699/2130
f 2483/2699/2130 2482/2698/2130 2484/2700/2131 2485/2701/2131
f 2487/2702/2132 2485/2701/2131 2484/2700/2131 2486/2703/2132
f 2488/2704/2133 2489/2705/2133 2487/2702/2132 2486/2703/2132
f 2490/2706/2134 2491/2707/2134 2489/2705/2133 2488/2704/2133
f 2492/2708/2135 2493/2709/2135 2491/2707/2134 2490/2706/2134
f 2494/2710/2136 2495/2711/2136 2493/2709/2135 2492/2708/2135
f 2496/2712/2137 2497/2713/2137 2495/2714/2136 2494/2715/2136
f 2498/2716/2137 2499/2717/2137 2497/2713/2137 2496/2712/2137
f 2500/2718/2137 2502/2719/2137 2499/2717/2137 2498/2716/2137
f 2504/2720/2137 2502/2719/2137 2500/2718/2137 2501/2721/2137
f 2502/2719/2137 2503/2722/2137 2711/2723/2137 2499/2717/2137
f 2505/2724/2137 2503/2722/2137 2502/2719/2137 2504/2720/2137
f 2506/2725/2137 2508/2726/2137 2503/2722/2137 2505/2724/2137
f 2507/2727/2137 2601/2728/2139 2509/2729/2138 2508/2726/2137 2506/2725/2137
f 2503/2722/2137 2508/2726/2137 2510/2730/2139 2512/2731/2138 2711/2723/2137
f 2508/2726/2137 2509/2729/2138 2513/2732/2141 2510/2730/2139
f 2515/2733/2143 2511/2734/2140 2510/2735/2139 2513/2736/2141
f 2510/2735/2139 2511/2734/2140 2524/2737/2152 2512/2738/2138
f 2513/2736/2141 2509/2739/2138 2590/2740/2152 2514/2741/2142
f 2513/2736/2141 2514/2741/2142 2516/2742/2144 2515/2733/2143
f 2515/2733/2143 2516/2742/2144 2519/2743/2147 2517/2744/2145
f 2517/2744/2145 2520/2745/2148 2511/2734/2140 2515/2733/2143
f 2518/2746/2146 2521/2747/2149 2520/2745/2148 2517/2744/2145
f 2518/2746/2146 2517/2744/2145 2519/2743/2147 2582/2748/2192
f 2511/2734/2140 2520/2745/2148 2522/2749/2150 2524/2737/2152
f 2522/2749/2150 2520/2745/2148 2521/2747/2149 2523/2750/2151
f 2525/2751/2153 2522/2749/2150 2523/2750/2151 2528/2752/2155
f 2526/2753/2142 2524/2737/2152 2522/2749/2150 2525/2751/2153
f 2526/2753/2142 2525/2751/2153 2527/2754/2154 2713/2755/2144
f 2528/2752/2155 2529/2756/2156 2527/2754/2154 2525/2751/2153
f 2530/2757/2157 2531/2758/2158 2529/2756/2156 2528/2752/2155
f 2528/2752/2155 2523/2750/2151 2533/2759/2160 2530/2757/2157
f 2530/2757/2157 2532/2760/2159 2728/2761/2188 2531/2758/2158
f 2533/2759/2160 2535/2762/2162 2532/2760/2159 2530/2757/2157
f 2534/2763/2161 2533/2759/2160 2521/2747/2149 2518/2746/2146
f 2523/2750/2151 2521/2747/2149 2533/2759/2160
f 2534/2763/2161 2538/2764/2165 2535/2762/2162 2533/2759/2160
f 2535/2762/2162 2538/2764/2165 2540/2765/2167 2536/2766/2163
f 2535/2762/2162 2536/2766/2163 2537/2767/2164
f 2537/2767/2164 2550/2768/2177 2532/2760/2159 2535/2762/2162
f 2581/2769/2191 2539/2770/2166 2538/2764/2165 2534/2763/2161
f 2538/2764/2165 2539/2770/2166 2541/2771/2168 2540/2765/2167
f 2540/2765/2167 2541/2771/2168 2544/2772/2171 2542/2773/2169
f 2536/2766/2163 2540/2765/2167 2542/2773/2169 2545/2774/2172
f 2545/2774/2172 2542/2773/2169 2543/2775/2170 2546/2776/2173
f 2543/2775/2170 2542/2773/2169 2544/2772/2171 2569/2777/2180
f 2536/2766/2163 2545/2774/2172 2547/2778/2174 2537/2767/2164
f 2547/2778/2174 2545/2774/2172 2546/2776/2173 2548/2779/2175
f 2548/2779/2175 2552/2780/2179 2549/2781/2176 2547/2778/2174
f 2547/2778/2174 2549/2781/2176 2550/2768/2177 2537/2767/2164
f 2550/2768/2177 2549/2781/2176 2551/2782/2178 2729/2783/2184
f 2552/2780/2179 2553/2784/2180 2551/2782/2178 2549/2781/2176
f 2554/2785/2181 2555/2786/2170 2553/2784/2180 2552/2780/2179
f 2557/2787/2183 2554/2785/2181 2552/2780/2179 2548/2779/2175
f 2652/2788/2173 2555/2786/2170 2554/2785/2181 2556/2789/2182
f 2557/2790/2183 2559/2682/2126 2556/2791/2182 2554/2792/2181
f 2548/2779/2175 2546/2776/2173 2558/2793/2182 2557/2787/2183
f 2561/2794/2126 2468/2679/2126 2559/2682/2126 2557/2790/2183 2558/2795/2182
f 2559/2682/2126 2470/2681/2126 2475/2689/2126 2653/2796/2183 2556/2791/2182
f 2546/2776/2173 2543/2775/2170 2560/2797/2181 2558/2793/2182
f 2563/2798/2183 2561/2794/2126 2558/2795/2182 2560/2799/2181
f 2561/2794/2126 2562/2800/2126 2651/2683/2126 2468/2679/2126
f 2563/2798/2183 2564/2801/2182 2620/2802/2126 2562/2800/2126 2561/2794/2126
f 2565/2803/2175 2567/2804/2173 2564/2805/2182 2563/2806/2183
f 2568/2807/2179 2565/2803/2175 2563/2806/2183 2560/2797/2181
f 2570/2808/2176 2566/2809/2174 2565/2803/2175 2568/2807/2179
f 2566/2809/2174 2626/2810/2172 2567/2804/2173 2565/2803/2175
f 2568/2807/2179 2569/2777/2180 2572/2811/2178 2570/2808/2176
f 2560/2797/2181 2543/2775/2170 2569/2777/2180 2568/2807/2179
f 2571/2812/2177 2629/2813/2164 2566/2809/2174 2570/2808/2176
f 2571/2812/2177 2570/2808/2176 2572/2811/2178 2573/2814/2184
f 2573/2814/2184 2572/2811/2178 2574/2815/2185 2575/2816/2186
f 2569/2777/2180 2544/2772/2171 2574/2815/2185 2572/2811/2178
f 2541/2771/2168 2575/2816/2186 2574/2815/2185 2544/2772/2171
f 2577/2817/2188 2573/2814/2184 2575/2816/2186 2576/2818/2187
f 2539/2770/2166 2576/2818/2187 2575/2816/2186 2541/2771/2168
f 2578/2819/2189 2576/2818/2187 2539/2770/2166 2581/2769/2191
f 2579/2820/2158 2577/2817/2188 2576/2818/2187 2578/2819/2189
f 2579/2820/2158 2578/2819/2189 2580/2821/2190 2583/2822/2156
f 2581/2769/2191 2582/2748/2192 2580/2821/2190 2578/2819/2189
f 2534/2763/2161 2518/2746/2146 2582/2748/2192 2581/2769/2191
f 2582/2748/2192 2519/2743/2147 2584/2823/2193 2580/2821/2190
f 2583/2822/2156 2580/2821/2190 2584/2823/2193 2585/2824/2154
f 2516/2742/2144 2585/2824/2154 2584/2823/2193 2519/2743/2147
f 2587/2825/2155 2583/2822/2156 2585/2824/2154 2586/2826/2153
f 2514/2741/2142 2586/2826/2153 2585/2824/2154 2516/2742/2144
f 2514/2741/2142 2590/2740/2152 2588/2827/2150 2586/2826/2153
f 2586/2826/2153 2588/2827/2150 2589/2828/2151 2587/2825/2155
f 2588/2827/2150 2591/2829/2148 2593/2830/2149 2589/2828/2151
f 2592/2831/2140 2591/2829/2148 2588/2827/2150 2590/2740/2152
f 2594/2832/2145 2591/2829/2148 2592/2831/2140 2597/2833/2143
f 2595/2834/2146 2593/2830/2149 2591/2829/2148 2594/2832/2145
f 2595/2834/2146 2594/2832/2145 2596/2835/2147 2636/2836/2192
f 2597/2833/2143 2598/2837/2144 2596/2835/2147 2594/2832/2145
f 2599/2838/2141 2600/2839/2142 2598/2837/2144 2597/2833/2143
f 2597/2833/2143 2592/2831/2140 2601/2840/2139 2599/2838/2141
f 2599/2838/2141 2602/2841/2194 2603/2842/2195 2600/2839/2142
f 2507/2727/2137 2602/2843/2194 2599/2844/2141 2601/2728/2139
f 2600/2839/2142 2603/2842/2195 2604/2845/2196 2605/2846/2153
f 2605/2846/2153 2604/2845/2196 2606/2847/2197 2607/2848/2155
f 2607/2848/2155 2606/2847/2197 2608/2849/2198 2609/2850/2157
f 2608/2849/2198 2610/2851/2199 2611/2852/2159 2609/2850/2157
f 2611/2852/2159 2610/2851/2199 2612/2853/2200 2613/2854/2177
f 2613/2854/2177 2612/2853/2200 2614/2855/2201 2615/2856/2176
f 2615/2856/2176 2614/2855/2201 2616/2857/2202 2617/2858/2179
f 2617/2858/2179 2616/2857/2202 2618/2859/2203 2619/2860/2181
f 2618/2861/2203 2620/2802/2126 2564/2801/2182 2619/2862/2181
f 2619/2860/2181 2564/2805/2182 2567/2804/2173 2621/2863/2170
f 2619/2860/2181 2621/2863/2170 2622/2864/2180 2617/2858/2179
f 2621/2863/2170 2623/2865/2169 2624/2866/2171 2622/2864/2180
f 2621/2863/2170 2567/2804/2173 2626/2810/2172 2623/2865/2169
f 2625/2867/2167 2639/2868/2168 2624/2866/2171 2623/2865/2169
f 2623/2865/2169 2626/2810/2172 2627/2869/2163 2625/2867/2167
f 2627/2869/2163 2626/2810/2172 2566/2809/2174 2629/2813/2164
f 2625/2867/2167 2627/2869/2163 2628/2870/2162 2630/2871/2165
f 2628/2870/2162 2627/2869/2163 2629/2813/2164
f 2631/2872/2159 2628/2870/2162 2629/2813/2164 2571/2812/2177
f 2633/2873/2161 2630/2871/2165 2628/2870/2162 2632/2874/2160
f 2632/2874/2160 2628/2870/2162 2631/2872/2159 2634/2875/2157
f 2633/2873/2161 2632/2874/2160 2593/2830/2149 2595/2834/2146
f 2589/2828/2151 2593/2830/2149 2632/2874/2160
f 2587/2825/2155 2589/2828/2151 2632/2874/2160 2634/2875/2157
f 2634/2875/2157 2631/2872/2159 2577/2817/2188 2579/2820/2158
f 2634/2875/2157 2579/2820/2158 2583/2822/2156 2587/2825/2155
f 2633/2873/2161 2595/2834/2146 2636/2836/2192 2635/2876/2191
f 2635/2876/2191 2638/2877/2166 2630/2871/2165 2633/2873/2161
f 2635/2876/2191 2636/2836/2192 2646/2878/2190 2637/2879/2204
f 2637/2879/2204 2640/2880/2187 2638/2877/2166 2635/2876/2191
f 2630/2871/2165 2638/2877/2166 2639/2868/2168 2625/2867/2167
f 2638/2877/2166 2640/2880/2187 2641/2881/2186 2639/2868/2168
f 2642/2882/2188 2643/2883/2184 2641/2881/2186 2640/2880/2187
f 2644/2884/2158 2642/2882/2188 2640/2880/2187 2637/2879/2204
f 2611/2852/2159 2613/2854/2177 2643/2883/2184 2642/2882/2188
f 2609/2850/2157 2611/2852/2159 2642/2882/2188 2644/2884/2158
f 2609/2850/2157 2644/2884/2158 2645/2885/2156 2607/2848/2155
f 2644/2884/2158 2637/2879/2204 2646/2878/2190 2645/2885/2156
f 2607/2848/2155 2645/2885/2156 2647/2886/2154 2605/2846/2153
f 2645/2885/2156 2646/2878/2190 2648/2887/2193 2647/2886/2154
f 2600/2839/2142 2605/2846/2153 2647/2886/2154 2598/2837/2144
f 2598/2837/2144 2647/2886/2154 2648/2887/2193 2596/2835/2147
f 2636/2836/2192 2596/2835/2147 2648/2887/2193 2646/2878/2190
f 2613/2854/2177 2615/2856/2176 2649/2888/2178 2643/2883/2184
f 2643/2883/2184 2649/2888/2178 2650/2889/2185 2641/2881/2186
f 2617/2858/2179 2622/2864/2180 2649/2888/2178 2615/2856/2176
f 2622/2864/2180 2624/2866/2171 2650/2889/2185 2649/2888/2178
f 2639/2868/2168 2641/2881/2186 2650/2889/2185 2624/2866/2171
f 2631/2872/2159 2571/2812/2177 2573/2814/2184 2577/2817/2188
f 2601/2840/2139 2592/2831/2140 2590/2740/2152 2509/2739/2138
f 2653/2890/2183 2654/2891/2175 2652/2788/2173 2556/2789/2182
f 2653/2890/2183 2655/2892/2181 2657/2893/2179 2654/2891/2175
f 2653/2796/2183 2475/2689/2126 2477/2691/2127 2655/2894/2181
f 2655/2892/2181 2477/2692/2127 2479/2695/2128 2656/2895/2170
f 2655/2892/2181 2656/2895/2170 2658/2896/2180 2657/2893/2179
f 2657/2893/2179 2658/2896/2180 2661/2897/2178 2659/2898/2176
f 2654/2891/2175 2657/2893/2179 2659/2898/2176 2662/2899/2174
f 2662/2899/2174 2659/2898/2176 2660/2900/2177 2663/2901/2164
f 2660/2900/2177 2659/2898/2176 2661/2897/2178 2684/2902/2184
f 2654/2891/2175 2662/2899/2174 2664/2903/2172 2652/2788/2173
f 2664/2903/2172 2662/2899/2174 2663/2901/2164 2665/2904/2163
f 2665/2904/2163 2668/2905/2167 2666/2906/2169 2664/2903/2172
f 2664/2903/2172 2666/2906/2169 2555/2786/2170 2652/2788/2173
f 2555/2786/2170 2666/2906/2169 2667/2907/2171 2553/2784/2180
f 2668/2905/2167 2669/2908/2168 2667/2907/2171 2666/2906/2169
f 2670/2909/2165 2671/2910/2166 2669/2908/2168 2668/2905/2167
f 2672/2911/2162 2670/2909/2165 2668/2905/2167 2665/2904/2163
f 2675/2912/2191 2671/2910/2166 2670/2909/2165 2673/2913/2161
f 2673/2913/2161 2670/2909/2165 2672/2911/2162 2676/2914/2160
f 2673/2913/2161 2676/2914/2160 2677/2915/2149 2674/2916/2146
f 2673/2913/2161 2674/2916/2146 2722/2917/2192 2675/2912/2191
f 2678/2918/2151 2677/2915/2149 2676/2914/2160
f 2681/2919/2155 2678/2918/2151 2676/2914/2160 2679/2920/2157
f 2676/2914/2160 2672/2911/2162 2682/2921/2159 2679/2920/2157
f 2679/2920/2157 2682/2921/2159 2683/2922/2188 2680/2923/2158
f 2679/2920/2157 2680/2923/2158 2721/2924/2156 2681/2919/2155
f 2663/2901/2164 2660/2900/2177 2682/2921/2159 2672/2911/2162
f 2682/2921/2159 2660/2900/2177 2684/2902/2184 2683/2922/2188
f 2683/2922/2188 2684/2902/2184 2687/2925/2186 2685/2926/2187
f 2680/2923/2158 2683/2922/2188 2685/2926/2187 2688/2927/2189
f 2688/2927/2189 2685/2926/2187 2686/2928/2166 2690/2929/2191
f 2686/2928/2166 2685/2926/2187 2687/2925/2186 2696/2930/2168
f 2680/2923/2158 2688/2927/2189 2689/2931/2190 2721/2924/2156
f 2690/2929/2191 2691/2932/2192 2689/2931/2190 2688/2927/2189
f 2692/2933/2161 2693/2934/2146 2691/2932/2192 2690/2929/2191
f 2690/2929/2191 2686/2928/2166 2694/2935/2165 2692/2933/2161
f 2692/2933/2161 2487/2702/2132 2489/2705/2133 2693/2934/2146
f 2692/2933/2161 2694/2935/2165 2485/2701/2131 2487/2702/2132
f 2694/2935/2165 2686/2928/2166 2696/2930/2168 2695/2936/2167
f 2695/2936/2167 2483/2699/2130 2485/2701/2131 2694/2935/2165
f 2695/2936/2167 2696/2930/2168 2698/2937/2171 2697/2938/2169
f 2697/2938/2169 2481/2697/2129 2483/2699/2130 2695/2936/2167
f 2656/2895/2170 2479/2695/2128 2481/2697/2129 2697/2938/2169
f 2656/2895/2170 2697/2938/2169 2698/2937/2171 2658/2896/2180
f 2658/2896/2180 2698/2937/2171 2699/2939/2185 2661/2897/2178
f 2696/2930/2168 2687/2925/2186 2699/2939/2185 2698/2937/2171
f 2684/2902/2184 2661/2897/2178 2699/2939/2185 2687/2925/2186
f 2693/2934/2146 2700/2940/2145 2701/2941/2147 2691/2932/2192
f 2693/2934/2146 2489/2705/2133 2491/2707/2134 2700/2940/2145
f 2702/2942/2143 2703/2943/2144 2701/2941/2147 2700/2940/2145
f 2700/2940/2145 2491/2707/2134 2493/2709/2135 2702/2942/2143
f 2704/2944/2141 2705/2945/2142 2703/2943/2144 2702/2942/2143
f 2702/2942/2143 2493/2709/2135 2495/2711/2136 2704/2944/2141
f 2704/2944/2141 2706/2946/2138 2707/2947/2152 2705/2945/2142
f 2497/2713/2137 2706/2948/2138 2704/2949/2141 2495/2714/2136
f 2708/2950/2139 2709/2951/2140 2707/2947/2152 2706/2946/2138
f 2499/2717/2137 2711/2723/2137 2708/2952/2139 2706/2948/2138 2497/2713/2137
f 2712/2953/2143 2709/2951/2140 2708/2950/2139 2710/2954/2141
f 2711/2723/2137 2512/2731/2138 2710/2955/2141 2708/2952/2139
f 2710/2954/2141 2512/2738/2138 2524/2737/2152 2526/2753/2142
f 2710/2954/2141 2526/2753/2142 2713/2755/2144 2712/2953/2143
f 2712/2953/2143 2713/2755/2144 2715/2956/2147 2714/2957/2145
f 2714/2957/2145 2716/2958/2148 2709/2951/2140 2712/2953/2143
f 2674/2916/2146 2677/2915/2149 2716/2958/2148 2714/2957/2145
f 2674/2916/2146 2714/2957/2145 2715/2956/2147 2722/2917/2192
f 2709/2951/2140 2716/2958/2148 2717/2959/2150 2707/2947/2152
f 2717/2959/2150 2716/2958/2148 2677/2915/2149 2678/2918/2151
f 2718/2960/2153 2717/2959/2150 2678/2918/2151 2681/2919/2155
f 2705/2945/2142 2707/2947/2152 2717/2959/2150 2718/2960/2153
f 2705/2945/2142 2718/2960/2153 2719/2961/2154 2703/2943/2144
f 2681/2919/2155 2721/2924/2156 2719/2961/2154 2718/2960/2153
f 2703/2943/2144 2719/2961/2154 2720/2962/2193 2701/2941/2147
f 2721/2924/2156 2689/2931/2190 2720/2962/2193 2719/2961/2154
f 2691/2932/2192 2701/2941/2147 2720/2962/2193 2689/2931/2190
f 2722/2917/2192 2715/2956/2147 2723/2963/2193 2724/2964/2190
f 2713/2755/2144 2527/2754/2154 2723/2963/2193 2715/2956/2147
f 2529/2756/2156 2724/2964/2190 2723/2963/2193 2527/2754/2154
f 2675/2912/2191 2722/2917/2192 2724/2964/2190 2725/2965/2204
f 2531/2758/2158 2725/2965/2204 2724/2964/2190 2529/2756/2156
f 2531/2758/2158 2728/2761/2188 2726/2966/2205 2725/2965/2204
f 2725/2965/2204 2726/2966/2205 2671/2910/2166 2675/2912/2191
f 2671/2910/2166 2726/2966/2205 2727/2967/2186 2669/2908/2168
f 2728/2761/2188 2729/2783/2184 2727/2967/2186 2726/2966/2205
f 2532/2760/2159 2550/2768/2177 2729/2783/2184 2728/2761/2188
f 2729/2783/2184 2551/2782/2178 2730/2968/2185 2727/2967/2186
f 2669/2908/2168 2727/2967/2186 2730/2968/2185 2667/2907/2171
f 2553/2784/2180 2667/2907/2171 2730/2968/2185 2551/2782/2178
f 2665/2904/2163 2663/2901/2164 2672/2911/2162
o Cube.007
v 2.987381 1.563050 -0.728345
v 2.987381 1.563050 0.705469
v 2.987381 2.983313 -0.847425
v 3.078447 1.524250 -0.761283
v 3.057985 1.487080 -0.794221
v 3.078447 1.524250 0.738407
v 3.078447 3.009766 -0.885834
v 3.057985 3.037848 -0.924242
v 3.078447 3.363015 -0.848612
v 2.987381 3.321046 -0.811838
v 3.057985 3.406614 -0.885385
v 3.078447 3.681687 -0.740590
v 3.057985 3.739284 -0.772618
v 2.987381 3.625719 -0.708561
v 3.078447 3.934586 -0.572341
v 2.987381 3.867509 -0.547703
v 3.057985 4.003291 -0.596979
v 3.078447 4.096957 -0.360335
v 2.987381 4.022748 -0.345010
v 3.057985 4.172795 -0.375661
v 3.078447 4.152906 -0.125326
v 3.057985 4.231202 -0.130328
v 2.987381 4.076240 -0.120323
v 3.078447 4.152906 0.102450
v 2.987381 4.076240 0.097447
v 3.057985 4.231202 0.107452
v 3.078447 4.096957 0.337460
v 3.057985 4.172795 0.352785
v 2.987381 4.022748 0.322134
v 3.078447 3.934586 0.549465
v 3.057985 4.003291 0.574103
v 2.987381 3.867509 0.524827
v 3.078447 3.681687 0.717714
v 3.057985 3.739284 0.749742
v 2.987381 3.625719 0.685685
v 3.078447 3.363015 0.825736
v 3.057985 3.406614 0.862509
v 2.987381 3.321046 0.788962
v 3.078447 3.009766 0.862958
v 3.057985 3.037848 0.901366
v 2.987381 2.983313 0.824549
v 2.921150 3.015217 0.952769
v 3.057985 1.487080 0.771344
v 2.921150 1.377121 0.815425
v 2.784315 1.487080 0.771344
v 2.921150 1.377121 -0.838301
v 2.784315 1.487080 -0.794221
v 2.921150 3.015217 -0.975645
v 2.784315 3.037848 -0.924242
v 2.921150 3.404749 -0.934600
v 2.784315 3.406614 -0.885385
v 2.921150 3.756152 -0.815482
v 2.784315 3.739284 -0.772618
v 2.921150 4.035027 -0.629953
v 2.784315 4.003291 -0.596979
v 2.921150 4.214076 -0.396171
v 2.784315 4.172795 -0.375661
v 2.921150 4.275772 -0.137023
v 2.784315 4.231202 -0.130328
v 2.921150 4.275772 0.114147
v 2.784315 4.231202 0.107452
v 2.921150 4.214076 0.373295
v 2.784315 4.172795 0.352785
v 2.921150 4.035027 0.607077
v 2.784315 4.003291 0.574103
v 2.921150 3.756152 0.792606
v 2.784315 3.739284 0.749742
v 2.921150 3.404749 0.911724
v 2.784315 3.406614 0.862509
v 2.784315 3.037848 0.901366
vn 0.7952 0.4926 0.3537
vn 0.7952 0.4926 -0.3537
vn 0.8847 0.0027 0.4661
vn 0.9968 0.0517 -0.0618
vn 0.7624 -0.4900 -0.4226
vn 0.9968 0.0517 0.0618
vn 0.9828 -0.0289 0.1822
vn 0.6940 0.0231 -0.7196
vn 0.9807 -0.0753 0.1804
vn 0.8896 -0.0863 0.4485
vn 0.7154 0.1650 -0.6790
vn 0.9777 -0.1255 0.1684
vn 0.7327 0.3127 -0.6045
vn 0.8931 -0.1847 0.4101
vn 0.9757 -0.1762 0.1302
vn 0.8923 -0.2954 0.3414
vn 0.7351 0.4722 -0.4864
vn 0.9779 -0.2000 0.0617
vn 0.8829 -0.4185 0.2131
vn 0.7099 0.6411 -0.2918
vn 0.9690 -0.2459 0.0244
vn 0.7052 0.7043 -0.0812
vn 0.8895 -0.4535 0.0555
vn 0.9690 -0.2459 -0.0244
vn 0.8895 -0.4535 -0.0555
vn 0.7052 0.7043 0.0812
vn 0.9779 -0.2000 -0.0617
vn 0.7099 0.6411 0.2918
vn 0.8829 -0.4185 -0.2131
vn 0.9757 -0.1762 -0.1302
vn 0.7351 0.4722 0.4864
vn 0.8923 -0.2954 -0.3414
vn 0.9777 -0.1255 -0.1684
vn 0.7327 0.3127 0.6045
vn 0.8931 -0.1847 -0.4101
vn 0.9807 -0.0753 -0.1804
vn 0.7154 0.1650 0.6790
vn 0.8896 -0.0863 -0.4485
vn 0.9828 -0.0289 -0.1822
vn 0.6940 0.0231 0.7196
vn 0.8847 0.0027 -0.4661
vn -0.0000 0.0012 1.0000
vn 0.7624 -0.4900 0.4226
vn -0.0000 -0.8879 0.4600
vn -0.6249 -0.5592 0.5448
vn -0.0000 -0.8879 -0.4600
vn -0.6249 -0.5592 -0.5448
vn -0.0000 0.0012 -1.0000
vn -0.3488 0.0192 -0.9370
vn -0.0000 0.2124 -0.9772
vn -0.3286 0.2068 -0.9215
vn -0.0000 0.4485 -0.8938
vn -0.3181 0.4183 -0.8508
vn -0.0000 0.6981 -0.7160
vn -0.3171 0.6470 -0.6934
vn -0.0000 0.9143 -0.4050
vn -0.3192 0.8580 -0.4026
vn -0.0000 0.9936 -0.1132
vn -0.3127 0.9434 -0.1106
vn -0.0000 0.9936 0.1132
vn -0.3127 0.9434 0.1106
vn -0.0000 0.9143 0.4050
vn -0.3192 0.8580 0.4026
vn -0.0000 0.6981 0.7160
vn -0.3171 0.6470 0.6934
vn -0.0000 0.4485 0.8938
vn -0.3181 0.4183 0.8508
vn -0.0000 0.2124 0.9772
vn -0.3286 0.2068 0.9215
vn -0.3488 0.0192 0.9370
vt 0.349618 0.693691
vt 0.300406 0.685309
vt 0.299615 0.681595
vt 0.352107 0.689282
vt 0.341115 0.773563
vt 0.336125 0.794186
vt 0.327664 0.812402
vt 0.317298 0.825489
vt 0.306860 0.832396
vt 0.297781 0.833383
vt 0.290056 0.831347
vt 0.282735 0.826269
vt 0.277055 0.815673
vt 0.273978 0.799863
vt 0.274416 0.780655
vt 0.278517 0.760701
vt 0.346907 0.775795
vt 0.352659 0.686167
vt 0.349025 0.777583
vt 0.300156 0.679853
vt 0.341341 0.798658
vt 0.342843 0.802097
vt 0.331409 0.818700
vt 0.331884 0.823303
vt 0.318990 0.832690
vt 0.318335 0.837671
vt 0.306764 0.839604
vt 0.305674 0.844466
vt 0.296472 0.840376
vt 0.295221 0.845380
vt 0.287735 0.837908
vt 0.286305 0.842631
vt 0.279406 0.832307
vt 0.277962 0.836802
vt 0.272342 0.820908
vt 0.270587 0.825298
vt 0.268061 0.803587
vt 0.265655 0.807238
vt 0.268087 0.782333
vt 0.265389 0.784648
vt 0.272542 0.760369
vt 0.269980 0.761077
vt 0.255934 0.783294
vt 0.261843 0.756939
vt 0.298819 0.671574
vt 0.357097 0.677330
vt 0.295796 0.668074
vt 0.360577 0.675446
vt 0.252414 0.755385
vt 0.368489 0.779617
vt 0.358623 0.777091
vt 0.362715 0.809402
vt 0.352481 0.805184
vt 0.349283 0.836112
vt 0.339726 0.829797
vt 0.330653 0.855174
vt 0.323077 0.846371
vt 0.310939 0.864720
vt 0.307091 0.853847
vt 0.292913 0.866546
vt 0.293689 0.855340
vt 0.282565 0.851195
vt 0.277236 0.861313
vt 0.263820 0.850829
vt 0.272240 0.843776
vt 0.262645 0.830293
vt 0.252427 0.834046
vt 0.256254 0.809245
vt 0.245609 0.810351
vt 0.245609 0.782668
s 1
usemtl Material.001
f 2731/2969/2206 2732/2970/2207 2736/2971/2211 2734/2972/2209
f 2733/2973/2208 2740/2974/2215 2744/2975/2219 2746/2976/2221 2749/2977/2224 2753/2978/2228 2755/2979/2230 2759/2980/2234 2762/2981/2237 2765/2982/2240 2768/2983/2243 2771/2984/2246 2732/2970/2207 2731/2969/2206
f 2733/2973/2208 2731/2969/2206 2734/2972/2209 2737/2985/2212
f 2737/2985/2212 2734/2972/2209 2735/2986/2210 2738/2987/2213
f 2734/2972/2209 2736/2971/2211 2773/2988/2248 2735/2986/2210
f 2740/2974/2215 2733/2973/2208 2737/2985/2212 2739/2989/2214
f 2739/2989/2214 2737/2985/2212 2738/2987/2213 2741/2990/2216
f 2744/2975/2219 2740/2974/2215 2739/2989/2214 2742/2991/2217
f 2742/2991/2217 2739/2989/2214 2741/2990/2216 2743/2992/2218
f 2745/2993/2220 2742/2991/2217 2743/2992/2218 2747/2994/2222
f 2746/2976/2221 2744/2975/2219 2742/2991/2217 2745/2993/2220
f 2749/2977/2224 2746/2976/2221 2745/2993/2220 2748/2995/2223
f 2748/2995/2223 2745/2993/2220 2747/2994/2222 2750/2996/2225
f 2753/2978/2228 2749/2977/2224 2748/2995/2223 2751/2997/2226
f 2751/2997/2226 2748/2995/2223 2750/2996/2225 2752/2998/2227
f 2754/2999/2229 2751/2997/2226 2752/2998/2227 2756/3000/2231
f 2755/2979/2230 2753/2978/2228 2751/2997/2226 2754/2999/2229
f 2759/2980/2234 2755/2979/2230 2754/2999/2229 2757/3001/2232
f 2757/3001/2232 2754/2999/2229 2756/3000/2231 2758/3002/2233
f 2760/3003/2235 2757/3001/2232 2758/3002/2233 2761/3004/2236
f 2762/2981/2237 2759/2980/2234 2757/3001/2232 2760/3003/2235
f 2763/3005/2238 2760/3003/2235 2761/3004/2236 2764/3006/2239
f 2765/2982/2240 2762/2981/2237 2760/3003/2235 2763/3005/2238
f 2766/3007/2241 2763/3005/2238 2764/3006/2239 2767/3008/2242
f 2768/2983/2243 2765/2982/2240 2763/3005/2238 2766/3007/2241
f 2769/3009/2244 2766/3007/2241 2767/3008/2242 2770/3010/2245
f 2771/2984/2246 2768/2983/2243 2766/3007/2241 2769/3009/2244
f 2736/2971/2211 2769/3009/2244 2770/3010/2245 2773/2988/2248
f 2732/2970/2207 2771/2984/2246 2769/3009/2244 2736/2971/2211
f 2767/3008/2242 2798/3011/2273 2772/3012/2247 2770/3010/2245
f 2770/3010/2245 2772/3012/2247 2774/3013/2249 2773/2988/2248
f 2774/3013/2249 2776/3014/2251 2735/2986/2210 2773/2988/2248
f 2775/3015/2250 2777/3016/2252 2776/3014/2251 2774/3013/2249
f 2772/3012/2247 2800/3017/2275 2775/3015/2250 2774/3013/2249
f 2779/3018/2254 2778/3019/2253 2776/3014/2251 2777/3016/2252
f 2778/3019/2253 2738/2987/2213 2735/2986/2210 2776/3014/2251
f 2781/3020/2256 2780/3021/2255 2778/3019/2253 2779/3018/2254
f 2780/3021/2255 2741/2990/2216 2738/2987/2213 2778/3019/2253
f 2783/3022/2258 2782/3023/2257 2780/3021/2255 2781/3020/2256
f 2782/3023/2257 2743/2992/2218 2741/2990/2216 2780/3021/2255
f 2785/3024/2260 2784/3025/2259 2782/3023/2257 2783/3022/2258
f 2784/3025/2259 2747/2994/2222 2743/2992/2218 2782/3023/2257
f 2787/3026/2262 2786/3027/2261 2784/3025/2259 2785/3024/2260
f 2786/3027/2261 2750/2996/2225 2747/2994/2222 2784/3025/2259
f 2789/3028/2264 2788/3029/2263 2786/3027/2261 2787/3026/2262
f 2788/3029/2263 2752/2998/2227 2750/2996/2225 2786/3027/2261
f 2756/3000/2231 2752/2998/2227 2788/3029/2263 2790/3030/2265
f 2790/3030/2265 2788/3029/2263 2789/3028/2264 2791/3031/2266
f 2790/3030/2265 2791/3031/2266 2793/3032/2268 2792/3033/2267
f 2756/3000/2231 2790/3030/2265 2792/3033/2267 2758/3002/2233
f 2758/3002/2233 2792/3033/2267 2794/3034/2269 2761/3004/2236
f 2792/3033/2267 2793/3032/2268 2795/3035/2270 2794/3034/2269
f 2761/3004/2236 2794/3034/2269 2796/3036/2271 2764/3006/2239
f 2794/3034/2269 2795/3035/2270 2797/3037/2272 2796/3036/2271
f 2764/3006/2239 2796/3036/2271 2798/3011/2273 2767/3008/2242
f 2796/3036/2271 2797/3037/2272 2799/3038/2274 2798/3011/2273
f 2798/3011/2273 2799/3038/2274 2800/3017/2275 2772/3012/2247
o Cube.008
v -2.276689 11.239964 3.089664
v -2.270744 11.237700 3.132324
v -2.169859 10.174417 2.930240
v -2.276689 11.239964 -3.061390
v -2.270744 11.237700 -3.104050
v -2.169859 10.174417 -2.901967
v -2.164047 10.173423 -2.944649
v -2.182319 9.108475 -2.920773
v -2.176626 9.108719 -2.963558
v -2.192698 8.041680 -2.935958
v -2.182320 9.108475 2.949045
v -2.176627 9.108719 2.991831
v -2.192585 8.041680 2.964402
v -2.186831 8.042686 3.007123
v -2.271847 7.038946 3.082702
v -2.266142 7.038844 3.125616
v -2.265996 7.008359 3.083899
v -2.271855 7.039019 -3.054418
v -2.266000 7.008397 -3.055619
v -2.266147 7.038947 -3.097336
v -2.260540 7.008360 -3.095222
v -2.249910 7.038844 -3.133687
v -2.186911 8.042686 -2.978731
v -2.170651 8.043040 -3.015032
v -2.146396 8.042686 -3.039335
v -2.160423 9.108805 -2.999832
v -2.136174 9.108719 -3.024071
v -2.147779 10.173074 -2.980918
v -2.254382 11.236905 -3.140384
v -2.123533 10.173423 -3.005252
v -2.230093 11.237700 -3.164860
v -2.095000 10.174417 -3.013947
v -2.201575 11.239964 -3.173753
v -2.107572 9.108475 -3.032587
v 1.803812 10.174417 -3.013947
v 1.910386 11.239964 -3.173753
v 1.832345 10.173423 -3.005252
v 1.816384 9.108475 -3.032585
v 1.844986 9.108719 -3.024071
v 1.826536 8.041680 -3.048111
v 1.855129 8.042686 -3.039454
v -2.117838 8.041680 -3.047941
v 1.905726 7.039019 -3.166520
v 1.906529 7.008397 -3.157762
v 1.934416 7.038947 -3.157983
v -2.196922 7.038946 -3.166510
v -2.225609 7.038844 -3.157976
v -2.197721 7.008359 -3.157758
v -2.224195 7.008309 -3.149594
v -2.197261 6.985970 -3.126771
v -2.217176 6.985956 -3.120558
v -2.195664 6.977775 -3.081853
v 1.906071 6.985980 -3.126772
v 1.904476 6.977775 -3.081853
v 1.925986 6.985970 -3.120558
v 1.915247 6.977775 -3.078648
v 1.940406 6.985956 -3.106298
v 1.933003 7.008360 -3.149596
v 1.954853 7.008309 -3.127911
v 1.969350 7.008309 -3.095226
v 1.958717 7.038844 -3.133694
v 1.974954 7.038844 -3.097343
v 1.879396 8.043040 -3.015132
v 1.895643 8.042686 -2.978849
v 1.869234 9.108805 -2.999831
v 1.885438 9.108719 -2.963558
v 1.856590 10.173074 -2.980918
v 1.963194 11.236905 -3.140384
v 1.872858 10.173423 -2.944649
v 1.979556 11.237700 -3.104050
v 1.878671 10.174417 -2.901967
v 1.985500 11.239964 -3.061390
v 1.891131 9.108475 -2.920772
v 1.878671 10.174417 2.930240
v 1.985500 11.239964 3.089664
v 1.872858 10.173423 2.972922
v 1.891130 9.108475 2.949047
v 1.885438 9.108719 2.991832
v 1.901510 8.041680 2.964232
v 1.895722 8.042686 3.007004
v 1.901396 8.041680 -2.936129
v 1.980666 7.039019 3.082692
v 1.974811 7.008397 3.083893
v 1.974958 7.038947 3.125609
v 1.980659 7.038946 -3.054429
v 1.974808 7.008359 -3.055625
v 1.954093 6.985970 -3.054938
v 1.949939 6.985956 -3.084728
v 1.924065 6.977775 -3.052549
v 1.954094 6.985980 3.083209
v 1.924065 6.977775 3.080822
v 1.949940 6.985970 3.113000
v 1.921923 6.977775 3.096935
v 1.940407 6.985956 3.134570
v 1.969352 7.008360 3.123495
v 1.954855 7.008309 3.156180
v 1.933005 7.008309 3.177868
v 1.958721 7.038844 3.161961
v 1.934420 7.038844 3.186250
v 1.879463 8.043040 3.043306
v 1.855208 8.042686 3.067609
v 1.869234 9.108805 3.028105
v 1.844985 9.108719 3.052345
v 1.856590 10.173074 3.009191
v 1.963193 11.236905 3.168658
v 1.832345 10.173423 3.033525
v 1.938904 11.237700 3.193134
v 1.803812 10.174417 3.042221
v 1.910386 11.239964 3.202026
v 1.816383 9.108475 3.060860
v -2.095000 10.174417 3.042221
v -2.201575 11.239964 3.202026
v -2.123533 10.173423 3.033525
v -2.107573 9.108475 3.060859
v -2.136174 9.108719 3.052344
v -2.117724 8.041680 3.076385
v -2.146318 8.042686 3.067728
v 1.826650 8.041680 3.076215
v -2.196915 7.039019 3.194794
v -2.197718 7.008397 3.186036
v -2.225605 7.038947 3.186256
v 1.905733 7.038946 3.194784
v 1.906533 7.008359 3.186031
v 1.906073 6.985970 3.155045
v 1.925987 6.985956 3.148831
v 1.904476 6.977775 3.110126
v -2.197259 6.985980 3.155046
v -2.195664 6.977775 3.110126
v -2.217175 6.985970 3.148832
v -2.206436 6.977775 3.106922
v -2.231595 6.985956 3.134572
v -2.224191 7.008360 3.177870
v -2.246041 7.008309 3.156184
v -2.260539 7.008309 3.123500
v -2.249905 7.038844 3.161968
v -2.170585 8.043040 3.043405
v -2.160423 9.108805 3.028105
v -2.147779 10.173074 3.009191
v -2.254382 11.236905 3.168657
v -2.164047 10.173423 2.972922
v -2.230093 11.237700 3.193134
v -2.241128 6.985956 3.113002
v -2.213111 6.977775 3.096935
v -2.245282 6.985970 3.083211
v -2.215254 6.977775 3.080822
v -2.245283 6.985980 -3.054935
v -2.215254 6.977775 -3.052549
v -2.241128 6.985970 -3.084727
v -2.213111 6.977775 -3.068661
v -2.231596 6.985956 -3.106297
v -2.210437 6.977775 -3.074648
v -2.246044 7.008309 -3.127907
v -2.206436 6.977775 -3.078648
v -2.210437 6.977775 3.102921
v 1.915247 6.977775 3.106922
v 1.919249 6.977775 3.102921
v 1.979556 11.237700 3.132324
v 1.921923 6.977775 -3.068661
v 1.919249 6.977775 -3.074648
v 1.938904 11.237700 -3.164860
vn -0.9917 -0.1095 0.0675
vn -0.9549 -0.1353 0.2644
vn -0.9968 -0.0489 0.0640
vn -0.9917 -0.1095 -0.0675
vn -0.9549 -0.1353 -0.2644
vn -0.9968 -0.0489 -0.0640
vn -0.9626 -0.0597 -0.2644
vn -0.9977 0.0117 -0.0664
vn -0.9633 0.0146 -0.2679
vn -0.9967 0.0489 -0.0646
vn -0.9977 0.0117 0.0663
vn -0.9634 0.0146 0.2678
vn -0.9967 0.0489 0.0645
vn -0.9624 0.0600 0.2649
vn -0.9965 -0.0499 0.0666
vn -0.9627 -0.0411 0.2675
vn -0.8943 -0.4435 0.0604
vn -0.9965 -0.0500 -0.0667
vn -0.8943 -0.4433 -0.0605
vn -0.9627 -0.0408 -0.2676
vn -0.8609 -0.4490 -0.2393
vn -0.8307 -0.0390 -0.5553
vn -0.9623 0.0601 -0.2651
vn -0.8291 0.0732 -0.5543
vn -0.5228 0.0792 -0.8488
vn -0.8312 0.0178 -0.5557
vn -0.5281 0.0192 -0.8490
vn -0.8291 -0.0728 -0.5543
vn -0.8200 -0.1643 -0.5482
vn -0.5221 -0.0788 -0.8493
vn -0.5183 -0.1774 -0.8366
vn -0.1418 -0.0725 -0.9872
vn -0.1486 -0.1612 -0.9757
vn -0.1471 0.0174 -0.9890
vn 0.1418 -0.0725 -0.9872
vn 0.1486 -0.1612 -0.9757
vn 0.5221 -0.0788 -0.8493
vn 0.1473 0.0174 -0.9889
vn 0.5282 0.0193 -0.8489
vn 0.1431 0.0724 -0.9871
vn 0.5231 0.0792 -0.8486
vn -0.1428 0.0724 -0.9871
vn 0.1477 -0.0740 -0.9863
vn 0.1207 -0.5913 -0.7974
vn 0.5274 -0.0537 -0.8479
vn -0.1475 -0.0739 -0.9863
vn -0.5273 -0.0541 -0.8480
vn -0.1205 -0.5915 -0.7973
vn -0.4404 -0.5528 -0.7075
vn -0.0598 -0.9210 -0.3850
vn -0.2260 -0.9049 -0.3607
vn -0.0278 -0.9835 -0.1787
vn 0.0599 -0.9209 -0.3852
vn 0.0279 -0.9835 -0.1788
vn 0.2259 -0.9047 -0.3612
vn 0.1032 -0.9809 -0.1651
vn 0.4031 -0.8745 -0.2699
vn 0.4403 -0.5523 -0.7079
vn 0.7250 -0.4891 -0.4850
vn 0.8606 -0.4495 -0.2394
vn 0.8307 -0.0390 -0.5554
vn 0.9627 -0.0411 -0.2675
vn 0.8292 0.0732 -0.5542
vn 0.9624 0.0600 -0.2649
vn 0.8312 0.0178 -0.5557
vn 0.9634 0.0146 -0.2678
vn 0.8291 -0.0728 -0.5543
vn 0.8200 -0.1643 -0.5482
vn 0.9626 -0.0597 -0.2644
vn 0.9549 -0.1353 -0.2644
vn 0.9968 -0.0489 -0.0640
vn 0.9917 -0.1095 -0.0675
vn 0.9977 0.0117 -0.0663
vn 0.9968 -0.0489 0.0640
vn 0.9917 -0.1095 0.0675
vn 0.9626 -0.0597 0.2644
vn 0.9977 0.0117 0.0664
vn 0.9633 0.0146 0.2679
vn 0.9967 0.0489 0.0646
vn 0.9623 0.0601 0.2651
vn 0.9967 0.0489 -0.0645
vn 0.9965 -0.0500 0.0667
vn 0.8943 -0.4433 0.0605
vn 0.9627 -0.0408 0.2676
vn 0.9965 -0.0499 -0.0666
vn 0.8943 -0.4435 -0.0604
vn 0.5299 -0.8473 -0.0368
vn 0.5070 -0.8502 -0.1420
vn 0.2622 -0.9649 -0.0182
vn 0.5301 -0.8471 0.0369
vn 0.2623 -0.9648 0.0183
vn 0.5075 -0.8499 0.1419
vn 0.2436 -0.9675 0.0681
vn 0.4036 -0.8744 0.2694
vn 0.8609 -0.4490 0.2393
vn 0.7254 -0.4889 0.4845
vn 0.4404 -0.5528 0.7075
vn 0.8307 -0.0390 0.5553
vn 0.5273 -0.0541 0.8480
vn 0.8291 0.0732 0.5543
vn 0.5228 0.0792 0.8488
vn 0.8312 0.0178 0.5557
vn 0.5281 0.0192 0.8490
vn 0.8291 -0.0728 0.5543
vn 0.8200 -0.1643 0.5482
vn 0.5221 -0.0788 0.8493
vn 0.5183 -0.1774 0.8366
vn 0.1418 -0.0725 0.9872
vn 0.1486 -0.1612 0.9757
vn 0.1471 0.0174 0.9890
vn -0.1418 -0.0725 0.9872
vn -0.1486 -0.1612 0.9757
vn -0.5221 -0.0788 0.8493
vn -0.1473 0.0174 0.9889
vn -0.5282 0.0193 0.8489
vn -0.1431 0.0724 0.9871
vn -0.5231 0.0792 0.8486
vn 0.1428 0.0724 0.9871
vn -0.1477 -0.0740 0.9863
vn -0.1207 -0.5913 0.7974
vn -0.5274 -0.0537 0.8479
vn 0.1475 -0.0739 0.9863
vn 0.1205 -0.5915 0.7973
vn 0.0598 -0.9210 0.3850
vn 0.2260 -0.9049 0.3607
vn 0.0278 -0.9835 0.1787
vn -0.0599 -0.9209 0.3852
vn -0.0279 -0.9835 0.1788
vn -0.2259 -0.9047 0.3612
vn -0.1032 -0.9809 0.1651
vn -0.4030 -0.8745 0.2699
vn -0.4403 -0.5523 0.7079
vn -0.7250 -0.4890 0.4850
vn -0.8606 -0.4495 0.2394
vn -0.8307 -0.0390 0.5554
vn -0.8292 0.0732 0.5542
vn -0.8312 0.0178 0.5557
vn -0.8291 -0.0728 0.5543
vn -0.8200 -0.1643 0.5482
vn -0.9626 -0.0597 0.2644
vn -0.5183 -0.1774 0.8366
vn -0.5070 -0.8502 0.1420
vn -0.2432 -0.9676 0.0681
vn -0.5299 -0.8473 0.0368
vn -0.2622 -0.9649 0.0182
vn -0.5301 -0.8472 -0.0369
vn -0.2623 -0.9648 -0.0183
vn -0.5075 -0.8499 -0.1419
vn -0.2436 -0.9675 -0.0681
vn -0.4036 -0.8744 -0.2694
vn -0.1887 -0.9739 -0.1258
vn -0.7254 -0.4889 -0.4845
vn -0.1033 -0.9809 -0.1648
vn -0.1883 -0.9740 0.1261
vn 0.1033 -0.9809 0.1648
vn 0.1887 -0.9739 0.1258
vn 0.9549 -0.1353 0.2644
vn 0.2432 -0.9676 -0.0681
vn 0.1883 -0.9740 -0.1261
vn 0.5183 -0.1774 -0.8366
vt 0.981258 0.782955
vt 0.984202 0.812748
vt 0.983394 0.812829
vt 0.980446 0.782988
vt 0.868822 0.812750
vt 0.871015 0.782691
vt 0.868785 0.812720
vt 0.869847 0.782696
vt 0.869728 0.752451
vt 0.870716 0.752457
vt 0.980956 0.753278
vt 0.870973 0.722252
vt 0.869934 0.722240
vt 0.981532 0.723544
vt 0.981768 0.753293
vt 0.982345 0.723589
vt 0.984101 0.695554
vt 0.984899 0.695543
vt 0.869800 0.694030
vt 0.984143 0.694712
vt 0.984866 0.694694
vt 0.869892 0.693386
vt 0.869470 0.693376
vt 0.869431 0.693895
vt 0.869104 0.693358
vt 0.869092 0.693842
vt 0.868896 0.722227
vt 0.868740 0.752445
vt 0.867751 0.752439
vt 0.867857 0.722213
vt 0.868756 0.693863
vt 0.867508 0.782708
vt 0.868677 0.782702
vt 0.868745 0.812732
vt 0.868703 0.812787
vt 0.868661 0.812884
vt 0.866340 0.782714
vt 0.866763 0.752434
vt 0.753282 0.812884
vt 0.755504 0.782662
vt 0.755126 0.752294
vt 0.753203 0.812825
vt 0.754304 0.782661
vt 0.754116 0.752293
vt 0.755205 0.721984
vt 0.754159 0.721985
vt 0.866820 0.722198
vt 0.753422 0.693587
vt 0.753766 0.693715
vt 0.868394 0.693969
vt 0.753860 0.693089
vt 0.868324 0.693339
vt 0.753455 0.693085
vt 0.868740 0.693352
vt 0.868371 0.692670
vt 0.868781 0.692769
vt 0.753830 0.692422
vt 0.868473 0.691866
vt 0.868887 0.691981
vt 0.753741 0.691620
vt 0.753338 0.691731
vt 0.753429 0.692509
vt 0.753105 0.691736
vt 0.753105 0.692513
vt 0.753105 0.693077
vt 0.753105 0.693547
vt 0.752782 0.692509
vt 0.752755 0.693084
vt 0.752788 0.693585
vt 0.752067 0.721985
vt 0.753113 0.721985
vt 0.753105 0.752293
vt 0.752094 0.752293
vt 0.751899 0.782662
vt 0.753102 0.782662
vt 0.753122 0.812805
vt 0.753042 0.812827
vt 0.752963 0.812888
vt 0.750699 0.782663
vt 0.751084 0.752293
vt 0.637570 0.812887
vt 0.639816 0.782700
vt 0.639407 0.752395
vt 0.637464 0.812797
vt 0.638624 0.782693
vt 0.638412 0.752400
vt 0.639387 0.722144
vt 0.638349 0.722157
vt 0.751022 0.721983
vt 0.637460 0.693803
vt 0.637813 0.693911
vt 0.752444 0.693713
vt 0.637890 0.693286
vt 0.752350 0.693087
vt 0.637479 0.693296
vt 0.752380 0.692421
vt 0.637846 0.692619
vt 0.752469 0.691619
vt 0.752873 0.691730
vt 0.637747 0.691817
vt 0.637337 0.691933
vt 0.637440 0.692716
vt 0.637099 0.691945
vt 0.637111 0.692729
vt 0.637120 0.693299
vt 0.637131 0.693777
vt 0.636781 0.692732
vt 0.636760 0.693316
vt 0.636800 0.693828
vt 0.636274 0.722182
vt 0.637311 0.722170
vt 0.637417 0.752404
vt 0.636422 0.752409
vt 0.636239 0.782679
vt 0.637431 0.782686
vt 0.637358 0.812745
vt 0.637253 0.812733
vt 0.637152 0.812759
vt 0.635048 0.782673
vt 0.635427 0.752413
vt 0.522519 0.812478
vt 0.525561 0.782642
vt 0.525137 0.752925
vt 0.521710 0.812396
vt 0.524749 0.782607
vt 0.524325 0.752938
vt 0.524646 0.723187
vt 0.523831 0.723229
vt 0.635238 0.722193
vt 0.521350 0.695177
vt 0.522148 0.695189
vt 0.636440 0.693966
vt 0.522109 0.694347
vt 0.636344 0.693326
vt 0.521385 0.694326
vt 0.636372 0.692651
vt 0.522069 0.693512
vt 0.636456 0.691845
vt 0.636863 0.691946
vt 0.522067 0.692631
vt 0.521712 0.692590
vt 0.521491 0.693478
vt 0.521577 0.692527
vt 0.521010 0.693303
vt 0.520643 0.694192
vt 0.520526 0.695155
vt 0.984762 0.693845
vt 0.985244 0.693672
vt 0.985609 0.694563
vt 0.985724 0.695526
vt 0.983159 0.723634
vt 0.523017 0.723272
vt 0.982580 0.753308
vt 0.523513 0.752950
vt 0.982070 0.782922
vt 0.523937 0.782572
vt 0.985014 0.812668
vt 0.520899 0.812313
vt 0.984185 0.693878
vt 0.984544 0.692957
vt 0.984679 0.692893
vt 0.984189 0.692997
vt 0.869863 0.692705
vt 0.869779 0.691896
vt 0.869368 0.691995
vt 0.869449 0.692786
vt 0.869128 0.691993
vt 0.869115 0.692782
s 1
usemtl Material.001
f 2940/3039/2415 2802/3040/2277 2801/3041/2276 2803/3042/2278
f 2801/3041/2276 2804/3043/2279 2806/3044/2281 2803/3042/2278
f 2806/3044/2281 2804/3043/2279 2805/3045/2280 2807/3046/2282
f 2807/3046/2282 2809/3047/2284 2808/3048/2283 2806/3044/2281
f 2803/3042/2278 2806/3044/2281 2808/3048/2283 2811/3049/2286
f 2810/3050/2285 2808/3048/2283 2809/3047/2284 2823/3051/2298
f 2811/3049/2286 2808/3048/2283 2810/3050/2285 2813/3052/2288
f 2803/3042/2278 2811/3049/2286 2812/3053/2287 2940/3039/2415
f 2814/3054/2289 2812/3053/2287 2811/3049/2286 2813/3052/2288
f 2813/3052/2288 2815/3055/2290 2816/3056/2291 2814/3054/2289
f 2813/3052/2288 2810/3050/2285 2818/3057/2293 2815/3055/2290
f 2817/3058/2292 2934/3059/2409 2816/3056/2291 2815/3055/2290
f 2815/3055/2290 2818/3057/2293 2819/3060/2294 2817/3058/2292
f 2821/3061/2296 2819/3060/2294 2818/3057/2293 2820/3062/2295
f 2823/3051/2298 2820/3062/2295 2818/3057/2293 2810/3050/2285
f 2952/3063/2427 2821/3061/2296 2820/3062/2295 2822/3064/2297
f 2824/3065/2299 2822/3064/2297 2820/3062/2295 2823/3051/2298
f 2823/3051/2298 2809/3047/2284 2826/3066/2301 2824/3065/2299
f 2824/3065/2299 2826/3066/2301 2827/3067/2302 2825/3068/2300
f 2825/3068/2300 2847/3069/2322 2822/3064/2297 2824/3065/2299
f 2830/3070/2305 2827/3067/2302 2826/3066/2301 2828/3071/2303
f 2828/3071/2303 2826/3066/2301 2809/3047/2284 2807/3046/2282
f 2828/3071/2303 2829/3072/2304 2831/3073/2306 2830/3070/2305
f 2807/3046/2282 2805/3045/2280 2829/3072/2304 2828/3071/2303
f 2830/3070/2305 2831/3073/2306 2833/3074/2308 2832/3075/2307
f 2832/3075/2307 2834/3076/2309 2827/3067/2302 2830/3070/2305
f 2833/3074/2308 2836/3077/2311 2835/3078/2310 2832/3075/2307
f 2832/3075/2307 2835/3078/2310 2838/3079/2313 2834/3076/2309
f 2835/3078/2310 2836/3077/2311 2960/3080/2435 2837/3081/2312
f 2837/3081/2312 2839/3082/2314 2838/3079/2313 2835/3078/2310
f 2840/3083/2315 2838/3079/2313 2839/3082/2314 2841/3084/2316
f 2834/3076/2309 2838/3079/2313 2840/3083/2315 2842/3085/2317
f 2841/3084/2316 2845/3086/2320 2843/3087/2318 2840/3083/2315
f 2842/3085/2317 2840/3083/2315 2843/3087/2318 2846/3088/2321
f 2846/3088/2321 2843/3087/2318 2844/3089/2319 2848/3090/2323
f 2858/3091/2333 2844/3089/2319 2843/3087/2318 2845/3086/2320
f 2848/3090/2323 2849/3092/2324 2847/3069/2322 2846/3088/2321
f 2842/3085/2317 2846/3088/2321 2847/3069/2322 2825/3068/2300
f 2850/3093/2325 2851/3094/2326 2849/3092/2324 2848/3090/2323
f 2848/3090/2323 2844/3089/2319 2853/3095/2328 2850/3093/2325
f 2852/3096/2327 2953/3097/2428 2851/3094/2326 2850/3093/2325
f 2850/3093/2325 2853/3095/2328 2854/3098/2329 2852/3096/2327
f 2856/3099/2331 2854/3098/2329 2853/3095/2328 2855/3100/2330
f 2855/3100/2330 2853/3095/2328 2844/3089/2319 2858/3091/2333
f 2959/3101/2434 2856/3099/2331 2855/3100/2330 2857/3102/2332
f 2857/3102/2332 2855/3100/2330 2858/3091/2333 2859/3103/2334
f 2859/3103/2334 2858/3091/2333 2845/3086/2320 2861/3104/2336
f 2888/3105/2363 2857/3102/2332 2859/3103/2334 2860/3106/2335
f 2860/3106/2335 2859/3103/2334 2861/3104/2336 2862/3107/2337
f 2864/3108/2339 2862/3107/2337 2861/3104/2336 2863/3109/2338
f 2863/3109/2338 2861/3104/2336 2845/3086/2320 2841/3084/2316
f 2863/3109/2338 2865/3110/2340 2866/3111/2341 2864/3108/2339
f 2841/3084/2316 2839/3082/2314 2865/3110/2340 2863/3109/2338
f 2869/3112/2344 2866/3111/2341 2865/3110/2340 2867/3113/2342
f 2867/3113/2342 2865/3110/2340 2839/3082/2314 2837/3081/2312
f 2867/3113/2342 2868/3114/2343 2870/3115/2345 2869/3112/2344
f 2837/3081/2312 2960/3080/2435 2868/3114/2343 2867/3113/2342
f 2869/3112/2344 2870/3115/2345 2872/3116/2347 2871/3117/2346
f 2871/3117/2346 2873/3118/2348 2866/3111/2341 2869/3112/2344
f 2872/3116/2347 2875/3119/2350 2874/3120/2349 2871/3117/2346
f 2871/3117/2346 2874/3120/2349 2877/3121/2352 2873/3118/2348
f 2874/3120/2349 2875/3119/2350 2957/3122/2432 2876/3123/2351
f 2876/3123/2351 2878/3124/2353 2877/3121/2352 2874/3120/2349
f 2879/3125/2354 2877/3121/2352 2878/3124/2353 2880/3126/2355
f 2873/3118/2348 2877/3121/2352 2879/3125/2354 2881/3127/2356
f 2880/3126/2355 2884/3128/2359 2882/3129/2357 2879/3125/2354
f 2881/3127/2356 2879/3125/2354 2882/3129/2357 2885/3130/2360
f 2885/3130/2360 2882/3129/2357 2883/3131/2358 2886/3132/2361
f 2895/3133/2370 2883/3131/2358 2882/3129/2357 2884/3128/2359
f 2886/3132/2361 2860/3106/2335 2862/3107/2337 2885/3130/2360
f 2881/3127/2356 2885/3130/2360 2862/3107/2337 2864/3108/2339
f 2887/3134/2362 2888/3105/2363 2860/3106/2335 2886/3132/2361
f 2886/3132/2361 2883/3131/2358 2890/3135/2365 2887/3134/2362
f 2889/3136/2364 2958/3137/2433 2888/3105/2363 2887/3134/2362
f 2887/3134/2362 2890/3135/2365 2891/3138/2366 2889/3136/2364
f 2893/3139/2368 2891/3138/2366 2890/3135/2365 2892/3140/2367
f 2892/3140/2367 2890/3135/2365 2883/3131/2358 2895/3133/2370
f 2956/3141/2431 2893/3139/2368 2892/3140/2367 2894/3142/2369
f 2894/3142/2369 2892/3140/2367 2895/3133/2370 2896/3143/2371
f 2896/3143/2371 2895/3133/2370 2884/3128/2359 2898/3144/2373
f 2925/3145/2400 2894/3142/2369 2896/3143/2371 2897/3146/2372
f 2897/3146/2372 2896/3143/2371 2898/3144/2373 2899/3147/2374
f 2901/3148/2376 2899/3147/2374 2898/3144/2373 2900/3149/2375
f 2900/3149/2375 2898/3144/2373 2884/3128/2359 2880/3126/2355
f 2900/3149/2375 2902/3150/2377 2903/3151/2378 2901/3148/2376
f 2880/3126/2355 2878/3124/2353 2902/3150/2377 2900/3149/2375
f 2906/3152/2381 2903/3151/2378 2902/3150/2377 2904/3153/2379
f 2904/3153/2379 2902/3150/2377 2878/3124/2353 2876/3123/2351
f 2904/3153/2379 2905/3154/2380 2907/3155/2382 2906/3152/2381
f 2876/3123/2351 2957/3122/2432 2905/3154/2380 2904/3153/2379
f 2906/3152/2381 2907/3155/2382 2909/3156/2384 2908/3157/2383
f 2908/3157/2383 2910/3158/2385 2903/3151/2378 2906/3152/2381
f 2909/3156/2384 2912/3159/2387 2911/3160/2386 2908/3157/2383
f 2908/3157/2383 2911/3160/2386 2914/3161/2389 2910/3158/2385
f 2911/3160/2386 2912/3159/2387 2941/3162/2416 2913/3163/2388
f 2913/3163/2388 2915/3164/2390 2914/3161/2389 2911/3160/2386
f 2916/3165/2391 2914/3161/2389 2915/3164/2390 2917/3166/2392
f 2910/3158/2385 2914/3161/2389 2916/3165/2391 2918/3167/2393
f 2917/3166/2392 2921/3168/2396 2919/3169/2394 2916/3165/2391
f 2918/3167/2393 2916/3165/2391 2919/3169/2394 2922/3170/2397
f 2922/3170/2397 2919/3169/2394 2920/3171/2395 2923/3172/2398
f 2932/3173/2407 2920/3171/2395 2919/3169/2394 2921/3168/2396
f 2923/3172/2398 2897/3146/2372 2899/3147/2374 2922/3170/2397
f 2918/3167/2393 2922/3170/2397 2899/3147/2374 2901/3148/2376
f 2924/3174/2399 2925/3145/2400 2897/3146/2372 2923/3172/2398
f 2923/3172/2398 2920/3171/2395 2927/3175/2402 2924/3174/2399
f 2926/3176/2401 2955/3177/2430 2925/3145/2400 2924/3174/2399
f 2924/3174/2399 2927/3175/2402 2928/3178/2403 2926/3176/2401
f 2930/3179/2405 2928/3178/2403 2927/3175/2402 2929/3180/2404
f 2929/3180/2404 2927/3175/2402 2920/3171/2395 2932/3173/2407
f 2954/3181/2429 2930/3179/2405 2929/3180/2404 2931/3182/2406
f 2931/3182/2406 2929/3180/2404 2932/3173/2407 2933/3183/2408
f 2933/3183/2408 2932/3173/2407 2921/3168/2396 2935/3184/2410
f 2942/3185/2417 2931/3186/2406 2933/3187/2408 2934/3059/2409
f 2934/3059/2409 2933/3187/2408 2935/3188/2410 2816/3056/2291
f 2814/3054/2289 2816/3056/2291 2935/3188/2410 2936/3189/2411
f 2936/3190/2411 2935/3184/2410 2921/3168/2396 2917/3166/2392
f 2936/3189/2411 2937/3191/2412 2812/3053/2287 2814/3054/2289
f 2917/3166/2392 2915/3164/2390 2937/3192/2412 2936/3190/2411
f 2940/3039/2415 2812/3053/2287 2937/3191/2412 2938/3193/2413
f 2938/3194/2413 2937/3192/2412 2915/3164/2390 2913/3163/2388
f 2938/3193/2413 2939/3195/2414 2802/3040/2277 2940/3039/2415
f 2913/3163/2388 2941/3162/2416 2939/3196/2414 2938/3194/2413
f 2944/3197/2419 2942/3185/2417 2934/3059/2409 2817/3058/2292
f 2943/3198/2418 2954/3199/2429 2931/3186/2406 2942/3185/2417
f 2945/3200/2420 2943/3198/2418 2942/3185/2417 2944/3197/2419
f 2944/3197/2419 2946/3201/2421 2947/3202/2422 2945/3200/2420
f 2817/3058/2292 2819/3060/2294 2946/3201/2421 2944/3197/2419
f 2949/3203/2424 2947/3202/2422 2946/3201/2421 2948/3204/2423
f 2948/3204/2423 2946/3201/2421 2819/3060/2294 2821/3061/2296
f 2951/3205/2426 2949/3203/2424 2948/3204/2423 2950/3206/2425
f 2950/3206/2425 2948/3204/2423 2821/3061/2296 2952/3063/2427
f 2953/3097/2428 2951/3205/2426 2950/3206/2425 2851/3094/2326
f 2851/3094/2326 2950/3206/2425 2952/3063/2427 2849/3092/2324
f 2849/3092/2324 2952/3063/2427 2822/3064/2297 2847/3069/2322
f 2955/3177/2430 2956/3141/2431 2894/3142/2369 2925/3145/2400
f 2901/3148/2376 2903/3151/2378 2910/3158/2385 2918/3167/2393
f 2958/3137/2433 2959/3101/2434 2857/3102/2332 2888/3105/2363
f 2864/3108/2339 2866/3111/2341 2873/3118/2348 2881/3127/2356
f 2825/3068/2300 2827/3067/2302 2834/3076/2309 2842/3085/2317
o Cube.009
v 0.314812 13.502181 1.995237
v 0.314812 13.502181 1.179165
v -0.606001 13.502181 1.995237
v 0.314854 12.106316 1.995275
v 0.629297 13.376821 2.273951
v 0.672044 13.319211 2.251310
v 0.631582 13.319211 2.311835
v -0.920486 13.376821 2.273951
v 0.629297 13.376821 0.900452
v 0.672044 13.319211 0.923093
v 0.631582 13.319211 0.862568
v -0.920486 13.376821 0.900452
v -0.922771 13.319211 0.862568
v -0.963233 13.319211 0.923093
v -0.606001 13.502181 1.179165
v -0.606043 12.106316 1.179128
v -0.606043 12.106316 1.995275
v 0.314854 12.106316 1.179128
v -0.962811 13.257619 0.923466
v -0.963233 13.319211 2.251310
v -0.922771 13.319211 2.311835
v -0.962811 13.257619 2.250937
v -0.922350 13.257620 2.311462
v -0.933442 13.189042 2.219645
v -0.872890 13.182665 2.279585
v -0.933442 13.189042 0.954758
v -0.717406 12.979781 2.025874
v -0.671392 12.979781 2.093971
v -0.717406 12.979781 1.148529
v -0.717406 11.939935 2.027893
v -0.717406 11.939935 1.146510
v -0.673208 11.939935 2.093971
v 0.382020 11.939935 2.093971
v 0.380204 12.979781 2.093971
v 0.426217 11.939935 2.027893
v 0.426217 12.979781 2.025874
v 0.426217 11.939935 1.146510
v 0.426217 12.979781 1.148529
v 0.382020 11.939935 1.080433
v 0.380204 12.979781 1.080433
v -0.673208 11.939935 1.080433
v -0.671392 12.979781 1.080433
v -0.872890 13.182665 0.894818
v -0.922350 13.257620 0.862941
v 0.581701 13.182665 0.894818
v 0.631162 13.257620 0.862941
v 0.642253 13.189042 0.954758
v 0.671623 13.257619 0.923466
v 0.642253 13.189042 2.219645
v 0.671623 13.257619 2.250937
v 0.581701 13.182665 2.279585
v 0.631162 13.257620 2.311462
vn -0.1959 0.9803 -0.0266
vn -0.1959 0.9803 0.0266
vn 0.1959 0.9803 -0.0266
vn -0.6393 0.6393 -0.4274
vn 0.4958 0.7789 0.3841
vn 0.9358 0.2657 0.2319
vn 0.4975 0.2550 0.8291
vn -0.4958 0.7789 0.3841
vn 0.4958 0.7789 -0.3841
vn 0.9358 0.2657 -0.2319
vn 0.4975 0.2550 -0.8291
vn -0.4958 0.7789 -0.3841
vn -0.4975 0.2550 -0.8291
vn -0.9358 0.2656 -0.2319
vn 0.1959 0.9803 0.0266
vn 0.6393 0.6393 0.4274
vn 0.6393 0.6393 -0.4274
vn -0.6393 0.6393 0.4274
vn -0.9274 -0.2523 -0.2761
vn -0.9358 0.2656 0.2319
vn -0.4975 0.2550 0.8291
vn -0.9274 -0.2523 0.2761
vn -0.5220 -0.2946 0.8005
vn -0.7502 -0.6231 0.2211
vn -0.3306 -0.6739 0.6608
vn -0.7502 -0.6231 -0.2211
vn -0.8461 -0.4799 0.2320
vn -0.3796 -0.4917 0.7837
vn -0.8461 -0.4799 -0.2320
vn -0.9634 0.0006 0.2681
vn -0.9634 0.0006 -0.2681
vn -0.5256 0.0008 0.8507
vn 0.5256 0.0008 0.8507
vn 0.3796 -0.4917 0.7837
vn 0.9634 0.0006 0.2681
vn 0.8461 -0.4799 0.2320
vn 0.9634 0.0006 -0.2681
vn 0.8461 -0.4799 -0.2320
vn 0.5256 0.0008 -0.8507
vn 0.3796 -0.4917 -0.7837
vn -0.5256 0.0008 -0.8507
vn -0.3796 -0.4917 -0.7837
vn -0.3306 -0.6739 -0.6608
vn -0.5220 -0.2946 -0.8005
vn 0.3306 -0.6739 -0.6608
vn 0.5220 -0.2946 -0.8005
vn 0.7502 -0.6231 -0.2211
vn 0.9274 -0.2523 -0.2761
vn 0.7502 -0.6231 0.2211
vn 0.9274 -0.2523 0.2761
vn 0.3306 -0.6739 0.6608
vn 0.5220 -0.2946 0.8005
vt 0.904949 0.645481
vt 0.888204 0.645482
vt 0.888201 0.602636
vt 0.904948 0.602635
vt 0.911696 0.647298
vt 0.911505 0.676917
vt 0.901263 0.670457
vt 0.901266 0.653649
vt 0.862251 0.647297
vt 0.872640 0.653723
vt 0.933213 0.645481
vt 0.933214 0.602635
vt 0.914013 0.647277
vt 0.913717 0.676961
vt 0.912376 0.645526
vt 0.861571 0.645526
vt 0.912146 0.678652
vt 0.862474 0.676915
vt 0.861833 0.678652
vt 0.872762 0.670524
vt 0.860262 0.676963
vt 0.859934 0.647280
vt 0.949958 0.645482
vt 0.949961 0.602636
vt 0.859939 0.645484
vt 0.859934 0.602639
vt 0.942322 0.645526
vt 0.942322 0.662273
vt 0.914055 0.662273
vt 0.914055 0.645526
vt 0.859934 0.587432
vt 0.860939 0.586158
vt 0.861905 0.587140
vt 0.861116 0.588367
vt 0.881595 0.596460
vt 0.880213 0.597980
vt 0.882873 0.597054
vt 0.882310 0.598900
vt 0.882948 0.594811
vt 0.884255 0.594869
vt 0.863119 0.585861
vt 0.886020 0.585730
vt 0.889711 0.586793
vt 0.868935 0.580340
vt 0.892422 0.553206
vt 0.893633 0.552964
vt 0.875099 0.549738
vt 0.927696 0.555678
vt 0.926189 0.589846
vt 0.928810 0.556017
vt 0.930335 0.589541
vt 0.946672 0.555028
vt 0.950207 0.587200
vt 0.947844 0.555396
vt 0.953755 0.586314
vt 0.977817 0.549396
vt 0.983675 0.578939
vt 0.867534 0.579478
vt 0.873292 0.549396
vt 0.862403 0.584341
vt 0.990445 0.583290
vt 0.953957 0.594481
vt 0.992199 0.584783
vt 0.954778 0.596301
vt 0.954344 0.597073
vt 0.953459 0.595540
vt 0.931103 0.600930
vt 0.930780 0.599099
vt 0.930087 0.600907
vt 0.929640 0.598667
vt 0.929962 0.602593
vt 0.931358 0.602494
vt 0.955383 0.598308
vt 0.955664 0.597432
vt 0.992652 0.586246
s 1
usemtl Material.001
f 2961/3207/2436 2962/3208/2437 2978/3209/2453 2964/3210/2439
f 2965/3211/2440 2969/3212/2444 2962/3213/2437 2961/3214/2436
f 2968/3215/2443 2965/3211/2440 2961/3214/2436 2963/3216/2438
f 2963/3217/2438 2961/3207/2436 2964/3210/2439 2977/3218/2452
f 2969/3212/2444 2965/3211/2440 2966/3219/2441 2970/3220/2445
f 2967/3221/2442 2966/3219/2441 2965/3211/2440
f 2965/3211/2440 2968/3215/2443 2981/3222/2456 2967/3221/2442
f 2969/3212/2444 2970/3220/2445 2971/3223/2446
f 2972/3224/2447 2969/3212/2444 2971/3223/2446 2973/3225/2448
f 2969/3212/2444 2972/3224/2447 2975/3226/2450 2962/3213/2437
f 2972/3224/2447 2973/3225/2448 2974/3227/2449
f 2968/3215/2443 2972/3224/2447 2974/3227/2449 2980/3228/2455
f 2972/3224/2447 2968/3215/2443 2963/3216/2438 2975/3226/2450
f 2975/3229/2450 2963/3217/2438 2977/3218/2452 2976/3230/2451
f 2962/3208/2437 2975/3231/2450 2976/3232/2451 2978/3209/2453
f 2964/3233/2439 2978/3234/2453 2976/3235/2451 2977/3236/2452
f 2973/3237/2448 3004/3238/2479 2979/3239/2454 2974/3240/2449
f 2979/3239/2454 2982/3241/2457 2980/3242/2455 2974/3240/2449
f 2968/3215/2443 2980/3228/2455 2981/3222/2456
f 2980/3242/2455 2982/3241/2457 2983/3243/2458 2981/3244/2456
f 2983/3243/2458 2982/3241/2457 2984/3245/2459 2985/3246/2460
f 2982/3241/2457 2979/3239/2454 2986/3247/2461 2984/3245/2459
f 2984/3245/2459 2987/3248/2462 2988/3249/2463 2985/3246/2460
f 2989/3250/2464 2987/3248/2462 2984/3245/2459 2986/3247/2461
f 2987/3248/2462 2990/3251/2465 2992/3252/2467 2988/3249/2463
f 2991/3253/2466 2990/3251/2465 2987/3248/2462 2989/3250/2464
f 2992/3252/2467 2993/3254/2468 2994/3255/2469 2988/3249/2463
f 2995/3256/2470 2996/3257/2471 2994/3255/2469 2993/3254/2468
f 2995/3256/2470 2997/3258/2472 2998/3259/2473 2996/3257/2471
f 2998/3259/2473 2997/3258/2472 2999/3260/2474 3000/3261/2475
f 2999/3260/2474 3001/3262/2476 3002/3263/2477 3000/3261/2475
f 3002/3264/2477 3001/3265/2476 2991/3253/2466 2989/3250/2464
f 3003/3266/2478 3002/3264/2477 2989/3250/2464 2986/3247/2461
f 3000/3261/2475 3002/3263/2477 3003/3267/2478 3005/3268/2480
f 3004/3269/2479 3006/3270/2481 3005/3268/2480 3003/3267/2478
f 2986/3247/2461 2979/3239/2454 3004/3238/2479 3003/3266/2478
f 3005/3268/2480 3006/3270/2481 3008/3271/2483 3007/3272/2482
f 3000/3261/2475 3005/3268/2480 3007/3272/2482 2998/3259/2473
f 3008/3271/2483 3010/3273/2485 3009/3274/2484 3007/3272/2482
f 2996/3257/2471 2998/3259/2473 3007/3272/2482 3009/3274/2484
f 3009/3274/2484 3010/3273/2485 3012/3275/2487 3011/3276/2486
f 2996/3257/2471 3009/3274/2484 3011/3276/2486 2994/3255/2469
f 3012/3275/2487 2983/3243/2458 2985/3246/2460 3011/3276/2486
f 2988/3249/2463 2994/3255/2469 3011/3276/2486 2985/3246/2460
f 2967/3277/2442 3012/3275/2487 3010/3273/2485 2966/3278/2441
f 2983/3243/2458 3012/3275/2487 2967/3277/2442 2981/3244/2456
f 3010/3273/2485 3008/3271/2483 2970/3279/2445 2966/3278/2441
f 2970/3279/2445 3008/3271/2483 3006/3270/2481 2971/3280/2446
f 3006/3270/2481 3004/3269/2479 2973/3281/2448 2971/3280/2446
o Cube.010
v -3.245734 6.214943 4.447921
v -3.237164 6.211680 4.509421
v -3.091724 4.678814 4.218091
v -3.245734 6.214943 -4.419648
v -3.237164 6.211680 -4.481148
v -3.091724 4.678814 -4.189817
v -3.083345 4.677382 -4.251349
v -3.109686 3.142116 -4.216929
v -3.101481 3.142468 -4.278610
v -3.124650 1.604188 -4.238821
v -3.109688 3.142116 4.245201
v -3.101481 3.142468 4.306882
v -3.124485 1.604188 4.267340
v -3.116192 1.605639 4.328927
v -3.240345 0.138504 4.440242
v -3.232120 0.138391 4.502110
v -3.233834 0.104465 4.441574
v -3.240353 0.138585 -4.411957
v -3.233838 0.104505 -4.413294
v -3.232126 0.138505 -4.473828
v -3.225886 0.104465 -4.471476
v -3.208713 0.138391 -4.526246
v -3.116307 1.605639 -4.300483
v -3.092867 1.606148 -4.352816
v -3.057900 1.605639 -4.387853
v -3.078121 3.142591 -4.330903
v -3.043162 3.142468 -4.365848
v -3.059892 4.676878 -4.303636
v -3.213575 6.210535 -4.533528
v -3.024940 4.677382 -4.338717
v -3.178559 6.211680 -4.568813
v -2.983806 4.678814 -4.351252
v -3.137448 6.214943 -4.581633
v -3.001929 3.142116 -4.378124
v 2.636858 4.678814 -4.351252
v 2.790497 6.214943 -4.581633
v 2.677991 4.677382 -4.338717
v 2.654981 3.142116 -4.378122
v 2.696215 3.142468 -4.365847
v 2.669615 1.604188 -4.400505
v 2.710837 1.605639 -4.388023
v -3.016728 1.604188 -4.400259
v 2.785357 0.138585 -4.573584
v 2.786250 0.104505 -4.563838
v 2.826717 0.138505 -4.561276
v -3.132313 0.138504 -4.573573
v -3.173672 0.138391 -4.561268
v -3.133204 0.104465 -4.563833
v -3.172097 0.104408 -4.551939
v -3.132692 0.079546 -4.529346
v -3.164287 0.079530 -4.519625
v -3.130915 0.070425 -4.479355
v 2.785742 0.079557 -4.529348
v 2.783967 0.070425 -4.479355
v 2.817336 0.079546 -4.519625
v 2.805384 0.070425 -4.472982
v 2.841380 0.079531 -4.495764
v 2.825145 0.104465 -4.551943
v 2.857458 0.104408 -4.519817
v 2.878934 0.104408 -4.471481
v 2.861759 0.138391 -4.526252
v 2.885171 0.138391 -4.473836
v 2.745821 1.606148 -4.352960
v 2.769244 1.605639 -4.300653
v 2.731172 3.142591 -4.330902
v 2.754532 3.142468 -4.278609
v 2.712944 4.676878 -4.303636
v 2.866626 6.210535 -4.533527
v 2.736396 4.677382 -4.251349
v 2.890214 6.211680 -4.481147
v 2.744776 4.678814 -4.189817
v 2.898785 6.214943 -4.419648
v 2.762739 3.142116 -4.216927
v 2.744776 4.678814 4.218091
v 2.898785 6.214943 4.447921
v 2.736396 4.677382 4.279623
v 2.762738 3.142116 4.245203
v 2.754531 3.142468 4.306883
v 2.777701 1.604188 4.267095
v 2.769358 1.605639 4.328757
v 2.777537 1.604188 -4.239066
v 2.893404 0.138585 4.440231
v 2.886889 0.104505 4.441568
v 2.885177 0.138505 4.502102
v 2.893396 0.138504 -4.411968
v 2.886885 0.104465 -4.413301
v 2.863831 0.079546 -4.412534
v 2.857332 0.079530 -4.459797
v 2.830412 0.070425 -4.409876
v 2.863832 0.079557 4.440806
v 2.830412 0.070425 4.438150
v 2.857332 0.079546 4.488069
v 2.826152 0.070425 4.470190
v 2.841382 0.079531 4.524035
v 2.878937 0.104465 4.499749
v 2.857461 0.104408 4.548086
v 2.825148 0.104408 4.580213
v 2.861762 0.138391 4.554520
v 2.826723 0.138391 4.589542
v 2.745918 1.606148 4.381090
v 2.710951 1.605639 4.416126
v 2.731172 3.142591 4.359177
v 2.696213 3.142468 4.394121
v 2.712944 4.676878 4.331909
v 2.866626 6.210535 4.561801
v 2.677991 4.677382 4.366991
v 2.831610 6.211680 4.597087
v 2.636858 4.678814 4.379526
v 2.790497 6.214943 4.609907
v 2.654979 3.142116 4.406397
v -2.983806 4.678814 4.379526
v -3.137448 6.214943 4.609906
v -3.024940 4.677382 4.366991
v -3.001929 3.142116 4.406395
v -3.043164 3.142468 4.394120
v -3.016564 1.604188 4.428778
v -3.057786 1.605639 4.416297
v 2.669780 1.604188 4.428533
v -3.132306 0.138585 4.601857
v -3.133199 0.104505 4.592111
v -3.173666 0.138505 4.589550
v 2.785364 0.138504 4.601847
v 2.786255 0.104465 4.592106
v 2.785742 0.079546 4.557620
v 2.817338 0.079530 4.547898
v 2.783967 0.070425 4.507629
v -3.132691 0.079557 4.557621
v -3.130915 0.070425 4.507629
v -3.164286 0.079546 4.547898
v -3.152333 0.070425 4.501256
v -3.188329 0.079531 4.524037
v -3.172094 0.104465 4.580216
v -3.204407 0.104408 4.548090
v -3.225883 0.104408 4.499755
v -3.208708 0.138391 4.554526
v -3.092771 1.606148 4.381234
v -3.078121 3.142591 4.359176
v -3.059892 4.676878 4.331909
v -3.213576 6.210535 4.561801
v -3.083345 4.677382 4.279623
v -3.178559 6.211680 4.597087
v -3.204281 0.079530 4.488071
v -3.173100 0.070425 4.470190
v -3.210781 0.079546 4.440808
v -3.177362 0.070425 4.438150
v -3.210781 0.079557 -4.412532
v -3.177362 0.070425 -4.409876
v -3.204281 0.079546 -4.459795
v -3.173100 0.070425 -4.441916
v -3.188330 0.079531 -4.495762
v -3.164783 0.070425 -4.460538
v -3.204410 0.104408 -4.519812
v -3.152333 0.070425 -4.472982
v -3.164783 0.070425 4.488812
v 2.805384 0.070425 4.501256
v 2.817833 0.070425 4.488812
v 2.890214 6.211680 4.509421
v 2.826152 0.070425 -4.441916
v 2.817833 0.070425 -4.460538
v 2.831610 6.211680 -4.568813
vn -0.9917 -0.1095 0.0675
vn -0.9549 -0.1353 0.2644
vn -0.9968 -0.0489 0.0640
vn -0.9917 -0.1095 -0.0675
vn -0.9549 -0.1353 -0.2644
vn -0.9968 -0.0489 -0.0640
vn -0.9626 -0.0597 -0.2644
vn -0.9977 0.0117 -0.0664
vn -0.9633 0.0146 -0.2679
vn -0.9967 0.0489 -0.0646
vn -0.9977 0.0117 0.0663
vn -0.9634 0.0146 0.2678
vn -0.9967 0.0489 0.0644
vn -0.9624 0.0600 0.2649
vn -0.9965 -0.0500 0.0665
vn -0.9627 -0.0410 0.2674
vn -0.8942 -0.4435 0.0601
vn -0.9965 -0.0500 -0.0666
vn -0.8943 -0.4434 -0.0601
vn -0.9627 -0.0408 -0.2675
vn -0.8609 -0.4490 -0.2392
vn -0.8307 -0.0390 -0.5553
vn -0.9623 0.0601 -0.2651
vn -0.8291 0.0732 -0.5543
vn -0.5228 0.0792 -0.8488
vn -0.8312 0.0178 -0.5557
vn -0.5281 0.0192 -0.8490
vn -0.8291 -0.0728 -0.5543
vn -0.8200 -0.1643 -0.5482
vn -0.5221 -0.0788 -0.8493
vn -0.5183 -0.1774 -0.8366
vn -0.1418 -0.0725 -0.9872
vn -0.1486 -0.1612 -0.9757
vn -0.1471 0.0174 -0.9890
vn 0.1418 -0.0725 -0.9872
vn 0.1486 -0.1612 -0.9757
vn 0.5221 -0.0788 -0.8493
vn 0.1473 0.0174 -0.9889
vn 0.5282 0.0193 -0.8489
vn 0.1431 0.0724 -0.9871
vn 0.5231 0.0792 -0.8486
vn -0.1428 0.0724 -0.9871
vn 0.1475 -0.0740 -0.9863
vn 0.1200 -0.5914 -0.7974
vn 0.5273 -0.0538 -0.8480
vn -0.1473 -0.0740 -0.9863
vn -0.5272 -0.0541 -0.8480
vn -0.1198 -0.5916 -0.7973
vn -0.4402 -0.5527 -0.7076
vn -0.0592 -0.9210 -0.3849
vn -0.2260 -0.9048 -0.3609
vn -0.0276 -0.9835 -0.1787
vn 0.0594 -0.9210 -0.3851
vn 0.0276 -0.9835 -0.1788
vn 0.2260 -0.9047 -0.3613
vn 0.1033 -0.9809 -0.1650
vn 0.4031 -0.8745 -0.2697
vn 0.4401 -0.5523 -0.7080
vn 0.7250 -0.4890 -0.4850
vn 0.8607 -0.4494 -0.2392
vn 0.8307 -0.0390 -0.5554
vn 0.9627 -0.0410 -0.2674
vn 0.8291 0.0732 -0.5542
vn 0.9624 0.0600 -0.2649
vn 0.8312 0.0178 -0.5557
vn 0.9634 0.0146 -0.2678
vn 0.8291 -0.0728 -0.5543
vn 0.8200 -0.1643 -0.5482
vn 0.9626 -0.0597 -0.2644
vn 0.9549 -0.1353 -0.2644
vn 0.9968 -0.0489 -0.0640
vn 0.9917 -0.1095 -0.0675
vn 0.9977 0.0117 -0.0663
vn 0.9968 -0.0489 0.0640
vn 0.9917 -0.1095 0.0675
vn 0.9626 -0.0597 0.2644
vn 0.9977 0.0117 0.0664
vn 0.9633 0.0146 0.2679
vn 0.9967 0.0489 0.0646
vn 0.9623 0.0601 0.2651
vn 0.9967 0.0489 -0.0644
vn 0.9965 -0.0500 0.0666
vn 0.8943 -0.4434 0.0601
vn 0.9627 -0.0408 0.2675
vn 0.9965 -0.0500 -0.0665
vn 0.8942 -0.4435 -0.0601
vn 0.5298 -0.8474 -0.0364
vn 0.5072 -0.8501 -0.1419
vn 0.2622 -0.9648 -0.0181
vn 0.5300 -0.8472 0.0365
vn 0.2624 -0.9648 0.0181
vn 0.5077 -0.8498 0.1419
vn 0.2434 -0.9675 0.0681
vn 0.4035 -0.8744 0.2694
vn 0.8609 -0.4490 0.2392
vn 0.7254 -0.4889 0.4846
vn 0.4402 -0.5527 0.7076
vn 0.8307 -0.0390 0.5553
vn 0.5272 -0.0541 0.8480
vn 0.8291 0.0732 0.5543
vn 0.5228 0.0792 0.8488
vn 0.8312 0.0178 0.5557
vn 0.5281 0.0192 0.8490
vn 0.8291 -0.0728 0.5543
vn 0.8200 -0.1643 0.5482
vn 0.5221 -0.0788 0.8493
vn 0.5183 -0.1774 0.8366
vn 0.1418 -0.0725 0.9872
vn 0.1486 -0.1612 0.9757
vn 0.1471 0.0174 0.9890
vn -0.1418 -0.0725 0.9872
vn -0.1486 -0.1612 0.9757
vn -0.5221 -0.0788 0.8493
vn -0.1473 0.0174 0.9889
vn -0.5282 0.0193 0.8489
vn -0.1431 0.0724 0.9871
vn -0.5231 0.0792 0.8486
vn 0.1428 0.0724 0.9871
vn -0.1475 -0.0740 0.9863
vn -0.1200 -0.5914 0.7974
vn -0.5273 -0.0538 0.8480
vn 0.1473 -0.0740 0.9863
vn 0.1198 -0.5916 0.7973
vn 0.0592 -0.9210 0.3849
vn 0.2260 -0.9048 0.3609
vn 0.0276 -0.9835 0.1787
vn -0.0594 -0.9210 0.3851
vn -0.0276 -0.9835 0.1788
vn -0.2260 -0.9047 0.3613
vn -0.1033 -0.9809 0.1650
vn -0.4031 -0.8745 0.2697
vn -0.4401 -0.5523 0.7080
vn -0.7250 -0.4890 0.4850
vn -0.8607 -0.4494 0.2392
vn -0.8307 -0.0390 0.5554
vn -0.8291 0.0732 0.5542
vn -0.8312 0.0178 0.5557
vn -0.8291 -0.0728 0.5543
vn -0.8200 -0.1643 0.5482
vn -0.9626 -0.0597 0.2644
vn -0.5183 -0.1774 0.8366
vn -0.5072 -0.8501 0.1419
vn -0.2431 -0.9676 0.0681
vn -0.5298 -0.8474 0.0364
vn -0.2622 -0.9648 0.0181
vn -0.5300 -0.8472 -0.0365
vn -0.2624 -0.9648 -0.0181
vn -0.5077 -0.8498 -0.1419
vn -0.2434 -0.9675 -0.0681
vn -0.4035 -0.8744 -0.2694
vn -0.1887 -0.9739 -0.1260
vn -0.7253 -0.4889 -0.4846
vn -0.1033 -0.9809 -0.1647
vn -0.1884 -0.9740 0.1261
vn 0.1033 -0.9809 0.1647
vn 0.1887 -0.9739 0.1260
vn 0.9549 -0.1353 0.2644
vn 0.2431 -0.9676 -0.0681
vn 0.1884 -0.9740 -0.1261
vn 0.5183 -0.1774 -0.8366
vt 0.985588 0.947886
vt 0.989334 0.984517
vt 0.988339 0.984619
vt 0.984590 0.947930
vt 0.847381 0.984680
vt 0.850082 0.947776
vt 0.847279 0.984578
vt 0.848635 0.947765
vt 0.848492 0.910725
vt 0.849704 0.910729
vt 0.985092 0.911434
vt 0.849962 0.873741
vt 0.848695 0.873742
vt 0.985675 0.874930
vt 0.986088 0.911449
vt 0.986673 0.874982
vt 0.988755 0.840090
vt 0.989729 0.840081
vt 0.848386 0.838693
vt 0.988800 0.839297
vt 0.989701 0.839288
vt 0.848479 0.838135
vt 0.847999 0.838130
vt 0.847978 0.838572
vt 0.847581 0.838132
vt 0.847592 0.838548
vt 0.847428 0.873743
vt 0.847279 0.910720
vt 0.846066 0.910716
vt 0.846161 0.873743
vt 0.847203 0.838608
vt 0.845738 0.947744
vt 0.847187 0.947754
vt 0.847176 0.984525
vt 0.847075 0.984520
vt 0.846978 0.984565
vt 0.844291 0.947734
vt 0.844853 0.910711
vt 0.706499 0.984268
vt 0.709249 0.947506
vt 0.708775 0.910563
vt 0.706429 0.984163
vt 0.707800 0.947497
vt 0.707550 0.910564
vt 0.708812 0.873676
vt 0.707541 0.873687
vt 0.844895 0.873742
vt 0.706541 0.838649
vt 0.706929 0.838771
vt 0.846783 0.838768
vt 0.707025 0.838225
vt 0.846674 0.838195
vt 0.706562 0.838219
vt 0.847162 0.838160
vt 0.846668 0.837589
vt 0.847164 0.837660
vt 0.707020 0.837641
vt 0.846727 0.836874
vt 0.847226 0.837023
vt 0.706949 0.836938
vt 0.706454 0.837116
vt 0.706541 0.837736
vt 0.706131 0.837155
vt 0.706148 0.837760
vt 0.706162 0.838224
vt 0.706175 0.838627
vt 0.705755 0.837767
vt 0.705759 0.838255
vt 0.705807 0.838691
vt 0.705000 0.873706
vt 0.706270 0.873697
vt 0.706324 0.910565
vt 0.705099 0.910565
vt 0.704897 0.947478
vt 0.706349 0.947487
vt 0.706359 0.984108
vt 0.706290 0.984104
vt 0.706225 0.984151
vt 0.703447 0.947470
vt 0.703874 0.910566
vt 0.566302 0.984366
vt 0.568969 0.947765
vt 0.568354 0.911013
vt 0.566253 0.984253
vt 0.567552 0.947761
vt 0.567155 0.911022
vt 0.568187 0.874302
vt 0.566928 0.874324
vt 0.703731 0.873715
vt 0.565682 0.839433
vt 0.566096 0.839547
vt 0.705408 0.838859
vt 0.566179 0.838989
vt 0.705288 0.838298
vt 0.565697 0.838991
vt 0.705272 0.837701
vt 0.566163 0.838397
vt 0.705325 0.836994
vt 0.705811 0.837144
vt 0.566086 0.837688
vt 0.565579 0.837862
vt 0.565670 0.838496
vt 0.565242 0.837900
vt 0.565262 0.838521
vt 0.565277 0.838998
vt 0.565292 0.839414
vt 0.564853 0.838529
vt 0.564855 0.839029
vt 0.564900 0.839477
vt 0.564410 0.874365
vt 0.565669 0.874345
vt 0.565956 0.911031
vt 0.564758 0.911041
vt 0.564715 0.947754
vt 0.566133 0.947757
vt 0.566204 0.984192
vt 0.566157 0.984182
vt 0.566114 0.984223
vt 0.563298 0.947751
vt 0.563559 0.911050
vt 0.427000 0.984725
vt 0.430472 0.948495
vt 0.429747 0.912433
vt 0.426017 0.984631
vt 0.429486 0.948458
vt 0.428762 0.912454
vt 0.428946 0.876344
vt 0.427958 0.876402
vt 0.563153 0.874384
vt 0.424713 0.841903
vt 0.425676 0.841904
vt 0.564478 0.839639
vt 0.425627 0.841120
vt 0.564366 0.839067
vt 0.424735 0.841117
vt 0.564355 0.838463
vt 0.425572 0.840341
vt 0.564407 0.837749
vt 0.564908 0.837892
vt 0.425543 0.839513
vt 0.424949 0.839480
vt 0.424804 0.840330
vt 0.424577 0.839346
vt 0.424111 0.840130
vt 0.423809 0.840982
vt 0.423717 0.841891
vt 0.989627 0.838493
vt 0.990327 0.838287
vt 0.990638 0.839147
vt 0.990736 0.840065
vt 0.987671 0.875034
vt 0.426970 0.876459
vt 0.987085 0.911463
vt 0.427777 0.912475
vt 0.986586 0.947842
vt 0.428500 0.948421
vt 0.990331 0.984415
vt 0.425033 0.984536
vt 0.988850 0.838509
vt 0.989474 0.837634
vt 0.989850 0.837496
vt 0.988874 0.837670
vt 0.848472 0.837540
vt 0.848403 0.836827
vt 0.847893 0.837000
vt 0.847978 0.837635
vt 0.847558 0.837035
vt 0.847571 0.837656
s 1
usemtl Material.001
f 3152/3282/2627 3014/3283/2489 3013/3284/2488 3015/3285/2490
f 3013/3284/2488 3016/3286/2491 3018/3287/2493 3015/3285/2490
f 3018/3287/2493 3016/3286/2491 3017/3288/2492 3019/3289/2494
f 3019/3289/2494 3021/3290/2496 3020/3291/2495 3018/3287/2493
f 3015/3285/2490 3018/3287/2493 3020/3291/2495 3023/3292/2498
f 3022/3293/2497 3020/3291/2495 3021/3290/2496 3035/3294/2510
f 3023/3292/2498 3020/3291/2495 3022/3293/2497 3025/3295/2500
f 3015/3285/2490 3023/3292/2498 3024/3296/2499 3152/3282/2627
f 3026/3297/2501 3024/3296/2499 3023/3292/2498 3025/3295/2500
f 3025/3295/2500 3027/3298/2502 3028/3299/2503 3026/3297/2501
f 3025/3295/2500 3022/3293/2497 3030/3300/2505 3027/3298/2502
f 3029/3301/2504 3146/3302/2621 3028/3299/2503 3027/3298/2502
f 3027/3298/2502 3030/3300/2505 3031/3303/2506 3029/3301/2504
f 3033/3304/2508 3031/3303/2506 3030/3300/2505 3032/3305/2507
f 3035/3294/2510 3032/3305/2507 3030/3300/2505 3022/3293/2497
f 3164/3306/2639 3033/3304/2508 3032/3305/2507 3034/3307/2509
f 3036/3308/2511 3034/3307/2509 3032/3305/2507 3035/3294/2510
f 3035/3294/2510 3021/3290/2496 3038/3309/2513 3036/3308/2511
f 3036/3308/2511 3038/3309/2513 3039/3310/2514 3037/3311/2512
f 3037/3311/2512 3059/3312/2534 3034/3307/2509 3036/3308/2511
f 3042/3313/2517 3039/3310/2514 3038/3309/2513 3040/3314/2515
f 3040/3314/2515 3038/3309/2513 3021/3290/2496 3019/3289/2494
f 3040/3314/2515 3041/3315/2516 3043/3316/2518 3042/3313/2517
f 3019/3289/2494 3017/3288/2492 3041/3315/2516 3040/3314/2515
f 3042/3313/2517 3043/3316/2518 3045/3317/2520 3044/3318/2519
f 3044/3318/2519 3046/3319/2521 3039/3310/2514 3042/3313/2517
f 3045/3317/2520 3048/3320/2523 3047/3321/2522 3044/3318/2519
f 3044/3318/2519 3047/3321/2522 3050/3322/2525 3046/3319/2521
f 3047/3321/2522 3048/3320/2523 3172/3323/2647 3049/3324/2524
f 3049/3324/2524 3051/3325/2526 3050/3322/2525 3047/3321/2522
f 3052/3326/2527 3050/3322/2525 3051/3325/2526 3053/3327/2528
f 3046/3319/2521 3050/3322/2525 3052/3326/2527 3054/3328/2529
f 3053/3327/2528 3057/3329/2532 3055/3330/2530 3052/3326/2527
f 3054/3328/2529 3052/3326/2527 3055/3330/2530 3058/3331/2533
f 3058/3331/2533 3055/3330/2530 3056/3332/2531 3060/3333/2535
f 3070/3334/2545 3056/3332/2531 3055/3330/2530 3057/3329/2532
f 3060/3333/2535 3061/3335/2536 3059/3312/2534 3058/3331/2533
f 3054/3328/2529 3058/3331/2533 3059/3312/2534 3037/3311/2512
f 3062/3336/2537 3063/3337/2538 3061/3335/2536 3060/3333/2535
f 3060/3333/2535 3056/3332/2531 3065/3338/2540 3062/3336/2537
f 3064/3339/2539 3165/3340/2640 3063/3337/2538 3062/3336/2537
f 3062/3336/2537 3065/3338/2540 3066/3341/2541 3064/3339/2539
f 3068/3342/2543 3066/3341/2541 3065/3338/2540 3067/3343/2542
f 3067/3343/2542 3065/3338/2540 3056/3332/2531 3070/3334/2545
f 3171/3344/2646 3068/3342/2543 3067/3343/2542 3069/3345/2544
f 3069/3345/2544 3067/3343/2542 3070/3334/2545 3071/3346/2546
f 3071/3346/2546 3070/3334/2545 3057/3329/2532 3073/3347/2548
f 3100/3348/2575 3069/3345/2544 3071/3346/2546 3072/3349/2547
f 3072/3349/2547 3071/3346/2546 3073/3347/2548 3074/3350/2549
f 3076/3351/2551 3074/3350/2549 3073/3347/2548 3075/3352/2550
f 3075/3352/2550 3073/3347/2548 3057/3329/2532 3053/3327/2528
f 3075/3352/2550 3077/3353/2552 3078/3354/2553 3076/3351/2551
f 3053/3327/2528 3051/3325/2526 3077/3353/2552 3075/3352/2550
f 3081/3355/2556 3078/3354/2553 3077/3353/2552 3079/3356/2554
f 3079/3356/2554 3077/3353/2552 3051/3325/2526 3049/3324/2524
f 3079/3356/2554 3080/3357/2555 3082/3358/2557 3081/3355/2556
f 3049/3324/2524 3172/3323/2647 3080/3357/2555 3079/3356/2554
f 3081/3355/2556 3082/3358/2557 3084/3359/2559 3083/3360/2558
f 3083/3360/2558 3085/3361/2560 3078/3354/2553 3081/3355/2556
f 3084/3359/2559 3087/3362/2562 3086/3363/2561 3083/3360/2558
f 3083/3360/2558 3086/3363/2561 3089/3364/2564 3085/3361/2560
f 3086/3363/2561 3087/3362/2562 3169/3365/2644 3088/3366/2563
f 3088/3366/2563 3090/3367/2565 3089/3364/2564 3086/3363/2561
f 3091/3368/2566 3089/3364/2564 3090/3367/2565 3092/3369/2567
f 3085/3361/2560 3089/3364/2564 3091/3368/2566 3093/3370/2568
f 3092/3369/2567 3096/3371/2571 3094/3372/2569 3091/3368/2566
f 3093/3370/2568 3091/3368/2566 3094/3372/2569 3097/3373/2572
f 3097/3373/2572 3094/3372/2569 3095/3374/2570 3098/3375/2573
f 3107/3376/2582 3095/3374/2570 3094/3372/2569 3096/3371/2571
f 3098/3375/2573 3072/3349/2547 3074/3350/2549 3097/3373/2572
f 3093/3370/2568 3097/3373/2572 3074/3350/2549 3076/3351/2551
f 3099/3377/2574 3100/3348/2575 3072/3349/2547 3098/3375/2573
f 3098/3375/2573 3095/3374/2570 3102/3378/2577 3099/3377/2574
f 3101/3379/2576 3170/3380/2645 3100/3348/2575 3099/3377/2574
f 3099/3377/2574 3102/3378/2577 3103/3381/2578 3101/3379/2576
f 3105/3382/2580 3103/3381/2578 3102/3378/2577 3104/3383/2579
f 3104/3383/2579 3102/3378/2577 3095/3374/2570 3107/3376/2582
f 3168/3384/2643 3105/3382/2580 3104/3383/2579 3106/3385/2581
f 3106/3385/2581 3104/3383/2579 3107/3376/2582 3108/3386/2583
f 3108/3386/2583 3107/3376/2582 3096/3371/2571 3110/3387/2585
f 3137/3388/2612 3106/3385/2581 3108/3386/2583 3109/3389/2584
f 3109/3389/2584 3108/3386/2583 3110/3387/2585 3111/3390/2586
f 3113/3391/2588 3111/3390/2586 3110/3387/2585 3112/3392/2587
f 3112/3392/2587 3110/3387/2585 3096/3371/2571 3092/3369/2567
f 3112/3392/2587 3114/3393/2589 3115/3394/2590 3113/3391/2588
f 3092/3369/2567 3090/3367/2565 3114/3393/2589 3112/3392/2587
f 3118/3395/2593 3115/3394/2590 3114/3393/2589 3116/3396/2591
f 3116/3396/2591 3114/3393/2589 3090/3367/2565 3088/3366/2563
f 3116/3396/2591 3117/3397/2592 3119/3398/2594 3118/3395/2593
f 3088/3366/2563 3169/3365/2644 3117/3397/2592 3116/3396/2591
f 3118/3395/2593 3119/3398/2594 3121/3399/2596 3120/3400/2595
f 3120/3400/2595 3122/3401/2597 3115/3394/2590 3118/3395/2593
f 3121/3399/2596 3124/3402/2599 3123/3403/2598 3120/3400/2595
f 3120/3400/2595 3123/3403/2598 3126/3404/2601 3122/3401/2597
f 3123/3403/2598 3124/3402/2599 3153/3405/2628 3125/3406/2600
f 3125/3406/2600 3127/3407/2602 3126/3404/2601 3123/3403/2598
f 3128/3408/2603 3126/3404/2601 3127/3407/2602 3129/3409/2604
f 3122/3401/2597 3126/3404/2601 3128/3408/2603 3130/3410/2605
f 3129/3409/2604 3133/3411/2608 3131/3412/2606 3128/3408/2603
f 3130/3410/2605 3128/3408/2603 3131/3412/2606 3134/3413/2609
f 3134/3413/2609 3131/3412/2606 3132/3414/2607 3135/3415/2610
f 3144/3416/2619 3132/3414/2607 3131/3412/2606 3133/3411/2608
f 3135/3415/2610 3109/3389/2584 3111/3390/2586 3134/3413/2609
f 3130/3410/2605 3134/3413/2609 3111/3390/2586 3113/3391/2588
f 3136/3417/2611 3137/3388/2612 3109/3389/2584 3135/3415/2610
f 3135/3415/2610 3132/3414/2607 3139/3418/2614 3136/3417/2611
f 3138/3419/2613 3167/3420/2642 3137/3388/2612 3136/3417/2611
f 3136/3417/2611 3139/3418/2614 3140/3421/2615 3138/3419/2613
f 3142/3422/2617 3140/3421/2615 3139/3418/2614 3141/3423/2616
f 3141/3423/2616 3139/3418/2614 3132/3414/2607 3144/3416/2619
f 3166/3424/2641 3142/3422/2617 3141/3423/2616 3143/3425/2618
f 3143/3425/2618 3141/3423/2616 3144/3416/2619 3145/3426/2620
f 3145/3426/2620 3144/3416/2619 3133/3411/2608 3147/3427/2622
f 3154/3428/2629 3143/3429/2618 3145/3430/2620 3146/3302/2621
f 3146/3302/2621 3145/3430/2620 3147/3431/2622 3028/3299/2503
f 3026/3297/2501 3028/3299/2503 3147/3431/2622 3148/3432/2623
f 3148/3433/2623 3147/3427/2622 3133/3411/2608 3129/3409/2604
f 3148/3432/2623 3149/3434/2624 3024/3296/2499 3026/3297/2501
f 3129/3409/2604 3127/3407/2602 3149/3435/2624 3148/3433/2623
f 3152/3282/2627 3024/3296/2499 3149/3434/2624 3150/3436/2625
f 3150/3437/2625 3149/3435/2624 3127/3407/2602 3125/3406/2600
f 3150/3436/2625 3151/3438/2626 3014/3283/2489 3152/3282/2627
f 3125/3406/2600 3153/3405/2628 3151/3439/2626 3150/3437/2625
f 3156/3440/2631 3154/3428/2629 3146/3302/2621 3029/3301/2504
f 3155/3441/2630 3166/3442/2641 3143/3429/2618 3154/3428/2629
f 3157/3443/2632 3155/3441/2630 3154/3428/2629 3156/3440/2631
f 3156/3440/2631 3158/3444/2633 3159/3445/2634 3157/3443/2632
f 3029/3301/2504 3031/3303/2506 3158/3444/2633 3156/3440/2631
f 3161/3446/2636 3159/3445/2634 3158/3444/2633 3160/3447/2635
f 3160/3447/2635 3158/3444/2633 3031/3303/2506 3033/3304/2508
f 3163/3448/2638 3161/3446/2636 3160/3447/2635 3162/3449/2637
f 3162/3449/2637 3160/3447/2635 3033/3304/2508 3164/3306/2639
f 3165/3340/2640 3163/3448/2638 3162/3449/2637 3063/3337/2538
f 3063/3337/2538 3162/3449/2637 3164/3306/2639 3061/3335/2536
f 3061/3335/2536 3164/3306/2639 3034/3307/2509 3059/3312/2534
f 3167/3420/2642 3168/3384/2643 3106/3385/2581 3137/3388/2612
f 3113/3391/2588 3115/3394/2590 3122/3401/2597 3130/3410/2605
f 3170/3380/2645 3171/3344/2646 3069/3345/2544 3100/3348/2575
f 3076/3351/2551 3078/3354/2553 3085/3361/2560 3093/3370/2568
f 3037/3311/2512 3039/3310/2514 3046/3319/2521 3054/3328/2529
o Cube.011
v 6.349971 -0.063233 -5.188715
v 6.372676 -0.063233 -5.178726
v 6.349971 -0.078293 -5.178727
v -3.862499 -0.063233 -5.188719
v 6.349973 0.063234 -5.188712
v 6.349972 0.078293 -5.178722
v 6.372678 0.063234 -5.178723
v -3.862499 0.063234 -5.188717
v -3.885205 0.063234 -5.178727
v -3.862499 0.078293 -5.178727
v -3.884798 0.078022 -5.173733
v -3.862499 0.089317 -5.151435
v -3.862500 0.093352 -5.114156
v -3.884798 0.087300 -5.150766
v 6.349973 0.089317 -5.151431
v 6.372271 0.087300 -5.150762
v 6.349973 0.093352 -5.114151
v 6.372679 0.089317 -5.114151
v 6.349967 0.093352 11.653643
v 6.349968 0.089317 11.690922
v 6.372674 0.089317 11.653645
v -3.862503 0.093352 11.653635
v -3.885208 0.089317 11.653635
v -3.862503 0.089317 11.690914
v -3.884800 0.087300 11.690245
v -3.862503 0.078293 11.718204
v -3.862502 0.063234 11.728195
v -3.884800 0.078022 11.713211
v 6.349968 0.078293 11.718212
v 6.372265 0.078022 11.713219
v 6.349968 0.063234 11.728203
v 6.372674 0.063234 11.718214
v 6.349970 -0.063233 11.728197
v 6.349971 -0.078293 11.718208
v 6.372676 -0.063233 11.718208
v -3.862501 -0.063233 11.728195
v -3.885207 -0.063233 11.718206
v -3.862501 -0.078293 11.718206
v -3.862501 -0.089317 11.690916
v -3.884799 -0.078022 11.713211
v -3.884799 -0.087300 11.690247
v -3.898786 -0.078022 11.690247
v -3.901828 -0.063233 11.690916
v -3.901828 -0.078293 11.653637
v -3.907912 -0.063233 11.653637
v -3.885207 -0.089317 11.653637
v -3.901825 -0.078293 -5.114159
v -3.898784 -0.078022 -5.150770
v -3.907909 -0.063233 -5.114159
v -3.885203 -0.089317 -5.114160
v -3.862498 -0.093352 -5.114160
v -3.884796 -0.087300 -5.150770
v -3.862498 -0.089317 -5.151441
v -3.884796 -0.078022 -5.173736
v -3.885204 -0.063233 -5.178730
v -3.862498 -0.078293 -5.178731
v -3.901825 -0.063233 -5.151439
v -3.901826 0.063234 -5.151437
v -3.898785 0.078022 -5.150766
v -3.907910 0.063234 -5.114157
v -3.901827 0.078293 -5.114156
v -3.907913 0.063234 11.653635
v -3.901829 0.063234 11.690914
v -3.901830 0.078293 11.653635
v -3.898787 0.078022 11.690245
v -3.885208 0.063234 11.718204
v -3.885206 0.089317 -5.114156
v 6.349970 -0.089317 -5.151437
v 6.349971 -0.093352 -5.114156
v 6.372268 -0.087300 -5.150767
v 6.372675 -0.089317 -5.114157
v 6.386256 -0.078022 -5.150766
v 6.372269 -0.078022 -5.173732
v 6.389298 -0.063233 -5.151435
v 6.389297 -0.078293 -5.114156
v 6.395382 -0.063233 -5.114156
v 6.389297 -0.078293 11.653637
v 6.372676 -0.089317 11.653637
v 6.386255 -0.078022 11.690248
v 6.395381 -0.063233 11.653639
v 6.389298 -0.063233 11.690918
v 6.395378 0.063234 11.653643
v 6.389295 0.078293 11.653643
v 6.389294 0.063234 11.690922
v 6.395384 0.063234 -5.114152
v 6.389299 0.063234 -5.151432
v 6.389300 0.078293 -5.114151
v 6.386258 0.078022 -5.150763
v 6.372271 0.078022 -5.173728
v 6.386252 0.078022 11.690252
v 6.372265 0.087300 11.690254
v 6.372268 -0.087300 11.690248
v 6.372268 -0.078022 11.713213
v 6.349971 -0.089317 11.690918
v 6.349971 -0.093352 11.653637
v -3.862501 -0.093352 11.653637
vn 0.1804 -0.2643 -0.9474
vn 0.6561 -0.1645 -0.7365
vn 0.0965 -0.7747 -0.6250
vn -0.1804 -0.2643 -0.9474
vn 0.1804 0.2644 -0.9474
vn 0.0965 0.7747 -0.6249
vn 0.6561 0.1645 -0.7365
vn -0.1804 0.2644 -0.9474
vn -0.6561 0.1645 -0.7365
vn -0.0965 0.7747 -0.6249
vn -0.4873 0.6505 -0.5826
vn -0.0581 0.9712 -0.2313
vn -0.0774 0.9959 -0.0472
vn -0.3299 0.9219 -0.2029
vn 0.0581 0.9712 -0.2313
vn 0.3299 0.9219 -0.2029
vn 0.0774 0.9959 -0.0472
vn 0.3612 0.9319 -0.0341
vn 0.0774 0.9959 0.0472
vn 0.0581 0.9712 0.2313
vn 0.3612 0.9319 0.0341
vn -0.0774 0.9959 0.0472
vn -0.3612 0.9319 0.0341
vn -0.0581 0.9712 0.2313
vn -0.3299 0.9219 0.2029
vn -0.0965 0.7747 0.6249
vn -0.1804 0.2644 0.9474
vn -0.4873 0.6505 0.5826
vn 0.0964 0.7747 0.6249
vn 0.4873 0.6505 0.5826
vn 0.1804 0.2644 0.9474
vn 0.6561 0.1645 0.7365
vn 0.1804 -0.2644 0.9474
vn 0.0965 -0.7747 0.6250
vn 0.6561 -0.1645 0.7365
vn -0.1804 -0.2644 0.9474
vn -0.6561 -0.1645 0.7365
vn -0.0965 -0.7747 0.6250
vn -0.0581 -0.9712 0.2313
vn -0.4873 -0.6505 0.5826
vn -0.3299 -0.9219 0.2029
vn -0.7949 -0.5514 0.2534
vn -0.9388 -0.1269 0.3203
vn -0.7908 -0.6104 0.0451
vn -0.9832 -0.1684 0.0699
vn -0.3612 -0.9319 0.0341
vn -0.7908 -0.6104 -0.0451
vn -0.7949 -0.5514 -0.2534
vn -0.9832 -0.1684 -0.0699
vn -0.3612 -0.9319 -0.0341
vn -0.0774 -0.9959 -0.0472
vn -0.3299 -0.9219 -0.2029
vn -0.0581 -0.9712 -0.2313
vn -0.4873 -0.6504 -0.5826
vn -0.6561 -0.1645 -0.7365
vn -0.0965 -0.7747 -0.6250
vn -0.9388 -0.1269 -0.3203
vn -0.9388 0.1269 -0.3203
vn -0.7948 0.5514 -0.2534
vn -0.9832 0.1684 -0.0699
vn -0.7908 0.6104 -0.0451
vn -0.9832 0.1684 0.0699
vn -0.9388 0.1269 0.3203
vn -0.7908 0.6104 0.0451
vn -0.7949 0.5514 0.2534
vn -0.6561 0.1645 0.7365
vn -0.3612 0.9319 -0.0341
vn 0.0581 -0.9712 -0.2313
vn 0.0774 -0.9959 -0.0472
vn 0.3299 -0.9219 -0.2029
vn 0.3612 -0.9319 -0.0341
vn 0.7948 -0.5514 -0.2534
vn 0.4873 -0.6504 -0.5826
vn 0.9388 -0.1269 -0.3203
vn 0.7908 -0.6105 -0.0451
vn 0.9832 -0.1684 -0.0699
vn 0.7908 -0.6105 0.0451
vn 0.3612 -0.9319 0.0340
vn 0.7948 -0.5514 0.2534
vn 0.9832 -0.1684 0.0699
vn 0.9388 -0.1269 0.3203
vn 0.9832 0.1684 0.0699
vn 0.7908 0.6104 0.0451
vn 0.9388 0.1269 0.3203
vn 0.9832 0.1684 -0.0699
vn 0.9388 0.1269 -0.3203
vn 0.7908 0.6104 -0.0451
vn 0.7948 0.5514 -0.2534
vn 0.4873 0.6505 -0.5826
vn 0.7949 0.5514 0.2534
vn 0.3299 0.9219 0.2029
vn 0.3299 -0.9219 0.2029
vn 0.4873 -0.6505 0.5826
vn 0.0581 -0.9712 0.2313
vn 0.0774 -0.9959 0.0472
vn -0.0774 -0.9959 0.0472
vt 0.816241 0.347598
vt 0.816757 0.357499
vt 0.814629 0.357729
vt 0.814071 0.347546
vt 0.813861 0.346110
vt 0.816115 0.345772
vt 0.875832 0.343642
vt 0.875883 0.345367
vt 0.876206 0.355206
vt 0.876341 0.356939
vt 0.816809 0.359305
vt 0.814549 0.359173
vt 0.877940 0.345121
vt 0.878304 0.355246
vt 0.878493 0.356609
vt 0.622056 0.634257
vt 0.622484 0.655803
vt 0.599779 0.652902
vt 0.600687 0.635069
vt 0.795492 0.656597
vt 0.793455 0.634996
vt 0.620980 0.610798
vt 0.791995 0.611482
vt 0.598999 0.611618
vt 0.814834 0.633477
vt 0.817716 0.651099
vt 0.814020 0.610012
vt 0.794399 0.442012
vt 0.816380 0.441192
vt 0.623386 0.441330
vt 0.621924 0.417816
vt 0.793324 0.418554
vt 0.814693 0.417741
vt 0.601361 0.442799
vt 0.600546 0.419335
vt 0.619887 0.396215
vt 0.597664 0.401713
vt 0.792896 0.397007
vt 0.743459 0.362199
vt 0.684002 0.364303
vt 0.683954 0.362500
vt 0.743335 0.360373
vt 0.681747 0.364169
vt 0.681829 0.362727
vt 0.815601 0.399908
vt 0.745504 0.360428
vt 0.745713 0.361863
vt 0.744952 0.350252
vt 0.742827 0.350481
vt 0.683448 0.352610
vt 0.683323 0.350785
vt 0.742778 0.348678
vt 0.745033 0.348810
vt 0.681280 0.352555
vt 0.681072 0.351121
vt 0.637678 0.291303
vt 0.524106 0.289777
vt 0.523884 0.275641
vt 0.636397 0.277108
vt 0.509260 0.287837
vt 0.509865 0.276161
vt 0.499036 0.278114
vt 0.679105 0.352639
vt 0.679155 0.351225
vt 0.676802 0.352866
vt 0.676736 0.351108
vt 0.495205 0.262049
vt 0.508740 0.260780
vt 0.616652 0.355063
vt 0.616562 0.353216
vt 0.495755 0.150225
vt 0.509273 0.149953
vt 0.497718 0.133800
vt 0.508718 0.134541
vt 0.614255 0.355071
vt 0.614076 0.353545
vt 0.523691 0.148951
vt 0.523205 0.260203
vt 0.522762 0.133554
vt 0.521481 0.119359
vt 0.506830 0.122942
vt 0.877998 0.343747
vt 0.880055 0.344956
vt 0.879828 0.343642
vt 0.635275 0.135023
vt 0.635054 0.120887
vt 0.880408 0.355222
vt 0.616859 0.365065
vt 0.614497 0.365327
vt 0.880308 0.356539
vt 0.616970 0.366877
vt 0.614498 0.366840
vt 0.677417 0.364571
vt 0.677313 0.362794
vt 0.679657 0.362832
vt 0.679832 0.364239
vt 0.578356 0.613457
vt 0.580780 0.443116
vt 0.583834 0.418195
vt 0.584145 0.638038
vt 0.635954 0.150460
vt 0.649295 0.134502
vt 0.650419 0.149883
vt 0.649899 0.122826
vt 0.663954 0.148615
vt 0.660124 0.132549
vt 0.811893 0.347633
vt 0.811942 0.346216
vt 0.809587 0.347863
vt 0.809518 0.346103
vt 0.749470 0.350182
vt 0.749365 0.348401
vt 0.663403 0.260438
vt 0.649886 0.260709
vt 0.661440 0.276862
vt 0.650440 0.276122
vt 0.747125 0.350145
vt 0.746948 0.348738
vt 0.749989 0.360115
vt 0.747682 0.360343
vt 0.810107 0.357798
vt 0.810212 0.359579
vt 0.750057 0.361875
vt 0.747633 0.361760
vt 0.812455 0.357836
vt 0.812631 0.359244
vt 0.834600 0.609696
vt 0.831547 0.634617
vt 0.837024 0.439353
vt 0.831235 0.414772
vt 0.652329 0.287720
vt 0.635468 0.261711
s 1
usemtl Material.001
f 3173/3450/2648 3177/3451/2652 3179/3452/2654 3174/3453/2649
f 3173/3450/2648 3174/3453/2649 3245/3454/2720 3175/3455/2650
f 3175/3455/2650 3228/3456/2703 3176/3457/2651 3173/3450/2648
f 3177/3451/2652 3173/3450/2648 3176/3457/2651 3180/3458/2655
f 3177/3451/2652 3180/3458/2655 3182/3459/2657 3178/3460/2653
f 3177/3451/2652 3178/3460/2653 3261/3461/2736 3179/3452/2654
f 3227/3462/2702 3181/3463/2656 3180/3458/2655 3176/3457/2651
f 3180/3458/2655 3181/3463/2656 3183/3464/2658 3182/3459/2657
f 3184/3465/2659 3182/3466/2657 3183/3467/2658 3186/3468/2661
f 3178/3469/2653 3182/3466/2657 3184/3465/2659 3187/3470/2662
f 3187/3470/2662 3184/3465/2659 3185/3471/2660 3189/3472/2664
f 3185/3471/2660 3184/3465/2659 3186/3468/2661 3239/3473/2714
f 3178/3469/2653 3187/3470/2662 3188/3474/2663 3261/3475/2736
f 3189/3472/2664 3190/3476/2665 3188/3474/2663 3187/3470/2662
f 3189/3472/2664 3191/3477/2666 3193/3478/2668 3190/3476/2665
f 3189/3472/2664 3185/3471/2660 3194/3479/2669 3191/3477/2666
f 3191/3477/2666 3194/3479/2669 3196/3480/2671 3192/3481/2667
f 3191/3477/2666 3192/3481/2667 3263/3482/2738 3193/3478/2668
f 3194/3479/2669 3185/3471/2660 3239/3473/2714 3195/3483/2670
f 3194/3479/2669 3195/3483/2670 3197/3484/2672 3196/3480/2671
f 3198/3485/2673 3196/3480/2671 3197/3484/2672 3200/3486/2675
f 3192/3481/2667 3196/3480/2671 3198/3485/2673 3201/3487/2676
f 3201/3488/2676 3198/3489/2673 3199/3490/2674 3203/3491/2678
f 3199/3490/2674 3198/3489/2673 3200/3492/2675 3238/3493/2713
f 3192/3481/2667 3201/3487/2676 3202/3494/2677 3263/3482/2738
f 3203/3491/2678 3204/3495/2679 3202/3496/2677 3201/3488/2676
f 3207/3497/2682 3204/3495/2679 3203/3491/2678 3205/3498/2680
f 3205/3498/2680 3203/3491/2678 3199/3490/2674 3208/3499/2683
f 3205/3498/2680 3208/3499/2683 3210/3500/2685 3206/3501/2681
f 3205/3498/2680 3206/3501/2681 3265/3502/2740 3207/3497/2682
f 3208/3499/2683 3199/3490/2674 3238/3493/2713 3209/3503/2684
f 3208/3499/2683 3209/3503/2684 3212/3504/2687 3210/3500/2685
f 3206/3505/2681 3210/3506/2685 3211/3507/2686 3266/3508/2741
f 3211/3507/2686 3210/3506/2685 3212/3509/2687 3213/3510/2688
f 3213/3510/2688 3212/3509/2687 3214/3511/2689
f 3209/3503/2684 3215/3512/2690 3214/3513/2689 3212/3504/2687
f 3217/3514/2692 3216/3515/2691 3214/3513/2689 3215/3512/2690
f 3216/3516/2691 3218/3517/2693 3213/3510/2688 3214/3511/2689
f 3217/3514/2692 3221/3518/2696 3219/3519/2694 3216/3515/2691
f 3216/3516/2691 3219/3520/2694 3222/3521/2697 3218/3517/2693
f 3222/3521/2697 3219/3520/2694 3220/3522/2695 3224/3523/2699
f 3221/3518/2696 3229/3524/2704 3220/3525/2695 3219/3519/2694
f 3218/3517/2693 3222/3521/2697 3223/3526/2698 3268/3527/2743
f 3223/3526/2698 3222/3521/2697 3224/3523/2699 3225/3528/2700
f 3228/3529/2703 3225/3528/2700 3224/3523/2699 3226/3530/2701
f 3220/3522/2695 3226/3530/2701 3224/3523/2699
f 3176/3457/2651 3228/3456/2703 3226/3531/2701 3227/3462/2702
f 3229/3532/2704 3227/3462/2702 3226/3531/2701 3220/3533/2695
f 3240/3534/2715 3225/3528/2700 3228/3529/2703 3175/3535/2650
f 3229/3532/2704 3230/3536/2705 3181/3463/2656 3227/3462/2702
f 3221/3518/2696 3232/3537/2707 3230/3538/2705 3229/3524/2704
f 3181/3463/2656 3230/3536/2705 3231/3539/2706 3183/3464/2658
f 3232/3537/2707 3233/3540/2708 3231/3541/2706 3230/3538/2705
f 3236/3542/2711 3233/3540/2708 3232/3537/2707 3234/3543/2709
f 3217/3514/2692 3234/3543/2709 3232/3537/2707 3221/3518/2696
f 3215/3512/2690 3235/3544/2710 3234/3543/2709 3217/3514/2692
f 3234/3543/2709 3235/3544/2710 3237/3545/2712 3236/3542/2711
f 3195/3483/2670 3239/3473/2714 3233/3546/2708 3236/3547/2711
f 3195/3483/2670 3236/3547/2711 3237/3548/2712 3197/3484/2672
f 3197/3484/2672 3237/3548/2712 3200/3486/2675
f 3235/3544/2710 3238/3493/2713 3200/3492/2675 3237/3545/2712
f 3209/3503/2684 3238/3493/2713 3235/3544/2710 3215/3512/2690
f 3233/3546/2708 3239/3473/2714 3186/3468/2661 3231/3549/2706
f 3183/3467/2658 3231/3549/2706 3186/3468/2661
f 3241/3550/2716 3223/3526/2698 3225/3528/2700 3240/3534/2715
f 3241/3550/2716 3240/3534/2715 3242/3551/2717 3243/3552/2718
f 3240/3534/2715 3175/3535/2650 3245/3553/2720 3242/3551/2717
f 3247/3554/2722 3243/3552/2718 3242/3551/2717 3244/3555/2719
f 3245/3553/2720 3244/3555/2719 3242/3551/2717
f 3174/3453/2649 3246/3556/2721 3244/3557/2719 3245/3454/2720
f 3248/3558/2723 3247/3559/2722 3244/3557/2719 3246/3556/2721
f 3248/3558/2723 3252/3560/2727 3249/3561/2724 3247/3559/2722
f 3247/3554/2722 3249/3562/2724 3250/3563/2725 3243/3552/2718
f 3250/3563/2725 3249/3562/2724 3251/3564/2726 3264/3565/2739
f 3252/3560/2727 3253/3566/2728 3251/3567/2726 3249/3561/2724
f 3252/3560/2727 3254/3568/2729 3256/3569/2731 3253/3566/2728
f 3248/3558/2723 3257/3570/2732 3254/3568/2729 3252/3560/2727
f 3259/3571/2734 3255/3572/2730 3254/3568/2729 3257/3570/2732
f 3254/3568/2729 3255/3572/2730 3262/3573/2737 3256/3569/2731
f 3246/3556/2721 3258/3574/2733 3257/3570/2732 3248/3558/2723
f 3257/3570/2732 3258/3574/2733 3260/3575/2735 3259/3571/2734
f 3190/3476/2665 3259/3576/2734 3260/3577/2735 3188/3474/2663
f 3190/3476/2665 3193/3478/2668 3255/3578/2730 3259/3576/2734
f 3258/3574/2733 3179/3452/2654 3261/3461/2736 3260/3575/2735
f 3260/3577/2735 3261/3475/2736 3188/3474/2663
f 3174/3453/2649 3179/3452/2654 3258/3574/2733 3246/3556/2721
f 3253/3566/2728 3256/3569/2731 3204/3495/2679 3207/3497/2682
f 3204/3495/2679 3256/3569/2731 3262/3573/2737 3202/3496/2677
f 3263/3482/2738 3202/3494/2677 3262/3579/2737
f 3255/3578/2730 3193/3478/2668 3263/3482/2738 3262/3579/2737
f 3253/3566/2728 3207/3497/2682 3265/3502/2740 3251/3567/2726
f 3264/3565/2739 3251/3564/2726 3265/3580/2740
f 3206/3505/2681 3266/3508/2741 3264/3565/2739 3265/3580/2740
f 3267/3581/2742 3250/3563/2725 3264/3565/2739 3266/3508/2741
f 3266/3508/2741 3211/3507/2686 3268/3527/2743 3267/3581/2742
f 3243/3552/2718 3250/3563/2725 3267/3581/2742 3241/3550/2716
f 3241/3550/2716 3267/3581/2742 3268/3527/2743 3223/3526/2698
f 3268/3527/2743 3211/3507/2686 3213/3510/2688 3218/3517/2693
o Cube.012
v 1.979561 7.041084 3.201634
v 1.979561 7.041084 2.803197
v 2.423109 6.819685 3.811687
v 1.713208 7.041084 3.201634
v 1.446853 7.041084 3.201634
v 1.694241 7.197163 2.803197
v 2.006773 6.802499 3.637686
v 2.413440 6.569642 4.268678
v 1.788447 6.819685 3.811687
v 1.961110 6.563914 4.073738
v 1.401190 6.802499 3.637686
v 1.702404 6.569642 4.268678
v 1.153784 6.819685 3.811687
v 1.180499 7.041084 3.201634
v 0.914144 7.041084 3.201634
v 1.161532 7.197163 2.803197
v 1.427886 7.197163 2.803197
v 0.895177 7.197163 2.803197
v 1.161532 7.197163 2.404759
v 0.895177 7.197163 2.404759
v 1.161532 7.197163 2.006322
v 1.427886 7.197163 2.404759
v 1.694241 7.197163 2.404759
v 1.427886 7.197163 2.006322
v 1.427886 7.197163 1.607885
v 1.694241 7.197163 2.006322
v 1.979561 7.041084 2.006322
v 1.694241 7.197163 1.607885
v 1.979561 7.041084 1.607885
v 1.694241 7.197163 1.209448
v 1.427886 7.197163 1.209448
v 1.694241 7.197163 0.811011
v 1.979561 7.041084 1.209448
v 1.979561 7.041084 0.811011
v 2.309564 6.802499 1.372968
v 2.768959 6.569642 1.609590
v 2.423109 6.819685 0.963524
v 2.423109 6.819685 1.912912
v 2.639566 6.563914 2.043937
v 2.309564 6.802499 2.278855
v 2.768959 6.569642 2.673225
v 2.423109 6.819685 2.862299
v 2.639566 6.563914 3.058838
v 2.309564 6.802499 3.184742
v 1.979561 7.041084 2.404759
v 2.768959 6.569642 3.736860
v 2.639566 6.563914 4.073738
v 2.969570 6.325329 3.947834
v 3.114808 6.319600 4.725669
v 3.114808 6.319600 3.547786
v 3.460658 6.069558 4.536595
v 3.299572 6.086743 4.945843
v 2.868503 6.242822 4.329379
v 3.299572 6.086743 3.712916
v 2.868503 6.242822 3.712916
v 3.460658 6.069558 3.244464
v 3.299572 6.086743 2.479990
v 2.969570 6.325329 2.823920
v 2.868503 6.242822 3.096453
v 2.456399 6.242822 3.096453
v 2.868503 6.242822 2.479990
v 2.456399 6.242822 2.479990
v 2.868503 6.242822 1.863526
v 3.460658 6.069558 1.952333
v 2.456399 6.242822 1.863526
v 2.868503 6.242822 1.247063
v 3.299572 6.086743 1.247063
v 2.456399 6.242822 1.247063
v 2.868503 6.242822 0.630600
v 2.456399 6.242822 0.630600
v 3.460658 6.069558 0.660202
v 2.868503 6.242822 0.014137
v 3.299572 6.086743 0.014137
v 2.456399 6.242822 0.014137
v 2.868503 6.242822 -0.602326
v 2.456399 6.242822 -0.602326
v 3.460658 6.069558 -0.631929
v 2.868503 6.242822 -1.218790
v 3.299572 6.086743 -1.218790
v 2.868503 6.242822 -1.835253
v 2.456399 6.242822 -1.218790
v 2.456399 6.242822 -1.835253
v 2.044295 6.242822 -1.218790
v 1.632191 6.242822 -1.218790
v 2.044295 6.242822 -1.835253
v 2.044295 6.242822 -0.602326
v 1.632191 6.242822 -0.602326
v 2.044295 6.242822 0.014137
v 1.632191 6.242822 0.014137
v 2.044295 6.242822 0.630600
v 1.632191 6.242822 0.630600
v 2.044295 6.242822 1.247063
v 1.632191 6.242822 1.247063
v 2.044295 6.242822 1.863526
v 1.632191 6.242822 1.863526
v 2.044295 6.242822 2.479990
v 1.632191 6.242822 2.479990
v 2.044295 6.242822 3.096453
v 1.632191 6.242822 3.096453
v 2.044295 6.242822 3.712916
v 1.632191 6.242822 3.712916
v 2.456399 6.242822 3.712916
v 2.044295 6.242822 4.329379
v 1.632191 6.242822 4.329379
v 2.456399 6.242822 4.329379
v 2.164980 6.069558 5.182661
v 1.651158 6.086743 4.945843
v 2.475366 6.086743 4.945843
v 1.842570 6.325329 4.509790
v 1.539984 6.319600 4.725669
v 2.327395 6.319600 4.725669
v 2.593902 6.325329 4.509790
v 3.028766 6.069558 5.182661
v 1.091237 6.325329 4.509790
v 1.282651 6.563914 4.073738
v 0.991366 6.569642 4.268678
v 0.795605 6.802499 3.637686
v 0.604192 6.563914 4.073738
v 0.752573 6.319600 4.725669
v 0.519120 6.819685 3.811687
v 0.280328 6.569642 4.268678
v -0.074266 6.563914 4.073738
v 0.339903 6.325329 4.509790
v 0.190023 6.802499 3.637686
v -0.115542 6.819685 3.811687
v 0.115081 7.041084 3.201634
v -0.151272 7.041084 3.201634
v 0.096114 7.197163 2.803197
v 0.381435 7.041084 3.201634
v 0.362468 7.197163 2.803197
v 0.647790 7.041084 3.201634
v 0.628823 7.197163 2.803197
v 0.628823 7.197163 2.404759
v 0.362468 7.197163 2.404759
v 0.628823 7.197163 2.006322
v 0.895177 7.197163 2.006322
v 0.362468 7.197163 2.006322
v 0.628823 7.197163 1.607885
v 0.895177 7.197163 1.607885
v 0.628823 7.197163 1.209448
v 0.362468 7.197163 1.607885
v 0.362468 7.197163 1.209448
v 0.096114 7.197163 1.607885
v -0.170239 7.197163 1.607885
v 0.096114 7.197163 2.006322
v 0.096114 7.197163 1.209448
v 0.096114 7.197163 0.811011
v -0.170239 7.197163 1.209448
v -0.170239 7.197163 0.811011
v -0.436592 7.197163 1.209448
v -0.436592 7.197163 1.607885
v -0.436592 7.197163 0.811011
v -0.702947 7.197163 1.209448
v -0.702947 7.197163 0.811011
v -0.969301 7.197163 1.209448
v -0.702947 7.197163 1.607885
v -0.702947 7.197163 2.006322
v -0.969301 7.197163 1.607885
v -1.235656 7.197163 1.607885
v -0.969301 7.197163 2.006322
v -1.235656 7.197163 2.006322
v -0.969301 7.197163 2.404759
v -1.235656 7.197163 2.404759
v -0.969301 7.197163 2.803197
v -0.702947 7.197163 2.404759
v -0.702947 7.197163 2.803197
v -0.436592 7.197163 2.404759
v -0.170239 7.197163 2.404759
v -0.436592 7.197163 2.006322
v -0.436592 7.197163 2.803197
v -0.170239 7.197163 2.803197
v -0.417625 7.041084 3.201634
v -0.683980 7.041084 3.201634
v -0.415560 6.802499 3.637686
v -0.750205 6.819685 3.811687
v -0.430710 6.569642 4.268678
v -0.752725 6.563914 4.073738
v -0.411429 6.325329 4.509790
v -0.034838 6.319600 4.725669
v -0.822251 6.319600 4.725669
v -0.426379 6.069558 5.182661
v 0.002741 6.086743 4.945843
v -0.428330 6.242822 4.329379
v -0.821467 6.086743 4.945843
v -0.840434 6.242822 4.329379
v -1.290165 6.069558 5.182661
v -1.645674 6.086743 4.945843
v -1.252538 6.242822 4.329379
v -1.162762 6.325329 4.509790
v -1.609661 6.319600 4.725669
v -1.141747 6.569642 4.268678
v -1.431181 6.563914 4.073738
v -1.021144 6.802499 3.637686
v -1.384868 6.819685 3.811687
v -0.950334 7.041084 3.201634
v -1.216689 7.041084 3.201634
v -1.483043 7.041084 3.201634
v -1.235656 7.197163 2.803197
v -1.502010 7.197163 2.803197
v -1.502010 7.197163 2.404759
v -1.768364 7.197163 2.803197
v -1.768364 7.197163 2.404759
v -1.749396 7.041084 3.201634
v -2.034718 7.197163 2.803197
v -2.034718 7.197163 2.404759
v -2.015750 7.041084 3.201634
v -2.282104 7.041084 2.803197
v -2.282104 7.041084 3.201634
v -2.282104 7.041084 2.404759
v -2.535101 6.802499 3.184742
v -2.919339 6.569642 3.736860
v -2.654195 6.819685 2.862299
v -2.654195 6.819685 3.811687
v -2.788098 6.563914 4.073738
v -2.232310 6.802499 3.637686
v -2.019531 6.819685 3.811687
v -2.563821 6.569642 4.268678
v -2.109640 6.563914 4.073738
v -2.665427 6.325329 4.509790
v -3.184484 6.319600 4.725669
v -2.397072 6.319600 4.725669
v -3.017736 6.069558 5.182661
v -3.294091 6.086743 4.945843
v -2.900955 6.242822 4.329379
v -2.469883 6.086743 4.945843
v -2.488851 6.242822 4.329379
v -2.153951 6.069558 5.182661
v -1.914095 6.325329 4.509790
v -2.076746 6.242822 4.329379
v -1.664642 6.242822 4.329379
v -2.076746 6.242822 3.712916
v -1.664642 6.242822 3.712916
v -2.488851 6.242822 3.712916
v -2.076746 6.242822 3.096453
v -2.488851 6.242822 3.096453
v -1.664642 6.242822 3.096453
v -2.076746 6.242822 2.479990
v -1.664642 6.242822 2.479990
v -2.488851 6.242822 2.479990
v -2.076746 6.242822 1.863526
v -2.488851 6.242822 1.863526
v -2.076746 6.242822 1.247063
v -1.664642 6.242822 1.863526
v -1.252538 6.242822 1.863526
v -1.664642 6.242822 1.247063
v -1.664642 6.242822 0.630600
v -1.252538 6.242822 1.247063
v -1.252538 6.242822 0.630600
v -0.840434 6.242822 1.247063
v -0.840434 6.242822 0.630600
v -0.840434 6.242822 1.863526
v -0.428330 6.242822 1.247063
v -0.016226 6.242822 1.247063
v -0.428330 6.242822 0.630600
v -0.428330 6.242822 1.863526
v -0.428330 6.242822 2.479990
v -0.016226 6.242822 1.863526
v -0.016226 6.242822 2.479990
v 0.395878 6.242822 1.863526
v 0.395878 6.242822 2.479990
v 0.395878 6.242822 1.247063
v 0.807982 6.242822 1.863526
v 0.807982 6.242822 2.479990
v 0.807982 6.242822 1.247063
v 1.220087 6.242822 1.863526
v 1.220087 6.242822 1.247063
v 1.220087 6.242822 2.479990
v 1.220087 6.242822 3.096453
v 1.220087 6.242822 3.712916
v 0.807982 6.242822 3.096453
v 0.807982 6.242822 3.712916
v 0.395878 6.242822 3.096453
v -0.016226 6.242822 3.096453
v 0.395878 6.242822 3.712916
v -0.016226 6.242822 3.712916
v 0.395878 6.242822 4.329379
v -0.016226 6.242822 4.329379
v 0.437407 6.069558 5.182661
v 0.807982 6.242822 4.329379
v 0.826949 6.086743 4.945843
v 1.220087 6.242822 4.329379
v 1.301193 6.069558 5.182661
v -0.428330 6.242822 3.712916
v -0.428330 6.242822 3.096453
v -0.840434 6.242822 3.712916
v -0.840434 6.242822 3.096453
v -1.252538 6.242822 3.712916
v -1.252538 6.242822 3.096453
v -1.252538 6.242822 2.479990
v -0.840434 6.242822 2.479990
v 1.220087 6.242822 0.630600
v 0.807982 6.242822 0.630600
v 1.220087 6.242822 0.014137
v 0.807982 6.242822 0.014137
v 1.220087 6.242822 -0.602326
v 0.807982 6.242822 -0.602326
v 1.220087 6.242822 -1.218790
v 0.807982 6.242822 -1.218790
v 1.220087 6.242822 -1.835253
v 0.807982 6.242822 -1.835253
v 1.220087 6.242822 -2.451716
v 1.632191 6.242822 -1.835253
v 1.632191 6.242822 -2.451716
v 1.632191 6.242822 -3.068179
v 2.044295 6.242822 -2.451716
v 2.044295 6.242822 -3.068179
v 2.456399 6.242822 -2.451716
v 2.456399 6.242822 -3.068179
v 2.868503 6.242822 -2.451716
v 3.299572 6.086743 -2.451716
v 2.868503 6.242822 -3.068179
v 3.460658 6.069558 -3.216190
v 2.868503 6.242822 -3.684643
v 3.299572 6.086743 -3.684643
v 2.456399 6.242822 -3.684643
v 2.868503 6.242822 -4.301105
v 2.456399 6.242822 -4.301105
v 3.028766 6.069558 -5.154387
v 3.460658 6.069558 -4.508321
v 3.299572 6.086743 -4.917569
v 2.969570 6.325329 -3.919560
v 3.114808 6.319600 -4.697396
v 2.768959 6.569642 -3.708586
v 3.114808 6.319600 -3.519512
v 2.639566 6.563914 -3.030564
v 2.969570 6.325329 -2.795647
v 3.114808 6.319600 -2.341630
v 2.768959 6.569642 -2.644952
v 2.639566 6.563914 -2.015664
v 2.309564 6.802499 -2.250581
v 2.423109 6.819685 -1.884638
v 2.423109 6.819685 -2.834025
v 1.979561 7.041084 -1.978049
v 1.979561 7.041084 -1.579612
v 1.979561 7.041084 -2.376486
v 1.694241 7.197163 -1.978049
v 1.427886 7.197163 -1.978049
v 1.694241 7.197163 -1.579612
v 1.694241 7.197163 -2.376486
v 1.427886 7.197163 -2.376486
v 1.694241 7.197163 -2.774923
v 1.979561 7.041084 -2.774923
v 1.713208 7.041084 -3.173360
v 1.427886 7.197163 -2.774923
v 1.446853 7.041084 -3.173360
v 1.161532 7.197163 -2.774923
v 1.180499 7.041084 -3.173360
v 0.895177 7.197163 -2.774923
v 1.161532 7.197163 -2.376486
v 0.895177 7.197163 -2.376486
v 1.161532 7.197163 -1.978049
v 1.161532 7.197163 -1.579612
v 0.895177 7.197163 -1.978049
v 0.895177 7.197163 -1.579612
v 0.628823 7.197163 -1.978049
v 0.628823 7.197163 -2.376486
v 0.628823 7.197163 -1.579612
v 0.362468 7.197163 -1.978049
v 0.362468 7.197163 -2.376486
v 0.362468 7.197163 -1.579612
v 0.096114 7.197163 -1.978049
v -0.170239 7.197163 -1.978049
v 0.096114 7.197163 -1.579612
v 0.096114 7.197163 -2.376486
v -0.170239 7.197163 -2.376486
v 0.096114 7.197163 -2.774923
v 0.362468 7.197163 -2.774923
v -0.170239 7.197163 -2.774923
v 0.115081 7.041084 -3.173360
v -0.151272 7.041084 -3.173360
v 0.381435 7.041084 -3.173360
v 0.190023 6.802499 -3.609412
v 0.280328 6.569642 -4.240404
v 0.519120 6.819685 -3.783413
v -0.115542 6.819685 -3.783413
v -0.074266 6.563914 -4.045465
v -0.415560 6.802499 -3.609412
v -0.430710 6.569642 -4.240404
v -0.750205 6.819685 -3.783413
v -0.417625 7.041084 -3.173360
v -0.683980 7.041084 -3.173360
v -0.436592 7.197163 -2.774923
v -0.436592 7.197163 -2.376486
v -0.702947 7.197163 -2.774923
v -0.969301 7.197163 -2.774923
v -0.702947 7.197163 -2.376486
v -0.702947 7.197163 -1.978049
v -0.969301 7.197163 -2.376486
v -1.235656 7.197163 -2.376486
v -0.969301 7.197163 -1.978049
v -0.969301 7.197163 -1.579612
v -1.235656 7.197163 -1.978049
v -1.235656 7.197163 -1.579612
v -1.502010 7.197163 -1.978049
v -1.502010 7.197163 -2.376486
v -1.768364 7.197163 -1.978049
v -1.502010 7.197163 -1.579612
v -1.502010 7.197163 -1.181175
v -1.768364 7.197163 -1.579612
v -1.768364 7.197163 -1.181175
v -2.034718 7.197163 -1.579612
v -2.282104 7.041084 -1.579612
v -2.034718 7.197163 -1.181175
v -2.034718 7.197163 -1.978049
v -2.034718 7.197163 -2.376486
v -2.282104 7.041084 -1.978049
v -2.282104 7.041084 -2.376486
v -2.535101 6.802499 -2.250581
v -2.919339 6.569642 -2.644952
v -2.654195 6.819685 -1.884638
v -2.654195 6.819685 -2.834025
v -2.788098 6.563914 -3.030564
v -2.535101 6.802499 -3.156469
v -2.919339 6.569642 -3.708586
v -2.654195 6.819685 -3.783413
v -2.282104 7.041084 -2.774923
v -2.282104 7.041084 -3.173360
v -2.034718 7.197163 -2.774923
v -1.768364 7.197163 -2.774923
v -2.015750 7.041084 -3.173360
v -1.749396 7.041084 -3.173360
v -2.232310 6.802499 -3.609412
v -2.019531 6.819685 -3.783413
v -2.563821 6.569642 -4.240404
v -2.788098 6.563914 -4.045465
v -2.109640 6.563914 -4.045465
v -2.665427 6.325329 -4.481517
v -3.184484 6.319600 -4.697396
v -2.397072 6.319600 -4.697396
v -3.017736 6.069558 -5.154387
v -3.294091 6.086743 -4.917569
v -2.469883 6.086743 -4.917569
v -2.900955 6.242822 -4.301105
v -3.449629 6.069558 -4.508321
v -2.488851 6.242822 -4.301105
v -2.900955 6.242822 -3.684643
v -3.294091 6.086743 -3.684643
v -2.900955 6.242822 -3.068179
v -2.488851 6.242822 -3.684643
v -2.488851 6.242822 -3.068179
v -2.076746 6.242822 -3.684643
v -1.664642 6.242822 -3.684643
v -2.076746 6.242822 -3.068179
v -2.076746 6.242822 -4.301105
v -2.153951 6.069558 -5.154387
v -1.664642 6.242822 -4.301105
v -1.252538 6.242822 -4.301105
v -1.645674 6.086743 -4.917569
v -1.290165 6.069558 -5.154387
v -1.609661 6.319600 -4.697396
v -1.914095 6.325329 -4.481517
v -1.431181 6.563914 -4.045465
v -1.162762 6.325329 -4.481517
v -1.141747 6.569642 -4.240404
v -0.822251 6.319600 -4.697396
v -0.821467 6.086743 -4.917569
v -0.752725 6.563914 -4.045465
v -0.411429 6.325329 -4.481517
v -0.034838 6.319600 -4.697396
v -0.426379 6.069558 -5.154387
v 0.002741 6.086743 -4.917569
v -0.428330 6.242822 -4.301105
v -0.840434 6.242822 -4.301105
v -0.428330 6.242822 -3.684643
v -0.016226 6.242822 -4.301105
v -0.016226 6.242822 -3.684643
v 0.395878 6.242822 -4.301105
v 0.807982 6.242822 -4.301105
v 0.437407 6.069558 -5.154387
v 0.395878 6.242822 -3.684643
v 0.807982 6.242822 -3.684643
v 0.395878 6.242822 -3.068179
v -0.016226 6.242822 -3.068179
v 0.807982 6.242822 -3.068179
v 0.395878 6.242822 -2.451716
v -0.016226 6.242822 -2.451716
v 0.395878 6.242822 -1.835253
v 0.807982 6.242822 -2.451716
v -0.016226 6.242822 -1.835253
v 0.395878 6.242822 -1.218790
v -0.016226 6.242822 -1.218790
v 0.395878 6.242822 -0.602326
v -0.016226 6.242822 -0.602326
v 0.395878 6.242822 0.014137
v -0.016226 6.242822 0.014137
v 0.395878 6.242822 0.630600
v -0.016226 6.242822 0.630600
v -0.428330 6.242822 0.014137
v -0.428330 6.242822 -0.602326
v -0.840434 6.242822 0.014137
v -0.840434 6.242822 -0.602326
v -1.252538 6.242822 0.014137
v -1.664642 6.242822 0.014137
v -1.252538 6.242822 -0.602326
v -1.664642 6.242822 -0.602326
v -1.252538 6.242822 -1.218790
v -1.664642 6.242822 -1.218790
v -1.252538 6.242822 -1.835253
v -0.840434 6.242822 -1.218790
v -0.840434 6.242822 -1.835253
v -0.428330 6.242822 -1.218790
v -0.428330 6.242822 -1.835253
v -0.428330 6.242822 -2.451716
v -0.428330 6.242822 -3.068179
v -0.840434 6.242822 -2.451716
v -0.840434 6.242822 -3.068179
v -1.252538 6.242822 -2.451716
v -1.664642 6.242822 -2.451716
v -1.252538 6.242822 -3.068179
v -1.664642 6.242822 -3.068179
v -1.252538 6.242822 -3.684643
v -0.840434 6.242822 -3.684643
v -2.076746 6.242822 -2.451716
v -1.664642 6.242822 -1.835253
v -2.076746 6.242822 -1.835253
v -2.488851 6.242822 -1.835253
v -2.076746 6.242822 -1.218790
v -2.076746 6.242822 -0.602326
v -2.488851 6.242822 -1.218790
v -2.488851 6.242822 -0.602326
v -2.900955 6.242822 -1.218790
v -3.294091 6.086743 -1.218790
v -2.900955 6.242822 -0.602326
v -2.900955 6.242822 -1.835253
v -3.449629 6.069558 -1.924060
v -2.900955 6.242822 -2.451716
v -3.294091 6.086743 -2.451716
v -2.488851 6.242822 -2.451716
v -3.449629 6.069558 -3.216190
v -3.184484 6.319600 -2.341630
v -2.788098 6.563914 -2.015664
v -3.041094 6.325329 -2.795647
v -3.041094 6.325329 -1.671733
v -2.919339 6.569642 -1.581316
v -3.184484 6.319600 -1.163746
v -2.788098 6.563914 -1.000764
v -3.041094 6.325329 -0.547820
v -3.184484 6.319600 0.014137
v -2.919339 6.569642 -0.517681
v -3.449629 6.069558 -0.631929
v -3.294091 6.086743 0.014137
v -3.449629 6.069558 0.660202
v -2.900955 6.242822 0.014137
v -2.488851 6.242822 0.014137
v -2.900955 6.242822 0.630600
v -2.488851 6.242822 0.630600
v -2.900955 6.242822 1.247063
v -3.294091 6.086743 1.247063
v -2.900955 6.242822 1.863526
v -2.488851 6.242822 1.247063
v -3.449629 6.069558 1.952333
v -2.900955 6.242822 2.479990
v -3.294091 6.086743 2.479990
v -2.900955 6.242822 3.096453
v -3.449629 6.069558 3.244464
v -2.900955 6.242822 3.712916
v -3.294091 6.086743 3.712916
v -3.184484 6.319600 3.547786
v -3.449629 6.069558 4.536595
v -3.041094 6.325329 3.947834
v -2.788098 6.563914 3.058838
v -3.041094 6.325329 2.823920
v -3.184484 6.319600 2.369903
v -2.919339 6.569642 2.673225
v -2.788098 6.563914 2.043937
v -2.535101 6.802499 2.278855
v -2.654195 6.819685 1.912912
v -2.282104 7.041084 2.006322
v -2.282104 7.041084 1.607885
v -2.034718 7.197163 2.006322
v -1.768364 7.197163 2.006322
v -2.034718 7.197163 1.607885
v -1.768364 7.197163 1.607885
v -2.034718 7.197163 1.209448
v -1.768364 7.197163 1.209448
v -2.034718 7.197163 0.811011
v -2.282104 7.041084 1.209448
v -2.282104 7.041084 0.811011
v -2.535101 6.802499 1.372968
v -2.919339 6.569642 1.609590
v -2.654195 6.819685 0.963524
v -2.788098 6.563914 1.029037
v -2.535101 6.802499 0.467080
v -2.919339 6.569642 0.545954
v -2.654195 6.819685 0.014137
v -2.282104 7.041084 0.412574
v -2.282104 7.041084 0.014137
v -2.034718 7.197163 0.412574
v -1.768364 7.197163 0.412574
v -2.034718 7.197163 0.014137
v -1.768364 7.197163 0.014137
v -2.034718 7.197163 -0.384300
v -1.768364 7.197163 -0.384300
v -2.282104 7.041084 -0.384300
v -2.034718 7.197163 -0.782737
v -2.282104 7.041084 -0.782737
v -1.768364 7.197163 -0.782737
v -1.502010 7.197163 -0.782737
v -1.235656 7.197163 -0.782737
v -1.502010 7.197163 -0.384300
v -1.235656 7.197163 -0.384300
v -1.502010 7.197163 0.014137
v -1.235656 7.197163 0.014137
v -1.502010 7.197163 0.412574
v -1.235656 7.197163 0.412574
v -1.502010 7.197163 0.811011
v -1.235656 7.197163 0.811011
v -1.502010 7.197163 1.209448
v -1.768364 7.197163 0.811011
v -1.235656 7.197163 1.209448
v -1.502010 7.197163 1.607885
v -1.502010 7.197163 2.006322
v -0.969301 7.197163 0.811011
v -0.969301 7.197163 0.412574
v -0.969301 7.197163 0.014137
v -0.702947 7.197163 0.412574
v -0.702947 7.197163 0.014137
v -0.436592 7.197163 0.412574
v -0.170239 7.197163 0.412574
v -0.436592 7.197163 0.014137
v -0.170239 7.197163 0.014137
v -0.436592 7.197163 -0.384300
v -0.170239 7.197163 -0.384300
v -0.702947 7.197163 -0.384300
v -0.436592 7.197163 -0.782737
v -0.170239 7.197163 -0.782737
v -0.702947 7.197163 -0.782737
v -0.436592 7.197163 -1.181175
v -0.170239 7.197163 -1.181175
v -0.702947 7.197163 -1.181175
v -0.436592 7.197163 -1.579612
v -0.170239 7.197163 -1.579612
v -0.702947 7.197163 -1.579612
v -0.436592 7.197163 -1.978049
v -0.969301 7.197163 -1.181175
v -1.235656 7.197163 -1.181175
v -0.969301 7.197163 -0.782737
v -0.969301 7.197163 -0.384300
v 0.096114 7.197163 -1.181175
v 0.362468 7.197163 -1.181175
v 0.096114 7.197163 -0.782737
v 0.362468 7.197163 -0.782737
v 0.096114 7.197163 -0.384300
v 0.362468 7.197163 -0.384300
v 0.096114 7.197163 0.014137
v 0.362468 7.197163 0.014137
v 0.096114 7.197163 0.412574
v 0.362468 7.197163 0.412574
v 0.362468 7.197163 0.811011
v 0.628823 7.197163 0.412574
v 0.895177 7.197163 0.412574
v 0.628823 7.197163 0.014137
v 0.628823 7.197163 0.811011
v 0.895177 7.197163 0.811011
v 1.161532 7.197163 0.811011
v 0.895177 7.197163 1.209448
v 1.161532 7.197163 1.209448
v 1.161532 7.197163 1.607885
v 1.427886 7.197163 0.811011
v 1.161532 7.197163 0.412574
v 1.427886 7.197163 0.412574
v 1.161532 7.197163 0.014137
v 0.895177 7.197163 0.014137
v 1.427886 7.197163 0.014137
v 1.161532 7.197163 -0.384300
v 1.427886 7.197163 -0.384300
v 0.895177 7.197163 -0.384300
v 1.161532 7.197163 -0.782737
v 0.895177 7.197163 -0.782737
v 1.427886 7.197163 -0.782737
v 1.161532 7.197163 -1.181175
v 1.427886 7.197163 -1.181175
v 0.895177 7.197163 -1.181175
v 0.628823 7.197163 -1.181175
v 0.628823 7.197163 -0.782737
v 0.628823 7.197163 -0.384300
v 1.427886 7.197163 -1.579612
v 1.694241 7.197163 -1.181175
v 1.979561 7.041084 -1.181175
v 1.694241 7.197163 -0.782737
v 1.979561 7.041084 -0.782737
v 1.694241 7.197163 -0.384300
v 1.979561 7.041084 -0.384300
v 1.694241 7.197163 0.014137
v 1.979561 7.041084 0.014137
v 1.694241 7.197163 0.412574
v 1.979561 7.041084 0.412574
v 2.309564 6.802499 0.467080
v 2.768959 6.569642 0.545954
v 2.423109 6.819685 0.014137
v 2.639566 6.563914 0.014137
v 2.309564 6.802499 -0.438807
v 2.768959 6.569642 -0.517681
v 2.423109 6.819685 -0.935251
v 2.639566 6.563914 -1.000764
v 2.309564 6.802499 -1.344694
v 2.768959 6.569642 -1.581316
v 2.969570 6.325329 -1.671733
v 3.460658 6.069558 -1.924060
v 3.114808 6.319600 -1.163746
v 2.969570 6.325329 -0.547820
v 3.114808 6.319600 0.014137
v 2.969570 6.325329 0.576093
v 3.114808 6.319600 1.192020
v 2.639566 6.563914 1.029037
v 2.969570 6.325329 1.700007
v 3.114808 6.319600 2.369903
v -2.282104 7.041084 -1.181175
v -2.654195 6.819685 -0.935251
v -2.535101 6.802499 -0.438807
v -2.535101 6.802499 -1.344694
v -2.788098 6.563914 0.014137
v -3.041094 6.325329 0.576093
v -3.184484 6.319600 1.192020
v -3.041094 6.325329 1.700007
v -2.076746 6.242822 0.630600
v -2.076746 6.242822 0.014137
v -3.184484 6.319600 -3.519512
v -3.041094 6.325329 -3.919560
v 1.220087 6.242822 -3.068179
v 1.220087 6.242822 -3.684643
v 1.632191 6.242822 -3.684643
v 1.220087 6.242822 -4.301105
v 1.301193 6.069558 -5.154387
v 1.632191 6.242822 -4.301105
v 2.044295 6.242822 -4.301105
v 1.651158 6.086743 -4.917569
v 2.164980 6.069558 -5.154387
v 1.539984 6.319600 -4.697396
v 1.091237 6.325329 -4.481517
v 1.282651 6.563914 -4.045465
v 1.842570 6.325329 -4.481517
v 1.702404 6.569642 -4.240404
v 2.327395 6.319600 -4.697396
v 2.475366 6.086743 -4.917569
v 1.961110 6.563914 -4.045465
v 2.593902 6.325329 -4.481517
v 2.413440 6.569642 -4.240404
v 2.639566 6.563914 -4.045465
v 2.006773 6.802499 -3.609412
v 1.788447 6.819685 -3.783413
v 2.423109 6.819685 -3.783413
v 1.979561 7.041084 -3.173360
v 2.309564 6.802499 -3.156469
v 1.401190 6.802499 -3.609412
v 1.153784 6.819685 -3.783413
v 0.795605 6.802499 -3.609412
v 0.914144 7.041084 -3.173360
v 0.647790 7.041084 -3.173360
v 0.628823 7.197163 -2.774923
v 0.991366 6.569642 -4.240404
v 0.604192 6.563914 -4.045465
v 0.752573 6.319600 -4.697396
v 0.826949 6.086743 -4.917569
v 0.339903 6.325329 -4.481517
v 2.044295 6.242822 -3.684643
v -1.021144 6.802499 -3.609412
v -1.384868 6.819685 -3.783413
v -0.950334 7.041084 -3.173360
v -1.216689 7.041084 -3.173360
v -1.483043 7.041084 -3.173360
v -1.235656 7.197163 -2.774923
v -1.502010 7.197163 -2.774923
v -1.626727 6.802499 -3.609412
v -1.852784 6.569642 -4.240404
v -1.768364 7.197163 -2.376486
v -1.852784 6.569642 4.268678
v -1.626727 6.802499 3.637686
v -0.170239 7.197163 2.006322
v 0.096114 7.197163 2.404759
vn 0.2617 0.9359 0.2359
vn 0.8587 -0.3055 -0.4114
vn 0.3217 0.9169 0.2364
vn -0.6017 -0.4113 0.6847
vn -0.5868 -0.6475 0.4862
vn -0.1910 -0.9721 -0.1360
vn -0.0231 0.8927 0.4501
vn -0.0000 0.8773 0.4800
vn 0.0292 0.9015 0.4317
vn -0.0198 0.8948 0.4460
vn 0.0220 0.8987 0.4379
vn 0.8621 -0.4541 0.2248
vn -0.5728 -0.6582 0.4886
vn -0.0000 -0.9839 -0.1785
vn -0.0000 -1.0000 -0.0000
vn -0.2477 -0.9688 -0.0000
vn 0.4269 -0.5445 0.7220
vn 0.6828 -0.6200 -0.3865
vn 0.6652 -0.6243 0.4096
vn 0.7004 -0.6654 -0.2584
vn 0.5479 0.8366 -0.0045
vn 0.5859 0.8104 -0.0000
vn 0.5520 0.8338 0.0055
vn 0.5484 0.8361 0.0106
vn 0.5503 0.8350 -0.0071
vn 0.5431 0.8396 0.0149
vn 0.5532 0.8330 -0.0090
vn 0.6838 -0.5969 -0.4197
vn 0.3400 0.9092 0.2402
vn 0.3347 0.9100 0.2446
vn 0.9262 -0.3498 -0.1406
vn 0.7451 -0.4794 0.4638
vn -0.2266 -0.9607 -0.1606
vn 0.8066 -0.5909 -0.0144
vn -0.9874 0.1577 -0.0103
vn 0.9165 -0.3999 -0.0141
vn 0.8064 -0.5913 -0.0095
vn -0.9875 0.1576 -0.0001
vn -0.0000 1.0000 -0.0000
vn -0.9875 0.1578 -0.0068
vn -0.9875 0.1576 -0.0000
vn 0.9164 -0.4002 -0.0085
vn -0.9875 0.1578 -0.0034
vn 0.8063 -0.5915 -0.0047
vn 0.9163 -0.4006 -0.0028
vn -0.9875 0.1578 -0.0000
vn 0.8063 -0.5915 -0.0000
vn 0.9163 -0.4006 0.0028
vn -0.9875 0.1578 0.0034
vn 0.8063 -0.5915 0.0047
vn 0.0056 0.2409 -0.9705
vn -0.0192 0.2409 -0.9704
vn -0.0268 0.2407 -0.9702
vn -0.0297 -0.5813 0.8131
vn -0.0120 -0.7726 0.6348
vn -0.0201 -0.7717 0.6357
vn -0.2560 -0.5102 0.8211
vn -0.0153 0.8968 0.4422
vn 0.0130 0.8966 0.4426
vn -0.0096 0.8982 0.4395
vn 0.0027 0.8955 0.4450
vn 0.3113 -0.7569 0.5747
vn -0.2228 -0.7926 0.5675
vn -0.4820 -0.7083 0.5158
vn 0.6370 -0.6367 0.4347
vn -0.0634 -0.7881 0.6123
vn 0.1803 -0.7997 0.5727
vn -0.0032 0.8989 0.4382
vn -0.0079 0.8957 0.4446
vn 0.0016 -0.5823 0.8130
vn 0.0035 -0.7739 0.6333
vn 0.0050 0.2408 -0.9706
vn 0.0112 -0.7744 0.6326
vn 0.0031 0.2412 -0.9705
vn 0.0121 -0.5820 0.8131
vn 0.0191 -0.7747 0.6321
vn 0.0047 0.2408 -0.9706
vn 0.0032 0.8987 0.4386
vn -0.0178 0.8971 0.4414
vn -0.4289 -0.7244 0.5397
vn 0.4474 -0.7231 0.5262
vn -0.7267 -0.5776 0.3719
vn 0.5446 -0.6740 0.4992
vn 0.2159 -0.9670 -0.1354
vn 0.2777 -0.9607 -0.0000
vn 0.6320 -0.4056 0.6604
vn -0.8662 -0.4003 -0.2989
vn -0.3888 0.9014 0.1907
vn -0.6886 -0.6516 -0.3181
vn -0.6487 0.7610 -0.0134
vn -0.6861 0.7275 -0.0000
vn -0.6311 0.7755 0.0190
vn -0.3895 0.8902 0.2361
vn -0.3978 0.8822 0.2519
vn 0.0133 0.8963 0.4432
vn -0.0262 0.8994 0.4362
vn -0.4048 0.8804 0.2469
vn 0.2552 -0.5126 0.8198
vn -0.7003 -0.5005 0.5090
vn 0.2501 -0.9553 -0.1576
vn 0.0272 -0.7748 0.6316
vn 0.0181 0.2411 -0.9703
vn 0.0226 -0.5815 0.8132
vn 0.0046 0.2408 -0.9706
vn 0.0105 0.2411 -0.9704
vn 0.0053 0.2408 -0.9706
vn -0.0043 0.2411 -0.9705
vn -0.0090 -0.5822 0.8130
vn -0.0117 0.2410 -0.9704
vn -0.0042 -0.7733 0.6340
vn 0.0055 0.2409 -0.9705
vn -0.0194 -0.5818 0.8131
vn -0.9875 0.1578 0.0068
vn 0.8064 -0.5913 0.0095
vn -0.9875 0.1576 0.0001
vn 0.9165 -0.3999 0.0141
vn -0.9874 0.1577 0.0103
vn 0.8066 -0.5909 0.0144
vn -0.2266 -0.9607 0.1606
vn -0.0268 0.2407 0.9702
vn -0.2560 -0.5102 -0.8211
vn 0.9262 -0.3498 0.1406
vn 0.7451 -0.4794 -0.4638
vn 0.3347 0.9100 -0.2446
vn 0.5503 0.8350 0.0071
vn 0.5484 0.8361 -0.0106
vn 0.5431 0.8396 -0.0149
vn 0.4269 -0.5445 -0.7220
vn 0.6828 -0.6200 0.3865
vn 0.6838 -0.5969 0.4197
vn -0.1910 -0.9721 0.1360
vn 0.8587 -0.3055 0.4114
vn -0.6017 -0.4113 -0.6847
vn -0.0000 -0.9839 0.1785
vn -0.5868 -0.6475 -0.4862
vn 0.8622 -0.4541 -0.2248
vn 0.3113 -0.7569 -0.5747
vn -0.2228 -0.7926 -0.5675
vn -0.4820 -0.7083 -0.5158
vn -0.0096 0.8982 -0.4395
vn -0.0000 0.8773 -0.4800
vn 0.0130 0.8966 -0.4426
vn 0.0027 0.8955 -0.4450
vn -0.0032 0.8989 -0.4382
vn -0.0079 0.8957 -0.4446
vn -0.0634 -0.7881 -0.6123
vn 0.1803 -0.7997 -0.5727
vn -0.6972 -0.6586 0.2831
vn -0.5619 -0.6355 -0.5295
vn -0.6886 -0.6516 0.3181
vn -0.6439 0.7650 0.0106
vn -0.6383 0.7697 -0.0137
vn -0.6311 0.7755 -0.0190
vn -0.6487 0.7610 0.0134
vn -0.3895 0.8902 -0.2361
vn -0.8662 -0.4003 0.2989
vn -0.3888 0.9014 -0.1907
vn 0.2159 -0.9670 0.1354
vn 0.6320 -0.4056 -0.6604
vn 0.5446 -0.6740 -0.4992
vn 0.0133 0.8963 -0.4432
vn -0.0262 0.8994 -0.4362
vn -0.3978 0.8822 -0.2519
vn -0.4048 0.8804 -0.2469
vn 0.2552 -0.5126 -0.8198
vn -0.7003 -0.5005 -0.5090
vn 0.0272 -0.7748 -0.6316
vn 0.2501 -0.9553 0.1576
vn -0.9014 -0.4175 0.1151
vn 0.0181 0.2411 0.9703
vn 0.9854 0.1702 0.0101
vn -0.7373 -0.6754 0.0115
vn 0.9854 0.1701 -0.0006
vn 0.0046 0.2408 0.9706
vn 0.0226 -0.5815 -0.8132
vn 0.0105 0.2411 0.9704
vn 0.0047 0.2408 0.9706
vn 0.0191 -0.7747 -0.6321
vn 0.0121 -0.5820 -0.8131
vn 0.0112 -0.7744 -0.6326
vn 0.0016 -0.5823 -0.8130
vn 0.0035 -0.7739 -0.6333
vn 0.0050 0.2408 0.9706
vn 0.0031 0.2412 0.9705
vn -0.0043 0.2411 0.9705
vn 0.0053 0.2408 0.9706
vn -0.0117 0.2410 0.9704
vn -0.0090 -0.5822 -0.8130
vn 0.9854 0.1703 0.0033
vn -0.7368 -0.6761 0.0038
vn 0.9854 0.1700 -0.0001
vn 0.9854 0.1701 -0.0004
vn -0.8841 -0.4673 0.0072
vn 0.9854 0.1703 0.0067
vn -0.7370 -0.6759 0.0076
vn -0.8842 -0.4669 0.0119
vn -0.8840 -0.4676 0.0024
vn -0.7367 -0.6762 -0.0000
vn -0.8840 -0.4676 -0.0024
vn 0.9854 0.1703 -0.0000
vn 0.9854 0.1700 0.0001
vn 0.9854 0.1703 -0.0033
vn -0.7368 -0.6761 -0.0038
vn 0.9854 0.1701 0.0004
vn -0.8841 -0.4673 -0.0072
vn 0.9854 0.1703 -0.0067
vn -0.7370 -0.6759 -0.0076
vn 0.9854 0.1701 0.0006
vn -0.8842 -0.4669 -0.0119
vn 0.9854 0.1702 -0.0101
vn -0.7373 -0.6754 -0.0115
vn -0.9014 -0.4175 -0.1151
vn -0.6439 0.7650 -0.0106
vn -0.6383 0.7697 0.0137
vn -0.5619 -0.6355 0.5295
vn -0.6972 -0.6586 -0.2831
vn -0.6918 -0.6631 0.2858
vn -0.7140 -0.6765 -0.1803
vn -0.6400 0.7683 -0.0069
vn -0.6433 0.7656 0.0073
vn -0.6378 0.7702 -0.0024
vn -0.6451 0.7641 -0.0000
vn -0.7383 -0.6684 0.0898
vn -0.7251 -0.6886 -0.0000
vn -0.7383 -0.6684 -0.0898
vn -0.7140 -0.6765 0.1803
vn 0.6652 -0.6243 -0.4096
vn 0.7003 -0.6654 0.2584
vn 0.7536 -0.6444 -0.1294
vn 0.7174 -0.6967 -0.0000
vn 0.7536 -0.6444 0.1294
vn 0.5465 0.8375 -0.0016
vn 0.5533 0.8330 -0.0000
vn 0.5465 0.8375 0.0016
vn 0.5520 0.8338 -0.0055
vn 0.5479 0.8366 0.0045
vn 0.9164 -0.4002 0.0085
vn -0.6918 -0.6631 -0.2858
vn -0.6433 0.7656 -0.0073
vn -0.6378 0.7702 0.0024
vn -0.6400 0.7683 0.0069
vn 0.0055 0.2409 0.9705
vn -0.0194 -0.5818 -0.8131
vn -0.0192 0.2409 0.9704
vn 0.0056 0.2409 0.9705
vn -0.0120 -0.7726 -0.6348
vn -0.0297 -0.5813 -0.8131
vn -0.0201 -0.7717 -0.6357
vn 0.3400 0.9092 -0.2402
vn -0.0231 0.8927 -0.4501
vn 0.0292 0.9015 -0.4317
vn 0.3217 0.9169 -0.2364
vn 0.2617 0.9359 -0.2359
vn 0.5532 0.8330 0.0090
vn -0.0198 0.8948 -0.4460
vn 0.0220 0.8987 -0.4379
vn -0.0153 0.8968 -0.4422
vn -0.5728 -0.6582 -0.4886
vn 0.6370 -0.6367 -0.4347
vn -0.0042 -0.7733 -0.6340
vn 0.0032 0.8987 -0.4386
vn -0.0178 0.8971 -0.4414
vn -0.4289 -0.7244 -0.5397
vn 0.4474 -0.7231 -0.5262
vn -0.7267 -0.5776 -0.3719
vn 0.0088 0.8977 -0.4405
vn 0.0088 0.8977 0.4405
vt 0.095332 0.102328
vt 0.082442 0.087884
vt 0.095908 0.091529
vt 0.103882 0.102337
vt 0.361380 0.181259
vt 0.361379 0.176121
vt 0.366524 0.175758
vt 0.366518 0.181257
vt 0.095329 0.110877
vt 0.086185 0.101237
vt 0.095326 0.119427
vt 0.082434 0.108256
vt 0.361377 0.170983
vt 0.366523 0.170620
vt 0.077038 0.102486
vt 0.072855 0.087967
vt 0.077046 0.080708
vt 0.086178 0.120675
vt 0.072847 0.110790
vt 0.095322 0.127976
vt 0.082426 0.128627
vt 0.077029 0.124263
vt 0.095319 0.136526
vt 0.361376 0.165845
vt 0.361374 0.160707
vt 0.366520 0.160344
vt 0.366522 0.165482
vt 0.371659 0.165480
vt 0.371661 0.170618
vt 0.371658 0.160342
vt 0.376795 0.160341
vt 0.376797 0.165479
vt 0.376798 0.170616
vt 0.371662 0.175756
vt 0.376800 0.175754
vt 0.381935 0.165477
vt 0.381936 0.170615
vt 0.381938 0.175753
vt 0.376793 0.181253
vt 0.381931 0.181252
vt 0.371656 0.181255
vt 0.387075 0.175751
vt 0.387069 0.181250
vt 0.387074 0.170613
vt 0.392212 0.170611
vt 0.392213 0.175749
vt 0.392207 0.181248
vt 0.129530 0.102366
vt 0.123184 0.087930
vt 0.134784 0.091573
vt 0.138079 0.102376
vt 0.143556 0.087953
vt 0.146628 0.102386
vt 0.120600 0.080757
vt 0.129917 0.076619
vt 0.142377 0.080782
vt 0.115346 0.091551
vt 0.107094 0.076594
vt 0.120980 0.102357
vt 0.102813 0.087907
vt 0.098823 0.080733
vt 0.112431 0.102347
vt 0.084271 0.076568
vt 0.063278 0.065227
vt 0.079961 0.069912
vt 0.088552 0.065255
vt 0.058760 0.059089
vt 0.067558 0.053913
vt 0.085215 0.059119
vt 0.027220 0.307306
vt 0.020477 0.295770
vt 0.044798 0.288936
vt 0.038891 0.314173
vt 0.062364 0.288930
vt 0.062351 0.307294
vt 0.095284 0.053944
vt 0.104077 0.069939
vt 0.079929 0.288923
vt 0.075709 0.314160
vt 0.097495 0.288917
vt 0.097482 0.307281
vt 0.111670 0.059148
vt 0.113826 0.065283
vt 0.351204 0.199056
vt 0.359528 0.199065
vt 0.359525 0.207390
vt 0.351201 0.207380
vt 0.367853 0.199075
vt 0.367849 0.207399
vt 0.115060 0.288911
vt 0.112527 0.314147
vt 0.376177 0.199084
vt 0.376174 0.207408
vt 0.132626 0.288905
vt 0.132613 0.307269
vt 0.384501 0.199093
vt 0.384498 0.207418
vt 0.150192 0.288899
vt 0.149345 0.314134
vt 0.392826 0.199103
vt 0.392823 0.207427
vt 0.401150 0.199112
vt 0.401147 0.207436
vt 0.167757 0.288892
vt 0.167745 0.307256
vt 0.185322 0.288886
vt 0.186163 0.314121
vt 0.409474 0.199121
vt 0.409471 0.207446
vt 0.417799 0.199131
vt 0.417796 0.207455
vt 0.202888 0.288880
vt 0.202875 0.307244
vt 0.220453 0.288874
vt 0.222981 0.314108
vt 0.426123 0.199140
vt 0.426120 0.207464
vt 0.426117 0.215789
vt 0.417792 0.215779
vt 0.409468 0.215770
vt 0.426113 0.224113
vt 0.417789 0.224104
vt 0.409465 0.224095
vt 0.401144 0.215761
vt 0.401140 0.224085
vt 0.392819 0.215751
vt 0.392816 0.224076
vt 0.384495 0.215742
vt 0.384492 0.224067
vt 0.376170 0.215733
vt 0.376167 0.224057
vt 0.367846 0.215723
vt 0.367843 0.224048
vt 0.359522 0.215714
vt 0.359518 0.224039
vt 0.351197 0.215705
vt 0.351194 0.224029
vt 0.342873 0.215696
vt 0.342870 0.224020
vt 0.342876 0.207371
vt 0.020466 0.258951
vt 0.027200 0.237042
vt 0.044783 0.236237
vt 0.044788 0.253804
vt 0.027210 0.272174
vt 0.044793 0.271370
vt 0.063258 0.115775
vt 0.058740 0.112000
vt 0.053680 0.095486
vt 0.067889 0.106073
vt 0.058750 0.085544
vt 0.063268 0.090501
vt 0.067898 0.081957
vt 0.053690 0.067761
vt 0.072838 0.133613
vt 0.067880 0.130190
vt 0.053669 0.123212
vt 0.086170 0.140113
vt 0.082418 0.148999
vt 0.077021 0.146040
vt 0.063249 0.141050
vt 0.072829 0.156436
vt 0.067871 0.154306
vt 0.086163 0.159551
vt 0.082411 0.169370
vt 0.077013 0.167817
vt 0.063239 0.166324
vt 0.095309 0.162174
vt 0.095312 0.153625
vt 0.095306 0.170724
vt 0.361370 0.145293
vt 0.361368 0.140156
vt 0.366514 0.139793
vt 0.366516 0.144930
vt 0.361371 0.150431
vt 0.366517 0.150068
vt 0.361373 0.155569
vt 0.366519 0.155206
vt 0.095316 0.145075
vt 0.371656 0.155204
vt 0.371655 0.150067
vt 0.376794 0.155203
vt 0.376792 0.150065
vt 0.381932 0.155201
vt 0.381933 0.160339
vt 0.381930 0.150063
vt 0.387069 0.155199
vt 0.387071 0.160337
vt 0.387068 0.150061
vt 0.376791 0.144927
vt 0.381929 0.144925
vt 0.387066 0.144923
vt 0.381927 0.139787
vt 0.387065 0.139785
vt 0.376789 0.139789
vt 0.392204 0.144921
vt 0.392206 0.150059
vt 0.392203 0.139783
vt 0.387063 0.134647
vt 0.392201 0.134646
vt 0.381926 0.134649
vt 0.381924 0.129511
vt 0.387062 0.129510
vt 0.392200 0.129508
vt 0.387060 0.124372
vt 0.392198 0.124370
vt 0.381923 0.124373
vt 0.376786 0.129513
vt 0.376785 0.124375
vt 0.376788 0.134651
vt 0.381921 0.119235
vt 0.387059 0.119234
vt 0.376783 0.119237
vt 0.371647 0.124377
vt 0.371646 0.119239
vt 0.371649 0.129515
vt 0.366509 0.124379
vt 0.366508 0.119241
vt 0.366511 0.129517
vt 0.366513 0.134655
vt 0.371650 0.134653
vt 0.371652 0.139791
vt 0.361367 0.135018
vt 0.361365 0.129880
vt 0.095303 0.179273
vt 0.086156 0.178989
vt 0.095299 0.187823
vt 0.082403 0.189742
vt 0.077004 0.189594
vt 0.072820 0.179259
vt 0.067861 0.178422
vt 0.063229 0.191599
vt 0.053648 0.178664
vt 0.058719 0.164911
vt 0.058709 0.191366
vt 0.027180 0.166777
vt 0.020434 0.148492
vt 0.044758 0.148407
vt 0.044763 0.165973
vt 0.027170 0.131645
vt 0.044753 0.130840
vt 0.020424 0.111673
vt 0.044748 0.113274
vt 0.067852 0.202539
vt 0.053637 0.206390
vt 0.063220 0.216873
vt 0.058699 0.217822
vt 0.027159 0.096512
vt 0.044743 0.095708
vt 0.076996 0.211372
vt 0.072812 0.202082
vt 0.082395 0.210113
vt 0.086148 0.198427
vt 0.095293 0.204922
vt 0.095296 0.196372
vt 0.361364 0.124742
vt 0.361362 0.119604
vt 0.095290 0.213471
vt 0.086141 0.217865
vt 0.361361 0.114466
vt 0.366507 0.114103
vt 0.371644 0.114101
vt 0.366505 0.108965
vt 0.371643 0.108963
vt 0.361359 0.109328
vt 0.366504 0.103827
vt 0.371641 0.103825
vt 0.361358 0.104190
vt 0.366494 0.099050
vt 0.371632 0.099049
vt 0.361356 0.099052
vt 0.103829 0.239129
vt 0.095849 0.247033
vt 0.082380 0.250856
vt 0.095280 0.239119
vt 0.112379 0.239138
vt 0.102751 0.250879
vt 0.098756 0.254950
vt 0.084201 0.259152
vt 0.076979 0.254926
vt 0.086133 0.237304
vt 0.095283 0.230570
vt 0.072794 0.247727
vt 0.082387 0.230484
vt 0.095286 0.222020
vt 0.076988 0.233149
vt 0.063200 0.267422
vt 0.067834 0.250771
vt 0.063210 0.242147
vt 0.058679 0.270733
vt 0.053616 0.261842
vt 0.058689 0.244277
vt 0.020402 0.038034
vt 0.027139 0.026248
vt 0.038806 0.019618
vt 0.044727 0.043010
vt 0.027149 0.061380
vt 0.044732 0.060576
vt 0.020413 0.074854
vt 0.044738 0.078142
vt 0.053627 0.234116
vt 0.067843 0.226655
vt 0.342841 0.298940
vt 0.351166 0.298949
vt 0.351163 0.307274
vt 0.342838 0.307264
vt 0.342844 0.290615
vt 0.351169 0.290625
vt 0.359493 0.290634
vt 0.359490 0.298959
vt 0.359487 0.307283
vt 0.367814 0.298968
vt 0.367811 0.307292
vt 0.367818 0.290643
vt 0.376142 0.290653
vt 0.376139 0.298977
vt 0.376136 0.307302
vt 0.384463 0.298987
vt 0.384460 0.307311
vt 0.384466 0.290662
vt 0.367821 0.282319
vt 0.376145 0.282328
vt 0.384470 0.282338
vt 0.392790 0.290671
vt 0.392788 0.298996
vt 0.392794 0.282347
vt 0.376148 0.274004
vt 0.384473 0.274013
vt 0.392797 0.274023
vt 0.384476 0.265689
vt 0.392800 0.265698
vt 0.376151 0.265679
vt 0.376155 0.257355
vt 0.384479 0.257364
vt 0.392803 0.257374
vt 0.367830 0.257346
vt 0.367827 0.265670
vt 0.367824 0.273995
vt 0.367833 0.249021
vt 0.376158 0.249031
vt 0.384482 0.249040
vt 0.367837 0.240697
vt 0.376161 0.240706
vt 0.384485 0.240715
vt 0.367840 0.232372
vt 0.376164 0.232382
vt 0.384488 0.232391
vt 0.359515 0.232363
vt 0.359512 0.240687
vt 0.351191 0.232354
vt 0.351188 0.240678
vt 0.359509 0.249012
vt 0.351185 0.249003
vt 0.359506 0.257336
vt 0.351182 0.257327
vt 0.342860 0.248993
vt 0.342857 0.257318
vt 0.342864 0.240669
vt 0.020445 0.185312
vt 0.044768 0.183539
vt 0.027190 0.201909
vt 0.044773 0.201105
vt 0.020456 0.222131
vt 0.044778 0.218671
vt 0.342867 0.232344
vt 0.058729 0.138455
vt 0.053658 0.150938
vt 0.351178 0.265651
vt 0.342854 0.265642
vt 0.359503 0.265661
vt 0.359500 0.273985
vt 0.351175 0.273976
vt 0.342851 0.273967
vt 0.359496 0.282310
vt 0.351172 0.282300
vt 0.342848 0.282291
vt 0.392813 0.232400
vt 0.392810 0.240725
vt 0.401137 0.232410
vt 0.401134 0.240734
vt 0.409462 0.232419
vt 0.409458 0.240743
vt 0.417786 0.232428
vt 0.417783 0.240753
vt 0.426110 0.232438
vt 0.426107 0.240762
vt 0.434435 0.232447
vt 0.434432 0.240771
vt 0.434438 0.224123
vt 0.434441 0.215798
vt 0.442762 0.224132
vt 0.442759 0.232456
vt 0.442766 0.215807
vt 0.434444 0.207474
vt 0.442769 0.207483
vt 0.434448 0.199149
vt 0.442772 0.199159
vt 0.238019 0.288868
vt 0.238006 0.307232
vt 0.255585 0.288861
vt 0.259799 0.314095
vt 0.451096 0.199168
vt 0.451093 0.207492
vt 0.273150 0.288855
vt 0.273137 0.307219
vt 0.290716 0.288849
vt 0.296617 0.314082
vt 0.459421 0.199177
vt 0.459417 0.207502
vt 0.290710 0.271283
vt 0.308258 0.272075
vt 0.315021 0.295666
vt 0.308269 0.307207
vt 0.248774 0.070101
vt 0.261638 0.054131
vt 0.270402 0.059326
vt 0.265471 0.065453
vt 0.240197 0.065425
vt 0.243947 0.059296
vt 0.244030 0.076747
vt 0.251262 0.080904
vt 0.229485 0.080879
vt 0.224658 0.070074
vt 0.233912 0.054100
vt 0.221207 0.076722
vt 0.207708 0.080855
vt 0.214923 0.065397
vt 0.217491 0.059267
vt 0.204669 0.088021
vt 0.212535 0.091660
vt 0.225041 0.088044
vt 0.197925 0.102443
vt 0.206474 0.102452
vt 0.215023 0.102462
vt 0.423033 0.181237
vt 0.423039 0.175738
vt 0.428177 0.175736
vt 0.428171 0.181235
vt 0.433315 0.175734
vt 0.433308 0.181233
vt 0.423038 0.170600
vt 0.428176 0.170598
vt 0.433313 0.170597
vt 0.438453 0.175733
vt 0.438446 0.181232
vt 0.438451 0.170595
vt 0.443582 0.176092
vt 0.443584 0.181230
vt 0.443581 0.170954
vt 0.438450 0.165457
vt 0.443579 0.165816
vt 0.433312 0.165459
vt 0.438448 0.160319
vt 0.443578 0.160678
vt 0.433311 0.160321
vt 0.428174 0.165460
vt 0.428173 0.160322
vt 0.423036 0.165462
vt 0.423035 0.160324
vt 0.428171 0.155184
vt 0.433309 0.155183
vt 0.423034 0.155186
vt 0.428170 0.150047
vt 0.433307 0.150045
vt 0.423032 0.150048
vt 0.428168 0.144909
vt 0.433306 0.144907
vt 0.423030 0.144910
vt 0.423029 0.139773
vt 0.428167 0.139771
vt 0.433304 0.139769
vt 0.438442 0.139767
vt 0.438444 0.144905
vt 0.438445 0.150043
vt 0.443574 0.145264
vt 0.443575 0.150402
vt 0.443572 0.140127
vt 0.232099 0.162327
vt 0.241666 0.159726
vt 0.245381 0.169553
vt 0.232096 0.170877
vt 0.232103 0.153778
vt 0.245389 0.149181
vt 0.251237 0.146235
vt 0.255411 0.156640
vt 0.251229 0.168012
vt 0.255402 0.179463
vt 0.241659 0.179164
vt 0.232093 0.179426
vt 0.251220 0.189790
vt 0.245373 0.189924
vt 0.232090 0.187976
vt 0.438441 0.134629
vt 0.443570 0.134989
vt 0.438439 0.129491
vt 0.443569 0.129851
vt 0.433303 0.134631
vt 0.433301 0.129493
vt 0.438438 0.124353
vt 0.443567 0.124713
vt 0.433300 0.124355
vt 0.428164 0.129495
vt 0.428162 0.124357
vt 0.428165 0.134633
vt 0.433299 0.119217
vt 0.438436 0.119216
vt 0.428161 0.119219
vt 0.423026 0.129497
vt 0.423024 0.124359
vt 0.423023 0.119221
vt 0.428159 0.114081
vt 0.433297 0.114079
vt 0.423022 0.114083
vt 0.428158 0.108943
vt 0.433296 0.108942
vt 0.423020 0.108945
vt 0.417885 0.119223
vt 0.417884 0.114085
vt 0.417882 0.108947
vt 0.417881 0.103809
vt 0.423019 0.103807
vt 0.428156 0.103805
vt 0.423009 0.099030
vt 0.428147 0.099029
vt 0.417871 0.099032
vt 0.433294 0.103804
vt 0.433285 0.099027
vt 0.206422 0.239244
vt 0.212476 0.247164
vt 0.204607 0.250993
vt 0.197872 0.239234
vt 0.214971 0.239253
vt 0.224978 0.251016
vt 0.229419 0.255097
vt 0.221138 0.259305
vt 0.207642 0.255072
vt 0.231914 0.247186
vt 0.243961 0.259331
vt 0.223521 0.239263
vt 0.245350 0.251039
vt 0.251196 0.255121
vt 0.232070 0.239273
vt 0.438432 0.103802
vt 0.438422 0.099025
vt 0.443560 0.099023
vt 0.443561 0.104161
vt 0.438433 0.108940
vt 0.443563 0.109299
vt 0.232073 0.230723
vt 0.241636 0.237478
vt 0.232077 0.222174
vt 0.245358 0.230667
vt 0.251204 0.233344
vt 0.255376 0.247932
vt 0.260763 0.250987
vt 0.265394 0.267648
vt 0.265403 0.242374
vt 0.275421 0.262090
vt 0.270321 0.270970
vt 0.270331 0.244514
vt 0.290644 0.042923
vt 0.296532 0.019527
vt 0.308187 0.026149
vt 0.314946 0.037930
vt 0.290649 0.060489
vt 0.308197 0.061281
vt 0.273079 0.042929
vt 0.273056 0.026161
vt 0.451055 0.307386
vt 0.459379 0.307395
vt 0.459376 0.315719
vt 0.451052 0.315710
vt 0.255513 0.042935
vt 0.259714 0.019540
vt 0.442731 0.307376
vt 0.442727 0.315701
vt 0.451058 0.299061
vt 0.459383 0.299070
vt 0.442734 0.299052
vt 0.451061 0.290737
vt 0.459386 0.290746
vt 0.442737 0.290727
vt 0.290655 0.078055
vt 0.314957 0.074750
vt 0.290660 0.095621
vt 0.308208 0.096413
vt 0.451064 0.282412
vt 0.459389 0.282422
vt 0.290665 0.113187
vt 0.314968 0.111569
vt 0.260781 0.202755
vt 0.275442 0.206638
vt 0.270341 0.218059
vt 0.265413 0.217099
vt 0.275432 0.234364
vt 0.260772 0.226871
vt 0.251212 0.211567
vt 0.255385 0.225109
vt 0.255393 0.202286
vt 0.265423 0.191825
vt 0.270351 0.191603
vt 0.260790 0.178638
vt 0.275453 0.178913
vt 0.265432 0.166551
vt 0.270362 0.165148
vt 0.290680 0.165886
vt 0.290675 0.148320
vt 0.314978 0.148388
vt 0.308228 0.166678
vt 0.290670 0.130754
vt 0.308218 0.131545
vt 0.451071 0.265763
vt 0.459395 0.265773
vt 0.459392 0.274097
vt 0.451068 0.274088
vt 0.451074 0.257439
vt 0.459398 0.257448
vt 0.451077 0.249115
vt 0.459401 0.249124
vt 0.290685 0.183452
vt 0.314989 0.185208
vt 0.451080 0.240790
vt 0.459405 0.240799
vt 0.290690 0.201018
vt 0.308238 0.201810
vt 0.442753 0.249105
vt 0.442750 0.257430
vt 0.442756 0.240781
vt 0.434428 0.249096
vt 0.434425 0.257420
vt 0.426104 0.249087
vt 0.426101 0.257411
vt 0.417780 0.249077
vt 0.417776 0.257402
vt 0.409455 0.249068
vt 0.409452 0.257392
vt 0.401131 0.249058
vt 0.401128 0.257383
vt 0.392807 0.249049
vt 0.401125 0.265707
vt 0.409449 0.265717
vt 0.409446 0.274041
vt 0.401121 0.274032
vt 0.409442 0.282366
vt 0.401118 0.282356
vt 0.409439 0.290690
vt 0.401115 0.290681
vt 0.417767 0.282375
vt 0.417764 0.290699
vt 0.417770 0.274051
vt 0.426091 0.282384
vt 0.426088 0.290709
vt 0.426095 0.274060
vt 0.417773 0.265726
vt 0.426098 0.265735
vt 0.434422 0.265745
vt 0.434419 0.274069
vt 0.442746 0.265754
vt 0.442743 0.274078
vt 0.442740 0.282403
vt 0.434416 0.282394
vt 0.434413 0.290718
vt 0.434409 0.299043
vt 0.426085 0.299033
vt 0.417761 0.299024
vt 0.426082 0.307358
vt 0.417757 0.307348
vt 0.434406 0.307367
vt 0.409436 0.299015
vt 0.409433 0.307339
vt 0.426079 0.315682
vt 0.417754 0.315673
vt 0.409430 0.315663
vt 0.202817 0.042954
vt 0.202794 0.026186
vt 0.222896 0.019553
vt 0.220382 0.042948
vt 0.185251 0.042960
vt 0.186078 0.019566
vt 0.237925 0.026174
vt 0.237948 0.042941
vt 0.434403 0.315691
vt 0.224584 0.263005
vt 0.233827 0.275907
vt 0.217411 0.270911
vt 0.214845 0.267592
vt 0.206102 0.275875
vt 0.200468 0.262978
vt 0.198315 0.259280
vt 0.190955 0.270881
vt 0.189571 0.267563
vt 0.185865 0.255048
vt 0.178376 0.275844
vt 0.176352 0.262951
vt 0.175492 0.259254
vt 0.164500 0.270851
vt 0.164297 0.267535
vt 0.164087 0.255024
vt 0.167686 0.042966
vt 0.167663 0.026198
vt 0.150650 0.275813
vt 0.152236 0.262924
vt 0.150120 0.042973
vt 0.149260 0.019579
vt 0.401109 0.307330
vt 0.401106 0.315654
vt 0.392784 0.307320
vt 0.392781 0.315645
vt 0.132555 0.042979
vt 0.132532 0.026211
vt 0.384457 0.315635
vt 0.114989 0.042985
vt 0.112442 0.019592
vt 0.376132 0.315626
vt 0.097424 0.042991
vt 0.097401 0.026223
vt 0.367808 0.315617
vt 0.079858 0.042997
vt 0.075624 0.019605
vt 0.359484 0.315607
vt 0.062293 0.043004
vt 0.062270 0.026235
vt 0.351159 0.315598
vt 0.342835 0.315589
vt 0.088474 0.267450
vt 0.085134 0.270762
vt 0.067474 0.275720
vt 0.079887 0.262843
vt 0.104004 0.262870
vt 0.095199 0.275751
vt 0.107024 0.259177
vt 0.113749 0.267478
vt 0.111589 0.270792
vt 0.120533 0.254975
vt 0.123122 0.250902
vt 0.115287 0.247055
vt 0.129477 0.239158
vt 0.120928 0.239148
vt 0.376779 0.103824
vt 0.376770 0.099047
vt 0.381907 0.099045
vt 0.381917 0.103822
vt 0.376781 0.108962
vt 0.381918 0.108960
vt 0.387045 0.099043
vt 0.387055 0.103820
vt 0.387056 0.108958
vt 0.392192 0.103818
vt 0.392194 0.108956
vt 0.392183 0.099041
vt 0.138027 0.239167
vt 0.134724 0.247077
vt 0.146576 0.239177
vt 0.143493 0.250924
vt 0.142310 0.254999
vt 0.129847 0.259203
vt 0.154162 0.247099
vt 0.152669 0.259228
vt 0.155126 0.239186
vt 0.163865 0.250947
vt 0.163675 0.239196
vt 0.397330 0.103816
vt 0.397320 0.099040
vt 0.402458 0.099038
vt 0.402468 0.103814
vt 0.397332 0.108954
vt 0.402469 0.108952
vt 0.407596 0.099036
vt 0.407605 0.103813
vt 0.407607 0.108951
vt 0.412743 0.103811
vt 0.412745 0.108949
vt 0.412734 0.099034
vt 0.407608 0.114088
vt 0.412746 0.114087
vt 0.407610 0.119226
vt 0.412748 0.119225
vt 0.402472 0.119228
vt 0.402471 0.114090
vt 0.397334 0.119230
vt 0.397333 0.114092
vt 0.392197 0.119232
vt 0.392195 0.114094
vt 0.387057 0.114096
vt 0.381920 0.114098
vt 0.376782 0.114099
vt 0.397336 0.124368
vt 0.397337 0.129506
vt 0.402474 0.124366
vt 0.402475 0.129504
vt 0.397339 0.134644
vt 0.402477 0.134642
vt 0.397340 0.139782
vt 0.402478 0.139780
vt 0.407614 0.134640
vt 0.407616 0.139778
vt 0.407613 0.129502
vt 0.412752 0.134638
vt 0.412754 0.139776
vt 0.412751 0.129500
vt 0.417890 0.134637
vt 0.417891 0.139774
vt 0.417888 0.129499
vt 0.423027 0.134635
vt 0.417887 0.124361
vt 0.417893 0.144912
vt 0.412749 0.124363
vt 0.407611 0.124364
vt 0.412755 0.144914
vt 0.417894 0.150050
vt 0.412757 0.150052
vt 0.407617 0.144916
vt 0.407619 0.150054
vt 0.402481 0.150056
vt 0.402480 0.144918
vt 0.397342 0.144920
vt 0.397343 0.150057
vt 0.392207 0.155197
vt 0.397345 0.155195
vt 0.402483 0.155194
vt 0.397346 0.160333
vt 0.402484 0.160332
vt 0.392209 0.160335
vt 0.392210 0.165473
vt 0.397348 0.165471
vt 0.387072 0.165475
vt 0.397349 0.170609
vt 0.402486 0.165469
vt 0.402487 0.170607
vt 0.407622 0.160330
vt 0.407623 0.165468
vt 0.407625 0.170606
vt 0.412761 0.165466
vt 0.412763 0.170604
vt 0.412760 0.160328
vt 0.417897 0.160326
vt 0.417899 0.165464
vt 0.417900 0.170602
vt 0.417896 0.155188
vt 0.412758 0.155190
vt 0.407620 0.155192
vt 0.417902 0.175740
vt 0.412764 0.175742
vt 0.417895 0.181239
vt 0.412757 0.181241
vt 0.407620 0.181242
vt 0.407626 0.175743
vt 0.402482 0.181244
vt 0.402488 0.175745
vt 0.397344 0.181246
vt 0.397351 0.175747
vt 0.155178 0.102395
vt 0.154222 0.091594
vt 0.163927 0.087976
vt 0.163727 0.102405
vt 0.152739 0.076645
vt 0.164154 0.080806
vt 0.175562 0.076670
vt 0.173660 0.091616
vt 0.172277 0.102414
vt 0.185931 0.080830
vt 0.184298 0.087998
vt 0.180826 0.102424
vt 0.198385 0.076696
vt 0.193097 0.091638
vt 0.189375 0.102433
vt 0.200542 0.070047
vt 0.189648 0.065368
vt 0.206186 0.054069
vt 0.191036 0.059237
vt 0.176425 0.070020
vt 0.178461 0.054037
vt 0.164374 0.065340
vt 0.164581 0.059207
vt 0.152309 0.069993
vt 0.150735 0.054006
vt 0.139100 0.065312
vt 0.138126 0.059178
vt 0.128193 0.069966
vt 0.123009 0.053975
vt 0.180774 0.239215
vt 0.184236 0.250970
vt 0.173600 0.247121
vt 0.172224 0.239205
vt 0.189323 0.239225
vt 0.193038 0.247142
vt 0.139023 0.267507
vt 0.138045 0.270822
vt 0.122925 0.275782
vt 0.128120 0.262897
vt 0.401112 0.299005
vt 0.240120 0.267620
vt 0.243866 0.270940
vt 0.248700 0.263032
vt 0.261553 0.275938
vt 0.451083 0.232466
vt 0.451087 0.224141
vt 0.459411 0.224151
vt 0.459408 0.232475
vt 0.290700 0.236151
vt 0.290695 0.218584
vt 0.314999 0.222027
vt 0.308248 0.236942
vt 0.451090 0.215817
vt 0.459414 0.215826
vt 0.290705 0.253717
vt 0.315010 0.258846
vt 0.260818 0.106289
vt 0.275485 0.095735
vt 0.270382 0.112237
vt 0.265452 0.116002
vt 0.275474 0.123461
vt 0.260809 0.130406
vt 0.251245 0.124458
vt 0.255420 0.133817
vt 0.255428 0.110994
vt 0.251254 0.102681
vt 0.265461 0.090728
vt 0.270392 0.085781
vt 0.260827 0.082173
vt 0.275495 0.068009
vt 0.255437 0.088171
vt 0.245412 0.088067
vt 0.241688 0.101411
vt 0.245404 0.108438
vt 0.232119 0.111031
vt 0.232116 0.119580
vt 0.232122 0.102481
vt 0.223573 0.102472
vt 0.231973 0.091682
vt 0.241681 0.120850
vt 0.232112 0.128130
vt 0.245396 0.128810
vt 0.232109 0.136679
vt 0.241674 0.140288
vt 0.232106 0.145229
vt 0.438447 0.155181
vt 0.443576 0.155540
vt 0.265442 0.141276
vt 0.260800 0.154522
vt 0.270372 0.138692
vt 0.275463 0.151187
vt 0.241651 0.198602
vt 0.245365 0.210296
vt 0.232086 0.196525
vt 0.232083 0.205075
vt 0.443566 0.119575
vt 0.241644 0.218040
vt 0.232080 0.213624
vt 0.438435 0.114078
vt 0.443564 0.114437
vt 0.072803 0.224904
vt 0.371653 0.144929
vt 0.342879 0.199047
s 1
usemtl Material.001
f 3269/3582/2744 3271/3583/2746 3312/3584/2770 3270/3585/2745
f 3269/3586/2744 3272/3587/2747 3274/3588/2749 3270/3589/2745
f 3272/3590/2747 3275/3591/2750 3271/3583/2746 3269/3582/2744
f 3273/3592/2748 3277/3593/2752 3275/3591/2750 3272/3590/2747
f 3272/3587/2747 3273/3594/2748 3285/3595/2757 3274/3588/2749
f 3277/3593/2752 3278/3596/2751 3276/3597/2751 3275/3591/2750
f 3275/3591/2750 3276/3597/2751 3315/3598/2772 3271/3583/2746
f 3279/3599/2753 3280/3600/2751 3278/3596/2751 3277/3593/2752
f 3282/3601/2755 3279/3599/2753 3277/3593/2752 3273/3592/2748
f 3281/3602/2754 3383/3603/2751 3280/3600/2751 3279/3599/2753
f 3283/3604/2756 3281/3602/2754 3279/3599/2753 3282/3601/2755
f 3282/3605/2755 3283/3606/2756 3286/3607/2757 3284/3608/2757
f 3273/3594/2748 3282/3605/2755 3284/3608/2757 3285/3595/2757
f 3285/3595/2757 3284/3608/2757 3287/3609/2758 3290/3610/2758
f 3284/3608/2757 3286/3607/2757 3288/3611/2758 3287/3609/2758
f 3287/3609/2758 3288/3611/2758 3404/3612/2758 3289/3613/2758
f 3290/3610/2758 3287/3609/2758 3289/3613/2758 3292/3614/2758
f 3274/3588/2749 3285/3595/2757 3290/3610/2758 3291/3615/2759
f 3291/3615/2759 3290/3610/2758 3292/3614/2758 3294/3616/2759
f 3292/3614/2758 3289/3613/2758 3926/3617/2758 3293/3618/2758
f 3294/3616/2759 3292/3614/2758 3293/3618/2758 3296/3619/2759
f 3295/3620/2760 3294/3616/2759 3296/3619/2759 3297/3621/2761
f 3313/3622/2771 3291/3615/2759 3294/3616/2759 3295/3620/2760
f 3297/3621/2761 3296/3619/2759 3298/3623/2759 3301/3624/2762
f 3296/3619/2759 3293/3618/2758 3299/3625/2758 3298/3623/2759
f 3298/3623/2759 3299/3625/2758 3927/3626/2758 3300/3627/2759
f 3301/3624/2762 3298/3623/2759 3300/3627/2759 3302/3628/2763
f 3297/3629/2761 3306/3630/2767 3303/3631/2764 3301/3632/2762
f 3301/3632/2762 3303/3631/2764 3305/3633/2766 3302/3634/2763
f 3306/3630/2767 3307/3635/2765 3304/3636/2765 3303/3631/2764
f 3303/3631/2764 3304/3636/2765 3973/3637/2765 3305/3633/2766
f 3308/3638/2768 3309/3639/2765 3307/3635/2765 3306/3630/2767
f 3295/3640/2760 3308/3638/2768 3306/3630/2767 3297/3629/2761
f 3310/3641/2769 3311/3642/2765 3309/3639/2765 3308/3638/2768
f 3313/3643/2771 3310/3641/2769 3308/3638/2768 3295/3640/2760
f 3312/3584/2770 3314/3644/2765 3311/3642/2765 3310/3641/2769
f 3270/3585/2745 3312/3584/2770 3310/3641/2769 3313/3643/2771
f 3270/3589/2745 3274/3588/2749 3291/3615/2759 3313/3622/2771
f 3271/3583/2746 3315/3598/2772 3314/3644/2765 3312/3584/2770
f 3315/3598/2772 3317/3645/2773 3316/3646/2765 3314/3644/2765
f 3314/3644/2765 3316/3646/2765 3318/3647/2765 3311/3642/2765
f 3317/3645/2773 3320/3648/2775 3319/3649/2774 3316/3646/2765
f 3316/3646/2765 3319/3649/2774 3322/3650/2777 3318/3647/2765
f 3320/3651/2775 3381/3652/2800 3321/3653/2776 3319/3654/2774
f 3319/3654/2774 3321/3653/2776 3323/3655/2778 3322/3656/2777
f 3318/3647/2765 3322/3650/2777 3324/3657/2779 3326/3658/2765
f 3322/3656/2777 3323/3655/2778 3327/3659/2781 3324/3660/2779
f 3324/3660/2779 3327/3659/2781 3329/3661/2783 3325/3662/2780
f 3326/3658/2765 3324/3657/2779 3325/3663/2780 3975/3664/2765
f 3323/3665/2778 3327/3666/2781 3328/3667/2782 3370/3668/2782
f 3327/3666/2781 3329/3669/2783 3330/3670/2782 3328/3667/2782
f 3325/3662/2780 3329/3661/2783 3331/3671/2784 3332/3672/2785
f 3329/3669/2783 3331/3673/2784 3333/3674/2782 3330/3670/2782
f 3332/3672/2785 3331/3671/2784 3334/3675/2786 3335/3676/2787
f 3331/3673/2784 3334/3677/2786 3336/3678/2782 3333/3674/2782
f 3335/3676/2787 3334/3675/2786 3337/3679/2784 3339/3680/2788
f 3334/3677/2786 3337/3681/2784 3338/3682/2782 3336/3678/2782
f 3337/3681/2784 3340/3683/2789 3342/3684/2782 3338/3682/2782
f 3339/3680/2788 3337/3679/2784 3340/3685/2789 3341/3686/2790
f 3341/3686/2790 3340/3685/2789 3343/3687/2784 3345/3688/2791
f 3340/3683/2789 3343/3689/2784 3344/3690/2782 3342/3684/2782
f 3343/3689/2784 3346/3691/2792 3349/3692/2782 3344/3690/2782
f 3345/3688/2791 3343/3687/2784 3346/3693/2792 3347/3694/2793
f 3347/3694/2793 3346/3693/2792 3348/3695/2784 3967/3696/2980
f 3346/3691/2792 3348/3697/2784 3350/3698/2782 3349/3692/2782
f 3349/3692/2782 3350/3698/2782 3353/3699/2782 3351/3700/2782
f 3344/3690/2782 3349/3692/2782 3351/3700/2782 3354/3701/2782
f 3351/3700/2782 3353/3699/2782 3570/3702/2782 3352/3703/2782
f 3354/3701/2782 3351/3700/2782 3352/3703/2782 3355/3704/2782
f 3356/3705/2782 3354/3701/2782 3355/3704/2782 3357/3706/2782
f 3342/3684/2782 3344/3690/2782 3354/3701/2782 3356/3705/2782
f 3358/3707/2782 3356/3705/2782 3357/3706/2782 3359/3708/2782
f 3338/3682/2782 3342/3684/2782 3356/3705/2782 3358/3707/2782
f 3360/3709/2782 3358/3707/2782 3359/3708/2782 3361/3710/2782
f 3336/3678/2782 3338/3682/2782 3358/3707/2782 3360/3709/2782
f 3362/3711/2782 3360/3709/2782 3361/3710/2782 3363/3712/2782
f 3333/3674/2782 3336/3678/2782 3360/3709/2782 3362/3711/2782
f 3364/3713/2782 3362/3711/2782 3363/3712/2782 3365/3714/2782
f 3330/3670/2782 3333/3674/2782 3362/3711/2782 3364/3713/2782
f 3366/3715/2782 3364/3713/2782 3365/3714/2782 3367/3716/2782
f 3328/3667/2782 3330/3670/2782 3364/3713/2782 3366/3715/2782
f 3368/3717/2782 3366/3715/2782 3367/3716/2782 3369/3718/2782
f 3370/3668/2782 3328/3667/2782 3366/3715/2782 3368/3717/2782
f 3371/3719/2794 3368/3717/2782 3369/3718/2782 3372/3720/2795
f 3373/3721/2796 3370/3668/2782 3368/3717/2782 3371/3719/2794
f 3374/3722/2797 3375/3723/2798 3372/3724/2795 3371/3725/2794
f 3376/3726/2799 3374/3722/2797 3371/3725/2794 3373/3727/2796
f 3378/3728/2751 3375/3729/2798 3374/3730/2797 3377/3731/2751
f 3377/3731/2751 3374/3730/2797 3376/3732/2799 3379/3733/2751
f 3383/3603/2751 3378/3728/2751 3377/3731/2751 3280/3600/2751
f 3280/3600/2751 3377/3731/2751 3379/3733/2751 3278/3596/2751
f 3278/3596/2751 3379/3733/2751 3380/3734/2751 3276/3597/2751
f 3379/3733/2751 3376/3732/2799 3381/3735/2800 3380/3734/2751
f 3276/3597/2751 3380/3734/2751 3317/3645/2773 3315/3598/2772
f 3380/3734/2751 3381/3735/2800 3320/3648/2775 3317/3645/2773
f 3381/3652/2800 3376/3726/2799 3373/3727/2796 3321/3653/2776
f 3384/3736/2751 3382/3737/2751 3378/3728/2751 3383/3603/2751
f 3382/3737/2751 3550/3738/2855 3375/3729/2798 3378/3728/2751
f 3385/3739/2801 3384/3736/2751 3383/3603/2751 3281/3602/2754
f 3388/3740/2802 3386/3741/2751 3384/3736/2751 3385/3739/2801
f 3386/3741/2751 3387/3742/2751 3382/3737/2751 3384/3736/2751
f 3389/3743/2751 3391/3744/2751 3387/3742/2751 3386/3741/2751
f 3392/3745/2803 3389/3743/2751 3386/3741/2751 3388/3740/2802
f 3393/3746/2804 3390/3747/2751 3389/3743/2751 3392/3745/2803
f 3390/3747/2751 3447/3748/2751 3391/3744/2751 3389/3743/2751
f 3394/3749/2805 3392/3745/2803 3388/3740/2802 3397/3750/2807
f 3395/3751/2806 3393/3746/2804 3392/3745/2803 3394/3749/2805
f 3394/3752/2805 3395/3753/2806 3439/3754/2757 3396/3755/2757
f 3397/3756/2807 3394/3752/2805 3396/3755/2757 3398/3757/2757
f 3399/3758/2808 3397/3756/2807 3398/3757/2757 3400/3759/2757
f 3397/3750/2807 3388/3740/2802 3385/3739/2801 3399/3760/2808
f 3399/3760/2808 3385/3739/2801 3281/3602/2754 3283/3604/2756
f 3283/3606/2756 3399/3758/2808 3400/3759/2757 3286/3607/2757
f 3286/3607/2757 3400/3759/2757 3401/3761/2758 3288/3611/2758
f 3400/3759/2757 3398/3757/2757 3402/3762/2758 3401/3761/2758
f 3288/3611/2758 3401/3761/2758 3403/3763/2758 3404/3612/2758
f 3401/3761/2758 3402/3762/2758 3405/3764/2758 3403/3763/2758
f 3404/3612/2758 3403/3763/2758 3406/3765/2758 3407/3766/2758
f 3403/3763/2758 3405/3764/2758 3409/3767/2758 3406/3765/2758
f 3407/3766/2758 3406/3765/2758 3408/3768/2758 3924/3769/2758
f 3406/3765/2758 3409/3767/2758 3410/3770/2758 3408/3768/2758
f 3405/3764/2758 3413/3771/2758 3411/3772/2758 3409/3767/2758
f 3409/3767/2758 3411/3772/2758 3414/3773/2758 3410/3770/2758
f 3411/3772/2758 3412/3774/2758 3416/3775/2758 3414/3773/2758
f 3413/3771/2758 4037/3776/2758 3412/3774/2758 3411/3772/2758
f 3410/3770/2758 3414/3773/2758 3415/3777/2758 3917/3778/2758
f 3414/3773/2758 3416/3775/2758 3417/3779/2758 3415/3777/2758
f 3416/3775/2758 3418/3780/2758 3420/3781/2758 3417/3779/2758
f 3412/3774/2758 3419/3782/2758 3418/3780/2758 3416/3775/2758
f 3419/3782/2758 3424/3783/2758 3421/3784/2758 3418/3780/2758
f 3418/3780/2758 3421/3784/2758 3422/3785/2758 3420/3781/2758
f 3421/3784/2758 3423/3786/2758 3881/3787/2758 3422/3785/2758
f 3424/3783/2758 3426/3788/2758 3423/3786/2758 3421/3784/2758
f 3425/3789/2758 3428/3790/2758 3426/3788/2758 3424/3783/2758
f 3437/3791/2758 3425/3789/2758 3424/3783/2758 3419/3782/2758
f 3426/3788/2758 3427/3792/2758 3878/3793/2758 3423/3786/2758
f 3428/3790/2758 3429/3794/2758 3427/3792/2758 3426/3788/2758
f 3430/3795/2758 3431/3796/2758 3429/3794/2758 3428/3790/2758
f 3433/3797/2758 3430/3795/2758 3428/3790/2758 3425/3789/2758
f 3432/3798/2757 3466/3799/2757 3431/3796/2758 3430/3795/2758
f 3434/3800/2757 3432/3798/2757 3430/3795/2758 3433/3797/2758
f 3438/3801/2757 3434/3800/2757 3433/3797/2758 3435/3802/2758
f 3435/3802/2758 3433/3797/2758 3425/3789/2758 3437/3791/2758
f 3439/3754/2757 3438/3801/2757 3435/3802/2758 3436/3803/2758
f 3436/3803/2758 3435/3802/2758 3437/3791/2758 4037/3776/2758
f 3395/3753/2806 3440/3804/2809 3438/3801/2757 3439/3754/2757
f 3440/3804/2809 3441/3805/2810 3434/3800/2757 3438/3801/2757
f 3440/3806/2809 3442/3807/2811 3393/3746/2804 3395/3751/2806
f 3441/3808/2810 3443/3809/2812 3442/3807/2811 3440/3806/2809
f 3443/3809/2812 3445/3810/2751 3444/3811/2751 3442/3807/2811
f 3442/3807/2811 3444/3811/2751 3390/3747/2751 3393/3746/2804
f 3444/3811/2751 3446/3812/2751 3447/3748/2751 3390/3747/2751
f 3445/3810/2751 3448/3813/2751 3446/3812/2751 3444/3811/2751
f 3446/3812/2751 3449/3814/2813 3450/3815/2814 3447/3748/2751
f 3448/3813/2751 3452/3816/2816 3449/3814/2813 3446/3812/2751
f 3450/3817/2814 3449/3818/2813 3451/3819/2815 3545/3820/2850
f 3449/3818/2813 3452/3821/2816 3453/3822/2817 3451/3819/2815
f 3452/3821/2816 3454/3823/2818 3456/3824/2820 3453/3822/2817
f 3457/3825/2751 3454/3826/2818 3452/3816/2816 3448/3813/2751
f 3458/3827/2751 3455/3828/2819 3454/3826/2818 3457/3825/2751
f 3454/3823/2818 3455/3829/2819 3498/3830/2848 3456/3824/2820
f 3460/3831/2751 3458/3827/2751 3457/3825/2751 3459/3832/2751
f 3459/3832/2751 3457/3825/2751 3448/3813/2751 3445/3810/2751
f 3462/3833/2822 3460/3831/2751 3459/3832/2751 3461/3834/2821
f 3461/3834/2821 3459/3832/2751 3445/3810/2751 3443/3809/2812
f 3464/3835/2824 3462/3833/2822 3461/3834/2821 3463/3836/2823
f 3463/3836/2823 3461/3834/2821 3443/3809/2812 3441/3808/2810
f 3463/3837/2823 3464/3838/2824 3466/3799/2757 3432/3798/2757
f 3441/3805/2810 3463/3837/2823 3432/3798/2757 3434/3800/2757
f 3465/3839/2825 4036/3840/3010 3462/3833/2822 3464/3835/2824
f 3464/3838/2824 3465/3841/2825 3467/3842/2757 3466/3799/2757
f 3466/3799/2757 3467/3842/2757 3468/3843/2758 3431/3796/2758
f 3467/3842/2757 3469/3844/2757 3470/3845/2758 3468/3843/2758
f 3465/3841/2825 3471/3846/2826 3469/3844/2757 3467/3842/2757
f 3469/3844/2757 3472/3847/2827 3473/3848/2828 3470/3845/2758
f 3471/3846/2826 3474/3849/2829 3472/3847/2827 3469/3844/2757
f 3472/3847/2827 3475/3850/2830 3477/3851/2832 3473/3848/2828
f 3474/3849/2829 3476/3852/2831 3475/3850/2830 3472/3847/2827
f 3475/3853/2830 3478/3854/2833 3481/3855/2836 3476/3856/2831
f 3477/3857/2832 3480/3858/2835 3478/3854/2833 3475/3853/2830
f 3480/3858/2835 3829/3859/2834 3479/3860/2834 3478/3854/2833
f 3478/3854/2833 3479/3860/2834 3482/3861/2837 3481/3855/2836
f 3476/3856/2831 3481/3855/2836 3483/3862/2838 3474/3863/2829
f 3481/3855/2836 3482/3861/2837 3485/3864/2751 3483/3862/2838
f 3474/3863/2829 3483/3862/2838 3484/3865/2839 3471/3866/2826
f 3483/3862/2838 3485/3864/2751 3486/3867/2751 3484/3865/2839
f 3482/3861/2837 3488/3868/2840 3487/3869/2751 3485/3864/2751
f 3485/3864/2751 3487/3869/2751 3489/3870/2751 3486/3867/2751
f 3488/3868/2840 3491/3871/2842 3490/3872/2841 3487/3869/2751
f 3487/3869/2751 3490/3872/2841 3493/3873/2844 3489/3870/2751
f 3490/3874/2841 3491/3875/2842 3827/3876/2955 3492/3877/2843
f 3493/3878/2844 3490/3874/2841 3492/3877/2843 3494/3879/2845
f 3495/3880/2846 3493/3878/2844 3494/3879/2845 3497/3881/2847
f 3489/3870/2751 3493/3873/2844 3495/3882/2846 3496/3883/2751
f 3455/3829/2819 3495/3880/2846 3497/3881/2847 3498/3830/2848
f 3496/3883/2751 3495/3882/2846 3455/3828/2819 3458/3827/2751
f 3497/3884/2847 3499/3885/2782 3501/3886/2782 3494/3887/2845
f 3498/3888/2848 3500/3889/2782 3499/3885/2782 3497/3884/2847
f 3500/3889/2782 3504/3890/2782 3502/3891/2782 3499/3885/2782
f 3499/3885/2782 3502/3891/2782 3503/3892/2782 3501/3886/2782
f 3502/3891/2782 3505/3893/2782 3507/3894/2782 3503/3892/2782
f 3504/3890/2782 3506/3895/2782 3505/3893/2782 3502/3891/2782
f 3506/3895/2782 3511/3896/2782 3508/3897/2782 3505/3893/2782
f 3505/3893/2782 3508/3897/2782 3509/3898/2782 3507/3894/2782
f 3508/3897/2782 3510/3899/2782 3818/3900/2782 3509/3898/2782
f 3511/3896/2782 3513/3901/2782 3510/3899/2782 3508/3897/2782
f 3557/3902/2782 3512/3903/2782 3511/3896/2782 3506/3895/2782
f 3512/3903/2782 3515/3904/2782 3513/3901/2782 3511/3896/2782
f 3513/3901/2782 3514/3905/2782 3984/3906/2782 3510/3899/2782
f 3515/3904/2782 3516/3907/2782 3514/3905/2782 3513/3901/2782
f 3519/3908/2782 3517/3909/2782 3515/3904/2782 3512/3903/2782
f 3517/3909/2782 3518/3910/2782 3516/3907/2782 3515/3904/2782
f 3520/3911/2782 3522/3912/2782 3518/3910/2782 3517/3909/2782
f 3523/3913/2782 3520/3911/2782 3517/3909/2782 3519/3908/2782
f 3525/3914/2782 3521/3915/2782 3520/3911/2782 3523/3913/2782
f 3521/3915/2782 3755/3916/2782 3522/3912/2782 3520/3911/2782
f 3526/3917/2782 3525/3914/2782 3523/3913/2782 3524/3918/2782
f 3524/3918/2782 3523/3913/2782 3519/3908/2782 3558/3919/2782
f 3528/3920/2782 3527/3921/2782 3525/3914/2782 3526/3917/2782
f 3527/3921/2782 3529/3922/2782 3521/3915/2782 3525/3914/2782
f 3531/3923/2782 3530/3924/2782 3527/3921/2782 3528/3920/2782
f 3530/3924/2782 3532/3925/2782 3529/3922/2782 3527/3921/2782
f 3535/3926/2782 3533/3927/2782 3530/3924/2782 3531/3923/2782
f 3533/3927/2782 3534/3928/2782 3532/3925/2782 3530/3924/2782
f 3363/3712/2782 3361/3710/2782 3534/3928/2782 3533/3927/2782
f 3365/3714/2782 3363/3712/2782 3533/3927/2782 3535/3926/2782
f 3367/3716/2782 3365/3714/2782 3535/3926/2782 3536/3929/2782
f 3536/3929/2782 3535/3926/2782 3531/3923/2782 3538/3930/2782
f 3369/3718/2782 3367/3716/2782 3536/3929/2782 3537/3931/2782
f 3537/3931/2782 3536/3929/2782 3538/3930/2782 3539/3932/2782
f 3539/3932/2782 3538/3930/2782 3540/3933/2782 3542/3934/2782
f 3538/3930/2782 3531/3923/2782 3528/3920/2782 3540/3933/2782
f 3542/3934/2782 3540/3933/2782 3541/3935/2782 3543/3936/2782
f 3540/3933/2782 3528/3920/2782 3526/3917/2782 3541/3935/2782
f 3544/3937/2849 3542/3934/2782 3543/3936/2782 3545/3938/2850
f 3547/3939/2852 3539/3932/2782 3542/3934/2782 3544/3937/2849
f 3546/3940/2851 3450/3817/2814 3545/3820/2850 3544/3941/2849
f 3548/3942/2853 3546/3940/2851 3544/3941/2849 3547/3943/2852
f 3550/3944/2855 3548/3942/2853 3547/3943/2852 3549/3945/2854
f 3549/3946/2854 3537/3931/2782 3539/3932/2782 3547/3939/2852
f 3372/3720/2795 3369/3718/2782 3537/3931/2782 3549/3946/2854
f 3375/3723/2798 3550/3944/2855 3549/3945/2854 3372/3724/2795
f 3387/3742/2751 3548/3947/2853 3550/3738/2855 3382/3737/2751
f 3391/3744/2751 3546/3948/2851 3548/3947/2853 3387/3742/2751
f 3447/3748/2751 3450/3815/2814 3546/3948/2851 3391/3744/2751
f 3545/3938/2850 3543/3936/2782 3551/3949/2782 3451/3950/2815
f 3543/3936/2782 3541/3935/2782 3552/3951/2782 3551/3949/2782
f 3551/3949/2782 3552/3951/2782 3554/3952/2782 3553/3953/2782
f 3451/3950/2815 3551/3949/2782 3553/3953/2782 3453/3954/2817
f 3553/3953/2782 3554/3952/2782 3556/3955/2782 3555/3956/2782
f 3453/3954/2817 3553/3953/2782 3555/3956/2782 3456/3957/2820
f 3555/3956/2782 3556/3955/2782 3504/3890/2782 3500/3889/2782
f 3456/3957/2820 3555/3956/2782 3500/3889/2782 3498/3888/2848
f 3556/3955/2782 3557/3902/2782 3506/3895/2782 3504/3890/2782
f 3554/3952/2782 3558/3919/2782 3557/3902/2782 3556/3955/2782
f 3558/3919/2782 3519/3908/2782 3512/3903/2782 3557/3902/2782
f 3552/3951/2782 3524/3918/2782 3558/3919/2782 3554/3952/2782
f 3541/3935/2782 3526/3917/2782 3524/3918/2782 3552/3951/2782
f 3361/3710/2782 3359/3708/2782 3559/3958/2782 3534/3928/2782
f 3534/3928/2782 3559/3958/2782 3560/3959/2782 3532/3925/2782
f 3559/3958/2782 3561/3960/2782 3562/3961/2782 3560/3959/2782
f 3359/3708/2782 3357/3706/2782 3561/3960/2782 3559/3958/2782
f 3357/3706/2782 3355/3704/2782 3563/3962/2782 3561/3960/2782
f 3561/3960/2782 3563/3962/2782 3564/3963/2782 3562/3961/2782
f 3563/3962/2782 3565/3964/2782 3566/3965/2782 3564/3963/2782
f 3355/3704/2782 3352/3703/2782 3565/3964/2782 3563/3962/2782
f 3352/3703/2782 3570/3702/2782 3567/3966/2782 3565/3964/2782
f 3565/3964/2782 3567/3966/2782 3568/3967/2782 3566/3965/2782
f 3567/3966/2782 3569/3968/2782 3746/3969/2782 3568/3967/2782
f 3570/3702/2782 3571/3970/2782 3569/3968/2782 3567/3966/2782
f 3353/3699/2782 3573/3971/2782 3571/3970/2782 3570/3702/2782
f 3571/3970/2782 3572/3972/2782 3988/3973/2782 3569/3968/2782
f 3573/3971/2782 3574/3974/2782 3572/3972/2782 3571/3970/2782
f 3350/3698/2782 3575/3975/2782 3573/3971/2782 3353/3699/2782
f 3575/3975/2782 3576/3976/2782 3574/3974/2782 3573/3971/2782
f 3577/3977/2856 3579/3978/2858 3576/3976/2782 3575/3975/2782
f 3348/3697/2784 3577/3977/2856 3575/3975/2782 3350/3698/2782
f 3967/3696/2980 3348/3695/2784 3577/3979/2856 3578/3980/2857
f 3578/3980/2857 3577/3979/2856 3579/3981/2858 3580/3982/2859
f 3579/3978/2858 3581/3983/2860 3583/3984/2782 3576/3976/2782
f 3580/3982/2859 3579/3981/2858 3581/3985/2860 3582/3986/2861
f 3582/3986/2861 3581/3985/2860 3584/3987/2862 3587/3988/2865
f 3581/3983/2860 3584/3989/2862 3585/3990/2863 3583/3984/2782
f 3584/3987/2862 3585/3991/2863 4003/3992/2991 3586/3993/2864
f 3587/3988/2865 3584/3987/2862 3586/3993/2864 3588/3994/2866
f 3589/3995/2765 3587/3996/2865 3588/3997/2866 3590/3998/2867
f 3592/3999/2765 3582/4000/2861 3587/3996/2865 3589/3995/2765
f 3591/4001/2765 3589/3995/2765 3590/3998/2867 4007/4002/2992
f 3593/4003/2765 3592/3999/2765 3589/3995/2765 3591/4001/2765
f 3594/4004/2765 3580/4005/2859 3582/4000/2861 3592/3999/2765
f 3596/4006/2765 3594/4004/2765 3592/3999/2765 3593/4003/2765
f 3597/4007/2765 3595/4008/2765 3594/4004/2765 3596/4006/2765
f 3595/4008/2765 3578/4009/2857 3580/4005/2859 3594/4004/2765
f 3599/4010/2869 3597/4007/2765 3596/4006/2765 3598/4011/2868
f 3598/4011/2868 3596/4006/2765 3593/4003/2765 3600/4012/2870
f 3602/4013/2872 3599/4010/2869 3598/4011/2868 3601/4014/2871
f 3601/4014/2871 3598/4011/2868 3600/4012/2870 3603/4015/2873
f 3602/4016/2872 3606/4017/2759 3604/4018/2759 3601/4019/2871
f 3601/4019/2871 3604/4018/2759 3607/4020/2759 3603/4021/2873
f 3606/4017/2759 3945/4022/2758 3605/4023/2758 3604/4018/2759
f 3604/4018/2759 3605/4023/2758 3608/4024/2758 3607/4020/2759
f 3603/4021/2873 3607/4020/2759 3609/4025/2874 3610/4026/2875
f 3607/4020/2759 3608/4024/2758 3612/4027/2877 3609/4025/2874
f 3610/4026/2875 3609/4025/2874 3611/4028/2876 4011/4029/2996
f 3609/4025/2874 3612/4027/2877 3613/4030/2878 3611/4028/2876
f 3612/4027/2877 3614/4031/2877 3615/4032/2879 3613/4030/2878
f 3608/4024/2758 3617/4033/2758 3614/4031/2877 3612/4027/2877
f 3614/4031/2877 3616/4034/2877 4016/4035/3001 3615/4032/2879
f 3617/4033/2758 3618/4036/2758 3616/4034/2877 3614/4031/2877
f 3619/4037/2758 3621/4038/2758 3618/4036/2758 3617/4033/2758
f 3605/4023/2758 3619/4037/2758 3617/4033/2758 3608/4024/2758
f 3945/4022/2758 3620/4039/2758 3619/4037/2758 3605/4023/2758
f 3620/4039/2758 3622/4040/2758 3621/4038/2758 3619/4037/2758
f 3621/4038/2758 3623/4041/2758 3624/4042/2758 3618/4036/2758
f 3622/4040/2758 3625/4043/2758 3623/4041/2758 3621/4038/2758
f 3623/4041/2758 3626/4044/2758 3627/4045/2758 3624/4042/2758
f 3625/4043/2758 3628/4046/2758 3626/4044/2758 3623/4041/2758
f 3626/4044/2758 3629/4047/2758 3632/4048/2758 3627/4045/2758
f 3628/4046/2758 3631/4049/2758 3629/4047/2758 3626/4044/2758
f 3631/4049/2758 3900/4050/2758 3630/4051/2758 3629/4047/2758
f 3629/4047/2758 3630/4051/2758 3633/4052/2758 3632/4048/2758
f 3632/4048/2758 3633/4052/2758 3636/4053/2877 3634/4054/2877
f 3627/4045/2758 3632/4048/2758 3634/4054/2877 3635/4055/2877
f 3635/4055/2877 3634/4054/2877 3637/4056/2880 3639/4057/2882
f 3634/4054/2877 3636/4053/2877 3638/4058/2881 3637/4056/2880
f 3637/4059/2880 3640/4060/2883 3643/4061/2886 3638/4062/2881
f 3639/4063/2882 3642/4064/2885 3640/4060/2883 3637/4059/2880
f 3642/4064/2885 4020/4065/2884 3641/4066/2884 3640/4060/2883
f 3640/4060/2883 3641/4066/2884 3644/4067/2884 3643/4061/2886
f 3643/4061/2886 3644/4067/2884 3646/4068/2884 3645/4069/2887
f 3638/4062/2881 3643/4061/2886 3645/4069/2887 3648/4070/2889
f 3645/4069/2887 3646/4068/2884 3725/4071/2884 3647/4072/2888
f 3648/4070/2889 3645/4069/2887 3647/4072/2888 3649/4073/2890
f 3636/4053/2877 3650/4074/2877 3648/4075/2889 3638/4058/2881
f 3650/4074/2877 3652/4076/2877 3649/4077/2890 3648/4075/2889
f 3633/4052/2758 3651/4078/2758 3650/4074/2877 3636/4053/2877
f 3651/4078/2758 3654/4079/2758 3652/4076/2877 3650/4074/2877
f 3652/4076/2877 3653/4080/2877 4027/4081/3006 3649/4077/2890
f 3654/4079/2758 3656/4082/2758 3653/4080/2877 3652/4076/2877
f 3655/4083/2758 3658/4084/2758 3656/4082/2758 3654/4079/2758
f 3902/4085/2758 3655/4083/2758 3654/4079/2758 3651/4078/2758
f 3656/4082/2758 3657/4086/2758 4030/4087/2877 3653/4080/2877
f 3658/4084/2758 3660/4088/2758 3657/4086/2758 3656/4082/2758
f 3901/4089/2758 3659/4090/2758 3658/4084/2758 3655/4083/2758
f 3659/4090/2758 3661/4091/2758 3660/4088/2758 3658/4084/2758
f 3660/4088/2758 3662/4092/2758 3663/4093/2758 3657/4086/2758
f 3661/4091/2758 3665/4094/2758 3662/4092/2758 3660/4088/2758
f 3662/4092/2758 3664/4095/2758 4034/4096/2758 3663/4093/2758
f 3665/4094/2758 3667/4097/2758 3664/4095/2758 3662/4092/2758
f 3904/4098/2758 3666/4099/2758 3665/4094/2758 3661/4091/2758
f 3666/4099/2758 3668/4100/2758 3667/4097/2758 3665/4094/2758
f 3668/4100/2758 3671/4101/2828 3669/4102/2828 3667/4097/2758
f 3667/4097/2758 3669/4102/2828 3672/4103/2828 3664/4095/2758
f 3669/4102/2828 3670/4104/2891 3674/4105/2892 3672/4103/2828
f 3671/4101/2828 3976/4106/2981 3670/4104/2891 3669/4102/2828
f 3664/4095/2758 3672/4103/2828 3673/4107/2828 4034/4096/2758
f 3672/4103/2828 3674/4105/2892 3675/4108/2893 3673/4107/2828
f 3674/4109/2892 3676/4110/2894 3678/4111/2895 3670/4112/2891
f 3675/4113/2893 3679/4114/2896 3676/4110/2894 3674/4109/2892
f 3679/4114/2896 3680/4115/2834 3677/4116/2834 3676/4110/2894
f 3676/4110/2894 3677/4116/2834 3799/4117/2834 3678/4111/2895
f 3681/4118/2897 3682/4119/2834 3680/4115/2834 3679/4114/2896
f 3684/4120/2899 3681/4118/2897 3679/4114/2896 3675/4113/2893
f 3683/4121/2898 3693/4122/2906 3682/4119/2834 3681/4118/2897
f 3685/4123/2900 3683/4121/2898 3681/4118/2897 3684/4120/2899
f 3686/4124/2901 3684/4125/2899 3685/4126/2900 3688/4127/2902
f 3673/4107/2828 3675/4108/2893 3684/4125/2899 3686/4124/2901
f 4034/4096/2758 3673/4107/2828 3686/4124/2901 3687/4128/2877
f 3687/4128/2877 3686/4124/2901 3688/4127/2902 3689/4129/2903
f 3688/4130/2902 3690/4131/2904 3683/4121/2898 3685/4123/2900
f 3689/4132/2903 3691/4133/2905 3690/4131/2904 3688/4130/2902
f 3691/4133/2905 3694/4134/2884 3692/4135/2884 3690/4131/2904
f 3690/4131/2904 3692/4135/2884 3693/4122/2906 3683/4121/2898
f 3692/4135/2884 3695/4136/2884 3696/4137/2907 3693/4122/2906
f 3694/4134/2884 3697/4138/2884 3695/4136/2884 3692/4135/2884
f 3695/4136/2884 3698/4139/2908 3699/4140/2909 3696/4137/2907
f 3697/4138/2884 3700/4141/2910 3698/4139/2908 3695/4136/2884
f 3701/4142/2911 3702/4143/2912 3699/4144/2909 3698/4145/2908
f 3703/4146/2913 3701/4142/2911 3698/4145/2908 3700/4147/2910
f 3704/4148/2914 3705/4149/2915 3702/4143/2912 3701/4142/2911
f 3707/4150/2782 3703/4151/2913 3701/4152/2911 3704/4153/2914
f 3706/4154/2916 3797/4155/2939 3705/4149/2915 3704/4148/2914
f 3708/4156/2782 3707/4150/2782 3704/4153/2914 3706/4157/2916
f 3709/4158/2782 3712/4159/2917 3703/4151/2913 3707/4150/2782
f 3711/4160/2782 3709/4158/2782 3707/4150/2782 3708/4156/2782
f 3710/4161/2782 3714/4162/2919 3712/4159/2917 3709/4158/2782
f 3778/4163/2782 3710/4161/2782 3709/4158/2782 3711/4160/2782
f 3712/4164/2917 3703/4146/2913 3700/4147/2910 3713/4165/2918
f 3714/4166/2919 3712/4164/2917 3713/4165/2918 3716/4167/2921
f 3779/4168/2782 3715/4169/2920 3714/4162/2919 3710/4161/2782
f 3715/4170/2920 3714/4166/2919 3716/4167/2921 3717/4171/2922
f 3721/4172/2884 3717/4173/2922 3716/4174/2921 3718/4175/2884
f 3718/4175/2884 3716/4174/2921 3713/4176/2918 3719/4177/2884
f 3720/4178/2884 3718/4175/2884 3719/4177/2884 4033/4179/2884
f 3722/4180/2884 3721/4172/2884 3718/4175/2884 3720/4178/2884
f 3723/4181/2884 3724/4182/2923 3717/4173/2922 3721/4172/2884
f 3725/4071/2884 3723/4181/2884 3721/4172/2884 3722/4180/2884
f 3726/4183/2884 3728/4184/2924 3724/4182/2923 3723/4181/2884
f 3646/4068/2884 3726/4183/2884 3723/4181/2884 3725/4071/2884
f 3727/4185/2884 3729/4186/2925 3728/4184/2924 3726/4183/2884
f 3644/4067/2884 3727/4185/2884 3726/4183/2884 3646/4068/2884
f 3733/4187/2928 3730/4188/2926 3728/4189/2924 3729/4190/2925
f 3730/4188/2926 3731/4191/2927 3724/4192/2923 3728/4189/2924
f 3732/4193/2782 3730/4194/2926 3731/4195/2927 3780/4196/2782
f 3734/4197/2782 3733/4198/2928 3730/4194/2926 3732/4193/2782
f 3738/4199/2782 3735/4200/2929 3733/4198/2928 3734/4197/2782
f 3735/4201/2929 3733/4187/2928 3729/4190/2925 3737/4202/2931
f 3739/4203/2782 3736/4204/2930 3735/4200/2929 3738/4199/2782
f 3736/4205/2930 3735/4201/2929 3737/4202/2931 4022/4206/3003
f 3740/4207/2782 3738/4199/2782 3734/4197/2782 3741/4208/2782
f 3742/4209/2782 3739/4203/2782 3738/4199/2782 3740/4207/2782
f 3743/4210/2782 3740/4207/2782 3741/4208/2782 3744/4211/2782
f 3746/3969/2782 3742/4209/2782 3740/4207/2782 3743/4210/2782
f 3745/4212/2782 3743/4210/2782 3744/4211/2782 3747/4213/2782
f 3568/3967/2782 3746/3969/2782 3743/4210/2782 3745/4212/2782
f 3569/3968/2782 3988/3973/2782 3742/4209/2782 3746/3969/2782
f 3748/4214/2782 3745/4212/2782 3747/4213/2782 3749/4215/2782
f 3566/3965/2782 3568/3967/2782 3745/4212/2782 3748/4214/2782
f 3750/4216/2782 3748/4214/2782 3749/4215/2782 3751/4217/2782
f 3564/3963/2782 3566/3965/2782 3748/4214/2782 3750/4216/2782
f 3752/4218/2782 3750/4216/2782 3751/4217/2782 3753/4219/2782
f 3562/3961/2782 3564/3963/2782 3750/4216/2782 3752/4218/2782
f 3754/4220/2782 3752/4218/2782 3753/4219/2782 3755/3916/2782
f 3560/3959/2782 3562/3961/2782 3752/4218/2782 3754/4220/2782
f 3529/3922/2782 3754/4220/2782 3755/3916/2782 3521/3915/2782
f 3532/3925/2782 3560/3959/2782 3754/4220/2782 3529/3922/2782
f 3755/3916/2782 3753/4219/2782 3756/4221/2782 3522/3912/2782
f 3753/4219/2782 3751/4217/2782 3757/4222/2782 3756/4221/2782
f 3756/4221/2782 3757/4222/2782 3759/4223/2782 3758/4224/2782
f 3522/3912/2782 3756/4221/2782 3758/4224/2782 3518/3910/2782
f 3758/4224/2782 3759/4223/2782 3762/4225/2782 3760/4226/2782
f 3518/3910/2782 3758/4224/2782 3760/4226/2782 3516/3907/2782
f 3760/4226/2782 3762/4225/2782 3763/4227/2782 3761/4228/2782
f 3516/3907/2782 3760/4226/2782 3761/4228/2782 3514/3905/2782
f 3762/4225/2782 3764/4229/2782 3765/4230/2782 3763/4227/2782
f 3759/4223/2782 3767/4231/2782 3764/4229/2782 3762/4225/2782
f 3764/4229/2782 3766/4232/2782 3782/4233/2782 3765/4230/2782
f 3767/4231/2782 3768/4234/2782 3766/4232/2782 3764/4229/2782
f 3769/4235/2782 3770/4236/2782 3768/4234/2782 3767/4231/2782
f 3757/4222/2782 3769/4235/2782 3767/4231/2782 3759/4223/2782
f 3751/4217/2782 3749/4215/2782 3769/4235/2782 3757/4222/2782
f 3749/4215/2782 3747/4213/2782 3770/4236/2782 3769/4235/2782
f 3770/4236/2782 3771/4237/2782 3773/4238/2782 3768/4234/2782
f 3747/4213/2782 3744/4211/2782 3771/4237/2782 3770/4236/2782
f 3744/4211/2782 3741/4208/2782 3772/4239/2782 3771/4237/2782
f 3771/4237/2782 3772/4239/2782 3774/4240/2782 3773/4238/2782
f 3773/4238/2782 3774/4240/2782 3777/4241/2782 3775/4242/2782
f 3768/4234/2782 3773/4238/2782 3775/4242/2782 3766/4232/2782
f 3775/4242/2782 3777/4241/2782 3778/4163/2782 3776/4243/2782
f 3766/4232/2782 3775/4242/2782 3776/4243/2782 3782/4233/2782
f 3777/4241/2782 3779/4168/2782 3710/4161/2782 3778/4163/2782
f 3774/4240/2782 3780/4196/2782 3779/4168/2782 3777/4241/2782
f 3780/4196/2782 3731/4195/2927 3715/4169/2920 3779/4168/2782
f 3772/4239/2782 3732/4193/2782 3780/4196/2782 3774/4240/2782
f 3776/4243/2782 3778/4163/2782 3711/4160/2782 3781/4244/2782
f 3782/4233/2782 3776/4243/2782 3781/4244/2782 3783/4245/2782
f 3765/4230/2782 3782/4233/2782 3783/4245/2782 3785/4246/2782
f 3785/4246/2782 3783/4245/2782 3784/4247/2782 3787/4248/2782
f 3783/4245/2782 3781/4244/2782 3796/4249/2782 3784/4247/2782
f 3763/4227/2782 3765/4230/2782 3785/4246/2782 3786/4250/2782
f 3786/4250/2782 3785/4246/2782 3787/4248/2782 3788/4251/2782
f 3787/4248/2782 3784/4247/2782 3792/4252/2935 3789/4253/2932
f 3788/4251/2782 3787/4248/2782 3789/4253/2932 3791/4254/2934
f 3789/4255/2932 3790/4256/2933 3793/4257/2936 3792/4258/2935
f 3791/4259/2934 3808/4260/2940 3790/4256/2933 3789/4255/2932
f 3792/4258/2935 3793/4257/2936 3795/4261/2938 3794/4262/2937
f 3784/4247/2782 3796/4249/2782 3794/4263/2937 3792/4252/2935
f 3794/4262/2937 3795/4261/2938 3797/4155/2939 3706/4154/2916
f 3796/4249/2782 3708/4156/2782 3706/4157/2916 3794/4263/2937
f 3781/4244/2782 3711/4160/2782 3708/4156/2782 3796/4249/2782
f 3800/4264/2834 3797/4265/2939 3795/4266/2938 3798/4267/2834
f 3798/4267/2834 3795/4266/2938 3793/4268/2936 3801/4269/2834
f 3799/4117/2834 3798/4267/2834 3801/4269/2834 3802/4270/2834
f 3677/4116/2834 3800/4264/2834 3798/4267/2834 3799/4117/2834
f 3801/4269/2834 3793/4268/2936 3790/4271/2933 3803/4272/2834
f 3802/4270/2834 3801/4269/2834 3803/4272/2834 3804/4273/2834
f 3803/4272/2834 3790/4271/2933 3808/4274/2940 3805/4275/2834
f 3804/4273/2834 3803/4272/2834 3805/4275/2834 3807/4276/2834
f 3805/4275/2834 3808/4274/2940 3809/4277/2941 3806/4278/2834
f 3807/4276/2834 3805/4275/2834 3806/4278/2834 3980/4279/2834
f 3811/4280/2943 3809/4281/2941 3808/4260/2940 3791/4259/2934
f 3806/4278/2834 3809/4277/2941 3810/4282/2942 3981/4283/2834
f 3813/4284/2944 3810/4285/2942 3809/4281/2941 3811/4280/2943
f 3812/4286/2782 3788/4251/2782 3791/4254/2934 3811/4287/2943
f 3814/4288/2782 3812/4286/2782 3811/4287/2943 3813/4289/2944
f 3815/4290/2945 3816/4291/2946 3810/4285/2942 3813/4284/2944
f 3818/3900/2782 3814/4288/2782 3813/4289/2944 3815/4292/2945
f 3817/4293/2947 3819/4294/2948 3816/4291/2946 3815/4290/2945
f 3509/3898/2782 3818/3900/2782 3815/4292/2945 3817/4295/2947
f 3510/3899/2782 3984/3906/2782 3814/4288/2782 3818/3900/2782
f 3820/4296/2949 3821/4297/2950 3819/4294/2948 3817/4293/2947
f 3507/3894/2782 3509/3898/2782 3817/4295/2947 3820/4298/2949
f 3822/4299/2951 3823/4300/2952 3821/4297/2950 3820/4296/2949
f 3503/3892/2782 3507/3894/2782 3820/4298/2949 3822/4301/2951
f 3824/4302/2953 3825/4303/2954 3823/4300/2952 3822/4299/2951
f 3501/3886/2782 3503/3892/2782 3822/4301/2951 3824/4304/2953
f 3492/3877/2843 3827/3876/2955 3825/4303/2954 3824/4302/2953
f 3494/3887/2845 3501/3886/2782 3824/4304/2953 3492/4305/2843
f 3826/4306/2834 3825/4307/2954 3827/4308/2955 3828/4309/2834
f 3830/4310/2834 3823/4311/2952 3825/4307/2954 3826/4306/2834
f 3828/4309/2834 3827/4308/2955 3491/3871/2842 3488/3868/2840
f 3479/3860/2834 3828/4309/2834 3488/3868/2840 3482/3861/2837
f 3829/3859/2834 3826/4306/2834 3828/4309/2834 3479/3860/2834
f 3832/4312/2834 3830/4310/2834 3826/4306/2834 3829/3859/2834
f 3831/4313/2834 3821/4314/2950 3823/4311/2952 3830/4310/2834
f 3833/4315/2834 3831/4313/2834 3830/4310/2834 3832/4312/2834
f 3835/4316/2957 3833/4315/2834 3832/4312/2834 3834/4317/2956
f 3834/4317/2956 3832/4312/2834 3829/3859/2834 3480/3858/2835
f 3837/4318/2959 3835/4316/2957 3834/4317/2956 3836/4319/2958
f 3836/4319/2958 3834/4317/2956 3480/3858/2835 3477/3857/2832
f 3838/4320/2828 3836/4321/2958 3837/4322/2959 3840/4323/2828
f 3473/3848/2828 3477/3851/2832 3836/4321/2958 3838/4320/2828
f 3839/4324/2758 3838/4320/2828 3840/4323/2828 3841/4325/2758
f 3470/3845/2758 3473/3848/2828 3838/4320/2828 3839/4324/2758
f 3840/4323/2828 3837/4322/2959 3845/4326/2960 3842/4327/2828
f 3841/4325/2758 3840/4323/2828 3842/4327/2828 3843/4328/2758
f 3843/4328/2758 3842/4327/2828 3844/4329/2828 3877/4330/2758
f 3842/4327/2828 3845/4326/2960 3846/4331/2961 3844/4329/2828
f 3845/4332/2960 3847/4333/2962 3835/4316/2957 3837/4318/2959
f 3846/4334/2961 3849/4335/2963 3847/4333/2962 3845/4332/2960
f 3849/4335/2963 3850/4336/2834 3848/4337/2834 3847/4333/2962
f 3847/4333/2962 3848/4337/2834 3833/4315/2834 3835/4316/2957
f 3851/4338/2964 3852/4339/2834 3850/4336/2834 3849/4335/2963
f 3854/4340/2966 3851/4338/2964 3849/4335/2963 3846/4334/2961
f 3853/4341/2965 3980/4279/2834 3852/4339/2834 3851/4338/2964
f 3855/4342/2967 3853/4341/2965 3851/4338/2964 3854/4340/2966
f 3856/4343/2828 3854/4344/2966 3855/4345/2967 3858/4346/2828
f 3844/4329/2828 3846/4331/2961 3854/4344/2966 3856/4343/2828
f 3877/4330/2758 3844/4329/2828 3856/4343/2828 3857/4347/2758
f 3857/4347/2758 3856/4343/2828 3858/4346/2828 3859/4348/2758
f 3858/4346/2828 3855/4345/2967 3862/4349/2968 3860/4350/2828
f 3859/4348/2758 3858/4346/2828 3860/4350/2828 3861/4351/2758
f 3861/4351/2758 3860/4350/2828 3863/4352/2828 3865/4353/2758
f 3860/4350/2828 3862/4349/2968 3864/4354/2969 3863/4352/2828
f 3863/4352/2828 3864/4354/2969 3976/4106/2981 3671/4101/2828
f 3865/4353/2758 3863/4352/2828 3671/4101/2828 3668/4100/2758
f 3868/4355/2758 3861/4351/2758 3865/4353/2758 3866/4356/2758
f 3866/4356/2758 3865/4353/2758 3668/4100/2758 3666/4099/2758
f 3869/4357/2758 3868/4355/2758 3866/4356/2758 3867/4358/2758
f 3867/4358/2758 3866/4356/2758 3666/4099/2758 3904/4098/2758
f 3871/4359/2758 3870/4360/2758 3868/4355/2758 3869/4357/2758
f 3870/4360/2758 3859/4348/2758 3861/4351/2758 3868/4355/2758
f 3873/4361/2758 3872/4362/2758 3870/4360/2758 3871/4359/2758
f 3872/4362/2758 3857/4347/2758 3859/4348/2758 3870/4360/2758
f 3875/4363/2758 3874/4364/2758 3872/4362/2758 3873/4361/2758
f 3874/4364/2758 3877/4330/2758 3857/4347/2758 3872/4362/2758
f 3878/3793/2758 3876/4365/2758 3874/4364/2758 3875/4363/2758
f 3876/4365/2758 3843/4328/2758 3877/4330/2758 3874/4364/2758
f 3427/3792/2758 3879/4366/2758 3876/4365/2758 3878/3793/2758
f 3879/4366/2758 3841/4325/2758 3843/4328/2758 3876/4365/2758
f 3429/3794/2758 3880/4367/2758 3879/4366/2758 3427/3792/2758
f 3880/4367/2758 3839/4324/2758 3841/4325/2758 3879/4366/2758
f 3431/3796/2758 3468/3843/2758 3880/4367/2758 3429/3794/2758
f 3468/3843/2758 3470/3845/2758 3839/4324/2758 3880/4367/2758
f 3423/3786/2758 3878/3793/2758 3875/4363/2758 3881/3787/2758
f 3881/3787/2758 3875/4363/2758 3873/4361/2758 3882/4368/2758
f 3422/3785/2758 3881/3787/2758 3882/4368/2758 3884/4369/2758
f 3884/4369/2758 3882/4368/2758 3883/4370/2758 3885/4371/2758
f 3882/4368/2758 3873/4361/2758 3871/4359/2758 3883/4370/2758
f 3420/3781/2758 3422/3785/2758 3884/4369/2758 3886/4372/2758
f 3886/4372/2758 3884/4369/2758 3885/4371/2758 3888/4373/2758
f 3887/4374/2758 3886/4372/2758 3888/4373/2758 3889/4375/2758
f 3417/3779/2758 3420/3781/2758 3886/4372/2758 3887/4374/2758
f 3889/4375/2758 3888/4373/2758 3890/4376/2758 3891/4377/2758
f 3888/4373/2758 3885/4371/2758 3892/4378/2758 3890/4376/2758
f 3891/4377/2758 3890/4376/2758 3893/4379/2758 3894/4380/2758
f 3890/4376/2758 3892/4378/2758 3895/4381/2758 3893/4379/2758
f 3894/4380/2758 3893/4379/2758 3896/4382/2758 3897/4383/2758
f 3893/4379/2758 3895/4381/2758 3898/4384/2758 3896/4382/2758
f 3897/4383/2758 3896/4382/2758 3899/4385/2758 3900/4050/2758
f 3896/4382/2758 3898/4384/2758 3901/4089/2758 3899/4385/2758
f 3900/4050/2758 3899/4385/2758 3902/4085/2758 3630/4051/2758
f 3899/4385/2758 3901/4089/2758 3655/4083/2758 3902/4085/2758
f 3630/4051/2758 3902/4085/2758 3651/4078/2758 3633/4052/2758
f 3898/4384/2758 3903/4386/2758 3659/4090/2758 3901/4089/2758
f 3907/4387/2758 3897/4383/2758 3900/4050/2758 3631/4049/2758
f 3895/4381/2758 3905/4388/2758 3903/4386/2758 3898/4384/2758
f 3903/4386/2758 3904/4098/2758 3661/4091/2758 3659/4090/2758
f 3905/4388/2758 3867/4358/2758 3904/4098/2758 3903/4386/2758
f 3906/4389/2758 3869/4357/2758 3867/4358/2758 3905/4388/2758
f 3892/4378/2758 3906/4389/2758 3905/4388/2758 3895/4381/2758
f 3885/4371/2758 3883/4370/2758 3906/4389/2758 3892/4378/2758
f 3883/4370/2758 3871/4359/2758 3869/4357/2758 3906/4389/2758
f 3909/4390/2758 3894/4380/2758 3897/4383/2758 3907/4387/2758
f 3908/4391/2758 3907/4387/2758 3631/4049/2758 3628/4046/2758
f 3910/4392/2758 3909/4390/2758 3907/4387/2758 3908/4391/2758
f 3911/4393/2758 3891/4377/2758 3894/4380/2758 3909/4390/2758
f 3912/4394/2758 3911/4393/2758 3909/4390/2758 3910/4392/2758
f 3914/4395/2758 3913/4396/2758 3911/4393/2758 3912/4394/2758
f 3913/4396/2758 3889/4375/2758 3891/4377/2758 3911/4393/2758
f 3915/4397/2758 3887/4374/2758 3889/4375/2758 3913/4396/2758
f 3916/4398/2758 3915/4397/2758 3913/4396/2758 3914/4395/2758
f 3917/3778/2758 3415/3777/2758 3915/4397/2758 3916/4398/2758
f 3415/3777/2758 3417/3779/2758 3887/4374/2758 3915/4397/2758
f 3921/4399/2758 3917/3778/2758 3916/4398/2758 3918/4400/2758
f 3918/4400/2758 3916/4398/2758 3914/4395/2758 3920/4401/2758
f 3919/4402/2758 3918/4400/2758 3920/4401/2758 3931/4403/2758
f 3922/4404/2758 3921/4399/2758 3918/4400/2758 3919/4402/2758
f 3924/3769/2758 3408/3768/2758 3921/4399/2758 3922/4404/2758
f 3408/3768/2758 3410/3770/2758 3917/3778/2758 3921/4399/2758
f 3923/4405/2758 3922/4404/2758 3919/4402/2758 3928/4406/2758
f 3925/4407/2758 3924/3769/2758 3922/4404/2758 3923/4405/2758
f 3926/3617/2758 3407/3766/2758 3924/3769/2758 3925/4407/2758
f 3293/3618/2758 3926/3617/2758 3925/4407/2758 3299/3625/2758
f 3299/3625/2758 3925/4407/2758 3923/4405/2758 3927/3626/2758
f 3289/3613/2758 3404/3612/2758 3407/3766/2758 3926/3617/2758
f 3927/3626/2758 3923/4405/2758 3928/4406/2758 3929/4408/2758
f 3929/4408/2758 3928/4406/2758 3930/4409/2758 3932/4410/2758
f 3928/4406/2758 3919/4402/2758 3931/4403/2758 3930/4409/2758
f 3930/4409/2758 3931/4403/2758 3935/4411/2758 3933/4412/2758
f 3932/4410/2758 3930/4409/2758 3933/4412/2758 3934/4413/2758
f 3934/4413/2758 3933/4412/2758 3936/4414/2758 3938/4415/2758
f 3933/4412/2758 3935/4411/2758 3937/4416/2758 3936/4414/2758
f 3936/4414/2758 3937/4416/2758 3941/4417/2758 3939/4418/2758
f 3938/4415/2758 3936/4414/2758 3939/4418/2758 3940/4419/2758
f 3940/4419/2758 3939/4418/2758 3620/4039/2758 3945/4022/2758
f 3939/4418/2758 3941/4417/2758 3622/4040/2758 3620/4039/2758
f 3941/4417/2758 3942/4420/2758 3625/4043/2758 3622/4040/2758
f 3937/4416/2758 3943/4421/2758 3942/4420/2758 3941/4417/2758
f 3943/4421/2758 3910/4392/2758 3908/4391/2758 3942/4420/2758
f 3942/4420/2758 3908/4391/2758 3628/4046/2758 3625/4043/2758
f 3935/4411/2758 3944/4422/2758 3943/4421/2758 3937/4416/2758
f 3944/4422/2758 3912/4394/2758 3910/4392/2758 3943/4421/2758
f 3931/4403/2758 3920/4401/2758 3944/4422/2758 3935/4411/2758
f 3920/4401/2758 3914/4395/2758 3912/4394/2758 3944/4422/2758
f 3946/4423/2759 3940/4419/2758 3945/4022/2758 3606/4017/2759
f 3948/4424/2759 3938/4415/2758 3940/4419/2758 3946/4423/2759
f 3947/4425/2970 3946/4423/2759 3606/4017/2759 3602/4016/2872
f 3949/4426/2971 3948/4424/2759 3946/4423/2759 3947/4425/2970
f 3951/4427/2972 3950/4428/2759 3948/4424/2759 3949/4426/2971
f 3950/4428/2759 3934/4413/2758 3938/4415/2758 3948/4424/2759
f 3953/4429/2973 3952/4430/2759 3950/4428/2759 3951/4427/2972
f 3952/4430/2759 3932/4410/2758 3934/4413/2758 3950/4428/2759
f 3955/4431/2974 3954/4432/2759 3952/4430/2759 3953/4429/2973
f 3954/4432/2759 3929/4408/2758 3932/4410/2758 3952/4430/2759
f 3302/3628/2763 3300/3627/2759 3954/4432/2759 3955/4431/2974
f 3300/3627/2759 3927/3626/2758 3929/4408/2758 3954/4432/2759
f 3955/4433/2974 3956/4434/2975 3958/4435/2976 3953/4436/2973
f 3302/3634/2763 3305/3633/2766 3956/4434/2975 3955/4433/2974
f 3305/3633/2766 3973/3637/2765 3957/4437/2765 3956/4434/2975
f 3956/4434/2975 3957/4437/2765 3959/4438/2765 3958/4435/2976
f 3958/4435/2976 3959/4438/2765 3961/4439/2765 3960/4440/2977
f 3953/4436/2973 3958/4435/2976 3960/4440/2977 3951/4441/2972
f 3960/4440/2977 3961/4439/2765 3963/4442/2765 3962/4443/2978
f 3951/4441/2972 3960/4440/2977 3962/4443/2978 3949/4444/2971
f 3962/4443/2978 3963/4442/2765 3965/4445/2765 3964/4446/2979
f 3949/4444/2971 3962/4443/2978 3964/4446/2979 3947/4447/2970
f 3964/4446/2979 3965/4445/2765 3597/4007/2765 3599/4010/2869
f 3947/4447/2970 3964/4446/2979 3599/4010/2869 3602/4013/2872
f 3965/4445/2765 3966/4448/2765 3595/4008/2765 3597/4007/2765
f 3963/4442/2765 3968/4449/2765 3966/4448/2765 3965/4445/2765
f 3966/4448/2765 3967/4450/2980 3578/4009/2857 3595/4008/2765
f 3968/4449/2765 3347/4451/2793 3967/4450/2980 3966/4448/2765
f 3969/4452/2765 3345/4453/2791 3347/4451/2793 3968/4449/2765
f 3961/4439/2765 3969/4452/2765 3968/4449/2765 3963/4442/2765
f 3970/4454/2765 3341/4455/2790 3345/4453/2791 3969/4452/2765
f 3959/4438/2765 3970/4454/2765 3969/4452/2765 3961/4439/2765
f 3957/4437/2765 3971/4456/2765 3970/4454/2765 3959/4438/2765
f 3971/4456/2765 3339/4457/2788 3341/4455/2790 3970/4454/2765
f 3973/3637/2765 3972/4458/2765 3971/4456/2765 3957/4437/2765
f 3972/4458/2765 3335/4459/2787 3339/4457/2788 3971/4456/2765
f 3304/3636/2765 3974/4460/2765 3972/4458/2765 3973/3637/2765
f 3974/4460/2765 3332/4461/2785 3335/4459/2787 3972/4458/2765
f 3307/3635/2765 3975/3664/2765 3974/4460/2765 3304/3636/2765
f 3975/3664/2765 3325/3663/2780 3332/4461/2785 3974/4460/2765
f 3309/3639/2765 3326/3658/2765 3975/3664/2765 3307/3635/2765
f 3864/4462/2969 3977/4463/2982 3978/4464/2983 3862/4465/2968
f 3976/4466/2981 3979/4467/2984 3977/4463/2982 3864/4462/2969
f 3977/4463/2982 3804/4273/2834 3807/4276/2834 3978/4464/2983
f 3979/4467/2984 3802/4270/2834 3804/4273/2834 3977/4463/2982
f 3678/4111/2895 3799/4117/2834 3802/4270/2834 3979/4467/2984
f 3670/4112/2891 3678/4111/2895 3979/4467/2984 3976/4466/2981
f 3978/4464/2983 3807/4276/2834 3980/4279/2834 3853/4341/2965
f 3862/4465/2968 3978/4464/2983 3853/4341/2965 3855/4342/2967
f 3980/4279/2834 3806/4278/2834 3981/4283/2834 3852/4339/2834
f 3852/4339/2834 3981/4283/2834 3982/4468/2834 3850/4336/2834
f 3981/4283/2834 3810/4282/2942 3816/4469/2946 3982/4468/2834
f 3982/4468/2834 3816/4469/2946 3819/4470/2948 3983/4471/2834
f 3850/4336/2834 3982/4468/2834 3983/4471/2834 3848/4337/2834
f 3983/4471/2834 3819/4470/2948 3821/4314/2950 3831/4313/2834
f 3848/4337/2834 3983/4471/2834 3831/4313/2834 3833/4315/2834
f 3984/3906/2782 3985/4472/2782 3812/4286/2782 3814/4288/2782
f 3514/3905/2782 3761/4228/2782 3985/4472/2782 3984/3906/2782
f 3761/4228/2782 3763/4227/2782 3786/4250/2782 3985/4472/2782
f 3985/4472/2782 3786/4250/2782 3788/4251/2782 3812/4286/2782
f 3986/4473/2834 3705/4474/2915 3797/4265/2939 3800/4264/2834
f 3680/4115/2834 3986/4473/2834 3800/4264/2834 3677/4116/2834
f 3987/4475/2834 3702/4476/2912 3705/4474/2915 3986/4473/2834
f 3682/4119/2834 3987/4475/2834 3986/4473/2834 3680/4115/2834
f 3693/4122/2906 3696/4137/2907 3987/4475/2834 3682/4119/2834
f 3696/4137/2907 3699/4140/2909 3702/4476/2912 3987/4475/2834
f 3741/4208/2782 3734/4197/2782 3732/4193/2782 3772/4239/2782
f 3988/3973/2782 3989/4477/2782 3739/4203/2782 3742/4209/2782
f 3572/3972/2782 3990/4478/2782 3989/4477/2782 3988/3973/2782
f 3990/4478/2782 3993/4479/2987 3991/4480/2985 3989/4477/2782
f 3989/4477/2782 3991/4480/2985 3736/4204/2930 3739/4203/2782
f 3993/4481/2987 3991/4482/2985 3992/4483/2986 3995/4484/2989
f 3991/4482/2985 3736/4205/2930 4022/4206/3003 3992/4483/2986
f 4024/4485/2782 3994/4486/2988 3993/4479/2987 3990/4478/2782
f 3994/4487/2988 3993/4481/2987 3995/4484/2989 3996/4488/2990
f 4000/4489/2884 3996/4490/2990 3995/4491/2989 3997/4492/2884
f 3997/4492/2884 3995/4491/2989 3992/4493/2986 3998/4494/2884
f 3999/4495/2884 3997/4492/2884 3998/4494/2884 4019/4496/2884
f 4001/4497/2884 4000/4489/2884 3997/4492/2884 3999/4495/2884
f 4004/4498/2884 4002/4499/2884 4000/4489/2884 4001/4497/2884
f 4002/4499/2884 4003/4500/2991 3996/4490/2990 4000/4489/2884
f 4005/4501/2884 3586/4502/2864 4003/4500/2991 4002/4499/2884
f 4006/4503/2884 4005/4501/2884 4002/4499/2884 4004/4498/2884
f 4007/4002/2992 3590/3998/2867 4005/4501/2884 4006/4503/2884
f 3590/3998/2867 3588/3997/2866 3586/4502/2864 4005/4501/2884
f 4010/4504/2995 4007/4002/2992 4006/4503/2884 4008/4505/2993
f 4008/4505/2993 4006/4503/2884 4004/4498/2884 4009/4506/2994
f 3611/4507/2876 4008/4505/2993 4009/4506/2994 3613/4508/2878
f 4011/4509/2996 4010/4504/2995 4008/4505/2993 3611/4507/2876
f 3610/4510/2875 4012/4511/2997 4010/4504/2995 4011/4509/2996
f 4012/4511/2997 3591/4001/2765 4007/4002/2992 4010/4504/2995
f 3600/4012/2870 3593/4003/2765 3591/4001/2765 4012/4511/2997
f 3603/4015/2873 3600/4012/2870 4012/4511/2997 3610/4510/2875
f 4009/4506/2994 4004/4498/2884 4001/4497/2884 4013/4512/2998
f 3613/4508/2878 4009/4506/2994 4013/4512/2998 3615/4513/2879
f 4013/4512/2998 4001/4497/2884 3999/4495/2884 4014/4514/2999
f 3615/4513/2879 4013/4512/2998 4014/4514/2999 4016/4515/3001
f 4014/4514/2999 3999/4495/2884 4019/4496/2884 4015/4516/3000
f 4016/4515/3001 4014/4514/2999 4015/4516/3000 4017/4517/3002
f 3616/4034/2877 4018/4518/2877 4017/4519/3002 4016/4035/3001
f 4017/4517/3002 4015/4516/3000 3642/4064/2885 3639/4063/2882
f 4018/4518/2877 3635/4055/2877 3639/4057/2882 4017/4519/3002
f 3618/4036/2758 3624/4042/2758 4018/4518/2877 3616/4034/2877
f 3624/4042/2758 3627/4045/2758 3635/4055/2877 4018/4518/2877
f 4015/4516/3000 4019/4496/2884 4020/4065/2884 3642/4064/2885
f 4019/4496/2884 3998/4494/2884 4021/4520/2884 4020/4065/2884
f 4020/4065/2884 4021/4520/2884 4023/4521/2884 3641/4066/2884
f 4021/4520/2884 4022/4522/3003 3737/4523/2931 4023/4521/2884
f 3998/4494/2884 3992/4493/2986 4022/4522/3003 4021/4520/2884
f 4023/4521/2884 3737/4523/2931 3729/4186/2925 3727/4185/2884
f 3641/4066/2884 4023/4521/2884 3727/4185/2884 3644/4067/2884
f 3585/3991/2863 3994/4487/2988 3996/4488/2990 4003/3992/2991
f 3583/3984/2782 3585/3990/2863 3994/4486/2988 4024/4485/2782
f 3574/3974/2782 4024/4485/2782 3990/4478/2782 3572/3972/2782
f 3576/3976/2782 3583/3984/2782 4024/4485/2782 3574/3974/2782
f 3731/4191/2927 3715/4170/2920 3717/4171/2922 3724/4192/2923
f 3647/4072/2888 3725/4071/2884 3722/4180/2884 4025/4524/3004
f 4025/4524/3004 3722/4180/2884 3720/4178/2884 4026/4525/3005
f 4027/4526/3006 4025/4524/3004 4026/4525/3005 4028/4527/3007
f 3649/4073/2890 3647/4072/2888 4025/4524/3004 4027/4526/3006
f 3653/4080/2877 4030/4087/2877 4028/4528/3007 4027/4081/3006
f 4028/4527/3007 4026/4525/3005 4032/4529/3009 4029/4530/3008
f 4030/4087/2877 4031/4531/2877 4029/4532/3008 4028/4528/3007
f 3657/4086/2758 3663/4093/2758 4031/4531/2877 4030/4087/2877
f 4031/4531/2877 3687/4128/2877 3689/4129/2903 4029/4532/3008
f 3663/4093/2758 4034/4096/2758 3687/4128/2877 4031/4531/2877
f 4029/4530/3008 4032/4529/3009 3691/4133/2905 3689/4132/2903
f 4026/4525/3005 3720/4178/2884 4033/4179/2884 4032/4529/3009
f 4032/4529/3009 4033/4179/2884 3694/4134/2884 3691/4133/2905
f 4033/4179/2884 3719/4177/2884 3697/4138/2884 3694/4134/2884
f 3719/4177/2884 3713/4176/2918 3700/4141/2910 3697/4138/2884
f 4035/4533/2751 3496/3883/2751 3458/3827/2751 3460/3831/2751
f 3486/3867/2751 3489/3870/2751 3496/3883/2751 4035/4533/2751
f 4036/3840/3010 4035/4533/2751 3460/3831/2751 3462/3833/2822
f 3484/3865/2839 3486/3867/2751 4035/4533/2751 4036/3840/3010
f 3471/3866/2826 3484/3865/2839 4036/3840/3010 3465/3839/2825
f 3396/3755/2757 3439/3754/2757 3436/3803/2758 4038/4534/2758
f 4037/3776/2758 3437/3791/2758 3419/3782/2758 3412/3774/2758
f 4038/4534/2758 3436/3803/2758 4037/3776/2758 3413/3771/2758
f 3402/3762/2758 4038/4534/2758 3413/3771/2758 3405/3764/2758
f 3398/3757/2757 3396/3755/2757 4038/4534/2758 3402/3762/2758
f 3321/4535/2776 3323/3665/2778 3370/3668/2782 3373/3721/2796
f 3311/3642/2765 3318/3647/2765 3326/3658/2765 3309/3639/2765
o Cube.013
v -2.045230 0.001176 8.546256
v -1.976150 -0.082479 8.999870
v -2.217128 0.327096 8.323924
v -1.919020 0.093915 8.572709
v -0.529683 0.851473 8.543073
v -1.622906 0.134447 8.976166
v -2.082448 0.403648 8.360331
v -0.677863 1.138796 8.346625
v -2.033486 0.913094 8.446531
v -2.409365 0.739224 8.442041
v -0.598101 1.601196 8.393348
v -2.142781 1.180315 8.767000
v -2.528413 1.029869 8.787864
v -0.691981 1.831330 8.673250
v -2.149933 1.250602 9.194421
v -2.539699 1.112162 9.242005
v -0.681667 1.858934 9.049606
v -2.020656 1.025930 9.518959
v -2.402712 0.874090 9.585900
v -0.579943 1.651869 9.345824
v -1.813526 0.608099 9.593568
v -2.179595 0.423655 9.663540
v -0.396458 1.317738 9.415133
v -1.661964 0.268862 9.390288
v -2.017420 0.060493 9.444723
v -0.262115 1.017283 9.236810
v -0.229351 0.882619 8.887463
v 2.248215 2.283109 9.037339
v 2.836017 2.561676 8.994491
v 2.254026 2.755240 9.363462
v 2.245167 2.133689 8.737741
v 2.990441 2.343689 8.590324
v 2.161002 2.213692 8.402225
v 2.038732 2.492454 8.219506
v 2.911786 2.395293 8.229246
v 2.788608 2.706852 8.066080
v 4.249433 1.859068 7.327862
v 4.300714 1.781484 7.586865
v 4.222084 2.082996 7.069617
v 4.701569 1.665209 7.015028
v 5.141121 1.568699 6.772250
v 4.744287 1.594357 7.256993
v 4.596359 1.850141 6.780997
v 4.715924 2.213478 6.122694
v 4.991484 1.802114 6.608829
v 5.146883 1.979389 6.568287
v 6.577985 1.350027 5.819612
v 4.871434 2.227481 6.066493
v 4.970644 2.337391 6.066761
v 5.022986 3.034099 5.140725
v 4.925344 3.025589 5.176610
v 5.085626 3.102435 5.141552
v 5.061039 4.084685 4.657228
v 5.092679 3.161515 5.200920
v 5.029171 3.209816 5.262427
v 4.933505 3.226990 5.299453
v 4.847498 3.100091 5.246094
v 4.849283 3.196771 5.284565
v 4.594141 2.487761 6.294526
v 4.591494 2.332569 6.234555
v 4.729132 2.534534 6.319180
v 4.220253 2.346558 7.126210
v 4.471476 2.389052 7.181653
v 3.061811 2.909643 7.991529
v 2.796696 3.224288 8.228615
v 3.454612 3.049785 8.040111
v 3.757008 2.846361 8.204841
v 3.218657 3.419818 8.212047
v 4.432843 3.654109 8.088670
v 4.611834 3.416852 8.259274
v 4.377980 4.123714 8.094176
v 4.894104 3.867769 8.051524
v 5.056346 3.635068 8.233346
v 4.829714 4.313594 7.987841
v 5.266290 4.053620 8.042259
v 5.855546 4.335799 8.006134
v 5.420841 3.813931 8.212047
v 5.150846 4.497672 8.046096
v 5.715132 4.626895 8.057739
v 5.178832 4.780926 8.261329
v 5.386524 5.794200 7.685627
v 5.416786 5.951406 7.845619
v 5.197678 5.658529 7.633468
v 5.779722 6.551229 7.505962
v 5.808684 6.651152 7.627316
v 5.643815 6.488815 7.455027
v 5.866503 6.742799 7.466092
v 5.897368 6.819691 7.574044
v 5.750818 6.710298 7.414469
v 5.972826 6.951119 7.422751
v 6.573011 7.845617 7.210459
v 6.002614 7.007509 7.515458
v 5.877346 6.940892 7.373524
v 6.525037 7.859113 7.178781
v 5.775836 6.969377 7.395263
v 5.695101 7.032007 7.511862
v 6.477588 7.893408 7.180758
v 5.624368 6.729339 7.441893
v 5.549152 6.833201 7.546633
v 5.497044 6.491352 7.497775
v 5.438161 6.635841 7.628325
v 4.976575 5.606888 7.707136
v 4.858824 5.698818 7.877293
v 4.196304 4.304903 8.323169
v 4.931442 5.748477 8.079963
v 5.134711 5.856548 8.140275
v 4.325670 4.328126 8.643996
v 5.439510 6.616411 7.777446
v 5.589581 6.689975 7.800284
v 5.364501 7.084440 7.904572
v 4.956455 8.027964 8.637948
v 5.437418 7.123160 7.922667
v 5.356144 7.103928 7.824642
v 4.952217 8.037770 8.597766
v 5.382908 7.169757 7.780844
v 4.965692 8.070889 8.575705
v 5.426179 7.236283 7.782143
v 4.987510 8.100233 8.576878
v 5.447976 7.294936 7.826926
v 5.485510 7.235479 7.868217
v 4.998678 8.118537 8.600770
v 5.734755 7.143285 7.583097
v 6.465744 7.943913 7.275267
v 5.787992 7.033443 7.646581
v 5.945366 7.019398 7.612021
v 6.504684 7.905099 7.309352
v 5.699453 6.862807 7.739880
v 5.838629 6.830243 7.696346
v 5.480271 7.182518 7.908325
v 5.014694 8.077312 8.639865
v 4.993106 8.047440 8.647089
v 5.017378 8.099837 8.620199
v 4.737580 8.389374 8.898289
v 5.746225 6.656796 7.769330
v 5.341391 5.935790 8.058454
v 5.078140 4.692689 8.596637
v 5.646814 4.841221 8.622092
v 4.746068 4.580857 8.692918
v 5.070687 4.252877 9.074256
v 5.746034 4.649281 8.876420
v 4.730535 4.164991 9.136990
v 5.269879 4.047783 9.167816
v 4.648601 3.833071 10.359150
v 4.558976 3.743064 10.696729
v 4.801904 3.705905 10.387105
v 4.448521 3.816360 10.369662
v 4.372522 3.727477 10.706163
v 4.304264 3.666579 10.381155
v 4.402691 3.929596 9.116651
v 4.238553 3.588148 10.717219
v 4.324483 3.476901 10.419098
v 4.416877 3.638734 9.225094
v 4.252439 3.409858 10.746776
v 4.431065 3.326639 10.399254
v 4.576307 3.464313 9.059349
v 4.338155 3.272311 10.678060
v 4.602833 3.337054 10.306277
v 4.541746 3.049537 10.601686
v 4.999779 2.236804 10.759355
v 4.647585 3.064316 10.560848
v 4.489908 3.027657 10.685391
v 4.971406 2.224830 10.805174
v 4.522831 3.028409 10.786802
v 4.989426 2.225239 10.860675
v 4.613237 3.034127 10.814264
v 4.475292 3.287225 10.991695
v 4.395545 3.406797 11.117919
v 4.624551 3.285614 11.047813
v 5.260597 3.408662 12.390320
v 5.243733 3.471524 12.480866
v 5.365716 3.417082 12.433105
v 5.388541 3.195319 12.779156
v 5.428406 3.192005 12.778098
v 5.369100 3.219296 12.804349
v 5.462685 2.789830 13.150837
v 5.418232 3.225230 12.882149
v 5.473192 3.199939 12.857821
v 5.449072 3.204680 12.883767
v 5.391926 3.232292 12.856326
v 5.466353 3.198044 12.823382
v 5.519374 3.442044 12.682801
v 5.593783 3.527226 12.686946
v 5.634924 3.570876 12.877822
v 5.742281 3.676649 12.929284
v 5.613326 3.597793 12.943280
v 6.037851 4.128380 13.445805
v 5.635352 3.795514 12.953369
v 5.711315 3.801886 12.950052
v 5.545275 3.610347 12.911344
v 5.579216 3.736797 12.951936
v 5.770089 3.754977 12.956833
v 5.623240 3.620881 12.716294
v 5.551398 3.677244 12.706901
v 5.474208 3.617270 12.426606
v 4.793944 3.600124 11.093630
v 5.431698 3.505948 12.384814
v 5.389884 3.682653 12.414707
v 4.666194 3.705763 11.082187
v 5.284600 3.673873 12.420557
v 4.497990 3.691682 11.090239
v 5.460431 3.669639 12.711512
v 5.208664 3.592809 12.423914
v 4.377723 3.566311 11.100652
v 5.395060 3.601658 12.716897
v 5.391767 3.498596 12.731536
v 4.709234 3.399226 10.977625
v 4.690356 3.108593 10.777064
v 4.661041 3.426892 10.658671
v 4.706601 3.627702 10.716456
v 4.709859 3.460109 10.382536
v 4.727598 3.141424 10.671576
v 5.101503 2.287099 10.797610
v 4.720694 3.135188 10.591285
v 5.097723 2.283683 10.753662
v 5.057707 2.244899 10.737003
v 5.384168 1.826665 10.692504
v 5.038907 2.228375 10.875707
v 5.081119 2.269126 10.855345
v 5.221715 3.774498 9.020615
v 5.931020 4.058548 8.824935
v 4.935810 3.563928 9.048356
v 5.447493 3.731439 8.540195
v 6.100339 4.010445 8.508444
v 5.087285 3.539809 8.562220
v 4.635507 3.329434 8.592786
v 3.660881 2.697855 8.567727
v 4.583861 2.124475 7.711562
v 3.327177 2.457744 8.640360
v 3.500407 2.910676 8.953672
v 3.091736 2.695957 8.987085
v 3.398142 3.168680 9.098962
v 3.028596 3.132205 9.304418
v 3.283551 3.460387 9.035751
v 2.982880 3.507916 9.282928
v 3.154582 3.633765 8.778951
v 3.126983 3.614018 8.456101
v 2.782127 3.598621 8.988175
v 2.508596 3.562814 8.984453
v 2.720700 3.415215 8.482417
v 3.106187 4.754333 10.447953
v 2.930857 4.723253 10.411753
v 3.239334 4.675160 10.593999
v 3.186228 5.020301 10.773316
v 3.202878 5.303261 11.120183
v 3.032272 4.993101 10.740644
v 3.303380 4.949790 10.899907
v 3.309289 5.237233 11.231557
v 3.322411 4.762974 10.940520
v 3.327893 5.060117 11.261744
v 3.258402 4.465995 10.641221
v 3.183938 4.538046 11.041811
v 3.180659 4.811705 11.289299
v 2.891873 3.882481 11.808856
v 3.103791 4.299440 10.779934
v 2.822577 2.963723 9.369406
v 2.928189 4.222763 10.752876
v 2.865742 3.847753 11.773051
v 2.922627 3.435874 12.227739
v 2.800713 3.843295 11.767794
v 2.754777 3.904570 11.767710
v 2.835177 4.429890 10.750369
v 2.749861 3.961199 11.812324
v 2.895785 4.686718 11.024524
v 2.782037 3.979378 11.842062
v 2.959235 4.919052 11.264209
v 2.831799 3.954636 11.872492
v 3.052775 4.868609 11.393865
v 2.885049 3.926545 11.846867
v 3.085220 6.236680 12.719071
v 2.988149 6.327085 12.682100
v 3.195909 6.228510 12.709457
v 3.080348 6.473552 13.078225
v 3.076180 6.530379 13.302128
v 2.982225 6.569653 13.050200
v 3.188748 6.471698 13.077474
v 3.266434 6.563304 13.064222
v 3.178866 6.528510 13.301452
v 3.247548 6.614758 13.282123
v 3.219731 6.854300 14.036336
v 3.158406 6.855397 14.036745
v 3.263496 6.906078 14.028841
v 3.430214 7.372153 14.524634
v 3.145605 7.000967 13.949444
v 3.251663 6.982170 14.002928
v 3.101993 6.962412 13.964204
v 3.205165 7.014392 13.968161
v 3.103171 6.909453 14.020623
v 2.983870 6.620691 13.274955
v 2.984658 6.709430 13.186967
v 3.099299 6.938848 13.135118
v 2.978414 6.665305 12.960578
v 2.984733 6.434256 12.601549
v 3.085378 6.945772 12.948637
v 3.104603 6.723695 12.664549
v 3.427705 8.261954 12.693137
v 3.443740 8.252952 12.655330
v 3.441534 8.270308 12.736284
v 3.571101 8.702284 12.609753
v 3.475587 8.280672 12.759392
v 3.506037 8.258846 12.749609
v 3.521222 8.245337 12.712455
v 3.478785 8.255510 12.642023
v 3.508242 8.241491 12.668655
v 3.271990 6.690199 12.717306
v 3.207468 6.739458 12.598639
v 3.274608 6.329910 12.707891
v 3.291421 6.902199 12.999207
v 3.251516 6.907060 13.178341
v 3.189862 7.007118 13.188664
v 3.063869 5.278359 11.096264
v 2.974754 5.182311 11.118040
v 2.934945 4.901104 10.790171
v 2.826568 4.615988 10.465147
v 2.003757 3.233466 9.040609
v 1.974343 3.022372 9.357256
v 1.871221 3.017088 8.530782
v 2.459187 3.300379 8.490972
v 1.945788 2.808702 8.278120
v 2.536282 3.088392 8.251818
v 4.456669 1.924859 7.727700
v 4.855420 1.748574 7.416004
v 4.949568 1.958567 7.427193
v 5.282055 1.636296 7.141686
v 5.181801 1.490933 6.990488
v 6.771156 1.262863 6.214060
v 5.367857 1.834552 7.154081
v 6.839193 1.420298 6.224618
v 5.381849 2.009409 6.980668
v 4.976128 2.149380 7.239988
v 5.159441 2.109180 6.753893
v 6.857932 1.561186 6.084236
v 6.717968 1.605951 5.940516
v 8.240640 1.174094 5.266306
v 8.234509 1.230120 4.917835
v 8.225069 1.043938 5.402589
v 8.577551 1.088074 5.073379
v 8.560490 0.953586 5.206746
v 8.550604 1.178327 4.734611
v 8.964181 0.923059 4.912395
v 8.961028 0.802039 5.030434
v 8.832638 1.020105 4.644148
v 10.961082 0.054481 4.162400
v 10.953676 0.001780 4.215217
v 10.900848 0.071893 4.111888
v 12.395129 -0.450599 3.350446
v 10.849567 -0.021863 4.067597
v 10.888154 -0.079003 4.099283
v 10.928314 -0.056968 4.211082
v 10.898015 -0.101048 4.166251
v 10.873354 0.037486 4.073271
v 8.867971 0.929362 4.504108
v 8.727962 0.829118 4.553914
v 9.215878 1.376692 3.228158
v 9.177408 1.342557 3.220883
v 9.217268 1.412868 3.254153
v 9.479339 1.577122 2.537321
v 9.137964 1.346966 3.218963
v 9.139761 1.453430 3.260995
v 9.099901 1.383120 3.227725
v 9.112180 1.431404 3.236447
v 9.191339 1.441063 3.263489
v 8.121979 1.182243 4.830976
v 6.629428 1.514307 5.841711
v 8.119685 1.020578 4.818835
v 8.411543 0.924720 4.614789
v 8.058800 0.841203 5.108882
v 8.083447 0.782362 5.278049
v 6.662796 1.203990 5.915329
v 8.391146 0.746839 4.912011
v 8.418867 0.692009 5.082206
v 8.798241 0.619238 4.768703
v 8.832043 0.563854 4.917049
v 8.901197 0.663959 5.022323
v 8.495363 0.803012 5.197056
v 8.159942 0.893365 5.392899
v 6.690631 1.145880 6.093954
v 4.832408 2.269495 6.976458
v 4.982367 2.430295 6.162306
v 4.880959 2.507233 6.259740
v 4.612987 2.298390 7.486566
v 6.467264 4.149156 8.374238
v 5.992225 4.093833 8.178350
v 6.812459 4.047061 8.805178
v 8.974005 3.856975 9.496690
v 7.023263 4.115063 8.688099
v 6.689863 4.084810 9.019775
v 8.768637 3.917569 9.672362
v 6.702201 4.309714 9.121009
v 5.950918 4.379700 8.955603
v 8.746286 4.066044 9.716778
v 6.876657 4.499934 9.145719
v 8.819332 4.209067 9.688110
v 6.269178 4.637133 8.966761
v 7.098460 4.536024 9.035099
v 8.933516 4.257796 9.587996
v 6.659163 4.848876 8.740299
v 7.263164 4.418807 8.909221
v 6.874820 4.719932 8.576217
v 9.034838 4.188160 9.491623
v 7.199060 4.274240 8.735397
v 6.782263 4.536102 8.364501
v 9.121678 4.007770 9.395632
v 8.976635 3.902396 9.353509
v 9.963271 3.563338 9.127315
v 9.499991 3.979819 9.500373
v 10.044525 3.572935 9.139950
v 9.460320 4.136037 9.624769
v 9.714663 3.957937 9.678316
v 10.087233 3.541412 9.182204
v 11.076597 4.032828 10.662229
v 9.744326 3.856817 9.717566
v 9.759575 4.114277 9.816340
v 9.692392 4.164638 9.906904
v 11.101679 4.072723 10.687312
v 11.071989 4.090549 10.720098
v 11.921774 3.803624 11.221040
v 11.028805 3.982620 10.755348
v 11.021889 4.028605 10.766871
v 11.040823 4.073900 10.754247
v 11.032681 3.978530 10.703229
v 11.060795 3.993950 10.669756
v 9.607953 3.826002 9.777938
v 9.349933 3.794287 9.640465
v 9.568810 3.878416 9.994436
v 10.023661 3.462811 9.241554
v 10.082958 3.482889 9.204991
v 10.502524 2.901607 8.853607
v 9.953487 3.460378 9.224939
v 9.899700 3.484737 9.186665
v 10.460796 2.900369 8.844228
v 10.634697 2.572998 8.478731
v 10.429170 2.914582 8.821127
v 10.432471 2.932542 8.786242
v 10.466789 2.961095 8.786005
v 9.905445 3.514287 9.126390
v 10.514618 2.966914 8.793980
v 10.540145 2.948120 8.818485
v 10.537420 2.913979 8.832712
v 9.241716 3.865756 9.828855
v 9.556369 3.996459 10.033892
v 9.223286 4.002758 9.865345
v 9.606741 4.119126 9.998640
v 9.279525 4.138806 9.826687
v 9.374006 4.189109 9.724634
v 6.756770 4.674391 8.145033
v 7.774706 5.894905 8.143849
v 7.738648 5.978214 8.003404
v 8.270317 5.982008 7.874825
v 7.847583 6.065963 8.283744
v 8.307180 6.063045 7.951539
v 7.686126 6.176494 8.440103
v 8.071707 6.382429 8.244750
v 7.969776 6.540006 8.372389
v 8.372248 6.159863 7.952504
v 8.216788 6.673310 8.107605
v 8.982969 8.201017 7.456087
v 8.243464 6.657589 7.950860
v 8.157259 6.894205 8.217629
v 8.413220 6.238422 7.901415
v 8.415696 6.219748 7.813954
v 9.649036 5.506172 7.087122
v 9.650167 5.496258 7.038972
v 9.626356 5.463120 7.115369
v 10.530365 5.118784 6.847034
v 9.570230 5.416905 6.998323
v 9.550809 5.377096 7.025640
v 9.590627 5.409588 7.114692
v 9.608116 5.472471 7.002403
v 9.570031 5.365180 7.072550
v 8.338933 6.177241 7.747605
v 8.097937 6.575618 7.860167
v 8.270422 6.076012 7.740260
v 8.234912 6.004082 7.789773
v 7.916339 6.254484 7.920955
v 7.740357 6.350497 7.888748
v 7.610290 6.493484 7.940710
v 7.944564 6.719399 7.774672
v 7.512874 6.030269 7.929630
v 6.640791 4.876895 8.017066
v 7.370646 6.200804 7.972404
v 6.496590 5.163071 8.057169
v 7.330068 6.342910 8.125648
v 6.425551 5.341195 8.255082
v 7.397546 6.397645 8.313639
v 7.576937 6.628191 8.082297
v 7.657001 6.694255 8.250742
v 7.791678 6.979360 7.945887
v 8.678490 8.364052 7.328644
v 7.867130 7.041373 8.103007
v 7.822629 6.853579 7.813784
v 8.700371 8.276928 7.236375
v 8.784920 8.184748 7.205789
v 9.894329 9.673395 6.348922
v 9.886977 9.702505 6.379822
v 9.922527 9.642443 6.338774
v 10.415949 10.244437 5.965098
v 9.937207 9.707948 6.443095
v 9.903912 9.716151 6.417013
v 9.990200 9.649776 6.424023
v 9.985102 9.627026 6.387793
v 9.971286 9.681734 6.445863
v 9.958377 9.624130 6.354125
v 8.891638 8.127155 7.257354
v 8.972963 8.139927 7.351343
v 8.931841 8.303665 7.524749
v 8.829571 8.381503 7.516865
v 8.729515 8.405352 7.439417
v 8.013680 7.010603 8.211628
v 7.813631 6.659504 8.367263
v 7.547549 6.323974 8.447462
v 6.559747 5.153028 8.708460
v 6.126426 4.856749 8.854222
v 6.451122 5.348063 8.517613
v 6.025677 5.030739 8.595716
v 6.013116 5.015390 8.277990
v 6.092957 4.819674 8.039947
v 5.646416 4.834653 8.297530
v 6.234096 4.522304 7.993344
v 6.363830 4.274786 8.146403
v 6.561362 7.882162 7.306686
v 7.335053 8.991283 7.017915
v 7.357873 8.976189 7.017251
v 7.316692 9.003664 7.001831
v 7.582338 9.379628 7.049455
v 7.372323 8.968431 6.997471
v 7.315727 9.006190 6.976280
v 7.321805 8.987623 6.959593
v 7.362986 8.960148 6.975013
v 7.342080 8.969240 6.959869
v 6.460846 7.929322 7.224143
v 6.591807 7.867820 7.260061
vn 0.5181 -0.6547 -0.5504
vn 0.5421 -0.8403 0.0056
vn 0.2407 -0.1038 -0.9650
vn 0.4643 -0.6865 -0.5596
vn 0.3678 -0.7354 -0.5691
vn 0.5027 -0.8644 0.0099
vn 0.1632 -0.1323 -0.9777
vn 0.0707 -0.1933 -0.9786
vn -0.2175 0.4609 -0.8604
vn -0.1817 0.4827 -0.8568
vn -0.2470 0.4444 -0.8611
vn -0.3700 0.8423 -0.3919
vn -0.3474 0.8481 -0.4000
vn -0.4022 0.8284 -0.3898
vn -0.3315 0.9132 0.2369
vn -0.3067 0.9246 0.2259
vn -0.4020 0.8891 0.2190
vn -0.1073 0.5497 0.8284
vn -0.0832 0.5667 0.8197
vn -0.1963 0.5231 0.8293
vn 0.2021 -0.0915 0.9751
vn 0.2280 -0.0823 0.9702
vn 0.1594 -0.1638 0.9735
vn 0.4481 -0.6627 0.6000
vn 0.4746 -0.6577 0.5850
vn 0.4059 -0.6845 0.6055
vn 0.4637 -0.8859 0.0144
vn 0.3564 -0.6981 0.6210
vn 0.3407 -0.6908 0.6377
vn 0.0559 -0.4862 0.8721
vn 0.3775 -0.9229 0.0761
vn 0.1008 -0.9641 0.2457
vn 0.2265 -0.7885 -0.5718
vn -0.0450 -0.1741 -0.9837
vn -0.2839 -0.8512 -0.4414
vn -0.3619 -0.1142 -0.9252
vn -0.5514 -0.7819 -0.2910
vn -0.2188 -0.9470 0.2353
vn -0.7553 -0.3581 -0.5489
vn -0.4576 -0.8233 -0.3358
vn -0.4030 -0.8260 -0.3942
vn -0.1908 -0.9648 0.1810
vn -0.5560 -0.6835 -0.4730
vn -0.5185 -0.6516 -0.5538
vn -0.2542 -0.6841 -0.6836
vn 0.4474 0.1890 -0.8741
vn -0.5279 -0.3409 -0.7779
vn 0.1717 -0.7534 -0.6347
vn 0.8814 -0.3290 -0.3390
vn 0.2768 -0.6352 -0.7211
vn -0.5179 -0.4990 -0.6948
vn 0.8613 -0.3120 -0.4010
vn 0.1345 0.9641 -0.2288
vn 0.9750 0.1376 0.1745
vn 0.6209 0.5162 0.5900
vn 0.0106 0.7199 0.6940
vn -0.9117 -0.1078 -0.3964
vn -0.8590 0.4785 0.1822
vn -0.7880 0.6135 -0.0507
vn -0.8801 -0.2258 -0.4176
vn 0.0506 0.9225 0.3825
vn -0.5147 0.6078 -0.6047
vn 0.2181 0.9758 0.0134
vn -0.3029 0.4026 -0.8638
vn -0.3198 0.5326 -0.7836
vn 0.0471 0.4900 -0.8704
vn 0.9626 0.1613 -0.2175
vn -0.2794 0.4862 -0.8280
vn 0.0618 -0.1962 -0.9786
vn 0.3940 -0.7266 -0.5629
vn -0.3684 0.1504 -0.9174
vn 0.0902 -0.3065 -0.9476
vn 0.3413 -0.7562 -0.5583
vn -0.0094 -0.1450 -0.9894
vn 0.1260 -0.2693 -0.9548
vn 0.0681 -0.2269 -0.9715
vn 0.3343 -0.7528 -0.5670
vn 0.2948 0.0045 -0.9555
vn -0.1571 0.3994 -0.9032
vn 0.8521 0.5230 -0.0195
vn 0.8534 -0.3680 -0.3692
vn 0.9194 -0.3122 0.2394
vn 0.0759 -0.2334 -0.9694
vn 0.8222 -0.4765 -0.3114
vn 0.8918 -0.3809 0.2443
vn 0.1672 -0.2888 -0.9427
vn 0.8033 -0.4716 -0.3636
vn 0.8897 -0.3869 0.2423
vn 0.1492 -0.2503 -0.9566
vn 0.7596 -0.5295 -0.3777
vn 0.7123 -0.5780 -0.3982
vn 0.8523 -0.4546 0.2586
vn 0.1506 -0.2716 -0.9505
vn 0.1632 -0.3114 -0.9362
vn -0.4850 0.1675 -0.8583
vn -0.6049 0.4146 -0.6799
vn -0.4707 0.1729 -0.8652
vn -0.5193 0.1098 -0.8475
vn -0.6959 0.2189 -0.6840
vn -0.5444 0.1102 -0.8316
vn -0.9150 0.2080 -0.3457
vn -0.5362 0.0468 -0.8428
vn -0.8899 0.4169 -0.1850
vn -0.7290 0.6349 -0.2558
vn -0.7030 0.5375 0.4657
vn -0.1695 0.4584 0.8724
vn -0.5897 0.6681 0.4538
vn -0.8054 0.3114 0.5043
vn 0.1579 0.0925 0.9831
vn -0.7415 -0.4521 0.4958
vn -0.6070 -0.6558 0.4488
vn 0.3361 -0.3066 0.8905
vn -0.9477 -0.1151 -0.2977
vn -0.9320 -0.2520 -0.2604
vn -0.7197 0.1897 -0.6679
vn -0.7221 0.2015 -0.6618
vn -0.4164 0.4859 -0.7685
vn -0.2505 0.5945 -0.7641
vn 0.4833 0.7758 -0.4056
vn 0.8249 0.4049 0.3944
vn 0.5227 0.7830 -0.3372
vn -0.2394 0.9669 0.0880
vn -0.6602 0.6597 0.3591
vn 0.3917 0.3588 0.8472
vn 0.6080 -0.0686 0.7909
vn -0.0393 0.3454 0.9376
vn 0.4493 0.1301 0.8839
vn 0.6693 -0.0518 0.7411
vn 0.7122 -0.0077 0.7019
vn 0.7979 0.0415 0.6014
vn 0.3756 -0.4127 0.8298
vn 0.8706 0.4607 0.1726
vn -0.5766 0.7341 0.3588
vn 0.6985 -0.1167 0.7060
vn 0.7125 0.0313 0.7010
vn 0.0993 0.6955 0.7117
vn -0.3155 0.8822 0.3494
vn -0.2452 0.5987 0.7625
vn 0.0738 0.7672 0.6371
vn -0.1758 0.5681 0.8040
vn -0.3409 0.8384 0.4252
vn 0.6310 0.1167 0.7670
vn 0.2130 0.9190 0.3318
vn 0.2079 0.9619 0.1778
vn 0.8941 0.2535 0.3693
vn -0.4021 0.9007 0.1641
vn -0.4934 0.8540 0.1652
vn -0.9313 0.3605 -0.0510
vn -0.6407 0.6082 0.4686
vn -0.9566 0.2753 0.0954
vn -0.9229 -0.3239 -0.2081
vn -0.8115 -0.3813 0.4428
vn -0.9316 -0.3570 0.0688
vn -0.6101 -0.7034 -0.3646
vn 0.1302 -0.9592 0.2510
vn -0.8256 -0.5628 -0.0405
vn 0.4072 -0.8439 -0.3495
vn -0.5557 -0.5461 -0.6269
vn -0.5415 -0.4345 -0.7197
vn 0.1149 -0.4004 -0.9091
vn -0.8430 -0.5331 -0.0720
vn -0.7889 -0.6062 -0.1010
vn -0.6820 -0.4895 0.5434
vn -0.6150 -0.5148 0.5973
vn 0.0838 -0.2669 0.9601
vn -0.5551 -0.7236 0.4102
vn -0.8164 -0.3945 0.4218
vn 0.3726 -0.8875 0.2712
vn -0.3947 -0.9151 0.0826
vn -0.8874 -0.2047 0.4131
vn 0.5283 -0.7608 -0.3770
vn -0.5297 -0.7194 -0.4494
vn 0.4743 -0.6386 -0.6060
vn -0.9695 -0.1342 0.2052
vn 0.0456 -0.9543 0.2954
vn -0.5000 0.2928 0.8151
vn 0.9769 -0.1845 0.1079
vn 0.4860 0.2151 0.8471
vn -0.8289 0.2129 0.5172
vn 0.8488 -0.3718 -0.3759
vn 0.7931 -0.5214 -0.3149
vn 0.8329 -0.4878 -0.2615
vn 0.7512 -0.6295 0.1985
vn 0.8524 -0.5150 -0.0908
vn 0.1131 -0.5580 0.8221
vn 0.5667 0.7295 0.3829
vn -0.4810 0.8658 -0.1380
vn 0.2249 0.7638 -0.6050
vn -0.6568 -0.0008 0.7540
vn -0.8034 0.3978 0.4430
vn 0.8237 0.1428 -0.5488
vn 0.8287 0.1954 -0.5245
vn 0.2834 0.8793 -0.3827
vn 0.8386 0.3271 -0.4357
vn 0.8813 0.3311 -0.3371
vn 0.8137 -0.4214 -0.4004
vn 0.2815 0.9498 -0.1367
vn 0.2652 0.9634 -0.0391
vn -0.3901 0.8876 0.2449
vn -0.4217 0.8714 0.2508
vn -0.4504 0.8864 0.1068
vn -0.7960 0.3560 0.4895
vn -0.8492 0.3316 0.4110
vn -0.7966 0.3456 0.4960
vn -0.8310 0.1456 0.5369
vn 0.9332 -0.3244 -0.1545
vn 0.8914 0.0419 0.4512
vn 0.9974 -0.0670 0.0253
vn 0.9486 0.3122 0.0527
vn 0.9134 -0.4040 0.0491
vn 0.9626 0.2552 0.0906
vn 0.8789 0.4485 0.1623
vn 0.9355 0.0366 -0.3513
vn 0.7593 0.3727 -0.5334
vn -0.0497 -0.0666 -0.9965
vn 0.6171 -0.7686 -0.1687
vn 0.0390 -0.1919 0.9806
vn 0.6370 0.2876 0.7152
vn 0.6520 -0.6808 0.3337
vn 0.2445 -0.7768 0.5804
vn 0.4647 -0.8773 0.1199
vn 0.4445 -0.8957 -0.0099
vn 0.2361 -0.9649 -0.1152
vn 0.4533 -0.8911 -0.0217
vn 0.4587 -0.8879 0.0343
vn 0.6371 -0.5368 0.5532
vn 0.6769 0.1570 0.7191
vn 0.3278 -0.6704 0.6657
vn 0.3835 -0.6158 0.6883
vn 0.3972 -0.6095 0.6861
vn 0.2576 -0.1786 0.9496
vn 0.7138 -0.3344 0.6153
vn 0.0784 0.6229 0.7783
vn 0.8646 0.5023 -0.0113
vn -0.2608 0.9451 0.1968
vn -0.4405 0.8242 -0.3560
vn 0.0608 0.9397 -0.3366
vn -0.3896 0.8210 -0.4172
vn -0.3293 0.8194 -0.4692
vn 0.4604 0.6334 -0.6219
vn -0.4193 0.7631 -0.4918
vn 0.9055 0.2080 -0.3698
vn 0.4693 0.6482 -0.5997
vn 0.4330 0.6710 -0.6019
vn -0.4033 0.7409 -0.5371
vn 0.9203 0.2518 -0.2993
vn 0.9421 0.2523 -0.2209
vn 0.9821 -0.1810 0.0520
vn 0.9705 -0.1734 0.1674
vn 0.9741 -0.2258 0.0137
vn 0.9053 -0.3641 0.2190
vn 0.7911 -0.3056 0.5299
vn 0.9840 -0.1780 -0.0007
vn 0.7367 -0.6432 0.2086
vn 0.4200 -0.6286 0.6546
vn -0.2832 -0.9169 0.2812
vn 0.6493 -0.6628 -0.3729
vn 0.1457 -0.9288 0.3407
vn -0.4451 -0.7751 -0.4484
vn -0.9694 -0.2351 -0.0712
vn -0.9895 0.0646 0.1290
vn -0.9642 0.1602 0.2114
vn -0.9765 0.2050 0.0668
vn -0.7555 0.3952 0.5226
vn -0.9624 0.0819 0.2589
vn 0.0889 0.5182 0.8506
vn -0.2291 -0.1749 0.9576
vn 0.8775 0.1680 0.4491
vn -0.4100 -0.7017 0.5827
vn -0.9408 -0.2708 0.2039
vn 0.4775 -0.6720 0.5661
vn -0.4193 -0.8321 0.3631
vn -0.4143 -0.8581 0.3032
vn -0.9407 -0.3168 0.1210
vn 0.4378 -0.8109 0.3883
vn 0.9489 -0.2749 0.1548
vn 0.4022 -0.8667 0.2949
vn 0.9321 -0.3274 0.1549
vn 0.4009 -0.7897 0.4644
vn -0.3967 -0.7263 0.5613
vn 0.9357 -0.3376 0.1023
vn 0.3825 0.8137 0.4378
vn -0.6289 0.7684 -0.1186
vn 0.9300 0.2561 -0.2636
vn -0.9193 0.3797 0.1035
vn 0.3221 0.8803 -0.3482
vn -0.8971 -0.1590 0.4122
vn -0.9283 -0.3235 0.1834
vn -0.9703 0.2395 0.0331
vn -0.8548 0.5100 0.0957
vn -0.9723 0.2123 -0.0980
vn -0.9551 0.2236 -0.1942
vn -0.9494 0.3005 -0.0916
vn -0.7492 0.4214 -0.5110
vn -0.9610 0.2655 -0.0770
vn -0.7772 0.1597 -0.6087
vn -0.8311 0.3567 0.4267
vn 0.2287 0.9718 -0.0573
vn -0.1565 0.3555 0.9215
vn 0.7874 0.0608 0.6135
vn 0.9897 -0.1209 0.0765
vn 0.2344 -0.0789 -0.9689
vn 0.9103 -0.1660 -0.3792
vn 0.9782 0.0477 -0.2020
vn 0.3837 0.3591 -0.8508
vn 0.9511 -0.2421 0.1919
vn 0.9904 -0.0918 0.1036
vn 0.9754 0.1378 0.1719
vn -0.0142 0.8199 0.5724
vn -0.4877 0.6706 -0.5590
vn -0.9317 0.3059 -0.1957
vn -0.9092 0.3964 -0.1273
vn -0.8567 0.5053 -0.1035
vn -0.6604 0.7507 -0.0171
vn -0.5849 0.2875 0.7585
vn -0.4198 0.7972 -0.4338
vn -0.3846 0.7800 -0.4936
vn -0.2756 0.4599 -0.8441
vn -0.3266 0.4835 -0.8121
vn 0.3323 -0.5779 0.7454
vn 0.3330 -0.5690 0.7519
vn 0.6104 0.1741 0.7727
vn 0.3381 -0.5555 0.7597
vn -0.1253 -0.9787 0.1625
vn 0.3251 -0.5501 0.7693
vn 0.5713 0.1964 0.7969
vn 0.5524 0.2095 0.8068
vn 0.4786 0.8117 0.3348
vn 0.5316 0.7749 0.3419
vn 0.5787 0.8142 -0.0465
vn 0.4439 0.8248 0.3503
vn 0.1453 0.9646 -0.2202
vn 0.4290 0.8205 0.3779
vn 0.0517 0.9987 0.0008
vn 0.5372 0.2190 0.8146
vn 0.4574 0.8024 0.3835
vn 0.5030 0.2517 0.8268
vn 0.3880 0.8885 0.2451
vn 0.4938 0.7940 0.3547
vn 0.4629 0.2614 0.8470
vn 0.6069 0.7801 0.1520
vn 0.4612 0.8307 0.3119
vn 0.5012 0.2207 0.8367
vn 0.2808 0.9249 -0.2562
vn 0.9163 -0.2823 -0.2842
vn -0.4137 -0.3950 -0.8203
vn -0.4098 -0.8139 -0.4119
vn 0.2357 -0.5286 0.8155
vn -0.1840 -0.9642 0.1912
vn -0.0927 0.5254 -0.8458
vn 0.8148 -0.1349 -0.5638
vn -0.2574 -0.7848 -0.5637
vn 0.8503 -0.5102 0.1288
vn 0.2440 -0.9368 -0.2509
vn 0.8903 0.2780 0.3607
vn 0.7038 0.2827 -0.6517
vn -0.4359 -0.7676 -0.4698
vn -0.1057 0.9893 0.1006
vn -0.8063 -0.2514 -0.5354
vn -0.7196 0.6301 -0.2918
vn 0.4474 0.8289 0.3357
vn -0.5325 0.6230 -0.5730
vn -0.2833 0.5744 -0.7680
vn -0.6652 -0.3958 -0.6331
vn -0.4815 -0.7196 -0.5003
vn -0.4486 -0.8084 -0.3812
vn -0.1602 -0.9724 0.1696
vn -0.4311 -0.8109 -0.3957
vn -0.4270 -0.8209 -0.3793
vn -0.1973 -0.9656 0.1696
vn -0.3940 -0.8281 -0.3987
vn -0.2284 -0.9550 0.1890
vn 0.1741 -0.5070 0.8442
vn 0.2504 -0.5287 0.8110
vn 0.3106 -0.5469 0.7775
vn -0.1412 -0.9763 0.1640
vn 0.4531 0.8700 0.1946
vn 0.9336 0.3331 0.1318
vn 0.5526 0.7303 0.4015
vn 0.5971 0.7483 0.2890
vn 0.3548 -0.7940 -0.4936
vn 0.2855 -0.7408 -0.6081
vn 0.0283 -0.9938 -0.1072
vn -0.2077 -0.9768 -0.0531
vn 0.2510 -0.7203 -0.6467
vn -0.1619 -0.8254 0.5409
vn -0.2492 -0.8058 0.5372
vn -0.2552 -0.0981 0.9619
vn -0.0286 -0.0006 0.9996
vn -0.2893 -0.0424 0.9563
vn -0.0962 0.5601 0.8228
vn -0.1034 0.7036 0.7030
vn -0.0634 0.3415 0.9377
vn 0.2790 0.9315 0.2332
vn 0.1406 0.9897 0.0258
vn 0.3105 0.4789 0.8211
vn 0.4672 0.7263 -0.5042
vn 0.9767 0.1632 0.1395
vn 0.2796 0.7887 -0.5476
vn 0.5158 0.1371 -0.8457
vn 0.7246 -0.3836 -0.5726
vn 0.1891 0.5015 -0.8442
vn -0.0374 -0.6131 -0.7891
vn 0.0197 0.5777 -0.8160
vn 0.3470 0.7071 -0.6161
vn 0.3711 0.7634 -0.5287
vn 0.3317 0.7818 -0.5280
vn 0.6546 0.5310 -0.5381
vn 0.8106 0.5809 0.0737
vn 0.5506 0.0587 -0.8327
vn 0.7934 -0.6003 0.1007
vn 0.3888 0.7557 -0.5270
vn 0.0543 0.9983 0.0208
vn 0.4830 0.7192 -0.4995
vn 0.1383 0.9871 0.0809
vn 0.9544 -0.2267 0.1944
vn -0.3336 -0.7813 0.5275
vn -0.4415 0.0871 0.8930
vn -0.2222 0.7578 0.6135
vn 0.0142 -0.9989 -0.0439
vn 0.3485 -0.7086 -0.6135
vn 0.0151 -0.9430 0.3324
vn -0.1907 -0.9392 0.2856
vn -0.2418 -0.7818 0.5747
vn 0.1921 -0.6102 0.7686
vn 0.7221 0.0199 0.6915
vn 0.2579 -0.5419 0.7999
vn -0.3383 -0.8276 0.4479
vn -0.5265 -0.8499 -0.0235
vn -0.3787 -0.7426 0.5525
vn 0.3716 -0.8336 -0.4087
vn -0.7710 -0.6351 0.0473
vn -0.7546 -0.0746 -0.6519
vn -0.1107 0.5016 -0.8580
vn -0.5338 -0.2720 -0.8007
vn 0.5183 0.6794 -0.5194
vn 0.9033 0.4189 0.0930
vn 0.8254 -0.1257 0.5504
vn -0.2757 -0.7904 0.5470
vn -0.4466 0.0555 0.8930
vn -0.3622 0.0230 0.9318
vn -0.2782 0.7513 0.5984
vn -0.1852 0.7271 0.6611
vn 0.0877 0.9961 0.0133
vn 0.5448 -0.4897 -0.6807
vn 0.6294 -0.7741 -0.0677
vn 0.1667 -0.5775 -0.7992
vn -0.0349 -0.9707 0.2375
vn 0.5747 -0.4382 0.6911
vn 0.4094 -0.5056 0.7594
vn 0.3566 -0.0776 0.9310
vn 0.6413 -0.1810 0.7456
vn 0.4668 0.0042 0.8843
vn 0.5900 -0.1112 0.7997
vn 0.8765 -0.0712 0.4761
vn 0.8608 -0.2781 0.4263
vn 0.9514 -0.1131 -0.2863
vn 0.5287 0.1090 0.8418
vn 0.8427 0.3672 0.3937
vn 0.4596 0.7676 -0.4468
vn 0.5369 0.7916 0.2917
vn 0.2670 0.8674 -0.4200
vn 0.4341 0.0193 0.9007
vn 0.9315 -0.3230 -0.1671
vn -0.3577 -0.0942 -0.9291
vn -0.4674 -0.7604 -0.4509
vn 0.1842 -0.5164 0.8363
vn -0.0553 0.5372 -0.8417
vn -0.2178 -0.9419 0.2557
vn -0.0988 0.4195 -0.9024
vn 0.2101 -0.1376 -0.9680
vn -0.4488 0.0044 -0.8936
vn -0.4272 -0.6623 -0.6155
vn -0.1444 -0.1546 -0.9774
vn -0.0862 -0.1567 -0.9839
vn -0.5730 0.2302 -0.7865
vn -0.1432 -0.2449 -0.9589
vn 0.0288 -0.1320 -0.9908
vn 0.1415 -0.1448 -0.9793
vn -0.4658 0.3034 -0.8313
vn -0.3615 0.3408 -0.8679
vn -0.7425 0.6228 -0.2465
vn -0.6676 0.6874 -0.2860
vn -0.6427 0.6476 0.4094
vn -0.8154 0.5499 -0.1811
vn -0.6554 0.6043 0.4531
vn -0.8657 0.4813 -0.1377
vn -0.8335 0.5299 -0.1563
vn -0.6626 0.6090 0.4360
vn -0.6795 0.1381 -0.7206
vn -0.6945 0.1365 -0.7064
vn -0.1782 -0.3259 -0.9285
vn -0.6812 0.1300 -0.7205
vn -0.7864 0.5814 -0.2089
vn -0.2020 -0.3850 -0.9005
vn 0.6503 0.7162 -0.2533
vn -0.0243 0.6605 0.7504
vn -0.5391 0.7740 0.3321
vn 0.8576 -0.2912 0.4239
vn 0.7759 -0.6185 -0.1243
vn 0.5555 0.2264 0.8001
vn 0.3855 -0.6690 -0.6354
vn 0.4201 -0.5815 -0.6968
vn 0.8176 -0.5574 -0.1445
vn 0.5318 0.1778 0.8280
vn -0.0866 0.5911 0.8020
vn -0.6037 0.6986 0.3839
vn -0.1332 0.4898 0.8616
vn -0.1495 0.4105 0.8995
vn -0.1822 0.3576 0.9159
vn -0.1045 0.4392 0.8923
vn -0.1623 0.5318 0.8312
vn -0.5754 0.7207 0.3867
vn -0.4552 0.8251 0.3347
vn -0.5141 0.7939 -0.3247
vn -0.2595 0.3921 -0.8826
vn -0.3054 0.8957 -0.3232
vn 0.1284 -0.1908 -0.9732
vn 0.3926 -0.6318 -0.6684
vn 0.5301 -0.1251 0.8387
vn -0.2062 0.2296 0.9512
vn 0.4537 -0.2165 0.8645
vn -0.7209 0.5627 0.4046
vn 0.5131 0.8553 0.0720
vn 0.8613 -0.4803 0.1659
vn -0.7490 0.5747 -0.3299
vn -0.3374 0.2511 -0.9073
vn 0.7436 -0.4722 -0.4733
vn 0.2667 -0.1815 -0.9465
vn -0.7565 0.5136 -0.4049
vn 0.8247 -0.5096 0.2452
vt 0.982454 0.027982
vt 0.974666 0.029427
vt 0.973655 0.023931
vt 0.981274 0.022193
vt 0.983329 0.035119
vt 0.975489 0.036353
vt 0.945081 0.040216
vt 0.944613 0.033932
vt 0.943980 0.029137
vt 0.984242 0.043955
vt 0.976300 0.044807
vt 0.945339 0.047368
vt 0.985108 0.051762
vt 0.976968 0.052174
vt 0.945604 0.053614
vt 0.985757 0.058094
vt 0.977386 0.058182
vt 0.945673 0.058600
vt 0.985357 0.064708
vt 0.977180 0.064527
vt 0.945931 0.064178
vt 0.984520 0.074238
vt 0.976544 0.073541
vt 0.945500 0.071361
vt 0.983708 0.082514
vt 0.975843 0.081392
vt 0.945278 0.078137
vt 0.982780 0.089053
vt 0.975050 0.087558
vt 0.945123 0.083424
vt 0.895513 0.081979
vt 0.895016 0.077599
vt 0.892163 0.069420
vt 0.882612 0.082292
vt 0.884710 0.076454
vt 0.883484 0.069415
vt 0.893802 0.033522
vt 0.894307 0.037792
vt 0.880711 0.037783
vt 0.880452 0.033518
vt 0.894472 0.043358
vt 0.881139 0.043559
vt 0.956745 0.101884
vt 0.965384 0.098138
vt 0.960242 0.146600
vt 0.952734 0.146358
vt 0.949943 0.100406
vt 0.947599 0.145577
vt 0.951128 0.160801
vt 0.946833 0.160042
vt 0.957104 0.159280
vt 0.957492 0.170217
vt 0.950489 0.173695
vt 0.946042 0.173117
vt 0.730183 0.194505
vt 0.743533 0.196199
vt 0.729262 0.210689
vt 0.723894 0.208594
vt 0.719115 0.194340
vt 0.719119 0.208893
vt 0.714040 0.197445
vt 0.715068 0.210563
vt 0.962795 0.173761
vt 0.956396 0.219839
vt 0.951485 0.219408
vt 0.946971 0.221369
vt 0.712699 0.235335
vt 0.709883 0.235347
vt 0.707704 0.236661
vt 0.700304 0.266163
vt 0.705800 0.237151
vt 0.703187 0.237028
vt 0.717761 0.242276
vt 0.719850 0.244488
vt 0.716452 0.240023
vt 0.715479 0.237301
vt 0.732313 0.214686
vt 0.734044 0.218694
vt 0.747688 0.201992
vt 0.748661 0.208595
vt 0.973014 0.103878
vt 0.981164 0.112032
vt 0.971086 0.149703
vt 0.967012 0.143985
vt 0.883885 0.050681
vt 0.879547 0.051694
vt 0.876338 0.046024
vt 0.873041 0.053203
vt 0.871183 0.047553
vt 0.868631 0.044457
vt 0.858489 0.050377
vt 0.858038 0.047357
vt 0.985757 0.121121
vt 0.977524 0.152454
vt 0.856245 0.055096
vt 0.853650 0.050010
vt 0.853821 0.047167
vt 0.851861 0.054238
vt 0.849565 0.049313
vt 0.850228 0.045939
vt 0.848150 0.054935
vt 0.839546 0.052563
vt 0.840735 0.046856
vt 0.842435 0.042207
vt 0.846342 0.058512
vt 0.838912 0.057915
vt 0.847128 0.059377
vt 0.846991 0.059722
vt 0.846864 0.058399
vt 0.846993 0.059632
vt 0.846881 0.059780
vt 0.846869 0.059792
vt 0.846890 0.059787
vt 0.846880 0.059791
vt 0.846879 0.059794
vt 0.846885 0.059788
vt 0.846882 0.059792
vt 0.846882 0.059792
vt 0.846882 0.059792
vt 0.846881 0.059791
vt 0.846884 0.059791
vt 0.846890 0.059788
vt 0.846890 0.059790
vt 0.846884 0.059791
vt 0.846914 0.059767
vt 0.846911 0.059792
vt 0.847578 0.059259
vt 0.847722 0.059456
vt 0.856803 0.058051
vt 0.855701 0.060151
vt 0.847625 0.059523
vt 0.846937 0.059778
vt 0.847462 0.059605
vt 0.846889 0.059795
vt 0.851659 0.061206
vt 0.726695 0.194124
vt 0.724631 0.192575
vt 0.731414 0.181297
vt 0.732912 0.182059
vt 0.721772 0.189306
vt 0.729572 0.179860
vt 0.741682 0.148071
vt 0.742836 0.148593
vt 0.743578 0.148994
vt 0.735144 0.181839
vt 0.744729 0.148980
vt 0.732614 0.192765
vt 0.738953 0.191823
vt 0.737422 0.181364
vt 0.745818 0.148895
vt 0.741545 0.189899
vt 0.739167 0.180233
vt 0.746532 0.148541
vt 0.740776 0.181376
vt 0.747103 0.149151
vt 0.744389 0.190813
vt 0.846883 0.059791
vt 0.846883 0.059792
vt 0.846884 0.059794
vt 0.846880 0.059795
vt 0.846881 0.059792
vt 0.748661 0.188884
vt 0.742155 0.181722
vt 0.846881 0.059802
vt 0.720163 0.184253
vt 0.728433 0.178267
vt 0.740810 0.147346
vt 0.747782 0.149494
vt 0.748661 0.134308
vt 0.846879 0.059793
vt 0.846874 0.059802
vt 0.847218 0.059709
vt 0.847039 0.059780
vt 0.850754 0.060993
vt 0.850264 0.060851
vt 0.847843 0.060871
vt 0.839336 0.062094
vt 0.850245 0.066413
vt 0.840195 0.066552
vt 0.850997 0.061129
vt 0.853759 0.065631
vt 0.849542 0.069577
vt 0.840954 0.071651
vt 0.851173 0.208617
vt 0.840690 0.206213
vt 0.830888 0.180711
vt 0.836619 0.180590
vt 0.858359 0.203971
vt 0.841975 0.177960
vt 0.827685 0.175074
vt 0.832444 0.173906
vt 0.837395 0.171171
vt 0.829006 0.204753
vt 0.825440 0.180272
vt 0.823752 0.175357
vt 0.821088 0.201919
vt 0.820854 0.179662
vt 0.820686 0.175014
vt 0.814218 0.204987
vt 0.816266 0.179826
vt 0.817911 0.175673
vt 0.804047 0.206770
vt 0.812141 0.182067
vt 0.704517 0.141295
vt 0.709977 0.141295
vt 0.707098 0.148935
vt 0.704634 0.148716
vt 0.714149 0.143188
vt 0.710152 0.150156
vt 0.708322 0.176815
vt 0.706762 0.175904
vt 0.705549 0.175571
vt 0.698484 0.142029
vt 0.702400 0.149060
vt 0.704452 0.175770
vt 0.699953 0.150366
vt 0.703336 0.176622
vt 0.695402 0.143806
vt 0.820318 0.170024
vt 0.816806 0.171306
vt 0.814111 0.141436
vt 0.816178 0.139911
vt 0.814101 0.169297
vt 0.812203 0.139250
vt 0.739026 0.098138
vt 0.741589 0.098138
vt 0.741664 0.107738
vt 0.740545 0.107584
vt 0.744206 0.099436
vt 0.742822 0.107855
vt 0.745476 0.120638
vt 0.744014 0.108250
vt 0.738885 0.109054
vt 0.739428 0.108274
vt 0.738526 0.110075
vt 0.737925 0.110714
vt 0.737592 0.111164
vt 0.730756 0.112054
vt 0.727418 0.107142
vt 0.748661 0.103372
vt 0.809002 0.138591
vt 0.809409 0.131534
vt 0.811565 0.133483
vt 0.808932 0.122657
vt 0.811223 0.127607
vt 0.809245 0.098138
vt 0.727393 0.105518
vt 0.812606 0.126405
vt 0.817194 0.120450
vt 0.816376 0.123324
vt 0.818714 0.118022
vt 0.821208 0.116677
vt 0.814532 0.127660
vt 0.807544 0.119780
vt 0.807109 0.129368
vt 0.824893 0.125534
vt 0.822127 0.127425
vt 0.826711 0.133362
vt 0.824345 0.135635
vt 0.805949 0.136780
vt 0.810450 0.169655
vt 0.805045 0.166352
vt 0.834990 0.163303
vt 0.831055 0.166000
vt 0.827402 0.168420
vt 0.822299 0.138120
vt 0.819983 0.130115
vt 0.823768 0.169988
vt 0.819795 0.140221
vt 0.818013 0.132622
vt 0.815369 0.133975
vt 0.728523 0.103955
vt 0.734552 0.102285
vt 0.692058 0.143929
vt 0.696740 0.150401
vt 0.689295 0.148130
vt 0.694713 0.151232
vt 0.809783 0.175465
vt 0.804025 0.173601
vt 0.807891 0.180748
vt 0.800622 0.180098
vt 0.718111 0.143490
vt 0.719947 0.147726
vt 0.714231 0.150538
vt 0.713045 0.149954
vt 0.710943 0.176601
vt 0.710023 0.176581
vt 0.701587 0.176650
vt 0.700218 0.176997
vt 0.706213 0.194124
vt 0.794290 0.208617
vt 0.786734 0.204993
vt 0.851406 0.072185
vt 0.849456 0.076158
vt 0.842076 0.077364
vt 0.843253 0.074542
vt 0.855103 0.072458
vt 0.853560 0.075962
vt 0.851632 0.043885
vt 0.843975 0.038436
vt 0.854489 0.045364
vt 0.858036 0.045212
vt 0.858977 0.072039
vt 0.858591 0.076104
vt 0.869453 0.041457
vt 0.873932 0.074089
vt 0.872222 0.079020
vt 0.924702 0.115845
vt 0.931783 0.111462
vt 0.934757 0.146959
vt 0.928560 0.148077
vt 0.941931 0.106063
vt 0.941270 0.146094
vt 0.880456 0.075529
vt 0.877432 0.080919
vt 0.879897 0.068287
vt 0.874260 0.069687
vt 0.859827 0.069050
vt 0.878689 0.063791
vt 0.874161 0.064918
vt 0.858173 0.065985
vt 0.880038 0.060894
vt 0.874293 0.060644
vt 0.855966 0.060420
vt 0.873830 0.057214
vt 0.880297 0.055580
vt 0.917522 0.247171
vt 0.910386 0.250415
vt 0.906105 0.204499
vt 0.910667 0.202432
vt 0.884427 0.054862
vt 0.883299 0.060485
vt 0.924487 0.243429
vt 0.915205 0.201547
vt 0.907308 0.194110
vt 0.911277 0.193053
vt 0.915019 0.193023
vt 0.908266 0.183646
vt 0.912018 0.183380
vt 0.915492 0.184078
vt 0.882866 0.191476
vt 0.880828 0.187049
vt 0.884174 0.177591
vt 0.886111 0.181978
vt 0.879897 0.201184
vt 0.877610 0.195821
vt 0.887149 0.197297
vt 0.890345 0.188714
vt 0.885168 0.206017
vt 0.683313 0.293634
vt 0.681935 0.284430
vt 0.707374 0.295766
vt 0.707480 0.297258
vt 0.711665 0.267497
vt 0.720336 0.266379
vt 0.715707 0.290190
vt 0.714481 0.290805
vt 0.877693 0.264471
vt 0.865704 0.251743
vt 0.888492 0.210402
vt 0.861112 0.245458
vt 0.707172 0.270445
vt 0.712825 0.291597
vt 0.720336 0.303363
vt 0.710741 0.291442
vt 0.700894 0.270247
vt 0.692498 0.273855
vt 0.709001 0.291885
vt 0.684813 0.276901
vt 0.708119 0.292537
vt 0.684245 0.280472
vt 0.707945 0.294073
vt 0.897900 0.188307
vt 0.894524 0.187066
vt 0.905173 0.141046
vt 0.908966 0.140254
vt 0.901847 0.140691
vt 0.907709 0.131053
vt 0.911316 0.130477
vt 0.904658 0.130501
vt 0.906300 0.126455
vt 0.908543 0.126897
vt 0.911355 0.126603
vt 0.899314 0.137854
vt 0.902051 0.128473
vt 0.904195 0.124949
vt 0.909407 0.111825
vt 0.910264 0.113027
vt 0.911437 0.113537
vt 0.914110 0.098138
vt 0.916661 0.111831
vt 0.915544 0.112758
vt 0.914397 0.113396
vt 0.917862 0.111159
vt 0.908260 0.110443
vt 0.913070 0.113436
vt 0.913578 0.126939
vt 0.914039 0.130671
vt 0.919124 0.125040
vt 0.920372 0.127517
vt 0.918751 0.134411
vt 0.912273 0.139730
vt 0.737481 0.322850
vt 0.731920 0.316400
vt 0.738642 0.279127
vt 0.739540 0.279328
vt 0.728439 0.316127
vt 0.737826 0.278717
vt 0.740570 0.266379
vt 0.740539 0.279079
vt 0.737023 0.278034
vt 0.735951 0.278067
vt 0.735016 0.277914
vt 0.742362 0.279055
vt 0.741504 0.279280
vt 0.743459 0.322850
vt 0.740599 0.321998
vt 0.748661 0.316485
vt 0.921656 0.135522
vt 0.924487 0.135952
vt 0.895472 0.128869
vt 0.896674 0.121954
vt 0.723780 0.314723
vt 0.720552 0.313008
vt 0.899049 0.120188
vt 0.726742 0.313307
vt 0.923844 0.122756
vt 0.921190 0.123281
vt 0.904946 0.185094
vt 0.903705 0.195553
vt 0.896197 0.196872
vt 0.902173 0.206800
vt 0.894313 0.206835
vt 0.897027 0.261813
vt 0.888668 0.262916
vt 0.894234 0.063926
vt 0.891619 0.060276
vt 0.894482 0.053933
vt 0.894242 0.049093
vt 0.858575 0.234941
vt 0.941169 0.159715
vt 0.934932 0.159840
vt 0.940423 0.173045
vt 0.934468 0.173407
vt 0.943310 0.220674
vt 0.938656 0.220569
vt 0.933832 0.220793
vt 0.928817 0.173824
vt 0.929228 0.221206
vt 0.928742 0.160406
vt 0.970006 0.161082
vt 0.975608 0.164422
vt 0.972740 0.177394
vt 0.967539 0.171879
vt 0.963871 0.223997
vt 0.960312 0.220978
vt 0.930078 0.265120
vt 0.925714 0.265360
vt 0.962667 0.268322
vt 0.956379 0.270289
vt 0.961776 0.279052
vt 0.955646 0.279216
vt 0.929223 0.276024
vt 0.924702 0.276190
vt 0.929419 0.289113
vt 0.925417 0.288888
vt 0.959334 0.291435
vt 0.954139 0.287592
vt 0.932280 0.353865
vt 0.930409 0.354043
vt 0.943922 0.354838
vt 0.942758 0.353140
vt 0.933774 0.407198
vt 0.939269 0.352507
vt 0.941218 0.352780
vt 0.937553 0.353741
vt 0.936077 0.353634
vt 0.934211 0.353720
vt 0.947726 0.286556
vt 0.951085 0.289960
vt 0.837354 0.212748
vt 0.842119 0.213928
vt 0.814195 0.228589
vt 0.812990 0.227804
vt 0.836890 0.208832
vt 0.812507 0.226773
vt 0.798379 0.234327
vt 0.815046 0.229297
vt 0.815905 0.230516
vt 0.815628 0.232999
vt 0.814858 0.234243
vt 0.815762 0.231922
vt 0.814386 0.235221
vt 0.857530 0.231890
vt 0.849240 0.237202
vt 0.843289 0.244331
vt 0.858359 0.228283
vt 0.858359 0.223766
vt 0.953405 0.268185
vt 0.949069 0.268960
vt 0.849594 0.219560
vt 0.942489 0.265785
vt 0.948371 0.277841
vt 0.941809 0.276214
vt 0.939076 0.265153
vt 0.938390 0.275885
vt 0.940966 0.288530
vt 0.937765 0.288799
vt 0.933942 0.275869
vt 0.933725 0.288920
vt 0.934699 0.264999
vt 0.700304 0.200799
vt 0.709502 0.197895
vt 0.711621 0.210927
vt 0.707695 0.210923
vt 0.747353 0.219197
vt 0.735462 0.222727
vt 0.920016 0.287535
vt 0.909907 0.291541
vt 0.894506 0.288076
vt 0.900323 0.284328
vt 0.835590 0.038217
vt 0.837401 0.033994
vt 0.924487 0.281176
vt 0.903652 0.279515
vt 0.839398 0.278041
vt 0.845071 0.273789
vt 0.839505 0.280892
vt 0.903741 0.272753
vt 0.846233 0.269601
vt 0.924108 0.272044
vt 0.915980 0.264687
vt 0.899575 0.266933
vt 0.844937 0.265255
vt 0.904394 0.312320
vt 0.909215 0.316433
vt 0.857783 0.313575
vt 0.855254 0.310637
vt 0.918417 0.309184
vt 0.924487 0.319458
vt 0.899853 0.308466
vt 0.852660 0.307679
vt 0.912258 0.305536
vt 0.900334 0.300694
vt 0.895760 0.305320
vt 0.886015 0.296747
vt 0.889121 0.292280
vt 0.837020 0.289299
vt 0.835329 0.283566
vt 0.770029 0.194340
vt 0.774682 0.196243
vt 0.774972 0.223696
vt 0.772831 0.223321
vt 0.825298 0.287085
vt 0.825606 0.282141
vt 0.780382 0.205066
vt 0.776722 0.225125
vt 0.785215 0.209328
vt 0.777776 0.226293
vt 0.816485 0.284849
vt 0.819716 0.280574
vt 0.786518 0.211876
vt 0.778937 0.227422
vt 0.819135 0.277943
vt 0.779415 0.271668
vt 0.779968 0.270453
vt 0.778375 0.272814
vt 0.840587 0.307190
vt 0.842790 0.310199
vt 0.832939 0.311235
vt 0.831237 0.308343
vt 0.788032 0.316140
vt 0.787124 0.315015
vt 0.755322 0.319458
vt 0.749214 0.265399
vt 0.788808 0.317355
vt 0.780614 0.268227
vt 0.780686 0.269384
vt 0.780930 0.266780
vt 0.780633 0.265288
vt 0.822655 0.276349
vt 0.822951 0.271734
vt 0.758888 0.210339
vt 0.763327 0.204396
vt 0.770243 0.224788
vt 0.768967 0.226272
vt 0.831992 0.272836
vt 0.829539 0.277096
vt 0.757720 0.214152
vt 0.767824 0.227653
vt 0.770883 0.248660
vt 0.769902 0.249230
vt 0.771875 0.248061
vt 0.767163 0.194340
vt 0.771350 0.223374
vt 0.772670 0.247435
vt 0.773787 0.261486
vt 0.773480 0.247397
vt 0.774736 0.247301
vt 0.775976 0.247816
vt 0.776705 0.248410
vt 0.777384 0.249100
vt 0.832757 0.269023
vt 0.823187 0.268301
vt 0.831786 0.264936
vt 0.822100 0.264687
vt 0.844977 0.313240
vt 0.835110 0.314095
vt 0.821885 0.035471
vt 0.825241 0.030766
vt 0.765207 0.034773
vt 0.767063 0.030812
vt 0.821609 0.091678
vt 0.828651 0.097922
vt 0.766128 0.097743
vt 0.759747 0.093194
vt 0.748877 0.104234
vt 0.750663 0.102577
vt 0.758135 0.110333
vt 0.756782 0.110963
vt 0.784317 0.107809
vt 0.786518 0.111552
vt 0.775724 0.114599
vt 0.773865 0.112810
vt 0.822796 0.081216
vt 0.759836 0.083376
vt 0.777286 0.103311
vt 0.770982 0.111586
vt 0.741993 0.096046
vt 0.738002 0.085992
vt 0.723510 0.097922
vt 0.715438 0.085824
vt 0.771320 0.098138
vt 0.768416 0.110580
vt 0.612718 0.088869
vt 0.610810 0.080121
vt 0.724174 0.014802
vt 0.723109 0.021971
vt 0.615496 0.026775
vt 0.612582 0.020580
vt 0.769185 0.099278
vt 0.766446 0.111198
vt 0.759368 0.157686
vt 0.757659 0.157554
vt 0.756578 0.157883
vt 0.748877 0.194124
vt 0.753026 0.156210
vt 0.755109 0.156940
vt 0.751558 0.155704
vt 0.750383 0.155957
vt 0.761493 0.157912
vt 0.763231 0.158712
vt 0.763636 0.110542
vt 0.760322 0.110524
vt 0.765313 0.099257
vt 0.757273 0.101737
vt 0.751050 0.032432
vt 0.750603 0.042168
vt 0.727598 0.041102
vt 0.731258 0.029487
vt 0.768075 0.043490
vt 0.748063 0.051985
vt 0.724851 0.051292
vt 0.765946 0.052719
vt 0.819164 0.041993
vt 0.815801 0.051288
vt 0.813913 0.058982
vt 0.762637 0.060291
vt 0.743964 0.060353
vt 0.813969 0.065015
vt 0.759390 0.066409
vt 0.739630 0.067364
vt 0.716613 0.066565
vt 0.720695 0.059594
vt 0.615904 0.057893
vt 0.618265 0.050474
vt 0.613149 0.064036
vt 0.619197 0.041655
vt 0.470896 0.052866
vt 0.470873 0.048706
vt 0.470177 0.056498
vt 0.376309 0.055405
vt 0.469035 0.059503
vt 0.467932 0.062920
vt 0.467300 0.067014
vt 0.467205 0.038932
vt 0.468717 0.041942
vt 0.467362 0.071040
vt 0.470057 0.044919
vt 0.618491 0.033182
vt 0.611164 0.071321
vt 0.714333 0.075333
vt 0.737132 0.076009
vt 0.758209 0.074547
vt 0.816957 0.072707
vt 0.832053 0.069102
vt 0.834389 0.074716
vt 0.830031 0.063341
vt 0.829557 0.057924
vt 0.830539 0.051165
vt 0.832882 0.043873
vt 0.846881 0.059791
s 1
usemtl Material.001
f 4039/4536/3011 4042/4537/3014 4044/4538/3016 4040/4539/3012
f 4041/4540/3013 4045/4541/3017 4042/4537/3014 4039/4536/3011
f 4045/4541/3017 4046/4542/3018 4043/4543/3015 4042/4537/3014
f 4042/4537/3014 4043/4543/3015 4065/4544/3037 4044/4538/3016
f 4048/4545/3020 4047/4546/3019 4045/4541/3017 4041/4540/3013
f 4047/4546/3019 4049/4547/3021 4046/4542/3018 4045/4541/3017
f 4051/4548/3023 4050/4549/3022 4047/4546/3019 4048/4545/3020
f 4050/4549/3022 4052/4550/3024 4049/4547/3021 4047/4546/3019
f 4054/4551/3026 4053/4552/3025 4050/4549/3022 4051/4548/3023
f 4053/4552/3025 4055/4553/3027 4052/4550/3024 4050/4549/3022
f 4057/4554/3029 4056/4555/3028 4053/4552/3025 4054/4551/3026
f 4056/4555/3028 4058/4556/3030 4055/4553/3027 4053/4552/3025
f 4060/4557/3032 4059/4558/3031 4056/4555/3028 4057/4554/3029
f 4059/4558/3031 4061/4559/3033 4058/4556/3030 4056/4555/3028
f 4063/4560/3035 4062/4561/3034 4059/4558/3031 4060/4557/3032
f 4062/4561/3034 4064/4562/3036 4061/4559/3033 4059/4558/3031
f 4040/4563/3012 4044/4564/3016 4062/4561/3034 4063/4560/3035
f 4044/4564/3016 4065/4565/3037 4064/4562/3036 4062/4561/3034
f 4064/4562/3036 4065/4565/3037 4069/4566/3041 4066/4567/3038
f 4061/4559/3033 4064/4562/3036 4066/4567/3038 4068/4568/3040
f 4066/4567/3038 4069/4566/3041 4070/4569/3042 4067/4570/3039
f 4068/4568/3040 4066/4567/3038 4067/4570/3039 4293/4571/3265
f 4069/4572/3041 4071/4573/3043 4073/4574/3045 4070/4575/3042
f 4065/4544/3037 4043/4543/3015 4071/4573/3043 4069/4572/3041
f 4043/4543/3015 4046/4542/3018 4072/4576/3044 4071/4573/3043
f 4071/4573/3043 4072/4576/3044 4074/4577/3046 4073/4574/3045
f 4073/4578/3045 4074/4579/3046 4077/4580/3049 4075/4581/3047
f 4070/4582/3042 4073/4578/3045 4075/4581/3047 4076/4583/3048
f 4076/4583/3048 4075/4581/3047 4078/4584/3050 4080/4585/3052
f 4075/4581/3047 4077/4580/3049 4081/4586/3053 4078/4584/3050
f 4078/4584/3050 4081/4586/3053 4083/4587/3055 4079/4588/3051
f 4080/4585/3052 4078/4584/3050 4079/4588/3051 4362/4589/3334
f 4081/4590/3053 4077/4591/3049 4098/4592/3070 4082/4593/3054
f 4083/4594/3055 4081/4590/3053 4082/4593/3054 4086/4595/3058
f 4084/4596/3056 4083/4594/3055 4086/4595/3058 4087/4597/3059
f 4083/4587/3055 4084/4598/3056 4401/4599/3373 4085/4600/3057
f 4079/4588/3051 4083/4587/3055 4085/4600/3057 4406/4601/3378
f 4086/4595/3058 4082/4593/3054 4089/4602/3061 4088/4603/3060
f 4087/4597/3059 4086/4595/3058 4088/4603/3060 4090/4604/3062
f 4088/4603/3060 4089/4602/3061 4091/4605/3063
f 4090/4604/3062 4088/4603/3060 4091/4605/3063
f 4092/4606/3064 4090/4604/3062 4091/4605/3063
f 4093/4607/3065 4092/4606/3064 4091/4605/3063
f 4094/4608/3066 4093/4609/3065 4091/4605/3063
f 4096/4610/3068 4094/4608/3066 4091/4605/3063
f 4089/4602/3061 4095/4611/3067 4091/4605/3063
f 4095/4611/3067 4096/4610/3068 4091/4605/3063
f 4098/4592/3070 4097/4612/3069 4096/4610/3068 4095/4611/3067
f 4097/4612/3069 4099/4613/3071 4094/4608/3066 4096/4610/3068
f 4077/4591/3049 4100/4614/3072 4097/4612/3069 4098/4592/3070
f 4100/4614/3072 4101/4615/3073 4099/4613/3071 4097/4612/3069
f 4102/4616/3074 4104/4617/3076 4101/4618/3073 4100/4619/3072
f 4074/4579/3046 4102/4616/3074 4100/4619/3072 4077/4580/3049
f 4074/4577/3046 4357/4620/3329 4103/4621/3075 4102/4622/3074
f 4102/4622/3074 4103/4621/3075 4106/4623/3078 4104/4624/3076
f 4105/4625/3077 4104/4624/3076 4107/4626/3079 4108/4627/3080
f 4104/4617/3076 4105/4628/3077 4418/4629/3390 4101/4618/3073
f 4104/4624/3076 4106/4623/3078 4109/4630/3081 4107/4626/3079
f 4108/4627/3080 4107/4626/3079 4110/4631/3082 4111/4632/3083
f 4107/4626/3079 4109/4630/3081 4112/4633/3084 4110/4631/3082
f 4111/4632/3083 4110/4631/3082 4113/4634/3085 4115/4635/3087
f 4110/4631/3082 4112/4633/3084 4116/4636/3088 4113/4634/3085
f 4113/4634/3085 4116/4636/3088 4117/4637/3089 4114/4638/3086
f 4115/4635/3087 4113/4634/3085 4114/4638/3086 4420/4639/3392
f 4116/4636/3088 4118/4640/3090 4555/4641/3527 4117/4637/3089
f 4116/4636/3088 4112/4633/3084 4121/4642/3093 4119/4643/3091
f 4118/4644/3090 4116/4636/3088 4119/4643/3091 4120/4645/3092
f 4120/4645/3092 4119/4643/3091 4122/4646/3094 4123/4647/3095
f 4119/4643/3091 4121/4642/3093 4124/4648/3096 4122/4646/3094
f 4123/4647/3095 4122/4646/3094 4125/4649/3097 4126/4650/3098
f 4122/4646/3094 4124/4648/3096 4127/4651/3099 4125/4649/3097
f 4126/4650/3098 4125/4649/3097 4128/4652/3100 4130/4653/3102
f 4125/4649/3097 4127/4651/3099 4131/4654/3103 4128/4652/3100
f 4130/4653/3102 4128/4652/3100 4129/4655/3101 4569/4655/3541
f 4128/4652/3100 4131/4654/3103 4132/4655/3104 4129/4655/3101
f 4131/4654/3103 4133/4656/3105 4135/4655/3107 4132/4655/3104
f 4127/4651/3099 4136/4657/3108 4133/4656/3105 4131/4654/3103
f 4136/4657/3108 4137/4658/3109 4134/4659/3106 4133/4656/3105
f 4133/4656/3105 4134/4659/3106 4568/4655/3540 4135/4655/3107
f 4138/4660/3110 4139/4661/3111 4137/4658/3109 4136/4657/3108
f 4124/4648/3096 4138/4660/3110 4136/4657/3108 4127/4651/3099
f 4140/4662/3112 4141/4663/3113 4139/4661/3111 4138/4660/3110
f 4121/4642/3093 4140/4662/3112 4138/4660/3110 4124/4648/3096
f 4109/4630/3081 4142/4664/3114 4141/4663/3113 4140/4662/3112
f 4112/4633/3084 4109/4630/3081 4140/4662/3112 4121/4642/3093
f 4142/4664/3114 4145/4665/3117 4143/4666/3115 4141/4663/3113
f 4141/4663/3113 4143/4666/3115 4146/4667/3118 4139/4661/3111
f 4143/4666/3115 4144/4668/3116 4147/4669/3119 4146/4667/3118
f 4145/4665/3117 4176/4670/3148 4144/4668/3116 4143/4666/3115
f 4139/4671/3111 4146/4672/3118 4148/4673/3120 4151/4674/3123
f 4146/4672/3118 4147/4675/3119 4150/4676/3122 4148/4673/3120
f 4148/4673/3120 4150/4676/3122 4169/4677/3141 4149/4678/3121
f 4151/4674/3123 4148/4673/3120 4149/4678/3121 4152/4679/3124
f 4153/4680/3125 4151/4674/3123 4152/4679/3124 4154/4681/3126
f 4137/4682/3109 4139/4671/3111 4151/4674/3123 4153/4680/3125
f 4134/4683/3106 4137/4682/3109 4153/4680/3125 4155/4684/3127
f 4155/4684/3127 4153/4680/3125 4154/4681/3126 4156/4685/3128
f 4160/4686/3132 4134/4683/3106 4155/4684/3127 4157/4687/3129
f 4157/4687/3129 4155/4684/3127 4156/4685/3128 4159/4688/3131
f 4158/4689/3130 4157/4687/3129 4159/4688/3131 4170/4690/3142
f 4162/4691/3134 4160/4686/3132 4157/4687/3129 4158/4689/3130
f 4160/4692/3132 4162/4693/3134 4164/4655/3136 4161/4655/3133
f 4134/4659/3106 4160/4692/3132 4161/4655/3133 4568/4655/3540
f 4165/4694/3137 4166/4695/3138 4163/4696/3135 4162/4693/3134
f 4162/4693/3134 4163/4696/3135 4558/4655/3530 4164/4655/3136
f 4165/4697/3137 4162/4691/3134 4158/4689/3130 4167/4698/3139
f 4147/4669/3119 4172/4699/3144 4166/4695/3138 4165/4694/3137
f 4147/4675/3119 4165/4700/3137 4167/4701/3139 4150/4676/3122
f 4150/4676/3122 4167/4701/3139 4168/4702/3140 4169/4677/3141
f 4167/4698/3139 4158/4689/3130 4170/4690/3142 4168/4703/3140
f 4169/4677/3141 4168/4702/3140 4171/4704/3143
f 4168/4703/3140 4170/4690/3142 4171/4704/3143
f 4159/4688/3131 4156/4685/3128 4171/4704/3143
f 4170/4690/3142 4159/4688/3131 4171/4704/3143
f 4149/4678/3121 4169/4677/3141 4171/4704/3143
f 4152/4679/3124 4149/4678/3121 4171/4704/3143
f 4154/4681/3126 4152/4679/3124 4171/4704/3143
f 4156/4685/3128 4154/4681/3126 4171/4704/3143
f 4166/4695/3138 4126/4705/3098 4130/4696/3102 4163/4696/3135
f 4172/4699/3144 4123/4706/3095 4126/4705/3098 4166/4695/3138
f 4144/4668/3116 4173/4707/3145 4172/4699/3144 4147/4669/3119
f 4173/4707/3145 4120/4708/3092 4123/4706/3095 4172/4699/3144
f 4174/4709/3146 4118/4710/3090 4120/4708/3092 4173/4707/3145
f 4176/4670/3148 4174/4709/3146 4173/4707/3145 4144/4668/3116
f 4118/4640/3090 4174/4711/3146 4175/4712/3147 4555/4641/3527
f 4174/4711/3146 4177/4713/3149 4178/4714/3150 4175/4712/3147
f 4176/4715/3148 4179/4716/3151 4177/4713/3149 4174/4711/3146
f 4177/4713/3149 4180/4717/3152 4427/4718/3399 4178/4714/3150
f 4177/4719/3149 4179/4720/3151 4184/4721/3156 4181/4722/3153
f 4180/4723/3152 4177/4719/3149 4181/4722/3153 4183/4724/3155
f 4181/4722/3153 4184/4721/3156 4185/4725/3157 4182/4726/3154
f 4183/4724/3155 4181/4722/3153 4182/4726/3154 4247/4727/3219
f 4179/4720/3151 4187/4728/3159 4186/4729/3158 4184/4721/3156
f 4184/4721/3156 4186/4729/3158 4188/4730/3160 4185/4725/3157
f 4187/4728/3159 4190/4731/3162 4189/4732/3161 4186/4729/3158
f 4186/4729/3158 4189/4732/3161 4191/4733/3163 4188/4730/3160
f 4190/4731/3162 4193/4734/3165 4192/4735/3164 4189/4732/3161
f 4189/4732/3161 4192/4735/3164 4194/4736/3166 4191/4733/3163
f 4193/4734/3165 4259/4737/3231 4195/4738/3167 4192/4735/3164
f 4194/4739/3166 4192/4740/3164 4196/4741/3168 4199/4742/3171
f 4192/4740/3164 4195/4743/3167 4198/4744/3170 4196/4741/3168
f 4196/4741/3168 4198/4744/3170 4253/4745/3225 4197/4746/3169
f 4199/4742/3171 4196/4741/3168 4197/4746/3169 4200/4747/3172
f 4204/4748/3176 4194/4739/3166 4199/4742/3171 4201/4749/3173
f 4201/4749/3173 4199/4742/3171 4200/4747/3172 4202/4750/3174
f 4203/4751/3175 4201/4749/3173 4202/4750/3174 4255/4752/3227
f 4206/4753/3178 4204/4748/3176 4201/4749/3173 4203/4751/3175
f 4205/4754/3177 4204/4755/3176 4207/4756/3179 4208/4757/3180
f 4191/4733/3163 4194/4736/3166 4204/4755/3176 4205/4754/3177
f 4204/4755/3176 4206/4758/3178 4209/4759/3181 4207/4756/3179
f 4208/4760/3180 4207/4761/3179 4210/4762/3182 4212/4763/3184
f 4207/4761/3179 4209/4764/3181 4211/4765/3183 4210/4762/3182
f 4210/4762/3182 4211/4765/3183 4213/4766/3185
f 4212/4763/3184 4210/4762/3182 4213/4766/3185
f 4211/4765/3183 4218/4767/3190 4213/4766/3185
f 4214/4768/3186 4217/4769/3189 4213/4766/3185
f 4216/4770/3188 4214/4768/3186 4213/4766/3185
f 4215/4771/3187 4216/4770/3188 4213/4766/3185
f 4218/4772/3190 4215/4771/3187 4213/4766/3185
f 4217/4769/3189 4212/4763/3184 4213/4766/3185
f 4219/4773/3191 4221/4774/3193 4215/4771/3187 4218/4772/3190
f 4209/4764/3181 4219/4775/3191 4218/4767/3190 4211/4765/3183
f 4209/4759/3181 4234/4776/3206 4220/4777/3192 4219/4778/3191
f 4219/4778/3191 4220/4777/3192 4222/4779/3194 4221/4780/3193
f 4221/4780/3193 4222/4779/3194 4224/4781/3196
f 4221/4774/3193 4223/4782/3195 4216/4770/3188 4215/4771/3187
f 4223/4783/3195 4221/4780/3193 4224/4781/3196
f 4225/4784/3197 4228/4785/3200 4224/4781/3196
f 4226/4786/3198 4225/4784/3197 4224/4781/3196
f 4229/4787/3201 4226/4786/3198 4224/4781/3196
f 4228/4785/3200 4227/4788/3199 4224/4781/3196
f 4227/4788/3199 4223/4783/3195 4224/4781/3196
f 4222/4779/3194 4229/4789/3201 4224/4781/3196
f 4220/4777/3192 4230/4790/3202 4229/4789/3201 4222/4779/3194
f 4230/4791/3202 4231/4792/3203 4226/4786/3198 4229/4787/3201
f 4232/4793/3204 4235/4794/3207 4231/4792/3203 4230/4791/3202
f 4234/4776/3206 4232/4795/3204 4230/4790/3202 4220/4777/3192
f 4244/4796/3216 4233/4797/3205 4232/4795/3204 4234/4776/3206
f 4233/4798/3205 4236/4799/3208 4235/4794/3207 4232/4793/3204
f 4236/4799/3208 4238/4800/3210 4237/4801/3209 4235/4794/3207
f 4235/4794/3207 4237/4801/3209 4239/4802/3211 4231/4792/3203
f 4238/4800/3210 4241/4803/3213 4240/4804/3212 4237/4801/3209
f 4237/4801/3209 4240/4804/3212 4242/4805/3214 4239/4802/3211
f 4241/4803/3213 4205/4754/3177 4208/4757/3180 4240/4804/3212
f 4240/4804/3212 4208/4757/3180 4243/4806/3215 4242/4805/3214
f 4242/4805/3214 4243/4806/3215 4227/4788/3199 4228/4785/3200
f 4239/4802/3211 4242/4805/3214 4228/4785/3200 4225/4784/3197
f 4227/4807/3199 4243/4808/3215 4217/4769/3189 4214/4768/3186
f 4243/4808/3215 4208/4760/3180 4212/4763/3184 4217/4769/3189
f 4185/4725/3157 4188/4730/3160 4241/4803/3213 4238/4800/3210
f 4188/4730/3160 4191/4733/3163 4205/4754/3177 4241/4803/3213
f 4231/4792/3203 4239/4802/3211 4225/4784/3197 4226/4786/3198
f 4182/4726/3154 4185/4725/3157 4238/4800/3210 4236/4799/3208
f 4247/4727/3219 4182/4726/3154 4236/4799/3208 4233/4798/3205
f 4206/4758/3178 4244/4796/3216 4234/4776/3206 4209/4759/3181
f 4244/4809/3216 4206/4753/3178 4203/4751/3175 4245/4810/3217
f 4246/4811/3218 4244/4809/3216 4245/4810/3217 4249/4812/3221
f 4246/4813/3218 4247/4814/3219 4233/4797/3205 4244/4796/3216
f 4248/4815/3220 4183/4816/3155 4247/4814/3219 4246/4813/3218
f 4248/4817/3220 4246/4818/3218 4249/4819/3221 4251/4820/3223
f 4251/4820/3223 4249/4819/3221 4250/4821/3222 4252/4822/3224
f 4249/4812/3221 4245/4810/3217 4256/4823/3228 4250/4824/3222
f 4198/4744/3170 4251/4820/3223 4252/4822/3224 4253/4745/3225
f 4195/4743/3167 4248/4817/3220 4251/4820/3223 4198/4744/3170
f 4253/4745/3225 4252/4822/3224 4254/4825/3226
f 4252/4822/3224 4250/4821/3222 4254/4825/3226
f 4197/4746/3169 4253/4745/3225 4254/4825/3226
f 4250/4824/3222 4256/4823/3228 4254/4825/3226
f 4256/4823/3228 4255/4752/3227 4254/4825/3226
f 4255/4752/3227 4202/4750/3174 4254/4825/3226
f 4202/4750/3174 4200/4747/3172 4254/4825/3226
f 4200/4747/3172 4197/4746/3169 4254/4825/3226
f 4245/4810/3217 4203/4751/3175 4255/4752/3227 4256/4823/3228
f 4259/4737/3231 4257/4826/3229 4248/4815/3220 4195/4738/3167
f 4257/4826/3229 4180/4827/3152 4183/4816/3155 4248/4815/3220
f 4257/4828/3229 4260/4829/3232 4261/4830/3233 4258/4831/3230
f 4180/4717/3152 4257/4828/3229 4258/4831/3230 4427/4718/3399
f 4259/4832/3231 4262/4833/3234 4260/4829/3232 4257/4828/3229
f 4260/4834/3232 4115/4635/3087 4420/4639/3392 4261/4835/3233
f 4262/4836/3234 4111/4632/3083 4115/4635/3087 4260/4834/3232
f 4263/4837/3235 4108/4627/3080 4111/4632/3083 4262/4836/3234
f 4193/4838/3165 4263/4839/3235 4262/4833/3234 4259/4832/3231
f 4264/4840/3236 4105/4625/3077 4108/4627/3080 4263/4837/3235
f 4267/4841/3239 4264/4842/3236 4263/4839/3235 4193/4838/3165
f 4105/4843/3077 4264/4844/3236 4265/4845/3237 4418/4846/3390
f 4264/4844/3236 4266/4847/3238 4358/4848/3330 4265/4845/3237
f 4268/4849/3240 4266/4850/3238 4264/4842/3236 4267/4841/3239
f 4270/4851/3242 4268/4849/3240 4267/4841/3239 4269/4852/3241
f 4269/4852/3241 4267/4841/3239 4193/4838/3165 4190/4853/3162
f 4272/4854/3244 4270/4851/3242 4269/4852/3241 4271/4855/3243
f 4271/4855/3243 4269/4852/3241 4190/4853/3162 4187/4856/3159
f 4275/4857/3247 4272/4854/3244 4271/4855/3243 4273/4858/3245
f 4273/4858/3245 4271/4855/3243 4187/4856/3159 4145/4859/3117
f 4274/4860/3246 4273/4858/3245 4145/4859/3117 4142/4664/3114
f 4277/4861/3249 4275/4857/3247 4273/4858/3245 4274/4860/3246
f 4275/4862/3247 4276/4863/3248 4279/4864/3251 4278/4865/3250
f 4355/4866/3327 4276/4867/3248 4275/4857/3247 4277/4861/3249
f 4272/4868/3244 4275/4862/3247 4278/4865/3250 4280/4869/3252
f 4278/4865/3250 4279/4864/3251 4283/4870/3255 4281/4871/3253
f 4280/4869/3252 4278/4865/3250 4281/4871/3253 4284/4872/3256
f 4281/4871/3253 4283/4870/3255 4348/4873/3320 4282/4874/3254
f 4284/4872/3256 4281/4871/3253 4282/4874/3254 4285/4875/3257
f 4286/4876/3258 4284/4877/3256 4285/4878/3257 4287/4879/3259
f 4288/4880/3260 4280/4881/3252 4284/4877/3256 4286/4876/3258
f 4289/4882/3261 4286/4876/3258 4287/4879/3259 4290/4883/3262
f 4292/4884/3264 4288/4880/3260 4286/4876/3258 4289/4882/3261
f 4289/4885/3261 4290/4886/3262 4306/4887/3278 4291/4888/3263
f 4292/4889/3264 4289/4890/3261 4291/4891/3263 4295/4892/3267
f 4068/4893/3040 4293/4894/3265 4292/4884/3264 4294/4895/3266
f 4293/4894/3265 4270/4896/3242 4288/4880/3260 4292/4884/3264
f 4294/4897/3266 4292/4889/3264 4295/4892/3267 4297/4898/3269
f 4297/4898/3269 4295/4892/3267 4296/4899/3268
f 4295/4892/3267 4291/4891/3263 4296/4899/3268
f 4298/4900/3270 4297/4898/3269 4296/4899/3268
f 4299/4901/3271 4294/4897/3266 4297/4898/3269 4298/4900/3270
f 4301/4902/3273 4299/4901/3271 4298/4900/3270 4300/4903/3272
f 4300/4903/3272 4298/4900/3270 4296/4899/3268
f 4303/4904/3275 4301/4902/3273 4300/4903/3272 4302/4905/3274
f 4302/4905/3274 4300/4903/3272 4296/4899/3268
f 4305/4906/3277 4303/4904/3275 4302/4905/3274 4304/4907/3276
f 4304/4907/3276 4302/4905/3274 4296/4899/3268
f 4290/4886/3262 4305/4906/3277 4304/4907/3276 4306/4887/3278
f 4306/4887/3278 4304/4907/3276 4296/4899/3268
f 4291/4888/3263 4306/4887/3278 4296/4899/3268
f 4303/4908/3275 4305/4909/3277 4307/4910/3279 4308/4911/3280
f 4305/4909/3277 4290/4883/3262 4309/4912/3281 4307/4910/3279
f 4308/4911/3280 4307/4910/3279 4310/4913/3282 4312/4914/3284
f 4307/4910/3279 4309/4912/3281 4313/4915/3285 4310/4913/3282
f 4310/4913/3282 4313/4915/3285 4315/4916/3287 4311/4917/3283
f 4312/4914/3284 4310/4913/3282 4311/4917/3283 4326/4918/3298
f 4309/4912/3281 4344/4919/3316 4314/4920/3286 4313/4915/3285
f 4313/4915/3285 4314/4920/3286 4316/4921/3288 4315/4916/3287
f 4315/4916/3287 4316/4921/3288 4319/4922/3291 4317/4923/3289
f 4311/4917/3283 4315/4916/3287 4317/4923/3289 4318/4924/3290
f 4318/4924/3290 4317/4923/3289 4320/4925/3292
f 4317/4923/3289 4319/4922/3291 4320/4925/3292
f 4324/4926/3296 4321/4927/3293 4320/4925/3292
f 4321/4927/3293 4323/4928/3295 4320/4925/3292
f 4322/4929/3294 4324/4926/3296 4320/4925/3292
f 4319/4922/3291 4322/4930/3294 4320/4925/3292
f 4323/4928/3295 4325/4931/3297 4320/4925/3292
f 4325/4931/3297 4318/4924/3290 4320/4925/3292
f 4327/4932/3299 4326/4918/3298 4325/4931/3297 4323/4928/3295
f 4326/4918/3298 4311/4917/3283 4318/4924/3290 4325/4931/3297
f 4329/4933/3301 4312/4914/3284 4326/4918/3298 4327/4932/3299
f 4328/4934/3300 4327/4932/3299 4323/4928/3295 4321/4927/3293
f 4331/4935/3303 4329/4933/3301 4327/4932/3299 4328/4934/3300
f 4332/4936/3304 4330/4937/3302 4329/4933/3301 4331/4935/3303
f 4330/4937/3302 4308/4911/3280 4312/4914/3284 4329/4933/3301
f 4332/4938/3304 4331/4939/3303 4333/4940/3305 4334/4941/3306
f 4331/4939/3303 4328/4942/3300 4335/4943/3307 4333/4940/3305
f 4334/4941/3306 4333/4940/3305 4336/4944/3308
f 4333/4940/3305 4335/4943/3307 4336/4944/3308
f 4340/4945/3312 4334/4941/3306 4336/4944/3308
f 4335/4943/3307 4337/4946/3309 4336/4944/3308
f 4337/4946/3309 4338/4947/3310 4336/4944/3308
f 4338/4947/3310 4339/4948/3311 4336/4944/3308
f 4339/4949/3311 4341/4950/3313 4336/4944/3308
f 4341/4950/3313 4340/4945/3312 4336/4944/3308
f 4342/4951/3314 4343/4952/3315 4340/4945/3312 4341/4950/3313
f 4345/4953/3317 4342/4951/3314 4341/4950/3313 4339/4949/3311
f 4285/4875/3257 4282/4874/3254 4343/4954/3315 4342/4955/3314
f 4344/4919/3316 4342/4956/3314 4345/4957/3317 4314/4920/3286
f 4287/4879/3259 4285/4878/3257 4342/4956/3314 4344/4919/3316
f 4346/4958/3318 4345/4959/3317 4339/4948/3311 4338/4947/3310
f 4314/4920/3286 4345/4957/3317 4346/4960/3318 4316/4921/3288
f 4347/4961/3319 4346/4958/3318 4338/4947/3310 4337/4946/3309
f 4346/4962/3318 4347/4963/3319 4324/4926/3296 4322/4929/3294
f 4316/4921/3288 4346/4960/3318 4322/4930/3294 4319/4922/3291
f 4328/4942/3300 4347/4961/3319 4337/4946/3309 4335/4943/3307
f 4347/4963/3319 4328/4934/3300 4321/4927/3293 4324/4926/3296
f 4290/4883/3262 4287/4879/3259 4344/4919/3316 4309/4912/3281
f 4343/4952/3315 4332/4938/3304 4334/4941/3306 4340/4945/3312
f 4282/4874/3254 4348/4873/3320 4332/4936/3304 4343/4954/3315
f 4348/4873/3320 4349/4964/3321 4330/4937/3302 4332/4936/3304
f 4283/4870/3255 4350/4965/3322 4349/4964/3321 4348/4873/3320
f 4349/4964/3321 4303/4908/3275 4308/4911/3280 4330/4937/3302
f 4350/4965/3322 4301/4966/3273 4303/4908/3275 4349/4964/3321
f 4351/4967/3323 4299/4968/3271 4301/4966/3273 4350/4965/3322
f 4279/4864/3251 4351/4967/3323 4350/4965/3322 4283/4870/3255
f 4276/4863/3248 4352/4969/3324 4351/4967/3323 4279/4864/3251
f 4352/4969/3324 4353/4970/3325 4299/4968/3271 4351/4967/3323
f 4055/4553/3027 4058/4556/3030 4353/4971/3325 4352/4972/3324
f 4052/4550/3024 4055/4553/3027 4352/4972/3324 4354/4973/3326
f 4354/4973/3326 4352/4972/3324 4276/4867/3248 4355/4866/3327
f 4356/4974/3328 4354/4973/3326 4355/4866/3327 4357/4620/3329
f 4049/4547/3021 4052/4550/3024 4354/4973/3326 4356/4974/3328
f 4046/4542/3018 4049/4547/3021 4356/4974/3328 4072/4576/3044
f 4072/4576/3044 4356/4974/3328 4357/4620/3329 4074/4577/3046
f 4357/4620/3329 4355/4866/3327 4277/4861/3249 4103/4621/3075
f 4058/4556/3030 4061/4559/3033 4068/4568/3040 4353/4971/3325
f 4353/4970/3325 4068/4893/3040 4294/4895/3266 4299/4968/3271
f 4293/4571/3265 4067/4570/3039 4268/4849/3240 4270/4851/3242
f 4270/4896/3242 4272/4975/3244 4280/4881/3252 4288/4880/3260
f 4103/4621/3075 4277/4861/3249 4274/4860/3246 4106/4623/3078
f 4106/4623/3078 4274/4860/3246 4142/4664/3114 4109/4630/3081
f 4067/4570/3039 4070/4569/3042 4266/4850/3238 4268/4849/3240
f 4266/4847/3238 4070/4582/3042 4076/4583/3048 4358/4848/3330
f 4358/4848/3330 4076/4583/3048 4080/4585/3052 4359/4976/3331
f 4265/4845/3237 4358/4848/3330 4359/4976/3331 4360/4977/3332
f 4360/4977/3332 4359/4976/3331 4361/4978/3333 4364/4979/3336
f 4359/4976/3331 4080/4585/3052 4362/4589/3334 4361/4978/3333
f 4361/4978/3333 4362/4589/3334 4414/4980/3386 4363/4981/3335
f 4364/4979/3336 4361/4978/3333 4363/4981/3335 4365/4982/3337
f 4366/4983/3338 4364/4979/3336 4365/4982/3337 4369/4984/3341
f 4367/4985/3339 4360/4977/3332 4364/4979/3336 4366/4983/3338
f 4415/4986/3387 4367/4987/3339 4366/4988/3338 4368/4989/3340
f 4368/4989/3340 4366/4988/3338 4369/4990/3341 4370/4991/3342
f 4369/4984/3341 4365/4982/3337 4373/4992/3345 4371/4993/3343
f 4370/4991/3342 4369/4990/3341 4371/4994/3343 4372/4995/3344
f 4372/4995/3344 4371/4994/3343 4374/4996/3346 4376/4997/3348
f 4371/4993/3343 4373/4992/3345 4375/4998/3347 4374/4999/3346
f 4374/4999/3346 4375/4998/3347 4378/5000/3350 4377/5001/3349
f 4376/4997/3348 4374/4996/3346 4377/5002/3349 4379/5003/3351
f 4377/5001/3349 4378/5000/3350 4381/5004/3353 4380/5005/3352
f 4379/5003/3351 4377/5002/3349 4380/5006/3352 4382/5007/3354
f 4380/5005/3352 4381/5004/3353 4383/5008/3355
f 4382/5007/3354 4380/5006/3352 4383/5008/3355
f 4384/5009/3356 4388/5010/3360 4383/5008/3355
f 4385/5011/3357 4384/5009/3356 4383/5008/3355
f 4387/5012/3359 4385/5011/3357 4383/5008/3355
f 4381/5004/3353 4386/5013/3358 4383/5008/3355
f 4386/5013/3358 4387/5012/3359 4383/5008/3355
f 4388/5010/3360 4382/5007/3354 4383/5008/3355
f 4390/5014/3362 4389/5015/3361 4388/5010/3360 4384/5009/3356
f 4389/5015/3361 4379/5003/3351 4382/5007/3354 4388/5010/3360
f 4389/5016/3361 4390/5017/3362 4392/5018/3364 4391/5019/3363
f 4379/5020/3351 4389/5016/3361 4391/5019/3363 4393/5021/3365
f 4391/5019/3363 4392/5018/3364 4394/5022/3366
f 4393/5021/3365 4391/5019/3363 4394/5022/3366
f 4392/5018/3364 4395/5023/3367 4394/5022/3366
f 4395/5023/3367 4397/5024/3369 4394/5022/3366
f 4396/5025/3368 4399/5026/3371 4394/5022/3366
f 4398/5027/3370 4396/5025/3368 4394/5022/3366
f 4397/5024/3369 4398/5027/3370 4394/5022/3366
f 4399/5026/3371 4393/5028/3365 4394/5022/3366
f 4372/5029/3344 4376/5030/3348 4399/5026/3371 4396/5025/3368
f 4376/5030/3348 4379/5031/3351 4393/5028/3365 4399/5026/3371
f 4400/5032/3372 4372/5029/3344 4396/5025/3368 4398/5027/3370
f 4402/5033/3374 4400/5032/3372 4398/5027/3370 4397/5024/3369
f 4085/4600/3057 4401/4599/3373 4400/5034/3372 4402/5035/3374
f 4401/4599/3373 4370/4991/3342 4372/4995/3344 4400/5034/3372
f 4403/5036/3375 4402/5033/3374 4397/5024/3369 4395/5023/3367
f 4404/5037/3376 4402/5035/3374 4403/5038/3375 4407/5039/3379
f 4406/4601/3378 4085/4600/3057 4402/5035/3374 4404/5037/3376
f 4405/5040/3377 4404/5037/3376 4407/5039/3379 4408/5041/3380
f 4414/4980/3386 4406/4601/3378 4404/5037/3376 4405/5040/3377
f 4408/5041/3380 4407/5039/3379 4409/5042/3381 4410/5043/3382
f 4407/5039/3379 4403/5038/3375 4390/5014/3362 4409/5042/3381
f 4410/5043/3382 4409/5042/3381 4385/5011/3357 4387/5012/3359
f 4409/5042/3381 4390/5014/3362 4384/5009/3356 4385/5011/3357
f 4412/5044/3384 4408/5041/3380 4410/5043/3382 4411/5045/3383
f 4411/5045/3383 4410/5043/3382 4387/5012/3359 4386/5013/3358
f 4378/5000/3350 4411/5045/3383 4386/5013/3358 4381/5004/3353
f 4375/4998/3347 4412/5044/3384 4411/5045/3383 4378/5000/3350
f 4373/4992/3345 4413/5046/3385 4412/5044/3384 4375/4998/3347
f 4413/5046/3385 4405/5040/3377 4408/5041/3380 4412/5044/3384
f 4363/4981/3335 4414/4980/3386 4405/5040/3377 4413/5046/3385
f 4365/4982/3337 4363/4981/3335 4413/5046/3385 4373/4992/3345
f 4362/4589/3334 4079/4588/3051 4406/4601/3378 4414/4980/3386
f 4390/5017/3362 4403/5036/3375 4395/5023/3367 4392/5018/3364
f 4084/4598/3056 4368/4989/3340 4370/4991/3342 4401/4599/3373
f 4415/5047/3387 4368/5048/3340 4416/5049/3388 4417/5050/3389
f 4368/5048/3340 4084/4596/3056 4087/4597/3059 4416/5049/3388
f 4416/5049/3388 4087/4597/3059 4090/4604/3062 4092/4606/3064
f 4417/5050/3389 4416/5049/3388 4092/4606/3064 4093/4607/3065
f 4101/4615/3073 4415/5051/3387 4417/5052/3389 4099/4613/3071
f 4099/4613/3071 4417/5052/3389 4093/4609/3065 4094/4608/3066
f 4101/4618/3073 4418/4629/3390 4367/4987/3339 4415/4986/3387
f 4418/4846/3390 4265/4845/3237 4360/4977/3332 4367/4985/3339
f 4261/5053/3233 4419/5054/3391 4423/5055/3395 4421/5056/3393
f 4261/4835/3233 4420/4639/3392 4557/5057/3529 4419/5058/3391
f 4258/5059/3230 4261/5053/3233 4421/5056/3393 4424/5060/3396
f 4424/5060/3396 4421/5056/3393 4422/5061/3394 4425/5062/3397
f 4421/5056/3393 4423/5055/3395 4441/5063/3413 4422/5061/3394
f 4426/5064/3398 4424/5060/3396 4425/5062/3397 4428/5065/3400
f 4427/5066/3399 4258/5059/3230 4424/5060/3396 4426/5064/3398
f 4431/5067/3403 4427/5066/3399 4426/5064/3398 4429/5068/3401
f 4429/5068/3401 4426/5064/3398 4428/5065/3400 4430/5069/3402
f 4432/5070/3404 4429/5071/3401 4430/5072/3402 4433/5073/3405
f 4434/5074/3406 4431/5075/3403 4429/5071/3401 4432/5070/3404
f 4435/5076/3407 4432/5070/3404 4433/5073/3405 4437/5077/3409
f 4436/5078/3408 4434/5074/3406 4432/5070/3404 4435/5076/3407
f 4439/5079/3411 4436/5080/3408 4435/5081/3407 4438/5082/3410
f 4438/5082/3410 4435/5081/3407 4437/5083/3409 4440/5084/3412
f 4419/5054/3391 4439/5079/3411 4438/5082/3410 4423/5055/3395
f 4423/5055/3395 4438/5082/3410 4440/5084/3412 4441/5063/3413
f 4441/5085/3413 4440/5086/3412 4442/5087/3414 4473/5088/3445
f 4440/5084/3412 4437/5083/3409 4445/5089/3417 4443/5090/3415
f 4440/5086/3412 4443/5091/3415 4444/5092/3416 4442/5087/3414
f 4443/5091/3415 4446/5093/3418 4447/5094/3419 4444/5092/3416
f 4443/5090/3415 4445/5089/3417 4450/5095/3422 4446/5096/3418
f 4446/5093/3418 4449/5097/3421 4464/5098/3436 4447/5094/3419
f 4449/5099/3421 4446/5096/3418 4448/5100/3420 4459/5101/3431
f 4446/5096/3418 4450/5095/3422 4452/5102/3424 4448/5100/3420
f 4445/5103/3417 4482/5104/3454 4451/5105/3423 4450/5106/3422
f 4450/5106/3422 4451/5105/3423 4453/5107/3425 4452/5108/3424
f 4452/5108/3424 4453/5107/3425 4454/5109/3426
f 4448/5100/3420 4452/5102/3424 4454/5110/3426
f 4453/5107/3425 4457/5111/3429 4454/5109/3426
f 4455/5112/3427 4458/5113/3430 4454/5110/3426
f 4456/5114/3428 4455/5112/3427 4454/5110/3426
f 4457/5115/3429 4456/5114/3428 4454/5110/3426
f 4459/5101/3431 4448/5100/3420 4454/5110/3426
f 4458/5113/3430 4459/5101/3431 4454/5110/3426
f 4460/5116/3432 4449/5099/3421 4459/5101/3431 4458/5113/3430
f 4462/5117/3434 4460/5116/3432 4458/5113/3430 4455/5112/3427
f 4460/5118/3432 4461/5119/3433 4466/5120/3438 4463/5121/3435
f 4477/5122/3449 4461/5123/3433 4460/5116/3432 4462/5117/3434
f 4449/5124/3421 4460/5118/3432 4463/5121/3435 4464/5125/3436
f 4464/5125/3436 4463/5121/3435 4465/5126/3437 4476/5127/3448
f 4463/5121/3435 4466/5120/3438 4468/5128/3440 4465/5126/3437
f 4461/5119/3433 4422/5129/3394 4467/5130/3439 4466/5120/3438
f 4466/5120/3438 4467/5130/3439 4470/5131/3442 4468/5128/3440
f 4468/5128/3440 4470/5131/3442 4469/5132/3441
f 4465/5126/3437 4468/5128/3440 4469/5132/3441
f 4470/5131/3442 4471/5133/3443 4469/5132/3441
f 4467/5130/3439 4473/5088/3445 4471/5133/3443 4470/5131/3442
f 4473/5088/3445 4442/5087/3414 4472/5134/3444 4471/5133/3443
f 4471/5133/3443 4472/5134/3444 4469/5132/3441
f 4422/5129/3394 4441/5085/3413 4473/5088/3445 4467/5130/3439
f 4442/5087/3414 4444/5092/3416 4474/5135/3446 4472/5134/3444
f 4472/5134/3444 4474/5135/3446 4469/5132/3441
f 4444/5092/3416 4447/5094/3419 4475/5136/3447 4474/5135/3446
f 4474/5135/3446 4475/5136/3447 4469/5132/3441
f 4447/5094/3419 4464/5098/3436 4476/5137/3448 4475/5136/3447
f 4475/5136/3447 4476/5137/3448 4469/5132/3441
f 4476/5127/3448 4465/5126/3437 4469/5132/3441
f 4479/5138/3451 4477/5122/3449 4462/5117/3434 4478/5139/3450
f 4478/5139/3450 4462/5117/3434 4455/5112/3427 4456/5114/3428
f 4481/5140/3453 4479/5138/3451 4478/5139/3450 4480/5141/3452
f 4480/5141/3452 4478/5139/3450 4456/5114/3428 4457/5115/3429
f 4482/5104/3454 4481/5142/3453 4480/5143/3452 4451/5105/3423
f 4451/5105/3423 4480/5143/3452 4457/5111/3429 4453/5107/3425
f 4433/5073/3405 4430/5072/3402 4481/5142/3453 4482/5104/3454
f 4430/5069/3402 4428/5065/3400 4479/5138/3451 4481/5140/3453
f 4437/5077/3409 4433/5073/3405 4482/5104/3454 4445/5103/3417
f 4428/5065/3400 4425/5062/3397 4477/5122/3449 4479/5138/3451
f 4425/5062/3397 4422/5061/3394 4461/5123/3433 4477/5122/3449
f 4419/5058/3391 4557/5057/3529 4483/5144/3455 4439/5145/3411
f 4439/5145/3411 4483/5144/3455 4485/5146/3457 4484/5147/3456
f 4436/5148/3408 4439/5149/3411 4484/5150/3456 4487/5151/3459
f 4484/5152/3456 4485/5153/3457 4511/5154/3483 4486/5155/3458
f 4487/5156/3459 4484/5157/3456 4486/5158/3458 4488/5159/3460
f 4434/5160/3406 4436/5148/3408 4487/5151/3459 4489/5161/3461
f 4490/5162/3462 4487/5156/3459 4488/5159/3460 4492/5163/3464
f 4489/5161/3461 4487/5151/3459 4490/5164/3462 4491/5165/3463
f 4491/5165/3463 4490/5164/3462 4493/5166/3465 4496/5167/3468
f 4493/5168/3465 4490/5162/3462 4492/5163/3464 4497/5169/3469
f 4496/5167/3468 4493/5166/3465 4494/5170/3466 4543/5171/3515
f 4493/5172/3465 4495/5173/3467 4542/5174/3514 4494/5175/3466
f 4495/5176/3467 4493/5168/3465 4497/5169/3469 4498/5177/3470
f 4497/5169/3469 4492/5163/3464 4501/5178/3473 4499/5179/3471
f 4498/5177/3470 4497/5169/3469 4499/5179/3471 4500/5180/3472
f 4500/5180/3472 4499/5179/3471 4502/5181/3474
f 4499/5179/3471 4501/5178/3473 4502/5181/3474
f 4503/5182/3475 4506/5183/3478 4502/5181/3474
f 4504/5184/3476 4503/5182/3475 4502/5181/3474
f 4507/5185/3479 4504/5184/3476 4502/5181/3474
f 4505/5186/3477 4507/5187/3479 4502/5181/3474
f 4501/5178/3473 4505/5186/3477 4502/5181/3474
f 4506/5183/3478 4500/5180/3472 4502/5181/3474
f 4486/5155/3458 4511/5154/3483 4504/5184/3476 4507/5185/3479
f 4488/5159/3460 4486/5158/3458 4507/5187/3479 4505/5186/3477
f 4508/5188/3480 4498/5177/3470 4500/5180/3472 4506/5183/3478
f 4510/5189/3482 4508/5188/3480 4506/5183/3478 4503/5182/3475
f 4509/5190/3481 4495/5176/3467 4498/5177/3470 4508/5188/3480
f 4512/5191/3484 4509/5190/3481 4508/5188/3480 4510/5189/3482
f 4511/5154/3483 4510/5189/3482 4503/5182/3475 4504/5184/3476
f 4485/5153/3457 4512/5191/3484 4510/5189/3482 4511/5154/3483
f 4512/5192/3484 4513/5193/3485 4515/5194/3487 4509/5195/3481
f 4485/5146/3457 4516/5196/3488 4513/5193/3485 4512/5192/3484
f 4513/5193/3485 4514/5197/3486 4528/5198/3500 4515/5194/3487
f 4516/5196/3488 4518/5199/3490 4514/5197/3486 4513/5193/3485
f 4483/5144/3455 4517/5200/3489 4516/5196/3488 4485/5146/3457
f 4517/5200/3489 4519/5201/3491 4518/5199/3490 4516/5196/3488
f 4519/5201/3491 4521/5202/3493 4520/5203/3492 4518/5199/3490
f 4518/5199/3490 4520/5203/3492 4523/5204/3495 4514/5197/3486
f 4521/5202/3493 4551/5205/3523 4522/5206/3494 4520/5203/3492
f 4520/5203/3492 4522/5206/3494 4524/5207/3496 4523/5204/3495
f 4523/5204/3495 4524/5207/3496 4527/5208/3499 4525/5209/3497
f 4514/5197/3486 4523/5204/3495 4525/5209/3497 4528/5198/3500
f 4528/5198/3500 4525/5209/3497 4526/5210/3498 4529/5211/3501
f 4525/5209/3497 4527/5208/3499 4545/5212/3517 4526/5210/3498
f 4515/5194/3487 4528/5198/3500 4529/5211/3501 4530/5213/3502
f 4530/5213/3502 4529/5211/3501 4531/5214/3503 4533/5215/3505
f 4529/5211/3501 4526/5210/3498 4532/5216/3504 4531/5214/3503
f 4531/5214/3503 4532/5216/3504 4534/5217/3506
f 4533/5215/3505 4531/5214/3503 4534/5217/3506
f 4536/5218/3508 4535/5219/3507 4534/5217/3506
f 4535/5219/3507 4539/5220/3511 4534/5217/3506
f 4532/5216/3504 4536/5218/3508 4534/5217/3506
f 4537/5221/3509 4538/5222/3510 4534/5217/3506
f 4539/5220/3511 4537/5223/3509 4534/5217/3506
f 4538/5222/3510 4540/5224/3512 4534/5217/3506
f 4540/5224/3512 4533/5215/3505 4534/5217/3506
f 4542/5174/3514 4541/5225/3513 4540/5224/3512 4538/5222/3510
f 4541/5225/3513 4530/5213/3502 4533/5215/3505 4540/5224/3512
f 4495/5173/3467 4509/5195/3481 4541/5225/3513 4542/5174/3514
f 4509/5195/3481 4515/5194/3487 4530/5213/3502 4541/5225/3513
f 4494/5175/3466 4542/5174/3514 4538/5222/3510 4537/5221/3509
f 4543/5171/3515 4494/5170/3466 4537/5223/3509 4539/5220/3511
f 4544/5226/3516 4543/5171/3515 4539/5220/3511 4535/5219/3507
f 4546/5227/3518 4496/5167/3468 4543/5171/3515 4544/5226/3516
f 4545/5212/3517 4544/5226/3516 4535/5219/3507 4536/5218/3508
f 4527/5208/3499 4546/5227/3518 4544/5226/3516 4545/5212/3517
f 4547/5228/3519 4491/5165/3463 4496/5167/3468 4546/5227/3518
f 4524/5207/3496 4547/5228/3519 4546/5227/3518 4527/5208/3499
f 4522/5206/3494 4548/5229/3520 4547/5228/3519 4524/5207/3496
f 4548/5229/3520 4489/5161/3461 4491/5165/3463 4547/5228/3519
f 4551/5205/3523 4549/5230/3521 4548/5229/3520 4522/5206/3494
f 4549/5230/3521 4434/5160/3406 4489/5161/3461 4548/5229/3520
f 4550/5231/3522 4431/5232/3403 4434/5160/3406 4549/5230/3521
f 4552/5233/3524 4550/5231/3522 4549/5230/3521 4551/5205/3523
f 4553/5234/3525 4552/5233/3524 4551/5205/3523 4521/5202/3493
f 4555/4641/3527 4175/4712/3147 4552/5233/3524 4553/5234/3525
f 4175/4712/3147 4178/4714/3150 4550/5231/3522 4552/5233/3524
f 4554/5235/3526 4553/5234/3525 4521/5202/3493 4519/5201/3491
f 4117/4637/3089 4555/4641/3527 4553/5234/3525 4554/5235/3526
f 4556/5236/3528 4554/5235/3526 4519/5201/3491 4517/5200/3489
f 4114/4638/3086 4117/4637/3089 4554/5235/3526 4556/5236/3528
f 4420/4639/3392 4114/4638/3086 4556/5236/3528 4557/5057/3529
f 4557/5057/3529 4556/5236/3528 4517/5200/3489 4483/5144/3455
f 4178/4714/3150 4427/4718/3399 4431/5232/3403 4550/5231/3522
f 4526/5210/3498 4545/5212/3517 4536/5218/3508 4532/5216/3504
f 4492/5163/3464 4488/5159/3460 4505/5186/3477 4501/5178/3473
f 4223/4782/3195 4227/4807/3199 4214/4768/3186 4216/4770/3188
f 4145/4859/3117 4187/4856/3159 4179/4716/3151 4176/4715/3148
f 4161/4655/3133 4164/4655/3136 4559/5237/3531 4561/5237/3533
f 4164/4655/3136 4558/4655/3530 4560/5237/3532 4559/5237/3531
f 4559/5237/3531 4560/5237/3532 4562/5237/3534
f 4561/5237/3533 4559/5237/3531 4562/5237/3534
f 4560/5237/3532 4563/5237/3535 4562/5237/3534
f 4563/5237/3535 4566/5237/3538 4562/5237/3534
f 4565/5237/3537 4564/5237/3536 4562/5237/3534
f 4564/5237/3536 4561/5237/3533 4562/5237/3534
f 4567/5237/3539 4565/5237/3537 4562/5237/3534
f 4566/5237/3538 4567/5237/3539 4562/5237/3534
f 4129/4655/3101 4132/4655/3104 4567/5237/3539 4566/5237/3538
f 4132/4655/3104 4135/4655/3107 4565/5237/3537 4567/5237/3539
f 4569/4655/3541 4129/4655/3101 4566/5237/3538 4563/5237/3535
f 4135/4655/3107 4568/4655/3540 4564/5237/3536 4565/5237/3537
f 4568/4655/3540 4161/4655/3133 4561/5237/3533 4564/5237/3536
f 4558/4655/3530 4569/4655/3541 4563/5237/3535 4560/5237/3532
f 4163/4696/3135 4130/4696/3102 4569/4655/3541 4558/4655/3530
f 4082/4593/3054 4098/4592/3070 4095/4611/3067 4089/4602/3061
