# Blender 4.5.2 LTS
# www.blender.org
mtllib busto.mtl
o Busto_Nefertiti
v 0.021045 0.264004 0.180718
v 0.026812 0.257939 0.178217
v 0.026262 0.272216 0.176718
v 0.032306 0.266906 0.174616
v 0.018983 0.270453 0.181715
v 0.020864 0.277159 0.178675
v 0.016309 0.274243 0.185809
v 0.015717 0.280033 0.183164
v 0.013962 0.275786 0.191442
v 0.011802 0.282130 0.188421
v 0.006293 0.278275 0.202117
v 0.005008 0.285501 0.197266
v 0.000005 0.278516 0.204406
v 0.000004 0.285732 0.199155
v 0.029648 0.281452 0.172717
v 0.038266 0.277949 0.170289
v 0.022598 0.284677 0.175074
v 0.016073 0.288249 0.179108
v 0.011433 0.291753 0.183450
v 0.003696 0.296143 0.190123
v -0.000007 0.296664 0.191663
v 0.031552 0.251971 0.175498
v 0.037673 0.261276 0.172082
v 0.045975 0.273152 0.167748
v 0.037008 0.232907 0.168940
v 0.044856 0.238679 0.160766
v 0.053981 0.248048 0.152958
v 0.036214 0.224132 0.167852
v 0.044657 0.227941 0.157941
v 0.053065 0.234369 0.148403
v 0.035747 0.214809 0.166677
v 0.043975 0.218130 0.155988
v 0.052040 0.223004 0.145295
v 0.044061 0.246668 0.164082
v 0.053740 0.257167 0.158613
v 0.036706 0.240216 0.170584
v 0.031818 0.287152 0.169840
v 0.041154 0.285511 0.167224
v 0.023942 0.290105 0.172084
v 0.017181 0.294775 0.174214
v 0.011363 0.301451 0.176904
v 0.003678 0.305474 0.184833
v -0.000009 0.306151 0.185988
v 0.051277 0.284880 0.162638
v 0.063221 0.257557 0.145110
v 0.061704 0.243255 0.139224
v 0.060304 0.229852 0.134683
v 0.062084 0.267709 0.152646
v 0.008466 0.284165 0.193702
v 0.011295 0.276834 0.197550
v 0.006782 0.294410 0.187226
v 0.006562 0.304031 0.181831
v 0.010270 0.312513 0.174263
v 0.003845 0.315672 0.179745
v -0.000006 0.316255 0.180384
v 0.006965 0.314563 0.177700
v 0.012339 0.319935 0.174242
v 0.005375 0.324532 0.178217
v 0.000003 0.324999 0.177797
v 0.009346 0.322706 0.177142
v 0.058222 0.292464 0.155010
v 0.068951 0.267253 0.136223
v 0.067549 0.253630 0.129360
v 0.066192 0.239042 0.122672
v 0.068035 0.277928 0.144647
v 0.060151 0.299835 0.150108
v 0.074051 0.278055 0.124077
v 0.072468 0.264336 0.116535
v 0.070418 0.249085 0.110122
v 0.072105 0.288391 0.133814
v 0.016635 0.326327 0.174927
v 0.007202 0.333012 0.176139
v 0.000002 0.333181 0.175152
v 0.013131 0.330617 0.176453
v 0.023948 0.329906 0.173891
v 0.010553 0.341064 0.172368
v 0.000000 0.341194 0.171344
v 0.020878 0.338569 0.173801
v 0.035340 0.330232 0.170765
v 0.036186 0.338639 0.170460
v 0.046243 0.327518 0.165884
v 0.049323 0.335142 0.165070
v 0.054439 0.321260 0.159015
v 0.058833 0.327808 0.156781
v 0.058382 0.313424 0.152050
v 0.063160 0.318806 0.149420
v 0.051215 0.265487 0.164003
v 0.041597 0.254008 0.168441
v 0.034950 0.246397 0.172874
v 0.058622 0.275973 0.158280
v 0.064036 0.285913 0.150753
v 0.066567 0.297540 0.142858
v 0.064523 0.308477 0.144138
v 0.059477 0.306545 0.148987
v 0.032566 0.292533 0.168091
v 0.040752 0.291720 0.165666
v 0.025273 0.295067 0.169430
v 0.019305 0.298087 0.170296
v 0.015679 0.302166 0.171531
v 0.047513 0.293374 0.162115
v 0.014667 0.309770 0.170667
v 0.016229 0.315646 0.169864
v 0.052825 0.297862 0.157037
v 0.055891 0.302189 0.153263
v 0.020088 0.320394 0.170162
v 0.025991 0.323363 0.169286
v 0.034581 0.324368 0.167581
v 0.043781 0.322912 0.164680
v 0.051108 0.318215 0.159282
v 0.055160 0.311530 0.153785
v 0.056468 0.306927 0.152071
v 0.017988 0.259589 0.183733
v 0.021576 0.253019 0.182962
v 0.013938 0.258019 0.186698
v 0.015339 0.252894 0.187221
v 0.000002 0.216994 0.189405
v 0.000003 0.211110 0.191047
v 0.028656 0.223593 0.174075
v 0.017716 0.218447 0.184009
v 0.011347 0.217731 0.187932
v 0.013170 0.211907 0.188805
v 0.019993 0.212085 0.184204
v 0.029401 0.213232 0.173689
v 0.009215 0.256961 0.189744
v 0.010066 0.252410 0.190402
v -0.000043 0.255448 0.192908
v -0.000046 0.251881 0.192662
v 0.004705 0.255872 0.192331
v 0.005165 0.252147 0.192675
v 0.027048 0.246356 0.180025
v 0.031136 0.231742 0.173566
v 0.032223 0.237588 0.174795
v 0.030760 0.241884 0.176814
v 0.019590 0.242577 0.185642
v 0.015194 0.244247 0.189627
v 0.000002 0.225303 0.191317
v 0.022928 0.231153 0.179651
v 0.014455 0.226527 0.187177
v 0.009624 0.225623 0.189661
v 0.010847 0.245459 0.192701
v -0.000002 0.245452 0.195784
v 0.005921 0.245867 0.194846
v 0.022850 0.240778 0.182329
v 0.026116 0.233916 0.176472
v 0.026686 0.236617 0.175480
v 0.025771 0.238698 0.178130
v 0.015612 0.222662 0.185353
v 0.009927 0.221842 0.187827
v 0.027733 0.239839 0.177969
v 0.028910 0.236957 0.175863
v 0.027838 0.233071 0.175205
v 0.025136 0.228245 0.177411
v -0.000020 0.248224 0.193554
v 0.005560 0.248669 0.193511
v 0.015310 0.248157 0.188240
v 0.020489 0.246953 0.184675
v 0.024518 0.243169 0.181600
v 0.010459 0.248538 0.191404
v 0.000003 0.221545 0.188626
v 0.018798 0.240584 0.185791
v 0.014513 0.242191 0.189417
v 0.000003 0.227256 0.193152
v 0.021901 0.232624 0.180670
v 0.014158 0.228634 0.188162
v 0.009757 0.227689 0.191082
v 0.010254 0.243263 0.192048
v -0.000003 0.243330 0.195638
v 0.005325 0.243634 0.194069
v 0.021707 0.239436 0.182436
v 0.024680 0.234550 0.177672
v 0.025265 0.236533 0.176496
v 0.024300 0.238261 0.178049
v 0.005286 0.217264 0.189323
v 0.006256 0.211407 0.190792
v 0.005158 0.225360 0.191291
v 0.004869 0.221707 0.188647
v 0.005283 0.227425 0.192848
v 0.022891 0.220263 0.179494
v 0.024785 0.212469 0.178858
v 0.018998 0.228612 0.183695
v 0.020721 0.225024 0.181583
v 0.018345 0.230482 0.184568
v 0.003349 0.235717 0.190889
v 0.000069 0.236088 0.190124
v 0.008247 0.235954 0.190104
v 0.012831 0.236019 0.187677
v 0.017271 0.236353 0.183821
v 0.020382 0.236742 0.180578
v 0.004701 0.241056 0.193477
v -0.000001 0.240796 0.194884
v 0.009549 0.240808 0.191552
v 0.013968 0.240068 0.189038
v 0.018242 0.239074 0.185298
v 0.021138 0.238504 0.182049
v 0.005011 0.230036 0.193209
v 0.000000 0.229960 0.193636
v 0.009537 0.230219 0.191441
v 0.013872 0.230852 0.188430
v 0.018044 0.232168 0.184637
v 0.021365 0.233750 0.180974
v 0.004416 0.233018 0.192945
v 0.000000 0.233148 0.193217
v 0.009133 0.233236 0.191416
v 0.013438 0.233522 0.188399
v 0.017748 0.234292 0.184464
v 0.020969 0.235191 0.181034
v 0.004022 0.238288 0.192408
v 0.000000 0.238086 0.193758
v 0.008722 0.238318 0.190566
v 0.013171 0.238012 0.188133
v 0.017567 0.237817 0.184426
v 0.020538 0.237871 0.181261
v 0.023066 0.238134 0.178679
v 0.023727 0.236765 0.177500
v 0.023484 0.235104 0.178574
v 0.022097 0.237915 0.179135
v 0.022368 0.236833 0.178595
v 0.022606 0.235631 0.179182
v 0.077618 0.287622 0.111079
v 0.075935 0.275939 0.099686
v 0.073256 0.258888 0.097934
v 0.074188 0.296700 0.121638
v 0.012279 0.348278 0.168268
v -0.000000 0.348390 0.167998
v 0.023621 0.348977 0.167582
v 0.037329 0.348236 0.164663
v 0.049967 0.344442 0.159027
v 0.059744 0.337042 0.150687
v 0.064814 0.327989 0.143090
v 0.069978 0.305929 0.130613
v 0.067852 0.316742 0.136867
v 0.032864 0.299036 0.167705
v 0.039961 0.298944 0.166208
v 0.025897 0.300089 0.167638
v 0.020892 0.301056 0.168491
v 0.018920 0.302723 0.169147
v 0.044946 0.300215 0.163525
v 0.019902 0.307401 0.169374
v 0.022165 0.310563 0.170305
v 0.049214 0.302641 0.160113
v 0.052590 0.305288 0.156979
v 0.025611 0.313305 0.171295
v 0.030726 0.314775 0.171768
v 0.036545 0.315257 0.171509
v 0.043284 0.314361 0.168816
v 0.049038 0.312156 0.163611
v 0.052986 0.309476 0.158227
v 0.054321 0.307540 0.155947
v 0.020322 0.299834 0.169011
v 0.017596 0.302361 0.169857
v 0.028414 0.318414 0.169786
v 0.035475 0.319301 0.169277
v 0.045848 0.297286 0.162439
v 0.040212 0.295792 0.165450
v 0.043463 0.318360 0.166703
v 0.017422 0.308245 0.169222
v 0.049965 0.315046 0.161427
v 0.019435 0.312636 0.169438
v 0.053973 0.310417 0.156063
v 0.050543 0.300677 0.158431
v 0.032665 0.296221 0.167301
v 0.055306 0.307330 0.154001
v 0.053920 0.303938 0.155011
v 0.025747 0.298080 0.167883
v 0.022988 0.316261 0.169603
v 0.033111 0.300685 0.168250
v 0.039943 0.300516 0.166819
v 0.026300 0.301242 0.167761
v 0.021720 0.301773 0.168272
v 0.019324 0.303143 0.168237
v 0.044343 0.301395 0.164359
v 0.021563 0.307366 0.169684
v 0.023972 0.309709 0.170541
v 0.048324 0.303265 0.161417
v 0.051271 0.305406 0.158939
v 0.027206 0.311879 0.170914
v 0.031836 0.312801 0.171632
v 0.036782 0.313098 0.171303
v 0.042594 0.312354 0.169019
v 0.047918 0.310602 0.164410
v 0.051527 0.308685 0.159998
v 0.052596 0.307171 0.158219
v 0.029948 0.198018 0.159682
v 0.039154 0.201034 0.148238
v 0.046850 0.204275 0.135709
v 0.053540 0.209415 0.123375
v 0.059127 0.218173 0.109842
v 0.062857 0.228819 0.097386
v -0.000001 0.197405 0.188053
v 0.014911 0.198823 0.185912
v 0.019741 0.197930 0.181860
v 0.026375 0.197246 0.170226
v 0.007805 0.197547 0.187418
v 0.023589 0.197573 0.176866
v 0.064625 0.240861 0.086674
v 0.021787 0.205339 0.183704
v 0.026066 0.205636 0.178604
v 0.043117 0.208816 0.153722
v 0.051005 0.212449 0.141702
v 0.014846 0.204853 0.188451
v 0.067500 0.236807 0.103088
v 0.070250 0.250486 0.090980
v 0.057786 0.217649 0.129393
v 0.000002 0.204678 0.191260
v 0.007211 0.204614 0.190756
v 0.029972 0.205381 0.173095
v 0.063406 0.226244 0.115426
v 0.035283 0.206325 0.165070
v 0.033098 0.302698 0.166064
v 0.038418 0.302732 0.165245
v 0.027470 0.303511 0.166762
v 0.024074 0.303869 0.166820
v 0.021688 0.303889 0.165307
v 0.042832 0.303463 0.163889
v 0.022600 0.308287 0.165836
v 0.024626 0.310321 0.165760
v 0.046507 0.304798 0.162071
v 0.049141 0.306085 0.160096
v 0.027819 0.311865 0.166348
v 0.031900 0.312531 0.166967
v 0.036325 0.312773 0.166760
v 0.041286 0.312103 0.165106
v 0.045609 0.310637 0.162262
v 0.048589 0.309184 0.159097
v 0.049713 0.307271 0.157577
v 0.036550 0.312926 0.169616
v 0.041912 0.312109 0.167684
v 0.020016 0.303352 0.166391
v 0.022212 0.307770 0.167950
v 0.046803 0.310499 0.163715
v 0.024481 0.309956 0.168717
v 0.050055 0.308885 0.159860
v 0.047782 0.304233 0.162647
v 0.043812 0.303132 0.165667
v 0.039337 0.302468 0.167444
v 0.033299 0.302471 0.168161
v 0.051264 0.307198 0.158534
v 0.050553 0.305758 0.160276
v 0.027135 0.303147 0.168179
v 0.027645 0.311785 0.169356
v 0.023205 0.303167 0.168099
v 0.031935 0.312710 0.169810
v 0.010172 0.307448 0.175248
v 0.006376 0.309402 0.179253
v 0.003568 0.310597 0.182056
v -0.000003 0.311205 0.182834
v 0.014725 0.305799 0.171328
v 0.019011 0.304941 0.169197
v 0.016983 0.305092 0.169420
v 0.020301 0.305282 0.169175
v 0.022211 0.306014 0.165048
v 0.020787 0.305811 0.167105
v 0.045167 0.305027 0.160074
v 0.045111 0.309078 0.161809
v 0.041346 0.309720 0.164351
v 0.041803 0.304415 0.161920
v 0.036967 0.309926 0.166138
v 0.037699 0.303963 0.163420
v 0.032400 0.309612 0.166622
v 0.032689 0.303709 0.164158
v 0.028325 0.309031 0.166201
v 0.027545 0.303763 0.164315
v 0.025316 0.307959 0.165596
v 0.024364 0.304377 0.164664
v 0.047601 0.308466 0.159505
v 0.047698 0.305909 0.158805
v 0.045000 0.307180 0.161066
v 0.041532 0.307112 0.163301
v 0.037407 0.306915 0.164823
v 0.032604 0.306595 0.165409
v 0.028175 0.306373 0.165266
v 0.025615 0.306177 0.165091
v 0.047905 0.307341 0.158705
v 0.015544 0.366247 0.161637
v 0.000003 0.366417 0.161713
v 0.028332 0.365115 0.160263
v 0.040399 0.362210 0.157070
v 0.051054 0.357792 0.151677
v 0.060385 0.351919 0.143188
v 0.066859 0.344334 0.131624
v 0.073870 0.327232 0.108805
v 0.071285 0.335300 0.119832
v 0.013939 0.189668 0.127511
v 0.022621 0.190987 0.123787
v 0.031745 0.193402 0.117192
v 0.039554 0.197081 0.109384
v 0.048171 0.203711 0.099294
v 0.053477 0.211302 0.088708
v 0.054782 0.215761 0.077301
v 0.046867 0.204070 0.118022
v 0.053980 0.212336 0.105746
v 0.030660 0.197009 0.137715
v 0.039053 0.199730 0.128255
v 0.058112 0.221528 0.094183
v 0.058719 0.228196 0.080550
v 0.021383 0.194753 0.144081
v 0.000057 0.188961 0.128483
v 0.000001 0.192895 0.144956
v 0.010890 0.193021 0.145006
v 0.006995 0.188995 0.128432
v 0.000006 0.192363 0.175740
v 0.000004 0.193000 0.167573
v 0.000003 0.193355 0.157061
v 0.009823 0.192601 0.175961
v 0.010686 0.193380 0.167591
v 0.011865 0.193971 0.157499
v -0.000000 0.193482 0.182624
v 0.008799 0.193980 0.182292
v 0.051473 0.216681 0.063258
v 0.053681 0.226731 0.064818
v 0.044766 0.216242 0.050900
v 0.046110 0.225756 0.051843
v 0.028795 0.215438 0.028034
v 0.029168 0.223727 0.028440
v 0.021658 0.214789 0.022703
v 0.022069 0.222431 0.022714
v 0.013998 0.214424 0.021716
v 0.013848 0.222023 0.021651
v 0.007501 0.213961 0.021914
v 0.007452 0.221901 0.022260
v -0.000003 0.213720 0.021834
v -0.000004 0.221700 0.022206
v 0.036501 0.215972 0.039069
v 0.037439 0.225118 0.039607
v 0.076460 0.304700 0.094671
v 0.075520 0.317907 0.097547
v 0.078537 0.303157 0.084134
v 0.080162 0.313234 0.082869
v 0.065959 0.251000 0.077169
v 0.060306 0.241604 0.071036
v 0.054383 0.236937 0.060390
v 0.046704 0.234577 0.048363
v 0.031550 0.238456 0.019953
v 0.023043 0.235475 0.014783
v 0.015050 0.234077 0.013543
v 0.007935 0.233383 0.012937
v 0.000002 0.233156 0.012834
v 0.037695 0.232876 0.037176
v 0.071345 0.258907 0.080358
v 0.078798 0.282609 0.046073
v 0.083651 0.283833 0.051846
v 0.082680 0.296491 0.047101
v 0.085344 0.293218 0.051748
v 0.084071 0.305402 0.053463
v 0.086396 0.300802 0.055959
v 0.083999 0.306385 0.071775
v 0.086118 0.304893 0.062181
v 0.082801 0.311481 0.069921
v 0.084446 0.309098 0.060546
v 0.075717 0.273253 0.052918
v 0.081003 0.275774 0.055757
v 0.045933 0.248839 0.024092
v 0.064613 0.263427 0.033311
v 0.072709 0.272013 0.039096
v 0.044834 0.246865 0.030568
v 0.062624 0.259263 0.041021
v 0.070805 0.265765 0.046891
v 0.054641 0.255112 0.028001
v 0.052138 0.251874 0.034827
v 0.039002 0.244225 0.021516
v 0.013593 0.355944 0.165021
v 0.000001 0.356140 0.164995
v 0.071733 0.315482 0.119526
v 0.069160 0.325329 0.128312
v 0.059753 0.343822 0.146814
v 0.050455 0.350538 0.155264
v 0.038971 0.354638 0.160738
v 0.025991 0.356209 0.163827
v 0.065644 0.335532 0.137410
v 0.077727 0.296707 0.100942
v 0.074433 0.305838 0.110112
v 0.077696 0.291337 0.091421
v 0.014087 0.402541 0.148861
v 0.000023 0.399950 0.148686
v 0.027157 0.399310 0.146606
v 0.040034 0.396431 0.143483
v 0.052305 0.391997 0.138473
v 0.063749 0.386002 0.129976
v 0.073856 0.378510 0.117904
v 0.086458 0.362613 0.090700
v 0.082047 0.370186 0.104625
v 0.089892 0.355410 0.077232
v 0.091525 0.348236 0.064031
v 0.082716 0.309295 0.016550
v 0.087012 0.318826 0.024277
v 0.090475 0.327370 0.032952
v 0.092164 0.341476 0.052304
v 0.091653 0.334845 0.042191
v 0.070232 0.291349 0.001717
v 0.076760 0.300235 0.009131
v 0.061214 0.283627 -0.004726
v 0.035650 0.270223 -0.016159
v 0.027761 0.267873 -0.018578
v 0.019485 0.266454 -0.020399
v 0.010078 0.265560 -0.021858
v -0.000000 0.265323 -0.022473
v 0.051906 0.277375 -0.009894
v 0.043504 0.273130 -0.013522
v 0.016109 0.549916 0.081952
v -0.000000 0.559145 0.077949
v 0.040137 0.545265 0.078527
v 0.062878 0.540974 0.070836
v 0.096698 0.531076 0.046732
v 0.109854 0.525535 0.031356
v 0.129227 0.512786 -0.004529
v 0.120747 0.519300 0.013855
v 0.135304 0.506196 -0.023007
v 0.138883 0.499550 -0.040910
v 0.128734 0.471992 -0.114037
v 0.134133 0.477203 -0.100597
v 0.137859 0.482375 -0.087054
v 0.139974 0.493260 -0.057531
v 0.139363 0.487647 -0.072837
v 0.111805 0.461727 -0.141031
v 0.121495 0.466853 -0.127628
v 0.099893 0.456737 -0.153447
v 0.059205 0.449212 -0.179543
v 0.045254 0.447697 -0.184604
v 0.030697 0.446620 -0.187986
v 0.015357 0.446026 -0.190169
v 0.000005 0.446140 -0.190431
v 0.086404 0.453266 -0.163981
v 0.072936 0.450997 -0.172883
v 0.076804 0.275296 0.091803
v 0.074492 0.262552 0.092886
v 0.072640 0.257559 0.088197
v 0.080584 0.299046 0.078817
v 0.075569 0.261583 0.081777
v 0.089453 0.283094 0.052464
v 0.089922 0.292979 0.052009
v 0.090376 0.300584 0.055908
v 0.085869 0.303617 0.071306
v 0.088583 0.303110 0.063368
v 0.087337 0.274919 0.056437
v 0.078162 0.289040 0.085478
v 0.079004 0.275264 0.089727
v 0.078199 0.264114 0.091635
v 0.076597 0.261388 0.087682
v 0.082880 0.296822 0.076976
v 0.079399 0.262731 0.081162
v 0.089225 0.282780 0.052527
v 0.091361 0.292620 0.052133
v 0.092150 0.300710 0.056021
v 0.083809 0.302732 0.069690
v 0.089847 0.302962 0.063934
v 0.088389 0.275147 0.056542
v 0.079939 0.287782 0.082800
v 0.034701 0.495260 0.101460
v 0.015510 0.499787 0.102897
v 0.082151 0.326320 -0.012734
v 0.056426 0.304227 -0.034391
v 0.046471 0.466212 0.110048
v 0.043064 0.437078 0.124732
v 0.046143 0.421855 0.129861
v 0.093149 0.343004 0.004697
v 0.096347 0.351054 0.014409
v 0.065035 0.311369 -0.027585
v 0.098110 0.358312 0.024564
v 0.093357 0.386419 0.076467
v 0.099147 0.371737 0.047997
v 0.017030 0.478916 0.112676
v 0.018996 0.430512 0.133616
v 0.016212 0.418606 0.139526
v 0.074281 0.318616 -0.020437
v 0.047242 0.300198 -0.038421
v 0.057823 0.415778 0.125629
v 0.055605 0.478735 0.100068
v 0.088208 0.334646 -0.004324
v 0.038862 0.297260 -0.041544
v 0.068184 0.409363 0.118532
v 0.078964 0.401942 0.106333
v 0.097403 0.378994 0.061945
v 0.087383 0.393949 0.091413
v 0.099768 0.364818 0.035576
v 0.030214 0.295232 -0.043989
v 0.021181 0.293881 -0.045966
v 0.028831 0.418275 0.137719
v 0.029945 0.432974 0.130649
v 0.031982 0.474917 0.111019
v 0.010582 0.293056 -0.047467
v -0.000000 0.292860 -0.048098
v 0.092735 0.359225 -0.041958
v 0.062490 0.340028 -0.066355
v 0.049855 0.450556 0.115335
v 0.104256 0.374954 -0.021423
v 0.107456 0.382555 -0.010315
v 0.073651 0.345438 -0.059623
v 0.109266 0.389392 0.001097
v 0.101720 0.417184 0.056900
v 0.108394 0.402522 0.026529
v 0.084026 0.352135 -0.051111
v 0.052517 0.336176 -0.071160
v 0.057284 0.446503 0.112815
v 0.099292 0.366990 -0.032064
v 0.043127 0.333605 -0.074558
v 0.073978 0.438950 0.101501
v 0.085334 0.432382 0.088732
v 0.106176 0.409731 0.041430
v 0.094961 0.424726 0.072792
v 0.109139 0.395913 0.013124
v 0.033615 0.331591 -0.077441
v 0.023480 0.330303 -0.079608
v 0.011338 0.329586 -0.081093
v 0.000001 0.329522 -0.081622
v 0.007656 0.411159 0.148789
v -0.000035 0.410752 0.150889
v 0.008467 0.540511 0.085954
v -0.000027 0.547442 0.085408
v 0.007176 0.420337 0.139276
v 0.000039 0.424207 0.146492
v 0.007816 0.500454 0.103384
v 0.000158 0.502090 0.107071
v 0.044412 0.452500 0.117213
v 0.040753 0.442629 0.123228
v 0.011823 0.472793 0.115850
v 0.014613 0.454039 0.124190
v 0.013836 0.436752 0.131519
v 0.000036 0.474320 0.120767
v -0.000038 0.455643 0.129196
v 0.000345 0.439809 0.138841
v 0.031349 0.454418 0.121483
v 0.030934 0.467720 0.114690
v 0.030421 0.441728 0.128609
v 0.042867 0.463656 0.112611
v 0.010360 0.098992 0.073717
v 0.019290 0.099842 0.073841
v 0.031522 0.102344 0.071098
v 0.041627 0.106478 0.062888
v 0.053342 0.113704 0.055220
v 0.062989 0.123741 0.046095
v 0.066459 0.133334 0.034851
v 0.000003 0.098194 0.073519
v 0.004270 0.098259 0.073628
v 0.065226 0.138891 0.023425
v 0.059905 0.142069 0.010967
v 0.040985 0.139337 -0.013505
v 0.030467 0.138126 -0.018288
v 0.019479 0.136814 -0.021562
v 0.008781 0.136662 -0.023309
v -0.000002 0.136953 -0.023508
v 0.053049 0.139467 -0.006445
v 0.041010 0.198021 0.041456
v 0.040838 0.179366 0.030774
v 0.046295 0.159732 0.020988
v 0.039811 0.161600 0.010589
v 0.034638 0.180687 0.020952
v 0.034302 0.198383 0.030863
v 0.050421 0.190009 0.073801
v 0.051021 0.167130 0.060890
v 0.054666 0.144726 0.050883
v 0.055251 0.152322 0.040521
v 0.050073 0.173734 0.049629
v 0.050092 0.195403 0.062351
v 0.032563 0.161780 0.001993
v 0.027502 0.180255 0.012471
v 0.026948 0.197938 0.021372
v 0.004506 0.165513 0.115833
v 0.003875 0.141734 0.101679
v 0.003924 0.118151 0.087925
v 0.010628 0.118644 0.087349
v 0.010354 0.142024 0.100688
v 0.010870 0.165683 0.114731
v 0.051649 0.156579 0.030915
v 0.046134 0.177148 0.040224
v 0.046542 0.197366 0.051582
v 0.012169 0.195315 0.016031
v 0.012855 0.176968 0.006645
v 0.016149 0.159071 -0.005068
v 0.007892 0.158654 -0.006115
v 0.007233 0.176100 0.005989
v 0.007108 0.194282 0.015738
v 0.019251 0.120268 0.085115
v 0.018584 0.143721 0.097306
v 0.018914 0.167518 0.110420
v -0.000035 0.166263 0.115499
v 0.000030 0.142410 0.101513
v -0.000003 0.118674 0.087779
v 0.024281 0.160400 -0.002886
v 0.019726 0.178494 0.008145
v 0.019158 0.196647 0.016977
v 0.031512 0.122946 0.081572
v 0.029434 0.146631 0.091841
v 0.028360 0.170736 0.103546
v 0.041090 0.127482 0.073205
v 0.040058 0.150659 0.084738
v 0.037591 0.174777 0.096020
v 0.000000 0.158790 -0.006349
v -0.000003 0.175978 0.005749
v 0.000001 0.194065 0.015542
v 0.049457 0.135400 0.062231
v 0.047488 0.158435 0.073174
v 0.046726 0.181828 0.085811
v 0.078826 0.277220 0.078419
v 0.086071 0.269331 0.084358
v 0.085262 0.264643 0.083856
v 0.082924 0.294206 0.072237
v 0.086325 0.265868 0.077634
v 0.098742 0.280111 0.059908
v 0.096116 0.288623 0.061035
v 0.094872 0.296336 0.062199
v 0.083207 0.296893 0.067737
v 0.089384 0.297538 0.064559
v 0.094781 0.274117 0.060005
v 0.082063 0.287445 0.073733
v 0.110362 0.097141 0.033433
v 0.110979 0.104351 0.023726
v 0.109416 0.109853 0.009806
v 0.106420 0.112203 -0.005200
v 0.103541 0.112547 -0.017089
v 0.102667 0.111330 0.026365
v 0.100453 0.116957 0.012926
v 0.097440 0.120344 -0.001278
v 0.093287 0.118054 -0.015296
v 0.102579 0.100580 0.037136
v 0.088892 0.122954 0.016111
v 0.077609 0.129973 0.019457
v 0.079765 0.124393 -0.011888
v 0.067536 0.130596 -0.009713
v 0.078330 0.123203 0.032892
v 0.090752 0.116945 0.029464
v 0.073060 0.133567 0.006134
v 0.084812 0.126362 0.002708
v 0.089299 0.104609 0.041681
v 0.017680 0.080304 0.072715
v 0.030795 0.080610 0.071656
v 0.044006 0.081370 0.067279
v 0.058112 0.084182 0.064067
v 0.072685 0.087038 0.058400
v -0.000010 0.078995 0.069741
v 0.111549 0.087517 0.037876
v 0.101119 0.087459 0.044715
v 0.087613 0.088247 0.051120
v 0.016340 0.004640 0.078853
v 0.030127 0.006029 0.077509
v 0.043733 0.006812 0.076182
v 0.056852 0.008325 0.074041
v 0.070274 0.009449 0.070689
v -0.000005 0.004105 0.079741
v 0.102936 0.008930 0.051814
v 0.095114 0.009273 0.059230
v 0.083211 0.010564 0.065035
v 0.058379 0.070716 0.068475
v 0.058169 0.055851 0.072225
v 0.058321 0.039828 0.076807
v 0.058472 0.020131 0.081889
v 0.072135 0.020514 0.077447
v 0.072486 0.040215 0.073010
v 0.072324 0.056264 0.067426
v 0.072446 0.071448 0.062704
v 0.017103 0.069993 0.076435
v 0.016615 0.055011 0.080142
v 0.016530 0.038647 0.084093
v 0.016721 0.018258 0.089177
v 0.030898 0.018752 0.087708
v 0.030589 0.039068 0.083049
v 0.030542 0.055239 0.078966
v 0.031169 0.070267 0.076919
v 0.086797 0.072012 0.056555
v 0.086627 0.056535 0.061893
v 0.086746 0.040397 0.068066
v 0.086509 0.020532 0.073652
v 0.099304 0.020517 0.066839
v 0.100065 0.040335 0.062147
v 0.100069 0.056569 0.056296
v 0.100441 0.072106 0.050691
v 0.044846 0.019563 0.084784
v 0.044558 0.039443 0.080167
v 0.044466 0.055522 0.076267
v 0.044688 0.070081 0.072650
v -0.000001 0.069548 0.074390
v 0.000001 0.054808 0.080147
v 0.000000 0.038428 0.084333
v -0.000038 0.018015 0.088947
v 0.111408 0.019689 0.056345
v 0.112373 0.040849 0.054126
v 0.111821 0.057442 0.049177
v 0.111341 0.072812 0.043481
v 0.041970 0.116161 -0.033969
v 0.031253 0.114596 -0.036191
v 0.020254 0.113505 -0.037883
v 0.009555 0.113250 -0.039013
v -0.000006 0.113399 -0.039523
v 0.052250 0.116889 -0.031928
v 0.103048 0.103240 -0.027482
v 0.090585 0.108205 -0.032621
v 0.075816 0.111775 -0.032349
v 0.062845 0.114884 -0.031820
v 0.033385 0.005106 -0.063599
v 0.024041 0.004857 -0.063281
v 0.015358 0.004627 -0.063107
v 0.007415 0.004416 -0.063283
v 0.000007 0.004220 -0.063497
v 0.043383 0.005372 -0.063897
v 0.087190 0.006526 -0.061228
v 0.077082 0.006265 -0.063066
v 0.065709 0.005963 -0.063617
v 0.054166 0.005658 -0.063963
v 0.029627 0.091963 -0.049230
v 0.028081 0.071369 -0.057337
v 0.026531 0.049604 -0.063650
v 0.024742 0.022865 -0.069195
v 0.016020 0.022402 -0.069067
v 0.017355 0.048955 -0.063387
v 0.018501 0.070556 -0.057133
v 0.019532 0.091068 -0.049610
v 0.101707 0.086608 -0.041938
v 0.100618 0.068086 -0.053179
v 0.098498 0.047274 -0.061096
v 0.095336 0.020753 -0.066178
v 0.078625 0.022258 -0.068140
v 0.081742 0.048223 -0.064219
v 0.084617 0.069810 -0.057391
v 0.087797 0.089840 -0.047690
v 0.007832 0.021915 -0.069167
v 0.008538 0.048434 -0.063308
v 0.009142 0.070059 -0.057271
v 0.009612 0.090539 -0.049840
v 0.050235 0.094202 -0.049472
v 0.048101 0.072712 -0.058612
v 0.046054 0.050382 -0.065238
v 0.043974 0.023333 -0.068885
v 0.034053 0.023233 -0.068962
v 0.036053 0.050124 -0.064188
v 0.037875 0.072193 -0.057832
v 0.039818 0.093242 -0.049211
v 0.066270 0.022755 -0.069126
v 0.068728 0.049347 -0.065390
v 0.071129 0.071224 -0.058015
v 0.073575 0.091830 -0.048310
v -0.000003 0.021690 -0.069299
v -0.000001 0.048266 -0.063436
v 0.000000 0.069913 -0.057418
v -0.000000 0.090347 -0.049855
v 0.054642 0.023133 -0.069453
v 0.056874 0.050057 -0.065516
v 0.059094 0.072289 -0.058477
v 0.061189 0.093515 -0.048980
v 0.081006 0.343846 0.100238
v 0.076115 0.351604 0.112255
v 0.070450 0.360188 0.125343
v 0.061830 0.367632 0.137282
v 0.051487 0.373423 0.146171
v 0.039951 0.377842 0.151356
v 0.015354 0.382997 0.155052
v 0.000016 0.383326 0.155128
v 0.027851 0.381152 0.154030
v 0.057807 0.267055 0.012985
v 0.067066 0.275238 0.018814
v 0.086784 0.324268 0.062912
v 0.085830 0.329382 0.074902
v 0.074245 0.284275 0.025392
v 0.080376 0.294320 0.031648
v 0.086800 0.314894 0.044689
v 0.087351 0.320055 0.053303
v 0.084163 0.305929 0.036745
v 0.083828 0.336634 0.088086
v -0.000000 0.247302 -0.003526
v 0.009251 0.247671 -0.003053
v 0.017410 0.248465 -0.001989
v 0.025380 0.250054 -0.000348
v 0.033280 0.252758 0.002069
v 0.040759 0.256400 0.005027
v 0.048666 0.260917 0.008571
v 0.094032 0.392347 -0.084764
v 0.059400 0.378909 -0.109012
v 0.110287 0.405529 -0.063046
v 0.048825 0.376594 -0.113402
v 0.081562 0.473430 0.081699
v 0.094400 0.467408 0.067991
v 0.116955 0.445767 0.017531
v 0.104813 0.460060 0.051020
v 0.121093 0.432258 -0.013455
v 0.037994 0.374855 -0.116902
v 0.026400 0.373684 -0.119506
v 0.012696 0.372874 -0.121368
v 0.000003 0.372896 -0.121844
v 0.102928 0.398796 -0.074029
v 0.070632 0.382081 -0.103195
v 0.115540 0.412855 -0.051239
v 0.118751 0.419857 -0.039222
v 0.082796 0.386633 -0.095000
v 0.120630 0.426155 -0.026941
v 0.111856 0.452790 0.034086
v 0.119803 0.438712 0.001273
v 0.081580 0.536242 0.059912
v 0.065316 0.442978 0.108232
v 0.070090 0.477378 0.090878
v -0.000004 0.226393 0.020597
v 0.007373 0.226626 0.020696
v 0.013530 0.226624 0.020228
v 0.021729 0.227352 0.021132
v 0.029255 0.229699 0.026275
v 0.067847 0.259568 0.067610
v 0.071539 0.266181 0.060001
v 0.077189 0.270301 0.062612
v 0.072628 0.266458 0.071253
v 0.041653 0.242946 0.032446
v 0.039061 0.238013 0.034504
v 0.047930 0.241346 0.044316
v 0.049848 0.246833 0.040190
v 0.056616 0.246000 0.054069
v 0.059315 0.252817 0.048178
v 0.066187 0.258691 0.055400
v 0.062876 0.251726 0.062498
v 0.083061 0.268856 0.062803
v 0.078746 0.265282 0.071584
v 0.085603 0.269079 0.062610
v 0.082129 0.265181 0.071242
v 0.088885 0.267652 0.069381
v 0.090032 0.270610 0.063653
v 0.081531 0.289121 0.067837
v 0.083243 0.277071 0.070847
v 0.089139 0.270017 0.075651
v 0.089376 0.289766 0.065482
v 0.092087 0.279117 0.062668
v 0.095412 0.271707 0.067525
v 0.081338 0.266306 0.088632
v 0.078325 0.275689 0.084999
v 0.081834 0.262554 0.086535
v 0.079201 0.287343 0.078155
v 0.085195 0.295164 0.075017
v 0.082787 0.264419 0.079877
v 0.096660 0.290471 0.053613
v 0.093064 0.281537 0.053770
v 0.095421 0.298534 0.059191
v 0.091366 0.301534 0.065024
v 0.083718 0.300707 0.068136
v 0.088933 0.275170 0.056657
v 0.086620 0.269486 0.062174
v 0.084554 0.266942 0.070727
v 0.018608 0.088650 0.071566
v 0.030670 0.090225 0.068602
v 0.042389 0.092335 0.061866
v 0.055631 0.097343 0.056853
v 0.070622 0.105620 0.048336
v 0.006447 0.069589 0.074462
v 0.006190 0.004270 0.079613
v 0.006145 0.054858 0.080104
v 0.006093 0.038447 0.084058
v 0.006153 0.018000 0.089072
v 0.006933 0.080409 0.069713
v 0.000001 0.088615 0.069520
v 0.004219 0.088653 0.069611
v 0.009838 0.088479 0.069730
v -0.000001 0.083807 0.069148
v 0.003731 0.084126 0.069145
v 0.091617 0.006625 -0.037110
v 0.096962 0.006742 -0.004728
v 0.102111 0.006853 0.027858
v 0.092544 0.006596 0.032883
v 0.087038 0.006476 -0.001264
v 0.081000 0.006348 -0.035187
v 0.080985 0.006291 0.038512
v 0.075549 0.006175 0.002245
v 0.069870 0.006336 -0.033673
v 0.067511 0.005931 0.042489
v 0.062674 0.005832 0.004819
v 0.057878 0.005773 -0.032435
v 0.054143 0.005575 0.044543
v 0.050161 0.005499 0.006264
v 0.046391 0.005428 -0.031523
v 0.041394 0.005236 0.045438
v 0.038389 0.005186 0.007026
v 0.035595 0.005140 -0.030909
v 0.028694 0.004898 0.045993
v 0.026930 0.004882 0.007536
v 0.025302 0.004867 -0.030488
v 0.016107 0.004564 0.046474
v 0.015785 0.004586 0.007889
v 0.015561 0.004608 -0.030264
v 0.006377 0.004306 0.046703
v 0.006727 0.004345 0.007996
v 0.007134 0.004384 -0.030278
v -0.000004 0.004137 0.046786
v -0.000000 0.004167 0.008011
v -0.000005 0.004195 -0.030328
v 0.105785 0.019098 -0.038371
v 0.109664 0.018760 -0.005465
v 0.113703 0.018797 0.028015
v 0.105649 0.044732 -0.033747
v 0.109324 0.042801 -0.002662
v 0.112766 0.041446 0.028385
v 0.105923 0.064388 -0.028169
v 0.109041 0.061576 -0.000767
v 0.111944 0.059282 0.026319
v 0.106360 0.082101 -0.021019
v 0.109092 0.078640 0.001862
v 0.111925 0.075569 0.024442
v 0.106876 0.098956 -0.011632
v 0.109405 0.095376 0.006013
v 0.111899 0.091359 0.023239
v 0.012705 0.272152 0.198505
v 0.013258 0.268984 0.198073
v 0.011156 0.266646 0.193899
v 0.015319 0.271926 0.194152
v 0.016925 0.269132 0.193063
v 0.013824 0.265264 0.191302
v 0.006963 0.273062 0.204003
v 0.007042 0.269644 0.203820
v 0.007390 0.266233 0.197634
v 0.000004 0.273144 0.206678
v -0.000002 0.269470 0.206842
v -0.000011 0.264917 0.205183
v 0.004597 0.263476 0.191893
v 0.003974 0.262677 0.200211
v -0.000007 0.258306 0.197125
v -0.000029 0.261474 0.202503
v 0.008579 0.260982 0.189259
v 0.009673 0.267948 0.191062
v 0.013489 0.265854 0.189134
v 0.011793 0.263222 0.187757
v 0.003195 0.265774 0.192710
v -0.000038 0.259552 0.199941
v 0.008160 0.266145 0.189043
v 0.012610 0.264833 0.187505
v 0.012181 0.274026 0.198332
v 0.014896 0.273351 0.192862
v 0.006725 0.275219 0.203419
v 0.000007 0.275300 0.205876
v 0.004264 0.258365 0.192616
v -0.000012 0.257589 0.194468
v 0.008768 0.259312 0.189465
v 0.013124 0.260089 0.186708
v 0.016034 0.261566 0.185660
v 0.018342 0.263329 0.186081
v 0.019502 0.266833 0.187676
v 0.017538 0.271300 0.189396
v 0.012661 0.265807 0.196714
v 0.016536 0.264664 0.192071
v 0.006328 0.265689 0.201868
v 0.004772 0.267109 0.195515
v 0.003486 0.261360 0.197568
v 0.008203 0.263599 0.188885
v 0.013150 0.261179 0.187752
v 0.015301 0.261936 0.188598
v 0.016350 0.262926 0.189893
v 0.003859 0.260451 0.193962
v -0.020966 0.264001 0.180623
v -0.026597 0.257916 0.177892
v -0.026282 0.272221 0.176742
v -0.032090 0.266857 0.174223
v -0.019141 0.270497 0.181810
v -0.021033 0.277222 0.178855
v -0.016188 0.274199 0.185750
v -0.015893 0.280111 0.183300
v -0.013700 0.275654 0.191316
v -0.011930 0.282193 0.188501
v -0.006150 0.278135 0.201921
v -0.004956 0.285443 0.197195
v -0.029458 0.281343 0.172328
v -0.037823 0.277775 0.169375
v -0.022531 0.284635 0.174961
v -0.016245 0.288333 0.179269
v -0.011622 0.291845 0.183599
v -0.003911 0.296339 0.190424
v -0.031113 0.251973 0.174862
v -0.037095 0.261262 0.171166
v -0.044927 0.273022 0.166067
v -0.035520 0.233234 0.167410
v -0.043247 0.239104 0.159387
v -0.052116 0.248580 0.151626
v -0.034310 0.224461 0.166101
v -0.042604 0.228436 0.156358
v -0.050585 0.235067 0.146840
v -0.033772 0.215260 0.165140
v -0.041575 0.218865 0.154388
v -0.049044 0.224018 0.143696
v -0.042801 0.246989 0.162830
v -0.051888 0.257639 0.157003
v -0.035709 0.240444 0.169454
v -0.031557 0.286971 0.169197
v -0.040495 0.285192 0.165788
v -0.023782 0.289984 0.171767
v -0.017098 0.294725 0.174123
v -0.011741 0.301619 0.177258
v -0.003886 0.305642 0.185149
v -0.049790 0.284511 0.160500
v -0.060531 0.258226 0.143682
v -0.058495 0.244121 0.137785
v -0.056254 0.231166 0.133232
v -0.059601 0.268118 0.150953
v -0.008439 0.284145 0.193689
v -0.011003 0.276649 0.197347
v -0.007143 0.294614 0.187532
v -0.007144 0.304304 0.182372
v -0.010504 0.312513 0.174570
v -0.003978 0.315757 0.180082
v -0.007245 0.314607 0.178105
v -0.012274 0.319961 0.174110
v -0.005333 0.324473 0.177901
v -0.009322 0.322706 0.177050
v -0.055990 0.291965 0.152642
v -0.066656 0.267636 0.135389
v -0.064069 0.254430 0.128410
v -0.061414 0.240432 0.121773
v -0.065368 0.278083 0.143305
v -0.057700 0.299496 0.147832
v -0.071032 0.278352 0.123337
v -0.068114 0.265179 0.115748
v -0.064843 0.250715 0.109554
v -0.069357 0.288354 0.132816
v -0.016410 0.326446 0.174159
v -0.007180 0.332918 0.175801
v -0.012995 0.330546 0.175764
v -0.023627 0.330007 0.172599
v -0.010533 0.340815 0.171743
v -0.020640 0.338222 0.172440
v -0.034805 0.330332 0.169222
v -0.035514 0.338256 0.168799
v -0.045433 0.327643 0.164576
v -0.048141 0.334926 0.163713
v -0.053125 0.321540 0.157617
v -0.057512 0.327829 0.156006
v -0.056642 0.313798 0.150414
v -0.061755 0.318881 0.148723
v -0.049718 0.265652 0.162260
v -0.040585 0.254172 0.167186
v -0.034192 0.246507 0.171918
v -0.056498 0.275950 0.156232
v -0.061462 0.285674 0.148819
v -0.063736 0.297280 0.141222
v -0.062084 0.308500 0.142663
v -0.057645 0.306613 0.147330
v -0.032193 0.292296 0.166924
v -0.040007 0.291464 0.163922
v -0.024993 0.294824 0.168663
v -0.019259 0.298056 0.170211
v -0.015957 0.302290 0.171873
v -0.046201 0.293080 0.160063
v -0.014825 0.309764 0.170928
v -0.016340 0.315613 0.169964
v -0.051237 0.297584 0.155166
v -0.054321 0.302043 0.151650
v -0.019916 0.320539 0.169279
v -0.025788 0.323465 0.168184
v -0.034156 0.324496 0.166216
v -0.042891 0.323064 0.163041
v -0.049912 0.318406 0.157901
v -0.054237 0.311684 0.152879
v -0.055422 0.306971 0.151035
v -0.017808 0.259603 0.183493
v -0.021350 0.252995 0.182641
v -0.013921 0.258022 0.186672
v -0.015251 0.252871 0.187087
v -0.027433 0.223682 0.172723
v -0.017238 0.218393 0.183307
v -0.011037 0.217681 0.187199
v -0.012886 0.211860 0.188191
v -0.019246 0.212007 0.183234
v -0.027894 0.213410 0.172371
v -0.009337 0.256983 0.189963
v -0.010125 0.252458 0.190513
v -0.004798 0.255930 0.192478
v -0.005229 0.252243 0.192766
v -0.026456 0.246379 0.179208
v -0.029480 0.232109 0.171343
v -0.030861 0.238015 0.172834
v -0.029846 0.242101 0.175546
v -0.019574 0.242589 0.185611
v -0.015279 0.244254 0.189740
v -0.022539 0.231122 0.179158
v -0.014317 0.226568 0.186994
v -0.009594 0.225645 0.189600
v -0.010803 0.245457 0.192617
v -0.005969 0.245902 0.195007
v -0.022580 0.240931 0.181966
v -0.025370 0.233928 0.175193
v -0.025590 0.237245 0.173376
v -0.025313 0.239190 0.177333
v -0.015288 0.222703 0.184876
v -0.009705 0.221924 0.187326
v -0.026986 0.240261 0.176736
v -0.027687 0.237744 0.173140
v -0.026872 0.233264 0.173544
v -0.024452 0.228266 0.176527
v -0.005585 0.248733 0.193571
v -0.015263 0.248146 0.188174
v -0.020202 0.246937 0.184296
v -0.024022 0.243285 0.180918
v -0.010501 0.248575 0.191479
v -0.018692 0.240646 0.185664
v -0.014539 0.242178 0.189460
v -0.021577 0.232553 0.180304
v -0.014151 0.228635 0.188156
v -0.009822 0.227671 0.191211
v -0.010269 0.243258 0.192086
v -0.005391 0.243598 0.194306
v -0.021485 0.239634 0.182170
v -0.024032 0.234439 0.176774
v -0.024425 0.236861 0.175136
v -0.024136 0.238458 0.177780
v -0.005198 0.217239 0.188871
v -0.006173 0.211378 0.190402
v -0.005124 0.225439 0.191142
v -0.004790 0.221791 0.188259
v -0.005268 0.227445 0.192761
v -0.022173 0.220222 0.178663
v -0.023699 0.212466 0.177779
v -0.018786 0.228619 0.183453
v -0.020256 0.225038 0.181025
v -0.018264 0.230475 0.184475
v -0.003428 0.235740 0.191218
v -0.008262 0.235909 0.190130
v -0.012853 0.235975 0.187713
v -0.017205 0.236325 0.183752
v -0.020028 0.236811 0.180233
v -0.004736 0.241008 0.193608
v -0.009540 0.240815 0.191534
v -0.013966 0.240070 0.189036
v -0.018169 0.239145 0.185207
v -0.020949 0.238732 0.181845
v -0.005010 0.230040 0.193189
v -0.009609 0.230237 0.191587
v -0.013878 0.230857 0.188443
v -0.017994 0.232152 0.184578
v -0.021096 0.233658 0.180683
v -0.004428 0.233034 0.193000
v -0.009202 0.233277 0.191562
v -0.013489 0.233542 0.188478
v -0.017700 0.234280 0.184409
v -0.020717 0.235122 0.180767
v -0.004025 0.238287 0.192428
v -0.008785 0.238266 0.190709
v -0.013289 0.237930 0.188319
v -0.017652 0.237764 0.184532
v -0.020553 0.237870 0.181276
v -0.023034 0.238171 0.178632
v -0.023076 0.236950 0.176694
v -0.022963 0.234970 0.177969
v -0.022139 0.237864 0.179175
v -0.021903 0.236946 0.178111
v -0.022191 0.235536 0.178743
v -0.073537 0.287709 0.110332
v -0.071132 0.276605 0.098489
v -0.067265 0.260976 0.096943
v -0.071301 0.296534 0.121014
v -0.012246 0.348029 0.167685
v -0.023348 0.348384 0.166198
v -0.036417 0.347414 0.162975
v -0.048642 0.343715 0.158306
v -0.058489 0.336843 0.150883
v -0.064106 0.328085 0.143407
v -0.068247 0.305810 0.130229
v -0.066928 0.316765 0.136899
v -0.032592 0.298921 0.166416
v -0.039231 0.298906 0.164891
v -0.025806 0.299960 0.166905
v -0.020766 0.300980 0.168043
v -0.018653 0.302669 0.168502
v -0.044142 0.300172 0.162230
v -0.019801 0.307537 0.168604
v -0.022222 0.310754 0.168791
v -0.048088 0.302375 0.158936
v -0.051492 0.305003 0.156414
v -0.025791 0.313369 0.169195
v -0.030681 0.314669 0.169635
v -0.035937 0.314959 0.169005
v -0.042108 0.314194 0.166773
v -0.047770 0.312217 0.162278
v -0.051542 0.309616 0.157083
v -0.053309 0.307670 0.155136
v -0.020179 0.299740 0.168647
v -0.017553 0.302343 0.169746
v -0.028267 0.318347 0.168060
v -0.034987 0.319095 0.167454
v -0.044899 0.297364 0.161003
v -0.039570 0.295846 0.163968
v -0.042515 0.318163 0.165052
v -0.017362 0.308265 0.168786
v -0.048922 0.315010 0.160332
v -0.019368 0.312710 0.168198
v -0.052949 0.310462 0.155219
v -0.049379 0.300608 0.157293
v -0.032379 0.296176 0.166015
v -0.054341 0.307391 0.153194
v -0.052729 0.303955 0.154161
v -0.025578 0.297971 0.167167
v -0.022946 0.316332 0.168045
v -0.032718 0.300070 0.166872
v -0.038806 0.300537 0.165671
v -0.026191 0.300748 0.167035
v -0.021461 0.301464 0.167727
v -0.019036 0.303097 0.167721
v -0.043614 0.301658 0.163316
v -0.021166 0.307860 0.168748
v -0.023671 0.310442 0.169242
v -0.047399 0.303215 0.160476
v -0.048136 0.305456 0.156106
v -0.027140 0.312327 0.169974
v -0.031727 0.313402 0.170372
v -0.036449 0.313820 0.169831
v -0.042051 0.313000 0.167827
v -0.047364 0.311093 0.163622
v -0.050863 0.309181 0.159182
v -0.051718 0.307255 0.157390
v -0.028943 0.199701 0.159184
v -0.037392 0.203204 0.147481
v -0.044454 0.206605 0.135020
v -0.050329 0.211812 0.123002
v -0.055437 0.220242 0.109949
v -0.058085 0.231032 0.098073
v -0.014636 0.199119 0.185425
v -0.019227 0.198497 0.181275
v -0.025376 0.198664 0.169710
v -0.007777 0.197587 0.187351
v -0.022806 0.198520 0.176312
v -0.059501 0.243427 0.087919
v -0.020800 0.205650 0.182566
v -0.024660 0.206149 0.177444
v -0.040398 0.210444 0.152267
v -0.047591 0.214375 0.140316
v -0.014462 0.205008 0.187712
v -0.061808 0.239152 0.103295
v -0.064386 0.254109 0.090753
v -0.053694 0.219649 0.128445
v -0.007128 0.204678 0.190425
v -0.028324 0.206162 0.171949
v -0.058677 0.228198 0.115100
v -0.033456 0.207405 0.163930
v -0.032864 0.301684 0.164572
v -0.037965 0.301655 0.163382
v -0.027240 0.302554 0.165312
v -0.023566 0.303077 0.165299
v -0.020882 0.303619 0.164044
v -0.042110 0.302338 0.161574
v -0.022749 0.308115 0.165966
v -0.024926 0.309766 0.166183
v -0.045520 0.303514 0.159389
v -0.048146 0.304744 0.157308
v -0.027984 0.311178 0.166848
v -0.031982 0.311835 0.167451
v -0.036437 0.311894 0.167402
v -0.041483 0.310961 0.165936
v -0.045895 0.309473 0.163157
v -0.048845 0.308133 0.160206
v -0.049080 0.307416 0.157762
v -0.036581 0.312639 0.169813
v -0.041977 0.311778 0.167943
v -0.019346 0.303273 0.165809
v -0.022326 0.307643 0.168014
v -0.046909 0.310038 0.164029
v -0.024624 0.309703 0.168860
v -0.050131 0.308560 0.160204
v -0.046499 0.303583 0.160589
v -0.042835 0.302256 0.162979
v -0.038458 0.301481 0.165298
v -0.032984 0.301035 0.166881
v -0.050126 0.307161 0.157900
v -0.049005 0.304795 0.158307
v -0.026898 0.301692 0.166989
v -0.027794 0.311233 0.169644
v -0.022715 0.302314 0.167179
v -0.032023 0.312163 0.170147
v -0.010569 0.307543 0.175662
v -0.006992 0.309606 0.179910
v -0.003747 0.310717 0.182377
v -0.014924 0.305849 0.171624
v -0.018867 0.304992 0.168740
v -0.016954 0.305091 0.169313
v -0.019865 0.305516 0.168551
v -0.021781 0.306302 0.164203
v -0.020802 0.305783 0.167080
v -0.044553 0.305225 0.158991
v -0.044769 0.309464 0.161181
v -0.040850 0.310426 0.163124
v -0.041380 0.304466 0.160958
v -0.036670 0.310561 0.164835
v -0.037451 0.303983 0.162437
v -0.032315 0.310148 0.165506
v -0.032593 0.303739 0.163325
v -0.028284 0.309477 0.165278
v -0.027498 0.303954 0.163525
v -0.025180 0.308346 0.164735
v -0.024235 0.304503 0.163774
v -0.047649 0.308302 0.159711
v -0.046676 0.306107 0.157559
v -0.044414 0.307517 0.160123
v -0.041078 0.307447 0.162319
v -0.037174 0.307225 0.163895
v -0.032540 0.306839 0.164612
v -0.028175 0.306573 0.164525
v -0.025596 0.306349 0.164389
v -0.047143 0.307889 0.157719
v -0.015400 0.366015 0.160793
v -0.027652 0.365209 0.158764
v -0.039046 0.362739 0.155417
v -0.049483 0.358740 0.150420
v -0.058924 0.353097 0.142833
v -0.065948 0.345494 0.132531
v -0.071142 0.327559 0.109590
v -0.069255 0.336198 0.120818
v -0.013138 0.191256 0.126353
v -0.020963 0.193375 0.122126
v -0.028883 0.196322 0.115310
v -0.035342 0.200000 0.107796
v -0.042213 0.206482 0.098362
v -0.046922 0.213304 0.088929
v -0.048710 0.216952 0.078631
v -0.044157 0.206424 0.117579
v -0.050541 0.214347 0.105677
v -0.029727 0.198660 0.137164
v -0.037369 0.201823 0.127654
v -0.053060 0.223675 0.094805
v -0.052897 0.230270 0.082080
v -0.020998 0.195857 0.143721
v -0.010800 0.193618 0.144832
v -0.006684 0.189772 0.127844
v -0.009647 0.193219 0.175850
v -0.010481 0.194152 0.167533
v -0.011729 0.194640 0.157428
v -0.008762 0.194048 0.182247
v -0.046670 0.217204 0.065266
v -0.049335 0.227957 0.066655
v -0.040376 0.216501 0.053561
v -0.042338 0.226783 0.054049
v -0.025443 0.215491 0.031577
v -0.026248 0.224829 0.031462
v -0.020356 0.214699 0.025112
v -0.021042 0.223018 0.024673
v -0.014004 0.214455 0.021453
v -0.013941 0.221837 0.020980
v -0.007518 0.214063 0.021059
v -0.007473 0.221599 0.021090
v -0.032391 0.216147 0.042245
v -0.033393 0.226319 0.042588
v -0.072626 0.304477 0.094537
v -0.072304 0.318024 0.098030
v -0.073500 0.302320 0.083417
v -0.073648 0.313300 0.082583
v -0.060978 0.254947 0.078989
v -0.055735 0.243960 0.072527
v -0.050778 0.238650 0.061915
v -0.042929 0.236447 0.050488
v -0.029643 0.240448 0.021589
v -0.022167 0.236897 0.016099
v -0.015076 0.233966 0.013421
v -0.007955 0.233172 0.012689
v -0.034252 0.234782 0.039538
v -0.071268 0.257609 0.078860
v -0.074176 0.284718 0.048955
v -0.083964 0.283073 0.049029
v -0.078011 0.296763 0.049636
v -0.086060 0.293617 0.048857
v -0.079143 0.304512 0.055457
v -0.089084 0.304690 0.053428
v -0.081544 0.307635 0.072018
v -0.089299 0.312548 0.061232
v -0.075860 0.309614 0.068922
v -0.080040 0.307582 0.062201
v -0.073119 0.275538 0.054414
v -0.080471 0.274565 0.053959
v -0.043646 0.251212 0.025374
v -0.060786 0.266354 0.034859
v -0.068143 0.274761 0.040851
v -0.042310 0.249436 0.031809
v -0.059125 0.262244 0.042309
v -0.066754 0.268943 0.048396
v -0.051581 0.257960 0.029481
v -0.048955 0.254941 0.036220
v -0.036762 0.246604 0.022927
v -0.013540 0.355727 0.164455
v -0.069727 0.315536 0.119737
v -0.067796 0.325528 0.128827
v -0.058108 0.343914 0.146809
v -0.048725 0.350102 0.154128
v -0.037735 0.353933 0.158939
v -0.025634 0.355702 0.162474
v -0.064212 0.335739 0.137881
v -0.073605 0.296501 0.100486
v -0.071488 0.305725 0.109968
v -0.073230 0.291155 0.090637
v -0.013803 0.402397 0.148255
v -0.027385 0.399325 0.145625
v -0.040469 0.397055 0.141986
v -0.052041 0.392658 0.136060
v -0.062848 0.386993 0.128244
v -0.072182 0.379839 0.117336
v -0.082855 0.363801 0.091333
v -0.079159 0.371733 0.104649
v -0.085208 0.356220 0.078220
v -0.086442 0.349093 0.065009
v -0.077880 0.310845 0.017741
v -0.082193 0.319937 0.025360
v -0.084852 0.328494 0.033924
v -0.086560 0.342423 0.053130
v -0.086128 0.335807 0.043024
v -0.066193 0.293623 0.003356
v -0.072645 0.302085 0.010324
v -0.058181 0.285856 -0.003004
v -0.034920 0.271290 -0.015182
v -0.027476 0.268448 -0.018021
v -0.019464 0.266544 -0.020315
v -0.010079 0.265545 -0.021874
v -0.049863 0.279339 -0.008308
v -0.042140 0.274753 -0.012126
v -0.015698 0.548816 0.081001
v -0.039225 0.543233 0.076617
v -0.060703 0.537997 0.067905
v -0.090406 0.528185 0.044156
v -0.101654 0.523410 0.029725
v -0.117577 0.511391 -0.004448
v -0.110840 0.517944 0.013109
v -0.122129 0.504175 -0.021833
v -0.124744 0.499192 -0.039454
v -0.113060 0.470164 -0.110516
v -0.118192 0.475778 -0.096855
v -0.121916 0.482278 -0.083344
v -0.125584 0.495936 -0.056375
v -0.124634 0.489866 -0.070583
v -0.100135 0.462251 -0.136077
v -0.107062 0.465786 -0.123663
v -0.091388 0.458868 -0.146880
v -0.057136 0.450533 -0.175419
v -0.044154 0.448768 -0.181582
v -0.030254 0.447417 -0.186133
v -0.015227 0.446516 -0.189120
v -0.080905 0.455485 -0.157538
v -0.069318 0.452821 -0.167390
v -0.071205 0.275785 0.089633
v -0.071558 0.263685 0.091172
v -0.074062 0.253544 0.088060
v -0.074718 0.298587 0.076537
v -0.077371 0.251498 0.076946
v -0.089082 0.282836 0.050999
v -0.089364 0.294287 0.051049
v -0.096154 0.304373 0.053678
v -0.083736 0.304807 0.070908
v -0.091768 0.309294 0.063532
v -0.085555 0.274688 0.055286
v -0.073066 0.288694 0.083816
v -0.073745 0.275353 0.087110
v -0.074400 0.264163 0.088113
v -0.077644 0.256107 0.085940
v -0.077646 0.297785 0.074850
v -0.081044 0.251937 0.078145
v -0.089455 0.282920 0.052994
v -0.089139 0.293238 0.052254
v -0.091526 0.302098 0.055753
v -0.081789 0.305052 0.068702
v -0.087930 0.306552 0.062260
v -0.088389 0.274507 0.056344
v -0.073705 0.287513 0.080260
v -0.034087 0.494382 0.100077
v -0.015264 0.499429 0.102339
v -0.077600 0.327917 -0.011266
v -0.054404 0.306016 -0.032714
v -0.045499 0.465279 0.108388
v -0.041720 0.436804 0.123233
v -0.045108 0.422055 0.127981
v -0.087433 0.344391 0.006069
v -0.090537 0.352260 0.015714
v -0.063212 0.312370 -0.026592
v -0.092700 0.359299 0.025830
v -0.088638 0.387354 0.076769
v -0.092876 0.372807 0.048959
v -0.016880 0.478705 0.112263
v -0.019252 0.430620 0.134162
v -0.016534 0.418630 0.139722
v -0.071242 0.319898 -0.019229
v -0.046120 0.301536 -0.037121
v -0.056706 0.415952 0.122706
v -0.054384 0.477599 0.098038
v -0.083177 0.336064 -0.002950
v -0.038139 0.298388 -0.040410
v -0.066517 0.410132 0.115441
v -0.076536 0.403319 0.104606
v -0.091378 0.379933 0.062634
v -0.084197 0.395467 0.090964
v -0.093404 0.365969 0.036693
v -0.029880 0.295936 -0.043261
v -0.021096 0.294165 -0.045669
v -0.028891 0.417932 0.136749
v -0.029678 0.432492 0.130215
v -0.031490 0.474251 0.109889
v -0.010573 0.293113 -0.047407
v -0.084988 0.362705 -0.039451
v -0.059901 0.342448 -0.064029
v -0.048682 0.449876 0.113677
v -0.095375 0.377615 -0.019756
v -0.098944 0.384739 -0.008855
v -0.069440 0.348409 -0.056933
v -0.100641 0.391361 0.002466
v -0.095779 0.418128 0.057595
v -0.100893 0.404028 0.027854
v -0.078224 0.355317 -0.048510
v -0.051001 0.338072 -0.069268
v -0.055723 0.445814 0.110896
v -0.090774 0.370089 -0.029996
v -0.042271 0.335003 -0.073121
v -0.071417 0.438410 0.099582
v -0.081909 0.432429 0.087866
v -0.099011 0.411045 0.042477
v -0.090642 0.425264 0.072992
v -0.101247 0.397584 0.014508
v -0.033119 0.332679 -0.076294
v -0.023281 0.330961 -0.078902
v -0.011312 0.329747 -0.080920
v -0.007883 0.411127 0.149232
v -0.008159 0.540409 0.085713
v -0.007929 0.421126 0.141260
v -0.007636 0.500469 0.103388
v -0.043506 0.452105 0.116116
v -0.039792 0.442366 0.121873
v -0.011678 0.472677 0.115713
v -0.014593 0.454379 0.124619
v -0.013778 0.437242 0.132392
v -0.030961 0.453786 0.120503
v -0.031957 0.469483 0.117247
v -0.029632 0.441229 0.126675
v -0.042247 0.463210 0.112056
v -0.010262 0.099305 0.072842
v -0.019192 0.099669 0.074361
v -0.029614 0.103053 0.067454
v -0.040250 0.106519 0.061034
v -0.050875 0.113170 0.052562
v -0.060666 0.122753 0.044380
v -0.064395 0.131935 0.034092
v -0.004242 0.098424 0.073188
v -0.063603 0.137418 0.023521
v -0.058517 0.140439 0.011697
v -0.040289 0.138069 -0.012100
v -0.030007 0.136969 -0.016793
v -0.019271 0.135969 -0.020356
v -0.008691 0.136031 -0.022373
v -0.051940 0.137687 -0.005033
v -0.035989 0.197075 0.044587
v -0.036127 0.177060 0.033645
v -0.042612 0.156710 0.023033
v -0.036500 0.158368 0.013513
v -0.030403 0.178209 0.024398
v -0.029652 0.197238 0.034539
v -0.043299 0.190876 0.073497
v -0.043446 0.166679 0.059702
v -0.048558 0.143390 0.048523
v -0.049551 0.149904 0.040006
v -0.042971 0.172208 0.050337
v -0.043658 0.195416 0.063562
v -0.030370 0.159226 0.004895
v -0.025065 0.178472 0.015226
v -0.024023 0.196930 0.024555
v -0.004082 0.166889 0.113861
v -0.003481 0.142587 0.100212
v -0.003755 0.118820 0.086713
v -0.009880 0.120001 0.084693
v -0.009102 0.143676 0.097757
v -0.009088 0.168358 0.111025
v -0.047475 0.153947 0.031862
v -0.040559 0.175127 0.042260
v -0.040877 0.196783 0.053938
v -0.012231 0.195494 0.015581
v -0.012900 0.177163 0.006294
v -0.016052 0.158826 -0.004706
v -0.007884 0.158645 -0.006094
v -0.007260 0.176378 0.005491
v -0.007129 0.194535 0.015104
v -0.017761 0.121723 0.081875
v -0.016433 0.145602 0.093746
v -0.015946 0.170520 0.106356
v -0.023520 0.159173 -0.001248
v -0.019166 0.177901 0.009131
v -0.018453 0.196222 0.018282
v -0.028367 0.124561 0.077128
v -0.025866 0.148570 0.087785
v -0.024337 0.173565 0.099733
v -0.035893 0.128601 0.068361
v -0.034245 0.152387 0.080478
v -0.032143 0.177232 0.092822
v -0.043084 0.135338 0.058106
v -0.040052 0.159236 0.070057
v -0.039565 0.183713 0.083706
v -0.073458 0.276593 0.076459
v -0.079266 0.267175 0.082212
v -0.078738 0.262178 0.080999
v -0.079594 0.295910 0.071487
v -0.080629 0.263064 0.076466
v -0.085160 0.281140 0.058098
v -0.088123 0.289502 0.058664
v -0.087496 0.297158 0.058499
v -0.077255 0.300029 0.066999
v -0.083511 0.300535 0.061963
v -0.084258 0.274869 0.061118
v -0.075795 0.288194 0.072003
v -0.110286 0.097043 0.033344
v -0.110811 0.104232 0.023667
v -0.109857 0.110052 0.009782
v -0.106941 0.112437 -0.005314
v -0.102567 0.111517 -0.016431
v -0.101783 0.110214 0.025713
v -0.100350 0.116834 0.012941
v -0.096526 0.118966 -0.000923
v -0.092433 0.116539 -0.014424
v -0.101935 0.099911 0.036389
v -0.088735 0.122654 0.016108
v -0.076772 0.128851 0.019305
v -0.079251 0.123145 -0.011177
v -0.066990 0.129356 -0.008923
v -0.077074 0.121835 0.031937
v -0.089568 0.115297 0.028339
v -0.072204 0.132109 0.006502
v -0.084343 0.125474 0.002918
v -0.088565 0.103736 0.040592
v -0.017710 0.080462 0.073686
v -0.030861 0.080704 0.071910
v -0.044430 0.081879 0.068884
v -0.058301 0.084352 0.064547
v -0.072535 0.086887 0.058055
v -0.111999 0.087672 0.038145
v -0.101052 0.087370 0.044562
v -0.087399 0.088031 0.050719
v -0.016444 0.003669 0.079767
v -0.030265 0.003684 0.079227
v -0.043941 0.004380 0.078305
v -0.057423 0.004457 0.077192
v -0.071377 0.004828 0.074537
v -0.109059 0.004076 0.053896
v -0.099350 0.003406 0.063088
v -0.085570 0.004571 0.069681
v -0.058152 0.070540 0.067811
v -0.058212 0.055894 0.072389
v -0.058566 0.039993 0.077884
v -0.058987 0.019615 0.084791
v -0.073261 0.019872 0.081358
v -0.072816 0.040388 0.074040
v -0.072440 0.056347 0.067731
v -0.072410 0.071409 0.062614
v -0.017125 0.070366 0.078127
v -0.016613 0.055027 0.080185
v -0.016509 0.038601 0.083728
v -0.016670 0.018151 0.088702
v -0.030884 0.018591 0.088192
v -0.030548 0.038998 0.082643
v -0.030527 0.055218 0.078812
v -0.031257 0.070383 0.077505
v -0.086888 0.072070 0.056735
v -0.087181 0.056931 0.063132
v -0.087663 0.040823 0.070108
v -0.088399 0.019894 0.077956
v -0.104215 0.019333 0.072558
v -0.102502 0.040931 0.065239
v -0.101696 0.057268 0.058466
v -0.101173 0.072485 0.051672
v -0.045061 0.019113 0.087016
v -0.044667 0.039526 0.080797
v -0.044386 0.055439 0.075900
v -0.044724 0.070144 0.072841
v -0.110445 0.019812 0.056294
v -0.109980 0.040795 0.053619
v -0.111459 0.057455 0.049244
v -0.112166 0.073020 0.044005
v -0.041785 0.115575 -0.033263
v -0.031176 0.114290 -0.035776
v -0.020224 0.113308 -0.037573
v -0.009531 0.112989 -0.038574
v -0.051946 0.115994 -0.030953
v -0.102990 0.103084 -0.027322
v -0.089841 0.107011 -0.031396
v -0.075487 0.110835 -0.031413
v -0.062584 0.114111 -0.031025
v -0.033268 0.003338 -0.065214
v -0.023939 0.003586 -0.064375
v -0.015322 0.003813 -0.063781
v -0.007394 0.004024 -0.063657
v -0.043293 0.003072 -0.066024
v -0.092443 0.001767 -0.065400
v -0.078936 0.002126 -0.067130
v -0.065961 0.002471 -0.067026
v -0.054130 0.002785 -0.066675
v -0.029635 0.092591 -0.050436
v -0.028003 0.071951 -0.058896
v -0.026410 0.049979 -0.065456
v -0.024628 0.022695 -0.070887
v -0.015945 0.022328 -0.070250
v -0.017255 0.049243 -0.064775
v -0.018454 0.070847 -0.057961
v -0.019524 0.091308 -0.050112
v -0.101054 0.086262 -0.041306
v -0.098365 0.067566 -0.051377
v -0.096861 0.047079 -0.059763
v -0.094977 0.020777 -0.065881
v -0.079729 0.021710 -0.070933
v -0.081769 0.048189 -0.064266
v -0.084029 0.069147 -0.055831
v -0.086731 0.088472 -0.045482
v -0.007816 0.021841 -0.069648
v -0.008503 0.048587 -0.064053
v -0.009127 0.070175 -0.057620
v -0.009611 0.090551 -0.049870
v -0.050110 0.093561 -0.048422
v -0.048102 0.072728 -0.058676
v -0.046061 0.050663 -0.066518
v -0.043889 0.022924 -0.072520
v -0.033909 0.022884 -0.071846
v -0.035956 0.050617 -0.066433
v -0.037865 0.072743 -0.059241
v -0.039841 0.093566 -0.049802
v -0.066548 0.022295 -0.071688
v -0.068749 0.049352 -0.065532
v -0.070929 0.070712 -0.056892
v -0.073170 0.090670 -0.046541
v -0.054712 0.022754 -0.072290
v -0.056898 0.050150 -0.066010
v -0.059008 0.071949 -0.057738
v -0.060936 0.092540 -0.047471
v -0.077188 0.344642 0.101216
v -0.073576 0.352625 0.113415
v -0.068660 0.360994 0.125912
v -0.060434 0.368238 0.136727
v -0.050307 0.373822 0.144684
v -0.039140 0.377930 0.149610
v -0.015026 0.382781 0.154341
v -0.027398 0.380936 0.152649
v -0.054407 0.269912 0.014762
v -0.062743 0.278041 0.020573
v -0.081924 0.324753 0.063458
v -0.081275 0.330049 0.075606
v -0.069475 0.286518 0.026949
v -0.075054 0.296038 0.033192
v -0.081076 0.315518 0.045655
v -0.081927 0.320488 0.053855
v -0.078701 0.306963 0.038125
v -0.079952 0.337253 0.089086
v -0.009250 0.247665 -0.003057
v -0.017348 0.248660 -0.001806
v -0.024978 0.250817 0.000321
v -0.032256 0.254145 0.003176
v -0.039174 0.258228 0.006327
v -0.046363 0.263236 0.010081
v -0.086357 0.396885 -0.082035
v -0.057258 0.381351 -0.106114
v -0.099517 0.411290 -0.062911
v -0.047574 0.378421 -0.111173
v -0.077794 0.472564 0.079599
v -0.088775 0.467268 0.066633
v -0.108002 0.447680 0.018646
v -0.098213 0.460885 0.051012
v -0.111043 0.434595 -0.012185
v -0.037291 0.376249 -0.115180
v -0.026092 0.374601 -0.118346
v -0.012617 0.373325 -0.120799
v -0.093765 0.403955 -0.072682
v -0.067226 0.385173 -0.099793
v -0.104465 0.417689 -0.051562
v -0.107472 0.423289 -0.038841
v -0.077425 0.390566 -0.091701
v -0.109773 0.428741 -0.025893
v -0.104417 0.454271 0.034961
v -0.110190 0.440846 0.002568
v -0.077329 0.532984 0.056691
v -0.063324 0.442334 0.106319
v -0.067596 0.476067 0.088303
v -0.007420 0.225936 0.019673
v -0.013651 0.226163 0.019507
v -0.021048 0.228189 0.022350
v -0.026761 0.231491 0.028653
v -0.064193 0.264301 0.069082
v -0.068245 0.270338 0.061805
v -0.077211 0.268977 0.060890
v -0.075064 0.265623 0.068982
v -0.039033 0.245441 0.033848
v -0.035960 0.240458 0.036410
v -0.044288 0.243953 0.046207
v -0.046505 0.249801 0.041739
v -0.052809 0.248561 0.055571
v -0.055554 0.255915 0.049537
v -0.062257 0.261958 0.056661
v -0.058488 0.254794 0.063883
v -0.083180 0.265848 0.060167
v -0.080787 0.257508 0.065712
v -0.087177 0.265620 0.060790
v -0.084598 0.257856 0.067707
v -0.083622 0.267150 0.069216
v -0.087041 0.271070 0.065427
v -0.076186 0.290016 0.066282
v -0.075488 0.276990 0.068016
v -0.082323 0.269528 0.074526
v -0.083568 0.290103 0.062980
v -0.080962 0.279447 0.061219
v -0.082453 0.272023 0.065351
v -0.076781 0.265508 0.085608
v -0.075600 0.275553 0.083354
v -0.077130 0.259678 0.082521
v -0.075371 0.287415 0.077045
v -0.079192 0.297068 0.073551
v -0.080982 0.258105 0.078288
v -0.088974 0.290844 0.054543
v -0.089858 0.282329 0.055635
v -0.089296 0.299410 0.056842
v -0.086304 0.304063 0.062053
v -0.078835 0.304187 0.068018
v -0.087682 0.275474 0.059068
v -0.086826 0.268521 0.063439
v -0.083966 0.262699 0.069636
v -0.018671 0.088599 0.072984
v -0.030158 0.090123 0.066841
v -0.042556 0.092433 0.062392
v -0.055389 0.097193 0.056485
v -0.070142 0.105218 0.047750
v -0.006462 0.069739 0.075169
v -0.006108 0.003943 0.079719
v -0.006146 0.054894 0.080282
v -0.006091 0.038445 0.084041
v -0.006122 0.018077 0.088982
v -0.006953 0.080491 0.070468
v -0.004219 0.088659 0.069614
v -0.009875 0.088422 0.070321
v -0.003728 0.084138 0.069410
v -0.095632 0.001659 -0.038557
v -0.101124 0.001487 -0.005454
v -0.106003 0.002292 0.027870
v -0.094277 0.001639 0.033405
v -0.088274 0.001831 -0.001495
v -0.082250 0.002178 -0.036250
v -0.081346 0.002605 0.038958
v -0.075691 0.002163 0.002184
v -0.070018 0.002339 -0.034545
v -0.067618 0.003009 0.042646
v -0.062705 0.002505 0.004737
v -0.057925 0.002826 -0.033053
v -0.054222 0.002699 0.044616
v -0.050220 0.002836 0.006201
v -0.046483 0.002970 -0.031763
v -0.041413 0.003038 0.045526
v -0.038407 0.003148 0.007028
v -0.035686 0.003808 -0.030983
v -0.028706 0.003375 0.046204
v -0.026939 0.003452 0.007556
v -0.025343 0.003718 -0.030577
v -0.016117 0.003709 0.046606
v -0.015797 0.003748 0.007899
v -0.015586 0.003781 -0.030348
v -0.006386 0.003967 0.046757
v -0.006731 0.003988 0.007998
v -0.007157 0.004277 -0.030323
v -0.100600 0.020197 -0.036752
v -0.103913 0.020056 -0.004471
v -0.107769 0.020059 0.028333
v -0.102051 0.044879 -0.032569
v -0.105848 0.043083 -0.002028
v -0.109066 0.041684 0.028547
v -0.103223 0.064366 -0.027307
v -0.106771 0.061686 -0.000343
v -0.110062 0.059325 0.026369
v -0.105364 0.082049 -0.020713
v -0.108099 0.078659 0.002042
v -0.110497 0.075552 0.024465
v -0.107299 0.099080 -0.011768
v -0.109199 0.095367 0.006042
v -0.111261 0.091298 0.023231
v -0.012347 0.272047 0.198227
v -0.013087 0.269005 0.197931
v -0.011187 0.266139 0.193979
v -0.014907 0.271794 0.193929
v -0.016500 0.269099 0.192823
v -0.013814 0.264762 0.191498
v -0.006802 0.273012 0.203753
v -0.006969 0.269651 0.203716
v -0.007591 0.265451 0.197663
v -0.004891 0.263321 0.192066
v -0.004394 0.261993 0.200445
v -0.008888 0.260989 0.189765
v -0.009760 0.266600 0.191436
v -0.013293 0.264858 0.189711
v -0.011727 0.263289 0.187317
v -0.004140 0.264988 0.193248
v -0.008439 0.265631 0.189550
v -0.012574 0.264486 0.188098
v -0.011781 0.273821 0.198046
v -0.014512 0.273178 0.192680
v -0.006593 0.275121 0.203225
v -0.004367 0.258378 0.192770
v -0.008910 0.259300 0.189693
v -0.013228 0.260030 0.186927
v -0.016435 0.261119 0.186175
v -0.018650 0.263143 0.186316
v -0.019229 0.266842 0.187545
v -0.017053 0.271154 0.189181
v -0.012669 0.265724 0.196723
v -0.016477 0.264621 0.192057
v -0.006494 0.265342 0.202050
v -0.005203 0.266195 0.195665
v -0.003915 0.260820 0.197824
v -0.008234 0.263560 0.188947
v -0.013281 0.260984 0.188381
v -0.015355 0.261555 0.189146
v -0.016414 0.262723 0.190092
v -0.004030 0.260400 0.194092
v 0.015626 0.549932 0.060380
v 0.000038 0.553358 0.059953
v 0.036635 0.548355 0.055902
v 0.056645 0.545524 0.047760
v 0.088910 0.537970 0.025735
v 0.100794 0.532808 0.011860
v 0.118355 0.522104 -0.020606
v 0.110508 0.527628 -0.003929
v 0.124395 0.516432 -0.037249
v 0.128668 0.511376 -0.053480
v 0.121554 0.488468 -0.121282
v 0.126706 0.492710 -0.108859
v 0.129748 0.496794 -0.096095
v 0.130808 0.506074 -0.068640
v 0.131032 0.500939 -0.082700
v 0.104121 0.481018 -0.145651
v 0.114149 0.484548 -0.133717
v 0.091296 0.475189 -0.154538
v 0.054940 0.469732 -0.181642
v 0.041846 0.468553 -0.186785
v 0.028248 0.467712 -0.190169
v 0.014238 0.466822 -0.192071
v -0.000008 0.466910 -0.193076
v 0.079322 0.472623 -0.164781
v 0.067671 0.471902 -0.174885
v 0.074237 0.542242 0.037601
v -0.015726 0.550841 0.060307
v -0.036817 0.549621 0.055950
v -0.056648 0.547335 0.047911
v -0.087317 0.540379 0.026211
v -0.098501 0.536236 0.012414
v -0.115052 0.526469 -0.020008
v -0.107775 0.531672 -0.003249
v -0.120113 0.521474 -0.036900
v -0.120903 0.516494 -0.053167
v -0.108782 0.489335 -0.119645
v -0.115714 0.496175 -0.108446
v -0.120211 0.502745 -0.096138
v -0.120415 0.511834 -0.068250
v -0.120260 0.507466 -0.082552
v -0.094652 0.477585 -0.140531
v -0.102690 0.485608 -0.132178
v -0.088137 0.471766 -0.152547
v -0.055120 0.471220 -0.182447
v -0.041926 0.469275 -0.187240
v -0.028331 0.468162 -0.190700
v -0.014291 0.467378 -0.192601
v -0.079595 0.473948 -0.165723
v -0.068064 0.473679 -0.176025
v -0.073563 0.544368 0.037925
v 0.012494 0.540387 0.032188
v -0.000001 0.542785 0.027257
v 0.024007 0.538163 0.025070
v 0.036787 0.535683 0.018544
v 0.058295 0.529510 0.001291
v 0.066775 0.526230 -0.009652
v 0.079129 0.517879 -0.034665
v 0.073680 0.521928 -0.021731
v 0.083161 0.513482 -0.047515
v 0.085851 0.509420 -0.060030
v 0.081218 0.491667 -0.112557
v 0.084549 0.494776 -0.102925
v 0.086552 0.498292 -0.093168
v 0.087243 0.505466 -0.071839
v 0.087433 0.501707 -0.082841
v 0.069807 0.486002 -0.131359
v 0.076320 0.488845 -0.122131
v 0.062086 0.483290 -0.139931
v 0.036361 0.477608 -0.158978
v 0.027517 0.476264 -0.162640
v 0.018513 0.475737 -0.165255
v 0.010971 0.474471 -0.169511
v -0.000001 0.475435 -0.167041
v 0.053709 0.481102 -0.147584
v 0.045080 0.479002 -0.153897
v 0.048243 0.532929 0.010509
v -0.012511 0.540666 0.032109
v -0.023990 0.538665 0.024955
v -0.036521 0.536835 0.018386
v -0.057058 0.531784 0.001303
v -0.065058 0.528325 -0.009328
v -0.076919 0.520561 -0.034277
v -0.071654 0.524514 -0.021383
v -0.080888 0.516513 -0.047280
v -0.083433 0.512624 -0.059942
v -0.079913 0.494851 -0.113588
v -0.083159 0.498266 -0.103820
v -0.084730 0.501645 -0.093653
v -0.084673 0.508950 -0.071901
v -0.085086 0.505249 -0.083063
v -0.069304 0.488500 -0.132252
v -0.075273 0.491663 -0.123094
v -0.062012 0.485465 -0.140716
v -0.036418 0.478481 -0.159345
v -0.027554 0.476956 -0.162925
v -0.018526 0.475997 -0.165383
v -0.010964 0.474545 -0.169589
v -0.053838 0.482817 -0.148277
v -0.045179 0.480376 -0.154460
v -0.047522 0.534585 0.010441
v -0.000025 0.537876 0.016179
v -0.000003 0.534757 0.009649
v 0.000024 0.532500 0.001504
v 0.000059 0.528274 -0.007097
v 0.000091 0.524390 -0.017100
v 0.000115 0.520642 -0.028413
v 0.000124 0.516681 -0.040411
v 0.000112 0.512581 -0.052478
v 0.000088 0.508788 -0.064257
v 0.000058 0.505226 -0.075384
v 0.000029 0.501861 -0.085720
v 0.000006 0.498776 -0.095357
v -0.000004 0.496102 -0.104601
v -0.000001 0.492991 -0.113407
v 0.000008 0.490026 -0.122030
v 0.000000 0.487081 -0.130301
v -0.000007 0.484632 -0.138093
v -0.000007 0.482407 -0.144913
v -0.000005 0.480549 -0.150544
v -0.000003 0.479130 -0.154929
v 0.000001 0.478195 -0.158129
v 0.000002 0.477562 -0.160155
vn 0.7094 0.0529 0.7028
vn 0.4430 0.0905 0.8920
vn 0.4626 0.1683 0.8705
vn 0.8292 0.2102 0.5180
vn 0.6220 0.2109 0.7540
vn 0.8554 0.3874 0.3439
vn 0.8390 0.3367 0.4274
vn 0.8367 0.4735 0.2751
vn 0.7650 0.4400 0.4702
vn 0.5060 0.4759 0.7194
vn 0.7600 0.4508 0.4681
vn -0.0125 0.5787 0.8154
vn -0.0189 0.5000 0.8658
vn 0.7622 0.2806 0.5834
vn 0.5370 0.2970 0.7895
vn 0.6953 0.3220 0.6425
vn 0.5331 0.5216 0.6662
vn 0.0416 0.5429 0.8387
vn 0.7423 0.3692 0.5591
vn 0.3940 0.2853 0.8737
vn 0.7272 0.4039 0.5551
vn 0.3809 0.2064 0.9013
vn 0.4951 0.0756 0.8655
vn 0.5277 0.1021 0.8433
vn 0.5107 -0.0349 0.8590
vn 0.7083 -0.2051 0.6754
vn 0.7692 -0.2851 0.5719
vn 0.7239 -0.2809 0.6301
vn 0.7221 -0.1039 0.6840
vn 0.7620 -0.1866 0.6201
vn 0.8043 -0.2272 0.5491
vn 0.7170 -0.1572 0.6791
vn 0.7920 -0.1754 0.5848
vn 0.8365 -0.2403 0.4925
vn 0.7155 -0.1405 0.6843
vn 0.8150 -0.1876 0.5482
vn 0.6644 -0.0425 0.7462
vn 0.6174 -0.1572 0.7708
vn 0.6341 -0.1278 0.7626
vn 0.4384 0.3607 0.8232
vn 0.5713 0.4602 0.6796
vn 0.0498 0.4989 0.8652
vn 0.6367 0.4092 0.6535
vn 0.8733 -0.2443 0.4215
vn 0.8612 -0.2611 0.4361
vn 0.3653 0.2340 0.9010
vn 0.7265 0.3397 0.5973
vn 0.8210 -0.1810 0.5415
vn 0.3384 0.2724 0.9007
vn 0.8888 -0.2773 0.3649
vn 0.7545 0.3232 0.5712
vn 0.7132 0.0121 0.7009
vn 0.5666 0.4066 0.7167
vn 0.7347 0.2367 0.6357
vn 0.6861 -0.0154 0.7273
vn 0.6323 0.0017 0.7747
vn 0.0487 0.4721 0.8802
vn 0.3933 0.1851 0.9006
vn 0.0308 0.3225 0.9461
vn 0.5270 0.3777 0.7613
vn 0.5446 -0.2797 0.7907
vn 0.4031 -0.0955 0.9101
vn 0.0955 0.1816 0.9787
vn -0.0298 0.2963 0.9546
vn 0.9434 -0.2151 0.2523
vn 0.9355 -0.1998 0.2916
vn 0.9481 -0.2464 0.2008
vn 0.9042 -0.0604 0.4229
vn 0.8031 0.1194 0.5837
vn 0.9702 -0.2255 0.0887
vn 0.9718 -0.1876 0.1427
vn 0.9484 0.0575 0.3119
vn 0.8626 0.1466 0.4843
vn 0.9725 -0.1201 0.1997
vn 0.3363 -0.2798 0.8992
vn 0.1586 0.1328 0.9784
vn -0.0250 0.3575 0.9336
vn -0.0207 0.3414 0.9397
vn 0.2705 -0.1935 0.9431
vn 0.1201 0.3199 0.9398
vn -0.0301 0.4329 0.9009
vn -0.0249 0.4457 0.8948
vn 0.3226 0.2537 0.9119
vn 0.4124 -0.2369 0.8797
vn 0.5719 0.1671 0.8031
vn 0.7759 0.0407 0.6296
vn 0.5533 -0.2754 0.7861
vn 0.8424 -0.0928 0.5308
vn 0.7064 0.2051 0.6775
vn 0.6508 0.2324 0.7228
vn 0.5333 0.1937 0.8235
vn 0.5943 0.0269 0.8038
vn 0.8506 -0.0149 0.5256
vn 0.6492 -0.2542 0.7169
vn 0.6926 0.0079 0.7212
vn 0.4976 0.2062 0.8425
vn 0.6749 0.1707 0.7179
vn 0.6005 0.1999 0.7743
vn 0.2860 0.2332 0.9294
vn 0.2826 0.3821 0.8799
vn 0.4240 -0.0764 0.9025
vn 0.6034 -0.1452 0.7841
vn 0.5055 0.3908 0.7692
vn 0.6785 0.2926 0.6738
vn 0.3700 -0.1531 0.9163
vn 0.3031 -0.2325 0.9242
vn 0.2162 -0.2357 0.9475
vn 0.2398 -0.1229 0.9630
vn 0.6665 0.1714 0.7255
vn 0.7220 0.2193 0.6562
vn 0.7406 -0.0454 0.6704
vn 0.7199 -0.1160 0.6843
vn 0.2824 -0.2796 0.9176
vn 0.3630 0.1836 0.9135
vn 0.6199 -0.0268 0.7842
vn 0.5658 0.1604 0.8088
vn 0.5272 0.1900 0.8283
vn 0.0988 0.2056 0.9736
vn -0.0339 0.1446 0.9889
vn 0.1467 0.1355 0.9799
vn 0.7693 -0.1238 0.6268
vn 0.6608 -0.0597 0.7482
vn 0.7574 0.0242 0.6525
vn 0.6834 0.0545 0.7280
vn 0.6283 0.1541 0.7626
vn 0.7358 0.1231 0.6659
vn 0.5715 0.1279 0.8106
vn 0.4050 0.1479 0.9023
vn 0.4932 0.1906 0.8488
vn 0.4631 0.2224 0.8580
vn 0.2199 0.1721 0.9602
vn 0.0131 -0.2162 0.9763
vn 0.0083 0.0888 0.9960
vn 0.3033 0.0490 0.9516
vn 0.5986 -0.1338 0.7898
vn 0.5576 -0.2067 0.8040
vn 0.5564 -0.1616 0.8151
vn 0.6187 0.0048 0.7856
vn 0.3059 -0.1157 0.9450
vn 0.5622 -0.2519 0.7877
vn 0.3911 -0.4695 0.7916
vn 0.4428 -0.4170 0.7937
vn 0.2933 -0.2814 0.9137
vn 0.2009 -0.3455 0.9166
vn 0.6550 -0.0204 0.7553
vn 0.6428 0.1074 0.7585
vn 0.7109 0.0026 0.7033
vn 0.0092 0.4198 0.9076
vn 0.2548 0.0740 0.9642
vn 0.1895 0.3458 0.9190
vn 0.5760 0.1991 0.7928
vn 0.6376 -0.0921 0.7648
vn 0.5866 0.0831 0.8056
vn 0.6305 -0.1667 0.7581
vn 0.3576 -0.6214 0.6971
vn 0.4913 0.0361 0.8702
vn 0.4758 0.3159 0.8209
vn 0.6049 -0.0018 0.7963
vn 0.6711 -0.0433 0.7401
vn 0.6882 -0.0936 0.7194
vn 0.4509 -0.0172 0.8924
vn 0.6303 -0.3786 0.6778
vn 0.1076 -0.2137 0.9710
vn 0.1770 -0.5970 0.7825
vn 0.3468 0.1802 0.9205
vn 0.5395 -0.0782 0.8383
vn 0.3186 -0.6539 0.6862
vn 0.0178 0.2416 0.9702
vn 0.2855 -0.3154 0.9050
vn 0.6046 -0.1675 0.7787
vn 0.4662 -0.3195 0.8250
vn 0.6102 -0.5148 0.6022
vn 0.5138 -0.2632 0.8165
vn 0.6106 -0.3115 0.7281
vn 0.5567 -0.1666 0.8139
vn 0.6593 0.1930 0.7267
vn 0.4029 -0.3219 0.8568
vn 0.7110 0.0781 0.6989
vn 0.2177 -0.3607 0.9069
vn 0.6918 -0.0140 0.7220
vn -0.0090 -0.4331 0.9013
vn -0.0217 -0.6399 0.7681
vn -0.0448 0.2187 0.9748
vn -0.0459 -0.2193 0.9746
vn 0.3100 -0.3459 0.8856
vn 0.0192 -0.1814 0.9832
vn 0.0110 -0.3442 0.9388
vn 0.4716 -0.0066 0.8818
vn 0.6071 0.0441 0.7934
vn 0.6778 0.1209 0.7253
vn 0.7004 0.1587 0.6959
vn 0.5840 -0.6621 0.4696
vn 0.6839 -0.0158 0.7294
vn 0.7343 0.0095 0.6788
vn 0.5690 -0.5406 0.6197
vn 0.5688 0.0578 0.8204
vn 0.3847 -0.3518 0.8534
vn 0.4877 -0.3959 0.7781
vn 0.2846 -0.4491 0.8470
vn 0.3628 0.1211 0.9240
vn 0.0864 0.0364 0.9956
vn 0.0153 0.4150 0.9097
vn 0.1520 0.3635 0.9191
vn 0.3762 -0.3664 0.8510
vn 0.4702 -0.3929 0.7903
vn 0.5306 -0.5474 0.6471
vn 0.5347 -0.7119 0.4553
vn 0.0091 -0.5636 0.8260
vn 0.2136 -0.0059 0.9769
vn 0.6486 0.2559 0.7168
vn 0.6728 0.2950 0.6784
vn 0.5868 0.2286 0.7768
vn 0.4103 0.2800 0.8679
vn 0.0005 -0.0316 0.9995
vn 0.0285 -0.1573 0.9871
vn 0.5525 -0.5836 0.5950
vn 0.6507 0.0637 0.7567
vn 0.6591 0.3570 0.6620
vn 0.5797 -0.0598 0.8126
vn 0.6526 0.2888 0.7005
vn 0.4390 -0.6566 0.6133
vn 0.3426 0.4375 0.8314
vn 0.9873 -0.1366 0.0810
vn 0.9926 -0.0285 0.1177
vn 0.1223 0.4510 0.8841
vn 0.9535 0.0353 0.2994
vn 0.9311 0.1253 0.3425
vn 0.9688 -0.2446 0.0395
vn 0.0058 0.4439 0.8961
vn 0.9468 0.1123 0.3014
vn 0.9671 0.1226 0.2231
vn -0.0275 0.4061 0.9134
vn 0.8352 0.2579 0.4856
vn 0.6251 0.3800 0.6818
vn 0.3940 0.2978 0.8695
vn 0.5636 0.2117 0.7984
vn 0.5331 0.2589 0.8054
vn 0.1702 0.4241 0.8895
vn -0.0616 0.1827 0.9812
vn 0.2026 0.2353 0.9506
vn 0.3711 -0.0252 0.9282
vn 0.5861 -0.1856 0.7887
vn 0.3596 -0.2568 0.8970
vn 0.5286 0.3511 0.7729
vn 0.5437 0.1546 0.8249
vn 0.4461 0.0922 0.8902
vn 0.1544 -0.1410 0.9779
vn 0.7421 0.0565 0.6679
vn 0.7633 0.1883 0.6180
vn -0.0053 -0.0020 1.0000
vn -0.1354 -0.0777 0.9877
vn -0.2553 -0.0275 0.9665
vn 0.8425 0.0273 0.5380
vn 0.8707 0.1031 0.4808
vn 0.5479 0.0194 0.8363
vn 0.7155 -0.2045 0.6680
vn 0.1921 0.0491 0.9802
vn 0.0851 -0.2166 0.9725
vn 0.8531 -0.1021 0.5117
vn 0.8644 -0.0620 0.4990
vn 0.6757 0.0131 0.7371
vn 0.7575 -0.2582 0.5996
vn 0.1784 0.2572 0.9497
vn 0.0756 0.0044 0.9971
vn 0.7485 -0.0427 0.6618
vn -0.0808 0.0912 0.9926
vn -0.1672 0.0635 0.9839
vn 0.2902 0.2111 0.9334
vn -0.0291 0.2844 0.9583
vn 0.5375 0.0320 0.8427
vn 0.3851 -0.6537 0.6515
vn 0.3651 -0.5356 0.7615
vn 0.2886 -0.6057 0.7415
vn 0.4565 -0.5075 0.7308
vn 0.7006 -0.3472 0.6234
vn 0.5738 -0.3206 0.7537
vn 0.3402 -0.2890 0.8949
vn 0.0571 -0.1667 0.9844
vn 0.6698 -0.2702 0.6916
vn 0.7808 -0.2038 0.5906
vn -0.0031 -0.1481 0.9890
vn 0.1944 -0.6825 0.7045
vn 0.0571 0.2919 0.9547
vn 0.0706 -0.6738 0.7356
vn 0.8250 0.1766 0.5368
vn 0.1597 -0.6465 0.7460
vn 0.2795 -0.6277 0.7265
vn 0.5477 -0.4379 0.7129
vn 0.7760 -0.1287 0.6174
vn 0.5221 -0.6495 0.5527
vn 0.5818 -0.7196 0.3791
vn 0.8348 -0.4163 0.3603
vn 0.5663 -0.7986 0.2035
vn 0.6432 -0.7514 0.1474
vn 0.6784 -0.1146 0.7257
vn 0.3831 -0.5522 0.7405
vn 0.9397 -0.3344 -0.0716
vn 0.8988 -0.3562 -0.2556
vn 0.9197 -0.3591 -0.1590
vn 0.8807 -0.4186 0.2216
vn 0.7623 -0.6460 0.0386
vn 0.1795 -0.1981 0.9636
vn -0.0097 -0.6247 0.7808
vn 0.1699 -0.6222 0.7642
vn 0.8194 -0.2320 0.5242
vn 0.5414 -0.8133 0.2131
vn 0.8475 -0.5255 -0.0750
vn 0.9232 -0.3794 0.0619
vn 0.8906 -0.4206 -0.1730
vn 0.7982 -0.3839 0.4643
vn 0.4854 -0.8610 0.1519
vn 0.7931 -0.4196 0.4415
vn 0.4322 -0.1513 0.8890
vn -0.0256 -0.1922 0.9810
vn -0.1357 -0.9793 0.1500
vn 0.0741 -0.7853 0.6146
vn 0.0920 -0.8175 0.5686
vn 0.8420 -0.4391 0.3135
vn 0.3332 0.5155 0.7894
vn 0.4663 -0.2134 0.8585
vn -0.1793 -0.9606 0.2125
vn 0.1224 -0.8339 0.5382
vn 0.5962 -0.8026 0.0187
vn 0.5961 -0.5623 0.5732
vn 0.3820 -0.6515 0.6554
vn 0.0717 -0.7689 0.6354
vn -0.2655 -0.8647 0.4265
vn 0.3680 0.4300 0.8244
vn -0.0390 0.9135 0.4049
vn -0.0954 0.9340 0.3444
vn 0.0927 0.6535 0.7512
vn 0.0106 0.9462 0.3235
vn 0.0943 0.9551 0.2810
vn -0.0885 0.1559 0.9838
vn 0.0796 -0.1314 0.9881
vn 0.5402 0.2473 0.8044
vn -0.0706 0.8283 0.5558
vn 0.1128 0.9703 0.2142
vn 0.0272 0.5329 0.8457
vn 0.6218 0.2427 0.7447
vn 0.1514 -0.7462 0.6483
vn 0.3285 -0.9414 0.0765
vn -0.0467 0.9419 0.3327
vn -0.0940 0.5585 0.8241
vn 0.0696 -0.7551 0.6519
vn 0.1298 -0.9897 0.0597
vn 0.6366 0.3534 0.6854
vn -0.0243 -0.9960 0.0865
vn 0.1733 0.5318 0.8289
vn 0.7415 -0.6692 0.0484
vn 0.0760 0.4886 0.8692
vn 0.4137 -0.2970 0.8606
vn 0.2277 -0.2663 0.9366
vn 0.0203 -0.2500 0.9680
vn -0.0923 -0.2111 0.9731
vn -0.0338 -0.2107 0.9770
vn 0.2569 -0.0367 0.9657
vn -0.0242 -0.3362 0.9415
vn -0.0069 -0.2770 0.9608
vn 0.1132 0.3824 0.9171
vn 0.0934 0.5540 0.8273
vn 0.0570 -0.3802 0.9232
vn 0.2205 0.3194 0.9216
vn 0.2786 0.4019 0.8722
vn 0.2435 -0.3741 0.8949
vn 0.4261 -0.3453 0.8362
vn 0.5353 -0.3565 0.7658
vn -0.0696 0.4966 0.8652
vn 0.5440 -0.3163 0.7772
vn 0.2812 0.5340 0.7973
vn 0.5844 -0.3647 0.7249
vn 0.4352 0.0277 0.8999
vn 0.0348 0.3527 0.9351
vn -0.0258 0.3367 0.9413
vn -0.0234 0.3370 0.9412
vn 0.9721 0.0702 0.2237
vn 0.9419 -0.0409 0.3333
vn 0.9635 0.0607 0.2608
vn 0.6343 0.3319 0.6982
vn 0.8121 0.1490 0.5642
vn 0.6289 0.2638 0.7314
vn 0.3940 0.3731 0.8400
vn 0.2192 0.3426 0.9136
vn 0.1698 0.3683 0.9140
vn 0.0660 0.3396 0.9383
vn 0.9304 0.1262 0.3441
vn 0.9120 0.0329 0.4088
vn 0.8310 0.2249 0.5087
vn 0.4259 0.3188 0.8468
vn 0.6351 -0.7719 0.0276
vn 0.8565 -0.4775 0.1961
vn 0.8080 -0.5872 -0.0483
vn 0.4759 -0.8739 0.0988
vn 0.4505 -0.7593 0.4695
vn 0.6009 -0.6837 0.4141
vn 0.9337 -0.3534 0.0573
vn 0.8897 -0.4417 -0.1157
vn 0.7243 -0.6020 0.3363
vn 0.9696 -0.2065 -0.1315
vn 0.9284 -0.3015 -0.2171
vn 0.2506 -0.9596 0.1276
vn 0.3764 -0.9183 0.1224
vn 0.0770 -0.8024 0.5917
vn -0.0330 -0.9909 0.1308
vn -0.0805 -0.8045 0.5885
vn 0.2579 -0.8052 0.5340
vn 0.0980 -0.9854 0.1392
vn -0.0306 -0.9995 0.0103
vn 0.1375 -0.9902 0.0224
vn -0.0240 -0.9988 0.0438
vn 0.1802 -0.8981 0.4012
vn -0.0047 -0.9234 0.3838
vn -0.0354 -0.9976 -0.0597
vn 0.1851 -0.9790 0.0854
vn 0.1587 -0.9865 -0.0394
vn 0.9029 -0.2158 -0.3718
vn 0.9314 -0.0765 -0.3559
vn 0.8381 -0.1694 -0.5185
vn 0.8185 0.0507 -0.5722
vn 0.7389 -0.1284 -0.6615
vn 0.8040 -0.1372 -0.5786
vn 0.7213 0.0925 -0.6865
vn 0.4062 -0.1407 -0.9029
vn 0.3692 0.1270 -0.9206
vn 0.0225 -0.1537 -0.9879
vn 0.0334 0.1488 -0.9883
vn -0.0300 -0.1442 -0.9891
vn -0.0174 0.1723 -0.9849
vn 0.0741 -0.1446 -0.9867
vn 0.8534 0.0110 -0.5212
vn 0.9807 0.1235 0.1515
vn 0.9867 0.0561 0.1526
vn 0.9638 -0.0864 0.2522
vn 0.9495 -0.1221 0.2889
vn 0.9940 0.0971 0.0506
vn 0.9970 -0.0210 0.0740
vn 0.8939 -0.3563 -0.2719
vn 0.7401 -0.5184 -0.4284
vn 0.7065 -0.3942 -0.5877
vn 0.6161 -0.6287 -0.4744
vn -0.0167 -0.5520 -0.8337
vn 0.0328 -0.7464 -0.6647
vn 0.0653 -0.7403 -0.6690
vn 0.0493 -0.5184 -0.8537
vn 0.1703 -0.7004 -0.6931
vn 0.3881 -0.4548 -0.8016
vn 0.3971 -0.6644 -0.6331
vn 0.7878 -0.3497 -0.5070
vn 0.8488 -0.3485 -0.3976
vn 0.8722 -0.4190 -0.2525
vn 0.7570 -0.5777 -0.3053
vn 0.8512 -0.4791 -0.2141
vn 0.8576 -0.4896 -0.1575
vn 0.3131 -0.6766 -0.6664
vn 0.8623 -0.3717 -0.3440
vn 0.4641 -0.3055 -0.8314
vn 0.5494 0.0790 -0.8318
vn 0.9557 -0.1325 -0.2628
vn 0.6154 0.5509 -0.5638
vn 0.8370 0.5379 -0.1007
vn 0.9924 -0.0050 -0.1231
vn 0.9975 0.0591 0.0394
vn 0.9085 0.2818 0.3085
vn 0.9589 -0.0503 0.2792
vn 0.9824 0.0398 0.1828
vn 0.7712 -0.6293 -0.0966
vn 0.8001 -0.5805 -0.1510
vn 0.7559 -0.5976 -0.2674
vn 0.8505 -0.4693 -0.2374
vn 0.6577 -0.7053 -0.2646
vn 0.6903 -0.6898 -0.2182
vn 0.6488 -0.7239 -0.2345
vn 0.7333 -0.6230 -0.2724
vn 0.6177 -0.7340 -0.2821
vn 0.6431 -0.7283 -0.2369
vn 0.7744 -0.3356 -0.5364
vn 0.7346 -0.4984 -0.4605
vn -0.0948 -0.9232 -0.3725
vn 0.2824 -0.9423 -0.1799
vn 0.4186 -0.8692 -0.2631
vn 0.7948 -0.5907 -0.1390
vn 0.7327 -0.6182 -0.2846
vn 0.7900 -0.5047 -0.3481
vn 0.4593 -0.8253 -0.3287
vn 0.9566 -0.0991 0.2741
vn 0.9052 -0.0811 0.4171
vn 0.9388 -0.0914 0.3322
vn 0.9080 -0.0335 0.4177
vn 0.7705 0.1584 0.6174
vn 0.8347 0.0883 0.5436
vn 0.7344 0.1911 0.6513
vn 0.3907 0.3408 0.8551
vn 0.5596 0.2957 0.7742
vn 0.3748 0.3612 0.8538
vn 0.0749 0.3552 0.9318
vn -0.0145 0.1335 0.9909
vn -0.0247 0.3620 0.9318
vn 0.8704 0.0147 0.4922
vn 0.5972 0.2663 0.7566
vn 0.2135 0.3686 0.9048
vn 0.2505 0.3811 0.8899
vn 0.1727 0.3100 0.9349
vn 0.7846 -0.5233 -0.3325
vn 0.7060 -0.5508 -0.4451
vn 0.8075 -0.4654 -0.3625
vn 0.9670 -0.1976 0.1612
vn 0.9646 -0.1839 0.1891
vn 0.9574 -0.1974 0.2106
vn 0.9267 -0.3321 -0.1758
vn 0.8766 -0.3969 -0.2721
vn 0.9180 -0.3496 -0.1871
vn 0.9675 -0.2518 0.0218
vn 0.9716 -0.2266 0.0685
vn 0.9729 -0.2078 0.1012
vn 0.9443 -0.3140 -0.0985
vn 0.9633 -0.2682 -0.0085
vn 0.8692 -0.4185 -0.2634
vn 0.9674 -0.2121 0.1380
vn 0.9638 -0.2580 -0.0666
vn 0.9549 -0.1404 0.2615
vn 0.9376 -0.1837 0.2952
vn 0.0027 -0.7361 -0.6769
vn 0.1160 -0.7003 -0.7043
vn 0.1098 -0.7328 -0.6715
vn 0.3470 -0.6968 -0.6277
vn 0.2215 -0.6918 -0.6873
vn 0.3314 -0.6782 -0.6559
vn 0.5556 -0.6737 -0.4873
vn 0.4230 -0.6670 -0.6134
vn 0.5032 -0.6529 -0.5661
vn 0.2153 -0.7198 -0.6600
vn 0.4869 -0.6791 -0.5493
vn 0.6109 -0.6566 -0.4424
vn 0.6030 -0.6159 -0.5070
vn 0.6848 -0.6126 -0.3946
vn 0.9234 -0.1326 0.3603
vn 0.2612 0.3861 0.8847
vn 0.4061 0.7291 0.5509
vn 0.2682 0.7697 0.5793
vn 0.7455 -0.5260 -0.4094
vn 0.8621 -0.1822 -0.4729
vn 0.8192 -0.4764 -0.3194
vn 0.4516 -0.6353 -0.6265
vn 0.6039 -0.2407 -0.7599
vn 0.5413 -0.6126 -0.5760
vn 0.8767 -0.4261 -0.2234
vn 0.9555 -0.0743 -0.2856
vn 0.9254 -0.3621 -0.1121
vn 0.3672 -0.6525 -0.6629
vn 0.5200 -0.2986 -0.8003
vn 0.7105 0.2171 0.6694
vn 0.5481 0.6725 0.4974
vn 0.5944 0.2863 0.7515
vn 0.9833 0.0068 -0.1820
vn 0.9504 -0.3098 -0.0282
vn 0.6754 -0.2250 -0.7023
vn 0.6457 -0.5760 -0.5013
vn 0.8151 0.1276 0.5650
vn 0.6642 0.6077 0.4353
vn 0.9923 0.0791 -0.0948
vn 0.9631 -0.2663 0.0391
vn 0.9556 -0.1050 0.2752
vn 0.8897 0.4066 0.2075
vn 0.9341 -0.0386 0.3549
vn 0.8950 0.0334 0.4448
vn 0.7604 0.5422 0.3576
vn 0.9685 -0.2162 0.1239
vn 0.9687 0.2429 0.0507
vn 0.9659 -0.1661 0.1988
vn 0.2766 -0.6662 -0.6925
vn 0.4041 -0.3493 -0.8454
vn 0.8344 0.4746 0.2802
vn 0.9886 0.1475 -0.0313
vn 0.1285 0.4103 0.9028
vn 0.2693 0.7492 0.6051
vn 0.1819 -0.6762 -0.7139
vn 0.2981 -0.3785 -0.8763
vn 0.9169 -0.1367 -0.3751
vn 0.3894 0.3531 0.8507
vn 0.2421 0.3512 0.9045
vn 0.2566 0.3041 0.9175
vn 0.0824 -0.6822 -0.7265
vn 0.1922 -0.3995 -0.8963
vn 0.7853 -0.2183 -0.5793
vn -0.0290 -0.6821 -0.7307
vn 0.0791 -0.4073 -0.9099
vn 0.0984 0.2251 -0.9694
vn 0.3724 0.9228 -0.0987
vn 0.0202 0.7493 -0.6619
vn 0.8650 -0.3833 0.3240
vn 0.8978 0.0119 0.4403
vn 0.6912 -0.6177 -0.3752
vn 0.8585 -0.5095 -0.0585
vn 0.1094 -0.6181 -0.7785
vn 0.8545 0.0896 0.5117
vn 0.9667 -0.0772 0.2442
vn 0.9460 0.0671 0.3172
vn 0.8065 -0.5877 -0.0646
vn -0.0612 -0.8346 -0.5474
vn 0.2477 -0.8751 -0.4159
vn 0.2769 0.2149 -0.9366
vn 0.5347 -0.3637 0.7628
vn 0.8974 0.1567 0.4124
vn 0.3592 0.9114 0.2007
vn 0.4021 0.7113 -0.5766
vn 0.4979 -0.8492 0.1757
vn 0.7813 0.1272 0.6111
vn 0.8116 -0.5783 0.0825
vn 0.9763 -0.0317 0.2140
vn -0.6301 0.5683 -0.5291
vn 0.1937 -0.6007 -0.7756
vn 0.1427 -0.8717 -0.4688
vn 0.2483 -0.9349 -0.2535
vn 0.3653 -0.9180 -0.1545
vn 0.2635 0.4032 0.8764
vn 0.4420 0.3505 0.8257
vn 0.4446 0.3645 0.8182
vn 0.3842 0.3954 0.8343
vn 0.1332 0.4004 0.9066
vn 0.7765 -0.5038 -0.3785
vn 0.8447 -0.4584 -0.2764
vn 0.4670 -0.6296 -0.6209
vn 0.6413 -0.5638 -0.5205
vn 0.4912 -0.6246 -0.6071
vn 0.8886 -0.4221 -0.1796
vn 0.9300 -0.3553 -0.0939
vn 0.8976 -0.4035 -0.1772
vn 0.3975 0.3610 0.8436
vn 0.7484 -0.5397 -0.3855
vn 0.5171 0.3402 0.7854
vn 0.3668 0.3919 0.8437
vn 0.3775 -0.6481 -0.6614
vn 0.3998 -0.6465 -0.6497
vn 0.9263 -0.3668 -0.0861
vn 0.9545 -0.2981 -0.0061
vn 0.5672 0.2979 0.7678
vn 0.5706 -0.6066 -0.5536
vn 0.7400 -0.5107 -0.4376
vn 0.8355 0.1147 0.5374
vn 0.7251 0.2233 0.6514
vn 0.7222 0.2067 0.6601
vn 0.9612 -0.2643 0.0789
vn 0.9483 -0.3173 -0.0077
vn 0.9618 -0.2720 0.0298
vn 0.9592 -0.1200 0.2559
vn 0.9359 -0.0384 0.3502
vn 0.9377 -0.0508 0.3438
vn 0.9077 0.0257 0.4189
vn 0.8269 0.1276 0.5478
vn 0.9691 -0.2294 0.0905
vn 0.9686 -0.1684 0.1828
vn 0.9678 -0.1747 0.1810
vn 0.2897 -0.6617 -0.6915
vn 0.3000 -0.6636 -0.6854
vn 0.8962 0.0337 0.4423
vn 0.9670 -0.2143 0.1375
vn 0.1836 -0.6726 -0.7169
vn 0.2055 -0.6723 -0.7112
vn 0.8282 -0.4830 -0.2842
vn 0.1654 0.4801 0.8615
vn 0.2268 0.4028 0.8867
vn 0.1110 0.3823 0.9174
vn 0.3292 0.4024 0.8542
vn 0.3848 0.3856 0.8386
vn 0.1047 -0.6776 -0.7279
vn 0.6603 -0.5831 -0.4733
vn 0.4413 0.4938 0.7493
vn 0.2286 0.4205 0.8780
vn 0.2870 0.3983 0.8712
vn 0.2611 0.4062 0.8757
vn -0.0044 -0.6788 -0.7343
vn 0.0844 -0.6770 -0.7311
vn 0.0006 -0.7028 -0.7114
vn 0.9595 -0.1073 0.2606
vn 0.2514 0.3608 0.8981
vn 0.3370 0.2825 0.8981
vn 0.0273 0.0477 0.9985
vn -0.0349 0.4426 0.8960
vn 0.1524 0.3697 0.9166
vn 0.0036 0.4215 0.9068
vn -0.0064 0.4336 0.9011
vn 0.2220 0.4150 0.8823
vn 0.0831 0.4887 0.8685
vn 0.0548 0.4258 0.9031
vn 0.0142 0.4458 0.8950
vn 0.2403 0.4428 0.8638
vn 0.9338 0.3336 0.1292
vn 0.6792 0.5833 -0.4454
vn 0.6120 0.7599 -0.2192
vn 0.4457 0.7304 -0.5177
vn 0.9212 0.1570 0.3561
vn 0.7590 0.5223 0.3887
vn 0.9274 0.3694 0.0591
vn 0.4676 0.5987 -0.6504
vn 0.3144 0.6432 -0.6982
vn 0.0059 -0.5381 0.8429
vn 0.0142 -0.4463 0.8948
vn 0.1993 -0.4987 0.8435
vn 0.7126 0.6993 0.0562
vn 0.8381 0.5080 -0.1990
vn 0.0556 0.5924 -0.8037
vn 0.1339 0.5960 -0.7918
vn 0.0776 0.5900 -0.8037
vn 0.1701 -0.3635 0.9159
vn 0.3258 -0.4245 0.8448
vn -0.0540 -0.4699 0.8810
vn 0.0095 -0.4796 0.8774
vn 0.2248 0.5816 -0.7818
vn 0.2028 0.6126 -0.7639
vn 0.4755 -0.2849 0.8323
vn 0.5297 -0.3373 0.7782
vn 0.6010 -0.1422 0.7865
vn 0.7488 -0.2296 0.6218
vn 0.7711 0.5529 -0.3159
vn -0.0586 0.5832 -0.8102
vn 0.0037 0.5917 -0.8062
vn 0.6035 0.0289 0.7969
vn 0.8535 -0.0520 0.5186
vn 0.0985 0.5807 -0.8082
vn 0.6941 0.2582 0.6720
vn 0.9896 -0.1158 0.0853
vn 0.9054 -0.2259 0.3595
vn 0.9904 0.0393 0.1329
vn 0.9200 -0.1048 0.3777
vn 0.2367 0.3509 -0.9060
vn 0.0160 0.3705 -0.9287
vn 0.2043 0.4938 -0.8452
vn 0.0497 0.5058 -0.8612
vn 0.7519 -0.3281 0.5719
vn 0.7533 -0.2341 0.6146
vn 0.0558 0.1760 -0.9828
vn -0.0038 0.3889 -0.9213
vn 0.0467 0.3913 -0.9191
vn 0.0231 0.5208 -0.8533
vn 0.0401 0.5262 -0.8494
vn 0.9137 0.1072 -0.3920
vn 0.8487 0.1831 -0.4961
vn 0.8886 0.2906 -0.3548
vn 0.8334 0.3410 -0.4350
vn 0.5544 -0.3350 0.7619
vn 0.6411 -0.3993 0.6554
vn 0.4603 -0.4125 0.7861
vn 0.6100 0.2899 -0.7375
vn 0.5195 0.4584 -0.7211
vn -0.2644 -0.4752 0.8392
vn 0.0063 -0.4924 0.8704
vn -0.2296 -0.4885 0.8418
vn 0.0138 -0.5065 0.8621
vn -0.1801 -0.5242 0.8324
vn 0.5521 -0.4419 0.7070
vn 0.2899 -0.4790 0.8286
vn 0.9832 -0.0082 -0.1822
vn 0.9689 0.1930 -0.1548
vn 0.3297 -0.4821 0.8117
vn 0.8010 0.2277 -0.5537
vn 0.7523 0.3896 -0.5312
vn 0.8928 0.4427 -0.0835
vn 0.8194 0.0516 -0.5708
vn 0.7252 0.0040 0.6885
vn 0.9618 0.2578 0.0921
vn 0.5468 -0.7803 0.3035
vn 0.9713 -0.0798 0.2239
vn 0.8654 -0.2193 0.4505
vn 0.9480 -0.2155 0.2343
vn 0.5951 0.4056 0.6938
vn 0.2396 -0.6286 -0.7399
vn 0.2229 -0.8192 -0.5284
vn 0.5007 -0.2958 -0.8135
vn 0.5633 0.7060 0.4293
vn 0.8940 0.4480 -0.0111
vn 0.5656 0.8085 0.1627
vn 0.3606 0.8517 -0.3802
vn 0.8529 0.4963 -0.1623
vn 0.7201 0.6152 -0.3208
vn 0.5184 0.8485 -0.1066
vn 0.4868 0.5263 0.6971
vn 0.8901 0.4068 0.2053
vn 0.3858 0.5214 0.7612
vn 0.4888 0.7251 0.4850
vn 0.5132 0.8359 0.1949
vn 0.4555 0.8851 -0.0952
vn 0.3215 0.8484 -0.4205
vn 0.5880 0.7881 0.1819
vn 0.5532 0.6363 0.5377
vn 0.4967 0.8564 -0.1411
vn 0.3481 0.8097 -0.4724
vn 0.0191 -0.0296 0.9994
vn 0.1931 0.3606 0.9125
vn 0.3383 0.0716 0.9383
vn 0.4628 0.3557 0.8120
vn 0.2325 0.4096 0.8821
vn 0.3739 0.2162 0.9019
vn 0.8584 0.2241 0.4615
vn 0.8065 0.3900 0.4445
vn 0.2153 0.3902 0.8952
vn 0.3106 0.3112 0.8981
vn 0.3193 0.3755 0.8701
vn 0.3898 0.4060 0.8266
vn 0.2589 -0.1698 0.9509
vn 0.2392 -0.8322 0.5002
vn 0.2980 -0.1902 0.9354
vn 0.0562 -0.2036 0.9774
vn 0.1045 -0.8906 0.4426
vn 0.1458 -0.2103 0.9667
vn 0.5267 -0.2333 0.8174
vn 0.1979 -0.8604 0.4696
vn 0.2540 -0.8557 0.4509
vn 0.1444 -0.8722 0.4673
vn 0.2123 -0.1814 0.9602
vn 0.2782 0.2631 0.9238
vn 0.3576 -0.2450 0.9012
vn 0.3615 0.2808 0.8891
vn 0.0499 0.3951 0.9173
vn -0.0028 0.2979 0.9546
vn -0.0959 0.3634 0.9267
vn 0.1788 -0.8535 0.4895
vn 0.4559 -0.8524 0.2561
vn 0.8275 -0.3112 0.4673
vn 0.8616 0.1816 0.4740
vn 0.4464 0.2991 0.8434
vn 0.8522 0.1878 0.4884
vn 0.4295 0.2957 0.8533
vn 0.8540 0.1145 0.5075
vn 0.4753 0.2263 0.8502
vn -0.0051 -0.1853 0.9827
vn 0.0470 -0.8799 0.4728
vn -0.0022 -0.1946 0.9809
vn 0.3764 0.2837 0.8819
vn 0.3857 0.3711 0.8447
vn 0.3512 0.2705 0.8964
vn 0.3574 0.3119 0.8803
vn 0.3229 0.2933 0.8999
vn 0.2862 0.2893 0.9134
vn 0.2722 0.3303 0.9038
vn 0.2790 0.2560 0.9255
vn 0.2350 0.2213 0.9465
vn 0.2446 0.2451 0.9381
vn 0.2032 0.2328 0.9511
vn 0.0129 0.2986 0.9543
vn 0.0149 0.2395 0.9708
vn -0.0018 0.2408 0.9706
vn -0.0983 0.2643 0.9594
vn -0.1573 0.2364 0.9588
vn 0.1285 0.2940 0.9471
vn 0.1175 0.2008 0.9726
vn 0.1289 0.2321 0.9641
vn -0.0980 0.2785 0.9554
vn 0.0157 0.2580 0.9660
vn 0.0312 0.2354 0.9714
vn 0.0960 0.6064 -0.7893
vn 0.0772 0.5550 -0.8283
vn 0.1616 0.7283 -0.6659
vn 0.0750 0.5201 -0.8508
vn 0.1532 0.6693 -0.7271
vn 0.1496 0.7126 -0.6855
vn 0.0612 0.4996 -0.8641
vn 0.3071 0.6891 -0.6564
vn -0.0268 0.5007 -0.8652
vn -0.0003 -0.0532 -0.9986
vn 0.0071 -0.8114 -0.5844
vn 0.0228 -0.8151 -0.5788
vn 0.1007 -0.0962 -0.9903
vn 0.3447 -0.7957 -0.4980
vn 0.0866 -0.7987 -0.5955
vn 0.0171 -0.0563 -0.9983
vn 0.0355 -0.8116 -0.5832
vn 0.0102 -0.0451 -0.9989
vn 0.0131 -0.7953 -0.6060
vn 0.0079 -0.8036 -0.5951
vn 0.0479 -0.0888 -0.9949
vn 0.0435 -0.8081 -0.5874
vn 0.0313 -0.0572 -0.9979
vn 0.0346 -0.8107 -0.5845
vn 0.0015 -0.0483 -0.9988
vn -0.0117 -0.0818 -0.9966
vn 0.0220 -0.7992 -0.6006
vn -0.0245 -0.0624 -0.9978
vn 0.0133 0.5013 -0.8652
vn 0.0462 0.3517 -0.9350
vn -0.0326 0.3426 -0.9389
vn 0.0061 0.2195 -0.9756
vn -0.0635 0.2157 -0.9744
vn 0.0902 0.5175 -0.8509
vn 0.0796 0.3583 -0.9302
vn 0.0663 0.2217 -0.9728
vn -0.0522 0.4632 -0.8847
vn -0.0241 0.4299 -0.9025
vn -0.0810 0.3331 -0.9394
vn -0.0571 0.3213 -0.9453
vn -0.0813 0.2240 -0.9712
vn -0.0516 0.2382 -0.9698
vn 0.0005 0.3820 -0.9242
vn 0.0041 0.3784 -0.9256
vn 0.0015 0.3078 -0.9514
vn 0.0230 0.3109 -0.9502
vn -0.0054 0.2408 -0.9706
vn 0.0432 0.2394 -0.9700
vn 0.1132 0.5188 -0.8474
vn 0.1688 0.3497 -0.9215
vn 0.1394 0.2162 -0.9663
vn 0.0012 0.4016 -0.9158
vn -0.0243 0.3118 -0.9498
vn -0.0315 0.2420 -0.9698
vn 0.7768 0.3268 -0.5383
vn 0.2539 0.5067 -0.8239
vn 0.7278 0.2372 -0.6435
vn 0.6691 0.1380 -0.7303
vn 0.5851 -0.2244 -0.7793
vn 0.6255 -0.6883 -0.3674
vn -0.0118 -0.6769 -0.7359
vn 0.6184 0.2948 0.7285
vn 0.0821 -0.5521 -0.8297
vn 0.7257 -0.6035 -0.3304
vn 0.3489 -0.9200 -0.1786
vn 0.8268 0.0389 0.5611
vn 0.9033 -0.2627 -0.3392
vn 0.9680 -0.1288 0.2154
vn 0.4649 0.0372 0.8846
vn 0.8280 -0.1234 0.5470
vn 0.7993 0.0989 0.5927
vn 0.4081 -0.0960 0.9079
vn 0.7085 0.4161 0.5700
vn 0.8874 0.3435 0.3075
vn 0.6253 0.1533 0.7652
vn 0.8930 -0.0141 0.4499
vn 0.9057 0.1059 0.4105
vn 0.8167 0.2630 0.5136
vn 0.9460 -0.1984 0.2563
vn 0.7607 -0.5727 -0.3055
vn 0.6261 -0.7797 0.0042
vn 0.7684 -0.5960 0.2333
vn 0.3962 -0.9126 -0.1007
vn 0.3956 -0.8207 -0.4123
vn 0.9798 -0.1449 0.1375
vn 0.0903 -0.8897 0.4476
vn 0.0499 0.2957 0.9540
vn -0.0406 0.0170 0.9990
vn -0.0235 -0.2471 0.9687
vn -0.1397 -0.1483 0.9790
vn 0.0082 -0.2312 0.9729
vn 0.0136 -0.9999 0.0012
vn 0.3618 -0.9303 -0.0596
vn 0.0268 -0.9996 -0.0003
vn 0.0358 -0.9994 -0.0015
vn 0.0281 -0.9996 -0.0007
vn 0.0265 -0.9996 -0.0007
vn 0.0266 -0.9996 -0.0007
vn 0.0085 -1.0000 -0.0022
vn 0.9051 -0.3759 -0.1987
vn 0.9836 0.0297 -0.1780
vn 0.9866 0.0376 -0.1588
vn 0.9857 0.0516 -0.1606
vn 0.7964 0.3922 -0.4604
vn 0.9821 0.0888 -0.1662
vn 0.9990 -0.0011 -0.0456
vn 0.9982 0.0472 -0.0361
vn 0.9921 0.0154 -0.1244
vn 0.9898 0.0379 -0.1373
vn 0.9987 0.0214 -0.0458
vn 0.9936 0.0187 -0.1113
vn 0.9982 0.0405 -0.0448
vn 0.9932 0.0282 -0.1125
vn 0.9347 -0.3544 -0.0279
vn 0.9175 -0.3806 -0.1156
vn 0.4141 -0.9102 -0.0016
vn 0.3764 -0.9249 -0.0535
vn 0.0266 -0.9996 -0.0009
vn 0.0270 -0.9996 -0.0002
vn 0.0265 -0.9996 -0.0008
vn 0.0317 -0.9995 0.0068
vn 0.0295 -0.9994 0.0195
vn 0.0346 -0.9989 0.0313
vn 0.0372 -0.9980 0.0508
vn 0.0266 -0.9996 -0.0010
vn 0.0486 -0.9965 0.0679
vn 0.0264 -0.9997 -0.0013
vn 0.0422 -0.9968 0.0676
vn 0.0266 -0.9996 -0.0032
vn 0.0475 -0.9979 0.0448
vn 0.0245 -0.9997 -0.0022
vn -0.0864 -0.9761 0.1995
vn -0.4910 -0.8706 0.0305
vn -0.3269 -0.9297 -0.1698
vn 0.7667 0.3371 0.5463
vn 0.8251 0.3732 0.4242
vn 0.8103 0.4951 0.3136
vn 0.7413 -0.1703 0.6492
vn 0.7729 0.1512 0.6162
vn 0.3405 -0.8582 0.3841
vn 0.8610 0.0664 0.5043
vn 0.4800 -0.8373 -0.2619
vn 0.5421 -0.6448 0.5389
vn 0.5420 -0.2200 0.8111
vn 0.0219 -0.5057 0.8624
vn 0.5359 0.1339 0.8336
vn -0.0120 -0.1551 0.9878
vn 0.5160 0.3375 0.7873
vn -0.0180 0.3744 0.9271
vn 0.6854 -0.6709 0.2830
vn 0.0748 -0.7003 0.7099
vn 0.8083 -0.2394 0.5379
vn 0.0198 -0.7698 0.6379
vn 0.4857 -0.2155 0.8472
vn 0.0777 -0.8786 0.4712
vn 0.8475 -0.5146 0.1299
vn 0.3686 -0.4838 0.7938
vn -0.5210 -0.7756 0.3564
vn 0.4927 -0.2053 0.8456
vn 0.4902 0.1445 0.8595
vn 0.8564 -0.3897 0.3387
vn 0.4690 0.1616 0.8683
vn 0.6709 0.1908 0.7166
vn 0.4799 0.0672 0.8747
vn 0.1434 0.0946 0.9851
vn 0.0519 -0.9491 0.3107
vn 0.4959 -0.5629 0.6612
vn 0.4907 0.1613 0.8563
vn 0.7360 -0.5278 0.4240
vn 0.9531 -0.0347 0.3005
vn 0.8750 0.4228 0.2359
vn 0.2166 -0.8012 0.5579
vn 0.4797 -0.6642 0.5733
vn 0.0498 -0.7813 0.6222
vn 0.2691 -0.4683 0.8416
vn -0.0190 0.1936 0.9809
vn 0.0910 -0.9541 -0.2852
vn -0.1753 -0.3584 0.9170
vn -0.7257 0.0224 0.6876
vn -0.5061 0.0698 0.8596
vn -0.5560 0.0725 0.8280
vn -0.8161 0.1891 0.5461
vn -0.5056 0.1558 0.8486
vn -0.8476 0.3500 0.3988
vn -0.6332 0.2193 0.7423
vn -0.8321 0.3113 0.4590
vn -0.7617 0.2600 0.5935
vn -0.5280 0.4665 0.7097
vn -0.7651 0.4119 0.4950
vn -0.7757 0.4150 0.4755
vn -0.5346 0.5036 0.6787
vn -0.5735 0.3120 0.7574
vn -0.7118 0.3302 0.6200
vn -0.4469 0.3010 0.8424
vn -0.7583 0.3476 0.5516
vn -0.4695 0.2116 0.8572
vn -0.5665 0.0814 0.8200
vn -0.5770 -0.0500 0.8152
vn -0.7976 -0.2888 0.5296
vn -0.7384 -0.2134 0.6397
vn -0.7561 -0.2650 0.5984
vn -0.7812 -0.2238 0.5828
vn -0.7116 -0.1808 0.6789
vn -0.8317 -0.2612 0.4899
vn -0.8066 -0.2104 0.5524
vn -0.6910 -0.2202 0.6885
vn -0.8599 -0.2666 0.4352
vn -0.8329 -0.2157 0.5097
vn -0.7363 -0.1421 0.6616
vn -0.6839 -0.0847 0.7247
vn -0.6659 -0.1634 0.7279
vn -0.6796 -0.1193 0.7238
vn -0.4907 0.3839 0.7822
vn -0.5205 0.4579 0.7207
vn -0.8920 -0.2790 0.3556
vn -0.4470 0.2586 0.8564
vn -0.6707 0.3854 0.6338
vn -0.8669 -0.2814 0.4114
vn -0.4053 0.3138 0.8586
vn -0.9073 -0.2908 0.3037
vn -0.7296 0.3771 0.5706
vn -0.7548 0.3101 0.5780
vn -0.8287 -0.1775 0.5307
vn -0.4861 0.4269 0.7625
vn -0.8480 0.4292 0.3108
vn -0.7201 0.2527 0.6462
vn -0.7132 0.0319 0.7003
vn -0.7511 0.2261 0.6202
vn -0.3226 0.2607 0.9099
vn -0.4209 0.3963 0.8160
vn -0.6545 0.0827 0.7516
vn -0.5944 -0.2111 0.7760
vn -0.1130 0.2169 0.9696
vn -0.4239 -0.0249 0.9054
vn -0.9474 -0.2652 0.1791
vn -0.9554 -0.2631 0.1343
vn -0.7366 0.0274 0.6758
vn -0.9015 -0.0421 0.4307
vn -0.9391 -0.2181 0.2656
vn -0.9687 -0.2477 0.0163
vn -0.7979 0.1392 0.5865
vn -0.9476 0.0385 0.3170
vn -0.9793 -0.1411 0.1452
vn -0.9683 -0.2438 0.0543
vn -0.3998 -0.2442 0.8835
vn -0.2167 0.1562 0.9637
vn -0.3078 -0.1670 0.9367
vn -0.0342 0.3429 0.9388
vn -0.0382 0.4448 0.8948
vn -0.3352 0.2724 0.9019
vn -0.1704 0.3286 0.9290
vn -0.4108 -0.2513 0.8764
vn -0.3159 -0.2107 0.9251
vn -0.7487 0.0034 0.6629
vn -0.5519 0.1806 0.8141
vn -0.7974 -0.1910 0.5724
vn -0.5422 -0.2985 0.7855
vn -0.7609 0.1379 0.6340
vn -0.6847 0.2113 0.6975
vn -0.5900 0.2033 0.7814
vn -0.6274 -0.0153 0.7785
vn -0.8210 -0.1111 0.5601
vn -0.7097 -0.2559 0.6563
vn -0.8419 0.1242 0.5252
vn -0.5677 0.1407 0.8111
vn -0.7839 0.0123 0.6208
vn -0.3492 0.2632 0.8993
vn -0.4247 -0.1222 0.8971
vn -0.5920 0.3844 0.7084
vn -0.7442 0.2870 0.6031
vn -0.5057 -0.1316 0.8526
vn -0.2534 -0.2596 0.9319
vn -0.7314 0.1944 0.6537
vn -0.8442 -0.1040 0.5259
vn -0.7757 -0.0564 0.6286
vn -0.7975 -0.0466 0.6016
vn -0.3789 -0.2560 0.8893
vn -0.2645 -0.1621 0.9507
vn -0.6851 -0.1128 0.7196
vn -0.5665 0.1846 0.8031
vn -0.5943 0.1357 0.7927
vn -0.1584 0.2046 0.9659
vn -0.1947 0.1506 0.9692
vn -0.8024 -0.1093 0.5867
vn -0.7368 -0.0411 0.6749
vn -0.6759 0.1244 0.7264
vn -0.7346 0.0186 0.6782
vn -0.7771 0.0883 0.6232
vn -0.4469 0.1520 0.8816
vn -0.6058 0.0902 0.7905
vn -0.5067 0.1718 0.8448
vn -0.5363 0.0738 0.8408
vn -0.2094 0.1587 0.9649
vn -0.2857 0.0341 0.9577
vn -0.4829 0.2095 0.8503
vn -0.6043 -0.2751 0.7477
vn -0.4259 -0.3511 0.8339
vn -0.6599 -0.0474 0.7499
vn -0.6070 -0.1344 0.7833
vn -0.3313 -0.1850 0.9252
vn -0.5801 -0.3282 0.7455
vn -0.5579 -0.1383 0.8183
vn -0.5520 -0.2720 0.7882
vn -0.5780 -0.5125 0.6350
vn -0.2717 -0.4179 0.8670
vn -0.7585 -0.0317 0.6509
vn -0.7759 0.1578 0.6108
vn -0.6628 0.0829 0.7442
vn -0.2669 0.1040 0.9581
vn -0.1879 0.3456 0.9194
vn -0.6849 -0.0897 0.7231
vn -0.6111 0.2263 0.7585
vn -0.6423 0.1032 0.7595
vn -0.6162 -0.5795 0.5334
vn -0.7113 -0.1459 0.6876
vn -0.4866 0.0408 0.8727
vn -0.4802 0.2955 0.8259
vn -0.6142 0.0004 0.7892
vn -0.7152 -0.0926 0.6928
vn -0.7847 -0.0098 0.6198
vn -0.1472 -0.2449 0.9583
vn -0.3909 -0.5412 0.7445
vn -0.3749 0.1650 0.9123
vn -0.5714 -0.6475 0.5043
vn -0.7094 -0.3270 0.6244
vn -0.2851 -0.3140 0.9056
vn -0.6279 -0.2112 0.7491
vn -0.6402 -0.4903 0.5914
vn -0.5145 -0.2964 0.8046
vn -0.8056 -0.1798 0.5645
vn -0.4151 -0.3129 0.8543
vn -0.7749 0.1964 0.6008
vn -0.1712 -0.6279 0.7592
vn -0.4584 -0.3550 0.8148
vn -0.7266 -0.1558 0.6692
vn -0.7773 0.0629 0.6260
vn -0.2954 -0.3708 0.8805
vn -0.4635 -0.0145 0.8860
vn -0.2036 -0.3887 0.8986
vn -0.2031 -0.0289 0.9787
vn -0.6282 0.0278 0.7775
vn -0.7293 -0.0571 0.6818
vn -0.7928 0.0156 0.6093
vn -0.7125 0.1086 0.6933
vn -0.7644 0.1411 0.6291
vn -0.6094 -0.6428 0.4641
vn -0.7138 -0.0808 0.6957
vn -0.6061 -0.5134 0.6074
vn -0.5768 0.0298 0.8163
vn -0.4969 -0.3885 0.7760
vn -0.3784 -0.3530 0.8557
vn -0.3620 0.1234 0.9240
vn -0.2783 -0.4334 0.8572
vn -0.0983 0.0414 0.9943
vn -0.1530 0.3346 0.9299
vn -0.3924 -0.3489 0.8511
vn -0.6276 -0.3407 0.7000
vn -0.4937 -0.3596 0.7918
vn -0.5955 -0.4695 0.6519
vn -0.6794 0.2614 0.6856
vn -0.7232 0.3062 0.6191
vn -0.6033 0.2315 0.7631
vn -0.3990 0.2980 0.8672
vn -0.7676 -0.1587 0.6210
vn -0.6169 -0.5860 0.5253
vn -0.5483 -0.6943 0.4661
vn -0.7465 0.3227 0.5819
vn -0.7539 -0.1946 0.6275
vn -0.7428 -0.2353 0.6268
vn -0.5531 -0.6765 0.4863
vn -0.7691 0.2478 0.5891
vn -0.3498 0.4493 0.8221
vn -0.9968 -0.0579 0.0552
vn -0.1766 0.4403 0.8803
vn -0.9479 -0.0400 0.3160
vn -0.9236 -0.3541 0.1467
vn -0.0681 0.4323 0.8991
vn -0.9514 0.0444 0.3046
vn -0.9826 0.0731 0.1708
vn -0.9251 0.1256 0.3583
vn -0.8114 0.2817 0.5121
vn -0.6727 0.2580 0.6934
vn -0.4744 0.3402 0.8119
vn -0.7136 0.3104 0.6280
vn -0.2034 0.3273 0.9228
vn 0.0577 0.4047 0.9126
vn -0.0186 0.1959 0.9804
vn -0.4172 -0.0809 0.9052
vn -0.6015 -0.2576 0.7562
vn -0.5871 -0.0875 0.8048
vn -0.5026 0.3011 0.8104
vn -0.1993 0.5027 0.8412
vn -0.6077 0.1196 0.7851
vn -0.7472 0.2780 0.6037
vn -0.7528 0.1754 0.6345
vn -0.2068 -0.0321 0.9779
vn 0.0080 0.0232 0.9997
vn -0.4367 0.0212 0.8993
vn -0.8396 0.1172 0.5304
vn -0.8292 0.0883 0.5519
vn -0.7608 -0.0012 0.6490
vn -0.7031 -0.1089 0.7027
vn -0.2402 0.0441 0.9697
vn -0.3733 -0.2739 0.8863
vn -0.8448 -0.0688 0.5307
vn -0.8756 -0.0958 0.4734
vn -0.5572 -0.1904 0.8082
vn -0.7990 -0.1798 0.5739
vn -0.2403 0.2317 0.9426
vn -0.1377 -0.2480 0.9589
vn -0.0584 0.0271 0.9979
vn 0.2024 0.1136 0.9727
vn -0.3204 0.2818 0.9044
vn 0.2168 0.2645 0.9397
vn -0.3628 0.3880 0.8473
vn -0.6754 0.0635 0.7347
vn -0.4310 0.1773 0.8848
vn -0.6076 -0.0979 0.7882
vn -0.6472 0.0446 0.7610
vn -0.7238 0.2098 0.6573
vn -0.5173 0.4316 0.7390
vn -0.1635 -0.2825 0.9452
vn -0.8810 0.0356 0.4718
vn -0.7113 0.1327 0.6903
vn -0.3297 0.0345 0.9434
vn -0.6227 -0.3201 0.7140
vn -0.6939 -0.1982 0.6923
vn -0.0608 -0.0823 0.9947
vn -0.1298 -0.0341 0.9910
vn 0.1160 -0.1112 0.9870
vn -0.1868 0.4346 0.8810
vn 0.1528 0.0469 0.9872
vn -0.8623 0.1539 0.4824
vn -0.0041 0.1801 0.9836
vn -0.4680 0.1742 0.8664
vn -0.2178 0.3456 0.9127
vn -0.3322 -0.1409 0.9326
vn -0.6432 -0.6830 0.3461
vn -0.7250 -0.0914 0.6827
vn -0.8080 -0.0997 0.5807
vn -0.8563 -0.3934 0.3346
vn -0.6319 -0.7479 0.2034
vn -0.8242 -0.3949 0.4060
vn -0.4535 -0.5147 0.7276
vn -0.4949 -0.1323 0.8588
vn -0.9103 -0.3315 -0.2480
vn -0.9525 -0.2914 -0.0891
vn -0.7977 -0.6030 0.0059
vn -0.8994 -0.3856 0.2057
vn -0.6988 -0.7024 0.1352
vn -0.2248 -0.1790 0.9578
vn -0.8412 -0.2008 0.5021
vn -0.8783 -0.4700 -0.0876
vn -0.9439 -0.3268 0.0465
vn -0.9026 -0.3797 -0.2028
vn -0.8341 -0.3466 0.4291
vn -0.5958 -0.7794 0.1935
vn -0.5470 -0.8244 0.1454
vn -0.2082 -0.6027 0.7703
vn -0.3118 -0.5109 0.8011
vn -0.0306 -0.9232 0.3830
vn -0.1738 -0.5332 0.8279
vn -0.7839 -0.5291 0.3249
vn -0.4969 0.3524 0.7931
vn -0.8327 0.2319 0.5029
vn -0.4568 -0.5092 0.7294
vn 0.0487 -0.9420 0.3321
vn -0.3121 -0.7434 0.5916
vn -0.6182 -0.7335 0.2826
vn -0.5741 -0.6910 0.4392
vn -0.0303 -0.9140 0.4046
vn -0.6671 -0.4670 0.5804
vn -0.0337 0.8769 0.4795
vn -0.0733 0.8133 0.5772
vn -0.0458 0.8530 0.5199
vn -0.1373 0.8082 0.5727
vn -0.1499 0.7989 0.5825
vn -0.1337 0.5371 0.8328
vn -0.2791 -0.7186 0.6370
vn 0.2080 0.5116 0.8337
vn -0.3719 -0.7418 0.5581
vn -0.1236 0.8190 0.5604
vn -0.0882 0.5181 0.8508
vn 0.2565 -0.5536 0.7923
vn -0.2180 -0.8924 0.3952
vn -0.1385 -0.7467 0.6506
vn -0.0342 0.8433 0.5363
vn -0.0967 0.6855 0.7216
vn -0.0688 -0.9222 0.3805
vn -0.0888 -0.6786 0.7291
vn -0.1112 0.8365 0.5366
vn -0.0980 -0.2153 0.9716
vn -0.5005 0.3236 0.8030
vn -0.5238 -0.3008 0.7970
vn -0.0223 0.2201 0.9752
vn -0.1658 -0.7458 0.6452
vn 0.0774 -0.9337 0.3497
vn -0.0695 -0.8272 0.5576
vn -0.1675 -0.6585 0.7337
vn -0.0708 -0.5508 0.8317
vn -0.0419 -0.4908 0.8703
vn -0.4049 -0.8201 0.4043
vn -0.1300 -0.4808 0.8672
vn -0.7353 0.3192 0.5979
vn 0.0172 -0.2991 0.9541
vn 0.0260 -0.2536 0.9669
vn -0.1384 0.1196 0.9831
vn -0.0861 -0.3163 0.9447
vn -0.2870 0.0348 0.9573
vn -0.2743 -0.2973 0.9145
vn -0.0896 0.8184 0.5677
vn -0.4201 -0.2977 0.8572
vn -0.4315 0.0298 0.9016
vn -0.4833 -0.4677 0.7401
vn -0.3918 -0.0136 0.9199
vn -0.1857 -0.6668 0.7218
vn 0.0897 -0.9542 0.2855
vn -0.5283 0.0616 0.8468
vn -0.0770 0.2808 0.9567
vn -0.5371 -0.4440 0.7172
vn -0.0961 0.3488 0.9323
vn -0.9759 0.0664 0.2077
vn -0.9697 -0.0951 0.2250
vn -0.9858 0.0443 0.1617
vn -0.5991 0.3525 0.7189
vn -0.7764 0.1721 0.6063
vn -0.8006 0.2524 0.5435
vn -0.2537 0.3312 0.9088
vn -0.3962 0.3659 0.8421
vn -0.2249 0.3552 0.9073
vn -0.1207 0.3396 0.9328
vn -0.9299 0.1347 0.3422
vn -0.9591 -0.0538 0.2781
vn -0.9098 0.0299 0.4141
vn -0.5938 0.2581 0.7621
vn -0.8371 -0.5365 0.1067
vn -0.6389 -0.7690 -0.0180
vn -0.7870 -0.6021 -0.1343
vn -0.5195 -0.8535 0.0414
vn -0.5064 -0.7797 0.3682
vn -0.4148 -0.9060 0.0848
vn -0.9075 -0.4193 0.0270
vn -0.8762 -0.4413 -0.1936
vn -0.6333 -0.7117 0.3040
vn -0.9637 -0.2543 -0.0808
vn -0.9269 -0.3154 -0.2035
vn -0.3778 -0.8195 0.4310
vn -0.3101 -0.9462 0.0927
vn -0.7863 -0.6161 0.0459
vn -0.2314 -0.8176 0.5273
vn -0.1576 -0.9807 0.1161
vn -0.2289 -0.8996 0.3718
vn -0.2410 -0.9695 0.0441
vn -0.2152 -0.9757 -0.0405
vn -0.1950 -0.9803 0.0311
vn -0.5878 -0.6166 0.5237
vn -0.9178 -0.2531 -0.3058
vn -0.8229 -0.2028 -0.5307
vn -0.9424 -0.1336 -0.3068
vn -0.8230 -0.1799 -0.5388
vn -0.8303 0.0123 -0.5572
vn -0.8133 -0.1760 -0.5546
vn -0.6583 -0.1998 -0.7258
vn -0.8194 0.0240 -0.5727
vn -0.2535 -0.1826 -0.9500
vn -0.6558 0.0694 -0.7518
vn 0.0693 -0.1645 -0.9839
vn -0.2780 0.1232 -0.9526
vn 0.0346 0.1575 -0.9869
vn -0.8504 -0.0407 -0.5246
vn -0.9923 0.0747 0.0984
vn -0.9978 0.0412 0.0529
vn -0.9990 0.0438 0.0134
vn -0.9668 -0.0813 0.2422
vn -0.9824 -0.1131 0.1486
vn -0.9869 -0.1560 0.0416
vn -0.9979 -0.0632 0.0121
vn -0.9150 -0.3365 -0.2224
vn -0.7478 -0.5504 -0.3713
vn -0.7876 -0.4004 -0.4684
vn -0.7880 -0.3728 -0.4899
vn 0.0576 -0.5258 -0.8486
vn -0.2354 -0.4963 -0.8356
vn -0.0611 -0.7103 -0.7013
vn -0.6263 -0.4265 -0.6526
vn -0.3231 -0.6584 -0.6798
vn -0.7784 -0.3448 -0.5247
vn -0.8695 -0.3296 -0.3680
vn -0.7237 -0.6194 -0.3043
vn -0.8660 -0.4697 -0.1716
vn -0.5678 -0.7279 -0.3844
vn 0.0073 -0.5885 -0.8085
vn -0.6214 -0.3666 -0.6925
vn -0.3847 -0.7154 -0.5833
vn -0.2553 0.1283 -0.9583
vn -0.1476 -0.2964 -0.9436
vn -0.0230 0.6253 -0.7801
vn -0.6961 0.0426 -0.7167
vn -0.5934 0.8024 -0.0630
vn -0.2601 0.9529 -0.1558
vn -0.6300 0.6012 0.4916
vn -0.9703 -0.0651 0.2328
vn -0.7787 -0.6041 -0.1692
vn -0.4244 -0.8375 -0.3441
vn -0.8517 -0.4498 -0.2689
vn -0.6983 -0.6772 -0.2319
vn -0.7110 -0.6737 -0.2015
vn -0.7646 -0.5858 -0.2687
vn -0.6484 -0.7229 -0.2386
vn -0.6757 -0.7128 -0.1880
vn -0.7422 -0.5038 -0.4419
vn -0.8148 -0.4757 -0.3313
vn 0.2725 -0.9447 -0.1826
vn -0.8179 -0.5449 -0.1847
vn 0.2078 -0.6707 -0.7121
vn -0.7990 -0.5912 -0.1095
vn -0.7461 -0.6125 -0.2612
vn -0.7163 -0.6119 -0.3356
vn 0.2941 -0.8380 -0.4596
vn 0.3782 -0.6803 -0.6279
vn -0.5881 0.4123 0.6958
vn -0.9294 -0.0812 0.3601
vn -0.9547 -0.0927 0.2826
vn -0.9382 -0.1335 0.3192
vn -0.7538 0.1794 0.6322
vn -0.8489 0.1111 0.5167
vn -0.8777 0.0441 0.4772
vn -0.4031 0.3266 0.8549
vn -0.5848 0.2966 0.7550
vn -0.5795 0.2778 0.7661
vn -0.1205 0.3466 0.9302
vn -0.9247 -0.0213 0.3801
vn -0.7334 0.2199 0.6432
vn -0.2464 0.3488 0.9042
vn -0.4196 0.3436 0.8401
vn -0.2715 0.3637 0.8911
vn -0.8037 -0.5090 -0.3083
vn -0.7445 -0.5419 -0.3899
vn -0.7357 -0.5780 -0.3532
vn -0.9743 -0.1699 0.1478
vn -0.9661 -0.2072 0.1539
vn -0.9491 -0.2461 0.1966
vn -0.9275 -0.3314 -0.1731
vn -0.8835 -0.4012 -0.2418
vn -0.8729 -0.4217 -0.2453
vn -0.9735 -0.2200 0.0631
vn -0.9735 -0.2285 -0.0014
vn -0.9821 -0.1834 0.0436
vn -0.9502 -0.3011 -0.0809
vn -0.9646 -0.2524 -0.0766
vn -0.8204 -0.4756 -0.3175
vn -0.9744 -0.1975 0.1073
vn -0.9227 -0.3471 -0.1677
vn -0.9694 -0.1318 0.2073
vn -0.9482 -0.1988 0.2478
vn -0.1243 -0.6991 -0.7042
vn -0.1260 -0.7265 -0.6755
vn -0.4426 -0.6923 -0.5699
vn -0.2708 -0.6852 -0.6761
vn -0.2892 -0.7144 -0.6372
vn -0.6198 -0.6520 -0.4368
vn -0.5080 -0.6434 -0.5726
vn -0.5650 -0.6661 -0.4870
vn -0.4132 -0.6616 -0.6258
vn -0.6806 -0.6172 -0.3948
vn -0.5765 -0.6289 -0.5216
vn -0.3133 0.3924 0.8648
vn -0.4745 0.6451 0.5989
vn -0.4915 0.3524 0.7964
vn -0.8939 -0.2256 -0.3874
vn -0.8079 -0.4642 -0.3631
vn -0.8644 -0.4163 -0.2819
vn -0.6927 -0.3906 -0.6063
vn -0.5457 -0.5923 -0.5927
vn -0.6330 -0.5602 -0.5343
vn -0.9516 -0.2087 -0.2255
vn -0.9025 -0.3730 -0.2152
vn -0.9334 -0.3286 -0.1444
vn -0.5939 -0.4395 -0.6739
vn -0.4495 -0.6222 -0.6409
vn -0.6135 0.5617 0.5551
vn -0.7345 0.2344 0.6368
vn -0.6332 0.2937 0.7161
vn -0.9789 -0.1484 -0.1401
vn -0.9562 -0.2826 -0.0767
vn -0.7737 -0.2824 -0.5671
vn -0.7289 -0.5145 -0.4517
vn -0.7256 0.4740 0.4988
vn -0.8318 0.1558 0.5327
vn -0.9938 -0.0453 -0.1013
vn -0.9689 -0.2466 -0.0227
vn -0.9521 0.1805 0.2467
vn -0.9726 -0.0918 0.2135
vn -0.9538 -0.0268 0.2994
vn -0.8200 0.3870 0.4218
vn -0.9071 0.0628 0.4161
vn -0.9966 0.0234 0.0794
vn -0.9785 -0.1951 0.0673
vn -0.9783 -0.1398 0.1531
vn -0.4817 -0.4519 -0.7508
vn -0.3439 -0.6472 -0.6804
vn -0.8993 0.2882 0.3289
vn -0.9995 0.0225 -0.0223
vn -0.2000 0.4160 0.8871
vn -0.3265 0.7172 0.6157
vn -0.3675 -0.4513 -0.8132
vn -0.2438 -0.6638 -0.7070
vn -0.9214 -0.2176 -0.3219
vn -0.3002 0.3793 0.8752
vn -0.4229 0.3554 0.8336
vn -0.3216 0.3647 0.8738
vn -0.2529 -0.4487 -0.8571
vn -0.1378 -0.6758 -0.7241
vn -0.8222 -0.2280 -0.5215
vn -0.1382 -0.4413 -0.8867
vn -0.8408 -0.0361 -0.5401
vn -0.8671 0.1619 0.4712
vn -0.7791 -0.1628 0.6054
vn -0.6719 -0.7187 -0.1790
vn -0.7228 -0.6336 -0.2757
vn -0.2641 -0.8029 0.5343
vn -0.2752 -0.4944 -0.8245
vn -0.8124 -0.0626 0.5797
vn -0.9925 -0.0172 0.1214
vn -0.7778 -0.4507 0.4381
vn -0.7388 -0.2906 -0.6080
vn -0.9384 0.0379 0.3434
vn 0.1612 -0.6087 -0.7769
vn 0.3061 -0.7660 -0.5652
vn -0.6085 -0.5118 0.6064
vn -0.9320 0.1695 -0.3205
vn -0.7507 0.0277 0.6601
vn -0.6298 0.0656 0.7740
vn -0.9355 0.0889 0.3419
vn -0.5284 -0.7113 0.4634
vn -0.8006 -0.1557 0.5787
vn -0.9690 -0.1517 -0.1948
vn -0.7605 -0.4958 -0.4193
vn -0.7951 0.1773 0.5800
vn -0.9007 0.1085 0.4206
vn -0.6312 -0.7447 0.2168
vn -0.9919 -0.0867 0.0923
vn -0.3945 0.5764 0.7156
vn -0.4590 0.4186 0.7837
vn -0.4015 0.3552 0.8442
vn -0.5125 0.3402 0.7884
vn -0.1484 0.4726 0.8687
vn -0.8317 -0.4413 -0.3370
vn -0.6575 -0.5565 -0.5079
vn -0.5496 -0.5896 -0.5919
vn -0.5509 -0.6019 -0.5781
vn -0.6613 -0.5942 -0.4578
vn -0.9468 -0.3024 -0.1097
vn -0.9085 -0.3651 -0.2031
vn -0.9172 -0.3503 -0.1896
vn -0.4532 0.3576 0.8165
vn -0.8832 -0.3916 -0.2581
vn -0.8184 -0.4524 -0.3543
vn -0.5464 0.3323 0.7688
vn -0.4415 -0.6234 -0.6453
vn -0.4559 -0.6291 -0.6296
vn -0.9364 -0.3245 -0.1333
vn -0.9606 -0.2744 -0.0443
vn -0.9588 -0.2784 -0.0570
vn -0.6031 0.3018 0.7384
vn -0.9688 -0.2477 0.0023
vn -0.6510 -0.5490 -0.5242
vn -0.7509 -0.5028 -0.4282
vn -0.7351 -0.5082 -0.4486
vn -0.8382 0.1383 0.5276
vn -0.7348 0.2340 0.6366
vn -0.8334 0.1516 0.5314
vn -0.7300 0.2306 0.6433
vn -0.9733 -0.2283 0.0247
vn -0.9723 -0.1116 0.2056
vn -0.9576 -0.0445 0.2847
vn -0.9717 -0.1010 0.2134
vn -0.9599 -0.0582 0.2744
vn -0.9230 0.0283 0.3837
vn -0.9170 0.0456 0.3963
vn -0.9763 -0.1910 0.1020
vn -0.9782 -0.1458 0.1478
vn -0.9784 -0.1885 0.0845
vn -0.9757 -0.1536 0.1563
vn -0.3463 -0.6441 -0.6820
vn -0.3688 -0.6443 -0.6699
vn -0.9707 -0.2393 0.0228
vn -0.2446 -0.6593 -0.7110
vn -0.2547 -0.6601 -0.7066
vn -0.8738 -0.4033 -0.2718
vn -0.2925 0.4096 0.8641
vn -0.2082 0.2683 0.9406
vn -0.2366 0.3905 0.8897
vn -0.2978 0.3880 0.8722
vn -0.5118 0.4153 0.7521
vn -0.1250 -0.6733 -0.7287
vn -0.1246 -0.6711 -0.7308
vn -0.4388 0.4538 0.7756
vn -0.3892 0.5166 0.7626
vn -0.3227 0.3994 0.8581
vn -0.6421 0.2916 0.7090
vn -0.3439 0.2213 0.9126
vn -0.3322 0.7108 0.6200
vn -0.0157 0.9484 0.3166
vn -0.2304 0.3770 0.8971
vn -0.2139 0.4400 0.8721
vn -0.2347 0.3930 0.8891
vn -0.3238 0.3038 0.8960
vn -0.4451 0.3388 0.8289
vn -0.3054 0.3941 0.8668
vn -0.9809 0.0767 0.1786
vn -0.6866 0.6167 -0.3852
vn -0.5583 0.8052 -0.1999
vn -0.7348 0.6121 -0.2922
vn -0.6861 0.5626 0.4613
vn -0.8663 0.2074 0.4545
vn -0.8943 0.4102 0.1785
vn -0.5948 0.6050 -0.5294
vn -0.4196 0.7682 -0.4835
vn 0.0244 -0.3631 0.9314
vn -0.2945 -0.4895 0.8208
vn -0.3493 -0.4096 0.8427
vn -0.6579 0.7445 0.1132
vn -0.8222 0.5580 -0.1126
vn -0.0902 0.5711 -0.8159
vn -0.1687 0.5981 -0.7835
vn -0.2178 0.5644 -0.7962
vn -0.2637 -0.2326 0.9361
vn -0.4402 -0.3267 0.8364
vn -0.4176 0.5820 -0.6978
vn -0.3319 0.6746 -0.6594
vn -0.5398 -0.0952 0.8364
vn -0.6323 -0.2835 0.7210
vn -0.7838 -0.1427 0.6044
vn -0.5385 0.1793 0.8234
vn -0.8188 0.0214 0.5737
vn -0.2286 0.6244 -0.7469
vn -0.5970 0.3349 0.7290
vn -0.9811 -0.1565 0.1138
vn -0.9852 0.0337 0.1681
vn -0.9079 -0.2518 0.3352
vn -0.9232 -0.0941 0.3727
vn -0.5350 0.3160 -0.7836
vn -0.1765 0.3646 -0.9143
vn -0.4688 0.4659 -0.7504
vn -0.1817 0.4918 -0.8515
vn -0.7449 -0.6265 0.2294
vn -0.7846 -0.3399 0.5185
vn -0.8122 -0.1918 0.5509
vn 0.0335 0.3846 -0.9225
vn -0.0061 0.5119 -0.8590
vn -0.9264 0.0630 -0.3711
vn -0.8560 0.1565 -0.4927
vn -0.9108 0.2918 -0.2922
vn -0.8359 0.3572 -0.4166
vn -0.6324 -0.2907 0.7180
vn -0.6753 -0.4075 0.6147
vn -0.5467 -0.3610 0.7555
vn -0.6149 -0.4448 0.6512
vn -0.7859 0.2360 -0.5715
vn -0.7171 0.4125 -0.5618
vn -0.4547 -0.4627 0.7610
vn -0.3809 -0.4539 0.8055
vn -0.4760 -0.4130 0.7765
vn -0.5538 -0.4573 0.6958
vn -0.9878 -0.0600 -0.1434
vn -0.9796 0.1788 -0.0922
vn -0.8397 0.1955 -0.5067
vn -0.8065 0.3782 -0.4545
vn -0.7741 -0.2795 0.5680
vn -0.7846 -0.0402 0.6187
vn -0.6062 -0.4566 0.6512
vn -0.8556 0.1785 0.4860
vn -0.3443 -0.9216 -0.1790
vn -0.9126 -0.0096 0.4088
vn -0.9664 -0.1052 0.2347
vn -0.8330 -0.3410 -0.4357
vn -0.9434 -0.0559 0.3270
vn -0.9678 -0.0366 0.2490
vn -0.9511 0.2435 0.1900
vn -0.9856 0.0409 0.1638
vn -0.8850 0.4653 0.0144
vn -0.4968 0.7247 0.4775
vn -0.5366 0.8250 0.1771
vn -0.3360 0.8546 -0.3959
vn -0.8067 0.5577 -0.1953
vn -0.4613 0.8773 -0.1321
vn -0.8682 0.4330 0.2425
vn -0.4293 0.5770 0.6948
vn -0.3854 0.5593 0.7339
vn -0.4741 0.7075 0.5241
vn -0.4945 0.8388 0.2276
vn -0.4390 0.8896 -0.1259
vn -0.3282 0.8448 -0.4227
vn -0.5432 0.8129 0.2102
vn -0.5281 0.6376 0.5609
vn -0.4628 0.8755 -0.1387
vn -0.3275 0.8273 -0.4565
vn -0.2037 0.4207 0.8841
vn -0.0564 0.0232 0.9981
vn -0.3625 0.2313 0.9028
vn -0.4280 0.4239 0.7982
vn -0.2092 0.4066 0.8893
vn -0.2878 0.3451 0.8933
vn -0.8620 0.2575 0.4367
vn -0.7788 0.4392 0.4478
vn -0.2631 0.3946 0.8804
vn -0.3005 0.4154 0.8586
vn -0.5283 0.0472 0.8478
vn -0.3333 0.4008 0.8534
vn -0.3642 0.4627 0.8082
vn -0.1564 -0.8185 0.5529
vn -0.1969 -0.0718 0.9778
vn -0.2399 -0.0619 0.9688
vn -0.0433 -0.8672 0.4961
vn -0.0283 -0.1621 0.9864
vn -0.0669 -0.1413 0.9877
vn -0.6649 -0.1191 0.7374
vn -0.1471 -0.8401 0.5221
vn -0.2715 -0.0788 0.9592
vn -0.0615 -0.8553 0.5145
vn -0.1188 -0.1149 0.9863
vn -0.2364 0.3436 0.9089
vn -0.2654 0.3614 0.8939
vn 0.0142 0.2801 0.9599
vn 0.1761 0.3425 0.9229
vn -0.0966 -0.8371 0.5384
vn -0.9742 -0.0670 0.2154
vn -0.3619 -0.8236 0.4367
vn -0.8912 0.1575 0.4255
vn -0.9178 0.0854 0.3878
vn -0.4457 0.3523 0.8229
vn -0.9542 0.0587 0.2933
vn -0.5065 0.3256 0.7984
vn -0.6035 0.2916 0.7421
vn -0.0136 -0.1732 0.9848
vn 0.0266 -0.8788 0.4764
vn -0.3280 0.3432 0.8801
vn -0.3277 0.2881 0.8998
vn -0.2806 0.3726 0.8846
vn -0.2745 0.3361 0.9009
vn -0.3087 0.2654 0.9134
vn -0.2645 0.2972 0.9174
vn -0.2915 0.2821 0.9140
vn -0.2139 0.3182 0.9236
vn -0.2254 0.2310 0.9465
vn -0.1551 0.2874 0.9452
vn -0.0317 0.2342 0.9717
vn 0.0968 0.2717 0.9575
vn 0.1094 0.2656 0.9578
vn -0.1758 0.2844 0.9425
vn -0.1312 0.1706 0.9766
vn -0.0903 0.2480 0.9645
vn -0.3699 0.4189 0.8293
vn -0.0188 0.2062 0.9783
vn -0.0414 0.2298 0.9724
vn -0.1338 0.6312 -0.7640
vn -0.1833 0.7160 -0.6736
vn -0.0959 0.5985 -0.7954
vn -0.1595 0.6818 -0.7139
vn -0.1504 0.7126 -0.6853
vn -0.1514 0.5792 -0.8010
vn -0.0668 0.5560 -0.8285
vn -0.2759 0.6927 -0.6663
vn -0.6485 0.6598 -0.3796
vn 0.0723 -0.0611 -0.9955
vn 0.0635 -0.8168 -0.5735
vn 0.0868 -0.0592 -0.9945
vn -0.1649 0.0248 -0.9860
vn -0.5373 -0.6594 -0.5258
vn -0.7423 -0.0132 -0.6700
vn 0.0562 -0.0617 -0.9965
vn 0.0467 -0.8182 -0.5731
vn 0.0864 -0.0585 -0.9945
vn 0.0637 -0.8090 -0.5843
vn 0.0269 -0.0452 -0.9986
vn 0.0264 -0.7780 -0.6277
vn -0.0466 -0.0132 -0.9988
vn 0.0346 -0.8116 -0.5832
vn 0.0706 -0.8145 -0.5758
vn 0.0317 -0.7945 -0.6064
vn -0.0369 -0.0272 -0.9989
vn -0.1191 0.5184 -0.8468
vn -0.1039 0.3935 -0.9134
vn -0.1294 0.5178 -0.8457
vn -0.0807 0.3798 -0.9215
vn -0.0613 0.2806 -0.9579
vn -0.0265 0.2694 -0.9627
vn -0.1163 0.4025 -0.9080
vn -0.1448 0.5161 -0.8442
vn -0.0877 0.2912 -0.9526
vn -0.0639 0.5021 -0.8625
vn 0.0315 0.4656 -0.8844
vn 0.0031 0.3604 -0.9328
vn 0.0950 0.3381 -0.9363
vn 0.0616 0.2547 -0.9651
vn 0.1052 0.2488 -0.9628
vn 0.0254 0.3954 -0.9182
vn -0.0775 0.5207 -0.8502
vn 0.0454 0.3227 -0.9454
vn 0.0849 0.2417 -0.9666
vn -0.2161 0.3907 -0.8948
vn -0.2309 0.4984 -0.8356
vn -0.2075 0.2820 -0.9367
vn 0.0645 0.4235 -0.9036
vn 0.0912 0.3290 -0.9399
vn 0.0916 0.2495 -0.9640
vn -0.7465 0.2911 -0.5984
vn -0.7548 0.4399 -0.4866
vn -0.7411 0.2218 -0.6336
vn -0.7357 0.1551 -0.6593
vn -0.6448 -0.6958 -0.3164
vn -0.5688 -0.6183 -0.5424
vn -0.6686 -0.6320 -0.3917
vn -0.8825 0.4319 0.1860
vn -0.7556 0.4402 -0.4850
vn -0.4167 0.2999 0.8581
vn -0.9215 0.0466 0.3856
vn -0.9970 -0.0680 -0.0372
vn -0.8639 -0.2006 0.4621
vn -0.9676 -0.2468 0.0538
vn -0.9444 -0.1894 0.2688
vn -0.5744 -0.1154 0.8104
vn -0.7562 -0.0910 0.6480
vn -0.8309 -0.0266 0.5558
vn -0.8452 0.3570 0.3977
vn -0.9663 0.2556 0.0310
vn -0.6350 0.1404 0.7596
vn -0.5363 0.0236 0.8437
vn -0.8812 0.3486 0.3194
vn -0.8787 0.1374 0.4572
vn -0.5017 0.6709 0.5460
vn -0.5329 0.4811 0.6961
vn -0.9228 0.0378 0.3835
vn -0.8580 -0.1017 0.5035
vn -0.8947 0.1637 0.4156
vn -0.8318 0.3836 0.4013
vn -0.5820 -0.2174 0.7836
vn -0.6880 -0.7249 -0.0349
vn -0.7651 0.1834 0.6173
vn 0.0190 -0.8782 0.4779
vn 0.1191 0.0521 0.9915
vn 0.0355 0.0281 0.9990
vn 0.0692 -0.2020 0.9769
vn -0.0836 -0.4250 0.9013
vn 0.2067 -0.0849 0.9747
vn 0.0244 -0.9997 -0.0008
vn -0.5951 -0.7970 -0.1037
vn -0.0196 -0.7598 -0.6499
vn 0.0285 -0.9996 -0.0004
vn 0.0250 -0.9997 -0.0006
vn 0.0442 -0.9990 -0.0023
vn 0.0353 -0.9994 -0.0022
vn -0.0003 -1.0000 -0.0026
vn 0.0324 -0.9995 -0.0003
vn 0.0238 -0.9997 -0.0004
vn -0.9791 -0.1283 -0.1578
vn -0.9874 -0.0260 -0.1559
vn -0.9850 -0.0340 -0.1689
vn -0.9840 -0.0246 -0.1767
vn -0.9786 0.0787 -0.1900
vn -0.9939 -0.0453 -0.1001
vn -0.9981 0.0102 -0.0604
vn -0.9913 -0.0520 -0.1209
vn -0.9928 -0.0079 -0.1195
vn -0.9939 -0.0537 -0.0965
vn -0.9907 -0.0480 -0.1277
vn -0.9949 -0.0666 -0.0762
vn -0.9910 -0.0544 -0.1223
vn -0.9927 -0.0688 -0.0989
vn -0.9882 -0.0990 -0.1173
vn -0.7405 -0.6241 0.2493
vn -0.6845 -0.7263 -0.0636
vn -0.6329 -0.7701 -0.0797
vn 0.0255 -0.9997 -0.0027
vn 0.0026 -0.8717 0.4901
vn 0.0247 -0.9997 0.0013
vn 0.0277 -0.9996 -0.0023
vn 0.0263 -0.9996 0.0049
vn 0.0244 -0.9997 -0.0043
vn 0.0206 -0.9997 0.0146
vn 0.0290 -0.9996 -0.0049
vn -0.0034 -0.9997 0.0234
vn 0.0235 -0.9997 0.0023
vn -0.0029 -0.9994 0.0338
vn 0.0249 -0.9997 0.0066
vn 0.0367 -0.9984 0.0440
vn 0.0290 -0.9996 0.0038
vn -0.0101 -0.9994 0.0323
vn 0.0201 -0.9998 0.0029
vn 0.3501 -0.9163 0.1946
vn 0.0510 -0.9819 0.1824
vn 0.2244 -0.9732 -0.0505
vn -0.7754 0.3300 0.5384
vn -0.8432 0.3863 0.3737
vn -0.7741 0.2065 0.5985
vn -0.7659 -0.0931 0.6362
vn -0.8646 0.1365 0.4835
vn -0.4401 -0.7916 0.4240
vn -0.5094 -0.8363 -0.2025
vn -0.5603 -0.5565 0.6135
vn -0.5550 -0.1537 0.8175
vn -0.5587 0.1465 0.8163
vn -0.5448 0.3249 0.7731
vn -0.6370 -0.6906 0.3424
vn -0.7987 -0.3302 0.5031
vn -0.4563 -0.2457 0.8552
vn -0.7802 -0.6154 0.1122
vn 0.3702 -0.5941 0.7142
vn -0.3621 -0.6804 0.6372
vn -0.4621 -0.3716 0.8052
vn -0.4987 0.0397 0.8659
vn -0.8316 -0.4712 0.2938
vn -0.4858 0.1838 0.8545
vn -0.7369 0.0608 0.6733
vn -0.5563 0.0345 0.8303
vn 0.0257 -0.0220 0.9994
vn -0.5472 -0.6366 0.5434
vn -0.8068 -0.4388 0.3957
vn -0.9424 0.0416 0.3318
vn -0.8642 0.4183 0.2796
vn -0.8323 0.4503 0.3233
vn -0.5648 -0.5612 0.6051
vn -0.3597 -0.6839 0.6347
vn -0.0514 -0.7535 0.6555
vn -0.1651 -0.4573 0.8739
vn -0.1816 -0.9580 -0.2221
vn 0.5054 -0.8026 0.3168
vn -0.6151 0.7581 -0.2168
vn -0.5977 0.7594 -0.2569
vn 0.1314 0.9877 -0.0842
vn 0.2070 0.5559 -0.8050
vn -0.6289 0.7280 -0.2730
vn 0.2537 0.9625 -0.0963
vn 0.1270 0.5486 -0.8264
vn -0.6144 0.5491 -0.5666
vn -0.5326 0.5602 -0.6345
vn 0.3018 0.9459 -0.1194
vn -0.1827 0.9725 -0.1443
vn -0.1060 0.9944 0.0006
vn -0.0271 -0.4226 -0.9059
vn 0.0640 0.5273 -0.8473
vn -0.5042 0.4947 -0.7079
vn -0.7283 0.4010 -0.5557
vn -0.2820 0.9577 0.0574
vn -0.3733 0.9265 0.0476
vn 0.3317 0.9330 -0.1397
vn 0.4311 0.6347 -0.6413
vn 0.4120 0.8930 -0.1810
vn -0.1849 0.9819 0.0409
vn 0.3838 0.6094 -0.6938
vn -0.2860 0.4783 -0.8303
vn -0.2117 0.4871 -0.8473
vn 0.5664 0.7054 -0.4263
vn 0.3292 0.6251 -0.7078
vn -0.1370 0.5046 -0.8524
vn 0.5643 0.7496 -0.3458
vn -0.4420 0.8968 0.0180
vn 0.3683 0.9150 -0.1645
vn -0.0555 0.5182 -0.8534
vn 0.5478 0.7828 -0.2951
vn -0.5136 0.8577 -0.0233
vn 0.0222 0.5219 -0.8527
vn 0.4662 0.8596 -0.2093
vn -0.5814 0.8116 -0.0574
vn -0.6608 0.4764 -0.5800
vn -0.4491 0.4918 -0.7460
vn 0.5163 0.8144 -0.2649
vn -0.6377 0.7604 -0.1230
vn 0.1881 0.9787 -0.0821
vn 0.5472 0.6734 -0.4971
vn -0.6173 0.5440 -0.5684
vn 0.1883 0.9650 -0.1826
vn 0.3947 0.6360 -0.6631
vn -0.6744 0.6279 -0.3885
vn 0.0263 0.9465 -0.3217
vn 0.5096 0.6541 -0.5590
vn 0.0868 0.9921 -0.0905
vn 0.2765 0.5678 -0.7753
vn 0.0110 0.9468 -0.3216
vn 0.0075 0.9503 -0.3112
vn -0.0403 0.9406 -0.3370
vn -0.0529 0.9233 -0.3803
vn -0.1076 0.9485 -0.2980
vn 0.0025 0.9577 -0.2877
vn -0.1025 0.9097 -0.4023
vn -0.0830 0.9296 -0.3590
vn 0.0165 0.9526 -0.3038
vn 0.1321 0.9473 -0.2917
vn 0.0125 0.9565 -0.2916
vn 0.0210 0.9433 -0.3312
vn 0.0269 0.9463 -0.3222
vn 0.0226 0.9465 -0.3219
vn 0.0108 0.9308 -0.3654
vn 0.0159 0.9508 -0.3094
vn 0.0165 0.9548 -0.2969
vn 0.0143 0.9504 -0.3107
vn 0.0245 0.9543 -0.2978
vn 0.0327 0.9557 -0.2924
vn 0.0169 0.9479 -0.3180
vn 0.0217 0.9487 -0.3155
vn 0.0103 0.9531 -0.3026
vn 0.0072 0.9519 -0.3062
vn 0.0191 0.9465 -0.3220
vn 0.0271 0.9507 -0.3088
vn 0.0062 0.9483 -0.3174
vn 0.0042 0.9533 -0.3019
vn 0.0058 0.9493 -0.3144
vn 0.0034 0.9507 -0.3100
vn 0.0308 0.9520 -0.3045
vn 0.0111 0.9517 -0.3069
vn 0.0202 0.9571 -0.2891
vn -0.0069 0.9454 -0.3260
vn 0.0278 0.9449 -0.3263
vn 0.0346 0.9525 -0.3027
vn 0.0370 0.9538 -0.2982
vn 0.0090 0.9499 -0.3124
vn -0.0119 0.9403 -0.3401
vn 0.0342 0.9503 -0.3095
vn 0.0095 0.9496 -0.3134
vn 0.0269 0.9447 -0.3269
vn 0.0107 0.9492 -0.3144
vn 0.0097 0.9453 -0.3262
vn 0.0412 0.9470 -0.3186
vn 0.0453 0.9431 -0.3295
vn 0.0094 0.9456 -0.3253
vn 0.0395 0.9515 -0.3052
vn 0.0082 0.9507 -0.3099
vn 0.0133 0.9480 -0.3178
vn 0.0100 0.9225 -0.3860
vn 0.0144 0.9473 -0.3200
vn 0.0155 0.9307 -0.3655
vn 0.0174 0.9209 -0.3893
vn 0.0158 0.9429 -0.3326
vn 0.0155 0.9492 -0.3143
vn 0.0158 0.9483 -0.3169
vn 0.0166 0.9495 -0.3133
vn 0.0180 0.9521 -0.3053
vn 0.0194 0.9512 -0.3080
vn 0.0198 0.9513 -0.3077
vn 0.0205 0.9559 -0.2931
vn 0.0212 0.9520 -0.3052
vn 0.0203 0.9445 -0.3280
vn 0.0194 0.9441 -0.3290
vn 0.0189 0.9477 -0.3185
vn 0.0180 0.9524 -0.3042
vn 0.0168 0.9498 -0.3124
vn 0.0150 0.9505 -0.3105
vn 0.0132 0.9543 -0.2986
vn 0.0116 0.9575 -0.2882
vn 0.0070 0.9543 -0.2989
vn 0.2212 0.2544 0.9415
vt 0.521190 0.110120
vt 0.532650 0.112960
vt 0.527430 0.117780
vt 0.521200 0.116810
vt 0.522580 0.123000
vt 0.516390 0.119910
vt 0.511510 0.124810
vt 0.511820 0.119420
vt 0.506520 0.124910
vt 0.503470 0.119580
vt 0.507560 0.118660
vt 0.499940 0.123980
vt 0.499940 0.119100
vt 0.516470 0.123990
vt 0.525480 0.129830
vt 0.517620 0.132170
vt 0.503870 0.124690
vt 0.499950 0.134850
vt 0.512630 0.133350
vt 0.530760 0.127690
vt 0.506800 0.134780
vt 0.539820 0.124850
vt 0.547170 0.120420
vt 0.527560 0.104260
vt 0.537770 0.108510
vt 0.549220 0.093990
vt 0.563040 0.098190
vt 0.558710 0.105640
vt 0.538790 0.088220
vt 0.551910 0.087150
vt 0.566710 0.081280
vt 0.540380 0.081010
vt 0.554630 0.075780
vt 0.568440 0.070950
vt 0.539820 0.072590
vt 0.555250 0.066420
vt 0.536590 0.094420
vt 0.543300 0.100740
vt 0.552980 0.113900
vt 0.526440 0.133800
vt 0.503290 0.135390
vt 0.499950 0.145450
vt 0.520520 0.138600
vt 0.579290 0.091580
vt 0.575210 0.108080
vt 0.542520 0.130200
vt 0.513860 0.144410
vt 0.566310 0.116620
vt 0.533660 0.131460
vt 0.582280 0.078220
vt 0.507680 0.145180
vt 0.560310 0.122960
vt 0.504070 0.145020
vt 0.507850 0.149550
vt 0.512970 0.152710
vt 0.508360 0.153830
vt 0.499950 0.150140
vt 0.504290 0.154080
vt 0.499950 0.154700
vt 0.503990 0.149510
vt 0.513140 0.160690
vt 0.509670 0.162920
vt 0.505780 0.164810
vt 0.499960 0.165430
vt 0.589710 0.103300
vt 0.583430 0.116650
vt 0.596550 0.087560
vt 0.574240 0.126630
vt 0.568000 0.133030
vt 0.610560 0.097510
vt 0.602580 0.114760
vt 0.584700 0.138110
vt 0.572890 0.144870
vt 0.596130 0.129460
vt 0.515450 0.167830
vt 0.512430 0.170740
vt 0.499960 0.172940
vt 0.506310 0.172990
vt 0.521370 0.171000
vt 0.518470 0.178420
vt 0.499970 0.181860
vt 0.510640 0.181830
vt 0.532390 0.179160
vt 0.542660 0.170680
vt 0.544780 0.177440
vt 0.557100 0.171690
vt 0.552460 0.165490
vt 0.564610 0.164330
vt 0.564010 0.146510
vt 0.560950 0.138390
vt 0.551780 0.131030
vt 0.532990 0.099040
vt 0.571290 0.153170
vt 0.560760 0.157720
vt 0.563120 0.152290
vt 0.548050 0.138040
vt 0.558600 0.147610
vt 0.554120 0.144010
vt 0.534370 0.136560
vt 0.528590 0.139310
vt 0.541670 0.166870
vt 0.550460 0.163230
vt 0.524050 0.142010
vt 0.520310 0.145310
vt 0.519470 0.156370
vt 0.532540 0.172010
vt 0.525730 0.164030
vt 0.532940 0.166590
vt 0.519690 0.148170
vt 0.513360 0.148620
vt 0.559160 0.152790
vt 0.557510 0.155640
vt 0.521540 0.160650
vt 0.542070 0.136160
vt 0.517730 0.106870
vt 0.520930 0.100850
vt 0.514600 0.099800
vt 0.504530 0.066780
vt 0.499920 0.060520
vt 0.505380 0.061040
vt 0.540640 0.063380
vt 0.531810 0.072750
vt 0.531880 0.061920
vt 0.524050 0.070210
vt 0.519510 0.061680
vt 0.526230 0.061620
vt 0.518300 0.068130
vt 0.511660 0.061840
vt 0.508640 0.103650
vt 0.509170 0.099250
vt 0.504610 0.099350
vt 0.499870 0.102560
vt 0.499870 0.099400
vt 0.504460 0.102720
vt 0.531300 0.089860
vt 0.533590 0.086270
vt 0.532820 0.080130
vt 0.525790 0.093340
vt 0.509120 0.070270
vt 0.513400 0.075320
vt 0.508470 0.074440
vt 0.528550 0.087810
vt 0.528390 0.084070
vt 0.530200 0.085530
vt 0.527270 0.076430
vt 0.528340 0.082190
vt 0.523570 0.079700
vt 0.499910 0.096240
vt 0.504830 0.094000
vt 0.504680 0.096440
vt 0.513840 0.096090
vt 0.518670 0.090420
vt 0.519770 0.095570
vt 0.523870 0.091240
vt 0.526980 0.086680
vt 0.508880 0.093450
vt 0.509040 0.096280
vt 0.512910 0.092210
vt 0.521250 0.073700
vt 0.518580 0.077340
vt 0.529840 0.082000
vt 0.521950 0.089150
vt 0.504470 0.069990
vt 0.504470 0.074640
vt 0.510330 0.067350
vt 0.515270 0.070900
vt 0.526290 0.085490
vt 0.499920 0.092990
vt 0.504320 0.092190
vt 0.512910 0.076760
vt 0.508220 0.076100
vt 0.520970 0.087790
vt 0.512580 0.090920
vt 0.518000 0.089020
vt 0.527110 0.084140
vt 0.526410 0.082630
vt 0.508840 0.091790
vt 0.522630 0.080820
vt 0.504430 0.076190
vt 0.517850 0.078630
vt 0.499920 0.075860
vt 0.499920 0.074090
vt 0.499920 0.066480
vt 0.499920 0.069590
vt 0.503810 0.089800
vt 0.499920 0.091960
vt 0.499920 0.089780
vt 0.508020 0.078430
vt 0.512590 0.078880
vt 0.517790 0.080140
vt 0.522330 0.081810
vt 0.521590 0.085550
vt 0.518030 0.084380
vt 0.522050 0.084520
vt 0.517800 0.085970
vt 0.511940 0.084240
vt 0.508000 0.087050
vt 0.512100 0.086640
vt 0.503340 0.087120
vt 0.507570 0.084470
vt 0.502360 0.084120
vt 0.499920 0.081320
vt 0.503610 0.080910
vt 0.508300 0.089360
vt 0.512360 0.088720
vt 0.517910 0.087280
vt 0.521310 0.086490
vt 0.499920 0.087650
vt 0.504110 0.078490
vt 0.517720 0.082230
vt 0.522080 0.083160
vt 0.512090 0.081320
vt 0.507830 0.081080
vt 0.499920 0.078420
vt 0.499920 0.084620
vt 0.523860 0.085290
vt 0.524430 0.084430
vt 0.524110 0.083330
vt 0.525570 0.084400
vt 0.525030 0.082910
vt 0.524790 0.085550
vt 0.534850 0.190420
vt 0.622000 0.129120
vt 0.607730 0.139620
vt 0.521080 0.190430
vt 0.577710 0.164340
vt 0.570420 0.175280
vt 0.625550 0.110930
vt 0.511760 0.188070
vt 0.584790 0.153720
vt 0.595880 0.146130
vt 0.499970 0.189050
vt 0.561520 0.182270
vt 0.547670 0.188180
vt 0.524430 0.143220
vt 0.523430 0.145820
vt 0.521790 0.145560
vt 0.533760 0.162810
vt 0.530980 0.158170
vt 0.534750 0.159170
vt 0.541660 0.139020
vt 0.545110 0.143360
vt 0.540790 0.141770
vt 0.541000 0.162850
vt 0.540230 0.159030
vt 0.521430 0.148010
vt 0.523420 0.148000
vt 0.546350 0.157560
vt 0.548510 0.160270
vt 0.521790 0.154760
vt 0.523280 0.149960
vt 0.524640 0.153370
vt 0.553230 0.154380
vt 0.555350 0.154980
vt 0.546760 0.140670
vt 0.549440 0.146420
vt 0.534390 0.139140
vt 0.534690 0.141620
vt 0.556180 0.153050
vt 0.557720 0.152890
vt 0.551950 0.145240
vt 0.553680 0.150530
vt 0.529330 0.141660
vt 0.529280 0.143130
vt 0.556400 0.148990
vt 0.523810 0.158350
vt 0.526830 0.156290
vt 0.524910 0.144450
vt 0.528030 0.161030
vt 0.519050 0.150880
vt 0.545120 0.155710
vt 0.525210 0.150360
vt 0.526650 0.152870
vt 0.549940 0.153470
vt 0.547660 0.147060
vt 0.543880 0.144700
vt 0.540770 0.143590
vt 0.534780 0.143180
vt 0.551420 0.151790
vt 0.550450 0.149750
vt 0.529690 0.144410
vt 0.528610 0.154840
vt 0.525940 0.145040
vt 0.532140 0.156470
vt 0.524340 0.146610
vt 0.535230 0.157240
vt 0.539660 0.157260
vt 0.524700 0.148610
vt 0.526460 0.056340
vt 0.522520 0.048670
vt 0.527890 0.048390
vt 0.571020 0.059650
vt 0.557840 0.045860
vt 0.575190 0.048000
vt 0.521250 0.056190
vt 0.515440 0.048390
vt 0.618010 0.082190
vt 0.639240 0.087280
vt 0.635240 0.100600
vt 0.585120 0.063130
vt 0.590320 0.052470
vt 0.506380 0.055130
vt 0.499910 0.044940
vt 0.508150 0.046900
vt 0.532200 0.054980
vt 0.533770 0.046330
vt 0.608100 0.061240
vt 0.604210 0.071640
vt 0.624990 0.071850
vt 0.541070 0.054830
vt 0.543000 0.045430
vt 0.556100 0.056530
vt 0.513330 0.055630
vt 0.499910 0.055340
vt 0.539530 0.155820
vt 0.535840 0.153810
vt 0.540050 0.153920
vt 0.526950 0.148350
vt 0.527920 0.147430
vt 0.527990 0.148100
vt 0.544490 0.154250
vt 0.544000 0.153200
vt 0.528050 0.151690
vt 0.528370 0.149230
vt 0.529350 0.150450
vt 0.547330 0.151970
vt 0.548260 0.152620
vt 0.542670 0.145640
vt 0.545210 0.148870
vt 0.542390 0.147650
vt 0.535040 0.144420
vt 0.538910 0.146850
vt 0.535160 0.146490
vt 0.548440 0.151200
vt 0.549490 0.151430
vt 0.546660 0.147500
vt 0.547630 0.150370
vt 0.530630 0.146600
vt 0.530370 0.145430
vt 0.549300 0.149630
vt 0.530620 0.151770
vt 0.529670 0.153530
vt 0.528700 0.146880
vt 0.527610 0.145740
vt 0.533030 0.152970
vt 0.532590 0.154850
vt 0.526730 0.147240
vt 0.535430 0.155650
vt 0.539580 0.144650
vt 0.527050 0.149750
vt 0.529060 0.147480
vt 0.540490 0.152730
vt 0.536920 0.152550
vt 0.533670 0.151720
vt 0.531060 0.150660
vt 0.529600 0.149760
vt 0.521030 0.150330
vt 0.531220 0.148820
vt 0.529560 0.148420
vt 0.534790 0.147390
vt 0.530780 0.147260
vt 0.534240 0.149400
vt 0.538670 0.148060
vt 0.542040 0.148910
vt 0.537880 0.150230
vt 0.541170 0.150760
vt 0.544020 0.152410
vt 0.547110 0.150510
vt 0.544270 0.150930
vt 0.544930 0.149660
vt 0.546970 0.151720
vt 0.547440 0.151150
vt 0.512580 0.195720
vt 0.499980 0.204830
vt 0.499980 0.196660
vt 0.594960 0.164920
vt 0.592610 0.182250
vt 0.585210 0.173240
vt 0.549020 0.193160
vt 0.563510 0.194610
vt 0.550630 0.198230
vt 0.537050 0.195900
vt 0.527400 0.203840
vt 0.523860 0.196810
vt 0.515890 0.204770
vt 0.574240 0.182380
vt 0.578300 0.189820
vt 0.562450 0.188320
vt 0.539440 0.201390
vt 0.674200 0.454980
vt 0.657600 0.464140
vt 0.655320 0.455800
vt 0.687320 0.452140
vt 0.702880 0.461910
vt 0.687860 0.463490
vt 0.642220 0.462680
vt 0.639440 0.453200
vt 0.675860 0.464850
vt 0.630850 0.464270
vt 0.626600 0.458360
vt 0.711440 0.443150
vt 0.699520 0.446650
vt 0.550420 0.024160
vt 0.563210 0.030320
vt 0.642600 0.065530
vt 0.592400 0.041210
vt 0.626290 0.063610
vt 0.577960 0.034890
vt 0.611410 0.051980
vt 0.723930 0.461620
vt 0.732670 0.444900
vt 0.733000 0.461710
vt 0.715330 0.461110
vt 0.720580 0.444620
vt 0.524370 0.013640
vt 0.543600 0.016030
vt 0.532270 0.022780
vt 0.508690 0.029080
vt 0.511090 0.040680
vt 0.503200 0.036930
vt 0.514330 0.022770
vt 0.515370 0.035480
vt 0.522740 0.028580
vt 0.039480 0.472740
vt 0.037960 0.490210
vt 0.032720 0.474530
vt 0.044520 0.488490
vt 0.044400 0.503370
vt 0.055040 0.515340
vt 0.053440 0.531960
vt 0.049150 0.517470
vt 0.059370 0.529940
vt 0.056050 0.539530
vt 0.061720 0.537880
vt 0.058180 0.548910
vt 0.063020 0.546770
vt 0.058830 0.554270
vt 0.064010 0.553970
vt 0.059350 0.562550
vt 0.050140 0.501160
vt 0.606070 0.156110
vt 0.620810 0.156070
vt 0.615620 0.170630
vt 0.631360 0.163410
vt 0.616800 0.147780
vt 0.626030 0.144240
vt 0.662790 0.062650
vt 0.656000 0.081520
vt 0.703410 0.068060
vt 0.717990 0.055610
vt 0.724210 0.066430
vt 0.738290 0.038380
vt 0.751070 0.038820
vt 0.744830 0.045390
vt 0.734800 0.042150
vt 0.738900 0.050890
vt 0.726260 0.049750
vt 0.731840 0.058140
vt 0.697570 0.054740
vt 0.686030 0.069340
vt 0.680030 0.058050
vt 0.669020 0.074240
vt 0.735290 0.035080
vt 0.731290 0.039340
vt 0.649930 0.093580
vt 0.650970 0.104100
vt 0.666140 0.093250
vt 0.661410 0.102590
vt 0.670830 0.123260
vt 0.677050 0.131320
vt 0.673330 0.135540
vt 0.673070 0.143790
vt 0.674390 0.147950
vt 0.662370 0.152240
vt 0.656850 0.157020
vt 0.662560 0.160190
vt 0.653990 0.161130
vt 0.646410 0.160370
vt 0.631500 0.157480
vt 0.645030 0.161030
vt 0.666450 0.109870
vt 0.680810 0.113750
vt 0.672730 0.121550
vt 0.685950 0.118570
vt 0.723020 0.046140
vt 0.703700 0.093410
vt 0.688860 0.104920
vt 0.700020 0.090840
vt 0.694430 0.107220
vt 0.710670 0.083050
vt 0.708550 0.080320
vt 0.701970 0.065130
vt 0.690690 0.076670
vt 0.654780 0.116210
vt 0.644970 0.112880
vt 0.646760 0.110980
vt 0.671620 0.100410
vt 0.681720 0.093720
vt 0.676650 0.085840
vt 0.714870 0.050550
vt 0.660770 0.110180
vt 0.605050 0.176250
vt 0.598400 0.201270
vt 0.619480 0.215420
vt 0.603580 0.220480
vt 0.566200 0.212450
vt 0.586250 0.226200
vt 0.568570 0.230720
vt 0.539440 0.218950
vt 0.553090 0.233900
vt 0.539270 0.236920
vt 0.515740 0.223450
vt 0.500000 0.242620
vt 0.499990 0.223550
vt 0.582490 0.207870
vt 0.551960 0.215860
vt 0.527140 0.221750
vt 0.526830 0.240080
vt 0.515560 0.242600
vt 0.710350 0.124740
vt 0.736380 0.131260
vt 0.726110 0.142420
vt 0.654040 0.179620
vt 0.649790 0.204670
vt 0.641000 0.183650
vt 0.690930 0.147260
vt 0.716010 0.153090
vt 0.705940 0.163780
vt 0.674150 0.171780
vt 0.674250 0.191750
vt 0.664500 0.176200
vt 0.695650 0.174200
vt 0.685030 0.183690
vt 0.700800 0.135740
vt 0.662830 0.198510
vt 0.685210 0.161440
vt 0.635020 0.210420
vt 0.625750 0.190300
vt 0.770720 0.058270
vt 0.781620 0.085300
vt 0.762800 0.066140
vt 0.749510 0.079100
vt 0.773360 0.092830
vt 0.766510 0.099130
vt 0.735830 0.093920
vt 0.759670 0.105890
vt 0.753140 0.112750
vt 0.756320 0.072270
vt 0.742400 0.086520
vt 0.728700 0.102010
vt 0.745760 0.120800
vt 0.720370 0.112340
vt 0.612620 0.195710
vt 0.539090 0.339310
vt 0.579930 0.420860
vt 0.552020 0.421950
vt 0.800970 0.254840
vt 0.855600 0.383610
vt 0.787140 0.263910
vt 0.841440 0.226620
vt 0.911290 0.359050
vt 0.830680 0.234850
vt 0.773580 0.272530
vt 0.820930 0.395040
vt 0.758990 0.281120
vt 0.850790 0.219210
vt 0.928180 0.350210
vt 0.593900 0.320570
vt 0.606370 0.419590
vt 0.578960 0.321880
vt 0.804270 0.399250
vt 0.745010 0.288200
vt 0.893170 0.367740
vt 0.816670 0.244990
vt 0.616290 0.317870
vt 0.630600 0.418480
vt 0.787010 0.402890
vt 0.731420 0.293750
vt 0.679920 0.307100
vt 0.702550 0.413870
vt 0.660460 0.310610
vt 0.640050 0.314390
vt 0.654120 0.417300
vt 0.715870 0.298300
vt 0.748170 0.409050
vt 0.699310 0.302490
vt 0.860350 0.211530
vt 0.943770 0.341160
vt 0.678260 0.415770
vt 0.768460 0.406130
vt 0.516100 0.345620
vt 0.521990 0.422050
vt 0.869590 0.203960
vt 0.958430 0.331570
vt 0.837810 0.389930
vt 0.547950 0.282320
vt 0.532900 0.284480
vt 0.532970 0.278540
vt 0.882230 0.192830
vt 0.972590 0.321150
vt 0.874290 0.376080
vt 0.892210 0.184260
vt 0.986420 0.309860
vt 0.664500 0.143570
vt 0.653270 0.154760
vt 0.659510 0.150900
vt 0.628470 0.114170
vt 0.625370 0.128530
vt 0.694020 0.082570
vt 0.637590 0.104720
vt 0.664280 0.129500
vt 0.636190 0.154180
vt 0.647230 0.157890
vt 0.631440 0.143140
vt 0.665320 0.135570
vt 0.658810 0.120330
vt 0.665790 0.115860
vt 0.661780 0.143190
vt 0.631050 0.116380
vt 0.627570 0.128930
vt 0.652460 0.152350
vt 0.657520 0.149620
vt 0.636990 0.110790
vt 0.638060 0.151580
vt 0.647470 0.153540
vt 0.632880 0.142090
vt 0.662670 0.135980
vt 0.661440 0.130560
vt 0.656190 0.122430
vt 0.652330 0.118580
vt 0.642460 0.116870
vt 0.537430 0.324730
vt 0.564110 0.322880
vt 0.556390 0.299140
vt 0.545280 0.287070
vt 0.517910 0.326600
vt 0.747560 0.174170
vt 0.736520 0.184520
vt 0.815340 0.192210
vt 0.769620 0.152400
vt 0.778010 0.144100
vt 0.754260 0.240950
vt 0.714230 0.204130
vt 0.725560 0.194560
vt 0.549680 0.265240
vt 0.780000 0.222100
vt 0.567640 0.295530
vt 0.553150 0.316740
vt 0.823860 0.184760
vt 0.785380 0.136980
vt 0.741020 0.249420
vt 0.702430 0.212570
vt 0.560880 0.260550
vt 0.805630 0.200710
vt 0.758980 0.163050
vt 0.593250 0.250440
vt 0.585600 0.293020
vt 0.574530 0.254630
vt 0.713750 0.262730
vt 0.727330 0.256800
vt 0.690490 0.219450
vt 0.647870 0.236280
vt 0.648260 0.281660
vt 0.630900 0.241250
vt 0.612790 0.245620
vt 0.606610 0.289570
vt 0.678060 0.225280
vt 0.684410 0.272210
vt 0.663930 0.230810
vt 0.832600 0.177180
vt 0.793020 0.129910
vt 0.628360 0.285780
vt 0.699910 0.267590
vt 0.841050 0.169960
vt 0.800530 0.123290
vt 0.767110 0.231840
vt 0.517420 0.261060
vt 0.530060 0.260780
vt 0.520950 0.275260
vt 0.548780 0.313680
vt 0.550980 0.299830
vt 0.809890 0.114930
vt 0.793290 0.211330
vt 0.509800 0.262080
vt 0.535850 0.318000
vt 0.510280 0.346660
vt 0.512920 0.322070
vt 0.818740 0.107100
vt 0.852130 0.160110
vt 0.790240 0.077480
vt 0.666900 0.277030
vt 0.516190 0.280480
vt 0.507310 0.249570
vt 0.500000 0.248930
vt 0.472620 0.906910
vt 0.482810 0.892890
vt 0.479290 0.907000
vt 0.500060 0.346000
vt 0.515120 0.422010
vt 0.500110 0.424090
vt 0.500040 0.319730
vt 0.517960 0.299670
vt 0.500010 0.264020
vt 0.500020 0.280230
vt 0.500030 0.298610
vt 0.533800 0.300640
vt 0.726040 0.411650
vt 0.127600 0.513750
vt 0.150140 0.485370
vt 0.162950 0.499510
vt 0.637150 0.551390
vt 0.621330 0.570120
vt 0.624500 0.546080
vt 0.133400 0.524890
vt 0.166590 0.512530
vt 0.730610 0.563800
vt 0.722300 0.596870
vt 0.720510 0.563620
vt 0.115790 0.477480
vt 0.142390 0.470980
vt 0.119430 0.488590
vt 0.140270 0.553370
vt 0.174200 0.539880
vt 0.175160 0.553350
vt 0.709960 0.596400
vt 0.709860 0.563370
vt 0.735640 0.598320
vt 0.730430 0.598290
vt 0.137510 0.534660
vt 0.170360 0.526020
vt 0.690130 0.593870
vt 0.691440 0.561800
vt 0.673350 0.592200
vt 0.675590 0.562000
vt 0.123190 0.500730
vt 0.174070 0.562550
vt 0.140010 0.562550
vt 0.653110 0.586230
vt 0.655080 0.557690
vt 0.139510 0.543010
vt 0.633740 0.578180
vt 0.640290 0.495860
vt 0.657960 0.497470
vt 0.639610 0.524530
vt 0.656950 0.528000
vt 0.089040 0.540630
vt 0.091320 0.549380
vt 0.113440 0.539520
vt 0.115750 0.547890
vt 0.678010 0.499490
vt 0.676490 0.530640
vt 0.064680 0.562550
vt 0.093110 0.553210
vt 0.093250 0.562550
vt 0.117150 0.553180
vt 0.117260 0.562550
vt 0.071530 0.495450
vt 0.075350 0.505840
vt 0.095640 0.495510
vt 0.098830 0.507120
vt 0.692380 0.530650
vt 0.692930 0.499070
vt 0.709130 0.530550
vt 0.085080 0.531770
vt 0.108940 0.530570
vt 0.733670 0.495260
vt 0.728250 0.496460
vt 0.734330 0.528850
vt 0.729060 0.530110
vt 0.734980 0.562420
vt 0.709310 0.497980
vt 0.720020 0.530250
vt 0.068440 0.485230
vt 0.093540 0.485890
vt 0.720530 0.496880
vt 0.079740 0.518790
vt 0.103120 0.519150
vt 0.627140 0.497160
vt 0.625450 0.522430
vt 0.655270 0.146550
vt 0.658370 0.140970
vt 0.634340 0.118890
vt 0.631220 0.131220
vt 0.638640 0.116240
vt 0.641070 0.148480
vt 0.646890 0.149300
vt 0.638020 0.140550
vt 0.651160 0.148710
vt 0.658380 0.131580
vt 0.654720 0.126180
vt 0.659400 0.135540
vt 0.161340 0.429260
vt 0.179680 0.431030
vt 0.171630 0.440130
vt 0.192710 0.459950
vt 0.191270 0.441650
vt 0.202390 0.448800
vt 0.182530 0.451340
vt 0.607520 0.614180
vt 0.590150 0.610680
vt 0.598120 0.602380
vt 0.617080 0.604190
vt 0.606970 0.592670
vt 0.162350 0.450280
vt 0.172210 0.462500
vt 0.181080 0.472710
vt 0.152250 0.439510
vt 0.133910 0.460750
vt 0.152740 0.460590
vt 0.143280 0.450220
vt 0.161530 0.473770
vt 0.172600 0.484110
vt 0.713020 0.605930
vt 0.697620 0.616350
vt 0.694290 0.605100
vt 0.615620 0.625100
vt 0.680640 0.617670
vt 0.677530 0.604940
vt 0.602810 0.629350
vt 0.599020 0.621250
vt 0.663650 0.618270
vt 0.659010 0.602270
vt 0.646440 0.619170
vt 0.640880 0.598620
vt 0.678040 0.686700
vt 0.666660 0.706440
vt 0.664050 0.687790
vt 0.720790 0.685260
vt 0.706760 0.703610
vt 0.705610 0.685470
vt 0.635670 0.689880
vt 0.651770 0.707540
vt 0.636570 0.708410
vt 0.693410 0.704330
vt 0.691630 0.685910
vt 0.660030 0.665690
vt 0.649710 0.688940
vt 0.645180 0.667300
vt 0.736090 0.625370
vt 0.730540 0.645070
vt 0.729660 0.625520
vt 0.680490 0.705280
vt 0.621780 0.708890
vt 0.621480 0.690630
vt 0.608940 0.643250
vt 0.621710 0.639970
vt 0.613990 0.657040
vt 0.626830 0.654650
vt 0.618410 0.670450
vt 0.630920 0.669210
vt 0.736930 0.685100
vt 0.731970 0.702910
vt 0.731620 0.685110
vt 0.636080 0.636960
vt 0.630070 0.621430
vt 0.651890 0.634510
vt 0.641060 0.652250
vt 0.656400 0.650280
vt 0.667980 0.632470
vt 0.683510 0.630560
vt 0.671890 0.648730
vt 0.687060 0.647490
vt 0.674800 0.664420
vt 0.689270 0.663440
vt 0.736380 0.645050
vt 0.731080 0.661910
vt 0.736620 0.661900
vt 0.714680 0.614510
vt 0.728000 0.613600
vt 0.699160 0.628480
vt 0.702370 0.646400
vt 0.704030 0.662770
vt 0.716610 0.626370
vt 0.718720 0.645510
vt 0.719830 0.662270
vt 0.202350 0.516530
vt 0.204710 0.528190
vt 0.207910 0.481990
vt 0.206000 0.540270
vt 0.200530 0.505580
vt 0.203480 0.496370
vt 0.206460 0.552310
vt 0.212170 0.467150
vt 0.206600 0.562550
vt 0.307910 0.546100
vt 0.330160 0.538240
vt 0.330210 0.546960
vt 0.308730 0.482230
vt 0.330190 0.470710
vt 0.329900 0.483940
vt 0.308310 0.554490
vt 0.330140 0.554990
vt 0.307360 0.527660
vt 0.329650 0.518860
vt 0.329930 0.528820
vt 0.308200 0.494990
vt 0.329650 0.496550
vt 0.308480 0.562550
vt 0.330100 0.562550
vt 0.307520 0.537160
vt 0.307770 0.506790
vt 0.329540 0.508200
vt 0.307470 0.517610
vt 0.231530 0.509760
vt 0.254960 0.501450
vt 0.254230 0.512580
vt 0.277030 0.504060
vt 0.276450 0.514960
vt 0.232400 0.498290
vt 0.256260 0.489310
vt 0.277950 0.492150
vt 0.231650 0.520540
vt 0.232380 0.531120
vt 0.254200 0.523000
vt 0.254690 0.533150
vt 0.276340 0.525140
vt 0.276670 0.534940
vt 0.233640 0.552210
vt 0.233780 0.562550
vt 0.255840 0.552960
vt 0.256010 0.562550
vt 0.277760 0.553640
vt 0.277960 0.562550
vt 0.234140 0.485850
vt 0.257840 0.476220
vt 0.279020 0.479280
vt 0.233160 0.541710
vt 0.255360 0.543160
vt 0.277250 0.544460
vt 0.238330 0.458510
vt 0.236340 0.472460
vt 0.259270 0.462570
vt 0.280000 0.465840
vt 0.309320 0.468870
vt 0.717450 0.074720
vt 0.861480 0.151910
vt 0.576580 0.294290
vt 0.744680 0.032170
vt 0.705440 0.074830
vt 0.649720 0.121960
vt 0.645630 0.142660
vt 0.642140 0.146670
vt 0.642880 0.141290
vt 0.647200 0.142010
vt 0.646370 0.146340
vt 0.652090 0.145780
vt 0.648870 0.146990
vt 0.641200 0.133200
vt 0.637870 0.132900
vt 0.652090 0.135760
vt 0.653310 0.139660
vt 0.644100 0.125530
vt 0.635780 0.122540
vt 0.651500 0.130750
vt 0.656330 0.132110
vt 0.642620 0.120040
vt 0.639840 0.120040
vt 0.648870 0.124250
vt 0.653240 0.127670
vt 0.653890 0.134750
vt 0.615060 0.581870
vt 0.721440 0.703100
vt 0.735900 0.613710
vt 0.730780 0.609900
vt 0.731170 0.605710
vt 0.723400 0.605740
vt 0.735770 0.605950
vt 0.365730 0.478270
vt 0.363490 0.465430
vt 0.367410 0.491250
vt 0.368630 0.503800
vt 0.369410 0.515530
vt 0.370050 0.526430
vt 0.370560 0.536820
vt 0.370820 0.547010
vt 0.370770 0.555610
vt 0.370720 0.562550
vt 0.530110 0.692280
vt 0.495090 0.711610
vt 0.498520 0.692190
vt 0.505020 0.665120
vt 0.533660 0.666890
vt 0.513140 0.646970
vt 0.538950 0.649690
vt 0.523330 0.629470
vt 0.545240 0.633090
vt 0.539360 0.612110
vt 0.555650 0.616480
vt 0.588230 0.640030
vt 0.587580 0.625290
vt 0.566910 0.636640
vt 0.571850 0.620820
vt 0.589490 0.654910
vt 0.564360 0.652490
vt 0.592480 0.670330
vt 0.562940 0.668880
vt 0.592340 0.692160
vt 0.559610 0.692470
vt 0.590110 0.710800
vt 0.558490 0.711370
vt 0.491260 0.557280
vt 0.451210 0.562550
vt 0.451150 0.556740
vt 0.411010 0.562550
vt 0.411000 0.556190
vt 0.491030 0.546470
vt 0.451000 0.546690
vt 0.410950 0.546880
vt 0.490450 0.531240
vt 0.450520 0.533150
vt 0.410560 0.535080
vt 0.490100 0.517230
vt 0.450070 0.520280
vt 0.410080 0.523520
vt 0.489520 0.503570
vt 0.449380 0.507300
vt 0.409390 0.511650
vt 0.487300 0.489000
vt 0.447520 0.493410
vt 0.408040 0.498830
vt 0.481860 0.474050
vt 0.443410 0.479090
vt 0.405360 0.485340
vt 0.473660 0.460080
vt 0.437360 0.465420
vt 0.401500 0.471960
vt 0.463190 0.448330
vt 0.429690 0.453460
vt 0.396580 0.459550
vt 0.549350 0.605470
vt 0.561930 0.603220
vt 0.576960 0.605320
vt 0.508540 0.109100
vt 0.510090 0.109490
vt 0.508400 0.110130
vt 0.507840 0.117710
vt 0.511270 0.117390
vt 0.511570 0.118390
vt 0.508500 0.114980
vt 0.508060 0.116830
vt 0.508660 0.112420
vt 0.512570 0.114940
vt 0.505910 0.109040
vt 0.503590 0.112740
vt 0.503530 0.115520
vt 0.499940 0.113020
vt 0.503410 0.117310
vt 0.499940 0.115370
vt 0.503520 0.118370
vt 0.499940 0.117840
vt 0.502800 0.110270
vt 0.499930 0.110800
vt 0.503940 0.106250
vt 0.499890 0.104680
vt 0.504320 0.104570
vt 0.499920 0.109420
vt 0.502960 0.108370
vt 0.508300 0.108090
vt 0.509910 0.108680
vt 0.512740 0.105900
vt 0.508560 0.104940
vt 0.506160 0.108300
vt 0.508720 0.105830
vt 0.506300 0.107660
vt 0.508460 0.107470
vt 0.509940 0.107740
vt 0.499930 0.106900
vt 0.515030 0.107530
vt 0.513210 0.105330
vt 0.516410 0.109860
vt 0.516020 0.112990
vt 0.514580 0.117240
vt 0.512480 0.109910
vt 0.511850 0.111150
vt 0.512710 0.108750
vt 0.512480 0.106980
vt 0.499940 0.117030
vt 0.505310 0.110930
vt 0.509910 0.108210
vt 0.478680 0.110130
vt 0.467220 0.112980
vt 0.472300 0.104280
vt 0.478670 0.116820
vt 0.472440 0.117800
vt 0.483490 0.119920
vt 0.477300 0.123020
vt 0.488380 0.124820
vt 0.483410 0.124010
vt 0.496410 0.119590
vt 0.493370 0.124920
vt 0.492320 0.118670
vt 0.496010 0.124700
vt 0.474400 0.129850
vt 0.482270 0.132180
vt 0.469130 0.127720
vt 0.487260 0.133360
vt 0.460060 0.124880
vt 0.452700 0.120460
vt 0.462090 0.108540
vt 0.436810 0.098240
vt 0.450630 0.094030
vt 0.441150 0.105690
vt 0.447940 0.087190
vt 0.461060 0.088240
vt 0.433130 0.081330
vt 0.445200 0.075820
vt 0.459460 0.081040
vt 0.431390 0.070990
vt 0.444580 0.066450
vt 0.460020 0.072620
vt 0.463260 0.094440
vt 0.456560 0.100770
vt 0.446880 0.113940
vt 0.473440 0.133830
vt 0.496600 0.135400
vt 0.420550 0.091640
vt 0.457360 0.130240
vt 0.479370 0.138620
vt 0.424650 0.108150
vt 0.466220 0.131490
vt 0.417550 0.078280
vt 0.493090 0.134790
vt 0.486040 0.144430
vt 0.433560 0.116680
vt 0.495830 0.145020
vt 0.488050 0.119430
vt 0.492060 0.149560
vt 0.486940 0.152720
vt 0.486540 0.148630
vt 0.495620 0.154080
vt 0.495910 0.149510
vt 0.491550 0.153840
vt 0.486770 0.160700
vt 0.494140 0.164820
vt 0.490250 0.162930
vt 0.410130 0.103370
vt 0.403280 0.087640
vt 0.439560 0.123010
vt 0.425630 0.126690
vt 0.416430 0.116730
vt 0.389280 0.097610
vt 0.431880 0.133090
vt 0.415190 0.138190
vt 0.403740 0.129550
vt 0.397270 0.114850
vt 0.484480 0.167840
vt 0.487490 0.170760
vt 0.478560 0.171020
vt 0.493610 0.173000
vt 0.489300 0.181840
vt 0.467540 0.179200
vt 0.481460 0.178440
vt 0.457260 0.170730
vt 0.467390 0.172040
vt 0.442820 0.171740
vt 0.455150 0.177480
vt 0.435310 0.164390
vt 0.447460 0.165540
vt 0.435880 0.146570
vt 0.438930 0.138450
vt 0.448100 0.131070
vt 0.466870 0.099060
vt 0.428610 0.153240
vt 0.439140 0.157780
vt 0.427000 0.144940
vt 0.451840 0.138080
vt 0.441290 0.147660
vt 0.465520 0.136590
vt 0.458250 0.166910
vt 0.475840 0.142030
vt 0.479590 0.145330
vt 0.480440 0.156390
vt 0.474180 0.164060
vt 0.480210 0.148190
vt 0.440740 0.152840
vt 0.436780 0.152350
vt 0.442390 0.155690
vt 0.478370 0.160670
vt 0.466980 0.166620
vt 0.482130 0.106880
vt 0.485250 0.099810
vt 0.478930 0.100860
vt 0.495310 0.066780
vt 0.494460 0.061040
vt 0.459180 0.063400
vt 0.468030 0.072770
vt 0.480320 0.061690
vt 0.475780 0.070230
vt 0.473600 0.061640
vt 0.488180 0.061850
vt 0.481530 0.068140
vt 0.491220 0.103630
vt 0.486660 0.105340
vt 0.495210 0.099450
vt 0.495330 0.102770
vt 0.490680 0.099260
vt 0.468550 0.089890
vt 0.466260 0.086290
vt 0.474060 0.093350
vt 0.467020 0.080150
vt 0.490710 0.070270
vt 0.486430 0.075330
vt 0.484570 0.070910
vt 0.471460 0.084080
vt 0.471300 0.087830
vt 0.469650 0.085550
vt 0.472570 0.076450
vt 0.471500 0.082200
vt 0.470000 0.082020
vt 0.495020 0.094000
vt 0.495170 0.096490
vt 0.481180 0.090430
vt 0.486010 0.096090
vt 0.480080 0.095590
vt 0.472870 0.086700
vt 0.475980 0.091260
vt 0.490970 0.093450
vt 0.490800 0.096280
vt 0.486940 0.092210
vt 0.478590 0.073710
vt 0.476270 0.079720
vt 0.495370 0.069990
vt 0.491370 0.074440
vt 0.489500 0.067350
vt 0.473550 0.085510
vt 0.477900 0.089160
vt 0.495530 0.092190
vt 0.486930 0.076770
vt 0.478880 0.087800
vt 0.487270 0.090930
vt 0.472740 0.084160
vt 0.491010 0.091790
vt 0.473430 0.082650
vt 0.495360 0.074640
vt 0.491620 0.076110
vt 0.481260 0.077350
vt 0.477210 0.080830
vt 0.496040 0.089800
vt 0.491830 0.078440
vt 0.495410 0.076190
vt 0.495730 0.078490
vt 0.487250 0.078890
vt 0.481990 0.078650
vt 0.467950 0.061940
vt 0.482060 0.080150
vt 0.477520 0.081820
vt 0.478250 0.085560
vt 0.481820 0.084390
vt 0.482040 0.085980
vt 0.487900 0.084250
vt 0.487740 0.086650
vt 0.491850 0.087050
vt 0.492270 0.084470
vt 0.496510 0.087130
vt 0.497490 0.084120
vt 0.496240 0.080910
vt 0.491540 0.089370
vt 0.481850 0.089030
vt 0.487490 0.088730
vt 0.481930 0.087290
vt 0.482120 0.082240
vt 0.477760 0.083180
vt 0.487750 0.081320
vt 0.492020 0.081090
vt 0.477800 0.084530
vt 0.478540 0.086500
vt 0.475980 0.085300
vt 0.475730 0.083340
vt 0.475420 0.084440
vt 0.474270 0.084410
vt 0.475060 0.085570
vt 0.474810 0.082920
vt 0.465090 0.190450
vt 0.392150 0.139720
vt 0.478860 0.190450
vt 0.422210 0.164410
vt 0.374300 0.111040
vt 0.488180 0.188080
vt 0.415110 0.153800
vt 0.404010 0.146230
vt 0.429510 0.175360
vt 0.438410 0.182340
vt 0.476470 0.145840
vt 0.475470 0.143250
vt 0.478110 0.145580
vt 0.466160 0.162840
vt 0.468930 0.158200
vt 0.471890 0.161050
vt 0.458230 0.139060
vt 0.454780 0.143400
vt 0.453130 0.140720
vt 0.458910 0.162890
vt 0.465170 0.159210
vt 0.478470 0.148030
vt 0.453560 0.157600
vt 0.451400 0.160320
vt 0.478120 0.154780
vt 0.476620 0.149980
vt 0.478870 0.150350
vt 0.446680 0.154430
vt 0.444560 0.155030
vt 0.450460 0.146460
vt 0.447950 0.145290
vt 0.465500 0.139170
vt 0.459110 0.141810
vt 0.443730 0.153100
vt 0.442190 0.152950
vt 0.446220 0.150580
vt 0.443500 0.149050
vt 0.470560 0.141680
vt 0.465210 0.141650
vt 0.476100 0.158370
vt 0.475270 0.153400
vt 0.474990 0.144470
vt 0.473080 0.156320
vt 0.471310 0.139330
vt 0.445770 0.144060
vt 0.457820 0.136200
vt 0.449460 0.163280
vt 0.480860 0.150900
vt 0.454790 0.155750
vt 0.459680 0.159070
vt 0.474700 0.150380
vt 0.449970 0.153520
vt 0.452240 0.147110
vt 0.459130 0.143630
vt 0.448480 0.151840
vt 0.449450 0.149800
vt 0.470210 0.144440
vt 0.470620 0.143160
vt 0.473260 0.152900
vt 0.473960 0.145060
vt 0.471290 0.154860
vt 0.475560 0.146630
vt 0.467770 0.156500
vt 0.456020 0.144740
vt 0.464680 0.157270
vt 0.476490 0.148020
vt 0.471930 0.048400
vt 0.478580 0.056200
vt 0.473370 0.056350
vt 0.428800 0.059700
vt 0.441970 0.045890
vt 0.443720 0.056560
vt 0.484380 0.048400
vt 0.486500 0.055640
vt 0.360580 0.087400
vt 0.381810 0.082290
vt 0.364590 0.100720
vt 0.414690 0.063190
vt 0.424620 0.048040
vt 0.493450 0.055130
vt 0.467620 0.055000
vt 0.391700 0.061320
vt 0.395600 0.071720
vt 0.374820 0.071950
vt 0.458750 0.054850
vt 0.466050 0.046350
vt 0.456810 0.045450
vt 0.491670 0.046900
vt 0.460380 0.155860
vt 0.464060 0.153850
vt 0.464480 0.155690
vt 0.472950 0.148370
vt 0.471980 0.147460
vt 0.473170 0.147270
vt 0.455420 0.154290
vt 0.459860 0.153960
vt 0.471860 0.151720
vt 0.471530 0.149260
vt 0.472860 0.149770
vt 0.452570 0.152010
vt 0.451640 0.152660
vt 0.457230 0.145680
vt 0.454690 0.148910
vt 0.453240 0.147540
vt 0.464740 0.146520
vt 0.460320 0.144680
vt 0.464850 0.144450
vt 0.450410 0.151480
vt 0.452270 0.150410
vt 0.450600 0.149670
vt 0.469270 0.146630
vt 0.469530 0.145460
vt 0.451470 0.151250
vt 0.469290 0.151800
vt 0.470240 0.153560
vt 0.471200 0.146900
vt 0.472290 0.145770
vt 0.466870 0.153000
vt 0.467310 0.154880
vt 0.460990 0.146880
vt 0.465110 0.143210
vt 0.460250 0.157300
vt 0.475200 0.148630
vt 0.470840 0.147510
vt 0.459410 0.152770
vt 0.455910 0.153240
vt 0.455890 0.152450
vt 0.462990 0.152580
vt 0.466230 0.151750
vt 0.468850 0.150690
vt 0.470550 0.150480
vt 0.470300 0.149790
vt 0.492220 0.145190
vt 0.468680 0.148850
vt 0.470340 0.148440
vt 0.465110 0.147420
vt 0.465660 0.149430
vt 0.461230 0.148100
vt 0.462020 0.150260
vt 0.457510 0.147690
vt 0.458740 0.150800
vt 0.457860 0.148950
vt 0.455630 0.150970
vt 0.452790 0.150560
vt 0.452470 0.151200
vt 0.452930 0.151770
vt 0.454980 0.149700
vt 0.469120 0.147290
vt 0.471920 0.148120
vt 0.487370 0.195730
vt 0.414710 0.173330
vt 0.394870 0.176360
vt 0.404950 0.165010
vt 0.450930 0.193210
vt 0.436440 0.194680
vt 0.437490 0.188380
vt 0.472560 0.203860
vt 0.462900 0.195930
vt 0.476090 0.196840
vt 0.484060 0.204790
vt 0.425700 0.182450
vt 0.407320 0.182350
vt 0.421640 0.189900
vt 0.449320 0.198280
vt 0.808420 0.461110
vt 0.791480 0.452630
vt 0.810370 0.452690
vt 0.778260 0.450330
vt 0.763100 0.460710
vt 0.765850 0.445330
vt 0.823730 0.459040
vt 0.826130 0.449450
vt 0.778170 0.461680
vt 0.835160 0.460160
vt 0.839160 0.454090
vt 0.750630 0.460400
vt 0.753800 0.442300
vt 0.449380 0.024170
vt 0.357190 0.065650
vt 0.409480 0.052530
vt 0.421840 0.034930
vt 0.373500 0.063710
vt 0.436590 0.030340
vt 0.388380 0.052060
vt 0.742060 0.461250
vt 0.744730 0.444140
vt 0.475440 0.013630
vt 0.456200 0.016040
vt 0.465510 0.005290
vt 0.488730 0.040680
vt 0.491120 0.029070
vt 0.496620 0.036930
vt 0.484450 0.035480
vt 0.485490 0.022770
vt 0.477070 0.028590
vt 0.467540 0.022780
vt 0.477300 0.048680
vt 0.037960 0.634900
vt 0.039480 0.652370
vt 0.032720 0.650580
vt 0.044400 0.621730
vt 0.044520 0.636620
vt 0.053440 0.593150
vt 0.055040 0.609770
vt 0.049150 0.607640
vt 0.056050 0.585580
vt 0.059370 0.595170
vt 0.058180 0.576200
vt 0.061720 0.587230
vt 0.058830 0.570840
vt 0.063020 0.578340
vt 0.064010 0.571140
vt 0.050140 0.623950
vt 0.393830 0.156210
vt 0.379090 0.156190
vt 0.383090 0.147890
vt 0.368540 0.163540
vt 0.384290 0.170740
vt 0.377870 0.129230
vt 0.373850 0.144360
vt 0.343800 0.081650
vt 0.336990 0.062790
vt 0.296360 0.068260
vt 0.281760 0.055820
vt 0.297800 0.065320
vt 0.261430 0.038610
vt 0.248660 0.039060
vt 0.255040 0.032400
vt 0.264930 0.042370
vt 0.254910 0.045630
vt 0.273480 0.049970
vt 0.260840 0.051120
vt 0.313750 0.069510
vt 0.302190 0.054920
vt 0.319740 0.058210
vt 0.330770 0.074390
vt 0.268440 0.039550
vt 0.264440 0.035300
vt 0.349880 0.093710
vt 0.333670 0.093410
vt 0.338410 0.102740
vt 0.329020 0.123430
vt 0.322800 0.131500
vt 0.327110 0.121720
vt 0.326800 0.143960
vt 0.326530 0.135710
vt 0.337510 0.152410
vt 0.325490 0.148130
vt 0.345900 0.161290
vt 0.343040 0.157180
vt 0.353490 0.160520
vt 0.368400 0.157610
vt 0.319020 0.113930
vt 0.333380 0.110030
vt 0.313890 0.118760
vt 0.276720 0.046350
vt 0.296100 0.093610
vt 0.310960 0.105100
vt 0.305390 0.107410
vt 0.289120 0.083260
vt 0.299780 0.091030
vt 0.309100 0.076850
vt 0.323150 0.086000
vt 0.353080 0.111110
vt 0.347510 0.118730
vt 0.345060 0.116360
vt 0.328200 0.100580
vt 0.318090 0.093900
vt 0.305770 0.082760
vt 0.284880 0.050750
vt 0.348860 0.104240
vt 0.339060 0.110340
vt 0.452270 0.188230
vt 0.401540 0.201370
vt 0.380480 0.215550
vt 0.387310 0.195830
vt 0.433760 0.212520
vt 0.413730 0.226300
vt 0.417460 0.207960
vt 0.460540 0.218990
vt 0.446890 0.233960
vt 0.448010 0.215910
vt 0.484240 0.223470
vt 0.396390 0.220590
vt 0.431410 0.230790
vt 0.472840 0.221780
vt 0.460720 0.236970
vt 0.473160 0.240110
vt 0.289490 0.124950
vt 0.263460 0.131500
vt 0.279450 0.112570
vt 0.350150 0.204830
vt 0.345880 0.179780
vt 0.358920 0.183800
vt 0.308940 0.147450
vt 0.283860 0.153320
vt 0.299060 0.135950
vt 0.325680 0.191940
vt 0.325750 0.171960
vt 0.335410 0.176370
vt 0.304250 0.174410
vt 0.314680 0.161630
vt 0.273750 0.142660
vt 0.337100 0.198690
vt 0.293950 0.164000
vt 0.364930 0.210570
vt 0.374180 0.190430
vt 0.218150 0.085600
vt 0.229030 0.058540
vt 0.236950 0.066400
vt 0.250260 0.079350
vt 0.226420 0.093110
vt 0.243440 0.072530
vt 0.263970 0.094160
vt 0.240130 0.106160
vt 0.257390 0.086770
vt 0.233280 0.099400
vt 0.271100 0.102240
vt 0.246670 0.113010
vt 0.461020 0.339350
vt 0.420280 0.420960
vt 0.435980 0.322960
vt 0.144530 0.384050
vt 0.199010 0.255190
vt 0.212850 0.264250
vt 0.088800 0.359560
vt 0.158490 0.227020
vt 0.169260 0.235230
vt 0.179210 0.395450
vt 0.226420 0.272850
vt 0.241030 0.281420
vt 0.071890 0.350740
vt 0.149130 0.219610
vt 0.393840 0.419730
vt 0.406190 0.320680
vt 0.421120 0.321970
vt 0.195880 0.399630
vt 0.255020 0.288490
vt 0.106930 0.368220
vt 0.183290 0.245360
vt 0.369610 0.418650
vt 0.383790 0.318010
vt 0.213150 0.403250
vt 0.268610 0.294020
vt 0.297640 0.414120
vt 0.320140 0.307310
vt 0.339610 0.310800
vt 0.346080 0.417490
vt 0.360020 0.314560
vt 0.252010 0.409370
vt 0.284180 0.298550
vt 0.300740 0.302720
vt 0.056280 0.341700
vt 0.139560 0.211940
vt 0.321930 0.415990
vt 0.231710 0.406470
vt 0.484020 0.345640
vt 0.448190 0.422020
vt 0.041610 0.332130
vt 0.130310 0.204380
vt 0.162320 0.390350
vt 0.467150 0.284520
vt 0.452090 0.282380
vt 0.467070 0.278580
vt 0.027430 0.321730
vt 0.117650 0.193270
vt 0.125820 0.376550
vt 0.013590 0.310450
vt 0.107670 0.184710
vt 0.335370 0.143730
vt 0.346610 0.154910
vt 0.371380 0.114290
vt 0.291230 0.080530
vt 0.294340 0.075030
vt 0.362240 0.104850
vt 0.335580 0.129660
vt 0.363700 0.154320
vt 0.368440 0.143270
vt 0.352660 0.158040
vt 0.334550 0.135740
vt 0.374490 0.128650
vt 0.341040 0.120490
vt 0.334050 0.116020
vt 0.342360 0.149780
vt 0.340370 0.151060
vt 0.368800 0.116500
vt 0.361830 0.151720
vt 0.366990 0.142220
vt 0.347420 0.152500
vt 0.362850 0.110920
vt 0.337190 0.136140
vt 0.343660 0.122580
vt 0.372290 0.129050
vt 0.357390 0.117000
vt 0.354870 0.113020
vt 0.338090 0.143350
vt 0.462660 0.324770
vt 0.446940 0.316810
vt 0.454770 0.287130
vt 0.443670 0.299200
vt 0.482180 0.326620
vt 0.252330 0.174440
vt 0.230240 0.152690
vt 0.184560 0.192570
vt 0.221840 0.144400
vt 0.254060 0.121050
vt 0.285700 0.204360
vt 0.245710 0.241250
vt 0.274360 0.194810
vt 0.450340 0.265300
vt 0.263380 0.184780
vt 0.219940 0.222420
vt 0.432420 0.295610
vt 0.176030 0.185120
vt 0.214450 0.137290
vt 0.258960 0.249700
vt 0.297510 0.212790
vt 0.272660 0.257070
vt 0.439140 0.260620
vt 0.314880 0.183890
vt 0.194280 0.201060
vt 0.240900 0.163340
vt 0.206640 0.211660
vt 0.406760 0.250540
vt 0.414450 0.293120
vt 0.393440 0.289700
vt 0.425480 0.254720
vt 0.286250 0.262970
vt 0.352110 0.236450
vt 0.351780 0.281830
vt 0.333120 0.277220
vt 0.369090 0.241400
vt 0.387210 0.245750
vt 0.371680 0.285930
vt 0.321900 0.225480
vt 0.315600 0.272430
vt 0.300100 0.267820
vt 0.336040 0.231000
vt 0.167280 0.177560
vt 0.206800 0.130220
vt 0.309470 0.219660
vt 0.158810 0.170350
vt 0.199290 0.123610
vt 0.232840 0.232140
vt 0.482600 0.261080
vt 0.484440 0.242620
vt 0.479090 0.275290
vt 0.469960 0.260810
vt 0.451300 0.313740
vt 0.189910 0.115270
vt 0.147710 0.160510
vt 0.490220 0.262090
vt 0.464230 0.318050
vt 0.489840 0.346680
vt 0.181050 0.107440
vt 0.138360 0.152310
vt 0.209530 0.077780
vt 0.423470 0.294380
vt 0.492700 0.249580
vt 0.485600 0.875780
vt 0.477970 0.890870
vt 0.485100 0.422030
vt 0.487180 0.322090
vt 0.482110 0.299690
vt 0.466260 0.300680
vt 0.449080 0.299890
vt 0.483850 0.280500
vt 0.478220 0.422070
vt 0.274140 0.411930
vt 0.127600 0.611360
vt 0.150140 0.639740
vt 0.123190 0.624380
vt 0.849120 0.565440
vt 0.832470 0.547450
vt 0.844870 0.541590
vt 0.133400 0.600220
vt 0.162950 0.625600
vt 0.748930 0.596400
vt 0.739400 0.563630
vt 0.749500 0.563070
vt 0.142390 0.654130
vt 0.115790 0.647630
vt 0.119430 0.636520
vt 0.140270 0.571740
vt 0.174200 0.585230
vt 0.139510 0.582100
vt 0.761270 0.595490
vt 0.760140 0.562410
vt 0.137510 0.590450
vt 0.166590 0.612580
vt 0.781070 0.592250
vt 0.778530 0.560140
vt 0.794420 0.559700
vt 0.818000 0.583110
vt 0.814800 0.554540
vt 0.170360 0.599090
vt 0.837090 0.574120
vt 0.827010 0.492100
vt 0.828870 0.520710
vt 0.809420 0.494430
vt 0.811690 0.524900
vt 0.089040 0.584480
vt 0.091320 0.575720
vt 0.113440 0.585590
vt 0.115750 0.577220
vt 0.790210 0.462560
vt 0.789470 0.497260
vt 0.792250 0.528350
vt 0.093110 0.571900
vt 0.117150 0.571930
vt 0.071530 0.629660
vt 0.075350 0.619270
vt 0.095640 0.629600
vt 0.098830 0.617990
vt 0.776360 0.528990
vt 0.774530 0.497440
vt 0.759600 0.529560
vt 0.758120 0.497010
vt 0.085080 0.593340
vt 0.108940 0.594540
vt 0.739130 0.496240
vt 0.739660 0.529900
vt 0.748690 0.529690
vt 0.746860 0.496360
vt 0.068440 0.639880
vt 0.093540 0.639220
vt 0.079740 0.606320
vt 0.103120 0.605960
vt 0.840200 0.492850
vt 0.842930 0.518010
vt 0.344610 0.146700
vt 0.365520 0.119010
vt 0.348720 0.148870
vt 0.361210 0.116370
vt 0.352420 0.153690
vt 0.358820 0.148620
vt 0.361850 0.140680
vt 0.338420 0.130720
vt 0.340460 0.135700
vt 0.345130 0.126330
vt 0.368640 0.131350
vt 0.341500 0.141130
vt 0.179680 0.694080
vt 0.161340 0.695850
vt 0.171630 0.684980
vt 0.192710 0.665160
vt 0.191270 0.683460
vt 0.182530 0.673770
vt 0.883300 0.603140
vt 0.866130 0.609140
vt 0.874380 0.595990
vt 0.855440 0.599470
vt 0.864770 0.587070
vt 0.162350 0.674830
vt 0.172210 0.662610
vt 0.181080 0.652400
vt 0.152250 0.685600
vt 0.152740 0.664520
vt 0.133910 0.664360
vt 0.143280 0.674890
vt 0.161530 0.651340
vt 0.172600 0.640990
vt 0.774330 0.615090
vt 0.758540 0.605160
vt 0.777300 0.603670
vt 0.858180 0.621140
vt 0.791460 0.615850
vt 0.794150 0.602930
vt 0.872000 0.625270
vt 0.876160 0.616220
vt 0.808630 0.615890
vt 0.812730 0.599540
vt 0.797880 0.589940
vt 0.826130 0.616180
vt 0.830920 0.595070
vt 0.807700 0.704770
vt 0.795910 0.685250
vt 0.809960 0.686060
vt 0.767550 0.702840
vt 0.753070 0.684850
vt 0.768260 0.684670
vt 0.838470 0.687750
vt 0.822580 0.705620
vt 0.824370 0.686970
vt 0.780920 0.703240
vt 0.782280 0.684770
vt 0.813580 0.663760
vt 0.828620 0.665100
vt 0.742230 0.644900
vt 0.742520 0.625320
vt 0.793850 0.703900
vt 0.852730 0.688410
vt 0.837740 0.706290
vt 0.865480 0.640070
vt 0.860270 0.654330
vt 0.852160 0.636800
vt 0.855780 0.668020
vt 0.847090 0.651980
vt 0.843080 0.666840
vt 0.742230 0.684970
vt 0.737150 0.702830
vt 0.837280 0.634040
vt 0.821080 0.631970
vt 0.832540 0.649760
vt 0.816910 0.648090
vt 0.804710 0.630390
vt 0.801220 0.646920
vt 0.788980 0.628940
vt 0.798670 0.662800
vt 0.785900 0.646080
vt 0.784100 0.662180
vt 0.742160 0.661760
vt 0.757160 0.613810
vt 0.755610 0.625760
vt 0.773180 0.627320
vt 0.770480 0.645410
vt 0.769270 0.661880
vt 0.842980 0.617880
vt 0.754070 0.644990
vt 0.753420 0.661810
vt 0.202350 0.608580
vt 0.207910 0.643120
vt 0.204710 0.596920
vt 0.200530 0.619530
vt 0.203480 0.628740
vt 0.175160 0.571760
vt 0.206000 0.584830
vt 0.212170 0.657960
vt 0.202390 0.676310
vt 0.307910 0.579010
vt 0.330160 0.586870
vt 0.307520 0.587950
vt 0.308730 0.642880
vt 0.330190 0.654400
vt 0.309320 0.656240
vt 0.308310 0.570620
vt 0.330210 0.578150
vt 0.307360 0.597450
vt 0.329650 0.606250
vt 0.307470 0.607500
vt 0.329650 0.628560
vt 0.308200 0.630120
vt 0.330140 0.570120
vt 0.329930 0.596290
vt 0.329540 0.616910
vt 0.307770 0.618310
vt 0.231530 0.615350
vt 0.254960 0.623660
vt 0.232400 0.626820
vt 0.254230 0.612530
vt 0.277030 0.621050
vt 0.276450 0.610150
vt 0.256260 0.635800
vt 0.234140 0.639260
vt 0.277950 0.632960
vt 0.231650 0.604570
vt 0.232380 0.593990
vt 0.254200 0.602110
vt 0.254690 0.591960
vt 0.276340 0.599970
vt 0.276670 0.590170
vt 0.233640 0.572900
vt 0.206460 0.572790
vt 0.255840 0.572150
vt 0.277760 0.571470
vt 0.257840 0.648890
vt 0.236340 0.652650
vt 0.279020 0.645830
vt 0.233160 0.583400
vt 0.255360 0.581950
vt 0.277250 0.580650
vt 0.238330 0.666600
vt 0.214430 0.672930
vt 0.259270 0.662540
vt 0.280000 0.659270
vt 0.282330 0.074930
vt 0.267910 0.058360
vt 0.275550 0.066650
vt 0.354870 0.161180
vt 0.337330 0.160360
vt 0.460510 0.201430
vt 0.258010 0.029180
vt 0.350130 0.122100
vt 0.357740 0.146810
vt 0.354240 0.142800
vt 0.357000 0.141440
vt 0.353510 0.146480
vt 0.352680 0.142160
vt 0.347790 0.145930
vt 0.346560 0.139810
vt 0.358670 0.133340
vt 0.361990 0.133040
vt 0.347770 0.135910
vt 0.345970 0.134910
vt 0.355760 0.125670
vt 0.364070 0.122670
vt 0.348360 0.130900
vt 0.343530 0.132260
vt 0.357230 0.120180
vt 0.360010 0.120180
vt 0.350980 0.124390
vt 0.346620 0.127820
vt 0.351010 0.147140
vt 0.352990 0.149440
vt 0.341480 0.131740
vt 0.855970 0.576840
vt 0.742340 0.702770
vt 0.740880 0.609730
vt 0.735830 0.609850
vt 0.740350 0.605560
vt 0.740840 0.598110
vt 0.748130 0.605320
vt 0.365730 0.646840
vt 0.363490 0.659680
vt 0.329900 0.641170
vt 0.367410 0.633860
vt 0.368630 0.621310
vt 0.369410 0.609580
vt 0.370050 0.598680
vt 0.370560 0.588280
vt 0.370820 0.578100
vt 0.370770 0.569500
vt 0.975510 0.692240
vt 0.946850 0.710660
vt 0.944120 0.691490
vt 0.969780 0.665210
vt 0.941280 0.666110
vt 0.962280 0.646980
vt 0.936560 0.648810
vt 0.952790 0.629310
vt 0.930920 0.632030
vt 0.937690 0.611530
vt 0.921380 0.615040
vt 0.887120 0.637090
vt 0.888540 0.621740
vt 0.909040 0.634630
vt 0.904970 0.618410
vt 0.885430 0.652390
vt 0.910990 0.650720
vt 0.882110 0.668050
vt 0.911920 0.667240
vt 0.881980 0.690050
vt 0.914710 0.690940
vt 0.852480 0.706670
vt 0.884010 0.708690
vt 0.915440 0.709800
vt 0.491260 0.567830
vt 0.491370 0.562550
vt 0.451150 0.568370
vt 0.411000 0.568920
vt 0.491030 0.578640
vt 0.451000 0.578420
vt 0.410950 0.578230
vt 0.490450 0.593870
vt 0.450520 0.591960
vt 0.410560 0.590030
vt 0.450070 0.604830
vt 0.490100 0.607880
vt 0.410080 0.601590
vt 0.449380 0.617810
vt 0.489520 0.621540
vt 0.409390 0.613460
vt 0.487300 0.636110
vt 0.447520 0.631690
vt 0.408040 0.626280
vt 0.481860 0.651060
vt 0.443410 0.646020
vt 0.405360 0.639770
vt 0.473660 0.665030
vt 0.437360 0.659690
vt 0.401500 0.653140
vt 0.463190 0.676780
vt 0.429690 0.671650
vt 0.396580 0.665560
vt 0.928180 0.604490
vt 0.915940 0.601600
vt 0.887720 0.606930
vt 0.489780 0.109500
vt 0.491330 0.109100
vt 0.491480 0.110130
vt 0.492030 0.117720
vt 0.488600 0.117400
vt 0.491820 0.116840
vt 0.491370 0.114990
vt 0.487300 0.114950
vt 0.491220 0.112430
vt 0.493970 0.109040
vt 0.496290 0.112750
vt 0.496350 0.115530
vt 0.496460 0.117310
vt 0.496350 0.118370
vt 0.497070 0.110280
vt 0.495830 0.106250
vt 0.495490 0.104640
vt 0.496890 0.108380
vt 0.489960 0.108220
vt 0.491570 0.108090
vt 0.487120 0.105900
vt 0.491300 0.104940
vt 0.493720 0.108300
vt 0.491140 0.105830
vt 0.493580 0.107660
vt 0.491410 0.107470
vt 0.489930 0.107750
vt 0.484840 0.107540
vt 0.483460 0.109880
vt 0.483850 0.113000
vt 0.485290 0.117250
vt 0.488310 0.118400
vt 0.488020 0.111160
vt 0.487390 0.109920
vt 0.487160 0.108750
vt 0.487390 0.106980
vt 0.494560 0.110940
vt 0.489960 0.108680
vt 0.386250 0.685170
vt 0.395650 0.704700
vt 0.380430 0.695760
vt 0.417180 0.962560
vt 0.425830 0.936910
vt 0.437410 0.947810
vt 0.173670 0.800490
vt 0.184150 0.817540
vt 0.171480 0.816960
vt 0.369870 0.678170
vt 0.365530 0.689340
vt 0.374910 0.978290
vt 0.388860 0.959450
vt 0.396530 0.972700
vt 0.177710 0.784120
vt 0.186190 0.802500
vt 0.303430 0.672630
vt 0.321080 0.682330
vt 0.304900 0.684430
vt 0.352130 0.980680
vt 0.369010 0.965050
vt 0.490650 0.848230
vt 0.469980 0.870500
vt 0.474680 0.845260
vt 0.183480 0.768070
vt 0.189890 0.787560
vt 0.266860 0.684570
vt 0.288080 0.689040
vt 0.271460 0.695740
vt 0.478790 0.775420
vt 0.470560 0.799110
vt 0.463980 0.779300
vt 0.329070 0.980680
vt 0.348080 0.967640
vt 0.173120 0.850430
vt 0.188830 0.864730
vt 0.176990 0.868020
vt 0.285030 0.677510
vt 0.286020 0.975500
vt 0.306660 0.966460
vt 0.306830 0.978890
vt 0.489880 0.821980
vt 0.473990 0.821430
vt 0.171270 0.833500
vt 0.185450 0.848420
vt 0.209770 0.725140
vt 0.229720 0.722840
vt 0.219100 0.733740
vt 0.210980 0.934590
vt 0.230330 0.936770
vt 0.222990 0.946170
vt 0.486120 0.797230
vt 0.194010 0.881490
vt 0.182840 0.886070
vt 0.199610 0.738290
vt 0.209850 0.745770
vt 0.242330 0.945480
vt 0.236150 0.955700
vt 0.467550 0.756130
vt 0.453990 0.761250
vt 0.326950 0.967940
vt 0.190820 0.752680
vt 0.201840 0.758910
vt 0.255660 0.952820
vt 0.250780 0.963760
vt 0.453210 0.738260
vt 0.441100 0.744570
vt 0.195140 0.772940
vt 0.267290 0.970480
vt 0.287770 0.963400
vt 0.436990 0.721890
vt 0.426440 0.729340
vt 0.234710 0.702750
vt 0.255920 0.703840
vt 0.241950 0.712930
vt 0.270720 0.958880
vt 0.403010 0.694940
vt 0.411120 0.715970
vt 0.407570 0.950190
vt 0.221370 0.713350
vt 0.200090 0.920460
vt 0.219400 0.926170
vt 0.321140 0.670430
vt 0.336310 0.682640
vt 0.456600 0.929890
vt 0.457880 0.899530
vt 0.249920 0.693120
vt 0.200950 0.898010
vt 0.190600 0.903950
vt 0.337820 0.670810
vt 0.350940 0.685030
vt 0.462810 0.884550
vt 0.420060 0.707340
vt 0.209510 0.913200
vt 0.353850 0.673450
vt 0.443250 0.920630
vt 0.183890 0.832750
vt 0.283380 0.920380
vt 0.295250 0.923630
vt 0.320460 0.721900
vt 0.309200 0.723380
vt 0.422980 0.855920
vt 0.426060 0.838560
vt 0.297390 0.726780
vt 0.285580 0.731780
vt 0.247080 0.897880
vt 0.414450 0.876400
vt 0.425180 0.822600
vt 0.234310 0.878060
vt 0.255590 0.752190
vt 0.247980 0.760240
vt 0.417950 0.865840
vt 0.422800 0.807160
vt 0.240210 0.888840
vt 0.241450 0.768910
vt 0.392310 0.901410
vt 0.404270 0.890800
vt 0.418690 0.792480
vt 0.412240 0.778840
vt 0.222940 0.830480
vt 0.235890 0.778200
vt 0.379680 0.910580
vt 0.403710 0.766360
vt 0.223310 0.819410
vt 0.231250 0.787990
vt 0.352130 0.923020
vt 0.366350 0.917990
vt 0.393850 0.755270
vt 0.227560 0.798180
vt 0.224880 0.808670
vt 0.274420 0.737900
vt 0.264380 0.744730
vt 0.383370 0.745800
vt 0.372660 0.738010
vt 0.337250 0.925740
vt 0.331090 0.722240
vt 0.226040 0.853910
vt 0.308330 0.925760
vt 0.341330 0.724120
vt 0.223830 0.841970
vt 0.254810 0.905200
vt 0.351530 0.727310
vt 0.229550 0.866150
vt 0.263340 0.911150
vt 0.361990 0.731860
vt 0.322430 0.926540
vt 0.272790 0.916150
vt 0.413010 0.863780
vt 0.405250 0.860550
vt 0.396700 0.856980
vt 0.387360 0.853090
vt 0.376850 0.848700
vt 0.365240 0.843860
vt 0.352870 0.838710
vt 0.340380 0.833500
vt 0.328300 0.828460
vt 0.316940 0.823720
vt 0.306460 0.819350
vt 0.296750 0.815300
vt 0.287540 0.811460
vt 0.278590 0.807730
vt 0.269830 0.804080
vt 0.261400 0.800560
vt 0.253610 0.797310
vt 0.246790 0.794470
vt 0.241200 0.792140
vt 0.236940 0.790360
vt 0.233940 0.789110
vt 0.232090 0.788340
vt 0.534290 0.005290
vt 0.996730 0.299910
vt 0.169430 0.420420
vt 0.214430 0.452180
vt 0.741710 0.028950
vt 0.526880 0.711490
vt 0.407390 0.041260
vt 0.003650 0.301190
vt 0.490360 0.880460
vt 0.169430 0.704690
vt 0.752870 0.702700
vt 0.743790 0.613340
vt 0.978410 0.711610
vt 0.901040 0.602690
s 1
usemtl Nefertiti
f 1/1/1 4/2/2 3/3/3
f 3/3/3 5/4/4 1/1/1
f 6/5/5 7/6/6 5/4/4
f 7/6/6 10/7/7 9/8/8
f 49/9/9 11/10/10 50/11/11
f 11/10/10 14/12/12 13/13/13
f 8/14/14 17/15/15 18/16/16
f 12/17/17 21/18/18 14/12/12
f 10/7/7 18/16/16 19/19/19
f 6/5/5 15/20/20 17/15/15
f 49/9/9 19/19/19 51/21/21
f 3/3/3 16/22/22 15/20/20
f 4/2/2 24/23/23 16/22/22
f 2/24/24 23/25/25 4/2/2
f 34/26/26 27/27/27 35/28/28
f 36/29/29 26/30/30 34/26/26
f 26/30/30 30/31/31 27/27/27
f 25/32/32 29/33/33 26/30/30
f 29/33/33 33/34/34 30/31/31
f 28/35/35 32/36/36 29/33/33
f 89/37/37 34/26/26 88/38/38
f 88/38/38 35/28/28 87/39/39
f 15/20/20 39/40/40 17/15/15
f 20/41/41 43/42/42 21/18/18
f 18/16/16 39/40/40 40/43/43
f 27/27/27 46/44/44 45/45/45
f 24/23/23 38/46/46 16/22/22
f 19/19/19 40/43/43 41/47/47
f 35/28/28 45/45/45 48/48/48
f 16/22/22 37/49/49 15/20/20
f 30/31/31 47/50/50 46/44/44
f 51/21/21 41/47/47 52/51/51
f 87/39/39 48/48/48 90/52/52
f 51/21/21 42/53/53 20/41/41
f 49/9/9 20/41/41 12/17/17
f 9/8/8 49/9/9 50/11/11
f 344/54/54 53/55/55 56/56/56
f 346/57/57 54/58/58 55/59/59
f 344/54/54 54/58/58 345/60/60
f 56/56/56 57/61/61 60/62/62
f 55/59/59 58/63/63 59/64/64
f 54/58/58 60/62/62 58/63/63
f 45/45/45 63/65/65 62/66/66
f 46/44/44 64/67/67 63/65/65
f 90/52/52 65/68/68 91/69/69
f 48/48/48 62/66/66 65/68/68
f 63/65/65 69/70/70 68/71/71
f 91/69/69 70/72/72 92/73/73
f 65/68/68 67/74/74 70/72/72
f 62/66/66 68/71/71 67/74/74
f 60/62/62 71/75/75 74/76/76
f 58/63/63 73/77/77 59/64/64
f 58/63/63 74/76/76 72/78/78
f 74/76/76 75/79/79 78/80/80
f 72/78/78 77/81/81 73/77/77
f 74/76/76 76/82/82 72/78/78
f 75/79/79 80/83/83 78/80/80
f 80/83/83 81/84/84 82/85/85
f 81/84/84 84/86/86 82/85/85
f 83/87/87 86/88/88 84/86/86
f 91/69/69 66/89/89 61/90/90
f 90/52/52 61/90/90 44/91/91
f 24/23/23 90/52/52 44/91/91
f 23/25/25 87/39/39 24/23/23
f 22/92/92 88/38/38 23/25/25
f 93/93/93 85/94/94 94/95/95
f 93/93/93 66/89/89 92/73/73
f 61/90/90 100/96/96 44/91/91
f 61/90/90 104/97/97 103/98/98
f 39/40/40 95/99/99 97/100/100
f 83/87/87 108/101/101 109/102/102
f 39/40/40 98/103/103 40/43/43
f 40/43/43 99/104/104 41/47/47
f 53/55/55 102/105/105 57/61/61
f 79/106/106 106/107/107 107/108/108
f 41/47/47 347/109/109 343/110/110
f 85/94/94 111/111/111 94/95/95
f 83/87/87 110/112/112 85/94/94
f 75/79/79 105/113/113 106/107/107
f 94/95/95 104/97/97 66/89/89
f 57/61/61 105/113/113 71/75/75
f 38/46/46 100/96/96 96/114/114
f 81/84/84 107/108/108 108/101/101
f 37/49/49 96/114/114 95/99/99
f 2/24/24 112/115/115 113/116/116
f 112/115/115 115/117/117 113/116/116
f 173/118/118 117/119/119 174/120/120
f 31/121/121 118/122/122 123/123/123
f 178/124/124 122/125/125 179/126/126
f 119/127/127 121/128/128 122/125/125
f 115/117/117 124/129/129 125/130/130
f 129/131/131 126/132/132 127/133/133
f 125/130/130 128/134/134 129/131/131
f 22/92/92 133/135/135 89/37/37
f 36/29/29 133/135/135 132/136/136
f 25/32/32 132/136/136 131/137/137
f 130/138/138 2/24/24 113/116/116
f 28/35/35 131/137/137 118/122/122
f 148/139/139 138/140/140 139/141/141
f 149/142/142 145/143/143 150/144/144
f 152/145/145 144/146/146 137/147/147
f 153/148/148 142/149/149 154/150/150
f 155/151/151 134/152/152 156/153/153
f 157/154/154 146/155/155 149/142/142
f 154/150/150 140/156/156 158/157/157
f 158/157/157 135/158/158 155/151/151
f 181/159/159 137/147/147 180/160/160
f 151/161/161 145/143/143 144/146/146
f 157/154/154 134/152/152 143/162/162
f 176/163/163 139/141/141 175/164/164
f 173/118/118 148/139/139 176/163/163
f 130/138/138 156/153/153 157/154/154
f 131/137/137 150/144/144 151/161/161
f 178/124/124 152/145/145 181/159/159
f 125/130/130 155/151/151 115/117/117
f 129/131/131 158/157/157 125/130/130
f 130/138/138 149/142/142 133/135/135
f 115/117/117 156/153/153 113/116/116
f 127/133/133 154/150/150 129/131/131
f 131/137/137 152/145/145 118/122/122
f 133/135/135 150/144/144 132/136/136
f 120/165/165 147/166/166 148/139/139
f 143/162/162 172/167/167 146/155/155
f 141/168/168 168/169/169 142/149/149
f 139/141/141 164/170/170 165/171/171
f 134/152/152 169/172/172 143/162/162
f 134/152/152 161/173/173 160/174/174
f 144/146/146 171/175/175 170/176/176
f 135/158/158 166/177/177 161/173/173
f 137/147/147 170/176/176 163/178/178
f 175/164/164 165/171/171 177/179/179
f 146/155/155 171/175/175 145/143/143
f 142/149/149 166/177/177 140/156/156
f 180/160/160 163/178/178 182/180/180
f 175/164/164 162/181/181 136/182/182
f 116/183/183 176/163/163 159/184/184
f 176/163/163 136/182/182 159/184/184
f 120/165/165 174/120/120 121/128/128
f 189/185/185 167/186/186 190/187/187
f 197/188/188 177/179/179 165/171/171
f 198/189/189 165/171/171 164/170/170
f 138/140/140 182/180/180 164/170/170
f 119/127/127 181/159/159 147/166/166
f 147/166/166 180/160/160 138/140/140
f 123/123/123 178/124/124 179/126/126
f 198/189/189 182/180/180 199/190/190
f 199/190/190 163/178/178 200/191/191
f 212/192/192 187/193/193 188/194/194
f 211/195/195 186/196/196 187/193/193
f 209/197/197 186/196/196 210/198/198
f 207/199/199 185/200/200 209/197/197
f 183/201/201 202/202/202 201/203/203
f 168/169/169 191/204/204 166/177/177
f 161/173/173 191/204/204 192/205/205
f 160/174/174 192/205/205 193/206/206
f 169/172/172 193/206/206 194/207/207
f 207/199/199 190/187/187 208/208/208
f 195/209/209 162/181/181 177/179/179
f 205/210/210 200/191/191 206/211/211
f 204/212/212 199/190/190 205/210/210
f 204/212/212 197/188/188 198/189/189
f 203/213/213 195/209/209 197/188/188
f 185/200/200 201/203/203 203/213/213
f 186/196/196 203/213/213 204/212/212
f 186/196/196 205/210/210 187/193/193
f 187/193/193 206/211/211 188/194/194
f 201/203/203 196/214/214 195/209/209
f 183/201/201 208/208/208 184/215/215
f 189/185/185 209/197/197 191/204/204
f 191/204/204 210/198/198 192/205/205
f 193/206/206 210/198/198 211/195/195
f 194/207/207 211/195/195 212/192/192
f 216/216/216 188/194/194 217/217/217
f 218/218/218 188/194/194 206/211/211
f 170/176/176 214/219/219 215/220/220
f 172/167/167 214/219/219 171/175/175
f 216/216/216 194/207/207 212/192/192
f 169/172/172 213/221/221 172/167/167
f 163/178/178 215/220/220 200/191/191
f 200/191/191 218/218/218 206/211/211
f 215/220/220 217/217/217 218/218/218
f 213/221/221 217/217/217 214/219/219
f 82/85/85 226/222/222 80/83/83
f 67/74/74 220/223/223 219/224/224
f 80/83/83 225/225/225 78/80/80
f 86/88/88 231/226/226 229/227/227
f 68/71/71 221/228/228 220/223/223
f 78/80/80 223/229/229 76/82/82
f 70/72/72 230/230/230 92/73/73
f 67/74/74 222/231/231 70/72/72
f 76/82/82 224/232/232 77/81/81
f 84/86/86 229/227/227 228/233/233
f 93/93/93 230/230/230 231/226/226
f 82/85/85 228/233/233 227/234/234
f 249/235/235 236/236/236 250/237/237
f 252/238/238 243/239/239 244/240/240
f 254/241/241 237/242/242 233/243/243
f 255/244/244 244/240/240 245/245/245
f 349/246/246 236/236/236 348/247/247
f 255/244/244 246/248/248 257/249/249
f 258/250/250 238/251/251 239/252/252
f 257/249/249 247/253/253 259/254/254
f 253/255/255 240/256/256 237/242/242
f 261/257/257 233/243/243 232/258/258
f 259/254/254 248/259/259 262/260/260
f 260/261/261 241/262/262 240/256/256
f 264/263/263 232/258/258 234/264/264
f 263/265/265 248/259/259 241/262/262
f 265/266/266 239/252/252 242/267/267
f 264/263/263 235/268/268 249/235/235
f 251/269/269 242/267/267 243/239/239
f 106/107/107 265/266/266 251/269/269
f 97/100/100 249/235/235 98/103/103
f 102/105/105 265/266/266 105/113/113
f 111/111/111 263/265/265 104/97/97
f 97/100/100 261/257/257 264/263/263
f 103/98/98 263/265/265 260/261/261
f 110/112/112 262/260/260 111/111/111
f 95/99/99 254/241/241 261/257/257
f 100/96/96 260/261/261 253/255/255
f 109/102/102 259/254/254 110/112/112
f 101/270/270 258/250/250 102/105/105
f 108/101/101 257/249/249 109/102/102
f 99/104/104 349/246/246 347/109/109
f 108/101/101 252/238/238 255/244/244
f 96/114/114 253/255/255 254/241/241
f 107/108/108 251/269/269 252/238/238
f 98/103/103 250/237/237 99/104/104
f 245/245/245 280/271/271 246/248/248
f 239/252/252 272/272/272 273/273/273
f 246/248/248 281/274/274 247/253/253
f 237/242/242 274/275/275 271/276/276
f 232/258/258 267/277/277 266/278/278
f 247/253/253 282/279/279 248/259/259
f 240/256/256 275/280/280 274/275/275
f 232/258/258 268/281/281 234/264/264
f 241/262/262 282/279/279 275/280/280
f 242/267/267 273/273/273 276/282/282
f 234/264/264 269/283/283 235/268/268
f 243/239/239 276/282/282 277/284/284
f 235/268/268 270/285/285 236/236/236
f 244/240/240 277/284/284 278/286/286
f 233/243/243 271/276/276 267/277/277
f 245/245/245 278/286/286 279/287/287
f 348/247/247 270/285/285 350/288/288
f 297/289/289 291/290/290 294/291/291
f 299/292/292 284/293/293 285/294/294
f 296/295/295 290/296/296 291/290/290
f 301/297/297 295/298/298 302/299/299
f 303/300/300 285/294/294 286/301/301
f 305/302/302 289/303/303 293/304/304
f 306/305/305 294/291/291 292/306/306
f 303/300/300 287/307/307 307/308/308
f 307/308/308 288/309/309 301/297/297
f 308/310/310 292/306/306 283/311/311
f 298/312/312 283/311/311 284/293/293
f 300/313/313 293/304/304 290/296/296
f 121/128/128 305/302/302 300/313/313
f 31/121/121 298/312/312 32/36/36
f 123/123/123 308/310/310 31/121/121
f 64/67/67 301/297/297 69/70/70
f 47/50/50 307/308/308 64/67/67
f 123/123/123 297/289/289 306/305/305
f 174/120/120 304/314/314 305/302/302
f 33/34/34 303/300/300 47/50/50
f 69/70/70 302/299/299 221/228/228
f 122/125/125 300/313/313 296/295/295
f 32/36/36 299/292/292 33/34/34
f 179/126/126 296/295/295 297/289/289
f 327/315/315 321/316/316 322/317/317
f 352/318/318 313/319/319 351/320/320
f 330/321/321 322/317/317 323/322/322
f 331/323/323 315/324/324 316/325/325
f 330/321/321 324/326/326 332/327/327
f 334/328/328 317/329/329 314/330/330
f 336/331/331 310/332/332 309/333/333
f 332/327/327 325/334/334 337/335/335
f 333/336/336 318/337/337 317/329/329
f 336/331/331 311/338/338 339/339/339
f 337/335/335 318/337/337 338/340/340
f 331/323/323 319/341/341 340/342/342
f 339/339/339 312/343/343 341/344/344
f 340/342/342 320/345/345 342/346/346
f 341/344/344 313/319/319 328/347/347
f 342/346/346 321/316/316 326/348/348
f 335/349/349 314/330/330 310/332/332
f 267/277/277 334/328/328 335/349/349
f 278/286/286 342/346/346 326/348/348
f 269/283/283 328/347/347 270/285/285
f 277/284/284 340/342/342 342/346/346
f 268/281/281 341/344/344 269/283/283
f 276/282/282 331/323/323 340/342/342
f 275/280/280 337/335/335 338/340/340
f 266/278/278 339/339/339 268/281/281
f 274/275/275 338/340/340 333/336/336
f 281/274/274 337/335/335 282/279/279
f 266/278/278 335/349/349 336/331/331
f 271/276/276 333/336/336 334/328/328
f 280/271/271 332/327/327 281/274/274
f 273/273/273 329/350/350 331/323/323
f 279/287/287 330/321/321 280/271/271
f 270/285/285 352/318/318 350/288/288
f 279/287/287 326/348/348 327/315/315
f 311/338/338 364/351/351 312/343/343
f 355/352/352 323/322/322 322/317/317
f 357/353/353 322/317/317 321/316/316
f 359/354/354 321/316/316 320/345/345
f 361/355/355 320/345/345 319/341/341
f 361/355/355 316/325/325 363/356/356
f 272/272/272 352/318/318 329/350/350
f 352/318/318 315/324/324 329/350/350
f 238/251/251 350/288/288 272/272/272
f 347/109/109 256/357/357 101/270/270
f 256/357/357 348/247/247 238/251/251
f 343/110/110 101/270/270 53/55/55
f 52/51/51 345/60/60 42/53/53
f 43/42/42 345/60/60 346/57/57
f 52/51/51 343/110/110 344/54/54
f 371/358/358 363/356/356 372/359/359
f 311/338/338 360/360/360 362/361/361
f 370/362/362 361/355/355 371/358/358
f 309/333/333 358/363/363 360/360/360
f 370/362/362 357/353/353 359/354/354
f 310/332/332 356/364/364 358/363/363
f 369/365/365 355/352/352 357/353/353
f 317/329/329 356/364/364 314/330/330
f 368/366/366 354/367/367 355/352/352
f 366/368/368 367/369/369 353/370/370
f 365/371/371 323/322/322 354/367/367
f 365/371/371 367/369/369 373/372/372
f 366/368/368 317/329/329 318/337/337
f 356/364/364 367/369/369 368/366/366
f 358/363/363 368/366/366 369/365/365
f 360/360/360 369/365/365 370/362/362
f 360/360/360 371/358/358 362/361/361
f 362/361/361 372/359/359 364/351/351
f 324/326/326 373/372/372 325/334/334
f 373/372/372 318/337/337 325/334/334
f 363/356/356 315/324/324 351/320/320
f 313/319/319 364/351/351 351/320/320
f 351/320/320 372/359/359 363/356/356
f 461/373/373 375/374/374 462/375/375
f 463/376/376 382/377/377 464/378/378
f 466/379/379 379/380/380 378/381/381
f 467/382/382 376/383/383 468/384/384
f 468/384/384 374/385/385 461/373/373
f 469/386/386 382/377/377 380/387/387
f 465/388/388 380/387/387 379/380/380
f 467/382/382 378/381/381 377/389/389
f 390/390/390 387/391/391 391/392/392
f 393/393/393 384/394/394 385/395/395
f 391/392/392 388/396/396 394/397/397
f 390/390/390 385/395/395 386/398/398
f 394/397/397 389/399/399 395/400/400
f 396/401/401 384/394/394 392/402/402
f 284/293/293 396/403/401 392/404/402
f 288/309/309 395/405/400 295/298/298
f 285/294/294 390/406/390 286/301/301
f 287/307/307 394/407/397 288/309/309
f 285/294/294 392/404/402 393/408/393
f 286/301/301 391/409/392 287/307/307
f 400/410/403 398/411/404 397/412/405
f 383/413/406 399/414/407 400/410/403
f 403/415/408 399/416/407 406/417/409
f 401/418/410 408/419/411 407/420/412
f 402/421/413 404/422/414 401/418/410
f 403/415/408 405/423/415 402/421/413
f 407/420/412 293/304/304 289/303/303
f 406/417/409 396/403/401 283/311/311
f 406/417/409 292/306/306 405/423/415
f 405/423/415 294/291/291 404/422/414
f 404/422/414 291/290/290 408/419/411
f 408/419/411 290/296/296 293/304/304
f 389/424/399 410/425/416 395/426/400
f 409/427/417 412/428/418 410/425/416
f 423/429/419 414/430/420 424/431/421
f 413/432/422 416/433/423 414/430/420
f 415/434/424 418/435/425 416/433/423
f 417/436/426 420/437/427 418/435/425
f 419/438/428 422/439/429 420/437/427
f 411/440/430 424/431/421 412/428/418
f 471/441/431 425/442/432 426/443/433
f 463/376/376 222/231/231 471/441/431
f 425/442/432 428/444/434 426/443/433
f 470/445/435 220/223/223 472/446/436
f 410/447/416 430/448/437 395/405/400
f 898/449/438 892/450/439 433/451/440
f 889/452/441 437/453/442 436/454/443
f 890/455/444 436/454/443 435/456/445
f 891/457/446 435/456/445 434/458/447
f 424/459/421 432/460/448 412/461/418
f 412/461/418 431/462/449 410/447/416
f 420/463/427 890/455/444 418/464/425
f 295/298/298 430/448/437 429/465/450
f 302/299/299 429/465/450 439/466/451
f 429/465/450 904/467/452 893/468/453
f 451/469/454 440/470/455 441/471/456
f 440/470/455 443/472/457 441/471/456
f 442/473/458 445/474/459 443/472/457
f 447/475/460 444/476/461 449/477/462
f 446/478/463 428/444/434 427/479/464
f 447/475/460 448/480/465 446/478/463
f 894/481/466 457/482/467 450/483/468
f 454/484/469 450/483/468 457/482/467
f 418/464/425 891/457/446 416/485/423
f 458/486/470 456/487/471 459/488/472
f 453/489/473 457/482/467 456/487/471
f 452/490/474 459/488/472 455/491/475
f 438/492/476 899/493/477 432/460/448
f 431/462/449 904/467/452 430/448/437
f 906/494/478 540/495/479 528/496/480
f 903/497/481 456/487/471 457/482/467
f 902/498/482 459/488/472 456/487/471
f 432/460/448 901/499/483 431/462/449
f 416/485/423 892/450/439 414/500/420
f 896/501/484 528/496/480 439/466/451
f 439/466/451 893/468/453 896/501/484
f 425/442/432 472/446/436 427/479/464
f 381/502/485 471/441/431 426/443/433
f 219/224/224 471/441/431 222/231/231
f 227/234/234 467/382/382 226/222/222
f 228/233/233 469/386/386 465/388/388
f 229/227/227 464/378/378 469/386/386
f 225/225/225 461/373/373 223/229/229
f 226/222/222 468/384/384 225/225/225
f 227/234/234 465/388/388 466/379/379
f 231/226/226 463/376/376 464/378/378
f 223/229/229 462/375/375 224/232/232
f 839/503/486 480/504/487 481/505/488
f 841/506/489 479/507/490 478/508/491
f 843/509/492 477/510/493 476/511/494
f 844/512/495 474/513/496 845/514/497
f 840/515/498 481/505/488 479/507/490
f 842/516/499 478/508/491 477/510/493
f 846/517/500 476/511/494 475/518/501
f 844/512/495 475/518/501 473/519/502
f 848/520/503 491/521/504 489/522/505
f 849/523/506 483/524/507 850/525/508
f 852/526/509 490/527/510 484/528/511
f 853/529/512 488/530/513 854/531/514
f 853/529/512 485/532/515 486/533/516
f 851/534/517 489/522/505 490/527/510
f 854/531/514 487/535/518 849/523/506
f 855/536/519 484/528/511 485/532/515
f 850/525/508 482/537/520 856/538/521
f 857/539/522 495/540/523 858/541/524
f 860/542/525 494/543/526 493/544/527
f 862/545/528 492/546/529 498/547/530
f 859/548/531 495/540/523 494/543/526
f 861/549/532 493/544/527 492/546/529
f 863/550/533 498/547/530 497/551/534
f 458/486/470 863/550/533 847/552/535
f 381/502/485 856/538/521 838/553/536
f 548/554/537 502/555/538 501/556/539
f 864/557/540 515/558/541 877/559/542
f 865/560/543 522/561/544 878/562/545
f 866/563/546 510/564/547 879/565/548
f 867/566/549 523/567/550 865/560/543
f 868/568/551 885/569/552 887/570/553
f 879/565/548 511/571/554 880/572/555
f 878/562/545 516/573/556 881/574/557
f 869/575/558 503/576/559 868/568/551
f 880/572/555 513/577/560 882/578/561
f 870/579/562 505/580/563 883/581/564
f 871/582/565 504/583/566 869/575/558
f 872/584/567 508/585/568 884/586/569
f 873/587/570 517/588/571 867/566/549
f 883/581/564 506/589/572 871/582/565
f 882/578/561 512/590/573 872/584/567
f 549/591/574 501/556/539 499/592/575
f 874/593/576 518/594/577 873/587/570
f 877/559/542 509/595/578 866/563/546
f 553/596/579 623/597/580 578/598/581
f 875/599/582 519/600/583 874/593/576
f 881/574/557 514/601/584 864/557/540
f 876/602/585 520/603/586 875/599/582
f 445/474/459 530/604/587 443/472/457
f 445/474/459 533/605/588 531/606/589
f 220/223/223 525/607/590 524/608/591
f 900/609/592 455/491/475 459/488/472
f 439/466/451 526/610/593 302/299/299
f 441/471/456 534/611/594 451/469/454
f 446/478/463 527/612/595 532/613/596
f 427/479/464 535/614/597 527/612/595
f 447/475/460 532/613/596 533/605/588
f 443/472/457 529/615/598 441/471/456
f 221/228/228 526/610/593 525/607/590
f 472/446/436 524/608/591 535/614/597
f 451/469/454 905/616/599 895/617/600
f 531/606/589 542/618/601 530/604/587
f 524/608/591 537/619/602 536/620/603
f 531/606/589 545/621/604 543/622/605
f 525/607/590 538/623/606 537/619/602
f 532/613/596 539/624/607 544/625/608
f 527/612/595 547/626/609 539/624/607
f 533/605/588 544/625/608 545/621/604
f 528/496/480 538/623/606 526/610/593
f 534/611/594 541/627/610 546/628/611
f 534/611/594 907/629/612 905/616/599
f 535/614/597 536/620/603 547/626/609
f 908/630/613 922/631/614 540/495/479
f 529/615/598 542/618/601 541/627/610
f 579/632/615 567/633/616 548/554/537
f 584/634/617 614/635/618 553/596/579
f 561/636/619 548/554/537 549/591/574
f 490/527/510 564/637/620 550/638/621
f 592/639/622 551/640/623 565/641/624
f 497/551/534 565/641/624 551/640/623
f 594/642/625 555/643/626 568/644/627
f 477/510/493 554/645/628 476/511/494
f 591/646/629 550/638/621 564/637/620
f 593/647/630 552/648/631 584/634/617
f 485/532/515 568/644/627 555/643/626
f 595/649/632 565/641/624 569/650/633
f 498/547/530 569/650/633 565/641/624
f 585/651/634 556/652/635 555/643/626
f 478/508/491 566/653/636 477/510/493
f 486/533/516 555/643/626 556/652/635
f 583/654/637 557/655/638 551/640/623
f 491/521/504 551/640/623 557/655/638
f 571/656/639 596/657/640 570/658/641
f 479/507/490 570/658/641 478/508/491
f 588/659/642 556/652/635 586/660/643
f 488/530/513 556/652/635 558/661/644
f 572/662/645 589/663/646 559/664/647
f 482/537/520 559/664/647 480/504/487
f 573/665/648 597/666/649 571/656/639
f 481/505/488 571/656/639 479/507/490
f 574/667/650 590/668/651 560/669/652
f 487/535/518 560/669/652 483/524/507
f 601/670/653 569/650/633 575/671/654
f 492/546/529 575/671/654 569/650/633
f 599/672/655 559/664/647 589/663/646
f 480/504/487 573/665/648 481/505/488
f 600/673/656 558/661/644 588/659/642
f 488/530/513 574/667/650 487/535/518
f 602/674/657 575/671/654 576/675/658
f 493/544/527 576/675/658 575/671/654
f 582/676/659 568/644/627 550/638/621
f 475/518/501 563/677/660 473/519/502
f 577/678/661 562/679/662 563/677/660
f 584/634/617 624/680/663 613/681/664
f 484/528/511 550/638/621 568/644/627
f 580/682/665 602/674/657 576/675/658
f 495/540/523 576/675/658 494/543/526
f 587/683/666 564/637/620 557/655/638
f 562/679/662 609/684/667 563/677/660
f 561/636/619 622/685/668 579/632/615
f 561/636/619 611/686/669 615/687/670
f 489/522/505 557/655/638 564/637/620
f 581/688/671 603/689/672 580/682/665
f 496/690/673 580/682/665 495/540/523
f 598/691/674 560/669/652 590/668/651
f 476/511/494 577/678/661 475/518/501
f 554/645/628 578/598/581 577/678/661
f 562/679/662 623/597/580 617/692/675
f 483/524/507 572/662/645 482/537/520
f 566/653/636 593/647/630 554/645/628
f 563/677/660 605/693/676 473/519/502
f 474/513/496 605/693/676 606/694/677
f 499/695/575 608/696/678 607/697/679
f 553/596/579 593/647/630 584/634/617
f 612/698/680 607/699/679 608/700/678
f 618/701/681 611/686/669 612/698/680
f 616/702/682 622/685/668 615/687/670
f 605/693/676 610/703/683 606/694/677
f 609/684/667 620/704/684 610/703/683
f 619/705/685 615/687/670 618/701/681
f 621/706/686 624/680/663 622/685/668
f 614/635/618 621/706/686 623/597/580
f 617/692/675 619/705/685 620/704/684
f 623/597/580 616/702/682 617/692/675
f 549/591/574 607/699/679 611/686/669
f 579/632/615 624/680/663 552/648/631
f 884/586/569 507/707/687 870/579/562
f 645/708/688 635/709/689 641/710/690
f 650/711/691 631/712/692 651/713/693
f 654/714/694 641/710/690 636/715/695
f 659/716/696 625/717/697 660/718/698
f 651/719/693 634/720/699 663/721/700
f 669/722/701 638/723/702 639/724/703
f 660/718/698 626/725/704 672/726/705
f 659/716/696 632/727/706 633/728/707
f 678/729/708 636/715/695 637/730/709
f 672/726/705 627/731/710 681/732/711
f 681/732/711 628/733/712 684/734/713
f 663/721/700 635/709/689 644/735/714
f 669/722/701 640/736/715 687/737/716
f 684/734/713 629/738/717 690/739/718
f 668/740/719 637/730/709 638/723/702
f 690/739/718 630/741/720 650/711/691
f 387/391/391 648/742/721 388/396/396
f 692/743/722 649/744/723 648/742/721
f 691/745/724 650/711/691 649/744/723
f 417/436/426 680/746/725 666/747/726
f 666/747/726 679/748/727 667/749/728
f 667/749/728 678/729/708 668/740/719
f 386/398/398 692/743/722 387/391/391
f 686/750/729 691/745/724 692/743/722
f 685/751/730 690/739/718 691/745/724
f 421/752/731 671/753/732 689/754/733
f 689/754/733 670/755/734 688/756/735
f 688/756/735 669/722/701 687/737/716
f 411/440/430 665/757/736 642/758/737
f 642/758/737 664/759/738 643/760/739
f 643/760/739 663/721/700 644/735/714
f 385/395/395 686/750/729 386/398/398
f 686/750/729 682/761/740 685/751/730
f 682/761/740 684/734/713 685/751/730
f 384/394/394 683/762/741 385/395/395
f 683/762/741 673/763/742 682/761/740
f 682/761/740 672/726/705 681/732/711
f 415/434/424 656/764/743 680/746/725
f 680/746/725 655/765/744 679/748/727
f 679/748/727 654/714/694 678/729/708
f 400/410/403 675/766/745 657/767/746
f 657/767/746 676/768/747 658/769/748
f 658/769/748 677/770/749 659/716/696
f 383/413/406 674/771/750 384/394/394
f 674/771/750 661/772/751 673/763/742
f 673/763/742 660/718/698 672/726/705
f 419/438/428 666/747/726 671/753/732
f 671/753/732 667/749/728 670/755/734
f 670/755/734 668/740/719 669/722/701
f 409/427/417 653/773/752 665/757/736
f 665/757/736 652/774/753 664/759/738
f 652/774/753 663/721/700 664/759/738
f 400/410/403 662/775/754 383/413/406
f 662/775/754 658/769/748 661/772/751
f 661/772/751 659/716/696 660/718/698
f 413/432/422 647/776/755 656/764/743
f 656/764/743 646/777/756 655/765/744
f 655/765/744 645/708/688 654/714/694
f 389/399/399 648/742/721 653/778/752
f 653/778/752 649/744/723 652/779/753
f 649/744/723 651/713/693 652/779/753
f 423/429/419 642/758/737 647/776/755
f 647/776/755 643/760/739 646/777/756
f 646/777/756 644/735/714 645/708/688
f 542/618/601 925/780/757 923/781/758
f 536/620/603 917/782/759 918/783/760
f 545/621/604 925/780/757 543/622/605
f 537/619/602 919/784/761 917/782/759
f 544/625/608 921/785/762 927/786/763
f 539/624/607 920/787/764 921/785/762
f 545/621/604 927/786/763 926/788/765
f 540/495/479 919/784/761 538/623/606
f 541/627/610 928/789/766 546/628/611
f 546/628/611 929/790/767 907/629/612
f 547/626/609 918/783/760 920/787/764
f 438/492/476 414/500/420 892/450/439
f 541/627/610 923/781/758 924/791/768
f 710/792/769 707/793/770 711/794/771
f 713/795/772 708/796/773 709/797/774
f 712/798/775 707/793/770 708/796/773
f 714/799/776 706/800/777 710/801/769
f 723/802/778 710/801/769 720/803/779
f 715/804/780 712/798/775 722/805/781
f 717/806/782 712/798/775 713/795/772
f 720/807/779 711/794/771 715/804/780
f 631/808/692 716/809/783 634/720/699
f 719/810/784 715/804/780 716/809/783
f 641/710/690 721/811/785 718/812/786
f 721/811/785 717/806/782 718/812/786
f 634/720/699 721/811/785 635/709/689
f 716/809/783 722/805/781 721/811/785
f 931/813/787 725/814/788 932/815/789
f 723/802/778 731/816/790 714/799/776
f 932/815/789 726/817/791 933/818/792
f 714/799/776 730/819/793 705/820/794
f 933/818/792 727/821/795 934/822/796
f 628/733/712 934/822/796 629/738/717
f 934/822/796 728/823/797 935/824/798
f 745/825/799 737/826/800 746/827/801
f 753/828/802 734/829/803 754/830/804
f 762/831/805 741/832/806 740/833/807
f 754/830/804 735/834/808 766/835/809
f 747/836/810 761/837/811 760/838/812
f 770/839/813 938/840/814 936/841/815
f 766/835/809 736/842/816 745/825/799
f 762/831/805 739/843/817 774/844/818
f 731/816/790 777/845/819 730/819/793
f 765/846/820 776/847/821 777/845/819
f 764/848/822 775/849/823 776/847/821
f 763/850/824 774/844/818 775/849/823
f 773/851/825 937/852/826 940/853/827
f 728/823/797 758/854/828 732/855/829
f 749/856/830 759/857/831 758/854/828
f 748/858/832 760/838/812 759/857/831
f 726/817/791 742/859/833 727/821/795
f 769/860/834 743/861/835 742/859/833
f 768/862/836 744/863/837 743/861/835
f 767/864/838 745/825/799 744/863/837
f 771/865/839 939/866/840 938/840/814
f 772/867/841 940/853/827 939/866/840
f 936/841/815 724/868/842 941/869/843
f 725/814/788 769/860/834 726/817/791
f 757/870/844 768/862/836 769/860/834
f 756/871/845 767/864/838 768/862/836
f 755/872/846 766/835/809 767/864/838
f 732/855/829 765/846/820 731/816/790
f 758/854/828 764/848/822 765/846/820
f 759/857/831 763/850/824 764/848/822
f 760/838/812 762/831/805 763/850/824
f 724/868/842 757/870/844 725/814/788
f 750/873/847 756/871/845 757/870/844
f 751/874/848 755/872/846 756/871/845
f 752/875/849 754/830/804 755/872/846
f 727/821/795 749/856/830 728/823/797
f 742/859/833 748/858/832 749/856/830
f 743/861/835 747/836/810 748/858/832
f 744/863/837 746/827/801 747/836/810
f 637/730/709 778/876/850 779/877/851
f 713/795/772 786/878/852 717/806/782
f 638/723/702 779/877/851 780/879/853
f 718/812/786 783/880/854 641/710/690
f 717/806/782 787/881/855 718/812/786
f 639/724/703 780/879/853 781/882/856
f 636/715/695 783/880/854 778/876/850
f 709/797/774 785/883/857 713/795/772
f 639/724/703 782/884/858 640/736/715
f 802/885/859 789/886/860 790/887/861
f 810/888/862 794/889/863 795/890/864
f 814/891/865 790/887/861 791/892/866
f 822/893/867 793/894/868 788/895/869
f 826/896/870 795/890/864 796/897/871
f 830/898/872 791/892/866 792/899/873
f 801/900/874 788/895/869 789/886/860
f 834/901/875 796/897/871 797/902/876
f 821/903/877 797/902/876 793/894/868
f 787/881/855 818/904/878 783/880/854
f 818/904/878 836/905/879 819/906/880
f 819/906/880 835/907/881 820/908/882
f 820/908/882 834/901/875 821/903/877
f 786/878/852 837/909/883 787/881/855
f 837/909/883 828/910/884 836/905/879
f 836/905/879 827/911/885 835/907/881
f 835/907/881 826/896/870 834/901/875
f 779/877/851 825/912/886 798/913/887
f 798/913/887 824/914/888 799/915/889
f 799/915/889 823/916/890 800/917/891
f 800/917/891 822/893/867 801/900/874
f 782/884/858 817/918/892 833/919/893
f 833/919/893 816/920/894 832/921/895
f 832/921/895 815/922/896 831/923/897
f 831/923/897 814/891/865 830/898/872
f 785/883/857 829/924/898 786/878/852
f 829/924/898 812/925/899 828/910/884
f 828/910/884 811/926/900 827/911/885
f 827/911/885 810/888/862 826/896/870
f 778/876/850 818/904/878 825/912/886
f 825/912/886 819/906/880 824/914/888
f 824/914/888 820/908/882 823/916/890
f 823/916/890 821/903/877 822/893/867
f 781/882/856 805/927/901 817/918/892
f 817/918/892 804/928/902 816/920/894
f 816/920/894 803/929/903 815/922/896
f 815/922/896 802/885/859 814/891/865
f 785/883/857 806/930/904 813/931/905
f 813/931/905 807/932/906 812/925/899
f 812/925/899 808/933/907 811/926/900
f 811/926/900 809/934/908 810/888/862
f 780/879/853 798/913/887 805/927/901
f 805/927/901 799/915/889 804/928/902
f 804/928/902 800/917/891 803/929/903
f 803/929/903 801/900/874 802/885/859
f 480/504/487 856/538/521 482/537/520
f 847/552/535 497/551/534 491/521/504
f 452/490/474 862/545/528 863/550/533
f 434/458/447 861/549/532 433/451/440
f 435/456/445 858/541/524 859/548/531
f 460/935/909 861/549/532 862/545/528
f 434/458/447 859/548/531 860/542/525
f 436/454/443 857/539/522 858/541/524
f 428/444/434 856/538/521 426/443/433
f 442/473/458 852/526/509 855/536/519
f 449/477/462 849/523/506 448/480/465
f 454/484/469 848/520/503 851/534/517
f 444/476/461 855/536/519 853/529/512
f 444/476/461 854/531/514 449/477/462
f 440/470/455 851/534/517 852/526/509
f 448/480/465 850/525/508 428/444/434
f 453/489/473 847/552/535 848/520/503
f 374/385/385 846/517/500 844/512/495
f 376/383/383 843/509/492 846/517/500
f 378/381/381 841/506/489 842/516/499
f 380/387/387 839/503/486 840/515/498
f 375/374/374 844/512/495 845/514/497
f 377/389/389 842/516/499 843/509/492
f 379/380/380 840/515/498 841/506/489
f 382/377/377 838/553/536 839/503/486
f 590/668/651 870/579/562 598/691/674
f 604/936/910 875/599/582 603/689/672
f 591/646/629 881/574/557 864/557/540
f 603/689/672 874/593/576 602/674/657
f 594/642/625 877/559/542 866/563/546
f 602/674/657 873/587/570 601/670/653
f 588/659/642 872/584/567 600/673/656
f 589/663/646 871/582/565 599/672/655
f 595/649/632 873/587/570 867/566/549
f 600/673/656 884/586/569 590/668/651
f 599/672/655 869/575/558 597/666/649
f 598/691/674 883/581/564 589/663/646
f 586/660/643 882/578/561 588/659/642
f 597/666/649 868/568/551 596/657/640
f 587/683/666 878/562/545 881/574/557
f 585/651/634 880/572/555 586/660/643
f 592/639/622 867/566/549 865/560/543
f 585/651/634 866/563/546 879/565/548
f 583/654/637 865/560/543 878/562/545
f 582/676/659 864/557/540 877/559/542
f 596/657/640 887/570/553 886/937/911
f 886/937/911 567/633/616 593/647/630
f 887/570/553 502/555/538 567/633/616
f 570/658/641 886/937/911 566/653/636
f 420/463/427 888/938/912 889/452/441
f 894/481/466 896/501/484 893/468/453
f 902/498/482 904/467/452 901/499/483
f 900/609/592 901/499/483 899/493/477
f 897/939/913 899/493/477 898/449/438
f 903/497/481 893/468/453 904/467/452
f 906/494/478 895/617/600 905/616/599
f 905/616/599 908/630/613 906/494/478
f 907/629/612 930/940/914 908/630/613
f 895/617/600 450/483/468 451/469/454
f 892/450/439 434/458/447 433/451/440
f 898/449/438 460/935/909 897/939/913
f 455/491/475 460/935/909 452/490/474
f 911/941/915 696/942/916 704/943/917
f 914/944/918 701/945/919 911/941/915
f 914/944/918 700/946/920 702/947/921
f 912/948/922 704/943/917 693/949/923
f 912/948/922 914/944/918 911/941/915
f 915/950/924 699/951/925 914/944/918
f 913/952/926 693/949/923 694/953/927
f 916/954/928 912/948/922 913/952/926
f 703/955/929 915/950/924 916/954/928
f 697/956/930 694/953/927 695/957/931
f 909/958/932 913/952/926 697/956/930
f 910/959/933 916/954/928 909/958/932
f 694/953/927 918/783/760 917/782/759
f 695/957/931 917/782/759 919/784/761
f 704/943/917 921/785/762 920/787/764
f 695/957/931 922/631/614 697/956/930
f 699/951/925 924/791/768 923/781/758
f 700/946/920 923/781/758 925/780/757
f 700/946/920 926/788/765 702/947/921
f 696/942/916 927/786/763 921/785/762
f 702/947/921 927/786/763 701/945/919
f 703/955/929 924/791/768 698/960/934
f 693/949/923 920/787/764 918/783/760
f 909/958/932 929/790/767 910/959/933
f 697/956/930 930/940/914 909/958/932
f 910/959/933 928/789/766 703/955/929
f 746/827/801 741/832/806 761/837/811
f 629/738/717 935/824/798 630/741/720
f 627/731/710 933/818/792 628/733/712
f 626/725/704 932/815/789 627/731/710
f 719/961/784 630/741/720 935/824/798
f 723/802/778 719/961/784 935/824/798
f 732/855/829 935/824/798 728/823/797
f 940/853/827 733/962/935 753/828/802
f 938/840/814 752/875/849 751/874/848
f 939/866/840 753/828/802 752/875/849
f 936/841/815 729/963/936 770/839/813
f 936/841/815 751/874/848 750/873/847
f 946/964/937 729/963/936 941/869/843
f 632/727/706 943/965/938 633/728/707
f 931/813/787 625/717/697 944/966/939
f 944/966/939 633/728/707 943/965/938
f 944/966/939 724/868/842 931/813/787
f 946/964/937 944/966/939 943/965/938
f 942/967/940 946/964/937 943/965/938
f 952/968/941 794/889/863 947/969/942
f 955/970/943 795/890/864 952/968/941
f 958/971/944 796/897/871 955/970/943
f 961/972/945 797/902/876 958/971/944
f 964/973/946 793/894/868 961/972/945
f 967/974/946 788/895/869 964/973/946
f 970/975/947 789/886/860 967/974/946
f 973/976/946 790/887/861 970/975/947
f 976/977/948 791/892/866 973/976/946
f 977/978/949 794/979/863 809/980/908
f 977/978/949 808/981/907 980/982/950
f 980/982/950 807/983/906 983/984/951
f 983/984/951 806/985/904 986/986/952
f 986/986/952 784/987/953 989/988/954
f 730/819/793 988/989/955 991/990/956
f 991/990/956 987/991/957 990/992/958
f 987/991/957 989/988/954 990/992/958
f 777/845/819 985/993/959 988/989/955
f 988/989/955 984/994/960 987/991/957
f 984/994/960 986/986/952 987/991/957
f 776/847/821 982/995/961 985/993/959
f 985/993/959 981/996/962 984/994/960
f 981/996/962 983/984/951 984/994/960
f 775/849/823 979/997/963 982/995/961
f 979/997/963 981/996/962 982/995/961
f 978/998/964 980/982/950 981/996/962
f 739/843/817 979/997/963 774/844/818
f 949/999/965 978/998/964 979/997/963
f 948/1000/966 977/978/949 978/998/964
f 937/1001/826 974/1002/967 971/1003/968
f 971/1003/968 975/1004/969 972/1005/969
f 972/1005/969 976/977/948 973/976/946
f 733/1006/935 971/1003/968 968/1007/970
f 968/1007/970 972/1005/969 969/1008/969
f 969/1008/969 973/976/946 970/975/947
f 734/1009/803 968/1007/970 965/1010/971
f 965/1010/971 969/1008/969 966/1011/969
f 966/1011/969 970/975/947 967/974/946
f 735/1012/808 965/1010/971 962/1013/972
f 965/1010/971 963/1014/969 962/1013/972
f 966/1011/969 964/973/946 963/1014/969
f 736/1015/816 962/1013/972 959/1016/973
f 962/1013/972 960/1017/974 959/1016/973
f 963/1014/969 961/972/945 960/1017/974
f 737/1018/800 959/1016/973 956/1019/975
f 956/1019/975 960/1017/974 957/1020/976
f 960/1017/974 958/971/944 957/1020/976
f 741/1021/806 956/1019/975 953/1022/977
f 953/1022/977 957/1020/976 954/1023/978
f 954/1023/978 958/971/944 955/970/943
f 740/1024/807 953/1022/977 950/1025/979
f 950/1025/979 954/1023/978 951/1026/980
f 951/1026/980 955/970/943 952/968/941
f 739/1027/817 950/1025/979 949/1028/965
f 949/1028/965 951/1026/980 948/1029/966
f 948/1029/966 952/968/941 947/969/942
f 989/988/954 709/1030/774 708/1031/773
f 990/992/958 708/1031/773 707/1032/770
f 990/992/958 706/800/777 991/990/956
f 991/990/956 705/820/794 730/819/793
f 1009/1033/981 997/1034/982 994/1035/983
f 1016/1036/984 995/1037/985 1017/1038/986
f 993/1039/987 995/1037/985 992/1040/988
f 1028/1041/989 996/1042/990 993/1039/987
f 994/1035/983 1031/1043/991 1009/1033/981
f 993/1039/987 1030/1044/992 1028/1041/989
f 992/1040/988 999/1045/993 993/1039/987
f 999/1045/993 1003/1046/994 1030/1044/992
f 998/1047/995 1002/1048/996 999/1045/993
f 1018/1049/997 50/11/11 11/10/10
f 1018/1049/997 13/13/13 1019/1050/998
f 1005/1051/999 1003/1046/994 1007/1052/1000
f 1037/1053/1001 1021/1054/1002 1020/1055/1003
f 1005/1051/999 1013/1056/1004 1032/1057/1005
f 1014/1058/1006 1010/1059/1007 1009/1033/981
f 124/129/129 1023/1060/1008 1022/1061/1009
f 1009/1033/981 1012/1062/1010 1014/1058/1006
f 1008/1063/1011 1020/1055/1003 1022/1061/1009
f 1014/1058/1006 1004/1064/1012 1033/1065/1013
f 1011/1066/1014 1014/1058/1006 1033/1065/1013
f 1032/1057/1005 1006/1067/1015 1037/1053/1001
f 1024/1068/1016 114/1069/1017 112/115/115
f 1025/1070/1018 112/115/115 1/1/1
f 1026/1071/1019 1/1/1 5/4/4
f 1027/1072/1020 5/4/4 7/6/6
f 1027/1072/1020 9/8/8 1017/1038/986
f 995/1037/985 1027/1072/1020 1017/1038/986
f 996/1042/990 1026/1071/1019 1027/1072/1020
f 1036/1073/1021 1026/1071/1019 1029/1074/1022
f 1035/1075/1023 1025/1070/1018 1036/1073/1021
f 1034/1076/1024 1024/1068/1016 1035/1075/1023
f 124/129/129 1020/1055/1003 128/134/134
f 1022/1061/1009 1034/1076/1024 1008/1063/1011
f 1020/1055/1003 126/132/132 128/134/134
f 998/1047/995 1019/1050/998 1001/1077/1025
f 998/1047/995 1016/1036/984 1018/1049/997
f 50/11/11 1017/1038/986 9/8/8
f 997/1034/982 1028/1041/989 994/1035/983
f 1000/1078/1026 1028/1041/989 1030/1044/992
f 1000/1078/1026 1005/1051/999 1031/1043/991
f 1031/1043/991 1032/1057/1005 1012/1062/1010
f 1011/1066/1014 1008/1063/1011 1034/1076/1024
f 1010/1059/1007 1035/1075/1023 1036/1073/1021
f 997/1034/982 1036/1073/1021 1029/1074/1022
f 1004/1064/1012 1008/1063/1011 1033/1065/1013
f 1012/1062/1010 1037/1053/1001 1004/1064/1012
f 1011/1066/1014 1035/1075/1023 1015/1079/1027
f 1038/1080/1028 1041/1081/1029 1039/1082/1030
f 1042/1083/1031 1040/1084/1032 1038/1080/1028
f 1044/1085/1033 1043/1086/1034 1042/1083/1031
f 1044/1085/1033 1047/1087/1035 1045/1088/1036
f 1048/1089/1037 1082/1090/1038 1083/1091/1039
f 1048/1089/1037 14/12/12 1049/1092/1040
f 1045/1088/1036 1052/1093/1041 1043/1086/1034
f 21/18/18 1049/1092/1040 14/12/12
f 1047/1087/1035 1053/1094/1042 1045/1088/1036
f 1043/1086/1034 1050/1095/1043 1040/1084/1032
f 1082/1090/1038 1054/1096/1044 1047/1087/1035
f 1040/1084/1032 1051/1097/1045 1041/1081/1029
f 1058/1098/1046 1041/1081/1029 1051/1097/1045
f 1057/1099/1047 1039/1082/1030 1041/1081/1029
f 1061/1100/1048 1068/1101/1049 1069/1102/1050
f 1060/1103/1051 1070/1104/1052 1068/1101/1049
f 1064/1105/1053 1060/1103/1051 1061/1100/1048
f 1063/1106/1054 1059/1107/1055 1060/1103/1051
f 1067/1108/1056 1063/1106/1054 1064/1105/1053
f 1066/1109/1057 1062/1110/1058 1063/1106/1054
f 1068/1101/1049 1118/1111/1059 1117/1112/1060
f 1069/1102/1050 1117/1112/1060 1116/1113/1061
f 1073/1114/1062 1050/1095/1043 1052/1093/1041
f 43/42/42 1055/1115/1063 21/18/18
f 1053/1094/1042 1073/1114/1062 1052/1093/1041
f 1061/1100/1048 1079/1116/1064 1064/1105/1053
f 1072/1117/1065 1058/1098/1046 1051/1097/1045
f 1054/1096/1044 1074/1118/1066 1053/1094/1042
f 1069/1102/1050 1078/1119/1067 1061/1100/1048
f 1071/1120/1068 1051/1097/1045 1050/1095/1043
f 1064/1105/1053 1080/1121/1069 1067/1108/1056
f 1084/1122/1070 1075/1123/1071 1054/1096/1044
f 1116/1113/1061 1081/1124/1072 1069/1102/1050
f 1076/1125/1073 1084/1122/1070 1055/1115/1063
f 1055/1115/1063 1082/1090/1038 1049/1092/1040
f 1046/1126/1074 1082/1090/1038 1047/1087/1035
f 1355/1127/1075 1086/1128/1076 1354/1129/1077
f 346/57/57 1087/1130/1078 1356/1131/1079
f 1356/1131/1079 1088/1132/1080 1355/1127/1075
f 1088/1132/1080 1089/1133/1081 1086/1128/1076
f 55/59/59 1090/1134/1082 1087/1130/1078
f 1087/1130/1078 1091/1135/1083 1088/1132/1080
f 1078/1119/1067 1094/1136/1084 1079/1116/1064
f 1079/1116/1064 1095/1137/1085 1080/1121/1069
f 1119/1138/1086 1096/1139/1087 1081/1124/1072
f 1081/1124/1072 1093/1140/1088 1078/1119/1067
f 1094/1136/1084 1100/1141/1089 1095/1137/1085
f 1120/1142/1090 1101/1143/1091 1096/1139/1087
f 1096/1139/1087 1098/1144/1092 1093/1140/1088
f 1093/1140/1088 1099/1145/1093 1094/1136/1084
f 1091/1135/1083 1102/1146/1094 1089/1133/1081
f 73/77/77 1090/1134/1082 59/64/64
f 1090/1134/1082 1104/1147/1095 1091/1135/1083
f 1104/1147/1095 1105/1148/1096 1102/1146/1094
f 77/81/81 1103/1149/1097 73/77/77
f 1106/1150/1098 1104/1147/1095 1103/1149/1097
f 1109/1151/1099 1105/1148/1096 1107/1152/1100
f 1109/1151/1099 1110/1153/1101 1108/1154/1102
f 1113/1155/1103 1110/1153/1101 1111/1156/1104
f 1115/1157/1105 1112/1158/1106 1113/1155/1103
f 1097/1159/1107 1120/1142/1090 1092/1160/1108
f 1092/1160/1108 1119/1138/1086 1077/1161/1109
f 1058/1098/1046 1119/1138/1086 1116/1113/1061
f 1116/1113/1061 1057/1099/1047 1058/1098/1046
f 1117/1112/1060 1056/1162/1110 1057/1099/1047
f 1122/1163/1111 1114/1164/1112 1115/1157/1105
f 1097/1159/1107 1122/1163/1111 1121/1165/1113
f 1129/1166/1114 1092/1160/1108 1077/1161/1109
f 1092/1160/1108 1133/1167/1115 1097/1159/1107
f 1073/1114/1062 1124/1168/1116 1071/1120/1068
f 1112/1158/1106 1137/1169/1117 1110/1153/1101
f 1127/1170/1118 1073/1114/1062 1074/1118/1066
f 1128/1171/1119 1074/1118/1066 1075/1123/1071
f 1131/1172/1120 1086/1128/1076 1089/1133/1081
f 1108/1154/1102 1135/1173/1121 1105/1148/1096
f 1357/1174/1122 1075/1123/1071 1354/1129/1077
f 1140/1175/1123 1114/1164/1112 1123/1176/1124
f 1139/1177/1125 1112/1158/1106 1114/1164/1112
f 1105/1148/1096 1134/1178/1126 1102/1146/1094
f 1133/1167/1115 1123/1176/1124 1097/1159/1107
f 1134/1178/1126 1089/1133/1081 1102/1146/1094
f 1072/1117/1065 1129/1166/1114 1077/1161/1109
f 1110/1153/1101 1136/1179/1127 1108/1154/1102
f 1124/1168/1116 1072/1117/1065 1071/1120/1068
f 1039/1082/1030 1141/1180/1128 1038/1080/1028
f 1144/1181/1129 1141/1180/1128 1142/1182/1130
f 117/119/119 1192/1183/1131 1193/1184/1132
f 1065/1185/1133 1145/1186/1134 1062/1110/1058
f 1149/1187/1135 1197/1188/1136 1198/1189/1137
f 1148/1190/1138 1146/1191/1139 1149/1187/1135
f 1144/1181/1129 1151/1192/1140 1143/1193/1141
f 1154/1194/1142 126/132/132 1153/1195/1143
f 1152/1196/1144 1153/1195/1143 1151/1192/1140
f 1158/1197/1145 1056/1162/1110 1118/1111/1059
f 1070/1104/1052 1158/1197/1145 1118/1111/1059
f 1059/1107/1055 1157/1198/1146 1070/1104/1052
f 1155/1199/1147 1039/1082/1030 1056/1162/1110
f 1156/1200/1148 1062/1110/1058 1145/1186/1134
f 1171/1201/1149 1162/1202/1150 1170/1203/1151
f 1168/1204/1152 1172/1205/1153 1173/1206/1154
f 1175/1207/1155 1167/1208/1156 1174/1209/1157
f 1165/1210/1158 153/148/148 1176/1211/1159
f 1159/1212/1160 1177/1213/1161 1178/1214/1162
f 1169/1215/1163 1179/1216/1164 1172/1205/1153
f 1164/1217/1165 1176/1211/1159 1180/1218/1166
f 1160/1219/1167 1180/1218/1166 1177/1213/1161
f 1200/1220/1168 1161/1221/1169 1175/1207/1155
f 1174/1209/1157 1168/1204/1152 1173/1206/1154
f 1179/1216/1164 1159/1212/1160 1178/1214/1162
f 1195/1222/1170 1163/1223/1171 1171/1201/1149
f 1192/1183/1131 1171/1201/1149 1147/1224/1172
f 1155/1199/1147 1178/1214/1162 1142/1182/1130
f 1156/1200/1148 1173/1206/1154 1157/1198/1146
f 1197/1188/1136 1175/1207/1155 1145/1186/1134
f 1177/1213/1161 1152/1196/1144 1144/1181/1129
f 1180/1218/1166 1154/1194/1142 1152/1196/1144
f 1172/1205/1153 1155/1199/1147 1158/1197/1145
f 1178/1214/1162 1144/1181/1129 1142/1182/1130
f 1176/1211/1159 127/133/133 1154/1194/1142
f 1175/1207/1155 1156/1200/1148 1145/1186/1134
f 1173/1206/1154 1158/1197/1145 1157/1198/1146
f 1147/1224/1172 1170/1203/1151 1146/1191/1139
f 1191/1225/1173 1166/1226/1174 1169/1215/1163
f 1187/1227/1175 141/168/168 1165/1210/1158
f 1163/1223/1171 1184/1228/1176 1162/1202/1150
f 1188/1229/1177 1159/1212/1160 1166/1226/1174
f 1159/1212/1160 1182/1230/1178 1160/1219/1167
f 1167/1208/1156 1190/1231/1179 1168/1204/1152
f 1160/1219/1167 1186/1232/1180 1164/1217/1165
f 1161/1221/1169 1189/1233/1181 1167/1208/1156
f 1194/1234/1182 1185/1235/1183 1163/1223/1171
f 1190/1231/1179 1169/1215/1163 1168/1204/1152
f 1186/1232/1180 1165/1210/1158 1164/1217/1165
f 1199/1236/1184 1183/1237/1185 1161/1221/1169
f 162/181/181 1194/1234/1182 136/182/182
f 159/184/184 1192/1183/1131 116/183/183
f 136/182/182 1195/1222/1170 159/184/184
f 1193/1184/1132 1147/1224/1172 1148/1190/1138
f 1207/1238/1186 167/186/186 1187/1227/1175
f 1213/1239/1187 1196/1240/1188 1212/1241/1189
f 1214/1242/1190 1185/1235/1183 1213/1239/1187
f 1162/1202/1150 1201/1243/1191 1199/1236/1184
f 1146/1191/1139 1200/1220/1168 1197/1188/1136
f 1170/1203/1151 1199/1236/1184 1200/1220/1168
f 1150/1244/1192 1197/1188/1136 1145/1186/1134
f 1201/1243/1191 1214/1242/1190 1215/1245/1193
f 1183/1237/1185 1215/1245/1193 1216/1246/1194
f 1226/1247/1195 1205/1248/1196 1225/1249/1197
f 1225/1249/1197 1204/1250/1198 1224/1251/1199
f 1204/1250/1198 1223/1252/1200 1224/1251/1199
f 1203/1253/1201 1222/1254/1202 1223/1252/1200
f 202/202/202 1202/1255/1203 1217/1256/1204
f 1208/1257/1205 1187/1227/1175 1186/1232/1180
f 1182/1230/1178 1208/1257/1205 1186/1232/1180
f 1181/1258/1206 1209/1259/1207 1182/1230/1178
f 1188/1229/1177 1210/1260/1208 1181/1258/1206
f 1222/1254/1202 190/187/187 1207/1238/1186
f 162/181/181 1212/1241/1189 1196/1240/1188
f 1216/1246/1194 1220/1261/1209 1221/1262/1210
f 1215/1245/1193 1219/1263/1211 1220/1261/1209
f 1219/1263/1211 1213/1239/1187 1218/1264/1212
f 1218/1264/1212 1212/1241/1189 1217/1256/1204
f 1203/1253/1201 1217/1256/1204 1202/1255/1203
f 1204/1250/1198 1218/1264/1212 1203/1253/1201
f 1220/1261/1209 1204/1250/1198 1205/1248/1196
f 1221/1262/1210 1205/1248/1196 1206/1265/1213
f 196/214/214 1217/1256/1204 1212/1241/1189
f 1202/1255/1203 208/208/208 1222/1254/1202
f 1223/1252/1200 1207/1238/1186 1208/1257/1205
f 1224/1251/1199 1208/1257/1205 1209/1259/1207
f 1210/1260/1208 1224/1251/1199 1209/1259/1207
f 1211/1266/1214 1225/1249/1197 1210/1260/1208
f 1230/1267/1215 1206/1265/1213 1226/1247/1195
f 1232/1268/1216 1206/1265/1213 1231/1269/1217
f 1189/1233/1181 1228/1270/1218 1190/1231/1179
f 1191/1225/1173 1228/1270/1218 1227/1271/1219
f 1211/1266/1214 1230/1267/1215 1226/1247/1195
f 1227/1271/1219 1188/1229/1177 1191/1225/1173
f 1229/1272/1220 1183/1237/1185 1216/1246/1194
f 1216/1246/1194 1232/1268/1216 1229/1272/1220
f 1229/1272/1220 1231/1269/1217 1228/1270/1218
f 1227/1271/1219 1231/1269/1217 1230/1267/1215
f 1239/1273/1221 1111/1156/1104 1109/1151/1099
f 1233/1274/1222 1099/1145/1093 1098/1144/1092
f 1238/1275/1223 1109/1151/1099 1107/1152/1100
f 1115/1157/1105 1244/1276/1224 1122/1163/1111
f 1099/1145/1093 1235/1277/1225 1100/1141/1089
f 1237/1278/1226 1107/1152/1100 1106/1150/1098
f 1243/1279/1227 1101/1143/1091 1121/1165/1113
f 1236/1280/1228 1098/1144/1092 1101/1143/1091
f 224/232/232 1106/1150/1098 77/81/81
f 1113/1155/1103 1242/1281/1229 1115/1157/1105
f 1122/1163/1111 1243/1279/1227 1121/1165/1113
f 1111/1156/1104 1241/1282/1230 1113/1155/1103
f 1249/1283/1231 1262/1284/1232 1263/1285/1233
f 1265/1286/1234 1256/1287/1235 1264/1288/1236
f 1267/1289/1237 1250/1290/1238 1266/1291/1239
f 1268/1292/1240 1257/1293/1241 1265/1286/1234
f 1359/1294/1242 1249/1283/1231 1263/1285/1233
f 1259/1295/1243 1268/1292/1240 1270/1296/1244
f 1271/1297/1245 1251/1298/1246 1269/1299/1247
f 1260/1300/1248 1270/1296/1244 1272/1301/1249
f 1266/1291/1239 1253/1302/1250 1273/1303/1251
f 1274/1304/1252 1246/1305/1253 1267/1289/1237
f 1261/1306/1254 1272/1301/1249 1275/1307/1255
f 1273/1303/1251 1254/1308/1256 1276/1309/1257
f 1277/1310/1258 1245/1311/1259 1274/1304/1252
f 1276/1309/1257 1261/1306/1254 1275/1307/1255
f 1278/1312/1260 1252/1313/1261 1271/1297/1245
f 1248/1314/1262 1277/1310/1258 1262/1284/1232
f 1264/1288/1236 1255/1315/1263 1278/1312/1260
f 1135/1173/1121 1278/1312/1260 1134/1178/1126
f 1262/1284/1232 1126/1316/1264 1127/1170/1118
f 1278/1312/1260 1131/1172/1120 1134/1178/1126
f 1276/1309/1257 1140/1175/1123 1133/1167/1115
f 1126/1316/1264 1274/1304/1252 1124/1168/1116
f 1132/1317/1265 1276/1309/1257 1133/1167/1115
f 1275/1307/1255 1139/1177/1125 1140/1175/1123
f 1124/1168/1116 1267/1289/1237 1125/1318/1266
f 1129/1166/1114 1273/1303/1251 1132/1317/1265
f 1272/1301/1249 1138/1319/1267 1139/1177/1125
f 1271/1297/1245 1130/1320/1268 1131/1172/1120
f 1270/1296/1244 1137/1169/1117 1138/1319/1267
f 1359/1294/1242 1128/1171/1119 1357/1174/1122
f 1137/1169/1117 1265/1286/1234 1136/1179/1127
f 1267/1289/1237 1129/1166/1114 1125/1318/1266
f 1136/1179/1127 1264/1288/1236 1135/1173/1121
f 1263/1285/1233 1127/1170/1118 1128/1171/1119
f 1293/1321/1269 1258/1322/1270 1259/1295/1243
f 1252/1313/1261 1285/1323/1271 1251/1298/1246
f 1294/1324/1272 1259/1295/1243 1260/1300/1248
f 1250/1290/1238 1287/1325/1273 1253/1302/1250
f 1245/1311/1259 1280/1326/1274 1246/1305/1253
f 1295/1327/1275 1260/1300/1248 1261/1306/1254
f 1253/1302/1250 1288/1328/1276 1254/1308/1256
f 1281/1329/1277 1245/1311/1259 1247/1330/1278
f 1254/1308/1256 1295/1327/1275 1261/1306/1254
f 1255/1315/1263 1286/1331/1279 1252/1313/1261
f 1282/1332/1280 1247/1330/1278 1248/1314/1262
f 1256/1287/1235 1289/1333/1281 1255/1315/1263
f 1283/1334/1282 1248/1314/1262 1249/1283/1231
f 1257/1293/1241 1290/1335/1283 1256/1287/1235
f 1246/1305/1253 1284/1336/1284 1250/1290/1238
f 1258/1322/1270 1291/1337/1285 1257/1293/1241
f 1358/1338/1286 1283/1334/1282 1249/1283/1231
f 1306/1339/1287 1308/1340/1288 1309/1341/1289
f 1311/1342/1290 1297/1343/1291 1310/1344/1292
f 1308/1340/1288 1302/1345/1293 1312/1346/1294
f 1307/1347/1295 1313/1348/1296 1314/1349/1297
f 1315/1350/1298 1298/1351/1299 1311/1342/1290
f 1316/1352/1300 289/303/303 304/314/314
f 1317/1353/1301 1306/1339/1287 1309/1341/1289
f 1300/1354/1302 1315/1350/1298 1318/1355/1303
f 1301/1356/1304 1318/1355/1303 1313/1348/1296
f 1319/1357/1305 1304/1358/1306 1317/1353/1301
f 1310/1344/1292 1296/1359/1307 1319/1357/1305
f 1312/1346/1294 1305/1360/1308 1316/1352/1300
f 1148/1190/1138 1316/1352/1300 1193/1184/1132
f 1310/1344/1292 1065/1185/1133 1066/1109/1057
f 1319/1357/1305 1150/1244/1192 1065/1185/1133
f 1313/1348/1296 1095/1137/1085 1100/1141/1089
f 1318/1355/1303 1080/1121/1069 1095/1137/1085
f 1150/1244/1192 1309/1341/1289 1198/1189/1137
f 1193/1184/1132 304/314/314 117/119/119
f 1315/1350/1298 1067/1108/1056 1080/1121/1069
f 1314/1349/1297 1100/1141/1089 1235/1277/1225
f 1149/1187/1135 1312/1346/1294 1148/1190/1138
f 1311/1342/1290 1066/1109/1057 1067/1108/1056
f 1198/1189/1137 1308/1340/1288 1149/1187/1135
f 1338/1361/1309 1332/1362/1310 1337/1363/1311
f 1362/1364/1312 1324/1365/1313 1339/1366/1314
f 1341/1367/1315 1333/1368/1316 1338/1361/1309
f 1342/1369/1317 1326/1370/1318 1340/1371/1319
f 1335/1372/1320 1341/1367/1315 1343/1373/1321
f 1345/1374/1322 1328/1375/1323 1344/1376/1324
f 1320/1377/1325 1346/1378/1326 1347/1379/1327
f 1348/1380/1328 1335/1372/1320 1343/1373/1321
f 1344/1376/1324 1329/1381/1329 1349/1382/1330
f 1322/1383/1331 1347/1379/1327 1350/1384/1332
f 1349/1382/1330 1336/1385/1333 1348/1380/1328
f 1330/1386/1334 1342/1369/1317 1351/1387/1335
f 1323/1388/1336 1350/1384/1332 1352/1389/1337
f 1331/1390/1338 1351/1387/1335 1353/1391/1339
f 1324/1365/1313 1352/1389/1337 1339/1366/1314
f 1332/1362/1310 1353/1391/1339 1337/1363/1311
f 1321/1392/1340 1345/1374/1322 1346/1378/1326
f 1280/1326/1274 1345/1374/1322 1284/1336/1284
f 1291/1337/1285 1353/1391/1339 1290/1335/1283
f 1339/1366/1314 1282/1332/1280 1283/1334/1282
f 1290/1335/1283 1351/1387/1335 1289/1333/1281
f 1352/1389/1337 1281/1329/1277 1282/1332/1280
f 1289/1333/1281 1342/1369/1317 1286/1331/1279
f 1288/1328/1276 1348/1380/1328 1295/1327/1275
f 1350/1384/1332 1279/1393/1341 1281/1329/1277
f 1287/1325/1273 1349/1382/1330 1288/1328/1276
f 1348/1380/1328 1294/1324/1272 1295/1327/1275
f 1347/1379/1327 1280/1326/1274 1279/1393/1341
f 1284/1336/1284 1344/1376/1324 1287/1325/1273
f 1343/1373/1321 1293/1321/1269 1294/1324/1272
f 1286/1331/1279 1340/1371/1319 1285/1323/1271
f 1341/1367/1315 1292/1394/1342 1293/1321/1269
f 1362/1364/1312 1283/1334/1282 1360/1395/1343
f 1292/1394/1342 1337/1363/1311 1291/1337/1285
f 1374/1396/1344 1322/1383/1331 1323/1388/1336
f 1365/1397/1345 1334/1398/1346 1364/1399/1347
f 1367/1400/1348 1333/1368/1316 1365/1397/1345
f 1369/1401/1349 1332/1362/1310 1367/1400/1348
f 1330/1386/1334 1369/1401/1349 1371/1402/1350
f 1327/1403/1351 1371/1402/1350 1373/1404/1352
f 1285/1323/1271 1362/1364/1312 1360/1395/1343
f 1326/1370/1318 1362/1364/1312 1340/1371/1319
f 1251/1298/1246 1360/1395/1343 1358/1338/1286
f 1269/1299/1247 1357/1174/1122 1130/1320/1268
f 1269/1299/1247 1358/1338/1286 1359/1294/1242
f 1130/1320/1268 1354/1129/1077 1086/1128/1076
f 1356/1131/1079 1085/1405/1353 1076/1125/1073
f 43/42/42 1356/1131/1079 1076/1125/1073
f 1085/1405/1353 1354/1129/1077 1075/1123/1071
f 1373/1404/1352 1381/1406/1354 1382/1407/1355
f 1322/1383/1331 1370/1408/1356 1320/1377/1325
f 1371/1402/1350 1380/1409/1357 1381/1406/1354
f 1320/1377/1325 1368/1410/1358 1321/1392/1340
f 1380/1409/1357 1367/1400/1348 1379/1411/1359
f 1368/1410/1358 1325/1412/1360 1321/1392/1340
f 1379/1411/1359 1365/1397/1345 1378/1413/1361
f 1366/1414/1362 1328/1375/1323 1325/1412/1360
f 1378/1413/1361 1364/1399/1347 1377/1415/1363
f 1376/1416/1364 1377/1415/1363 1383/1417/1365
f 1375/1418/1366 1334/1398/1346 1335/1372/1320
f 1377/1415/1363 1375/1418/1366 1383/1417/1365
f 1328/1375/1323 1376/1416/1364 1329/1381/1329
f 1366/1414/1362 1377/1415/1363 1363/1419/1367
f 1368/1410/1358 1378/1413/1361 1366/1414/1362
f 1370/1408/1356 1379/1411/1359 1368/1410/1358
f 1381/1406/1354 1370/1408/1356 1372/1420/1368
f 1382/1407/1355 1372/1420/1368 1374/1396/1344
f 1336/1385/1333 1375/1418/1366 1335/1372/1320
f 1336/1385/1333 1376/1416/1364 1383/1417/1365
f 1373/1404/1352 1326/1370/1318 1327/1403/1351
f 1374/1396/1344 1324/1365/1313 1361/1421/1369
f 1382/1407/1355 1361/1421/1369 1373/1404/1352
f 375/374/374 1461/1422/1370 462/375/375
f 1463/1423/1371 1390/1424/1372 1462/1425/1373
f 1465/1426/1374 1388/1427/1375 1464/1428/1376
f 1385/1429/1377 1466/1430/1378 1467/1431/1379
f 1384/1432/1380 1467/1431/1379 1461/1422/1370
f 1468/1433/1381 1391/1434/1382 1463/1423/1371
f 1464/1428/1376 1389/1435/1383 1468/1433/1381
f 1466/1430/1378 1387/1436/1384 1465/1426/1374
f 1396/1437/1385 1399/1438/1386 1400/1439/1387
f 1402/1440/1388 1393/1441/1389 1401/1442/1390
f 1397/1443/1391 1400/1439/1387 1403/1444/1392
f 1399/1438/1386 1394/1445/1393 1402/1440/1388
f 1398/1446/1394 1403/1444/1392 1404/1447/1395
f 1401/1442/1390 1392/1448/1396 1405/1449/1397
f 1297/1343/1291 1405/1450/1397 1296/1359/1307
f 1404/1451/1395 1301/1356/1304 1307/1347/1295
f 1299/1452/1398 1402/1453/1388 1298/1351/1299
f 1403/1454/1392 1300/1354/1302 1301/1356/1304
f 1298/1351/1299 1401/1455/1390 1297/1343/1291
f 1400/1456/1387 1299/1452/1398 1300/1354/1302
f 1407/1457/1399 398/411/404 1406/1458/1400
f 1392/1448/1396 1406/1458/1400 1405/1449/1397
f 403/1459/408 1406/1460/1400 398/1461/404
f 1411/1462/1401 401/1463/410 407/1464/412
f 1408/1465/1402 402/1466/413 401/1463/410
f 1409/1467/1403 403/1459/408 402/1466/413
f 1305/1360/1308 407/1464/412 289/303/303
f 1410/1468/1404 1405/1450/1397 1406/1460/1400
f 1304/1358/1306 1410/1468/1404 1409/1467/1403
f 1306/1339/1287 1409/1467/1403 1408/1465/1402
f 1303/1469/1405 1408/1465/1402 1411/1462/1401
f 1302/1345/1293 1411/1462/1401 1305/1360/1308
f 1413/1470/1406 1398/1471/1394 1404/1472/1395
f 1415/1473/1407 1412/1474/1408 1413/1470/1406
f 1417/1475/1409 1424/1476/1410 1425/1477/1411
f 1419/1478/1412 1416/1479/1413 1417/1475/1409
f 1421/1480/1414 1418/1481/1415 1419/1478/1412
f 1423/1482/1416 1420/1483/1417 1421/1480/1414
f 422/439/429 1422/1484/1418 1423/1482/1416
f 1425/1477/1411 1414/1485/1419 1415/1473/1407
f 1470/1486/1420 1426/1487/1421 1469/1488/1422
f 1462/1425/1373 1236/1280/1228 1243/1279/1227
f 1429/1489/1423 1426/1487/1421 1427/1490/1424
f 1234/1491/1425 1469/1488/1422 1471/1492/1426
f 1431/1493/1427 1413/1494/1406 1404/1451/1395
f 1860/1495/1428 1854/1496/1429 1438/1497/1430
f 1851/1498/1431 437/1499/442 888/1500/912
f 1852/1501/1432 1437/1502/1433 1851/1498/1431
f 1853/1503/1434 1436/1504/1435 1852/1501/1432
f 1433/1505/1436 1425/1506/1411 1415/1507/1407
f 1432/1508/1437 1415/1507/1407 1413/1494/1406
f 1421/1509/1414 1851/1498/1431 1423/1510/1416
f 1307/1347/1295 1431/1493/1427 1404/1451/1395
f 1314/1349/1297 1430/1511/1438 1307/1347/1295
f 1866/1512/1439 1430/1511/1438 1855/1513/1440
f 1451/1514/1441 1440/1515/1442 1450/1516/1443
f 1443/1517/1444 1440/1515/1442 1441/1518/1445
f 1445/1519/1446 1442/1520/1447 1443/1517/1444
f 1449/1521/1448 1445/1519/1446 1447/1522/1449
f 1429/1489/1423 1446/1523/1450 1428/1524/1451
f 1446/1523/1450 1449/1521/1448 1447/1522/1449
f 1457/1525/1452 1856/1526/1453 1450/1516/1443
f 1454/1527/1454 1450/1516/1443 1440/1515/1442
f 1419/1528/1412 1852/1501/1432 1421/1509/1414
f 1458/1529/1455 1456/1530/1456 1453/1531/1457
f 1453/1531/1457 1457/1525/1452 1454/1527/1454
f 1452/1532/1458 1459/1533/1459 1458/1529/1455
f 1861/1534/1460 1438/1497/1430 1433/1505/1436
f 1431/1493/1427 1863/1535/1461 1432/1508/1437
f 1523/1536/1462 1870/1537/1463 1868/1538/1464
f 1865/1539/1465 1456/1530/1456 1864/1540/1466
f 1864/1540/1466 1459/1533/1459 1862/1541/1467
f 1863/1535/1461 1433/1505/1436 1432/1508/1437
f 1854/1496/1429 1419/1528/1412 1417/1542/1409
f 1439/1543/1468 1868/1538/1464 1858/1544/1469
f 1439/1543/1468 1855/1513/1440 1430/1511/1438
f 1471/1492/1426 1426/1487/1421 1428/1524/1451
f 1390/1424/1372 1470/1486/1420 1462/1425/1373
f 1470/1486/1420 1233/1274/1222 1236/1280/1228
f 1466/1430/1378 1240/1545/1470 1239/1273/1221
f 1241/1282/1230 1468/1433/1381 1242/1281/1229
f 1242/1281/1229 1463/1423/1371 1244/1276/1224
f 1461/1422/1370 1238/1275/1223 1237/1278/1226
f 1467/1431/1379 1239/1273/1221 1238/1275/1223
f 1240/1545/1470 1464/1428/1376 1241/1282/1230
f 1244/1276/1224 1462/1425/1373 1243/1279/1227
f 462/375/375 1237/1278/1226 224/232/232
f 1805/1546/1471 1478/1547/1472 1804/1548/1473
f 1807/1549/1474 1477/1550/1475 1806/1551/1476
f 1809/1552/1477 1475/1553/1478 1808/1554/1479
f 474/513/496 1810/1555/1480 845/514/497
f 1806/1551/1476 1479/1556/1481 1805/1546/1471
f 1808/1554/1479 1476/1557/1482 1807/1549/1474
f 1811/1558/1483 1474/1559/1484 1809/1552/1477
f 1810/1555/1480 1473/1560/1485 1811/1558/1483
f 1813/1561/1486 1489/1562/1487 1812/1563/1488
f 1481/1564/1489 1814/1565/1490 1815/1566/1491
f 1817/1567/1492 1488/1568/1493 1816/1569/1494
f 1486/1570/1495 1818/1571/1496 1819/1572/1497
f 1818/1571/1496 1483/1573/1498 1820/1574/1499
f 1816/1569/1494 1487/1575/1500 1813/1561/1486
f 1485/1576/1501 1819/1572/1497 1814/1565/1490
f 1820/1574/1499 1482/1577/1502 1817/1567/1492
f 1480/1578/1503 1815/1566/1491 1821/1579/1504
f 1493/1580/1505 857/1581/522 1822/1582/1506
f 1824/1583/1507 1492/1584/1508 1823/1585/1509
f 1826/1586/1510 1490/1587/1511 1825/1588/1512
f 1823/1585/1509 1493/1580/1505 1822/1582/1506
f 1825/1588/1512 1491/1589/1513 1824/1583/1507
f 1827/1590/1514 1495/1591/1515 1826/1586/1510
f 1827/1590/1514 1458/1529/1455 1812/1563/1488
f 1821/1579/1504 1390/1424/1372 1804/1548/1473
f 1543/1592/1516 1498/1593/1517 1562/1594/1518
f 1511/1595/1519 1828/1596/1520 1840/1597/1521
f 1517/1598/1522 1829/1599/1523 1841/1600/1524
f 1506/1601/1525 1830/1602/1526 1842/1603/1527
f 1518/1604/1528 1831/1605/1529 1829/1599/1523
f 1848/1606/1530 1832/1607/1531 1850/1608/1532
f 1507/1609/1533 1842/1603/1527 1843/1610/1534
f 1512/1611/1535 1841/1600/1524 1844/1612/1536
f 1499/1613/1537 1833/1614/1538 1832/1607/1531
f 1509/1615/1539 1843/1610/1534 1845/1616/1540
f 1501/1617/1541 1834/1618/1542 1846/1619/1543
f 1500/1620/1544 1835/1621/1545 1833/1614/1538
f 1504/1622/1546 1836/1623/1547 1847/1624/1548
f 1513/1625/1549 1837/1626/1550 1831/1605/1529
f 1502/1627/1551 1846/1619/1543 1835/1621/1545
f 1508/1628/1552 1845/1616/1540 1836/1623/1547
f 1544/1629/1553 1497/1630/1554 1543/1592/1516
f 1514/1631/1555 1838/1632/1556 1837/1626/1550
f 1505/1633/1557 1840/1597/1521 1830/1602/1526
f 1609/1634/1558 1548/1635/1559 1573/1636/1560
f 1515/1637/1561 1839/1638/1562 1838/1632/1556
f 1510/1639/1563 1844/1612/1536 1828/1596/1520
f 1516/1640/1564 876/1641/585 1839/1638/1562
f 1525/1642/1565 1445/1519/1446 1443/1517/1444
f 1445/1519/1446 1528/1643/1566 1447/1522/1449
f 1234/1491/1425 1520/1644/1567 1235/1277/1225
f 1862/1541/1467 1455/1645/1568 1859/1646/1569
f 1521/1647/1570 1439/1543/1468 1314/1349/1297
f 1529/1648/1571 1441/1518/1445 1451/1514/1441
f 1446/1523/1450 1522/1649/1572 1428/1524/1451
f 1428/1524/1451 1530/1650/1573 1471/1492/1426
f 1447/1522/1449 1527/1651/1574 1446/1523/1450
f 1524/1652/1575 1443/1517/1444 1441/1518/1445
f 1520/1644/1567 1314/1349/1297 1235/1277/1225
f 1471/1492/1426 1519/1653/1576 1234/1491/1425
f 1867/1654/1577 1451/1514/1441 1857/1655/1578
f 1525/1642/1565 1538/1656/1579 1526/1657/1580
f 1519/1653/1576 1532/1658/1581 1520/1644/1567
f 1538/1656/1579 1528/1643/1566 1526/1657/1580
f 1532/1658/1581 1521/1647/1570 1520/1644/1567
f 1527/1651/1574 1534/1659/1582 1522/1649/1572
f 1522/1649/1572 1542/1660/1583 1530/1650/1573
f 1540/1661/1584 1527/1651/1574 1528/1643/1566
f 1533/1662/1585 1523/1536/1462 1521/1647/1570
f 1529/1648/1571 1536/1663/1586 1524/1652/1575
f 1869/1664/1587 1529/1648/1571 1867/1654/1577
f 1530/1650/1573 1531/1665/1588 1519/1653/1576
f 1884/1666/1589 1870/1537/1463 1535/1667/1590
f 1524/1652/1575 1537/1668/1591 1525/1642/1565
f 1574/1669/1592 1562/1594/1518 1547/1670/1593
f 1603/1671/1594 1578/1672/1595 1548/1635/1559
f 1556/1673/1596 1543/1592/1516 1574/1669/1592
f 1488/1568/1493 1559/1674/1597 1487/1575/1500
f 1546/1675/1598 1586/1676/1599 1560/1677/1600
f 1494/1678/1601 1560/1677/1600 1495/1591/1515
f 1550/1679/1602 1588/1680/1603 1563/1681/1604
f 1549/1682/1605 1475/1553/1478 1474/1559/1484
f 1545/1683/1606 1585/1684/1607 1559/1674/1597
f 1547/1670/1593 1587/1685/1608 1578/1672/1595
f 1483/1573/1498 1563/1681/1604 1482/1577/1502
f 1560/1677/1600 1589/1686/1609 1564/1687/1610
f 1495/1591/1515 1564/1687/1610 1490/1587/1511
f 1579/1688/1611 1551/1689/1612 1580/1690/1613
f 1561/1691/1614 1476/1557/1482 1475/1553/1478
f 1484/1692/1615 1550/1679/1602 1483/1573/1498
f 1577/1693/1616 1552/1694/1617 1581/1695/1618
f 1489/1562/1487 1546/1675/1598 1494/1678/1601
f 1566/1696/1619 1590/1697/1620 1591/1698/1621
f 1565/1699/1622 1477/1550/1475 1476/1557/1482
f 1551/1689/1612 1582/1700/1623 1580/1690/1613
f 1486/1570/1495 1551/1689/1612 1484/1692/1615
f 1567/1701/1624 1583/1702/1625 1592/1703/1626
f 1554/1704/1627 1480/1578/1503 1478/1547/1472
f 1568/1705/1628 1591/1698/1621 1593/1706/1629
f 1566/1696/1619 1479/1556/1481 1477/1550/1475
f 1569/1707/1630 1584/1708/1631 1594/1709/1632
f 1555/1710/1633 1485/1576/1501 1481/1564/1489
f 1564/1687/1610 1595/1711/1634 1570/1712/1635
f 1490/1587/1511 1570/1712/1635 1491/1589/1513
f 1554/1704/1627 1593/1706/1629 1583/1702/1625
f 1568/1705/1628 1478/1547/1472 1479/1556/1481
f 1553/1713/1636 1594/1709/1632 1582/1700/1623
f 1569/1707/1630 1486/1570/1495 1485/1576/1501
f 1570/1712/1635 1596/1714/1637 1571/1715/1638
f 1491/1589/1513 1571/1715/1638 1492/1584/1508
f 1576/1716/1639 1563/1681/1604 1588/1680/1603
f 1558/1717/1640 1473/1560/1485 1472/1718/1641
f 1557/1719/1642 1572/1720/1643 1558/1717/1640
f 1578/1672/1595 1610/1721/1644 1547/1670/1593
f 1482/1577/1502 1545/1683/1606 1488/1568/1493
f 1575/1722/1645 1596/1714/1637 1597/1723/1646
f 1571/1715/1638 1493/1580/1505 1492/1584/1508
f 1581/1695/1618 1559/1674/1597 1585/1684/1607
f 1600/1724/1647 1557/1719/1642 1558/1717/1640
f 1608/1725/1648 1556/1673/1596 1574/1669/1592
f 1556/1673/1596 1601/1726/1649 1544/1629/1553
f 1487/1575/1500 1552/1694/1617 1489/1562/1487
f 581/1727/671 1597/1723/1646 604/1728/910
f 1575/1722/1645 496/1729/673 1493/1580/1505
f 1555/1710/1633 1592/1703/1626 1584/1708/1631
f 1572/1720/1643 1474/1559/1484 1473/1560/1485
f 1573/1636/1560 1549/1682/1605 1572/1720/1643
f 1557/1719/1642 1609/1634/1558 1573/1636/1560
f 1567/1701/1624 1481/1564/1489 1480/1578/1503
f 1561/1691/1614 1587/1685/1608 1849/1730/1650
f 1598/1731/1651 1558/1717/1640 1472/1718/1641
f 474/513/496 1598/1731/1651 1472/1718/1641
f 1496/1732/1652 608/696/678 500/1733/1653
f 1548/1635/1559 1587/1685/1608 1549/1682/1605
f 612/698/680 1599/1734/1654 1601/1726/1649
f 618/701/681 1601/1726/1649 1604/1735/1655
f 1605/1736/1656 1608/1725/1648 1607/1737/1657
f 610/703/683 1598/1731/1651 606/694/677
f 620/704/684 1600/1724/1647 610/703/683
f 619/705/685 1604/1735/1655 1605/1736/1656
f 1607/1737/1657 1610/1721/1644 1602/1738/1658
f 1607/1737/1657 1603/1671/1594 1609/1634/1558
f 619/705/685 1606/1739/1659 620/704/684
f 1605/1736/1656 1609/1634/1558 1606/1739/1659
f 1544/1629/1553 1599/1734/1654 1496/1740/1652
f 1610/1721/1644 1574/1669/1592 1547/1670/1593
f 1503/1741/1660 1847/1624/1548 1834/1618/1542
f 1629/1742/1661 1620/1743/1662 1628/1744/1663
f 1617/1745/1664 1634/1746/1665 1635/1747/1666
f 1638/1748/1667 1625/1749/1668 1629/1742/1661
f 1611/1750/1669 1643/1751/1670 1644/1752/1671
f 1619/1753/1672 1635/1754/1666 1647/1755/1673
f 1653/1756/1674 1623/1757/1675 1652/1758/1676
f 1612/1759/1677 1644/1752/1671 1656/1760/1678
f 1643/1751/1670 632/727/706 677/770/749
f 1659/1761/1679 1621/1762/1680 1638/1748/1667
f 1613/1763/1681 1656/1760/1678 1662/1764/1682
f 1665/1765/1683 1613/1763/1681 1662/1764/1682
f 1620/1743/1662 1647/1755/1673 1628/1744/1663
f 640/736/715 1653/1756/1674 687/737/716
f 1615/1766/1684 1665/1765/1683 1668/1767/1685
f 1652/1758/1676 1622/1768/1686 1659/1761/1679
f 1616/1769/1687 1668/1767/1685 1634/1746/1665
f 1632/1770/1688 1396/1437/1385 1397/1443/1391
f 1633/1771/1689 1670/1772/1690 1632/1770/1688
f 1634/1746/1665 1669/1773/1691 1633/1771/1689
f 1420/1483/1417 1661/1774/1692 1418/1481/1415
f 1650/1775/1693 1660/1776/1694 1661/1774/1692
f 1651/1777/1695 1659/1761/1679 1660/1776/1694
f 1670/1772/1690 1395/1778/1696 1396/1437/1385
f 1669/1773/1691 1667/1779/1697 1670/1772/1690
f 1668/1767/1685 1666/1780/1698 1669/1773/1691
f 421/752/731 1655/1781/1699 1422/1484/1418
f 689/754/733 1654/1782/1700 1655/1781/1699
f 687/737/716 1654/1782/1700 688/756/735
f 1414/1485/1419 1649/1783/1701 1412/1474/1408
f 1626/1784/1702 1648/1785/1703 1649/1783/1701
f 1627/1786/1704 1647/1755/1673 1648/1785/1703
f 1667/1779/1697 1394/1445/1393 1395/1778/1696
f 1667/1779/1697 1663/1787/1705 1664/1788/1706
f 1666/1780/1698 1662/1764/1682 1663/1787/1705
f 1664/1788/1706 1393/1441/1389 1394/1445/1393
f 1664/1788/1706 1657/1789/1707 1658/1790/1708
f 1663/1787/1705 1656/1760/1678 1657/1789/1707
f 1418/1481/1415 1640/1791/1709 1416/1479/1413
f 1661/1774/1692 1639/1792/1710 1640/1791/1709
f 1660/1776/1694 1638/1748/1667 1639/1792/1710
f 1641/1793/1711 397/412/405 1407/1457/1399
f 1641/1793/1711 676/768/747 675/766/745
f 1642/1794/1712 677/770/749 676/768/747
f 1658/1790/1708 1392/1448/1396 1393/1441/1389
f 1658/1790/1708 1645/1795/1713 1646/1796/1714
f 1657/1789/1707 1644/1752/1671 1645/1795/1713
f 1422/1484/1418 1650/1775/1693 1420/1483/1417
f 1655/1781/1699 1651/1777/1695 1650/1775/1693
f 1654/1782/1700 1652/1758/1676 1651/1777/1695
f 1412/1474/1408 1637/1797/1715 1398/1471/1394
f 1649/1783/1701 1636/1798/1716 1637/1797/1715
f 1647/1755/1673 1636/1798/1716 1648/1785/1703
f 1646/1796/1714 1407/1457/1399 1392/1448/1396
f 1646/1796/1714 1642/1794/1712 1641/1793/1711
f 1645/1795/1713 1643/1751/1670 1642/1794/1712
f 1416/1479/1413 1631/1799/1717 1424/1476/1410
f 1640/1791/1709 1630/1800/1718 1631/1799/1717
f 1639/1792/1710 1629/1742/1661 1630/1800/1718
f 1398/1446/1394 1632/1770/1688 1397/1443/1391
f 1637/1801/1715 1633/1771/1689 1632/1770/1688
f 1635/1747/1666 1633/1771/1689 1636/1802/1716
f 1424/1476/1410 1626/1784/1702 1414/1485/1419
f 1631/1799/1717 1627/1786/1704 1626/1784/1702
f 1630/1800/1718 1628/1744/1663 1627/1786/1704
f 1537/1668/1591 1887/1803/1719 1538/1656/1579
f 1531/1665/1588 1879/1804/1720 1532/1658/1581
f 1538/1656/1579 1888/1805/1721 1540/1661/1584
f 1532/1658/1581 1881/1806/1722 1533/1662/1585
f 1539/1807/1723 1883/1808/1724 1534/1659/1582
f 1534/1659/1582 1882/1809/1725 1542/1660/1583
f 1888/1805/1721 1539/1807/1723 1540/1661/1584
f 1533/1662/1585 1884/1666/1589 1535/1667/1590
f 1541/1810/1726 1886/1811/1727 1536/1663/1586
f 1891/1812/1728 1541/1810/1726 1869/1664/1587
f 1542/1660/1583 1880/1813/1729 1531/1665/1588
f 1438/1497/1430 1417/1542/1409 1425/1506/1411
f 1536/1663/1586 1885/1814/1730 1537/1668/1591
f 1685/1815/1731 1688/1816/1732 1689/1817/1733
f 1691/1818/1734 1686/1819/1735 1690/1820/1736
f 1690/1820/1736 1685/1815/1731 1689/1817/1733
f 1684/1821/1737 1692/1822/1738 1688/1823/1732
f 1688/1823/1732 1701/1824/1739 1698/1825/1740
f 1690/1820/1736 1693/1826/1741 1700/1827/1742
f 1695/1828/1743 1690/1820/1736 1700/1827/1742
f 1689/1817/1733 1698/1829/1740 1693/1826/1741
f 1694/1830/1744 1617/1831/1664 1619/1753/1672
f 1693/1826/1741 1697/1832/1745 1694/1830/1744
f 1625/1749/1668 1699/1833/1746 1620/1743/1662
f 1695/1828/1743 1699/1833/1746 1696/1834/1747
f 1699/1833/1746 1619/1753/1672 1620/1743/1662
f 1700/1827/1742 1694/1830/1744 1699/1833/1746
f 1703/1835/1748 1893/1836/1749 1894/1837/1750
f 1708/1838/1751 1701/1824/1739 1692/1822/1738
f 1704/1839/1752 1894/1837/1750 1895/1840/1753
f 1707/1841/1754 1692/1822/1738 1683/1842/1755
f 1705/1843/1756 1895/1840/1753 1896/1844/1757
f 1896/1844/1757 1614/1845/1758 1615/1766/1684
f 1706/1846/1759 1896/1844/1757 1897/1847/1760
f 1714/1848/1761 1721/1849/1762 1722/1850/1763
f 1711/1851/1764 1729/1852/1765 1730/1853/1766
f 1738/1854/1767 1717/1855/1768 1737/1856/1769
f 1712/1857/1770 1730/1853/1766 1742/1858/1771
f 1737/1856/1769 1723/1859/1772 1736/1860/1773
f 1900/1861/1774 770/839/813 1898/1862/1775
f 1713/1863/1776 1742/1858/1771 1721/1849/1762
f 1746/1864/1777 1716/1865/1778 1738/1854/1767
f 1749/1866/1779 1708/1838/1751 1707/1841/1754
f 1748/1867/1780 1741/1868/1781 1749/1866/1779
f 1747/1869/1782 1740/1870/1783 1748/1867/1780
f 1746/1864/1777 1739/1871/1784 1747/1869/1782
f 1902/1872/1785 738/1873/1786 773/851/825
f 1706/1846/1759 1734/1874/1787 1725/1875/1788
f 1735/1876/1789 1725/1875/1788 1734/1874/1787
f 1736/1860/1773 1724/1877/1790 1735/1876/1789
f 1718/1878/1791 1704/1839/1752 1705/1843/1756
f 1719/1879/1792 1745/1880/1793 1718/1878/1791
f 1720/1881/1794 1744/1882/1795 1719/1879/1792
f 1721/1849/1762 1743/1883/1796 1720/1881/1794
f 1901/1884/1797 771/865/839 1900/1861/1774
f 1902/1872/1785 772/867/841 1901/1884/1797
f 1898/1862/1775 1702/1885/1798 1726/1886/1799
f 1745/1880/1793 1703/1835/1748 1704/1839/1752
f 1744/1882/1795 1733/1887/1800 1745/1880/1793
f 1743/1883/1796 1732/1888/1801 1744/1882/1795
f 1742/1858/1771 1731/1889/1802 1743/1883/1796
f 1741/1868/1781 1709/1890/1803 1708/1838/1751
f 1740/1870/1783 1734/1874/1787 1741/1868/1781
f 1739/1871/1784 1735/1876/1789 1740/1870/1783
f 1738/1854/1767 1736/1860/1773 1739/1871/1784
f 1733/1887/1800 1702/1885/1798 1703/1835/1748
f 1732/1888/1801 1726/1886/1799 1733/1887/1800
f 1731/1889/1802 1727/1891/1804 1732/1888/1801
f 1730/1853/1766 1728/1892/1805 1731/1889/1802
f 1725/1875/1788 1705/1843/1756 1706/1846/1759
f 1724/1877/1790 1718/1878/1791 1725/1875/1788
f 1723/1859/1772 1719/1879/1792 1724/1877/1790
f 1722/1850/1763 1720/1881/1794 1723/1859/1772
f 1622/1768/1686 1750/1893/1806 1621/1762/1680
f 1757/1894/1807 1691/1818/1734 1695/1828/1743
f 1623/1757/1675 1751/1895/1808 1622/1768/1686
f 1754/1896/1809 1696/1834/1747 1625/1749/1668
f 1758/1897/1810 1695/1828/1743 1696/1834/1747
f 1624/1898/1811 1752/1899/1812 1623/1757/1675
f 1621/1762/1680 1754/1896/1809 1625/1749/1668
f 1756/1900/1813 1687/1901/1814 1691/1818/1734
f 782/884/858 1624/1898/1811 640/736/715
f 1772/1902/1815 1760/1903/1816 1771/1904/1817
f 1780/1905/1818 1764/1906/1819 1779/1907/1820
f 1784/1908/1821 1761/1909/1822 1772/1902/1815
f 1792/1910/1823 1763/1911/1824 1791/1912/1825
f 1766/1913/1826 1780/1905/1818 1796/1914/1827
f 830/898/872 1762/1915/1828 1784/1908/1821
f 1771/1904/1817 1759/1916/1829 1792/1910/1823
f 1767/1917/1830 1796/1914/1827 1800/1918/1831
f 1791/1912/1825 1767/1917/1830 1800/1918/1831
f 1788/1919/1832 1758/1897/1810 1754/1896/1809
f 1788/1919/1832 1802/1920/1833 1803/1921/1834
f 1789/1922/1835 1801/1923/1836 1802/1920/1833
f 1790/1924/1837 1800/1918/1831 1801/1923/1836
f 1803/1921/1834 1757/1894/1807 1758/1897/1810
f 1803/1921/1834 1798/1925/1838 1799/1926/1839
f 1802/1920/1833 1797/1927/1840 1798/1925/1838
f 1801/1923/1836 1796/1914/1827 1797/1927/1840
f 1751/1895/1808 1795/1928/1841 1750/1893/1806
f 1768/1929/1842 1794/1930/1843 1795/1928/1841
f 1769/1931/1844 1793/1932/1845 1794/1930/1843
f 1770/1933/1846 1792/1910/1823 1793/1932/1845
f 782/884/858 1787/1934/1847 1753/1935/1848
f 833/919/893 1786/1936/1849 1787/1934/1847
f 832/921/895 1785/1937/1850 1786/1936/1849
f 831/923/897 1784/1908/1821 1785/1937/1850
f 1799/1926/1839 1756/1900/1813 1757/1894/1807
f 1799/1926/1839 1782/1938/1851 1783/1939/1852
f 1798/1925/1838 1781/1940/1853 1782/1938/1851
f 1797/1927/1840 1780/1905/1818 1781/1940/1853
f 1750/1893/1806 1788/1919/1832 1754/1896/1809
f 1795/1928/1841 1789/1922/1835 1788/1919/1832
f 1794/1930/1843 1790/1924/1837 1789/1922/1835
f 1793/1932/1845 1791/1912/1825 1790/1924/1837
f 1753/1935/1848 1775/1941/1854 1752/1899/1812
f 1787/1934/1847 1774/1942/1855 1775/1941/1854
f 1786/1936/1849 1773/1943/1856 1774/1942/1855
f 1785/1937/1850 1772/1902/1815 1773/1943/1856
f 1756/1900/1813 1776/1944/1857 1755/1945/1858
f 1783/1939/1852 1777/1946/1859 1776/1944/1857
f 1782/1938/1851 1778/1947/1860 1777/1946/1859
f 1781/1940/1853 1779/1907/1820 1778/1947/1860
f 1752/1899/1812 1768/1929/1842 1751/1895/1808
f 1775/1941/1854 1769/1931/1844 1768/1929/1842
f 1774/1942/1855 1770/1933/1846 1769/1931/1844
f 1773/1943/1856 1771/1904/1817 1770/1933/1846
f 1478/1547/1472 1821/1579/1504 1804/1548/1473
f 1494/1678/1601 1812/1563/1488 1489/1562/1487
f 1452/1532/1458 1826/1586/1510 1460/1948/1861
f 1825/1588/1512 1435/1949/1862 1434/1950/1863
f 1436/1504/1435 1822/1582/1506 1437/1502/1433
f 1460/1948/1861 1825/1588/1512 1434/1950/1863
f 1435/1949/1862 1823/1585/1509 1436/1504/1435
f 1437/1502/1433 857/1581/522 437/1499/442
f 1821/1579/1504 1429/1489/1423 1427/1490/1424
f 1442/1520/1447 1817/1567/1492 1440/1515/1442
f 1814/1565/1490 1449/1521/1448 1448/1951/1864
f 1454/1527/1454 1813/1561/1486 1453/1531/1457
f 1444/1952/1865 1820/1574/1499 1442/1520/1447
f 1819/1572/1497 1444/1952/1865 1449/1521/1448
f 1440/1515/1442 1816/1569/1494 1454/1527/1454
f 1815/1566/1491 1448/1951/1864 1429/1489/1423
f 1453/1531/1457 1812/1563/1488 1458/1529/1455
f 1384/1432/1380 1811/1558/1483 1385/1429/1377
f 1385/1429/1377 1809/1552/1477 1386/1953/1866
f 1387/1436/1384 1807/1549/1474 1388/1427/1375
f 1389/1435/1383 1805/1546/1471 1391/1434/1382
f 375/374/374 1810/1555/1480 1384/1432/1380
f 1386/1953/1866 1808/1554/1479 1387/1436/1384
f 1388/1427/1375 1806/1551/1476 1389/1435/1383
f 1391/1434/1382 1804/1548/1473 1390/1424/1372
f 1834/1618/1542 1584/1708/1631 1592/1703/1626
f 1839/1638/1562 604/1728/910 1597/1723/1646
f 1585/1684/1607 1844/1612/1536 1581/1695/1618
f 1838/1632/1556 1597/1723/1646 1596/1714/1637
f 1588/1680/1603 1840/1597/1521 1576/1716/1639
f 1837/1626/1550 1596/1714/1637 1595/1711/1634
f 1836/1623/1547 1582/1700/1623 1594/1709/1632
f 1835/1621/1545 1583/1702/1625 1593/1706/1629
f 1589/1686/1609 1837/1626/1550 1595/1711/1634
f 1847/1624/1548 1594/1709/1632 1584/1708/1631
f 1833/1614/1538 1593/1706/1629 1591/1698/1621
f 1846/1619/1543 1592/1703/1626 1583/1702/1625
f 1845/1616/1540 1580/1690/1613 1582/1700/1623
f 1832/1607/1531 1591/1698/1621 1590/1697/1620
f 1581/1695/1618 1841/1600/1524 1577/1693/1616
f 1843/1610/1534 1579/1688/1611 1580/1690/1613
f 1586/1676/1599 1831/1605/1529 1589/1686/1609
f 1842/1603/1527 1588/1680/1603 1579/1688/1611
f 1577/1693/1616 1829/1599/1523 1586/1676/1599
f 1576/1716/1639 1828/1596/1520 1585/1684/1607
f 1850/1608/1532 1590/1697/1620 1849/1730/1650
f 1562/1594/1518 1849/1730/1650 1587/1685/1608
f 1498/1593/1517 1850/1608/1532 1562/1594/1518
f 1565/1699/1622 1849/1730/1650 1590/1697/1620
f 1423/1510/1416 888/1500/912 422/1954/429
f 1856/1526/1453 1858/1544/1469 1857/1655/1578
f 1864/1540/1466 1866/1512/1439 1865/1539/1465
f 1862/1541/1467 1863/1535/1461 1864/1540/1466
f 1859/1646/1569 1861/1534/1460 1862/1541/1467
f 1865/1539/1465 1855/1513/1440 1856/1526/1453
f 1867/1654/1577 1858/1544/1469 1868/1538/1464
f 1867/1654/1577 1870/1537/1463 1869/1664/1587
f 1869/1664/1587 1892/1955/1867 1891/1812/1728
f 1857/1655/1578 1450/1516/1443 1856/1526/1453
f 1854/1496/1429 1435/1949/1862 1853/1503/1434
f 1460/1948/1861 1860/1495/1428 1859/1646/1569
f 1455/1645/1568 1460/1948/1861 1859/1646/1569
f 1674/1956/1868 1873/1957/1869 1682/1958/1870
f 1679/1959/1871 1876/1960/1872 1873/1957/1869
f 1876/1960/1872 1678/1961/1873 1677/1962/1874
f 1682/1958/1870 1874/1963/1875 1671/1964/1876
f 1873/1957/1869 1877/1965/1877 1874/1963/1875
f 1876/1960/1872 1676/1966/1878 1877/1965/1877
f 1671/1964/1876 1875/1967/1879 1672/1968/1880
f 1874/1963/1875 1878/1969/1881 1875/1967/1879
f 1877/1965/1877 1681/1970/1882 1878/1969/1881
f 1672/1968/1880 1675/1971/1883 1673/1972/1884
f 1875/1967/1879 1871/1973/1885 1675/1971/1883
f 1878/1969/1881 1872/1974/1886 1871/1973/1885
f 1672/1968/1880 1880/1813/1729 1671/1964/1876
f 1673/1972/1884 1879/1804/1720 1672/1968/1880
f 1682/1958/1870 1883/1808/1724 1674/1956/1868
f 1884/1666/1589 1673/1972/1884 1675/1971/1883
f 1677/1962/1874 1886/1811/1727 1676/1966/1878
f 1678/1961/1873 1885/1814/1730 1677/1962/1874
f 1888/1805/1721 1678/1961/1873 1680/1975/1887
f 1883/1808/1724 1679/1959/1871 1674/1956/1868
f 1889/1976/1888 1680/1975/1887 1679/1959/1871
f 1676/1966/1878 1890/1977/1889 1681/1970/1882
f 1671/1964/1876 1882/1809/1725 1682/1958/1870
f 1891/1812/1728 1871/1973/1885 1872/1974/1886
f 1892/1955/1867 1675/1971/1883 1871/1973/1885
f 1681/1970/1882 1891/1812/1728 1872/1974/1886
f 1717/1855/1768 1722/1850/1763 1737/1856/1769
f 1897/1847/1760 1615/1766/1684 1616/1769/1687
f 1895/1840/1753 1613/1763/1681 1614/1845/1758
f 1894/1837/1750 1612/1759/1677 1613/1763/1681
f 1697/1978/1745 1616/1769/1687 1617/1745/1664
f 1701/1824/1739 1697/1978/1745 1698/1825/1740
f 1709/1890/1803 1897/1847/1760 1701/1824/1739
f 1729/1852/1765 1899/1979/1890 1902/1872/1785
f 1728/1892/1805 1900/1861/1774 1727/1891/1804
f 1729/1852/1765 1901/1884/1797 1728/1892/1805
f 729/963/936 1898/1862/1775 770/839/813
f 1727/1891/1804 1898/1862/1775 1726/1886/1799
f 1906/1980/1891 729/963/936 945/1981/1892
f 1904/1982/1893 632/727/706 1618/1983/1894
f 1611/1750/1669 1893/1836/1749 1905/1984/1895
f 1905/1984/1895 1618/1983/1894 1611/1750/1669
f 1702/1885/1798 1905/1984/1895 1893/1836/1749
f 1905/1984/1895 1906/1980/1891 1904/1982/1893
f 1906/1980/1891 942/967/940 1904/1982/1893
f 1764/1906/1819 1912/1985/1896 1907/1986/1897
f 1765/1987/1898 1915/1988/1899 1912/1985/1896
f 1766/1913/1826 1918/1989/1900 1915/1988/1899
f 1767/1917/1830 1921/1990/1901 1918/1989/1900
f 1763/1911/1824 1924/1991/1902 1921/1990/1901
f 1924/1991/1902 1760/1903/1816 1927/1992/1903
f 1927/1992/1903 1761/1909/1822 1930/1993/1904
f 1930/1993/1904 1762/1915/1828 1933/1994/1905
f 1933/1994/1905 792/899/873 976/977/948
f 1779/1995/1820 1907/1996/1897 1934/1997/1906
f 1778/1998/1860 1934/1997/1906 1937/1999/1907
f 1777/2000/1859 1937/1999/1907 1940/2001/1908
f 1776/2002/1857 1940/2001/1908 1943/2003/1909
f 1755/2004/1858 1943/2003/1909 1946/2005/1910
f 1707/1841/1754 1945/2006/1911 1749/1866/1779
f 1948/2007/1912 1944/2008/1913 1945/2006/1911
f 1946/2005/1910 1944/2008/1913 1947/2009/1914
f 1749/1866/1779 1942/2010/1915 1748/1867/1780
f 1945/2006/1911 1941/2011/1916 1942/2010/1915
f 1943/2003/1909 1941/2011/1916 1944/2008/1913
f 1748/1867/1780 1939/2012/1917 1747/1869/1782
f 1942/2010/1915 1938/2013/1918 1939/2012/1917
f 1940/2001/1908 1938/2013/1918 1941/2011/1916
f 1747/1869/1782 1936/2014/1919 1746/1864/1777
f 1938/2013/1918 1936/2014/1919 1939/2012/1917
f 1937/1999/1907 1935/2015/1920 1938/2013/1918
f 1936/2014/1919 1715/2016/1921 1746/1864/1777
f 1935/2015/1920 1909/2017/1922 1936/2014/1919
f 1934/1997/1906 1908/2018/1923 1935/2015/1920
f 1899/2019/1890 974/1002/967 738/2020/1786
f 1931/2021/967 975/1004/969 974/1002/967
f 1932/2022/1924 976/977/948 975/1004/969
f 1710/2023/1925 1931/2021/967 1899/2019/1890
f 1928/2024/1926 1932/2022/1924 1931/2021/967
f 1929/2025/1927 1933/1994/1905 1932/2022/1924
f 1711/2026/1764 1928/2024/1926 1710/2023/1925
f 1925/2027/1928 1929/2025/1927 1928/2024/1926
f 1926/2028/1929 1930/1993/1904 1929/2025/1927
f 1922/2029/1930 1711/2026/1764 1712/2030/1770
f 1923/2031/1931 1925/2027/1928 1922/2029/1930
f 1924/1991/1902 1926/2028/1929 1923/2031/1931
f 1919/2032/1932 1712/2030/1770 1713/2033/1776
f 1920/2034/1933 1922/2029/1930 1919/2032/1932
f 1921/1990/1901 1923/2031/1931 1920/2034/1933
f 1714/2035/1761 1919/2032/1932 1713/2033/1776
f 1916/2036/1934 1920/2034/1933 1919/2032/1932
f 1917/2037/1935 1921/1990/1901 1920/2034/1933
f 1717/2038/1768 1916/2036/1934 1714/2035/1761
f 1913/2039/1936 1917/2037/1935 1916/2036/1934
f 1914/2040/1937 1918/1989/1900 1917/2037/1935
f 1716/2041/1778 1913/2039/1936 1717/2038/1768
f 1910/2042/1938 1914/2040/1937 1913/2039/1936
f 1911/2043/1939 1915/1988/1899 1914/2040/1937
f 1715/2044/1921 1910/2042/1938 1716/2041/1778
f 1909/2045/1922 1911/2043/1939 1910/2042/1938
f 1908/2046/1923 1912/1985/1896 1911/2043/1939
f 1946/2005/1910 1687/2047/1814 1755/2004/1858
f 1947/2009/1914 1686/2048/1735 1946/2005/1910
f 1684/2049/1737 1947/2009/1914 1948/2007/1912
f 1683/1842/1755 1948/2007/1912 1707/1841/1754
f 1954/2050/1940 1961/2051/1941 1951/2052/1942
f 1967/2053/1943 1952/2054/1944 1949/2055/1945
f 1952/2054/1944 1950/2056/1946 1949/2055/1945
f 1953/2057/1947 1977/2058/1948 1950/2056/1946
f 1980/2059/1949 1951/2052/1942 1961/2051/1941
f 1979/2060/1950 1950/2056/1946 1977/2058/1948
f 1956/2061/1951 1949/2055/1945 1950/2056/1946
f 1003/1046/994 1956/2061/1951 1979/2060/1950
f 1002/1048/996 1955/2062/1952 1956/2061/1951
f 1969/2063/1953 1083/1091/1039 1967/2053/1943
f 13/13/13 1969/2063/1953 1019/1050/998
f 1959/2064/1954 1003/1046/994 1979/2060/1950
f 1021/1054/1002 1986/2065/1955 1970/2066/1956
f 1013/1056/1004 1959/2064/1954 1981/2067/1957
f 1961/2051/1941 1966/2068/1958 1965/2069/1959
f 1972/2070/1960 1151/1192/1140 1971/2071/1961
f 1964/2072/1962 1961/2051/1941 1965/2069/1959
f 1970/2066/1956 1960/2073/1963 1971/2071/1961
f 1958/2074/1964 1965/2069/1959 1982/2075/1965
f 1965/2069/1959 1963/2076/1966 1982/2075/1965
f 1006/1067/1015 1981/2067/1957 1986/2065/1955
f 1973/2077/1967 1143/1193/1141 1972/2070/1960
f 1974/2078/1968 1141/1180/1128 1973/2077/1967
f 1975/2079/1969 1038/1080/1028 1974/2078/1968
f 1976/2080/1970 1042/1083/1031 1975/2079/1969
f 1046/1126/1074 1976/2080/1970 1968/2081/1971
f 1968/2081/1971 1953/2057/1947 1952/2054/1944
f 1953/2057/1947 1975/2079/1969 1978/2082/1972
f 1975/2079/1969 1985/2083/1973 1978/2082/1972
f 1985/2083/1973 1973/2077/1967 1984/2084/1974
f 1973/2077/1967 1983/2085/1975 1984/2084/1974
f 1151/1192/1140 1970/2066/1956 1971/2071/1961
f 1983/2085/1975 1971/2071/1961 1960/2073/1963
f 126/132/132 1970/2066/1956 1153/1195/1143
f 1019/1050/998 1955/2062/1952 1001/1077/1025
f 1955/2062/1952 1967/2053/1943 1949/2055/1945
f 1083/1091/1039 1968/2081/1971 1967/2053/1943
f 1977/2058/1948 1954/2050/1940 1951/2052/1942
f 1957/2086/1976 1977/2058/1948 1951/2052/1942
f 1959/2064/1954 1957/2086/1976 1980/2059/1949
f 1981/2067/1957 1980/2059/1949 1964/2072/1962
f 1963/2076/1966 1960/2073/1963 1982/2075/1965
f 1962/2087/1977 1984/2084/1974 1966/2068/1958
f 1954/2050/1940 1985/2083/1973 1962/2087/1977
f 1960/2073/1963 1958/2074/1964 1982/2075/1965
f 1986/2065/1955 1964/2072/1962 1958/2074/1964
f 1966/2068/1958 1983/2085/1975 1963/2076/1966
f 1508/2088/1552 2021/2089/1978 2025/2090/1979
f 885/2091/552 1990/2092/1980 502/2093/538
f 519/2094/583 2006/2095/1981 518/2096/577
f 1509/2097/1539 2025/2090/1979 2026/2098/1982
f 504/2099/566 1991/2100/1983 503/2101/559
f 520/2102/586 2007/2103/1984 519/2094/583
f 1511/2104/1519 2022/2105/1985 2028/2106/1986
f 506/2107/572 1992/2108/1987 504/2099/566
f 1497/2109/1554 2013/2110/1988 2014/2111/1989
f 521/2112/1990 2008/2113/1991 520/2102/586
f 1512/2114/1535 2027/2115/1992 2029/2116/1993
f 1499/2117/1537 2036/2118/1994 2016/2119/1995
f 505/2120/563 1994/2121/1996 506/2107/572
f 500/1733/1653 2013/2110/1988 1496/1732/1652
f 523/2122/550 2010/2123/1997 522/2124/544
f 1510/2125/1563 2028/2106/1986 2027/2115/1992
f 508/2126/568 1995/2127/1998 507/2128/687
f 1498/2129/1517 2014/2111/1989 2015/2130/1999
f 517/2131/571 2011/2132/2000 523/2122/550
f 1514/2133/1555 2030/2134/2001 2031/2135/2002
f 509/2136/578 1998/2137/2003 510/2138/547
f 1848/2139/1530 2015/2130/1999 2036/2118/1994
f 522/2124/544 2004/2140/2004 516/2141/556
f 1515/2142/1561 2031/2135/2002 2032/2143/2005
f 510/2138/547 1999/2144/2006 511/2145/554
f 1500/2146/1544 2016/2119/1995 2017/2147/2007
f 507/2128/687 1993/2148/2008 505/2120/563
f 1516/2149/1564 2032/2143/2005 2033/2150/2009
f 511/2145/554 2001/2151/2010 513/2152/560
f 1502/2153/1551 2017/2147/2007 2019/2154/2011
f 521/2112/1990 2033/2150/2009 2009/2155/2012
f 512/2156/573 1996/2157/2013 508/2126/568
f 1501/2158/1541 2019/2154/2011 2018/2159/2014
f 1518/2160/1528 2034/2161/2015 2035/2162/2016
f 513/2152/560 2000/2163/2017 512/2156/573
f 1504/2164/1546 2020/2165/2018 2021/2089/1978
f 503/2101/559 2012/2166/2019 885/2091/552
f 1513/2167/1549 2035/2162/2016 2030/2134/2001
f 515/2168/541 1997/2169/2020 509/2136/578
f 1505/2170/1557 2023/2171/2021 2022/2105/1985
f 501/2172/539 1987/2173/2022 499/695/575
f 1517/2174/1522 2029/2116/1993 2034/2161/2015
f 516/2141/556 2002/2175/2023 514/2176/584
f 1506/2177/1525 2024/2178/2024 2023/2171/2021
f 500/1733/1653 1987/2173/2022 1988/2179/2025
f 1503/2180/1660 2018/2159/2014 2020/2165/2018
f 514/2176/584 2003/2181/2026 515/2168/541
f 1507/2182/1533 2026/2098/1982 2024/2178/2024
f 502/2093/538 1989/2183/2027 501/2172/539
f 518/2096/577 2005/2184/2028 517/2131/571
f 1996/2157/2013 2050/2185/2029 2046/2186/2030
f 2028/2106/1986 2072/2187/2031 2078/2188/2032
f 2014/2111/1989 2063/2189/2033 2064/2190/2034
f 2001/2151/2010 2050/2185/2029 2000/2163/2017
f 2029/2116/1993 2077/2191/2035 2079/2192/2036
f 1988/2179/2025 2063/2189/2033 2013/2110/1988
f 2003/2181/2026 2047/2193/2037 1997/2169/2020
f 2027/2115/1992 2078/2188/2032 2077/2191/2035
f 1989/2183/2027 2037/2194/2038 1987/2173/2022
f 2014/2111/1989 2065/2195/2039 2015/2130/1999
f 2004/2140/2004 2052/2196/2040 2002/2175/2023
f 2031/2135/2002 2080/2197/2041 2081/2198/2042
f 1988/2179/2025 2037/2194/2038 2038/2199/2043
f 2015/2130/1999 2086/2200/2044 2036/2118/1994
f 2002/2175/2023 2053/2201/2045 2003/2181/2026
f 2032/2143/2005 2081/2198/2042 2082/2202/2046
f 1989/2183/2027 2040/2203/2047 2039/2204/2048
f 2017/2147/2007 2066/2205/2049 2067/2206/2050
f 2006/2095/1981 2055/2207/2051 2005/2184/2028
f 2032/2143/2005 2083/2208/2052 2033/2150/2009
f 1990/2092/1980 2062/2209/2053 2040/2203/2047
f 2019/2154/2011 2067/2206/2050 2069/2210/2054
f 2007/2103/1984 2056/2211/2055 2006/2095/1981
f 2009/2155/2012 2083/2208/2052 2059/2212/2056
f 1991/2100/1983 2042/2213/2057 2041/2214/2058
f 2018/2159/2014 2069/2210/2054 2068/2215/2059
f 2007/2103/1984 2058/2216/2060 2057/2217/2061
f 2035/2162/2016 2084/2218/2062 2085/2219/2063
f 1994/2121/1996 2042/2213/2057 1992/2108/1987
f 2021/2089/1978 2070/2220/2064 2071/2221/2065
f 2009/2155/2012 2058/2216/2060 2008/2113/1991
f 2030/2134/2001 2085/2219/2063 2080/2197/2041
f 1993/2148/2008 2044/2222/2066 1994/2121/1996
f 2022/2105/1985 2073/2223/2067 2072/2187/2031
f 2011/2132/2000 2060/2224/2068 2010/2123/1997
f 2034/2161/2015 2079/2192/2036 2084/2218/2062
f 1995/2127/1998 2046/2186/2030 2045/2225/2069
f 2023/2171/2021 2074/2226/2070 2073/2223/2067
f 2005/2184/2028 2061/2227/2071 2011/2132/2000
f 2020/2165/2018 2068/2215/2059 2070/2220/2064
f 1997/2169/2020 2048/2228/2072 1998/2137/2003
f 2024/2178/2024 2076/2229/2073 2074/2226/2070
f 2010/2123/1997 2054/2230/2074 2004/2140/2004
f 2036/2118/1994 2066/2205/2049 2016/2119/1995
f 1998/2137/2003 2049/2231/2075 1999/2144/2006
f 2025/2090/1979 2071/2221/2065 2075/2232/2076
f 1993/2148/2008 2045/2225/2069 2043/2233/2077
f 1999/2144/2006 2051/2234/2078 2001/2151/2010
f 2026/2098/1982 2075/2232/2076 2076/2229/2073
f 2012/2166/2019 2041/2214/2058 2062/2209/2053
f 2087/2235/2079 2037/2194/2038 2039/2204/2048
f 2087/2235/2079 2063/2189/2033 2038/2199/2043
f 2088/2236/2080 2039/2204/2048 2040/2203/2047
f 2088/2236/2080 2064/2190/2034 2087/2235/2079
f 2089/2237/2081 2040/2203/2047 2062/2209/2053
f 2089/2237/2081 2065/2195/2039 2088/2236/2080
f 2090/2238/2082 2062/2209/2053 2041/2214/2058
f 2090/2238/2082 2086/2200/2044 2089/2237/2081
f 2091/2239/2083 2041/2214/2058 2042/2213/2057
f 2091/2239/2083 2066/2205/2049 2090/2238/2082
f 2092/2240/2084 2042/2213/2057 2044/2222/2066
f 2092/2240/2084 2067/2206/2050 2091/2239/2083
f 2093/2241/2085 2044/2222/2066 2043/2233/2077
f 2093/2241/2085 2069/2210/2054 2092/2240/2084
f 2094/2242/2086 2043/2233/2077 2045/2225/2069
f 2094/2242/2086 2068/2215/2059 2093/2241/2085
f 2095/2243/2087 2045/2225/2069 2046/2186/2030
f 2095/2243/2087 2070/2220/2064 2094/2242/2086
f 2096/2244/2088 2046/2186/2030 2050/2185/2029
f 2075/2232/2076 2095/2243/2087 2096/2244/2088
f 2051/2234/2078 2096/2244/2088 2050/2185/2029
f 2076/2229/2073 2096/2244/2088 2097/2245/2089
f 2049/2231/2075 2097/2245/2089 2051/2234/2078
f 2074/2226/2070 2097/2245/2089 2098/2246/2090
f 2048/2228/2072 2098/2246/2090 2049/2231/2075
f 2073/2223/2067 2098/2246/2090 2099/2247/2091
f 2047/2193/2037 2099/2247/2091 2048/2228/2072
f 2072/2187/2031 2099/2247/2091 2100/2248/2092
f 2053/2201/2045 2100/2248/2092 2047/2193/2037
f 2078/2188/2032 2100/2248/2092 2101/2249/2093
f 2052/2196/2040 2101/2249/2093 2053/2201/2045
f 2077/2191/2035 2101/2249/2093 2102/2250/2094
f 2054/2230/2074 2102/2250/2094 2052/2196/2040
f 2079/2192/2036 2102/2250/2094 2103/2251/2095
f 2060/2224/2068 2103/2251/2095 2054/2230/2074
f 2084/2218/2062 2103/2251/2095 2104/2252/2096
f 2061/2227/2071 2104/2252/2096 2060/2224/2068
f 2085/2219/2063 2104/2252/2096 2105/2253/2097
f 2055/2207/2051 2105/2253/2097 2061/2227/2071
f 2080/2197/2041 2105/2253/2097 2106/2254/2098
f 2056/2211/2055 2106/2254/2098 2055/2207/2051
f 2081/2198/2042 2106/2254/2098 2107/2255/2099
f 2057/2217/2061 2107/2255/2099 2056/2211/2055
f 2082/2202/2046 2107/2255/2099 2108/2256/2100
f 2058/2216/2060 2108/2256/2100 2057/2217/2061
f 2083/2208/2052 2108/2256/2100 2059/2212/2056
f 1/1/1 2/24/24 4/2/2
f 3/3/3 6/5/5 5/4/4
f 6/5/5 8/14/14 7/6/6
f 7/6/6 8/14/14 10/7/7
f 49/9/9 12/17/17 11/10/10
f 11/10/10 12/17/17 14/12/12
f 8/14/14 6/5/5 17/15/15
f 12/17/17 20/41/41 21/18/18
f 10/7/7 8/14/14 18/16/16
f 6/5/5 3/3/3 15/20/20
f 49/9/9 10/7/7 19/19/19
f 3/3/3 4/2/2 16/22/22
f 4/2/2 23/25/25 24/23/23
f 2/24/24 22/92/92 23/25/25
f 34/26/26 26/30/30 27/27/27
f 36/29/29 25/32/32 26/30/30
f 26/30/30 29/33/33 30/31/31
f 25/32/32 28/35/35 29/33/33
f 29/33/33 32/36/36 33/34/34
f 28/35/35 31/121/121 32/36/36
f 89/37/37 36/29/29 34/26/26
f 88/38/38 34/26/26 35/28/28
f 15/20/20 37/49/49 39/40/40
f 20/41/41 42/53/53 43/42/42
f 18/16/16 17/15/15 39/40/40
f 27/27/27 30/31/31 46/44/44
f 24/23/23 44/91/91 38/46/46
f 19/19/19 18/16/16 40/43/43
f 35/28/28 27/27/27 45/45/45
f 16/22/22 38/46/46 37/49/49
f 30/31/31 33/34/34 47/50/50
f 51/21/21 19/19/19 41/47/47
f 87/39/39 35/28/28 48/48/48
f 51/21/21 52/51/51 42/53/53
f 49/9/9 51/21/21 20/41/41
f 9/8/8 10/7/7 49/9/9
f 344/54/54 343/110/110 53/55/55
f 346/57/57 345/60/60 54/58/58
f 344/54/54 56/56/56 54/58/58
f 56/56/56 53/55/55 57/61/61
f 55/59/59 54/58/58 58/63/63
f 54/58/58 56/56/56 60/62/62
f 45/45/45 46/44/44 63/65/65
f 46/44/44 47/50/50 64/67/67
f 90/52/52 48/48/48 65/68/68
f 48/48/48 45/45/45 62/66/66
f 63/65/65 64/67/67 69/70/70
f 91/69/69 65/68/68 70/72/72
f 65/68/68 62/66/66 67/74/74
f 62/66/66 63/65/65 68/71/71
f 60/62/62 57/61/61 71/75/75
f 58/63/63 72/78/78 73/77/77
f 58/63/63 60/62/62 74/76/76
f 74/76/76 71/75/75 75/79/79
f 72/78/78 76/82/82 77/81/81
f 74/76/76 78/80/80 76/82/82
f 75/79/79 79/106/106 80/83/83
f 80/83/83 79/106/106 81/84/84
f 81/84/84 83/87/87 84/86/86
f 83/87/87 85/94/94 86/88/88
f 91/69/69 92/73/73 66/89/89
f 90/52/52 91/69/69 61/90/90
f 24/23/23 87/39/39 90/52/52
f 23/25/25 88/38/38 87/39/39
f 22/92/92 89/37/37 88/38/38
f 93/93/93 86/88/88 85/94/94
f 93/93/93 94/95/95 66/89/89
f 61/90/90 103/98/98 100/96/96
f 61/90/90 66/89/89 104/97/97
f 39/40/40 37/49/49 95/99/99
f 83/87/87 81/84/84 108/101/101
f 39/40/40 97/100/100 98/103/103
f 40/43/43 98/103/103 99/104/104
f 53/55/55 101/270/270 102/105/105
f 79/106/106 75/79/79 106/107/107
f 41/47/47 99/104/104 347/109/109
f 85/94/94 110/112/112 111/111/111
f 83/87/87 109/102/102 110/112/112
f 75/79/79 71/75/75 105/113/113
f 94/95/95 111/111/111 104/97/97
f 57/61/61 102/105/105 105/113/113
f 38/46/46 44/91/91 100/96/96
f 81/84/84 79/106/106 107/108/108
f 37/49/49 38/46/46 96/114/114
f 2/24/24 1/1/1 112/115/115
f 112/115/115 114/1069/1017 115/117/117
f 173/118/118 116/183/183 117/119/119
f 31/121/121 28/35/35 118/122/122
f 178/124/124 119/127/127 122/125/125
f 119/127/127 120/165/165 121/128/128
f 115/117/117 114/1069/1017 124/129/129
f 129/131/131 128/134/134 126/132/132
f 125/130/130 124/129/129 128/134/134
f 22/92/92 130/138/138 133/135/135
f 36/29/29 89/37/37 133/135/135
f 25/32/32 36/29/29 132/136/136
f 130/138/138 22/92/92 2/24/24
f 28/35/35 25/32/32 131/137/137
f 148/139/139 147/166/166 138/140/140
f 149/142/142 146/155/155 145/143/143
f 152/145/145 151/161/161 144/146/146
f 153/148/148 141/168/168 142/149/149
f 155/151/151 135/158/158 134/152/152
f 157/154/154 143/162/162 146/155/155
f 154/150/150 142/149/149 140/156/156
f 158/157/157 140/156/156 135/158/158
f 181/159/159 152/145/145 137/147/147
f 151/161/161 150/144/144 145/143/143
f 157/154/154 156/153/153 134/152/152
f 176/163/163 148/139/139 139/141/141
f 173/118/118 120/165/165 148/139/139
f 130/138/138 113/116/116 156/153/153
f 131/137/137 132/136/136 150/144/144
f 178/124/124 118/122/122 152/145/145
f 125/130/130 158/157/157 155/151/151
f 129/131/131 154/150/150 158/157/157
f 130/138/138 157/154/154 149/142/142
f 115/117/117 155/151/151 156/153/153
f 127/133/133 153/148/148 154/150/150
f 131/137/137 151/161/161 152/145/145
f 133/135/135 149/142/142 150/144/144
f 120/165/165 119/127/127 147/166/166
f 143/162/162 169/172/172 172/167/167
f 141/168/168 167/186/186 168/169/169
f 139/141/141 138/140/140 164/170/170
f 134/152/152 160/174/174 169/172/172
f 134/152/152 135/158/158 161/173/173
f 144/146/146 145/143/143 171/175/175
f 135/158/158 140/156/156 166/177/177
f 137/147/147 144/146/146 170/176/176
f 175/164/164 139/141/141 165/171/171
f 146/155/155 172/167/167 171/175/175
f 142/149/149 168/169/169 166/177/177
f 180/160/160 137/147/147 163/178/178
f 175/164/164 177/179/179 162/181/181
f 116/183/183 173/118/118 176/163/163
f 176/163/163 175/164/164 136/182/182
f 120/165/165 173/118/118 174/120/120
f 189/185/185 168/169/169 167/186/186
f 197/188/188 195/209/209 177/179/179
f 198/189/189 197/188/188 165/171/171
f 138/140/140 180/160/160 182/180/180
f 119/127/127 178/124/124 181/159/159
f 147/166/166 181/159/159 180/160/160
f 123/123/123 118/122/122 178/124/124
f 198/189/189 164/170/170 182/180/180
f 199/190/190 182/180/180 163/178/178
f 212/192/192 211/195/195 187/193/193
f 211/195/195 210/198/198 186/196/196
f 209/197/197 185/200/200 186/196/196
f 207/199/199 183/201/201 185/200/200
f 183/201/201 184/215/215 202/202/202
f 168/169/169 189/185/185 191/204/204
f 161/173/173 166/177/177 191/204/204
f 160/174/174 161/173/173 192/205/205
f 169/172/172 160/174/174 193/206/206
f 207/199/199 189/185/185 190/187/187
f 195/209/209 196/214/214 162/181/181
f 205/210/210 199/190/190 200/191/191
f 204/212/212 198/189/189 199/190/190
f 204/212/212 203/213/213 197/188/188
f 203/213/213 201/203/203 195/209/209
f 185/200/200 183/201/201 201/203/203
f 186/196/196 185/200/200 203/213/213
f 186/196/196 204/212/212 205/210/210
f 187/193/193 205/210/210 206/211/211
f 201/203/203 202/202/202 196/214/214
f 183/201/201 207/199/199 208/208/208
f 189/185/185 207/199/199 209/197/197
f 191/204/204 209/197/197 210/198/198
f 193/206/206 192/205/205 210/198/198
f 194/207/207 193/206/206 211/195/195
f 216/216/216 212/192/192 188/194/194
f 218/218/218 217/217/217 188/194/194
f 170/176/176 171/175/175 214/219/219
f 172/167/167 213/221/221 214/219/219
f 216/216/216 213/221/221 194/207/207
f 169/172/172 194/207/207 213/221/221
f 163/178/178 170/176/176 215/220/220
f 200/191/191 215/220/220 218/218/218
f 215/220/220 214/219/219 217/217/217
f 213/221/221 216/216/216 217/217/217
f 82/85/85 227/234/234 226/222/222
f 67/74/74 68/71/71 220/223/223
f 80/83/83 226/222/222 225/225/225
f 86/88/88 93/93/93 231/226/226
f 68/71/71 69/70/70 221/228/228
f 78/80/80 225/225/225 223/229/229
f 70/72/72 222/231/231 230/230/230
f 67/74/74 219/224/224 222/231/231
f 76/82/82 223/229/229 224/232/232
f 84/86/86 86/88/88 229/227/227
f 93/93/93 92/73/73 230/230/230
f 82/85/85 84/86/86 228/233/233
f 249/235/235 235/268/268 236/236/236
f 252/238/238 251/269/269 243/239/239
f 254/241/241 253/255/255 237/242/242
f 255/244/244 252/238/238 244/240/240
f 349/246/246 250/237/237 236/236/236
f 255/244/244 245/245/245 246/248/248
f 258/250/250 256/357/357 238/251/251
f 257/249/249 246/248/248 247/253/253
f 253/255/255 260/261/261 240/256/256
f 261/257/257 254/241/241 233/243/243
f 259/254/254 247/253/253 248/259/259
f 260/261/261 263/265/265 241/262/262
f 264/263/263 261/257/257 232/258/258
f 263/265/265 262/260/260 248/259/259
f 265/266/266 258/250/250 239/252/252
f 264/263/263 234/264/264 235/268/268
f 251/269/269 265/266/266 242/267/267
f 106/107/107 105/113/113 265/266/266
f 97/100/100 264/263/263 249/235/235
f 102/105/105 258/250/250 265/266/266
f 111/111/111 262/260/260 263/265/265
f 97/100/100 95/99/99 261/257/257
f 103/98/98 104/97/97 263/265/265
f 110/112/112 259/254/254 262/260/260
f 95/99/99 96/114/114 254/241/241
f 100/96/96 103/98/98 260/261/261
f 109/102/102 257/249/249 259/254/254
f 101/270/270 256/357/357 258/250/250
f 108/101/101 255/244/244 257/249/249
f 99/104/104 250/237/237 349/246/246
f 108/101/101 107/108/108 252/238/238
f 96/114/114 100/96/96 253/255/255
f 107/108/108 106/107/107 251/269/269
f 98/103/103 249/235/235 250/237/237
f 245/245/245 279/287/287 280/271/271
f 239/252/252 238/251/251 272/272/272
f 246/248/248 280/271/271 281/274/274
f 237/242/242 240/256/256 274/275/275
f 232/258/258 233/243/243 267/277/277
f 247/253/253 281/274/274 282/279/279
f 240/256/256 241/262/262 275/280/280
f 232/258/258 266/278/278 268/281/281
f 241/262/262 248/259/259 282/279/279
f 242/267/267 239/252/252 273/273/273
f 234/264/264 268/281/281 269/283/283
f 243/239/239 242/267/267 276/282/282
f 235/268/268 269/283/283 270/285/285
f 244/240/240 243/239/239 277/284/284
f 233/243/243 237/242/242 271/276/276
f 245/245/245 244/240/240 278/286/286
f 348/247/247 236/236/236 270/285/285
f 297/289/289 296/295/295 291/290/290
f 299/292/292 298/312/312 284/293/293
f 296/295/295 300/313/313 290/296/296
f 301/297/297 288/309/309 295/298/298
f 303/300/300 299/292/292 285/294/294
f 305/302/302 304/314/314 289/303/303
f 306/305/305 297/289/289 294/291/291
f 303/300/300 286/301/301 287/307/307
f 307/308/308 287/307/307 288/309/309
f 308/310/310 306/305/305 292/306/306
f 298/312/312 308/310/310 283/311/311
f 300/313/313 305/302/302 293/304/304
f 121/128/128 174/120/120 305/302/302
f 31/121/121 308/310/310 298/312/312
f 123/123/123 306/305/305 308/310/310
f 64/67/67 307/308/308 301/297/297
f 47/50/50 303/300/300 307/308/308
f 123/123/123 179/126/126 297/289/289
f 174/120/120 117/119/119 304/314/314
f 33/34/34 299/292/292 303/300/300
f 69/70/70 301/297/297 302/299/299
f 122/125/125 121/128/128 300/313/313
f 32/36/36 298/312/312 299/292/292
f 179/126/126 122/125/125 296/295/295
f 327/315/315 326/348/348 321/316/316
f 352/318/318 328/347/347 313/319/319
f 330/321/321 327/315/315 322/317/317
f 331/323/323 329/350/350 315/324/324
f 330/321/321 323/322/322 324/326/326
f 334/328/328 333/336/336 317/329/329
f 336/331/331 335/349/349 310/332/332
f 332/327/327 324/326/326 325/334/334
f 333/336/336 338/340/340 318/337/337
f 336/331/331 309/333/333 311/338/338
f 337/335/335 325/334/334 318/337/337
f 331/323/323 316/325/325 319/341/341
f 339/339/339 311/338/338 312/343/343
f 340/342/342 319/341/341 320/345/345
f 341/344/344 312/343/343 313/319/319
f 342/346/346 320/345/345 321/316/316
f 335/349/349 334/328/328 314/330/330
f 267/277/277 271/276/276 334/328/328
f 278/286/286 277/284/284 342/346/346
f 269/283/283 341/344/344 328/347/347
f 277/284/284 276/282/282 340/342/342
f 268/281/281 339/339/339 341/344/344
f 276/282/282 273/273/273 331/323/323
f 275/280/280 282/279/279 337/335/335
f 266/278/278 336/331/331 339/339/339
f 274/275/275 275/280/280 338/340/340
f 281/274/274 332/327/327 337/335/335
f 266/278/278 267/277/277 335/349/349
f 271/276/276 274/275/275 333/336/336
f 280/271/271 330/321/321 332/327/327
f 273/273/273 272/272/272 329/350/350
f 279/287/287 327/315/315 330/321/321
f 270/285/285 328/347/347 352/318/318
f 279/287/287 278/286/286 326/348/348
f 311/338/338 362/361/361 364/351/351
f 355/352/352 354/367/367 323/322/322
f 357/353/353 355/352/352 322/317/317
f 359/354/354 357/353/353 321/316/316
f 361/355/355 359/354/354 320/345/345
f 361/355/355 319/341/341 316/325/325
f 272/272/272 350/288/288 352/318/318
f 352/318/318 351/320/320 315/324/324
f 238/251/251 348/247/247 350/288/288
f 347/109/109 349/246/246 256/357/357
f 256/357/357 349/246/246 348/247/247
f 343/110/110 347/109/109 101/270/270
f 52/51/51 344/54/54 345/60/60
f 43/42/42 42/53/53 345/60/60
f 52/51/51 41/47/47 343/110/110
f 371/358/358 361/355/355 363/356/356
f 311/338/338 309/333/333 360/360/360
f 370/362/362 359/354/354 361/355/355
f 309/333/333 310/332/332 358/363/363
f 370/362/362 369/365/365 357/353/353
f 310/332/332 314/330/330 356/364/364
f 369/365/365 368/366/366 355/352/352
f 317/329/329 353/370/370 356/364/364
f 368/366/366 367/369/369 354/367/367
f 366/368/368 373/372/372 367/369/369
f 365/371/371 324/326/326 323/322/322
f 365/371/371 354/367/367 367/369/369
f 366/368/368 353/370/370 317/329/329
f 356/364/364 353/370/370 367/369/369
f 358/363/363 356/364/364 368/366/366
f 360/360/360 358/363/363 369/365/365
f 360/360/360 370/362/362 371/358/358
f 362/361/361 371/358/358 372/359/359
f 324/326/326 365/371/371 373/372/372
f 373/372/372 366/368/368 318/337/337
f 363/356/356 316/325/325 315/324/324
f 313/319/319 312/343/343 364/351/351
f 351/320/320 364/351/351 372/359/359
f 461/373/373 374/385/385 375/374/374
f 463/376/376 381/502/485 382/377/377
f 466/379/379 465/388/388 379/380/380
f 467/382/382 377/389/389 376/383/383
f 468/384/384 376/383/383 374/385/385
f 469/386/386 464/378/378 382/377/377
f 465/388/388 469/386/386 380/387/387
f 467/382/382 466/379/379 378/381/381
f 390/390/390 386/398/398 387/391/391
f 393/393/393 392/402/402 384/394/394
f 391/392/392 387/391/391 388/396/396
f 390/390/390 393/393/393 385/395/395
f 394/397/397 388/396/396 389/399/399
f 396/401/401 383/413/406 384/394/394
f 284/293/293 283/311/311 396/403/401
f 288/309/309 394/407/397 395/405/400
f 285/294/294 393/408/393 390/406/390
f 287/307/307 391/409/392 394/407/397
f 285/294/294 284/293/293 392/404/402
f 286/301/301 390/406/390 391/409/392
f 400/410/403 399/414/407 398/411/404
f 383/413/406 396/401/401 399/414/407
f 403/415/408 398/2257/404 399/416/407
f 401/418/410 404/422/414 408/419/411
f 402/421/413 405/423/415 404/422/414
f 403/415/408 406/417/409 405/423/415
f 407/420/412 408/419/411 293/304/304
f 406/417/409 399/416/407 396/403/401
f 406/417/409 283/311/311 292/306/306
f 405/423/415 292/306/306 294/291/291
f 404/422/414 294/291/291 291/290/290
f 408/419/411 291/290/290 290/296/296
f 389/424/399 409/427/417 410/425/416
f 409/427/417 411/440/430 412/428/418
f 423/429/419 413/432/422 414/430/420
f 413/432/422 415/434/424 416/433/423
f 415/434/424 417/436/426 418/435/425
f 417/436/426 419/438/428 420/437/427
f 419/438/428 421/752/731 422/439/429
f 411/440/430 423/429/419 424/431/421
f 471/441/431 470/445/435 425/442/432
f 463/376/376 230/230/230 222/231/231
f 425/442/432 427/479/464 428/444/434
f 470/445/435 219/224/224 220/223/223
f 410/447/416 431/462/449 430/448/437
f 898/449/438 438/492/476 892/450/439
f 889/452/441 888/938/912 437/453/442
f 890/455/444 889/452/441 436/454/443
f 891/457/446 890/455/444 435/456/445
f 424/459/421 438/492/476 432/460/448
f 412/461/418 432/460/448 431/462/449
f 420/463/427 889/452/441 890/455/444
f 295/298/298 395/405/400 430/448/437
f 302/299/299 295/298/298 429/465/450
f 429/465/450 430/448/437 904/467/452
f 451/469/454 450/483/468 440/470/455
f 440/470/455 442/473/458 443/472/457
f 442/473/458 444/476/461 445/474/459
f 447/475/460 445/474/459 444/476/461
f 446/478/463 448/480/465 428/444/434
f 447/475/460 449/477/462 448/480/465
f 894/481/466 903/497/481 457/482/467
f 454/484/469 440/470/455 450/483/468
f 418/464/425 890/455/444 891/457/446
f 458/486/470 453/489/473 456/487/471
f 453/489/473 454/484/469 457/482/467
f 452/490/474 458/486/470 459/488/472
f 438/492/476 898/449/438 899/493/477
f 431/462/449 901/499/483 904/467/452
f 906/494/478 908/630/613 540/495/479
f 903/497/481 902/498/482 456/487/471
f 902/498/482 900/609/592 459/488/472
f 432/460/448 899/493/477 901/499/483
f 416/485/423 891/457/446 892/450/439
f 896/501/484 906/494/478 528/496/480
f 439/466/451 429/465/450 893/468/453
f 425/442/432 470/445/435 472/446/436
f 381/502/485 463/376/376 471/441/431
f 219/224/224 470/445/435 471/441/431
f 227/234/234 466/379/379 467/382/382
f 228/233/233 229/227/227 469/386/386
f 229/227/227 231/226/226 464/378/378
f 225/225/225 468/384/384 461/373/373
f 226/222/222 467/382/382 468/384/384
f 227/234/234 228/233/233 465/388/388
f 231/226/226 230/230/230 463/376/376
f 223/229/229 461/373/373 462/375/375
f 839/503/486 838/553/536 480/504/487
f 841/506/489 840/515/498 479/507/490
f 843/509/492 842/516/499 477/510/493
f 844/512/495 473/519/502 474/513/496
f 840/515/498 839/503/486 481/505/488
f 842/516/499 841/506/489 478/508/491
f 846/517/500 843/509/492 476/511/494
f 844/512/495 846/517/500 475/518/501
f 848/520/503 847/552/535 491/521/504
f 849/523/506 487/535/518 483/524/507
f 852/526/509 851/534/517 490/527/510
f 853/529/512 486/533/516 488/530/513
f 853/529/512 855/536/519 485/532/515
f 851/534/517 848/520/503 489/522/505
f 854/531/514 488/530/513 487/535/518
f 855/536/519 852/526/509 484/528/511
f 850/525/508 483/524/507 482/537/520
f 857/539/522 496/690/673 495/540/523
f 860/542/525 859/548/531 494/543/526
f 862/545/528 861/549/532 492/546/529
f 859/548/531 858/541/524 495/540/523
f 861/549/532 860/542/525 493/544/527
f 863/550/533 862/545/528 498/547/530
f 458/486/470 452/490/474 863/550/533
f 381/502/485 426/443/433 856/538/521
f 548/554/537 567/633/616 502/555/538
f 864/557/540 514/601/584 515/558/541
f 865/560/543 523/567/550 522/561/544
f 866/563/546 509/595/578 510/564/547
f 867/566/549 517/588/571 523/567/550
f 868/568/551 503/576/559 885/569/552
f 879/565/548 510/564/547 511/571/554
f 878/562/545 522/561/544 516/573/556
f 869/575/558 504/583/566 503/576/559
f 880/572/555 511/571/554 513/577/560
f 870/579/562 507/707/687 505/580/563
f 871/582/565 506/589/572 504/583/566
f 872/584/567 512/590/573 508/585/568
f 873/587/570 518/594/577 517/588/571
f 883/581/564 505/580/563 506/589/572
f 882/578/561 513/577/560 512/590/573
f 549/591/574 548/554/537 501/556/539
f 874/593/576 519/600/583 518/594/577
f 877/559/542 515/558/541 509/595/578
f 553/596/579 614/635/618 623/597/580
f 875/599/582 520/603/586 519/600/583
f 881/574/557 516/573/556 514/601/584
f 876/602/585 521/2258/1990 520/603/586
f 445/474/459 531/606/589 530/604/587
f 445/474/459 447/475/460 533/605/588
f 220/223/223 221/228/228 525/607/590
f 900/609/592 897/939/913 455/491/475
f 439/466/451 528/496/480 526/610/593
f 441/471/456 529/615/598 534/611/594
f 446/478/463 427/479/464 527/612/595
f 427/479/464 472/446/436 535/614/597
f 447/475/460 446/478/463 532/613/596
f 443/472/457 530/604/587 529/615/598
f 221/228/228 302/299/299 526/610/593
f 472/446/436 220/223/223 524/608/591
f 451/469/454 534/611/594 905/616/599
f 531/606/589 543/622/605 542/618/601
f 524/608/591 525/607/590 537/619/602
f 531/606/589 533/605/588 545/621/604
f 525/607/590 526/610/593 538/623/606
f 532/613/596 527/612/595 539/624/607
f 527/612/595 535/614/597 547/626/609
f 533/605/588 532/613/596 544/625/608
f 528/496/480 540/495/479 538/623/606
f 534/611/594 529/615/598 541/627/610
f 534/611/594 546/628/611 907/629/612
f 535/614/597 524/608/591 536/620/603
f 908/630/613 930/940/914 922/631/614
f 529/615/598 530/604/587 542/618/601
f 579/632/615 552/648/631 567/633/616
f 584/634/617 613/681/664 614/635/618
f 561/636/619 579/632/615 548/554/537
f 490/527/510 489/522/505 564/637/620
f 592/639/622 583/654/637 551/640/623
f 497/551/534 498/547/530 565/641/624
f 594/642/625 585/651/634 555/643/626
f 477/510/493 566/653/636 554/645/628
f 591/646/629 582/676/659 550/638/621
f 593/647/630 567/633/616 552/648/631
f 485/532/515 484/528/511 568/644/627
f 595/649/632 592/639/622 565/641/624
f 498/547/530 492/546/529 569/650/633
f 585/651/634 586/660/643 556/652/635
f 478/508/491 570/658/641 566/653/636
f 486/533/516 485/532/515 555/643/626
f 583/654/637 587/683/666 557/655/638
f 491/521/504 497/551/534 551/640/623
f 571/656/639 597/666/649 596/657/640
f 479/507/490 571/656/639 570/658/641
f 588/659/642 558/661/644 556/652/635
f 488/530/513 486/533/516 556/652/635
f 572/662/645 598/691/674 589/663/646
f 482/537/520 572/662/645 559/664/647
f 573/665/648 599/672/655 597/666/649
f 481/505/488 573/665/648 571/656/639
f 574/667/650 600/673/656 590/668/651
f 487/535/518 574/667/650 560/669/652
f 601/670/653 595/649/632 569/650/633
f 492/546/529 493/544/527 575/671/654
f 599/672/655 573/665/648 559/664/647
f 480/504/487 559/664/647 573/665/648
f 600/673/656 574/667/650 558/661/644
f 488/530/513 558/661/644 574/667/650
f 602/674/657 601/670/653 575/671/654
f 493/544/527 494/543/526 576/675/658
f 582/676/659 594/642/625 568/644/627
f 475/518/501 577/678/661 563/677/660
f 577/678/661 578/598/581 562/679/662
f 584/634/617 552/648/631 624/680/663
f 484/528/511 490/527/510 550/638/621
f 580/682/665 603/689/672 602/674/657
f 495/540/523 580/682/665 576/675/658
f 587/683/666 591/646/629 564/637/620
f 562/679/662 617/692/675 609/684/667
f 561/636/619 615/687/670 622/685/668
f 561/636/619 549/591/574 611/686/669
f 489/522/505 491/521/504 557/655/638
f 581/688/671 604/936/910 603/689/672
f 496/690/673 581/688/671 580/682/665
f 598/691/674 572/662/645 560/669/652
f 476/511/494 554/645/628 577/678/661
f 554/645/628 553/596/579 578/598/581
f 562/679/662 578/598/581 623/597/580
f 483/524/507 560/669/652 572/662/645
f 566/653/636 886/937/911 593/647/630
f 563/677/660 609/684/667 605/693/676
f 474/513/496 473/519/502 605/693/676
f 499/695/575 500/1733/1653 608/696/678
f 553/596/579 554/645/628 593/647/630
f 612/698/680 611/686/669 607/699/679
f 618/701/681 615/687/670 611/686/669
f 616/702/682 621/706/686 622/685/668
f 605/693/676 609/684/667 610/703/683
f 609/684/667 617/692/675 620/704/684
f 619/705/685 616/702/682 615/687/670
f 621/706/686 613/681/664 624/680/663
f 614/635/618 613/681/664 621/706/686
f 617/692/675 616/702/682 619/705/685
f 623/597/580 621/706/686 616/702/682
f 549/591/574 499/592/575 607/699/679
f 579/632/615 622/685/668 624/680/663
f 884/586/569 508/585/568 507/707/687
f 645/708/688 644/735/714 635/709/689
f 650/711/691 630/741/720 631/712/692
f 654/714/694 645/708/688 641/710/690
f 659/716/696 633/728/707 625/717/697
f 651/719/693 631/808/692 634/720/699
f 669/722/701 668/740/719 638/723/702
f 660/718/698 625/717/697 626/725/704
f 659/716/696 677/770/749 632/727/706
f 678/729/708 654/714/694 636/715/695
f 672/726/705 626/725/704 627/731/710
f 681/732/711 627/731/710 628/733/712
f 663/721/700 634/720/699 635/709/689
f 669/722/701 639/724/703 640/736/715
f 684/734/713 628/733/712 629/738/717
f 668/740/719 678/729/708 637/730/709
f 690/739/718 629/738/717 630/741/720
f 387/391/391 692/743/722 648/742/721
f 692/743/722 691/745/724 649/744/723
f 691/745/724 690/739/718 650/711/691
f 417/436/426 415/434/424 680/746/725
f 666/747/726 680/746/725 679/748/727
f 667/749/728 679/748/727 678/729/708
f 386/398/398 686/750/729 692/743/722
f 686/750/729 685/751/730 691/745/724
f 685/751/730 684/734/713 690/739/718
f 421/752/731 419/438/428 671/753/732
f 689/754/733 671/753/732 670/755/734
f 688/756/735 670/755/734 669/722/701
f 411/440/430 409/427/417 665/757/736
f 642/758/737 665/757/736 664/759/738
f 643/760/739 664/759/738 663/721/700
f 385/395/395 683/762/741 686/750/729
f 686/750/729 683/762/741 682/761/740
f 682/761/740 681/732/711 684/734/713
f 384/394/394 674/771/750 683/762/741
f 683/762/741 674/771/750 673/763/742
f 682/761/740 673/763/742 672/726/705
f 415/434/424 413/432/422 656/764/743
f 680/746/725 656/764/743 655/765/744
f 679/748/727 655/765/744 654/714/694
f 400/410/403 397/412/405 675/766/745
f 657/767/746 675/766/745 676/768/747
f 658/769/748 676/768/747 677/770/749
f 383/413/406 662/775/754 674/771/750
f 674/771/750 662/775/754 661/772/751
f 673/763/742 661/772/751 660/718/698
f 419/438/428 417/436/426 666/747/726
f 671/753/732 666/747/726 667/749/728
f 670/755/734 667/749/728 668/740/719
f 409/427/417 389/424/399 653/773/752
f 665/757/736 653/773/752 652/774/753
f 652/774/753 651/719/693 663/721/700
f 400/410/403 657/767/746 662/775/754
f 662/775/754 657/767/746 658/769/748
f 661/772/751 658/769/748 659/716/696
f 413/432/422 423/429/419 647/776/755
f 656/764/743 647/776/755 646/777/756
f 655/765/744 646/777/756 645/708/688
f 389/399/399 388/396/396 648/742/721
f 653/778/752 648/742/721 649/744/723
f 649/744/723 650/711/691 651/713/693
f 423/429/419 411/440/430 642/758/737
f 647/776/755 642/758/737 643/760/739
f 646/777/756 643/760/739 644/735/714
f 542/618/601 543/622/605 925/780/757
f 536/620/603 537/619/602 917/782/759
f 545/621/604 926/788/765 925/780/757
f 537/619/602 538/623/606 919/784/761
f 544/625/608 539/624/607 921/785/762
f 539/624/607 547/626/609 920/787/764
f 545/621/604 544/625/608 927/786/763
f 540/495/479 922/631/614 919/784/761
f 541/627/610 924/791/768 928/789/766
f 546/628/611 928/789/766 929/790/767
f 547/626/609 536/620/603 918/783/760
f 438/492/476 424/459/421 414/500/420
f 541/627/610 542/618/601 923/781/758
f 710/792/769 706/2259/777 707/793/770
f 713/795/772 712/798/775 708/796/773
f 712/798/775 711/794/771 707/793/770
f 714/799/776 705/820/794 706/800/777
f 723/802/778 714/799/776 710/801/769
f 715/804/780 711/794/771 712/798/775
f 717/806/782 722/805/781 712/798/775
f 720/807/779 710/792/769 711/794/771
f 631/808/692 719/810/784 716/809/783
f 719/810/784 720/807/779 715/804/780
f 641/710/690 635/709/689 721/811/785
f 721/811/785 722/805/781 717/806/782
f 634/720/699 716/809/783 721/811/785
f 716/809/783 715/804/780 722/805/781
f 931/813/787 724/868/842 725/814/788
f 723/802/778 732/855/829 731/816/790
f 932/815/789 725/814/788 726/817/791
f 714/799/776 731/816/790 730/819/793
f 933/818/792 726/817/791 727/821/795
f 628/733/712 933/818/792 934/822/796
f 934/822/796 727/821/795 728/823/797
f 745/825/799 736/842/816 737/826/800
f 753/828/802 733/962/935 734/829/803
f 762/831/805 761/837/811 741/832/806
f 754/830/804 734/829/803 735/834/808
f 747/836/810 746/827/801 761/837/811
f 770/839/813 771/865/839 938/840/814
f 766/835/809 735/834/808 736/842/816
f 762/831/805 740/833/807 739/843/817
f 731/816/790 765/846/820 777/845/819
f 765/846/820 764/848/822 776/847/821
f 764/848/822 763/850/824 775/849/823
f 763/850/824 762/831/805 774/844/818
f 773/851/825 738/1873/1786 937/852/826
f 728/823/797 749/856/830 758/854/828
f 749/856/830 748/858/832 759/857/831
f 748/858/832 747/836/810 760/838/812
f 726/817/791 769/860/834 742/859/833
f 769/860/834 768/862/836 743/861/835
f 768/862/836 767/864/838 744/863/837
f 767/864/838 766/835/809 745/825/799
f 771/865/839 772/867/841 939/866/840
f 772/867/841 773/851/825 940/853/827
f 936/841/815 750/873/847 724/868/842
f 725/814/788 757/870/844 769/860/834
f 757/870/844 756/871/845 768/862/836
f 756/871/845 755/872/846 767/864/838
f 755/872/846 754/830/804 766/835/809
f 732/855/829 758/854/828 765/846/820
f 758/854/828 759/857/831 764/848/822
f 759/857/831 760/838/812 763/850/824
f 760/838/812 761/837/811 762/831/805
f 724/868/842 750/873/847 757/870/844
f 750/873/847 751/874/848 756/871/845
f 751/874/848 752/875/849 755/872/846
f 752/875/849 753/828/802 754/830/804
f 727/821/795 742/859/833 749/856/830
f 742/859/833 743/861/835 748/858/832
f 743/861/835 744/863/837 747/836/810
f 744/863/837 745/825/799 746/827/801
f 637/730/709 636/715/695 778/876/850
f 713/795/772 785/883/857 786/878/852
f 638/723/702 637/730/709 779/877/851
f 718/812/786 787/881/855 783/880/854
f 717/806/782 786/878/852 787/881/855
f 639/724/703 638/723/702 780/879/853
f 636/715/695 641/710/690 783/880/854
f 709/797/774 784/2260/953 785/883/857
f 639/724/703 781/882/856 782/884/858
f 802/885/859 801/900/874 789/886/860
f 810/888/862 809/934/908 794/889/863
f 814/891/865 802/885/859 790/887/861
f 822/893/867 821/903/877 793/894/868
f 826/896/870 810/888/862 795/890/864
f 830/898/872 814/891/865 791/892/866
f 801/900/874 822/893/867 788/895/869
f 834/901/875 826/896/870 796/897/871
f 821/903/877 834/901/875 797/902/876
f 787/881/855 837/909/883 818/904/878
f 818/904/878 837/909/883 836/905/879
f 819/906/880 836/905/879 835/907/881
f 820/908/882 835/907/881 834/901/875
f 786/878/852 829/924/898 837/909/883
f 837/909/883 829/924/898 828/910/884
f 836/905/879 828/910/884 827/911/885
f 835/907/881 827/911/885 826/896/870
f 779/877/851 778/876/850 825/912/886
f 798/913/887 825/912/886 824/914/888
f 799/915/889 824/914/888 823/916/890
f 800/917/891 823/916/890 822/893/867
f 782/884/858 781/882/856 817/918/892
f 833/919/893 817/918/892 816/920/894
f 832/921/895 816/920/894 815/922/896
f 831/923/897 815/922/896 814/891/865
f 785/883/857 813/931/905 829/924/898
f 829/924/898 813/931/905 812/925/899
f 828/910/884 812/925/899 811/926/900
f 827/911/885 811/926/900 810/888/862
f 778/876/850 783/880/854 818/904/878
f 825/912/886 818/904/878 819/906/880
f 824/914/888 819/906/880 820/908/882
f 823/916/890 820/908/882 821/903/877
f 781/882/856 780/879/853 805/927/901
f 817/918/892 805/927/901 804/928/902
f 816/920/894 804/928/902 803/929/903
f 815/922/896 803/929/903 802/885/859
f 785/883/857 784/2260/953 806/930/904
f 813/931/905 806/930/904 807/932/906
f 812/925/899 807/932/906 808/933/907
f 811/926/900 808/933/907 809/934/908
f 780/879/853 779/877/851 798/913/887
f 805/927/901 798/913/887 799/915/889
f 804/928/902 799/915/889 800/917/891
f 803/929/903 800/917/891 801/900/874
f 480/504/487 838/553/536 856/538/521
f 847/552/535 863/550/533 497/551/534
f 452/490/474 460/935/909 862/545/528
f 434/458/447 860/542/525 861/549/532
f 435/456/445 436/454/443 858/541/524
f 460/935/909 433/451/440 861/549/532
f 434/458/447 435/456/445 859/548/531
f 436/454/443 437/453/442 857/539/522
f 428/444/434 850/525/508 856/538/521
f 442/473/458 440/470/455 852/526/509
f 449/477/462 854/531/514 849/523/506
f 454/484/469 453/489/473 848/520/503
f 444/476/461 442/473/458 855/536/519
f 444/476/461 853/529/512 854/531/514
f 440/470/455 454/484/469 851/534/517
f 448/480/465 849/523/506 850/525/508
f 453/489/473 458/486/470 847/552/535
f 374/385/385 376/383/383 846/517/500
f 376/383/383 377/389/389 843/509/492
f 378/381/381 379/380/380 841/506/489
f 380/387/387 382/377/377 839/503/486
f 375/374/374 374/385/385 844/512/495
f 377/389/389 378/381/381 842/516/499
f 379/380/380 380/387/387 840/515/498
f 382/377/377 381/502/485 838/553/536
f 590/668/651 884/586/569 870/579/562
f 604/936/910 876/602/585 875/599/582
f 591/646/629 587/683/666 881/574/557
f 603/689/672 875/599/582 874/593/576
f 594/642/625 582/676/659 877/559/542
f 602/674/657 874/593/576 873/587/570
f 588/659/642 882/578/561 872/584/567
f 589/663/646 883/581/564 871/582/565
f 595/649/632 601/670/653 873/587/570
f 600/673/656 872/584/567 884/586/569
f 599/672/655 871/582/565 869/575/558
f 598/691/674 870/579/562 883/581/564
f 586/660/643 880/572/555 882/578/561
f 597/666/649 869/575/558 868/568/551
f 587/683/666 583/654/637 878/562/545
f 585/651/634 879/565/548 880/572/555
f 592/639/622 595/649/632 867/566/549
f 585/651/634 594/642/625 866/563/546
f 583/654/637 592/639/622 865/560/543
f 582/676/659 591/646/629 864/557/540
f 596/657/640 868/568/551 887/570/553
f 886/937/911 887/570/553 567/633/616
f 887/570/553 885/569/552 502/555/538
f 570/658/641 596/657/640 886/937/911
f 420/463/427 422/2261/429 888/938/912
f 894/481/466 895/617/600 896/501/484
f 902/498/482 903/497/481 904/467/452
f 900/609/592 902/498/482 901/499/483
f 897/939/913 900/609/592 899/493/477
f 903/497/481 894/481/466 893/468/453
f 906/494/478 896/501/484 895/617/600
f 905/616/599 907/629/612 908/630/613
f 907/629/612 929/790/767 930/940/914
f 895/617/600 894/481/466 450/483/468
f 892/450/439 891/457/446 434/458/447
f 898/449/438 433/451/440 460/935/909
f 455/491/475 897/939/913 460/935/909
f 911/941/915 701/945/919 696/942/916
f 914/944/918 702/947/921 701/945/919
f 914/944/918 699/951/925 700/946/920
f 912/948/922 911/941/915 704/943/917
f 912/948/922 915/950/924 914/944/918
f 915/950/924 698/960/934 699/951/925
f 913/952/926 912/948/922 693/949/923
f 916/954/928 915/950/924 912/948/922
f 703/955/929 698/960/934 915/950/924
f 697/956/930 913/952/926 694/953/927
f 909/958/932 916/954/928 913/952/926
f 910/959/933 703/955/929 916/954/928
f 694/953/927 693/949/923 918/783/760
f 695/957/931 694/953/927 917/782/759
f 704/943/917 696/942/916 921/785/762
f 695/957/931 919/784/761 922/631/614
f 699/951/925 698/960/934 924/791/768
f 700/946/920 699/951/925 923/781/758
f 700/946/920 925/780/757 926/788/765
f 696/942/916 701/945/919 927/786/763
f 702/947/921 926/788/765 927/786/763
f 703/955/929 928/789/766 924/791/768
f 693/949/923 704/943/917 920/787/764
f 909/958/932 930/940/914 929/790/767
f 697/956/930 922/631/614 930/940/914
f 910/959/933 929/790/767 928/789/766
f 746/827/801 737/826/800 741/832/806
f 629/738/717 934/822/796 935/824/798
f 627/731/710 932/815/789 933/818/792
f 626/725/704 931/813/787 932/815/789
f 719/961/784 631/712/692 630/741/720
f 723/802/778 720/803/779 719/961/784
f 732/855/829 723/802/778 935/824/798
f 940/853/827 937/852/826 733/962/935
f 938/840/814 939/866/840 752/875/849
f 939/866/840 940/853/827 753/828/802
f 936/841/815 941/869/843 729/963/936
f 936/841/815 938/840/814 751/874/848
f 946/964/937 945/1981/1892 729/963/936
f 632/727/706 942/967/940 943/965/938
f 931/813/787 626/725/704 625/717/697
f 944/966/939 625/717/697 633/728/707
f 944/966/939 941/869/843 724/868/842
f 946/964/937 941/869/843 944/966/939
f 942/967/940 945/1981/1892 946/964/937
f 952/968/941 795/890/864 794/889/863
f 955/970/943 796/897/871 795/890/864
f 958/971/944 797/902/876 796/897/871
f 961/972/945 793/894/868 797/902/876
f 964/973/946 788/895/869 793/894/868
f 967/974/946 789/886/860 788/895/869
f 970/975/947 790/887/861 789/886/860
f 973/976/946 791/892/866 790/887/861
f 976/977/948 792/899/873 791/892/866
f 977/978/949 947/2262/942 794/979/863
f 977/978/949 809/980/908 808/981/907
f 980/982/950 808/981/907 807/983/906
f 983/984/951 807/983/906 806/985/904
f 986/986/952 806/985/904 784/987/953
f 730/819/793 777/845/819 988/989/955
f 991/990/956 988/989/955 987/991/957
f 987/991/957 986/986/952 989/988/954
f 777/845/819 776/847/821 985/993/959
f 988/989/955 985/993/959 984/994/960
f 984/994/960 983/984/951 986/986/952
f 776/847/821 775/849/823 982/995/961
f 985/993/959 982/995/961 981/996/962
f 981/996/962 980/982/950 983/984/951
f 775/849/823 774/844/818 979/997/963
f 979/997/963 978/998/964 981/996/962
f 978/998/964 977/978/949 980/982/950
f 739/843/817 949/999/965 979/997/963
f 949/999/965 948/1000/966 978/998/964
f 948/1000/966 947/2262/942 977/978/949
f 937/1001/826 738/2020/1786 974/1002/967
f 971/1003/968 974/1002/967 975/1004/969
f 972/1005/969 975/1004/969 976/977/948
f 733/1006/935 937/1001/826 971/1003/968
f 968/1007/970 971/1003/968 972/1005/969
f 969/1008/969 972/1005/969 973/976/946
f 734/1009/803 733/1006/935 968/1007/970
f 965/1010/971 968/1007/970 969/1008/969
f 966/1011/969 969/1008/969 970/975/947
f 735/1012/808 734/1009/803 965/1010/971
f 965/1010/971 966/1011/969 963/1014/969
f 966/1011/969 967/974/946 964/973/946
f 736/1015/816 735/1012/808 962/1013/972
f 962/1013/972 963/1014/969 960/1017/974
f 963/1014/969 964/973/946 961/972/945
f 737/1018/800 736/1015/816 959/1016/973
f 956/1019/975 959/1016/973 960/1017/974
f 960/1017/974 961/972/945 958/971/944
f 741/1021/806 737/1018/800 956/1019/975
f 953/1022/977 956/1019/975 957/1020/976
f 954/1023/978 957/1020/976 958/971/944
f 740/1024/807 741/1021/806 953/1022/977
f 950/1025/979 953/1022/977 954/1023/978
f 951/1026/980 954/1023/978 955/970/943
f 739/1027/817 740/1024/807 950/1025/979
f 949/1028/965 950/1025/979 951/1026/980
f 948/1029/966 951/1026/980 952/968/941
f 989/988/954 784/987/953 709/1030/774
f 990/992/958 989/988/954 708/1031/773
f 990/992/958 707/1032/770 706/800/777
f 991/990/956 706/800/777 705/820/794
f 1009/1033/981 1010/1059/1007 997/1034/982
f 1016/1036/984 992/1040/988 995/1037/985
f 993/1039/987 996/1042/990 995/1037/985
f 1028/1041/989 1029/1074/1022 996/1042/990
f 994/1035/983 1000/1078/1026 1031/1043/991
f 993/1039/987 999/1045/993 1030/1044/992
f 992/1040/988 998/1047/995 999/1045/993
f 999/1045/993 1002/1048/996 1003/1046/994
f 998/1047/995 1001/1077/1025 1002/1048/996
f 1018/1049/997 1016/1036/984 50/11/11
f 1018/1049/997 11/10/10 13/13/13
f 1005/1051/999 1030/1044/992 1003/1046/994
f 1037/1053/1001 1006/1067/1015 1021/1054/1002
f 1005/1051/999 1007/1052/1000 1013/1056/1004
f 1014/1058/1006 1015/1079/1027 1010/1059/1007
f 124/129/129 114/1069/1017 1023/1060/1008
f 1009/1033/981 1031/1043/991 1012/1062/1010
f 1008/1063/1011 1037/1053/1001 1020/1055/1003
f 1014/1058/1006 1012/1062/1010 1004/1064/1012
f 1011/1066/1014 1015/1079/1027 1014/1058/1006
f 1032/1057/1005 1013/1056/1004 1006/1067/1015
f 1024/1068/1016 1023/1060/1008 114/1069/1017
f 1025/1070/1018 1024/1068/1016 112/115/115
f 1026/1071/1019 1025/1070/1018 1/1/1
f 1027/1072/1020 1026/1071/1019 5/4/4
f 1027/1072/1020 7/6/6 9/8/8
f 995/1037/985 996/1042/990 1027/1072/1020
f 996/1042/990 1029/1074/1022 1026/1071/1019
f 1036/1073/1021 1025/1070/1018 1026/1071/1019
f 1035/1075/1023 1024/1068/1016 1025/1070/1018
f 1034/1076/1024 1023/1060/1008 1024/1068/1016
f 124/129/129 1022/1061/1009 1020/1055/1003
f 1022/1061/1009 1023/1060/1008 1034/1076/1024
f 1020/1055/1003 1021/1054/1002 126/132/132
f 998/1047/995 1018/1049/997 1019/1050/998
f 998/1047/995 992/1040/988 1016/1036/984
f 50/11/11 1016/1036/984 1017/1038/986
f 997/1034/982 1029/1074/1022 1028/1041/989
f 1000/1078/1026 994/1035/983 1028/1041/989
f 1000/1078/1026 1030/1044/992 1005/1051/999
f 1031/1043/991 1005/1051/999 1032/1057/1005
f 1011/1066/1014 1033/1065/1013 1008/1063/1011
f 1010/1059/1007 1015/1079/1027 1035/1075/1023
f 997/1034/982 1010/1059/1007 1036/1073/1021
f 1004/1064/1012 1037/1053/1001 1008/1063/1011
f 1012/1062/1010 1032/1057/1005 1037/1053/1001
f 1011/1066/1014 1034/1076/1024 1035/1075/1023
f 1038/1080/1028 1040/1084/1032 1041/1081/1029
f 1042/1083/1031 1043/1086/1034 1040/1084/1032
f 1044/1085/1033 1045/1088/1036 1043/1086/1034
f 1044/1085/1033 1046/1126/1074 1047/1087/1035
f 1048/1089/1037 1049/1092/1040 1082/1090/1038
f 1048/1089/1037 13/13/13 14/12/12
f 1045/1088/1036 1053/1094/1042 1052/1093/1041
f 21/18/18 1055/1115/1063 1049/1092/1040
f 1047/1087/1035 1054/1096/1044 1053/1094/1042
f 1043/1086/1034 1052/1093/1041 1050/1095/1043
f 1082/1090/1038 1084/1122/1070 1054/1096/1044
f 1040/1084/1032 1050/1095/1043 1051/1097/1045
f 1058/1098/1046 1057/1099/1047 1041/1081/1029
f 1057/1099/1047 1056/1162/1110 1039/1082/1030
f 1061/1100/1048 1060/1103/1051 1068/1101/1049
f 1060/1103/1051 1059/1107/1055 1070/1104/1052
f 1064/1105/1053 1063/1106/1054 1060/1103/1051
f 1063/1106/1054 1062/1110/1058 1059/1107/1055
f 1067/1108/1056 1066/1109/1057 1063/1106/1054
f 1066/1109/1057 1065/1185/1133 1062/1110/1058
f 1068/1101/1049 1070/1104/1052 1118/1111/1059
f 1069/1102/1050 1068/1101/1049 1117/1112/1060
f 1073/1114/1062 1071/1120/1068 1050/1095/1043
f 43/42/42 1076/1125/1073 1055/1115/1063
f 1053/1094/1042 1074/1118/1066 1073/1114/1062
f 1061/1100/1048 1078/1119/1067 1079/1116/1064
f 1072/1117/1065 1077/1161/1109 1058/1098/1046
f 1054/1096/1044 1075/1123/1071 1074/1118/1066
f 1069/1102/1050 1081/1124/1072 1078/1119/1067
f 1071/1120/1068 1072/1117/1065 1051/1097/1045
f 1064/1105/1053 1079/1116/1064 1080/1121/1069
f 1084/1122/1070 1085/1405/1353 1075/1123/1071
f 1116/1113/1061 1119/1138/1086 1081/1124/1072
f 1076/1125/1073 1085/1405/1353 1084/1122/1070
f 1055/1115/1063 1084/1122/1070 1082/1090/1038
f 1046/1126/1074 1083/1091/1039 1082/1090/1038
f 1355/1127/1075 1088/1132/1080 1086/1128/1076
f 346/57/57 55/59/59 1087/1130/1078
f 1356/1131/1079 1087/1130/1078 1088/1132/1080
f 1088/1132/1080 1091/1135/1083 1089/1133/1081
f 55/59/59 59/64/64 1090/1134/1082
f 1087/1130/1078 1090/1134/1082 1091/1135/1083
f 1078/1119/1067 1093/1140/1088 1094/1136/1084
f 1079/1116/1064 1094/1136/1084 1095/1137/1085
f 1119/1138/1086 1120/1142/1090 1096/1139/1087
f 1081/1124/1072 1096/1139/1087 1093/1140/1088
f 1094/1136/1084 1099/1145/1093 1100/1141/1089
f 1120/1142/1090 1121/1165/1113 1101/1143/1091
f 1096/1139/1087 1101/1143/1091 1098/1144/1092
f 1093/1140/1088 1098/1144/1092 1099/1145/1093
f 1091/1135/1083 1104/1147/1095 1102/1146/1094
f 73/77/77 1103/1149/1097 1090/1134/1082
f 1090/1134/1082 1103/1149/1097 1104/1147/1095
f 1104/1147/1095 1107/1152/1100 1105/1148/1096
f 77/81/81 1106/1150/1098 1103/1149/1097
f 1106/1150/1098 1107/1152/1100 1104/1147/1095
f 1109/1151/1099 1108/1154/1102 1105/1148/1096
f 1109/1151/1099 1111/1156/1104 1110/1153/1101
f 1113/1155/1103 1112/1158/1106 1110/1153/1101
f 1115/1157/1105 1114/1164/1112 1112/1158/1106
f 1097/1159/1107 1121/1165/1113 1120/1142/1090
f 1092/1160/1108 1120/1142/1090 1119/1138/1086
f 1058/1098/1046 1077/1161/1109 1119/1138/1086
f 1116/1113/1061 1117/1112/1060 1057/1099/1047
f 1117/1112/1060 1118/1111/1059 1056/1162/1110
f 1122/1163/1111 1123/1176/1124 1114/1164/1112
f 1097/1159/1107 1123/1176/1124 1122/1163/1111
f 1129/1166/1114 1132/1317/1265 1092/1160/1108
f 1092/1160/1108 1132/1317/1265 1133/1167/1115
f 1073/1114/1062 1126/1316/1264 1124/1168/1116
f 1112/1158/1106 1138/1319/1267 1137/1169/1117
f 1127/1170/1118 1126/1316/1264 1073/1114/1062
f 1128/1171/1119 1127/1170/1118 1074/1118/1066
f 1131/1172/1120 1130/1320/1268 1086/1128/1076
f 1108/1154/1102 1136/1179/1127 1135/1173/1121
f 1357/1174/1122 1128/1171/1119 1075/1123/1071
f 1140/1175/1123 1139/1177/1125 1114/1164/1112
f 1139/1177/1125 1138/1319/1267 1112/1158/1106
f 1105/1148/1096 1135/1173/1121 1134/1178/1126
f 1133/1167/1115 1140/1175/1123 1123/1176/1124
f 1134/1178/1126 1131/1172/1120 1089/1133/1081
f 1072/1117/1065 1125/1318/1266 1129/1166/1114
f 1110/1153/1101 1137/1169/1117 1136/1179/1127
f 1124/1168/1116 1125/1318/1266 1072/1117/1065
f 1039/1082/1030 1142/1182/1130 1141/1180/1128
f 1144/1181/1129 1143/1193/1141 1141/1180/1128
f 117/119/119 116/183/183 1192/1183/1131
f 1065/1185/1133 1150/1244/1192 1145/1186/1134
f 1149/1187/1135 1146/1191/1139 1197/1188/1136
f 1148/1190/1138 1147/1224/1172 1146/1191/1139
f 1144/1181/1129 1152/1196/1144 1151/1192/1140
f 1154/1194/1142 127/133/133 126/132/132
f 1152/1196/1144 1154/1194/1142 1153/1195/1143
f 1158/1197/1145 1155/1199/1147 1056/1162/1110
f 1070/1104/1052 1157/1198/1146 1158/1197/1145
f 1059/1107/1055 1156/1200/1148 1157/1198/1146
f 1155/1199/1147 1142/1182/1130 1039/1082/1030
f 1156/1200/1148 1059/1107/1055 1062/1110/1058
f 1171/1201/1149 1163/1223/1171 1162/1202/1150
f 1168/1204/1152 1169/1215/1163 1172/1205/1153
f 1175/1207/1155 1161/1221/1169 1167/1208/1156
f 1165/1210/1158 141/168/168 153/148/148
f 1159/1212/1160 1160/1219/1167 1177/1213/1161
f 1169/1215/1163 1166/1226/1174 1179/1216/1164
f 1164/1217/1165 1165/1210/1158 1176/1211/1159
f 1160/1219/1167 1164/1217/1165 1180/1218/1166
f 1200/1220/1168 1199/1236/1184 1161/1221/1169
f 1174/1209/1157 1167/1208/1156 1168/1204/1152
f 1179/1216/1164 1166/1226/1174 1159/1212/1160
f 1195/1222/1170 1194/1234/1182 1163/1223/1171
f 1192/1183/1131 1195/1222/1170 1171/1201/1149
f 1155/1199/1147 1179/1216/1164 1178/1214/1162
f 1156/1200/1148 1174/1209/1157 1173/1206/1154
f 1197/1188/1136 1200/1220/1168 1175/1207/1155
f 1177/1213/1161 1180/1218/1166 1152/1196/1144
f 1180/1218/1166 1176/1211/1159 1154/1194/1142
f 1172/1205/1153 1179/1216/1164 1155/1199/1147
f 1178/1214/1162 1177/1213/1161 1144/1181/1129
f 1176/1211/1159 153/148/148 127/133/133
f 1175/1207/1155 1174/1209/1157 1156/1200/1148
f 1173/1206/1154 1172/1205/1153 1158/1197/1145
f 1147/1224/1172 1171/1201/1149 1170/1203/1151
f 1191/1225/1173 1188/1229/1177 1166/1226/1174
f 1187/1227/1175 167/186/186 141/168/168
f 1163/1223/1171 1185/1235/1183 1184/1228/1176
f 1188/1229/1177 1181/1258/1206 1159/1212/1160
f 1159/1212/1160 1181/1258/1206 1182/1230/1178
f 1167/1208/1156 1189/1233/1181 1190/1231/1179
f 1160/1219/1167 1182/1230/1178 1186/1232/1180
f 1161/1221/1169 1183/1237/1185 1189/1233/1181
f 1194/1234/1182 1196/1240/1188 1185/1235/1183
f 1190/1231/1179 1191/1225/1173 1169/1215/1163
f 1186/1232/1180 1187/1227/1175 1165/1210/1158
f 1199/1236/1184 1201/1243/1191 1183/1237/1185
f 162/181/181 1196/1240/1188 1194/1234/1182
f 159/184/184 1195/1222/1170 1192/1183/1131
f 136/182/182 1194/1234/1182 1195/1222/1170
f 1193/1184/1132 1192/1183/1131 1147/1224/1172
f 1207/1238/1186 190/187/187 167/186/186
f 1213/1239/1187 1185/1235/1183 1196/1240/1188
f 1214/1242/1190 1184/1228/1176 1185/1235/1183
f 1162/1202/1150 1184/1228/1176 1201/1243/1191
f 1146/1191/1139 1170/1203/1151 1200/1220/1168
f 1170/1203/1151 1162/1202/1150 1199/1236/1184
f 1150/1244/1192 1198/1189/1137 1197/1188/1136
f 1201/1243/1191 1184/1228/1176 1214/1242/1190
f 1183/1237/1185 1201/1243/1191 1215/1245/1193
f 1226/1247/1195 1206/1265/1213 1205/1248/1196
f 1225/1249/1197 1205/1248/1196 1204/1250/1198
f 1204/1250/1198 1203/1253/1201 1223/1252/1200
f 1203/1253/1201 1202/1255/1203 1222/1254/1202
f 202/202/202 184/215/215 1202/1255/1203
f 1208/1257/1205 1207/1238/1186 1187/1227/1175
f 1182/1230/1178 1209/1259/1207 1208/1257/1205
f 1181/1258/1206 1210/1260/1208 1209/1259/1207
f 1188/1229/1177 1211/1266/1214 1210/1260/1208
f 1222/1254/1202 208/208/208 190/187/187
f 162/181/181 196/214/214 1212/1241/1189
f 1216/1246/1194 1215/1245/1193 1220/1261/1209
f 1215/1245/1193 1214/1242/1190 1219/1263/1211
f 1219/1263/1211 1214/1242/1190 1213/1239/1187
f 1218/1264/1212 1213/1239/1187 1212/1241/1189
f 1203/1253/1201 1218/1264/1212 1217/1256/1204
f 1204/1250/1198 1219/1263/1211 1218/1264/1212
f 1220/1261/1209 1219/1263/1211 1204/1250/1198
f 1221/1262/1210 1220/1261/1209 1205/1248/1196
f 196/214/214 202/202/202 1217/1256/1204
f 1202/1255/1203 184/215/215 208/208/208
f 1223/1252/1200 1222/1254/1202 1207/1238/1186
f 1224/1251/1199 1223/1252/1200 1208/1257/1205
f 1210/1260/1208 1225/1249/1197 1224/1251/1199
f 1211/1266/1214 1226/1247/1195 1225/1249/1197
f 1230/1267/1215 1231/1269/1217 1206/1265/1213
f 1232/1268/1216 1221/1262/1210 1206/1265/1213
f 1189/1233/1181 1229/1272/1220 1228/1270/1218
f 1191/1225/1173 1190/1231/1179 1228/1270/1218
f 1211/1266/1214 1227/1271/1219 1230/1267/1215
f 1227/1271/1219 1211/1266/1214 1188/1229/1177
f 1229/1272/1220 1189/1233/1181 1183/1237/1185
f 1216/1246/1194 1221/1262/1210 1232/1268/1216
f 1229/1272/1220 1232/1268/1216 1231/1269/1217
f 1227/1271/1219 1228/1270/1218 1231/1269/1217
f 1239/1273/1221 1240/1545/1470 1111/1156/1104
f 1233/1274/1222 1234/1491/1425 1099/1145/1093
f 1238/1275/1223 1239/1273/1221 1109/1151/1099
f 1115/1157/1105 1242/1281/1229 1244/1276/1224
f 1099/1145/1093 1234/1491/1425 1235/1277/1225
f 1237/1278/1226 1238/1275/1223 1107/1152/1100
f 1243/1279/1227 1236/1280/1228 1101/1143/1091
f 1236/1280/1228 1233/1274/1222 1098/1144/1092
f 224/232/232 1237/1278/1226 1106/1150/1098
f 1113/1155/1103 1241/1282/1230 1242/1281/1229
f 1122/1163/1111 1244/1276/1224 1243/1279/1227
f 1111/1156/1104 1240/1545/1470 1241/1282/1230
f 1249/1283/1231 1248/1314/1262 1262/1284/1232
f 1265/1286/1234 1257/1293/1241 1256/1287/1235
f 1267/1289/1237 1246/1305/1253 1250/1290/1238
f 1268/1292/1240 1258/1322/1270 1257/1293/1241
f 1359/1294/1242 1358/1338/1286 1249/1283/1231
f 1259/1295/1243 1258/1322/1270 1268/1292/1240
f 1271/1297/1245 1252/1313/1261 1251/1298/1246
f 1260/1300/1248 1259/1295/1243 1270/1296/1244
f 1266/1291/1239 1250/1290/1238 1253/1302/1250
f 1274/1304/1252 1245/1311/1259 1246/1305/1253
f 1261/1306/1254 1260/1300/1248 1272/1301/1249
f 1273/1303/1251 1253/1302/1250 1254/1308/1256
f 1277/1310/1258 1247/1330/1278 1245/1311/1259
f 1276/1309/1257 1254/1308/1256 1261/1306/1254
f 1278/1312/1260 1255/1315/1263 1252/1313/1261
f 1248/1314/1262 1247/1330/1278 1277/1310/1258
f 1264/1288/1236 1256/1287/1235 1255/1315/1263
f 1135/1173/1121 1264/1288/1236 1278/1312/1260
f 1262/1284/1232 1277/1310/1258 1126/1316/1264
f 1278/1312/1260 1271/1297/1245 1131/1172/1120
f 1276/1309/1257 1275/1307/1255 1140/1175/1123
f 1126/1316/1264 1277/1310/1258 1274/1304/1252
f 1132/1317/1265 1273/1303/1251 1276/1309/1257
f 1275/1307/1255 1272/1301/1249 1139/1177/1125
f 1124/1168/1116 1274/1304/1252 1267/1289/1237
f 1129/1166/1114 1266/1291/1239 1273/1303/1251
f 1272/1301/1249 1270/1296/1244 1138/1319/1267
f 1271/1297/1245 1269/1299/1247 1130/1320/1268
f 1270/1296/1244 1268/1292/1240 1137/1169/1117
f 1359/1294/1242 1263/1285/1233 1128/1171/1119
f 1137/1169/1117 1268/1292/1240 1265/1286/1234
f 1267/1289/1237 1266/1291/1239 1129/1166/1114
f 1136/1179/1127 1265/1286/1234 1264/1288/1236
f 1263/1285/1233 1262/1284/1232 1127/1170/1118
f 1293/1321/1269 1292/1394/1342 1258/1322/1270
f 1252/1313/1261 1286/1331/1279 1285/1323/1271
f 1294/1324/1272 1293/1321/1269 1259/1295/1243
f 1250/1290/1238 1284/1336/1284 1287/1325/1273
f 1245/1311/1259 1279/1393/1341 1280/1326/1274
f 1295/1327/1275 1294/1324/1272 1260/1300/1248
f 1253/1302/1250 1287/1325/1273 1288/1328/1276
f 1281/1329/1277 1279/1393/1341 1245/1311/1259
f 1254/1308/1256 1288/1328/1276 1295/1327/1275
f 1255/1315/1263 1289/1333/1281 1286/1331/1279
f 1282/1332/1280 1281/1329/1277 1247/1330/1278
f 1256/1287/1235 1290/1335/1283 1289/1333/1281
f 1283/1334/1282 1282/1332/1280 1248/1314/1262
f 1257/1293/1241 1291/1337/1285 1290/1335/1283
f 1246/1305/1253 1280/1326/1274 1284/1336/1284
f 1258/1322/1270 1292/1394/1342 1291/1337/1285
f 1358/1338/1286 1360/1395/1343 1283/1334/1282
f 1306/1339/1287 1303/1469/1405 1308/1340/1288
f 1311/1342/1290 1298/1351/1299 1297/1343/1291
f 1308/1340/1288 1303/1469/1405 1302/1345/1293
f 1307/1347/1295 1301/1356/1304 1313/1348/1296
f 1315/1350/1298 1299/1452/1398 1298/1351/1299
f 1316/1352/1300 1305/1360/1308 289/303/303
f 1317/1353/1301 1304/1358/1306 1306/1339/1287
f 1300/1354/1302 1299/1452/1398 1315/1350/1298
f 1301/1356/1304 1300/1354/1302 1318/1355/1303
f 1319/1357/1305 1296/1359/1307 1304/1358/1306
f 1310/1344/1292 1297/1343/1291 1296/1359/1307
f 1312/1346/1294 1302/1345/1293 1305/1360/1308
f 1148/1190/1138 1312/1346/1294 1316/1352/1300
f 1310/1344/1292 1319/1357/1305 1065/1185/1133
f 1319/1357/1305 1317/1353/1301 1150/1244/1192
f 1313/1348/1296 1318/1355/1303 1095/1137/1085
f 1318/1355/1303 1315/1350/1298 1080/1121/1069
f 1150/1244/1192 1317/1353/1301 1309/1341/1289
f 1193/1184/1132 1316/1352/1300 304/314/314
f 1315/1350/1298 1311/1342/1290 1067/1108/1056
f 1314/1349/1297 1313/1348/1296 1100/1141/1089
f 1149/1187/1135 1308/1340/1288 1312/1346/1294
f 1311/1342/1290 1310/1344/1292 1066/1109/1057
f 1198/1189/1137 1309/1341/1289 1308/1340/1288
f 1338/1361/1309 1333/1368/1316 1332/1362/1310
f 1362/1364/1312 1361/1421/1369 1324/1365/1313
f 1341/1367/1315 1334/1398/1346 1333/1368/1316
f 1342/1369/1317 1327/1403/1351 1326/1370/1318
f 1335/1372/1320 1334/1398/1346 1341/1367/1315
f 1345/1374/1322 1325/1412/1360 1328/1375/1323
f 1320/1377/1325 1321/1392/1340 1346/1378/1326
f 1348/1380/1328 1336/1385/1333 1335/1372/1320
f 1344/1376/1324 1328/1375/1323 1329/1381/1329
f 1322/1383/1331 1320/1377/1325 1347/1379/1327
f 1349/1382/1330 1329/1381/1329 1336/1385/1333
f 1330/1386/1334 1327/1403/1351 1342/1369/1317
f 1323/1388/1336 1322/1383/1331 1350/1384/1332
f 1331/1390/1338 1330/1386/1334 1351/1387/1335
f 1324/1365/1313 1323/1388/1336 1352/1389/1337
f 1332/1362/1310 1331/1390/1338 1353/1391/1339
f 1321/1392/1340 1325/1412/1360 1345/1374/1322
f 1280/1326/1274 1346/1378/1326 1345/1374/1322
f 1291/1337/1285 1337/1363/1311 1353/1391/1339
f 1339/1366/1314 1352/1389/1337 1282/1332/1280
f 1290/1335/1283 1353/1391/1339 1351/1387/1335
f 1352/1389/1337 1350/1384/1332 1281/1329/1277
f 1289/1333/1281 1351/1387/1335 1342/1369/1317
f 1288/1328/1276 1349/1382/1330 1348/1380/1328
f 1350/1384/1332 1347/1379/1327 1279/1393/1341
f 1287/1325/1273 1344/1376/1324 1349/1382/1330
f 1348/1380/1328 1343/1373/1321 1294/1324/1272
f 1347/1379/1327 1346/1378/1326 1280/1326/1274
f 1284/1336/1284 1345/1374/1322 1344/1376/1324
f 1343/1373/1321 1341/1367/1315 1293/1321/1269
f 1286/1331/1279 1342/1369/1317 1340/1371/1319
f 1341/1367/1315 1338/1361/1309 1292/1394/1342
f 1362/1364/1312 1339/1366/1314 1283/1334/1282
f 1292/1394/1342 1338/1361/1309 1337/1363/1311
f 1374/1396/1344 1372/1420/1368 1322/1383/1331
f 1365/1397/1345 1333/1368/1316 1334/1398/1346
f 1367/1400/1348 1332/1362/1310 1333/1368/1316
f 1369/1401/1349 1331/1390/1338 1332/1362/1310
f 1330/1386/1334 1331/1390/1338 1369/1401/1349
f 1327/1403/1351 1330/1386/1334 1371/1402/1350
f 1285/1323/1271 1340/1371/1319 1362/1364/1312
f 1326/1370/1318 1361/1421/1369 1362/1364/1312
f 1251/1298/1246 1285/1323/1271 1360/1395/1343
f 1269/1299/1247 1359/1294/1242 1357/1174/1122
f 1269/1299/1247 1251/1298/1246 1358/1338/1286
f 1130/1320/1268 1357/1174/1122 1354/1129/1077
f 1356/1131/1079 1355/1127/1075 1085/1405/1353
f 43/42/42 346/57/57 1356/1131/1079
f 1085/1405/1353 1355/1127/1075 1354/1129/1077
f 1373/1404/1352 1371/1402/1350 1381/1406/1354
f 1322/1383/1331 1372/1420/1368 1370/1408/1356
f 1371/1402/1350 1369/1401/1349 1380/1409/1357
f 1320/1377/1325 1370/1408/1356 1368/1410/1358
f 1380/1409/1357 1369/1401/1349 1367/1400/1348
f 1368/1410/1358 1366/1414/1362 1325/1412/1360
f 1379/1411/1359 1367/1400/1348 1365/1397/1345
f 1366/1414/1362 1363/1419/1367 1328/1375/1323
f 1378/1413/1361 1365/1397/1345 1364/1399/1347
f 1376/1416/1364 1363/1419/1367 1377/1415/1363
f 1375/1418/1366 1364/1399/1347 1334/1398/1346
f 1377/1415/1363 1364/1399/1347 1375/1418/1366
f 1328/1375/1323 1363/1419/1367 1376/1416/1364
f 1366/1414/1362 1378/1413/1361 1377/1415/1363
f 1368/1410/1358 1379/1411/1359 1378/1413/1361
f 1370/1408/1356 1380/1409/1357 1379/1411/1359
f 1381/1406/1354 1380/1409/1357 1370/1408/1356
f 1382/1407/1355 1381/1406/1354 1372/1420/1368
f 1336/1385/1333 1383/1417/1365 1375/1418/1366
f 1336/1385/1333 1329/1381/1329 1376/1416/1364
f 1373/1404/1352 1361/1421/1369 1326/1370/1318
f 1374/1396/1344 1323/1388/1336 1324/1365/1313
f 1382/1407/1355 1374/1396/1344 1361/1421/1369
f 375/374/374 1384/1432/1380 1461/1422/1370
f 1463/1423/1371 1391/1434/1382 1390/1424/1372
f 1465/1426/1374 1387/1436/1384 1388/1427/1375
f 1385/1429/1377 1386/1953/1866 1466/1430/1378
f 1384/1432/1380 1385/1429/1377 1467/1431/1379
f 1468/1433/1381 1389/1435/1383 1391/1434/1382
f 1464/1428/1376 1388/1427/1375 1389/1435/1383
f 1466/1430/1378 1386/1953/1866 1387/1436/1384
f 1396/1437/1385 1395/1778/1696 1399/1438/1386
f 1402/1440/1388 1394/1445/1393 1393/1441/1389
f 1397/1443/1391 1396/1437/1385 1400/1439/1387
f 1399/1438/1386 1395/1778/1696 1394/1445/1393
f 1398/1446/1394 1397/1443/1391 1403/1444/1392
f 1401/1442/1390 1393/1441/1389 1392/1448/1396
f 1297/1343/1291 1401/1455/1390 1405/1450/1397
f 1404/1451/1395 1403/1454/1392 1301/1356/1304
f 1299/1452/1398 1399/2263/1386 1402/1453/1388
f 1403/1454/1392 1400/1456/1387 1300/1354/1302
f 1298/1351/1299 1402/1453/1388 1401/1455/1390
f 1400/1456/1387 1399/2263/1386 1299/1452/1398
f 1407/1457/1399 397/412/405 398/411/404
f 1392/1448/1396 1407/1457/1399 1406/1458/1400
f 403/1459/408 1410/1468/1404 1406/1460/1400
f 1411/1462/1401 1408/1465/1402 401/1463/410
f 1408/1465/1402 1409/1467/1403 402/1466/413
f 1409/1467/1403 1410/1468/1404 403/1459/408
f 1305/1360/1308 1411/1462/1401 407/1464/412
f 1410/1468/1404 1296/1359/1307 1405/1450/1397
f 1304/1358/1306 1296/1359/1307 1410/1468/1404
f 1306/1339/1287 1304/1358/1306 1409/1467/1403
f 1303/1469/1405 1306/1339/1287 1408/1465/1402
f 1302/1345/1293 1303/1469/1405 1411/1462/1401
f 1413/1470/1406 1412/1474/1408 1398/1471/1394
f 1415/1473/1407 1414/1485/1419 1412/1474/1408
f 1417/1475/1409 1416/1479/1413 1424/1476/1410
f 1419/1478/1412 1418/1481/1415 1416/1479/1413
f 1421/1480/1414 1420/1483/1417 1418/1481/1415
f 1423/1482/1416 1422/1484/1418 1420/1483/1417
f 422/439/429 421/752/731 1422/1484/1418
f 1425/1477/1411 1424/1476/1410 1414/1485/1419
f 1470/1486/1420 1427/1490/1424 1426/1487/1421
f 1462/1425/1373 1470/1486/1420 1236/1280/1228
f 1429/1489/1423 1428/1524/1451 1426/1487/1421
f 1234/1491/1425 1233/1274/1222 1469/1488/1422
f 1431/1493/1427 1432/1508/1437 1413/1494/1406
f 1860/1495/1428 1434/1950/1863 1854/1496/1429
f 1851/1498/1431 1437/1502/1433 437/1499/442
f 1852/1501/1432 1436/1504/1435 1437/1502/1433
f 1853/1503/1434 1435/1949/1862 1436/1504/1435
f 1433/1505/1436 1438/1497/1430 1425/1506/1411
f 1432/1508/1437 1433/1505/1436 1415/1507/1407
f 1421/1509/1414 1852/1501/1432 1851/1498/1431
f 1307/1347/1295 1430/1511/1438 1431/1493/1427
f 1314/1349/1297 1439/1543/1468 1430/1511/1438
f 1866/1512/1439 1431/1493/1427 1430/1511/1438
f 1451/1514/1441 1441/1518/1445 1440/1515/1442
f 1443/1517/1444 1442/1520/1447 1440/1515/1442
f 1445/1519/1446 1444/1952/1865 1442/1520/1447
f 1449/1521/1448 1444/1952/1865 1445/1519/1446
f 1429/1489/1423 1448/1951/1864 1446/1523/1450
f 1446/1523/1450 1448/1951/1864 1449/1521/1448
f 1457/1525/1452 1865/1539/1465 1856/1526/1453
f 1454/1527/1454 1457/1525/1452 1450/1516/1443
f 1419/1528/1412 1853/1503/1434 1852/1501/1432
f 1458/1529/1455 1459/1533/1459 1456/1530/1456
f 1453/1531/1457 1456/1530/1456 1457/1525/1452
f 1452/1532/1458 1455/1645/1568 1459/1533/1459
f 1861/1534/1460 1860/1495/1428 1438/1497/1430
f 1431/1493/1427 1866/1512/1439 1863/1535/1461
f 1523/1536/1462 1535/1667/1590 1870/1537/1463
f 1865/1539/1465 1457/1525/1452 1456/1530/1456
f 1864/1540/1466 1456/1530/1456 1459/1533/1459
f 1863/1535/1461 1861/1534/1460 1433/1505/1436
f 1854/1496/1429 1853/1503/1434 1419/1528/1412
f 1439/1543/1468 1523/1536/1462 1868/1538/1464
f 1439/1543/1468 1858/1544/1469 1855/1513/1440
f 1471/1492/1426 1469/1488/1422 1426/1487/1421
f 1390/1424/1372 1427/1490/1424 1470/1486/1420
f 1470/1486/1420 1469/1488/1422 1233/1274/1222
f 1466/1430/1378 1465/1426/1374 1240/1545/1470
f 1241/1282/1230 1464/1428/1376 1468/1433/1381
f 1242/1281/1229 1468/1433/1381 1463/1423/1371
f 1461/1422/1370 1467/1431/1379 1238/1275/1223
f 1467/1431/1379 1466/1430/1378 1239/1273/1221
f 1240/1545/1470 1465/1426/1374 1464/1428/1376
f 1244/1276/1224 1463/1423/1371 1462/1425/1373
f 462/375/375 1461/1422/1370 1237/1278/1226
f 1805/1546/1471 1479/1556/1481 1478/1547/1472
f 1807/1549/1474 1476/1557/1482 1477/1550/1475
f 1809/1552/1477 1474/1559/1484 1475/1553/1478
f 474/513/496 1472/1718/1641 1810/1555/1480
f 1806/1551/1476 1477/1550/1475 1479/1556/1481
f 1808/1554/1479 1475/1553/1478 1476/1557/1482
f 1811/1558/1483 1473/1560/1485 1474/1559/1484
f 1810/1555/1480 1472/1718/1641 1473/1560/1485
f 1813/1561/1486 1487/1575/1500 1489/1562/1487
f 1481/1564/1489 1485/1576/1501 1814/1565/1490
f 1817/1567/1492 1482/1577/1502 1488/1568/1493
f 1486/1570/1495 1484/1692/1615 1818/1571/1496
f 1818/1571/1496 1484/1692/1615 1483/1573/1498
f 1816/1569/1494 1488/1568/1493 1487/1575/1500
f 1485/1576/1501 1486/1570/1495 1819/1572/1497
f 1820/1574/1499 1483/1573/1498 1482/1577/1502
f 1480/1578/1503 1481/1564/1489 1815/1566/1491
f 1493/1580/1505 496/1729/673 857/1581/522
f 1824/1583/1507 1491/1589/1513 1492/1584/1508
f 1826/1586/1510 1495/1591/1515 1490/1587/1511
f 1823/1585/1509 1492/1584/1508 1493/1580/1505
f 1825/1588/1512 1490/1587/1511 1491/1589/1513
f 1827/1590/1514 1494/1678/1601 1495/1591/1515
f 1827/1590/1514 1452/1532/1458 1458/1529/1455
f 1821/1579/1504 1427/1490/1424 1390/1424/1372
f 1543/1592/1516 1497/1630/1554 1498/1593/1517
f 1511/1595/1519 1510/1639/1563 1828/1596/1520
f 1517/1598/1522 1518/1604/1528 1829/1599/1523
f 1506/1601/1525 1505/1633/1557 1830/1602/1526
f 1518/1604/1528 1513/1625/1549 1831/1605/1529
f 1848/1606/1530 1499/1613/1537 1832/1607/1531
f 1507/1609/1533 1506/1601/1525 1842/1603/1527
f 1512/1611/1535 1517/1598/1522 1841/1600/1524
f 1499/1613/1537 1500/1620/1544 1833/1614/1538
f 1509/1615/1539 1507/1609/1533 1843/1610/1534
f 1501/1617/1541 1503/1741/1660 1834/1618/1542
f 1500/1620/1544 1502/1627/1551 1835/1621/1545
f 1504/1622/1546 1508/1628/1552 1836/1623/1547
f 1513/1625/1549 1514/1631/1555 1837/1626/1550
f 1502/1627/1551 1501/1617/1541 1846/1619/1543
f 1508/1628/1552 1509/1615/1539 1845/1616/1540
f 1544/1629/1553 1496/1740/1652 1497/1630/1554
f 1514/1631/1555 1515/1637/1561 1838/1632/1556
f 1505/1633/1557 1511/1595/1519 1840/1597/1521
f 1609/1634/1558 1603/1671/1594 1548/1635/1559
f 1515/1637/1561 1516/1640/1564 1839/1638/1562
f 1510/1639/1563 1512/1611/1535 1844/1612/1536
f 1516/1640/1564 521/2264/1990 876/1641/585
f 1525/1642/1565 1526/1657/1580 1445/1519/1446
f 1445/1519/1446 1526/1657/1580 1528/1643/1566
f 1234/1491/1425 1519/1653/1576 1520/1644/1567
f 1862/1541/1467 1459/1533/1459 1455/1645/1568
f 1521/1647/1570 1523/1536/1462 1439/1543/1468
f 1529/1648/1571 1524/1652/1575 1441/1518/1445
f 1446/1523/1450 1527/1651/1574 1522/1649/1572
f 1428/1524/1451 1522/1649/1572 1530/1650/1573
f 1447/1522/1449 1528/1643/1566 1527/1651/1574
f 1524/1652/1575 1525/1642/1565 1443/1517/1444
f 1520/1644/1567 1521/1647/1570 1314/1349/1297
f 1471/1492/1426 1530/1650/1573 1519/1653/1576
f 1867/1654/1577 1529/1648/1571 1451/1514/1441
f 1525/1642/1565 1537/1668/1591 1538/1656/1579
f 1519/1653/1576 1531/1665/1588 1532/1658/1581
f 1538/1656/1579 1540/1661/1584 1528/1643/1566
f 1532/1658/1581 1533/1662/1585 1521/1647/1570
f 1527/1651/1574 1539/1807/1723 1534/1659/1582
f 1522/1649/1572 1534/1659/1582 1542/1660/1583
f 1540/1661/1584 1539/1807/1723 1527/1651/1574
f 1533/1662/1585 1535/1667/1590 1523/1536/1462
f 1529/1648/1571 1541/1810/1726 1536/1663/1586
f 1869/1664/1587 1541/1810/1726 1529/1648/1571
f 1530/1650/1573 1542/1660/1583 1531/1665/1588
f 1884/1666/1589 1892/1955/1867 1870/1537/1463
f 1524/1652/1575 1536/1663/1586 1537/1668/1591
f 1574/1669/1592 1543/1592/1516 1562/1594/1518
f 1603/1671/1594 1602/1738/1658 1578/1672/1595
f 1556/1673/1596 1544/1629/1553 1543/1592/1516
f 1488/1568/1493 1545/1683/1606 1559/1674/1597
f 1546/1675/1598 1577/1693/1616 1586/1676/1599
f 1494/1678/1601 1546/1675/1598 1560/1677/1600
f 1550/1679/1602 1579/1688/1611 1588/1680/1603
f 1549/1682/1605 1561/1691/1614 1475/1553/1478
f 1545/1683/1606 1576/1716/1639 1585/1684/1607
f 1547/1670/1593 1562/1594/1518 1587/1685/1608
f 1483/1573/1498 1550/1679/1602 1563/1681/1604
f 1560/1677/1600 1586/1676/1599 1589/1686/1609
f 1495/1591/1515 1560/1677/1600 1564/1687/1610
f 1579/1688/1611 1550/1679/1602 1551/1689/1612
f 1561/1691/1614 1565/1699/1622 1476/1557/1482
f 1484/1692/1615 1551/1689/1612 1550/1679/1602
f 1577/1693/1616 1546/1675/1598 1552/1694/1617
f 1489/1562/1487 1552/1694/1617 1546/1675/1598
f 1566/1696/1619 1565/1699/1622 1590/1697/1620
f 1565/1699/1622 1566/1696/1619 1477/1550/1475
f 1551/1689/1612 1553/1713/1636 1582/1700/1623
f 1486/1570/1495 1553/1713/1636 1551/1689/1612
f 1567/1701/1624 1554/1704/1627 1583/1702/1625
f 1554/1704/1627 1567/1701/1624 1480/1578/1503
f 1568/1705/1628 1566/1696/1619 1591/1698/1621
f 1566/1696/1619 1568/1705/1628 1479/1556/1481
f 1569/1707/1630 1555/1710/1633 1584/1708/1631
f 1555/1710/1633 1569/1707/1630 1485/1576/1501
f 1564/1687/1610 1589/1686/1609 1595/1711/1634
f 1490/1587/1511 1564/1687/1610 1570/1712/1635
f 1554/1704/1627 1568/1705/1628 1593/1706/1629
f 1568/1705/1628 1554/1704/1627 1478/1547/1472
f 1553/1713/1636 1569/1707/1630 1594/1709/1632
f 1569/1707/1630 1553/1713/1636 1486/1570/1495
f 1570/1712/1635 1595/1711/1634 1596/1714/1637
f 1491/1589/1513 1570/1712/1635 1571/1715/1638
f 1576/1716/1639 1545/1683/1606 1563/1681/1604
f 1558/1717/1640 1572/1720/1643 1473/1560/1485
f 1557/1719/1642 1573/1636/1560 1572/1720/1643
f 1578/1672/1595 1602/1738/1658 1610/1721/1644
f 1482/1577/1502 1563/1681/1604 1545/1683/1606
f 1575/1722/1645 1571/1715/1638 1596/1714/1637
f 1571/1715/1638 1575/1722/1645 1493/1580/1505
f 1581/1695/1618 1552/1694/1617 1559/1674/1597
f 1600/1724/1647 1606/1739/1659 1557/1719/1642
f 1608/1725/1648 1604/1735/1655 1556/1673/1596
f 1556/1673/1596 1604/1735/1655 1601/1726/1649
f 1487/1575/1500 1559/1674/1597 1552/1694/1617
f 581/1727/671 1575/1722/1645 1597/1723/1646
f 1575/1722/1645 581/1727/671 496/1729/673
f 1555/1710/1633 1567/1701/1624 1592/1703/1626
f 1572/1720/1643 1549/1682/1605 1474/1559/1484
f 1573/1636/1560 1548/1635/1559 1549/1682/1605
f 1557/1719/1642 1606/1739/1659 1609/1634/1558
f 1567/1701/1624 1555/1710/1633 1481/1564/1489
f 1561/1691/1614 1549/1682/1605 1587/1685/1608
f 1598/1731/1651 1600/1724/1647 1558/1717/1640
f 474/513/496 606/694/677 1598/1731/1651
f 1496/1732/1652 1599/2265/1654 608/696/678
f 1548/1635/1559 1578/1672/1595 1587/1685/1608
f 612/698/680 608/700/678 1599/1734/1654
f 618/701/681 612/698/680 1601/1726/1649
f 1605/1736/1656 1604/1735/1655 1608/1725/1648
f 610/703/683 1600/1724/1647 1598/1731/1651
f 620/704/684 1606/1739/1659 1600/1724/1647
f 619/705/685 618/701/681 1604/1735/1655
f 1607/1737/1657 1608/1725/1648 1610/1721/1644
f 1607/1737/1657 1602/1738/1658 1603/1671/1594
f 619/705/685 1605/1736/1656 1606/1739/1659
f 1605/1736/1656 1607/1737/1657 1609/1634/1558
f 1544/1629/1553 1601/1726/1649 1599/1734/1654
f 1610/1721/1644 1608/1725/1648 1574/1669/1592
f 1503/1741/1660 1504/1622/1546 1847/1624/1548
f 1629/1742/1661 1625/1749/1668 1620/1743/1662
f 1617/1745/1664 1616/1769/1687 1634/1746/1665
f 1638/1748/1667 1621/1762/1680 1625/1749/1668
f 1611/1750/1669 1618/1983/1894 1643/1751/1670
f 1619/1753/1672 1617/1831/1664 1635/1754/1666
f 1653/1756/1674 1624/1898/1811 1623/1757/1675
f 1612/1759/1677 1611/1750/1669 1644/1752/1671
f 1643/1751/1670 1618/1983/1894 632/727/706
f 1659/1761/1679 1622/1768/1686 1621/1762/1680
f 1613/1763/1681 1612/1759/1677 1656/1760/1678
f 1665/1765/1683 1614/1845/1758 1613/1763/1681
f 1620/1743/1662 1619/1753/1672 1647/1755/1673
f 640/736/715 1624/1898/1811 1653/1756/1674
f 1615/1766/1684 1614/1845/1758 1665/1765/1683
f 1652/1758/1676 1623/1757/1675 1622/1768/1686
f 1616/1769/1687 1615/1766/1684 1668/1767/1685
f 1632/1770/1688 1670/1772/1690 1396/1437/1385
f 1633/1771/1689 1669/1773/1691 1670/1772/1690
f 1634/1746/1665 1668/1767/1685 1669/1773/1691
f 1420/1483/1417 1650/1775/1693 1661/1774/1692
f 1650/1775/1693 1651/1777/1695 1660/1776/1694
f 1651/1777/1695 1652/1758/1676 1659/1761/1679
f 1670/1772/1690 1667/1779/1697 1395/1778/1696
f 1669/1773/1691 1666/1780/1698 1667/1779/1697
f 1668/1767/1685 1665/1765/1683 1666/1780/1698
f 421/752/731 689/754/733 1655/1781/1699
f 689/754/733 688/756/735 1654/1782/1700
f 687/737/716 1653/1756/1674 1654/1782/1700
f 1414/1485/1419 1626/1784/1702 1649/1783/1701
f 1626/1784/1702 1627/1786/1704 1648/1785/1703
f 1627/1786/1704 1628/1744/1663 1647/1755/1673
f 1667/1779/1697 1664/1788/1706 1394/1445/1393
f 1667/1779/1697 1666/1780/1698 1663/1787/1705
f 1666/1780/1698 1665/1765/1683 1662/1764/1682
f 1664/1788/1706 1658/1790/1708 1393/1441/1389
f 1664/1788/1706 1663/1787/1705 1657/1789/1707
f 1663/1787/1705 1662/1764/1682 1656/1760/1678
f 1418/1481/1415 1661/1774/1692 1640/1791/1709
f 1661/1774/1692 1660/1776/1694 1639/1792/1710
f 1660/1776/1694 1659/1761/1679 1638/1748/1667
f 1641/1793/1711 675/766/745 397/412/405
f 1641/1793/1711 1642/1794/1712 676/768/747
f 1642/1794/1712 1643/1751/1670 677/770/749
f 1658/1790/1708 1646/1796/1714 1392/1448/1396
f 1658/1790/1708 1657/1789/1707 1645/1795/1713
f 1657/1789/1707 1656/1760/1678 1644/1752/1671
f 1422/1484/1418 1655/1781/1699 1650/1775/1693
f 1655/1781/1699 1654/1782/1700 1651/1777/1695
f 1654/1782/1700 1653/1756/1674 1652/1758/1676
f 1412/1474/1408 1649/1783/1701 1637/1797/1715
f 1649/1783/1701 1648/1785/1703 1636/1798/1716
f 1647/1755/1673 1635/1754/1666 1636/1798/1716
f 1646/1796/1714 1641/1793/1711 1407/1457/1399
f 1646/1796/1714 1645/1795/1713 1642/1794/1712
f 1645/1795/1713 1644/1752/1671 1643/1751/1670
f 1416/1479/1413 1640/1791/1709 1631/1799/1717
f 1640/1791/1709 1639/1792/1710 1630/1800/1718
f 1639/1792/1710 1638/1748/1667 1629/1742/1661
f 1398/1446/1394 1637/1801/1715 1632/1770/1688
f 1637/1801/1715 1636/1802/1716 1633/1771/1689
f 1635/1747/1666 1634/1746/1665 1633/1771/1689
f 1424/1476/1410 1631/1799/1717 1626/1784/1702
f 1631/1799/1717 1630/1800/1718 1627/1786/1704
f 1630/1800/1718 1629/1742/1661 1628/1744/1663
f 1537/1668/1591 1885/1814/1730 1887/1803/1719
f 1531/1665/1588 1880/1813/1729 1879/1804/1720
f 1538/1656/1579 1887/1803/1719 1888/1805/1721
f 1532/1658/1581 1879/1804/1720 1881/1806/1722
f 1539/1807/1723 1889/1976/1888 1883/1808/1724
f 1534/1659/1582 1883/1808/1724 1882/1809/1725
f 1888/1805/1721 1889/1976/1888 1539/1807/1723
f 1533/1662/1585 1881/1806/1722 1884/1666/1589
f 1541/1810/1726 1890/1977/1889 1886/1811/1727
f 1891/1812/1728 1890/1977/1889 1541/1810/1726
f 1542/1660/1583 1882/1809/1725 1880/1813/1729
f 1438/1497/1430 1854/1496/1429 1417/1542/1409
f 1536/1663/1586 1886/1811/1727 1885/1814/1730
f 1685/1815/1731 1684/2266/1737 1688/1816/1732
f 1691/1818/1734 1687/1901/1814 1686/1819/1735
f 1690/1820/1736 1686/1819/1735 1685/1815/1731
f 1684/1821/1737 1683/1842/1755 1692/1822/1738
f 1688/1823/1732 1692/1822/1738 1701/1824/1739
f 1690/1820/1736 1689/1817/1733 1693/1826/1741
f 1695/1828/1743 1691/1818/1734 1690/1820/1736
f 1689/1817/1733 1688/1816/1732 1698/1829/1740
f 1694/1830/1744 1697/1832/1745 1617/1831/1664
f 1693/1826/1741 1698/1829/1740 1697/1832/1745
f 1625/1749/1668 1696/1834/1747 1699/1833/1746
f 1695/1828/1743 1700/1827/1742 1699/1833/1746
f 1699/1833/1746 1694/1830/1744 1619/1753/1672
f 1700/1827/1742 1693/1826/1741 1694/1830/1744
f 1703/1835/1748 1702/1885/1798 1893/1836/1749
f 1708/1838/1751 1709/1890/1803 1701/1824/1739
f 1704/1839/1752 1703/1835/1748 1894/1837/1750
f 1707/1841/1754 1708/1838/1751 1692/1822/1738
f 1705/1843/1756 1704/1839/1752 1895/1840/1753
f 1896/1844/1757 1895/1840/1753 1614/1845/1758
f 1706/1846/1759 1705/1843/1756 1896/1844/1757
f 1714/1848/1761 1713/1863/1776 1721/1849/1762
f 1711/1851/1764 1710/2267/1925 1729/1852/1765
f 1738/1854/1767 1716/1865/1778 1717/1855/1768
f 1712/1857/1770 1711/1851/1764 1730/1853/1766
f 1737/1856/1769 1722/1850/1763 1723/1859/1772
f 1900/1861/1774 771/865/839 770/839/813
f 1713/1863/1776 1712/1857/1770 1742/1858/1771
f 1746/1864/1777 1715/2016/1921 1716/1865/1778
f 1749/1866/1779 1741/1868/1781 1708/1838/1751
f 1748/1867/1780 1740/1870/1783 1741/1868/1781
f 1747/1869/1782 1739/1871/1784 1740/1870/1783
f 1746/1864/1777 1738/1854/1767 1739/1871/1784
f 1902/1872/1785 1899/1979/1890 738/1873/1786
f 1706/1846/1759 1709/1890/1803 1734/1874/1787
f 1735/1876/1789 1724/1877/1790 1725/1875/1788
f 1736/1860/1773 1723/1859/1772 1724/1877/1790
f 1718/1878/1791 1745/1880/1793 1704/1839/1752
f 1719/1879/1792 1744/1882/1795 1745/1880/1793
f 1720/1881/1794 1743/1883/1796 1744/1882/1795
f 1721/1849/1762 1742/1858/1771 1743/1883/1796
f 1901/1884/1797 772/867/841 771/865/839
f 1902/1872/1785 773/851/825 772/867/841
f 1898/1862/1775 1903/2268/2101 1702/1885/1798
f 1745/1880/1793 1733/1887/1800 1703/1835/1748
f 1744/1882/1795 1732/1888/1801 1733/1887/1800
f 1743/1883/1796 1731/1889/1802 1732/1888/1801
f 1742/1858/1771 1730/1853/1766 1731/1889/1802
f 1741/1868/1781 1734/1874/1787 1709/1890/1803
f 1740/1870/1783 1735/1876/1789 1734/1874/1787
f 1739/1871/1784 1736/1860/1773 1735/1876/1789
f 1738/1854/1767 1737/1856/1769 1736/1860/1773
f 1733/1887/1800 1726/1886/1799 1702/1885/1798
f 1732/1888/1801 1727/1891/1804 1726/1886/1799
f 1731/1889/1802 1728/1892/1805 1727/1891/1804
f 1730/1853/1766 1729/1852/1765 1728/1892/1805
f 1725/1875/1788 1718/1878/1791 1705/1843/1756
f 1724/1877/1790 1719/1879/1792 1718/1878/1791
f 1723/1859/1772 1720/1881/1794 1719/1879/1792
f 1722/1850/1763 1721/1849/1762 1720/1881/1794
f 1622/1768/1686 1751/1895/1808 1750/1893/1806
f 1757/1894/1807 1756/1900/1813 1691/1818/1734
f 1623/1757/1675 1752/1899/1812 1751/1895/1808
f 1754/1896/1809 1758/1897/1810 1696/1834/1747
f 1758/1897/1810 1757/1894/1807 1695/1828/1743
f 1624/1898/1811 1753/1935/1848 1752/1899/1812
f 1621/1762/1680 1750/1893/1806 1754/1896/1809
f 1756/1900/1813 1755/1945/1858 1687/1901/1814
f 782/884/858 1753/1935/1848 1624/1898/1811
f 1772/1902/1815 1761/1909/1822 1760/1903/1816
f 1780/1905/1818 1765/1987/1898 1764/1906/1819
f 1784/1908/1821 1762/1915/1828 1761/1909/1822
f 1792/1910/1823 1759/1916/1829 1763/1911/1824
f 1766/1913/1826 1765/1987/1898 1780/1905/1818
f 830/898/872 792/899/873 1762/1915/1828
f 1771/1904/1817 1760/1903/1816 1759/1916/1829
f 1767/1917/1830 1766/1913/1826 1796/1914/1827
f 1791/1912/1825 1763/1911/1824 1767/1917/1830
f 1788/1919/1832 1803/1921/1834 1758/1897/1810
f 1788/1919/1832 1789/1922/1835 1802/1920/1833
f 1789/1922/1835 1790/1924/1837 1801/1923/1836
f 1790/1924/1837 1791/1912/1825 1800/1918/1831
f 1803/1921/1834 1799/1926/1839 1757/1894/1807
f 1803/1921/1834 1802/1920/1833 1798/1925/1838
f 1802/1920/1833 1801/1923/1836 1797/1927/1840
f 1801/1923/1836 1800/1918/1831 1796/1914/1827
f 1751/1895/1808 1768/1929/1842 1795/1928/1841
f 1768/1929/1842 1769/1931/1844 1794/1930/1843
f 1769/1931/1844 1770/1933/1846 1793/1932/1845
f 1770/1933/1846 1771/1904/1817 1792/1910/1823
f 782/884/858 833/919/893 1787/1934/1847
f 833/919/893 832/921/895 1786/1936/1849
f 832/921/895 831/923/897 1785/1937/1850
f 831/923/897 830/898/872 1784/1908/1821
f 1799/1926/1839 1783/1939/1852 1756/1900/1813
f 1799/1926/1839 1798/1925/1838 1782/1938/1851
f 1798/1925/1838 1797/1927/1840 1781/1940/1853
f 1797/1927/1840 1796/1914/1827 1780/1905/1818
f 1750/1893/1806 1795/1928/1841 1788/1919/1832
f 1795/1928/1841 1794/1930/1843 1789/1922/1835
f 1794/1930/1843 1793/1932/1845 1790/1924/1837
f 1793/1932/1845 1792/1910/1823 1791/1912/1825
f 1753/1935/1848 1787/1934/1847 1775/1941/1854
f 1787/1934/1847 1786/1936/1849 1774/1942/1855
f 1786/1936/1849 1785/1937/1850 1773/1943/1856
f 1785/1937/1850 1784/1908/1821 1772/1902/1815
f 1756/1900/1813 1783/1939/1852 1776/1944/1857
f 1783/1939/1852 1782/1938/1851 1777/1946/1859
f 1782/1938/1851 1781/1940/1853 1778/1947/1860
f 1781/1940/1853 1780/1905/1818 1779/1907/1820
f 1752/1899/1812 1775/1941/1854 1768/1929/1842
f 1775/1941/1854 1774/1942/1855 1769/1931/1844
f 1774/1942/1855 1773/1943/1856 1770/1933/1846
f 1773/1943/1856 1772/1902/1815 1771/1904/1817
f 1478/1547/1472 1480/1578/1503 1821/1579/1504
f 1494/1678/1601 1827/1590/1514 1812/1563/1488
f 1452/1532/1458 1827/1590/1514 1826/1586/1510
f 1825/1588/1512 1824/1583/1507 1435/1949/1862
f 1436/1504/1435 1823/1585/1509 1822/1582/1506
f 1460/1948/1861 1826/1586/1510 1825/1588/1512
f 1435/1949/1862 1824/1583/1507 1823/1585/1509
f 1437/1502/1433 1822/1582/1506 857/1581/522
f 1821/1579/1504 1815/1566/1491 1429/1489/1423
f 1442/1520/1447 1820/1574/1499 1817/1567/1492
f 1814/1565/1490 1819/1572/1497 1449/1521/1448
f 1454/1527/1454 1816/1569/1494 1813/1561/1486
f 1444/1952/1865 1818/1571/1496 1820/1574/1499
f 1819/1572/1497 1818/1571/1496 1444/1952/1865
f 1440/1515/1442 1817/1567/1492 1816/1569/1494
f 1815/1566/1491 1814/1565/1490 1448/1951/1864
f 1453/1531/1457 1813/1561/1486 1812/1563/1488
f 1384/1432/1380 1810/1555/1480 1811/1558/1483
f 1385/1429/1377 1811/1558/1483 1809/1552/1477
f 1387/1436/1384 1808/1554/1479 1807/1549/1474
f 1389/1435/1383 1806/1551/1476 1805/1546/1471
f 375/374/374 845/514/497 1810/1555/1480
f 1386/1953/1866 1809/1552/1477 1808/1554/1479
f 1388/1427/1375 1807/1549/1474 1806/1551/1476
f 1391/1434/1382 1805/1546/1471 1804/1548/1473
f 1834/1618/1542 1847/1624/1548 1584/1708/1631
f 1839/1638/1562 876/1641/585 604/1728/910
f 1585/1684/1607 1828/1596/1520 1844/1612/1536
f 1838/1632/1556 1839/1638/1562 1597/1723/1646
f 1588/1680/1603 1830/1602/1526 1840/1597/1521
f 1837/1626/1550 1838/1632/1556 1596/1714/1637
f 1836/1623/1547 1845/1616/1540 1582/1700/1623
f 1835/1621/1545 1846/1619/1543 1583/1702/1625
f 1589/1686/1609 1831/1605/1529 1837/1626/1550
f 1847/1624/1548 1836/1623/1547 1594/1709/1632
f 1833/1614/1538 1835/1621/1545 1593/1706/1629
f 1846/1619/1543 1834/1618/1542 1592/1703/1626
f 1845/1616/1540 1843/1610/1534 1580/1690/1613
f 1832/1607/1531 1833/1614/1538 1591/1698/1621
f 1581/1695/1618 1844/1612/1536 1841/1600/1524
f 1843/1610/1534 1842/1603/1527 1579/1688/1611
f 1586/1676/1599 1829/1599/1523 1831/1605/1529
f 1842/1603/1527 1830/1602/1526 1588/1680/1603
f 1577/1693/1616 1841/1600/1524 1829/1599/1523
f 1576/1716/1639 1840/1597/1521 1828/1596/1520
f 1850/1608/1532 1832/1607/1531 1590/1697/1620
f 1562/1594/1518 1850/1608/1532 1849/1730/1650
f 1498/1593/1517 1848/1606/1530 1850/1608/1532
f 1565/1699/1622 1561/1691/1614 1849/1730/1650
f 1423/1510/1416 1851/1498/1431 888/1500/912
f 1856/1526/1453 1855/1513/1440 1858/1544/1469
f 1864/1540/1466 1863/1535/1461 1866/1512/1439
f 1862/1541/1467 1861/1534/1460 1863/1535/1461
f 1859/1646/1569 1860/1495/1428 1861/1534/1460
f 1865/1539/1465 1866/1512/1439 1855/1513/1440
f 1867/1654/1577 1857/1655/1578 1858/1544/1469
f 1867/1654/1577 1868/1538/1464 1870/1537/1463
f 1869/1664/1587 1870/1537/1463 1892/1955/1867
f 1857/1655/1578 1451/1514/1441 1450/1516/1443
f 1854/1496/1429 1434/1950/1863 1435/1949/1862
f 1460/1948/1861 1434/1950/1863 1860/1495/1428
f 1455/1645/1568 1452/1532/1458 1460/1948/1861
f 1674/1956/1868 1679/1959/1871 1873/1957/1869
f 1679/1959/1871 1680/1975/1887 1876/1960/1872
f 1876/1960/1872 1680/1975/1887 1678/1961/1873
f 1682/1958/1870 1873/1957/1869 1874/1963/1875
f 1873/1957/1869 1876/1960/1872 1877/1965/1877
f 1876/1960/1872 1677/1962/1874 1676/1966/1878
f 1671/1964/1876 1874/1963/1875 1875/1967/1879
f 1874/1963/1875 1877/1965/1877 1878/1969/1881
f 1877/1965/1877 1676/1966/1878 1681/1970/1882
f 1672/1968/1880 1875/1967/1879 1675/1971/1883
f 1875/1967/1879 1878/1969/1881 1871/1973/1885
f 1878/1969/1881 1681/1970/1882 1872/1974/1886
f 1672/1968/1880 1879/1804/1720 1880/1813/1729
f 1673/1972/1884 1881/1806/1722 1879/1804/1720
f 1682/1958/1870 1882/1809/1725 1883/1808/1724
f 1884/1666/1589 1881/1806/1722 1673/1972/1884
f 1677/1962/1874 1885/1814/1730 1886/1811/1727
f 1678/1961/1873 1887/1803/1719 1885/1814/1730
f 1888/1805/1721 1887/1803/1719 1678/1961/1873
f 1883/1808/1724 1889/1976/1888 1679/1959/1871
f 1889/1976/1888 1888/1805/1721 1680/1975/1887
f 1676/1966/1878 1886/1811/1727 1890/1977/1889
f 1671/1964/1876 1880/1813/1729 1882/1809/1725
f 1891/1812/1728 1892/1955/1867 1871/1973/1885
f 1892/1955/1867 1884/1666/1589 1675/1971/1883
f 1681/1970/1882 1890/1977/1889 1891/1812/1728
f 1717/1855/1768 1714/1848/1761 1722/1850/1763
f 1897/1847/1760 1896/1844/1757 1615/1766/1684
f 1895/1840/1753 1894/1837/1750 1613/1763/1681
f 1894/1837/1750 1893/1836/1749 1612/1759/1677
f 1697/1978/1745 1897/1847/1760 1616/1769/1687
f 1701/1824/1739 1897/1847/1760 1697/1978/1745
f 1709/1890/1803 1706/1846/1759 1897/1847/1760
f 1729/1852/1765 1710/2267/1925 1899/1979/1890
f 1728/1892/1805 1901/1884/1797 1900/1861/1774
f 1729/1852/1765 1902/1872/1785 1901/1884/1797
f 729/963/936 1903/2268/2101 1898/1862/1775
f 1727/1891/1804 1900/1861/1774 1898/1862/1775
f 1906/1980/1891 1903/2268/2101 729/963/936
f 1904/1982/1893 942/967/940 632/727/706
f 1611/1750/1669 1612/1759/1677 1893/1836/1749
f 1905/1984/1895 1904/1982/1893 1618/1983/1894
f 1702/1885/1798 1903/2268/2101 1905/1984/1895
f 1905/1984/1895 1903/2268/2101 1906/1980/1891
f 1906/1980/1891 945/1981/1892 942/967/940
f 1764/1906/1819 1765/1987/1898 1912/1985/1896
f 1765/1987/1898 1766/1913/1826 1915/1988/1899
f 1766/1913/1826 1767/1917/1830 1918/1989/1900
f 1767/1917/1830 1763/1911/1824 1921/1990/1901
f 1763/1911/1824 1759/1916/1829 1924/1991/1902
f 1924/1991/1902 1759/1916/1829 1760/1903/1816
f 1927/1992/1903 1760/1903/1816 1761/1909/1822
f 1930/1993/1904 1761/1909/1822 1762/1915/1828
f 1933/1994/1905 1762/1915/1828 792/899/873
f 1779/1995/1820 1764/2269/1819 1907/1996/1897
f 1778/1998/1860 1779/1995/1820 1934/1997/1906
f 1777/2000/1859 1778/1998/1860 1937/1999/1907
f 1776/2002/1857 1777/2000/1859 1940/2001/1908
f 1755/2004/1858 1776/2002/1857 1943/2003/1909
f 1707/1841/1754 1948/2007/1912 1945/2006/1911
f 1948/2007/1912 1947/2009/1914 1944/2008/1913
f 1946/2005/1910 1943/2003/1909 1944/2008/1913
f 1749/1866/1779 1945/2006/1911 1942/2010/1915
f 1945/2006/1911 1944/2008/1913 1941/2011/1916
f 1943/2003/1909 1940/2001/1908 1941/2011/1916
f 1748/1867/1780 1942/2010/1915 1939/2012/1917
f 1942/2010/1915 1941/2011/1916 1938/2013/1918
f 1940/2001/1908 1937/1999/1907 1938/2013/1918
f 1747/1869/1782 1939/2012/1917 1936/2014/1919
f 1938/2013/1918 1935/2015/1920 1936/2014/1919
f 1937/1999/1907 1934/1997/1906 1935/2015/1920
f 1936/2014/1919 1909/2017/1922 1715/2016/1921
f 1935/2015/1920 1908/2018/1923 1909/2017/1922
f 1934/1997/1906 1907/1996/1897 1908/2018/1923
f 1899/2019/1890 1931/2021/967 974/1002/967
f 1931/2021/967 1932/2022/1924 975/1004/969
f 1932/2022/1924 1933/1994/1905 976/977/948
f 1710/2023/1925 1928/2024/1926 1931/2021/967
f 1928/2024/1926 1929/2025/1927 1932/2022/1924
f 1929/2025/1927 1930/1993/1904 1933/1994/1905
f 1711/2026/1764 1925/2027/1928 1928/2024/1926
f 1925/2027/1928 1926/2028/1929 1929/2025/1927
f 1926/2028/1929 1927/1992/1903 1930/1993/1904
f 1922/2029/1930 1925/2027/1928 1711/2026/1764
f 1923/2031/1931 1926/2028/1929 1925/2027/1928
f 1924/1991/1902 1927/1992/1903 1926/2028/1929
f 1919/2032/1932 1922/2029/1930 1712/2030/1770
f 1920/2034/1933 1923/2031/1931 1922/2029/1930
f 1921/1990/1901 1924/1991/1902 1923/2031/1931
f 1714/2035/1761 1916/2036/1934 1919/2032/1932
f 1916/2036/1934 1917/2037/1935 1920/2034/1933
f 1917/2037/1935 1918/1989/1900 1921/1990/1901
f 1717/2038/1768 1913/2039/1936 1916/2036/1934
f 1913/2039/1936 1914/2040/1937 1917/2037/1935
f 1914/2040/1937 1915/1988/1899 1918/1989/1900
f 1716/2041/1778 1910/2042/1938 1913/2039/1936
f 1910/2042/1938 1911/2043/1939 1914/2040/1937
f 1911/2043/1939 1912/1985/1896 1915/1988/1899
f 1715/2044/1921 1909/2045/1922 1910/2042/1938
f 1909/2045/1922 1908/2046/1923 1911/2043/1939
f 1908/2046/1923 1907/1986/1897 1912/1985/1896
f 1946/2005/1910 1686/2048/1735 1687/2047/1814
f 1947/2009/1914 1685/2270/1731 1686/2048/1735
f 1684/2049/1737 1685/2270/1731 1947/2009/1914
f 1683/1842/1755 1684/2049/1737 1948/2007/1912
f 1954/2050/1940 1962/2087/1977 1961/2051/1941
f 1967/2053/1943 1968/2081/1971 1952/2054/1944
f 1952/2054/1944 1953/2057/1947 1950/2056/1946
f 1953/2057/1947 1978/2082/1972 1977/2058/1948
f 1980/2059/1949 1957/2086/1976 1951/2052/1942
f 1979/2060/1950 1956/2061/1951 1950/2056/1946
f 1956/2061/1951 1955/2062/1952 1949/2055/1945
f 1003/1046/994 1002/1048/996 1956/2061/1951
f 1002/1048/996 1001/1077/1025 1955/2062/1952
f 1969/2063/1953 1048/1089/1037 1083/1091/1039
f 13/13/13 1048/1089/1037 1969/2063/1953
f 1959/2064/1954 1007/1052/1000 1003/1046/994
f 1021/1054/1002 1006/1067/1015 1986/2065/1955
f 1013/1056/1004 1007/1052/1000 1959/2064/1954
f 1961/2051/1941 1962/2087/1977 1966/2068/1958
f 1972/2070/1960 1143/1193/1141 1151/1192/1140
f 1964/2072/1962 1980/2059/1949 1961/2051/1941
f 1970/2066/1956 1986/2065/1955 1960/2073/1963
f 1958/2074/1964 1964/2072/1962 1965/2069/1959
f 1965/2069/1959 1966/2068/1958 1963/2076/1966
f 1006/1067/1015 1013/1056/1004 1981/2067/1957
f 1973/2077/1967 1141/1180/1128 1143/1193/1141
f 1974/2078/1968 1038/1080/1028 1141/1180/1128
f 1975/2079/1969 1042/1083/1031 1038/1080/1028
f 1976/2080/1970 1044/1085/1033 1042/1083/1031
f 1046/1126/1074 1044/1085/1033 1976/2080/1970
f 1968/2081/1971 1976/2080/1970 1953/2057/1947
f 1953/2057/1947 1976/2080/1970 1975/2079/1969
f 1975/2079/1969 1974/2078/1968 1985/2083/1973
f 1985/2083/1973 1974/2078/1968 1973/2077/1967
f 1973/2077/1967 1972/2070/1960 1983/2085/1975
f 1151/1192/1140 1153/1195/1143 1970/2066/1956
f 1983/2085/1975 1972/2070/1960 1971/2071/1961
f 126/132/132 1021/1054/1002 1970/2066/1956
f 1019/1050/998 1969/2063/1953 1955/2062/1952
f 1955/2062/1952 1969/2063/1953 1967/2053/1943
f 1083/1091/1039 1046/1126/1074 1968/2081/1971
f 1977/2058/1948 1978/2082/1972 1954/2050/1940
f 1957/2086/1976 1979/2060/1950 1977/2058/1948
f 1959/2064/1954 1979/2060/1950 1957/2086/1976
f 1981/2067/1957 1959/2064/1954 1980/2059/1949
f 1963/2076/1966 1983/2085/1975 1960/2073/1963
f 1962/2087/1977 1985/2083/1973 1984/2084/1974
f 1954/2050/1940 1978/2082/1972 1985/2083/1973
f 1960/2073/1963 1986/2065/1955 1958/2074/1964
f 1986/2065/1955 1981/2067/1957 1964/2072/1962
f 1966/2068/1958 1984/2084/1974 1983/2085/1975
f 1508/2088/1552 1504/2164/1546 2021/2089/1978
f 885/2091/552 2012/2166/2019 1990/2092/1980
f 519/2094/583 2007/2103/1984 2006/2095/1981
f 1509/2097/1539 1508/2088/1552 2025/2090/1979
f 504/2099/566 1992/2108/1987 1991/2100/1983
f 520/2102/586 2008/2113/1991 2007/2103/1984
f 1511/2104/1519 1505/2170/1557 2022/2105/1985
f 506/2107/572 1994/2121/1996 1992/2108/1987
f 1497/2109/1554 1496/1732/1652 2013/2110/1988
f 521/2112/1990 2009/2155/2012 2008/2113/1991
f 1512/2114/1535 1510/2125/1563 2027/2115/1992
f 1499/2117/1537 1848/2139/1530 2036/2118/1994
f 505/2120/563 1993/2148/2008 1994/2121/1996
f 500/1733/1653 1988/2179/2025 2013/2110/1988
f 523/2122/550 2011/2132/2000 2010/2123/1997
f 1510/2125/1563 1511/2104/1519 2028/2106/1986
f 508/2126/568 1996/2157/2013 1995/2127/1998
f 1498/2129/1517 1497/2109/1554 2014/2111/1989
f 517/2131/571 2005/2184/2028 2011/2132/2000
f 1514/2133/1555 1513/2167/1549 2030/2134/2001
f 509/2136/578 1997/2169/2020 1998/2137/2003
f 1848/2139/1530 1498/2129/1517 2015/2130/1999
f 522/2124/544 2010/2123/1997 2004/2140/2004
f 1515/2142/1561 1514/2133/1555 2031/2135/2002
f 510/2138/547 1998/2137/2003 1999/2144/2006
f 1500/2146/1544 1499/2117/1537 2016/2119/1995
f 507/2128/687 1995/2127/1998 1993/2148/2008
f 1516/2149/1564 1515/2142/1561 2032/2143/2005
f 511/2145/554 1999/2144/2006 2001/2151/2010
f 1502/2153/1551 1500/2146/1544 2017/2147/2007
f 521/2112/1990 1516/2149/1564 2033/2150/2009
f 512/2156/573 2000/2163/2017 1996/2157/2013
f 1501/2158/1541 1502/2153/1551 2019/2154/2011
f 1518/2160/1528 1517/2174/1522 2034/2161/2015
f 513/2152/560 2001/2151/2010 2000/2163/2017
f 1504/2164/1546 1503/2180/1660 2020/2165/2018
f 503/2101/559 1991/2100/1983 2012/2166/2019
f 1513/2167/1549 1518/2160/1528 2035/2162/2016
f 515/2168/541 2003/2181/2026 1997/2169/2020
f 1505/2170/1557 1506/2177/1525 2023/2171/2021
f 501/2172/539 1989/2183/2027 1987/2173/2022
f 1517/2174/1522 1512/2114/1535 2029/2116/1993
f 516/2141/556 2004/2140/2004 2002/2175/2023
f 1506/2177/1525 1507/2182/1533 2024/2178/2024
f 500/1733/1653 499/695/575 1987/2173/2022
f 1503/2180/1660 1501/2158/1541 2018/2159/2014
f 514/2176/584 2002/2175/2023 2003/2181/2026
f 1507/2182/1533 1509/2097/1539 2026/2098/1982
f 502/2093/538 1990/2092/1980 1989/2183/2027
f 518/2096/577 2006/2095/1981 2005/2184/2028
f 1996/2157/2013 2000/2163/2017 2050/2185/2029
f 2028/2106/1986 2022/2105/1985 2072/2187/2031
f 2014/2111/1989 2013/2110/1988 2063/2189/2033
f 2001/2151/2010 2051/2234/2078 2050/2185/2029
f 2029/2116/1993 2027/2115/1992 2077/2191/2035
f 1988/2179/2025 2038/2199/2043 2063/2189/2033
f 2003/2181/2026 2053/2201/2045 2047/2193/2037
f 2027/2115/1992 2028/2106/1986 2078/2188/2032
f 1989/2183/2027 2039/2204/2048 2037/2194/2038
f 2014/2111/1989 2064/2190/2034 2065/2195/2039
f 2004/2140/2004 2054/2230/2074 2052/2196/2040
f 2031/2135/2002 2030/2134/2001 2080/2197/2041
f 1988/2179/2025 1987/2173/2022 2037/2194/2038
f 2015/2130/1999 2065/2195/2039 2086/2200/2044
f 2002/2175/2023 2052/2196/2040 2053/2201/2045
f 2032/2143/2005 2031/2135/2002 2081/2198/2042
f 1989/2183/2027 1990/2092/1980 2040/2203/2047
f 2017/2147/2007 2016/2119/1995 2066/2205/2049
f 2006/2095/1981 2056/2211/2055 2055/2207/2051
f 2032/2143/2005 2082/2202/2046 2083/2208/2052
f 1990/2092/1980 2012/2166/2019 2062/2209/2053
f 2019/2154/2011 2017/2147/2007 2067/2206/2050
f 2007/2103/1984 2057/2217/2061 2056/2211/2055
f 2009/2155/2012 2033/2150/2009 2083/2208/2052
f 1991/2100/1983 1992/2108/1987 2042/2213/2057
f 2018/2159/2014 2019/2154/2011 2069/2210/2054
f 2007/2103/1984 2008/2113/1991 2058/2216/2060
f 2035/2162/2016 2034/2161/2015 2084/2218/2062
f 1994/2121/1996 2044/2222/2066 2042/2213/2057
f 2021/2089/1978 2020/2165/2018 2070/2220/2064
f 2009/2155/2012 2059/2212/2056 2058/2216/2060
f 2030/2134/2001 2035/2162/2016 2085/2219/2063
f 1993/2148/2008 2043/2233/2077 2044/2222/2066
f 2022/2105/1985 2023/2171/2021 2073/2223/2067
f 2011/2132/2000 2061/2227/2071 2060/2224/2068
f 2034/2161/2015 2029/2116/1993 2079/2192/2036
f 1995/2127/1998 1996/2157/2013 2046/2186/2030
f 2023/2171/2021 2024/2178/2024 2074/2226/2070
f 2005/2184/2028 2055/2207/2051 2061/2227/2071
f 2020/2165/2018 2018/2159/2014 2068/2215/2059
f 1997/2169/2020 2047/2193/2037 2048/2228/2072
f 2024/2178/2024 2026/2098/1982 2076/2229/2073
f 2010/2123/1997 2060/2224/2068 2054/2230/2074
f 2036/2118/1994 2086/2200/2044 2066/2205/2049
f 1998/2137/2003 2048/2228/2072 2049/2231/2075
f 2025/2090/1979 2021/2089/1978 2071/2221/2065
f 1993/2148/2008 1995/2127/1998 2045/2225/2069
f 1999/2144/2006 2049/2231/2075 2051/2234/2078
f 2026/2098/1982 2025/2090/1979 2075/2232/2076
f 2012/2166/2019 1991/2100/1983 2041/2214/2058
f 2087/2235/2079 2038/2199/2043 2037/2194/2038
f 2087/2235/2079 2064/2190/2034 2063/2189/2033
f 2088/2236/2080 2087/2235/2079 2039/2204/2048
f 2088/2236/2080 2065/2195/2039 2064/2190/2034
f 2089/2237/2081 2088/2236/2080 2040/2203/2047
f 2089/2237/2081 2086/2200/2044 2065/2195/2039
f 2090/2238/2082 2089/2237/2081 2062/2209/2053
f 2090/2238/2082 2066/2205/2049 2086/2200/2044
f 2091/2239/2083 2090/2238/2082 2041/2214/2058
f 2091/2239/2083 2067/2206/2050 2066/2205/2049
f 2092/2240/2084 2091/2239/2083 2042/2213/2057
f 2092/2240/2084 2069/2210/2054 2067/2206/2050
f 2093/2241/2085 2092/2240/2084 2044/2222/2066
f 2093/2241/2085 2068/2215/2059 2069/2210/2054
f 2094/2242/2086 2093/2241/2085 2043/2233/2077
f 2094/2242/2086 2070/2220/2064 2068/2215/2059
f 2095/2243/2087 2094/2242/2086 2045/2225/2069
f 2095/2243/2087 2071/2221/2065 2070/2220/2064
f 2096/2244/2088 2095/2243/2087 2046/2186/2030
f 2075/2232/2076 2071/2221/2065 2095/2243/2087
f 2051/2234/2078 2097/2245/2089 2096/2244/2088
f 2076/2229/2073 2075/2232/2076 2096/2244/2088
f 2049/2231/2075 2098/2246/2090 2097/2245/2089
f 2074/2226/2070 2076/2229/2073 2097/2245/2089
f 2048/2228/2072 2099/2247/2091 2098/2246/2090
f 2073/2223/2067 2074/2226/2070 2098/2246/2090
f 2047/2193/2037 2100/2248/2092 2099/2247/2091
f 2072/2187/2031 2073/2223/2067 2099/2247/2091
f 2053/2201/2045 2101/2249/2093 2100/2248/2092
f 2078/2188/2032 2072/2187/2031 2100/2248/2092
f 2052/2196/2040 2102/2250/2094 2101/2249/2093
f 2077/2191/2035 2078/2188/2032 2101/2249/2093
f 2054/2230/2074 2103/2251/2095 2102/2250/2094
f 2079/2192/2036 2077/2191/2035 2102/2250/2094
f 2060/2224/2068 2104/2252/2096 2103/2251/2095
f 2084/2218/2062 2079/2192/2036 2103/2251/2095
f 2061/2227/2071 2105/2253/2097 2104/2252/2096
f 2085/2219/2063 2084/2218/2062 2104/2252/2096
f 2055/2207/2051 2106/2254/2098 2105/2253/2097
f 2080/2197/2041 2085/2219/2063 2105/2253/2097
f 2056/2211/2055 2107/2255/2099 2106/2254/2098
f 2081/2198/2042 2080/2197/2041 2106/2254/2098
f 2057/2217/2061 2108/2256/2100 2107/2255/2099
f 2082/2202/2046 2081/2198/2042 2107/2255/2099
f 2058/2216/2060 2059/2212/2056 2108/2256/2100
f 2083/2208/2052 2082/2202/2046 2108/2256/2100
